eval,time_s,iter,obj,aep,rms_viol,x,y
1,0.0,0,-496.22987886907555,496.22987886907555,5.040248920037172,1501.279;2593.168;0.412;1088.397;528.321;332.419;670.537;1244.019;1428.363;1939.740;1509.100;2466.790;736.028;3161.223;98.595;2413.683;1502.297;2011.283;505.393;713.165;2882.680;3485.742;1128.327;2492.361;3155.001;3220.584;306.159;140.597;611.390;3161.313;354.049;1515.987;3448.402;1919.395;2490.758;1135.856;2471.403;3004.652;65.838;2700.520;3559.900;2693.396;1009.598;2841.406;371.614;1612.417;3270.944;1057.011;1035.991;468.103;69.721;2443.808;761.861;955.968;1769.663;192.105;2066.823;528.223;2121.500;2519.130;368.404;1490.602;2499.841;1491.045;179.832;1929.227;2389.661;1853.601;3400.541;2111.598;3252.247;494.909;501.395;2906.609;1431.637;595.275;3339.031;1251.957;2702.924;2613.593;3179.902;2245.220;2703.393;1256.034;971.740;3225.190;1541.128;3473.424;2388.389;2238.105;413.086;3418.161;1619.684;2082.203;1469.292;853.297;3252.166;2065.246;10.333;2221.722,1175.922;1897.409;3189.392;1286.171;3270.727;2244.096;56.956;3345.974;2487.229;3590.362;620.426;493.689;3357.344;2508.545;237.601;2719.667;2713.954;3322.888;2561.489;447.375;71.568;94.360;101.903;886.360;3096.101;1939.792;1990.159;3031.311;447.024;1005.061;2108.733;3490.545;2019.709;67.130;2882.278;838.707;2905.579;1396.298;3108.751;2689.638;2002.465;491.239;215.704;436.836;160.387;386.979;812.554;2566.760;2014.981;45.202;259.107;3482.195;2045.162;731.856;908.373;2677.773;703.546;2092.892;3492.072;3048.584;863.452;1777.571;2231.841;2984.331;564.449;66.874;252.080;1750.842;2182.786;2047.865;1142.505;3559.018;2087.083;1368.508;1983.414;2683.204;2409.238;953.710;238.805;1332.303;2266.983;756.626;2709.920;239.531;937.134;2897.116;696.363;2302.059;1888.813;3329.309;947.868;237.460;2646.237;2779.841;3268.137;3355.099;50.226;843.704;2220.402;3416.459
6,8.762872695922852,5,-524.0078222054369,524.0078222054369,0.28269828855384244,1542.503;2633.190;-17.643;1098.968;505.918;303.488;716.977;1236.226;1412.734;1926.089;1486.115;2473.926;699.793;3197.866;146.715;2392.568;1479.663;2013.866;457.330;742.791;2856.667;3515.760;1157.915;2417.323;3201.933;3148.421;265.903;199.146;573.648;3233.293;331.798;1499.891;3423.053;1847.301;2559.659;1148.125;2402.976;3044.588;6.222;2627.281;3601.757;2674.245;1005.834;2888.109;343.190;1618.628;3270.538;977.776;1057.638;470.645;9.617;2520.833;791.191;954.907;1796.076;160.456;2047.174;594.969;2083.906;2538.371;316.441;1488.677;2510.449;1457.613;227.304;2001.008;2369.160;1836.853;3352.456;2122.922;3219.649;462.553;511.407;2878.619;1443.482;643.821;3312.427;1283.355;2709.530;2589.991;3102.126;2231.639;2776.026;1209.984;898.523;3241.527;1571.935;3535.854;2346.996;2284.417;455.085;3428.423;1654.223;2059.331;1456.584;889.704;3177.393;2085.599;29.553;2272.260,1164.150;1894.527;3243.367;1361.513;3316.186;2285.598;8.099;3357.566;2463.782;3603.880;576.956;528.439;3338.784;2573.923;183.843;2718.889;2755.086;3283.900;2548.119;521.033;15.181;60.414;37.066;917.537;3172.553;1992.417;1934.404;2973.643;415.208;983.728;2108.573;3565.855;2009.800;-0.173;2847.843;873.808;2938.490;1454.614;3057.272;2621.125;1947.185;524.932;203.795;404.568;192.522;368.020;812.781;2519.351;1992.070;-0.926;317.429;3510.100;2017.597;716.868;907.363;2710.625;652.379;2163.323;3530.107;3083.576;834.486;1711.412;2277.407;2994.748;559.566;131.769;246.759;1796.206;2182.757;2044.175;1142.672;3608.548;2014.148;1322.284;2011.462;2701.155;2421.354;1006.840;287.013;1323.038;2279.496;762.135;2775.870;297.991;912.945;2883.916;739.046;2313.742;1899.289;3276.326;993.296;258.962;2610.534;2758.909;3250.120;3372.001;35.473;878.751;2263.629;3461.462
11,17.6727192401886,10,-532.7817719840707,532.7817719840707,0.3452223045834385,1552.209;2678.969;-5.415;1086.542;479.481;256.259;774.514;1201.446;1445.479;1884.885;1514.891;2473.988;709.415;3254.969;82.494;2368.074;1480.955;1990.536;444.259;727.740;2832.666;3575.238;1147.202;2465.096;3240.869;3127.092;273.756;184.654;582.495;3242.693;317.235;1467.615;3400.374;1826.769;2588.628;1157.387;2363.197;3082.053;8.913;2599.249;3611.545;2682.607;1012.558;2926.430;333.942;1616.271;3292.052;1030.098;1081.524;424.623;-7.967;2569.955;819.512;940.663;1789.254;108.621;2048.635;586.542;2102.204;2537.391;360.301;1533.238;2473.029;1436.977;249.501;2025.245;2322.302;1796.501;3366.725;2152.281;3200.317;481.831;556.250;2844.417;1413.240;652.434;3296.207;1342.448;2693.281;2533.403;3081.014;2232.131;2820.571;1195.867;849.126;3268.292;1575.623;3576.918;2342.814;2298.208;379.264;3474.736;1658.707;2079.952;1461.135;906.274;3159.472;2091.488;5.862;2291.776,1153.088;1925.425;3285.375;1391.952;3343.135;2297.116;-10.876;3334.999;2430.599;3581.583;548.246;548.738;3283.198;2632.219;132.468;2682.403;2810.935;3303.998;2569.019;538.668;0.065;31.032;-15.819;942.557;3246.747;2019.358;1879.257;2976.641;416.665;982.320;2111.954;3576.307;1987.179;-0.611;2856.506;870.202;2949.969;1464.965;3023.051;2647.980;1932.401;500.711;205.265;430.013;246.581;323.855;797.575;2517.062;2047.997;2.418;366.855;3544.834;1976.657;708.050;888.625;2687.543;648.313;2211.605;3556.457;3057.904;833.773;1659.572;2269.423;3001.935;527.932;121.258;190.071;1854.479;2207.176;2062.316;1166.729;3602.622;1980.314;1273.805;1968.266;2690.904;2405.344;1012.227;267.564;1357.143;2233.466;765.139;2773.547;318.096;960.095;2914.075;758.033;2359.666;1839.820;3278.080;1047.864;282.431;2605.115;2726.879;3308.799;3428.119;56.912;956.832;2221.479;3517.809
16,26.46713137626648,15,-536.7856079395094,536.7856079395094,0.381717441854875,1596.195;2692.612;5.520;1055.343;449.444;214.004;777.330;1212.902;1440.700;1852.337;1514.333;2433.526;694.814;3262.240;82.067;2348.921;1477.842;1955.766;460.287;741.933;2824.648;3588.285;1145.919;2495.393;3275.641;3124.697;264.274;191.095;539.874;3255.675;310.911;1436.297;3402.330;1810.406;2585.788;1176.642;2344.103;3125.673;-3.289;2576.559;3581.127;2650.754;1012.689;2935.215;341.595;1633.184;3301.776;1014.460;1107.066;411.070;-9.048;2629.122;862.869;916.713;1795.120;103.243;2007.205;585.103;2106.027;2556.712;308.531;1536.750;2473.303;1446.623;251.718;2080.420;2335.936;1784.246;3336.482;2175.183;3176.624;472.212;573.302;2875.448;1451.970;633.374;3316.083;1352.512;2735.303;2528.207;3029.879;2228.093;2871.400;1239.454;812.122;3339.013;1529.687;3612.914;2335.543;2248.372;364.763;3498.294;1616.221;2066.534;1513.977;926.363;3218.582;2113.552;15.439;2326.662,1174.528;1956.936;3356.660;1409.159;3326.957;2342.231;-15.482;3352.142;2432.296;3609.815;506.570;556.404;3263.663;2665.356;88.509;2681.535;2810.798;3324.727;2513.895;539.416;23.903;13.140;2.100;954.856;3320.079;2010.033;1811.135;2977.521;409.726;975.925;2076.237;3598.901;1988.588;-7.176;2872.114;896.899;2950.797;1467.972;3035.924;2602.916;1919.321;486.519;184.945;409.679;259.192;282.607;739.539;2535.496;2098.885;37.017;354.041;3552.729;1928.634;747.038;892.572;2642.033;614.118;2277.930;3579.108;3125.756;841.374;1641.299;2262.991;3016.518;500.481;123.837;232.524;1861.919;2169.816;2069.077;1200.866;3609.426;2000.353;1274.246;1961.322;2690.558;2427.654;1026.422;221.415;1372.383;2247.509;808.976;2755.269;345.433;986.084;2950.302;690.503;2352.979;1802.485;3254.641;1065.939;320.084;2598.813;2748.904;3261.279;3423.832;55.521;1027.076;2174.942;3506.105
21,35.39598631858826,20,-540.3455887868212,540.3455887868212,0.5757632853397973,1645.531;2706.495;-11.442;1068.282;438.179;181.453;789.607;1210.891;1389.923;1829.442;1493.469;2409.416;662.605;3292.513;84.152;2420.534;1446.883;1980.933;412.432;748.616;2802.774;3600.411;1123.310;2539.089;3342.438;3119.278;221.682;141.675;550.111;3264.075;305.225;1442.023;3464.149;1811.869;2592.397;1200.934;2317.130;3129.152;5.624;2512.442;3584.769;2657.946;1001.865;2961.086;306.467;1676.955;3324.920;1026.436;1122.677;408.170;0.015;2662.633;879.151;911.712;1796.612;110.901;1986.996;615.621;2068.474;2528.967;303.192;1525.552;2471.324;1444.109;229.216;2073.240;2338.808;1771.777;3384.095;2166.805;3189.852;483.651;559.922;2905.022;1424.488;648.835;3270.881;1304.515;2754.320;2503.045;2971.624;2290.986;2883.513;1207.643;777.289;3349.497;1532.882;3603.972;2310.179;2238.313;340.359;3499.539;1635.318;2082.692;1529.700;949.816;3195.524;2121.763;13.956;2352.709,1173.954;1917.504;3424.943;1465.154;3344.226;2361.394;-26.016;3377.141;2399.048;3616.877;442.223;543.402;3289.633;2652.143;48.687;2688.363;2815.719;3328.487;2509.275;541.781;-17.532;33.762;3.423;964.398;3340.448;1971.516;1809.253;2937.546;419.056;1030.453;2060.825;3571.693;2034.604;2.880;2894.406;940.075;2969.330;1492.354;3092.959;2544.797;1859.625;502.447;211.352;424.676;259.402;271.475;740.435;2530.038;2142.514;14.832;346.828;3596.795;1886.553;769.531;870.165;2636.432;617.097;2295.244;3592.927;3166.595;826.883;1611.145;2234.598;3022.934;492.947;114.357;167.994;1853.094;2201.881;2034.180;1198.444;3600.124;1964.910;1248.980;1974.379;2720.743;2415.985;1082.059;190.441;1404.562;2299.203;806.214;2756.651;339.297;1013.978;2993.174;699.619;2387.790;1765.883;3241.018;1101.551;315.633;2615.113;2745.681;3270.652;3424.385;-16.067;1018.306;2180.161;3508.829
26,44.31677293777466,25,-543.5143610264981,543.5143610264981,0.3897049533697552,1669.437;2672.094;7.768;1064.999;426.740;148.780;757.287;1226.360;1391.695;1807.551;1542.006;2381.209;684.092;3300.397;78.333;2441.357;1426.401;1941.849;425.689;745.951;2805.300;3602.282;1174.509;2548.652;3360.832;3099.166;271.536;77.821;570.343;3260.368;268.123;1421.745;3476.516;1787.744;2629.340;1163.569;2323.342;3169.678;40.578;2490.786;3582.644;2669.025;1022.247;2946.220;335.195;1650.483;3335.328;1001.637;1076.385;397.058;-0.203;2672.467;891.864;873.809;1847.189;99.886;1949.741;591.983;2060.695;2511.662;321.532;1511.760;2475.070;1428.606;203.610;2079.452;2384.661;1816.299;3372.193;2143.561;3201.929;438.143;593.488;2877.267;1414.146;628.986;3299.077;1309.341;2745.795;2463.356;2991.100;2272.880;2926.138;1157.888;753.608;3370.968;1515.259;3593.985;2308.229;2251.842;289.165;3508.947;1677.817;2059.893;1566.582;943.328;3234.607;2130.402;-0.084;2391.728,1224.946;1895.954;3479.871;1417.266;3303.363;2366.515;-14.226;3413.955;2406.774;3572.420;459.037;542.981;3271.351;2720.095;5.036;2702.298;2776.201;3255.259;2527.872;596.555;-12.924;-18.056;11.361;965.826;3388.131;1961.224;1748.178;2954.566;425.427;1007.564;2074.978;3605.172;2027.979;-2.735;2851.225;914.901;2967.773;1480.933;3148.675;2532.015;1797.816;527.507;196.316;408.922;266.108;232.035;695.561;2530.319;2167.021;28.197;364.855;3594.311;1876.847;764.012;890.008;2647.722;611.099;2251.080;3605.663;3194.443;812.983;1631.133;2217.932;3027.811;473.349;146.138;99.854;1824.700;2227.411;2054.118;1199.322;3596.916;1966.901;1284.633;2007.811;2757.741;2457.819;1082.020;176.663;1410.025;2306.100;799.532;2790.802;375.681;1062.253;3047.162;720.139;2356.650;1719.489;3280.319;1171.598;342.411;2594.014;2712.956;3303.954;3383.168;43.639;1057.931;2164.045;3516.958
31,53.06916666030884,30,-545.3500099628878,545.3500099628878,0.21186889594999084,1688.516;2698.163;-8.740;1056.788;396.390;160.345;762.514;1195.328;1424.591;1794.269;1511.660;2365.540;710.278;3289.440;56.823;2428.139;1414.568;1925.079;428.143;733.124;2789.812;3603.630;1205.627;2583.260;3361.904;3089.037;264.392;62.846;575.817;3276.869;238.338;1406.311;3454.414;1715.564;2682.224;1150.049;2333.944;3172.651;40.633;2476.089;3596.068;2705.078;1002.681;3009.223;320.736;1674.925;3383.918;974.374;1062.450;378.405;1.431;2743.903;904.630;878.585;1905.335;103.748;1942.117;661.241;2074.266;2530.527;311.678;1523.543;2488.025;1384.218;232.726;2091.689;2401.893;1840.557;3419.041;2134.320;3227.558;418.298;581.401;2846.915;1448.582;622.115;3331.893;1316.433;2770.761;2387.799;2986.847;2256.563;2946.925;1182.552;705.788;3397.715;1466.528;3607.220;2295.071;2218.101;285.401;3530.701;1655.769;2020.732;1610.621;952.458;3216.147;2151.582;2.798;2419.789,1246.326;1902.154;3455.688;1479.666;3320.138;2372.859;-6.434;3419.691;2350.685;3597.780;435.659;531.906;3264.753;2712.071;2.484;2720.676;2804.463;3232.312;2558.071;633.767;20.108;14.029;2.579;969.759;3449.656;1941.350;1685.376;2948.082;403.841;949.249;2090.403;3599.111;1986.187;13.683;2871.212;943.346;2963.715;1472.401;3169.568;2512.372;1764.355;500.566;226.063;423.363;242.176;244.145;728.204;2497.126;2184.155;9.894;353.836;3600.395;1905.424;722.852;904.591;2640.549;567.437;2219.537;3606.219;3221.608;788.233;1653.781;2161.068;3034.099;523.038;132.674;41.040;1877.231;2197.730;2106.832;1212.161;3602.184;1963.225;1321.393;2028.294;2810.709;2433.050;1103.076;191.889;1429.180;2346.833;799.622;2770.887;434.746;1101.627;3101.548;734.755;2361.686;1752.466;3257.097;1218.090;329.853;2550.039;2732.369;3268.985;3381.504;6.654;1078.240;2115.130;3537.145
36,62.02790451049805,35,-546.672222493987,546.672222493987,0.3256091139785109,1708.920;2689.983;5.998;1066.836;374.398;204.477;765.118;1181.784;1412.728;1790.350;1523.903;2348.700;703.003;3331.863;45.697;2441.759;1417.329;1913.279;422.145;719.291;2757.600;3601.444;1220.383;2630.813;3366.909;3097.143;247.208;15.760;590.088;3268.866;231.459;1409.411;3463.674;1702.737;2704.251;1093.349;2329.831;3221.093;26.472;2475.530;3576.067;2748.635;962.474;3001.688;281.480;1697.027;3365.258;992.698;1073.463;333.894;24.773;2775.251;890.733;900.181;1853.595;66.416;1952.603;690.056;2085.256;2520.873;255.661;1511.491;2538.526;1369.272;247.388;2104.808;2395.039;1813.838;3417.545;2154.705;3260.256;398.344;541.820;2827.683;1450.201;684.247;3332.089;1285.395;2837.700;2395.142;2995.148;2271.092;2930.275;1152.631;717.114;3393.020;1443.771;3609.242;2280.247;2251.983;255.710;3566.248;1672.022;1992.785;1601.059;925.130;3243.124;2138.521;-3.667;2429.924,1232.500;1845.893;3497.310;1526.973;3308.843;2365.284;5.232;3463.453;2331.574;3611.451;403.997;519.310;3268.416;2717.573;0.506;2720.306;2803.278;3248.994;2584.893;638.334;7.572;-0.672;23.098;989.635;3505.500;1941.802;1642.777;2918.960;384.902;962.661;2143.835;3587.314;2001.147;-0.039;2914.350;938.603;2966.850;1477.939;3187.788;2526.698;1707.188;547.275;203.275;395.149;237.075;215.269;712.285;2514.194;2180.433;-7.088;353.036;3565.182;1911.200;719.361;902.749;2651.827;554.898;2198.930;3596.924;3248.276;827.656;1599.965;2189.240;3036.035;589.006;105.487;30.922;1866.883;2184.707;2106.438;1185.140;3610.946;1975.172;1348.076;2044.697;2852.909;2493.445;1157.190;184.048;1418.273;2337.327;822.354;2751.765;443.470;1144.056;3135.945;784.894;2399.172;1781.855;3240.616;1272.229;345.414;2570.395;2703.678;3282.864;3368.409;-11.525;1031.044;2053.573;3557.377
41,70.82301688194275,40,-547.3746085608157,547.3746085608157,0.2807253390727504,1780.409;2629.962;-0.788;1094.737;388.247;179.548;749.531;1181.615;1389.540;1833.157;1566.196;2415.045;703.482;3367.794;39.715;2447.733;1430.593;1885.241;437.632;690.708;2718.948;3606.132;1167.198;2678.180;3377.697;3098.989;201.431;19.823;643.961;3311.202;219.726;1406.092;3483.477;1693.225;2688.959;1021.167;2333.931;3202.293;3.478;2473.843;3609.517;2817.115;984.889;3027.651;304.140;1695.007;3364.756;1004.621;1110.118;316.975;-5.175;2854.407;836.185;917.407;1901.425;69.396;2020.897;711.778;2108.270;2548.059;189.012;1511.670;2588.413;1302.851;223.796;2049.649;2361.109;1875.109;3442.616;2136.710;3261.165;379.375;521.127;2826.130;1470.084;724.925;3363.841;1356.526;2829.572;2450.876;3031.959;2224.408;2936.208;1187.206;731.954;3397.181;1466.118;3612.621;2218.584;2191.555;256.958;3573.923;1664.009;1987.857;1583.559;925.562;3249.750;2100.667;-3.073;2497.105,1189.606;1897.688;3485.814;1547.915;3334.717;2340.483;8.691;3483.927;2368.146;3576.592;407.898;513.636;3251.924;2726.730;8.436;2709.874;2816.364;3214.774;2587.276;638.463;4.541;18.630;0.849;969.019;3564.882;1919.189;1681.207;2971.089;349.209;987.825;2095.981;3572.558;1993.641;-8.583;2947.248;920.729;3033.599;1494.489;3216.138;2503.199;1638.942;578.279;262.459;323.923;252.373;217.541;696.131;2462.086;2121.577;25.616;333.050;3574.601;1889.408;710.442;872.708;2687.205;528.483;2218.655;3591.049;3261.330;798.270;1575.439;2131.420;3054.406;583.788;95.846;24.384;1896.516;2229.102;2153.045;1215.692;3586.926;2023.030;1337.982;2004.379;2850.649;2462.784;1176.593;145.226;1435.235;2350.072;806.183;2696.102;430.355;1187.432;3181.167;798.784;2431.681;1791.413;3209.819;1273.069;300.204;2570.340;2671.069;3293.619;3407.646;20.047;1107.716;2093.372;3541.398
46,79.68686103820801,45,-549.3917125982264,549.3917125982264,0.44974058711833986,1751.672;2665.278;4.347;1053.505;388.925;177.861;777.535;1159.213;1365.418;1815.102;1605.869;2445.718;675.365;3439.215;19.948;2455.475;1430.212;1903.022;431.940;709.949;2699.606;3597.504;1185.590;2693.120;3399.431;3065.346;185.782;6.132;630.582;3331.780;217.560;1438.243;3492.262;1659.703;2738.603;990.727;2299.012;3194.993;3.980;2489.351;3603.580;2870.308;967.895;3063.135;296.992;1674.186;3411.806;958.144;1107.816;312.956;-8.833;2907.781;894.252;925.888;1902.051;40.113;2065.591;735.190;2117.570;2570.841;150.086;1533.310;2579.585;1291.309;209.581;2050.749;2362.348;1886.585;3454.696;2124.060;3249.613;357.608;483.011;2825.157;1495.569;699.546;3384.229;1306.665;2851.969;2461.655;3041.593;2252.909;2885.356;1213.556;711.044;3398.719;1485.568;3588.679;2245.019;2223.162;202.548;3578.720;1672.171;1934.487;1587.995;962.917;3252.215;2083.036;-2.935;2513.769,1197.429;1919.233;3506.379;1579.922;3330.289;2334.126;6.416;3488.504;2413.229;3619.948;406.455;502.614;3297.880;2778.537;23.118;2740.080;2820.704;3189.667;2587.743;612.052;1.229;-13.951;-15.178;977.071;3596.335;1882.411;1693.193;2932.840;344.892;976.029;2049.738;3590.395;1966.237;-7.957;2985.166;955.277;3038.057;1480.225;3226.142;2491.962;1660.205;578.317;260.803;388.467;254.643;223.098;722.146;2473.633;2102.665;-0.439;313.150;3558.034;1835.855;713.376;857.759;2696.340;516.688;2197.965;3583.989;3233.596;795.480;1552.973;2159.953;3106.572;588.662;122.446;5.945;1905.463;2227.092;2182.026;1235.261;3605.962;2023.977;1365.616;2016.306;2901.969;2503.871;1134.299;141.994;1413.322;2347.181;800.690;2685.303;439.968;1216.202;3163.162;779.424;2443.850;1825.313;3256.702;1268.508;326.753;2544.965;2661.902;3258.105;3392.675;26.576;1135.116;2075.891;3587.260
51,88.62911868095398,50,-550.3379987479517,550.3379987479517,0.464125016146903,1761.488;2628.390;8.363;1040.568;387.542;185.130;766.139;1188.252;1348.760;1841.178;1640.393;2485.108;662.984;3446.509;-5.664;2482.469;1478.594;1829.987;440.323;724.260;2731.223;3594.109;1190.894;2674.768;3429.485;3103.762;168.624;-1.165;651.046;3397.727;189.490;1429.143;3446.138;1649.018;2761.317;961.432;2269.796;3266.878;-10.869;2444.777;3566.687;2886.221;954.891;3064.866;250.910;1654.103;3353.759;878.584;1110.450;339.180;23.908;2951.503;904.776;898.012;1878.169;-1.860;2065.835;708.423;2146.759;2635.073;155.096;1520.949;2579.865;1278.429;131.824;2044.524;2341.777;1887.939;3481.046;2141.119;3229.312;346.560;496.583;2813.865;1539.395;655.625;3423.143;1278.629;2831.998;2487.720;3098.678;2278.988;2911.399;1228.237;698.967;3438.501;1459.535;3614.503;2218.093;2257.182;181.414;3596.732;1640.192;1880.974;1597.805;960.411;3223.549;2089.321;1.005;2490.445,1243.471;1932.865;3532.586;1559.837;3300.854;2369.175;18.141;3530.796;2389.487;3588.861;450.124;470.410;3355.891;2802.427;12.735;2736.709;2850.678;3159.095;2609.718;573.268;-0.433;-2.368;-2.308;999.174;3612.624;1892.374;1654.927;2941.372;359.707;932.731;2019.253;3600.811;1972.812;33.130;3001.376;1019.827;2974.473;1484.953;3249.574;2480.025;1662.544;618.914;210.673;427.277;212.220;228.197;680.136;2453.918;2116.112;-13.818;330.824;3544.864;1842.561;758.988;893.128;2733.413;520.352;2234.032;3597.294;3250.760;862.886;1575.566;2111.036;3071.823;618.741;94.786;-14.268;1894.698;2168.836;2237.303;1189.416;3581.672;1963.276;1440.739;1997.223;2889.219;2547.265;1127.250;181.551;1372.164;2324.323;765.851;2695.071;436.054;1143.081;3186.827;783.779;2447.880;1761.125;3266.365;1301.555;278.001;2509.481;2637.981;3286.863;3406.981;-0.231;1100.038;2125.873;3612.519
56,97.37204146385193,55,-552.0458031748414,552.0458031748414,0.47282944471189337,1763.211;2664.006;-2.258;1051.393;403.160;144.783;707.944;1182.234;1332.924;1814.622;1655.946;2526.214;709.074;3410.989;-3.505;2452.244;1440.559;1862.414;489.778;726.362;2772.348;3600.697;1182.003;2688.389;3446.715;3149.207;113.328;32.683;660.007;3448.569;185.333;1476.555;3468.123;1688.513;2794.399;929.673;2324.890;3318.760;8.431;2462.032;3596.066;2938.816;931.695;3082.765;311.637;1623.045;3386.451;852.126;1104.591;325.195;14.198;2984.007;902.016;881.175;1804.076;-10.254;2100.761;710.234;2160.805;2686.613;140.299;1466.226;2535.305;1251.799;100.721;2017.286;2384.629;1961.941;3536.085;2096.972;3230.720;306.424;524.313;2795.039;1570.767;582.106;3415.154;1305.229;2763.958;2442.111;3073.379;2318.014;2881.281;1296.285;703.079;3499.433;1394.939;3597.584;2226.842;2239.608;191.328;3592.204;1640.382;1870.914;1560.381;946.970;3199.958;2103.609;8.441;2524.973,1272.652;1941.938;3571.735;1563.728;3294.886;2417.506;-13.107;3545.339;2398.172;3614.324;503.873;457.226;3383.139;2821.456;20.001;2697.652;2890.424;3134.111;2652.446;549.516;0.968;-5.998;-7.110;1045.540;3602.379;1950.290;1621.589;2923.683;383.460;932.419;1990.453;3615.172;1911.231;15.079;3016.068;1030.191;2994.890;1472.392;3327.267;2451.427;1650.095;691.305;218.267;379.541;209.783;203.049;642.732;2453.559;2089.579;-7.214;357.769;3610.254;1805.558;808.419;930.794;2727.706;487.449;2258.880;3612.225;3220.794;864.451;1594.732;2177.334;3088.971;677.950;22.889;2.737;1876.873;2164.175;2257.988;1202.990;3549.120;1948.293;1441.985;2018.455;2933.515;2551.128;1096.103;243.426;1324.765;2339.490;791.402;2719.730;413.551;1150.071;3184.288;739.393;2443.363;1726.322;3261.083;1335.369;258.665;2518.779;2657.114;3297.866;3432.406;7.517;1058.152;2171.832;3576.682
61,106.23075461387634,60,-553.8176296761886,553.8176296761886,0.2573251065444279,1739.826;2658.780;6.154;1055.302;388.616;108.363;729.799;1206.619;1334.912;1783.364;1600.860;2551.073;666.003;3456.029;6.872;2424.840;1404.063;1867.641;538.409;653.268;2782.896;3595.058;1139.675;2654.864;3478.390;3140.174;141.688;13.527;698.854;3428.450;110.772;1512.903;3537.002;1673.033;2803.053;940.774;2318.523;3263.753;12.622;2487.874;3585.597;2972.774;955.235;3121.219;269.319;1644.415;3459.636;861.724;1103.799;344.541;12.242;3030.718;879.598;885.649;1770.793;46.183;2089.638;726.892;2188.039;2712.028;101.496;1508.565;2508.803;1213.462;124.703;2072.920;2380.458;1949.442;3509.150;2040.126;3251.100;314.633;451.590;2812.775;1611.731;533.508;3392.968;1322.684;2749.968;2407.470;3054.801;2316.282;2914.944;1331.155;632.564;3474.551;1420.384;3597.611;2256.199;2259.183;162.284;3570.539;1606.376;1946.520;1570.475;950.956;3183.591;2085.574;62.725;2582.921,1298.678;1958.566;3608.581;1556.169;3307.573;2429.246;13.877;3518.655;2385.814;3596.344;448.473;459.198;3392.085;2843.611;1.586;2701.342;2881.461;3124.585;2670.294;569.422;5.026;-8.019;6.771;1062.294;3590.975;1918.215;1600.439;2947.931;349.705;962.093;1954.280;3585.489;1919.728;-0.719;3061.624;1063.255;2993.808;1476.413;3267.339;2431.114;1643.114;693.034;289.877;381.680;171.117;197.306;634.938;2444.942;2069.266;4.846;377.913;3594.483;1812.052;818.466;934.652;2723.119;524.564;2276.159;3610.437;3252.765;883.963;1610.687;2216.993;3067.983;668.557;11.204;-5.583;1879.546;2170.532;2300.335;1176.423;3586.665;1933.354;1441.356;2010.929;2932.724;2541.871;1071.178;246.846;1336.058;2321.561;790.517;2692.433;392.091;1164.556;3234.187;720.384;2465.051;1701.055;3233.728;1350.799;283.960;2567.430;2630.496;3307.108;3449.302;-7.473;1037.681;2201.801;3555.699
66,114.98778033256531,65,-555.2896622594012,555.2896622594012,0.46476821756955755,1690.318;2629.335;-8.381;1041.845;428.411;65.090;758.591;1205.545;1382.532;1772.825;1570.866;2587.181;710.445;3471.868;0.027;2440.122;1413.443;1881.537;596.847;626.919;2837.457;3603.735;1130.964;2640.997;3495.116;3132.228;96.830;-0.483;661.579;3421.753;98.788;1437.176;3562.346;1723.451;2821.365;907.528;2305.315;3247.445;-13.834;2463.363;3611.849;2960.347;975.879;3121.481;247.666;1614.124;3527.958;890.541;1118.330;333.547;3.375;3084.478;861.023;921.664;1829.095;45.760;2053.773;689.329;2142.192;2742.630;35.245;1551.094;2583.253;1183.908;135.924;2060.398;2375.222;1916.582;3481.214;2100.017;3269.953;272.718;472.352;2817.978;1599.249;472.076;3380.640;1274.687;2704.942;2432.705;3073.485;2377.031;2910.138;1310.156;617.414;3490.873;1466.686;3595.575;2239.763;2209.969;129.904;3585.700;1622.509;1896.052;1608.677;914.067;3209.095;2079.181;82.149;2598.780,1329.908;1930.059;3615.153;1517.555;3285.487;2443.276;-16.777;3560.224;2408.042;3606.610;471.355;456.796;3388.033;2862.148;4.841;2762.650;2922.652;3103.226;2663.958;580.817;9.692;-5.642;6.502;1021.937;3596.413;1932.146;1596.167;2945.857;324.741;943.663;1965.400;3607.446;1922.956;24.121;3039.909;1124.633;3009.716;1444.022;3267.848;2448.754;1633.609;649.194;306.894;410.945;173.378;161.835;623.431;2440.617;2038.979;-5.423;383.616;3588.329;1826.757;783.368;925.253;2693.871;565.783;2313.578;3586.746;3280.702;885.882;1615.885;2270.378;3089.966;722.807;13.741;-1.783;1885.008;2191.200;2252.079;1174.158;3566.869;1885.066;1477.556;2069.645;2918.137;2575.775;1021.965;211.368;1346.392;2291.765;803.328;2640.302;369.915;1201.460;3229.318;697.969;2437.389;1661.409;3255.567;1307.024;327.457;2545.014;2637.733;3275.258;3486.837;0.596;1079.222;2165.634;3600.163
71,124.05814814567566,70,-555.5009468442609,555.5009468442609,0.27351910196871076,1705.908;2620.555;-8.202;1002.349;419.390;41.461;709.419;1166.560;1346.714;1831.053;1592.765;2586.138;678.668;3518.867;-10.642;2464.251;1348.444;1843.219;619.385;595.538;2840.726;3597.471;1157.487;2684.787;3508.516;3147.207;104.703;-4.694;619.267;3494.050;84.875;1392.176;3606.333;1697.086;2826.797;923.522;2302.694;3205.126;3.050;2503.995;3599.480;2944.568;1011.354;3104.191;244.833;1645.100;3565.132;918.876;1101.060;379.657;4.105;3077.461;821.354;947.028;1875.152;12.876;2027.310;648.922;2182.991;2818.956;1.892;1521.986;2610.602;1220.165;104.030;2045.779;2357.929;1899.838;3521.275;2053.416;3323.808;273.030;491.755;2803.847;1616.813;461.647;3383.660;1299.839;2719.548;2431.660;3094.445;2367.936;2882.060;1268.322;657.920;3503.901;1421.066;3587.536;2227.635;2196.427;113.957;3593.537;1651.851;1911.097;1604.846;959.492;3208.153;2101.898;67.585;2602.270,1358.586;1933.648;3575.756;1498.921;3304.873;2434.563;-9.548;3553.665;2440.156;3603.844;471.609;452.203;3396.892;2908.451;60.442;2836.392;2903.919;3092.596;2632.506;639.866;4.311;-0.749;5.363;1008.099;3574.842;1922.188;1590.348;2965.462;332.418;875.769;1918.383;3597.431;1888.773;-5.352;2968.872;1067.572;3059.996;1463.044;3233.501;2465.704;1571.320;725.103;308.459;405.583;112.155;182.682;561.736;2401.169;2070.857;6.814;423.114;3596.239;1814.874;743.906;937.936;2738.795;637.284;2359.709;3584.506;3242.267;962.450;1635.795;2273.223;3144.643;744.131;8.454;8.793;1895.241;2201.998;2306.971;1171.087;3590.278;1899.583;1488.483;2087.352;2886.286;2602.300;1046.885;195.308;1383.704;2247.301;754.114;2611.941;382.700;1213.326;3204.382;722.382;2415.306;1647.144;3230.043;1263.202;317.318;2536.724;2601.547;3346.525;3456.014;0.761;1091.543;2210.039;3594.725
76,133.06491684913635,75,-556.2578191073145,556.2578191073145,0.36774707252987016,1733.210;2585.262;-7.878;1029.138;387.815;52.787;716.450;1117.826;1324.708;1871.626;1597.083;2563.757;656.339;3505.336;4.861;2503.017;1378.536;1811.476;591.333;530.328;2849.402;3597.706;1203.268;2744.773;3580.644;3132.244;134.274;11.500;632.900;3493.331;25.722;1389.639;3573.042;1662.105;2807.589;941.250;2297.086;3193.525;-15.373;2500.449;3595.085;2930.775;1049.268;3097.216;236.771;1675.060;3600.896;941.293;1117.813;379.539;-13.693;3087.653;852.387;925.975;1876.888;17.511;1993.165;634.590;2207.105;2871.412;-3.570;1465.189;2654.641;1239.593;37.730;2053.806;2327.235;1883.114;3564.634;2031.734;3343.161;242.191;513.794;2840.208;1631.119;491.699;3425.161;1297.952;2712.680;2413.122;3077.034;2383.146;2874.298;1276.061;626.649;3493.400;1441.637;3595.362;2298.007;2127.401;89.988;3595.424;1646.611;1986.204;1581.556;912.901;3270.138;2154.722;29.347;2588.011,1351.475;2007.085;3556.634;1477.613;3291.529;2372.296;6.243;3541.153;2454.939;3568.883;489.885;458.626;3380.115;2908.284;12.841;2828.302;2937.638;3081.149;2639.390;597.433;3.535;4.754;19.114;1008.932;3558.929;1891.432;1547.142;3028.074;374.352;870.434;1945.694;3593.341;1853.273;7.633;3016.866;1118.711;3051.243;1434.540;3212.391;2457.036;1576.800;690.445;285.113;398.110;185.829;157.497;596.240;2389.427;2031.269;-1.692;439.746;3593.178;1804.859;759.625;914.918;2733.532;616.681;2331.867;3596.464;3280.746;981.069;1647.782;2223.329;3169.010;688.840;60.669;-9.430;1870.100;2156.667;2307.087;1130.952;3584.063;1901.882;1522.421;2117.495;2903.371;2608.186;1024.799;192.465;1368.438;2228.793;782.057;2629.733;416.367;1190.059;3217.495;729.389;2398.890;1661.932;3251.063;1310.713;276.899;2540.683;2611.869;3398.058;3478.741;30.042;1098.846;2207.002;3536.310
81,142.27529168128967,80,-557.8633060705989,557.8633060705989,0.43862836953937867,1709.201;2572.668;-4.857;1044.678;402.635;54.371;732.135;1110.307;1333.940;1868.511;1594.294;2554.447;620.850;3499.895;12.407;2523.589;1381.872;1760.462;583.275;526.821;2872.703;3601.031;1225.542;2770.773;3594.660;3086.385;77.729;14.034;625.243;3471.294;16.595;1413.153;3604.496;1657.120;2846.590;980.861;2289.502;3239.341;-3.250;2483.590;3574.938;2915.706;1029.080;3104.474;171.934;1680.892;3599.040;947.031;1095.160;359.519;27.628;3134.342;897.900;957.707;1838.382;-6.236;1958.946;593.343;2191.509;2836.117;27.269;1491.467;2669.337;1230.091;7.203;2029.728;2357.509;1913.671;3600.043;2041.324;3383.431;250.504;469.613;2850.020;1603.236;496.022;3479.994;1274.506;2721.292;2435.432;3094.911;2367.571;2844.674;1248.007;585.816;3508.868;1438.805;3592.487;2282.393;2159.708;46.987;3591.946;1656.359;2028.714;1575.745;900.553;3340.688;2178.745;46.028;2623.245,1344.915;2024.785;3540.890;1520.222;3271.944;2411.084;16.233;3585.239;2483.565;3621.120;479.200;486.271;3410.482;2923.545;-3.219;2802.182;2897.202;3101.048;2650.155;626.381;7.474;-11.556;14.079;979.280;3573.696;1895.651;1526.556;2993.835;361.108;872.011;1966.560;3592.017;1841.067;-3.111;3017.945;1140.818;3031.714;1399.363;3227.715;2434.166;1625.078;700.386;257.442;381.158;228.622;180.632;593.549;2394.859;2076.073;-5.481;471.118;3609.296;1754.013;771.871;920.364;2712.493;607.319;2304.267;3588.179;3284.038;1006.412;1620.355;2191.188;3143.603;692.829;15.837;-6.495;1888.369;2116.955;2290.353;1138.631;3610.909;1901.918;1516.289;2128.717;2923.167;2609.489;1009.546;215.013;1416.610;2246.661;807.170;2663.898;402.557;1209.559;3189.299;724.650;2402.081;1615.789;3274.519;1267.722;323.384;2551.487;2652.387;3396.984;3504.464;4.602;1100.391;2177.941;3599.609
86,151.30893540382385,85,-557.8730281445903,557.8730281445903,0.45355102361824123,1668.679;2554.064;-5.890;1034.595;347.991;-13.303;739.298;1078.428;1332.583;1841.105;1555.557;2565.031;664.851;3544.561;13.454;2494.594;1359.534;1774.836;603.821;497.357;2857.739;3601.195;1242.709;2820.427;3588.351;3077.855;6.469;22.352;595.604;3498.210;39.773;1395.045;3578.735;1683.040;2885.144;1007.069;2292.010;3254.693;0.803;2481.730;3601.075;2942.635;994.775;3118.040;151.337;1704.721;3614.526;962.568;1102.866;359.235;47.336;3176.235;913.259;953.542;1790.770;0.322;1969.932;604.898;2178.850;2828.770;26.601;1529.379;2671.271;1238.892;2.870;2040.520;2332.441;1884.399;3599.163;2052.444;3399.944;250.626;414.947;2838.249;1606.829;516.102;3499.406;1315.436;2706.008;2417.357;3109.475;2376.122;2877.558;1274.175;542.954;3506.823;1456.282;3602.289;2291.058;2137.874;26.335;3575.518;1662.434;2089.822;1611.097;920.660;3304.563;2232.332;-7.592;2611.971,1365.317;2001.042;3560.529;1506.342;3304.316;2420.384;38.431;3544.204;2497.486;3610.868;480.410;489.715;3389.890;2919.373;-16.095;2840.259;2944.898;3062.866;2656.863;645.775;-1.889;11.005;0.814;959.494;3596.525;1922.092;1539.834;2998.597;338.680;876.007;1916.387;3595.368;1900.138;3.345;2970.439;1177.511;3064.244;1469.097;3253.147;2423.755;1549.808;711.035;290.879;343.986;246.399;195.575;602.778;2394.772;2034.908;-0.772;439.325;3600.067;1743.648;762.407;932.385;2725.033;604.353;2305.807;3591.351;3293.480;958.999;1627.740;2178.848;3140.236;665.760;8.817;60.872;1887.601;2169.312;2279.805;1123.248;3597.231;1917.807;1509.894;2149.527;2923.633;2651.168;976.275;216.924;1397.501;2248.337;835.055;2586.158;393.374;1210.628;3162.248;708.396;2391.404;1606.439;3287.410;1268.096;320.952;2546.516;2652.509;3425.382;3542.594;2.466;1058.141;2182.632;3612.824
91,160.45840883255005,90,-558.3017748504212,558.3017748504212,0.3253837407022318,1690.219;2578.554;2.638;1025.291;296.388;7.922;742.629;1105.872;1361.276;1832.646;1573.650;2564.146;664.521;3538.097;10.503;2545.036;1353.052;1739.614;663.406;545.622;2836.494;3593.626;1277.246;2802.852;3586.966;3044.542;20.421;-0.209;558.318;3502.398;7.579;1396.590;3603.830;1690.917;2936.152;1035.286;2293.812;3238.274;10.816;2450.500;3596.519;2968.433;974.538;3155.140;154.207;1712.152;3596.768;1015.638;1052.582;286.564;8.570;3218.692;875.675;983.139;1787.576;-4.432;1996.643;614.716;2210.079;2837.529;6.875;1534.396;2687.772;1171.249;9.573;2055.420;2327.558;1839.141;3588.016;2026.761;3387.430;276.022;375.570;2860.600;1609.463;513.364;3548.634;1277.097;2713.755;2412.683;3121.445;2378.010;2875.212;1216.876;513.626;3554.708;1454.289;3584.086;2257.511;2153.126;-0.228;3617.197;1669.763;2109.126;1625.026;894.648;3301.376;2245.874;-6.125;2609.673,1356.615;1950.009;3556.558;1502.663;3309.720;2455.419;52.093;3546.267;2482.074;3587.113;487.076;513.482;3412.428;2901.895;-12.912;2834.484;2940.919;3050.628;2651.513;693.043;-0.525;24.166;5.714;940.273;3594.546;1862.740;1572.547;2988.589;326.058;839.805;1895.975;3596.544;1852.337;3.917;2969.214;1222.024;3092.962;1454.974;3256.596;2394.542;1521.507;728.907;282.782;335.760;262.187;215.760;616.916;2398.268;1993.101;12.757;478.744;3569.654;1715.845;774.545;923.060;2768.502;564.787;2314.647;3554.348;3334.707;948.985;1618.635;2197.984;3173.224;658.260;42.506;74.799;1892.084;2144.974;2271.964;1101.157;3590.733;1921.749;1515.449;2155.506;2878.714;2694.359;954.631;234.969;1401.456;2301.825;813.437;2541.816;393.268;1153.891;3157.691;680.603;2400.863;1607.013;3279.669;1280.094;308.684;2599.012;2718.274;3415.216;3539.150;13.321;1060.748;2214.662;3598.526
96,169.71384930610657,95,-558.8295996878466,558.8295996878466,0.4737736979809062,1764.699;2566.902;12.859;1011.309;273.942;31.606;728.117;1115.894;1410.899;1862.610;1604.741;2567.733;685.550;3577.111;-11.742;2504.042;1349.865;1735.096;654.072;583.963;2875.632;3591.250;1226.321;2815.547;3607.972;2977.151;-4.052;9.296;549.245;3563.163;-12.828;1406.487;3578.551;1732.130;3006.217;1042.637;2281.012;3239.930;3.375;2423.033;3604.341;2948.229;993.649;3157.170;115.232;1742.762;3578.874;1005.582;1046.363;288.602;-8.489;3177.445;835.516;978.747;1732.617;-15.216;2020.137;598.410;2207.402;2843.445;9.236;1523.614;2710.735;1188.980;2.239;2029.948;2358.421;1820.599;3588.532;2002.389;3458.587;326.379;420.397;2872.514;1605.243;508.481;3578.096;1257.765;2727.730;2417.818;3102.040;2338.828;2886.832;1203.302;538.512;3587.797;1435.984;3584.094;2276.700;2148.710;15.274;3599.862;1695.947;2125.067;1660.605;877.480;3328.632;2220.472;20.827;2661.719,1331.265;1881.950;3593.087;1461.619;3268.839;2474.446;22.435;3589.902;2448.831;3608.580;466.725;502.020;3339.290;2900.084;16.063;2793.334;2927.870;3045.955;2721.306;758.842;-6.701;10.220;-7.747;939.397;3609.319;1832.313;1545.025;2952.500;305.026;895.602;1899.230;3588.344;1849.169;13.186;3008.647;1214.633;3065.334;1484.595;3260.506;2377.141;1480.187;725.224;279.674;286.473;273.689;231.604;642.234;2432.460;1987.118;9.364;491.873;3602.574;1702.236;713.095;982.160;2738.093;510.836;2301.969;3585.133;3336.183;916.323;1659.458;2186.504;3187.386;672.303;22.687;28.899;1875.661;2156.141;2212.557;1110.542;3609.118;1933.994;1477.937;2188.056;2912.217;2647.167;940.535;250.009;1415.613;2351.658;798.495;2566.116;428.776;1169.937;3146.263;669.438;2395.434;1598.550;3268.434;1302.034;318.651;2597.947;2790.171;3432.374;3603.322;26.572;1021.756;2212.397;3607.907
101,178.7034718990326,100,-559.4285975784951,559.4285975784951,0.28694681484944695,1784.153;2623.964;4.042;1002.437;306.146;11.149;729.875;1122.122;1434.883;1928.461;1594.284;2544.982;633.960;3588.793;10.786;2535.855;1316.855;1780.837;625.223;587.787;2880.496;3599.063;1221.252;2822.687;3598.162;3022.951;-5.195;37.007;545.359;3556.438;-2.031;1379.407;3600.988;1703.703;3014.519;1058.928;2263.689;3254.076;-0.483;2417.869;3601.140;2939.774;1004.717;3148.106;40.185;1744.136;3586.830;998.368;1065.167;306.070;20.105;3208.628;823.769;936.666;1719.294;26.450;2058.583;585.521;2217.575;2819.713;12.101;1489.664;2693.977;1201.354;30.438;2052.515;2383.043;1845.760;3603.369;1969.900;3494.005;308.889;468.883;2851.288;1585.354;518.892;3598.744;1271.699;2720.781;2353.046;3108.619;2313.232;2837.556;1183.624;515.171;3594.385;1434.121;3592.137;2304.904;2160.017;7.838;3599.311;1744.209;2080.426;1655.037;862.409;3335.796;2254.478;11.476;2715.382,1351.691;1884.940;3593.924;1450.431;3252.784;2451.162;3.810;3549.517;2460.794;3596.787;442.125;503.341;3355.030;2921.325;50.810;2802.420;2898.007;3099.955;2722.727;771.343;2.193;12.094;-2.608;968.411;3590.123;1881.164;1569.396;2924.763;290.619;861.334;1914.742;3613.884;1875.792;2.630;3005.538;1195.795;3001.266;1466.714;3271.006;2359.855;1446.609;699.090;256.586;348.949;297.957;222.463;626.555;2459.996;2002.983;-9.284;501.207;3601.763;1700.919;771.627;1000.760;2739.410;563.785;2342.507;3587.263;3333.382;925.699;1701.582;2169.531;3181.690;664.142;2.524;5.235;1859.625;2161.444;2215.035;1080.921;3596.972;1904.260;1497.727;2149.232;2933.714;2595.967;908.227;249.723;1380.868;2354.146;793.298;2543.187;446.670;1199.974;3208.221;660.860;2377.927;1603.628;3258.944;1264.253;292.295;2642.107;2783.220;3459.228;3602.178;-5.201;1021.143;2204.221;3607.083
121,215.34739923477173,120,-560.6761798943587,560.6761798943587,0.29591633302740006,1771.263;2574.247;3.747;965.340;324.577;16.327;677.241;1125.199;1347.492;1976.664;1658.559;2629.425;746.010;3589.125;6.707;2554.171;1274.669;1712.092;580.232;535.821;2806.031;3593.174;1233.145;2784.643;3600.098;3031.528;10.947;0.113;656.263;3571.793;6.480;1486.371;3591.532;1735.865;3035.772;1180.285;2371.186;3314.885;-2.178;2416.755;3596.237;2999.948;1035.014;3243.283;1.622;1697.604;3603.268;946.654;1092.149;304.144;-4.606;3254.830;817.056;775.219;1659.776;7.185;2002.075;505.037;2223.653;2891.229;8.074;1516.650;2586.520;1216.414;13.715;2035.664;2373.283;1883.515;3596.106;1999.553;3585.472;291.058;491.010;2836.374;1488.594;481.528;3594.162;1314.515;2756.637;2305.718;3176.371;2325.584;2879.917;1053.321;503.192;3575.468;1513.121;3594.439;2400.595;2223.985;11.184;3599.755;1763.281;2147.627;1650.158;786.412;3250.052;2332.359;0.859;2735.522,1439.172;1868.400;3547.884;1409.305;3285.368;2445.894;-11.492;3605.033;2474.013;3568.115;420.971;445.710;3321.101;2894.264;-8.085;2827.693;2877.439;3086.955;2726.527;721.098;-12.700;6.272;-3.629;1055.596;3591.586;1786.522;1556.173;2902.755;288.283;867.803;1873.288;3596.008;1867.889;1.511;3033.882;1183.868;3061.036;1384.702;3213.464;2391.670;1547.694;633.658;146.101;281.410;220.230;202.525;644.785;2422.720;2084.694;115.866;473.254;3588.705;1655.618;902.540;1057.764;2647.217;612.735;2361.885;3586.688;3431.473;899.534;1701.029;2163.022;3189.812;709.887;15.424;27.354;1867.806;2178.445;2335.030;1119.340;3593.460;1922.472;1530.836;2116.970;2969.372;2643.834;917.352;225.463;1319.763;2242.835;795.787;2605.923;442.272;1228.613;3227.692;631.172;2440.306;1512.134;3260.124;1164.207;434.051;2638.669;2767.831;3419.011;3569.762;4.511;998.105;2163.123;3602.888
141,251.81805992126465,140,-561.4197120132332,561.4197120132332,0.40219462481270674,1676.887;2651.070;0.388;1010.664;347.515;13.589;684.982;1078.631;1385.235;1984.211;1604.709;2634.557;878.766;3605.010;46.315;2587.217;1260.743;1704.504;554.325;404.315;2842.694;3616.659;1264.690;2931.777;3565.078;3022.216;26.110;6.079;550.858;3608.550;-3.668;1503.719;3603.061;1743.879;3085.701;1134.865;2423.022;3302.549;-0.747;2472.397;3596.903;3049.374;1104.351;3264.038;6.463;1697.075;3593.018;941.077;1010.885;397.496;-10.971;3322.517;859.397;794.625;1711.332;18.621;2051.855;469.788;2260.699;2902.904;-8.593;1552.857;2522.730;1168.362;4.466;2140.414;2403.605;1881.216;3602.459;2005.138;3555.727;246.338;519.678;2835.511;1480.104;431.874;3570.001;1318.533;2744.079;2479.336;3160.865;2363.228;2904.086;979.598;538.787;3579.558;1488.271;3614.266;2325.828;2315.490;13.397;3593.404;1756.588;2133.338;1597.712;717.867;3136.626;2333.566;-0.616;2806.333,1427.777;1878.721;3558.548;1462.423;3320.471;2365.233;14.993;3592.333;2490.764;3582.837;410.566;384.081;3234.659;2924.819;48.602;2824.676;2841.006;3099.593;2772.909;702.398;1.299;10.775;5.338;1003.913;3601.689;1916.160;1522.346;2826.298;291.033;853.846;1821.425;3584.028;1809.619;10.699;3064.456;1191.211;3055.367;1401.459;3190.687;2441.888;1534.687;770.752;187.739;443.682;258.050;199.556;575.670;2303.481;2088.104;0.776;509.250;3577.655;1673.155;834.291;1060.642;2603.061;620.156;2403.143;3603.284;3384.680;1004.764;1731.224;2196.767;3111.377;717.078;11.468;47.501;1915.537;2154.523;2374.426;1179.764;3598.855;1992.755;1457.661;2156.929;3024.189;2661.424;905.188;174.580;1360.662;2121.834;756.268;2563.943;475.497;1242.114;3226.419;635.236;2407.413;1582.696;3294.265;1175.398;296.216;2673.650;2757.872;3404.799;3585.265;6.320;998.573;2109.589;3585.295
161,288.26414585113525,160,-562.1011139498414,562.1011139498414,0.42346893998518625,1634.108;2595.422;-5.557;973.235;373.053;27.846;662.958;1130.737;1405.623;1932.466;1596.666;2658.830;801.091;3595.376;28.941;2508.550;1157.994;1677.122;445.653;401.754;2796.056;3594.881;1203.298;2972.383;3604.067;3055.829;-14.031;-2.336;514.268;3593.166;28.972;1569.657;3587.997;1704.222;3076.175;1128.291;2442.895;3250.689;7.184;2510.113;3609.704;3010.676;1131.562;3231.528;-3.245;1661.796;3613.251;965.852;969.804;348.055;5.881;3258.247;991.745;837.106;1717.222;3.292;2056.266;490.469;2350.819;2869.541;18.533;1570.597;2565.779;1123.484;-6.052;2059.267;2407.044;1981.424;3583.552;2052.434;3608.657;347.336;503.685;2787.054;1411.629;364.778;3589.598;1366.468;2746.768;2507.733;3161.215;2422.383;3058.581;995.682;544.151;3590.297;1520.326;3587.427;2268.765;2377.863;-6.855;3598.660;1759.624;2138.783;1610.968;743.230;3213.380;2404.407;2.883;2833.710,1437.292;1912.150;3580.884;1448.083;3390.792;2339.035;36.417;3580.689;2508.539;3599.655;459.640;378.008;3225.635;2854.047;18.061;2834.028;2783.640;3060.538;2781.059;648.407;9.725;2.490;7.080;1069.497;3591.724;1903.961;1531.819;2841.324;297.309;808.623;1847.408;3594.840;1789.935;18.495;3106.912;1201.121;3116.704;1343.844;3181.892;2433.428;1545.980;811.389;218.936;469.956;199.819;199.774;583.707;2264.979;1997.969;2.921;466.472;3594.583;1740.090;868.691;1049.938;2576.592;601.424;2404.237;3598.801;3350.763;1021.871;1732.955;2188.498;3089.455;797.055;3.402;6.052;1924.102;2203.585;2291.925;1180.275;3606.954;1886.074;1490.957;2233.289;3056.501;2649.406;879.755;196.421;1319.699;2170.468;723.192;2532.670;467.627;1215.968;3131.945;659.933;2435.668;1534.773;3385.516;1241.710;233.546;2746.120;2729.753;3365.183;3598.328;-2.770;1009.669;2116.148;3612.688
181,324.81896781921387,180,-560.6675660012785,560.6675660012785,0.2786836981105031,1674.578;2614.455;-2.043;962.654;355.792;44.801;675.280;1110.362;1365.460;1952.077;1591.447;2620.017;783.922;3553.115;22.405;2500.532;1217.730;1715.121;472.573;385.625;2918.196;3592.617;1282.610;2941.298;3594.770;3187.603;10.260;1.985;535.148;3569.798;21.543;1554.203;3591.035;1694.903;3138.553;1073.210;2473.933;3263.888;0.158;2557.452;3563.600;2931.613;992.820;3331.390;-2.882;1643.993;3592.879;895.183;909.642;352.536;11.393;3303.904;935.591;860.007;1786.515;24.292;2034.342;552.010;2349.893;2851.885;9.442;1523.227;2541.749;1169.527;16.055;2090.362;2376.534;1985.444;3581.327;2008.038;3591.793;290.884;485.963;2773.705;1455.468;400.798;3578.928;1295.798;2657.172;2391.792;3057.744;2501.955;3072.145;940.878;510.045;3584.937;1605.144;3583.844;2337.797;2406.599;5.498;3542.047;1821.750;2183.095;1632.637;717.530;3261.365;2476.537;15.193;2878.852,1428.598;1919.102;3534.518;1442.323;3390.501;2370.453;1.166;3561.275;2450.528;3564.774;434.147;368.072;3273.229;2910.873;2.588;2905.687;2883.811;3101.941;2756.804;686.712;32.789;-10.146;53.694;1115.334;3540.228;1915.095;1600.558;2835.220;307.870;878.343;1857.084;3600.851;1862.839;-16.615;3222.282;1130.150;3110.227;1312.058;3151.152;2518.619;1493.630;728.860;147.000;585.143;175.000;213.133;550.574;2352.557;1946.591;55.927;520.981;3597.934;1748.809;797.220;1108.121;2591.114;619.916;2429.890;3596.205;3257.268;1061.374;1707.717;2191.604;3171.059;783.901;70.953;4.054;1904.974;2162.342;2379.423;1230.334;3598.772;1919.075;1479.197;2137.564;3089.919;2643.892;800.826;98.944;1281.381;2161.585;754.336;2596.531;542.772;1187.089;3204.986;738.773;2388.194;1566.595;3402.020;1327.200;198.133;2749.939;2650.022;3393.867;3596.608;21.119;937.332;2093.435;3595.261
201,361.41658306121826,200,-561.1103461971775,561.1103461971775,0.2986340406198607,1655.153;2672.334;-1.761;985.248;343.014;31.777;698.132;1161.221;1369.770;1920.743;1579.592;2586.546;733.283;3590.991;0.223;2532.468;1306.380;1726.612;474.787;361.572;2954.697;3612.451;1376.932;2914.851;3596.818;3216.841;7.993;13.547;542.066;3590.396;10.047;1545.113;3589.466;1710.571;3212.010;1167.229;2405.063;3335.111;7.419;2602.497;3593.296;2911.697;1031.145;3379.805;-4.425;1669.052;3572.881;933.066;908.447;329.030;7.682;3281.637;943.727;780.936;1743.448;-4.504;2093.716;570.974;2402.245;2839.572;19.750;1609.116;2403.382;1198.412;11.061;2107.382;2458.574;2040.025;3600.937;1908.567;3594.658;251.595;414.282;2837.542;1517.253;428.903;3578.896;1236.375;2706.288;2393.107;3032.093;2509.589;2978.423;872.455;585.055;3589.505;1674.983;3613.771;2303.836;2389.152;10.711;3584.978;1809.529;2201.202;1588.426;689.750;3264.136;2446.515;30.286;2913.626,1438.535;1902.329;3554.897;1375.451;3336.212;2320.337;47.270;3481.705;2476.866;3556.755;483.323;412.044;3358.613;2863.599;5.842;2948.915;2817.913;3058.315;2751.039;731.141;34.203;11.065;62.932;1147.107;3600.283;1957.838;1571.592;2824.833;247.656;866.907;1897.658;3602.961;1885.442;-7.281;3136.665;1094.937;3177.538;1366.444;3144.410;2554.507;1498.467;705.289;105.983;666.994;305.029;205.602;434.549;2324.736;2035.956;3.625;484.908;3599.902;1757.437;838.254;1051.497;2583.924;628.231;2423.083;3589.758;3222.362;1041.371;1683.473;2112.969;3174.913;829.165;5.763;28.293;1940.619;2140.367;2375.506;1116.606;3574.520;1858.570;1447.185;2007.631;3033.060;2646.901;766.660;18.763;1280.658;2288.398;686.288;2601.448;522.227;1241.767;3194.205;752.648;2412.595;1549.735;3397.063;1340.903;194.794;2733.224;2630.860;3378.144;3598.332;18.348;954.085;2116.666;3583.005
221,397.98187589645386,220,-562.0117540802182,562.0117540802182,0.38624133502794206,1676.656;2672.279;6.290;966.659;342.535;-1.461;674.376;1115.754;1435.167;1978.168;1557.175;2604.322;827.485;3598.409;6.669;2594.807;1262.223;1815.386;490.666;372.625;2949.798;3603.915;1403.585;2927.468;3602.505;3191.177;8.712;-7.851;562.558;3572.233;2.063;1520.460;3587.608;1736.774;3225.536;1154.653;2454.097;3280.274;4.841;2599.331;3588.288;3009.537;977.853;3503.580;-2.564;1736.283;3588.139;904.031;919.881;252.334;17.383;3255.795;949.926;727.939;1679.327;15.864;2128.062;566.009;2352.904;2867.049;6.343;1661.876;2402.129;1209.657;17.894;2076.875;2434.649;2100.351;3587.311;1881.077;3590.823;322.072;479.325;2876.451;1470.454;472.039;3588.560;1206.106;2713.455;2344.663;3061.257;2481.012;3028.544;923.894;580.542;3594.505;1657.968;3591.862;2193.447;2357.563;6.423;3588.223;1843.416;2266.624;1641.525;671.724;3227.667;2473.141;20.541;2867.345,1395.333;1889.512;3580.895;1458.562;3255.620;2320.700;43.766;3549.935;2472.704;3580.668;439.509;422.354;3373.683;2872.794;-2.729;2935.830;2792.311;3045.299;2792.909;709.176;8.541;-6.621;30.600;1073.606;3575.431;1930.325;1681.027;2904.042;273.475;875.362;1939.129;3610.170;1826.717;3.935;3179.046;1126.600;3145.057;1437.927;3182.149;2599.776;1439.188;719.206;74.729;587.644;293.340;288.075;365.688;2425.106;2105.493;2.758;525.011;3596.295;1786.143;880.202;1095.649;2533.969;651.445;2428.418;3615.405;3234.024;1086.855;1715.068;2098.988;3158.468;820.602;-0.334;7.861;1946.833;2137.699;2356.888;1148.680;3603.084;1736.356;1480.524;2013.736;3043.457;2635.968;763.413;24.250;1262.998;2207.280;689.241;2611.355;552.631;1250.670;3156.854;729.747;2327.377;1520.965;3357.669;1373.818;182.864;2694.363;2670.303;3398.689;3584.399;15.945;991.690;2136.565;3616.117
241,434.42895889282227,240,-562.9433566920668,562.9433566920668,0.36718130375805125,1703.058;2709.886;-3.769;1018.577;306.262;9.775;662.170;1117.436;1405.143;1955.248;1586.213;2622.864;766.082;3592.814;3.259;2568.167;1295.857;1733.409;505.640;378.112;2949.989;3579.323;1380.513;2920.870;3600.107;3209.326;22.639;-5.421;501.978;3544.006;2.627;1542.977;3598.109;1771.705;3308.418;1051.857;2483.344;3289.508;1.233;2659.272;3614.072;3056.427;1018.094;3582.558;4.168;1682.977;3607.483;806.300;943.511;359.846;7.463;3206.191;1010.256;741.710;1740.143;9.061;2102.118;596.206;2335.678;2991.652;8.461;1604.898;2399.415;1221.746;18.244;2122.094;2393.807;2101.005;3592.036;1912.972;3593.024;220.150;451.671;2902.322;1506.933;401.988;3586.842;1176.718;2694.164;2336.639;3074.428;2531.599;3068.479;890.773;622.571;3590.536;1707.247;3602.870;2252.475;2421.479;0.538;3582.908;1806.358;2257.840;1615.453;669.921;3287.489;2445.143;25.189;2819.482,1454.078;1910.324;3582.677;1479.821;3349.787;2317.174;17.356;3582.247;2421.755;3588.823;439.079;471.418;3374.836;2825.848;-8.820;2902.607;2745.915;3086.665;2839.435;715.070;2.403;24.324;30.675;1149.623;3604.043;1892.779;1623.920;2820.700;287.507;815.475;1909.770;3574.019;1909.139;9.612;3380.443;1090.495;3140.251;1366.209;3183.460;2644.481;1525.695;811.956;29.747;584.167;286.946;218.788;394.185;2477.506;2034.766;-12.437;512.336;3588.304;1724.579;888.435;1172.070;2532.693;723.953;2312.760;3590.176;3135.637;1153.751;1724.240;2121.116;3127.223;868.150;-1.766;-2.624;1972.729;2161.524;2406.288;1203.467;3609.117;1714.307;1525.441;2038.852;3062.242;2653.500;679.152;6.943;1157.780;2141.946;710.033;2645.398;512.436;1281.185;3130.618;748.160;2408.612;1433.678;3376.242;1395.996;178.534;2685.452;2649.962;3379.732;3592.875;9.413;890.856;2120.520;3583.100
261,471.21987080574036,260,-562.5179694666231,562.5179694666231,0.1286891194327368,1672.800;2681.044;5.765;1019.386;245.380;17.967;665.367;1161.562;1459.869;1933.906;1607.129;2614.632;749.163;3579.534;-2.297;2543.803;1309.102;1700.840;596.084;320.695;2946.782;3592.097;1391.800;2896.587;3592.262;3283.252;6.088;6.811;577.397;3596.910;14.438;1571.909;3575.028;1741.985;3315.388;1085.455;2453.347;3395.860;4.328;2651.827;3579.621;3135.073;1021.054;3594.834;14.358;1614.368;3591.870;916.811;912.573;249.335;4.659;3234.738;1009.052;775.266;1743.306;4.309;2155.886;462.503;2351.881;2923.820;8.639;1628.653;2530.705;1190.320;1.908;2114.158;2444.090;2143.730;3590.316;1885.745;3519.568;202.321;506.452;2872.115;1496.522;367.690;3585.876;1205.643;2674.008;2351.122;2993.517;2594.709;3064.850;857.982;595.353;3593.948;1722.490;3588.823;2212.397;2366.792;30.700;3598.236;1770.456;2278.745;1644.451;675.917;3275.410;2473.606;36.312;2905.176,1432.464;1962.752;3603.102;1505.348;3336.919;2333.429;8.187;3606.022;2389.296;3601.602;393.568;455.131;3303.330;2857.836;16.850;2925.766;2797.463;3014.726;2798.046;810.246;-1.011;-4.567;3.738;1212.205;3600.304;1816.050;1632.854;2813.842;271.295;836.030;1914.271;3595.443;1956.481;4.676;3395.459;1081.919;3156.269;1395.523;3173.297;2547.803;1562.586;811.353;8.086;604.159;281.527;146.496;412.227;2500.018;2069.331;29.275;544.636;3594.979;1777.076;804.971;1142.153;2507.500;668.892;2376.392;3602.417;3181.438;1169.766;1747.006;2154.526;3214.448;859.204;9.565;2.813;1891.928;2143.709;2346.571;1061.816;3580.728;1667.786;1546.151;2072.055;3036.604;2621.150;740.840;8.211;1209.193;2227.498;634.075;2641.243;427.595;1234.170;3109.696;770.184;2412.174;1510.595;3425.248;1387.254;228.458;2707.753;2733.571;3354.560;3600.675;-1.277;912.278;2078.381;3591.196
281,507.7889437675476,280,-562.870061393552,562.870061393552,0.5386027761843124,1672.996;2734.970;-6.190;1066.429;315.099;2.580;625.747;1142.915;1375.528;1961.210;1662.010;2640.452;679.482;3578.002;22.645;2588.257;1320.899;1743.797;574.375;327.391;2952.353;3602.023;1375.656;2997.098;3589.946;3272.147;-8.736;9.421;529.032;3580.818;6.626;1604.307;3599.272;1719.908;3281.004;1077.797;2393.812;3415.000;3.873;2517.608;3595.260;3157.667;1011.025;3607.838;-7.492;1642.294;3593.520;887.000;958.551;300.979;14.207;3233.816;1005.469;772.456;1673.370;-0.060;2091.513;472.516;2364.290;2999.495;26.851;1646.971;2532.115;1173.026;-8.357;2100.681;2406.585;2147.901;3594.334;1874.440;3561.892;304.211;556.405;2827.460;1518.338;256.771;3595.686;1204.405;2688.161;2348.044;3003.746;2572.915;3090.680;851.314;601.678;3610.962;1657.565;3593.073;2269.556;2413.181;41.475;3601.949;1770.215;2383.669;1719.171;732.109;3248.352;2452.553;10.095;2915.475,1459.479;1974.001;3596.908;1500.834;3378.799;2269.118;-18.432;3604.417;2465.914;3582.995;449.956;457.979;3232.322;2881.630;30.325;2933.645;2837.478;3055.336;2852.779;867.330;46.068;-16.968;-8.230;1202.068;3574.803;1765.119;1606.171;2772.730;340.823;859.478;1864.312;3597.986;1932.413;7.823;3419.488;1035.983;3161.464;1385.895;3287.930;2487.552;1580.554;792.973;30.760;624.756;233.113;214.789;388.263;2479.136;2133.139;20.684;552.180;3615.577;1859.305;751.119;1176.798;2535.401;640.583;2368.832;3595.854;3139.238;1152.598;1647.676;2127.667;3153.557;788.809;16.568;22.062;1882.570;2197.797;2325.190;1045.297;3608.601;1724.598;1576.356;1963.109;3021.727;2659.111;728.390;-1.832;1188.528;2233.611;682.501;2628.086;411.214;1262.364;3221.152;827.877;2427.705;1459.059;3426.254;1422.807;203.427;2656.561;2756.410;3271.830;3589.633;6.177;947.302;2039.490;3555.769
301,544.279100894928,300,-563.1676315340246,563.1676315340246,0.23143302274209168,1632.116;2743.741;4.389;1009.568;331.158;20.271;660.647;1153.498;1386.448;1979.437;1711.261;2622.510;684.452;3583.890;3.797;2484.860;1210.737;1757.971;646.456;249.772;2916.602;3561.334;1274.307;3000.061;3597.399;3270.108;17.690;3.590;544.708;3579.717;4.175;1566.645;3594.936;1704.021;3287.026;1149.440;2510.897;3369.994;4.750;2452.820;3596.395;3170.705;988.725;3568.918;-1.711;1697.148;3591.925;755.264;928.345;363.448;16.826;3208.012;926.609;750.099;1704.474;25.023;2098.632;460.589;2369.969;3013.124;7.749;1644.471;2610.121;1247.557;7.477;2088.776;2394.419;2115.332;3584.837;1963.114;3579.127;310.494;596.531;2824.052;1515.474;249.155;3599.260;1251.577;2642.252;2369.704;2951.641;2653.358;3019.541;852.535;566.470;3601.029;1683.249;3590.257;2311.802;2424.480;11.597;3608.363;1873.285;2470.482;1721.002;718.662;3169.038;2462.637;-11.350;2834.980,1461.311;1886.001;3586.130;1492.457;3430.335;2206.565;0.376;3573.505;2472.538;3602.159;542.650;441.462;3137.124;2889.674;-0.641;2927.916;2780.101;3043.593;2842.953;844.181;48.449;-7.502;20.981;1235.489;3599.935;1771.845;1611.589;2827.456;226.841;790.362;1797.816;3588.378;1974.987;-0.181;3412.861;1088.840;3184.917;1393.271;3230.255;2467.843;1500.050;902.446;14.284;559.318;199.835;204.562;358.905;2537.059;2176.819;14.428;485.653;3590.624;1834.732;837.434;1165.645;2476.132;608.394;2380.823;3594.043;3137.696;1132.728;1758.268;2113.376;3171.405;710.373;-2.523;11.140;1885.518;2199.239;2288.760;1090.709;3595.905;1673.966;1593.364;2077.885;2997.622;2648.754;654.100;25.410;1177.615;2282.213;679.459;2681.595;444.932;1319.800;3170.847;897.952;2400.262;1403.636;3412.320;1375.938;169.982;2658.382;2735.793;3322.474;3597.292;0.212;961.966;2031.171;3584.217
321,580.9069821834564,320,-562.0653733376873,562.0653733376873,0.49823072313911276,1677.455;2642.354;-0.677;987.780;311.360;6.105;685.308;1107.615;1515.267;1985.182;1703.300;2686.812;847.258;3581.244;7.255;2496.889;1132.442;1798.854;636.735;287.059;2937.858;3586.820;1260.547;3002.155;3596.384;3229.052;-2.823;17.977;539.232;3606.285;9.817;1557.864;3604.341;1737.169;3333.566;1163.802;2495.871;3434.086;6.684;2438.219;3590.929;3176.189;999.579;3568.070;26.937;1607.547;3572.813;712.469;917.298;305.196;52.882;3219.080;1018.550;696.337;1698.187;8.945;2178.681;493.864;2348.551;3011.531;9.039;1569.538;2579.864;1265.949;17.396;2096.004;2357.005;2140.403;3596.033;1985.708;3591.536;372.608;558.129;2844.862;1482.240;196.149;3600.068;1289.401;2678.866;2360.833;2971.269;2617.389;2991.933;867.714;568.418;3578.297;1728.653;3591.962;2290.559;2408.017;-5.867;3585.433;1775.196;2455.992;1661.865;669.437;3261.528;2476.224;16.683;2807.109,1466.505;1847.185;3603.447;1486.623;3289.770;2187.914;-10.941;3584.342;2378.246;3491.254;589.617;315.060;3141.971;2836.207;11.567;2951.267;2707.766;3044.166;2897.122;925.608;70.144;3.235;6.937;1164.248;3562.265;1759.804;1593.853;2764.466;306.332;850.895;1790.344;3566.869;1988.143;1.743;3415.773;1048.402;3267.303;1406.858;3331.054;2511.607;1628.412;881.883;88.070;580.235;186.596;220.546;390.405;2549.954;2183.220;33.084;462.841;3610.423;1896.300;824.837;1161.315;2502.209;539.371;2321.155;3612.765;3062.387;1069.125;1667.806;2149.842;3252.585;670.498;-7.638;148.825;1919.172;2189.289;2249.900;1094.283;3528.849;1720.129;1508.908;2012.380;2987.055;2642.557;715.995;-10.111;1244.905;2260.253;732.074;2686.285;453.975;1342.862;3172.781;837.348;2405.262;1415.893;3437.059;1388.340;186.654;2664.622;2789.407;3354.208;3613.416;40.821;1018.906;2048.529;3598.382
341,617.6072335243225,340,-563.0385604179494,563.0385604179494,0.2813171357153207,1656.056;2703.549;-1.448;953.908;301.921;-7.940;692.990;1104.093;1383.086;1950.638;1809.692;2746.720;843.213;3583.884;17.001;2469.378;1186.336;1824.489;675.796;187.500;2943.037;3602.633;1355.040;3012.670;3592.702;3170.087;12.641;2.712;503.207;3585.472;19.082;1542.875;3577.561;1717.386;3417.957;1085.226;2453.455;3492.350;29.474;2512.422;3596.322;3092.389;925.986;3603.674;0.493;1550.524;3538.242;754.487;863.462;302.087;18.665;3213.893;1040.843;752.817;1698.343;8.877;2185.609;393.474;2362.471;3078.946;3.491;1609.201;2532.818;1182.795;10.111;2167.371;2439.407;2102.866;3598.872;1951.927;3582.571;340.283;614.164;2848.023;1542.427;167.744;3598.516;1325.978;2629.881;2363.684;3008.997;2526.456;3009.611;815.532;504.285;3583.961;1671.610;3586.478;2314.426;2434.072;37.460;3581.395;1851.385;2460.450;1615.119;720.876;3286.576;2438.038;-7.752;2819.651,1409.162;1930.582;3590.006;1470.366;3141.075;2216.438;3.946;3593.608;2290.643;3538.393;600.192;398.150;3200.845;2893.657;20.918;2965.230;2718.391;3034.240;2906.538;918.301;42.311;7.987;5.692;1237.042;3595.837;1813.484;1625.811;2773.571;376.059;814.070;1811.782;3589.090;1921.863;17.081;3390.574;1031.310;3206.693;1384.839;3396.147;2508.588;1686.324;836.097;47.189;584.953;251.124;287.986;397.019;2568.055;2167.345;16.660;433.693;3598.037;1892.724;845.367;1180.265;2438.056;528.064;2338.147;3608.395;3108.428;1132.932;1686.321;2171.076;3249.290;676.883;2.470;193.461;1858.563;2147.651;2331.803;1114.493;3588.193;1778.557;1449.536;2044.157;2966.200;2617.084;672.054;3.592;1265.085;2309.995;687.439;2736.935;520.590;1241.935;3117.868;857.743;2381.860;1523.044;3424.441;1431.879;195.994;2663.422;2790.535;3354.728;3613.547;14.800;973.633;1993.320;3596.546
361,654.1670446395874,360,-564.0124579961973,564.0124579961973,0.3231980052336742,1609.478;2722.427;-0.842;927.437;187.512;4.329;713.265;1033.048;1329.010;1892.262;1853.975;2741.362;911.886;3587.990;-10.563;2500.837;1147.819;1744.059;635.995;72.511;2968.899;3594.953;1310.544;2981.039;3595.005;3236.469;27.427;4.546;423.877;3605.329;13.962;1453.124;3592.890;1723.204;3405.564;1155.527;2485.887;3581.994;55.115;2482.153;3573.642;3111.618;987.072;3585.650;16.214;1543.030;3588.245;752.225;918.596;386.715;2.870;3228.131;1020.043;729.211;1778.414;20.335;2271.549;382.410;2350.438;3084.201;29.185;1600.296;2575.300;1308.224;46.958;2169.322;2452.928;2083.697;3581.930;2018.352;3594.581;346.414;641.725;2869.005;1491.155;210.665;3607.902;1347.977;2618.618;2352.016;2923.857;2614.809;3050.082;780.206;486.952;3548.821;1607.485;3587.311;2278.660;2424.082;5.473;3553.247;1861.673;2453.325;1625.835;678.781;3297.766;2451.493;-4.706;2860.085,1448.008;1812.996;3599.512;1462.067;3187.567;2175.230;9.454;3601.945;2320.322;3596.771;573.452;367.145;3210.936;2905.952;27.151;3006.242;2751.531;3021.091;2992.532;937.877;4.000;2.762;-1.786;1184.479;3588.409;1827.131;1603.742;2763.840;382.149;895.901;1812.673;3607.882;1968.884;4.304;3348.707;1085.286;3250.021;1426.637;3377.571;2474.999;1687.438;902.396;3.920;630.362;179.606;252.873;398.412;2559.308;2149.631;-5.039;417.769;3606.826;1862.081;908.585;1283.003;2503.725;547.061;2346.953;3597.532;3121.482;1123.309;1725.615;2141.929;3207.005;657.270;3.296;238.166;1906.052;2159.453;2329.771;1135.656;3605.272;1873.981;1445.577;2111.452;2901.526;2649.055;638.207;-10.306;1257.820;2298.498;694.922;2686.002;556.587;1299.579;3107.395;859.612;2369.276;1451.964;3407.866;1365.320;217.828;2651.385;2742.725;3343.469;3590.608;6.461;992.677;1978.426;3596.279
381,690.6281487941742,380,-564.5429384067804,564.5429384067804,0.3875223187384757,1650.894;2608.210;2.141;814.326;192.172;0.500;744.624;972.994;1379.351;1880.679;1808.218;2831.231;932.913;3609.953;-13.029;2489.905;1179.583;1879.899;639.959;7.779;2951.063;3607.791;1355.831;3006.091;3608.840;3174.224;-4.370;13.885;459.357;3603.460;16.816;1408.632;3593.456;1767.000;3398.377;1132.798;2463.552;3590.097;43.759;2507.911;3593.711;3188.256;1013.412;3552.847;0.560;1532.677;3581.711;730.645;929.393;335.990;11.897;3236.775;1073.690;795.297;1685.908;20.013;2206.118;394.882;2342.583;3010.473;2.467;1617.103;2673.588;1316.400;20.004;2131.930;2413.221;2149.736;3575.497;1944.161;3599.203;294.515;528.916;2835.188;1475.552;93.312;3594.753;1309.190;2570.172;2360.045;2850.002;2658.783;3062.541;743.342;506.684;3597.990;1694.797;3593.977;2302.174;2397.801;-11.574;3579.950;1778.966;2483.483;1561.924;621.102;3296.950;2452.655;-3.780;2855.136,1500.639;1819.313;3605.832;1506.759;3194.231;2228.559;21.461;3597.330;2331.770;3595.419;558.328;403.497;3212.635;2874.930;11.263;3013.059;2737.477;3043.352;2970.049;929.287;9.303;-8.100;1.567;1191.566;3582.437;1719.517;1592.744;2742.161;418.979;897.876;1784.697;3589.223;1978.039;-4.900;3299.507;1110.767;3243.199;1464.147;3402.261;2409.716;1686.548;882.469;-4.790;669.977;194.388;342.241;419.745;2613.118;2076.554;-1.615;422.483;3599.106;1821.455;947.967;1202.644;2497.081;535.896;2292.178;3594.350;3177.480;1108.855;1809.962;2123.645;3179.243;664.308;-0.305;241.084;1818.109;2208.760;2290.730;1209.439;3599.283;1942.739;1478.707;2090.214;2951.317;2654.244;682.547;12.034;1215.207;2410.996;681.414;2717.328;532.450;1294.336;3150.153;816.583;2427.595;1466.236;3439.985;1368.702;236.635;2674.297;2722.160;3340.902;3587.228;-4.703;1010.789;2004.903;3599.247
401,727.293468952179,400,-563.7801418913152,563.7801418913152,0.38666469437664425,1656.323;2653.093;8.572;739.355;160.397;7.414;662.576;966.960;1363.389;1951.733;1858.088;2813.393;897.581;3580.619;12.618;2555.917;1176.586;1839.857;621.420;3.749;2934.140;3600.152;1361.516;3010.525;3601.600;3149.859;13.785;56.962;502.516;3564.028;2.460;1406.557;3581.945;1712.783;3363.930;1149.166;2479.599;3596.211;5.745;2472.568;3597.718;3093.602;968.843;3533.859;1.351;1507.897;3573.246;722.716;891.096;330.532;1.326;3254.546;1065.714;769.123;1712.143;30.179;2263.754;421.982;2241.181;3009.280;-10.169;1559.975;2752.673;1293.452;10.854;2057.423;2398.059;2187.409;3593.670;2014.637;3579.296;323.190;599.542;2902.301;1544.358;18.739;3587.969;1263.224;2634.609;2357.644;2867.928;2692.312;3128.639;810.664;504.722;3593.573;1724.270;3583.497;2294.192;2510.856;30.692;3580.854;1799.503;2360.592;1527.762;675.523;3330.089;2443.603;-12.774;2849.360,1433.923;1799.972;3595.418;1497.265;3204.771;2312.359;1.205;3590.518;2423.582;3605.477;517.269;398.819;3159.591;2895.746;-9.712;2947.173;2677.139;3132.741;2925.190;924.585;6.631;8.614;-2.779;1258.517;3599.945;1814.176;1576.134;2733.266;439.284;866.348;1761.049;3613.994;1942.210;-0.251;3344.111;1227.465;3164.979;1486.095;3362.283;2422.416;1756.484;968.467;7.506;659.503;210.777;375.404;448.806;2595.649;2121.857;10.621;434.297;3603.155;1890.879;992.564;1109.431;2500.815;546.113;2224.115;3561.423;3168.431;1175.604;1775.078;2108.464;3122.040;686.640;-3.299;133.994;1803.285;2211.862;2295.679;1179.259;3595.275;1898.108;1474.908;2047.268;2926.729;2647.160;668.798;-5.001;1225.929;2428.354;680.868;2768.639;505.677;1223.261;3171.144;819.616;2428.943;1471.091;3488.659;1342.429;278.912;2707.655;2726.555;3415.180;3610.587;6.058;991.988;2055.133;3589.860
421,763.7446146011353,420,-564.8355501019801,564.8355501019801,0.5190876052918717,1608.140;2725.913;-13.148;726.859;54.476;13.427;669.086;1046.270;1360.350;1903.284;1919.946;2819.870;889.159;3574.678;17.949;2529.278;1191.014;1847.162;550.465;13.759;2960.430;3606.968;1323.310;2944.591;3592.519;3124.346;23.989;10.694;534.820;3606.208;-9.208;1410.888;3593.293;1685.060;3459.372;1114.010;2507.775;3598.473;69.283;2491.667;3591.943;3085.508;994.609;3502.481;4.258;1514.290;3569.427;677.056;943.988;362.523;17.415;3249.120;1126.171;754.006;1657.128;6.266;2285.631;480.780;2319.461;3020.971;28.617;1621.842;2772.452;1370.575;24.146;2031.694;2441.035;2101.635;3590.399;2018.106;3592.520;358.526;565.499;2868.408;1500.033;-6.740;3589.514;1302.432;2584.118;2313.098;2927.305;2637.159;3190.748;897.769;521.188;3541.647;1774.821;3573.895;2221.810;2440.365;16.345;3596.097;1824.093;2379.946;1538.105;713.302;3244.681;2456.157;6.369;2850.193,1422.352;1697.817;3616.030;1541.306;3200.892;2335.010;3.481;3596.222;2367.480;3610.191;469.447;397.248;3154.586;2945.986;7.738;2947.804;2640.922;3159.530;2980.034;882.203;6.283;-2.535;3.747;1233.159;3596.557;1879.648;1626.808;2739.964;414.892;882.684;1800.865;3609.459;1934.769;6.815;3323.446;1182.124;3224.387;1466.377;3443.227;2432.774;1711.722;979.061;2.803;623.683;214.379;311.822;461.084;2635.743;2113.659;49.051;463.885;3593.534;1922.171;930.189;1124.893;2548.414;579.832;2192.456;3607.053;3128.491;1230.290;1820.833;2165.916;3098.112;693.683;24.415;213.842;1777.715;2179.155;2270.247;1213.692;3568.704;1848.363;1437.988;2094.211;2967.107;2625.713;686.082;-7.130;1219.352;2463.549;730.999;2793.455;526.752;1158.002;3109.350;833.491;2403.134;1537.712;3424.724;1369.487;258.944;2703.954;2643.036;3431.594;3585.378;52.164;993.310;2065.809;3601.635
441,800.191593170166,440,-564.922112521823,564.922112521823,0.28270498659748006,1630.965;2811.712;-3.792;673.557;-0.863;29.625;677.810;1072.087;1306.459;1900.129;1906.422;2778.855;876.282;3554.142;14.049;2617.333;1212.318;1774.265;541.825;-2.010;2902.333;3598.239;1320.510;2932.217;3576.023;3089.999;-1.544;11.355;568.633;3585.198;5.134;1479.953;3583.497;1668.346;3479.899;1177.813;2489.911;3592.483;4.968;2440.762;3611.867;3002.338;980.314;3599.271;-7.093;1483.452;3535.051;652.199;993.618;352.273;38.702;3285.628;1069.706;802.513;1712.682;11.381;2338.987;414.691;2378.620;3025.388;34.975;1532.353;2720.573;1382.063;18.572;2022.398;2449.148;2144.997;3593.707;2059.245;3596.786;419.914;593.139;2888.632;1570.061;0.459;3595.044;1338.659;2501.730;2293.304;2951.441;2666.492;3117.985;881.912;475.861;3545.083;1793.246;3592.808;2191.988;2423.147;-5.609;3556.718;1836.594;2331.948;1535.474;744.369;3270.131;2488.549;-4.167;2894.699,1480.299;1728.406;3597.334;1576.986;3184.876;2368.513;4.139;3601.609;2417.873;3602.453;414.340;386.582;3089.689;2821.167;-9.079;2865.798;2689.607;3091.585;3014.449;860.730;6.038;3.633;0.174;1234.695;3605.585;1959.633;1600.238;2766.403;426.784;924.741;1827.476;3593.465;1917.058;5.742;3321.191;1185.404;3211.451;1422.431;3398.288;2433.075;1683.739;962.843;-1.536;711.424;214.427;366.995;389.735;2675.955;2188.577;3.420;452.133;3597.805;1839.957;911.046;1088.248;2571.728;637.101;2104.824;3592.995;3130.682;1150.754;1805.876;2112.866;3061.115;667.031;4.445;217.767;1774.236;2190.422;2157.013;1195.167;3604.184;1828.870;1464.634;2184.612;2956.721;2609.673;681.723;3.034;1215.020;2438.118;722.170;2869.994;556.647;1177.974;3132.810;853.700;2407.033;1519.727;3383.655;1421.607;195.158;2753.570;2764.902;3429.022;3587.971;6.458;967.338;2110.522;3592.585
461,836.7150220870972,460,-565.1009924623853,565.1009924623853,0.3514761246167233,1602.263;2785.565;-12.478;701.729;23.327;29.477;689.615;1043.546;1403.435;1957.704;1913.642;2854.665;897.892;3588.858;12.991;2626.868;1133.307;1801.600;555.963;3.525;2959.160;3593.519;1362.643;2940.189;3592.926;3100.286;3.200;10.315;509.537;3601.522;-6.414;1472.742;3599.993;1752.602;3507.109;1178.168;2525.048;3601.265;27.192;2432.533;3573.083;3073.977;1008.863;3587.806;35.177;1482.406;3612.682;668.616;966.271;365.689;-6.842;3251.470;1119.980;775.171;1675.234;17.355;2267.556;436.646;2374.884;3060.613;2.386;1555.631;2661.409;1403.366;26.721;2058.482;2455.734;2142.245;3585.305;2043.540;3581.459;405.430;518.884;2875.625;1496.339;14.269;3612.568;1285.463;2523.497;2350.330;2918.449;2627.762;3138.139;897.577;557.246;3605.841;1771.000;3600.656;2196.442;2445.291;33.374;3582.860;1831.943;2303.520;1545.938;742.393;3266.828;2491.648;29.564;2904.668,1415.541;1736.985;3601.548;1636.470;3203.657;2375.801;13.130;3587.726;2454.627;3584.297;473.405;316.474;3169.560;2815.482;-0.617;2905.120;2722.697;3081.125;3036.792;850.598;34.085;-0.756;4.150;1244.968;3594.543;2012.288;1662.317;2771.511;421.178;907.561;1847.839;3603.988;1926.644;8.798;3301.795;1214.091;3176.545;1442.838;3413.019;2473.583;1688.564;890.341;-1.555;696.702;234.643;332.721;410.034;2643.077;2222.815;10.053;457.124;3601.129;1830.312;929.245;1103.251;2556.481;718.169;2055.242;3599.232;3155.040;1140.604;1748.843;2116.152;3064.378;658.423;21.180;198.105;1781.731;2182.741;2091.048;1218.263;3565.057;1796.593;1432.779;2210.321;2970.988;2632.454;690.550;19.082;1245.599;2399.569;604.612;2930.369;527.246;1170.899;3082.351;861.451;2419.762;1608.836;3425.577;1403.679;178.117;2695.799;2738.477;3401.202;3587.798;43.205;929.073;2095.520;3593.744
481,873.2556889057159,480,-566.0400907125061,566.0400907125061,0.2835245440987662,1595.114;2736.543;-12.767;638.996;5.053;10.827;697.440;1030.426;1396.692;1898.795;1892.732;2844.113;897.739;3602.325;2.424;2625.752;1225.869;1798.809;548.040;-6.488;2980.177;3603.719;1364.868;2970.984;3594.411;3148.796;2.549;9.375;490.774;3585.522;13.598;1436.271;3592.892;1723.648;3564.928;1156.282;2488.117;3592.541;33.071;2446.346;3593.301;3082.267;1040.087;3595.522;15.281;1497.108;3582.424;693.102;895.454;375.405;3.363;3254.479;1193.804;729.534;1699.523;-3.477;2217.244;501.047;2373.138;3085.515;4.691;1585.468;2641.153;1432.947;10.969;2079.386;2435.172;2105.347;3595.099;1975.393;3600.659;407.296;515.629;2878.001;1430.556;19.292;3596.173;1331.404;2506.480;2314.156;2904.282;2699.416;3077.634;880.409;650.726;3569.137;1714.982;3596.986;2227.397;2437.925;4.223;3585.751;1864.380;2246.054;1550.509;743.887;3284.433;2543.967;-7.173;2864.535,1363.985;1842.227;3598.331;1586.260;3181.123;2313.268;38.930;3592.714;2426.059;3552.616;491.668;310.072;3240.255;2876.381;-4.794;2860.272;2690.625;3114.819;3011.963;862.606;25.168;0.373;20.317;1260.420;3605.115;2001.554;1597.159;2781.776;353.968;912.287;1843.103;3596.389;1880.103;21.646;3270.054;1279.851;3165.595;1390.706;3416.304;2381.773;1629.651;843.179;18.925;679.116;274.990;354.336;441.681;2693.929;2284.797;5.061;488.707;3594.729;1855.806;873.523;1138.172;2551.773;753.373;2175.854;3597.057;3200.927;1110.724;1754.819;2105.045;2983.052;699.143;18.939;216.394;1748.849;2133.937;2083.844;1211.253;3551.813;1851.118;1502.896;2161.691;2952.657;2577.078;681.247;6.046;1269.222;2495.469;587.800;2923.754;533.022;1191.176;3045.779;890.806;2374.915;1566.025;3403.712;1376.300;186.677;2689.991;2813.152;3441.881;3583.430;-8.277;857.833;2035.087;3584.817
501,909.6771464347839,500,-565.5548883799031,565.5548883799031,0.43133575087177584,1607.760;2707.917;-9.885;635.257;23.729;17.499;678.962;1055.895;1384.499;1934.543;1893.892;2858.681;916.171;3581.163;36.867;2632.147;1324.184;1746.070;517.132;17.457;2930.456;3603.960;1376.905;2965.014;3586.948;3178.151;45.254;25.903;471.022;3596.864;2.582;1448.927;3615.718;1637.729;3582.024;1110.335;2493.816;3559.380;-0.812;2458.337;3582.456;3138.725;1037.230;3595.600;-1.105;1524.983;3566.608;698.284;924.086;324.510;44.519;3318.588;1123.937;711.084;1797.548;2.199;2258.467;471.846;2368.205;3157.910;-2.534;1562.536;2582.967;1360.274;49.547;2055.449;2397.111;2129.769;3592.380;1984.977;3555.519;395.986;528.163;2875.954;1498.990;0.030;3573.012;1304.177;2473.316;2277.653;2970.030;2783.192;2940.095;922.458;672.456;3597.738;1714.890;3591.633;2208.474;2429.515;-3.582;3604.183;1858.502;2213.770;1539.199;733.581;3246.038;2554.308;1.588;2890.313,1465.159;1849.043;3604.076;1614.247;3192.225;2305.239;69.346;3582.150;2433.516;3502.652;529.697;329.415;3243.733;2815.734;2.335;2863.462;2603.447;3133.934;3084.657;908.687;32.912;8.091;-5.506;1224.953;3571.747;2028.855;1612.550;2727.180;370.549;980.296;1793.219;3608.326;1878.545;94.161;3339.511;1280.496;3267.256;1386.662;3393.659;2354.152;1683.578;807.072;11.954;714.548;233.514;354.303;438.770;2735.472;2288.743;-5.884;490.581;3613.443;1858.937;939.413;1161.908;2538.036;739.476;2144.553;3607.678;3149.851;1094.593;1726.448;2110.634;2978.058;714.972;0.840;205.053;1759.717;2148.075;2055.937;1143.565;3539.175;1936.464;1491.852;2152.556;2927.200;2610.124;748.682;4.695;1329.907;2519.156;550.901;2999.898;525.044;1160.210;3052.588;878.822;2380.501;1534.238;3431.935;1363.080;223.908;2631.907;2793.402;3447.566;3600.751;-12.222;938.687;2014.104;3592.874
601,1091.8433668613434,600,-566.7583120906187,566.7583120906187,0.25343644200297555,1648.539;2697.561;4.811;670.118;1.369;23.148;634.538;1165.807;1386.237;1930.213;1920.613;2993.646;815.995;3577.903;7.725;2691.057;1305.739;1742.312;583.865;3.915;2869.666;3602.787;1317.005;3008.370;3604.101;3144.849;8.162;20.035;580.112;3592.421;-2.075;1504.607;3588.069;1674.213;3591.816;1108.355;2438.681;3604.558;-3.142;2395.381;3573.963;3185.550;992.558;3600.947;1.248;1436.653;3592.159;634.577;838.515;308.099;8.328;3335.530;1078.707;667.269;1666.778;-2.530;2267.570;440.853;2379.007;2989.014;-5.823;1542.376;2585.077;1197.922;19.349;2036.609;2421.817;2119.389;3586.394;2037.722;3597.586;353.610;559.152;2892.622;1472.525;11.098;3597.038;1230.646;2470.752;2415.548;3064.002;2798.835;3025.056;1053.054;657.794;3580.723;1689.634;3583.710;2241.822;2419.684;18.238;3588.993;1940.765;2192.131;1593.474;763.026;3235.146;2601.421;2.756;2947.880,1465.199;1835.466;3599.211;1573.128;3095.416;2343.348;10.060;3591.989;2503.099;3598.463;398.928;363.185;3332.302;2832.014;12.929;2767.961;2688.274;3115.853;3116.606;881.931;2.948;8.967;-8.862;1242.831;3592.051;2022.433;1557.573;2719.343;454.469;911.877;1794.130;3589.807;1892.483;3.307;3282.077;1304.042;3172.518;1442.083;3341.069;2544.994;1647.305;913.437;-0.867;645.867;216.726;458.535;418.308;2674.166;2282.021;2.647;459.747;3597.630;1816.262;890.689;1115.345;2540.836;769.540;2122.362;3597.067;3286.606;1122.592;1798.402;2158.990;2938.691;696.171;-8.638;280.202;1792.477;2170.057;2139.889;1211.857;3594.700;1840.457;1559.408;2156.557;2899.258;2597.400;798.734;-3.361;1222.147;2543.730;657.416;2935.332;319.933;1147.847;3086.825;780.928;2374.819;1513.383;3397.390;1299.162;190.647;2499.405;2883.041;3355.687;3596.910;0.146;931.240;1999.782;3607.643
701,1274.0094664096832,700,-567.4321848948434,567.4321848948434,0.21463741343874956,1627.482;2744.373;1.877;660.070;-2.340;1.517;645.235;1156.837;1419.073;1927.529;1925.138;2849.861;803.718;3593.783;-1.149;2718.416;1284.979;1734.355;491.350;7.893;2970.375;3588.940;1456.713;3018.774;3599.050;3153.949;4.808;13.687;769.795;3601.708;6.849;1502.735;3599.453;1787.021;3599.543;1113.402;2543.766;3591.780;0.863;2391.508;3597.372;3163.763;1033.806;3589.964;6.629;1412.643;3587.835;703.456;851.564;265.984;5.003;3311.560;1063.365;653.793;1662.119;8.410;2283.430;471.789;2322.012;2960.644;-2.861;1602.863;2597.923;1215.162;9.221;2099.203;2389.562;2112.423;3599.787;2059.872;3590.494;407.932;584.558;2873.405;1509.996;17.590;3590.364;1251.819;2538.422;2417.737;2927.979;2738.579;3104.064;939.937;628.513;3595.583;1785.179;3589.948;2287.071;2430.723;2.481;3597.726;1915.715;2211.585;1599.770;759.467;3260.193;2589.441;9.488;2843.790,1477.385;1893.973;3605.188;1469.741;3149.959;2275.419;8.116;3560.581;2407.779;3597.921;498.667;326.192;3227.593;2847.648;-1.861;2772.410;2703.515;3058.715;3095.574;866.400;37.196;7.398;29.582;1290.773;3599.078;2004.728;1527.008;2726.149;554.867;873.493;1781.593;3598.733;1923.646;-2.687;3302.564;1297.003;3126.420;1416.024;3378.283;2501.973;1660.914;1026.740;0.261;628.072;266.441;445.076;414.699;2668.217;2353.748;0.621;469.307;3594.926;1705.257;805.250;1103.030;2541.092;746.154;2114.114;3602.458;3353.449;1097.118;1792.312;2092.197;3040.564;688.168;4.011;180.964;1713.520;2184.651;2177.358;1174.826;3599.692;1884.841;1591.445;2177.935;2925.829;2616.456;888.983;-8.511;1224.880;2432.978;567.486;3038.585;208.286;1160.706;3094.351;810.421;2406.217;1520.656;3419.156;1310.296;214.035;2577.862;2868.944;3396.352;3607.588;-6.410;903.723;2091.873;3599.208
801,1455.9503672122955,800,-566.5337609926481,566.5337609926481,0.22698887768746537,1638.955;2780.915;-0.354;630.308;1.431;-3.952;685.303;1064.491;1390.951;1845.241;1790.059;2932.439;800.192;3591.619;8.203;2796.136;1339.431;1826.343;538.558;2.177;2939.689;3601.657;1424.412;3053.145;3584.111;3218.111;9.635;9.528;842.196;3584.690;-1.343;1516.130;3604.812;1793.877;3576.393;1123.521;2651.147;3598.902;2.715;2330.256;3588.985;3165.631;1012.047;3584.683;0.576;1382.827;3596.483;656.797;762.306;397.979;-6.400;3249.864;1094.586;634.344;1728.484;-6.656;2270.211;505.888;2267.556;2940.980;10.889;1528.305;2539.372;1237.420;8.032;2158.568;2413.510;2193.767;3596.593;2019.611;3598.853;352.240;608.304;2896.691;1424.110;1.165;3592.997;1210.249;2590.386;2437.630;2904.315;2684.866;3129.555;936.255;627.944;3605.890;1763.708;3594.888;2235.209;2491.757;2.962;3594.482;1867.269;2172.018;1549.362;705.405;3270.526;2548.309;4.272;2784.009,1498.139;1862.569;3604.395;1449.869;3180.659;2319.300;4.039;3585.687;2407.623;3604.824;453.399;334.032;3327.185;2887.764;1.989;2722.432;2746.543;3162.476;3005.204;830.254;1.315;0.254;24.818;1315.802;3598.896;2066.598;1558.685;2729.397;554.911;915.587;1765.788;3606.169;1930.606;11.975;3296.413;1307.786;3090.461;1444.718;3390.719;2485.241;1724.507;1039.834;-0.661;664.040;173.829;396.501;452.211;2673.591;2399.668;18.287;449.740;3597.413;1658.842;762.473;1149.526;2531.966;659.067;2153.082;3591.421;3334.472;1098.990;1823.061;2084.019;3017.840;630.956;26.887;275.428;1754.249;2232.879;2200.789;1201.150;3559.469;1831.920;1600.527;2131.540;2938.841;2673.503;928.838;2.409;1193.256;2409.517;549.548;3053.979;230.055;1103.272;3078.234;808.932;2459.167;1396.361;3380.558;1317.815;256.144;2628.591;2872.414;3381.753;3588.290;1.696;884.297;2037.351;3603.963
901,1638.1201345920563,900,-567.5432046798234,567.5432046798234,0.16223173175903277,1635.069;2764.502;-0.153;567.213;4.884;13.961;622.839;1055.317;1377.378;1908.678;1820.981;2983.809;756.189;3602.602;8.530;2838.383;1295.192;1888.752;547.204;0.735;2953.073;3598.749;1448.530;3078.982;3600.331;3195.488;8.305;4.604;809.619;3595.141;3.781;1445.343;3594.973;1809.948;3588.234;1172.149;2592.078;3593.770;12.078;2364.129;3595.137;3057.649;1068.358;3593.099;2.220;1329.201;3602.860;714.527;851.150;377.075;2.609;3237.554;1072.560;674.699;1701.504;6.345;2249.415;528.480;2269.957;2974.567;-0.691;1508.408;2568.398;1252.925;1.953;2200.798;2368.456;2077.762;3594.006;1966.654;3603.588;373.807;570.391;2915.376;1418.193;-0.351;3595.885;1227.209;2525.869;2301.421;3068.278;2806.713;3147.859;945.847;609.194;3585.491;1754.334;3607.641;2199.536;2401.148;4.367;3594.007;1851.202;2177.535;1575.704;739.922;3245.607;2614.335;12.052;2795.913,1572.200;1821.756;3601.709;1405.238;3155.854;2310.007;27.634;3603.223;2470.142;3578.057;382.865;385.663;3236.975;2893.255;2.036;2736.265;2749.490;3118.813;2988.025;863.908;1.736;-0.287;-0.442;1371.246;3599.784;2058.766;1582.274;2715.576;436.585;920.904;1824.328;3596.859;1936.118;-0.898;3342.491;1321.461;3061.988;1405.855;3405.405;2486.267;1667.961;1029.681;3.616;677.587;210.510;544.987;476.094;2672.591;2331.425;16.334;424.994;3602.799;1673.995;777.935;1175.718;2508.083;654.782;2156.661;3596.197;3287.632;1084.686;1888.151;2129.869;3050.858;644.595;-4.215;251.396;1845.183;2211.856;2216.976;1178.760;3602.250;1809.594;1596.956;2129.044;2939.331;2666.377;942.985;-0.689;1155.619;2408.850;607.625;2972.955;194.169;1145.439;3125.792;771.825;2478.391;1416.936;3381.098;1318.759;198.792;2673.680;2819.931;3419.155;3600.664;18.753;855.045;2045.309;3592.953
1001,1820.1528210639954,1000,-567.8203139296288,567.8203139296288,0.05725109417450808,1646.746;2748.355;3.278;581.768;2.259;0.562;604.158;1063.368;1331.621;1901.186;1815.557;2975.409;729.377;3595.818;8.284;2789.943;1283.602;1863.399;457.544;3.788;2955.656;3599.177;1478.852;3027.787;3593.691;3160.310;3.033;7.537;801.575;3598.162;12.244;1461.467;3600.066;1817.978;3597.011;1190.574;2587.578;3596.008;1.342;2386.762;3593.629;3108.709;1083.862;3594.662;3.790;1335.184;3595.424;667.810;889.091;327.640;11.568;3231.690;1062.368;677.031;1746.616;12.708;2183.412;554.738;2313.204;2966.690;4.267;1525.725;2547.726;1191.703;4.525;2137.863;2420.758;2109.467;3595.382;1962.391;3593.295;408.388;578.633;2907.945;1445.258;4.992;3587.783;1190.839;2531.102;2410.546;2999.464;2806.468;3161.438;950.590;596.798;3602.418;1787.916;3592.310;2207.430;2398.223;3.649;3597.164;1834.577;2174.203;1602.301;737.050;3246.413;2618.076;5.778;2846.060,1561.696;1841.885;3599.502;1475.938;3172.741;2257.964;29.039;3568.109;2518.824;3585.555;372.607;381.139;3222.275;2900.294;-0.266;2722.278;2791.427;3138.613;2989.453;868.939;4.137;8.058;32.561;1343.411;3602.790;2029.853;1562.680;2701.747;439.461;927.636;1825.370;3599.414;1928.262;0.387;3349.664;1343.748;3085.025;1405.863;3402.477;2524.247;1649.700;1048.436;0.303;675.773;216.916;565.892;456.071;2706.762;2330.250;1.390;439.831;3597.196;1687.645;748.402;1193.232;2514.679;646.388;2172.925;3597.481;3316.217;1078.681;1902.724;2133.060;3104.595;651.900;0.704;211.485;1797.556;2205.646;2251.907;1176.530;3595.982;1807.040;1576.580;2178.012;2922.516;2640.130;979.293;7.578;1159.029;2364.285;597.708;3021.681;186.897;1147.282;3112.087;769.833;2429.912;1418.061;3369.983;1308.710;216.073;2667.361;2844.797;3403.783;3601.686;16.216;886.339;2023.714;3592.670
1101,2002.2166171073914,1100,-568.3286871824561,568.3286871824561,0.12262641088778684,1661.052;2750.170;1.092;571.857;2.348;8.077;652.920;1080.015;1361.023;1895.957;1824.021;2958.813;736.923;3595.585;8.139;2796.268;1296.792;1852.885;467.905;0.305;2950.846;3599.012;1439.215;3013.232;3595.697;3198.356;-2.055;7.610;797.453;3591.245;-1.344;1483.280;3600.157;1819.342;3597.795;1151.594;2572.936;3597.855;0.840;2354.227;3600.172;3150.887;1056.248;3602.338;-0.914;1299.209;3594.597;661.106;909.089;350.427;2.278;3248.435;1094.149;665.967;1717.692;5.500;2198.001;561.132;2327.624;3008.694;-2.884;1534.923;2585.301;1211.963;0.679;2098.937;2441.972;2124.417;3598.356;1955.534;3599.450;377.648;538.253;2858.631;1428.122;1.716;3591.250;1210.467;2534.568;2443.689;2986.679;2818.605;3152.322;939.516;613.367;3599.364;1756.193;3598.247;2272.031;2404.285;2.150;3597.327;1847.428;2184.567;1587.597;730.652;3239.194;2605.579;0.810;2819.770,1556.966;1825.644;3603.045;1497.303;3159.896;2265.960;8.698;3593.880;2503.474;3600.129;381.520;361.107;3260.094;2873.157;6.925;2729.056;2786.280;3130.174;3008.210;862.133;5.315;-3.086;0.229;1341.120;3597.699;2019.323;1535.766;2702.924;500.557;893.456;1800.018;3602.116;1889.811;1.441;3345.091;1337.557;3081.385;1415.546;3396.053;2498.858;1652.448;1058.668;0.680;677.283;196.544;568.695;450.000;2708.641;2344.310;13.541;430.779;3599.965;1706.507;733.039;1182.737;2497.495;638.383;2196.318;3603.544;3279.026;1070.800;1920.543;2121.021;3103.531;641.058;0.007;213.110;1770.409;2184.142;2213.089;1189.729;3602.783;1838.143;1604.554;2188.358;2917.075;2657.064;976.058;-1.059;1134.082;2378.883;619.785;2983.554;245.208;1131.180;3148.308;811.839;2431.193;1428.013;3392.998;1289.164;232.209;2691.350;2822.527;3387.763;3600.439;-0.695;870.399;2026.559;3603.137
1201,2183.983875274658,1200,-568.4519596244004,568.4519596244004,0.06152158780682402,1641.607;2754.284;1.547;577.453;1.520;2.483;656.341;1090.864;1373.401;1898.307;1831.122;2921.244;741.839;3597.474;-0.564;2794.259;1293.292;1844.647;447.422;-1.752;2974.319;3598.275;1456.248;3016.867;3599.429;3161.390;-1.465;1.449;810.855;3585.979;0.950;1469.407;3599.666;1809.953;3600.479;1151.225;2594.038;3599.229;0.151;2385.080;3600.257;3169.434;1051.420;3595.765;24.030;1349.197;3591.346;650.233;884.440;319.077;-0.451;3173.938;1056.724;698.486;1715.662;5.568;2207.998;557.070;2325.172;3023.633;1.379;1533.458;2573.760;1194.356;3.893;2123.973;2407.937;2120.034;3599.911;1964.196;3596.660;395.674;560.317;2894.426;1433.164;2.887;3593.964;1223.612;2530.902;2455.847;2971.345;2792.734;3177.821;922.211;604.444;3596.481;1776.064;3599.371;2283.083;2426.409;1.446;3599.607;1854.795;2182.601;1624.187;743.778;3284.293;2582.440;2.947;2807.226,1541.739;1838.886;3600.643;1487.691;3179.176;2269.824;2.684;3600.219;2512.530;3598.981;371.941;377.372;3270.139;2884.240;-0.148;2707.240;2751.280;3139.242;3041.692;841.464;20.782;2.834;-2.620;1351.351;3601.570;2025.685;1569.806;2692.712;466.155;904.321;1829.168;3600.475;1905.012;0.234;3352.225;1329.561;3071.716;1443.336;3406.614;2482.831;1644.286;1038.195;-0.366;673.644;241.965;577.081;478.112;2685.170;2361.312;0.676;444.044;3601.174;1704.941;758.587;1179.138;2461.566;618.974;2203.290;3601.236;3265.433;1097.194;1926.463;2125.149;3071.206;640.373;0.613;217.257;1749.308;2199.838;2181.463;1191.686;3597.029;1802.244;1598.796;2223.564;2884.002;2648.986;968.679;1.487;1137.045;2410.693;578.263;3009.779;237.177;1077.962;3147.418;814.083;2431.205;1400.921;3405.288;1301.288;260.726;2696.463;2835.401;3387.987;3600.076;1.247;914.056;2022.172;3595.678
1301,2365.698184490204,1300,-568.4124116807411,568.4124116807411,0.05287511325018224,1620.949;2730.323;1.340;575.144;1.262;1.249;637.155;1098.934;1357.295;1904.558;1815.637;2896.919;742.197;3599.904;3.485;2789.777;1308.864;1839.669;450.194;4.882;2942.312;3596.948;1410.672;3014.661;3599.410;3164.725;-0.987;3.471;811.099;3597.062;4.761;1485.513;3599.357;1820.789;3601.148;1180.164;2574.568;3597.453;0.617;2401.510;3602.151;3160.042;1046.510;3597.402;16.960;1351.952;3599.756;645.208;861.929;276.589;0.879;3192.327;1080.711;688.715;1693.576;2.015;2194.801;565.953;2343.000;3041.969;-0.743;1512.316;2584.402;1212.747;-1.448;2122.990;2431.460;2139.833;3597.832;1947.389;3600.881;376.701;567.137;2869.469;1429.916;0.895;3601.311;1261.837;2507.412;2432.776;2982.052;2788.360;3165.193;930.938;622.521;3598.374;1776.568;3599.738;2300.246;2438.685;5.878;3600.174;1872.511;2189.431;1632.357;736.166;3270.027;2582.100;0.510;2821.579,1553.792;1881.023;3599.847;1483.660;3181.335;2263.808;2.451;3598.315;2532.238;3597.760;363.080;364.895;3240.353;2881.302;1.127;2730.225;2744.072;3124.617;3027.395;853.646;17.425;-1.137;1.117;1342.347;3598.625;2023.978;1570.616;2691.820;488.355;891.858;1821.328;3598.946;1892.380;5.436;3382.356;1289.093;3082.980;1428.203;3384.497;2464.498;1650.204;1036.869;-0.166;671.635;270.894;556.644;476.832;2676.141;2388.992;2.588;448.155;3598.670;1685.479;793.038;1208.491;2473.849;636.447;2196.288;3598.834;3261.087;1109.826;1938.086;2109.204;3063.677;643.347;0.080;219.026;1714.722;2174.861;2185.317;1165.203;3600.253;1782.685;1587.099;2243.237;2891.304;2632.971;957.879;-0.802;1148.281;2398.971;596.750;2993.916;228.734;1072.453;3146.301;812.631;2427.062;1417.553;3366.089;1320.505;245.126;2668.000;2842.781;3387.506;3598.468;3.930;880.041;2039.437;3599.305
1401,2547.4762823581696,1400,-568.703096537236,568.703096537236,0.043476736814842924,1631.854;2727.009;-0.831;584.182;2.943;0.166;625.461;1096.673;1375.115;1900.615;1814.449;2894.943;726.648;3600.045;-0.199;2781.423;1304.965;1854.437;468.800;1.667;2956.095;3601.074;1432.074;3003.798;3599.595;3167.395;-0.740;0.130;816.147;3597.732;-0.417;1491.393;3600.733;1799.269;3600.470;1156.435;2596.209;3598.459;0.351;2406.988;3598.167;3144.500;1042.880;3600.880;17.248;1347.803;3595.715;659.824;856.124;264.213;8.288;3206.880;1075.721;697.875;1709.609;3.798;2201.840;570.042;2335.758;3019.432;-0.155;1514.612;2577.148;1196.359;10.060;2114.116;2418.467;2142.838;3600.515;1958.381;3599.658;379.718;576.078;2874.400;1443.702;-0.792;3592.606;1259.441;2531.503;2429.308;2967.991;2765.794;3168.115;936.942;647.366;3599.061;1771.620;3600.091;2280.161;2441.471;0.546;3599.781;1865.027;2185.071;1610.823;735.618;3257.926;2594.842;3.584;2823.012,1544.002;1862.589;3599.420;1464.838;3161.617;2254.223;0.039;3600.404;2521.208;3599.177;362.172;382.382;3221.996;2880.004;-0.283;2735.064;2757.906;3121.787;3028.176;861.049;26.593;1.419;0.580;1334.318;3600.988;2015.740;1581.223;2693.794;474.130;901.669;1815.884;3600.420;1907.528;-0.246;3366.117;1305.827;3082.096;1431.816;3383.812;2472.963;1646.089;1025.113;-0.689;697.158;269.287;551.185;464.289;2684.524;2385.515;1.337;463.360;3598.701;1686.037;764.637;1202.390;2475.232;611.410;2198.113;3600.051;3275.439;1113.936;1915.070;2138.636;3078.069;660.144;2.971;197.061;1735.067;2182.489;2177.295;1169.303;3596.922;1796.230;1600.623;2255.497;2897.288;2647.125;961.305;-1.496;1159.675;2376.056;598.826;2980.750;225.085;1085.953;3158.799;814.006;2417.339;1421.483;3385.082;1326.488;238.946;2666.234;2841.512;3401.111;3600.557;0.613;885.448;2045.761;3598.798
1501,2729.0661420822144,1500,-568.762780335149,568.762780335149,0.023639148358446455,1630.555;2727.835;0.107;589.645;1.258;-0.157;618.096;1087.975;1378.951;1897.004;1794.444;2909.989;730.290;3599.503;-0.045;2778.770;1293.071;1865.990;479.849;-0.126;2926.973;3600.686;1427.774;3008.556;3598.257;3175.033;0.347;1.816;801.555;3599.817;0.507;1490.423;3600.004;1794.542;3599.501;1156.361;2590.266;3599.604;0.022;2399.263;3599.517;3168.729;1053.858;3599.629;9.582;1357.556;3599.079;669.025;858.869;259.735;12.367;3203.654;1053.840;698.471;1722.674;0.664;2192.638;576.972;2329.977;3020.973;0.493;1512.508;2574.132;1205.343;-0.614;2094.501;2410.062;2144.248;3600.026;1964.778;3599.543;391.167;577.572;2875.665;1436.372;0.621;3600.237;1262.493;2533.759;2428.896;2980.315;2764.143;3181.525;929.385;638.887;3599.834;1784.358;3594.029;2275.187;2442.968;0.317;3598.446;1856.873;2176.322;1616.962;735.496;3242.376;2587.603;1.078;2828.753,1552.620;1859.423;3599.670;1464.699;3161.053;2269.427;0.126;3599.568;2528.836;3599.440;368.483;378.598;3239.793;2878.041;0.099;2742.011;2764.711;3122.948;3013.194;870.118;11.297;0.128;0.510;1339.873;3600.244;2023.206;1582.247;2699.531;481.979;911.874;1826.101;3600.912;1912.533;2.898;3361.630;1297.733;3065.521;1431.887;3384.239;2461.954;1658.503;1026.500;-0.080;682.145;263.641;561.535;467.660;2691.566;2366.511;0.105;464.133;3600.099;1691.445;760.188;1211.892;2472.621;615.224;2198.541;3599.852;3275.695;1110.044;1931.259;2135.826;3063.132;659.295;-0.246;199.929;1717.481;2181.771;2186.782;1169.533;3599.791;1788.880;1590.182;2241.025;2899.617;2639.247;954.300;-0.003;1160.124;2392.378;605.515;2981.133;209.858;1068.086;3147.873;808.895;2413.422;1419.591;3381.809;1316.203;228.408;2665.883;2834.402;3411.631;3600.288;-0.908;891.772;2033.298;3597.535
1601,2910.8509933948517,1600,-568.7987711643586,568.7987711643586,0.027547771296937314,1639.295;2728.238;-0.048;596.591;-0.518;-0.656;619.014;1092.590;1374.537;1897.318;1802.788;2904.131;743.698;3599.812;1.165;2784.587;1302.565;1861.092;471.301;0.277;2934.384;3600.689;1423.227;3012.643;3599.092;3184.953;0.359;-0.593;795.895;3600.792;-0.353;1485.131;3599.900;1793.184;3599.742;1152.740;2594.402;3598.689;2.722;2385.273;3600.495;3170.194;1047.772;3591.487;3.569;1354.816;3597.996;663.756;860.083;268.853;10.671;3208.740;1062.131;696.990;1715.364;0.637;2190.874;569.171;2331.174;3015.770;0.150;1518.645;2575.207;1207.191;-0.259;2097.775;2413.534;2132.891;3598.647;1970.346;3599.703;383.935;577.434;2866.416;1436.771;3.327;3600.523;1263.186;2525.994;2430.522;2978.983;2768.122;3181.722;928.925;641.856;3596.844;1772.445;3595.489;2277.531;2437.881;2.499;3600.252;1860.715;2178.607;1613.044;732.725;3251.875;2587.096;4.365;2820.119,1548.197;1852.025;3599.049;1466.894;3169.273;2274.388;1.354;3600.611;2525.401;3599.392;359.758;377.208;3242.750;2874.073;0.059;2737.210;2758.747;3124.518;3016.657;869.709;15.508;2.510;-0.374;1333.520;3600.579;2029.833;1576.823;2702.503;484.266;904.448;1829.124;3600.235;1908.755;0.388;3357.377;1303.384;3071.139;1426.448;3377.704;2464.658;1655.854;1032.334;0.288;683.983;264.469;555.111;471.994;2691.036;2370.161;3.857;459.756;3599.963;1692.941;765.712;1204.143;2472.288;608.035;2192.621;3599.984;3276.287;1110.081;1926.059;2132.437;3079.089;665.406;1.216;202.478;1718.141;2186.606;2188.740;1171.943;3599.679;1791.879;1600.536;2244.055;2894.906;2633.789;952.888;0.089;1153.693;2395.225;610.533;2979.411;216.514;1072.046;3150.994;807.915;2414.256;1423.253;3382.112;1313.734;233.364;2668.863;2832.166;3402.469;3599.658;1.421;893.363;2030.518;3599.300
1701,3092.3465263843536,1700,-568.8842823393834,568.8842823393834,0.014018100190621113,1636.001;2731.256;-0.106;592.693;2.142;0.438;622.725;1087.196;1373.136;1901.977;1803.247;2905.239;740.586;3599.696;0.150;2784.825;1291.633;1861.194;474.507;0.877;2936.696;3600.192;1424.299;3007.153;3599.731;3180.703;-0.265;1.120;799.466;3599.662;2.330;1493.733;3599.755;1786.310;3598.173;1147.542;2594.933;3599.888;-0.382;2390.018;3599.813;3164.806;1038.642;3592.654;0.856;1356.686;3600.122;669.834;856.975;272.340;10.475;3217.473;1054.220;699.215;1719.810;-0.333;2193.319;566.176;2338.342;3016.074;0.151;1522.098;2581.464;1203.776;0.633;2095.472;2414.709;2142.028;3600.151;1978.595;3600.369;381.070;576.706;2860.950;1433.612;-0.103;3599.968;1260.573;2525.839;2424.227;2980.578;2765.424;3178.345;930.190;634.477;3600.112;1777.154;3592.575;2276.160;2435.062;0.112;3599.913;1855.742;2176.804;1611.981;741.382;3256.570;2588.449;-0.081;2816.193,1547.509;1851.191;3599.733;1464.094;3169.499;2273.680;-0.203;3600.367;2528.329;3599.956;361.119;373.345;3248.194;2873.320;-0.254;2740.397;2763.943;3128.758;3006.880;870.304;16.146;0.361;-0.138;1333.712;3600.100;2030.588;1574.700;2703.858;487.995;904.036;1832.854;3599.864;1913.963;0.224;3359.440;1302.845;3069.665;1428.043;3380.449;2463.725;1661.769;1031.485;-0.143;689.018;268.234;557.750;472.673;2686.487;2368.220;0.632;460.243;3599.722;1693.975;765.434;1205.832;2467.019;609.778;2193.221;3600.076;3283.534;1115.194;1928.922;2128.442;3076.976;660.025;0.176;201.986;1719.057;2191.481;2185.634;1170.454;3599.973;1793.925;1594.338;2243.551;2901.881;2635.589;953.861;-0.291;1150.598;2389.125;607.310;2976.446;217.060;1066.572;3151.256;808.527;2417.317;1425.974;3380.275;1314.420;236.967;2663.502;2831.510;3403.927;3599.708;-0.057;896.496;2035.251;3600.173
1801,3274.1059498786926,1800,-568.9075843895845,568.9075843895845,0.006379898635948843,1637.374;2731.963;-0.005;589.856;0.066;0.748;627.374;1088.792;1369.637;1905.169;1808.262;2900.963;740.610;3599.566;-0.040;2786.686;1292.070;1858.355;473.347;0.104;2936.331;3599.733;1425.975;3007.301;3599.637;3183.737;-0.154;1.136;796.830;3599.452;0.223;1494.192;3599.713;1780.109;3599.855;1149.112;2589.761;3599.896;0.133;2389.067;3599.610;3166.089;1039.000;3591.695;3.627;1357.773;3599.400;666.585;854.260;273.264;9.156;3220.136;1055.684;700.331;1719.042;-0.187;2191.678;565.483;2338.509;3014.004;0.378;1527.814;2583.266;1200.025;0.748;2092.573;2413.654;2143.193;3599.970;1983.072;3600.115;377.549;575.589;2859.282;1437.597;0.071;3599.576;1259.708;2528.228;2427.376;2982.264;2766.581;3178.744;923.432;631.487;3599.640;1774.004;3592.542;2277.319;2434.902;-0.192;3599.965;1855.545;2174.807;1615.637;741.765;3255.513;2587.986;-0.214;2815.587,1541.536;1850.606;3599.907;1466.712;3170.356;2274.059;0.205;3599.868;2524.935;3599.239;361.662;370.140;3249.645;2868.184;0.053;2743.677;2763.278;3130.831;3004.102;868.309;13.238;0.063;0.418;1334.026;3600.007;2032.770;1572.582;2701.752;485.411;902.304;1830.875;3599.982;1911.893;0.903;3359.500;1302.678;3069.083;1430.322;3379.151;2465.810;1655.816;1034.776;0.114;687.407;270.903;557.452;473.227;2682.708;2373.233;0.368;464.521;3599.724;1694.632;763.846;1206.241;2462.898;614.288;2191.995;3599.919;3283.485;1114.813;1929.059;2124.597;3076.605;656.644;0.278;203.621;1718.939;2191.475;2185.390;1169.303;3600.136;1793.612;1594.602;2240.550;2904.862;2634.362;954.926;0.201;1152.145;2393.918;606.004;2980.426;218.532;1068.201;3148.879;804.371;2418.158;1424.564;3377.776;1312.770;240.303;2662.528;2828.177;3401.402;3599.480;-0.176;898.990;2033.051;3599.965
1901,3455.635125875473,1900,-568.9380634402131,568.9380634402131,0.006748586855296641,1637.649;2730.771;-0.017;587.367;0.442;0.544;628.336;1086.903;1366.330;1908.701;1806.955;2898.913;741.215;3599.789;-0.151;2787.005;1289.266;1858.974;475.569;0.100;2937.603;3599.774;1427.316;3006.644;3600.164;3186.757;0.179;0.248;797.449;3599.919;0.721;1497.735;3599.971;1778.324;3599.757;1149.712;2589.148;3599.863;0.047;2387.962;3599.794;3165.553;1035.430;3590.974;4.611;1360.124;3599.950;663.672;855.398;273.435;9.954;3222.167;1052.586;702.859;1720.564;-0.172;2192.393;563.756;2337.944;3013.889;0.590;1528.841;2582.529;1200.549;-0.097;2088.529;2416.840;2147.009;3600.054;1984.303;3600.083;379.371;575.741;2854.672;1438.184;0.049;3600.171;1259.483;2526.037;2428.345;2984.791;2769.818;3177.400;926.225;630.460;3600.008;1776.639;3592.960;2278.585;2435.037;-0.114;3600.019;1852.735;2172.801;1614.383;740.368;3250.891;2587.063;-0.021;2817.621,1539.037;1849.894;3600.080;1467.159;3171.743;2270.668;0.407;3599.882;2521.280;3599.597;365.082;369.934;3249.028;2869.251;0.168;2741.521;2766.102;3129.761;3002.953;865.584;14.852;-0.194;-0.119;1333.616;3599.949;2033.544;1570.178;2700.727;485.497;902.581;1831.524;3600.049;1911.467;0.168;3359.264;1301.524;3069.768;1433.951;3377.876;2465.251;1652.065;1034.611;-0.124;686.753;271.432;559.207;472.175;2681.582;2371.658;-0.096;466.976;3599.962;1693.746;764.486;1206.218;2462.597;615.113;2197.341;3600.017;3282.801;1113.212;1928.848;2125.659;3078.738;657.533;-0.003;201.919;1719.593;2191.994;2188.307;1171.456;3599.915;1793.461;1598.791;2240.034;2903.704;2636.005;955.654;-0.032;1150.776;2394.333;603.786;2981.857;215.949;1070.020;3149.403;803.621;2416.744;1422.266;3377.375;1311.345;239.026;2663.932;2824.147;3403.139;3600.035;0.122;898.466;2030.804;3600.018
2000,3635.544543504715,1999,-568.9475833839247,568.9475833839247,0.0021629237351208862,1638.961;2731.939;-0.011;587.093;0.226;-0.040;627.715;1087.272;1366.207;1910.687;1805.641;2897.904;741.933;3599.730;0.052;2788.214;1288.710;1859.087;475.159;-0.082;2938.955;3600.020;1427.219;3006.467;3599.899;3187.359;-0.009;-0.038;797.164;3599.925;0.043;1496.362;3599.984;1778.982;3599.980;1150.603;2588.221;3599.764;0.002;2389.557;3600.016;3166.382;1034.399;3591.168;5.531;1359.514;3599.930;663.901;857.133;272.954;9.788;3222.826;1054.167;703.851;1718.077;0.309;2192.709;561.008;2338.883;3013.364;0.007;1528.849;2582.423;1201.302;0.082;2088.956;2416.730;2147.946;3599.974;1983.824;3600.073;379.226;574.280;2854.833;1437.540;0.062;3600.052;1257.498;2526.253;2427.479;2983.982;2771.214;3177.429;927.394;633.090;3599.964;1777.013;3594.015;2278.102;2432.835;0.114;3599.864;1853.263;2171.272;1614.726;738.556;3250.392;2589.839;0.066;2816.335,1539.832;1849.231;3600.046;1465.836;3172.876;2272.486;-0.012;3600.019;2519.260;3599.986;363.562;370.662;3246.682;2870.632;0.010;2739.374;2767.905;3129.464;3004.612;867.092;17.282;-0.020;-0.001;1332.364;3599.952;2031.784;1570.687;2699.608;484.606;904.301;1831.359;3599.949;1913.994;0.076;3359.268;1304.375;3070.477;1434.375;3377.313;2467.492;1650.556;1034.221;-0.029;686.669;271.794;558.584;473.095;2681.270;2371.340;0.124;468.409;3599.955;1692.530;764.487;1202.978;2463.939;613.342;2196.632;3599.959;3282.423;1113.894;1927.770;2127.568;3081.010;658.031;0.108;200.238;1720.072;2192.683;2189.420;1171.439;3599.951;1793.329;1598.327;2239.822;2902.302;2634.859;955.105;-0.033;1149.784;2393.762;605.551;2981.028;215.943;1070.313;3148.930;805.513;2417.295;1422.536;3379.047;1310.153;238.922;2662.164;2824.160;3403.918;3599.962;0.056;896.648;2032.182;3599.943
