eval,time_s,iter,obj,aep,rms_viol,x,y
1,0.0,0,-491.82952758291333,491.82952758291333,5.769607211201385,799.175;3134.636;744.189;3306.999;1758.280;2202.278;2757.268;1866.305;1068.482;675.796;290.669;2658.385;1588.713;569.916;3167.773;986.711;1491.246;1065.888;2263.636;2087.416;2159.745;956.949;1024.869;912.918;1179.230;518.991;596.206;3470.150;3456.816;678.293;87.504;736.400;2519.437;2806.253;82.559;2079.586;5.912;1855.701;2303.263;3548.248;932.751;2888.989;3133.739;3321.899;7.971;1690.158;3533.287;1436.201;2929.437;1967.243;2775.075;1745.752;104.802;311.492;401.234;904.482;3473.695;2274.358;2939.977;2037.895;2287.282;2922.849;3336.057;3285.456;2969.319;339.130;1299.774;127.833;1966.890;2866.114;184.114;679.204;1315.720;879.447;2862.315;1267.542;2299.960;1776.294;2100.599;3381.478;3396.744;402.093;3036.798;1245.701;362.978;1380.273;1837.277;3459.971;1337.445;44.530;3094.945;399.999;1722.021;3059.928;1853.057;1607.788;2881.715;73.409;2061.427;1480.981,3546.492;2885.046;194.264;685.720;1628.708;2530.591;1195.373;1295.940;3317.294;3433.070;1467.669;3234.856;1188.912;297.859;1896.183;2379.040;3214.743;3474.567;2771.758;2732.757;2556.177;2525.590;2762.393;3507.658;1345.372;298.996;862.706;797.338;1308.959;2917.131;216.346;1619.077;2927.414;951.258;228.244;871.588;306.254;2907.999;612.900;703.241;2932.711;2917.028;2121.746;3293.044;215.358;3473.988;2055.511;1089.065;2972.541;2373.902;3551.405;386.962;2091.307;1702.181;2348.175;870.693;112.068;1959.236;1312.957;3212.400;1653.644;1507.155;2278.460;1897.844;3460.360;2840.436;1788.104;760.108;2174.343;2694.873;2721.110;3576.614;786.592;1532.294;1525.859;1147.127;1315.199;1720.589;1951.525;954.829;483.709;1086.790;491.328;1143.721;2445.058;2164.828;3590.012;2019.293;1975.414;2312.458;2616.442;2216.929;2118.600;2178.016;1277.228;2798.575;2176.572;1113.231;884.272;256.558
6,8.886456727981567,5,-523.2429327233348,523.2429327233348,1.2483214657310455,823.802;3170.453;765.580;3257.071;1693.394;2263.393;2707.086;1935.801;1076.282;659.728;349.602;2633.930;1646.755;631.995;3132.529;1017.523;1448.259;1104.768;2279.996;2026.864;2107.264;896.850;1067.849;931.891;1149.696;461.229;561.343;3483.924;3434.939;650.466;155.273;743.477;2473.988;2778.601;115.212;2146.847;-1.644;1903.303;2286.065;3572.661;954.505;2832.484;3147.828;3385.774;-31.174;1688.493;3582.622;1459.732;2981.628;1943.830;2784.806;1741.004;101.048;236.057;441.768;906.579;3534.590;2298.527;3002.456;1997.970;2286.943;2972.205;3351.391;3302.297;3009.267;353.688;1260.142;138.701;2010.012;2929.946;144.687;629.337;1308.790;841.114;2804.393;1336.882;2319.673;1812.705;2061.597;3388.870;3442.831;476.767;3023.003;1176.212;308.598;1303.223;1870.668;3426.578;1410.935;-1.163;3126.965;450.927;1712.238;3042.624;1788.090;1572.531;2866.648;-4.192;1995.288;1478.428,3606.699;2879.649;131.237;674.117;1584.431;2483.077;1175.137;1226.325;3283.810;3403.712;1493.893;3228.765;1137.781;352.808;1837.556;2365.663;3164.446;3514.782;2810.911;2737.237;2579.714;2546.276;2747.754;3457.270;1378.793;264.314;842.255;809.336;1318.349;2952.724;144.362;1663.674;2906.237;904.725;211.171;802.324;361.503;2955.551;558.552;664.850;2958.214;2872.370;2071.226;3294.894;159.095;3493.339;2101.805;1070.603;3030.604;2371.275;3577.193;376.395;2025.523;1731.891;2350.765;915.344;42.428;1939.237;1284.792;3200.371;1597.478;1475.168;2326.110;1858.629;3461.531;2800.336;1828.749;688.788;2234.663;2691.718;2710.290;3601.340;748.333;1480.388;1582.356;1212.782;1364.324;1771.956;1931.093;977.171;413.296;1090.883;458.818;1074.060;2504.194;2230.763;3600.377;1981.249;1921.251;2313.318;2579.297;2176.447;2102.466;2215.794;1344.970;2787.613;2183.152;1104.592;954.157;221.546
11,17.931162118911743,10,-531.4013301468534,531.4013301468534,0.4657943532693404,851.545;3195.042;807.656;3275.941;1633.303;2290.852;2730.188;1905.203;1083.166;592.900;309.836;2590.244;1663.341;674.093;3092.601;1027.313;1454.974;1145.584;2298.113;2012.988;2123.091;899.125;1103.097;901.306;1203.172;459.227;588.167;3511.309;3451.426;618.435;204.172;766.460;2502.040;2727.059;111.167;2120.474;28.446;1912.383;2307.524;3594.592;952.640;2809.777;3143.509;3463.249;-18.022;1625.477;3615.115;1422.713;2995.840;1898.408;2754.659;1785.986;125.005;195.730;416.553;887.645;3557.665;2333.315;3025.342;1954.967;2286.166;3037.375;3350.904;3285.921;3035.137;346.272;1204.424;111.789;2053.022;2923.739;98.643;590.441;1329.870;838.816;2757.829;1340.561;2294.761;1805.805;2096.268;3383.476;3415.845;416.251;3019.469;1133.175;298.256;1278.554;1939.645;3454.188;1422.854;4.314;3149.325;479.665;1681.531;3105.016;1832.812;1545.553;2797.029;13.232;2021.944;1491.506,3616.067;2871.024;94.799;684.188;1579.832;2427.182;1180.750;1227.758;3281.206;3351.862;1478.893;3259.450;1115.315;349.164;1794.795;2370.751;3095.571;3542.066;2845.192;2742.402;2591.071;2545.273;2793.001;3448.413;1419.462;291.131;811.810;822.100;1282.968;2938.908;99.475;1707.007;2862.932;840.930;256.369;749.808;401.912;2935.471;515.129;683.108;2978.613;2888.858;2080.727;3275.745;109.290;3548.103;2103.095;1070.168;3066.094;2400.468;3614.369;336.042;2003.722;1703.599;2360.115;955.077;7.388;1954.869;1270.922;3253.693;1608.625;1499.581;2358.991;1850.989;3449.554;2821.117;1842.017;716.270;2223.309;2738.119;2752.159;3585.944;729.853;1505.782;1526.058;1223.470;1344.092;1757.992;1890.301;993.655;424.152;1084.574;406.411;1037.791;2514.402;2222.425;3608.821;1980.921;1945.320;2354.631;2557.484;2145.610;2108.956;2279.182;1379.104;2783.317;2158.387;1072.740;941.722;215.370
16,26.892820358276367,15,-534.9350447073365,534.9350447073365,0.46646233431162576,841.084;3185.978;812.408;3274.323;1622.249;2297.542;2737.440;1890.537;1118.592;539.223;285.654;2565.968;1670.641;746.181;3070.092;1070.717;1465.345;1159.726;2227.781;2036.760;2122.405;873.111;1096.385;895.403;1190.669;454.606;587.670;3474.884;3457.806;609.613;248.247;739.733;2542.073;2705.502;130.408;2150.558;-4.994;1909.107;2302.142;3605.914;986.252;2839.455;3127.131;3536.629;-19.550;1599.875;3622.433;1400.920;3059.854;1919.783;2708.390;1785.413;82.578;180.456;414.210;825.239;3532.659;2362.059;3039.238;1935.272;2319.484;3050.307;3394.344;3315.789;3081.357;365.367;1178.961;40.305;2073.739;2924.437;27.440;555.177;1396.847;824.180;2734.169;1284.919;2288.977;1821.802;2032.301;3428.728;3449.260;406.367;2993.570;1097.227;266.489;1318.221;1979.051;3468.420;1403.897;3.576;3165.632;500.031;1652.878;3142.245;1885.354;1545.583;2775.058;-6.213;2050.888;1526.150,3603.777;2910.144;64.106;672.480;1581.159;2414.199;1193.323;1217.571;3300.265;3340.161;1425.045;3217.909;1046.218;351.656;1756.311;2381.817;3114.290;3582.169;2893.628;2751.627;2584.580;2580.816;2802.218;3421.566;1473.258;266.144;757.416;846.928;1284.439;2966.110;75.080;1698.784;2895.358;787.236;255.663;772.547;426.957;2894.090;503.658;640.912;2978.282;2883.980;2065.184;3325.323;110.035;3597.812;2059.365;1086.348;3138.689;2409.140;3570.897;378.925;1988.492;1726.921;2333.869;878.965;-10.030;1913.542;1224.065;3248.277;1637.035;1501.302;2356.750;1843.104;3524.225;2809.792;1805.966;718.841;2218.550;2711.411;2800.328;3581.999;755.640;1498.960;1539.555;1242.091;1303.269;1745.746;1906.588;1025.547;358.075;1106.322;427.385;1050.910;2514.175;2247.896;3596.350;1976.425;1949.898;2324.349;2573.336;2165.415;2092.730;2326.443;1446.119;2829.652;2109.820;1076.510;967.061;152.521
21,35.955668210983276,20,-538.2322411753073,538.2322411753073,0.283031720554373,858.917;3194.645;809.115;3240.868;1662.052;2326.709;2724.797;1943.925;1071.763;549.631;270.912;2538.314;1699.929;742.861;3039.632;1085.181;1466.337;1210.638;2217.021;2012.678;2157.485;857.154;1144.951;892.841;1217.565;509.954;615.068;3496.834;3523.332;616.091;255.786;696.905;2539.115;2658.523;148.424;2185.156;4.522;1895.799;2341.369;3607.806;966.504;2807.806;3102.546;3602.477;2.188;1596.329;3609.996;1400.453;3136.299;1916.714;2681.359;1782.909;51.175;106.293;389.426;812.879;3564.281;2404.788;3099.914;1980.085;2279.004;3045.056;3413.300;3311.370;3074.721;358.637;1138.784;36.068;2102.416;2961.588;5.981;490.119;1414.488;820.648;2741.710;1267.248;2334.284;1835.552;2032.390;3416.470;3481.068;465.017;2970.491;1076.992;257.213;1297.070;1965.746;3455.497;1377.091;14.420;3165.155;548.513;1651.831;3158.474;1881.324;1505.704;2712.596;-11.108;2013.014;1524.564,3605.717;2963.672;-3.577;605.553;1571.434;2419.801;1167.514;1215.852;3258.218;3326.692;1368.537;3229.792;1008.780;391.092;1722.486;2443.954;3124.919;3601.513;2895.439;2743.734;2596.821;2612.908;2762.377;3433.779;1478.258;299.199;733.743;859.219;1301.486;2947.193;62.411;1709.555;2867.286;807.231;239.900;701.054;426.961;2908.759;450.984;669.008;3022.184;2917.140;2075.472;3367.235;51.934;3594.051;2059.004;1067.122;3174.715;2388.881;3593.826;351.603;2009.573;1726.089;2310.453;849.131;1.847;1907.419;1197.632;3245.137;1628.733;1536.018;2370.400;1861.062;3550.420;2809.074;1798.739;734.075;2190.484;2733.707;2832.832;3599.072;711.950;1496.735;1503.955;1257.842;1299.527;1792.797;1903.025;1040.388;331.971;1094.598;423.900;1048.598;2502.980;2241.866;3608.148;1951.761;1933.767;2292.319;2534.655;2116.074;2109.495;2352.614;1384.979;2835.470;2104.744;1126.589;1006.538;130.202
26,45.02660369873047,25,-541.3812158917199,541.3812158917199,0.3377259655490591,829.170;3190.332;805.572;3238.362;1650.740;2351.013;2741.358;1973.148;1044.802;479.365;222.996;2571.455;1655.435;767.618;3039.959;1139.123;1446.145;1230.517;2240.903;1988.835;2160.831;843.922;1111.198;930.669;1208.079;519.432;585.285;3551.810;3538.111;592.002;212.990;668.109;2529.346;2678.003;116.820;2200.454;67.693;1916.618;2319.089;3572.903;989.541;2859.692;3103.790;3596.502;1.461;1608.513;3612.926;1348.653;3154.530;1937.963;2636.217;1708.392;8.161;65.484;417.999;848.630;3584.186;2396.017;3085.800;1968.494;2248.545;3073.803;3479.405;3284.889;3101.655;331.543;1166.229;14.713;2103.187;2917.949;5.695;457.219;1440.664;746.099;2718.115;1293.693;2332.514;1900.077;1992.075;3445.796;3493.358;453.630;2937.748;1080.415;275.863;1220.419;1946.766;3461.010;1414.165;-7.752;3160.843;539.117;1610.066;3146.012;1847.760;1524.893;2707.959;10.709;2044.638;1584.972,3600.266;3011.992;8.162;614.683;1604.459;2387.932;1176.945;1201.651;3233.550;3356.581;1386.528;3276.811;1024.235;402.372;1722.178;2513.793;3115.026;3592.919;2927.655;2727.222;2576.435;2590.822;2748.581;3435.051;1516.707;279.601;744.903;836.210;1323.170;2950.402;48.171;1732.074;2861.955;793.243;271.498;674.386;474.705;2931.831;375.907;670.870;3017.999;2953.265;2119.731;3391.352;-8.973;3574.068;2066.397;1029.043;3199.247;2426.855;3589.763;327.203;2005.556;1729.252;2304.120;895.473;6.094;1919.952;1169.531;3286.767;1646.064;1518.462;2445.843;1856.555;3589.418;2785.980;1811.802;687.259;2182.489;2712.821;2841.171;3596.719;662.705;1482.736;1450.700;1276.044;1252.813;1760.974;1962.268;1073.453;303.838;1073.866;422.692;1092.455;2484.955;2188.467;3616.378;1969.378;1966.253;2309.856;2512.697;2078.902;2091.094;2316.929;1395.627;2854.751;2071.431;1124.620;990.298;71.874
31,53.916770458221436,30,-542.4889378832931,542.4889378832931,0.3734817256236893,804.640;3234.172;819.778;3246.568;1638.241;2366.888;2731.354;1990.263;1075.915;480.074;208.154;2641.667;1613.465;824.376;3036.557;1158.182;1409.446;1225.500;2197.810;1988.737;2137.074;808.883;1102.372;951.439;1215.283;481.390;528.911;3529.197;3575.401;524.213;288.286;656.398;2573.337;2700.117;111.024;2197.550;37.649;1915.872;2335.884;3613.308;1001.873;2888.513;3102.334;3593.477;-6.135;1628.878;3611.695;1330.529;3126.746;1949.610;2571.541;1713.434;5.599;31.032;403.226;862.596;3593.380;2425.204;3078.032;1976.565;2221.839;3077.834;3535.638;3333.036;3120.525;357.839;1155.083;4.154;2125.521;2918.739;4.084;432.735;1453.024;765.076;2730.680;1256.558;2346.218;1864.367;2032.348;3446.932;3523.160;404.139;2931.764;1033.582;266.119;1173.955;1930.803;3481.294;1416.705;-5.879;3118.383;531.305;1570.754;3169.499;1859.834;1543.118;2751.797;20.934;2054.194;1572.006,3596.273;2978.719;-12.604;648.048;1572.118;2384.324;1154.532;1218.938;3256.996;3365.832;1403.653;3257.347;1006.732;339.564;1695.134;2440.608;3073.023;3596.973;2943.028;2723.380;2538.397;2609.301;2795.350;3388.609;1533.932;354.184;760.984;852.358;1314.788;2988.421;2.981;1735.140;2891.856;734.307;267.317;657.271;434.710;2953.696;344.945;601.369;3031.943;2932.821;2096.778;3426.803;0.440;3604.332;2123.888;983.706;3271.192;2379.324;3595.679;288.723;2040.007;1686.594;2315.179;892.591;1.000;1876.474;1204.098;3271.845;1626.991;1494.717;2401.230;1819.965;3607.701;2799.624;1780.312;745.641;2173.041;2688.465;2831.873;3597.407;601.572;1519.317;1467.154;1312.446;1240.512;1805.054;1944.393;1069.972;277.730;1112.318;392.064;1141.019;2518.267;2176.381;3609.023;1961.455;1978.805;2294.354;2523.659;2063.943;2144.738;2350.519;1376.777;2806.783;2059.690;1099.862;983.751;3.281
36,63.00635242462158,35,-544.7231427701706,544.7231427701706,0.48465267235894877,821.590;3281.947;859.792;3269.778;1637.087;2423.983;2718.978;1964.339;1131.975;472.003;250.611;2665.990;1592.756;823.582;3063.264;1162.783;1434.148;1159.459;2202.364;2005.202;2138.316;772.519;1121.235;910.012;1232.609;416.135;577.632;3577.637;3561.543;564.425;297.799;626.919;2542.346;2720.488;118.613;2185.138;9.155;1885.518;2340.871;3594.218;981.267;2844.893;3124.441;3595.649;13.174;1583.544;3606.654;1271.843;3154.111;1926.903;2578.301;1669.047;-10.858;2.668;424.221;872.152;3600.418;2436.394;3082.134;2009.842;2202.468;3084.570;3562.124;3318.434;3108.269;343.211;1148.490;-3.395;2118.740;2939.987;-8.609;362.048;1471.561;735.577;2678.732;1284.433;2366.642;1898.846;2078.471;3457.094;3511.703;369.756;2884.423;1087.971;281.827;1210.538;1968.181;3493.432;1355.514;3.685;3068.053;485.183;1571.410;3186.400;1873.331;1551.407;2739.685;-15.148;2100.281;1598.279,3559.497;3040.485;21.082;571.284;1578.354;2317.547;1133.427;1177.820;3280.935;3433.653;1359.295;3234.692;1048.693;262.118;1703.497;2466.265;3068.592;3611.845;2988.410;2741.407;2554.104;2592.993;2759.085;3338.760;1577.356;380.499;766.688;886.988;1356.579;2988.460;24.431;1751.478;2885.652;772.619;242.873;592.754;466.453;2921.947;311.482;673.521;2975.296;2975.033;2075.438;3450.280;-19.308;3590.260;2133.693;929.205;3307.837;2373.570;3579.044;287.594;2073.981;1700.662;2290.358;869.040;5.233;1884.921;1145.510;3343.654;1603.925;1505.711;2474.740;1812.847;3594.278;2766.676;1782.390;715.586;2211.764;2680.429;2865.967;3595.564;570.310;1530.715;1527.137;1299.936;1268.076;1828.780;1913.439;1088.916;200.896;1145.667;425.055;1143.704;2478.364;2233.924;3594.733;1968.810;1997.444;2359.237;2512.245;1999.993;2109.438;2346.945;1388.948;2830.008;2017.274;1050.642;910.037;-13.986
41,72.01598763465881,40,-546.1663752237694,546.1663752237694,0.33863287639734024,785.796;3328.629;832.202;3264.639;1639.402;2487.569;2706.962;1962.008;1175.388;452.584;235.800;2690.410;1611.573;851.932;3109.040;1178.809;1424.287;1198.093;2239.021;2012.484;2134.169;754.075;1102.070;849.624;1255.578;384.863;541.448;3603.488;3600.588;593.746;309.913;628.306;2555.353;2710.698;141.861;2218.563;-2.880;1897.455;2375.993;3596.878;985.482;2850.703;3115.691;3600.635;9.149;1596.628;3596.007;1230.199;3194.355;1855.601;2535.832;1649.415;6.998;3.102;381.567;849.418;3597.653;2467.712;3081.629;1997.819;2204.442;3071.993;3589.147;3289.332;3043.828;334.656;1133.898;6.433;2096.758;2981.191;5.604;343.623;1494.380;782.609;2721.710;1230.358;2380.320;1870.280;2069.216;3502.999;3481.699;387.893;2849.868;1094.060;266.472;1159.569;2009.197;3468.862;1367.154;0.949;3101.069;521.016;1578.738;3155.921;1862.684;1566.635;2689.871;-2.047;2086.642;1593.327,3579.237;3033.152;6.751;588.175;1605.280;2320.170;1146.246;1144.049;3329.465;3419.707;1406.484;3260.869;1049.052;314.509;1701.840;2504.368;3045.014;3594.930;2990.052;2779.658;2547.406;2576.483;2790.167;3290.877;1561.656;424.011;790.929;872.879;1415.923;3003.355;-13.083;1751.202;2920.959;783.279;227.188;607.468;448.048;2956.433;252.885;625.383;2964.225;2944.371;2049.217;3494.385;20.237;3588.660;2101.833;908.758;3294.925;2324.422;3615.626;259.713;2008.397;1675.205;2292.446;834.166;1.747;1837.041;1106.855;3327.535;1609.273;1475.986;2545.998;1823.352;3585.439;2796.347;1798.102;762.811;2266.434;2725.563;2852.739;3611.726;575.133;1519.226;1489.201;1265.093;1250.215;1806.689;1956.527;1057.100;190.435;1120.671;447.292;1109.111;2506.692;2268.626;3597.478;1976.176;1957.934;2343.507;2528.898;2046.371;2142.256;2352.877;1358.854;2853.732;2034.346;1080.554;940.568;-0.930
46,81.05605411529541,45,-547.9271665414966,547.9271665414966,0.44389208059200946,765.236;3369.546;873.109;3263.700;1668.081;2542.273;2742.828;1994.661;1227.469;404.655;217.444;2699.632;1567.531;915.748;3089.567;1175.521;1464.427;1166.017;2211.569;2059.031;2122.417;723.186;1097.445;861.565;1285.602;409.448;569.093;3614.755;3613.797;581.194;293.462;626.936;2590.674;2675.549;160.425;2214.590;56.541;1915.284;2402.363;3597.850;1010.976;2897.773;3172.652;3599.164;-10.990;1597.531;3612.503;1283.890;3241.554;1798.330;2529.860;1671.225;2.361;23.876;398.792;789.439;3603.053;2449.061;3053.542;1967.279;2230.646;3147.794;3598.491;3278.257;3074.271;293.045;1124.858;3.151;2129.783;2976.606;-7.341;306.148;1464.486;739.364;2722.704;1220.146;2363.688;1867.147;2054.605;3534.018;3494.204;368.574;2848.513;1067.689;271.843;1227.152;2003.442;3463.300;1342.742;0.254;3047.536;522.443;1574.924;3178.115;1899.106;1532.124;2689.876;0.757;2088.198;1610.680,3525.179;3057.710;-12.649;568.649;1603.369;2363.071;1086.669;1116.499;3336.304;3423.811;1398.810;3218.787;1023.561;270.144;1682.795;2493.779;3077.649;3601.037;3043.117;2734.592;2577.898;2572.672;2735.878;3264.710;1529.572;407.389;764.785;838.709;1369.289;3040.270;7.230;1797.786;2942.382;754.708;222.624;598.619;500.086;2975.884;182.548;641.489;2966.845;2953.425;2059.098;3500.176;3.124;3589.890;2122.209;896.462;3343.669;2326.258;3596.459;229.715;1962.847;1652.293;2282.133;876.267;8.798;1831.995;1157.244;3369.065;1618.715;1453.020;2586.855;1817.735;3597.302;2806.452;1788.042;726.727;2265.048;2714.119;2887.668;3604.391;516.365;1517.498;1513.817;1257.279;1305.528;1800.625;1955.937;1045.616;190.500;1159.757;453.206;1099.408;2485.489;2313.861;3599.337;1985.359;1960.177;2348.521;2532.048;2056.432;2102.603;2363.838;1327.816;2862.040;2025.570;1081.338;892.579;-8.142
51,90.13848543167114,50,-548.3405220838777,548.3405220838777,0.3591270081578796,715.718;3428.367;825.377;3252.284;1660.604;2466.838;2727.178;2024.147;1264.361;421.164;198.482;2718.872;1620.279;966.636;3026.491;1150.458;1448.519;1113.817;2186.962;2086.264;2104.795;654.271;1114.689;901.913;1321.470;442.177;555.494;3595.688;3598.892;601.481;275.697;585.953;2605.399;2658.349;221.147;2182.661;19.817;1929.022;2471.009;3593.095;975.616;2923.930;3124.867;3588.908;-1.199;1613.701;3604.125;1248.169;3257.548;1731.432;2476.656;1694.700;2.177;-1.331;427.951;817.663;3601.788;2450.158;3059.360;1979.123;2216.761;3201.087;3574.063;3313.778;3064.215;324.618;1108.424;3.891;2140.360;2988.263;-9.297;258.563;1455.649;779.385;2758.667;1243.540;2432.451;1843.511;2018.404;3493.705;3491.565;386.132;2890.086;1070.365;257.920;1219.113;2039.680;3525.880;1327.252;6.968;3035.951;459.379;1519.498;3196.348;1881.470;1584.022;2706.373;-16.927;2150.607;1619.910,3595.067;3084.353;-3.005;496.162;1562.329;2355.205;1013.525;1086.032;3365.330;3406.282;1392.216;3276.439;990.134;222.547;1674.466;2528.297;3091.362;3588.418;3088.014;2725.761;2527.373;2588.765;2749.904;3292.706;1521.778;424.254;775.430;815.494;1354.057;3094.529;-1.602;1755.122;2913.999;715.503;220.539;559.184;494.590;2927.211;123.224;587.860;2947.496;2996.693;2060.843;3570.235;24.194;3609.266;2162.972;832.783;3349.668;2304.248;3589.589;261.782;1942.265;1636.480;2295.828;850.717;0.027;1848.875;1171.449;3338.396;1613.754;1482.274;2608.837;1825.854;3592.041;2821.804;1782.148;732.130;2262.337;2745.131;2893.286;3599.499;529.742;1575.801;1508.595;1229.519;1343.842;1767.360;1942.248;1047.801;182.928;1169.050;416.785;1101.862;2495.125;2307.532;3612.548;1965.884;1951.700;2322.829;2532.982;2040.462;2101.222;2340.439;1278.799;2906.745;2093.969;1111.591;883.623;1.473
56,99.00420045852661,55,-548.8785591128124,548.8785591128124,0.31126871819681945,753.870;3441.639;851.226;3228.439;1678.526;2450.025;2758.256;2053.354;1206.771;400.114;120.393;2722.440;1673.616;933.237;3075.649;1154.625;1470.068;1136.951;2231.683;2079.157;2096.002;633.892;1112.071;887.147;1339.198;425.141;517.946;3578.190;3588.110;538.524;255.731;540.524;2617.486;2703.744;237.808;2215.097;6.898;1957.364;2409.406;3584.590;1021.655;2964.234;3084.159;3597.137;1.018;1641.271;3576.860;1287.924;3322.859;1684.301;2469.765;1699.861;8.197;29.526;463.388;786.423;3577.840;2388.675;3092.813;1946.529;2254.852;3174.623;3610.763;3377.128;3043.873;276.458;1057.258;-6.826;2145.046;3004.982;9.935;210.433;1379.917;792.505;2761.855;1278.845;2403.525;1854.483;2039.956;3554.396;3566.964;390.056;2819.097;1047.641;262.583;1153.622;2010.974;3578.727;1273.397;7.423;2988.461;477.401;1594.478;3203.606;1813.373;1576.014;2718.167;7.113;2126.526;1631.687,3600.295;3071.128;4.524;449.908;1565.467;2330.707;1023.851;1157.171;3386.158;3424.321;1345.373;3308.029;948.130;268.294;1679.164;2545.616;3134.807;3599.476;3108.776;2717.735;2530.772;2606.076;2721.736;3255.585;1551.441;443.293;770.725;789.829;1416.716;3119.564;-6.018;1764.028;2941.593;705.648;189.251;539.582;472.398;2972.884;82.799;601.983;2969.363;2990.074;2039.195;3591.097;16.785;3603.370;2228.426;804.643;3379.182;2310.850;3604.449;253.576;1946.465;1698.283;2260.301;887.615;12.358;1837.050;1188.463;3301.207;1551.725;1421.885;2628.396;1817.896;3609.543;2833.900;1747.851;724.459;2277.145;2798.040;2909.712;3597.090;514.000;1572.039;1557.239;1172.476;1330.469;1794.151;1974.352;1049.337;190.418;1201.599;366.422;1148.928;2502.764;2302.992;3592.270;1939.977;1906.307;2322.064;2524.828;2062.275;2042.697;2338.180;1242.415;2837.794;2087.485;1054.589;821.596;-12.974
61,107.96105694770813,60,-550.9955992303005,550.9955992303005,0.34164204828918904,681.738;3493.341;875.781;3209.486;1615.515;2475.488;2690.970;2049.956;1248.579;350.750;55.896;2689.340;1684.199;917.162;3060.073;1150.254;1497.568;1124.888;2180.465;2114.963;2118.844;651.414;1099.662;930.441;1290.088;468.429;488.902;3593.006;3598.391;542.764;273.814;556.724;2646.204;2696.406;209.777;2261.463;22.195;1950.651;2433.590;3601.608;1018.979;2961.554;3122.490;3606.848;-1.387;1562.233;3588.293;1271.526;3286.127;1654.915;2498.315;1665.278;6.645;5.487;447.236;787.748;3582.842;2443.832;3047.312;2014.204;2251.603;3251.364;3591.978;3395.791;3078.576;259.842;1088.940;-14.823;2087.433;3008.023;2.502;234.497;1422.317;731.843;2703.246;1277.514;2429.553;1863.220;2092.612;3564.657;3559.950;435.530;2887.580;1009.102;237.471;1160.917;1972.651;3615.111;1272.482;12.014;3008.973;487.155;1648.471;3126.422;1818.662;1540.176;2683.105;29.726;2052.406;1676.495,3591.409;3093.841;3.310;440.910;1583.884;2368.241;1011.783;1172.579;3428.940;3371.613;1328.298;3328.096;958.875;280.070;1679.273;2550.656;3128.316;3607.979;3106.758;2728.924;2540.821;2609.149;2711.991;3260.703;1475.121;417.131;785.578;782.180;1362.127;3079.263;2.776;1791.585;2948.723;705.848;197.127;504.117;496.684;2937.193;58.132;575.302;2988.926;2999.437;2042.190;3601.258;10.496;3602.937;2213.036;769.101;3347.888;2333.104;3570.864;218.908;1923.233;1685.809;2218.684;848.118;6.220;1855.455;1177.617;3321.137;1536.384;1456.620;2674.761;1741.364;3599.238;2818.410;1738.161;707.513;2213.932;2766.090;2941.901;3589.824;552.806;1512.040;1559.191;1174.594;1342.695;1781.131;1998.785;1059.830;226.755;1242.826;330.264;1112.243;2511.595;2312.369;3532.546;1956.829;1948.529;2318.631;2594.918;2051.126;2061.071;2308.293;1229.786;2864.165;2093.137;1049.587;747.388;-4.007
66,116.83406257629395,65,-552.212877205809,552.212877205809,0.5362578183492851,655.746;3499.743;901.353;3215.385;1657.495;2499.162;2721.422;2124.733;1238.952;357.592;-14.252;2690.053;1606.252;875.217;3104.493;1112.693;1521.394;1128.069;2150.944;2100.780;2101.577;673.283;1082.934;940.265;1226.896;473.881;476.275;3605.581;3605.794;534.946;325.660;555.666;2620.422;2634.074;196.915;2228.146;28.014;1971.041;2509.196;3587.025;1019.588;2959.027;3168.471;3573.904;6.011;1596.179;3605.879;1346.218;3293.190;1635.102;2546.759;1624.885;24.125;5.451;423.574;799.563;3573.876;2431.404;3026.183;2022.226;2277.104;3285.754;3590.085;3376.491;3121.619;272.870;1152.689;-17.862;2112.262;3043.027;-12.523;179.698;1444.695;717.083;2687.036;1287.129;2367.097;1875.280;2077.411;3578.812;3592.923;421.372;2858.132;986.536;222.626;1162.249;2030.119;3604.351;1238.135;-7.570;3010.679;516.304;1685.929;3070.003;1822.330;1466.539;2681.559;22.257;2057.458;1694.590,3608.230;3071.439;9.167;387.864;1552.611;2403.432;945.403;1107.176;3436.473;3346.168;1357.536;3336.885;1028.320;303.768;1670.889;2533.632;3094.321;3611.555;3121.733;2744.828;2534.945;2660.741;2719.288;3211.370;1491.565;466.756;795.499;778.328;1431.833;3081.363;-6.211;1775.059;2961.982;672.198;211.765;427.402;467.996;2941.164;27.751;580.469;3035.987;3000.995;2049.872;3605.105;0.669;3595.568;2258.585;758.646;3342.827;2348.447;3604.676;177.610;1931.760;1678.986;2186.565;813.413;7.977;1862.580;1178.992;3355.926;1544.971;1408.994;2678.434;1713.360;3608.935;2814.165;1670.342;705.636;2195.783;2795.227;2937.091;3592.410;542.711;1510.043;1595.354;1158.736;1314.976;1770.961;1993.707;1083.847;243.683;1241.252;348.280;1124.045;2550.930;2272.914;3594.118;1973.385;2019.045;2320.780;2536.008;1994.386;2077.671;2334.145;1246.702;2826.396;2073.602;988.669;718.434;-15.169
71,125.82696866989136,70,-552.0215664760537,552.0215664760537,0.3828350718581835,693.820;3513.469;901.080;3217.076;1662.144;2454.831;2700.855;2082.719;1261.691;317.747;-7.433;2679.165;1596.697;920.823;3091.483;1065.768;1504.937;1114.640;2147.208;2062.318;2147.958;659.639;1079.448;885.315;1224.769;530.670;461.254;3595.580;3598.705;525.122;356.200;526.168;2608.415;2653.355;184.275;2252.332;-3.355;1991.519;2525.374;3592.563;1035.692;2940.068;3150.912;3591.813;0.489;1535.538;3611.419;1322.795;3274.458;1682.390;2536.745;1624.786;10.364;14.139;417.208;777.288;3563.845;2410.317;2972.553;2100.317;2219.070;3324.495;3599.499;3416.184;3162.914;286.676;1144.193;3.260;2160.180;3060.111;19.085;151.981;1440.132;701.950;2701.034;1308.429;2406.396;1885.780;2055.628;3593.385;3584.027;386.351;2849.823;985.135;160.079;1175.477;1996.036;3595.080;1205.962;21.200;3051.420;564.680;1661.278;3068.365;1847.671;1484.109;2726.608;-4.088;2013.793;1759.599,3571.434;3039.528;2.633;398.485;1517.997;2400.120;929.649;1112.628;3435.857;3352.853;1353.917;3384.283;1014.264;275.746;1720.193;2509.334;3110.957;3610.519;3134.918;2742.103;2554.427;2657.291;2747.124;3281.767;1474.918;434.631;798.406;796.163;1451.881;3092.286;12.758;1746.578;2983.309;640.860;229.767;422.247;473.301;2921.528;32.164;551.526;3031.417;2971.550;2017.162;3567.488;-15.593;3582.542;2281.527;748.591;3338.838;2318.549;3591.706;176.730;1924.779;1646.409;2169.808;815.432;-12.968;1873.038;1194.606;3392.780;1582.825;1374.876;2714.950;1703.136;3589.734;2835.662;1704.765;721.116;2173.904;2775.830;2981.354;3602.127;478.820;1506.655;1540.347;1131.089;1276.016;1780.032;2015.989;1079.981;227.467;1201.384;353.684;1154.399;2586.218;2326.669;3600.153;1978.908;2064.429;2355.277;2510.726;1981.150;2020.845;2308.579;1257.443;2812.803;2101.959;1016.415;706.711;14.859
76,134.63100266456604,75,-553.3984039459389,553.3984039459389,0.23073501681586073,678.280;3492.513;919.084;3189.914;1653.815;2477.463;2697.554;2066.352;1279.978;320.079;-0.018;2697.779;1618.782;944.151;3048.744;1117.150;1477.694;1118.724;2171.763;2070.008;2157.098;668.001;1038.909;841.553;1193.412;465.242;472.145;3582.964;3597.524;535.706;368.942;544.083;2606.183;2647.185;205.144;2213.888;31.966;1963.339;2535.827;3585.518;1018.648;2944.448;3178.989;3594.680;4.881;1537.745;3598.341;1324.139;3313.467;1681.018;2561.750;1614.611;-15.124;-2.172;436.869;751.298;3581.295;2451.016;3002.578;2060.379;2161.684;3322.261;3593.705;3398.311;3171.878;277.170;1116.646;-1.779;2198.953;3034.243;4.193;90.908;1462.567;679.149;2715.564;1331.992;2414.952;1882.764;2050.792;3588.365;3578.526;335.116;2850.762;1018.416;84.998;1205.537;1994.213;3604.531;1208.929;51.994;3077.856;561.982;1645.534;3072.963;1870.757;1501.922;2718.390;3.483;2033.198;1781.947,3599.025;3034.188;2.966;393.008;1531.186;2444.868;921.385;1043.969;3382.984;3346.569;1369.960;3375.818;1007.717;339.451;1651.308;2582.231;3147.577;3596.179;3155.707;2737.538;2507.800;2640.884;2726.708;3336.786;1447.538;453.687;828.769;763.102;1448.217;3065.852;-0.548;1727.761;2943.034;606.800;200.873;384.914;448.230;2937.451;25.335;496.171;3038.255;2996.936;2029.136;3602.133;6.680;3601.498;2267.595;732.333;3342.663;2348.892;3595.802;204.662;1915.768;1646.995;2157.542;784.675;-2.140;1860.668;1188.377;3378.980;1584.946;1381.933;2739.920;1740.335;3597.496;2808.952;1706.575;713.162;2155.912;2778.511;3022.991;3591.105;476.613;1463.454;1538.501;1167.699;1271.721;1797.232;2007.975;1083.429;217.717;1190.372;330.724;1103.753;2624.843;2337.472;3593.728;1971.781;2067.207;2333.721;2519.685;1971.044;2009.540;2309.032;1263.628;2812.033;2103.870;1012.724;647.407;-0.206
81,143.62788558006287,80,-553.9358200411573,553.9358200411573,0.5011885170550158,634.192;3509.273;932.429;3177.900;1620.518;2462.400;2745.315;2075.420;1314.956;305.775;1.259;2709.151;1656.429;936.652;3093.481;1133.822;1456.006;1132.448;2204.575;2085.256;2135.532;666.340;1010.435;808.381;1201.490;473.559;471.635;3562.848;3595.911;548.086;357.167;527.887;2641.859;2651.937;208.754;2207.058;-4.527;1967.327;2528.625;3542.264;1038.363;2955.904;3193.221;3592.203;2.102;1528.376;3603.512;1280.471;3341.515;1710.906;2558.709;1655.136;-5.643;-2.694;419.991;743.802;3563.173;2479.098;2964.595;2058.074;2136.780;3339.115;3593.183;3380.109;3174.571;219.068;1101.751;43.550;2270.818;3028.312;11.315;73.225;1483.237;656.159;2704.981;1330.673;2368.481;1876.701;2002.102;3589.267;3602.492;354.233;2860.480;1041.023;81.486;1231.472;1968.540;3604.001;1174.649;67.839;3029.491;573.703;1716.559;3113.360;1837.619;1553.307;2744.120;-11.710;2009.852;1777.145,3598.051;3020.656;-7.656;404.459;1557.685;2393.539;903.322;997.790;3366.320;3343.800;1386.244;3370.972;1040.364;380.305;1642.227;2559.902;3145.399;3610.179;3158.366;2757.619;2519.727;2621.444;2747.051;3349.738;1443.409;412.406;846.721;779.429;1462.960;3052.298;-19.734;1713.534;2919.721;558.760;197.025;374.018;424.439;2979.082;1.129;521.511;3016.213;3061.688;2070.338;3585.510;-5.299;3599.040;2293.156;742.535;3360.661;2370.777;3600.134;227.011;1955.203;1649.370;2195.980;756.738;-13.258;1825.426;1220.378;3389.922;1534.930;1347.948;2757.788;1776.145;3608.156;2800.705;1715.097;698.681;2120.457;2788.286;3061.158;3607.897;482.045;1452.905;1541.222;1170.873;1252.306;1800.773;2025.956;1048.762;282.373;1177.926;266.810;1030.276;2622.639;2373.896;3600.457;1933.003;2025.736;2322.204;2508.309;1972.495;2035.845;2321.447;1295.018;2818.482;2059.426;1041.937;659.280;-12.354
86,152.45200181007385,85,-553.5535820503262,553.5535820503262,0.4126187695099998,668.761;3531.218;985.386;3211.318;1642.540;2505.521;2748.184;2058.694;1282.484;263.239;16.463;2737.744;1638.443;938.487;3090.597;1086.668;1465.080;1159.722;2209.318;2089.367;2111.477;667.230;1051.290;800.413;1182.264;478.443;444.406;3536.280;3593.886;556.058;381.482;506.195;2648.043;2635.104;168.285;2252.124;-9.877;1957.254;2539.069;3588.012;999.940;2964.986;3179.895;3603.850;12.832;1539.709;3598.165;1214.690;3393.951;1766.340;2522.011;1617.648;-5.829;-8.380;373.381;753.641;3598.525;2503.679;2983.795;2081.174;2160.098;3413.542;3586.125;3351.943;3153.910;187.592;1090.436;31.940;2313.941;2991.220;9.286;6.206;1485.193;667.603;2731.497;1344.134;2411.848;1850.573;2029.957;3613.166;3596.631;384.217;2884.862;1098.489;31.010;1236.533;1916.571;3595.327;1134.709;69.000;3053.725;582.761;1669.217;3095.793;1862.662;1580.089;2716.022;14.635;1979.149;1797.817,3603.059;3071.410;6.572;410.050;1542.831;2410.047;885.558;1059.140;3335.830;3351.631;1405.525;3415.130;1014.513;364.154;1669.216;2531.255;3164.495;3606.751;3132.394;2709.550;2513.539;2640.814;2745.626;3394.432;1463.884;382.604;866.932;768.854;1438.610;3058.349;0.011;1740.994;2955.734;496.976;186.537;381.516;444.693;3001.607;2.221;529.566;3004.878;3033.273;2135.033;3594.325;4.840;3609.826;2300.946;777.582;3343.197;2407.989;3599.976;191.185;1926.216;1662.145;2191.056;713.987;2.246;1762.123;1256.855;3424.764;1524.526;1375.073;2736.772;1792.798;3591.148;2785.431;1682.082;722.102;2159.720;2814.927;3057.660;3613.932;489.978;1382.658;1484.023;1156.914;1212.693;1821.361;2049.903;1041.021;268.847;1154.539;261.056;1055.212;2586.247;2336.857;3581.105;1890.050;2010.354;2322.918;2541.567;1951.086;1997.515;2315.921;1306.074;2832.004;2031.375;1053.271;625.786;-11.148
91,161.36131405830383,90,-554.269171663711,554.269171663711,0.47841531055840253,685.736;3508.566;1011.489;3164.218;1579.859;2484.416;2764.923;2091.661;1294.136;275.876;6.101;2791.950;1625.641;888.664;3101.268;1148.655;1463.199;1151.681;2186.939;2089.023;2126.098;642.639;1034.050;776.285;1145.734;471.844;422.750;3550.587;3594.749;554.120;414.136;519.293;2640.762;2602.248;203.820;2220.467;25.203;1948.936;2553.919;3562.196;967.693;2939.712;3234.065;3587.806;-1.041;1513.964;3600.459;1193.322;3426.398;1789.542;2509.351;1622.706;10.083;2.122;386.262;777.734;3628.196;2511.052;2967.189;2096.211;2130.376;3412.049;3583.762;3335.455;3185.796;201.271;1103.036;1.174;2321.512;2975.441;-1.604;6.005;1493.824;624.074;2756.027;1362.096;2428.770;1842.793;2060.557;3561.119;3589.789;387.430;2909.753;1170.649;-9.759;1179.264;1911.657;3593.839;1183.649;46.345;3085.049;537.837;1633.007;3121.617;1856.103;1600.645;2734.202;7.505;1991.744;1786.616,3598.536;3062.055;9.282;390.031;1594.816;2433.241;825.422;1082.616;3345.296;3297.580;1361.937;3398.740;942.228;354.008;1652.733;2564.823;3120.734;3593.648;3137.577;2694.670;2514.275;2651.042;2764.077;3454.987;1462.714;382.750;855.947;730.401;1442.352;3058.333;-3.591;1726.669;2927.162;487.084;154.539;354.795;489.480;3009.500;5.566;526.095;2997.530;3066.837;2112.862;3610.328;21.442;3594.440;2332.478;808.631;3360.961;2437.340;3591.794;191.388;1962.489;1649.873;2213.801;677.965;2.861;1779.721;1249.448;3463.535;1470.092;1338.983;2720.256;1787.373;3598.636;2744.904;1701.772;722.287;2146.334;2844.704;3105.894;3610.052;492.768;1326.809;1497.289;1172.901;1251.981;1825.723;2024.382;1037.134;240.744;1198.607;244.661;1081.294;2591.686;2304.434;3606.413;1898.205;1991.596;2316.454;2553.402;1994.058;1996.640;2337.687;1292.494;2840.431;2068.668;1045.988;642.927;4.230
96,170.36969184875488,95,-554.9453495782133,554.9453495782133,0.5444618410194605,652.643;3547.903;1029.769;3157.514;1567.378;2524.458;2758.658;2075.419;1289.003;257.897;-0.876;2870.165;1654.484;842.970;3132.792;1097.300;1481.394;1129.412;2184.618;2114.366;2114.495;640.671;1085.341;805.570;1186.851;480.789;448.684;3564.781;3591.096;547.844;465.753;518.602;2641.503;2596.931;151.470;2238.087;21.760;1923.954;2544.461;3583.608;944.867;2948.612;3227.911;3612.304;3.714;1525.642;3589.766;1216.765;3403.488;1756.009;2489.926;1695.633;-7.134;-12.335;386.292;801.897;3604.170;2541.261;2963.274;2131.374;2130.109;3369.129;3602.381;3371.630;3144.966;218.163;1089.861;6.158;2310.911;3051.302;5.967;-6.397;1473.474;591.255;2743.269;1312.191;2454.398;1869.223;2087.375;3611.724;3592.725;383.885;2945.301;1134.620;-4.666;1166.003;1877.368;3589.536;1144.913;13.200;3067.036;550.008;1584.905;3119.404;1818.907;1648.792;2781.159;-1.727;1983.372;1776.712,3612.020;3031.372;-2.512;406.763;1574.890;2387.643;822.063;1092.778;3353.214;3284.700;1345.637;3439.136;923.965;318.403;1634.209;2539.148;3152.016;3617.700;3127.705;2718.075;2500.150;2608.903;2781.243;3412.616;1503.712;400.717;817.705;760.762;1461.526;3077.370;35.724;1733.689;2939.116;436.582;129.763;354.650;466.523;2992.145;-5.314;491.508;3058.542;3109.540;2053.372;3566.458;-13.078;3587.595;2328.509;798.112;3380.792;2429.517;3584.285;205.827;1975.963;1632.430;2208.270;710.719;5.659;1817.793;1215.601;3509.844;1435.518;1285.335;2727.697;1773.963;3612.689;2770.445;1677.589;704.943;2179.404;2851.427;3119.202;3602.874;454.036;1365.496;1518.976;1186.210;1292.006;1866.892;2003.377;1046.064;228.678;1209.747;251.389;1062.307;2605.446;2272.651;3564.889;1949.245;2019.471;2322.713;2590.189;1980.016;1946.415;2343.242;1293.679;2869.056;2109.650;1017.770;635.910;-9.110
101,179.1322422027588,100,-555.1817424137713,555.1817424137713,0.4876112668458929,651.521;3616.036;1036.968;3165.405;1593.296;2555.167;2687.509;2087.334;1314.224;226.915;3.971;2874.829;1708.914;855.809;3091.117;1079.547;1505.249;1173.541;2192.392;2135.583;2102.155;617.288;1073.428;788.780;1144.792;469.720;407.876;3611.804;3601.583;539.132;497.793;523.539;2616.784;2659.607;117.807;2220.146;-1.907;1935.315;2509.426;3594.886;967.875;2941.495;3253.986;3603.490;24.526;1498.525;3595.202;1231.602;3395.893;1794.514;2517.444;1658.951;-8.438;2.396;421.180;821.502;3594.287;2516.277;3004.653;2187.108;2132.877;3412.654;3587.255;3361.341;3187.002;210.111;1113.023;-2.339;2313.303;3043.452;6.748;20.956;1502.719;596.724;2779.108;1358.214;2448.674;1880.962;2063.428;3588.788;3592.991;404.006;2958.202;1101.912;7.006;1146.748;1836.394;3610.327;1123.562;12.922;3105.624;536.259;1518.814;3122.192;1781.818;1575.580;2791.831;-9.237;2043.576;1792.505,3597.167;3036.137;30.002;454.158;1529.523;2394.007;793.224;1094.935;3402.332;3333.040;1270.895;3481.827;874.266;302.795;1677.471;2526.384;3122.899;3565.745;3172.039;2750.898;2452.288;2627.552;2784.696;3376.311;1499.740;409.941;776.612;772.950;1501.531;3113.464;2.626;1723.347;2915.553;420.808;105.490;363.728;448.238;3026.775;23.047;502.233;3069.257;3092.419;2041.963;3600.670;-11.910;3613.514;2290.896;793.383;3317.205;2401.742;3590.130;174.067;2000.785;1677.747;2200.804;762.975;-4.303;1764.165;1209.142;3562.572;1483.773;1252.047;2748.590;1760.482;3597.147;2740.377;1697.022;699.625;2167.432;2903.789;3068.872;3608.529;402.419;1296.519;1472.328;1225.444;1259.460;1914.527;2060.969;999.898;182.661;1261.894;214.862;1071.053;2643.368;2322.564;3526.088;1927.793;2026.510;2306.383;2613.928;1968.931;1891.020;2303.105;1286.813;2836.134;2099.283;1045.561;642.277;0.463
121,214.83384895324707,120,-556.910171641,556.910171641,0.5606954454573486,574.432;3575.010;1064.629;3128.284;1623.612;2521.375;2595.864;2077.227;1286.918;183.959;-6.712;2844.467;1749.480;874.258;3067.766;1096.597;1442.243;1141.507;2165.317;2110.853;2206.499;561.235;978.806;768.147;1112.317;470.166;391.443;3591.822;3548.846;509.683;573.589;575.040;2612.728;2656.766;238.283;2196.971;-18.914;1987.190;2573.251;3608.974;1015.621;2981.913;3257.107;3598.650;-7.678;1540.531;3596.885;1286.793;3474.799;1793.701;2508.390;1570.523;9.689;19.152;413.725;792.638;3575.668;2473.970;2980.919;2205.828;2132.975;3502.876;3612.818;3404.949;3204.978;149.431;1113.672;26.224;2315.635;3089.895;-1.552;19.181;1469.901;652.400;2814.890;1328.025;2498.778;1913.616;2003.579;3614.176;3595.301;290.526;3065.334;1064.787;-2.362;1174.978;1885.634;3602.526;1117.181;-6.242;3083.630;471.863;1519.721;3106.029;1806.219;1600.995;2890.591;3.324;2027.529;1901.653,3610.272;3078.500;-1.420;534.451;1576.995;2320.475;780.280;980.628;3381.323;3330.161;1378.348;3576.609;866.628;264.751;1636.426;2531.407;3095.021;3613.427;3164.098;2758.271;2563.049;2640.189;2762.742;3380.156;1447.479;504.553;756.335;694.280;1526.299;3195.726;-6.041;1751.127;2876.614;406.011;42.282;338.471;458.022;2988.356;9.121;430.307;3101.060;3168.936;2040.464;3594.523;26.849;3536.006;2403.477;680.422;3297.306;2400.146;3557.170;122.507;1920.894;1696.833;2217.031;807.459;-5.509;1853.810;1084.864;3554.834;1480.143;1174.125;2808.522;1799.458;3598.205;2787.537;1660.847;679.847;2196.098;2934.809;3124.673;3594.005;323.641;1269.637;1488.502;1249.611;1299.678;1816.684;2021.925;949.676;212.872;1270.288;118.858;1099.468;2637.675;2309.654;3602.222;2101.797;2050.833;2305.879;2612.758;1926.918;1891.009;2292.512;1301.718;2771.289;1878.884;951.369;545.281;-16.345
141,250.36769151687622,140,-558.7588265819509,558.7588265819509,0.48263155040462624,552.270;3591.997;1029.873;3085.826;1556.742;2587.335;2599.754;2153.511;1230.199;92.451;-15.033;2867.654;1679.245;949.741;3145.558;1056.960;1392.662;1097.579;2210.223;2111.327;2204.315;368.399;1004.513;768.610;1091.831;461.344;331.281;3580.799;3611.760;478.567;632.155;537.213;2593.995;2694.923;359.795;2262.940;-7.100;1986.205;2586.304;3599.308;1080.796;3018.602;3259.067;3584.292;-17.996;1558.392;3592.381;1336.208;3516.033;1724.990;2555.357;1533.691;9.729;-3.201;461.601;766.095;3574.414;2483.223;3034.590;2208.157;2173.129;3599.126;3595.346;3510.490;3162.660;80.114;1071.012;4.849;2262.972;3107.487;19.187;25.501;1456.937;634.270;2815.080;1366.635;2445.385;1962.362;1998.231;3588.518;3576.242;283.622;3052.910;1096.542;34.821;1127.333;1854.061;3589.939;1088.342;6.319;3135.901;452.754;1471.611;3076.060;1797.787;1581.590;2917.921;3.698;2085.992;1924.424,3577.288;3062.038;2.073;578.054;1577.709;2284.287;732.949;897.559;3484.640;3430.164;1400.840;3565.355;931.610;280.918;1624.691;2526.222;3139.479;3619.722;3243.001;2764.650;2599.142;2604.880;2756.406;3349.067;1473.821;478.012;870.522;696.096;1575.596;3130.871;19.163;1612.130;2847.643;412.220;2.179;286.543;346.408;3075.810;-4.539;484.826;3030.623;3158.840;2067.678;3598.696;1.660;3551.797;2554.339;649.531;3304.278;2409.124;3565.835;92.661;1936.220;1648.626;2229.373;716.029;1.383;1693.328;1199.768;3604.236;1436.034;1225.802;2882.289;1827.732;3599.614;2890.550;1733.660;560.266;2241.990;2920.037;3093.072;3596.893;409.787;1214.423;1439.184;1225.481;1163.322;1792.041;2049.471;1001.851;194.471;1333.221;43.897;1056.638;2607.511;2281.109;3599.835;2137.555;1962.760;2278.595;2630.805;1921.037;1971.975;2288.570;1363.355;2772.130;1853.327;881.139;479.295;3.289
161,285.8505787849426,160,-560.575978621141,560.575978621141,0.7525586576951535,539.795;3611.960;1100.234;3102.431;1631.424;2716.993;2578.214;2108.010;1204.120;53.485;71.577;2880.004;1729.411;908.088;3167.502;1098.221;1403.200;1148.918;2368.321;2091.333;2208.771;453.701;1037.262;619.611;1055.888;466.466;349.717;3582.262;3571.785;569.167;713.823;526.928;2578.661;2683.687;344.072;2252.720;-5.313;1986.832;2597.564;3576.759;1064.761;2994.887;3290.000;3597.439;0.704;1579.411;3602.621;1276.930;3586.829;1812.511;2459.857;1515.317;-18.537;1.073;365.574;728.314;3606.216;2508.684;3043.405;2176.360;2232.712;3573.604;3598.700;3614.781;3165.594;21.050;1062.503;3.296;2376.727;3074.089;-1.417;6.489;1426.870;627.198;2815.778;1301.188;2461.579;2019.003;1946.467;3627.600;3548.360;157.561;3017.507;1217.468;28.544;1175.011;1859.672;3596.471;979.992;20.279;3146.144;452.955;1484.914;3043.862;1712.555;1520.447;2907.335;7.463;2056.651;1924.461,3604.443;3111.831;9.023;600.918;1628.231;2276.800;715.327;863.379;3443.753;3429.916;1437.490;3546.086;919.892;326.194;1581.545;2497.589;3187.272;3615.621;3246.884;2787.305;2577.150;2597.994;2691.801;3360.351;1422.091;458.458;951.964;759.495;1577.176;3066.565;2.390;1597.691;2827.030;377.922;7.126;234.737;265.724;3081.030;-15.305;520.301;2979.050;3182.512;2022.957;3591.650;-17.309;3546.964;2521.337;635.565;3264.938;2376.437;3585.046;179.960;1977.482;1675.816;2148.915;755.361;8.575;1720.160;1108.694;3621.342;1328.683;1286.602;2822.544;1770.709;3595.049;2895.642;1764.922;534.047;2229.832;2952.673;3081.443;3606.392;407.495;1272.493;1434.366;1224.233;1049.949;1812.793;2047.690;1020.186;216.533;1200.417;6.466;831.236;2604.263;2257.417;3588.754;2146.779;2025.986;2391.998;2693.999;1884.071;1905.106;2435.260;1330.558;2885.995;1910.251;851.516;514.779;5.062
181,321.443651676178,180,-560.6472736500069,560.6472736500069,0.3759842827577071,502.646;3603.346;1086.633;3197.571;1596.002;2692.819;2639.190;2063.423;1211.100;4.622;51.521;2854.372;1661.057;917.149;3269.183;1070.155;1392.168;1117.767;2389.123;2095.507;2190.509;542.928;1030.621;656.232;1117.393;475.861;340.480;3604.670;3584.389;553.354;667.347;574.166;2597.339;2744.769;296.685;2358.727;0.153;1913.657;2546.145;3560.390;1037.965;2953.981;3279.670;3604.804;4.860;1561.732;3597.208;1316.801;3579.359;1758.688;2535.898;1588.806;3.312;24.857;383.757;751.309;3601.163;2539.086;2958.981;2210.476;2249.773;3602.043;3589.412;3599.980;3278.197;5.970;1012.893;-7.375;2349.662;3060.392;1.678;-9.255;1443.900;648.086;2754.094;1216.300;2454.650;2096.740;1923.717;3605.851;3567.522;206.131;2964.155;1229.370;11.382;1239.946;1886.592;3600.305;987.776;24.038;3220.708;321.440;1422.328;3086.657;1820.533;1594.846;2945.716;-0.862;1915.421;1874.435,3612.034;3064.851;25.427;646.001;1712.018;2289.907;672.554;905.259;3415.305;3374.261;1381.956;3590.193;908.564;415.475;1600.590;2482.693;3169.773;3596.397;3218.172;2818.055;2513.255;2503.092;2692.521;3356.154;1391.016;377.865;882.913;763.836;1457.961;2977.261;9.934;1679.142;2837.531;434.300;16.114;277.606;305.181;3169.932;3.444;416.840;2965.929;3172.430;2029.460;3594.787;4.535;3590.118;2452.691;609.122;3296.644;2443.455;3586.933;112.840;2094.530;1578.689;2103.194;701.406;-15.991;1865.966;1085.486;3604.407;1159.520;1231.551;2768.726;1844.760;3579.649;2935.792;1617.647;557.606;2222.116;2965.645;3179.818;3607.565;404.733;1288.281;1411.242;1224.713;963.554;1770.064;2107.616;1019.893;179.594;1225.842;24.868;818.392;2711.668;2241.631;3590.421;2083.232;2022.419;2419.471;2744.153;1861.307;2008.383;2360.355;1352.189;2869.204;1920.591;903.311;435.279;5.364
201,357.08042883872986,200,-560.3361053564404,560.3361053564404,0.48503491492304485,503.326;3605.218;1095.086;3218.300;1603.501;2722.296;2642.873;1996.504;1124.723;14.129;-1.582;2859.835;1499.966;839.471;3196.694;1131.509;1400.166;1068.629;2428.318;2043.662;2202.938;545.047;1014.668;648.306;1138.684;419.718;354.035;3600.633;3574.031;581.732;705.694;655.404;2573.806;2732.794;325.268;2248.103;5.306;1927.336;2625.796;3586.258;1032.282;2976.955;3287.140;3604.401;-4.772;1535.550;3599.048;1364.659;3596.741;1660.853;2640.329;1576.284;1.798;24.399;243.717;714.534;3588.632;2546.412;3007.069;2237.387;2345.554;3593.855;3597.727;3603.969;3283.575;-20.320;918.106;7.266;2372.566;3081.198;-1.416;12.049;1466.785;619.703;2668.032;1234.080;2473.880;2076.169;1885.344;3596.285;3577.005;118.859;2963.851;1233.349;54.256;1220.474;1837.754;3615.861;954.597;10.966;3220.068;314.340;1459.715;3187.422;1767.343;1513.722;2891.522;16.731;1999.456;1943.700,3610.513;3028.770;13.907;619.311;1680.718;2359.053;612.876;946.981;3393.837;3345.520;1388.510;3582.310;905.769;495.480;1703.887;2507.439;3109.200;3588.440;3213.787;2893.845;2480.858;2458.484;2759.097;3395.311;1362.783;322.808;996.677;751.611;1437.068;2884.042;-3.043;1695.119;2846.571;347.649;5.404;266.726;305.065;3269.992;4.645;393.152;3089.673;3246.627;2040.855;3607.447;-7.058;3556.668;2391.796;519.814;3301.062;2506.807;3544.518;60.891;2033.409;1619.908;2206.531;754.797;-5.153;1792.255;1014.991;3551.122;1179.323;1219.939;2735.382;1712.126;3594.252;2902.848;1522.969;593.380;2187.635;2987.353;3105.891;3598.222;374.793;1298.233;1482.127;1115.296;944.011;1717.612;2159.703;1032.304;246.915;1221.299;7.447;811.173;2726.011;2216.486;3580.572;2054.999;2014.364;2451.358;2733.384;1868.405;1986.404;2373.734;1486.814;2813.820;1990.219;808.150;463.444;-0.700
221,392.66830492019653,220,-561.0411353378479,561.0411353378479,0.5419971780878347,540.249;3582.480;1115.840;3139.077;1710.328;2653.392;2624.044;2014.226;1140.121;-27.406;29.097;2975.921;1581.915;721.305;3232.607;1099.368;1457.056;991.694;2444.744;2072.455;2273.022;565.692;1103.505;523.438;1082.611;415.422;343.970;3598.745;3581.026;576.204;718.719;622.909;2616.373;2740.753;341.534;2283.090;4.973;1924.944;2513.617;3568.336;1047.066;3030.364;3198.573;3603.439;-0.407;1537.292;3591.535;1380.243;3598.374;1648.798;2640.763;1476.325;-16.672;11.806;59.022;654.093;3590.749;2573.160;2953.616;2269.335;2348.493;3592.382;3590.044;3595.805;3266.983;8.847;942.711;6.025;2352.787;3218.646;22.743;0.051;1521.654;645.216;2701.682;1233.285;2637.602;2056.983;1845.258;3609.556;3585.502;-3.546;3024.818;1197.392;13.658;1184.994;1879.837;3597.542;1022.264;59.250;3128.511;399.508;1464.057;3167.102;1669.574;1525.710;2912.862;15.268;2016.255;1902.676,3613.677;2948.930;9.528;643.077;1737.030;2374.425;573.375;999.245;3434.456;3372.245;1425.458;3571.597;844.977;498.451;1636.653;2570.908;3179.872;3595.880;3190.990;2964.850;2590.659;2421.725;2776.940;3287.418;1269.058;288.972;1139.604;732.172;1470.537;2821.050;-1.628;1737.089;2817.708;362.475;-0.474;235.787;352.609;3291.898;1.971;428.516;3062.374;3208.484;2128.745;3561.783;24.447;3581.048;2353.213;480.600;3274.144;2527.732;3608.887;35.953;1853.816;1646.349;2266.989;808.990;5.150;1751.094;1073.261;3541.061;1208.381;1205.582;2663.949;1707.899;3593.275;2928.956;1518.585;627.536;2186.147;3019.528;3188.478;3595.801;358.751;1340.247;1483.586;1147.145;892.558;1654.619;2103.940;972.616;184.359;1172.620;47.771;752.862;2702.986;2301.511;3608.344;2024.965;1966.702;2501.399;2716.551;1973.521;1890.760;2437.596;1384.174;2847.551;1939.177;897.831;500.588;-0.188
241,428.30114912986755,240,-561.9863082835765,561.9863082835765,0.7280308004647317,478.853;3599.748;1098.337;3149.216;1688.193;2672.807;2520.829;2035.845;1049.697;-3.638;-6.954;2977.086;1692.090;627.179;3189.972;1108.723;1527.475;988.246;2473.299;2060.808;2175.878;615.938;1020.656;565.752;1085.512;338.396;365.915;3608.466;3561.838;470.863;783.419;515.876;2590.351;2719.611;408.317;2250.679;24.309;1833.571;2641.200;3567.501;1073.871;3059.746;3233.920;3586.624;18.516;1510.733;3603.110;1348.849;3580.048;1640.941;2624.690;1485.120;-0.292;39.690;-19.856;683.996;3549.688;2680.394;3012.394;2300.456;2344.416;3581.026;3609.616;3555.290;3300.868;2.015;973.266;10.509;2309.041;3090.291;-2.901;11.033;1575.651;680.808;2662.282;1171.537;2618.478;2121.189;1815.353;3610.624;3624.329;8.410;3001.540;1296.023;56.275;1191.324;1932.969;3614.124;938.840;21.742;3144.336;427.253;1493.431;3215.429;1610.954;1621.575;2908.017;1.495;2030.127;1863.972,3600.127;3031.152;-19.933;673.509;1628.742;2378.864;594.566;1020.856;3409.181;3374.953;1448.303;3565.428;843.127;519.040;1570.774;2531.008;3218.876;3590.502;3219.124;3026.472;2598.653;2494.326;2722.909;3253.920;1335.056;204.275;1096.355;710.973;1430.528;2917.970;27.567;1714.686;2857.289;337.707;-12.041;59.623;417.979;3371.791;25.402;415.828;3043.416;3249.488;2112.885;3608.287;-3.425;3590.213;2441.169;552.543;3289.612;2512.604;3614.386;11.202;1880.184;1679.299;2236.557;730.702;-4.790;1718.907;1091.159;3588.219;1216.532;1199.479;2708.001;1782.882;3608.734;2858.956;1580.984;619.910;2210.619;2939.372;3099.400;3594.787;279.289;1257.974;1373.154;1136.743;878.740;1707.440;2114.552;936.402;214.854;1226.568;-12.618;783.212;2684.777;2303.211;3606.175;1983.451;1941.368;2406.822;2653.770;2026.496;2005.951;2388.358;1357.651;2844.588;1998.072;911.338;465.371;-2.812
261,464.03933930397034,260,-561.7591585379956,561.7591585379956,0.6034478921545726,462.572;3604.913;1100.251;3075.912;1658.788;2608.139;2554.250;1986.649;1005.083;28.992;0.627;2954.578;1712.413;724.425;3235.629;1106.192;1632.196;940.298;2526.098;2090.778;2102.447;594.330;1059.573;513.813;1050.609;329.790;370.101;3589.106;3589.804;450.477;784.359;519.283;2556.319;2682.343;385.629;2224.763;-5.896;1908.881;2619.863;3615.167;1044.141;3032.836;3221.859;3572.539;22.074;1410.082;3593.235;1386.679;3597.231;1694.734;2624.411;1489.221;5.863;42.787;-15.504;554.074;3618.619;2667.444;2908.791;2320.668;2312.859;3600.934;3575.944;3590.229;3239.491;-8.166;1001.630;17.560;2276.881;3126.786;28.803;-18.818;1467.254;684.314;2765.629;1167.575;2633.566;2174.202;1849.246;3584.375;3564.923;3.321;3030.706;1268.885;43.278;1226.704;1961.010;3589.125;946.076;5.355;3111.847;466.034;1450.646;3160.485;1696.843;1593.860;2891.865;0.841;2089.231;1938.694,3592.613;2949.448;37.167;714.942;1649.263;2595.934;554.890;996.344;3400.919;3381.642;1435.303;3611.773;778.890;476.943;1547.265;2514.577;3203.729;3597.718;3107.996;2993.780;2571.007;2546.529;2751.303;3236.974;1340.609;236.521;1098.934;637.189;1398.012;2973.013;5.934;1777.676;2834.700;293.686;1.887;81.071;341.345;3369.903;2.423;449.535;3059.970;3225.368;2132.616;3601.549;25.359;3586.130;2487.913;544.003;3417.410;2455.937;3584.841;9.656;1890.168;1652.471;2209.558;715.076;1.148;1671.504;1142.933;3619.527;1205.919;1083.497;2736.688;1740.180;3522.604;2817.703;1655.211;579.259;2145.927;2998.522;3092.683;3591.211;208.905;1190.238;1407.899;1066.084;834.066;1787.941;2182.751;862.635;177.842;1213.071;0.335;831.334;2632.178;2332.793;3596.606;2027.000;1920.903;2402.080;2579.521;2035.463;2073.180;2367.930;1438.408;2931.108;2016.744;949.964;419.882;-4.360
281,499.67520570755005,280,-563.2460709249945,563.2460709249945,0.3857259657099914,419.937;3608.926;1030.838;3050.648;1644.300;2602.542;2570.342;2017.279;1013.259;12.298;27.848;2931.777;1780.573;718.184;3207.818;1089.691;1604.139;957.964;2535.202;2113.153;2080.126;539.841;1085.329;495.783;1064.097;422.485;358.502;3581.975;3602.798;494.347;755.053;558.778;2593.316;2660.745;341.948;2274.584;20.499;1955.573;2667.204;3597.747;1011.883;3030.393;3180.338;3593.896;-5.615;1386.546;3597.486;1379.968;3600.231;1698.703;2630.831;1478.669;-4.206;13.713;12.467;545.685;3569.402;2652.632;2915.713;2247.709;2250.522;3568.522;3614.074;3598.374;3279.090;-7.887;988.720;-1.816;2304.125;3066.142;16.551;-5.143;1419.378;648.989;2750.799;1201.765;2626.967;2243.571;1951.295;3609.071;3612.257;4.986;3108.796;1319.532;17.721;1280.051;1878.582;3601.343;934.671;3.470;3124.532;491.696;1402.188;3192.443;1747.567;1636.026;2955.399;9.822;2095.414;1889.465,3587.520;3029.494;8.418;609.684;1696.937;2610.633;530.845;1020.966;3393.543;3387.854;1519.800;3597.418;802.801;468.528;1560.510;2497.378;3172.420;3589.934;3173.966;3009.182;2514.687;2618.040;2779.474;3235.331;1319.783;346.679;1080.046;605.727;1391.481;2939.418;3.791;1738.948;2878.103;323.548;4.542;4.755;281.353;3380.132;1.055;393.661;3069.960;3207.337;2107.826;3602.315;-6.790;3599.922;2414.586;487.205;3321.694;2505.802;3591.572;6.614;1901.951;1708.295;2224.920;750.774;-4.581;1610.565;1091.447;3598.641;1210.432;1124.671;2718.630;1680.271;3596.700;2804.433;1620.566;489.679;2152.505;2980.245;3117.017;3599.633;307.156;1200.631;1367.142;1013.510;867.386;1830.716;2074.538;892.355;189.473;1205.097;2.427;757.317;2610.323;2324.863;3591.632;2006.986;1902.168;2417.590;2658.801;2071.748;2074.673;2413.357;1442.858;2908.259;1987.207;924.961;515.825;-4.219
301,535.309463262558,300,-563.2238699015518,563.2238699015518,0.15462568933445545,463.019;3591.157;1073.252;3161.938;1646.125;2597.999;2646.048;1957.377;1020.710;9.265;1.033;2908.871;1753.895;762.213;3241.299;1004.464;1568.980;902.031;2566.950;2132.048;2024.353;544.229;1218.486;506.154;1058.462;311.110;391.218;3603.602;3594.100;480.542;705.136;607.413;2618.637;2625.371;364.635;2289.343;14.491;1970.897;2677.682;3590.786;1044.804;3033.910;3218.619;3597.448;6.135;1403.513;3597.315;1370.580;3605.074;1627.126;2619.416;1504.435;-4.012;9.057;22.622;572.526;3603.865;2619.129;2980.653;2297.583;2252.376;3584.715;3596.082;3601.315;3305.707;8.877;1010.101;6.996;2324.634;3143.097;10.561;-1.730;1471.476;670.792;2785.002;1237.996;2478.032;2423.350;1874.683;3597.266;3584.710;7.605;3093.333;1301.968;15.344;1229.705;1830.772;3597.447;914.547;13.299;3124.051;418.543;1463.739;3170.440;1784.337;1625.724;2900.519;4.441;2036.679;1870.854,3541.396;3070.554;18.759;497.722;1706.981;2525.196;601.420;1041.458;3415.668;3373.959;1441.571;3596.328;878.285;485.078;1529.436;2481.259;3243.185;3583.804;3139.758;3023.733;2572.356;2619.915;2758.737;3255.292;1351.274;361.277;1019.262;663.733;1415.321;2955.109;28.540;1757.300;2848.987;290.733;1.743;23.166;252.511;3392.120;23.450;441.749;3049.341;3229.818;2096.936;3601.680;1.165;3562.923;2473.010;505.460;3327.715;2437.953;3575.205;-5.442;1934.337;1721.070;2208.300;758.779;-0.853;1576.212;1134.300;3564.634;1169.598;1113.824;2767.221;1689.800;3597.828;2825.409;1507.966;619.444;2173.682;2935.681;3127.582;3587.858;316.286;1210.469;1358.124;1070.859;831.697;1856.829;2082.983;881.879;173.518;1187.244;5.835;720.314;2639.240;2286.839;3603.620;2032.326;1870.445;2453.509;2643.120;2055.817;1954.820;2355.036;1507.346;2913.730;1972.176;889.011;486.523;4.048
321,570.9444289207458,320,-562.4486793021456,562.4486793021456,0.5825203805261044,421.295;3617.372;1074.551;3064.860;1681.166;2615.919;2630.545;1913.406;994.184;12.723;-16.421;2941.753;1750.789;694.593;3284.316;1053.583;1514.802;922.635;2575.837;2117.252;2079.312;431.944;1208.951;484.230;1091.369;313.594;336.694;3588.582;3596.961;518.870;733.192;557.982;2508.298;2650.244;382.081;2301.561;47.259;1973.499;2722.136;3546.383;1026.259;2994.091;3231.349;3607.783;6.510;1425.773;3592.642;1388.081;3551.265;1681.021;2646.715;1519.547;6.598;21.273;0.764;607.371;3605.589;2564.875;2995.447;2275.194;2208.298;3592.053;3596.871;3593.399;3313.403;0.715;994.405;7.014;2222.630;3286.084;9.717;7.210;1451.402;643.098;2691.732;1183.310;2575.547;2460.282;1744.890;3592.707;3588.472;-4.382;3097.507;1324.262;-25.463;1298.128;1900.593;3599.452;893.507;38.913;3079.517;495.742;1537.694;3170.395;1758.414;1577.589;2904.937;30.769;2021.724;1897.667,3597.303;3053.378;10.085;587.280;1678.291;2459.356;531.365;1034.605;3405.294;3318.527;1481.485;3595.829;875.060;476.521;1569.272;2501.837;3298.402;3603.349;3183.507;3031.251;2608.069;2605.560;2727.665;3332.488;1282.549;402.074;1006.275;622.377;1363.940;3089.695;18.490;1762.270;2844.027;305.586;3.875;-8.408;195.341;3304.229;9.449;387.214;3015.388;3174.023;2029.141;3598.863;1.396;3608.779;2383.910;485.292;3301.406;2461.062;3583.281;7.293;1902.807;1659.777;2137.663;817.291;-11.587;1559.046;1146.993;3592.677;1204.737;1018.480;2722.777;1676.113;3599.606;2886.413;1509.880;591.413;2124.892;3010.110;3080.953;3591.328;272.410;1266.073;1338.875;958.010;861.539;1926.864;2104.009;798.322;171.164;1215.289;11.258;699.432;2564.058;2183.528;3609.464;2061.205;1907.477;2386.627;2696.877;2144.964;1890.694;2354.402;1482.442;2925.395;2030.209;818.594;500.720;17.474
341,606.6484808921814,340,-563.153757000268,563.153757000268,0.5547173270937883,359.463;3588.739;1038.457;3168.023;1662.824;2590.656;2630.283;1928.726;987.130;9.046;39.711;2966.824;1763.008;742.401;3363.945;1016.926;1507.678;943.145;2551.334;2147.541;2129.109;601.507;1262.789;491.941;1101.837;288.832;202.469;3608.654;3551.166;461.665;744.328;499.824;2555.528;2716.766;410.893;2309.498;1.347;1909.246;2662.365;3578.174;1037.186;2908.061;3292.101;3596.031;-0.169;1436.904;3606.188;1417.695;3610.525;1696.828;2646.343;1475.843;6.904;13.392;6.846;614.100;3584.598;2563.320;2907.547;2308.793;2239.866;3603.114;3612.418;3611.227;3302.241;8.273;1012.104;10.498;2221.763;3210.664;26.481;2.853;1452.071;588.640;2737.439;1201.827;2485.880;2432.697;1781.302;3587.447;3606.176;49.920;3070.593;1349.428;5.347;1294.726;1901.693;3599.705;964.079;22.177;3065.071;556.504;1475.164;3192.926;1781.059;1605.276;2879.459;16.288;2016.798;1923.552,3594.167;3038.174;34.222;575.402;1635.886;2409.748;610.114;1152.458;3423.615;3297.233;1443.101;3599.652;836.051;466.130;1564.544;2468.220;3195.591;3613.723;3150.191;3003.143;2603.439;2656.333;2711.844;3344.363;1291.163;303.574;987.562;645.975;1291.976;2931.634;-3.590;1750.861;2849.288;349.175;49.149;-8.331;225.446;3374.445;16.212;374.163;3080.612;3200.526;2041.266;3552.032;2.317;3553.940;2408.455;491.363;3280.534;2540.771;3578.912;-13.407;1907.013;1643.590;2127.818;700.472;-0.961;1584.070;1070.392;3541.193;1201.348;1032.460;2730.346;1762.760;3608.264;2835.926;1515.601;596.099;2078.373;3105.997;3121.436;3541.619;206.707;1342.780;1343.870;920.868;818.476;1776.601;2270.751;818.990;166.311;1245.933;26.428;657.434;2546.938;2145.377;3615.675;2106.225;1826.367;2339.152;2597.247;2227.115;1909.380;2328.254;1433.411;3033.907;1968.790;820.361;429.662;-15.382
361,642.2050280570984,360,-563.2042451687751,563.2042451687751,0.34474561638214923,331.109;3590.273;1044.364;3216.603;1645.247;2563.541;2597.245;1900.703;962.470;7.734;0.018;2982.364;1836.554;750.294;3469.165;966.968;1545.153;940.524;2603.733;2192.889;2077.375;659.988;1274.554;513.476;1108.493;339.937;218.324;3594.766;3505.886;460.769;726.426;447.472;2491.764;2748.600;376.373;2320.345;-4.346;1975.626;2666.297;3578.132;1075.268;2945.056;3300.325;3604.286;4.602;1418.873;3592.877;1407.569;3607.470;1623.249;2657.786;1501.297;12.577;6.149;27.305;549.653;3583.841;2598.458;2895.685;2289.333;2303.698;3552.157;3584.559;3590.751;3270.825;9.002;1033.410;-8.529;2256.811;3285.643;32.819;12.065;1432.941;653.894;2743.040;1225.708;2475.019;2392.289;1791.163;3611.195;3579.656;51.019;2999.349;1307.424;7.307;1282.730;1819.667;3589.070;887.684;11.266;3044.287;554.432;1493.507;3176.217;1742.572;1584.682;2852.407;6.484;1997.800;1925.020,3599.885;3019.325;5.635;660.290;1659.718;2390.876;591.091;1086.264;3420.543;3319.981;1453.857;3591.780;761.387;403.307;1529.412;2357.234;3253.643;3612.861;3138.267;3049.228;2627.327;2678.460;2758.929;3375.407;1315.475;306.352;1018.907;644.481;1259.319;2956.068;58.148;1718.762;2741.724;359.585;-9.893;52.949;223.579;3338.258;4.026;386.798;3066.442;3187.031;2046.702;3602.746;1.655;3539.716;2460.824;444.480;3321.683;2488.483;3569.705;17.170;1882.774;1631.808;2122.806;710.977;-6.182;1585.348;1121.845;3590.652;1230.006;1029.347;2754.955;1763.783;3600.165;2830.154;1556.467;599.014;2028.522;3097.239;3066.103;3539.752;262.125;1242.845;1351.920;949.203;814.087;1838.924;2237.453;875.038;174.580;1263.187;16.149;631.777;2565.485;2141.020;3594.574;2119.896;1821.588;2336.576;2619.662;2252.794;1899.801;2367.953;1407.261;2943.829;1947.700;826.881;479.169;4.810
381,677.6935284137726,380,-564.0611134077801,564.0611134077801,0.4234360627997969,403.643;3592.975;1068.999;3152.015;1642.619;2569.594;2561.256;1888.813;994.587;6.084;39.753;2942.809;1908.452;750.202;3377.750;958.437;1515.441;910.231;2563.182;2177.179;2141.504;642.774;1179.664;472.376;1104.638;346.526;166.899;3585.784;3582.317;462.028;737.848;422.902;2589.958;2709.736;347.409;2330.204;7.811;2026.341;2691.115;3602.557;959.638;2908.851;3271.574;3608.577;-14.118;1390.187;3586.219;1381.297;3586.484;1709.470;2622.262;1534.604;5.569;-1.012;4.523;626.388;3598.921;2554.662;2944.504;2280.084;2318.556;3568.666;3606.866;3598.109;3291.150;14.914;999.533;4.834;2197.760;3249.103;7.778;11.319;1443.421;662.522;2762.729;1181.754;2442.851;2364.026;1823.214;3588.997;3580.011;10.640;3055.351;1290.400;4.571;1334.255;1874.468;3597.162;912.136;7.056;3049.379;605.487;1499.827;3206.375;1737.029;1560.873;2824.028;7.502;2050.737;1942.240,3593.923;3018.667;3.513;652.738;1606.810;2306.459;651.592;1146.099;3379.441;3330.218;1463.820;3609.157;702.290;429.650;1581.223;2384.835;3365.646;3599.516;3209.799;3003.346;2672.936;2702.146;2697.581;3402.155;1248.821;318.179;1004.692;628.653;1288.406;2962.059;-0.329;1699.688;2647.920;381.213;3.817;-3.849;242.493;3296.071;9.743;398.162;3079.803;3155.025;2003.536;3583.461;28.019;3612.131;2446.719;415.743;3301.786;2642.302;3589.818;11.036;1888.102;1649.991;2167.262;698.551;-0.582;1594.952;1104.308;3598.674;1114.568;1080.971;2683.591;1681.379;3613.376;2830.041;1510.333;525.716;2066.084;3076.710;3074.246;3595.836;229.905;1294.942;1372.361;955.754;869.630;1827.271;2257.613;823.543;189.339;1252.979;-0.078;672.238;2604.872;2133.558;3587.744;2098.762;1865.085;2404.164;2668.555;2158.276;1845.550;2352.561;1369.229;2996.584;2040.768;797.777;386.248;-12.355
401,713.2921051979065,400,-564.94967088127,564.94967088127,0.3888203435311842,417.731;3601.147;998.282;3133.118;1642.148;2556.160;2554.055;1813.895;958.703;4.280;5.369;3008.718;1937.871;783.733;3522.605;951.804;1502.365;900.276;2483.679;2132.959;2143.682;557.617;1153.996;469.650;1116.013;335.217;60.152;3582.435;3536.911;434.841;653.084;448.875;2534.340;2694.314;329.491;2237.142;10.142;2012.465;2690.501;3605.048;1076.424;2872.006;3269.830;3589.180;6.163;1390.075;3600.467;1391.036;3608.907;1713.936;2658.950;1522.608;-3.818;10.863;6.174;760.465;3600.536;2413.403;2983.222;2311.784;2429.895;3558.194;3609.396;3548.682;3320.627;-4.133;994.514;51.429;2195.205;3195.548;3.638;-3.686;1474.412;634.618;2854.784;1185.402;2481.936;2389.275;1871.082;3573.891;3592.682;19.186;3046.092;1289.040;25.818;1307.182;1911.872;3593.423;850.572;34.435;3064.247;582.291;1535.308;3200.364;1728.429;1585.503;2823.730;38.155;2051.147;1988.020,3594.640;3010.901;5.731;603.726;1644.688;2302.036;641.007;1082.793;3315.144;3317.524;1446.217;3574.071;745.588;449.589;1502.504;2446.642;3334.462;3610.493;3205.715;2989.300;2660.127;2719.088;2674.929;3375.345;1223.740;247.609;1056.176;623.252;1249.514;3035.820;-2.424;1624.772;2595.011;323.036;-0.131;23.380;326.144;3275.779;-0.741;394.399;3060.562;3115.715;2044.413;3611.895;-0.333;3597.846;2376.353;424.004;3301.580;2575.602;3594.906;-2.326;1875.232;1682.774;2090.888;719.059;-4.927;1501.539;1145.537;3587.273;1109.846;1084.833;2722.110;1747.515;3615.344;2793.610;1538.017;585.030;2032.536;3102.984;3107.634;3591.913;194.795;1282.131;1406.817;982.556;912.972;1785.746;2254.677;836.897;183.856;1228.006;30.688;743.275;2603.792;2147.786;3580.943;2028.837;1869.785;2382.434;2662.438;2184.568;1909.539;2447.657;1368.579;3005.111;2032.915;795.980;391.979;0.621
421,748.8233785629272,420,-564.492726548351,564.492726548351,0.20279829821241252,348.464;3574.073;1048.530;3116.751;1604.863;2654.071;2558.462;1848.699;951.606;-1.387;5.912;2957.787;1959.278;803.369;3553.708;840.557;1489.153;902.478;2408.615;2164.318;2173.150;504.564;1258.795;455.255;1118.617;277.723;15.302;3572.089;3540.964;514.405;715.407;436.262;2553.048;2644.991;350.381;2309.713;23.755;1993.436;2731.003;3567.400;1050.782;2893.906;3326.955;3603.324;9.460;1398.672;3595.179;1389.297;3595.851;1745.185;2659.073;1482.775;-0.266;23.350;35.444;743.047;3597.917;2348.672;2998.740;2281.637;2396.545;3541.143;3564.760;3530.748;3298.569;5.418;986.912;38.861;2166.791;3160.831;8.252;9.039;1485.492;592.537;2892.445;1185.570;2485.083;2409.400;1856.012;3589.785;3588.751;8.787;3132.470;1264.884;30.333;1414.239;1892.432;3578.168;821.887;44.025;3088.199;751.354;1522.872;3181.486;1684.092;1576.820;2752.215;10.417;2054.110;1949.644,3580.025;3016.760;32.737;649.198;1622.260;2280.216;626.287;1107.791;3408.701;3305.806;1413.592;3583.075;720.947;429.294;1512.969;2530.483;3346.507;3596.709;3242.137;2944.517;2508.734;2734.981;2660.464;3429.824;1213.003;218.219;986.602;596.112;1251.495;2978.198;-6.558;1620.931;2643.029;307.294;2.064;-3.089;379.140;3285.923;9.287;381.412;3128.368;3142.259;2057.212;3565.967;14.407;3602.435;2354.292;484.291;3264.835;2613.642;3608.842;3.988;1903.576;1671.548;2114.238;681.132;-1.373;1510.303;1105.399;3595.289;1118.029;1084.251;2802.516;1696.698;3595.685;2817.191;1476.227;576.372;2077.248;3084.859;3071.453;3601.447;202.841;1231.749;1432.806;965.566;867.410;1803.556;2337.438;847.757;185.206;1229.143;9.769;814.043;2580.579;2164.652;3607.349;1992.932;1869.506;2348.486;2666.301;2138.001;1868.123;2436.265;1372.766;3024.927;2023.334;780.559;412.471;20.487
441,784.3692452907562,440,-564.4356399300573,564.4356399300573,0.4502954585680698,345.600;3600.941;1068.309;3149.364;1600.643;2655.947;2587.964;1840.370;966.555;21.302;-3.810;2971.266;2067.978;813.889;3502.596;884.124;1449.156;876.949;2359.579;2114.678;2226.289;512.124;1305.495;468.839;1094.684;212.520;29.534;3578.644;3587.819;486.380;730.803;398.221;2603.014;2693.842;321.185;2332.341;86.147;1983.317;2759.923;3598.362;1040.363;2837.217;3325.482;3609.747;-6.617;1431.656;3601.744;1404.640;3596.324;1766.868;2621.811;1539.504;-16.148;30.002;22.530;706.796;3606.281;2312.108;3013.654;2324.302;2388.615;3600.236;3593.132;3576.319;3303.761;12.524;999.147;5.249;2097.686;3168.454;-1.482;-1.042;1456.481;567.963;2882.358;1221.357;2486.389;2318.564;1921.566;3588.554;3536.172;-10.121;3151.910;1304.428;8.385;1470.927;1902.755;3591.837;851.553;-7.467;3098.294;733.888;1560.170;3221.129;1705.081;1471.600;2779.211;-12.971;1992.710;1891.048,3583.330;2993.387;84.461;736.249;1579.224;2275.585;593.106;1059.139;3372.910;3280.446;1456.897;3600.050;675.166;427.273;1507.276;2481.577;3310.305;3591.856;3163.805;2942.334;2498.080;2718.948;2616.992;3433.318;1225.180;237.318;987.333;540.100;1297.282;3035.796;-8.370;1545.866;2640.242;330.123;5.924;20.516;402.639;3363.309;0.904;369.873;3161.501;3216.216;2137.499;3599.695;-2.220;3610.354;2284.524;531.616;3293.255;2755.713;3591.791;10.938;1972.151;1753.246;2148.810;680.881;-0.808;1462.968;1112.745;3596.878;1204.791;1026.575;2758.868;1763.526;3574.238;2804.830;1498.729;594.948;2083.473;3046.429;3017.989;3600.870;215.849;1188.001;1390.317;965.366;806.929;1776.089;2330.405;841.894;145.945;1220.326;19.236;774.938;2582.150;2162.918;3599.228;1966.484;1912.587;2340.792;2702.561;2154.010;1869.101;2492.069;1353.096;2918.884;1969.303;799.343;413.549;-7.289
461,819.9068205356598,460,-565.4065636486716,565.4065636486716,0.3993218477768732,310.743;3581.723;1016.760;3221.904;1619.777;2708.873;2617.644;1849.290;955.285;3.722;16.452;3000.560;2034.200;864.918;3606.418;860.610;1480.539;832.657;2470.794;2117.182;2281.088;594.203;1317.244;474.290;1104.541;161.569;0.492;3565.976;3582.579;505.905;761.212;341.991;2602.201;2708.374;320.401;2279.469;76.932;1978.656;2782.840;3575.639;1087.538;2848.675;3396.451;3604.282;-1.269;1393.265;3597.820;1390.186;3578.092;1665.836;2633.219;1530.275;16.397;54.203;13.102;736.857;3598.135;2305.961;3029.458;2285.017;2386.494;3576.976;3599.338;3590.722;3328.819;3.237;996.964;64.881;2126.053;3217.370;-0.586;-1.110;1417.968;552.694;2957.826;1230.982;2497.030;2236.052;1978.365;3579.806;3585.831;-0.464;3104.297;1302.658;24.672;1456.032;1857.169;3531.134;854.550;1.782;3041.952;711.905;1545.495;3231.859;1716.678;1424.934;2808.430;49.829;2052.526;1949.690,3595.463;3087.858;94.720;702.808;1624.762;2259.839;566.140;1063.395;3368.304;3255.468;1418.844;3514.106;668.973;418.401;1541.405;2425.181;3357.214;3608.909;3112.421;2958.948;2481.163;2735.173;2582.362;3447.510;1236.631;237.506;971.276;565.633;1258.540;2985.433;11.165;1580.488;2608.442;336.485;-5.644;14.687;410.634;3443.658;12.586;342.859;3198.354;3311.112;2161.784;3580.997;-1.542;3601.892;2319.910;548.269;3330.338;2769.917;3614.825;-1.679;1979.441;1795.023;2155.545;684.769;-11.037;1453.425;1070.901;3584.278;1250.343;1114.490;2737.931;1724.735;3605.432;2804.793;1481.233;595.909;2020.752;2919.733;3058.920;3593.653;234.809;1161.888;1488.254;965.688;855.291;1751.903;2366.462;869.807;173.125;1186.174;-0.514;770.357;2587.224;2181.985;3600.101;1937.629;1857.736;2376.574;2737.432;2198.494;1925.073;2486.487;1353.668;2960.036;1864.171;786.606;376.278;14.699
481,855.2925789356232,480,-565.8260015171111,565.8260015171111,0.25673582063846245,312.987;3592.668;1018.127;3258.014;1670.582;2642.415;2635.440;1846.982;984.254;7.187;-4.782;3098.535;2034.436;859.312;3579.804;794.405;1410.334;842.433;2461.088;2141.689;2323.028;692.083;1359.102;421.055;1062.684;179.658;-7.689;3584.663;3597.834;542.923;808.730;369.659;2687.511;2671.884;305.089;2293.217;64.958;1976.778;2832.605;3583.164;1118.435;2797.212;3377.136;3598.596;5.635;1403.221;3602.541;1375.278;3598.859;1712.213;2662.516;1586.372;12.045;5.074;19.458;717.135;3582.378;2374.475;2960.079;2278.458;2390.442;3584.845;3603.409;3587.931;3335.128;8.443;1009.545;26.053;2145.292;3291.216;-8.904;1.231;1459.180;542.550;2969.468;1198.868;2527.419;2243.662;1906.485;3596.427;3576.636;-2.358;3204.797;1300.692;9.308;1472.371;1830.567;3569.968;860.434;3.637;3004.578;697.240;1496.454;3206.957;1680.607;1369.726;2827.030;11.424;2026.342;1963.662,3606.179;3052.768;120.742;708.327;1620.544;2238.867;560.492;1104.545;3374.463;3235.679;1413.279;3485.763;688.023;400.766;1525.194;2427.144;3317.675;3600.270;3152.338;2968.318;2511.050;2744.684;2531.581;3433.889;1216.248;246.690;971.847;589.861;1321.185;3069.175;-4.508;1599.646;2661.771;236.614;30.290;62.115;422.779;3342.032;16.160;387.056;3211.993;3309.439;2180.944;3586.012;3.602;3596.532;2302.482;520.207;3314.714;2725.382;3599.055;0.444;1959.686;1735.523;2166.614;724.648;-5.481;1444.098;1164.151;3574.366;1187.525;1101.730;2696.786;1722.422;3607.496;2799.724;1490.888;585.314;1961.113;2983.132;3000.765;3582.170;217.576;1123.286;1554.983;995.753;864.333;1730.852;2373.659;876.408;183.619;1188.035;8.264;780.878;2611.554;2189.843;3596.443;1940.695;1862.521;2381.727;2849.354;2133.991;1849.814;2491.668;1328.513;2957.090;1878.186;747.605;421.969;-1.777
501,890.7600011825562,500,-565.2490508983578,565.2490508983578,0.17499367836778676,298.208;3604.506;1050.173;3241.997;1643.808;2724.867;2697.844;1811.155;943.635;2.331;2.252;3045.637;2024.420;767.308;3574.694;901.830;1414.640;799.399;2470.790;2094.085;2370.380;709.765;1382.515;414.495;1044.294;174.825;12.652;3592.745;3592.681;533.399;809.428;334.808;2727.533;2726.895;328.163;2347.551;75.473;2068.254;2818.455;3607.831;1085.361;2833.029;3392.789;3599.098;-5.677;1396.830;3587.239;1420.894;3593.557;1661.054;2645.909;1567.486;-1.346;24.038;2.327;760.091;3600.024;2371.082;2941.194;2285.230;2410.514;3593.309;3580.081;3571.174;3296.198;16.713;925.004;18.512;2092.969;3345.134;0.374;6.288;1529.931;571.335;2966.102;1189.799;2559.796;2247.418;1936.403;3601.873;3596.917;11.945;3250.011;1293.340;17.879;1422.973;1849.429;3560.013;801.225;4.019;3001.496;639.766;1488.541;3212.108;1763.746;1424.257;2804.990;28.519;2036.369;2008.223,3599.561;3083.050;92.092;667.982;1574.514;2214.695;586.569;1073.168;3385.722;3190.467;1397.361;3556.630;678.779;408.042;1520.385;2438.051;3326.584;3582.747;3122.513;2916.492;2500.397;2723.206;2516.438;3432.159;1232.390;203.850;949.641;617.589;1317.053;3122.410;47.346;1581.605;2735.407;275.494;5.429;-3.783;395.174;3305.543;1.363;429.937;3178.560;3323.546;2161.593;3595.130;0.509;3599.730;2304.904;573.722;3310.577;2677.833;3599.429;-2.967;1956.982;1739.567;2176.519;636.825;6.227;1489.990;1198.017;3597.168;1074.432;1128.218;2694.120;1734.397;3563.615;2791.974;1496.948;575.256;1984.663;3008.784;2969.522;3603.514;238.192;1104.273;1587.246;1032.780;807.375;1695.326;2376.019;884.574;199.503;1155.664;2.413;747.583;2582.187;2168.251;3597.885;1957.262;1812.795;2391.410;2856.477;2075.306;1841.237;2510.547;1384.815;2974.555;1805.345;764.042;414.498;46.865
601,1068.206440448761,600,-566.9991496564777,566.9991496564777,0.28400021051588703,239.476;3599.962;1130.774;3189.765;1545.876;2631.709;2689.939;1809.783;946.229;5.507;-9.591;3041.016;1941.926;714.017;3603.386;911.530;1560.413;858.828;2500.817;2228.041;2467.232;746.727;1268.810;531.185;1107.356;98.389;8.162;3602.185;3595.836;552.854;708.281;503.436;2659.339;2783.288;291.421;2393.738;91.503;1971.719;2781.716;3597.502;1063.743;2769.778;3595.764;3603.428;4.905;1289.261;3601.855;1420.288;3591.226;1753.607;2659.522;1573.820;2.591;5.422;-3.046;714.641;3588.909;2372.073;3016.426;2277.579;2470.476;3579.759;3595.723;3577.986;3256.642;18.954;919.976;48.988;2121.957;3601.996;3.771;4.540;1533.921;526.203;2884.920;1212.058;2568.831;2241.062;1953.207;3594.372;3607.590;-2.058;3121.358;1327.768;8.516;1449.612;1975.605;3584.110;912.122;24.780;3000.284;550.596;1454.765;3193.946;1689.156;1546.524;2777.089;12.211;2057.000;2066.518,3597.359;3173.458;0.572;593.966;1660.552;2203.136;579.979;1051.029;3384.875;3251.828;1451.529;3598.316;743.956;333.851;1522.897;2306.437;3462.099;3599.108;3105.186;2877.348;2525.007;2681.917;2587.958;3338.641;1182.216;247.407;990.555;635.244;1287.388;3040.312;-2.474;1481.355;2733.972;323.455;4.325;3.922;445.831;3292.110;27.433;408.283;3137.206;3342.403;2120.512;3608.507;3.601;3574.864;2399.790;479.308;3413.097;2640.675;3602.891;-0.285;1922.079;1679.235;2207.808;671.158;0.373;1387.261;1215.745;3611.039;1104.969;1069.113;2648.220;1707.066;3498.826;2798.850;1519.110;622.629;1965.624;2943.141;3007.171;3504.987;221.272;1076.992;1615.302;943.110;866.686;1712.028;2304.554;853.840;191.250;1229.043;1.037;702.245;2601.749;2224.635;3598.108;1897.768;1835.565;2374.705;2932.011;2116.732;1911.167;2461.462;1324.779;2959.661;1880.667;790.711;338.376;16.975
701,1245.581425666809,700,-567.7887410454288,567.7887410454288,0.19300251032027751,333.091;3574.885;1099.578;3090.913;1604.071;2646.218;2689.653;1807.721;885.566;4.899;-2.220;2993.040;1907.019;651.913;3565.819;845.599;1540.802;815.992;2522.961;2181.708;2467.962;713.704;1253.053;484.664;1064.687;4.521;6.034;3592.012;3591.333;591.660;723.456;416.779;2711.811;2725.826;364.938;2434.757;37.525;1952.116;2801.278;3590.855;1079.385;2753.841;3596.191;3595.022;14.151;1247.174;3602.414;1420.787;3596.592;1817.020;2686.979;1581.097;4.175;14.497;9.474;738.243;3595.665;2451.701;3123.822;2253.026;2534.688;3592.984;3585.494;3584.935;3334.169;28.511;986.246;-0.089;2054.682;3587.045;7.655;-2.917;1493.545;572.399;2919.993;1226.858;2616.570;2305.983;1911.183;3601.665;3597.779;9.540;3216.098;1327.568;5.572;1337.597;1892.939;3596.823;939.203;13.861;2973.555;583.903;1453.953;3244.146;1673.732;1657.068;2779.436;4.860;2063.336;2049.726,3587.257;3125.285;2.212;532.921;1607.794;2200.608;657.280;1088.372;3409.105;3220.749;1441.328;3600.360;780.623;320.623;1536.440;2358.292;3557.358;3603.752;3123.584;2882.895;2505.641;2709.363;2693.844;3330.984;1201.785;205.311;1023.183;689.988;1294.869;3040.972;-1.010;1426.056;2743.345;295.193;27.185;2.723;440.094;3304.788;-3.719;423.087;3022.533;3378.367;2168.670;3603.574;-5.556;3585.526;2434.675;359.009;3337.341;2639.959;3588.446;5.881;1948.025;1725.932;2164.468;799.428;4.604;1253.829;1219.107;3599.750;1022.982;1092.306;2680.497;1746.184;3571.224;2820.242;1489.803;656.521;1996.047;2912.665;3021.449;3554.840;187.314;1126.530;1640.818;903.873;824.606;1552.128;2219.822;879.826;187.767;1203.461;-9.651;596.598;2565.899;2254.778;3592.394;1920.408;1860.939;2331.589;2998.488;2065.711;1904.745;2360.554;1372.528;3024.480;1973.881;815.967;501.712;20.366
801,1422.7718858718872,800,-568.6955767020128,568.6955767020128,0.21501322202102102,335.284;3576.683;1029.610;3100.413;1600.983;2663.829;2686.196;1821.045;929.784;-3.317;2.360;3004.412;1937.102;789.071;3601.623;764.282;1601.049;822.044;2433.237;2206.960;2441.321;657.152;1247.285;454.938;1082.908;3.358;2.301;3605.796;3593.168;547.336;722.749;454.630;2777.149;2754.415;301.652;2400.941;-0.082;1937.292;2826.102;3590.775;1110.498;2753.693;3598.444;3598.402;-0.370;1226.650;3603.721;1410.835;3595.866;1798.882;2637.639;1576.148;-0.975;13.916;-1.193;668.960;3596.511;2460.773;3142.484;2305.699;2547.874;3595.539;3597.989;3589.989;3328.157;-1.205;1011.936;14.447;2131.896;3595.065;0.654;-2.980;1491.017;551.664;2893.427;1189.058;2616.819;2313.310;2033.961;3597.228;3594.549;2.817;3148.237;1313.642;8.204;1366.163;1911.347;3592.393;870.932;12.863;3021.016;585.978;1483.062;3076.079;1682.037;1623.118;2769.242;-4.601;2049.553;2089.974,3602.489;3117.447;23.497;503.811;1708.921;2179.457;660.795;1007.168;3413.371;3307.170;1464.410;3586.344;769.283;350.065;1565.528;2436.593;3592.621;3593.612;3209.904;2830.111;2520.950;2700.390;2726.428;3274.409;1223.860;248.775;1018.111;643.176;1342.870;2918.966;10.207;1416.761;2774.456;291.261;4.510;22.257;450.479;3258.035;-5.850;452.003;3036.696;3388.569;2256.179;3605.551;-3.092;3579.962;2469.119;341.908;3316.235;2580.404;3600.779;-1.163;1909.642;1697.990;2129.531;656.157;-6.209;1250.877;1162.291;3594.720;1061.337;1125.462;2667.378;1777.158;3586.969;2792.402;1508.851;631.815;1986.490;2888.490;3007.676;3596.658;142.576;1032.782;1652.822;966.230;866.177;1495.611;2236.360;867.642;193.314;1216.236;4.298;569.682;2542.893;2287.219;3604.131;1963.970;1786.672;2329.349;2926.692;2052.581;1957.751;2313.574;1413.690;2996.089;1923.088;805.766;452.696;34.685
901,1600.2211604118347,900,-567.8134256119838,567.8134256119838,0.22739512218416916,353.654;3579.522;971.595;3080.446;1594.072;2649.015;2685.887;1824.989;948.071;12.015;-2.451;2949.720;1931.184;844.766;3593.801;790.648;1587.291;841.530;2500.875;2177.303;2411.389;571.485;1228.371;436.070;1113.821;-8.098;-0.743;3605.440;3603.567;519.100;655.948;486.983;2786.583;2739.744;303.375;2392.744;-0.004;1942.203;2810.078;3602.995;1081.884;2760.739;3592.433;3583.752;38.646;1263.374;3600.896;1436.904;3594.117;1827.259;2568.551;1549.963;48.973;2.852;35.922;661.675;3591.421;2493.296;3171.296;2212.136;2586.941;3603.206;3562.779;3603.478;3314.323;6.481;1032.811;32.666;2159.117;3587.194;1.042;-3.487;1484.384;593.757;2870.643;1258.568;2625.093;2387.102;1966.333;3561.321;3598.423;15.392;3233.337;1344.835;-2.902;1396.978;1869.489;3567.837;887.879;0.145;3069.181;705.909;1490.541;3147.347;1671.700;1582.433;2784.730;5.969;2052.767;2046.972,3604.727;3127.402;-1.141;474.029;1691.925;2132.445;611.801;1086.948;3358.683;3337.746;1468.938;3601.831;771.894;338.263;1585.558;2412.939;3591.169;3598.738;3106.205;2858.303;2449.830;2712.696;2721.424;3302.308;1181.212;196.727;1063.936;665.184;1328.590;2941.105;6.563;1450.757;2721.461;259.374;94.328;4.047;437.855;3218.881;1.498;451.285;3132.067;3338.533;2217.481;3606.933;-0.778;3595.471;2468.619;375.125;3313.904;2589.958;3598.326;8.212;1951.325;1706.026;2141.692;651.722;9.311;1202.000;1308.973;3592.248;1050.952;1115.075;2655.817;1789.575;3597.350;2723.696;1435.251;641.441;1927.729;2890.827;3061.795;3597.775;161.610;1004.406;1695.904;869.712;847.192;1491.270;2162.883;864.255;252.361;1254.300;-2.253;563.982;2519.660;2276.248;3603.634;2014.187;1752.737;2302.650;2954.986;1988.147;1991.418;2328.204;1419.288;2980.577;1938.995;813.974;400.703;25.564
1001,1777.4175040721893,1000,-569.4683934495972,569.4683934495972,0.1570754815014789,342.912;3594.649;1021.354;3156.366;1578.443;2661.637;2675.471;1852.091;933.753;-0.859;-3.742;2925.444;1949.406;794.918;3600.676;709.250;1572.335;846.530;2480.303;2204.280;2480.267;612.112;1219.508;438.425;1138.116;24.611;-4.097;3597.575;3594.945;522.343;687.667;458.889;2765.178;2756.985;307.443;2424.903;19.633;1964.826;2816.806;3602.011;1086.284;2825.893;3598.030;3597.133;2.303;1235.383;3598.161;1418.272;3569.673;1826.644;2605.338;1566.156;22.454;-0.374;12.391;671.990;3605.788;2470.409;3088.065;2253.769;2545.552;3600.577;3595.100;3592.367;3317.102;0.589;1018.249;-0.080;2174.726;3601.680;1.538;-3.845;1496.130;580.525;2903.082;1231.711;2622.688;2365.629;2020.208;3582.152;3594.832;-3.273;3255.142;1324.640;2.013;1353.991;1905.353;3604.064;916.262;1.749;3011.490;812.396;1488.236;3143.167;1711.648;1611.487;2762.486;7.884;2038.753;2099.264,3600.810;3121.454;-0.035;402.593;1655.303;2156.838;584.268;1081.727;3408.640;3315.332;1509.947;3594.797;758.160;363.112;1537.328;2376.662;3601.970;3599.304;3141.194;2878.776;2480.190;2666.402;2772.355;3258.367;1168.060;257.583;1048.367;701.776;1315.525;2924.596;0.891;1445.164;2725.616;258.382;-1.374;-1.027;450.150;3299.845;3.796;493.084;3130.954;3271.492;2223.061;3597.984;8.853;3565.204;2451.009;370.203;3344.449;2563.843;3601.062;-0.698;1953.626;1751.823;2144.908;637.728;1.538;1263.139;1333.715;3567.135;1046.799;1108.261;2683.510;1779.976;3599.580;2759.038;1418.455;653.429;1889.965;2904.574;3076.845;3598.883;165.540;960.827;1659.554;833.746;854.079;1545.166;2197.679;897.606;269.381;1263.328;-0.805;571.264;2525.088;2305.767;3599.714;1979.265;1685.840;2318.938;2938.186;2010.176;1961.434;2337.049;1376.668;2944.840;1939.700;841.402;366.969;5.212
1101,1954.6425621509552,1100,-569.4556430247807,569.4556430247807,0.07865818085306449,335.007;3598.705;1006.188;3141.862;1580.653;2645.617;2680.559;1811.677;941.331;-1.859;6.443;2911.607;1955.159;792.487;3597.993;736.295;1586.097;831.912;2544.897;2151.018;2438.964;633.369;1225.805;438.313;1134.793;13.513;2.921;3597.273;3589.557;543.839;696.761;436.543;2728.708;2754.674;271.172;2438.874;1.522;2008.896;2848.694;3597.836;1064.206;2852.713;3598.732;3599.153;-1.159;1230.165;3599.624;1438.280;3589.211;1841.021;2605.053;1575.450;7.151;-0.762;22.542;688.292;3598.407;2443.853;3044.010;2260.073;2531.236;3599.202;3594.717;3595.652;3298.243;1.332;1026.104;7.576;2181.906;3588.144;1.387;2.374;1518.360;578.583;2930.218;1247.676;2602.711;2315.646;2011.886;3591.557;3600.049;-0.949;3272.115;1359.947;7.620;1387.592;1880.856;3599.748;877.550;0.118;3008.804;846.191;1444.069;3093.953;1672.094;1627.790;2789.847;-1.215;2060.868;2048.111,3600.459;3085.441;6.235;420.560;1649.612;2157.885;577.210;1112.291;3394.167;3339.163;1543.377;3603.052;735.220;381.272;1538.499;2379.937;3557.575;3599.146;3106.861;2849.367;2512.943;2641.421;2700.239;3226.037;1093.957;260.418;1063.852;716.915;1311.479;2889.599;0.660;1431.557;2739.364;253.249;4.618;1.160;464.098;3261.444;9.368;500.978;3111.658;3305.397;2228.104;3599.394;-1.460;3597.245;2469.545;376.168;3343.390;2599.000;3603.439;-0.037;1939.609;1758.989;2159.883;652.055;4.384;1238.702;1350.628;3599.074;1043.746;1092.159;2669.805;1784.941;3593.896;2777.718;1363.774;652.541;1846.616;2857.165;3051.559;3597.144;178.568;965.225;1625.020;817.994;835.498;1513.633;2224.493;896.866;253.728;1280.568;0.829;573.242;2539.726;2300.994;3594.451;2010.244;1731.144;2333.667;2962.087;2076.096;1953.123;2357.230;1432.052;2997.335;1920.078;857.512;442.388;33.023
1201,2131.553969144821,1200,-569.7023440002004,569.7023440002004,0.06749565089808394,352.568;3599.037;1029.178;3126.764;1588.272;2621.445;2675.546;1811.300;919.490;0.563;0.399;2934.531;1931.345;810.708;3599.805;754.889;1576.468;819.393;2535.191;2190.518;2416.531;671.804;1249.630;422.274;1145.467;16.768;1.782;3598.382;3599.997;564.628;697.188;436.662;2749.378;2764.300;281.126;2417.252;17.584;2048.225;2817.405;3594.904;1066.973;2831.945;3599.935;3600.900;-0.829;1212.241;3600.874;1438.785;3599.160;1831.583;2606.705;1589.299;11.882;1.996;5.256;638.060;3598.794;2451.109;3062.554;2235.722;2543.667;3598.428;3596.469;3594.441;3313.854;-1.384;1012.516;-0.028;2170.730;3600.100;1.532;3.613;1517.827;556.183;2901.521;1255.264;2621.177;2320.833;2013.446;3600.477;3600.974;0.881;3260.706;1361.373;2.597;1383.108;1880.386;3599.110;893.578;9.656;3035.239;822.437;1462.334;3103.740;1679.804;1630.577;2759.312;0.758;2102.482;2029.216,3601.920;3070.960;18.219;424.679;1660.916;2148.205;580.413;1142.327;3387.821;3336.783;1558.701;3602.289;760.309;356.919;1559.664;2409.318;3578.652;3592.486;3109.169;2858.543;2491.993;2613.895;2703.521;3188.026;1070.477;280.844;1090.290;693.991;1335.097;2866.374;-2.471;1421.674;2736.737;221.271;7.525;-0.092;471.423;3248.937;-1.190;490.885;3097.166;3275.448;2200.780;3599.859;-0.059;3596.511;2450.237;375.872;3322.451;2602.879;3601.070;0.103;1959.103;1748.449;2148.634;659.919;6.814;1261.829;1353.726;3598.816;1045.395;1101.799;2650.504;1761.227;3588.146;2773.949;1349.120;654.759;1856.909;2873.756;3083.523;3591.137;178.139;942.332;1643.724;826.923;846.084;1532.819;2200.426;908.280;256.990;1296.535;0.378;594.753;2525.718;2332.059;3600.198;1999.134;1717.562;2344.900;2958.206;2080.072;1947.955;2369.878;1414.047;3023.894;1909.387;858.096;461.271;0.017
1301,2308.5103936195374,1300,-569.8664223331926,569.8664223331926,0.07412499140456047,337.065;3597.169;1028.573;3110.903;1608.013;2631.728;2684.684;1813.856;923.947;3.729;-1.197;2961.502;1945.718;832.405;3599.418;741.235;1583.272;814.870;2525.324;2214.511;2428.609;666.475;1216.713;469.719;1152.247;5.042;0.239;3597.829;3599.385;560.697;650.424;432.067;2772.491;2761.881;270.467;2416.784;8.878;2036.826;2838.371;3600.674;1057.097;2841.607;3598.381;3597.866;0.169;1241.694;3599.251;1451.420;3598.832;1824.857;2569.063;1583.058;-1.049;3.632;7.096;674.201;3602.566;2440.883;3060.429;2233.096;2539.912;3601.227;3596.363;3590.710;3316.626;0.771;1028.352;-0.979;2164.699;3595.996;-1.581;-2.114;1523.258;549.799;2916.254;1238.323;2624.166;2308.790;1993.542;3595.680;3597.262;0.613;3261.188;1360.451;4.003;1360.997;1892.762;3602.329;898.635;-1.446;3067.310;826.929;1482.454;3108.383;1689.294;1642.129;2762.406;2.876;2102.293;2041.655,3593.287;3083.524;4.306;391.239;1671.848;2165.522;584.847;1126.180;3379.796;3346.091;1556.933;3600.791;794.565;359.093;1547.230;2375.811;3586.291;3598.742;3101.417;2855.298;2506.613;2609.953;2719.048;3199.178;1078.140;278.100;1102.279;714.835;1343.235;2890.865;-0.135;1428.475;2762.125;245.453;3.474;2.196;471.940;3228.007;-0.540;499.202;3079.255;3270.060;2210.154;3598.680;1.041;3598.891;2462.896;371.572;3316.954;2572.879;3600.010;-0.121;1960.058;1754.803;2136.080;647.470;7.721;1274.810;1352.447;3600.096;1031.223;1111.279;2672.272;1777.668;3595.835;2787.320;1371.019;677.551;1849.323;2894.379;3049.554;3599.023;186.671;945.176;1644.720;858.845;817.195;1544.520;2196.240;916.589;245.104;1310.345;0.315;584.834;2548.303;2341.077;3599.596;1984.592;1709.046;2356.331;2939.699;2078.749;1981.413;2350.712;1425.180;3019.460;1925.365;864.982;435.278;-0.522
1401,2485.488417863846,1400,-569.9410769882722,569.9410769882722,0.05434035123214208,340.767;3597.353;1025.940;3102.444;1599.292;2640.562;2700.476;1840.024;914.317;0.145;0.279;2957.872;1964.785;848.308;3595.951;747.263;1581.954;804.267;2537.226;2220.502;2419.752;658.655;1203.784;457.108;1131.521;3.476;1.736;3591.615;3599.075;541.827;636.631;432.826;2769.977;2754.185;269.258;2401.405;5.722;2039.910;2855.490;3598.348;1061.125;2861.955;3598.674;3598.503;-0.003;1249.073;3599.295;1450.313;3598.964;1800.621;2596.046;1595.741;0.396;10.159;-1.622;697.502;3601.653;2430.219;3060.123;2232.123;2540.890;3598.054;3594.891;3599.466;3323.891;1.344;1023.455;-0.356;2159.203;3600.271;-0.040;-1.741;1514.709;540.187;2920.550;1252.686;2627.774;2310.287;1981.934;3596.328;3601.086;-0.111;3265.166;1367.816;1.331;1349.029;1880.820;3591.299;893.958;12.829;3070.165;832.232;1488.056;3088.918;1722.776;1624.554;2760.206;0.483;2117.300;2041.590,3587.181;3092.139;0.471;378.626;1670.750;2146.827;600.787;1112.646;3393.428;3351.974;1548.357;3599.588;796.492;352.368;1551.374;2379.725;3592.851;3598.869;3097.652;2876.277;2499.400;2593.093;2744.361;3202.411;1113.589;265.528;1097.970;708.347;1338.304;2880.924;1.088;1447.187;2748.286;227.170;-1.419;0.299;470.441;3239.995;2.443;495.678;3084.347;3279.729;2213.382;3596.851;3.063;3600.996;2453.946;354.156;3308.389;2598.847;3599.353;2.088;1935.536;1748.977;2152.935;654.391;-1.112;1280.908;1350.187;3599.849;1042.995;1114.851;2665.726;1777.023;3600.937;2765.796;1367.979;670.064;1845.824;2887.146;3043.191;3599.875;180.202;963.867;1657.628;867.812;816.249;1526.336;2225.845;906.067;234.694;1299.852;-0.006;591.738;2556.274;2327.675;3599.239;1995.438;1718.682;2341.839;2944.748;2085.806;1960.977;2353.373;1403.092;2995.259;1930.597;862.071;449.283;5.301
1501,2662.3215317726135,1500,-570.0555055059353,570.0555055059353,0.020981952151191266,363.340;3599.572;1031.244;3104.311;1608.877;2636.146;2685.062;1838.561;910.185;1.077;1.297;2943.664;1952.060;833.544;3598.038;738.754;1577.630;803.178;2535.828;2210.619;2431.438;655.176;1212.496;458.204;1132.162;3.968;1.106;3591.690;3599.720;545.474;633.599;435.220;2768.625;2771.835;273.716;2405.005;8.341;2037.391;2832.106;3598.511;1070.369;2868.999;3600.032;3599.890;0.282;1233.584;3599.660;1451.944;3598.402;1783.846;2604.200;1579.968;1.198;7.889;7.173;679.990;3600.526;2448.067;3065.135;2232.471;2550.829;3595.383;3597.844;3591.458;3327.833;-0.837;1026.406;0.505;2167.934;3597.506;-0.188;-0.071;1521.575;543.375;2919.794;1241.119;2623.126;2320.029;1974.918;3599.734;3599.213;-0.961;3263.266;1369.104;5.177;1336.926;1890.776;3598.692;901.568;1.048;3072.674;810.934;1477.549;3082.051;1719.771;1639.843;2766.012;4.280;2119.924;2049.658,3597.225;3092.482;-0.145;386.464;1671.217;2146.275;579.303;1120.845;3399.462;3349.448;1550.453;3599.578;781.330;350.525;1556.103;2377.481;3593.877;3600.423;3095.389;2885.276;2503.012;2591.535;2760.146;3205.254;1121.428;277.660;1101.375;718.482;1340.672;2885.859;0.307;1440.874;2741.844;227.061;0.477;0.506;476.590;3242.803;0.546;507.982;3087.901;3282.678;2215.097;3599.717;1.507;3599.813;2456.693;359.596;3313.252;2596.536;3599.629;-0.268;1947.876;1746.116;2154.259;651.974;0.486;1275.489;1341.462;3600.051;1038.571;1112.768;2671.336;1776.046;3600.041;2768.143;1369.083;664.029;1840.853;2893.480;3043.295;3600.064;172.868;958.330;1656.279;868.152;824.717;1531.770;2231.970;910.629;238.815;1303.560;2.841;597.228;2547.252;2331.612;3599.493;1989.348;1719.552;2351.211;2949.324;2066.724;1971.295;2357.284;1407.240;3014.169;1927.975;861.406;442.268;2.336
1601,2839.381352186203,1600,-570.1084277004023,570.1084277004023,0.012333729970264624,362.508;3590.914;1021.696;3130.955;1607.116;2648.855;2676.467;1835.357;909.679;0.525;2.376;2939.887;1952.257;824.575;3597.514;734.506;1579.713;816.418;2538.940;2211.722;2434.008;645.905;1214.105;466.499;1135.568;4.738;3.002;3593.005;3598.988;544.566;641.487;440.337;2766.521;2764.613;279.341;2397.335;9.778;2034.789;2825.048;3599.518;1067.841;2882.236;3599.338;3599.719;-0.401;1235.590;3599.802;1455.579;3599.210;1788.209;2593.520;1577.743;0.461;9.724;1.533;681.691;3598.836;2445.768;3062.718;2237.480;2546.009;3597.854;3594.760;3599.858;3317.548;-0.057;1027.736;0.478;2166.937;3599.090;0.256;0.303;1520.428;568.205;2911.211;1248.291;2621.054;2324.610;1966.463;3598.983;3600.247;0.015;3254.856;1365.972;0.996;1352.793;1903.828;3596.561;907.987;6.275;3068.377;808.887;1485.388;3098.129;1722.945;1641.375;2757.213;2.477;2118.093;2051.207,3599.858;3090.151;0.496;386.907;1677.360;2150.477;569.903;1118.264;3398.304;3351.626;1552.667;3599.791;778.381;353.320;1554.948;2365.054;3600.362;3600.226;3098.242;2877.046;2500.900;2595.585;2752.757;3209.594;1125.262;274.774;1110.524;713.771;1340.748;2890.443;0.333;1427.596;2725.660;225.158;0.334;0.157;473.748;3240.131;0.347;510.770;3079.627;3287.406;2213.674;3600.433;0.158;3599.746;2459.448;362.314;3328.683;2605.667;3599.776;-0.074;1940.433;1754.013;2156.286;650.977;0.272;1270.733;1332.588;3599.732;1039.325;1115.684;2670.767;1781.713;3599.928;2770.724;1381.765;662.859;1839.076;2891.966;3048.525;3599.882;169.444;961.809;1656.267;859.543;824.299;1530.754;2220.171;909.135;244.966;1300.937;-0.130;599.619;2548.158;2342.596;3599.851;1977.777;1718.088;2352.663;2945.505;2070.803;1967.860;2358.875;1407.537;3014.278;1937.991;862.092;438.050;-0.389
1701,3016.2649190425873,1700,-570.1341327167356,570.1341327167356,0.017760968161257377,365.807;3593.339;1016.615;3140.126;1602.815;2641.149;2674.867;1835.296;914.945;0.140;0.173;2940.638;1958.795;815.584;3599.098;722.976;1585.572;820.836;2543.139;2210.500;2431.430;647.985;1212.152;466.904;1129.161;6.196;0.952;3594.197;3599.768;547.853;654.457;441.468;2768.171;2766.219;277.263;2398.097;9.875;2037.314;2820.329;3600.128;1065.603;2885.153;3599.169;3600.268;-0.381;1233.597;3600.222;1454.553;3595.741;1796.057;2581.468;1572.555;1.191;9.516;1.990;685.297;3600.396;2444.790;3053.478;2230.230;2548.350;3599.082;3599.011;3599.530;3315.864;0.208;1027.981;-0.394;2172.987;3600.593;-0.391;-0.134;1515.862;579.118;2903.920;1251.240;2621.843;2334.787;1972.867;3600.105;3599.647;0.105;3251.039;1370.552;0.137;1361.754;1899.732;3600.254;911.805;8.482;3078.811;803.281;1492.131;3099.600;1723.899;1639.799;2767.214;0.182;2108.751;2047.344,3600.281;3093.772;0.687;382.053;1677.204;2149.160;570.920;1118.165;3398.486;3345.937;1548.671;3599.788;773.350;355.443;1553.375;2360.986;3600.005;3599.904;3099.087;2870.529;2498.649;2598.672;2752.698;3213.718;1139.699;274.583;1106.500;714.210;1345.804;2896.790;0.278;1433.892;2723.609;229.525;-0.188;-0.082;473.055;3233.732;-0.095;515.476;3085.341;3289.693;2216.123;3600.061;-0.083;3600.047;2460.091;363.954;3324.485;2601.354;3600.193;0.352;1944.239;1756.135;2156.911;654.561;-0.110;1267.718;1327.528;3599.621;1033.729;1120.809;2657.723;1780.074;3600.326;2768.631;1382.374;660.976;1842.711;2888.819;3050.419;3600.088;171.607;959.140;1657.400;863.430;820.472;1522.065;2220.591;910.634;251.044;1301.039;0.099;594.367;2542.048;2342.233;3600.306;1978.409;1721.173;2349.232;2951.197;2070.024;1970.540;2349.111;1406.270;3015.205;1942.539;864.763;433.803;0.183
1801,3193.233706712723,1800,-570.159086051576,570.159086051576,0.01128657955566348,365.012;3599.584;1017.108;3138.706;1604.578;2642.662;2686.383;1836.321;915.540;0.049;-0.180;2940.386;1963.385;815.813;3599.981;724.479;1582.115;817.479;2540.982;2211.484;2430.519;648.985;1210.057;462.899;1133.397;4.820;0.552;3595.325;3600.217;543.589;657.510;443.057;2771.091;2760.734;275.069;2395.442;8.891;2041.375;2823.549;3599.688;1069.265;2883.114;3600.328;3599.715;0.226;1232.974;3599.897;1456.664;3600.239;1801.817;2590.402;1575.028;0.087;4.086;3.804;687.450;3600.186;2447.387;3054.051;2230.147;2547.664;3600.008;3600.133;3600.267;3314.420;-0.056;1026.789;-0.034;2173.488;3599.805;0.148;-0.206;1516.955;575.298;2903.043;1255.068;2624.995;2331.003;1975.283;3600.399;3600.060;0.057;3253.009;1368.753;2.565;1357.083;1895.936;3599.552;911.022;-0.134;3080.273;802.606;1487.821;3098.136;1721.741;1636.251;2759.687;0.788;2113.565;2042.412,3599.899;3089.092;-0.065;383.742;1680.749;2149.923;573.432;1118.440;3402.175;3351.679;1548.912;3599.874;771.345;359.537;1554.438;2358.908;3599.876;3599.740;3095.532;2878.835;2498.882;2601.404;2751.580;3209.156;1133.200;273.951;1106.894;713.948;1348.783;2895.879;0.223;1431.979;2723.413;227.013;1.172;0.183;471.868;3237.409;-0.206;510.830;3081.717;3290.344;2212.816;3600.014;-0.024;3599.300;2458.723;367.121;3323.203;2599.816;3599.743;0.318;1947.462;1752.270;2152.524;652.987;0.200;1262.897;1330.159;3599.879;1038.325;1118.359;2662.022;1781.160;3598.894;2771.615;1387.602;662.660;1842.692;2892.654;3054.999;3599.355;169.526;960.033;1658.847;864.257;823.456;1526.899;2223.913;909.268;247.523;1305.426;0.066;595.435;2546.054;2344.422;3599.804;1978.818;1718.627;2348.744;2950.830;2065.258;1968.083;2350.925;1405.240;3013.116;1941.275;863.044;439.538;-0.011
1901,3369.923027276993,1900,-570.1846978022357,570.1846978022357,0.004696515671813111,366.965;3599.439;1019.315;3140.495;1604.095;2642.464;2689.287;1836.403;915.992;-0.026;0.075;2937.539;1962.294;817.246;3599.870;726.756;1576.039;815.429;2537.528;2211.381;2431.843;646.036;1209.947;461.435;1129.220;5.759;0.243;3595.782;3599.970;542.055;655.164;445.410;2773.787;2760.028;276.094;2390.038;8.158;2040.272;2825.909;3599.672;1070.581;2884.904;3599.879;3600.010;0.018;1235.620;3600.104;1453.788;3599.695;1804.376;2592.049;1576.011;0.214;3.314;4.844;685.933;3599.928;2447.541;3054.471;2233.172;2548.337;3599.834;3599.532;3600.017;3312.069;-0.031;1024.915;-0.158;2172.372;3599.975;0.346;-0.019;1517.478;576.206;2902.013;1255.171;2626.193;2330.797;1978.056;3599.897;3600.099;0.011;3249.782;1370.003;0.301;1360.497;1895.786;3599.927;907.410;-0.141;3082.822;799.085;1482.210;3096.558;1725.242;1632.928;2758.549;0.343;2116.791;2044.185,3599.808;3089.191;0.016;382.978;1676.576;2153.672;573.135;1116.848;3400.862;3352.957;1548.972;3600.115;771.568;359.074;1554.782;2362.261;3600.041;3599.947;3099.452;2879.549;2497.597;2599.254;2754.348;3210.719;1137.697;273.807;1106.344;712.105;1353.084;2895.021;0.090;1433.245;2723.927;227.589;-0.006;0.373;472.506;3236.682;0.015;512.232;3082.946;3287.828;2212.000;3600.042;-0.128;3599.744;2456.121;369.389;3324.647;2597.615;3600.026;-0.100;1949.747;1753.336;2151.052;651.460;0.032;1264.802;1327.284;3599.991;1036.423;1120.355;2662.350;1779.705;3599.917;2770.955;1392.149;663.616;1846.286;2892.239;3054.252;3599.956;172.396;955.343;1660.079;869.046;823.589;1524.184;2219.923;912.717;247.949;1305.515;0.150;592.298;2547.040;2343.827;3599.944;1978.312;1719.664;2343.694;2951.401;2067.268;1970.239;2347.854;1405.943;3013.465;1938.541;867.107;438.971;0.021
2000,3544.9632823467255,1999,-570.1923207439435,570.1923207439435,0.0031651074739757457,365.243;3599.779;1019.971;3142.495;1605.613;2640.881;2689.625;1837.380;915.722;0.098;-0.031;2937.038;1962.119;815.523;3599.976;725.859;1577.594;816.846;2536.619;2212.688;2433.422;643.577;1210.474;459.907;1129.829;6.555;0.113;3594.561;3599.981;542.546;656.104;445.100;2775.070;2759.630;277.950;2391.708;10.551;2041.461;2825.356;3600.046;1071.688;2884.916;3599.942;3600.014;0.161;1234.720;3600.003;1452.774;3599.967;1803.752;2591.160;1578.400;0.251;4.041;5.357;683.957;3599.866;2449.713;3053.886;2231.400;2546.530;3599.459;3599.952;3599.910;3310.916;0.021;1026.449;-0.038;2173.008;3599.983;-0.053;0.080;1516.559;576.512;2900.007;1254.141;2623.705;2329.932;1977.848;3600.136;3600.005;0.259;3252.105;1368.106;0.386;1358.729;1896.258;3599.818;909.025;-0.010;3081.880;800.588;1484.833;3097.663;1725.885;1632.416;2760.809;0.302;2118.033;2042.601,3599.996;3088.751;0.025;382.265;1675.341;2154.054;573.913;1116.139;3400.207;3352.971;1549.432;3600.073;772.143;359.271;1556.059;2362.345;3599.768;3599.996;3099.453;2878.888;2494.935;2599.735;2754.829;3210.876;1137.438;272.315;1107.050;711.838;1352.427;2894.586;0.017;1433.158;2724.691;226.993;0.044;-0.041;472.995;3237.051;0.056;511.188;3084.199;3289.345;2210.878;3600.060;-0.032;3600.074;2455.824;370.984;3326.392;2597.610;3600.005;0.037;1951.047;1754.384;2151.074;652.078;0.028;1264.378;1326.581;3600.026;1034.896;1121.544;2661.963;1779.411;3599.896;2772.328;1393.510;662.058;1845.938;2892.358;3055.442;3599.979;171.565;955.950;1660.149;867.927;824.565;1525.407;2220.207;911.451;247.597;1305.957;-0.081;593.707;2545.515;2343.246;3599.996;1976.468;1721.232;2343.989;2952.401;2065.711;1969.347;2347.714;1405.360;3012.652;1938.189;868.267;438.848;0.113
