eval,time_s,iter,obj,aep,rms_viol,x,y
1,0.0,0,-491.2660343114853,491.2660343114853,4.636937765771616,274.710;2807.708;1578.273;2604.475;3520.762;1938.585;1804.034;259.384;966.380;1799.577;2445.228;2893.461;1371.388;237.371;1037.324;3274.537;768.187;1627.646;3352.342;89.637;2161.976;3420.466;829.090;1974.564;3272.862;479.410;1884.285;2701.475;2408.448;1683.910;737.457;1766.757;1340.585;1718.644;1317.205;3016.505;2767.131;1130.381;2061.451;993.777;1630.235;1270.722;2366.638;1333.264;1652.735;2589.567;1486.771;3263.124;649.626;2668.028;1520.547;1535.233;2283.768;1882.462;1493.590;5.137;332.144;2553.820;1887.644;2506.178;3439.686;2458.490;191.263;1111.870;2133.341;846.433;3473.896;3402.174;3054.243;1700.366;3029.316;471.998;1111.441;1666.787;2670.650;1748.971;492.754;1236.732;1167.934;1081.508;595.805;1493.646;1613.234;2789.641;2867.007;1880.604;1658.269;2801.569;3194.240;2429.708;2881.725;3380.801;146.361;3152.418;995.627;1712.752;2868.339;2582.072;529.731;2371.494,249.307;1285.454;2926.186;1539.737;2159.476;2621.381;2956.419;2737.854;25.716;1512.925;1667.290;199.798;1949.192;2187.975;2982.432;3390.513;461.332;829.550;2372.970;476.906;806.683;2069.505;610.285;2816.029;3085.112;121.227;1917.521;2869.025;3510.503;987.331;608.764;3156.123;3273.057;711.118;1589.507;2589.236;3043.243;605.791;2393.888;2908.208;1978.971;592.980;127.904;1013.522;2908.335;161.159;29.579;1301.820;229.040;538.151;83.485;1888.991;2508.105;1537.393;484.454;1192.886;2125.245;3386.381;3573.208;869.770;38.088;2990.305;3335.807;1650.973;2777.192;3118.317;2194.613;3141.458;86.051;977.743;997.990;434.277;3278.568;109.581;2421.220;256.823;1298.810;1505.158;653.055;1875.651;1925.970;1141.358;2653.517;576.729;693.030;1276.240;1362.154;742.629;3307.353;2981.137;384.756;1330.149;837.616;1623.883;994.742;1806.505;3321.371;1377.040;2340.462;2144.236
6,9.081737279891968,5,-513.2787012348977,513.2787012348977,0.3083507941659993,261.964;2858.218;1520.777;2628.915;3589.237;1909.793;1837.763;203.299;991.242;1752.783;2470.639;2930.924;1349.024;199.106;1065.937;3310.587;807.221;1580.356;3328.179;95.861;2124.523;3383.448;880.167;1960.851;3246.105;446.725;1924.331;2674.237;2418.474;1614.099;684.623;1783.086;1321.701;1723.992;1338.937;3075.485;2785.324;1085.439;2018.458;964.972;1650.018;1295.533;2379.263;1322.361;1672.834;2587.584;1434.508;3226.520;642.327;2627.206;1505.462;1525.762;2245.657;1922.331;1526.006;12.682;364.872;2543.961;1877.887;2583.954;3502.859;2510.445;173.067;1064.983;2168.206;794.072;3453.902;3439.867;3078.850;1770.202;3066.272;441.449;1107.947;1691.171;2696.232;1806.209;443.938;1222.802;1191.758;1064.427;588.273;1518.397;1596.454;2810.938;2919.769;1925.606;1612.226;2748.226;3186.167;2381.386;2822.786;3416.619;70.230;3167.579;951.058;1704.347;2886.427;2533.952;528.522;2382.884,239.730;1301.065;2981.917;1530.397;2124.429;2578.136;2987.266;2810.696;-5.816;1467.123;1710.079;190.987;1971.302;2231.421;3016.869;3435.766;457.866;841.210;2386.229;494.752;767.357;2041.081;670.060;2799.369;3054.077;45.732;1946.292;2820.579;3582.807;1058.505;594.593;3218.974;3311.166;693.916;1629.559;2633.523;3034.236;540.005;2344.268;2859.241;2026.432;582.905;121.506;971.859;2855.666;134.057;-10.561;1265.939;243.032;506.075;147.868;1831.012;2459.501;1584.885;438.259;1207.326;2087.723;3381.885;3600.325;925.555;-7.242;3049.587;3409.462;1619.371;2825.746;3160.545;2237.484;3155.498;90.971;940.922;1017.621;477.621;3262.920;81.559;2458.193;253.949;1352.730;1464.305;712.732;1889.449;1917.714;1165.028;2633.565;547.637;693.665;1277.684;1340.079;805.478;3292.075;2917.602;386.821;1354.474;808.183;1654.291;1019.575;1796.236;3349.938;1345.264;2375.055;2074.409
11,18.323028326034546,10,-522.134558221231,522.134558221231,0.3277164503509723,203.956;2866.646;1486.874;2583.253;3596.118;1948.523;1818.073;206.740;930.095;1785.132;2504.888;2964.848;1320.346;183.139;1072.271;3356.234;852.660;1554.183;3322.423;23.155;2199.447;3341.629;870.688;1924.074;3180.871;428.746;1989.854;2741.200;2409.123;1647.266;665.078;1854.274;1337.530;1688.289;1383.651;3077.727;2766.051;1082.974;1952.360;929.573;1691.872;1311.169;2340.898;1324.516;1643.618;2568.673;1462.920;3253.527;642.886;2616.369;1495.792;1507.172;2288.798;1950.307;1522.664;-13.412;357.674;2556.760;1842.406;2590.045;3577.467;2557.982;98.465;1003.594;2180.237;747.133;3468.475;3498.102;3100.649;1791.174;3073.125;434.875;1090.976;1687.934;2690.386;1820.278;423.415;1184.887;1150.626;1077.230;579.967;1493.374;1560.032;2814.300;2925.878;1933.130;1566.856;2759.872;3165.616;2356.745;2834.732;3486.001;4.669;3182.797;921.746;1710.074;2825.730;2578.607;492.585;2343.550,216.792;1354.752;3019.240;1559.015;2097.516;2610.322;3009.141;2861.949;-8.510;1439.076;1706.579;190.355;1982.173;2293.912;3008.198;3418.237;395.535;839.368;2382.543;439.291;796.169;2011.886;698.055;2779.527;3040.345;4.756;1979.668;2838.315;3596.316;1054.099;608.393;3292.352;3339.837;689.794;1659.540;2608.273;3070.123;506.598;2326.674;2834.300;2084.794;589.923;84.192;1020.258;2856.015;174.558;-12.650;1251.844;258.257;493.784;202.988;1762.349;2421.091;1647.160;412.840;1232.082;2087.352;3365.695;3597.658;975.285;8.831;3026.383;3396.110;1605.639;2885.640;3161.672;2269.895;3133.946;38.812;894.863;1008.420;528.682;3284.361;13.975;2446.642;214.902;1395.950;1452.267;757.333;1899.820;1877.968;1201.378;2611.250;565.000;663.140;1298.936;1350.911;835.953;3363.806;2906.632;323.717;1371.444;837.079;1695.059;994.824;1858.581;3381.837;1290.012;2424.143;2044.548
16,27.459848403930664,15,-527.2378502692079,527.2378502692079,0.18378367469335954,192.932;2928.010;1502.258;2592.362;3591.691;1904.039;1801.443;186.936;919.947;1793.469;2497.684;2970.776;1363.235;181.604;1053.995;3424.690;810.856;1549.903;3333.769;1.336;2211.319;3295.307;899.602;1944.001;3153.609;391.249;1980.470;2709.561;2422.161;1722.976;623.689;1836.627;1344.828;1702.430;1367.870;3132.169;2810.773;1059.882;1914.844;902.688;1704.814;1287.353;2308.563;1306.600;1627.914;2543.918;1421.671;3265.566;609.895;2581.056;1532.228;1514.209;2251.061;1963.224;1537.413;15.675;366.330;2521.109;1863.824;2546.122;3595.533;2618.672;33.411;943.864;2198.034;722.238;3458.647;3556.165;3091.225;1807.674;3120.588;429.928;1047.997;1683.295;2680.134;1856.374;395.996;1194.177;1152.687;1025.310;524.639;1457.860;1543.826;2790.585;2938.355;1911.767;1549.987;2786.342;3182.434;2349.752;2889.495;3521.770;7.043;3259.480;869.070;1711.328;2844.810;2594.504;502.159;2396.958,214.525;1401.430;3061.153;1510.960;2034.845;2597.468;3061.713;2918.804;7.365;1453.005;1710.506;186.811;2052.580;2342.815;3020.170;3420.846;367.753;836.517;2419.017;475.347;833.253;2038.472;704.491;2819.930;3055.839;-5.706;2013.811;2770.382;3606.056;1049.985;658.130;3363.908;3342.992;630.077;1625.078;2666.978;3085.367;477.743;2354.590;2831.761;2072.471;576.781;21.762;1003.157;2812.046;181.893;9.492;1209.111;284.748;437.239;221.201;1781.052;2376.555;1680.527;376.869;1229.514;2081.202;3391.996;3581.288;1019.084;5.855;3006.393;3366.959;1620.720;2861.571;3187.672;2254.893;3093.399;2.234;850.925;975.468;488.207;3333.972;-9.063;2386.462;216.513;1412.028;1434.128;778.378;1896.443;1833.919;1204.625;2562.722;536.870;687.818;1289.687;1334.114;871.637;3392.056;2948.571;354.881;1371.332;827.993;1705.645;1032.236;1862.098;3361.547;1269.470;2449.990;2051.917
21,36.531965255737305,20,-530.55006992112,530.55006992112,0.20946698050052648,126.647;2936.316;1451.566;2577.713;3608.490;1921.825;1810.554;161.146;871.857;1812.914;2534.060;2967.905;1356.931;113.540;1026.804;3499.186;841.390;1545.641;3376.577;28.335;2224.556;3315.386;879.559;1912.879;3167.225;400.526;2041.264;2747.566;2439.435;1735.976;621.377;1873.985;1392.426;1705.882;1405.887;3133.773;2831.370;1056.439;1895.247;908.896;1665.163;1263.189;2304.950;1294.897;1633.281;2557.512;1394.350;3207.231;582.276;2547.092;1518.590;1510.032;2247.893;1917.017;1546.847;5.099;399.536;2483.891;1858.233;2587.119;3606.154;2621.916;15.541;966.595;2199.843;672.399;3387.213;3592.082;3058.585;1816.907;3194.659;419.259;1010.538;1713.017;2710.725;1895.970;426.715;1140.905;1195.624;981.249;476.515;1455.369;1511.565;2802.225;2996.828;1896.420;1565.240;2767.828;3176.283;2371.605;2905.591;3594.239;15.826;3279.420;815.718;1729.014;2847.614;2585.261;469.122;2416.374,219.676;1370.723;3077.015;1542.830;2034.744;2605.279;3087.796;2936.949;25.626;1482.152;1761.032;163.017;2089.970;2359.574;3061.656;3449.324;340.769;812.614;2460.329;516.242;806.353;1968.530;731.159;2834.202;3103.347;-6.935;1963.263;2751.800;3600.075;1035.545;680.229;3382.175;3360.684;626.874;1595.313;2667.969;3058.644;461.771;2282.172;2778.239;2133.912;534.513;15.613;1025.364;2797.155;174.712;17.131;1236.539;307.807;463.011;196.475;1770.813;2356.349;1674.738;391.092;1295.288;2083.937;3413.025;3593.940;1048.317;23.720;3021.938;3360.313;1587.345;2879.528;3237.329;2269.774;3017.501;1.075;856.709;932.096;474.010;3318.683;-7.971;2381.823;268.237;1383.075;1450.156;764.871;1937.775;1801.086;1189.342;2546.015;568.057;673.744;1272.103;1357.474;863.950;3410.847;2908.979;358.899;1390.947;862.068;1686.092;1074.925;1905.528;3370.780;1332.342;2442.297;2067.811
26,45.25785732269287,25,-534.3316450126347,534.3316450126347,0.32751713862905624,99.074;2966.461;1437.982;2555.064;3608.219;1967.039;1804.548;116.931;883.750;1779.804;2490.195;3009.157;1340.929;71.241;1042.118;3548.498;819.924;1509.802;3421.557;6.588;2223.519;3300.142;864.655;1909.221;3202.089;392.412;2068.889;2749.361;2440.909;1733.792;614.160;1908.513;1360.508;1780.594;1418.268;3130.411;2871.804;1070.804;1915.996;876.095;1612.997;1221.419;2314.108;1278.633;1589.676;2564.020;1332.705;3185.431;567.312;2503.524;1590.973;1479.745;2301.503;1974.402;1513.168;4.456;375.830;2484.418;1839.985;2626.384;3591.106;2574.290;10.298;1010.326;2163.714;612.571;3406.109;3595.240;3040.194;1779.386;3270.004;363.805;958.402;1669.300;2725.875;1932.135;407.389;1071.284;1177.738;945.820;463.726;1396.849;1465.232;2836.858;2974.272;1963.414;1633.366;2753.989;3154.527;2391.931;2941.426;3592.209;-5.754;3260.611;784.226;1731.673;2870.670;2583.276;515.727;2429.137,208.083;1376.222;3093.398;1527.994;2015.787;2531.111;3090.018;2988.593;22.437;1533.684;1758.311;178.190;2101.938;2371.744;3038.739;3457.841;306.334;799.551;2513.728;577.705;865.371;1971.359;725.538;2844.466;3087.752;-3.627;1996.837;2731.857;3601.097;1075.757;678.716;3362.094;3391.661;546.717;1602.629;2606.901;3031.819;447.235;2287.399;2785.404;2179.317;548.967;19.747;1034.740;2802.023;178.448;-20.620;1221.170;276.590;425.904;158.361;1788.708;2392.903;1636.105;456.313;1309.232;2115.653;3401.273;3592.627;1046.681;12.123;3073.869;3422.137;1625.254;2920.015;3264.053;2231.301;3021.539;-0.359;853.770;891.820;449.063;3356.475;-1.169;2419.220;242.925;1364.947;1382.003;795.192;1924.918;1834.784;1207.550;2536.212;562.459;683.535;1201.490;1359.886;867.085;3445.690;2869.635;323.647;1390.256;911.331;1690.450;1130.368;1921.309;3399.283;1330.219;2420.279;2022.811
31,53.8210768699646,30,-536.0409834195896,536.0409834195896,0.4630683687192665,50.161;3018.407;1451.329;2561.106;3603.056;1920.884;1776.693;79.842;858.524;1812.439;2529.859;3042.195;1308.458;48.705;1034.033;3586.933;813.379;1524.554;3484.774;41.820;2199.655;3317.466;823.453;1899.364;3234.473;351.284;2129.309;2713.091;2450.191;1750.751;581.071;1943.464;1368.889;1795.694;1435.527;3138.077;2907.556;1039.956;1876.553;859.231;1621.158;1212.797;2248.118;1230.319;1583.473;2558.075;1263.022;3222.199;546.099;2507.244;1554.954;1426.697;2343.082;1957.249;1531.457;2.470;373.142;2473.155;1825.340;2601.952;3591.506;2577.092;-1.499;994.027;2136.146;599.375;3340.954;3617.469;3073.364;1792.787;3303.965;386.490;927.191;1695.202;2792.585;1940.902;446.233;1062.297;1180.809;950.373;413.400;1421.744;1455.893;2863.175;2961.930;1982.968;1641.668;2768.725;3156.569;2428.580;2929.916;3600.035;-6.730;3222.386;752.317;1731.634;2805.406;2612.522;515.639;2457.723,217.445;1408.131;3110.327;1532.448;2007.064;2505.872;3119.794;3015.854;-14.858;1524.140;1722.281;168.138;2104.287;2375.555;3054.636;3483.677;301.630;780.285;2520.651;628.366;812.765;1954.709;728.361;2836.108;3075.818;-17.695;2067.215;2682.827;3599.740;1063.862;706.137;3427.208;3415.840;541.360;1571.799;2605.531;3093.483;467.613;2254.961;2757.203;2198.589;517.597;35.833;1029.078;2777.580;109.023;17.647;1201.576;247.122;404.385;144.130;1832.389;2420.049;1634.828;472.878;1321.678;2106.745;3399.150;3598.738;1031.210;6.809;3064.701;3434.608;1612.086;2902.315;3291.585;2244.545;3014.848;-6.725;872.727;858.575;438.627;3366.005;-11.905;2373.853;210.372;1370.600;1383.675;800.909;1928.254;1833.046;1217.259;2574.499;546.569;707.773;1235.897;1388.951;890.247;3420.716;2877.916;331.087;1353.812;865.423;1719.085;1152.552;1943.215;3447.258;1341.111;2407.814;1990.238
36,62.8439462184906,35,-538.3160580573897,538.3160580573897,0.3402723830793673,16.332;3044.820;1397.542;2571.962;3592.315;1914.566;1791.293;13.451;842.100;1815.268;2542.019;3014.907;1294.887;7.452;1025.929;3598.209;793.785;1530.229;3556.091;6.529;2230.122;3332.510;844.779;1862.063;3254.253;400.259;2151.918;2739.157;2447.363;1766.024;586.912;1932.510;1324.612;1823.014;1407.604;3154.145;2887.770;1066.629;1938.776;801.637;1642.745;1206.246;2235.293;1198.603;1531.467;2528.724;1289.780;3271.699;507.332;2494.168;1568.039;1419.505;2339.994;2000.493;1577.918;23.985;382.403;2497.901;1836.937;2634.649;3603.844;2595.720;7.373;986.229;2136.545;550.266;3329.101;3602.437;3096.330;1773.406;3354.279;347.032;928.381;1685.368;2742.745;2004.322;387.245;1034.148;1173.530;909.624;353.151;1432.342;1469.802;2854.641;2973.560;1994.291;1652.585;2822.172;3226.591;2435.902;2949.196;3602.117;32.762;3150.890;735.199;1747.698;2822.760;2580.775;583.471;2465.663,196.932;1377.839;3105.556;1543.978;1988.274;2543.995;3151.042;3016.531;-0.886;1523.646;1721.302;172.295;2103.720;2358.843;3049.423;3505.287;367.749;746.261;2487.056;625.695;797.334;1951.758;746.364;2846.373;3006.052;-9.831;2112.783;2642.599;3597.467;1031.893;695.457;3408.264;3443.160;572.890;1588.391;2609.302;3113.076;396.323;2277.746;2798.731;2181.009;533.173;43.361;1025.179;2761.165;91.050;11.536;1184.366;220.753;419.908;154.569;1824.366;2411.366;1641.295;454.114;1324.628;2151.446;3370.336;3593.777;1052.200;24.689;3049.778;3476.859;1643.818;2911.388;3313.155;2317.766;3016.603;-15.979;853.027;875.210;441.355;3401.258;-14.379;2350.951;216.434;1388.222;1363.290;801.731;1870.084;1825.606;1229.383;2528.485;529.550;714.719;1219.213;1418.672;918.499;3489.347;2859.538;331.310;1408.143;861.325;1760.169;1178.585;1974.419;3433.204;1305.426;2445.809;1929.838
41,71.59770369529724,40,-540.6139537065437,540.6139537065437,0.3956325214784868,-15.517;3101.732;1383.718;2586.019;3599.106;1919.800;1839.277;-1.309;854.631;1806.551;2578.349;3007.182;1262.493;10.225;1050.435;3615.470;761.683;1555.012;3608.926;8.113;2262.563;3343.541;836.068;1834.306;3206.926;420.340;2198.477;2768.319;2475.537;1809.655;610.485;1905.573;1365.556;1838.718;1392.442;3193.418;2926.553;1001.352;1865.932;758.502;1641.981;1272.070;2207.413;1190.411;1525.536;2578.889;1239.775;3276.058;475.648;2493.125;1569.976;1412.933;2311.933;2033.246;1538.272;7.709;376.434;2457.542;1806.480;2586.535;3595.936;2575.379;13.920;998.685;2193.618;519.988;3338.345;3609.413;3131.480;1739.748;3363.068;331.645;891.534;1682.647;2762.111;2034.716;315.943;992.073;1166.009;862.591;338.418;1405.888;1429.069;2889.917;2914.387;2011.814;1666.300;2884.192;3243.637;2452.086;2958.202;3588.490;0.508;3131.795;714.815;1801.859;2816.908;2576.860;535.803;2474.357,204.227;1413.046;3111.864;1518.769;2059.225;2569.525;3148.134;3003.972;1.826;1534.355;1760.602;137.788;2068.172;2326.597;2998.904;3581.952;302.652;714.728;2496.606;625.160;779.185;1900.832;793.324;2846.178;2955.294;0.949;2126.489;2653.880;3594.086;1048.845;636.319;3419.113;3475.337;620.320;1606.818;2595.014;3143.315;418.560;2244.673;2814.197;2142.237;536.124;0.266;1052.686;2750.310;75.228;26.924;1156.610;229.895;392.171;132.521;1890.142;2407.601;1653.224;386.351;1295.593;2125.143;3353.302;3611.654;1019.241;32.532;3047.267;3514.573;1698.732;2944.545;3311.793;2371.432;3061.735;-2.131;879.258;862.124;446.046;3418.743;5.434;2306.024;251.432;1415.995;1327.668;817.197;1885.183;1761.989;1249.394;2506.504;502.591;700.200;1200.236;1408.214;971.749;3499.625;2808.298;349.202;1454.610;893.416;1752.314;1147.596;1988.952;3493.039;1328.136;2463.041;1958.881
46,80.6904685497284,45,-541.5846505040681,541.5846505040681,0.4757725519528759,9.540;3087.195;1361.647;2566.529;3599.880;1882.823;1827.354;7.081;905.730;1795.273;2641.918;3038.195;1281.795;2.593;1058.211;3606.314;736.608;1572.951;3593.285;-4.882;2324.805;3328.319;828.057;1858.826;3282.180;422.627;2170.603;2794.159;2491.637;1873.607;573.353;1923.595;1322.129;1862.819;1355.218;3169.571;2922.012;1020.282;1881.212;733.941;1624.239;1298.136;2202.957;1162.559;1544.908;2543.944;1256.024;3262.558;470.892;2518.147;1602.613;1415.768;2341.684;2079.773;1493.733;-2.810;386.278;2414.720;1773.832;2577.173;3607.213;2613.662;2.839;1019.415;2198.012;503.613;3325.222;3602.059;3140.272;1700.325;3416.908;310.705;845.084;1696.222;2726.255;2050.400;253.524;963.944;1153.361;875.014;297.751;1404.402;1375.635;2869.082;2915.548;1987.988;1660.779;2891.321;3250.706;2423.797;2972.512;3604.850;14.885;3152.950;657.504;1790.279;2864.678;2556.830;553.524;2503.017,146.380;1377.461;3120.315;1483.239;2030.836;2557.828;3160.983;3055.337;-5.739;1549.432;1797.288;173.842;2101.245;2304.585;2967.975;3590.154;314.425;704.691;2502.011;584.601;733.991;1949.663;742.304;2858.106;2972.440;-22.075;2127.230;2652.080;3618.332;1010.744;616.629;3421.792;3518.237;584.289;1600.684;2596.181;3120.347;407.749;2261.243;2806.768;2192.416;549.445;6.200;1086.002;2756.456;71.307;41.003;1137.705;236.459;401.093;195.091;1883.687;2362.320;1691.102;368.254;1305.829;2152.592;3320.366;3596.047;1076.611;16.305;3064.644;3526.877;1679.087;2991.027;3305.733;2376.478;3110.425;0.112;908.166;840.905;505.318;3389.992;-11.637;2313.390;278.487;1425.855;1350.741;811.268;1907.718;1792.218;1237.927;2533.129;501.049;692.162;1244.123;1383.009;971.290;3540.155;2802.113;337.434;1511.497;865.038;1716.801;1176.026;1950.753;3458.722;1303.822;2446.379;1966.249
51,89.98646354675293,50,-542.467833459777,542.467833459777,0.44805924841923994,10.376;3079.098;1389.267;2582.734;3599.282;1894.846;1831.971;21.486;913.795;1808.382;2669.711;3043.006;1239.310;20.531;996.476;3587.729;753.218;1566.848;3592.169;-11.337;2383.339;3356.046;867.547;1854.338;3286.168;410.807;2160.439;2788.792;2431.666;1945.902;566.761;1942.223;1317.229;1891.804;1368.398;3206.382;2954.628;1025.161;1838.144;694.075;1620.844;1280.657;2183.839;1178.461;1530.430;2526.070;1236.649;3325.456;438.585;2496.738;1618.584;1424.221;2351.589;2098.423;1503.769;-6.551;362.020;2424.925;1729.871;2536.111;3606.625;2647.478;-14.990;1033.937;2201.535;499.672;3300.785;3596.390;3193.985;1665.491;3437.019;333.453;850.033;1707.188;2753.911;2046.891;225.638;924.383;1167.771;831.918;267.546;1432.125;1347.953;2914.264;2874.196;1960.661;1634.080;2929.868;3227.318;2432.977;2972.069;3600.861;-14.354;3173.141;647.302;1841.410;2874.961;2586.388;583.507;2483.461,119.457;1371.778;3122.232;1454.951;2064.827;2541.011;3178.714;3050.289;6.232;1543.217;1788.314;154.161;2099.333;2328.847;2935.062;3609.102;339.184;676.144;2473.533;600.955;713.347;1929.398;750.078;2884.205;2997.748;-8.411;2132.708;2643.198;3583.465;973.450;628.882;3415.020;3524.586;604.683;1582.419;2579.946;3129.813;426.254;2314.587;2797.693;2167.036;547.455;-2.835;1089.066;2739.103;76.773;6.818;1156.759;193.708;357.516;196.938;1907.449;2378.769;1687.569;370.951;1330.100;2128.189;3276.671;3599.970;1069.253;5.067;3069.366;3537.690;1712.755;3034.357;3303.531;2378.008;3157.675;-14.331;946.347;777.225;507.432;3428.852;2.853;2275.281;291.264;1396.049;1354.885;870.320;1872.738;1809.024;1210.641;2525.265;504.826;720.291;1273.798;1368.515;955.951;3535.914;2799.907;330.217;1571.069;851.561;1699.150;1202.847;1975.823;3503.769;1272.097;2466.257;1943.855
56,99.075927734375,55,-544.1824296548591,544.1824296548591,0.2802283137704415,-2.210;3150.429;1399.095;2552.813;3580.231;1902.266;1766.556;16.588;939.431;1808.556;2691.287;3112.778;1241.368;0.808;1027.569;3592.113;745.302;1532.614;3592.805;8.488;2359.301;3400.066;794.269;1849.629;3271.791;420.973;2145.904;2794.417;2426.775;1971.702;524.329;1939.679;1324.928;1917.426;1331.966;3216.454;2963.488;995.109;1772.832;735.150;1609.775;1343.479;2169.743;1121.925;1527.501;2546.410;1288.962;3348.422;423.833;2478.580;1632.590;1363.752;2379.339;2074.660;1507.166;2.314;329.451;2426.287;1750.805;2537.789;3600.334;2654.797;8.003;1040.245;2206.506;468.342;3291.068;3586.748;3122.666;1656.391;3489.354;345.456;805.643;1705.818;2769.013;1997.963;191.061;900.194;1150.130;801.245;269.043;1424.557;1284.836;2935.748;2835.024;2013.808;1597.383;2956.723;3229.711;2402.455;3017.990;3609.406;-10.500;3163.985;680.099;1856.041;2869.705;2565.837;542.298;2472.300,65.778;1382.833;3174.322;1481.193;2120.616;2488.404;3121.626;3029.012;18.175;1530.738;1794.441;173.803;2156.416;2329.819;2939.906;3555.250;304.322;726.041;2520.425;607.797;728.812;1909.774;764.450;2883.500;2964.505;35.551;2177.517;2686.406;3591.950;978.108;607.799;3380.429;3591.488;555.304;1581.631;2576.464;3210.658;423.966;2362.619;2781.953;2107.377;561.517;-12.722;1043.990;2720.959;51.592;6.959;1190.512;203.160;325.610;170.328;1895.786;2414.599;1729.203;369.952;1283.286;2190.973;3294.785;3598.911;1048.771;8.637;3005.506;3589.879;1714.692;3077.572;3260.622;2324.538;3150.892;19.688;958.187;806.650;466.617;3468.613;1.895;2292.155;364.024;1425.741;1394.459;823.688;1933.089;1827.112;1227.181;2542.835;509.397;687.635;1251.172;1380.434;968.710;3563.372;2825.479;339.427;1602.299;814.118;1641.326;1226.523;1912.394;3574.238;1285.181;2530.789;1951.111
61,108.31024169921875,60,-546.4000531427168,546.4000531427168,0.2679469836025332,-7.518;3202.992;1391.043;2504.601;3599.734;1910.104;1814.604;-1.057;930.392;1792.883;2654.638;3117.939;1192.824;-6.018;1008.356;3611.327;713.932;1524.930;3588.682;30.822;2348.028;3393.671;756.749;1790.166;3333.109;458.567;2154.001;2735.470;2385.730;1962.515;535.005;1923.403;1290.153;1938.656;1332.209;3199.143;2979.270;980.264;1737.173;785.039;1600.822;1355.327;2180.210;1097.255;1518.974;2587.765;1273.541;3349.457;374.113;2475.441;1613.601;1289.694;2455.192;2009.670;1519.290;23.193;349.785;2472.409;1776.731;2600.695;3599.052;2638.202;19.487;1086.094;2195.956;426.733;3287.937;3601.159;3193.748;1663.625;3485.421;332.888;763.397;1715.329;2820.831;2027.210;131.811;868.663;1198.431;726.309;263.689;1389.799;1278.451;2927.773;2839.211;2036.627;1616.395;2973.524;3279.077;2365.036;3010.955;3572.368;4.254;3127.487;654.512;1925.984;2811.683;2582.363;521.053;2526.708,44.322;1442.765;3183.145;1492.592;2103.142;2511.835;3120.853;3015.694;3.002;1561.581;1744.136;176.195;2194.538;2345.713;2953.696;3559.951;298.493;760.980;2555.679;586.942;736.113;1917.831;788.727;2894.708;2958.746;4.179;2155.392;2680.269;3588.453;945.849;617.037;3407.819;3588.518;562.610;1549.033;2589.596;3238.950;422.862;2355.275;2740.497;2138.047;584.938;12.798;1036.640;2691.563;7.162;22.464;1146.933;174.667;327.389;190.930;1941.804;2396.160;1716.956;350.891;1233.178;2191.585;3325.882;3602.694;1026.325;8.429;3020.468;3591.995;1732.078;3068.160;3241.935;2277.917;3130.696;-2.226;1018.775;761.138;458.757;3514.017;7.610;2300.552;341.342;1492.244;1444.012;836.185;1935.047;1847.233;1224.363;2558.405;498.791;709.468;1209.734;1404.104;990.118;3604.524;2787.279;345.781;1582.669;849.220;1669.942;1259.130;1942.888;3610.315;1258.662;2578.278;2017.453
66,117.00573372840881,65,-546.6042955026999,546.6042955026999,0.26694039700416905,10.234;3215.548;1400.096;2540.652;3599.285;1887.905;1828.022;20.859;904.540;1821.260;2672.558;3115.847;1220.871;22.416;1012.505;3578.305;722.161;1507.941;3593.208;62.348;2356.761;3418.370;704.056;1748.816;3310.744;435.964;2121.607;2711.584;2404.810;1942.979;527.269;1914.856;1282.894;1965.463;1320.596;3196.154;2984.418;1026.765;1769.396;801.917;1533.308;1365.153;2131.848;1103.410;1554.493;2600.313;1238.379;3383.021;374.593;2483.522;1621.622;1286.053;2447.978;2014.458;1531.682;2.770;322.505;2503.957;1815.122;2615.761;3595.297;2613.205;7.815;1031.334;2216.074;421.504;3336.058;3597.463;3208.999;1668.623;3499.883;282.883;757.842;1702.338;2869.715;2030.565;134.943;853.145;1180.857;698.492;277.510;1380.397;1205.714;2907.728;2814.038;2063.793;1617.674;2963.011;3267.336;2325.260;3052.756;3590.633;3.470;3170.996;694.228;1939.970;2806.478;2577.800;449.518;2517.673,30.441;1402.268;3187.530;1503.989;2155.538;2554.253;3117.178;3053.392;13.493;1564.316;1771.250;177.000;2213.782;2393.353;2961.180;3617.144;275.761;755.875;2583.581;606.169;713.298;1902.271;826.502;2876.704;2942.073;-6.687;2144.314;2705.166;3584.274;956.444;605.444;3391.414;3584.670;573.594;1561.478;2649.206;3261.825;405.211;2304.209;2676.865;2140.999;571.103;2.948;1056.151;2629.507;8.877;28.423;1084.949;167.492;330.174;177.047;1897.742;2443.524;1703.027;343.140;1247.437;2197.023;3308.539;3597.616;1014.179;12.607;3019.370;3594.960;1698.260;3070.170;3246.043;2260.620;3129.036;2.748;1011.770;792.820;404.883;3537.315;-4.608;2243.890;322.257;1533.938;1482.303;847.373;1982.317;1808.070;1179.506;2615.563;500.413;687.612;1229.476;1430.099;1062.755;3577.322;2745.284;340.006;1590.394;890.727;1662.065;1233.862;1925.001;3597.727;1259.942;2645.875;2016.136
71,125.99312901496887,70,-547.8784574417846,547.8784574417846,0.5102016389102128,5.642;3223.261;1368.410;2518.044;3595.057;1894.318;1849.161;26.739;910.535;1828.022;2736.753;3124.383;1216.177;6.189;1054.359;3596.583;686.171;1554.235;3614.114;53.603;2353.887;3494.174;700.712;1743.804;3332.478;429.094;2097.383;2725.036;2375.859;1907.337;529.209;1925.745;1248.380;2021.902;1358.708;3169.504;2963.690;1076.619;1759.420;746.285;1550.321;1325.893;2115.810;1139.593;1498.708;2600.571;1200.934;3427.962;353.817;2489.357;1632.387;1265.432;2453.209;2035.503;1550.003;8.950;346.190;2510.187;1847.186;2637.109;3612.072;2645.685;19.954;1000.497;2207.168;344.022;3323.758;3615.681;3220.243;1685.845;3541.205;219.219;728.331;1656.782;2871.709;2063.199;94.082;819.803;1121.700;690.706;241.922;1325.920;1140.318;2936.818;2798.815;2082.504;1601.374;2973.070;3287.465;2301.792;3031.278;3604.315;4.918;3140.399;723.891;1977.211;2839.676;2551.564;418.933;2502.471,60.079;1421.696;3208.292;1494.734;2171.452;2568.095;3170.260;3013.885;-11.127;1519.629;1794.657;165.946;2209.912;2363.996;2940.334;3608.988;245.396;714.990;2614.216;665.929;770.657;1920.023;811.085;2843.575;2938.155;-7.189;2202.973;2657.331;3608.609;943.749;633.930;3389.661;3613.387;528.024;1620.150;2639.269;3307.330;411.204;2316.239;2682.901;2139.745;573.114;42.223;1072.499;2591.431;14.056;33.675;1098.678;162.957;369.123;183.576;1933.716;2454.703;1684.149;336.122;1285.684;2273.072;3324.882;3602.026;977.811;-5.000;3027.312;3603.163;1685.071;3065.026;3256.125;2275.529;3172.653;-0.355;1050.427;789.981;384.570;3522.882;-12.499;2238.473;270.181;1492.959;1521.496;794.963;2008.251;1731.272;1177.291;2608.509;499.846;686.393;1255.615;1392.270;1057.579;3515.058;2796.381;348.440;1617.226;857.133;1652.588;1220.949;1889.939;3578.107;1233.263;2635.367;2009.578
76,135.04133534431458,75,-548.6307162474716,548.6307162474716,0.5506189661405932,11.003;3272.496;1357.430;2517.113;3619.262;1922.787;1821.335;3.464;838.313;1861.049;2705.256;3117.138;1194.202;7.876;987.888;3614.846;711.033;1522.753;3597.313;76.688;2383.878;3489.526;705.508;1730.257;3404.895;393.036;2104.728;2697.051;2357.528;1928.673;507.367;1953.311;1238.798;2030.921;1326.131;3182.611;3001.429;1085.746;1702.943;767.863;1505.999;1362.787;2143.589;1117.493;1519.187;2593.661;1253.940;3434.003;347.906;2490.921;1598.715;1306.636;2468.377;2009.157;1536.748;24.223;355.646;2503.621;1850.577;2607.467;3600.993;2606.390;84.867;965.013;2221.734;286.156;3291.761;3592.781;3211.471;1676.202;3593.580;260.280;653.775;1676.211;2935.697;2051.186;20.015;835.773;1121.575;657.826;258.751;1330.864;1090.838;2963.131;2817.211;2078.729;1673.778;2998.324;3219.866;2355.894;3046.344;3595.752;-8.438;3140.175;648.241;1997.275;2807.054;2528.005;345.858;2566.461,54.097;1379.624;3271.280;1522.041;2171.514;2551.333;3159.692;2958.605;-10.755;1541.048;1773.050;139.820;2206.559;2353.857;2961.030;3608.932;255.731;729.217;2605.146;683.528;765.705;1966.229;850.541;2865.964;2946.769;2.367;2174.044;2698.410;3616.568;930.300;597.254;3405.295;3612.778;493.001;1602.028;2658.767;3234.880;404.916;2336.586;2720.707;2150.831;544.417;36.549;1060.623;2598.003;0.516;9.220;1086.984;156.265;367.406;179.512;1923.999;2412.955;1681.166;374.452;1268.309;2279.084;3365.781;3605.378;1053.715;-12.912;3041.468;3598.613;1710.155;3064.731;3226.839;2250.528;3181.281;2.443;1029.261;840.304;375.143;3553.367;-6.211;2279.857;277.085;1534.937;1491.955;750.169;2022.268;1755.169;1171.370;2639.750;502.785;705.813;1270.004;1348.204;1037.397;3519.225;2751.173;313.680;1571.249;877.653;1661.937;1221.181;1875.502;3581.841;1221.349;2626.404;2061.883
81,144.31111311912537,80,-549.7150926293223,549.7150926293223,0.4973863775363408,4.566;3291.436;1304.832;2510.357;3601.196;1941.858;1873.132;6.634;879.235;1887.494;2776.906;3136.429;1140.923;13.236;974.232;3600.090;706.557;1576.777;3606.620;91.613;2377.002;3479.705;720.543;1717.570;3400.916;411.073;2048.803;2725.445;2352.557;1929.045;483.839;1930.554;1257.279;1977.066;1375.180;3167.616;2998.631;1111.823;1718.285;737.601;1530.857;1371.725;2177.383;1112.411;1489.096;2587.914;1211.459;3499.395;327.991;2509.008;1621.218;1295.738;2462.763;2007.208;1495.831;23.879;356.660;2509.635;1811.675;2659.618;3603.270;2628.396;53.457;903.712;2225.104;271.467;3285.559;3605.545;3217.323;1640.841;3599.332;228.293;614.147;1723.179;2922.906;2082.104;-4.981;878.914;1061.910;648.044;253.398;1348.410;1112.821;2957.222;2837.850;2086.711;1654.343;2993.665;3258.018;2341.701;3035.017;3602.155;3.304;3151.271;621.649;2008.786;2774.696;2507.169;319.777;2563.104,-13.103;1411.913;3292.988;1532.905;2207.871;2580.476;3144.605;2959.722;8.060;1563.451;1737.633;168.686;2223.819;2336.458;2967.781;3608.382;295.728;725.552;2585.989;655.733;815.392;1946.672;855.785;2852.719;2915.920;-16.273;2141.410;2697.717;3594.227;894.576;623.474;3429.538;3604.671;492.698;1592.987;2694.181;3268.951;389.294;2348.441;2712.086;2141.095;565.231;0.496;1098.630;2623.665;-0.721;33.731;1099.409;173.859;352.352;158.030;1918.587;2427.401;1675.266;359.326;1259.119;2268.305;3360.828;3617.039;1065.528;-9.352;3013.297;3605.065;1742.693;3054.770;3262.197;2262.552;3159.390;-12.840;1057.304;840.328;377.168;3589.701;-5.985;2295.810;266.125;1552.659;1444.490;741.136;2003.441;1780.803;1176.608;2707.349;479.581;701.912;1284.135;1326.083;1004.897;3509.440;2704.313;305.852;1528.008;880.092;1642.564;1209.938;1913.111;3589.808;1252.297;2647.143;2114.273
86,152.9170446395874,85,-550.4181740310094,550.4181740310094,0.34939303483118334,-13.672;3331.622;1286.214;2532.144;3590.901;1948.069;1907.608;-11.709;892.001;1888.547;2778.288;3149.103;1118.023;-11.133;984.693;3601.526;691.892;1596.105;3602.633;23.890;2392.811;3539.491;701.142;1707.711;3357.791;413.154;2047.053;2737.462;2330.029;1980.305;455.920;1909.421;1299.703;1963.016;1403.418;3205.429;3028.832;1103.760;1704.208;691.880;1528.996;1310.313;2182.891;1094.997;1487.845;2631.597;1230.503;3566.459;332.178;2573.252;1628.007;1253.715;2443.509;2040.157;1520.135;4.108;318.106;2520.160;1777.717;2661.371;3597.802;2675.988;-9.625;862.350;2221.971;268.953;3256.427;3602.003;3216.627;1623.036;3564.826;203.323;604.781;1722.785;2907.861;2069.682;-1.521;845.826;1077.361;634.082;239.993;1329.425;1109.642;2942.357;2802.358;2048.120;1630.713;3058.201;3309.085;2307.912;3035.791;3565.806;19.817;3142.059;614.838;2054.324;2787.048;2507.993;331.119;2616.637,2.406;1399.721;3267.381;1501.766;2209.272;2570.289;3210.073;2988.112;6.889;1541.049;1713.782;172.336;2243.630;2354.365;3014.169;3583.684;297.433;753.849;2578.309;636.479;854.111;1951.378;824.530;2862.512;2918.450;10.100;2135.029;2690.846;3603.161;883.790;616.593;3423.424;3592.170;490.206;1599.911;2719.546;3322.003;367.643;2353.570;2742.162;2164.900;532.044;4.339;1098.621;2643.301;-6.390;0.688;1145.550;149.798;353.882;152.289;1890.304;2395.194;1714.404;300.186;1233.228;2303.222;3377.422;3600.021;1094.205;8.240;3005.774;3589.230;1730.876;3050.489;3254.170;2246.833;3134.174;1.356;1053.794;768.492;389.338;3592.354;-3.075;2371.866;296.152;1585.650;1410.886;808.297;2000.148;1830.859;1189.767;2656.682;509.865;709.914;1291.046;1311.899;936.676;3547.853;2722.697;328.125;1516.198;914.636;1639.231;1228.956;1933.514;3583.541;1286.484;2598.800;2118.523
91,161.8213574886322,90,-551.9377067520563,551.9377067520563,0.34012279714737303,12.465;3290.537;1262.016;2538.114;3602.450;1968.366;1892.503;6.530;862.298;1882.908;2781.026;3154.741;1043.138;10.496;979.247;3595.826;686.172;1607.581;3583.222;24.080;2321.547;3597.440;684.053;1766.860;3349.089;374.106;2013.740;2779.435;2358.908;1980.670;462.135;1863.755;1300.915;1981.874;1398.726;3235.184;3027.031;1051.179;1716.937;685.672;1489.325;1354.150;2210.004;1073.956;1489.797;2649.062;1194.604;3566.727;352.335;2617.515;1619.927;1219.531;2434.224;2089.997;1541.127;7.228;289.042;2457.647;1811.059;2627.693;3600.970;2702.744;2.514;829.929;2295.217;251.757;3242.783;3598.853;3201.865;1616.489;3598.403;192.769;636.118;1710.766;2899.803;2062.893;-1.859;872.087;1106.834;657.043;265.571;1316.725;1116.347;2956.311;2825.714;2056.938;1611.719;3109.097;3325.077;2305.175;3047.722;3590.287;4.704;3189.117;610.395;2048.690;2821.412;2534.302;321.453;2587.552,-1.352;1363.370;3289.034;1547.259;2165.226;2524.271;3184.336;3052.050;-3.378;1543.507;1755.068;178.860;2243.137;2415.745;2994.861;3593.815;317.287;727.422;2539.515;682.327;794.523;1908.401;795.012;2907.593;2954.389;-4.932;2178.892;2661.955;3593.530;924.946;635.825;3394.818;3599.213;487.300;1653.007;2715.809;3305.012;393.650;2368.753;2777.466;2150.249;561.348;28.756;1050.322;2704.941;-3.459;-1.250;1114.543;155.639;343.945;151.443;1949.270;2376.208;1696.884;305.390;1247.283;2275.509;3380.091;3610.321;1035.320;14.959;3070.733;3600.876;1707.534;3013.964;3201.219;2266.496;3106.045;-15.486;1051.072;788.550;428.295;3591.640;-13.252;2414.782;309.737;1631.308;1402.055;820.848;2034.907;1813.212;1220.572;2587.883;518.478;767.906;1263.380;1301.288;945.649;3537.137;2712.242;329.101;1519.874;937.796;1683.050;1241.380;1946.896;3598.668;1314.523;2572.417;2079.710
96,171.1517186164856,95,-550.7751897469539,550.7751897469539,0.3761844457899831,-2.755;3363.050;1252.019;2514.278;3588.194;1925.370;1869.125;-4.521;877.446;1867.241;2807.217;3204.647;1027.159;4.807;907.555;3611.499;683.642;1616.388;3607.238;-6.532;2326.096;3603.976;643.671;1708.241;3384.813;419.056;1949.898;2759.643;2343.897;1968.075;458.999;1840.329;1256.888;1947.831;1406.774;3213.518;3024.353;1023.159;1785.488;681.822;1440.108;1366.480;2239.339;1112.050;1497.600;2645.501;1207.451;3597.982;303.998;2651.743;1636.560;1203.097;2423.356;2103.987;1508.597;4.632;296.957;2518.082;1838.699;2602.322;3605.471;2744.054;1.694;842.275;2300.429;233.859;3253.922;3570.778;3187.175;1589.717;3591.033;168.640;619.548;1752.757;2923.372;2059.519;8.936;851.605;1098.024;666.603;242.911;1281.474;1142.621;2933.370;2825.568;2078.738;1627.354;3086.911;3321.053;2305.877;3051.181;3587.713;9.892;3178.616;643.672;2089.524;2799.794;2579.300;292.440;2580.677,19.977;1325.922;3284.751;1594.213;2168.953;2559.482;3175.761;3012.954;2.281;1546.560;1720.592;180.098;2265.125;2424.040;2998.892;3584.745;268.780;751.736;2520.597;715.694;804.779;1904.716;839.295;2942.095;2935.340;-1.705;2136.845;2655.092;3578.964;938.064;619.433;3409.231;3605.125;461.832;1711.090;2680.708;3318.222;388.340;2357.007;2758.328;2213.195;522.722;24.978;1069.576;2709.048;0.626;65.820;1086.731;163.788;313.546;140.559;1951.152;2334.370;1648.262;312.160;1266.521;2314.500;3342.545;3598.047;1029.787;-16.140;3026.989;3591.775;1686.679;3008.997;3247.985;2285.921;3145.623;0.940;1009.185;789.964;385.060;3546.103;4.959;2454.250;270.928;1609.545;1436.097;823.566;2024.595;1844.831;1266.556;2600.599;575.127;732.850;1233.509;1292.039;1016.990;3573.813;2707.956;333.602;1565.548;960.358;1680.693;1187.796;1952.252;3611.131;1268.588;2564.187;2116.104
101,180.02337455749512,100,-552.2555122624401,552.2555122624401,0.3415892249869048,7.131;3437.191;1236.510;2520.320;3566.375;1889.569;1925.433;-7.847;893.520;1826.618;2781.668;3147.072;1034.301;1.768;879.569;3594.397;652.697;1570.013;3593.402;9.319;2286.083;3566.228;604.224;1643.053;3460.476;376.065;1936.791;2785.457;2370.225;1993.891;491.805;1818.762;1239.991;1925.780;1349.801;3211.098;3004.493;989.547;1814.426;616.072;1428.618;1412.820;2189.261;1125.955;1532.782;2670.386;1216.090;3587.803;298.135;2674.086;1622.005;1222.064;2466.095;2118.130;1513.246;16.909;253.988;2541.375;1856.508;2613.028;3599.313;2725.211;10.468;767.609;2272.553;231.949;3271.689;3561.528;3244.541;1625.618;3605.520;119.388;634.514;1739.289;2919.385;2085.663;-13.467;860.755;1095.154;671.877;205.439;1234.296;1134.096;2937.172;2834.019;2037.235;1620.638;3076.442;3313.934;2308.858;3077.892;3563.034;-2.611;3206.592;691.345;2046.214;2758.254;2621.356;314.893;2608.375,2.044;1303.274;3229.769;1624.501;2125.768;2601.564;3154.301;3005.214;5.690;1594.101;1757.907;181.959;2253.247;2441.047;3053.345;3598.967;310.525;768.486;2511.165;775.307;782.800;1873.941;911.552;3018.854;2876.697;-4.569;2142.614;2714.519;3593.251;936.137;594.683;3415.182;3576.375;532.073;1705.640;2736.032;3300.234;411.466;2319.469;2771.297;2275.182;500.995;-4.460;999.455;2695.601;7.396;48.660;1071.639;176.008;273.117;132.138;1928.093;2284.320;1691.953;300.844;1220.942;2263.197;3299.366;3610.188;956.201;26.417;2991.334;3601.266;1664.091;2979.420;3271.204;2321.858;3178.340;-4.602;1034.983;763.786;428.327;3540.593;-11.904;2468.551;258.096;1583.586;1503.273;813.772;2036.469;1909.980;1285.000;2618.592;559.705;734.332;1256.927;1302.253;1038.222;3567.811;2663.708;345.628;1620.479;1018.412;1664.323;1193.683;1906.970;3596.903;1295.392;2573.560;2064.246
121,215.64795899391174,120,-555.476249561609,555.476249561609,0.5225376038610208,-15.333;3442.997;1213.559;2673.815;3497.178;1820.013;1996.199;28.869;832.842;1821.409;2779.009;3165.477;1007.163;-9.060;855.241;3591.658;643.474;1666.354;3601.664;34.512;2318.220;3583.816;511.964;1627.814;3594.362;338.735;1933.646;2834.505;2342.371;2096.417;467.259;1890.877;1175.495;1868.641;1397.089;3331.148;3020.976;939.392;1863.856;590.315;1408.946;1351.537;2203.910;1042.311;1383.961;2745.933;1202.679;3605.954;191.001;2642.662;1616.894;1137.522;2480.305;2184.202;1490.477;-9.707;197.759;2539.912;1799.624;2779.267;3602.747;2719.852;-8.332;756.892;2136.409;205.091;3232.826;3571.140;3233.712;1583.355;3599.591;57.247;568.251;1704.433;3000.647;2068.405;2.087;835.198;1113.169;524.715;59.669;1298.871;1202.170;2951.370;2881.697;2071.157;1662.777;3186.540;3299.655;2281.396;3069.799;3601.510;10.378;3238.113;592.153;2053.890;2855.722;2578.075;301.221;2530.579,-5.192;1325.857;3243.174;1565.097;2070.516;2684.490;3272.153;2994.082;-10.578;1618.708;1816.795;187.720;2196.834;2522.922;3105.549;3613.561;302.818;819.699;2394.522;784.746;708.304;1926.285;892.853;2940.961;2881.525;-1.591;2081.093;2839.428;3601.245;993.414;497.601;3452.942;3606.550;534.895;1658.132;2718.656;3320.204;396.369;2324.283;2770.211;2278.764;539.293;22.038;1040.244;2732.543;-2.554;9.751;1049.923;217.691;194.857;130.738;2005.923;2357.757;1754.940;322.503;1259.557;2247.194;3309.941;3593.843;1005.510;28.362;3008.577;3590.128;1636.162;2950.711;3306.195;2306.064;3197.430;-15.232;992.433;598.312;436.213;3614.365;2.435;2600.053;265.181;1636.080;1478.912;803.911;1981.823;1928.837;1268.198;2548.447;606.401;775.068;1279.520;1278.890;1057.529;3596.607;2709.890;397.961;1650.781;1064.900;1627.568;1220.942;1961.371;3603.669;1250.355;2648.367;2101.655
141,251.35330986976624,140,-557.0303316670024,557.0303316670024,0.5142057915087316,19.680;3571.523;1219.631;2648.200;3545.014;1843.177;1987.101;-12.690;743.911;1852.594;2607.749;3173.635;983.071;-3.094;855.578;3613.814;609.432;1712.670;3593.333;2.099;2345.187;3568.049;481.881;1579.738;3590.455;229.432;1970.306;2915.436;2421.359;2163.739;601.830;1907.604;1190.759;1889.487;1326.101;3387.154;2977.843;969.824;1879.315;579.587;1426.789;1383.713;2156.422;966.959;1306.895;2632.809;1130.565;3571.486;185.132;2612.845;1564.272;1071.734;2523.848;2101.982;1509.603;-1.960;284.812;2505.755;1780.698;2693.686;3593.493;2661.350;40.653;664.500;2069.164;50.792;3375.473;3591.630;3217.684;1568.267;3613.310;1.505;577.947;1612.463;2964.652;2142.428;-2.457;808.295;1149.607;512.519;-2.560;1381.254;1182.469;2988.553;2905.203;2138.276;1694.424;3121.814;3331.440;2271.842;3113.172;3594.384;-4.998;3221.122;595.503;2067.448;2971.777;2682.721;239.299;2536.134,-11.198;1279.392;3273.018;1486.721;2090.438;2634.521;3283.809;2995.322;18.250;1617.432;1845.467;234.719;2200.164;2509.715;3040.570;3592.855;229.370;810.011;2455.975;745.640;606.523;1852.388;867.348;2957.401;2929.096;48.747;2110.041;2815.028;3613.467;868.599;503.196;3442.190;3584.144;560.029;1632.184;2785.417;3331.002;405.392;2348.909;2845.591;2222.688;503.121;-14.262;1064.819;2822.189;-4.073;21.622;1048.580;261.176;225.517;174.788;1996.724;2415.191;1761.650;349.943;1336.577;2342.382;3343.326;3606.323;1021.520;32.762;3128.382;3597.390;1703.779;3032.735;3321.021;2308.718;3209.737;-5.189;1010.612;626.588;514.255;3608.593;-7.540;2489.443;229.481;1587.447;1505.486;767.234;1963.223;1861.785;1241.986;2528.776;612.982;773.596;1290.216;1336.671;1049.245;3605.560;2742.947;405.196;1632.572;1077.985;1604.506;1162.607;1941.398;3599.526;1234.232;2670.744;2165.727
161,286.97714138031006,160,-558.8489840032316,558.8489840032316,0.2727068465314098,-11.057;3593.880;1221.894;2604.905;3558.332;1730.480;1998.971;7.900;718.464;1870.483;2731.749;3170.662;939.685;66.927;878.209;3599.664;626.408;1713.816;3550.873;4.179;2395.518;3606.072;408.628;1561.277;3569.597;258.424;1964.368;2835.092;2463.638;2185.522;535.188;1907.060;1125.110;1861.261;1228.883;3426.841;3018.531;1030.395;1846.055;511.573;1350.850;1362.733;2168.568;934.094;1358.696;2669.893;1073.988;3589.426;160.763;2563.870;1546.170;1077.817;2422.742;2141.425;1465.478;8.185;313.141;2544.016;1814.039;2785.454;3604.989;2676.949;14.913;652.825;2131.182;16.530;3498.165;3584.084;3314.832;1584.915;3582.738;-3.972;521.646;1647.677;2967.588;2080.522;7.255;795.106;1215.263;490.582;12.710;1372.820;1098.292;2987.852;2880.594;2156.128;1765.610;3169.758;3345.620;2304.194;3072.615;3599.093;6.924;3256.604;546.851;2052.391;2916.840;2703.889;132.183;2581.037,26.336;1299.929;3399.035;1475.991;2054.464;2696.596;3258.050;3056.143;27.666;1598.860;1859.638;160.372;2234.937;2507.374;3077.882;3595.889;268.882;821.520;2525.200;830.766;576.076;1840.891;793.355;2997.000;2972.786;-6.840;2118.049;2763.499;3599.473;939.365;480.620;3424.378;3591.997;529.136;1687.535;2787.138;3348.807;428.831;2386.228;2860.808;2200.978;553.188;0.232;941.933;2747.668;-6.793;2.863;905.288;120.539;248.800;138.156;1972.630;2478.789;1742.766;307.496;1324.372;2287.976;3376.953;3605.275;1017.470;29.714;3076.840;3600.036;1710.119;2990.986;3328.720;2244.392;3262.659;-7.416;1056.447;555.797;515.824;3581.277;0.178;2465.073;230.820;1638.917;1424.189;845.168;1999.813;1914.412;1346.081;2625.424;600.816;832.212;1324.049;1324.934;1152.135;3578.718;2688.338;403.545;1562.896;1087.282;1584.550;1272.069;1938.642;3591.300;1251.961;2753.999;2156.705
181,322.17042207717896,180,-558.4290156636598,558.4290156636598,0.3299953845144487,3.453;3593.963;1246.401;2658.599;3582.252;1611.664;1971.709;56.852;628.736;1804.863;2704.257;3243.202;895.113;117.043;804.857;3596.228;614.408;1781.403;3555.916;41.848;2406.539;3607.101;482.931;1554.764;3591.243;249.327;1937.400;2870.464;2460.735;2290.250;511.067;1917.972;1194.453;1921.474;1247.285;3446.596;3015.840;955.217;1867.632;389.384;1288.028;1345.853;2139.283;903.561;1295.748;2693.644;1006.233;3591.383;94.718;2622.775;1565.672;1029.288;2430.301;2157.419;1448.512;-7.867;223.531;2527.379;1843.125;2793.408;3594.149;2762.874;2.968;547.056;2132.360;16.757;3585.796;3596.034;3278.687;1651.535;3607.523;24.996;651.108;1596.166;2988.102;2030.354;-8.439;837.270;1273.102;404.592;3.475;1332.030;1075.254;2959.288;2901.792;2108.079;1709.673;3295.920;3309.866;2335.967;3047.316;3557.365;15.507;3311.884;428.369;2115.304;2910.435;2717.192;43.395;2554.345,20.140;1207.383;3430.022;1452.064;2112.813;2598.054;3225.607;3146.810;23.143;1685.784;1900.495;182.506;2231.780;2487.987;3138.249;3605.629;250.525;776.973;2474.004;839.316;600.092;1901.893;717.050;2935.459;3018.166;-4.130;2136.190;2818.765;3595.593;941.369;492.932;3430.049;3613.882;491.458;1669.904;2811.722;3324.604;491.050;2346.929;2850.309;2169.576;620.129;5.914;1032.557;2854.266;12.519;20.217;848.640;279.310;173.434;192.882;1923.844;2515.521;1715.482;331.055;1288.402;2269.693;3320.724;3597.530;1034.981;2.446;3047.919;3608.266;1752.003;3019.648;3382.208;2285.146;3296.910;22.821;985.976;612.139;543.148;3591.461;7.233;2460.384;134.839;1593.737;1401.955;859.322;2075.283;1927.999;1342.559;2584.725;635.598;839.113;1293.860;1416.838;1099.824;3530.947;2767.066;427.559;1456.870;1073.348;1715.354;1374.656;1935.056;3579.913;1277.251;2735.177;2146.193
201,358.3558073043823,200,-558.9606343906348,558.9606343906348,0.3611136227685426,-11.967;3587.791;1350.538;2715.194;3575.093;1710.702;1967.968;0.494;643.555;1686.827;2674.794;3128.361;751.184;35.671;696.653;3603.808;576.254;1879.238;3576.316;29.144;2354.269;3599.748;506.211;1572.871;3597.827;296.087;1958.046;2914.531;2358.463;2351.980;514.270;1919.865;1092.274;1988.508;1323.436;3364.171;3071.244;1014.058;1835.048;438.226;1266.131;1304.199;2133.145;923.136;1228.581;2760.491;1056.846;3593.678;1.784;2557.723;1429.121;1002.270;2377.463;2132.418;1439.655;5.709;209.199;2612.511;1833.896;2817.893;3600.544;2666.165;28.541;559.019;2139.020;13.516;3585.792;3607.646;3255.276;1759.208;3587.457;1.984;684.938;1650.859;2976.236;2019.263;9.713;750.661;1300.139;375.295;9.676;1304.762;1071.543;2960.615;2873.992;2121.234;1642.980;3315.064;3352.350;2260.455;3069.543;3598.615;10.560;3227.707;396.538;2174.377;2909.584;2731.530;19.659;2543.105,-12.706;1074.707;3396.966;1555.446;2080.961;2602.359;3214.874;3003.310;-1.657;1739.499;1905.947;250.797;2316.903;2505.672;3195.698;3609.159;184.985;782.365;2564.269;729.590;576.201;1796.635;871.779;2802.015;3034.693;77.595;2138.125;2874.839;3600.362;942.254;486.538;3403.659;3609.054;414.627;1604.819;2737.149;3328.197;388.143;2350.120;2903.301;2191.698;634.169;5.485;1022.954;3027.887;28.784;-10.411;820.384;307.128;175.103;153.710;1915.767;2506.337;1722.312;381.405;1275.764;2339.913;3463.128;3598.431;1043.832;-0.958;3065.741;3593.939;1757.373;3023.592;3341.086;2327.807;3318.218;19.657;1054.731;548.715;552.504;3501.649;-1.053;2405.920;236.100;1614.802;1396.905;898.473;2085.071;1900.621;1416.630;2554.693;645.932;858.245;1404.659;1195.183;1272.042;3490.358;2745.529;420.079;1490.513;1037.069;1758.166;1387.592;1984.820;3601.211;1251.938;2710.511;2168.532
221,394.3451542854309,220,-559.2039962071011,559.2039962071011,0.4571557127024554,5.964;3613.047;1287.839;2754.013;3596.513;1705.651;2007.079;-11.380;665.075;1619.404;2803.843;3180.035;768.876;54.121;572.072;3613.804;525.536;1882.333;3599.617;14.149;2405.925;3594.217;620.894;1565.263;3589.631;285.408;1920.775;2925.797;2351.518;2259.999;510.637;1897.599;1148.833;2031.062;1277.319;3374.771;3071.223;1041.712;1899.037;592.071;1314.282;1329.330;2084.045;994.068;1174.537;2736.611;1046.431;3575.895;4.647;2598.359;1334.457;941.724;2394.810;2186.808;1478.937;6.576;18.364;2595.718;1782.007;2895.481;3598.623;2588.283;11.971;522.180;2146.598;-15.603;3595.277;3589.486;3293.801;1783.461;3585.803;-3.420;689.586;1657.336;2914.878;2098.044;3.667;739.738;1301.922;266.912;1.863;1289.836;1076.050;3023.431;2855.149;2248.645;1628.157;3235.181;3326.182;2299.818;3116.904;3592.169;-8.225;3238.447;380.261;2215.103;2905.746;2748.684;42.650;2519.041,3.459;1077.015;3386.128;1515.758;2091.756;2575.857;3264.994;2998.003;3.786;1766.922;1908.454;198.490;2304.308;2548.208;3295.423;3613.394;196.915;810.064;2561.754;718.153;553.506;1759.115;908.011;2835.560;2980.720;9.076;2023.476;2998.708;3605.392;1008.115;507.051;3441.333;3595.704;389.513;1694.345;2823.142;3385.750;416.128;2365.862;2890.558;2208.024;575.304;7.806;1012.495;3049.677;24.102;16.627;873.507;305.572;209.741;18.946;2067.005;2547.771;1725.564;403.288;1212.195;2337.146;3412.061;3582.652;1021.668;-3.320;2977.791;3604.781;1767.424;3024.730;3312.416;2300.127;3338.057;3.959;1004.502;564.176;534.565;3599.333;47.069;2315.264;233.412;1521.736;1493.534;1005.107;2077.994;1839.730;1436.857;2566.605;587.980;768.024;1447.313;1239.099;1362.206;3477.608;2727.066;394.154;1480.774;990.998;1785.867;1337.720;2029.298;3595.832;1212.673;2707.892;2283.859
241,429.03286623954773,240,-559.879350445168,559.879350445168,0.4292243260774601,-5.745;3593.366;1368.361;2693.226;3603.282;1722.234;1940.451;-3.625;604.971;1642.320;2738.739;3189.721;753.679;14.884;631.860;3609.678;624.875;1890.065;3573.413;17.937;2436.402;3596.788;703.232;1591.999;3593.635;151.834;1864.153;2814.403;2323.231;2237.566;429.824;1927.894;1195.087;2046.818;1234.471;3311.472;3111.090;1061.001;1876.516;482.368;1332.864;1398.110;2162.716;997.232;1052.287;2734.098;978.681;3582.468;35.977;2598.478;1302.695;890.719;2384.746;2206.600;1494.027;15.101;12.540;2621.409;1806.889;2820.732;3587.422;2483.980;12.453;489.404;2167.479;12.102;3566.152;3592.774;3322.315;1759.198;3585.598;18.048;663.830;1681.275;3079.238;2039.802;21.741;719.665;1199.917;229.083;5.536;1349.711;1039.001;3049.227;2962.218;2221.445;1626.227;3208.082;3306.864;2327.932;3178.463;3592.037;19.338;3281.638;326.023;2229.617;2950.035;2728.056;15.121;2526.612,-23.246;1098.471;3354.567;1649.803;2074.119;2542.761;3212.107;3126.968;5.719;1836.463;2041.565;175.560;2378.908;2543.557;3162.698;3598.300;225.404;693.767;2603.905;773.182;549.946;1768.099;819.023;2869.057;3019.511;81.201;2023.751;3000.310;3595.712;958.588;568.489;3419.722;3587.843;420.127;1690.653;2815.910;3331.888;381.014;2261.020;2825.787;2236.729;635.632;6.405;1154.106;3105.162;18.359;4.358;860.690;290.306;226.130;4.357;2007.581;2556.491;1688.198;313.227;1198.491;2357.274;3458.816;3610.171;976.630;-11.651;3141.794;3600.480;1790.139;2939.235;3383.466;2358.036;3359.343;10.306;930.665;601.228;555.478;3598.374;11.425;2340.659;195.476;1495.275;1475.150;933.182;2080.485;1917.583;1497.502;2598.415;565.490;754.355;1359.979;1191.639;1392.225;3511.523;2728.435;397.972;1411.247;1006.141;1780.185;1375.164;2037.887;3586.220;1262.856;2834.688;2331.161
261,464.68139123916626,260,-560.7938811573625,560.7938811573625,0.4821694629292832,11.404;3592.514;1360.814;2742.725;3586.759;1763.744;1911.811;-2.581;633.856;1716.394;2634.922;3205.129;673.430;20.558;646.859;3597.445;569.607;1953.319;3606.366;16.009;2566.996;3597.040;671.172;1526.371;3593.957;130.845;1764.099;2941.639;2462.667;2244.297;324.456;1894.610;1200.112;2011.085;1241.608;3381.227;3084.730;1024.485;1900.956;454.061;1291.949;1349.666;2149.366;951.060;1004.529;2678.300;1007.923;3597.452;28.960;2648.047;1359.129;905.070;2445.336;2181.751;1476.581;-5.599;46.133;2542.674;1822.450;2791.822;3591.797;2452.965;-6.006;431.169;2148.999;25.239;3604.901;3576.522;3265.803;1704.032;3611.422;15.521;633.374;1696.745;3116.546;2033.965;37.235;665.949;1197.929;90.348;31.524;1355.240;1119.603;3071.457;2963.751;2250.331;1552.356;3223.888;3349.205;2344.664;3179.153;3613.063;31.889;3244.582;184.613;2179.749;2990.132;2758.673;4.243;2607.433,-13.687;1100.592;3319.718;1637.264;2066.279;2635.084;3215.041;3188.035;42.635;1792.774;1956.098;178.135;2346.156;2621.007;3174.427;3596.039;258.003;726.994;2576.775;818.549;496.097;1747.463;852.521;2900.489;3035.016;127.880;2011.209;2902.385;3598.028;918.434;495.866;3415.236;3600.723;409.431;1683.910;2833.177;3291.531;413.241;2352.374;2730.241;2230.744;611.317;-1.431;1196.743;3102.003;17.446;-4.203;843.910;358.224;248.486;4.411;2131.563;2551.595;1677.736;310.606;1182.879;2408.550;3395.613;3611.773;1040.754;24.937;3129.423;3605.683;1814.420;2947.731;3428.836;2260.565;3278.127;-9.381;1006.797;504.193;641.250;3601.271;51.807;2307.673;162.611;1601.607;1487.108;923.551;2173.697;1883.585;1444.832;2606.803;590.854;719.679;1346.904;1241.080;1482.261;3616.316;2752.318;407.918;1388.698;1020.808;1806.832;1351.364;2053.149;3553.440;1239.169;2948.827;2372.646
281,499.8951098918915,280,-562.554285488902,562.554285488902,0.48043188975815276,-4.487;3595.868;1285.661;2740.924;3592.184;1719.522;1944.662;44.765;703.210;1741.320;2654.264;3222.360;652.140;-2.167;607.861;3596.806;458.665;1881.661;3562.440;18.915;2527.656;3599.926;694.790;1530.225;3599.302;94.920;1668.859;2969.145;2336.055;2331.421;358.266;1895.803;1168.651;1989.861;1156.297;3448.660;3201.889;929.582;1918.054;483.126;1348.453;1344.255;2179.946;970.388;992.791;2751.252;1092.405;3600.858;20.152;2622.918;1371.013;805.763;2519.709;2191.802;1517.198;23.096;4.312;2571.090;1818.063;2878.890;3602.379;2527.252;-15.280;483.778;2078.112;18.344;3574.424;3587.327;3274.270;1693.237;3603.877;-2.385;618.694;1693.123;3124.865;2080.080;48.345;631.354;1184.835;11.702;8.970;1312.224;1222.239;3071.759;2973.117;2257.093;1505.123;3340.068;3294.604;2248.439;3155.343;3592.868;17.388;3151.716;83.592;2109.902;2929.402;2782.190;71.759;2500.926,-11.899;1079.969;3380.117;1639.758;2030.843;2608.267;3227.126;3221.297;-11.789;1782.936;1923.188;196.280;2458.758;2634.937;3213.724;3597.598;169.626;706.986;2503.726;852.256;446.332;1784.707;838.295;2960.948;3006.506;152.709;1999.776;2927.365;3614.046;1002.563;450.782;3415.296;3612.630;413.374;1803.618;2791.725;3288.649;523.874;2321.289;2691.352;2213.924;579.468;5.806;1179.486;3013.724;-6.459;-4.624;821.994;414.293;261.282;12.233;2102.838;2553.616;1632.442;325.909;1200.538;2402.542;3501.561;3592.829;1016.002;7.254;3052.120;3595.105;1870.540;3025.731;3386.613;2214.411;3312.116;-3.491;977.192;467.700;648.765;3609.965;12.950;2446.355;164.567;1626.724;1450.548;903.032;2188.560;1898.412;1506.545;2549.843;560.154;768.072;1330.576;1255.516;1493.963;3579.783;2713.540;402.629;1343.329;1003.987;1895.784;1430.797;2042.264;3557.582;1315.691;3029.764;2317.724
301,535.0331647396088,300,-563.6990525695815,563.6990525695815,0.32943475638550035,4.283;3599.222;1249.738;2705.121;3596.560;1662.374;1959.421;22.533;614.847;1718.415;2641.956;3225.000;663.402;-15.332;547.537;3602.688;466.180;1864.925;3577.167;4.727;2467.833;3609.292;730.888;1477.505;3594.415;182.181;1636.993;2987.773;2291.957;2241.461;301.369;1830.328;1226.715;1967.515;1093.279;3522.058;3170.669;929.126;1882.208;537.026;1436.450;1352.319;2166.328;1010.925;990.079;2692.111;1022.369;3601.855;6.090;2639.230;1275.653;842.434;2517.204;2163.732;1588.940;35.789;7.512;2588.283;1808.910;2929.530;3595.534;2573.566;7.416;463.858;2126.239;12.363;3591.931;3590.647;3261.855;1674.851;3603.141;11.921;577.853;1707.056;3095.651;2103.412;19.704;646.665;1158.405;5.471;-1.099;1269.809;1241.321;3089.574;2997.320;2218.479;1569.352;3373.612;3330.170;2263.825;3144.485;3570.766;28.260;3141.070;9.222;2127.403;2967.520;2886.565;24.036;2574.991,4.641;1074.276;3385.072;1627.240;2032.768;2595.212;3185.485;3185.520;11.248;1753.635;1940.167;196.425;2471.273;2666.950;3225.472;3610.032;265.408;694.729;2495.551;831.661;487.126;1682.485;805.334;3005.448;3019.086;53.249;1971.210;2915.470;3598.919;976.936;536.813;3413.782;3596.293;485.970;1766.563;2741.671;3302.469;455.517;2383.142;2739.646;2249.850;554.357;-0.023;1170.209;3059.127;38.671;40.356;831.303;382.901;247.703;13.809;2141.075;2467.959;1586.047;211.590;1234.705;2391.672;3602.347;3599.664;1026.798;17.238;3226.605;3602.139;1973.800;2927.495;3430.682;2264.787;3280.534;-4.513;961.105;502.896;651.193;3594.203;-8.592;2442.043;244.461;1648.912;1439.712;900.701;2118.442;1867.169;1514.815;2604.353;550.735;755.034;1268.234;1229.595;1588.554;3590.713;2706.681;376.975;1301.233;1025.932;1985.786;1415.832;1991.950;3551.538;1365.622;2959.537;2161.830
321,569.865416765213,320,-563.3972409365131,563.3972409365131,0.350099909087139,9.651;3591.359;1299.656;2716.389;3606.573;1672.265;1949.331;11.303;647.053;1699.842;2610.109;3232.591;680.611;6.127;577.350;3595.840;475.000;1827.952;3595.662;18.164;2452.593;3599.905;784.430;1427.383;3606.857;175.790;1618.148;2964.798;2275.574;2272.805;326.765;1882.364;1190.468;1972.116;1051.672;3580.379;3158.945;874.189;1837.297;488.190;1460.299;1307.806;2216.633;976.403;960.194;2800.446;1001.326;3579.211;7.502;2637.008;1273.580;828.724;2555.955;2197.414;1595.683;6.713;11.042;2584.663;1747.415;2928.704;3603.485;2564.495;14.949;428.566;2148.040;14.215;3598.815;3590.864;3346.633;1678.581;3596.422;23.637;600.386;1719.148;3114.077;2092.340;2.054;616.250;1153.383;17.997;-8.856;1279.035;1238.739;3097.087;2991.376;2288.079;1608.519;3371.580;3323.589;2255.237;3185.369;3579.003;26.027;3123.323;37.031;2152.645;3003.106;2877.314;16.897;2541.984,-8.266;1077.227;3405.035;1638.899;2020.075;2647.334;3186.467;3187.644;6.421;1721.601;1834.048;192.001;2560.826;2588.180;3207.055;3586.427;215.853;745.345;2546.500;868.373;484.354;1709.488;775.340;2949.921;3022.637;93.949;1894.467;2943.778;3590.553;975.547;530.221;3399.415;3599.897;528.694;1814.654;2742.839;3337.473;397.308;2394.865;2803.876;2220.930;591.536;-1.578;1238.139;3079.320;-8.713;-8.171;789.524;362.589;198.694;16.815;2158.060;2544.239;1524.924;200.319;1255.794;2373.023;3567.857;3580.865;948.266;16.371;3148.319;3613.198;1994.924;2939.131;3397.140;2260.959;3292.831;4.640;1011.935;563.136;668.683;3592.452;12.670;2464.152;212.069;1621.552;1502.653;942.144;2137.673;1824.928;1538.547;2545.872;571.600;735.426;1388.951;1183.196;1584.387;3607.106;2675.882;408.639;1310.090;1069.565;2041.782;1441.969;1996.177;3589.014;1333.142;2925.811;2179.109
341,605.2825274467468,340,-563.2219408347744,563.2219408347744,0.3682407825112439,-3.038;3576.719;1311.727;2805.925;3589.705;1597.416;2043.899;30.471;644.647;1715.232;2623.959;3268.064;652.885;6.467;570.647;3607.534;473.561;1829.041;3603.611;34.325;2539.201;3598.360;804.203;1474.510;3583.816;174.265;1564.264;3062.957;2219.441;2383.769;318.065;1866.767;1141.090;2038.227;1016.005;3580.643;3031.257;901.816;1792.679;503.124;1393.546;1354.378;2219.676;933.793;933.350;2798.889;949.517;3599.964;-7.595;2573.494;1280.928;835.496;2529.319;2198.656;1560.015;26.061;-3.809;2613.239;1777.795;2938.273;3593.452;2585.642;3.638;461.195;2106.994;-2.143;3608.076;3587.780;3296.539;1677.504;3598.421;59.272;531.559;1720.607;3025.724;2066.261;30.212;511.505;1198.176;14.666;35.117;1280.417;1230.034;3080.082;2973.469;2225.147;1621.102;3357.134;3351.847;2266.194;3163.616;3572.261;14.239;3082.036;1.585;2146.901;2979.909;2862.574;35.243;2584.986,-12.636;1018.406;3298.185;1617.757;2034.225;2699.628;3183.801;3145.360;30.182;1741.868;1826.397;245.754;2529.690;2595.724;3270.272;3574.524;266.818;756.187;2468.385;889.470;528.022;1719.133;844.719;3101.759;2976.442;83.737;1938.178;2984.480;3589.362;1002.803;507.032;3394.164;3576.199;492.694;1873.170;2754.976;3312.974;412.254;2437.919;2715.106;2280.884;526.119;-12.888;1271.360;2982.887;0.558;0.018;765.544;336.467;187.663;-2.321;2158.529;2474.541;1609.281;215.597;1249.169;2381.258;3591.140;3591.959;1025.498;-0.399;3062.313;3594.844;1888.087;2905.777;3363.981;2235.104;3265.208;-1.786;919.467;524.174;688.138;3611.368;3.013;2465.472;212.064;1624.471;1548.068;919.404;2157.478;1855.615;1522.615;2503.953;553.810;749.044;1342.116;1187.082;1615.998;3585.933;2691.440;397.266;1314.245;1081.681;2068.296;1437.166;1926.353;3596.197;1343.799;2963.568;2122.060
361,640.8156914710999,360,-564.2271511950219,564.2271511950219,0.36516632584539976,13.182;3589.614;1340.510;2797.714;3569.725;1594.764;1993.267;15.112;596.621;1654.218;2714.878;3269.712;614.475;5.479;662.981;3595.473;437.740;1796.724;3607.812;41.573;2513.111;3605.000;758.734;1384.021;3608.360;191.425;1602.279;3115.828;2231.357;2338.699;243.286;1876.152;1132.939;1956.822;999.462;3591.004;3142.976;868.643;1769.359;477.682;1402.712;1390.336;2204.160;898.781;897.120;2751.602;937.704;3602.358;-8.559;2617.924;1302.161;815.215;2444.354;2237.441;1572.133;14.712;51.667;2646.742;1746.852;2890.725;3595.253;2635.015;-14.084;436.017;2165.358;15.782;3584.279;3590.464;3339.201;1734.787;3600.952;100.554;504.064;1716.663;2955.736;2130.064;-6.297;570.616;1106.477;17.417;8.683;1247.538;1210.144;3111.431;3024.834;2259.459;1569.775;3383.757;3278.398;2268.874;3155.912;3599.182;25.927;3141.105;8.301;2099.209;2925.351;2833.875;10.724;2590.897,8.625;1078.218;3286.701;1606.595;2054.905;2766.728;3192.321;3198.620;-7.633;1665.094;1862.878;176.903;2510.636;2571.338;3344.075;3567.975;232.137;716.151;2490.633;905.339;464.412;1751.854;834.590;3076.045;2970.202;89.025;1941.883;2888.882;3604.188;1046.486;552.715;3411.476;3587.270;464.819;1845.887;2737.602;3277.774;357.384;2453.546;2732.910;2244.287;515.532;-11.079;1357.251;2955.524;17.053;43.667;821.169;404.907;178.953;5.534;2179.297;2391.471;1659.105;225.875;1258.141;2392.055;3542.628;3589.885;980.955;5.954;2983.905;3594.697;1916.391;2937.035;3391.993;2270.568;3225.923;12.533;969.153;505.927;747.244;3588.058;40.360;2420.497;203.037;1653.897;1562.154;935.877;2156.517;1880.690;1500.437;2523.387;568.180;793.564;1349.936;1190.050;1620.011;3600.793;2705.073;338.887;1311.016;1095.292;2108.442;1448.428;1971.640;3600.738;1267.777;2927.885;2171.595
381,675.6818084716797,380,-564.5071430961661,564.5071430961661,0.38271609714113036,-8.031;3604.723;1292.377;2751.227;3588.445;1543.817;2024.989;-1.207;579.106;1650.995;2681.686;3273.389;647.724;10.480;674.440;3603.195;480.668;1831.530;3588.302;18.415;2471.619;3584.870;716.120;1414.663;3592.943;222.672;1521.961;3116.275;2191.669;2319.576;199.707;1867.617;1153.687;1922.441;944.744;3589.256;3180.935;831.102;1836.848;447.767;1382.557;1386.133;2235.473;818.890;914.587;2752.487;963.481;3593.379;13.436;2650.077;1397.619;782.023;2397.772;2196.955;1527.766;0.298;9.848;2591.001;1755.037;2920.539;3612.823;2691.206;24.836;451.501;2136.336;9.325;3591.846;3594.089;3360.068;1678.441;3600.183;116.137;555.630;1711.608;3011.493;2108.771;25.610;660.004;1140.130;8.814;8.735;1253.245;1209.856;3091.454;3035.706;2261.834;1566.823;3374.603;3227.817;2282.287;3173.746;3594.278;32.187;3158.615;10.969;2163.872;2918.648;2861.190;21.602;2548.910,2.152;1021.445;3351.529;1582.562;2047.404;2778.623;3172.315;3186.878;-2.110;1646.282;1850.629;198.881;2461.915;2630.934;3334.623;3590.974;207.224;770.281;2490.629;911.931;533.104;1747.201;894.433;3095.895;2967.200;20.210;1908.956;2885.824;3595.153;1081.577;576.034;3371.998;3595.961;517.472;1868.681;2758.603;3276.227;365.892;2467.243;2814.352;2214.784;502.075;-7.734;1283.946;2946.154;-10.989;21.815;800.200;341.904;174.531;18.704;2183.108;2489.980;1662.128;263.145;1276.584;2384.797;3583.332;3609.714;972.761;3.860;2881.050;3613.664;1876.939;2935.645;3365.471;2282.647;3291.221;25.154;964.124;402.099;754.157;3598.032;-3.259;2331.180;212.625;1705.262;1660.006;900.529;2175.932;1894.537;1445.507;2529.288;570.923;795.179;1448.012;1168.669;1578.244;3585.997;2642.576;365.711;1304.469;1108.720;2048.101;1480.839;1994.509;3586.612;1269.199;2899.296;2211.415
401,710.6107835769653,400,-565.2947880655173,565.2947880655173,0.35978033707302043,3.368;3600.313;1253.690;2817.169;3590.566;1576.968;2024.737;27.750;562.011;1660.529;2697.384;3228.527;589.813;-3.752;684.834;3609.903;440.135;1834.786;3584.679;54.646;2514.307;3608.116;719.339;1346.595;3604.284;215.061;1532.735;3148.798;2261.425;2265.127;151.037;1888.620;1168.999;1958.145;955.946;3594.975;3140.758;912.496;1761.107;421.384;1412.885;1336.185;2199.229;824.018;889.038;2757.496;938.521;3575.906;50.523;2674.543;1321.669;790.566;2360.543;2220.346;1565.305;11.618;-10.320;2546.626;1774.418;2955.314;3602.123;2659.157;5.989;498.698;2178.790;18.950;3593.302;3597.334;3271.287;1726.149;3601.827;85.609;560.703;1701.281;3037.165;2117.773;3.411;668.908;1186.303;13.475;-1.324;1287.043;1269.022;3119.646;3042.986;2231.420;1629.879;3393.942;3235.514;2305.950;3166.832;3562.806;-2.978;3199.536;2.946;2137.835;2949.248;2899.529;19.185;2488.242,8.400;1088.017;3383.427;1591.043;2115.506;2826.689;3208.704;3205.168;0.462;1601.543;1815.504;210.719;2480.212;2679.949;3390.799;3607.478;181.500;724.361;2503.923;946.629;515.758;1746.784;820.024;3164.609;3034.329;-6.593;1935.527;2849.821;3571.930;1102.833;601.004;3433.636;3608.658;496.901;1848.799;2721.693;3232.296;377.509;2463.351;2803.117;2224.804;583.619;-1.315;1277.347;3010.797;-8.229;30.407;886.233;306.991;190.155;26.504;2163.957;2473.774;1667.949;231.727;1306.557;2410.214;3569.868;3594.651;1007.163;11.431;2938.166;3594.454;1943.264;2890.880;3376.302;2330.833;3297.673;9.712;930.347;299.027;766.944;3609.404;1.657;2288.213;160.312;1747.583;1603.656;869.560;2135.061;1910.274;1469.071;2557.833;554.006;733.325;1402.059;1183.358;1592.108;3591.514;2655.804;374.972;1297.846;1098.671;1971.467;1489.128;1965.506;3593.194;1284.274;2925.443;2236.678
421,745.5253202915192,420,-564.0383211447177,564.0383211447177,0.389589788608136,-3.462;3602.409;1185.422;2810.459;3568.891;1611.726;1966.351;-12.142;547.364;1588.591;2698.642;3216.186;584.745;42.732;743.243;3591.484;465.115;1804.567;3596.255;34.582;2506.217;3605.414;708.653;1438.711;3584.440;204.346;1476.051;3093.971;2286.962;2326.737;117.417;1862.653;1214.239;2006.764;995.674;3581.941;3143.758;849.583;1712.923;469.935;1400.556;1409.489;2204.147;784.786;858.320;2842.508;945.691;3607.063;43.804;2599.661;1311.637;800.729;2380.233;2209.361;1608.443;4.284;-6.863;2562.882;1785.693;2936.505;3597.898;2707.862;-2.414;493.778;2168.435;14.483;3603.228;3608.520;3284.264;1686.276;3596.517;70.212;453.680;1704.013;3092.292;2102.033;23.209;601.398;1216.656;2.904;9.383;1301.665;1263.785;3097.435;3036.338;2254.718;1691.525;3393.663;3213.121;2271.673;3178.423;3609.662;-10.699;3221.565;5.968;2144.516;2896.477;2857.478;29.696;2503.451,-0.634;1064.879;3317.240;1549.620;2061.647;2810.267;3170.358;3160.683;-0.765;1567.450;1853.140;210.180;2479.429;2648.479;3521.634;3607.948;188.313;723.306;2497.726;941.626;535.884;1724.597;808.179;3238.902;3080.352;73.837;1924.409;2842.493;3478.708;1140.234;607.602;3420.679;3597.859;440.428;1849.277;2746.113;3190.219;393.491;2510.454;2843.615;2216.101;522.723;31.456;1261.607;3065.707;34.412;51.872;817.920;303.346;114.197;-4.676;2144.551;2469.474;1737.120;278.567;1307.278;2399.093;3605.306;3598.153;988.271;23.483;2980.146;3607.288;2000.348;2876.994;3366.567;2314.791;3395.680;1.091;958.015;277.694;773.420;3593.964;-3.319;2416.566;177.646;1741.632;1626.032;890.363;2172.872;1923.997;1402.324;2602.989;582.850;743.502;1400.516;1270.699;1642.360;3584.234;2685.374;398.310;1336.657;1126.686;1966.508;1504.713;1982.140;3539.534;1236.252;2955.932;2165.486
441,781.0054080486298,440,-564.8159521676118,564.8159521676118,0.26486882234912695,-3.495;3579.458;1094.353;2821.245;3592.516;1647.401;1992.806;-3.622;528.838;1611.004;2752.528;3220.780;569.001;-7.308;775.850;3588.428;493.958;1804.102;3595.239;20.329;2508.595;3587.388;680.566;1387.347;3609.420;180.337;1525.986;3110.446;2352.739;2297.442;45.260;1907.935;1257.330;1979.004;972.373;3591.532;3041.846;869.786;1792.884;512.344;1390.950;1374.878;2190.297;739.526;837.040;2875.578;943.715;3597.412;76.393;2559.206;1246.998;743.464;2377.011;2212.320;1613.416;-2.092;12.064;2550.522;1831.898;2966.601;3605.614;2732.620;-7.459;569.301;2142.502;2.538;3598.477;3597.546;3233.860;1763.131;3594.290;31.462;375.366;1685.269;3050.661;2092.709;6.494;628.497;1088.099;-6.400;24.096;1268.508;1227.000;3090.736;3019.730;2250.892;1651.590;3446.503;3239.528;2239.754;3162.811;3543.580;25.531;3252.941;4.361;2158.036;2859.893;2905.384;12.641;2523.468,-2.779;1105.663;3298.556;1474.345;2089.553;2798.285;3191.416;3126.153;-4.024;1591.464;1909.716;218.612;2510.402;2652.185;3564.391;3602.093;218.113;766.373;2568.246;979.730;468.669;1770.216;793.926;3311.376;3133.485;74.179;1845.828;2786.404;3471.733;1103.899;549.379;3398.684;3597.488;409.970;1907.468;2805.009;3155.999;421.160;2460.706;2897.500;2173.332;531.260;18.693;1298.684;3037.094;36.302;21.458;866.988;363.009;42.609;6.451;2265.593;2436.093;1716.555;239.077;1333.533;2415.889;3582.488;3601.595;1014.925;17.305;3003.313;3589.015;2047.586;2908.091;3372.260;2275.620;3378.951;14.595;1027.476;253.367;736.919;3565.559;-4.847;2402.911;194.189;1680.643;1702.207;927.092;2131.344;1929.653;1393.788;2559.940;576.573;775.068;1387.513;1257.276;1560.177;3566.207;2678.253;419.942;1331.982;1146.627;1943.406;1516.146;2012.307;3593.689;1244.966;2905.090;2187.304
461,816.1225612163544,460,-565.1694537677943,565.1694537677943,0.4713602672066376,5.582;3564.072;1034.177;2834.932;3595.622;1669.827;1977.244;29.892;579.368;1595.803;2780.808;3197.464;543.748;20.691;729.676;3587.562;435.309;1865.465;3596.171;24.947;2566.262;3577.542;627.137;1402.861;3570.686;217.976;1558.900;3090.000;2309.464;2372.342;33.030;1945.796;1273.672;1967.786;969.955;3595.520;2998.517;801.132;1797.986;496.359;1362.200;1451.385;2220.790;818.871;922.949;2856.738;923.990;3600.846;58.117;2620.940;1178.979;767.498;2364.317;2141.982;1610.244;10.221;-14.195;2570.303;1834.189;2914.165;3596.606;2684.192;-1.538;489.103;2130.940;1.920;3605.999;3586.712;3285.368;1764.697;3609.833;31.331;307.883;1662.775;3048.463;2091.926;25.578;634.922;1189.260;-6.859;9.684;1257.728;1177.182;3050.377;2987.078;2197.544;1656.771;3498.424;3271.661;2258.595;3134.235;3553.818;4.192;3230.045;40.882;2077.083;2930.190;2898.902;5.065;2469.072,-11.506;1123.694;3351.913;1515.816;2087.282;2768.827;3173.587;3120.556;-1.860;1584.814;1871.276;182.717;2578.996;2676.370;3595.646;3593.718;224.203;764.273;2589.151;974.416;411.659;1829.124;824.064;3235.363;3135.656;65.545;1899.220;2798.723;3512.614;1159.613;593.085;3404.574;3597.916;490.939;1879.522;2847.721;3219.857;523.121;2513.342;2887.409;2253.064;448.853;4.434;1324.229;3019.386;-1.530;-2.849;825.474;358.685;0.944;18.091;2240.368;2435.580;1706.006;169.320;1342.186;2422.268;3607.647;3606.898;972.537;43.130;2931.341;3601.803;1987.709;2918.619;3326.896;2342.823;3371.870;-5.766;1005.038;295.131;772.321;3594.289;-10.643;2347.399;248.122;1682.096;1651.498;833.751;2155.063;1965.211;1420.503;2607.150;649.232;803.249;1389.476;1239.004;1541.063;3602.715;2666.284;438.549;1342.872;1140.863;1999.027;1480.717;2048.372;3569.974;1207.365;2906.356;2158.667
481,852.750693321228,480,-564.3541699114613,564.3541699114613,0.3732296017425178,-11.642;3600.932;986.010;2819.969;3591.321;1689.660;1975.619;4.484;576.904;1583.491;2728.478;3209.198;566.310;28.674;789.172;3611.957;378.042;1866.538;3579.990;-13.689;2577.222;3563.425;656.302;1301.065;3604.653;171.422;1496.979;3197.690;2307.807;2378.541;42.356;1893.620;1299.042;1982.021;869.389;3603.279;2999.552;806.462;1729.688;499.824;1414.547;1435.813;2210.406;814.962;927.108;2925.162;901.250;3589.866;23.505;2522.552;1256.140;788.251;2404.404;2162.587;1565.941;4.437;30.561;2513.254;1830.794;2960.306;3588.889;2765.628;0.437;453.666;2131.337;17.281;3604.507;3584.426;3277.758;1776.479;3609.136;28.599;361.841;1730.381;2984.236;2064.381;8.848;672.052;1179.412;-1.964;-7.297;1281.891;1242.606;3040.790;3013.329;2266.258;1700.927;3531.938;3278.888;2262.855;3135.649;3606.410;27.054;3173.111;41.166;2033.160;2872.256;2886.816;50.389;2534.186,-1.522;1084.790;3414.942;1478.674;2068.684;2758.899;3139.972;3107.192;29.208;1639.845;1773.144;211.015;2516.751;2698.240;3599.973;3594.494;254.149;767.806;2511.302;948.400;420.011;1836.163;847.012;3239.493;3133.820;65.606;1892.462;2804.251;3451.309;1104.551;604.028;3375.036;3593.576;502.846;1823.512;2861.536;3211.711;493.010;2496.261;2946.432;2244.846;465.504;32.799;1400.770;2983.736;33.713;17.192;735.845;376.598;14.949;1.103;2306.163;2414.492;1689.146;169.196;1322.919;2425.898;3582.997;3594.646;1018.148;9.115;2958.112;3590.835;2021.440;2966.958;3314.897;2330.240;3303.544;3.289;984.311;312.584;763.892;3594.534;5.877;2404.459;290.449;1754.535;1656.969;828.572;2144.516;1930.452;1340.575;2597.379;634.209;801.177;1419.523;1294.959;1533.727;3574.249;2698.428;460.819;1332.826;1145.325;2012.895;1508.840;2036.387;3592.186;1236.057;2913.652;2174.205
501,889.3749783039093,500,-565.7314790324249,565.7314790324249,0.3385922514401874,2.497;3594.350;892.946;2810.102;3594.784;1718.037;1991.319;18.099;515.532;1584.288;2714.706;3219.469;568.528;27.756;791.689;3598.585;462.951;1880.261;3586.238;6.221;2526.195;3599.385;588.962;1348.450;3596.787;242.263;1485.304;3142.205;2303.239;2315.510;7.578;1924.379;1310.365;1956.517;963.392;3598.422;2983.560;825.990;1678.381;510.247;1427.822;1365.444;2189.552;749.300;977.436;2886.325;894.623;3597.298;8.920;2556.771;1185.944;752.098;2416.572;2180.852;1550.287;19.393;-0.101;2600.624;1812.324;2942.611;3604.049;2702.322;9.844;540.297;2115.930;3.950;3602.852;3584.767;3219.331;1825.329;3588.020;-7.720;349.713;1785.639;3066.608;2047.328;7.048;692.032;1111.042;-0.174;32.893;1309.851;1256.507;3060.252;3006.498;2274.410;1712.908;3595.193;3290.268;2245.441;3110.589;3584.116;30.061;3110.604;5.383;2001.715;2915.370;2871.578;15.869;2499.469,-7.008;1036.196;3408.670;1538.786;2106.204;2782.675;3144.542;3127.428;-3.282;1601.407;1839.881;259.014;2567.513;2692.167;3611.865;3605.304;266.428;731.812;2554.085;957.468;439.688;1850.012;882.591;3261.590;3119.569;9.081;1876.874;2813.122;3528.952;1125.041;575.862;3405.897;3571.291;526.153;1926.425;2817.340;3217.038;510.304;2500.059;2947.126;2193.352;510.505;20.577;1305.148;2944.445;3.676;-9.280;690.487;341.024;1.870;29.039;2322.252;2435.787;1688.084;189.966;1321.725;2389.034;3571.657;3609.551;1031.598;10.733;2892.207;3587.986;2015.749;2933.978;3307.166;2356.833;3305.730;1.684;968.835;353.771;756.386;3601.401;-2.989;2374.986;306.376;1749.307;1605.509;825.302;2149.196;1966.276;1330.558;2590.831;674.687;842.455;1359.066;1283.127;1574.955;3608.818;2694.987;450.139;1301.757;1133.702;1942.560;1509.571;2059.534;3598.705;1244.796;2907.292;2140.934
601,1067.1532819271088,600,-564.9874381374416,564.9874381374416,0.39942742573341483,2.369;3600.080;910.031;2816.919;3603.491;1572.162;2114.858;5.518;616.579;1646.187;2715.882;3183.124;550.875;-7.180;790.729;3581.878;410.722;1848.952;3598.293;-8.653;2496.418;3578.858;589.844;1426.387;3586.094;246.013;1513.324;3247.133;2110.892;2423.698;75.676;1836.110;1271.856;1923.178;954.793;3594.113;2964.160;889.152;1785.908;468.277;1433.022;1251.196;2182.944;790.553;1030.339;2855.016;948.799;3598.098;-10.760;2527.955;1302.733;711.557;2495.430;2159.570;1425.929;15.235;-2.173;2541.396;1708.956;2995.846;3604.106;2799.706;6.303;554.361;2192.232;-5.345;3600.703;3588.606;3306.265;1804.939;3606.343;1.649;413.023;1865.909;3116.080;2025.074;33.980;714.116;1065.070;10.180;-3.737;1246.095;1264.740;3025.966;3014.026;2225.618;1729.451;3594.108;3150.033;2354.516;3153.646;3595.745;3.931;3036.219;-3.093;1966.898;2864.398;2920.793;25.600;2521.485,14.529;988.852;3350.675;1509.913;2111.361;2864.517;3133.487;3205.372;32.169;1495.118;1836.689;155.303;2571.041;2698.329;3611.711;3588.724;355.594;738.110;2605.024;946.805;433.664;1862.171;849.429;3226.398;3127.196;-8.248;1832.457;2952.287;3559.848;1034.532;584.027;3415.529;3565.188;566.025;1979.613;2875.129;3198.119;421.095;2405.304;3115.532;2238.442;615.548;38.917;1357.706;2996.739;-5.634;2.452;668.731;311.557;37.632;0.093;2371.894;2459.033;1747.001;228.118;1341.742;2487.045;3576.478;3600.267;1117.228;-13.099;2872.926;3599.969;1822.131;2922.671;3391.008;2374.927;3410.035;12.727;936.665;330.105;760.049;3551.734;1.114;2322.096;344.776;1793.754;1641.858;880.874;2267.877;2011.925;1285.791;2471.321;589.904;899.875;1433.733;1202.785;1613.808;3594.834;2684.189;413.923;1305.606;1141.931;1984.968;1558.236;2123.962;3605.320;1304.535;2960.049;2212.042
701,1245.3053567409515,700,-567.2736388110643,567.2736388110643,0.27769614882727967,-7.438;3607.687;885.086;2879.008;3584.727;1586.626;2109.079;13.929;596.653;1634.566;2783.779;3189.010;557.768;5.159;789.671;3590.135;478.549;1871.658;3595.622;21.885;2474.056;3594.977;491.405;1438.257;3605.026;253.663;1567.294;3157.051;2206.371;2408.656;8.376;1881.974;1288.798;1941.449;874.451;3598.815;2787.094;766.112;1805.137;459.307;1362.299;1200.722;2155.452;879.210;1061.501;2817.632;1037.048;3603.464;33.353;2518.687;1416.008;711.901;2467.208;2134.207;1323.667;28.207;17.646;2571.023;1817.872;2969.565;3595.752;2884.283;7.063;534.816;2228.537;4.721;3592.735;3606.887;3246.565;1820.765;3575.548;-4.531;341.668;1806.407;3118.651;2064.375;-9.502;701.586;1104.399;3.513;-2.752;1137.458;1277.085;3090.267;3023.645;2270.520;1748.910;3587.315;3245.549;2317.590;3135.278;3590.539;3.939;3059.228;7.845;1957.510;2904.690;2927.527;13.109;2573.807,-4.398;1001.417;3353.667;1548.131;2158.683;2865.624;3120.162;3190.765;-0.904;1522.263;1790.257;190.631;2725.610;2660.683;3596.004;3603.981;214.612;758.205;2636.063;1003.732;563.427;1846.782;851.955;3238.968;3116.997;15.813;1745.967;2998.488;3598.741;1049.475;574.380;3411.104;3597.542;579.890;2017.723;2877.676;3271.445;469.867;2422.380;3021.394;2238.707;587.646;5.506;1192.039;3038.510;33.290;9.975;660.401;347.852;-3.446;4.526;2424.209;2391.627;1761.920;272.109;1425.397;2468.795;3603.208;3603.073;1144.344;5.002;2764.685;3598.788;1858.927;2892.123;3366.681;2408.602;3356.724;8.666;936.557;300.063;758.063;3598.800;10.937;2356.884;273.054;1784.579;1556.353;854.828;2287.987;2034.130;1406.151;2547.239;664.444;853.334;1429.862;1195.100;1612.910;3602.079;2655.601;441.657;1311.591;1204.905;2021.729;1616.159;2047.298;3594.050;1311.922;2900.618;2164.520
801,1425.6733095645905,800,-566.9603582225322,566.9603582225322,0.23743260476669395,2.524;3597.776;927.534;2869.598;3591.946;1614.366;2084.149;3.837;580.889;1666.102;2756.561;3185.978;617.438;14.321;819.668;3595.166;547.264;1831.342;3596.781;11.243;2487.563;3597.914;500.189;1418.086;3593.873;228.695;1548.777;3171.160;2230.891;2362.932;6.614;1910.558;1313.527;1927.566;876.320;3599.317;2717.398;822.389;1725.160;490.584;1433.038;1180.423;2156.585;864.893;989.620;2872.143;1011.684;3599.002;29.433;2538.640;1405.327;636.442;2507.199;2128.140;1304.847;6.111;9.333;2562.532;1801.337;3015.815;3606.169;2820.159;-4.463;599.451;2205.599;5.176;3601.276;3595.711;3211.371;1787.276;3599.349;6.320;364.241;1761.795;3062.273;2074.940;5.289;713.058;1069.673;11.527;30.823;1192.253;1211.727;3061.257;3038.650;2235.100;1740.632;3598.060;3225.295;2341.532;3165.558;3600.494;12.283;3122.421;11.468;1985.495;2911.857;2965.147;8.189;2654.347,-9.846;1043.446;3337.044;1620.603;2123.615;2835.565;3080.138;3097.766;-2.205;1514.204;1837.596;209.056;2684.776;2677.913;3597.391;3600.800;223.067;773.703;2626.299;983.625;511.512;1859.435;920.454;3328.556;3122.308;20.292;1770.994;3034.733;3597.174;961.670;590.185;3370.689;3606.337;538.536;2070.769;2829.926;3259.611;422.893;2445.928;3075.605;2254.546;619.613;1.809;1183.509;3004.733;13.097;2.777;654.969;327.846;12.291;11.546;2411.183;2382.250;1703.796;211.411;1433.851;2456.433;3591.237;3591.085;1101.294;6.900;2806.699;3592.295;1831.014;2870.444;3394.927;2402.003;3343.484;-6.237;1023.478;271.689;799.597;3596.052;2.108;2377.871;228.028;1833.962;1509.048;857.787;2278.183;2060.757;1477.491;2683.196;671.658;890.937;1437.198;1232.324;1590.029;3591.041;2654.662;478.052;1291.119;1226.816;1943.763;1629.225;2056.440;3606.583;1346.281;2923.509;2138.492
901,1603.0446546077728,900,-567.9222854488276,567.9222854488276,0.16240196483062944,3.064;3603.432;909.338;2796.688;3607.407;1593.793;2082.577;1.290;584.312;1609.710;2695.199;3195.677;610.883;0.838;823.537;3601.260;497.011;1835.506;3601.100;2.506;2551.000;3583.671;495.787;1462.528;3600.040;185.632;1526.041;3146.188;2263.153;2409.271;19.211;1923.499;1338.124;1932.220;822.388;3591.497;2692.922;764.910;1752.109;489.581;1357.370;1184.593;2145.383;854.588;1026.905;2814.219;959.898;3602.181;9.844;2485.796;1420.799;696.427;2460.400;2134.117;1329.995;2.887;9.740;2589.822;1836.559;2956.134;3598.572;2827.913;5.484;595.844;2223.687;7.644;3593.006;3599.863;3262.264;1766.512;3596.962;0.101;356.709;1839.390;3023.757;2002.439;0.930;766.199;1114.607;-0.314;5.576;1162.776;1176.995;3084.857;3027.337;2265.776;1684.472;3604.934;3273.302;2360.028;3150.207;3593.686;9.453;3168.675;6.027;1986.123;2952.513;2885.423;6.572;2566.217,-2.081;993.425;3399.815;1571.758;2081.144;2815.539;3077.810;3163.821;-2.080;1477.183;1836.018;233.607;2665.045;2675.089;3600.174;3601.946;225.856;803.451;2623.787;1039.904;427.469;1849.008;877.092;3218.293;3093.148;67.162;1804.518;3058.261;3566.532;857.756;574.968;3426.512;3598.075;581.775;2089.756;2844.035;3250.407;401.165;2472.490;3006.182;2223.371;580.425;5.996;1246.251;3116.832;7.938;2.410;610.023;368.985;1.677;2.101;2426.896;2311.273;1665.138;236.380;1449.129;2471.996;3596.192;3604.698;1151.092;0.823;2869.440;3593.545;1799.480;2860.046;3363.119;2328.895;3322.728;3.521;1023.240;330.699;780.628;3589.396;1.023;2450.384;347.597;1866.929;1426.804;811.663;2271.747;2061.366;1600.098;2694.290;732.517;951.727;1304.812;1247.306;1578.166;3597.386;2611.079;460.424;1323.064;1233.217;1989.723;1653.925;2058.426;3592.431;1359.903;2895.634;2113.055
1001,1782.3104062080383,1000,-568.0566356912916,568.0566356912916,0.16674571190591334,-5.019;3599.202;897.524;2778.226;3594.734;1590.263;2107.651;6.172;607.390;1620.689;2666.280;3211.502;601.433;1.487;829.613;3604.137;484.271;1845.484;3599.087;-4.011;2569.296;3599.604;527.049;1457.502;3596.878;164.781;1530.445;3197.417;2165.508;2455.623;0.128;1949.076;1305.477;1891.433;861.446;3599.254;2679.868;739.295;1732.913;484.185;1326.574;1195.811;2156.220;839.086;1018.316;2838.545;950.691;3598.843;23.326;2523.137;1442.341;692.468;2483.031;2117.721;1351.289;6.132;8.473;2561.941;1809.772;2966.521;3595.815;2824.582;6.566;586.398;2224.072;-2.953;3594.530;3604.026;3247.142;1757.729;3597.474;2.393;385.682;1866.811;3015.224;1961.166;1.358;752.366;1081.196;4.132;2.069;1157.925;1178.732;3095.574;3039.587;2278.361;1685.792;3601.706;3281.834;2367.411;3173.229;3602.435;1.021;3178.071;10.292;1885.286;2964.578;2871.113;-5.028;2605.703,4.552;1062.618;3383.498;1570.771;2123.717;2826.747;3073.788;3139.420;4.538;1494.618;1827.049;183.327;2657.062;2708.181;3597.796;3596.326;271.948;782.027;2605.227;1020.214;450.414;1835.065;911.237;3212.109;3083.489;85.636;1764.193;3137.857;3600.993;795.480;557.408;3355.025;3597.162;580.935;2098.125;2835.809;3274.207;406.388;2464.554;3019.525;2271.721;577.092;3.651;1233.524;3092.990;-0.449;3.509;654.085;363.959;9.613;7.135;2427.080;2286.347;1679.475;226.397;1425.150;2480.592;3584.500;3599.566;1150.796;0.072;2901.970;3598.553;1790.647;2836.377;3383.423;2374.221;3311.144;2.788;995.371;327.013;757.181;3565.868;9.250;2445.058;376.924;1851.587;1446.804;828.675;2289.950;2083.246;1600.304;2684.502;746.236;939.387;1262.509;1223.087;1573.297;3604.269;2538.534;482.150;1333.257;1217.566;1974.253;1646.265;2146.368;3601.882;1384.036;2902.766;2054.971
1101,1957.2643852233887,1100,-568.1967881009319,568.1967881009319,0.10434927186345051,-0.754;3599.187;906.808;2769.343;3603.069;1581.921;2086.098;2.843;581.470;1618.760;2684.816;3220.018;623.740;5.310;794.859;3597.178;453.734;1829.290;3593.376;0.819;2624.172;3599.959;509.766;1424.995;3599.100;158.472;1509.129;3224.214;2197.690;2449.516;6.461;1952.334;1264.777;1883.272;904.966;3598.183;2685.327;738.281;1734.366;507.950;1351.671;1174.173;2153.827;858.170;1012.442;2826.091;1012.300;3599.767;11.452;2473.830;1441.977;742.199;2491.249;2070.793;1325.739;0.831;2.297;2550.214;1794.038;2965.864;3597.585;2817.259;1.888;575.236;2216.665;2.314;3601.390;3597.684;3269.417;1729.077;3602.416;2.735;361.144;1871.513;2999.948;1987.963;8.642;729.959;1052.138;10.498;3.322;1155.431;1172.011;3131.278;3060.400;2238.556;1648.403;3598.459;3268.554;2357.369;3190.705;3598.060;10.056;3224.409;3.492;1890.970;2932.067;2876.748;0.430;2574.356,4.028;1065.943;3397.035;1586.447;2134.856;2850.371;3106.497;3123.716;10.611;1496.379;1816.973;236.527;2701.927;2701.664;3595.760;3584.172;212.652;786.044;2620.744;1020.446;409.098;1852.275;866.489;3235.441;3068.627;77.998;1842.520;3159.297;3597.765;766.191;594.899;3362.517;3592.518;573.846;2084.484;2825.569;3269.814;415.317;2530.051;2949.687;2260.403;584.285;10.908;1198.476;3091.767;-0.599;-0.371;704.568;353.870;-0.221;-0.790;2414.034;2258.386;1680.722;216.459;1439.218;2496.088;3569.566;3598.304;1152.756;-3.986;2884.917;3602.771;1800.730;2839.052;3372.100;2398.512;3343.814;2.540;983.409;371.243;811.064;3599.256;28.233;2503.589;368.577;1870.742;1448.769;832.433;2265.914;2061.282;1608.923;2675.031;731.530;938.784;1246.582;1195.702;1577.949;3600.847;2533.758;495.109;1333.760;1238.019;1966.707;1657.797;2104.185;3603.432;1373.988;2881.043;2024.936
1201,2132.7563445568085,1200,-568.4878961606464,568.4878961606464,0.11982830318039313,5.477;3597.401;898.420;2769.537;3596.755;1603.945;2092.779;-2.284;602.960;1610.450;2677.327;3228.686;599.838;-1.509;760.370;3599.672;441.337;1792.334;3591.115;-4.135;2626.076;3600.848;513.883;1411.477;3596.504;168.732;1512.611;3224.778;2194.084;2435.320;7.680;1909.089;1230.065;1898.382;921.777;3600.798;2672.114;726.423;1752.008;513.256;1354.697;1176.238;2165.027;873.436;1014.385;2848.001;994.278;3598.894;4.952;2485.526;1456.060;740.023;2495.511;2076.638;1320.743;-3.046;0.717;2538.756;1767.246;2990.935;3602.310;2824.706;-0.702;519.614;2241.815;4.610;3600.904;3602.222;3266.045;1715.995;3600.467;1.619;371.087;1842.505;3024.109;1976.568;-1.604;725.484;1051.294;0.142;5.483;1165.667;1178.205;3122.992;3045.857;2269.633;1664.121;3593.842;3262.179;2389.792;3180.006;3598.868;8.468;3214.518;2.039;1891.914;2918.220;2890.110;9.316;2579.538,-2.687;1053.998;3384.641;1589.467;2139.110;2883.405;3100.559;3129.090;-1.101;1493.052;1795.966;211.979;2658.707;2689.564;3599.343;3602.607;241.801;766.705;2619.263;1029.722;395.555;1846.192;823.473;3262.187;3053.463;104.031;1856.855;3162.100;3599.561;777.634;607.276;3396.583;3600.185;576.779;2070.883;2823.261;3266.978;429.675;2510.671;2955.709;2270.966;538.324;-1.716;1188.215;3096.856;-0.711;0.131;679.956;392.658;0.583;0.587;2406.974;2299.101;1703.363;235.894;1434.738;2482.112;3598.983;3598.376;1182.513;7.258;2892.200;3597.493;1822.338;2860.416;3363.143;2368.800;3324.510;1.386;967.565;362.976;800.412;3597.599;1.082;2523.194;383.186;1864.118;1438.662;837.034;2289.882;2061.782;1640.066;2678.539;759.071;955.701;1233.126;1188.235;1603.901;3602.049;2527.711;523.088;1352.832;1223.505;1965.145;1630.460;2105.729;3597.248;1387.835;2902.988;2078.196
1301,2308.661674261093,1300,-568.7354024340065,568.7354024340065,0.06124474448087799,4.094;3599.211;881.749;2775.710;3597.967;1613.222;2080.729;1.565;579.914;1594.917;2688.255;3220.501;614.133;6.907;781.776;3601.615;429.815;1806.517;3599.945;-1.206;2622.547;3598.913;506.059;1412.404;3597.200;150.219;1500.936;3196.307;2197.443;2447.081;7.490;1906.699;1250.351;1893.212;924.037;3592.426;2649.991;727.910;1765.651;519.394;1365.667;1188.772;2158.209;878.953;1017.167;2825.403;989.246;3600.377;23.237;2486.929;1415.432;720.800;2506.288;2069.273;1321.764;-0.237;-1.552;2550.497;1791.213;2972.264;3598.054;2816.572;0.517;531.936;2238.617;0.490;3599.840;3600.322;3277.419;1745.517;3599.689;-0.186;367.728;1847.201;3020.171;1977.500;-1.190;727.126;1060.761;2.738;1.798;1153.868;1193.649;3105.182;3049.416;2265.724;1662.014;3601.758;3286.666;2396.753;3159.327;3595.831;7.936;3194.312;9.979;1890.918;2934.307;2883.010;0.129;2586.535,-1.421;1085.445;3380.430;1602.431;2147.573;2888.556;3080.026;3129.025;1.430;1467.292;1803.372;196.338;2655.577;2701.212;3599.864;3600.475;251.119;778.017;2608.691;1025.788;406.878;1864.928;849.095;3283.495;3043.615;95.230;1848.534;3157.240;3599.039;778.567;612.891;3379.564;3600.875;566.546;2050.943;2809.345;3274.331;430.325;2483.600;2950.151;2281.287;579.569;-1.794;1152.963;3091.391;-0.281;-0.377;708.664;405.415;2.144;0.974;2400.443;2274.052;1683.307;242.509;1442.090;2473.198;3599.480;3601.086;1169.164;0.187;2911.801;3599.563;1847.965;2833.673;3364.803;2372.253;3329.035;1.670;975.909;348.726;803.545;3590.809;1.667;2547.739;372.558;1851.100;1453.965;845.978;2280.560;2062.910;1645.980;2683.268;757.420;957.555;1246.274;1177.549;1615.324;3598.850;2552.912;524.897;1368.308;1230.581;1973.811;1650.757;2119.045;3599.297;1372.883;2910.254;2051.091
1401,2484.0596256256104,1400,-568.7375476582808,568.7375476582808,0.04418789601482445,-1.494;3600.977;871.221;2771.843;3599.656;1600.758;2098.365;1.431;586.832;1583.213;2695.105;3233.181;635.825;1.705;785.578;3600.717;429.561;1814.999;3597.876;0.329;2626.112;3599.407;512.523;1411.668;3599.244;155.483;1490.723;3209.099;2206.892;2453.245;6.156;1899.929;1271.335;1891.426;926.424;3595.257;2664.323;736.509;1757.250;526.943;1351.987;1184.322;2151.665;912.870;990.438;2817.311;975.513;3600.263;11.601;2479.819;1410.227;730.249;2498.706;2062.249;1323.764;1.415;0.816;2545.682;1806.423;2964.876;3600.756;2818.881;-0.381;534.485;2242.055;0.010;3599.925;3597.285;3285.918;1741.207;3599.304;-0.574;355.099;1848.278;2996.724;1988.573;4.893;727.920;1069.385;-0.671;-0.916;1131.294;1194.681;3104.835;3031.979;2249.719;1665.235;3598.062;3305.046;2380.235;3172.383;3596.873;3.915;3184.883;5.578;1919.475;2929.491;2879.397;2.318;2593.545,0.001;1088.233;3390.807;1582.603;2144.200;2880.364;3075.276;3135.854;5.568;1461.237;1803.271;210.345;2674.869;2697.332;3599.205;3601.385;239.261;780.176;2585.841;1029.931;407.272;1852.930;858.885;3273.068;3037.876;87.858;1859.865;3156.323;3600.795;792.638;609.519;3374.645;3599.509;561.682;2054.959;2800.342;3280.823;411.725;2494.100;2960.755;2282.452;586.642;0.811;1153.067;3101.785;0.727;8.164;717.026;415.615;0.229;-0.253;2405.860;2278.561;1679.308;239.089;1435.849;2473.873;3599.612;3599.386;1166.777;0.553;2916.070;3598.757;1839.611;2833.116;3366.615;2362.597;3302.469;-1.062;964.916;343.453;815.268;3592.291;0.584;2544.114;360.606;1862.399;1465.419;834.951;2279.797;2064.966;1668.625;2675.621;751.790;959.737;1252.162;1189.237;1590.358;3600.109;2562.398;525.055;1368.955;1228.474;2002.698;1637.895;2096.093;3598.902;1381.244;2910.098;2046.061
1501,2658.091436624527,1500,-568.7656212517782,568.7656212517782,0.030713510509908202,-0.678;3600.842;851.179;2773.666;3600.207;1574.096;2080.438;1.049;598.729;1589.295;2696.615;3234.528;618.720;9.022;789.878;3600.446;414.089;1823.046;3599.816;0.621;2622.888;3598.519;507.794;1397.181;3599.384;158.557;1505.027;3196.051;2206.804;2448.022;9.022;1919.744;1283.973;1881.936;930.176;3597.783;2639.001;734.771;1761.236;538.320;1366.970;1172.301;2175.546;930.876;984.604;2836.523;983.900;3599.410;18.302;2491.065;1399.834;726.790;2495.522;2069.669;1326.061;1.283;0.386;2558.328;1787.748;2964.077;3599.923;2808.636;-0.550;524.688;2233.146;0.578;3599.459;3598.753;3263.853;1740.850;3599.151;1.228;392.365;1859.001;3011.475;1970.149;0.947;726.154;1080.718;0.891;10.435;1137.792;1193.287;3107.559;3043.640;2257.497;1656.826;3599.317;3317.372;2390.132;3177.038;3599.798;6.004;3198.937;0.164;1944.684;2956.840;2876.916;-0.218;2577.845,1.061;1083.484;3387.172;1597.351;2146.181;2863.367;3091.899;3148.426;4.019;1460.742;1795.173;207.769;2662.210;2701.687;3600.077;3600.810;216.539;780.079;2595.186;1037.202;410.655;1837.509;855.572;3261.557;3037.482;86.669;1849.359;3163.868;3599.306;788.377;621.636;3377.781;3600.054;562.697;2069.950;2790.926;3282.741;411.353;2479.834;2967.475;2285.075;583.295;0.696;1143.489;3099.585;-0.202;1.384;719.882;418.980;0.310;-0.921;2408.477;2295.900;1656.788;246.210;1427.039;2481.869;3599.522;3599.789;1176.480;1.227;2930.553;3599.414;1838.803;2850.209;3378.923;2362.984;3300.196;-0.629;973.983;341.480;813.797;3600.721;-0.461;2549.945;355.492;1855.003;1476.488;841.149;2273.867;2074.179;1678.584;2687.440;766.770;950.650;1238.628;1184.318;1592.750;3600.566;2548.640;539.639;1369.370;1231.990;2002.673;1637.965;2079.178;3599.343;1392.909;2912.413;2074.167
1601,2832.905113697052,1600,-568.8922076607248,568.8922076607248,0.01743765662881936,3.188;3599.443;865.149;2778.857;3599.822;1572.422;2091.617;-0.616;585.811;1586.284;2697.713;3234.296;627.338;5.055;783.435;3600.220;421.653;1815.837;3599.340;0.371;2620.991;3600.003;513.351;1400.428;3599.651;160.773;1497.310;3195.714;2202.351;2449.979;6.239;1922.469;1287.709;1882.811;922.858;3598.486;2650.652;737.217;1764.474;532.631;1355.880;1179.690;2165.143;931.239;986.080;2834.371;983.051;3599.483;23.334;2493.147;1409.739;726.499;2492.114;2079.564;1314.971;0.217;0.543;2553.616;1795.667;2965.026;3598.916;2814.469;0.524;521.150;2227.420;2.398;3600.210;3598.881;3264.274;1739.508;3599.737;0.984;387.418;1864.142;3001.331;1967.831;0.743;733.576;1072.345;-0.012;10.880;1134.030;1187.036;3110.572;3039.963;2263.750;1659.219;3596.980;3303.696;2380.831;3177.878;3599.973;10.287;3190.312;0.816;1941.916;2962.273;2876.412;-0.361;2591.073,-0.442;1091.132;3395.153;1600.285;2146.806;2869.297;3094.914;3142.642;0.511;1460.027;1803.521;208.999;2660.436;2705.989;3599.580;3599.458;224.326;784.237;2590.574;1031.015;398.567;1846.873;857.797;3269.888;3048.055;88.137;1845.899;3150.404;3600.587;787.679;624.811;3367.758;3599.304;572.212;2064.180;2794.893;3283.696;408.143;2481.449;2969.088;2273.186;584.161;0.094;1141.308;3099.973;0.469;0.261;721.963;427.653;-0.513;0.309;2409.259;2300.413;1665.106;253.476;1424.481;2497.316;3599.434;3599.084;1177.757;0.026;2934.317;3600.360;1837.072;2842.374;3384.202;2361.474;3303.510;0.324;974.021;338.352;815.018;3599.849;0.299;2553.718;360.823;1862.242;1475.212;837.227;2270.370;2077.174;1681.625;2679.581;763.001;956.009;1227.813;1185.649;1592.227;3599.759;2548.422;536.200;1364.634;1239.735;2011.762;1630.250;2070.870;3599.645;1397.119;2911.747;2067.503
1701,3006.9652853012085,1700,-568.9208053620305,568.9208053620305,0.009619370055662753,-0.048;3600.112;868.502;2779.500;3600.122;1568.713;2087.413;0.255;586.529;1586.944;2700.942;3226.333;627.225;2.870;791.751;3599.927;415.571;1814.187;3599.947;0.750;2619.341;3600.338;509.647;1402.327;3600.135;160.324;1497.179;3186.417;2208.237;2443.218;4.898;1925.864;1288.773;1882.135;921.146;3597.797;2652.773;731.737;1759.274;525.338;1352.060;1179.749;2160.324;933.580;984.261;2835.353;979.467;3599.787;27.137;2492.682;1406.105;726.848;2498.375;2081.675;1319.436;1.581;1.564;2566.277;1792.075;2962.341;3599.833;2813.227;0.590;526.464;2234.297;0.696;3598.832;3600.031;3270.491;1741.867;3599.660;0.899;383.622;1860.461;2996.814;1967.078;1.489;736.601;1079.749;1.237;5.707;1131.100;1186.891;3106.648;3041.164;2259.381;1663.483;3598.951;3305.698;2382.114;3174.307;3600.305;8.546;3180.424;0.035;1938.200;2962.689;2873.587;0.150;2594.912,-0.282;1088.853;3389.339;1601.001;2140.689;2880.433;3099.178;3146.068;-0.175;1458.368;1806.712;215.783;2666.383;2708.105;3600.016;3599.985;223.038;780.489;2595.198;1030.859;405.878;1852.611;862.362;3265.342;3049.852;84.108;1846.854;3150.224;3600.224;789.611;626.053;3376.311;3600.123;573.804;2059.162;2793.186;3285.752;407.860;2491.928;2977.677;2268.235;588.254;0.005;1138.575;3097.933;0.162;-0.038;722.636;436.887;-0.162;-0.073;2408.929;2294.805;1669.553;245.126;1436.038;2492.443;3599.947;3600.030;1174.050;0.217;2925.896;3599.703;1826.349;2838.601;3381.359;2357.061;3304.132;-0.036;973.618;334.798;817.935;3599.407;0.292;2559.078;354.072;1870.426;1468.472;831.507;2276.416;2077.889;1683.758;2670.837;753.191;961.190;1236.457;1191.171;1584.903;3599.847;2548.896;538.042;1365.043;1240.920;2016.313;1633.809;2082.641;3598.935;1395.534;2906.753;2060.320
1801,3181.1243436336517,1800,-568.9773804721044,568.9773804721044,0.007275623957706528,0.004;3599.205;870.616;2779.440;3599.882;1567.952;2086.911;0.232;581.441;1580.516;2700.992;3226.480;626.333;7.694;784.247;3600.038;418.825;1814.123;3599.896;0.326;2617.352;3599.868;510.572;1404.438;3599.995;160.565;1495.415;3187.777;2203.821;2442.974;2.130;1924.740;1285.883;1876.946;924.971;3599.094;2655.925;728.030;1755.334;523.210;1347.907;1181.255;2163.107;931.442;982.815;2837.804;978.300;3600.011;23.230;2500.014;1415.233;733.579;2501.651;2088.334;1316.056;-0.066;0.028;2560.903;1793.542;2961.396;3600.107;2818.202;0.017;529.814;2231.020;0.413;3600.032;3599.704;3272.333;1739.922;3599.830;0.027;380.713;1860.057;2991.214;1968.195;-0.312;738.526;1079.143;0.290;7.360;1131.395;1178.090;3107.005;3038.073;2265.739;1662.426;3599.689;3304.057;2381.736;3178.979;3599.855;8.921;3186.718;0.255;1934.696;2960.350;2874.357;-0.142;2594.741,0.289;1083.947;3386.786;1600.332;2139.651;2883.838;3103.032;3149.831;0.306;1461.612;1810.359;214.531;2661.795;2706.665;3599.958;3599.825;223.834;777.954;2591.956;1037.050;403.958;1848.285;862.454;3266.315;3051.334;84.726;1846.328;3155.027;3600.261;789.716;625.362;3376.388;3599.947;576.988;2059.889;2790.581;3282.107;413.849;2495.970;2977.935;2269.255;582.803;1.146;1135.590;3104.705;0.197;0.116;725.602;434.594;0.027;-0.048;2403.999;2292.820;1676.908;247.893;1434.496;2493.905;3599.994;3599.915;1177.052;-0.079;2923.695;3600.193;1820.717;2839.554;3372.922;2354.893;3303.175;-0.122;969.375;331.054;817.772;3600.051;0.156;2564.457;359.536;1868.889;1465.556;825.820;2273.785;2078.291;1682.816;2667.899;756.643;955.797;1233.129;1192.790;1588.309;3599.118;2545.210;537.308;1367.824;1245.443;2022.056;1637.784;2083.483;3598.867;1393.192;2905.414;2061.049
1901,3355.185359477997,1900,-568.9865448195462,568.9865448195462,0.004794628203980485,0.222;3599.865;873.490;2779.340;3599.851;1569.681;2088.855;-0.136;581.109;1583.304;2697.814;3228.016;626.105;7.174;786.869;3599.912;417.187;1814.717;3599.341;-0.123;2612.783;3600.095;511.228;1410.131;3600.143;158.528;1491.609;3190.183;2199.254;2441.607;1.982;1928.337;1290.072;1877.298;919.668;3599.194;2658.058;727.832;1757.378;521.540;1348.014;1180.291;2163.820;930.367;983.954;2839.218;980.800;3599.961;21.933;2502.543;1413.046;731.173;2496.984;2089.282;1313.191;0.353;-0.037;2561.811;1791.642;2962.825;3599.977;2815.838;0.044;529.247;2230.949;0.324;3600.006;3599.999;3272.413;1737.933;3599.952;0.229;380.757;1860.758;2993.853;1966.093;0.134;738.746;1080.718;0.382;6.786;1133.333;1179.203;3108.088;3036.184;2265.451;1660.730;3600.017;3300.526;2382.307;3178.147;3599.820;10.305;3183.767;0.241;1934.435;2958.874;2875.156;0.087;2594.874,-0.049;1084.667;3386.220;1600.736;2139.181;2883.314;3105.470;3153.688;-0.076;1459.634;1809.227;213.187;2662.640;2707.179;3600.023;3600.180;223.632;776.091;2591.089;1034.374;404.066;1849.575;863.499;3266.536;3052.374;86.820;1847.383;3154.565;3599.644;792.320;625.241;3373.079;3599.828;575.100;2059.473;2792.921;3284.144;413.439;2493.466;2979.386;2266.218;584.561;0.489;1136.795;3102.509;0.370;0.115;725.373;436.437;0.088;-0.004;2405.974;2293.811;1676.617;248.375;1434.764;2493.487;3600.036;3599.775;1177.641;0.749;2924.863;3599.326;1821.193;2839.423;3374.972;2355.960;3304.527;-0.093;970.853;332.797;817.122;3599.966;0.180;2559.759;360.571;1868.780;1465.607;824.065;2276.059;2079.055;1682.139;2667.153;758.165;953.329;1232.812;1192.380;1589.824;3599.939;2544.856;535.689;1366.032;1247.392;2024.321;1637.990;2082.319;3599.577;1394.671;2905.151;2062.166
2000,3531.8819329738617,1999,-568.9895201483553,568.9895201483553,0.0021259586990816934,0.212;3599.979;872.052;2779.931;3599.963;1571.398;2088.783;-0.103;579.617;1583.032;2699.321;3229.383;627.402;6.998;787.484;3599.890;416.819;1813.556;3599.869;0.114;2616.236;3599.689;512.669;1408.769;3599.963;157.937;1489.996;3189.411;2199.987;2441.756;1.695;1929.074;1289.366;1878.536;919.164;3599.159;2658.213;729.640;1756.096;521.527;1347.001;1179.551;2161.303;929.101;982.961;2838.182;979.184;3600.022;21.675;2502.185;1413.691;732.063;2495.774;2089.857;1312.274;-0.015;0.259;2560.553;1794.579;2961.753;3599.985;2817.178;-0.026;530.451;2228.893;0.163;3599.945;3599.552;3272.310;1738.926;3599.994;0.240;381.252;1859.594;2994.720;1965.746;0.520;736.499;1080.577;0.008;6.097;1131.498;1177.637;3106.580;3036.714;2267.599;1659.074;3598.406;3302.200;2381.500;3177.014;3599.980;9.705;3186.495;0.649;1935.803;2958.653;2873.845;0.130;2593.566,0.063;1084.585;3386.954;1601.613;2139.751;2882.734;3103.108;3152.819;-0.057;1457.989;1811.358;210.299;2662.066;2707.824;3599.946;3599.995;225.169;776.409;2591.702;1034.031;403.288;1849.764;862.931;3268.078;3052.919;87.717;1847.537;3153.824;3599.910;792.541;627.170;3374.238;3599.900;576.054;2059.695;2792.750;3283.692;412.636;2491.331;2977.966;2266.137;583.309;0.075;1136.233;3103.601;0.234;0.045;725.313;436.478;0.052;0.014;2405.490;2295.389;1675.456;250.838;1434.263;2494.562;3600.041;3599.950;1178.244;0.224;2925.617;3599.877;1822.520;2837.713;3374.990;2355.998;3304.853;0.034;971.784;334.249;818.627;3600.055;0.038;2558.237;359.967;1870.487;1468.434;822.353;2276.653;2077.780;1681.722;2668.808;757.319;955.540;1231.368;1193.980;1589.633;3600.026;2545.846;535.972;1367.286;1246.473;2024.680;1637.004;2079.605;3600.045;1393.137;2905.459;2061.271
