eval,time_s,iter,obj,aep,rms_viol,x,y
1,0.0,0,-478.84656037283105,478.84656037283105,6.062709976807379,3214.297;1195.127;2956.425;150.108;387.564;2142.187;1907.343;1507.707;1207.468;2241.070;1577.309;2649.176;1864.931;2083.891;2323.278;3564.807;2951.490;1487.523;3154.564;2965.534;196.108;2587.094;2887.814;2651.064;2552.874;1947.373;449.367;3447.530;1451.723;781.024;2582.193;3579.147;920.211;2416.714;2156.421;2582.396;3374.458;1266.515;913.083;1448.901;2687.439;2606.654;1461.988;3561.767;1621.797;1345.710;2554.663;296.851;1434.143;2775.171;2753.104;1021.894;682.352;1696.503;1205.302;2645.046;680.786;1191.975;3039.222;2214.087;3186.951;3515.591;3012.871;650.969;2226.278;1713.992;1454.964;2670.781;2973.360;2459.627;501.378;2530.170;211.814;693.596;3329.258;1458.369;533.850;2456.234;588.560;2333.611;905.811;148.952;3451.401;238.394;1846.585;1228.668;2376.035;3039.938;2173.920;2113.969;421.319;2557.621;736.284;1765.324;131.791;1135.453;3106.909;2010.480;1968.148;1324.169,2981.364;994.862;452.370;2026.012;962.420;2790.126;645.863;2819.724;2188.787;150.296;2020.590;2405.296;3378.213;2829.621;2701.550;1789.384;153.837;2940.723;49.045;1980.148;2040.468;406.506;225.994;2069.007;1747.747;1085.120;143.264;2282.019;447.608;41.781;996.000;1085.564;649.143;241.121;2805.242;1442.695;884.933;1885.580;917.948;3066.870;1740.613;2243.340;3503.061;1277.091;808.724;3523.370;2113.468;3534.053;3487.198;2538.374;69.789;2206.189;898.413;465.969;1318.540;720.337;2759.333;3363.052;95.049;921.829;958.313;512.380;3425.398;891.403;1282.270;176.181;857.270;3178.169;3471.959;2361.700;1068.700;213.610;3111.971;558.507;970.373;1973.537;908.199;3040.841;1807.974;1744.882;3258.931;3294.966;869.860;67.561;2413.043;974.028;51.503;349.669;1507.816;433.974;745.520;2682.200;1640.477;408.635;775.165;3348.876;28.421;2310.739;2320.785;2448.905
6,8.809281826019287,5,-509.8638228675886,509.8638228675886,0.3088289570109288,3234.165;1141.698;2944.398;96.747;352.663;2141.684;1879.133;1564.054;1243.786;2205.695;1590.180;2693.466;1922.571;2032.815;2373.292;3592.559;2883.180;1489.980;3207.066;3028.436;248.264;2568.117;2830.464;2695.182;2523.411;2023.033;480.861;3465.674;1505.071;836.552;2649.168;3544.087;914.044;2378.905;2229.862;2657.563;3317.583;1191.387;968.348;1405.074;2713.395;2604.052;1519.092;3601.909;1600.853;1307.488;2515.494;317.116;1445.435;2829.147;2714.412;965.279;747.081;1661.642;1221.733;2586.652;715.123;1244.874;3063.994;2163.233;3152.329;3596.617;3065.568;652.788;2205.101;1752.312;1445.231;2631.290;2921.971;2475.005;528.814;2559.524;212.257;641.254;3335.088;1448.201;499.958;2423.974;614.676;2329.481;837.520;72.992;3501.873;161.764;1809.075;1260.000;2417.412;3082.287;2110.830;2072.828;347.314;2547.116;693.437;1798.644;88.555;1083.332;3052.300;2078.809;1952.444;1289.811,3005.801;1053.389;496.688;1970.433;969.113;2710.128;676.860;2765.376;2171.148;111.374;2067.378;2405.495;3431.398;2886.916;2762.110;1867.148;90.440;2942.699;77.746;1928.575;2097.515;424.596;279.139;2034.639;1795.967;1127.349;114.778;2326.844;421.973;89.874;1012.925;1109.019;604.216;284.629;2886.559;1403.015;831.647;1879.550;907.412;3106.520;1696.747;2238.161;3573.013;1307.703;803.049;3573.607;2105.034;3575.352;3418.583;2584.239;71.116;2195.104;979.799;510.101;1390.303;749.687;2748.599;3414.789;156.871;873.571;908.024;475.288;3369.043;810.012;1326.907;111.245;858.033;3247.487;3528.193;2362.108;1109.379;181.636;3094.339;569.962;1025.899;1919.822;864.803;3067.490;1822.674;1715.433;3255.818;3332.186;825.182;75.286;2451.116;937.146;-11.048;321.011;1519.515;408.860;741.952;2671.316;1610.035;367.104;774.193;3290.831;-16.098;2244.417;2325.537;2486.078
11,17.761930227279663,10,-518.6942718516879,518.6942718516879,0.3274213950455544,3239.829;1108.978;2980.677;54.510;361.767;2148.217;1938.297;1576.436;1226.763;2175.105;1632.401;2743.177;1971.359;2003.551;2368.900;3610.700;2908.943;1488.646;3234.403;3082.805;276.779;2527.011;2799.620;2712.567;2557.189;2025.560;505.864;3512.108;1474.139;820.691;2609.320;3570.457;906.771;2383.465;2253.403;2670.054;3298.739;1145.375;1017.156;1378.892;2723.466;2622.822;1538.302;3615.665;1613.390;1276.249;2501.678;308.722;1470.808;2876.419;2684.425;896.621;743.968;1660.551;1250.625;2656.540;682.765;1219.995;3048.217;2175.813;3120.857;3589.991;3076.727;686.091;2221.081;1688.708;1428.417;2673.828;2911.144;2470.856;566.506;2554.943;229.754;592.841;3379.286;1404.144;443.823;2416.423;617.720;2318.137;797.110;44.640;3521.320;104.063;1805.921;1269.601;2401.597;3134.667;2055.700;2071.962;305.045;2488.075;708.920;1800.312;17.856;1055.744;3015.288;2096.706;1938.741;1283.082,3028.005;1100.815;498.699;1951.802;1003.322;2699.187;733.749;2771.035;2176.727;132.099;2113.450;2402.390;3509.275;2889.070;2780.587;1850.440;99.238;2947.712;63.572;1899.126;2133.593;483.107;287.597;2050.860;1825.255;1110.036;80.609;2329.275;444.526;94.928;998.108;1152.571;559.847;266.848;2892.268;1413.220;818.052;1839.942;906.278;3096.827;1649.613;2259.661;3591.361;1360.273;794.655;3593.640;2069.602;3603.380;3425.301;2618.582;22.911;2192.574;978.721;551.847;1431.997;789.685;2709.127;3402.551;174.228;846.297;940.285;492.456;3366.971;820.258;1370.534;67.586;882.507;3244.005;3570.546;2403.122;1178.512;179.914;3155.256;490.960;1030.765;1979.495;840.053;3139.555;1809.246;1705.309;3211.636;3316.273;801.877;44.502;2483.904;913.978;-2.448;346.511;1557.224;415.201;764.722;2649.233;1547.029;366.106;787.767;3329.280;-3.829;2215.350;2341.727;2448.097
16,26.62332558631897,15,-524.240486347872,524.240486347872,0.0679396112583948,3312.736;1176.713;3010.700;3.571;339.706;2074.749;1902.876;1589.851;1256.840;2134.344;1683.849;2773.063;2037.437;2013.703;2391.190;3590.547;2892.490;1497.134;3292.161;3103.939;267.741;2508.604;2799.527;2790.061;2556.627;2019.712;490.395;3562.873;1478.873;847.522;2633.922;3590.761;890.451;2354.143;2244.158;2716.880;3290.173;1136.657;969.290;1361.625;2680.203;2653.441;1613.011;3601.552;1595.105;1226.403;2462.044;316.238;1446.049;2906.818;2675.281;859.564;731.150;1689.737;1237.353;2645.905;638.242;1218.557;3075.797;2168.290;3092.772;3593.183;3080.803;697.749;2242.194;1643.828;1447.406;2628.654;2968.322;2525.288;580.609;2610.307;278.928;616.315;3397.480;1397.905;467.267;2460.860;629.942;2280.934;774.674;9.289;3564.603;35.555;1759.888;1263.393;2384.786;3157.831;1987.835;2087.512;275.338;2476.929;667.217;1811.674;-3.212;1034.656;3031.375;2080.628;1907.993;1238.366,2986.324;1118.255;526.754;1958.451;1063.629;2710.060;713.242;2757.767;2188.083;126.209;2111.182;2431.166;3508.928;2896.117;2793.101;1836.841;122.155;2990.872;27.424;1910.561;2119.734;445.952;365.986;1980.988;1854.906;1112.981;35.033;2309.706;387.923;60.911;1039.868;1151.515;525.260;253.782;2919.134;1386.904;853.372;1822.965;938.262;3111.828;1600.968;2209.807;3560.818;1408.869;782.384;3595.658;2124.364;3554.377;3446.655;2608.088;7.905;2246.426;1029.157;578.519;1452.321;779.927;2692.755;3414.479;217.368;848.473;959.597;457.465;3338.259;784.826;1339.876;44.964;861.151;3323.205;3594.841;2414.491;1198.602;184.377;3132.327;449.991;1055.627;1956.005;844.459;3082.676;1824.548;1678.442;3200.706;3321.398;772.424;69.965;2514.289;942.998;24.972;382.650;1528.787;413.313;742.052;2623.175;1531.244;356.034;824.518;3281.727;-3.254;2196.072;2347.333;2456.834
21,35.588513135910034,20,-531.0459190866397,531.0459190866397,0.17220029911218607,3361.265;1247.154;2967.632;13.970;307.411;2056.216;1910.818;1572.515;1279.715;2084.174;1712.088;2816.568;2015.236;2011.895;2419.952;3590.765;2907.051;1490.730;3365.503;3128.565;248.198;2458.762;2829.658;2797.863;2538.664;2027.133;463.555;3611.078;1439.421;890.054;2631.179;3591.396;904.404;2341.280;2276.813;2764.594;3272.497;1083.420;897.414;1367.618;2651.204;2691.203;1678.069;3598.708;1603.640;1174.670;2390.119;300.847;1442.195;2930.666;2686.597;812.666;680.444;1694.818;1251.515;2668.493;654.291;1267.709;3103.458;2127.648;3118.405;3594.208;3129.136;772.760;2310.143;1610.934;1428.944;2641.146;2998.530;2541.698;611.115;2598.210;229.064;614.495;3394.679;1413.210;440.917;2487.472;578.296;2257.718;714.092;5.263;3598.083;6.610;1769.386;1314.948;2398.074;3169.828;1918.351;2103.908;253.587;2473.157;645.104;1822.145;5.571;991.874;3056.935;2033.023;1864.142;1198.948,2939.733;1158.293;561.452;1905.332;1105.892;2692.437;713.409;2722.447;2210.840;76.328;2062.029;2418.936;3568.132;2944.097;2785.863;1814.716;146.982;2968.484;28.416;1958.446;2160.912;490.893;376.414;2010.925;1844.648;1142.506;2.261;2276.101;369.512;67.411;1022.787;1156.027;538.963;259.511;2976.042;1402.522;838.481;1836.305;903.683;3132.198;1577.904;2197.767;3546.008;1457.900;772.161;3585.684;2142.009;3585.749;3443.787;2666.196;9.792;2268.288;1044.497;555.355;1447.285;776.014;2666.886;3366.734;181.124;888.038;1006.157;380.693;3344.171;748.607;1299.242;0.532;887.112;3365.093;3600.164;2365.029;1232.371;156.109;3059.814;428.425;1066.874;1911.312;793.502;3110.930;1809.031;1677.292;3236.700;3365.869;736.154;18.919;2557.340;1006.229;-0.896;453.522;1542.752;439.186;756.615;2640.406;1518.706;356.266;786.041;3317.670;2.455;2156.965;2401.038;2493.295
26,44.56030201911926,25,-533.4374827152592,533.4374827152592,0.2055853762574343,3353.723;1220.922;2922.870;2.861;276.739;2037.220;1925.043;1602.189;1320.186;2063.069;1694.801;2877.272;2029.962;2015.555;2410.598;3587.141;2954.166;1462.659;3427.527;3186.218;223.561;2454.770;2888.378;2830.271;2550.126;1984.581;499.551;3587.112;1408.464;878.569;2638.528;3604.283;854.615;2349.730;2271.879;2765.277;3301.549;1055.933;929.857;1407.479;2641.521;2733.014;1682.292;3602.529;1585.211;1152.412;2368.234;279.875;1471.777;2992.309;2693.448;761.813;635.643;1636.002;1283.190;2652.825;655.270;1233.669;3126.760;2153.477;3046.593;3604.191;3116.509;801.315;2374.541;1615.497;1444.463;2652.520;3072.926;2517.888;647.572;2582.864;225.175;611.939;3395.392;1363.913;418.700;2476.368;563.401;2204.101;710.567;7.554;3592.943;6.498;1749.201;1326.874;2372.384;3170.784;1891.915;2086.750;253.333;2485.083;598.484;1806.762;1.408;959.406;3058.876;2012.247;1880.819;1151.222,2934.200;1180.438;559.663;1857.275;1149.702;2650.418;661.468;2760.934;2220.995;27.820;2052.619;2416.459;3584.451;2935.417;2811.265;1835.833;164.957;2962.342;90.172;1963.000;2203.429;513.095;305.858;1985.741;1853.764;1135.926;3.260;2317.636;365.398;63.685;994.907;1185.086;484.796;329.841;3032.495;1395.931;909.000;1823.526;950.832;3144.442;1617.811;2199.846;3529.295;1482.117;768.059;3578.026;2136.600;3543.855;3490.981;2736.524;1.440;2270.515;1050.362;604.332;1422.941;793.695;2689.329;3389.174;161.336;934.392;959.424;358.516;3325.726;720.931;1341.076;-6.475;889.452;3427.534;3603.795;2372.222;1298.377;175.859;3033.395;445.535;1080.974;1896.495;802.341;3130.886;1771.029;1685.055;3233.698;3402.872;683.412;-2.623;2562.237;998.285;-5.877;454.873;1494.953;376.621;733.905;2625.077;1527.617;363.127;759.077;3312.595;-7.292;2111.743;2398.063;2488.892
31,53.33156657218933,30,-536.0325107594429,536.0325107594429,0.3070059243246935,3429.421;1264.220;2912.496;-5.770;257.734;2000.789;1886.025;1562.677;1373.256;2053.155;1686.558;2898.686;2053.694;2032.655;2445.510;3577.627;2948.373;1492.731;3505.151;3262.234;178.642;2394.184;2867.961;2860.723;2565.123;1947.566;497.773;3596.401;1371.470;896.780;2616.526;3589.435;840.234;2408.851;2261.477;2778.255;3348.945;1058.024;877.291;1396.110;2667.552;2706.947;1755.285;3595.103;1575.796;1095.600;2403.997;322.791;1460.818;2963.773;2727.419;701.059;663.584;1636.266;1331.938;2666.699;648.889;1239.690;3137.779;2155.016;3050.311;3588.319;3086.648;830.793;2307.223;1677.480;1460.729;2658.511;3082.615;2492.881;620.050;2554.332;250.584;565.410;3371.522;1374.424;423.379;2532.162;554.638;2236.262;658.717;0.766;3589.137;16.518;1685.357;1308.358;2347.269;3187.130;1915.222;2028.454;243.978;2484.582;591.274;1818.963;8.534;956.874;3106.097;2035.765;1858.530;1082.658,2965.807;1203.398;588.074;1816.576;1190.198;2663.955;624.245;2801.216;2213.276;-2.050;1998.947;2393.265;3583.317;2952.709;2815.142;1837.031;140.494;2985.578;41.821;2011.008;2234.650;536.154;326.810;1955.847;1831.452;1127.278;11.399;2322.569;320.803;51.824;1041.810;1191.323;517.549;343.458;3025.797;1414.912;856.726;1775.372;956.365;3136.294;1592.940;2203.131;3560.011;1544.151;773.202;3612.536;2106.627;3533.960;3446.448;2779.370;5.753;2278.594;1043.857;561.528;1455.066;775.474;2725.823;3448.125;202.458;984.015;1008.837;372.983;3302.608;664.007;1351.828;19.656;881.544;3505.576;3590.845;2429.866;1300.864;166.707;3078.072;379.906;1080.839;1858.411;827.311;3132.721;1810.021;1722.963;3220.970;3404.106;666.263;14.992;2542.158;1019.445;4.766;385.838;1535.575;371.098;731.534;2618.450;1516.055;393.518;685.936;3307.326;-10.112;2145.725;2385.436;2477.151
36,62.287250995635986,35,-538.3182607826056,538.3182607826056,0.08690681699584077,3489.159;1261.653;2895.223;13.953;208.540;2047.358;1891.141;1581.940;1338.670;2055.190;1701.753;2908.190;2110.745;2000.262;2419.880;3584.601;2956.569;1509.088;3541.949;3296.617;123.700;2332.570;2874.225;2908.300;2570.107;1926.804;502.047;3574.095;1345.378;913.480;2683.442;3604.408;863.974;2433.582;2245.444;2767.869;3353.717;1042.280;857.995;1376.217;2682.311;2687.390;1767.471;3589.400;1596.684;1047.971;2415.439;337.903;1465.129;2989.562;2720.256;678.688;679.575;1663.769;1331.870;2598.493;616.702;1215.113;3142.845;2165.345;3088.946;3604.204;3132.193;797.948;2282.221;1643.972;1460.558;2671.938;3090.409;2503.105;625.370;2549.970;225.697;530.742;3371.021;1362.109;395.676;2524.357;550.966;2178.464;673.880;11.377;3589.461;9.459;1629.614;1315.244;2346.983;3195.737;1905.865;2024.310;202.719;2514.728;612.274;1771.176;6.881;999.090;3114.280;1996.961;1821.053;1021.672,3014.821;1206.860;608.670;1842.044;1222.389;2622.286;642.625;2831.064;2231.519;7.819;2030.606;2393.268;3584.470;2911.975;2853.678;1851.338;109.334;2983.798;7.687;2025.065;2241.074;578.268;341.790;1990.769;1805.211;1150.212;22.914;2357.294;324.151;22.045;1030.558;1217.722;501.504;341.326;3062.442;1406.077;807.940;1725.277;934.166;3142.820;1591.854;2182.491;3590.083;1562.358;760.345;3597.837;2082.548;3579.531;3446.841;2771.107;0.947;2252.335;1075.543;539.279;1465.776;765.841;2712.014;3463.660;210.987;997.782;1051.061;400.015;3297.169;682.057;1360.755;5.676;881.173;3526.501;3595.554;2388.965;1311.959;135.139;3090.826;319.712;1075.082;1861.536;851.597;3193.490;1799.814;1674.696;3211.702;3357.098;661.234;16.151;2569.618;1031.340;7.398;404.019;1557.251;359.342;753.880;2631.386;1514.431;360.203;629.619;3344.679;-1.018;2156.962;2369.810;2486.103
41,71.15868592262268,40,-541.1454964969091,541.1454964969091,0.30614453888484466,3569.754;1258.319;2868.435;6.817;179.756;2066.930;1890.639;1563.689;1331.244;2044.500;1695.048;2956.597;2114.658;2008.050;2400.110;3602.225;2911.078;1504.759;3616.150;3294.567;94.845;2328.087;2840.041;2890.476;2569.120;1959.066;543.582;3589.247;1364.759;887.264;2672.995;3596.012;868.032;2456.782;2285.954;2782.412;3367.852;1055.002;859.601;1355.798;2676.459;2699.745;1756.283;3608.037;1561.579;1011.108;2422.235;303.527;1490.962;3019.017;2709.686;654.724;640.788;1689.612;1309.824;2651.323;630.510;1220.054;3166.998;2099.343;3121.040;3591.328;3175.567;782.629;2317.659;1624.807;1458.453;2694.288;3127.074;2495.222;642.199;2560.705;150.733;495.231;3368.325;1327.728;362.074;2503.664;558.014;2185.238;605.993;19.345;3577.426;5.446;1701.752;1363.966;2359.846;3234.884;1868.651;2019.251;181.100;2512.394;606.151;1758.568;-0.667;1009.582;3149.628;1930.707;1789.957;949.568,3033.876;1179.569;564.882;1808.924;1232.141;2556.314;667.207;2803.355;2304.343;0.608;1955.932;2400.653;3586.386;2894.224;2837.354;1815.354;155.041;2986.441;27.385;2089.292;2226.204;617.090;349.698;1962.073;1805.158;1225.436;1.674;2328.607;342.227;12.172;1012.117;1216.071;470.828;358.436;3089.267;1368.697;814.831;1688.152;911.792;3148.149;1577.683;2230.408;3582.714;1604.903;716.498;3591.001;2072.389;3593.565;3485.263;2759.013;4.992;2239.906;1110.690;548.646;1452.622;776.611;2700.633;3425.405;210.444;962.870;1058.689;370.304;3306.672;695.850;1354.957;-5.485;878.072;3507.123;3591.599;2392.131;1312.042;134.450;3097.604;305.300;1116.480;1913.810;866.846;3250.977;1846.542;1704.863;3257.917;3379.953;632.504;-3.084;2632.852;1042.780;-4.212;414.845;1519.004;293.412;759.091;2673.905;1559.632;377.202;618.641;3318.130;-9.228;2172.476;2355.470;2447.286
46,80.0565083026886,45,-542.5757591740463,542.5757591740463,0.22241955229487323,3599.872;1248.119;2840.352;-3.358;112.007;2057.907;1964.340;1594.222;1327.816;1996.290;1633.168;3018.944;2155.440;2019.518;2453.451;3579.427;2910.206;1474.648;3614.117;3303.755;54.309;2343.333;2903.379;2942.605;2597.338;1934.495;506.216;3598.404;1324.127;883.873;2681.845;3586.696;851.988;2416.592;2282.040;2764.639;3362.415;1013.291;919.373;1370.443;2727.136;2683.624;1764.547;3577.903;1562.785;1028.500;2436.326;341.409;1480.067;3036.504;2677.996;637.511;712.829;1678.291;1266.403;2671.114;605.225;1222.563;3166.014;2058.375;3163.004;3596.625;3130.734;732.633;2279.724;1581.637;1417.838;2763.350;3197.937;2464.197;563.078;2537.781;133.389;516.178;3408.419;1353.257;313.867;2510.658;582.179;2144.819;537.448;-1.443;3600.574;0.154;1642.022;1416.682;2322.984;3249.407;1857.606;2030.853;212.834;2505.400;609.784;1748.952;2.823;969.706;3162.378;1958.343;1774.122;974.816,3083.316;1190.498;607.980;1860.897;1200.918;2595.539;667.352;2828.413;2279.626;-5.001;1968.603;2381.109;3597.217;2934.862;2870.298;1835.696;117.151;2953.912;3.627;2115.166;2274.234;626.415;411.870;1929.719;1835.717;1190.569;6.168;2297.670;379.584;10.214;1028.369;1251.731;416.376;354.211;3121.401;1371.934;796.071;1713.091;901.521;3149.570;1600.895;2269.266;3589.794;1628.398;702.451;3601.338;2115.991;3597.971;3530.264;2813.321;-3.171;2289.203;1152.895;529.741;1474.549;791.655;2693.065;3406.525;185.262;1028.118;1014.840;381.162;3262.464;741.086;1400.156;13.658;857.878;3549.292;3597.414;2383.398;1342.686;128.210;3081.138;311.293;1135.614;1861.298;894.259;3254.155;1885.618;1666.753;3224.173;3433.171;609.037;13.048;2611.636;1048.834;8.272;383.355;1549.894;237.739;700.787;2645.157;1542.849;360.546;680.870;3331.285;17.905;2119.229;2394.728;2398.453
51,89.06497359275818,50,-543.4092097991615,543.4092097991615,0.2838646325769933,3593.136;1239.590;2824.652;31.899;64.147;2097.242;1929.779;1616.398;1344.124;1979.750;1589.170;3040.822;2203.810;1995.461;2474.582;3586.424;2898.007;1487.891;3607.981;3320.807;-1.094;2346.964;2898.904;2957.933;2618.007;1951.223;471.738;3584.197;1307.245;856.236;2698.953;3589.515;819.600;2425.257;2260.328;2728.394;3337.823;1054.605;945.257;1364.131;2748.635;2699.501;1807.991;3605.542;1521.013;1003.904;2430.908;329.464;1463.078;3101.838;2681.864;642.382;707.534;1672.703;1246.503;2640.923;605.030;1185.972;3221.752;2077.204;3190.999;3607.661;3151.008;705.042;2310.671;1591.315;1444.765;2747.984;3214.242;2451.439;520.438;2528.365;107.069;554.339;3434.939;1348.089;337.719;2524.766;597.845;2072.802;474.510;12.517;3590.211;23.236;1572.660;1383.710;2325.480;3252.932;1849.532;1993.443;238.324;2493.011;614.077;1760.052;4.661;939.501;3136.043;1951.967;1751.187;982.293,3075.689;1231.016;642.204;1885.083;1211.095;2617.330;697.785;2816.852;2286.497;1.810;1952.176;2430.271;3589.984;2992.818;2857.161;1817.804;119.102;3003.385;7.414;2117.688;2278.609;621.827;373.703;1915.532;1872.426;1244.749;-5.990;2284.375;363.779;12.886;1051.807;1272.028;369.427;360.935;3142.476;1360.908;773.262;1745.464;869.697;3121.141;1625.340;2251.040;3611.832;1631.165;684.934;3600.857;2098.075;3602.332;3558.659;2807.112;8.470;2268.556;1146.418;555.082;1481.094;803.448;2682.025;3393.961;191.417;999.257;1049.865;395.069;3298.267;758.217;1395.385;-5.448;873.387;3579.290;3605.701;2431.401;1346.526;138.492;3032.453;305.463;1154.287;1863.580;904.864;3248.991;1911.399;1676.804;3194.214;3428.600;598.054;4.144;2597.764;1043.827;-2.562;395.108;1560.308;216.339;717.918;2676.288;1514.443;348.751;662.266;3319.917;-1.356;2135.420;2412.331;2438.984
56,97.87832117080688,55,-545.4638939145582,545.4638939145582,0.34647113797271983,3591.922;1281.381;2798.509;10.127;-10.730;2114.583;1967.614;1575.841;1349.779;1985.780;1565.710;3054.958;2186.893;1999.498;2441.550;3583.305;2910.757;1465.300;3588.039;3350.680;15.135;2335.049;2913.273;3007.031;2630.924;2003.963;505.132;3574.259;1312.177;904.090;2689.102;3576.344;782.209;2410.661;2340.033;2739.801;3357.829;1122.888;896.042;1430.407;2675.215;2676.798;1832.919;3576.177;1553.733;1034.490;2456.020;252.661;1446.097;3126.074;2626.714;654.778;685.334;1638.880;1223.240;2660.584;606.853;1149.900;3206.891;2032.259;3261.380;3595.848;3198.354;706.816;2295.634;1593.665;1448.661;2784.907;3246.664;2468.737;549.962;2508.068;141.575;505.464;3433.824;1358.967;279.994;2493.808;595.365;2088.365;423.738;-15.018;3596.725;12.592;1585.611;1362.599;2320.352;3266.121;1836.901;1983.104;285.613;2517.952;570.217;1746.498;3.507;913.925;3187.813;1886.137;1784.894;923.131,3068.547;1254.540;648.964;1901.601;1221.795;2614.540;691.948;2785.186;2257.428;10.545;2020.426;2446.696;3603.600;3027.033;2859.568;1851.313;43.811;2968.388;9.908;2121.014;2350.620;653.516;363.544;1929.082;1874.079;1212.908;4.437;2282.661;321.476;24.155;1044.328;1288.338;434.514;403.357;3101.584;1372.642;771.524;1711.596;912.609;3188.838;1647.538;2256.443;3593.288;1585.091;702.400;3608.795;2109.606;3592.101;3570.091;2815.831;11.903;2250.451;1127.931;530.708;1474.859;830.343;2704.173;3348.513;207.855;985.257;1004.961;397.809;3289.019;747.766;1420.263;8.047;878.063;3577.333;3613.146;2422.303;1337.659;150.675;2990.675;241.163;1133.256;1858.990;916.744;3267.465;1850.291;1745.238;3177.680;3444.732;600.546;6.130;2595.261;1051.503;-1.549;428.121;1564.024;244.124;709.655;2673.913;1585.426;307.428;616.762;3337.181;1.311;2107.772;2480.973;2450.169
61,106.8097677230835,60,-545.9757156144178,545.9757156144178,0.22024406297120858,3590.179;1310.511;2834.235;9.460;9.466;2137.403;1986.354;1573.502;1340.242;1955.469;1585.864;3113.710;2173.828;2001.109;2479.196;3589.672;2913.452;1412.206;3596.615;3357.387;-10.551;2296.590;2899.055;3024.595;2666.971;2007.663;485.199;3602.991;1272.097;930.704;2696.100;3556.366;836.425;2411.780;2369.143;2755.721;3385.795;1078.069;907.556;1428.686;2634.519;2718.475;1815.819;3565.479;1557.197;1024.169;2410.858;247.607;1466.495;3113.028;2670.404;595.989;640.496;1654.945;1220.639;2669.938;587.440;1188.741;3239.409;1982.947;3230.430;3593.066;3235.306;630.555;2326.603;1586.405;1440.409;2756.133;3255.360;2466.826;532.710;2555.289;162.913;498.383;3466.318;1340.357;276.392;2536.196;576.086;2103.674;362.707;-0.034;3592.979;-1.031;1569.320;1405.443;2302.333;3252.126;1822.639;1978.638;274.364;2494.056;545.944;1747.840;-0.318;868.969;3219.656;1935.633;1748.334;975.383,3051.196;1270.164;664.787;1920.873;1164.830;2623.616;677.224;2827.699;2212.553;4.490;2030.038;2499.805;3584.436;3008.378;2901.450;1879.345;19.626;2953.082;0.801;2087.067;2379.798;674.034;369.336;1967.902;1930.142;1244.121;-7.719;2320.073;266.388;4.327;1089.804;1326.467;417.285;383.749;3117.162;1399.985;791.097;1739.793;905.010;3167.003;1667.901;2232.788;3607.643;1561.132;727.831;3591.353;2082.518;3593.764;3561.316;2858.993;-2.353;2291.492;1118.111;536.468;1456.888;817.440;2698.971;3367.761;229.684;1019.987;1025.593;328.811;3313.992;770.086;1383.000;18.865;899.352;3595.397;3587.582;2400.941;1340.795;143.756;2992.433;277.155;1099.163;1820.010;955.388;3304.635;1881.580;1723.662;3195.142;3486.669;618.852;21.911;2612.872;1061.773;9.295;469.255;1581.186;270.756;679.187;2654.799;1604.529;270.623;568.440;3341.830;3.604;2125.612;2462.542;2452.858
66,115.65758538246155,65,-548.2985062272583,548.2985062272583,0.32479339622202735,3583.932;1302.159;2803.442;3.633;8.161;2201.002;1977.025;1514.406;1312.844;1952.494;1603.461;3130.006;2198.390;1987.909;2507.080;3592.475;2927.540;1475.599;3590.998;3385.791;11.796;2281.925;2950.171;3098.392;2691.147;2011.062;508.663;3595.591;1247.291;993.715;2718.026;3570.692;811.431;2417.206;2418.926;2681.237;3425.714;1036.894;919.765;1356.501;2690.797;2695.975;1765.278;3605.921;1543.402;1040.407;2473.603;180.216;1419.310;3116.543;2681.486;585.151;598.104;1647.511;1177.113;2709.158;567.616;1205.239;3256.051;1976.853;3216.645;3589.656;3272.203;646.385;2318.167;1582.179;1470.359;2741.930;3261.879;2438.283;549.090;2565.551;175.727;516.805;3500.650;1321.185;252.835;2460.675;540.432;2146.965;383.695;10.769;3595.176;4.015;1636.617;1372.611;2306.516;3241.410;1809.264;1982.921;225.465;2488.331;572.435;1783.373;-2.907;835.719;3215.651;1917.514;1747.331;1009.176,3070.422;1255.968;609.264;1902.823;1188.380;2645.476;744.255;2807.130;2208.561;4.623;1956.453;2497.813;3600.912;3010.818;2950.476;1851.603;34.457;2942.404;5.948;2150.047;2391.707;641.806;373.303;1950.600;1895.950;1249.806;1.161;2338.410;278.635;42.093;1106.166;1356.673;421.627;388.493;3122.208;1357.793;834.104;1702.124;854.380;3165.696;1619.601;2267.489;3565.333;1548.644;687.132;3583.827;2103.129;3592.293;3594.052;2841.636;-5.238;2268.151;1152.370;530.083;1470.027;840.716;2644.461;3321.983;202.613;1030.542;996.237;357.294;3358.124;755.380;1437.623;-1.649;915.615;3563.201;3596.382;2425.125;1381.341;161.123;2980.135;250.517;1144.687;1875.287;942.716;3356.759;1932.702;1759.617;3173.892;3480.321;603.524;-7.020;2620.917;1090.677;-6.136;461.543;1597.487;304.602;683.854;2662.139;1607.277;237.365;522.037;3406.604;6.399;2187.228;2407.667;2493.179
71,124.6148009300232,70,-549.8282935549737,549.8282935549737,0.24932615393752502,3599.790;1273.053;2838.463;1.345;9.310;2163.407;1994.053;1544.653;1338.067;1974.515;1560.654;3134.260;2276.077;1976.076;2497.598;3560.436;2944.260;1446.731;3593.788;3394.486;17.964;2304.685;2947.114;3069.356;2665.282;1974.560;446.201;3588.602;1238.047;972.460;2668.927;3557.774;815.548;2416.081;2449.020;2685.832;3482.733;999.791;986.746;1307.980;2686.215;2713.509;1818.341;3553.663;1545.223;1036.927;2461.018;218.386;1468.964;3137.911;2631.034;534.513;604.366;1600.995;1202.104;2760.006;548.342;1195.940;3208.278;1979.823;3286.490;3609.284;3300.993;712.839;2342.943;1556.240;1470.071;2767.037;3251.379;2512.078;537.822;2578.703;160.952;573.063;3575.581;1320.748;243.306;2393.919;536.007;2182.098;398.164;4.200;3558.413;-7.918;1637.802;1356.836;2273.123;3210.531;1832.726;1980.508;247.056;2470.371;534.323;1791.954;-5.049;764.948;3255.702;1893.232;1756.560;1001.679,3045.538;1269.464;594.790;1854.061;1206.341;2606.534;754.733;2790.197;2203.040;8.175;1938.528;2465.331;3599.385;3051.671;2940.355;1847.507;73.542;2959.839;32.920;2159.506;2395.873;680.677;382.599;1919.779;1867.837;1287.631;12.867;2375.932;289.775;40.753;1100.594;1397.697;415.691;393.152;3115.785;1329.687;808.183;1742.584;820.809;3137.198;1616.263;2242.211;3599.195;1564.797;676.892;3584.662;2121.952;3588.814;3590.849;2829.142;-11.162;2290.935;1182.731;529.557;1451.213;875.295;2651.175;3333.206;166.222;1027.584;1034.101;373.393;3402.402;783.496;1438.762;-2.806;931.281;3542.824;3600.706;2502.287;1368.046;174.081;3025.313;211.963;1126.498;1870.466;930.901;3373.203;1923.491;1823.615;3138.205;3522.733;594.772;6.750;2598.184;1095.942;8.313;464.514;1561.829;318.107;644.289;2681.314;1650.643;259.238;578.812;3438.101;-0.720;2191.375;2415.474;2526.954
76,133.40805435180664,75,-550.9620359278982,550.9620359278982,0.19947548420338065,3581.971;1276.037;2861.665;8.286;12.887;2163.164;1986.827;1525.104;1300.971;1955.315;1602.570;3142.589;2289.022;1962.518;2486.390;3559.756;2945.519;1411.887;3590.631;3420.132;25.586;2304.528;2946.081;3085.608;2683.302;1949.420;424.311;3604.955;1194.933;985.904;2667.844;3574.532;787.114;2441.654;2460.901;2680.783;3531.911;1017.885;1044.296;1375.015;2695.482;2736.227;1799.705;3565.118;1542.941;1050.838;2474.850;185.389;1408.894;3171.907;2617.393;528.715;589.279;1604.847;1201.937;2763.453;533.232;1244.140;3185.688;1997.837;3249.315;3599.937;3303.449;669.569;2344.948;1516.188;1446.389;2805.830;3250.519;2510.418;505.863;2549.526;131.132;611.453;3567.479;1297.869;249.158;2387.954;515.520;2112.897;417.356;-4.574;3567.282;9.384;1662.259;1354.456;2261.548;3177.807;1815.191;1947.335;218.193;2485.398;503.743;1806.965;11.110;697.095;3277.933;1877.796;1763.485;1013.073,3092.196;1288.654;667.940;1878.633;1194.139;2627.433;729.423;2794.182;2210.557;-10.500;1963.693;2447.665;3604.034;3069.482;2922.807;1896.305;1.146;2960.945;6.743;2235.171;2352.684;661.530;398.662;1884.470;1826.935;1258.944;81.622;2417.501;294.588;0.509;1053.309;1390.255;411.601;410.966;3127.928;1386.296;782.262;1767.063;845.505;3148.002;1622.522;2229.905;3592.062;1615.016;700.329;3591.558;2077.042;3602.267;3601.263;2863.584;0.180;2325.842;1167.224;508.062;1454.298;864.754;2656.785;3376.682;178.471;1080.666;1067.455;335.842;3406.661;762.760;1390.802;10.488;902.705;3589.604;3604.711;2494.403;1375.220;191.440;3058.906;183.479;1110.086;1896.365;945.661;3332.744;1959.822;1851.737;3167.873;3457.288;571.600;1.388;2558.156;1113.154;10.936;496.193;1551.853;340.866;659.631;2692.209;1625.598;206.658;548.473;3399.847;-0.040;2198.454;2388.642;2553.661
81,142.40084195137024,80,-551.3214748414082,551.3214748414082,0.1531048349878334,3593.081;1264.717;2881.748;0.913;-0.036;2170.062;1972.207;1532.274;1260.171;1942.932;1645.122;3136.517;2313.911;1905.439;2461.181;3602.066;2981.086;1431.984;3594.558;3432.737;4.675;2255.126;2954.157;3142.031;2668.280;1980.881;350.830;3587.835;1208.408;976.970;2658.963;3577.515;774.781;2482.707;2449.778;2698.252;3563.581;981.065;1027.491;1343.796;2710.461;2713.515;1858.668;3587.689;1519.161;1093.423;2490.279;173.377;1433.896;3227.788;2610.818;509.115;591.141;1603.028;1189.171;2731.477;514.361;1205.431;3186.145;1985.722;3240.267;3587.854;3337.302;666.465;2384.836;1490.984;1451.135;2777.809;3248.094;2551.047;485.079;2551.913;95.583;615.214;3575.275;1255.609;249.276;2386.974;494.733;2085.850;458.412;-0.289;3596.540;8.521;1648.432;1358.572;2212.527;3222.880;1784.153;1959.920;294.491;2511.210;491.174;1827.465;4.409;640.698;3254.211;1897.427;1757.244;1002.371,3094.295;1300.836;664.167;1904.890;1161.283;2579.816;801.726;2778.127;2215.454;24.116;1955.043;2398.632;3573.476;3053.123;2957.326;1970.642;9.854;2942.944;20.581;2233.503;2278.992;668.924;431.181;1860.082;1817.234;1281.421;98.260;2483.002;335.972;5.792;1044.210;1372.066;383.676;362.036;3157.919;1409.702;841.687;1755.445;825.706;3146.836;1616.524;2223.285;3574.124;1638.843;690.903;3598.165;2108.494;3608.918;3598.408;2877.211;6.797;2364.880;1152.375;528.145;1450.373;876.785;2650.373;3399.907;170.929;1060.408;1025.321;343.772;3441.411;724.036;1378.985;4.123;908.106;3529.218;3593.794;2553.913;1388.550;192.617;3039.803;203.991;1152.900;1859.118;981.614;3356.365;1950.526;1836.561;3169.696;3390.154;599.918;4.736;2580.330;1112.194;8.386;512.708;1601.049;328.372;639.959;2718.410;1620.692;222.255;530.181;3457.490;-5.873;2211.683;2377.661;2585.672
86,151.2196364402771,85,-550.6592909487948,550.6592909487948,0.17027569696491346,3593.862;1271.534;2862.099;4.993;20.183;2174.406;1991.145;1566.523;1258.360;1946.989;1724.094;3158.349;2337.495;1882.601;2434.103;3600.608;2948.205;1411.898;3593.182;3426.152;9.912;2249.356;2991.953;3152.016;2690.658;1953.532;296.245;3585.469;1212.633;964.645;2681.889;3570.465;726.904;2498.145;2474.957;2710.797;3581.980;963.250;1063.910;1348.628;2702.696;2735.584;1860.882;3589.381;1472.716;1052.181;2475.770;136.047;1420.387;3254.127;2629.267;467.287;654.661;1619.283;1174.663;2704.827;456.440;1224.917;3218.973;2014.742;3226.996;3596.388;3384.471;707.262;2349.496;1435.112;1453.965;2763.242;3237.348;2601.286;468.642;2559.770;113.832;601.905;3574.387;1266.858;204.697;2366.939;493.634;2030.294;472.280;16.080;3591.972;0.701;1616.267;1360.718;2251.537;3228.068;1762.337;2002.307;310.110;2497.030;457.467;1848.021;8.829;659.152;3274.377;1900.075;1747.116;967.877,3099.303;1286.228;660.046;1849.739;1179.270;2618.921;810.818;2768.390;2172.248;29.838;1963.621;2422.548;3595.898;3084.294;2947.053;1976.019;43.582;2951.167;50.413;2234.670;2223.468;663.412;454.590;1908.687;1834.115;1263.270;118.159;2490.850;321.812;-4.758;1105.572;1400.571;429.892;343.554;3172.718;1400.954;895.046;1751.897;810.193;3155.841;1603.568;2256.942;3537.788;1629.842;676.848;3597.021;2115.405;3596.186;3596.010;2903.950;1.510;2409.294;1165.846;484.201;1486.692;887.785;2688.204;3329.723;157.535;1012.563;1001.849;374.328;3399.874;731.464;1409.083;5.260;919.207;3534.043;3591.746;2501.277;1431.030;162.066;3064.770;182.061;1136.890;1794.340;931.739;3367.949;1982.380;1851.451;3186.924;3365.654;618.072;4.794;2584.393;1129.492;1.434;498.606;1586.476;352.578;647.570;2756.061;1670.180;204.039;537.772;3477.255;-11.109;2212.198;2368.771;2539.075
91,160.18096923828125,90,-551.6493030183328,551.6493030183328,0.2942029722154349,3602.318;1248.937;2847.997;21.235;-10.557;2171.126;1996.064;1547.476;1261.786;1930.726;1729.853;3172.391;2342.223;1868.386;2469.767;3602.004;2929.695;1423.337;3593.413;3430.034;0.349;2266.549;3027.384;3146.736;2701.873;2018.188;278.233;3588.929;1171.005;952.240;2691.257;3589.705;657.212;2522.563;2429.537;2731.525;3589.419;934.250;1063.988;1331.707;2689.557;2802.431;1881.578;3602.958;1538.956;1028.051;2525.556;71.109;1449.831;3256.870;2657.799;464.349;661.424;1590.065;1182.242;2663.798;449.483;1221.967;3193.151;2002.160;3253.374;3592.808;3414.357;717.221;2335.192;1414.016;1522.386;2818.983;3242.949;2573.800;433.989;2541.229;71.532;671.673;3596.140;1248.530;223.655;2379.247;481.985;2013.505;476.537;56.599;3589.230;12.693;1638.226;1354.467;2251.564;3254.476;1763.765;2004.017;269.867;2519.351;444.915;1790.785;27.314;642.040;3308.539;1923.400;1738.716;949.577,3087.181;1294.655;663.447;1846.141;1183.610;2638.093;787.515;2770.652;2152.816;0.866;1989.228;2402.838;3588.751;3083.949;2924.291;1997.432;45.837;2992.514;88.461;2244.982;2232.241;677.881;426.373;1889.278;1828.577;1284.696;62.962;2530.843;312.136;47.507;1080.123;1391.217;481.205;352.764;3168.282;1401.060;875.931;1738.307;842.489;3115.566;1631.121;2255.656;3575.706;1619.459;702.518;3591.825;2135.097;3605.820;3609.304;2921.347;0.216;2401.652;1171.217;469.381;1484.027;883.892;2692.880;3341.383;165.404;1057.338;1038.738;329.221;3371.616;726.525;1411.130;18.048;953.826;3565.958;3586.925;2498.277;1438.605;161.983;3047.414;186.665;1156.890;1862.464;959.653;3388.375;2008.567;1840.400;3174.830;3341.437;621.582;5.557;2551.773;1114.959;11.977;501.806;1594.931;372.415;639.154;2759.601;1667.317;178.354;506.535;3515.483;-11.992;2174.624;2398.050;2537.512
96,169.20880508422852,95,-552.4866829858252,552.4866829858252,0.16416507877402933,3596.212;1289.449;2846.727;11.653;10.361;2134.002;1984.771;1538.704;1257.014;1902.643;1753.192;3234.280;2316.801;1837.934;2465.595;3594.891;2931.303;1434.697;3584.564;3471.859;-5.559;2315.119;2999.573;3138.510;2700.871;1963.378;298.296;3563.985;1229.134;904.771;2695.067;3582.527;662.421;2504.460;2464.514;2711.933;3578.974;900.368;1057.983;1318.256;2741.255;2757.120;1908.298;3600.870;1542.905;1037.182;2573.886;51.861;1500.526;3304.854;2667.073;435.699;647.452;1562.827;1167.020;2665.042;488.513;1182.587;3197.647;2032.951;3220.382;3588.265;3430.836;709.472;2355.421;1449.667;1459.392;2830.918;3291.919;2610.278;399.599;2549.042;45.054;621.074;3589.461;1211.601;182.200;2398.875;479.336;2048.985;514.892;13.922;3597.518;5.687;1647.283;1384.740;2259.723;3245.701;1707.399;1951.635;200.571;2551.302;425.932;1779.506;53.809;632.526;3293.737;1912.292;1734.601;959.232,3118.422;1292.401;638.247;1816.941;1182.797;2663.820;777.199;2811.011;2132.540;8.285;1977.967;2416.983;3597.000;3123.503;2940.619;1974.536;11.174;2964.219;45.409;2186.023;2299.188;689.647;422.075;1934.889;1889.905;1303.790;54.683;2572.864;288.745;80.604;1085.077;1367.144;508.171;412.461;3198.564;1417.531;856.979;1742.416;876.562;3140.341;1618.019;2309.373;3587.636;1579.225;721.838;3561.219;2065.861;3589.458;3587.532;2867.839;0.638;2439.799;1214.668;476.927;1490.577;874.434;2712.340;3351.854;165.734;1062.881;1079.367;316.359;3380.851;746.941;1376.609;-10.220;905.233;3576.701;3599.140;2510.236;1451.241;170.832;3059.561;146.838;1112.911;1898.584;941.703;3399.024;2024.228;1797.597;3142.596;3324.939;561.543;6.128;2608.230;1119.916;2.501;553.244;1598.482;358.791;681.870;2698.622;1708.602;177.831;436.646;3540.226;16.043;2188.345;2372.820;2509.166
101,177.98147130012512,100,-554.3592718855554,554.3592718855554,0.34223923490282615,3574.049;1275.475;2836.600;12.097;22.661;2086.304;2014.188;1542.275;1204.640;1888.158;1690.123;3265.173;2343.482;1851.021;2485.065;3575.622;2940.525;1424.405;3598.307;3506.322;-9.461;2282.680;2974.319;3121.161;2709.739;1937.613;268.628;3567.781;1236.515;910.093;2713.149;3596.129;685.098;2486.890;2454.642;2728.662;3591.764;901.660;1032.882;1309.075;2723.781;2801.674;1877.662;3588.598;1523.824;1034.885;2588.603;9.710;1522.794;3337.315;2665.508;479.475;582.977;1552.640;1159.238;2702.843;440.965;1159.135;3217.317;2037.514;3175.728;3607.796;3435.196;640.134;2310.738;1401.026;1476.552;2828.695;3321.098;2680.150;411.226;2574.200;38.595;620.750;3575.535;1225.554;165.028;2396.995;452.533;2078.763;581.931;6.488;3608.240;10.473;1608.924;1373.519;2197.505;3280.002;1756.554;1968.020;219.853;2505.539;452.840;1791.082;-10.629;569.661;3307.667;1910.659;1754.099;990.856,3156.304;1304.704;646.488;1789.250;1210.302;2652.221;741.626;2792.386;2159.626;-4.841;1932.709;2444.572;3598.766;3104.946;2897.098;1952.415;19.299;3003.505;15.614;2164.030;2311.070;705.815;446.034;1923.388;1906.179;1244.065;30.956;2581.124;321.436;53.296;1108.286;1362.095;470.076;358.714;3168.342;1358.529;925.064;1757.522;874.981;3141.751;1643.479;2276.223;3595.536;1601.240;690.410;3588.105;2098.255;3591.536;3590.736;2925.967;-12.606;2429.998;1176.361;483.086;1509.539;861.839;2707.542;3371.877;162.604;1091.191;1037.003;325.921;3400.883;740.898;1433.829;-3.503;923.647;3599.585;3605.057;2559.832;1482.518;147.213;3011.228;94.907;1114.081;1890.419;933.908;3427.899;1988.251;1843.716;3132.943;3321.225;582.130;17.044;2610.739;1094.657;10.614;560.480;1560.024;356.410;638.467;2665.752;1725.405;163.339;431.134;3551.569;-6.335;2160.456;2423.792;2511.250
121,213.77757382392883,120,-555.4437736757709,555.4437736757709,0.39601023464195717,3588.420;1188.849;2932.453;8.238;7.622;2070.358;2020.506;1519.029;1208.331;1858.260;1587.921;3347.293;2319.301;1890.538;2491.746;3587.458;2986.075;1400.069;3578.998;3596.321;2.907;2310.044;2917.550;3174.645;2694.334;1851.865;278.206;3596.453;1154.549;981.111;2721.987;3580.615;663.013;2506.430;2450.267;2711.155;3574.661;905.209;972.456;1283.500;2702.604;2814.913;1935.601;3616.363;1539.054;1040.253;2691.398;17.290;1534.461;3390.029;2710.323;424.562;576.304;1625.050;1259.336;2794.769;460.055;1161.213;3216.646;2015.483;3209.440;3598.726;3495.190;644.197;2265.345;1473.735;1447.973;2870.536;3385.915;2700.772;462.514;2455.588;1.476;621.056;3612.905;1165.467;11.409;2421.864;446.802;2089.177;529.979;-9.698;3574.625;-1.147;1606.104;1311.002;2153.269;3144.920;1723.261;1969.349;172.139;2575.952;354.267;1745.429;3.284;542.619;3309.220;1895.365;1737.267;918.823,3144.205;1341.467;757.840;1873.375;1306.019;2713.878;720.866;2795.244;2286.223;0.441;1882.254;2432.043;3605.861;3187.738;2941.266;1820.417;21.053;2990.921;-11.568;2193.971;2302.775;685.474;462.254;1830.691;1896.797;1274.345;18.202;2673.032;328.443;10.513;1192.196;1356.342;384.907;383.148;3085.734;1392.380;804.388;1766.311;834.419;3205.062;1683.296;2334.839;3555.745;1583.648;750.391;3589.988;2113.124;3591.895;3600.393;2918.851;16.286;2409.199;1203.060;479.698;1595.665;941.335;2713.281;3408.595;240.717;1056.868;1128.576;287.133;3406.211;777.419;1463.417;6.769;914.567;3521.710;3596.919;2544.853;1377.078;44.967;3004.783;50.860;1058.895;1981.448;906.640;3448.716;2066.099;1810.770;3104.073;3284.231;535.989;39.129;2617.395;1161.371;13.814;595.735;1521.624;425.305;691.907;2715.657;1645.396;233.056;429.887;3563.357;11.650;2155.359;2377.050;2651.519
141,249.39504194259644,140,-555.3903873178326,555.3903873178326,0.5280533876291539,3602.428;1261.356;2945.300;18.494;-11.063;2066.444;1998.957;1512.370;1102.659;1818.665;1653.631;3380.280;2264.523;1935.059;2447.244;3609.436;3043.021;1388.710;3602.478;3585.592;6.526;2326.491;2952.862;3221.479;2756.949;1878.030;317.056;3573.134;1158.385;994.672;2661.439;3585.842;527.546;2495.522;2522.502;2704.021;3585.167;843.149;1019.168;1244.617;2775.726;2874.190;1932.017;3600.080;1512.044;1028.904;2651.603;5.771;1518.608;3419.585;2700.116;382.294;517.056;1521.589;1215.001;2836.984;439.582;1134.011;3291.906;1978.423;3205.393;3617.450;3533.084;634.528;2324.201;1489.712;1481.828;2972.443;3425.762;2757.239;467.612;2488.939;38.137;619.994;3591.092;1144.972;40.355;2532.098;369.152;2029.770;506.923;50.286;3568.538;4.497;1619.391;1290.016;2097.279;3176.420;1773.519;2032.313;156.440;2596.730;279.141;1716.096;1.596;496.739;3317.496;1991.017;1650.033;1053.606,3184.339;1397.214;817.493;1890.753;1258.058;2678.819;692.462;2823.544;2287.225;9.954;1948.518;2386.023;3590.965;3274.316;2922.352;1903.430;9.968;2994.140;-6.185;2194.132;2301.944;667.285;408.412;1804.652;1881.152;1298.842;-4.296;2672.995;274.779;13.170;1137.056;1347.139;350.631;377.265;3166.320;1431.945;852.069;1706.885;810.728;3209.072;1624.638;2346.434;3603.625;1572.256;747.026;3605.603;2134.086;3615.036;3595.186;2923.932;73.473;2449.183;1190.578;476.840;1647.655;974.979;2752.848;3383.429;199.290;1105.408;1101.876;383.849;3393.969;618.002;1519.625;8.289;978.870;3571.375;3608.813;2564.832;1412.590;-15.599;3048.849;-15.226;1077.197;1998.248;959.807;3578.137;2054.400;1906.452;2999.019;3321.602;576.328;12.965;2637.735;1146.675;7.891;629.728;1580.090;411.434;697.217;2757.456;1692.322;257.360;435.182;3571.618;4.951;2153.372;2371.919;2669.622
161,284.9420700073242,160,-556.3586099119111,556.3586099119111,0.19146365957824485,3571.638;1313.480;2915.587;23.727;-3.439;2101.567;2026.602;1437.663;1122.140;1837.132;1670.539;3395.204;2258.666;2015.610;2568.468;3607.970;3048.527;1390.699;3608.197;3581.246;6.152;2395.640;2856.962;3175.200;2751.840;1788.209;293.849;3604.809;1193.722;1005.929;2712.954;3588.143;457.446;2438.569;2481.598;2677.010;3582.623;800.177;868.092;1240.676;2778.170;2924.873;1830.996;3581.351;1466.612;1043.484;2674.842;12.393;1502.973;3462.683;2738.193;443.871;512.003;1567.617;1227.453;2831.561;478.326;1124.186;3273.313;1993.318;3258.243;3576.124;3584.646;641.952;2318.762;1439.207;1372.800;2978.978;3474.436;2759.983;344.462;2437.215;39.059;673.768;3591.298;1164.118;37.549;2565.539;346.134;2134.681;468.063;24.116;3575.304;12.039;1594.684;1348.408;2048.514;3089.443;1680.063;2079.407;166.443;2576.127;288.765;1665.928;11.800;528.319;3389.382;2005.467;1657.580;919.103,3142.594;1445.166;837.444;1900.612;1238.641;2683.598;754.109;2839.197;2325.572;19.190;1956.274;2444.294;3589.751;3267.471;2965.453;1858.100;-0.614;3000.905;1.084;2123.976;2385.267;686.650;418.086;1851.506;1890.753;1257.101;11.915;2697.621;294.947;11.569;1196.511;1376.779;339.878;320.852;3185.864;1349.292;841.643;1797.685;881.298;3213.609;1593.697;2301.313;3567.022;1580.143;759.385;3598.668;2124.248;3596.028;3603.130;2881.702;2.930;2474.687;1244.228;522.372;1701.701;994.952;2780.488;3416.587;184.773;1070.367;1057.776;371.224;3389.873;612.689;1586.960;17.669;961.141;3526.371;3586.996;2561.815;1470.876;5.148;3027.234;3.117;1151.848;2041.834;959.116;3582.151;2124.704;1911.245;3085.466;3316.507;550.903;27.397;2628.905;1191.731;7.261;621.944;1673.701;439.127;724.870;2739.351;1665.735;185.437;382.982;3594.266;2.770;2171.414;2402.284;2511.118
181,320.72485518455505,180,-556.3833117426445,556.3833117426445,0.175131205359301,3523.239;1354.106;2949.388;1.495;10.986;2099.602;2043.506;1451.124;1091.654;1804.697;1643.687;3431.563;2181.593;1989.513;2561.643;3599.535;3057.756;1414.208;3595.898;3586.399;2.364;2418.794;2817.477;3190.232;2729.845;1835.947;313.721;3573.144;1164.223;1026.804;2727.710;3593.457;383.247;2380.802;2577.992;2651.683;3583.272;698.916;789.720;1287.179;2712.097;2878.775;1880.137;3593.866;1346.079;1103.589;2702.161;-7.045;1498.057;3579.718;2734.419;461.497;617.097;1614.120;1142.980;2833.620;480.214;994.948;3273.692;1984.976;3326.419;3591.616;3564.174;660.096;2248.427;1410.491;1368.270;3057.748;3556.427;2705.981;201.457;2506.505;1.994;706.619;3595.293;1120.144;97.212;2624.779;405.431;2232.931;472.642;15.418;3591.413;3.537;1625.166;1338.731;2075.435;3078.070;1680.824;2063.634;22.463;2660.072;282.125;1674.016;30.332;461.938;3375.671;1993.094;1635.767;862.061,3146.646;1495.434;842.550;1906.418;1193.531;2627.010;760.760;2848.448;2325.482;-7.151;2003.546;2483.862;3583.347;3185.230;2946.676;1801.701;3.632;3019.746;5.449;2120.343;2408.899;642.810;465.752;1951.141;1839.631;1248.160;24.299;2649.712;369.021;11.658;1165.607;1362.728;229.254;287.372;3237.997;1330.642;776.463;1839.127;901.748;3257.814;1611.836;2280.567;3599.947;1559.135;796.309;3599.125;2117.144;3604.902;3590.019;2895.806;35.359;2537.949;1163.587;618.194;1650.215;985.715;2828.290;3357.406;249.525;1019.277;994.778;368.441;3370.786;546.023;1634.556;8.887;1053.949;3541.059;3591.940;2578.386;1420.773;-2.896;2971.373;4.717;1079.170;2028.402;936.624;3567.880;2069.708;1967.305;3143.675;3370.227;597.676;16.335;2663.206;1242.330;12.688;553.818;1609.020;442.833;670.333;2741.688;1682.485;320.650;457.168;3581.240;-4.659;2145.815;2462.912;2533.412
201,356.5458183288574,200,-558.8519291310997,558.8519291310997,0.1953231432434589,3591.630;1252.610;2917.522;5.208;25.396;2127.777;2019.703;1516.955;1018.179;1814.521;1598.896;3555.228;2268.864;1990.872;2597.732;3603.146;2996.271;1324.519;3592.898;3580.905;5.985;2435.613;2874.478;3240.733;2680.841;1871.424;380.858;3569.337;1193.569;1016.923;2722.082;3590.732;216.199;2455.093;2561.985;2702.924;3606.039;581.068;720.295;1303.717;2683.827;2916.539;1926.933;3580.231;1370.219;1103.303;2650.075;-1.372;1518.523;3574.702;2768.190;449.727;679.363;1460.733;1193.984;2828.719;504.371;885.665;3214.725;2036.773;3261.467;3588.600;3579.108;687.909;2256.559;1414.681;1357.045;3062.060;3583.870;2744.685;166.207;2483.666;-1.548;683.489;3588.665;1064.617;62.111;2577.319;431.858;2239.625;493.488;9.106;3601.641;13.459;1539.415;1266.621;2072.646;3085.032;1721.763;2044.425;35.479;2710.980;149.727;1658.880;46.701;441.348;3371.612;1972.947;1719.648;798.248,3199.642;1446.771;782.528;1997.074;1134.043;2708.696;864.768;2858.083;2324.236;-1.930;1927.645;2456.753;3594.271;3081.143;2972.394;1787.987;7.873;3009.573;45.031;2159.116;2424.015;659.304;381.887;2008.490;1839.314;1294.802;38.184;2701.970;332.229;4.201;1152.348;1332.428;231.217;327.055;3261.873;1388.188;834.804;1850.380;773.246;3315.875;1635.068;2345.411;3587.299;1573.937;813.413;3562.650;2128.739;3588.938;3600.816;2938.919;3.311;2481.257;1196.465;541.847;1693.613;977.542;2930.217;3422.670;158.900;1093.791;1174.744;387.230;3402.902;451.441;1597.424;22.336;1019.334;3534.135;3598.229;2589.298;1408.273;-10.005;2864.516;1.719;1082.068;2076.430;895.514;3595.924;2184.991;1944.374;3235.548;3326.617;620.617;-5.902;2600.812;1249.167;14.095;565.142;1733.567;426.567;722.092;2774.030;1644.044;263.420;429.692;3588.756;10.527;2182.761;2451.302;2652.217
221,392.21490573883057,220,-560.0948135305449,560.0948135305449,0.3669103888983145,3584.377;1183.799;2916.383;26.028;-6.459;2141.450;2116.522;1443.048;960.850;1750.448;1663.573;3580.801;2293.552;1985.910;2599.962;3593.497;3003.481;1380.855;3610.630;3593.176;10.437;2297.934;2989.009;3137.105;2640.797;1939.004;321.111;3549.711;1201.477;1042.427;2717.737;3585.069;190.817;2372.972;2571.463;2764.739;3578.320;531.375;614.879;1231.698;2733.050;2894.087;1881.621;3593.462;1385.534;1174.966;2609.579;12.599;1521.474;3497.414;2770.580;411.915;602.933;1475.290;1158.959;2858.299;550.570;720.929;3224.705;2038.797;3237.286;3543.601;3578.303;680.303;2199.071;1403.554;1356.691;3103.645;3539.803;2789.899;153.397;2481.453;16.851;743.564;3593.740;1033.401;18.258;2640.525;316.017;2034.201;514.164;56.622;3548.649;-3.298;1621.796;1260.359;2153.321;2983.213;1740.668;1889.710;55.777;2701.170;109.144;1694.489;67.850;372.656;3448.431;1957.671;1668.867;823.282,3188.655;1444.214;809.170;1922.276;1138.291;2768.836;890.879;2867.503;2346.256;9.993;1960.729;2452.985;3590.795;3094.568;2989.691;1809.052;-1.779;3079.155;105.668;2180.825;2451.139;580.082;376.785;1981.436;1838.178;1379.310;1.241;2658.691;336.471;15.289;1174.007;1326.850;193.504;282.924;3217.130;1466.461;843.154;1848.946;760.315;3295.483;1673.428;2375.170;3590.795;1547.247;793.241;3614.274;2098.771;3594.691;3597.878;2920.178;5.060;2515.948;1149.823;639.860;1720.163;972.753;2999.259;3498.825;2.204;1086.260;1119.699;356.847;3388.879;394.392;1619.051;6.817;1023.946;3570.673;3612.998;2602.111;1476.462;13.873;2813.425;27.121;1113.438;2031.856;947.183;3581.049;2200.683;1916.295;3224.313;3293.651;590.025;-7.434;2659.694;1302.118;9.741;604.112;1635.071;477.814;732.867;2826.262;1673.751;268.593;512.835;3608.811;-2.349;2273.170;2420.927;2623.328
241,427.84628558158875,240,-561.5507516516323,561.5507516516323,0.3182904197458773,3565.613;1154.631;2872.691;10.102;59.969;2122.488;2150.729;1458.729;940.974;1785.052;1604.331;3597.790;2339.297;2013.640;2606.849;3603.306;2975.602;1385.589;3607.117;3561.707;-5.164;2277.223;3081.749;3135.631;2593.874;1896.601;274.318;3524.347;1149.028;1066.894;2721.205;3604.343;174.917;2372.227;2484.297;2761.030;3578.634;521.748;683.547;1200.865;2722.755;2956.976;1937.800;3605.551;1372.823;1127.021;2660.559;31.324;1535.549;3564.330;2783.097;306.536;609.739;1477.125;1032.677;2771.521;649.066;740.743;3181.544;2037.930;3263.190;3596.305;3613.440;603.295;2157.636;1359.225;1302.591;3191.992;3586.169;2740.161;45.758;2487.610;7.714;710.469;3573.822;987.524;22.113;2787.445;328.391;1986.076;498.055;-6.884;3590.266;6.597;1579.287;1259.801;2145.449;2941.387;1826.998;1878.671;14.653;2672.732;89.199;1646.228;25.116;360.130;3394.254;2044.654;1683.652;796.084,3118.569;1491.444;773.090;1914.678;1227.033;2765.308;880.761;2891.311;2401.040;-4.801;1905.108;2474.096;3591.559;3136.059;3043.099;1847.491;37.056;3082.809;-5.858;2206.067;2309.354;696.219;388.856;1944.149;1926.402;1339.500;15.525;2697.154;387.673;24.077;1227.190;1325.892;238.290;250.916;3302.260;1417.928;838.253;1820.051;747.687;3331.348;1659.024;2309.775;3601.088;1609.382;824.884;3586.342;2184.482;3602.813;3596.906;2932.055;-2.166;2594.811;1114.171;639.051;1742.141;977.134;2910.691;3567.965;13.811;1111.806;1141.020;256.734;3371.176;347.163;1779.838;-2.014;1023.411;3603.253;3589.638;2617.281;1385.894;2.982;2853.774;5.117;1129.691;2035.197;907.056;3572.403;2216.175;2009.889;3184.375;3274.622;610.692;7.694;2619.064;1279.690;35.618;612.614;1529.414;424.339;699.454;2827.513;1666.836;271.019;547.285;3601.954;5.518;2305.491;2381.002;2660.731
261,463.8108341693878,260,-562.0378019254354,562.0378019254354,0.25966890599635783,3584.638;1121.065;2855.351;0.373;8.545;2171.748;2117.423;1455.093;832.181;1790.490;1652.790;3606.857;2360.138;2023.010;2580.322;3589.931;2966.367;1344.086;3595.795;3587.304;54.856;2240.378;3072.804;3184.170;2624.178;1929.913;325.887;3558.135;1206.653;1027.289;2763.376;3608.684;106.143;2366.834;2482.278;2704.702;3596.721;558.070;658.299;1256.955;2684.527;2999.286;1942.006;3596.072;1412.746;1155.359;2603.087;-1.721;1567.559;3513.530;2726.057;174.712;575.426;1490.425;1046.712;2815.059;629.003;721.054;3157.984;2031.260;3253.280;3598.545;3606.338;656.847;2154.270;1295.811;1326.840;3146.234;3596.060;2798.982;3.613;2507.993;19.087;689.063;3576.424;958.910;-8.182;2792.461;336.054;2011.036;501.719;-7.282;3591.570;11.467;1544.568;1207.094;2181.065;2945.504;1847.972;1897.612;43.110;2686.279;18.111;1672.525;65.345;319.317;3334.832;2112.795;1639.295;776.009,3125.867;1419.723;785.452;1945.600;1172.394;2723.547;911.576;2907.962;2335.302;20.987;1897.138;2434.896;3593.298;3120.414;3089.718;1984.809;-3.088;3130.292;10.600;2237.010;2366.059;677.365;473.857;1854.875;1914.209;1362.819;16.928;2687.369;321.793;3.203;1241.951;1411.224;253.950;316.258;3328.770;1440.990;776.280;1823.213;845.792;3324.510;1717.213;2288.361;3595.981;1693.988;876.010;3588.273;2163.937;3604.159;3592.234;2940.381;-5.305;2618.533;1153.008;708.727;1764.609;962.932;2993.297;3590.871;37.919;1113.192;1184.816;198.956;3369.500;406.277;1760.916;93.316;1081.189;3589.987;3593.523;2648.649;1430.126;17.719;2886.452;0.579;1142.860;1980.425;905.899;3588.446;2120.192;1985.416;3157.765;3280.022;493.615;19.061;2589.884;1227.521;12.940;640.723;1533.340;317.072;737.095;2880.477;1628.706;219.217;548.593;3577.399;71.275;2328.498;2380.397;2742.604
281,499.53531551361084,280,-562.3193705733033,562.3193705733033,0.28556939381206886,3579.035;1101.742;2851.654;11.496;2.780;2160.239;2151.681;1438.553;864.426;1862.494;1585.235;3594.241;2308.611;1991.921;2579.010;3589.946;2939.216;1460.709;3598.105;3591.259;38.406;2256.853;3061.230;3200.891;2651.475;1891.302;298.724;3589.410;1145.847;983.200;2790.344;3586.550;9.961;2290.599;2403.946;2734.036;3541.919;398.829;622.447;1255.384;2721.661;3009.483;1952.673;3596.700;1371.680;1079.350;2521.235;7.686;1546.350;3594.019;2710.440;11.866;566.030;1536.095;1084.817;2811.855;726.822;675.135;3148.332;2050.815;3293.820;3591.464;3591.258;639.553;2070.173;1379.851;1272.191;3172.878;3592.161;2818.227;1.005;2443.285;13.405;639.842;3595.509;886.660;13.032;2772.433;379.953;2142.507;510.037;14.755;3590.000;10.732;1508.184;1183.488;2231.848;2957.836;1756.831;1905.940;5.140;2698.207;7.674;1649.578;110.806;324.643;3378.153;2187.431;1575.906;658.659,3120.215;1368.835;821.288;2002.025;1156.740;2660.552;879.217;2898.446;2349.333;-2.091;1802.408;2458.209;3611.203;3127.924;3159.184;2041.147;35.441;3175.914;23.230;2297.084;2389.929;667.558;431.375;1925.571;1926.403;1327.528;44.221;2687.390;376.629;20.632;1222.910;1443.470;270.989;414.764;3349.407;1493.133;828.195;1777.102;906.598;3384.199;1698.251;2304.243;3571.728;1716.101;830.602;3579.333;2147.363;3580.891;3611.264;2907.503;7.362;2698.868;1204.847;664.083;1828.612;1024.338;2955.284;3598.114;15.987;1150.000;1149.195;286.744;3329.974;339.581;1746.821;6.959;1036.723;3567.626;3596.500;2688.450;1379.803;-2.043;2958.586;-7.847;1201.209;2006.581;926.974;3579.390;2168.618;1931.637;3182.425;3202.964;571.544;-7.044;2655.032;1199.997;2.444;601.692;1533.805;333.509;749.243;2920.675;1600.750;198.537;539.436;3606.302;9.119;2364.991;2383.161;2684.061
301,535.1268193721771,300,-562.4282976337167,562.4282976337167,0.19588683686842445,3585.391;1111.755;2916.498;20.382;-7.131;2098.778;2118.941;1483.001;819.947;1855.213;1633.094;3581.837;2363.782;2043.089;2553.070;3597.530;2967.800;1457.567;3588.006;3600.407;36.315;2206.020;2994.891;3231.200;2669.905;1923.752;261.654;3607.218;1042.200;1047.452;2811.873;3597.952;9.368;2354.401;2395.017;2720.888;3580.665;394.574;630.312;1251.791;2698.229;2969.547;1912.954;3585.210;1361.033;1114.034;2488.599;0.979;1492.372;3576.341;2725.633;41.278;528.750;1477.831;1044.788;2836.516;694.504;713.888;3168.492;2028.444;3261.034;3592.864;3587.009;629.160;2080.383;1437.414;1227.471;3137.602;3562.413;2830.988;47.095;2420.428;2.825;647.164;3590.292;828.768;-3.589;2799.655;284.591;2090.782;507.765;7.938;3579.440;29.546;1480.319;1191.140;2172.018;2942.202;1734.140;1855.915;25.760;2767.258;31.937;1644.668;33.367;322.263;3408.587;2282.414;1534.512;748.039,3127.215;1428.305;816.122;2014.264;1186.748;2735.507;867.564;2862.081;2337.735;13.292;1965.524;2482.768;3598.268;3153.696;3103.387;2042.409;10.536;3154.016;-5.798;2245.730;2436.962;650.989;420.384;1912.607;1989.145;1294.196;6.762;2714.951;339.135;6.323;1278.619;1435.752;238.721;468.147;3366.131;1462.765;822.629;1695.013;859.704;3399.384;1679.201;2288.337;3590.958;1681.239;838.461;3591.769;2163.145;3600.663;3592.102;2907.312;2.857;2755.936;1263.960;640.230;1783.445;1051.776;2945.917;3574.264;51.667;1099.398;1172.806;351.791;3358.625;378.885;1636.153;5.393;1019.602;3590.276;3594.952;2711.801;1359.801;11.023;2927.093;-6.613;1148.990;1963.014;934.902;3591.719;2196.042;1952.145;3192.114;3237.964;578.413;21.933;2594.682;1254.917;34.697;616.365;1630.593;356.571;755.209;2909.167;1668.179;196.793;527.551;3552.374;23.550;2414.506;2338.549;2617.504
321,570.8347263336182,320,-562.6647219359023,562.6647219359023,0.4404957856320623,3592.609;1102.544;2895.971;-2.778;-8.308;2168.110;2069.817;1643.218;846.356;1811.558;1618.781;3598.566;2303.826;1954.553;2567.994;3598.501;2943.369;1418.450;3613.229;3597.390;-3.280;2298.731;3088.244;3225.666;2643.742;1867.239;329.660;3596.224;1060.480;1052.696;2830.437;3610.442;-3.737;2296.228;2533.718;2743.242;3541.638;464.158;603.840;1204.644;2672.584;3034.150;1859.781;3599.443;1353.475;1149.941;2432.392;-2.013;1546.588;3560.708;2667.850;82.955;563.424;1435.344;1072.363;2868.235;632.578;682.858;3198.342;2013.794;3266.268;3586.427;3598.076;636.622;2109.309;1390.093;1271.084;3220.776;3579.394;2862.858;26.846;2462.489;-3.797;644.493;3601.433;822.034;-2.647;2784.373;276.672;2099.344;522.764;11.419;3580.991;15.708;1376.970;1177.902;2165.740;2977.012;1713.475;1773.615;24.495;2757.558;-5.960;1738.999;43.377;396.980;3432.619;2284.305;1507.575;732.372,3147.975;1493.340;833.349;1987.252;1200.106;2743.965;862.178;2854.803;2375.587;2.419;2047.978;2482.490;3594.909;3133.456;3107.512;1973.670;0.696;3196.962;71.642;2237.743;2411.909;678.271;399.910;1938.009;1998.853;1375.932;-4.846;2656.613;327.582;-9.925;1255.717;1386.382;309.447;435.075;3447.104;1501.947;823.405;1674.329;820.477;3377.187;1775.836;2336.620;3574.199;1662.436;850.740;3605.572;2201.735;3587.898;3604.315;2868.077;7.803;2737.460;1262.736;644.121;1782.032;1002.784;2884.583;3613.464;23.225;1115.747;1196.005;378.508;3385.528;418.884;1484.288;6.960;1073.156;3416.292;3611.512;2717.230;1376.990;3.340;2938.585;4.894;1164.719;1970.289;948.783;3606.772;2221.384;1911.420;3197.342;3297.204;614.141;14.283;2618.584;1257.874;37.997;620.061;1736.047;398.153;779.292;2955.909;1637.928;163.580;513.065;3522.668;3.376;2479.896;2332.418;2663.508
341,606.6010026931763,340,-563.7966247568779,563.7966247568779,0.25850624460011185,3587.557;1087.429;2911.156;32.098;1.608;2258.207;2094.620;1691.209;816.911;1796.870;1589.761;3597.393;2375.803;2026.286;2560.379;3601.249;2880.872;1365.195;3608.279;3598.852;-2.418;2216.832;3069.770;3257.877;2574.246;1845.110;323.673;3574.507;1026.226;1018.215;2793.840;3601.835;24.224;2339.009;2523.687;2716.281;3589.410;468.042;599.354;1096.166;2642.018;3018.138;1876.015;3577.704;1372.255;1228.249;2498.999;6.354;1548.162;3592.830;2714.817;6.302;564.513;1510.557;967.733;2842.699;631.192;741.576;3146.191;1942.186;3308.472;3594.694;3601.950;521.517;2206.208;1331.302;1285.004;3186.384;3581.722;2906.843;3.626;2423.208;38.768;701.676;3605.161;884.945;32.599;2854.251;291.847;2053.122;503.471;31.873;3570.378;9.242;1356.575;1190.688;2169.490;2966.348;1705.847;1646.272;10.011;2793.768;2.018;1733.543;36.960;365.461;3363.358;2318.108;1513.650;699.417,3173.619;1491.637;824.023;2016.001;1162.576;2831.258;863.776;2758.265;2472.089;-2.246;1996.606;2507.532;3599.236;3218.104;3120.427;1921.115;-5.526;3136.864;22.598;2208.401;2420.568;600.648;386.391;2018.353;1944.416;1377.509;11.160;2751.820;426.092;2.892;1239.836;1452.626;248.738;380.785;3423.523;1411.309;875.949;1633.929;843.684;3373.387;1697.757;2352.336;3608.576;1719.521;838.851;3589.640;2138.873;3590.218;3607.303;2964.833;35.632;2680.986;1328.881;596.040;1773.299;1030.613;2902.254;3586.901;30.199;1092.185;1214.720;317.207;3361.614;368.619;1556.196;0.340;1074.661;3498.684;3595.778;2686.352;1447.370;11.757;3018.349;1.468;1193.378;2094.844;978.859;3597.457;2199.048;2023.683;3172.588;3321.091;621.428;-8.077;2596.191;1250.224;38.037;608.464;1716.358;341.251;740.908;2909.557;1756.172;184.220;518.045;3515.374;13.703;2531.622;2257.287;2730.489
361,642.2434823513031,360,-564.8241567814267,564.8241567814267,0.130294406430894,3559.034;1047.708;2904.686;-5.072;-1.712;2194.716;2110.017;1567.768;770.079;1776.529;1600.256;3591.731;2415.136;2050.751;2672.363;3583.786;2937.907;1303.874;3599.936;3597.951;26.287;2196.370;3060.904;3196.607;2590.667;1877.654;356.112;3587.366;972.638;960.675;2777.894;3597.272;3.173;2313.011;2494.256;2716.053;3585.600;451.531;653.396;1172.108;2672.401;3036.479;1910.148;3593.385;1378.579;1107.432;2467.330;2.600;1550.822;3579.236;2688.529;16.450;594.803;1539.777;968.782;2838.907;600.281;717.776;3155.971;2003.769;3268.542;3578.273;3592.990;500.185;2204.875;1302.111;1301.533;3201.318;3594.703;2885.552;-2.874;2455.456;-1.450;660.929;3596.468;890.555;14.063;2856.552;247.159;2054.730;507.564;18.898;3592.645;18.323;1451.081;1200.727;2181.197;2962.745;1687.978;1663.923;19.090;2800.176;8.169;1723.435;13.699;354.565;3399.549;2302.096;1531.982;691.321,3216.143;1458.070;799.850;2013.631;1209.951;2803.502;895.822;2830.262;2431.758;2.846;2007.473;2476.777;3598.882;3181.383;3108.600;1919.300;11.711;3072.975;7.690;2225.884;2452.928;666.008;324.992;2071.887;1912.124;1360.847;18.583;2713.637;538.004;2.112;1222.090;1480.968;287.292;382.729;3399.740;1456.880;891.330;1638.293;793.141;3388.429;1661.536;2412.974;3589.126;1715.734;829.656;3597.025;2208.952;3600.390;3592.792;2969.030;4.856;2649.871;1256.242;582.717;1831.653;1015.026;2940.177;3573.626;37.980;1114.473;1307.746;350.313;3365.509;343.174;1619.817;4.694;1046.019;3536.406;3592.585;2678.185;1454.707;27.236;2974.104;51.050;1136.283;2080.098;997.043;3595.044;2227.294;2015.188;3179.294;3362.897;670.762;6.480;2501.655;1313.668;19.339;595.157;1765.755;364.907;788.544;2880.719;1771.681;166.603;517.100;3537.237;0.610;2542.782;2245.587;2726.169
381,677.8069710731506,380,-563.9722626668431,563.9722626668431,0.19782610596777822,3605.567;975.730;2915.748;8.088;5.549;2215.372;2090.090;1457.407;777.236;1792.171;1641.626;3596.466;2398.239;2006.851;2673.240;3596.817;2896.842;1302.937;3594.992;3591.656;24.578;2198.453;3053.997;3134.502;2556.721;1864.335;307.152;3607.037;965.517;920.169;2792.034;3598.301;9.123;2311.334;2571.518;2744.706;3600.402;475.318;659.648;1192.457;2663.698;3008.419;1960.426;3596.508;1454.805;1106.692;2530.501;-7.780;1554.221;3586.793;2667.213;33.250;501.839;1548.231;1005.494;2816.200;598.616;723.338;3155.078;1989.305;3249.508;3602.336;3573.270;540.501;2150.307;1242.964;1302.357;3237.527;3572.985;2867.479;12.923;2384.193;-4.406;587.705;3598.327;909.769;4.213;2838.620;302.489;2046.518;503.003;7.185;3580.350;12.597;1519.609;1274.020;2149.556;2968.498;1685.467;1610.537;21.649;2766.955;-1.204;1743.924;10.357;381.631;3342.714;2281.593;1604.707;647.146,3171.579;1415.387;787.955;2058.001;1259.608;2764.672;932.762;2825.486;2384.220;8.896;1987.622;2451.176;3600.055;3239.295;3108.924;2015.536;14.999;3103.661;6.955;2278.931;2473.404;688.179;353.200;2072.534;1944.064;1404.461;15.544;2701.352;585.182;5.834;1222.058;1446.513;273.079;408.541;3408.356;1429.500;904.141;1651.960;857.857;3342.892;1710.298;2397.574;3592.545;1654.472;761.279;3598.904;2179.613;3600.436;3594.840;2940.000;24.273;2732.446;1190.941;503.198;1806.916;958.277;2908.305;3597.653;-5.471;1107.125;1359.367;301.341;3347.699;406.055;1623.293;5.018;1049.360;3586.567;3590.967;2694.520;1498.093;54.449;3035.132;4.462;1124.214;2090.437;983.698;3588.145;2191.622;2015.545;3202.118;3299.153;701.672;23.061;2575.945;1387.403;3.627;579.325;1706.215;299.729;781.910;2924.408;1728.120;182.785;569.903;3586.250;33.871;2461.983;2303.412;2661.979
401,713.578284740448,400,-564.8274768786039,564.8274768786039,0.306621465816223,3593.720;968.386;2924.675;0.331;3.412;2217.276;2062.510;1457.124;781.221;1761.416;1637.441;3601.793;2477.050;2001.871;2642.223;3594.910;2924.883;1356.827;3595.759;3581.906;12.839;2177.225;3033.194;3141.985;2563.961;1870.085;160.301;3592.624;891.786;918.828;2786.282;3601.796;56.275;2310.136;2480.449;2748.306;3580.534;465.542;688.813;1143.044;2689.504;3002.039;1958.263;3592.575;1479.040;1137.312;2491.062;4.585;1558.325;3594.594;2620.508;22.217;542.201;1537.388;955.930;2835.588;630.396;631.976;3144.986;1984.150;3220.553;3600.264;3595.470;605.765;2235.111;1278.174;1378.755;3205.246;3583.461;2918.214;-5.205;2396.344;-12.305;572.468;3580.966;906.085;9.784;2856.825;306.295;2075.058;589.876;10.496;3595.084;-4.767;1502.218;1263.441;2150.054;2981.202;1659.827;1629.265;25.492;2792.784;14.749;1687.761;15.012;395.920;3392.148;2337.904;1555.067;664.200,3127.914;1466.604;779.947;2064.775;1237.784;2816.933;933.319;2827.649;2349.471;-6.436;1984.720;2518.105;3598.522;3266.120;3128.258;2012.367;16.748;3064.037;38.406;2257.146;2462.666;701.811;402.984;2071.104;1941.923;1371.854;84.432;2721.687;543.112;4.318;1184.190;1489.426;361.308;440.493;3412.644;1462.115;912.091;1642.427;879.376;3382.269;1671.092;2361.403;3578.731;1698.443;776.116;3609.861;2212.128;3596.087;3534.377;2920.961;2.522;2763.231;1206.340;535.220;1824.368;957.418;2894.125;3573.730;9.149;1154.412;1353.312;343.500;3387.575;428.499;1649.538;11.786;976.398;3594.825;3599.414;2675.624;1533.933;61.964;3010.624;2.232;1227.257;2083.639;984.816;3570.447;2154.668;2058.180;3154.635;3279.003;684.077;-5.636;2583.167;1373.448;20.668;594.137;1739.374;328.525;770.805;2874.466;1744.263;160.513;554.990;3573.697;-9.830;2492.300;2269.111;2656.848
421,749.4255263805389,420,-564.4927083093012,564.4927083093012,0.26701128699593635,3588.262;961.674;2935.170;0.061;2.006;2233.653;2070.900;1417.180;777.763;1763.173;1639.369;3588.937;2430.629;2054.771;2635.928;3584.050;2916.801;1322.776;3599.072;3583.806;13.318;2175.918;3069.067;3119.830;2585.727;1848.816;168.708;3587.537;806.823;871.397;2841.112;3577.707;36.222;2277.456;2559.611;2739.943;3551.486;419.442;684.939;1173.697;2651.852;3035.895;1899.969;3597.047;1449.237;1106.511;2469.624;6.371;1556.039;3583.149;2692.606;13.724;626.429;1513.866;1073.336;2864.453;611.677;704.168;3169.777;2023.417;3216.425;3589.341;3576.388;713.133;2239.418;1274.785;1375.973;3277.174;3583.563;2866.259;4.205;2391.453;-2.918;549.230;3575.107;897.000;2.358;2956.436;198.764;2008.916;550.428;-1.349;3600.260;7.932;1494.618;1245.917;2164.265;3002.358;1724.473;1603.501;3.568;2801.984;13.949;1715.392;-0.039;375.994;3352.677;2267.386;1574.197;680.369,3104.839;1548.445;803.940;1998.066;1264.765;2752.254;881.882;2824.000;2413.730;-0.744;1985.565;2519.718;3603.129;3295.272;3203.785;1982.999;2.621;3056.505;23.820;2294.027;2546.923;670.531;400.707;2065.878;1970.306;1387.266;75.555;2719.279;640.003;0.931;1192.685;1454.724;352.545;463.202;3423.576;1473.404;882.618;1626.485;914.526;3395.797;1737.576;2394.959;3563.591;1713.196;771.232;3608.564;2242.352;3602.055;3512.464;2930.288;29.931;2766.101;1161.173;554.169;1822.836;978.625;2884.414;3592.552;-4.321;1111.752;1367.369;329.831;3283.951;336.926;1536.727;62.116;1000.814;3612.373;3590.960;2637.248;1478.138;129.326;3014.857;25.702;1269.340;2101.996;1015.630;3532.236;2210.846;2055.929;3119.530;3353.953;662.958;-9.485;2646.833;1261.757;66.004;626.918;1718.570;347.128;773.373;2869.971;1747.787;167.140;537.989;3510.862;13.937;2510.374;2370.402;2663.421
441,785.1865022182465,440,-565.0376401138615,565.0376401138615,0.13669348551835062,3564.574;1055.798;2935.327;-7.098;14.374;2210.248;2074.097;1411.719;775.219;1743.953;1651.201;3590.049;2462.522;2045.020;2684.488;3592.257;2944.212;1270.701;3597.142;3591.075;54.848;2143.915;3067.870;3210.998;2551.518;1813.167;219.373;3593.087;759.696;887.301;2794.021;3590.462;81.002;2261.842;2531.484;2748.790;3593.222;472.752;676.310;1200.136;2631.820;3025.811;1935.265;3539.884;1442.247;1116.746;2475.252;0.552;1538.120;3595.104;2682.127;8.373;604.131;1522.694;957.953;2876.087;575.756;768.952;3136.602;1975.386;3173.113;3585.811;3546.998;720.429;2253.479;1211.336;1325.082;3284.324;3584.354;2904.513;4.840;2410.142;17.773;534.410;3599.095;884.553;10.311;2903.861;142.501;1990.680;499.462;19.939;3545.182;7.406;1475.043;1226.889;2168.552;2995.086;1742.421;1608.343;14.148;2802.317;0.498;1671.914;15.704;399.978;3369.710;2290.582;1565.467;694.975,3111.608;1558.011;814.523;1971.287;1274.040;2801.383;914.411;2856.057;2399.432;7.421;2029.454;2528.151;3605.767;3276.056;3153.014;1990.298;10.285;3102.136;19.504;2266.374;2526.991;656.477;422.124;2077.651;1970.260;1409.816;39.137;2723.146;690.204;3.443;1259.531;1464.249;387.181;482.903;3407.285;1564.113;991.531;1656.171;958.702;3336.629;1786.695;2364.409;3592.437;1697.440;763.661;3596.342;2220.364;3589.212;3603.217;2921.304;32.416;2759.128;1163.738;514.462;1879.614;984.948;2868.368;3598.850;4.167;1067.624;1307.259;352.691;3276.308;293.397;1479.753;9.595;927.107;3593.329;3591.400;2680.506;1488.809;63.245;3109.610;24.571;1208.081;2148.516;1020.500;3569.389;2234.424;2084.864;3146.575;3385.078;674.650;10.510;2642.446;1213.403;2.435;599.950;1707.613;356.506;826.776;2901.122;1719.590;160.813;566.427;3548.593;-0.610;2537.912;2347.239;2653.545
461,821.0655980110168,460,-565.5403080870967,565.5403080870967,0.1935323070649877,3578.596;1086.237;2905.537;51.585;21.779;2091.383;2055.494;1414.867;772.927;1730.415;1642.659;3572.745;2439.496;2030.104;2687.190;3597.501;2913.833;1310.196;3598.034;3607.602;19.494;2137.147;3106.074;3112.137;2558.541;1852.233;225.354;3572.992;687.643;879.508;2791.552;3589.525;60.073;2249.201;2552.672;2708.717;3582.756;453.967;662.721;1212.741;2647.441;3068.021;1926.571;3596.381;1418.390;1104.630;2487.872;4.009;1552.351;3590.276;2619.209;7.740;629.635;1521.285;954.644;2886.069;567.633;738.553;3167.444;1972.810;3078.247;3570.874;3592.377;737.326;2315.153;1253.556;1327.648;3294.829;3589.334;2984.456;1.369;2412.620;4.473;519.086;3604.803;875.957;23.693;2888.673;18.355;2037.622;525.358;2.938;3599.007;-1.203;1505.812;1229.361;2141.302;2982.910;1667.957;1615.153;1.413;2786.154;39.925;1670.079;3.885;371.539;3383.687;2345.472;1586.232;668.568,3165.878;1541.858;786.325;1993.324;1263.649;2832.238;923.576;2885.726;2376.232;-1.988;2032.912;2486.544;3600.401;3291.496;3133.417;1974.252;36.371;3083.206;5.853;2217.699;2492.529;686.342;380.594;2077.559;1996.587;1406.571;41.471;2726.314;650.245;8.718;1241.067;1496.925;375.854;429.088;3398.886;1628.947;946.371;1630.042;889.519;3318.455;1801.487;2388.541;3591.746;1684.942;723.794;3595.966;2232.750;3598.053;3597.708;2929.876;76.152;2741.660;1224.390;521.431;1890.945;976.501;2919.740;3584.158;25.980;1132.499;1352.816;380.397;3326.349;281.534;1451.789;12.132;946.939;3598.628;3596.250;2672.381;1527.747;-3.036;3038.835;-9.670;1197.926;2160.676;997.285;3552.707;2230.653;2025.822;3150.995;3359.383;694.648;50.034;2650.316;1215.233;26.559;613.358;1738.899;361.814;820.959;2907.246;1715.611;174.395;587.124;3568.000;5.098;2575.436;2432.857;2618.759
481,856.9508397579193,480,-566.382049107573,566.382049107573,0.30444784531949587,3592.687;1092.182;2918.252;9.659;17.975;2160.860;2073.758;1401.190;764.740;1748.927;1663.988;3593.679;2462.204;2065.916;2694.322;3604.235;2852.040;1291.721;3598.155;3594.158;-1.483;2146.264;3104.233;3186.401;2556.577;1824.607;235.402;3594.280;646.563;901.946;2767.362;3577.212;7.325;2246.177;2541.287;2714.682;3590.986;483.049;660.025;1204.991;2640.769;3044.322;1936.414;3602.386;1423.311;1103.768;2457.823;21.144;1593.563;3567.253;2637.597;6.939;535.742;1512.157;979.489;2827.462;591.042;758.698;3177.950;1975.728;3118.069;3595.682;3603.511;765.998;2258.334;1259.731;1340.840;3272.360;3606.259;2925.997;37.363;2380.550;-6.365;574.462;3594.304;857.573;-2.459;2904.896;2.112;2123.573;483.775;6.107;3587.835;-4.275;1478.008;1218.215;2104.399;3013.247;1700.385;1591.029;30.068;2792.659;1.023;1684.507;24.036;364.974;3345.920;2313.511;1585.880;657.206,3152.550;1571.904;809.628;2013.144;1265.673;2893.774;842.922;2859.324;2398.612;5.477;2081.939;2535.826;3602.020;3258.456;3134.837;1992.892;28.443;3079.413;9.888;2277.762;2401.566;604.587;424.359;2029.503;1990.552;1471.172;6.361;2735.066;609.844;23.885;1280.400;1440.588;341.225;409.666;3411.590;1591.899;944.368;1699.001;944.324;3394.479;1820.192;2366.879;3578.077;1694.296;747.427;3597.441;2206.812;3594.012;3529.544;2956.456;30.073;2724.319;1244.016;549.762;1881.616;1032.801;2948.102;3607.399;-10.285;1131.801;1381.190;351.314;3358.972;366.627;1395.908;4.032;942.951;3597.877;3599.084;2640.046;1515.074;59.953;3013.826;-7.818;1183.034;2175.013;1004.461;3598.256;2209.257;2023.686;3216.803;3282.651;652.315;20.384;2628.386;1254.314;-10.009;636.117;1783.427;360.211;730.388;2906.528;1755.840;187.364;517.869;3571.536;19.566;2512.801;2396.395;2612.231
501,892.811238527298,500,-566.0877216673305,566.0877216673305,0.2606314168396885,3588.699;1083.800;2942.950;3.844;31.891;2099.334;2099.963;1399.300;707.546;1698.175;1624.328;3587.005;2477.712;2001.215;2675.707;3605.600;2924.775;1335.817;3595.171;3595.933;-4.464;2158.687;3066.741;3236.563;2546.598;1809.845;238.499;3593.392;704.515;814.330;2757.267;3595.620;4.374;2257.534;2532.711;2704.065;3605.304;524.137;636.440;1274.207;2647.655;3019.904;1952.469;3590.237;1423.511;1157.878;2482.941;-1.776;1577.430;3580.526;2621.667;1.469;587.175;1523.640;1002.805;2810.739;578.875;727.247;3172.554;1914.814;3130.922;3598.819;3589.829;777.022;2266.780;1245.801;1317.913;3309.680;3588.678;2921.258;10.906;2344.729;17.471;531.174;3597.988;863.141;-1.518;2977.301;19.567;2159.126;515.709;6.745;3596.064;-9.214;1480.501;1158.488;2119.727;3002.066;1677.470;1597.468;28.972;2776.998;1.374;1676.449;20.884;348.497;3380.594;2317.310;1571.041;642.172,3122.010;1544.191;830.446;1961.324;1256.400;2957.906;889.324;2839.522;2449.733;-1.435;2042.491;2521.520;3594.314;3206.496;3116.941;1993.935;5.917;3059.018;35.667;2307.496;2463.769;599.618;445.556;2024.646;2029.940;1518.929;70.741;2726.455;653.681;16.909;1269.854;1452.356;322.051;393.356;3415.308;1583.879;850.959;1719.844;982.299;3352.329;1798.753;2399.970;3598.315;1620.937;723.776;3611.949;2227.524;3578.397;3597.608;2941.933;25.925;2739.445;1266.336;553.319;1853.063;1050.466;2953.755;3593.723;5.285;1128.875;1379.252;350.096;3313.607;278.041;1418.692;13.557;893.096;3597.133;3595.008;2677.527;1536.061;-2.517;3017.347;12.975;1160.021;2131.846;1037.686;3576.760;2238.097;2010.339;3172.205;3263.493;640.387;7.554;2606.595;1206.126;10.930;615.995;1810.361;381.137;761.035;2898.990;1740.023;187.481;566.766;3604.700;12.290;2561.996;2332.879;2717.875
601,1071.8496930599213,600,-566.0927023358042,566.0927023358042,0.12428317062162639,3596.186;1098.932;2977.746;8.704;4.513;2136.367;2035.939;1361.260;798.022;1728.841;1646.015;3593.237;2492.848;2008.583;2698.218;3590.690;2927.627;1233.046;3595.650;3600.067;1.990;2186.089;3077.093;3174.310;2570.436;1811.708;245.486;3591.914;620.501;914.171;2805.718;3589.416;-0.235;2377.674;2598.269;2708.597;3599.815;428.715;563.516;1187.364;2601.855;3006.541;1981.484;3600.138;1347.346;1077.464;2453.617;19.139;1616.981;3604.923;2650.692;9.941;514.140;1446.880;1036.122;2884.165;589.917;762.968;3162.153;1914.757;3261.722;3583.235;3578.010;730.673;2307.785;1218.646;1271.492;3328.126;3596.760;2884.158;6.550;2370.883;12.022;574.573;3564.244;930.706;6.855;2983.806;8.952;2061.387;480.871;9.020;3582.311;2.468;1476.807;1207.615;2039.644;3029.461;1668.261;1560.138;-2.014;2810.747;2.851;1672.061;2.776;321.983;3392.251;2221.516;1584.492;708.641,3140.585;1492.020;835.735;2027.670;1268.178;2960.666;900.650;2896.307;2332.405;7.153;2100.260;2512.815;3600.613;3195.344;3224.315;2055.015;-0.461;3160.130;49.574;2280.737;2508.621;644.030;383.251;2002.834;1964.275;1491.347;63.355;2727.989;633.431;2.551;1250.151;1530.505;323.970;322.818;3443.151;1508.283;926.698;1701.474;930.848;3338.356;1743.497;2426.086;3554.990;1777.208;807.630;3606.196;2193.174;3557.445;3592.061;2948.815;32.599;2749.732;1388.772;609.732;1767.335;1017.581;2862.733;3592.883;-0.483;1133.392;1395.508;481.283;3332.384;410.072;1369.394;39.780;993.240;3573.762;3603.219;2682.438;1538.653;25.399;3022.355;10.676;1168.534;2018.213;1035.347;3589.534;2252.521;2064.867;3255.052;3330.134;739.527;7.579;2653.101;1237.748;3.559;641.267;1790.606;369.297;799.309;2976.014;1776.360;215.010;552.874;3599.548;-0.248;2632.155;2385.726;2591.584
701,1250.8382329940796,700,-567.2699045019772,567.2699045019772,0.2856162353250236,3608.983;1072.297;2926.337;25.455;-4.907;2081.983;2108.672;1381.423;836.506;1661.789;1594.364;3594.203;2496.952;2045.901;2734.891;3608.574;2980.569;1278.973;3592.444;3586.592;12.313;2200.619;3007.515;3077.895;2633.045;1768.758;172.731;3591.078;634.150;921.032;2840.708;3601.437;35.645;2282.337;2580.540;2784.957;3584.489;514.346;598.197;1222.109;2716.991;3004.378;1990.650;3579.690;1345.355;1158.131;2416.379;2.654;1618.921;3592.063;2682.949;0.924;557.299;1455.192;993.497;2890.323;679.731;701.548;3181.226;1939.245;3411.739;3601.117;3585.162;636.485;2294.448;1252.033;1257.823;3287.886;3593.020;2910.517;6.078;2349.690;-7.866;651.806;3590.938;901.414;-3.889;2938.873;2.554;2073.604;486.035;-3.614;3597.786;-6.170;1459.204;1168.585;2071.836;2961.672;1691.568;1531.135;19.390;2822.103;1.993;1589.445;-1.087;382.213;3506.958;2244.686;1521.261;753.138,3139.714;1525.306;844.177;2031.997;1237.659;2970.217;883.230;2923.468;2344.327;0.094;2078.358;2555.151;3598.255;3269.425;3132.377;2117.606;12.326;3107.732;195.072;2343.613;2486.148;659.343;421.321;2051.492;2037.357;1419.882;106.678;2762.047;714.369;19.065;1272.660;1579.573;350.986;414.528;3397.249;1520.475;917.864;1769.295;951.150;3388.146;1763.105;2344.023;3600.640;1882.082;802.098;3596.565;2301.160;3591.010;3594.420;2964.691;14.451;2738.881;1275.495;605.905;1818.242;1035.522;2899.177;3588.315;5.230;1132.557;1456.411;479.313;3346.314;390.409;1447.209;4.320;1001.419;3593.247;3595.578;2630.338;1489.953;42.075;2975.227;5.056;1169.740;2083.241;995.286;3591.256;2274.025;2003.127;3216.579;3287.628;731.916;-5.855;2672.381;1239.926;1.379;637.002;1727.245;404.386;780.884;2907.627;1776.027;219.079;546.267;3566.903;-8.146;2605.388;2389.641;2628.344
801,1429.5334436893463,800,-567.7844917539333,567.7844917539333,0.17087272802797146,3600.141;1083.850;2936.729;28.436;1.378;2107.865;2087.234;1392.336;774.411;1657.140;1615.824;3595.511;2500.380;2038.403;2687.118;3601.948;3004.680;1306.544;3600.857;3585.360;-2.922;2176.979;3093.122;3084.267;2555.112;1839.695;132.170;3575.908;707.901;892.092;2845.433;3601.353;40.272;2275.026;2601.524;2769.011;3597.825;478.111;635.962;1223.719;2673.246;2992.200;1935.194;3602.798;1333.644;1148.959;2287.717;16.101;1580.001;3592.392;2693.465;21.380;562.802;1409.596;995.073;2905.811;585.277;768.430;3259.504;1952.242;3403.277;3599.837;3578.957;638.756;2154.948;1144.717;1237.366;3279.095;3605.855;2892.903;0.116;2396.617;4.639;583.486;3583.880;883.324;3.169;2901.883;11.520;2193.908;506.581;-5.119;3577.340;-3.016;1469.753;1176.793;2084.740;3003.027;1720.459;1502.141;-5.573;2799.079;8.357;1588.553;11.148;384.417;3566.160;2200.559;1533.839;669.693,3154.480;1584.814;862.966;2045.148;1237.212;2993.638;903.719;2889.010;2415.588;2.126;2137.419;2550.921;3598.339;3253.422;3184.476;2114.904;-0.042;3108.810;254.425;2314.479;2475.297;643.222;353.336;2147.362;2028.038;1426.737;136.076;2738.740;658.143;12.968;1265.131;1601.752;409.564;424.202;3409.523;1504.156;979.933;1663.111;968.606;3334.640;1748.227;2387.869;3587.567;1840.215;809.065;3603.270;2431.972;3599.499;3591.332;2941.740;3.130;2719.187;1357.391;591.310;1874.356;1053.096;2947.318;3591.718;4.472;1145.955;1452.709;547.663;3342.475;328.119;1551.763;22.016;1000.873;3595.108;3595.138;2634.836;1500.042;7.226;2987.510;16.499;1182.379;2169.626;1010.470;3594.234;2224.805;1935.207;3228.960;3286.097;784.212;14.426;2693.377;1242.761;16.924;617.217;1803.420;345.847;799.165;2934.868;1744.988;191.644;582.724;3594.974;-3.656;2678.730;2439.544;2674.661
901,1608.4338555335999,900,-568.1715539555266,568.1715539555266,0.13185929905197377,3584.482;1099.153;2925.540;6.089;3.679;2073.299;2083.808;1443.016;770.195;1619.120;1649.757;3585.320;2514.927;1977.724;2672.431;3602.702;2948.519;1363.126;3595.277;3587.457;3.872;2203.474;3098.907;3107.331;2573.584;1815.728;184.986;3598.476;659.061;884.476;2817.356;3599.042;34.381;2330.850;2604.491;2786.340;3589.124;436.968;608.933;1258.047;2695.215;2969.030;1950.394;3598.662;1341.303;1142.376;2352.809;-1.546;1558.316;3582.310;2629.023;3.002;566.826;1431.668;994.155;2902.434;580.306;755.078;3240.996;1960.240;3417.366;3599.745;3580.648;635.527;2134.651;1223.626;1238.790;3321.146;3594.821;2873.620;11.603;2353.940;3.791;600.466;3582.651;874.546;3.534;2980.904;-0.794;2184.286;476.117;0.952;3603.049;0.027;1485.052;1188.723;1985.523;2992.311;1681.505;1500.090;0.976;2769.610;-0.584;1571.895;15.007;337.363;3599.699;2196.601;1522.358;673.103,3134.942;1510.656;837.071;2012.786;1244.949;3009.603;904.318;2897.624;2426.177;0.377;2169.618;2580.574;3589.692;3288.398;3200.023;2148.840;1.330;3097.125;204.362;2335.927;2479.652;655.081;388.879;2109.638;2010.497;1419.641;73.891;2755.884;701.242;1.580;1253.545;1587.103;369.163;423.680;3395.800;1502.333;942.070;1690.683;982.380;3346.647;1703.209;2413.075;3598.993;1891.186;785.446;3595.350;2391.590;3588.189;3598.216;2945.453;2.286;2720.541;1319.733;589.798;1865.898;1060.478;2904.077;3579.792;24.071;1128.394;1450.333;502.320;3341.735;330.476;1550.104;30.019;1003.399;3587.867;3598.246;2648.303;1538.080;6.521;2973.153;-3.902;1187.222;2151.671;1024.570;3600.633;2253.419;1922.929;3269.510;3272.704;745.682;-5.509;2688.647;1270.881;2.041;638.611;1823.707;377.059;790.509;2947.092;1742.057;195.093;594.079;3604.676;1.010;2733.180;2458.196;2660.219
1001,1787.023452758789,1000,-568.261538111695,568.261538111695,0.08712938268355643,3583.106;1078.040;2927.241;4.851;-1.212;2082.863;2118.762;1392.918;768.298;1630.142;1605.313;3598.556;2500.204;1995.050;2669.916;3602.499;2952.955;1352.822;3598.733;3596.468;0.238;2208.542;3073.694;3087.626;2575.631;1822.620;167.371;3588.192;660.733;874.890;2823.591;3596.485;61.519;2323.787;2581.792;2750.869;3579.031;423.253;638.949;1247.665;2681.553;2939.644;1936.032;3601.121;1347.301;1166.549;2417.003;0.578;1536.096;3585.258;2627.507;5.902;617.416;1419.390;988.532;2879.608;614.236;753.417;3272.771;2001.872;3451.970;3595.257;3593.686;652.510;2109.813;1217.725;1275.392;3322.710;3593.035;2846.417;2.801;2339.352;4.899;590.311;3577.545;862.651;5.278;2982.001;4.466;2109.033;452.583;-0.202;3598.334;-2.675;1487.501;1183.543;2022.186;2995.631;1709.694;1520.453;5.104;2793.069;4.039;1555.110;27.600;363.789;3599.566;2192.220;1543.663;710.153,3124.939;1593.497;858.729;2055.950;1289.028;2993.304;867.288;2882.869;2371.230;1.462;2231.714;2530.466;3597.825;3315.867;3170.708;2124.801;1.231;3109.939;219.317;2327.042;2523.922;666.550;428.045;2080.949;2003.916;1382.917;95.293;2736.420;669.952;-0.626;1241.309;1642.159;410.467;375.215;3415.512;1442.909;944.929;1680.671;943.528;3341.058;1709.002;2443.003;3594.341;1898.977;804.183;3603.833;2352.342;3601.201;3599.087;2937.691;-0.021;2767.164;1344.343;613.137;1900.940;1015.701;2866.531;3598.273;1.844;1081.948;1433.028;481.449;3341.344;352.715;1537.354;-2.377;1003.484;3599.240;3589.187;2735.056;1507.349;2.328;3028.753;11.429;1182.236;2151.492;1031.769;3574.887;2281.667;1929.748;3269.244;3290.074;720.738;10.548;2688.283;1317.859;9.956;702.664;1823.235;410.623;795.075;2956.626;1797.478;180.963;608.325;3594.921;2.044;2705.732;2456.649;2608.237
1101,1965.4333140850067,1100,-569.1849988977884,569.1849988977884,0.06081008034531866,3594.126;1104.148;2947.707;7.957;5.553;2062.234;2133.327;1434.083;771.693;1611.131;1623.887;3598.027;2513.896;2026.973;2690.574;3598.715;2947.967;1347.264;3603.000;3597.548;0.612;2232.978;3056.407;3068.731;2571.811;1873.133;183.779;3597.491;649.084;843.480;2824.842;3593.318;24.744;2350.905;2591.816;2776.830;3598.112;392.001;642.439;1268.368;2732.017;2933.268;1967.510;3593.696;1352.346;1148.406;2387.951;-1.008;1559.967;3598.426;2579.480;0.596;593.192;1424.088;981.671;2894.733;608.066;749.641;3259.384;2031.426;3593.433;3598.939;3590.285;650.603;2124.375;1203.712;1261.268;3328.913;3599.746;2851.391;0.334;2327.989;-0.750;548.682;3596.115;873.341;-1.208;2951.033;1.531;2132.422;463.386;-1.757;3595.506;4.033;1482.029;1208.677;1999.020;2999.607;1622.303;1479.447;3.055;2790.479;7.189;1570.514;8.152;392.479;3600.323;2222.244;1535.408;707.684,3118.254;1582.878;837.937;2078.795;1234.712;3002.607;855.850;2895.062;2360.984;1.450;2219.927;2523.626;3598.528;3285.228;3200.045;2086.503;-0.074;3124.879;201.799;2296.456;2516.834;642.076;404.454;2146.987;2025.077;1384.934;84.360;2722.129;668.240;0.441;1239.457;1639.975;403.312;378.751;3410.749;1451.532;954.133;1706.687;949.324;3340.647;1707.214;2455.234;3595.284;1878.819;829.335;3598.470;2358.934;3598.006;3599.436;2916.279;8.161;2777.519;1352.174;636.817;1868.772;1041.066;2905.247;3581.757;7.626;1093.145;1415.624;490.025;3336.189;326.042;1542.955;2.228;1066.146;3593.158;3601.295;2773.246;1506.270;3.462;3015.830;3.995;1185.403;2115.878;1033.935;3598.459;2310.897;1931.924;3221.586;3374.046;728.818;-1.326;2702.486;1281.924;2.542;629.086;1814.383;436.251;824.190;2963.713;1863.575;191.208;598.438;3597.634;1.809;2677.981;2491.918;2634.653
1201,2143.660254240036,1200,-569.2544479993132,569.2544479993132,0.05368030618738971,3586.987;1084.997;2944.059;9.005;4.180;2105.924;2130.297;1389.320;795.970;1628.436;1613.939;3595.847;2516.218;2032.030;2671.754;3587.943;2945.110;1325.701;3592.749;3593.347;-1.856;2209.421;3066.950;3076.531;2562.949;1881.102;179.776;3593.435;666.811;814.235;2836.198;3592.105;52.650;2323.597;2591.892;2766.917;3590.335;396.219;626.008;1229.736;2676.735;2948.106;1945.633;3599.534;1360.753;1140.039;2409.021;0.329;1574.024;3596.912;2604.518;2.740;548.746;1432.063;983.878;2900.026;582.451;778.151;3251.236;2024.116;3598.100;3596.644;3590.256;650.007;2136.215;1156.654;1273.704;3328.383;3593.899;2839.114;-0.479;2331.787;1.404;525.868;3598.277;874.599;7.671;3002.069;0.897;2083.842;467.916;1.589;3597.039;-0.425;1450.018;1184.805;1965.238;2987.350;1686.938;1492.015;0.320;2777.482;18.452;1571.949;9.533;373.405;3600.491;2247.403;1529.549;697.539,3103.597;1570.918;834.828;2095.071;1279.420;2990.342;860.396;2924.981;2357.415;-1.086;2244.115;2520.154;3600.521;3299.622;3198.043;2071.448;1.993;3112.544;224.308;2305.546;2527.902;634.754;398.957;2165.872;1998.002;1375.932;91.608;2720.954;652.373;0.079;1230.429;1632.689;418.880;374.908;3421.760;1481.541;954.167;1661.848;970.826;3347.921;1739.444;2472.108;3601.930;1853.793;821.169;3595.786;2336.444;3598.260;3600.644;2920.616;1.099;2744.177;1351.432;628.311;1882.356;1067.839;2919.769;3599.108;2.138;1072.703;1429.225;449.073;3307.001;321.455;1555.395;12.088;1034.521;3594.991;3601.891;2748.178;1508.156;1.553;3025.007;-0.690;1193.951;2143.730;1032.538;3599.784;2318.394;1954.466;3234.890;3359.267;699.096;-0.902;2687.146;1299.775;0.196;628.836;1811.794;432.506;829.902;2976.254;1879.004;220.662;607.300;3591.910;4.091;2692.649;2462.498;2637.986
1301,2321.7809629440308,1300,-569.4708319310555,569.4708319310555,0.027552774264971207,3599.267;1087.369;2933.872;9.127;1.328;2099.743;2124.955;1389.213;772.691;1626.877;1597.562;3588.039;2510.043;2015.671;2679.008;3595.554;2963.694;1332.202;3599.434;3596.828;-0.680;2211.259;3041.594;3077.661;2575.657;1861.798;180.046;3600.021;658.040;840.400;2849.526;3596.479;6.475;2346.196;2585.887;2784.475;3601.004;386.434;620.154;1244.871;2689.306;2949.049;1927.038;3598.808;1339.592;1131.608;2405.607;-0.717;1543.222;3589.308;2596.252;1.486;566.184;1431.871;986.071;2902.173;591.003;754.483;3255.657;2018.698;3588.828;3599.152;3587.432;612.771;2117.835;1173.133;1264.822;3326.957;3598.221;2866.276;1.081;2304.201;1.059;564.251;3599.054;870.050;4.712;3002.840;0.278;2079.581;462.661;1.772;3597.798;0.791;1454.258;1168.699;1968.200;2974.656;1673.494;1524.932;3.483;2772.814;9.667;1575.709;2.827;362.737;3599.730;2243.618;1536.164;681.728,3098.223;1594.797;830.429;2106.441;1270.280;3002.371;863.508;2896.653;2337.274;-0.068;2232.000;2503.861;3600.022;3299.769;3228.072;2076.937;1.483;3087.460;222.591;2310.643;2532.137;643.215;378.230;2142.821;2019.147;1353.178;83.678;2711.905;649.172;0.870;1250.794;1640.892;390.329;389.317;3429.945;1521.425;977.412;1676.419;986.506;3359.933;1743.078;2487.093;3601.196;1869.980;817.779;3598.458;2336.501;3598.533;3597.934;2910.419;1.102;2725.845;1355.730;623.078;1876.980;1044.542;2922.232;3600.475;0.923;1072.060;1424.576;492.033;3298.089;347.313;1562.440;1.737;1017.644;3599.470;3600.417;2765.017;1535.713;1.210;3009.561;1.115;1218.078;2117.506;1027.636;3599.902;2312.333;1957.549;3229.877;3346.201;734.016;-0.118;2691.676;1304.425;1.036;605.551;1816.371;424.802;798.739;2985.773;1865.772;231.179;630.616;3597.766;1.805;2652.861;2485.644;2667.410
1401,2498.6675696372986,1400,-569.5597420496822,569.5597420496822,0.021941612946619796,3589.090;1088.444;2938.172;5.645;3.219;2105.283;2123.571;1398.908;766.554;1630.166;1601.637;3596.187;2504.625;2014.637;2663.977;3599.175;2946.980;1314.249;3599.109;3600.282;1.940;2212.504;3051.895;3077.886;2562.959;1860.419;168.236;3599.704;642.230;846.153;2851.073;3599.248;12.026;2335.022;2596.228;2776.932;3600.469;392.300;607.699;1231.392;2683.124;2977.589;1941.432;3596.549;1358.218;1134.559;2407.176;0.042;1542.087;3595.653;2603.582;5.075;534.206;1440.862;966.017;2905.290;593.581;749.810;3258.691;2015.627;3599.880;3599.903;3585.257;628.922;2112.926;1194.925;1263.496;3332.907;3600.667;2868.956;0.992;2300.876;0.138;566.712;3599.405;872.606;5.504;3006.843;2.080;2089.600;473.852;1.409;3599.366;1.325;1467.546;1185.157;1952.540;2993.204;1665.939;1518.616;0.141;2758.294;7.643;1566.295;2.444;366.005;3600.485;2250.068;1531.568;685.815,3101.335;1569.148;851.684;2101.224;1281.459;2984.544;861.292;2892.217;2360.259;1.062;2233.548;2525.240;3599.461;3321.541;3223.273;2060.963;-0.028;3091.025;228.178;2291.963;2536.657;632.350;385.190;2177.229;2021.613;1360.092;95.095;2726.708;652.274;0.222;1243.475;1636.927;379.859;381.077;3420.009;1515.320;995.277;1661.871;987.293;3328.712;1762.341;2459.000;3600.913;1854.241;824.392;3600.540;2351.596;3599.038;3599.608;2928.236;2.044;2738.143;1330.972;617.256;1863.270;1055.897;2912.636;3599.757;2.281;1071.859;1426.771;480.002;3301.520;356.412;1550.558;-0.374;1048.249;3599.091;3600.432;2748.134;1538.317;0.778;3026.745;0.289;1236.986;2113.231;1022.949;3597.405;2318.728;1936.706;3223.730;3349.936;722.579;0.122;2686.358;1312.949;1.020;626.343;1824.145;420.505;813.798;3006.773;1874.184;228.406;600.595;3599.093;0.234;2669.288;2483.722;2650.585
1501,2674.310474395752,1500,-569.6559075880173,569.6559075880173,0.024705612501444107,3590.716;1083.044;2951.230;0.077;0.084;2109.504;2128.556;1396.663;770.527;1633.591;1595.622;3598.985;2506.341;2011.786;2677.553;3598.242;2963.627;1317.251;3599.648;3600.301;2.165;2212.460;3044.159;3079.077;2566.007;1843.239;169.783;3595.226;642.952;863.431;2842.998;3599.621;17.839;2330.129;2595.193;2768.182;3600.836;414.794;599.270;1224.425;2680.853;2976.195;1938.360;3589.809;1370.382;1135.944;2415.348;1.697;1544.007;3600.388;2605.159;0.305;519.463;1436.808;969.512;2887.189;594.352;753.145;3244.182;2018.909;3600.012;3600.437;3587.619;619.710;2118.099;1188.264;1276.806;3336.747;3599.798;2874.305;0.593;2301.635;1.029;558.955;3597.062;864.632;2.658;2996.687;0.981;2105.189;477.670;0.265;3598.177;0.562;1467.888;1174.766;1958.384;2988.345;1669.042;1508.676;0.161;2758.657;-0.017;1566.434;3.184;370.184;3598.967;2256.085;1522.128;673.274,3108.280;1585.261;842.291;2110.030;1260.256;3004.030;862.255;2892.788;2346.534;1.453;2236.120;2521.821;3599.423;3307.614;3225.745;2048.042;-0.055;3083.013;217.213;2281.491;2540.841;639.122;393.210;2185.976;2030.995;1365.220;98.056;2713.055;657.363;0.572;1255.546;1645.966;380.527;379.320;3419.117;1507.258;993.119;1664.073;987.967;3327.717;1744.035;2476.451;3599.441;1848.659;822.342;3600.141;2356.059;3599.729;3600.756;2915.508;0.522;2738.647;1336.827;633.928;1867.031;1040.873;2903.800;3599.815;-0.521;1075.080;1432.436;467.714;3312.803;348.907;1544.202;-0.548;1060.033;3598.942;3600.758;2752.189;1529.754;0.204;3036.952;-0.184;1223.515;2098.439;1025.284;3598.519;2315.464;1947.685;3215.223;3359.002;740.921;-0.413;2667.197;1315.045;-0.017;630.198;1828.974;411.305;819.705;3001.220;1869.076;230.376;590.086;3600.075;0.443;2676.078;2482.449;2657.237
1601,2850.2198824882507,1600,-569.7020435765132,569.7020435765132,0.010805231861687518,3590.475;1083.300;2950.095;4.394;0.356;2108.299;2123.208;1397.561;770.212;1631.182;1596.177;3598.599;2502.410;2014.270;2678.115;3597.769;2973.208;1312.003;3599.518;3600.029;1.107;2209.810;3034.418;3078.073;2563.779;1849.392;173.849;3598.338;642.706;856.324;2844.810;3599.641;16.133;2333.265;2590.661;2769.250;3599.662;427.061;598.717;1223.981;2682.114;2977.237;1938.363;3590.923;1362.050;1125.591;2405.241;-0.436;1541.069;3598.832;2600.672;0.361;524.294;1435.060;967.241;2890.174;590.706;741.527;3253.947;2020.058;3598.884;3600.084;3597.140;620.638;2106.147;1200.620;1275.815;3332.227;3599.707;2869.601;0.184;2302.816;-0.165;570.695;3599.571;860.875;-0.253;2987.580;1.447;2115.413;475.584;0.139;3597.938;0.181;1463.362;1171.101;1960.927;2994.817;1677.286;1506.705;0.422;2752.540;2.276;1570.156;0.902;370.393;3600.287;2250.520;1525.915;684.276,3111.899;1585.051;846.748;2108.010;1266.005;3001.197;858.163;2889.556;2350.824;2.068;2225.081;2518.438;3599.630;3320.889;3218.473;2045.465;0.190;3092.267;217.498;2283.503;2534.274;643.234;384.168;2196.282;2038.981;1366.194;85.225;2713.243;656.087;-0.045;1255.372;1640.620;379.698;384.226;3417.912;1510.103;1005.842;1671.481;989.772;3342.801;1730.999;2493.116;3599.314;1839.800;827.233;3600.298;2362.356;3599.953;3599.823;2925.486;-0.018;2738.213;1323.391;629.841;1871.175;1043.742;2897.191;3600.224;0.379;1069.189;1427.702;479.156;3311.218;340.048;1536.921;1.093;1061.378;3599.170;3599.627;2748.281;1536.070;1.012;3032.402;1.073;1230.329;2105.856;1018.807;3599.809;2320.616;1953.300;3206.640;3358.833;735.785;0.834;2677.939;1318.871;-0.276;625.282;1831.456;411.388;823.309;3002.729;1864.974;219.068;588.645;3598.933;0.309;2669.180;2488.625;2656.085
1701,3025.168206691742,1700,-569.7499844592694,569.7499844592694,0.009631719605966798,3592.796;1078.791;2949.978;4.225;0.087;2101.315;2123.077;1398.865;773.633;1624.972;1598.441;3599.774;2501.325;2009.498;2677.696;3596.503;2971.619;1307.127;3599.920;3599.801;5.572;2210.489;3028.471;3081.323;2559.735;1851.126;171.574;3600.233;631.643;856.866;2849.116;3600.025;7.749;2333.075;2588.801;2776.187;3597.704;425.898;605.853;1214.391;2690.094;2971.976;1936.377;3592.511;1361.929;1120.322;2400.994;0.359;1541.659;3599.026;2593.955;0.414;529.871;1434.031;964.897;2887.949;594.800;744.233;3252.629;2012.378;3598.182;3599.956;3596.479;626.377;2109.886;1199.132;1270.254;3332.632;3599.860;2869.273;0.189;2307.225;-0.329;576.920;3600.101;862.403;0.604;2981.349;0.075;2110.177;476.764;0.015;3599.593;-0.316;1473.824;1168.332;1957.332;2997.790;1670.695;1515.531;0.182;2761.906;0.306;1576.142;2.261;365.401;3599.712;2253.227;1525.120;679.330,3115.733;1589.286;848.929;2102.705;1266.490;3003.303;861.621;2881.940;2351.665;0.621;2231.017;2513.113;3599.662;3314.859;3216.511;2043.946;0.303;3088.455;219.763;2281.179;2535.360;647.610;383.829;2192.787;2046.043;1366.409;83.497;2705.988;658.004;-0.154;1253.653;1639.950;373.240;386.496;3411.650;1507.872;999.393;1660.583;979.852;3339.601;1727.795;2495.322;3599.921;1842.543;823.591;3599.860;2364.959;3599.714;3599.969;2923.983;-0.012;2748.163;1322.821;631.406;1877.702;1045.785;2897.078;3599.726;0.224;1072.232;1428.102;483.673;3318.119;337.917;1545.312;0.517;1055.304;3599.895;3599.928;2753.845;1548.713;2.313;3036.702;0.380;1222.979;2108.046;1024.923;3599.720;2315.810;1948.524;3205.258;3356.885;739.656;0.154;2684.749;1315.322;-0.409;624.696;1836.118;421.805;824.108;3004.730;1867.439;223.439;588.622;3599.887;-0.061;2659.903;2485.334;2656.358
1801,3203.678057193756,1800,-569.7709884576004,569.7709884576004,0.0063750440343671244,3595.919;1079.179;2948.322;3.115;0.057;2103.939;2119.720;1398.279;773.918;1620.431;1598.867;3599.718;2500.199;2010.180;2676.766;3599.852;2970.826;1304.287;3599.517;3600.184;5.042;2211.098;3028.076;3084.583;2559.026;1854.767;165.834;3599.823;631.487;859.631;2847.759;3599.457;7.086;2337.793;2584.806;2776.775;3600.016;426.857;604.462;1219.528;2688.942;2974.972;1936.254;3593.202;1359.779;1117.278;2400.872;0.002;1538.633;3599.504;2601.080;-0.056;529.249;1432.609;964.870;2890.684;596.604;741.127;3253.906;2015.057;3598.031;3599.761;3597.056;625.874;2105.961;1204.639;1266.293;3330.647;3599.916;2866.465;-0.204;2307.040;0.082;574.731;3599.883;864.495;0.061;2977.704;0.136;2112.263;477.462;0.120;3600.187;0.305;1471.821;1167.335;1956.943;2997.092;1671.902;1515.244;0.300;2762.070;-0.036;1573.549;0.563;360.204;3600.053;2251.709;1531.370;677.346,3116.382;1592.182;848.667;2103.542;1268.400;3000.472;862.823;2881.782;2352.102;0.018;2232.649;2508.337;3600.153;3313.354;3214.326;2043.419;-0.018;3090.574;224.451;2283.517;2537.387;643.659;382.585;2191.824;2045.957;1365.697;89.197;2706.628;656.448;0.261;1258.069;1640.149;379.454;385.779;3410.916;1506.894;997.092;1662.453;978.701;3339.336;1731.008;2498.567;3599.880;1841.353;826.481;3600.062;2367.022;3599.466;3600.234;2923.531;0.651;2748.296;1321.777;631.980;1879.311;1049.368;2898.745;3599.890;-0.025;1074.703;1429.627;489.340;3321.578;336.683;1549.840;0.166;1055.831;3599.602;3599.931;2756.300;1546.149;-0.054;3035.759;0.008;1218.694;2106.908;1023.188;3599.178;2318.044;1947.553;3203.302;3352.334;739.442;0.179;2687.108;1317.197;0.230;623.518;1835.189;425.325;822.669;3003.800;1863.472;223.007;586.804;3600.039;0.461;2658.300;2487.387;2656.599
1901,3381.45663022995,1900,-569.7689924581873,569.7689924581873,0.002629341014811984,3596.873;1078.483;2945.861;4.362;0.080;2104.293;2118.047;1396.866;773.028;1622.870;1600.317;3600.008;2500.432;2011.458;2675.920;3599.335;2972.125;1304.831;3599.992;3599.686;4.885;2211.557;3031.678;3085.323;2558.215;1858.336;163.689;3599.583;631.824;860.111;2843.582;3599.794;7.423;2334.975;2584.291;2774.127;3599.252;427.103;600.784;1217.962;2689.608;2975.403;1935.320;3592.383;1358.592;1118.065;2398.150;0.130;1538.426;3600.013;2601.275;0.091;526.863;1430.383;965.110;2891.768;592.303;739.742;3255.813;2017.519;3595.056;3599.984;3597.592;628.353;2106.858;1207.597;1265.055;3328.103;3599.999;2866.212;0.089;2309.047;-0.051;573.750;3599.974;865.765;0.007;2977.631;0.833;2111.146;480.217;0.138;3599.791;0.014;1470.128;1167.074;1957.994;2997.821;1676.796;1511.700;0.559;2762.849;0.194;1570.611;0.584;357.718;3599.887;2252.508;1531.932;679.314,3113.541;1591.529;847.632;2102.838;1269.327;3000.453;860.254;2881.097;2352.088;0.003;2232.604;2508.385;3599.889;3312.563;3210.228;2044.931;0.008;3092.182;227.593;2286.159;2536.730;643.544;381.579;2191.594;2045.687;1365.973;90.040;2709.937;656.243;0.136;1261.987;1641.449;381.882;385.962;3411.415;1503.230;997.398;1664.677;979.152;3340.247;1733.595;2499.510;3600.096;1838.250;832.050;3599.972;2368.337;3599.848;3600.001;2925.341;0.101;2749.783;1324.686;626.548;1878.322;1049.782;2898.294;3599.977;0.121;1076.254;1429.432;490.124;3324.545;335.573;1549.870;0.037;1055.931;3600.111;3600.103;2754.507;1543.622;0.020;3037.137;0.235;1220.397;2102.992;1021.838;3599.925;2319.920;1949.256;3203.142;3350.212;739.144;0.105;2686.296;1317.705;0.106;624.013;1835.023;427.289;820.740;3002.922;1862.650;223.924;583.308;3599.949;0.136;2658.687;2485.234;2657.039
2000,3558.242885351181,1999,-569.7993152774046,569.7993152774046,0.002122081742045162,3599.135;1080.903;2947.559;4.438;-0.016;2101.482;2120.567;1396.739;771.234;1620.782;1598.813;3599.963;2500.849;2011.307;2677.580;3599.658;2971.392;1304.109;3600.012;3599.866;4.667;2210.910;3032.191;3086.137;2557.988;1857.487;165.588;3599.829;630.868;861.330;2844.618;3599.914;8.692;2333.554;2582.376;2774.875;3599.873;429.659;598.780;1219.198;2689.065;2975.900;1938.370;3592.905;1358.235;1118.095;2399.856;-0.063;1539.545;3599.804;2601.859;0.049;526.183;1430.241;964.214;2889.393;590.857;739.709;3254.527;2015.012;3595.873;3599.946;3596.837;627.005;2108.616;1206.375;1266.339;3327.511;3599.927;2866.149;-0.095;2309.781;0.035;572.522;3599.947;866.038;0.041;2976.579;0.126;2110.900;479.135;0.113;3599.977;0.058;1471.183;1165.335;1957.556;2996.874;1676.521;1511.646;-0.040;2761.742;0.026;1571.351;0.457;359.553;3599.932;2251.908;1531.386;679.582,3112.546;1591.265;848.517;2102.655;1268.647;2999.299;861.130;2883.061;2352.443;0.011;2232.110;2508.900;3599.949;3313.985;3213.200;2043.655;0.058;3092.514;224.865;2285.936;2539.185;643.228;383.719;2192.506;2044.191;1366.881;89.975;2710.924;653.634;0.070;1263.482;1640.974;382.289;385.444;3408.491;1503.541;996.127;1666.501;979.879;3339.477;1732.966;2499.328;3599.976;1837.125;831.980;3599.899;2368.499;3599.951;3600.026;2925.762;-0.037;2750.118;1323.197;626.502;1878.783;1049.821;2896.348;3599.990;0.045;1075.132;1429.347;487.512;3323.414;338.667;1549.046;0.259;1055.006;3599.614;3599.973;2753.410;1543.692;-0.017;3039.138;-0.069;1220.264;2104.072;1021.141;3599.420;2318.855;1949.750;3202.623;3352.050;738.736;0.019;2684.494;1319.726;0.068;626.137;1835.389;426.477;821.320;3004.743;1859.588;223.877;585.202;3600.026;0.044;2660.857;2485.220;2656.773
