eval,time_s,iter,obj,aep,rms_viol,x,y
1,0.0,0,-493.2691837827364,493.2691837827364,5.2322662413709935,3144.346;3486.746;3129.100;1911.080;837.822;41.036;1549.688;1448.465;1881.629;1722.210;1999.283;1956.190;2739.224;2564.548;2230.856;1533.930;1040.670;3505.879;1201.587;787.684;236.910;3538.334;460.281;1159.671;255.394;809.172;1417.086;3226.122;1243.662;3545.098;103.435;1266.065;1371.452;2750.976;3379.694;1150.883;1556.913;972.525;2883.801;2297.660;247.284;2173.120;2864.068;115.229;1639.612;2844.621;3558.947;2102.272;140.084;1607.122;677.421;2257.400;775.144;543.492;1930.120;361.392;2632.170;3382.744;3395.945;1349.059;2144.701;2383.138;1838.090;1695.213;31.940;244.427;1565.338;1553.377;669.181;1906.939;2156.711;2595.328;1103.025;1455.824;2962.017;2113.669;2543.456;1838.096;2988.222;2594.441;3118.542;732.275;1074.725;1712.894;1776.976;2187.634;2948.168;1899.806;3381.135;2604.180;643.525;2231.011;2024.220;2748.257;2903.927;1075.051;498.185;2287.432;29.910;2838.900,1807.479;3589.627;3542.546;817.483;3059.846;2926.143;850.084;2364.672;3517.816;2633.647;344.262;1802.182;1664.496;2.678;3560.180;3159.432;781.960;2179.359;1699.031;1292.792;1905.453;2033.363;3000.776;226.128;2182.920;1813.006;577.075;523.604;2296.227;3178.462;118.317;1540.879;3160.415;1715.425;1323.254;866.341;173.634;630.600;2004.392;1908.308;1959.198;1076.590;3115.527;3049.008;1676.521;2704.890;2820.854;1325.149;638.327;910.334;853.528;1410.824;25.943;1011.207;1933.452;1523.013;1914.575;2664.278;3352.376;1173.589;974.065;1714.406;2194.618;674.102;100.783;734.377;882.376;1570.790;2271.345;1085.125;3511.824;3136.134;2234.635;1216.393;611.034;2375.029;2575.617;237.963;2790.418;3199.064;2276.006;2532.069;3108.399;3415.406;1266.755;213.126;1119.438;615.064;1346.575;1814.296;2845.771;3428.935;1043.355;3427.251;662.559;1584.221;656.998;938.343;61.945;886.607
2,1.708188772201538,1,-505.8114820216915,505.8114820216915,3.257849261898315,3128.346;3502.746;3145.100;1927.080;853.822;25.036;1533.688;1432.465;1897.629;1706.210;2015.283;1972.190;2723.224;2580.548;2246.856;1549.930;1024.670;3489.879;1217.587;803.684;220.910;3554.334;444.281;1143.671;239.394;793.172;1433.086;3242.122;1259.662;3561.098;119.435;1282.065;1355.452;2766.976;3363.694;1166.883;1540.913;956.525;2899.801;2281.660;263.284;2189.120;2848.068;131.229;1655.612;2828.621;3574.947;2118.272;124.084;1623.122;693.421;2273.400;759.144;527.492;1914.120;345.392;2648.170;3366.744;3379.945;1333.059;2128.701;2399.138;1854.090;1679.213;15.940;260.427;1549.338;1537.377;653.181;1890.939;2140.711;2611.328;1087.025;1471.824;2978.017;2129.669;2559.456;1822.096;3004.222;2578.441;3134.542;748.275;1058.725;1696.894;1792.976;2171.634;2932.168;1915.806;3397.135;2588.180;627.525;2247.011;2008.220;2764.257;2887.927;1059.051;482.185;2303.432;13.910;2854.900,1791.479;3605.627;3558.546;801.483;3043.846;2910.143;834.084;2380.672;3501.816;2649.647;328.262;1786.182;1648.496;18.678;3576.180;3175.432;765.960;2195.359;1683.031;1308.792;1889.453;2017.363;3016.776;210.128;2198.920;1797.006;593.075;507.604;2312.227;3162.462;134.317;1524.879;3144.415;1731.425;1307.254;882.341;157.634;614.600;2020.392;1924.308;1975.198;1092.590;3099.527;3065.008;1692.521;2720.890;2804.854;1341.149;622.327;926.334;869.528;1394.824;9.943;1027.207;1949.452;1507.013;1930.575;2648.278;3368.376;1157.589;958.065;1698.406;2210.618;690.102;116.783;750.377;898.376;1554.790;2287.345;1101.125;3527.824;3120.134;2218.635;1232.393;595.034;2359.029;2559.617;253.963;2806.418;3215.064;2260.006;2516.069;3124.399;3431.406;1282.755;197.126;1135.438;599.064;1362.575;1798.296;2861.771;3412.935;1027.355;3443.251;678.559;1600.221;640.998;922.343;45.945;870.607
3,3.550809621810913,2,-509.8434860947378,509.8434860947378,1.6705391496267137,3143.737;3518.984;3161.322;1940.131;870.016;19.718;1517.630;1416.504;1913.951;1721.951;2028.757;1969.722;2707.072;2596.529;2263.155;1538.199;1021.214;3489.844;1233.849;818.408;204.584;3559.096;427.956;1127.539;238.441;780.438;1448.907;3258.428;1263.657;3577.424;135.710;1298.390;1339.484;2783.166;3347.677;1167.689;1556.821;970.537;2883.929;2296.335;279.568;2201.758;2862.040;135.159;1658.508;2843.661;3588.337;2103.063;119.506;1639.403;709.676;2289.402;774.823;511.174;1916.894;346.306;2664.477;3375.532;3363.637;1316.808;2143.045;2383.532;1870.160;1663.548;-0.361;262.288;1533.286;1532.281;668.835;1874.988;2124.440;2627.624;1083.588;1488.050;2994.314;2118.078;2548.257;1831.847;2992.301;2562.164;3119.384;733.356;1042.403;1712.201;1809.001;2187.306;2947.985;1914.067;3413.222;2571.860;611.210;2263.230;2003.169;2748.667;2871.639;1043.944;466.496;2307.277;-2.294;2840.799,1775.160;3590.450;3572.452;815.480;3027.619;2905.131;817.779;2395.260;3485.690;2634.307;314.615;1781.379;1632.195;34.951;3586.763;3160.747;761.804;2200.458;1698.278;1294.000;1873.243;2013.159;3026.897;194.514;2215.092;1810.775;580.835;517.554;2315.473;3176.939;150.473;1536.772;3159.993;1747.751;1291.078;885.818;169.412;602.507;2010.847;1940.431;1991.394;1108.566;3115.161;3069.979;1695.835;2706.736;2789.708;1335.342;618.522;942.446;884.881;1378.874;-6.374;1011.795;1953.961;1490.806;1946.806;2664.140;3352.570;1141.267;941.816;1682.117;2209.832;674.516;133.037;755.857;914.557;1550.089;2271.477;1117.445;3544.142;3103.880;2216.728;1248.718;578.793;2345.924;2562.665;240.690;2822.728;3231.263;2243.978;2531.938;3138.143;3446.456;1298.898;199.439;1151.416;613.476;1378.661;1782.072;2877.827;3398.433;1012.128;3459.451;694.806;1588.752;627.898;913.543;29.729;854.419
4,5.422258615493774,3,-512.9985101710906,512.9985101710906,0.7326898864315693,3159.411;3514.695;3177.197;1949.962;858.946;19.256;1508.200;1427.665;1930.283;1738.318;2013.136;1973.592;2690.617;2590.083;2279.464;1551.143;1023.238;3497.342;1237.339;834.729;188.124;3563.285;411.960;1112.422;224.413;764.175;1460.986;3273.956;1262.321;3593.610;150.886;1287.721;1323.738;2799.604;3331.232;1167.292;1572.813;960.919;2884.447;2303.366;296.018;2206.708;2876.900;128.607;1660.559;2828.154;3604.391;2101.207;112.954;1654.555;702.861;2282.434;791.128;496.828;1915.344;332.237;2670.475;3390.696;3347.850;1312.110;2159.400;2379.422;1870.366;1672.206;-16.668;263.308;1516.881;1532.514;668.109;1871.315;2109.367;2644.080;1084.420;1490.882;2996.680;2123.550;2559.021;1835.931;3007.871;2545.763;3103.478;729.172;1057.517;1696.959;1815.835;2203.737;2963.399;1923.522;3429.671;2566.693;625.434;2267.761;1987.233;2746.690;2871.203;1032.688;482.290;2308.257;-6.733;2824.444,1790.793;3604.938;3557.321;830.255;3041.317;2900.522;803.035;2398.005;3469.517;2617.892;329.058;1785.022;1615.801;20.150;3601.478;3176.028;756.360;2203.154;1688.446;1309.414;1856.950;2012.307;3012.629;178.131;2219.083;1820.328;565.035;501.553;2321.672;3193.195;163.669;1521.045;3147.611;1764.092;1274.854;883.054;156.807;586.360;2009.684;1946.378;2007.686;1114.853;3130.601;3072.852;1698.022;2717.253;2804.063;1319.239;613.860;954.731;901.186;1387.887;8.770;1020.562;1956.931;1492.929;1952.280;2680.559;3336.272;1138.178;929.135;1665.700;2197.573;682.499;148.912;757.571;930.866;1557.479;2259.510;1118.264;3535.719;3087.546;2220.220;1249.429;575.098;2360.773;2546.849;226.055;2810.004;3247.596;2227.810;2522.149;3123.181;3462.725;1314.784;215.224;1138.743;599.419;1394.903;1778.312;2892.851;3393.173;1027.989;3471.470;700.811;1604.570;624.763;898.456;14.916;855.591
5,7.327950477600098,4,-514.3039627049031,514.3039627049031,0.30835010758638454,3151.788;3530.431;3193.555;1963.357;842.944;6.158;1497.512;1443.698;1930.521;1726.327;2024.324;1958.539;2685.445;2605.395;2284.079;1566.258;1014.064;3494.209;1248.308;819.627;181.319;3577.691;396.692;1100.355;208.036;747.709;1477.155;3289.143;1252.093;3603.783;155.161;1301.492;1314.944;2802.401;3314.739;1163.195;1586.390;976.170;2868.474;2319.461;303.716;2207.046;2862.177;138.539;1669.848;2833.841;3591.744;2085.379;105.504;1670.711;701.129;2296.980;775.924;497.730;1930.866;347.209;2680.251;3407.128;3333.439;1308.133;2146.611;2390.203;1854.537;1656.899;-20.383;258.272;1500.463;1526.362;666.420;1855.467;2104.935;2645.776;1094.105;1493.162;2998.695;2108.067;2575.273;1851.254;3001.583;2541.503;3092.091;721.700;1069.669;1683.991;1800.270;2215.200;2947.850;1916.619;3446.165;2564.735;638.392;2271.650;1999.368;2758.590;2869.173;1047.072;493.665;2324.297;1.942;2839.142,1788.236;3602.210;3566.313;841.782;3056.778;2895.267;786.948;2381.977;3480.365;2632.674;316.946;1790.846;1609.149;30.646;3606.637;3186.994;768.307;2209.179;1672.412;1325.853;1853.124;2013.178;2996.241;161.777;2225.501;1836.537;564.676;487.747;2332.718;3205.945;175.254;1506.038;3148.485;1767.356;1258.470;896.524;163.103;569.994;2025.712;1933.390;2010.211;1115.285;3146.981;3081.717;1692.009;2701.720;2818.103;1334.519;603.547;967.855;886.143;1378.972;17.999;1005.455;1955.543;1477.112;1956.645;2682.914;3319.791;1133.004;931.413;1654.062;2212.752;680.919;165.371;762.689;947.307;1571.109;2268.332;1134.164;3532.034;3082.107;2211.656;1245.008;572.995;2376.972;2530.392;209.682;2819.351;3254.234;2211.387;2537.504;3107.043;3453.083;1302.496;230.205;1153.980;583.553;1411.287;1777.912;2907.885;3387.919;1014.195;3466.018;700.513;1620.867;640.136;882.026;-1.192;867.588
6,9.0443594455719,5,-515.0774161860928,515.0774161860928,0.3335446884974791,3151.547;3544.119;3201.914;1950.386;845.027;2.810;1504.111;1456.407;1920.318;1716.946;2037.853;1960.903;2687.451;2619.704;2288.665;1556.934;1024.044;3485.914;1233.337;805.037;185.270;3592.654;395.767;1109.317;192.036;746.939;1478.442;3305.344;1251.199;3591.519;153.022;1317.401;1303.360;2804.585;3313.113;1150.637;1574.146;963.781;2881.143;2314.069;297.023;2218.683;2857.176;126.215;1669.586;2849.082;3606.493;2075.912;115.881;1673.717;685.091;2311.840;761.456;482.454;1924.056;362.516;2677.266;3402.268;3317.401;1303.479;2143.454;2406.409;1840.851;1646.551;-12.739;246.307;1495.998;1539.158;654.457;1851.376;2103.238;2652.530;1086.377;1492.380;2992.577;2119.370;2561.402;1837.307;3001.758;2543.479;3076.102;736.835;1073.728;1678.488;1795.223;2227.530;2953.477;1901.116;3448.341;2554.289;654.734;2268.160;2003.376;2743.215;2876.656;1032.566;509.917;2329.370;11.302;2850.164,1803.627;3617.291;3552.252;858.077;3066.327;2883.120;783.268;2374.945;3494.531;2648.838;302.839;1781.399;1602.953;46.581;3598.435;3202.724;764.149;2215.889;1655.966;1340.228;1846.479;2019.220;2985.099;145.591;2211.524;1852.983;549.074;472.824;2324.405;3222.280;183.297;1498.081;3137.470;1766.918;1251.754;906.142;175.925;554.653;2036.803;1917.886;2014.924;1111.519;3161.448;3074.925;1705.835;2685.377;2834.447;1348.956;587.718;967.508;869.786;1394.594;24.622;1018.133;1958.157;1460.674;1965.715;2673.992;3303.702;1140.714;928.176;1666.851;2229.132;664.959;169.672;753.933;950.957;1569.388;2284.358;1137.112;3545.768;3081.427;2205.899;1231.162;562.083;2367.081;2542.425;198.909;2806.582;3251.169;2194.978;2525.186;3091.692;3437.317;1286.650;246.533;1168.204;595.027;1417.774;1771.452;2924.315;3375.676;1018.655;3481.603;708.838;1616.142;656.561;869.126;-7.638;883.861
7,10.912371397018433,6,-516.7218488018095,516.7218488018095,0.287391656656747,3135.957;3560.496;3216.265;1965.912;829.155;-12.790;1503.769;1460.447;1918.235;1700.992;2024.746;1955.927;2678.025;2613.111;2287.968;1543.137;1013.268;3493.970;1244.704;790.748;177.725;3606.731;384.903;1094.116;176.106;762.675;1494.087;3320.662;1246.423;3575.209;162.300;1319.352;1316.523;2818.980;3311.715;1136.230;1557.961;955.937;2896.491;2297.962;305.919;2220.820;2872.845;137.517;1683.730;2863.661;3593.220;2087.095;101.582;1675.730;695.933;2327.280;765.457;489.788;1911.304;347.587;2683.906;3418.094;3301.123;1306.106;2143.484;2421.801;1856.108;1649.212;-7.547;257.823;1492.387;1524.669;643.212;1866.444;2105.208;2665.991;1089.559;1486.697;2991.118;2135.627;2546.460;1823.605;2985.824;2530.891;3059.657;731.948;1059.399;1662.699;1779.116;2243.829;2967.043;1915.069;3454.063;2539.126;664.707;2266.696;2004.658;2753.291;2890.415;1021.416;501.834;2331.620;2.345;2842.303,1792.552;3601.752;3565.415;847.487;3082.269;2885.865;783.550;2389.858;3495.298;2660.607;286.444;1769.548;1596.168;43.125;3610.007;3213.821;768.113;2222.485;1650.680;1336.463;1848.473;2019.897;2998.333;158.377;2227.176;1865.100;532.611;458.538;2314.396;3216.309;171.542;1496.093;3122.114;1761.353;1252.169;918.589;192.231;539.005;2046.179;1932.939;2014.050;1124.370;3175.767;3077.660;1695.210;2686.064;2850.150;1357.887;599.108;977.310;858.720;1391.335;8.817;1030.760;1970.771;1454.174;1959.533;2657.806;3314.132;1128.943;916.734;1655.523;2231.854;657.918;175.746;743.004;950.199;1584.323;2271.530;1121.265;3550.093;3080.772;2190.234;1225.389;550.382;2379.698;2554.749;182.681;2793.736;3250.359;2208.355;2533.150;3077.586;3429.840;1302.656;244.122;1184.510;587.121;1417.451;1782.369;2913.731;3368.597;1025.299;3487.404;720.522;1600.829;652.739;855.090;-6.014;869.501
8,12.804242372512817,7,-517.0715665362953,517.0715665362953,0.4281360273072392,3138.356;3552.577;3232.653;1972.768;817.700;1.394;1516.573;1476.556;1903.330;1700.760;2008.415;1940.866;2684.349;2597.787;2290.703;1558.469;1026.407;3478.181;1229.354;805.501;172.307;3598.455;368.740;1089.200;159.635;777.328;1510.539;3337.094;1231.178;3564.908;170.793;1335.329;1307.262;2831.595;3304.736;1122.086;1541.553;939.863;2912.895;2281.676;320.426;2236.621;2889.291;141.391;1697.894;2879.519;3607.071;2071.211;109.902;1671.424;681.206;2314.631;750.045;474.084;1905.639;357.407;2696.784;3427.911;3286.171;1321.868;2154.034;2409.214;1866.641;1659.697;-18.766;244.856;1485.718;1534.656;627.011;1871.613;2113.040;2656.352;1103.839;1471.075;3005.982;2146.671;2550.301;1807.285;2969.559;2529.034;3046.506;717.715;1066.559;1651.644;1771.715;2259.620;2979.922;1919.791;3463.029;2532.748;676.740;2251.157;2005.454;2768.461;2906.696;1005.157;517.351;2339.101;12.961;2826.187,1776.277;3588.972;3581.763;831.270;3098.705;2892.271;786.760;2406.265;3511.125;2673.375;269.983;1755.324;1609.535;27.044;3597.309;3208.039;784.214;2235.501;1634.703;1350.898;1856.246;2013.683;3014.475;149.762;2242.070;1881.368;517.258;473.534;2298.160;3202.509;157.793;1511.594;3106.345;1773.741;1253.246;934.453;198.712;550.503;2062.235;1943.577;2000.783;1132.526;3192.131;3062.720;1682.333;2671.801;2841.684;1344.695;606.708;992.579;869.466;1375.654;17.750;1038.768;1956.329;1438.174;1944.799;2666.891;3325.457;1139.885;908.061;1639.240;2219.065;651.094;184.204;753.143;935.289;1600.704;2261.930;1122.444;3539.117;3071.878;2174.568;1209.560;534.388;2396.021;2541.927;181.849;2777.492;3246.844;2223.966;2549.247;3061.322;3421.278;1307.770;258.837;1185.209;588.782;1414.812;1797.603;2922.694;3353.319;1016.583;3503.486;704.480;1598.824;636.859;853.498;-2.654;885.552
9,14.514789342880249,8,-518.5179726096202,518.5179726096202,0.2191280088702745,3154.361;3566.727;3219.739;1986.417;828.795;-7.639;1532.808;1467.499;1903.685;1685.155;2006.113;1947.903;2670.704;2610.877;2291.373;1552.379;1025.228;3483.061;1240.896;803.901;156.978;3606.280;354.019;1073.706;163.018;785.336;1500.248;3349.721;1232.428;3568.416;185.993;1320.364;1321.222;2823.890;3304.901;1136.946;1529.824;924.231;2909.480;2276.921;328.050;2242.154;2880.164;151.405;1712.533;2863.500;3599.899;2062.539;96.550;1671.843;666.382;2319.624;743.850;479.761;1899.207;342.301;2712.971;3423.719;3294.474;1327.925;2158.082;2405.781;1851.996;1643.801;-5.041;228.728;1469.602;1543.072;612.329;1867.127;2113.356;2661.202;1089.557;1463.130;2993.013;2147.516;2534.994;1805.254;2985.494;2537.068;3052.111;727.514;1062.385;1660.339;1770.732;2272.421;2996.259;1935.776;3467.488;2548.186;663.128;2252.110;2018.879;2773.839;2915.336;993.479;526.924;2341.472;27.288;2822.058,1763.326;3575.860;3597.798;837.512;3109.161;2894.663;770.722;2417.064;3503.005;2682.479;278.260;1770.612;1596.617;18.925;3610.922;3205.428;787.809;2220.404;1649.058;1335.827;1864.945;2020.192;3025.180;137.953;2258.288;1875.191;507.268;485.327;2287.444;3216.795;141.568;1496.867;3119.055;1772.923;1263.633;950.889;211.861;558.093;2078.616;1957.553;1992.700;1119.003;3201.977;3062.353;1676.256;2655.692;2833.781;1352.437;619.123;1004.590;854.491;1377.736;5.078;1054.946;1970.131;1433.054;1930.722;2661.341;3313.930;1126.541;910.208;1642.771;2222.169;634.944;198.766;738.606;951.048;1591.147;2245.821;1117.407;3550.333;3057.909;2162.874;1219.058;521.601;2395.075;2533.740;165.897;2793.456;3255.747;2239.060;2563.399;3047.760;3405.563;1312.497;244.759;1169.594;578.805;1410.449;1812.955;2927.694;3355.427;1028.695;3499.354;700.629;1589.233;632.453;868.429;2.620;888.493
10,16.370988130569458,9,-520.0963906770675,520.0963906770675,0.22259707269909781,3163.280;3582.948;3204.067;1970.709;813.374;4.421;1536.885;1478.172;1887.888;1673.488;2021.501;1962.869;2682.806;2627.216;2298.519;1538.087;1040.729;3499.159;1247.599;801.325;140.759;3590.294;368.924;1087.290;177.131;801.183;1484.730;3364.850;1248.417;3553.006;201.822;1311.788;1306.360;2809.002;3293.523;1124.728;1542.834;908.110;2925.046;2275.226;333.292;2257.856;2887.822;144.661;1728.931;2860.702;3611.086;2046.708;80.290;1669.852;653.272;2335.531;727.723;465.506;1911.190;326.712;2729.099;3429.579;3281.917;1313.166;2148.286;2408.798;1835.624;1627.366;6.176;239.553;1463.010;1527.796;627.188;1879.381;2104.225;2647.139;1095.531;1478.830;2977.638;2163.122;2544.552;1814.908;2988.318;2548.677;3036.586;743.739;1046.282;1675.893;1774.612;2287.129;2984.492;1952.243;3482.867;2552.540;646.782;2264.800;2005.752;2779.953;2919.301;977.480;530.144;2349.843;18.482;2830.007,1771.669;3589.870;3584.982;847.205;3125.356;2881.209;769.692;2417.738;3505.044;2669.565;264.794;1762.264;1585.013;4.651;3599.129;3189.377;772.310;2235.751;1653.617;1319.432;1873.928;2004.325;3014.485;122.051;2243.682;1877.187;520.632;500.857;2276.159;3207.556;136.291;1482.154;3134.513;1757.031;1270.780;955.767;196.538;543.190;2071.495;1973.912;2002.676;1122.405;3198.605;3078.329;1660.212;2649.494;2818.020;1366.001;604.345;993.691;860.222;1391.507;-10.218;1071.011;1956.685;1448.511;1945.626;2649.576;3329.056;1141.084;895.943;1658.261;2228.015;620.937;202.761;753.975;957.204;1595.788;2259.964;1121.016;3566.069;3051.072;2174.250;1205.916;505.336;2410.938;2534.977;160.009;2798.163;3268.530;2235.667;2552.437;3032.514;3404.284;1314.640;256.955;1166.078;562.637;1400.451;1823.258;2912.384;3344.017;1015.302;3511.017;698.534;1605.205;643.709;856.930;-4.789;891.178
11,18.25426173210144,10,-521.7814744739608,521.7814744739608,0.5067845423451259,3159.777;3597.166;3211.962;1984.707;808.822;-7.613;1539.376;1463.040;1871.804;1687.991;2010.254;1949.601;2670.749;2630.307;2314.628;1521.721;1056.047;3510.413;1261.785;802.975;128.593;3587.557;385.109;1079.922;190.340;792.197;1482.107;3380.023;1259.567;3563.231;216.485;1295.725;1300.188;2823.333;3284.096;1109.454;1529.857;891.898;2914.002;2259.254;317.519;2259.085;2902.173;128.735;1717.079;2855.003;3595.825;2059.788;66.042;1684.803;663.492;2350.401;738.535;465.345;1895.818;319.847;2745.505;3417.518;3265.604;1327.125;2156.385;2392.764;1842.741;1611.343;-7.931;249.700;1450.806;1533.968;642.532;1894.824;2091.692;2660.038;1094.390;1481.847;2986.340;2166.477;2559.783;1831.122;2990.945;2533.507;3051.359;728.595;1061.463;1692.308;1760.510;2303.362;2997.853;1943.703;3488.691;2568.161;656.858;2254.691;1989.679;2795.027;2910.894;981.060;516.332;2365.697;3.297;2837.965,1786.977;3604.425;3572.477;831.518;3125.112;2864.921;777.690;2406.075;3512.389;2684.295;249.922;1775.989;1585.956;-11.428;3611.324;3200.235;758.210;2246.919;1642.962;1321.576;1859.413;2005.342;3028.739;136.868;2229.971;1892.941;535.276;516.322;2289.240;3200.524;121.072;1466.041;3150.868;1741.476;1275.825;951.763;180.138;526.846;2083.161;1976.330;2014.104;1129.334;3182.703;3090.080;1671.545;2649.528;2801.827;1350.919;612.550;977.474;873.941;1390.512;5.330;1087.017;1940.688;1450.975;1955.196;2665.054;3344.223;1125.919;879.691;1674.578;2237.628;605.438;212.831;746.135;959.156;1603.601;2262.365;1121.998;3563.384;3035.757;2185.849;1219.795;490.103;2416.699;2521.577;149.031;2796.049;3282.971;2221.208;2566.478;3016.147;3388.677;1330.102;272.418;1150.390;555.257;1384.774;1839.201;2899.795;3327.991;1028.799;3527.266;697.814;1613.386;629.588;842.723;9.232;896.038
12,20.163620710372925,11,-522.8699988629165,522.8699988629165,0.22060251446151063,3173.982;3606.868;3201.858;1973.610;806.226;5.452;1524.343;1450.107;1857.652;1681.997;2013.151;1960.532;2686.242;2623.415;2301.165;1532.104;1072.467;3518.979;1270.337;786.993;138.292;3596.050;374.347;1091.204;181.033;807.543;1466.040;3395.175;1254.954;3575.117;219.702;1299.757;1284.075;2838.563;3296.095;1093.127;1518.950;877.054;2903.427;2247.968;302.324;2274.966;2918.469;141.007;1730.667;2855.600;3588.169;2048.402;51.293;1696.056;679.638;2335.894;753.614;467.150;1880.352;303.809;2732.950;3433.111;3262.464;1330.158;2141.406;2377.940;1840.032;1627.297;6.318;240.853;1446.687;1537.457;658.755;1878.966;2075.854;2675.935;1110.294;1468.305;2996.861;2180.367;2575.287;1847.351;2987.027;2540.617;3051.932;712.448;1076.286;1682.513;1744.871;2317.807;3013.097;1954.494;3487.716;2583.080;643.444;2270.010;2005.538;2779.289;2924.414;990.697;499.988;2380.432;-12.789;2826.154,1788.974;3594.974;3582.481;818.611;3137.576;2851.694;779.848;2421.730;3526.077;2700.304;254.635;1774.143;1570.461;4.183;3598.583;3206.167;745.453;2259.674;1628.625;1336.691;1844.479;2019.606;3045.112;128.181;2240.114;1907.267;519.251;526.671;2302.429;3184.559;134.272;1449.709;3165.322;1728.419;1260.712;966.044;167.037;514.907;2070.879;1992.273;2004.950;1113.633;3168.451;3096.227;1674.443;2650.691;2790.284;1359.925;601.697;973.960;859.392;1406.445;-2.022;1091.884;1947.422;1460.332;1971.172;2656.260;3360.550;1115.031;892.511;1690.282;2221.792;621.324;228.194;760.677;956.730;1619.405;2247.734;1138.060;3579.089;3019.613;2169.953;1235.837;475.426;2430.094;2505.413;132.786;2801.894;3268.386;2235.044;2578.101;2999.672;3374.233;1340.733;283.253;1133.951;565.989;1397.966;1824.683;2912.783;3311.625;1012.968;3541.584;697.571;1627.210;626.727;827.592;-5.563;899.522
13,21.883647680282593,12,-524.4954594879483,524.4954594879483,0.26783638659404313,3190.323;3591.807;3189.901;1975.338;791.805;3.455;1510.138;1459.388;1852.824;1673.043;2028.640;1947.681;2693.131;2639.240;2315.961;1518.885;1069.909;3520.542;1254.753;776.395;122.623;3611.595;389.377;1107.315;165.154;817.719;1460.852;3410.670;1240.151;3559.432;234.893;1310.050;1297.394;2854.961;3280.737;1084.396;1502.783;879.093;2894.421;2232.136;314.705;2264.876;2934.644;125.204;1738.103;2844.571;3602.978;2058.706;36.178;1711.482;664.993;2324.458;769.825;482.641;1871.440;294.126;2736.534;3448.047;3278.214;1342.055;2125.519;2390.631;1830.215;1630.685;-3.529;227.890;1436.947;1553.423;650.634;1875.019;2085.655;2691.465;1115.695;1475.746;3009.742;2165.965;2591.597;1840.518;2982.505;2525.372;3067.466;721.582;1063.538;1696.212;1752.845;2329.279;3005.719;1970.730;3502.783;2568.224;658.434;2255.565;2008.693;2763.369;2926.869;975.499;486.736;2396.822;2.798;2820.777,1804.867;3608.163;3598.393;807.308;3153.872;2835.382;788.173;2427.253;3510.277;2688.673;239.019;1758.724;1581.121;2.588;3611.827;3222.276;758.436;2271.954;1640.332;1349.794;1828.130;2012.974;3048.533;116.848;2240.377;1904.884;515.748;542.892;2318.753;3168.117;126.998;1453.787;3153.721;1730.823;1244.587;982.413;181.269;521.285;2085.057;1990.813;2019.848;1097.200;3163.730;3100.625;1690.469;2641.628;2805.633;1347.602;585.910;957.952;844.958;1422.876;10.479;1102.898;1940.053;1447.085;1959.571;2666.033;3376.727;1127.388;878.522;1679.219;2233.661;622.038;233.856;750.956;947.316;1605.696;2257.656;1143.827;3595.502;3031.554;2155.251;1227.584;460.973;2417.474;2518.995;119.874;2791.443;3252.144;2220.320;2594.354;3002.558;3380.848;1343.140;275.549;1147.070;556.309;1383.774;1829.760;2898.458;3297.609;1012.779;3527.605;697.647;1642.317;610.711;827.932;4.304;903.505
14,23.753618955612183,13,-524.8777618826765,524.8777618826765,0.2857589921956538,3205.964;3600.792;3193.438;1959.937;804.958;-11.700;1497.975;1450.320;1836.739;1688.932;2044.691;1963.010;2703.226;2649.931;2324.957;1525.698;1057.404;3536.463;1263.942;760.318;112.177;3596.207;396.533;1123.636;150.245;833.715;1457.572;3414.961;1225.189;3553.073;241.552;1306.972;1296.367;2867.376;3291.016;1070.844;1514.908;863.565;2878.286;2217.892;307.264;2277.266;2926.653;119.732;1722.413;2840.069;3594.805;2069.332;20.788;1698.038;665.538;2337.494;785.044;498.529;1886.996;285.683;2752.536;3464.393;3272.148;1357.712;2139.779;2377.834;1814.078;1632.754;6.719;211.586;1421.622;1543.184;658.017;1878.758;2070.699;2682.336;1101.509;1462.328;3008.998;2159.908;2602.822;1847.055;2995.421;2525.602;3067.887;714.360;1066.782;1712.486;1757.456;2328.252;2990.295;1959.550;3518.345;2575.883;653.168;2252.769;2007.785;2759.855;2928.451;961.299;489.203;2407.231;0.442;2835.216,1820.057;3600.840;3588.878;820.416;3151.474;2824.702;776.708;2417.697;3523.787;2673.431;223.904;1743.229;1574.939;-10.032;3609.515;3229.029;747.626;2286.551;1656.582;1363.336;1814.585;1996.869;3032.842;107.785;2225.662;1913.362;512.290;552.234;2335.191;3175.074;135.819;1441.375;3167.545;1744.745;1228.179;994.937;197.471;506.080;2101.396;1978.314;2032.243;1081.939;3149.292;3116.702;1705.520;2627.349;2822.044;1362.498;569.486;969.087;853.177;1438.650;2.313;1118.417;1953.432;1462.546;1945.299;2666.839;3386.886;1113.546;865.182;1667.833;2232.864;625.085;223.915;764.182;931.382;1597.507;2272.601;1149.609;3583.999;3016.395;2146.723;1243.000;444.991;2426.401;2525.242;103.608;2781.825;3237.715;2223.003;2608.144;2989.548;3365.047;1327.614;291.255;1151.010;540.154;1394.073;1814.923;2899.745;3311.051;1011.709;3512.100;682.663;1630.894;620.757;812.024;-9.110;912.290
15,25.650957107543945,14,-525.4809718749048,525.4809718749048,0.33150184072052796,3213.299;3616.483;3208.903;1943.987;821.231;3.704;1510.856;1466.059;1821.578;1676.832;2058.888;1971.796;2719.021;2664.034;2330.898;1541.808;1041.124;3533.367;1250.082;743.903;118.829;3604.247;412.343;1140.071;163.559;850.133;1450.697;3430.827;1208.882;3537.018;256.667;1292.094;1280.877;2858.703;3303.733;1083.854;1531.158;876.541;2883.269;2231.396;291.451;2291.279;2930.863;106.856;1710.203;2854.670;3604.500;2060.531;35.649;1711.150;665.019;2339.566;773.356;491.870;1882.226;269.657;2757.242;3468.230;3284.216;1374.064;2155.280;2388.251;1798.205;1629.021;0.795;195.169;1405.259;1555.291;643.543;1877.605;2085.201;2695.854;1085.646;1475.080;3024.581;2175.367;2587.847;1833.033;2982.329;2538.875;3081.890;729.593;1052.808;1699.113;1773.354;2343.988;3005.765;1945.656;3534.050;2577.805;637.136;2247.451;2003.939;2746.793;2912.659;944.948;477.179;2421.728;-14.009;2844.503,1832.654;3606.975;3577.060;805.714;3165.378;2838.335;760.907;2431.661;3537.608;2688.514;225.353;1738.464;1558.958;5.427;3593.743;3216.827;762.266;2274.112;1648.107;1379.636;1798.416;2006.888;3035.201;91.688;2237.542;1897.491;510.575;565.215;2323.464;3189.221;121.724;1425.284;3180.768;1760.515;1218.426;1010.528;188.381;489.722;2091.642;1991.679;2048.460;1073.490;3150.147;3125.529;1711.229;2611.147;2838.339;1372.429;554.156;966.459;869.089;1436.238;-0.271;1105.185;1969.633;1457.209;1958.840;2650.835;3401.885;1124.631;866.974;1652.615;2218.242;625.915;239.237;780.491;916.874;1600.691;2288.473;1159.092;3575.924;3018.464;2160.502;1255.214;431.763;2411.543;2535.292;88.925;2796.218;3221.445;2238.978;2605.944;2973.892;3379.789;1325.261;281.095;1135.677;543.094;1408.388;1798.909;2883.971;3300.718;1019.645;3524.919;671.128;1645.371;605.878;796.217;5.000;927.956
16,27.366694927215576,15,-526.319175305191,526.319175305191,0.4471892297850009,3197.730;3600.948;3193.340;1958.808;837.536;11.259;1500.206;1462.435;1834.435;1686.456;2074.408;1956.103;2704.854;2648.770;2316.019;1532.056;1026.474;3532.821;1241.393;731.429;124.308;3616.781;416.244;1132.765;149.395;865.614;1441.793;3447.181;1224.051;3520.621;272.963;1275.798;1264.962;2874.051;3320.011;1077.628;1546.034;884.734;2871.114;2219.021;290.206;2307.568;2946.496;90.723;1694.140;2839.729;3620.674;2076.241;28.231;1724.749;679.408;2355.542;767.354;475.844;1895.177;275.409;2757.411;3452.338;3300.472;1364.254;2168.461;2381.825;1811.840;1637.980;-1.177;180.301;1391.066;1569.626;627.605;1873.375;2074.163;2712.126;1069.958;1469.311;3040.981;2191.743;2571.471;1816.704;2987.602;2525.564;3097.983;714.443;1036.850;1683.307;1788.786;2359.996;3021.289;1934.692;3533.407;2592.888;646.263;2263.293;1994.272;2760.650;2908.518;929.427;460.926;2438.024;-0.900;2857.758,1826.343;3591.105;3591.315;790.125;3181.678;2851.410;745.712;2445.690;3523.289;2677.539;209.885;1749.763;1545.955;-1.695;3606.190;3229.765;775.815;2288.516;1633.303;1378.013;1810.793;1997.858;3031.419;76.102;2222.943;1912.066;519.196;549.773;2328.085;3173.584;108.423;1439.262;3171.796;1745.028;1213.784;1025.001;193.277;483.373;2107.069;2006.674;2040.588;1088.777;3134.160;3141.457;1716.442;2604.315;2834.432;1357.290;541.907;981.849;885.103;1444.673;-16.018;1117.130;1967.147;1454.534;1948.339;2655.513;3418.262;1110.126;882.667;1636.328;2210.222;612.366;223.902;778.448;901.378;1587.275;2296.557;1166.727;3584.722;3034.371;2176.336;1242.528;444.725;2426.746;2519.804;78.192;2781.518;3205.780;2254.993;2590.298;2957.484;3395.544;1309.676;295.221;1125.223;541.021;1423.509;1809.590;2868.861;3315.949;1020.880;3518.369;662.780;1637.456;617.546;780.102;18.271;944.363
17,29.223860502243042,16,-527.188830905706,527.188830905706,0.27138852729195867,3197.579;3598.582;3197.451;1972.751;852.793;25.647;1484.108;1478.223;1821.455;1671.655;2089.941;1958.163;2719.675;2653.867;2299.703;1547.140;1040.300;3548.770;1255.332;716.007;112.238;3601.211;400.653;1147.340;157.175;860.846;1441.898;3461.988;1210.107;3529.403;280.997;1272.043;1248.559;2860.522;3336.413;1061.548;1562.206;869.318;2859.437;2202.965;274.226;2321.871;2932.434;74.333;1706.281;2853.306;3605.077;2066.351;12.606;1709.845;663.741;2371.934;781.797;490.115;1882.838;260.064;2741.439;3463.450;3312.296;1367.988;2184.697;2365.744;1802.329;1642.906;-10.479;188.384;1406.327;1585.786;640.971;1882.479;2086.461;2699.901;1069.479;1453.244;3026.138;2207.469;2560.740;1825.078;2971.780;2540.494;3114.369;711.117;1036.017;1666.946;1783.694;2376.398;3006.661;1945.824;3517.545;2609.158;659.838;2277.313;1978.109;2774.925;2924.388;913.459;470.188;2434.851;7.297;2873.929,1841.078;3580.825;3607.511;799.559;3195.962;2837.792;729.349;2431.198;3525.738;2692.547;200.698;1734.106;1529.692;-12.552;3600.135;3215.705;763.527;2297.279;1639.673;1392.734;1796.273;1990.865;3046.569;65.456;2237.721;1905.229;505.385;557.577;2343.915;3157.998;99.502;1434.430;3186.745;1758.261;1197.730;1012.740;177.943;468.243;2119.650;2022.968;2025.786;1098.973;3148.244;3153.833;1701.188;2588.227;2850.150;1371.470;526.662;968.669;888.493;1458.425;-0.250;1129.403;1953.832;1470.401;1963.419;2639.840;3432.475;1095.779;895.713;1635.652;2225.212;596.290;211.271;765.180;914.500;1602.998;2281.106;1181.192;3571.643;3024.670;2161.721;1256.874;430.800;2422.448;2527.226;65.770;2794.551;3218.347;2254.595;2583.562;2941.484;3411.692;1323.918;294.164;1140.877;556.670;1439.837;1794.388;2876.254;3330.168;1005.662;3505.672;646.690;1652.005;610.589;765.028;8.301;929.139
18,31.108160257339478,17,-527.8146806837251,527.8146806837251,0.16882736178809027,3206.633;3589.079;3200.358;1987.389;868.134;41.618;1483.312;1490.360;1805.615;1685.350;2106.318;1943.899;2735.839;2667.511;2287.672;1561.292;1056.023;3565.171;1271.642;699.662;96.021;3586.192;389.083;1135.333;141.383;876.123;1427.796;3455.598;1202.585;3544.393;272.228;1256.235;1233.916;2870.285;3346.892;1045.302;1578.299;872.765;2874.061;2187.212;282.769;2338.197;2944.432;60.312;1722.333;2868.256;3592.924;2080.533;-3.776;1693.845;652.122;2358.124;766.253;482.346;1895.765;274.804;2744.669;3478.638;3328.340;1381.351;2173.143;2375.035;1787.512;1628.283;5.503;204.239;1406.500;1569.814;627.033;1898.604;2076.685;2713.055;1075.487;1438.807;3040.367;2223.679;2545.154;1818.263;2961.833;2537.405;3129.049;697.178;1050.996;1656.269;1767.645;2392.262;2991.014;1961.416;3530.141;2597.220;676.035;2293.484;1973.568;2759.399;2910.173;897.754;483.862;2431.500;-8.237;2889.768,1827.466;3594.351;3593.613;784.502;3211.082;2821.569;720.504;2445.645;3541.502;2691.595;184.643;1717.854;1517.560;3.144;3584.541;3200.518;747.298;2282.723;1652.909;1408.849;1781.041;1990.698;3033.288;49.356;2252.580;1895.313;489.094;573.293;2334.368;3153.663;84.113;1418.475;3203.059;1769.773;1182.678;1028.410;190.321;483.161;2108.305;2024.123;2010.608;1114.189;3164.391;3169.931;1717.168;2575.313;2853.461;1356.845;541.184;980.649;872.928;1474.669;12.088;1124.056;1960.878;1478.247;1977.581;2627.147;3435.129;1108.033;911.972;1651.377;2241.527;593.620;225.352;752.625;923.112;1587.075;2294.773;1197.306;3586.501;3009.863;2146.779;1271.759;414.496;2406.774;2543.280;49.580;2809.306;3203.067;2269.169;2569.286;2926.539;3410.398;1336.270;307.486;1152.298;571.847;1451.664;1781.523;2892.101;3340.696;989.567;3520.229;630.305;1667.548;594.532;749.464;-7.864;916.953
19,33.01349067687988,18,-528.7190520777691,528.7190520777691,0.19313872439018273,3222.740;3600.888;3216.255;1973.600;855.257;39.994;1471.884;1504.537;1791.871;1675.146;2114.671;1958.699;2733.032;2683.359;2294.157;1549.599;1052.412;3563.065;1283.508;687.778;110.015;3585.844;395.259;1149.545;136.016;892.239;1442.260;3468.478;1186.653;3555.428;258.250;1270.366;1219.298;2883.274;3362.905;1030.443;1568.452;869.699;2863.633;2171.532;268.827;2332.138;2960.549;51.606;1726.763;2857.279;3603.840;2072.008;6.876;1677.462;649.704;2369.960;768.901;491.652;1880.382;264.178;2755.299;3464.373;3316.112;1365.726;2186.902;2360.192;1800.725;1636.351;1.611;195.624;1413.820;1568.445;639.939;1886.533;2091.698;2699.877;1091.474;1422.652;3031.986;2224.221;2529.688;1833.696;2976.867;2553.260;3144.692;681.506;1067.010;1670.428;1766.711;2408.388;3002.792;1977.787;3531.706;2601.643;666.787;2284.653;1984.489;2745.347;2917.944;881.377;499.997;2446.600;5.217;2875.556,1811.234;3610.128;3607.709;793.179;3214.242;2835.951;728.628;2431.377;3556.354;2706.519;191.048;1730.899;1505.183;-2.178;3570.397;3210.021;731.520;2297.647;1669.159;1398.822;1764.967;1974.831;3036.880;36.266;2259.151;1879.290;482.490;573.862;2349.562;3163.103;99.612;1429.625;3214.214;1768.101;1168.192;1021.127;176.527;472.729;2122.254;2039.596;2025.388;1122.961;3160.971;3182.488;1718.713;2575.220;2845.568;1364.698;528.416;969.688;857.197;1461.175;7.763;1108.017;1976.954;1494.221;1965.818;2634.413;3419.385;1123.887;896.846;1667.575;2255.008;608.674;239.971;761.957;910.423;1582.086;2281.448;1183.223;3602.445;2994.926;2131.116;1286.815;407.584;2417.626;2536.137;39.656;2812.073;3213.785;2258.520;2578.449;2926.421;3397.755;1351.449;293.381;1154.181;558.124;1459.263;1772.130;2887.333;3325.546;1003.152;3536.366;614.401;1682.179;587.829;763.384;-0.338;927.623
20,34.73470878601074,19,-529.4775168486153,529.4775168486153,0.34240246700847965,3238.264;3614.006;3232.626;1976.218;839.824;44.911;1461.240;1520.217;1775.594;1664.111;2100.999;1968.336;2718.786;2696.774;2281.984;1562.816;1037.033;3574.096;1298.031;696.682;125.880;3588.058;379.498;1148.568;142.017;897.374;1458.294;3484.721;1174.599;3555.076;273.559;1274.105;1204.643;2869.319;3375.044;1015.611;1552.413;883.364;2862.342;2186.630;252.677;2341.521;2949.728;35.744;1727.743;2862.741;3592.668;2056.148;21.998;1688.409;634.115;2375.006;753.688;507.035;1881.524;249.012;2771.336;3467.783;3312.686;1365.509;2202.131;2345.606;1790.978;1624.143;-10.858;179.598;1415.427;1567.237;654.066;1889.058;2081.286;2683.740;1076.221;1426.072;3016.138;2231.109;2514.787;1849.555;2983.065;2569.407;3159.180;665.897;1083.182;1685.781;1751.693;2423.020;3017.138;1973.306;3521.399;2616.079;680.984;2273.557;1975.807;2744.506;2933.258;871.956;516.367;2462.153;-2.267;2883.494,1794.886;3594.875;3596.162;806.835;3213.675;2830.089;713.283;2415.710;3570.734;2694.414;200.596;1739.644;1490.080;-4.144;3571.244;3197.477;718.850;2304.912;1682.567;1410.555;1769.603;1960.064;3052.702;45.164;2274.762;1863.796;467.543;558.972;2364.284;3148.137;115.966;1431.348;3221.964;1752.368;1181.739;1035.957;160.246;459.182;2136.140;2053.848;2017.299;1107.862;3168.041;3172.043;1721.537;2587.569;2853.279;1379.096;512.473;969.905;854.462;1445.132;-4.525;1123.169;1993.335;1500.647;1979.130;2638.591;3406.543;1111.171;893.061;1655.174;2257.050;609.540;225.281;747.750;925.627;1582.873;2267.397;1190.337;3615.337;2979.293;2142.873;1272.649;400.699;2432.060;2529.858;25.741;2819.392;3229.367;2269.832;2562.624;2922.357;3381.601;1337.716;283.287;1147.784;544.390;1472.882;1785.421;2902.959;3311.380;1018.479;3552.554;623.139;1698.462;601.433;779.128;0.414;913.990
21,36.602152585983276,20,-530.3209387302138,530.3209387302138,0.2321995520932191,3254.590;3598.194;3234.304;1992.151;853.494;29.192;1445.220;1533.955;1772.247;1677.864;2109.973;1957.674;2730.384;2684.353;2287.972;1548.615;1046.189;3582.330;1286.291;691.278;112.917;3572.717;366.570;1164.095;152.927;902.346;1472.080;3491.126;1183.037;3569.307;272.946;1289.984;1218.699;2874.575;3364.911;999.643;1558.682;884.790;2878.102;2202.669;261.604;2357.633;2934.071;32.493;1730.714;2878.299;3604.860;2052.750;8.899;1688.829;648.742;2361.855;737.395;493.834;1866.264;242.529;2778.869;3482.324;3327.259;1349.753;2192.502;2353.569;1784.060;1639.521;3.539;174.483;1431.225;1568.708;660.797;1902.665;2095.212;2685.930;1060.273;1416.260;3017.176;2215.204;2498.509;1859.092;2997.482;2557.915;3144.172;651.515;1069.795;1692.463;1735.749;2433.646;3028.487;1988.086;3537.208;2602.902;673.691;2285.071;1959.716;2739.673;2949.125;875.832;504.370;2478.490;8.941;2869.318,1805.567;3603.116;3599.417;792.083;3229.604;2815.177;701.974;2399.777;3586.740;2695.178;216.230;1754.830;1482.418;9.773;3585.618;3209.292;702.641;2310.708;1698.317;1396.083;1756.288;1974.945;3039.041;33.061;2267.683;1876.945;472.425;568.117;2379.699;3132.564;132.331;1422.217;3237.802;1736.041;1188.189;1052.159;145.690;443.926;2123.561;2041.018;2014.623;1091.550;3156.399;3173.566;1726.367;2572.056;2869.154;1384.087;525.876;971.645;838.488;1430.039;10.156;1132.037;2009.107;1516.476;1967.443;2654.206;3390.812;1095.703;905.339;1640.465;2241.144;624.934;221.796;758.054;941.943;1584.674;2281.851;1175.610;3599.664;2989.157;2156.847;1284.773;384.660;2446.608;2545.647;35.099;2814.344;3230.251;2285.466;2573.773;2907.175;3389.774;1341.691;285.281;1145.920;528.133;1458.396;1801.616;2911.209;3304.915;1007.497;3546.636;636.722;1696.241;598.915;768.918;-15.458;926.079
22,38.49461269378662,21,-530.8910185251109,530.8910185251109,0.23431488072285242,3264.809;3601.978;3218.639;2003.913;847.157;15.909;1437.790;1523.898;1784.555;1694.104;2122.549;1942.263;2723.241;2699.959;2303.977;1556.439;1061.637;3567.439;1301.648;675.456;96.745;3569.618;353.287;1174.683;137.621;886.817;1482.746;3506.081;1198.149;3585.568;274.030;1280.342;1226.580;2890.510;3354.577;992.050;1543.229;868.924;2891.225;2209.627;276.261;2355.309;2947.530;41.527;1737.120;2868.314;3595.706;2039.035;17.143;1704.402;657.608;2350.002;740.905;477.602;1881.041;257.236;2767.168;3498.227;3343.298;1336.578;2203.529;2369.234;1768.073;1648.296;-3.119;186.558;1447.284;1573.072;646.126;1888.684;2079.917;2701.646;1059.304;1400.153;3001.493;2212.592;2482.608;1874.711;3013.345;2543.815;3142.174;663.229;1054.448;1680.847;1733.325;2418.476;3030.529;2001.940;3549.386;2587.076;657.845;2270.044;1946.046;2723.761;2962.845;877.693;489.847;2489.879;-0.753;2882.605,1821.633;3588.612;3615.334;798.069;3245.779;2798.871;685.856;2412.073;3602.840;2711.049;200.688;1743.261;1498.239;0.823;3570.383;3193.762;717.485;2294.963;1684.077;1410.710;1740.088;1960.738;3045.903;36.881;2283.153;1893.142;456.947;553.341;2395.729;3140.470;133.756;1407.174;3253.639;1736.770;1204.133;1038.511;129.694;456.035;2134.006;2053.402;2004.035;1097.909;3172.075;3189.467;1718.469;2561.236;2881.676;1370.756;511.769;987.172;847.876;1439.571;21.684;1123.132;1996.830;1505.855;1979.002;2670.425;3399.778;1101.731;917.922;1652.004;2239.502;610.199;206.415;774.137;932.600;1580.374;2266.527;1188.975;3604.322;3004.052;2173.008;1270.619;389.717;2439.702;2549.837;19.299;2798.353;3242.454;2295.811;2559.917;2890.919;3401.173;1357.410;301.221;1129.958;542.057;1442.140;1798.388;2927.277;3288.888;995.297;3530.992;652.966;1711.989;601.990;752.804;-1.085;923.832
23,40.20930099487305,22,-531.674509430931,531.674509430931,0.3367710478041352,3278.385;3590.462;3229.468;1993.771;842.498;28.220;1444.634;1507.967;1769.317;1702.923;2138.738;1927.428;2738.299;2715.634;2319.423;1572.415;1049.279;3551.148;1287.549;659.191;107.062;3585.043;362.431;1190.773;130.443;870.561;1490.749;3522.373;1182.770;3577.223;289.800;1294.647;1210.935;2902.045;3369.827;1003.668;1529.785;857.761;2876.160;2225.155;262.186;2366.556;2958.369;26.076;1728.769;2883.359;3609.711;2054.486;5.090;1720.523;642.671;2364.383;744.522;462.591;1872.381;272.411;2778.499;3512.126;3334.656;1320.434;2211.982;2375.741;1782.792;1637.632;-15.940;171.227;1432.245;1586.818;661.450;1890.494;2069.575;2689.192;1045.066;1410.562;3012.631;2196.981;2495.599;1862.312;3008.142;2558.648;3126.613;657.007;1043.768;1664.689;1747.177;2402.540;3027.855;2018.077;3565.431;2573.855;641.552;2253.888;1931.141;2707.423;2957.939;892.718;504.075;2505.830;14.734;2887.408,1812.470;3597.657;3600.562;810.005;3259.212;2796.511;691.903;2399.602;3593.040;2711.076;185.411;1727.565;1487.266;-14.968;3578.249;3180.206;715.192;2288.145;1696.404;1416.049;1736.457;1964.204;3061.428;21.057;2293.935;1885.557;460.147;566.349;2412.073;3125.966;118.761;1422.533;3242.453;1739.513;1204.859;1041.750;141.055;440.578;2141.130;2038.291;2019.627;1109.215;3187.185;3205.554;1704.561;2566.830;2894.952;1358.208;504.961;972.363;863.245;1448.501;37.612;1107.227;1991.429;1490.178;1994.028;2661.461;3389.861;1117.532;903.327;1667.711;2240.278;595.265;191.531;772.402;936.193;1593.974;2255.965;1181.602;3596.507;2989.892;2160.036;1255.574;402.458;2454.432;2564.794;3.130;2810.901;3257.872;2284.656;2555.758;2895.016;3416.779;1373.705;317.558;1140.765;543.112;1436.976;1806.231;2923.985;3274.177;979.160;3545.542;642.475;1713.973;617.903;743.131;3.855;908.129
24,42.061381578445435,23,-532.3987832353523,532.3987832353523,0.3295630860434046,3263.609;3591.491;3245.146;1977.846;858.115;35.654;1433.152;1510.829;1766.186;1715.935;2139.741;1942.941;2736.305;2731.758;2307.899;1557.788;1033.433;3562.922;1272.168;644.110;110.022;3598.111;378.042;1189.593;122.102;854.261;1506.777;3538.149;1187.433;3592.164;306.114;1303.954;1203.642;2889.487;3368.397;1018.820;1540.912;846.061;2890.625;2221.269;253.823;2354.782;2943.742;9.979;1713.055;2870.008;3599.187;2069.997;-11.069;1709.126;640.051;2380.614;728.808;446.810;1857.476;260.494;2791.305;3502.039;3318.860;1328.874;2220.501;2360.461;1797.147;1625.977;-0.343;165.773;1424.897;1577.124;657.525;1905.801;2084.044;2676.634;1060.162;1399.295;3026.194;2193.884;2506.102;1877.232;2992.635;2573.470;3134.247;641.080;1027.660;1679.597;1732.643;2403.457;3041.842;2017.661;3580.659;2579.963;637.459;2248.672;1938.379;2694.825;2972.612;908.878;495.781;2516.315;9.088;2889.778,1820.328;3613.544;3594.708;826.144;3270.316;2789.278;680.627;2407.873;3584.058;2723.464;194.479;1743.298;1471.819;0.645;3593.694;3165.587;702.540;2303.678;1682.112;1400.438;1741.545;1977.943;3077.614;25.954;2309.935;1880.481;449.678;551.828;2407.065;3134.212;108.136;1438.730;3257.846;1723.701;1219.603;1028.811;129.001;425.798;2126.068;2046.563;2004.707;1094.073;3177.236;3199.065;1706.009;2582.793;2879.384;1373.576;510.741;982.027;875.762;1433.041;22.630;1121.748;1998.768;1505.207;1998.893;2658.085;3375.044;1126.316;887.636;1652.470;2250.280;607.707;204.966;756.810;921.063;1584.563;2266.861;1166.581;3611.899;2973.673;2146.023;1266.432;397.072;2470.699;2549.892;-9.509;2812.513;3274.081;2300.107;2541.658;2880.697;3402.478;1364.556;309.033;1155.576;528.404;1452.017;1822.257;2933.891;3259.662;993.630;3537.745;652.919;1728.240;629.175;727.717;-0.528;893.104
25,43.93905973434448,24,-533.3169070454852,533.3169070454852,0.28429608909731946,3248.819;3606.806;3260.848;1985.427;873.826;20.131;1443.037;1494.948;1774.837;1731.954;2155.583;1956.545;2721.448;2726.700;2321.639;1555.944;1021.395;3574.403;1278.242;658.674;97.088;3613.755;363.850;1178.649;135.927;841.078;1495.689;3551.307;1173.318;3578.487;302.910;1305.226;1199.403;2894.455;3383.945;1007.096;1536.867;829.959;2906.861;2229.574;237.903;2369.983;2957.047;-4.549;1725.477;2865.733;3583.845;2070.127;1.320;1693.028;631.234;2393.007;717.916;430.511;1856.626;274.533;2775.534;3517.144;3302.737;1313.010;2204.797;2344.181;1812.998;1641.742;4.347;180.604;1416.239;1561.067;671.939;1890.939;2094.471;2660.507;1074.320;1415.145;3041.952;2208.766;2521.196;1863.284;3007.532;2588.948;3150.097;624.823;1042.611;1672.526;1746.739;2419.269;3058.041;2032.447;3567.551;2595.847;621.836;2232.950;1933.757;2680.778;2957.979;896.450;481.887;2531.955;8.959;2903.327,1807.413;3599.051;3603.428;814.194;3255.280;2804.745;674.492;2393.508;3598.988;2707.803;182.213;1753.498;1485.658;-6.670;3609.548;3149.404;686.651;2291.084;1697.329;1384.221;1727.344;1962.445;3062.374;13.306;2298.498;1864.763;433.594;564.351;2410.346;3118.681;92.078;1424.841;3274.081;1708.987;1207.226;1043.948;128.540;439.874;2110.176;2062.420;2003.072;1107.668;3161.322;3214.515;1690.287;2579.726;2894.024;1381.345;511.371;966.817;890.643;1418.814;15.764;1132.018;2014.757;1521.429;2014.847;2642.233;3390.380;1110.418;874.630;1640.207;2266.307;610.183;221.165;766.565;904.800;1568.507;2282.885;1162.423;3597.409;2959.290;2131.036;1282.391;411.848;2458.391;2545.610;6.091;2828.257;3270.240;2315.422;2556.611;2890.362;3414.758;1368.978;323.236;1141.301;512.168;1462.670;1837.973;2949.003;3245.899;1006.272;3553.265;639.610;1716.929;613.516;741.517;3.574;877.776
26,45.84672999382019,25,-533.8837806744834,533.8837806744834,0.4200221771939523,3263.227;3592.956;3250.356;1987.845;860.145;35.080;1459.092;1484.822;1763.999;1718.898;2140.386;1971.969;2705.662;2739.418;2324.758;1561.615;1035.664;3561.242;1262.849;672.113;80.959;3599.593;347.773;1162.933;151.947;825.092;1479.595;3551.671;1157.181;3570.372;317.474;1289.370;1214.052;2878.898;3400.180;991.021;1552.622;844.322;2910.109;2245.542;221.643;2359.347;2954.990;-20.548;1721.101;2851.749;3593.734;2054.645;-10.225;1678.061;615.356;2379.962;704.344;414.697;1872.377;290.741;2789.603;3531.242;3310.826;1312.563;2218.951;2337.583;1827.153;1651.051;-6.513;170.784;1402.955;1549.815;687.288;1874.698;2109.923;2645.700;1089.819;1419.174;3026.830;2193.660;2507.437;1862.501;3023.554;2605.052;3137.368;623.786;1057.810;1675.251;1762.423;2425.000;3064.027;2048.506;3551.624;2611.058;607.320;2218.602;1949.574;2687.533;2969.774;912.318;491.635;2548.224;23.889;2919.483,1791.762;3605.744;3600.767;805.261;3266.878;2820.100;688.134;2380.292;3605.946;2705.567;167.388;1745.153;1471.901;-0.830;3594.536;3143.476;692.186;2293.995;1704.130;1371.947;1712.080;1975.404;3066.186;13.455;2311.676;1880.624;418.827;553.938;2394.910;3126.039;76.190;1410.040;3289.093;1720.792;1191.139;1058.186;116.792;426.585;2125.442;2078.690;1987.404;1100.370;3150.328;3223.208;1692.765;2591.398;2905.420;1396.119;526.309;955.368;878.043;1407.070;3.565;1117.293;2021.941;1537.335;2002.295;2626.866;3377.017;1105.499;858.777;1652.427;2282.515;598.307;234.180;782.616;910.531;1582.418;2296.392;1146.799;3602.406;2944.459;2144.694;1288.140;397.356;2471.798;2532.345;-2.482;2836.835;3284.889;2300.321;2571.819;2903.720;3400.558;1353.841;331.693;1152.148;510.827;1477.376;1828.157;2933.840;3229.710;1021.798;3566.781;632.207;1701.010;603.277;737.466;-5.998;892.285
27,47.56562852859497,26,-534.4225456986157,534.4225456986157,0.30838453644102737,3276.298;3597.199;3259.926;2003.551;844.424;42.018;1449.265;1498.535;1779.619;1702.840;2134.243;1981.185;2719.666;2755.095;2340.594;1550.162;1021.448;3572.300;1247.877;661.378;66.274;3612.679;343.029;1160.481;145.855;822.480;1489.154;3567.067;1163.399;3585.914;303.166;1288.819;1227.594;2873.828;3414.203;977.044;1552.057;860.528;2901.299;2256.479;206.635;2345.230;2967.222;-4.858;1705.184;2866.879;3579.632;2051.545;4.916;1664.150;628.683;2369.180;688.239;399.553;1869.758;303.683;2800.860;3519.885;3326.176;1315.144;2234.885;2347.663;1827.796;1637.125;7.195;156.728;1417.966;1565.342;700.224;1858.580;2097.759;2654.376;1076.298;1416.426;3012.744;2181.260;2491.324;1847.411;3011.247;2592.170;3149.773;639.088;1051.828;1660.048;1764.952;2440.113;3048.185;2044.886;3562.015;2626.550;607.944;2202.411;1965.691;2703.487;2985.680;912.486;476.481;2564.495;20.397;2928.960,1805.360;3598.857;3593.749;789.258;3282.638;2818.276;704.205;2387.802;3590.334;2719.456;177.726;1753.820;1456.982;-14.884;3608.602;3132.116;707.859;2296.501;1714.007;1364.902;1726.422;1968.034;3075.077;-0.617;2326.730;1883.769;402.761;547.837;2378.665;3139.145;63.077;1421.906;3303.148;1724.396;1182.807;1072.804;101.062;411.498;2140.478;2082.200;1984.502;1114.251;3163.056;3235.382;1708.600;2576.069;2911.619;1381.300;510.855;939.600;861.971;1422.470;7.233;1127.773;2030.039;1552.874;1992.203;2633.300;3362.054;1102.626;852.516;1649.221;2271.818;582.596;248.852;796.560;899.573;1569.732;2308.815;1162.652;3587.618;2959.250;2131.275;1291.492;408.197;2487.124;2545.213;1.981;2825.306;3279.222;2286.056;2583.789;2919.878;3400.717;1354.214;316.573;1167.955;496.113;1462.053;1837.686;2921.084;3216.185;1005.991;3581.948;616.245;1697.026;612.460;721.837;9.574;907.117
28,49.43489623069763,27,-535.1504785044019,535.1504785044019,0.390915583783004,3265.863;3613.083;3246.071;1992.013;828.346;29.646;1452.026;1499.756;1767.052;1713.620;2122.293;1997.156;2735.841;2770.797;2333.795;1564.773;1031.966;3580.390;1233.627;676.873;70.830;3597.566;358.755;1175.463;130.569;814.957;1497.654;3564.130;1147.965;3572.353;306.434;1294.918;1222.543;2873.410;3430.029;982.140;1565.493;869.410;2913.301;2245.973;209.924;2329.157;2955.002;0.600;1696.540;2881.154;3587.451;2035.914;10.877;1672.760;613.979;2383.272;677.111;383.342;1872.473;288.906;2815.958;3535.097;3311.435;1325.363;2243.747;2361.656;1811.987;1628.791;-1.793;170.284;1414.743;1575.956;716.284;1853.546;2103.521;2662.254;1088.307;1402.623;3003.436;2166.505;2500.006;1851.720;3015.838;2596.782;3165.403;633.562;1067.177;1671.787;1754.865;2454.632;3045.514;2059.516;3565.936;2611.509;595.927;2196.845;1968.013;2698.263;3000.453;912.992;462.713;2570.189;5.167;2920.168,1817.168;3583.480;3609.437;773.285;3281.284;2834.069;691.392;2402.100;3603.746;2719.226;165.176;1765.729;1466.281;0.140;3610.084;3127.361;711.476;2283.484;1729.298;1351.311;1742.611;1952.901;3060.306;-16.734;2342.061;1884.674;386.741;558.237;2386.394;3124.074;77.740;1437.458;3315.496;1735.965;1167.113;1059.408;89.877;420.038;2156.315;2097.277;1999.048;1101.987;3176.557;3224.765;1700.821;2585.980;2921.384;1395.418;501.158;953.942;868.322;1419.776;-0.544;1143.814;2015.483;1541.333;1981.750;2619.252;3376.272;1100.775;868.045;1633.932;2261.188;568.234;262.336;781.782;883.517;1559.817;2295.130;1168.224;3574.790;2974.518;2132.648;1283.425;396.721;2473.494;2560.847;-9.226;2823.468;3292.882;2269.995;2599.644;2923.995;3386.175;1339.076;300.718;1166.601;501.556;1456.525;1852.613;2925.705;3200.039;1004.421;3582.691;621.484;1697.919;614.961;728.517;-5.205;894.825
29,51.32761287689209,28,-535.5709040682427,535.5709040682427,0.25192897931429964,3250.592;3600.209;3258.757;2007.026;836.578;20.149;1438.421;1513.558;1752.078;1729.436;2108.935;1985.288;2751.425;2787.008;2346.535;1558.679;1016.658;3564.958;1247.293;677.007;85.947;3596.308;374.505;1159.738;114.686;811.118;1484.844;3579.248;1153.533;3583.596;290.920;1309.939;1217.902;2857.627;3446.267;967.597;1554.916;881.602;2900.522;2259.480;195.147;2330.081;2970.429;-0.629;1708.465;2896.299;3572.504;2021.403;4.483;1658.320;601.218;2373.553;692.555;369.997;1856.823;278.510;2830.724;3551.225;3296.708;1315.533;2229.149;2377.481;1798.483;1614.517;11.475;180.195;1399.175;1581.933;727.274;1858.100;2089.954;2647.828;1073.207;1402.530;3014.165;2180.942;2485.058;1839.973;3000.828;2591.642;3181.518;618.144;1067.112;1683.829;1769.484;2439.759;3029.819;2075.687;3552.957;2596.046;609.355;2181.097;1975.595;2713.450;2989.416;921.752;477.221;2585.310;-6.753;2935.846,1802.423;3569.118;3594.864;758.946;3275.349;2849.645;695.048;2418.242;3615.491;2709.852;149.085;1781.803;1453.266;-3.716;3594.891;3111.484;723.155;2267.417;1721.262;1335.354;1727.998;1940.742;3048.480;-1.445;2358.278;1886.025;371.933;573.627;2377.886;3133.015;73.332;1427.994;3325.868;1721.072;1150.888;1072.244;100.958;406.499;2166.527;2084.909;2015.190;1116.193;3164.110;3239.962;1712.709;2574.148;2905.886;1389.345;493.312;944.010;883.055;1410.719;-4.313;1156.625;2028.315;1543.239;1981.353;2604.773;3391.414;1097.398;877.850;1643.166;2273.900;573.449;271.236;783.844;873.681;1549.591;2304.949;1169.260;3568.775;2990.095;2140.739;1273.762;381.311;2474.813;2577.079;6.091;2825.077;3308.978;2277.105;2612.307;2912.198;3376.383;1324.751;305.411;1181.997;497.678;1463.500;1868.812;2910.851;3206.037;1005.310;3593.628;636.377;1698.064;599.291;713.144;1.544;878.817
30,53.04369354248047,29,-536.4395876921826,536.4395876921826,0.2985171413542948,3242.163;3604.772;3274.625;2016.148;831.165;5.507;1453.499;1498.125;1735.983;1741.473;2093.281;1987.400;2767.559;2780.062;2335.390;1544.215;1007.853;3579.146;1254.404;691.389;102.135;3585.671;387.446;1162.305;118.193;805.610;1468.775;3594.883;1140.558;3583.846;278.727;1294.475;1202.037;2849.796;3462.234;951.897;1538.909;897.333;2884.433;2259.091;179.226;2314.427;2961.940;-14.759;1703.157;2912.139;3577.064;2035.659;-7.152;1666.445;585.455;2357.702;694.524;355.916;1855.662;262.516;2846.804;3561.019;3305.992;1299.608;2243.916;2393.146;1812.579;1629.489;23.103;192.776;1414.169;1597.332;712.007;1855.579;2073.886;2631.761;1079.674;1399.124;3003.482;2196.289;2491.434;1854.403;2996.330;2607.062;3197.386;610.202;1082.259;1699.876;1755.622;2454.052;3014.763;2080.167;3536.861;2580.192;625.157;2169.049;1980.029;2705.354;2974.514;935.333;477.608;2601.359;8.917;2951.907,1817.152;3553.340;3599.414;773.106;3259.664;2861.273;698.283;2403.739;3600.516;2693.890;135.564;1769.871;1461.834;1.978;3605.326;3095.358;739.134;2277.092;1712.672;1348.884;1740.799;1924.679;3063.183;-3.940;2371.477;1874.580;356.265;589.736;2392.605;3118.429;57.867;1414.288;3341.852;1731.625;1141.491;1061.745;85.439;400.159;2182.388;2098.862;2029.808;1131.542;3178.907;3226.212;1710.204;2558.806;2901.731;1404.826;483.354;957.163;893.932;1409.885;11.443;1170.421;2044.213;1527.581;1965.526;2616.020;3406.916;1082.441;862.427;1627.748;2289.984;557.683;287.151;795.332;886.642;1534.446;2289.543;1177.564;3553.269;2992.086;2156.622;1263.389;365.113;2480.222;2577.096;21.630;2840.909;3315.939;2292.175;2599.091;2896.222;3360.405;1308.611;320.829;1188.305;481.832;1479.370;1872.227;2897.314;3191.121;1000.490;3596.436;624.389;1710.044;583.105;727.004;-10.683;864.029
31,54.893301248550415,30,-537.2408102715241,537.2408102715241,0.36619709504712183,3257.852;3593.069;3279.910;2002.225;846.568;-10.602;1442.828;1490.888;1719.963;1728.019;2104.050;1971.938;2780.368;2770.631;2319.396;1528.108;1021.633;3592.479;1269.726;678.294;114.955;3571.620;391.542;1154.268;104.748;801.304;1454.159;3610.806;1124.706;3599.523;270.474;1291.453;1214.031;2836.008;3474.836;938.296;1541.737;905.042;2872.742;2274.742;180.100;2326.769;2967.264;0.620;1716.061;2902.471;3591.908;2028.370;8.295;1662.498;586.613;2371.171;679.621;358.396;1870.260;247.086;2861.780;3575.011;3295.200;1286.360;2248.735;2378.907;1826.911;1620.184;9.823;208.766;1409.767;1609.147;696.487;1856.101;2058.765;2637.244;1095.119;1413.490;3018.473;2196.630;2476.632;1870.252;2985.665;2622.610;3186.692;625.180;1072.092;1716.068;1768.534;2449.439;3000.644;2095.128;3547.163;2571.163;609.693;2171.069;1989.952;2718.972;2984.016;921.865;483.323;2604.988;-0.746;2960.637,1816.143;3542.842;3615.040;758.841;3273.368;2869.544;683.419;2404.590;3607.694;2702.007;148.763;1757.896;1447.307;7.061;3594.697;3080.570;748.200;2289.131;1728.109;1339.730;1754.072;1938.700;3076.633;3.703;2386.894;1879.818;350.408;604.594;2405.521;3125.986;69.414;1407.454;3354.544;1746.574;1125.903;1052.719;90.468;387.648;2175.891;2110.746;2044.219;1147.666;3193.677;3223.659;1698.894;2551.996;2886.197;1413.802;499.032;972.669;892.307;1425.569;-3.738;1186.022;2059.639;1515.597;1969.780;2621.939;3393.837;1095.910;856.505;1633.457;2303.976;565.694;295.738;781.408;890.443;1549.422;2273.979;1165.793;3537.233;3001.423;2167.136;1258.153;351.210;2464.764;2586.137;8.164;2852.931;3331.717;2288.049;2614.043;2883.235;3362.466;1318.529;310.185;1203.302;466.010;1483.297;1857.012;2881.213;3176.796;990.828;3612.170;609.604;1698.487;570.095;716.948;3.061;876.421
32,56.767454862594604,31,-537.6240753863572,537.6240753863572,0.2113099422959559,3257.323;3604.596;3281.888;2011.852;856.805;4.767;1427.365;1504.333;1716.599;1740.685;2089.277;1982.382;2796.138;2755.031;2329.333;1512.321;1034.263;3581.734;1255.101;687.842;101.762;3560.501;381.174;1162.735;108.009;785.482;1448.268;3595.213;1122.671;3595.444;255.232;1295.918;1229.780;2851.018;3490.718;948.976;1554.209;890.338;2857.397;2271.180;164.900;2340.077;2982.916;1.929;1732.118;2915.379;3606.699;2012.554;11.344;1646.705;601.812;2382.267;691.983;368.490;1855.607;247.485;2866.710;3591.005;3279.877;1270.340;2262.953;2364.541;1842.634;1605.075;19.291;196.881;1424.030;1624.142;687.874;1871.707;2072.902;2628.417;1106.887;1407.922;3003.599;2211.817;2486.123;1884.738;2999.479;2610.799;3193.461;641.252;1065.100;1717.984;1754.001;2463.070;2984.646;2083.100;3552.093;2555.690;598.847;2155.506;1988.511;2718.948;2999.954;929.066;467.671;2620.608;-6.330;2976.003,1806.174;3549.869;3601.112;763.907;3289.007;2885.264;667.628;2420.251;3594.357;2702.144;158.832;1765.849;1458.059;-8.272;3593.476;3064.482;733.447;2302.846;1718.727;1324.625;1744.560;1927.079;3091.766;-1.791;2396.777;1893.482;364.342;591.259;2391.962;3135.778;54.367;1392.937;3366.648;1744.633;1135.171;1057.813;75.884;397.976;2190.330;2123.191;2034.861;1136.986;3180.302;3238.816;1714.416;2567.612;2897.311;1399.384;499.123;960.426;906.987;1419.631;8.035;1196.910;2056.515;1524.909;1977.378;2606.933;3404.228;1107.717;861.690;1618.668;2299.331;573.593;308.976;796.230;902.013;1561.946;2284.696;1174.539;3549.039;2986.047;2153.234;1243.860;335.396;2479.128;2571.807;-6.822;2850.093;3318.930;2272.955;2629.749;2896.187;3377.293;1332.470;314.494;1189.234;452.929;1468.993;1857.013;2865.696;3184.845;986.767;3596.864;593.915;1696.202;565.699;720.202;15.551;873.206
33,58.6711699962616,32,-537.7467145504031,537.7467145504031,0.34967913597570466,3244.484;3589.636;3294.670;2025.190;855.433;14.501;1423.243;1510.763;1701.160;1743.880;2104.548;1986.519;2796.306;2769.698;2318.484;1516.682;1021.191;3596.112;1244.203;673.521;86.082;3575.099;365.290;1172.138;95.379;769.525;1463.422;3592.502;1117.953;3583.309;270.255;1280.297;1218.558;2861.686;3483.442;962.158;1539.565;894.796;2841.315;2279.728;172.262;2349.455;2968.821;-10.662;1718.243;2901.655;3591.326;2024.754;-1.441;1659.729;601.219;2395.113;679.592;352.863;1867.608;262.066;2880.031;3601.663;3295.181;1257.516;2249.211;2353.520;1832.143;1611.021;6.057;205.438;1429.340;1634.927;673.495;1879.541;2062.849;2624.051;1122.839;1423.469;3015.696;2201.436;2500.452;1872.755;3015.499;2622.778;3209.224;634.589;1053.676;1733.494;1739.599;2454.832;2985.759;2068.731;3567.907;2561.177;611.757;2140.043;2003.671;2716.798;3008.046;944.716;467.913;2607.136;8.711;2982.029,1790.448;3565.610;3606.896;755.856;3303.342;2883.876;656.934;2410.118;3608.430;2717.747;146.678;1781.114;1473.963;6.650;3609.079;3076.269;718.700;2318.844;1733.417;1308.629;1757.893;1936.966;3092.042;-17.261;2388.239;1891.248;350.869;575.205;2375.976;3122.627;66.822;1379.709;3378.283;1728.894;1147.177;1042.130;60.304;413.903;2205.843;2132.743;2020.421;1149.098;3194.752;3231.523;1704.205;2556.027;2886.502;1394.781;483.920;974.513;894.006;1404.011;0.597;1182.489;2043.510;1539.436;1983.066;2594.248;3390.928;1123.648;846.481;1628.759;2297.580;558.086;294.090;809.980;917.948;1551.674;2282.014;1190.068;3535.671;2969.959;2155.472;1257.372;323.463;2495.125;2585.728;2.222;2864.477;3302.965;2257.002;2638.662;2891.860;3362.460;1317.419;306.241;1196.928;437.516;1483.825;1863.241;2864.916;3200.640;1000.031;3594.724;608.681;1681.919;581.015;704.727;0.394;888.412
34,60.392513036727905,33,-539.0317621398185,539.0317621398185,0.3509368593310621,3229.725;3594.895;3307.846;2010.999;870.510;7.516;1407.503;1497.039;1712.300;1759.201;2101.019;1999.531;2811.931;2761.309;2333.492;1502.395;1031.530;3611.830;1253.920;667.085;96.956;3589.580;374.428;1156.718;79.376;773.179;1456.991;3592.798;1102.291;3596.827;259.516;1267.531;1217.026;2846.614;3498.828;947.077;1525.484;879.475;2854.306;2279.526;157.224;2365.349;2974.683;4.113;1707.483;2885.608;3594.713;2032.739;-15.452;1675.746;616.891;2379.622;679.789;361.263;1883.457;250.626;2864.904;3587.515;3300.981;1271.568;2263.583;2363.434;1816.405;1626.832;-9.657;192.804;1414.615;1622.314;659.790;1864.136;2076.930;2608.348;1135.290;1409.885;3021.116;2208.553;2516.393;1856.780;3012.593;2635.940;3215.073;636.719;1060.259;1723.240;1753.309;2447.590;2973.103;2060.624;3555.460;2556.777;602.280;2124.232;1993.675;2701.165;3023.027;941.211;453.051;2620.613;2.649;2996.892,1778.585;3581.696;3592.654;745.073;3311.453;2868.997;641.010;2413.417;3595.901;2718.120;139.991;1786.721;1466.824;12.372;3595.276;3068.091;729.579;2307.755;1736.649;1317.673;1745.613;1924.986;3107.299;-1.802;2403.680;1904.757;358.587;562.903;2369.086;3106.661;60.371;1395.275;3394.165;1741.785;1132.509;1036.904;44.290;428.079;2211.919;2147.692;2035.396;1138.755;3208.378;3238.866;1717.566;2568.176;2893.084;1379.149;491.850;960.684;878.014;1417.798;-5.013;1187.620;2027.633;1543.732;1998.760;2605.634;3384.429;1113.868;830.494;1636.825;2313.151;568.934;290.207;825.501;910.008;1535.859;2290.903;1176.694;3526.192;2966.731;2167.614;1246.717;316.376;2494.968;2576.083;-6.256;2867.795;3291.672;2245.300;2641.200;2903.430;3364.759;1332.212;290.380;1189.413;437.156;1497.402;1849.040;2867.508;3211.901;1015.404;3609.078;598.108;1690.428;571.251;709.565;-0.248;887.047
35,62.260942220687866,34,-539.4704818645564,539.4704818645564,0.27098809285569714,3214.210;3609.382;3292.176;1997.088;858.714;-2.179;1404.683;1485.122;1703.022;1749.721;2100.717;2014.697;2825.092;2764.711;2342.129;1486.937;1016.987;3596.500;1239.211;678.726;112.485;3605.637;388.512;1142.939;84.533;784.120;1466.311;3604.658;1117.142;3582.374;261.806;1257.603;1232.565;2850.724;3512.528;931.273;1530.051;876.107;2858.855;2295.104;142.537;2380.362;2959.267;1.914;1720.131;2875.852;3610.118;2026.417;0.016;1680.168;604.777;2380.179;672.747;367.783;1871.149;234.895;2872.392;3593.798;3316.645;1287.127;2272.305;2378.953;1828.581;1626.891;5.788;179.422;1398.541;1624.211;673.431;1848.774;2085.147;2622.816;1123.824;1394.350;3036.257;2221.246;2524.124;1866.318;3002.306;2650.703;3224.408;621.516;1073.707;1718.249;1768.688;2431.889;2958.227;2051.110;3556.005;2541.020;587.449;2131.179;2009.061;2686.115;3018.690;925.564;461.704;2624.359;-11.056;3011.546,1793.173;3597.790;3585.356;753.597;3327.260;2856.255;632.568;2429.043;3599.420;2702.678;155.423;1801.106;1456.009;9.932;3590.172;3052.606;745.024;2318.842;1734.031;1318.609;1760.553;1927.183;3123.392;3.547;2418.804;1920.725;368.643;575.957;2383.776;3117.611;45.991;1400.671;3410.076;1732.049;1143.107;1025.908;40.639;413.762;2222.704;2163.376;2050.292;1123.381;3196.771;3248.534;1706.147;2581.848;2908.807;1374.454;494.887;959.012;871.941;1428.633;10.449;1203.293;2039.940;1528.151;1983.941;2615.154;3369.035;1098.533;825.447;1652.560;2299.752;562.615;280.526;826.354;894.177;1528.209;2305.090;1162.690;3515.920;2978.965;2152.843;1262.158;300.592;2509.521;2588.107;8.734;2852.130;3306.245;2243.203;2625.745;2919.272;3377.430;1344.839;274.765;1173.718;421.594;1493.842;1838.792;2851.876;3199.027;1031.495;3596.172;583.080;1675.633;564.173;717.762;7.219;890.647
36,64.15144848823547,35,-539.9339224207546,539.9339224207546,0.3586987285940261,3228.670;3594.546;3283.026;2011.708;862.445;12.729;1419.862;1469.367;1696.081;1765.070;2093.173;2030.737;2834.099;2777.458;2329.580;1482.051;1025.527;3596.607;1223.253;694.603;106.211;3593.942;398.651;1154.790;97.598;798.781;1477.924;3589.650;1110.599;3593.803;274.982;1272.550;1220.552;2866.168;3526.073;915.708;1514.883;875.386;2859.198;2281.690;127.904;2394.914;2961.592;-9.629;1711.257;2888.064;3595.350;2010.662;4.132;1665.933;594.407;2378.874;688.220;354.705;1869.251;219.749;2863.947;3609.311;3319.074;1302.021;2288.104;2387.149;1839.614;1621.113;1.612;164.032;1389.450;1639.917;673.194;1833.101;2100.660;2629.620;1133.553;1378.806;3051.467;2207.898;2524.483;1880.303;2986.713;2666.678;3208.930;635.961;1089.442;1727.810;1758.731;2415.794;2957.497;2062.184;3570.215;2537.336;571.494;2116.705;2005.472;2696.436;3004.634;913.721;470.091;2634.964;4.364;2996.902,1780.458;3613.794;3586.632;742.220;3340.944;2840.300;646.940;2441.031;3614.580;2704.174;142.470;1799.871;1465.407;24.099;3581.191;3049.902;751.174;2309.714;1718.332;1334.283;1758.129;1942.792;3113.036;15.110;2423.757;1908.301;382.275;591.114;2399.681;3103.781;30.693;1412.227;3398.015;1726.952;1158.619;1011.640;25.553;398.641;2208.275;2179.282;2065.590;1135.843;3192.745;3264.371;1720.673;2597.743;2911.326;1389.526;504.738;943.829;885.707;1413.490;2.739;1196.495;2024.687;1528.149;1973.449;2601.205;3359.740;1083.033;840.848;1659.810;2288.447;546.845;291.977;841.267;894.191;1543.260;2292.870;1146.695;3500.041;2994.782;2147.589;1278.235;284.919;2518.625;2573.251;22.146;2850.607;3317.945;2258.773;2638.149;2908.017;3393.253;1334.213;258.768;1157.823;411.266;1478.512;1830.360;2864.675;3184.673;1040.698;3605.419;568.714;1678.533;548.718;710.199;-6.175;875.794
37,66.07102727890015,36,-540.0830124087331,540.0830124087331,0.42541623223781827,3243.848;3604.291;3297.701;1998.234;846.861;25.687;1430.193;1453.787;1706.274;1780.874;2107.371;2046.829;2822.517;2762.002;2338.227;1497.028;1041.103;3596.037;1218.349;708.890;90.519;3605.438;412.645;1140.337;82.201;784.553;1483.300;3586.914;1121.901;3609.698;287.807;1259.684;1205.455;2863.492;3539.482;900.855;1499.661;890.238;2874.738;2268.845;141.323;2381.713;2970.150;5.334;1723.043;2903.986;3582.999;1999.022;18.043;1678.580;580.024;2371.227;689.607;338.826;1854.920;205.968;2848.216;3594.492;3303.868;1312.145;2294.136;2373.235;1850.867;1636.619;-11.672;177.720;1373.728;1631.336;658.324;1842.301;2091.009;2614.539;1120.240;1372.901;3067.149;2210.614;2509.202;1865.720;2985.968;2652.283;3213.559;634.039;1105.455;1712.664;1744.021;2425.336;2942.188;2076.719;3559.811;2541.713;585.042;2109.126;2004.219;2712.294;3019.169;902.549;455.012;2650.829;-1.941;3003.695,1764.929;3599.775;3571.681;726.329;3331.701;2824.680;633.579;2450.306;3600.442;2689.383;128.415;1784.194;1481.171;33.751;3565.436;3034.939;739.834;2324.415;1730.528;1328.781;1772.113;1931.636;3124.412;17.308;2439.464;1895.369;366.772;607.125;2395.814;3114.686;44.910;1424.678;3411.543;1711.873;1174.269;1012.133;11.230;409.574;2218.370;2164.316;2076.582;1121.878;3208.091;3255.989;1733.961;2611.581;2923.821;1400.154;489.281;956.745;901.645;1417.829;-12.137;1207.691;2025.027;1513.912;1986.802;2609.453;3374.842;1086.366;830.698;1671.835;2303.277;556.249;277.436;828.323;878.717;1533.247;2276.949;1153.604;3510.057;2983.951;2147.664;1283.503;269.287;2534.288;2557.410;33.134;2861.834;3304.685;2269.371;2624.531;2921.753;3407.183;1333.164;247.265;1171.404;410.799;1492.220;1845.686;2873.633;3168.729;1031.679;3595.379;562.233;1663.101;550.278;694.521;-22.009;867.843
38,67.79899191856384,37,-540.3581459911433,540.3581459911433,0.353894271762164,3234.741;3599.850;3312.242;1985.638;831.115;13.133;1414.906;1465.544;1711.834;1768.379;2122.961;2060.263;2836.948;2770.459;2353.677;1512.467;1045.275;3605.702;1233.647;696.366;92.665;3590.209;428.619;1127.226;77.215;796.079;1467.905;3592.142;1137.182;3595.458;303.675;1243.979;1218.502;2847.847;3532.214;884.874;1486.525;905.070;2883.136;2255.839;130.627;2367.492;2983.958;13.568;1707.982;2919.770;3595.488;2014.293;7.306;1664.304;583.469;2355.514;690.470;334.401;1839.524;192.687;2858.498;3597.097;3289.713;1326.238;2309.061;2387.588;1866.690;1645.625;3.523;162.960;1373.406;1646.793;642.489;1844.284;2078.172;2601.643;1104.393;1381.176;3081.228;2224.840;2510.739;1875.274;2970.328;2666.879;3227.341;649.476;1121.493;1697.095;1728.329;2420.355;2926.159;2092.610;3574.289;2557.370;571.007;2098.883;2019.672;2698.935;3007.807;886.735;466.243;2653.521;-16.736;3019.316,1749.721;3605.481;3583.773;710.319;3347.267;2811.046;647.967;2435.206;3612.178;2700.961;113.619;1768.485;1468.778;20.144;3549.665;3019.401;739.914;2321.060;1716.333;1337.201;1757.760;1945.379;3115.994;2.371;2452.027;1880.578;376.339;602.035;2386.002;3130.482;31.882;1410.050;3397.182;1726.081;1164.318;1027.793;19.679;395.034;2234.144;2163.554;2067.737;1108.974;3193.091;3269.971;1749.541;2602.436;2908.530;1385.067;497.125;970.809;886.743;1426.415;2.942;1223.393;2040.200;1525.067;2000.987;2623.572;3382.953;1071.524;839.844;1658.601;2302.594;541.575;261.443;843.322;892.631;1523.154;2291.843;1139.641;3508.394;2998.546;2132.081;1299.125;270.202;2521.015;2570.533;18.475;2847.218;3317.933;2254.647;2637.507;2933.133;3423.117;1319.853;259.588;1167.337;395.996;1504.297;1830.899;2860.403;3156.619;1015.921;3609.953;546.721;1674.746;538.773;679.633;-6.516;883.343
39,69.67685103416443,38,-540.4284483425902,540.4284483425902,0.3316865229641074,3249.585;3613.393;3326.382;1993.430;828.122;25.942;1417.469;1452.541;1696.298;1782.575;2108.430;2062.724;2852.673;2782.993;2338.777;1514.036;1041.404;3590.191;1221.310;711.524;78.809;3580.489;444.603;1111.344;61.594;788.070;1452.007;3607.598;1136.987;3591.655;299.364;1251.310;1214.024;2855.189;3532.604;868.882;1496.815;890.020;2869.322;2271.146;117.649;2381.350;2971.373;8.119;1698.583;2924.777;3589.434;2003.933;13.003;1654.988;598.986;2350.119;706.104;349.381;1824.386;176.797;2844.104;3612.660;3288.235;1310.819;2317.684;2372.874;1852.479;1661.065;2.523;174.778;1388.972;1647.582;628.308;1859.521;2075.431;2587.137;1111.765;1382.726;3068.184;2209.581;2526.364;1890.890;2969.350;2679.437;3243.243;658.820;1110.761;1681.494;1740.833;2404.747;2911.054;2107.917;3589.530;2572.547;560.828;2114.335;2012.806;2706.504;3022.711;883.960;450.918;2667.979;-1.873;3015.085,1735.149;3592.002;3592.890;722.610;3350.124;2823.976;659.393;2445.627;3598.047;2716.235;97.836;1777.459;1480.714;35.338;3544.154;3026.907;724.296;2328.158;1702.099;1352.912;1763.800;1933.746;3119.151;-12.434;2444.625;1895.724;368.356;611.387;2370.593;3123.362;35.357;1424.788;3387.163;1718.976;1173.201;1017.954;34.733;390.873;2220.734;2148.385;2051.973;1096.358;3194.156;3272.527;1747.058;2616.750;2919.057;1389.292;506.449;985.549;889.613;1441.653;-0.312;1239.368;2048.169;1517.784;2008.809;2608.109;3398.700;1055.535;850.968;1670.953;2287.560;530.481;255.503;857.019;908.368;1531.990;2303.291;1124.458;3522.696;2997.601;2137.937;1291.879;254.677;2509.084;2583.521;2.608;2833.900;3326.513;2268.720;2625.148;2948.944;3434.135;1334.490;244.375;1181.747;396.791;1520.156;1822.009;2846.204;3170.527;1000.301;3595.373;543.297;1663.137;522.921;692.653;1.536;877.176
40,71.5862672328949,39,-540.9843108793973,540.9843108793973,0.283770226821084,3259.907;3598.267;3312.730;2008.682;843.038;13.416;1417.054;1459.286;1680.340;1782.973;2119.170;2047.244;2844.325;2769.263;2342.850;1528.633;1049.834;3598.209;1206.814;699.392;87.222;3570.000;444.425;1111.921;47.657;792.131;1447.939;3592.559;1121.514;3579.761;314.517;1266.814;1228.867;2852.534;3548.141;853.913;1512.598;896.068;2853.786;2285.022;101.799;2383.931;2955.777;-7.357;1683.065;2939.221;3603.929;2013.248;-2.369;1641.492;588.279;2334.532;703.490;363.886;1833.072;162.984;2856.942;3598.444;3303.366;1315.407;2333.084;2367.324;1849.379;1649.283;-7.008;187.957;1395.326;1647.597;635.737;1862.386;2059.800;2601.994;1127.423;1367.137;3079.876;2193.989;2542.213;1886.208;2954.070;2681.176;3239.174;674.196;1095.943;1695.093;1753.098;2389.021;2925.128;2123.877;3603.872;2588.424;549.123;2109.223;2020.823;2712.084;3025.603;898.704;436.716;2683.555;4.634;3000.222,1719.208;3576.947;3608.615;724.682;3344.037;2838.673;675.035;2461.415;3601.793;2707.318;86.844;1786.429;1468.131;23.283;3531.168;3035.670;712.738;2343.567;1693.315;1366.289;1749.020;1918.070;3103.683;2.527;2429.203;1911.266;353.012;599.601;2376.413;3130.666;50.609;1440.464;3400.418;1733.653;1158.261;1017.369;50.541;404.555;2208.385;2146.247;2060.112;1110.495;3186.007;3269.041;1761.780;2624.704;2906.378;1374.315;521.014;1000.721;881.911;1456.713;-0.678;1250.614;2058.612;1511.800;1994.644;2606.095;3388.862;1043.249;837.046;1686.763;2288.929;516.319;240.138;867.231;899.710;1520.882;2306.668;1136.144;3538.628;3012.188;2123.159;1279.808;248.567;2493.318;2596.811;-12.091;2822.511;3342.205;2276.985;2638.426;2958.668;3420.270;1349.548;244.903;1196.986;410.344;1535.287;1806.578;2853.854;3186.114;1012.383;3604.724;527.746;1647.591;506.907;681.845;-4.579;874.475
41,73.30662608146667,40,-541.1400883799948,541.1400883799948,0.15533696700023447,3250.917;3596.769;3324.699;1993.824;854.100;6.491;1402.399;1443.856;1677.746;1793.796;2134.639;2033.442;2828.727;2779.849;2332.998;1544.134;1034.358;3602.088;1191.043;712.995;72.046;3554.460;429.427;1115.995;32.321;792.545;1433.083;3590.842;1113.480;3593.575;311.310;1281.318;1218.146;2867.675;3539.074;859.581;1527.993;881.362;2847.551;2279.352;110.605;2399.430;2970.943;6.958;1695.754;2925.282;3591.800;2026.233;10.724;1645.124;572.506;2319.644;689.646;349.694;1826.114;178.160;2857.518;3605.274;3289.903;1328.189;2324.751;2382.825;1863.542;1660.703;7.515;203.795;1392.070;1663.095;627.244;1847.448;2048.647;2608.128;1113.234;1351.324;3095.686;2178.028;2551.459;1870.921;2962.864;2665.926;3223.849;660.109;1083.039;1682.469;1738.579;2376.797;2924.496;2136.042;3594.991;2599.661;564.377;2123.563;2036.325;2727.723;3026.412;889.643;423.413;2674.759;-2.926;3009.955,1703.744;3586.615;3599.825;740.248;3359.177;2823.556;667.309;2464.104;3606.282;2691.649;71.095;1772.879;1452.294;9.676;3544.297;3051.386;696.940;2359.522;1677.744;1351.089;1736.869;1931.131;3114.209;-6.454;2443.607;1916.763;343.644;613.067;2392.025;3136.365;53.988;1454.364;3415.341;1749.402;1163.728;1032.730;66.180;397.267;2193.201;2161.653;2075.677;1107.089;3170.566;3277.933;1775.391;2610.773;2891.089;1387.324;507.277;986.080;868.264;1463.566;11.474;1266.314;2058.218;1526.993;2009.274;2593.809;3379.801;1057.736;821.147;1680.826;2273.450;500.674;224.379;882.678;886.283;1536.145;2291.515;1151.782;3528.740;3026.997;2137.132;1264.019;245.105;2507.474;2582.499;2.946;2827.410;3346.534;2292.633;2623.670;2944.126;3424.031;1339.690;232.193;1208.158;426.228;1528.827;1815.945;2869.538;3187.539;1012.818;3595.731;512.247;1659.995;505.413;666.066;2.052;889.915
42,75.17793560028076,41,-541.1398660657094,541.1398660657094,0.45449430660953394,3265.207;3609.091;3340.352;1982.505;840.254;-9.124;1386.649;1433.291;1663.396;1779.301;2143.898;2017.700;2815.546;2785.480;2317.493;1559.191;1018.412;3587.662;1180.592;726.072;60.248;3547.081;415.086;1101.252;39.897;776.999;1435.044;3604.934;1127.583;3608.287;297.422;1271.619;1230.342;2883.515;3525.136;849.944;1536.697;893.370;2831.921;2290.752;126.248;2414.073;2972.180;1.619;1711.569;2909.577;3579.445;2042.067;23.730;1657.905;559.163;2303.736;704.351;334.031;1810.494;176.650;2872.449;3605.405;3274.141;1326.788;2309.090;2386.824;1879.142;1660.309;17.959;191.267;1376.704;1655.266;611.585;1831.635;2033.019;2619.660;1121.708;1340.580;3110.187;2189.469;2537.599;1884.572;2978.457;2661.350;3230.826;662.561;1097.363;1677.974;1752.997;2389.689;2923.525;2123.531;3610.060;2614.882;558.495;2139.451;2052.171;2743.394;3014.755;874.028;436.107;2675.627;-17.637;3024.823,1687.851;3574.438;3610.118;736.903;3361.562;2809.834;654.070;2474.797;3591.569;2681.960;80.350;1757.171;1441.338;-4.040;3560.131;3050.173;707.201;2375.116;1673.960;1342.037;1739.279;1918.637;3101.159;-2.238;2434.750;1915.598;352.086;603.898;2406.119;3123.262;69.063;1463.494;3430.660;1765.128;1149.031;1020.276;81.061;382.420;2207.077;2169.624;2064.702;1097.852;3180.819;3293.567;1766.180;2625.535;2905.409;1375.131;508.994;986.304;853.163;1479.209;-2.939;1274.067;2073.775;1541.734;2011.055;2578.036;3393.217;1056.090;829.055;1685.476;2264.900;493.919;212.399;898.608;891.983;1550.396;2301.834;1163.582;3514.061;3042.470;2144.356;1270.865;229.686;2499.892;2591.447;-3.506;2812.053;3338.791;2281.489;2632.077;2956.417;3420.010;1353.310;216.375;1211.945;437.132;1543.113;1801.442;2857.701;3199.961;1026.608;3610.181;501.356;1650.465;490.786;667.793;-9.720;896.481
43,77.07515859603882,42,-541.3702677461849,541.3702677461849,0.24585112877518853,3280.141;3594.558;3326.024;1979.728;842.513;5.721;1395.593;1439.609;1648.052;1768.863;2158.805;2002.108;2804.358;2801.040;2304.778;1571.387;1003.428;3585.389;1165.391;739.429;58.984;3553.305;428.475;1110.860;31.795;765.901;1448.125;3591.176;1118.650;3594.423;304.824;1266.066;1241.640;2897.945;3513.708;863.567;1521.888;899.966;2818.953;2306.423;128.728;2400.201;2973.373;-11.351;1715.110;2924.016;3570.081;2056.799;38.712;1643.006;563.894;2317.463;719.911;318.190;1824.235;163.049;2860.294;3590.523;3284.661;1316.980;2319.698;2371.925;1864.425;1645.972;3.905;176.813;1375.272;1661.280;598.383;1841.508;2042.971;2635.331;1122.506;1327.950;3124.197;2201.944;2550.915;1894.651;2965.185;2671.506;3245.283;677.304;1085.595;1679.759;1754.176;2382.534;2908.616;2137.985;3595.868;2622.047;544.581;2153.152;2050.970;2743.838;3009.548;859.481;434.460;2691.063;-2.474;3019.960,1692.896;3588.372;3595.226;742.555;3373.421;2795.958;667.528;2461.197;3580.200;2693.709;70.445;1744.626;1426.968;4.349;3575.936;3036.305;722.353;2370.348;1673.368;1327.451;1754.784;1915.102;3103.759;12.104;2424.359;1930.840;336.708;588.604;2404.369;3137.179;56.540;1455.448;3444.374;1762.301;1160.627;1012.521;65.947;395.560;2216.337;2180.371;2054.427;1113.060;3174.621;3299.690;1780.015;2612.015;2899.927;1363.781;493.985;1001.541;837.261;1465.467;5.628;1288.388;2063.568;1527.821;2024.664;2582.395;3378.848;1043.504;817.697;1701.050;2279.166;478.946;221.202;908.625;904.371;1563.807;2303.671;1178.121;3518.939;3058.357;2159.774;1267.748;223.977;2492.638;2594.790;9.385;2825.758;3323.306;2283.367;2643.481;2969.618;3432.877;1347.195;223.844;1221.506;421.829;1547.874;1786.264;2854.439;3185.132;1011.526;3597.482;513.610;1662.451;475.358;653.090;5.439;903.303
44,78.79315495491028,43,-541.6787037572494,541.6787037572494,0.3046023679598423,3273.883;3599.539;3333.504;1964.360;828.352;-2.250;1409.921;1428.458;1632.418;1753.910;2174.661;1986.829;2788.885;2814.522;2319.735;1556.310;1010.058;3600.590;1150.082;727.851;43.499;3538.234;417.358;1126.252;27.363;752.342;1436.466;3600.721;1103.007;3602.749;292.724;1250.848;1257.349;2906.964;3499.499;879.290;1527.310;884.702;2803.327;2321.846;144.133;2410.687;2960.406;3.622;1729.087;2916.808;3555.292;2069.168;31.055;1657.044;578.412;2307.057;722.360;303.363;1821.674;177.684;2874.989;3592.605;3271.053;1301.435;2304.812;2384.574;1874.101;1636.695;-11.831;161.153;1390.775;1646.048;582.620;1853.171;2037.098;2651.180;1137.930;1312.242;3139.738;2212.176;2537.009;1893.203;2973.916;2656.195;3261.093;691.752;1069.994;1695.277;1769.132;2380.082;2923.203;2124.556;3607.412;2607.535;557.743;2143.223;2065.891;2759.207;3025.032;856.496;420.840;2676.885;10.634;3028.227,1707.527;3601.286;3604.508;730.181;3359.823;2787.437;675.998;2474.396;3595.695;2707.562;85.074;1734.310;1411.162;-9.982;3585.090;3020.510;736.297;2376.841;1657.928;1313.110;1759.538;1910.179;3114.967;14.978;2408.672;1946.693;324.339;572.807;2388.995;3152.919;67.643;1439.950;3460.170;1747.437;1146.890;998.516;52.045;411.085;2224.284;2196.061;2039.535;1098.672;3188.877;3287.207;1795.781;2623.185;2912.748;1377.654;509.080;998.512;822.382;1474.305;-9.475;1273.266;2052.616;1542.051;2034.436;2597.437;3367.698;1058.980;802.631;1701.411;2286.719;485.801;236.307;909.477;888.879;1562.715;2318.706;1193.969;3534.186;3073.604;2163.932;1272.827;238.768;2505.261;2579.407;3.743;2816.154;3307.562;2277.525;2658.777;2984.548;3417.367;1357.734;209.008;1237.068;406.018;1562.736;1796.939;2867.451;3169.704;1019.189;3603.019;521.540;1647.968;464.956;639.479;-6.296;888.365
45,80.64595532417297,44,-541.6406843717444,541.6406843717444,0.3098009870999229,3260.312;3614.498;3334.916;1961.445;821.686;-14.486;1394.894;1442.946;1624.782;1738.067;2190.164;1971.430;2794.392;2829.460;2321.859;1565.117;1018.296;3598.120;1137.894;712.589;45.441;3551.849;432.231;1112.148;42.582;765.741;1450.759;3601.038;1092.275;3589.505;277.099;1234.998;1270.292;2922.231;3514.365;893.967;1523.114;871.759;2796.908;2337.505;135.019;2418.270;2944.732;10.438;1715.591;2926.560;3552.507;2075.461;22.668;1670.244;564.156;2309.904;708.984;301.702;1832.659;172.599;2869.094;3606.184;3277.120;1302.917;2291.018;2397.069;1878.151;1621.085;1.894;145.634;1393.285;1655.215;576.435;1838.398;2052.174;2648.057;1138.667;1315.828;3155.176;2227.608;2525.689;1908.426;2974.969;2652.740;3276.113;679.654;1054.174;1700.806;1784.924;2376.553;2910.012;2120.655;3594.979;2591.961;553.543;2134.413;2063.230;2757.850;3014.886;868.930;434.822;2686.657;3.666;3043.823,1703.022;3588.225;3592.301;714.472;3369.828;2771.839;689.495;2478.464;3599.208;2692.366;78.331;1737.373;1417.710;5.245;3600.704;3032.756;727.608;2392.198;1642.107;1299.369;1774.114;1924.989;3130.576;3.149;2393.089;1960.184;337.633;582.930;2373.176;3143.363;77.541;1424.193;3446.802;1760.859;1160.010;998.384;36.263;397.653;2209.388;2211.654;2023.912;1110.767;3201.419;3271.874;1810.808;2634.391;2928.489;1367.220;503.200;1013.174;807.410;1478.055;4.414;1266.408;2067.345;1528.903;2019.119;2585.951;3382.611;1063.128;810.464;1695.020;2302.101;471.434;233.061;894.770;885.467;1578.131;2333.781;1182.280;3549.921;3060.048;2149.280;1258.274;235.629;2490.596;2591.122;-4.983;2828.807;3299.611;2292.651;2674.346;2991.679;3413.879;1373.356;196.549;1230.531;418.433;1568.778;1782.053;2858.045;3154.607;1004.139;3590.907;506.167;1658.232;456.356;654.073;1.957;901.193
46,82.52718138694763,45,-542.3521129742704,542.3521129742704,0.30248203992598954,3271.698;3599.745;3321.568;1946.851;806.187;0.645;1400.692;1457.023;1622.133;1731.138;2204.400;1979.200;2798.294;2843.348;2333.262;1578.844;1033.223;3612.948;1142.443;697.016;32.347;3567.583;437.236;1106.641;29.189;755.897;1444.640;3586.985;1103.418;3574.063;261.331;1219.944;1256.956;2915.724;3530.122;881.240;1508.637;866.967;2811.159;2328.804;140.476;2430.680;2958.465;-0.694;1701.216;2939.898;3567.941;2064.776;7.119;1659.932;575.425;2300.152;695.466;295.570;1845.075;160.108;2880.103;3591.113;3289.520;1306.117;2291.255;2405.930;1865.909;1617.593;11.326;130.152;1396.250;1666.307;577.273;1831.023;2066.881;2661.894;1124.291;1302.042;3167.236;2228.141;2539.572;1903.292;2960.665;2638.880;3268.135;693.646;1050.648;1702.386;1791.163;2391.693;2922.060;2130.917;3583.516;2576.231;545.195;2118.900;2074.652;2766.045;3023.761;854.691;443.465;2697.200;-1.937;3044.287,1718.030;3597.600;3597.402;700.943;3385.267;2756.076;700.938;2490.134;3600.230;2684.888;62.966;1752.509;1426.459;-1.801;3610.089;3037.310;730.394;2378.671;1635.736;1293.514;1762.353;1940.747;3121.108;-12.533;2385.691;1957.040;328.680;588.707;2384.966;3157.542;62.511;1408.914;3453.434;1756.220;1173.580;984.407;21.190;409.961;2193.748;2224.774;2008.184;1110.501;3216.859;3271.473;1802.171;2634.959;2924.799;1352.379;488.227;1027.544;791.884;1493.162;17.925;1264.232;2074.547;1526.394;2004.091;2588.400;3376.889;1063.431;819.855;1707.219;2310.717;455.929;248.202;880.435;883.117;1570.247;2347.335;1176.300;3563.138;3048.019;2138.043;1272.607;250.143;2503.808;2578.901;10.100;2842.064;3284.684;2308.174;2690.171;3003.260;3413.592;1384.419;210.950;1220.880;426.603;1570.372;1783.697;2871.030;3152.872;1000.762;3603.953;491.347;1670.515;443.311;666.358;-3.408;914.467
47,84.43075466156006,46,-542.5994586580896,542.5994586580896,0.1954231169637412,3256.486;3596.686;3308.085;1931.818;799.199;2.712;1415.335;1442.276;1617.731;1742.303;2190.245;1994.371;2785.395;2859.064;2347.886;1594.557;1025.630;3598.492;1127.467;683.439;40.872;3582.950;423.972;1091.187;14.811;740.331;1457.438;3595.294;1089.675;3564.631;245.537;1204.430;1242.379;2929.025;3545.738;865.555;1493.065;882.111;2824.738;2343.255;126.092;2436.048;2948.341;6.711;1685.584;2927.894;3579.917;2080.041;-4.754;1644.333;590.308;2284.870;679.745;292.376;1858.394;144.694;2895.658;3582.059;3305.190;1315.919;2276.846;2421.364;1851.364;1632.871;21.297;115.156;1389.749;1668.468;562.358;1845.735;2058.357;2677.120;1110.753;1317.413;3181.337;2213.096;2528.522;1889.845;2950.341;2639.750;3252.874;687.708;1055.043;1707.529;1805.274;2407.412;2937.249;2116.927;3597.165;2587.910;559.687;2104.096;2067.636;2780.472;3039.235;869.280;459.013;2682.272;2.030;3029.160,1712.448;3612.960;3597.994;685.302;3400.840;2759.862;716.534;2475.423;3599.291;2698.683;48.227;1766.954;1438.060;10.357;3595.111;3033.525;715.273;2392.783;1649.848;1307.961;1746.825;1953.404;3106.036;2.662;2371.767;1962.811;343.672;574.960;2371.141;3146.130;46.722;1424.312;3438.298;1741.396;1178.162;989.996;6.653;405.899;2207.541;2237.853;1993.340;1114.039;3202.766;3286.884;1786.641;2619.853;2934.391;1366.981;472.527;1042.921;776.086;1479.256;23.361;1254.432;2088.464;1535.474;2001.086;2590.233;3391.363;1059.655;804.736;1722.856;2326.004;464.655;263.976;866.646;888.303;1573.244;2363.009;1190.991;3578.832;3062.897;2150.566;1257.223;236.999;2490.786;2592.804;-1.512;2827.050;3299.378;2318.922;2705.868;3018.897;3417.072;1369.701;197.040;1207.809;441.282;1585.798;1769.250;2856.445;3137.475;987.276;3589.627;503.260;1655.973;457.584;655.158;10.445;902.509
48,86.15661907196045,47,-543.5948287628255,543.5948287628255,0.36523086117819076,3245.835;3594.270;3292.479;1942.648;812.502;-8.745;1401.667;1427.611;1629.952;1757.907;2192.732;1993.918;2800.604;2863.846;2337.050;1581.192;1033.061;3587.427;1141.857;690.057;27.554;3596.967;409.364;1098.947;29.528;733.937;1443.531;3610.808;1077.131;3575.255;256.743;1199.407;1226.849;2929.372;3560.547;869.446;1499.592;870.547;2826.601;2330.582;110.545;2450.433;2942.912;-7.918;1672.698;2941.710;3572.917;2078.861;9.342;1641.615;576.657;2269.957;692.178;277.038;1874.024;131.006;2882.052;3596.301;3320.934;1331.468;2283.822;2409.282;1835.663;1637.890;6.284;123.034;1374.640;1683.762;546.815;1847.821;2042.845;2669.131;1109.768;1317.286;3195.691;2217.952;2523.094;1903.749;2935.047;2626.994;3254.710;672.378;1070.353;1698.323;1795.483;2417.532;2952.848;2105.522;3611.881;2603.524;575.387;2118.138;2059.232;2769.642;3052.735;873.399;449.221;2694.040;17.393;3015.615,1697.538;3597.938;3613.359;693.374;3416.107;2774.802;703.032;2459.674;3607.781;2704.962;33.008;1782.368;1427.777;8.990;3590.333;3027.343;699.606;2391.174;1644.342;1294.338;1737.437;1963.641;3114.859;9.294;2385.918;1947.703;333.706;559.267;2380.217;3158.267;35.780;1427.644;3439.769;1727.323;1193.036;1004.571;-6.124;390.647;2221.277;2223.379;2005.922;1100.334;3213.758;3289.012;1794.546;2604.292;2924.788;1359.245;476.127;1040.839;787.323;1488.467;29.966;1269.581;2101.188;1520.805;2002.260;2605.590;3404.585;1064.411;796.164;1736.917;2341.772;458.444;254.097;878.897;880.086;1558.059;2349.860;1189.613;3591.964;3050.908;2166.170;1255.872;245.886;2503.940;2583.983;10.193;2835.806;3292.994;2334.462;2709.439;3004.790;3409.527;1374.561;192.830;1203.398;429.723;1601.581;1753.961;2864.103;3133.284;997.216;3590.384;518.172;1666.002;442.843;640.478;23.863;890.647
49,88.02473783493042,48,-543.9371716470831,543.9371716470831,0.13574980777581067,3260.307;3598.404;3298.582;1930.363;825.282;5.055;1386.285;1431.897;1645.169;1769.807;2180.906;2008.967;2811.639;2862.137;2351.982;1574.675;1017.858;3598.500;1157.416;686.034;12.244;3594.405;396.783;1089.922;44.619;718.705;1457.991;3596.080;1091.614;3562.468;267.465;1199.458;1222.681;2914.063;3561.843;861.346;1484.555;883.807;2841.715;2343.198;94.835;2466.046;2927.563;6.288;1660.890;2938.876;3584.106;2064.579;4.263;1631.077;561.047;2254.234;681.390;267.862;1863.477;141.439;2873.187;3592.410;3325.582;1341.583;2298.961;2393.782;1839.687;1623.927;0.822;113.618;1385.517;1685.815;531.492;1863.069;2028.693;2653.655;1094.490;1314.970;3211.239;2203.194;2537.783;1893.391;2948.691;2641.552;3259.101;680.674;1058.567;1683.286;1779.958;2429.535;2968.610;2120.401;3597.566;2617.065;561.296;2113.249;2043.840;2754.164;3053.986;860.295;462.454;2697.522;14.501;3002.486,1704.825;3585.787;3601.663;705.190;3429.310;2770.490;687.417;2446.315;3605.159;2719.975;29.949;1798.100;1412.234;1.664;3601.236;3039.344;697.381;2376.265;1659.267;1300.382;1751.687;1950.633;3118.712;-1.200;2396.160;1934.732;318.917;544.422;2395.316;3144.914;26.644;1428.575;3434.590;1721.059;1199.121;1020.203;7.753;402.017;2236.065;2209.264;1995.965;1100.234;3210.439;3288.270;1806.996;2592.628;2911.571;1345.499;490.279;1051.115;778.222;1476.449;17.869;1262.613;2116.791;1508.688;1987.326;2620.749;3419.904;1073.306;781.069;1729.332;2341.710;472.063;239.943;888.873;890.670;1543.850;2345.142;1204.420;3607.443;3036.347;2171.554;1256.708;231.625;2515.104;2592.167;-2.304;2847.880;3284.803;2332.989;2695.342;2989.854;3398.039;1360.481;201.803;1191.499;431.537;1602.826;1761.877;2879.548;3122.609;1012.230;3585.048;530.168;1673.704;455.858;625.066;14.359;883.560
50,89.92631697654724,49,-544.3024469539838,544.3024469539838,0.2893657414348388,3274.812;3583.724;3299.416;1944.847;840.876;16.248;1380.253;1417.806;1660.518;1782.585;2193.265;2024.286;2827.122;2877.465;2367.001;1588.886;1013.858;3599.823;1153.978;701.036;26.385;3587.716;411.621;1078.395;40.736;728.996;1446.582;3595.757;1078.283;3573.999;259.879;1195.962;1207.311;2898.344;3548.878;846.762;1474.717;899.249;2857.425;2338.980;79.104;2480.831;2911.869;-4.405;1669.278;2953.200;3588.197;2049.181;18.401;1620.279;545.565;2238.495;665.860;252.426;1862.862;127.537;2886.751;3604.477;3340.463;1348.631;2311.546;2405.107;1825.615;1628.375;5.079;117.771;1400.672;1670.957;543.139;1877.971;2032.423;2666.611;1101.947;1313.009;3213.035;2192.479;2553.466;1877.919;2935.556;2656.241;3244.986;677.571;1073.319;1686.355;1775.036;2414.344;2978.572;2135.836;3604.399;2622.683;549.362;2098.148;2028.275;2738.446;3038.894;868.500;477.988;2711.498;-0.542;3017.365,1690.020;3597.401;3604.590;690.919;3444.933;2785.497;696.665;2430.749;3590.371;2706.185;14.606;1784.778;1396.519;-13.754;3611.760;3025.134;682.438;2360.628;1645.355;1285.516;1737.044;1964.834;3133.458;6.710;2411.403;1926.074;314.611;534.159;2410.750;3140.024;11.171;1427.607;3449.633;1736.281;1214.415;1030.692;-3.899;387.855;2251.334;2210.714;2010.990;1084.949;3225.663;3281.377;1822.295;2606.186;2895.948;1357.824;499.329;1036.054;792.158;1491.517;21.660;1277.532;2122.546;1521.167;1987.022;2616.489;3406.401;1058.501;765.360;1743.954;2356.626;457.915;254.421;873.818;898.374;1554.330;2330.008;1216.664;3595.486;3021.227;2186.749;1264.116;225.927;2527.412;2582.975;11.257;2857.796;3269.483;2336.628;2707.429;2979.913;3385.055;1360.576;201.901;1176.317;419.025;1615.137;1747.351;2872.780;3107.113;1027.715;3600.113;545.543;1689.097;455.502;617.994;29.310;868.137
51,91.84726285934448,50,-544.4781883083529,544.4781883083529,0.4100539448441168,3285.050;3587.300;3305.177;1934.093;832.805;29.389;1394.697;1408.262;1673.388;1797.841;2208.795;2035.540;2841.759;2892.431;2381.994;1600.819;998.697;3586.065;1158.240;686.994;41.731;3602.634;420.273;1062.874;25.904;723.748;1456.150;3582.681;1086.758;3589.360;244.481;1201.645;1202.429;2883.325;3563.733;831.130;1459.524;908.370;2873.038;2336.814;64.395;2496.483;2925.294;9.104;1655.704;2938.817;3596.591;2034.161;34.020;1607.621;554.522;2246.879;654.041;237.114;1876.781;112.197;2889.159;3590.086;3356.118;1364.008;2298.073;2417.102;1811.952;1613.870;19.821;102.705;1388.052;1655.841;558.560;1877.479;2047.630;2652.255;1116.871;1315.127;3228.208;2177.197;2569.108;1874.770;2945.242;2671.246;3259.885;662.290;1075.020;1671.196;1789.561;2414.318;2993.790;2127.691;3589.996;2609.250;550.456;2083.213;2012.575;2723.919;3027.663;853.427;493.589;2696.722;-16.218;3009.605,1674.541;3609.968;3590.545;675.607;3460.455;2796.255;700.771;2417.515;3598.967;2720.755;-0.004;1773.351;1383.810;0.320;3596.754;3009.649;689.198;2350.577;1656.610;1270.015;1726.258;1961.620;3119.154;-5.974;2409.815;1910.900;299.929;548.597;2424.115;3124.734;0.933;1439.029;3463.396;1726.264;1229.946;1039.419;3.409;382.771;2237.092;2225.870;2025.253;1097.383;3241.345;3296.353;1837.887;2621.736;2880.253;1372.802;514.774;1046.470;778.372;1493.894;36.945;1285.258;2111.205;1535.522;1971.937;2631.601;3396.760;1054.169;759.280;1735.105;2371.241;442.644;266.733;858.387;911.328;1569.819;2323.310;1202.106;3593.926;3005.685;2179.070;1253.339;212.269;2514.110;2567.640;19.041;2873.249;3253.794;2321.468;2692.893;2994.452;3393.478;1375.648;217.186;1160.870;403.463;1630.664;1758.794;2887.468;3100.775;1036.666;3614.651;560.543;1676.476;440.350;602.635;24.356;881.184
52,93.58464002609253,51,-545.0773137803642,545.0773137803642,0.23392187984992466,3273.939;3601.480;3290.151;1928.398;837.788;18.579;1404.504;1392.908;1679.570;1782.888;2194.654;2022.055;2851.027;2891.427;2371.606;1586.372;997.426;3600.734;1143.498;700.295;53.906;3596.734;426.989;1072.841;22.979;738.624;1441.566;3588.333;1091.957;3577.682;256.327;1216.873;1210.190;2894.173;3570.896;815.491;1470.976;922.702;2860.065;2321.879;64.785;2493.915;2914.240;9.201;1640.311;2947.557;3611.987;2048.748;29.136;1622.759;565.971;2233.469;638.811;222.751;1892.356;103.112;2874.761;3574.791;3368.864;1349.877;2305.388;2428.338;1818.402;1627.212;32.848;90.837;1402.801;1667.351;550.573;1862.269;2054.918;2654.689;1128.837;1300.221;3220.085;2191.976;2581.399;1881.130;2938.476;2660.216;3260.275;646.926;1086.713;1673.204;1777.714;2428.804;2982.825;2141.304;3596.953;2621.352;559.150;2097.487;2025.576;2737.222;3042.252;838.930;482.321;2705.769;-2.681;2997.895,1659.860;3595.578;3603.826;685.662;3464.814;2807.874;700.365;2408.574;3606.839;2715.876;9.697;1786.354;1384.391;-2.202;3607.515;3023.377;686.934;2336.289;1669.958;1276.639;1736.246;1975.327;3108.205;7.461;2394.594;1923.628;313.597;562.928;2410.604;3121.158;12.635;1453.567;3476.839;1740.745;1219.916;1024.265;17.492;370.985;2248.107;2224.451;2036.745;1112.271;3246.251;3311.973;1853.559;2609.195;2893.222;1360.839;524.950;1060.557;771.732;1498.127;22.646;1285.900;2105.758;1551.075;1956.951;2620.778;3384.248;1069.437;770.966;1728.782;2361.104;426.992;265.766;843.193;896.063;1585.307;2338.150;1206.705;3580.758;3016.993;2166.517;1249.964;196.725;2528.693;2579.491;4.588;2871.587;3238.451;2306.278;2681.403;2996.262;3406.294;1367.847;227.081;1145.508;387.856;1645.854;1744.703;2894.285;3085.452;1022.554;3599.835;573.095;1660.996;451.615;587.835;9.073;867.842
53,95.472665309906,52,-545.1682087383186,545.1682087383186,0.3867269745349358,3258.505;3617.037;3280.343;1918.038;823.586;9.519;1391.762;1405.945;1694.848;1781.889;2186.272;2006.659;2853.666;2902.911;2356.409;1593.161;1001.496;3603.965;1128.388;711.792;50.514;3611.558;411.914;1070.671;16.664;731.317;1448.777;3590.791;1098.047;3592.253;270.840;1217.796;1200.097;2885.527;3585.901;800.925;1456.729;938.059;2871.627;2306.294;63.820;2480.982;2927.486;22.401;1635.546;2935.097;3596.923;2053.200;43.084;1635.379;578.239;2220.773;626.220;208.054;1905.322;88.073;2872.750;3584.909;3363.210;1341.348;2320.512;2443.787;1806.220;1622.191;18.164;75.867;1412.999;1657.329;560.173;1863.926;2070.071;2640.955;1114.424;1295.312;3205.900;2205.155;2589.984;1887.178;2952.621;2671.889;3270.151;639.383;1101.901;1658.441;1762.566;2434.105;2996.310;2156.812;3599.000;2609.118;573.870;2102.614;2035.649;2747.795;3043.219;831.645;481.847;2713.032;-6.104;2999.904,1667.561;3601.023;3591.706;673.332;3472.193;2796.739;685.242;2399.004;3591.830;2725.708;19.537;1787.422;1393.539;-14.279;3596.147;3019.830;671.872;2347.619;1682.560;1291.600;1751.191;1988.987;3105.818;-0.664;2381.700;1938.806;301.414;550.341;2400.404;3135.633;25.290;1444.458;3465.943;1754.687;1231.189;1020.596;4.657;355.514;2254.126;2210.817;2024.954;1125.787;3257.423;3321.792;1854.055;2617.059;2886.692;1370.311;538.891;1048.119;782.661;1512.672;27.653;1273.606;2090.575;1537.419;1949.374;2632.656;3369.755;1072.239;761.681;1740.176;2374.986;436.419;251.601;828.608;892.307;1595.600;2352.876;1217.296;3579.074;3018.032;2161.108;1262.751;205.767;2522.359;2588.610;-5.858;2881.557;3226.800;2297.204;2672.193;2988.535;3394.530;1354.176;214.563;1133.760;399.867;1648.980;1729.949;2908.871;3086.510;1034.720;3604.482;574.355;1653.145;455.806;585.966;-4.319;880.150
54,97.38540697097778,53,-545.421954357145,545.421954357145,0.2561351728082972,3251.020;3602.072;3265.941;1902.965;808.049;8.926;1405.179;1401.709;1681.695;1768.059;2200.420;2015.225;2868.778;2918.332;2368.502;1606.353;986.419;3593.319;1113.258;697.347;58.818;3596.954;423.878;1085.489;5.421;743.921;1462.280;3601.823;1112.991;3596.608;277.039;1222.541;1184.933;2879.726;3595.843;802.317;1445.347;942.310;2866.932;2303.021;49.913;2490.100;2926.497;14.511;1642.313;2921.534;3594.540;2050.826;38.420;1635.415;593.492;2205.309;633.485;197.117;1894.967;72.490;2887.419;3597.346;3377.576;1331.214;2335.301;2431.254;1816.347;1610.219;14.183;60.319;1419.602;1649.560;575.127;1876.141;2069.212;2652.915;1115.335;1289.430;3191.732;2209.977;2605.272;1872.327;2942.270;2657.530;3256.881;626.873;1111.249;1668.790;1774.535;2419.499;3001.684;2147.364;3613.534;2623.826;558.990;2095.004;2022.542;2734.249;3037.551;817.025;495.132;2727.854;6.606;3015.077,1653.085;3592.395;3604.076;687.270;3485.411;2781.617;688.711;2383.643;3595.537;2713.230;4.740;1799.992;1408.863;0.610;3602.766;3005.782;685.526;2334.889;1668.104;1298.299;1757.080;1982.566;3120.949;12.322;2366.546;1954.061;288.647;550.745;2385.835;3136.203;11.589;1429.857;3475.864;1743.090;1217.325;1033.868;-10.782;339.942;2240.987;2195.678;2009.758;1112.345;3247.737;3335.361;1845.915;2602.574;2900.214;1360.527;524.474;1052.751;798.062;1528.199;13.384;1287.140;2104.835;1524.337;1964.502;2627.965;3371.190;1069.533;746.611;1755.603;2389.340;444.839;255.172;813.185;885.392;1604.026;2368.412;1202.440;3594.230;3003.464;2145.851;1276.905;220.919;2536.459;2603.942;8.667;2895.872;3241.080;2310.823;2684.746;3003.345;3408.849;1368.875;212.614;1118.888;408.534;1663.959;1735.723;2894.731;3072.024;1020.696;3590.932;559.836;1667.337;460.030;598.373;9.604;895.473
55,99.10649180412292,54,-545.6123080330765,545.6123080330765,0.2263367588274454,3265.405;3594.346;3251.086;1887.422;792.820;20.132;1420.009;1416.393;1684.543;1753.563;2215.300;2029.675;2881.814;2922.048;2377.694;1621.508;972.571;3607.676;1122.369;684.216;43.971;3594.126;423.812;1071.725;-1.888;729.240;1470.829;3593.022;1099.310;3599.895;263.474;1208.804;1171.348;2865.503;3589.372;789.103;1459.561;956.666;2881.368;2289.627;34.485;2504.906;2941.148;1.672;1655.371;2934.808;3594.473;2062.234;52.387;1620.734;608.916;2209.737;648.665;205.844;1898.583;81.185;2874.540;3598.421;3392.845;1341.497;2343.690;2428.720;1831.263;1594.845;3.260;44.744;1416.608;1634.284;590.597;1874.327;2055.289;2642.587;1107.976;1274.345;3204.920;2204.540;2615.092;1883.279;2926.912;2648.420;3243.373;636.095;1125.653;1659.801;1789.396;2407.775;2987.804;2132.985;3598.693;2627.548;544.090;2079.937;2035.377;2729.788;3051.795;831.153;480.614;2718.500;19.789;3030.633,1638.185;3605.698;3593.161;681.478;3500.847;2766.360;673.834;2396.406;3610.403;2720.513;-6.259;1800.133;1406.213;-3.998;3594.098;2990.527;700.406;2348.544;1676.097;1301.353;1771.857;1989.556;3115.279;22.494;2378.708;1941.454;273.198;536.761;2397.955;3150.569;15.830;1425.520;3490.716;1730.770;1230.432;1025.679;2.830;343.959;2225.822;2183.591;2019.779;1119.495;3262.561;3349.710;1859.373;2605.313;2888.056;1347.749;526.455;1060.490;786.659;1534.717;4.448;1298.044;2119.351;1508.926;1976.453;2639.972;3356.808;1075.787;759.726;1771.171;2399.128;460.056;260.048;826.582;890.893;1592.459;2359.158;1190.699;3600.594;2988.079;2132.256;1263.529;212.070;2527.391;2611.948;13.671;2911.377;3229.882;2299.985;2700.161;3018.743;3394.595;1374.934;226.688;1115.283;415.426;1672.011;1721.316;2891.753;3082.014;1005.194;3591.858;544.346;1671.329;445.926;613.081;0.303;898.536
56,100.97749042510986,55,-546.3220489807246,546.3220489807246,0.48478215597599056,3266.063;3595.858;3260.627;1896.473;778.129;5.114;1432.050;1431.390;1669.723;1739.833;2226.848;2041.952;2895.326;2912.409;2391.176;1615.579;959.830;3593.559;1118.046;669.018;33.646;3603.330;438.041;1064.271;13.192;739.073;1456.129;3607.969;1096.385;3612.910;251.929;1220.647;1158.579;2879.319;3580.421;800.727;1465.006;942.824;2891.424;2274.416;20.251;2519.244;2952.897;-8.728;1651.519;2939.338;3606.609;2077.596;39.109;1632.763;611.253;2221.701;657.979;191.447;1912.856;69.543;2860.798;3610.803;3399.998;1348.335;2348.627;2417.580;1817.584;1588.764;17.956;43.419;1402.372;1639.995;580.355;1869.310;2040.137;2629.165;1092.746;1260.179;3220.352;2189.879;2617.551;1878.099;2933.316;2662.831;3257.090;622.667;1111.911;1674.101;1791.823;2401.518;2988.918;2123.117;3598.396;2634.024;538.076;2065.858;2049.243;2714.797;3041.691;840.534;484.472;2705.603;5.935;3040.609,1623.105;3594.047;3604.895;667.146;3498.593;2780.489;666.117;2388.228;3596.123;2735.523;6.743;1791.274;1391.426;9.358;3579.091;3001.527;686.531;2358.023;1689.936;1316.420;1783.163;2000.181;3104.810;8.238;2367.744;1926.077;261.394;525.541;2384.799;3140.429;3.807;1410.431;3506.130;1724.360;1220.756;1021.793;7.127;340.960;2238.046;2168.209;2019.237;1105.083;3273.238;3360.917;1857.347;2618.361;2901.315;1332.748;538.816;1045.505;797.075;1541.637;18.355;1283.578;2134.831;1504.998;1991.109;2655.235;3352.672;1078.214;745.857;1757.599;2414.432;469.183;245.102;831.467;902.172;1578.818;2370.949;1204.632;3615.362;2973.788;2144.016;1273.712;197.396;2537.411;2597.107;-0.019;2926.115;3214.901;2284.646;2715.227;3010.746;3380.040;1363.193;225.751;1128.757;430.649;1683.432;1735.333;2877.163;3096.880;1010.015;3603.689;531.722;1662.410;430.522;628.040;-11.084;911.415
57,102.86600112915039,56,-546.2699729793601,546.2699729793601,0.26615713415167896,3254.572;3605.352;3246.320;1910.475;762.986;0.253;1418.706;1418.283;1655.813;1747.302;2220.739;2029.546;2910.677;2921.904;2376.715;1630.558;944.719;3603.925;1132.812;658.183;46.617;3589.278;428.060;1068.383;14.010;740.265;1456.558;3593.365;1081.257;3597.869;265.032;1205.593;1144.439;2888.757;3595.143;788.452;1455.711;956.713;2878.553;2262.208;11.667;2534.672;2968.042;6.316;1636.449;2927.497;3592.733;2090.814;25.320;1619.503;626.186;2235.730;644.144;198.022;1928.047;54.293;2875.601;3595.824;3415.098;1363.525;2333.700;2407.077;1826.582;1587.524;16.383;28.927;1387.122;1630.204;593.965;1874.271;2047.875;2641.513;1105.378;1275.172;3232.397;2203.513;2603.003;1892.377;2943.733;2652.876;3265.779;607.265;1119.111;1675.606;1803.420;2386.468;3001.796;2137.304;3609.518;2619.652;537.527;2068.935;2064.279;2699.318;3027.839;826.722;470.357;2719.410;12.122;3033.775,1607.677;3606.923;3590.848;675.976;3512.951;2791.752;652.863;2391.139;3599.294;2732.559;-3.608;1776.108;1385.779;12.554;3577.997;3001.350;674.426;2372.263;1703.897;1302.030;1798.481;1985.153;3118.235;-6.925;2366.692;1927.608;246.489;510.344;2373.448;3153.042;5.246;1425.479;3517.077;1709.191;1233.635;1036.743;-7.287;354.720;2242.205;2178.930;2007.316;1113.735;3288.149;3348.837;1872.387;2633.241;2913.620;1317.268;554.182;1032.381;808.513;1556.771;6.687;1284.668;2149.381;1491.683;1981.003;2643.012;3338.908;1092.771;757.195;1763.457;2424.098;483.851;238.365;825.256;891.387;1563.482;2358.259;1204.320;3600.817;2975.704;2132.163;1258.618;187.419;2551.671;2592.839;-7.775;2913.549;3199.829;2290.802;2729.816;2995.941;3385.535;1375.531;210.692;1115.022;446.002;1698.747;1745.781;2879.183;3094.227;1022.398;3589.474;516.482;1676.554;443.116;640.020;3.365;925.684
58,104.58152318000793,57,-545.7617992252448,545.7617992252448,0.3280450110827821,3240.521;3591.131;3237.961;1896.031;749.404;-13.129;1403.357;1407.697;1669.805;1762.469;2206.273;2014.250;2925.617;2937.114;2364.720;1618.130;958.995;3591.037;1148.198;642.910;31.885;3601.105;412.815;1053.394;1.093;725.613;1442.885;3592.239;1093.813;3603.678;280.297;1201.118;1158.905;2900.958;3609.793;802.014;1466.308;969.644;2889.486;2246.883;26.660;2521.237;2977.863;7.135;1638.169;2941.013;3605.828;2081.668;10.485;1628.787;641.220;2251.124;658.008;183.372;1943.481;40.491;2889.173;3593.482;3402.492;1377.591;2345.573;2418.951;1811.799;1602.583;19.039;20.011;1372.002;1614.983;580.981;1859.356;2033.483;2655.957;1091.349;1279.083;3242.716;2215.755;2587.587;1879.006;2937.692;2642.337;3280.076;621.788;1104.310;1660.699;1817.986;2395.865;3017.059;2152.713;3594.985;2625.547;525.476;2083.923;2078.220;2694.971;3036.211;829.270;455.373;2734.771;-0.263;3018.632,1592.295;3592.951;3596.414;661.784;3528.293;2779.250;640.726;2405.514;3612.334;2747.279;-0.920;1760.854;1383.132;-0.469;3592.807;2986.789;680.377;2387.370;1719.297;1287.674;1784.478;1992.587;3124.522;6.257;2353.223;1915.690;232.032;521.814;2385.861;3168.358;-4.391;1430.413;3529.483;1722.698;1246.991;1051.203;5.829;370.110;2231.029;2192.697;2022.243;1101.901;3297.078;3333.937;1881.969;2648.483;2917.590;1302.021;569.506;1017.036;821.509;1570.798;-7.344;1269.766;2160.301;1495.681;1978.580;2648.923;3323.581;1103.579;772.280;1762.068;2411.218;487.477;252.040;811.987;881.512;1548.951;2368.476;1206.914;3592.424;2989.786;2118.246;1255.028;173.924;2539.148;2583.765;7.019;2898.545;3200.501;2286.208;2715.831;3003.903;3370.882;1390.778;204.352;1127.562;459.001;1708.807;1743.563;2894.214;3108.607;1019.409;3595.134;504.181;1665.411;429.881;631.557;3.318;910.885
59,106.43833470344543,58,-546.419973896538,546.419973896538,0.3947078961911579,3225.249;3602.689;3252.419;1886.184;734.117;1.797;1391.545;1419.723;1656.321;1751.885;2217.614;2002.588;2931.114;2923.900;2367.387;1632.097;945.877;3604.287;1139.906;656.273;42.915;3587.569;417.878;1050.080;-9.288;710.228;1427.858;3600.907;1080.853;3590.559;295.214;1209.152;1145.145;2916.176;3595.060;787.838;1481.517;984.265;2874.897;2255.789;14.214;2508.624;2963.000;-5.596;1623.187;2939.732;3592.543;2066.486;24.082;1642.204;643.492;2265.544;663.856;168.024;1931.114;55.148;2903.921;3603.001;3387.691;1363.410;2360.851;2404.904;1822.715;1617.941;4.045;4.850;1386.172;1627.584;595.056;1843.946;2036.282;2671.324;1104.715;1282.512;3257.938;2231.024;2601.549;1874.660;2944.104;2627.117;3287.306;608.233;1118.280;1671.312;1833.379;2411.035;3003.424;2162.049;3606.267;2640.535;540.087;2071.380;2093.576;2680.295;3050.935;814.571;458.610;2748.572;14.270;3031.319,1577.485;3584.048;3611.409;646.448;3540.803;2764.708;625.441;2420.718;3600.998;2735.146;-14.880;1746.479;1368.380;-10.370;3607.841;2995.583;665.690;2380.926;1734.470;1280.429;1769.421;2007.718;3139.548;15.531;2338.257;1930.216;233.536;508.686;2371.786;3183.767;10.534;1433.811;3543.976;1733.855;1262.301;1037.649;-0.725;356.180;2215.856;2208.033;2036.485;1116.206;3312.222;3345.212;1896.946;2663.874;2911.192;1286.858;557.938;1005.069;836.830;1583.422;6.961;1254.387;2145.728;1510.725;1990.678;2634.537;3308.420;1091.757;787.420;1749.462;2423.048;502.539;267.025;826.298;868.592;1537.913;2382.312;1195.064;3586.397;3005.150;2120.317;1257.015;158.586;2523.952;2588.332;4.501;2896.779;3185.976;2271.279;2702.051;3014.446;3374.481;1406.174;217.774;1116.886;473.866;1698.435;1731.946;2909.031;3096.757;1007.514;3600.578;488.899;1650.186;441.258;645.584;-8.487;896.278
60,108.3142364025116,59,-546.6170541389342,546.6170541389342,0.3030613859619196,3209.869;3601.917;3264.404;1892.248;742.724;3.782;1376.844;1424.316;1654.657;1756.405;2205.796;1987.600;2945.118;2922.619;2352.742;1626.284;944.547;3600.592;1150.984;660.853;39.826;3588.671;408.948;1063.240;5.647;696.663;1421.043;3613.927;1074.438;3598.204;300.653;1209.424;1151.935;2916.775;3597.719;779.144;1477.383;997.242;2866.257;2270.765;10.053;2497.262;2961.999;6.995;1611.928;2954.586;3590.598;2070.997;15.617;1657.329;628.646;2273.179;650.864;161.270;1922.000;62.176;2918.311;3593.251;3376.107;1355.843;2367.491;2408.889;1815.911;1626.593;-2.508;0.240;1397.952;1619.914;592.664;1832.139;2023.730;2665.144;1103.690;1291.738;3254.581;2221.842;2596.901;1886.783;2957.293;2617.748;3276.225;611.719;1113.449;1675.213;1848.201;2422.477;2997.663;2176.041;3598.466;2649.950;529.981;2084.172;2093.169;2688.520;3066.301;801.256;460.959;2760.123;11.209;3037.296,1584.973;3593.005;3597.444;643.545;3555.326;2777.008;638.024;2407.153;3596.567;2725.129;-0.203;1758.136;1353.025;4.439;3593.547;3010.582;671.608;2394.758;1729.221;1268.448;1760.423;1998.199;3154.612;1.438;2348.084;1942.081;219.451;493.412;2374.938;3194.357;3.189;1435.657;3537.963;1725.846;1268.961;1034.980;-3.655;345.786;2215.190;2206.505;2030.995;1111.300;3323.402;3331.559;1911.717;2654.331;2922.420;1296.865;561.704;1011.592;824.573;1598.572;13.678;1263.609;2157.044;1524.593;1978.029;2621.453;3293.036;1081.969;797.099;1734.841;2428.937;495.941;282.321;839.172;853.328;1522.757;2369.427;1179.895;3600.252;3001.915;2135.158;1259.617;161.149;2532.815;2600.628;-2.173;2909.321;3177.972;2273.597;2713.168;3003.892;3376.149;1411.191;203.900;1121.523;487.673;1704.476;1737.926;2908.674;3082.312;1015.110;3615.536;492.615;1648.012;431.781;645.095;6.017;884.857
61,110.21806645393372,60,-546.9297194510772,546.9297194510772,0.3750701313424371,3195.615;3587.642;3256.113;1879.617;756.913;-4.302;1368.986;1410.017;1641.226;1743.755;2191.661;1986.437;2930.920;2910.189;2361.909;1633.475;931.283;3611.755;1161.890;673.742;26.451;3598.254;394.684;1077.264;-2.790;685.026;1417.536;3599.111;1061.862;3601.625;315.299;1218.404;1155.482;2931.467;3610.132;767.938;1492.121;999.556;2851.968;2283.215;3.789;2509.026;2958.185;3.559;1609.692;2969.809;3578.585;2071.488;26.136;1653.852;621.174;2259.485;644.392;151.574;1907.347;76.494;2927.128;3600.695;3372.092;1344.910;2371.784;2423.611;1826.457;1617.257;-6.173;-12.329;1408.949;1621.558;602.061;1828.907;2008.620;2678.765;1106.828;1279.357;3245.750;2206.819;2606.991;1879.595;2972.523;2602.668;3261.154;607.292;1099.982;1689.759;1861.322;2437.287;2998.098;2191.190;3606.699;2660.828;527.429;2096.861;2107.299;2701.402;3081.518;791.387;446.563;2748.744;17.055;3050.488,1573.079;3607.776;3596.606;630.097;3567.812;2773.574;629.436;2392.318;3599.314;2735.912;6.880;1745.588;1337.665;-2.839;3596.882;2998.304;659.875;2409.654;1742.297;1253.283;1768.647;1984.471;3164.928;6.534;2363.208;1956.002;204.156;483.639;2360.677;3180.046;7.948;1444.413;3552.200;1718.449;1280.259;1022.219;10.531;358.646;2203.107;2221.156;2022.275;1121.646;3312.370;3344.271;1925.646;2654.703;2908.235;1283.528;575.881;1023.423;834.666;1613.897;4.261;1278.080;2154.670;1525.592;1990.774;2606.276;3306.706;1083.388;812.171;1728.771;2434.076;507.194;272.423;850.755;859.754;1535.224;2356.156;1164.546;3605.111;3016.557;2146.919;1254.336;147.329;2520.261;2587.811;-10.474;2895.280;3179.760;2287.586;2723.694;3018.241;3362.178;1416.220;193.743;1114.682;501.155;1717.964;1752.945;2900.629;3067.663;1000.327;3600.922;487.364;1635.584;420.651;630.238;0.033;882.322
62,111.93993401527405,61,-546.8338376575732,546.8338376575732,0.5074288197978073,3208.990;3600.965;3243.913;1894.034;749.757;8.849;1383.147;1421.468;1627.873;1751.485;2191.490;1999.383;2915.653;2924.404;2371.539;1628.163;931.793;3597.033;1147.891;661.355;11.722;3613.258;400.961;1088.035;1.094;673.258;1402.610;3596.084;1046.670;3616.155;325.776;1232.744;1168.820;2934.274;3595.532;782.402;1507.345;985.550;2863.883;2298.408;-9.877;2524.181;2967.051;9.163;1595.285;2956.629;3563.537;2056.635;41.107;1668.153;634.773;2257.616;629.404;165.146;1920.533;82.633;2942.102;3615.691;3383.523;1352.207;2356.952;2413.703;1838.415;1602.505;7.905;1.576;1397.773;1606.707;587.813;1835.104;1995.565;2668.369;1121.451;1264.171;3259.951;2191.683;2599.099;1864.573;2987.827;2613.078;3251.507;621.460;1091.341;1694.048;1851.204;2433.936;2984.696;2206.061;3592.525;2646.603;512.506;2111.790;2122.456;2687.886;3096.833;776.302;431.284;2754.692;3.288;3065.398,1558.286;3593.312;3607.109;618.058;3582.915;2785.990;614.381;2402.124;3614.059;2737.787;-5.178;1750.763;1343.917;-7.700;3596.521;2990.392;660.589;2424.833;1756.894;1237.975;1755.121;1983.431;3180.035;-6.058;2377.317;1960.361;203.319;468.755;2356.981;3174.338;-6.500;1455.996;3539.146;1703.422;1283.626;1035.722;0.757;345.596;2187.927;2229.921;2033.073;1130.711;3326.123;3332.160;1936.444;2653.571;2915.787;1289.264;562.837;1038.574;834.496;1618.536;-10.277;1291.865;2161.639;1539.741;2005.716;2590.991;3303.873;1068.682;801.428;1743.456;2419.286;521.918;258.017;865.906;870.919;1541.353;2340.939;1150.913;3591.455;3007.926;2162.022;1249.375;160.733;2530.689;2601.144;4.381;2907.834;3194.197;2274.955;2717.600;3033.328;3375.854;1431.166;179.452;1099.680;516.149;1733.194;1764.035;2893.387;3052.643;985.109;3595.489;501.911;1620.404;435.329;615.151;11.955;896.331
63,113.80586051940918,62,-547.0624056146451,547.0624056146451,0.20585332427098824,3224.062;3598.256;3228.845;1885.797;734.773;-0.243;1396.198;1436.534;1629.260;1766.271;2180.029;2000.506;2925.892;2939.634;2386.317;1613.220;921.735;3605.431;1161.187;670.276;19.698;3598.699;415.799;1074.076;-5.680;687.475;1387.343;3606.027;1039.731;3601.641;340.853;1242.891;1156.609;2947.912;3599.917;778.041;1509.436;971.589;2870.199;2309.207;4.700;2539.154;2977.325;-4.650;1581.354;2963.664;3577.324;2059.230;29.765;1653.910;649.848;2269.087;616.151;151.633;1908.055;68.919;2942.639;3602.086;3397.415;1341.602;2368.616;2398.641;1853.471;1614.616;-4.387;13.413;1382.948;1596.660;593.466;1850.051;2009.499;2662.228;1110.552;1262.041;3247.350;2203.501;2584.097;1862.286;3003.105;2619.900;3236.505;611.445;1077.495;1679.698;1836.341;2448.452;2984.838;2194.481;3596.154;2631.515;523.081;2126.191;2135.224;2698.738;3090.206;761.047;416.539;2739.862;2.700;3059.920,1543.043;3594.440;3593.265;602.974;3594.281;2771.434;625.122;2394.235;3599.489;2752.689;2.790;1764.588;1358.732;6.475;3583.813;2979.411;647.450;2419.044;1771.339;1250.340;1759.078;1997.698;3183.014;8.232;2384.194;1947.076;216.606;454.489;2342.845;3187.398;7.207;1454.969;3537.052;1714.302;1298.495;1050.700;-7.390;332.675;2173.486;2220.550;2019.613;1116.275;3327.537;3328.783;1951.501;2639.440;2901.184;1303.694;552.897;1034.768;821.273;1604.491;4.292;1279.535;2147.133;1554.973;2018.730;2602.746;3310.138;1053.424;813.557;1745.388;2404.962;508.081;252.073;865.864;857.778;1554.241;2354.373;1137.738;3603.650;2993.409;2177.263;1263.714;175.916;2534.331;2616.239;9.197;2922.900;3186.107;2260.483;2702.979;3022.031;3387.864;1419.585;164.336;1106.977;517.129;1725.241;1771.871;2908.103;3060.755;976.322;3585.724;515.800;1607.793;438.689;607.706;9.918;883.048
64,115.70107364654541,63,-547.2181022228172,547.2181022228172,0.32603588910373843,3211.095;3590.368;3243.014;1899.045;741.305;-13.327;1387.452;1431.546;1641.862;1780.062;2194.581;2015.066;2927.622;2954.327;2401.481;1623.935;935.984;3594.336;1171.997;685.270;18.874;3598.926;407.207;1084.434;9.013;677.608;1400.721;3593.267;1054.241;3596.433;328.024;1257.232;1141.592;2956.891;3603.418;763.157;1494.874;956.527;2885.077;2324.202;6.889;2532.706;2992.319;9.702;1585.963;2978.163;3587.368;2073.828;15.373;1651.444;665.085;2254.511;613.117;137.365;1902.815;53.901;2928.114;3597.069;3383.025;1326.554;2357.073;2407.337;1840.053;1601.642;9.870;24.445;1396.379;1610.909;604.972;1835.853;2024.492;2647.303;1095.500;1251.995;3232.491;2190.339;2595.196;1876.779;3000.955;2633.954;3250.133;597.425;1062.317;1668.891;1850.478;2450.900;2985.909;2197.612;3582.777;2641.631;537.912;2140.608;2121.678;2685.043;3079.120;746.596;428.797;2733.246;-12.050;3072.685,1528.900;3605.221;3602.757;589.145;3608.989;2767.012;623.187;2379.282;3594.398;2739.822;-6.462;1778.020;1347.804;-6.533;3598.168;2994.130;632.323;2422.382;1775.097;1265.433;1773.516;1986.802;3188.326;2.752;2382.868;1959.940;231.761;440.623;2357.515;3180.504;3.045;1450.477;3550.833;1729.053;1294.117;1039.349;2.965;319.415;2187.374;2208.328;2006.125;1127.558;3342.251;3315.262;1964.485;2649.258;2913.703;1293.333;563.250;1019.906;835.373;1608.256;-1.490;1268.917;2160.779;1549.591;2004.137;2615.665;3295.594;1046.425;803.323;1760.093;2390.117;492.955;237.296;853.016;871.281;1569.376;2353.823;1151.625;3590.104;2979.983;2164.026;1277.513;190.320;2549.200;2631.384;1.098;2931.936;3171.293;2245.283;2687.762;3007.348;3402.240;1424.443;153.376;1095.213;515.121;1716.678;1757.222;2923.229;3046.921;974.152;3573.819;528.299;1593.145;444.187;593.145;12.923;873.346
65,117.62867045402527,64,-548.0758066864125,548.0758066864125,0.42258346549519965,3198.340;3604.876;3239.123;1907.531;755.776;1.306;1374.430;1417.193;1627.797;1765.833;2209.104;2029.997;2914.026;2963.699;2391.482;1617.082;929.581;3602.279;1157.955;692.628;30.852;3598.493;392.258;1095.046;17.594;663.195;1391.332;3603.737;1042.297;3609.618;318.587;1242.842;1137.884;2971.842;3590.106;769.822;1498.568;943.685;2885.179;2337.575;-1.456;2540.279;3007.459;11.785;1583.684;2977.673;3574.481;2070.735;18.182;1662.029;665.341;2241.383;627.846;147.988;1916.983;39.489;2915.911;3586.869;3369.268;1339.833;2345.668;2398.947;1825.124;1587.981;8.616;14.301;1382.835;1625.500;594.935;1844.891;2039.502;2637.564;1106.055;1265.296;3243.659;2203.027;2606.641;1871.378;2986.349;2648.038;3264.937;609.283;1072.905;1681.753;1852.247;2464.051;3000.720;2211.933;3588.015;2655.173;524.896;2155.093;2117.185;2688.419;3065.281;733.163;417.034;2725.732;1.854;3087.756,1529.517;3590.891;3616.592;598.963;3595.027;2752.368;620.917;2364.156;3606.542;2729.856;4.931;1793.122;1355.139;5.519;3596.037;2995.266;618.026;2407.967;1760.729;1265.042;1759.826;1972.267;3203.193;-6.241;2397.604;1946.581;232.365;425.699;2363.633;3188.275;-10.908;1464.900;3565.953;1743.607;1279.276;1052.406;-11.102;304.506;2186.730;2199.643;2019.874;1122.902;3346.859;3329.625;1950.816;2636.197;2900.750;1278.487;578.204;1007.696;848.223;1594.624;-9.651;1282.104;2175.510;1535.132;2007.480;2630.748;3295.598;1057.521;788.530;1775.276;2375.997;479.340;251.274;858.265;880.272;1584.538;2355.414;1166.678;3598.854;2987.035;2154.227;1264.448;189.068;2549.309;2646.012;-8.391;2917.736;3185.700;2249.897;2700.884;3004.372;3389.715;1436.387;165.891;1080.158;500.396;1701.731;1742.093;2936.775;3031.782;960.120;3587.984;522.678;1607.251;442.739;578.052;-1.188;885.578
66,119.34101271629333,65,-548.4378384036061,548.4378384036061,0.4606161324363173,3211.274;3594.407;3251.778;1922.334;766.408;-0.390;1359.400;1413.085;1627.422;1771.920;2209.090;2015.989;2906.729;2950.451;2380.907;1623.245;914.727;3608.604;1157.834;696.026;16.334;3611.502;386.847;1110.020;5.434;648.730;1377.165;3597.518;1047.177;3597.361;308.081;1228.074;1150.895;2977.851;3583.562;758.172;1498.165;956.118;2870.885;2351.817;-9.229;2525.931;2993.429;-0.835;1595.541;2992.276;3565.004;2084.804;9.675;1677.001;679.173;2227.040;623.799;134.983;1904.618;52.388;2929.224;3592.117;3355.447;1335.160;2355.989;2413.428;1821.988;1601.800;-3.212;-0.485;1371.049;1617.269;609.026;1851.078;2051.819;2623.108;1100.399;1280.344;3250.424;2213.924;2614.176;1885.643;2982.994;2662.962;3254.073;604.561;1059.831;1669.303;1843.274;2453.019;3012.720;2226.027;3602.404;2665.009;522.675;2141.381;2107.636;2702.805;3079.358;737.515;430.320;2738.256;0.534;3079.830,1529.009;3599.684;3602.139;613.872;3581.554;2749.995;634.992;2375.434;3592.506;2714.917;19.890;1779.937;1351.647;-6.266;3608.409;3009.369;629.432;2395.615;1773.559;1258.902;1750.862;1983.785;3192.034;-19.363;2400.106;1960.331;246.930;420.377;2356.529;3173.609;3.340;1450.622;3581.096;1734.015;1291.799;1059.664;3.471;289.433;2201.167;2184.752;2027.799;1137.445;3333.449;3344.754;1943.695;2650.837;2912.858;1279.017;593.359;992.690;834.907;1608.751;4.892;1291.246;2170.213;1543.503;1993.247;2634.871;3310.211;1044.810;779.890;1762.583;2390.408;464.433;262.646;843.625;867.872;1599.129;2367.664;1173.742;3591.324;3001.843;2139.847;1266.934;178.689;2534.902;2634.375;6.053;2920.276;3191.122;2236.320;2707.178;2989.953;3377.645;1447.874;177.848;1090.100;485.259;1712.817;1755.497;2950.583;3020.825;972.806;3602.944;510.887;1604.790;427.953;563.012;-16.267;874.875
67,121.19607067108154,66,-548.4208672181734,548.4208672181734,0.4890277222383232,3214.970;3580.311;3245.315;1908.673;767.485;-12.139;1360.891;1414.855;1613.069;1761.506;2223.819;2004.800;2892.215;2962.863;2393.646;1638.020;916.699;3594.730;1170.671;682.448;7.469;3597.223;400.908;1098.358;7.555;661.195;1390.332;3607.399;1052.313;3605.625;304.977;1232.631;1165.014;2990.840;3598.029;747.686;1483.585;970.598;2863.190;2346.213;5.367;2532.302;2979.093;-13.610;1581.748;3006.041;3551.781;2078.994;24.114;1691.738;686.095;2240.431;613.879;126.092;1891.128;65.900;2933.328;3578.810;3365.244;1320.660;2370.658;2407.975;1835.252;1606.993;-14.292;-15.530;1373.502;1628.431;623.991;1865.777;2039.032;2610.359;1110.503;1269.061;3236.103;2209.269;2629.016;1879.630;2979.830;2651.399;3240.557;589.798;1044.809;1680.960;1828.393;2462.744;3027.110;2211.741;3594.198;2679.916;509.934;2140.853;2121.370;2713.952;3094.420;724.901;421.917;2724.979;13.777;3065.057,1520.433;3600.130;3594.935;626.785;3585.001;2764.160;622.323;2384.164;3593.129;2710.078;7.062;1767.143;1336.891;-16.176;3594.368;3023.081;615.924;2383.583;1782.211;1273.289;1739.166;1980.462;3178.577;-4.711;2385.558;1974.822;260.353;434.815;2342.156;3178.319;6.252;1458.896;3591.977;1745.184;1297.886;1060.539;-3.785;287.843;2195.169;2175.860;2013.414;1123.711;3330.726;3359.596;1929.578;2655.627;2899.502;1293.462;608.374;1004.856;829.362;1606.401;6.704;1284.784;2168.566;1549.297;1988.634;2639.229;3308.346;1029.807;765.653;1765.919;2404.676;469.140;277.473;831.183;873.456;1587.775;2382.601;1160.980;3604.764;2989.422;2144.201;1253.247;192.524;2519.874;2632.207;-3.616;2934.852;3205.535;2225.060;2720.347;3003.270;3362.667;1461.332;192.788;1104.157;470.130;1705.912;1762.946;2937.236;3021.077;959.974;3602.083;525.350;1619.209;413.410;549.728;-2.223;872.198
68,123.07844591140747,67,-548.1553390587901,548.1553390587901,0.15182646324421473,3222.687;3593.006;3244.340;1897.179;753.089;1.757;1374.434;1400.306;1598.037;1773.932;2214.953;2017.245;2878.382;2966.826;2381.841;1625.076;929.469;3583.395;1185.644;667.772;-7.370;3592.056;388.263;1091.022;16.936;650.709;1382.583;3592.879;1040.096;3592.327;319.305;1247.366;1178.722;3005.643;3598.667;732.976;1489.468;958.281;2848.389;2343.153;13.258;2520.407;2977.744;0.990;1588.856;3004.775;3566.028;2092.131;10.517;1680.580;700.206;2227.628;613.466;114.264;1884.980;79.641;2948.031;3581.274;3380.103;1309.304;2360.597;2421.745;1845.867;1621.397;0.230;-1.207;1388.086;1638.089;635.571;1880.821;2030.880;2610.503;1124.590;1254.222;3249.569;2194.941;2620.821;1865.158;2977.625;2644.651;3251.837;602.630;1052.343;1695.892;1819.146;2477.603;3042.134;2213.107;3603.467;2668.181;495.106;2154.732;2136.369;2725.670;3085.636;710.747;408.786;2718.099;4.025;3058.808,1505.621;3606.119;3584.181;632.372;3598.506;2779.110;607.379;2398.746;3596.624;2719.452;16.419;1759.092;1339.354;-1.775;3585.330;3038.015;626.255;2377.930;1795.723;1273.518;1724.230;1992.050;3163.572;7.336;2396.538;1989.247;249.583;449.382;2327.105;3173.371;14.911;1473.564;3602.183;1731.948;1286.423;1074.931;4.949;301.287;2185.383;2189.136;2020.629;1125.436;3344.976;3372.370;1942.848;2669.847;2890.670;1307.414;609.868;1016.340;814.640;1620.316;12.179;1299.360;2175.842;1536.674;2000.232;2624.983;3295.775;1038.186;750.617;1761.228;2407.424;468.664;288.091;844.925;859.582;1575.392;2395.933;1147.016;3596.502;2975.420;2158.155;1238.249;179.018;2509.721;2618.900;-1.803;2947.493;3217.042;2210.309;2734.939;3017.414;3362.963;1450.117;192.422;1101.648;456.101;1691.154;1774.431;2926.519;3032.139;945.041;3591.423;512.111;1626.956;399.368;563.683;5.753;857.479
69,124.77558612823486,68,-548.6180153638395,548.6180153638395,0.27636710224190153,3230.153;3607.774;3258.437;1885.266;739.564;7.389;1361.253;1413.333;1604.415;1762.269;2200.533;2013.419;2888.307;2952.364;2379.542;1617.006;920.339;3596.391;1193.978;673.807;5.165;3602.578;390.689;1079.369;2.630;635.869;1371.616;3593.971;1025.214;3596.154;305.546;1247.407;1193.703;3020.642;3584.853;743.521;1479.371;944.691;2858.711;2328.761;0.081;2505.887;2990.047;6.218;1574.412;3007.363;3575.504;2107.055;13.504;1668.698;698.256;2213.283;628.061;128.269;1897.237;66.570;2934.666;3595.318;3368.465;1321.504;2345.927;2435.857;1838.380;1633.553;4.979;3.462;1390.581;1652.460;650.443;1894.781;2016.861;2620.473;1111.279;1251.514;3263.921;2192.944;2606.302;1871.193;2991.833;2635.250;3264.507;602.960;1062.733;1685.989;1804.404;2492.607;3044.275;2227.094;3589.420;2663.955;480.582;2166.976;2151.328;2740.567;3094.702;722.695;409.104;2731.696;-10.438;3064.687,1492.992;3591.835;3588.326;618.572;3604.724;2791.460;598.653;2411.233;3610.416;2731.367;31.006;1745.912;1325.064;8.069;3594.105;3046.710;616.243;2363.211;1809.247;1263.590;1729.850;2006.940;3151.820;0.625;2398.806;1987.615;250.986;456.902;2333.366;3187.356;13.767;1487.497;3591.262;1727.390;1299.676;1061.384;-6.338;312.148;2173.846;2176.063;2033.399;1137.833;3333.907;3384.538;1944.553;2663.314;2896.693;1295.311;620.666;1021.936;808.833;1632.699;-1.744;1301.634;2161.759;1543.952;2015.014;2628.937;3307.002;1027.717;736.961;1749.617;2421.127;482.229;291.902;858.892;873.266;1588.628;2409.300;1155.136;3581.888;2971.241;2148.965;1238.817;164.048;2496.310;2604.782;9.920;2941.732;3218.458;2219.744;2749.880;3005.919;3367.491;1435.238;179.024;1114.495;442.770;1676.656;1789.096;2938.164;3047.008;946.804;3604.437;506.028;1614.608;400.986;558.269;-3.996;846.436
70,126.62393760681152,69,-548.4608863685437,548.4608863685437,0.26466330735787763,3217.411;3594.596;3247.073;1899.112;724.811;4.454;1374.888;1403.072;1590.520;1771.314;2199.591;2025.206;2903.062;2960.328;2392.349;1602.598;934.395;3597.829;1208.676;659.336;-2.270;3605.215;376.736;1093.149;-11.518;629.630;1357.014;3606.021;1010.424;3589.408;318.501;1248.483;1208.003;3032.283;3582.578;758.280;1492.969;930.300;2853.403;2342.797;5.578;2492.274;2978.048;-3.483;1587.371;3021.064;3588.766;2119.380;-0.137;1662.726;683.628;2218.755;615.742;124.436;1907.603;70.821;2942.272;3584.539;3381.807;1309.383;2347.332;2422.785;1843.432;1633.499;-4.812;14.737;1405.055;1641.398;661.856;1894.642;2001.943;2617.789;1119.685;1241.623;3267.746;2178.560;2591.839;1858.290;3006.718;2648.840;3275.395;589.153;1050.940;1692.933;1790.391;2504.389;3044.144;2217.133;3586.281;2649.520;494.870;2181.853;2162.814;2748.291;3105.094;710.811;418.055;2718.722;2.355;3050.696,1478.105;3599.306;3600.881;613.923;3590.436;2802.269;612.524;2415.118;3596.130;2740.035;19.833;1745.675;1336.449;-0.903;3608.388;3032.705;630.102;2372.620;1821.877;1248.885;1719.251;2021.928;3137.066;10.789;2384.826;2000.705;236.831;442.725;2342.264;3180.286;3.347;1497.784;3605.463;1741.711;1287.474;1050.701;7.518;298.665;2187.672;2183.448;2048.033;1126.287;3328.120;3373.345;1959.166;2652.030;2911.312;1280.573;608.114;1035.579;794.387;1633.015;3.927;1311.263;2151.754;1558.637;2002.560;2628.753;3301.222;1037.799;737.715;1763.552;2435.611;468.305;278.347;870.892;866.798;1601.559;2398.762;1166.470;3591.219;2968.519;2162.554;1239.751;174.090;2481.476;2617.996;-3.921;2928.652;3204.185;2205.335;2736.651;3017.300;3359.623;1420.353;189.990;1100.887;429.198;1685.315;1778.162;2952.969;3058.138;960.779;3593.279;495.543;1599.736;388.509;564.881;8.846;831.901
71,128.48817801475525,70,-549.0598815012826,549.0598815012826,0.4213678511914775,3202.694;3588.011;3240.280;1894.033;730.086;9.739;1387.272;1389.651;1584.125;1757.154;2211.334;2016.437;2915.140;2947.947;2407.204;1607.569;925.340;3612.178;1197.678;669.470;11.791;3591.186;389.294;1079.210;2.471;643.722;1370.067;3594.593;1021.981;3599.072;308.638;1234.475;1213.420;3046.743;3596.858;759.732;1479.838;935.580;2866.429;2335.060;8.270;2481.573;2977.215;-8.272;1596.085;3035.815;3594.219;2112.022;8.725;1667.458;670.772;2229.668;621.328;120.191;1921.482;56.444;2930.142;3584.814;3379.338;1322.094;2360.528;2431.816;1829.216;1647.391;4.177;1.905;1391.567;1627.195;649.141;1887.769;2015.012;2603.764;1106.847;1254.831;3256.081;2192.205;2595.247;1848.184;3016.083;2634.628;3279.122;576.176;1036.322;1679.783;1801.811;2518.869;3029.600;2209.054;3593.437;2660.106;490.413;2191.938;2173.213;2735.092;3119.762;696.089;432.770;2707.511;14.771;3064.469,1463.409;3613.950;3615.535;601.386;3579.427;2789.552;599.442;2400.848;3596.980;2754.747;31.201;1731.119;1348.986;12.370;3594.782;3042.498;628.678;2377.098;1809.868;1249.638;1733.725;2035.485;3151.061;-0.883;2369.924;1987.079;247.287;427.940;2356.833;3193.906;-11.378;1511.592;3594.115;1755.945;1300.718;1035.950;-2.456;311.892;2202.356;2173.617;2040.081;1113.240;3340.999;3361.418;1971.181;2637.263;2921.440;1267.928;593.306;1050.413;784.898;1647.549;-9.681;1325.450;2137.004;1545.009;1988.416;2643.246;3288.438;1052.544;732.879;1749.703;2450.397;460.122;282.726;885.584;873.306;1615.517;2413.036;1152.101;3577.237;2966.051;2148.630;1245.966;165.445;2494.049;2619.141;3.007;2913.822;3205.995;2210.266;2722.356;3003.978;3373.725;1405.590;177.042;1085.997;429.303;1671.928;1792.144;2946.951;3072.690;948.358;3581.914;480.807;1606.592;402.598;579.535;-3.734;817.234
72,130.17924904823303,71,-549.7066782736786,549.7066782736786,0.4558297814768688,3189.792;3586.930;3225.663;1908.265;715.855;11.097;1398.817;1401.048;1591.365;1749.527;2226.106;2001.933;2928.491;2933.234;2394.019;1621.722;910.763;3598.279;1183.289;680.802;24.238;3599.113;398.867;1064.848;4.552;654.913;1381.725;3608.191;1035.517;3613.763;299.457;1236.032;1213.350;3052.952;3611.003;771.029;1465.573;944.018;2864.055;2321.520;-2.312;2495.750;2963.210;6.012;1582.878;3049.613;3608.522;2125.021;8.833;1653.615;657.171;2242.547;635.636;105.618;1910.286;45.297;2932.221;3592.363;3365.413;1313.169;2346.641;2445.697;1814.333;1661.615;-3.609;-7.349;1379.723;1638.148;634.333;1873.148;2029.532;2617.548;1092.972;1268.922;3242.477;2206.206;2596.765;1862.132;3030.766;2621.865;3269.565;563.751;1047.964;1665.073;1794.719;2533.747;3033.818;2194.476;3608.067;2646.770;483.667;2181.478;2187.921;2748.353;3134.617;691.046;430.448;2692.757;22.924;3074.193,1476.652;3600.705;3601.380;586.620;3591.295;2774.775;604.212;2386.629;3602.613;2769.573;32.877;1743.401;1336.214;8.366;3580.700;3044.964;615.153;2362.983;1795.096;1263.967;1740.518;2022.985;3157.999;-12.213;2376.592;1975.308;262.008;429.924;2371.719;3181.026;2.877;1524.086;3584.891;1769.533;1304.422;1024.952;4.180;321.662;2205.948;2163.497;2026.452;1098.412;3327.055;3366.794;1984.478;2644.767;2928.998;1254.995;604.550;1042.297;773.560;1635.188;4.004;1311.498;2122.207;1548.062;1985.093;2636.621;3302.780;1058.608;718.741;1744.393;2463.572;446.208;296.772;875.919;875.029;1630.389;2401.448;1140.118;3589.394;2951.498;2152.962;1258.437;154.420;2482.651;2633.386;12.512;2921.020;3192.559;2220.352;2733.286;3003.075;3375.720;1401.532;180.960;1073.830;415.098;1664.103;1791.610;2958.746;3059.900;962.462;3596.257;467.227;1598.933;413.069;585.820;-17.415;806.941
73,132.00940918922424,72,-549.6067893221217,549.6067893221217,0.3058583480463405,3177.491;3600.533;3233.166;1916.931;718.715;-2.942;1385.416;1401.407;1605.787;1738.354;2213.921;1988.088;2922.220;2928.647;2380.431;1636.562;921.551;3607.321;1190.539;694.857;29.066;3613.431;413.175;1063.220;-6.071;667.111;1379.381;3594.817;1033.293;3599.645;309.887;1222.999;1199.143;3067.086;3596.985;757.286;1466.073;929.715;2874.357;2307.527;11.824;2490.069;2976.977;1.775;1568.086;3049.432;3594.499;2139.745;-5.008;1639.827;664.448;2257.324;640.694;92.916;1924.622;33.221;2941.153;3606.928;3350.744;1324.781;2343.397;2460.005;1799.657;1674.491;10.538;4.914;1366.341;1626.734;620.363;1863.416;2041.441;2629.587;1105.233;1263.600;3256.372;2212.100;2611.258;1874.399;3028.595;2607.090;3255.000;566.514;1058.481;1650.435;1781.592;2546.853;3046.102;2205.546;3594.664;2658.068;474.555;2191.905;2177.900;2737.027;3125.513;676.645;444.511;2681.451;9.969;3087.159,1477.176;3588.918;3603.962;592.180;3605.993;2763.781;596.536;2371.786;3589.111;2758.913;18.652;1750.349;1347.567;21.633;3593.333;3058.260;607.493;2350.457;1808.232;1274.309;1752.536;2020.215;3172.324;2.050;2391.048;1978.442;259.223;442.675;2384.658;3194.388;5.452;1511.315;3596.196;1759.090;1315.086;1025.235;0.710;323.893;2220.176;2177.347;2039.239;1084.361;3335.190;3352.644;1972.015;2631.721;2914.689;1240.287;594.433;1055.540;787.169;1646.423;-7.518;1297.937;2126.686;1555.244;1976.776;2638.950;3294.119;1071.140;732.100;1729.920;2478.264;455.775;282.625;862.885;860.569;1632.333;2391.134;1128.810;3600.351;2952.199;2154.802;1245.069;139.721;2468.303;2647.768;0.280;2910.110;3206.013;2226.643;2741.742;3015.739;3389.833;1413.726;166.625;1059.486;420.860;1650.220;1797.069;2964.802;3045.613;975.384;3588.915;453.688;1585.512;427.746;596.336;-3.363;795.939
74,133.86131978034973,73,-549.9461189892254,549.9461189892254,0.2985958454550112,3163.142;3590.491;3220.575;1931.067;705.149;7.921;1391.634;1415.671;1593.139;1726.519;2222.277;1975.512;2926.794;2932.775;2366.153;1631.358;912.570;3593.933;1177.652;701.437;40.918;3599.402;411.504;1050.881;7.527;661.625;1393.377;3602.666;1022.815;3603.164;323.117;1217.613;1185.898;3054.695;3602.074;754.725;1457.177;932.516;2861.412;2318.570;8.002;2501.710;2966.111;-9.805;1564.061;3062.255;3593.410;2133.305;7.926;1652.236;667.451;2254.704;650.270;81.928;1929.122;18.862;2955.546;3594.789;3358.395;1312.193;2329.295;2450.742;1810.313;1689.084;18.741;10.915;1361.288;1638.613;608.607;1849.664;2030.171;2644.291;1094.219;1274.285;3250.896;2210.062;2610.786;1865.936;3040.092;2607.851;3266.995;552.451;1047.154;1657.855;1766.844;2560.974;3059.114;2200.759;3592.607;2669.983;480.182;2206.162;2191.495;2722.969;3138.619;677.889;432.611;2674.396;-3.444;3098.308,1477.872;3600.126;3605.724;579.339;3593.259;2768.154;605.285;2360.959;3584.605;2768.961;15.146;1756.052;1337.052;9.581;3604.352;3062.249;592.996;2362.601;1800.786;1288.927;1739.552;2025.681;3183.528;9.246;2377.857;1965.069;245.271;457.382;2396.560;3207.699;-7.565;1496.604;3585.128;1744.671;1304.936;1038.455;9.166;338.209;2211.181;2163.621;2037.897;1096.403;3349.759;3338.450;1982.932;2617.493;2925.463;1252.448;579.804;1044.807;800.750;1633.648;1.628;1310.289;2140.972;1541.327;1990.937;2653.414;3279.608;1070.441;720.813;1741.624;2491.685;459.057;267.885;876.364;869.521;1646.197;2385.133;1142.527;3602.068;2965.102;2151.515;1230.332;151.982;2479.676;2634.493;-14.409;2895.516;3193.343;2215.963;2731.142;3006.678;3403.027;1428.396;153.388;1053.007;406.869;1635.499;1811.541;2957.269;3052.327;962.441;3595.378;438.950;1599.330;442.030;610.964;0.294;781.278
75,135.73997282981873,74,-550.2140378211406,550.2140378211406,0.2755202797155286,3156.201;3604.221;3208.273;1938.227;704.257;-5.138;1377.555;1403.334;1578.591;1713.406;2211.716;1961.008;2912.787;2947.198;2366.726;1617.341;916.578;3593.626;1188.602;688.029;27.087;3599.247;397.696;1064.627;2.462;647.179;1380.565;3599.460;1014.187;3603.388;310.393;1203.159;1171.193;3067.835;3593.560;740.498;1470.961;918.607;2846.720;2333.166;21.595;2494.809;2976.083;4.277;1574.444;3048.456;3606.250;2143.026;11.838;1663.274;681.590;2268.520;636.493;68.411;1942.307;7.095;2953.311;3602.101;3351.247;1317.136;2318.223;2463.535;1802.223;1702.576;5.986;24.401;1374.495;1653.237;601.669;1863.225;2030.824;2631.009;1103.040;1269.217;3263.833;2196.586;2618.617;1859.241;3054.135;2619.094;3269.451;566.320;1057.832;1672.064;1756.242;2552.769;3073.816;2211.164;3604.531;2665.245;466.133;2220.858;2201.952;2733.621;3125.624;677.873;434.290;2683.810;9.452;3105.395,1478.566;3591.706;3591.945;587.601;3592.608;2781.603;591.569;2348.212;3577.772;2764.934;1.337;1748.089;1323.846;4.152;3590.830;3051.631;581.357;2375.262;1804.653;1282.444;1748.432;2011.555;3185.495;4.451;2383.705;1950.949;233.731;449.539;2386.371;3216.640;4.769;1491.181;3595.313;1756.779;1298.208;1052.828;-4.868;326.631;2217.480;2151.050;2052.179;1108.623;3350.165;3346.105;1985.815;2606.807;2913.732;1253.924;575.126;1041.402;815.469;1634.116;8.311;1317.016;2155.729;1540.864;1996.014;2654.279;3273.829;1056.407;708.824;1735.128;2502.737;473.433;275.212;864.972;871.661;1646.579;2398.872;1156.236;3614.497;2977.191;2137.814;1225.318;156.601;2468.518;2639.150;-0.467;2897.402;3200.621;2201.352;2739.396;3018.086;3417.727;1424.269;139.759;1039.139;392.635;1635.914;1822.314;2943.017;3062.044;960.150;3605.438;449.001;1598.363;447.398;620.482;4.954;770.800
76,137.43776750564575,75,-550.6453228167127,550.6453228167127,0.3866318192471467,3169.455;3591.543;3215.571;1924.126;690.234;8.641;1385.971;1406.859;1564.899;1724.678;2224.846;1960.687;2920.038;2961.160;2380.081;1628.122;903.313;3599.917;1176.905;700.719;28.768;3599.627;385.194;1071.055;-8.655;653.706;1384.177;3611.833;1027.333;3590.667;295.808;1193.983;1163.492;3081.363;3594.593;743.841;1471.516;915.172;2832.338;2347.308;12.385;2504.875;2962.628;7.804;1587.327;3056.745;3592.459;2131.200;-1.048;1650.774;669.975;2279.402;649.551;54.130;1955.917;18.568;2961.301;3610.783;3362.352;1305.368;2311.037;2468.722;1787.740;1717.235;0.318;13.961;1363.728;1646.013;588.733;1868.962;2042.783;2638.767;1089.745;1281.434;3256.697;2182.329;2604.709;1872.652;3067.324;2608.901;3280.578;562.656;1044.061;1680.159;1750.244;2541.791;3078.675;2225.472;3591.069;2650.897;461.565;2233.718;2215.748;2745.496;3119.376;691.380;420.250;2698.327;19.113;3092.074,1464.223;3605.009;3601.706;602.068;3605.809;2767.959;588.396;2333.582;3591.717;2778.810;-13.340;1761.752;1310.009;-10.163;3596.055;3037.275;567.048;2362.344;1807.423;1268.535;1759.989;2000.384;3198.458;-2.189;2392.428;1936.243;221.892;436.393;2399.133;3204.984;11.690;1482.110;3595.853;1754.953;1283.955;1040.273;8.490;335.916;2224.854;2164.487;2063.054;1122.843;3362.608;3333.287;1988.882;2619.943;2904.840;1268.210;561.190;1027.744;816.428;1622.220;-5.191;1303.215;2157.382;1547.266;1982.768;2642.198;3281.362;1068.035;722.296;1743.860;2517.316;460.005;262.824;876.796;881.274;1640.792;2399.390;1151.215;3600.205;2964.925;2151.707;1229.546;170.603;2454.552;2651.863;-1.825;2903.460;3190.427;2213.014;2753.466;3004.941;3432.397;1414.451;152.668;1042.135;382.412;1650.160;1836.770;2956.502;3048.260;946.348;3591.722;441.947;1584.936;461.589;607.233;-6.669;784.111
77,139.2741663455963,76,-550.6886841860648,550.6886841860648,0.3125868107791964,3161.098;3581.033;3229.854;1930.920;678.334;3.311;1374.899;1420.932;1565.172;1710.954;2230.054;1948.181;2911.351;2955.643;2370.643;1634.737;915.990;3613.597;1164.245;713.244;16.821;3600.243;399.036;1058.042;5.346;644.575;1391.695;3597.851;1041.595;3603.546;307.999;1205.335;1149.177;3079.565;3608.202;737.534;1457.812;904.924;2845.587;2334.643;-0.368;2519.365;2974.386;-2.573;1580.808;3063.549;3587.794;2123.235;10.967;1641.808;655.420;2287.942;660.130;39.457;1944.956;31.910;2947.196;3596.593;3374.617;1290.806;2296.623;2470.096;1785.162;1730.684;1.417;-0.352;1375.679;1659.519;595.898;1880.914;2033.798;2629.105;1075.659;1270.887;3263.352;2188.573;2613.964;1886.562;3060.989;2599.677;3295.108;549.912;1029.520;1693.169;1740.382;2528.496;3091.327;2240.133;3591.848;2660.927;475.407;2234.080;2229.420;2731.990;3132.263;677.836;429.926;2687.152;5.215;3103.791,1449.935;3592.887;3598.602;589.749;3593.029;2761.343;574.095;2324.461;3605.542;2793.397;-0.217;1776.398;1322.493;3.575;3608.554;3022.599;580.815;2348.343;1793.182;1280.419;1749.067;1985.856;3212.970;11.728;2406.859;1948.200;207.522;433.228;2406.377;3193.154;-2.452;1467.685;3609.636;1743.569;1297.046;1052.737;-4.348;348.732;2211.280;2178.574;2076.961;1116.394;3376.649;3318.703;1975.561;2633.968;2892.599;1278.767;568.605;1035.591;828.692;1633.567;7.455;1292.940;2166.660;1559.901;1986.137;2630.071;3280.794;1054.079;736.932;1730.602;2511.425;459.960;264.282;864.606;884.016;1634.636;2385.836;1136.930;3600.284;2950.342;2162.056;1243.504;158.183;2466.484;2657.339;0.139;2917.435;3204.176;2209.544;2739.808;3009.834;3424.033;1401.230;142.433;1028.223;379.489;1646.842;1849.252;2970.849;3033.720;957.280;3581.593;455.830;1571.228;457.718;594.862;7.371;775.679
78,141.13921689987183,77,-551.2188975973761,551.2188975973761,0.45482920933180626,3150.923;3594.253;3224.323;1942.031;692.143;-0.897;1369.435;1408.169;1578.937;1702.802;2216.869;1933.749;2924.851;2968.230;2380.071;1647.322;907.246;3599.689;1155.459;704.390;3.705;3613.679;386.520;1051.337;13.222;630.428;1377.768;3596.694;1027.901;3602.719;319.322;1194.672;1135.585;3078.588;3594.451;751.240;1469.820;918.629;2839.011;2321.262;-13.301;2533.934;2986.059;5.042;1593.521;3063.979;3598.709;2137.312;-1.315;1627.421;656.550;2274.379;647.192;26.480;1957.848;35.809;2957.641;3598.110;3360.620;1291.641;2288.232;2483.727;1798.987;1744.999;-12.793;6.420;1365.938;1674.071;582.007;1869.393;2047.081;2622.757;1065.076;1257.474;3274.694;2202.922;2628.329;1899.322;3074.445;2588.101;3282.589;538.988;1042.233;1679.317;1754.139;2539.376;3105.613;2228.882;3601.414;2674.947;477.399;2222.524;2219.890;2717.437;3145.251;663.715;431.234;2699.313;-3.316;3116.995,1446.442;3592.670;3611.027;599.960;3585.508;2774.171;560.185;2333.824;3615.534;2807.648;4.364;1765.466;1322.627;7.590;3594.782;3008.939;592.548;2349.196;1780.051;1294.613;1735.965;1973.336;3227.133;-0.141;2397.017;1953.469;220.653;419.846;2403.519;3206.358;-0.800;1462.042;3595.518;1730.362;1311.029;1061.785;4.371;337.423;2204.383;2172.188;2064.295;1122.754;3365.893;3307.431;1988.809;2647.152;2878.270;1290.635;571.222;1022.217;815.251;1626.301;11.785;1280.652;2181.087;1548.432;2000.051;2617.064;3294.910;1050.737;747.356;1740.999;2518.962;449.715;264.715;854.270;894.795;1648.762;2393.018;1148.794;3597.295;2957.994;2148.961;1258.098;150.847;2479.654;2643.361;-11.424;2931.232;3211.791;2223.556;2748.710;3016.512;3410.695;1386.646;128.662;1016.086;365.224;1633.100;1838.377;2968.127;3023.628;948.063;3588.460;469.534;1581.595;465.274;580.967;6.283;761.381
79,143.02754187583923,78,-551.4628570503203,551.4628570503203,0.2401597620454454,3136.506;3593.821;3211.807;1956.312;696.026;11.861;1359.564;1398.418;1583.377;1715.882;2228.919;1927.133;2935.897;2981.399;2383.321;1661.816;897.572;3595.902;1143.811;717.956;16.277;3599.561;388.149;1049.332;3.666;639.564;1368.728;3608.650;1035.458;3607.560;332.635;1198.796;1121.644;3092.548;3596.311;742.584;1464.578;909.121;2835.531;2329.272;0.829;2537.995;2977.858;-7.903;1581.529;3077.852;3593.610;2150.020;8.880;1637.368;644.736;2266.647;658.448;14.875;1972.144;21.623;2957.245;3598.539;3367.505;1283.477;2273.992;2498.286;1793.019;1745.371;1.017;0.630;1352.854;1672.914;593.651;1880.709;2034.686;2608.526;1050.693;1243.390;3264.068;2204.614;2622.170;1885.691;3088.880;2601.706;3290.821;524.807;1038.396;1670.307;1767.647;2528.441;3119.958;2241.211;3589.123;2667.838;466.632;2208.089;2205.566;2723.241;3154.176;676.188;417.204;2687.331;4.934;3106.004,1434.429;3606.454;3596.955;587.416;3597.775;2761.489;555.182;2342.125;3601.383;2795.831;-4.640;1777.587;1310.508;-2.580;3596.966;3014.006;580.935;2362.357;1767.140;1283.668;1748.512;1971.405;3239.960;2.350;2388.036;1966.991;222.547;433.332;2417.444;3193.569;3.952;1449.687;3592.132;1716.123;1298.261;1064.999;-3.545;341.735;2218.382;2184.858;2050.462;1109.373;3376.038;3293.680;2002.250;2661.198;2880.246;1304.199;584.974;1025.829;825.654;1613.005;-0.940;1282.113;2174.235;1533.973;1989.895;2630.592;3309.352;1061.231;749.865;1737.874;2505.351;463.100;270.263;865.797;880.669;1636.691;2405.846;1150.774;3588.291;2949.215;2157.255;1270.158;160.463;2493.785;2640.585;2.533;2917.853;3203.686;2211.469;2755.653;3013.114;3400.725;1400.278;135.227;1004.004;357.802;1641.066;1848.620;2980.785;3033.117;945.742;3602.773;462.556;1593.625;453.018;576.657;-1.984;747.458
80,144.72324323654175,79,-551.3779917635144,551.3779917635144,0.5602923625099033,3149.681;3586.049;3225.896;1970.846;682.580;10.952;1373.267;1411.366;1597.376;1730.237;2242.556;1913.052;2923.617;2984.831;2369.192;1649.544;910.577;3582.787;1129.385;712.165;30.735;3603.011;374.499;1061.998;2.202;651.305;1379.053;3595.793;1022.973;3593.577;319.312;1184.746;1134.561;3080.391;3605.682;746.280;1474.371;914.728;2849.541;2343.561;-2.449;2524.791;2963.548;5.724;1567.107;3064.343;3582.108;2159.663;21.033;1638.573;631.138;2252.351;672.531;0.453;1986.525;7.571;2943.184;3612.499;3376.405;1269.252;2287.041;2485.237;1806.819;1732.276;-2.855;-13.620;1338.508;1684.074;607.067;1870.761;2024.961;2595.459;1040.800;1257.295;3277.981;2190.592;2622.764;1871.249;3103.432;2601.880;3303.505;537.342;1024.243;1657.149;1757.432;2532.549;3134.467;2254.247;3575.998;2680.859;452.240;2194.882;2192.208;2720.535;3162.786;666.778;428.855;2674.297;-8.361;3091.616,1421.010;3612.392;3590.680;576.702;3612.173;2748.440;549.135;2328.210;3604.670;2786.205;4.776;1790.126;1323.513;-0.082;3609.987;3000.272;583.096;2376.785;1778.169;1276.928;1740.758;1985.289;3226.278;12.623;2377.659;1954.753;209.624;420.283;2431.956;3190.502;16.416;1463.300;3584.800;1729.696;1306.521;1051.269;-15.894;327.852;2230.342;2176.553;2062.693;1122.778;3390.406;3307.523;1995.450;2666.911;2866.319;1290.696;596.805;1012.023;820.693;1613.871;-14.830;1268.073;2160.091;1527.754;2002.800;2641.274;3296.771;1075.593;736.396;1750.729;2508.178;460.789;267.349;879.857;880.693;1633.244;2396.196;1149.018;3582.923;2935.263;2147.665;1260.255;173.498;2507.515;2627.889;7.786;2915.402;3189.711;2198.180;2769.069;3027.257;3386.396;1404.914;139.327;989.650;343.577;1627.789;1836.414;2993.818;3047.467;931.941;3594.174;469.533;1605.532;463.243;590.623;-14.911;736.181
81,146.573899269104,80,-551.4536848772823,551.4536848772823,0.34720684331203233,3163.844;3599.228;3234.001;1966.818;668.382;-2.903;1383.536;1425.345;1603.632;1736.447;2256.977;1898.972;2909.531;2998.942;2373.770;1656.402;896.754;3578.553;1133.258;698.084;20.299;3606.117;372.105;1048.218;-11.416;638.423;1393.374;3602.156;1008.566;3591.136;331.572;1190.543;1145.069;3066.011;3601.990;760.451;1460.440;928.927;2842.518;2354.196;5.565;2534.261;2958.648;2.986;1552.653;3061.908;3567.767;2172.748;35.429;1652.699;616.738;2239.076;662.664;-11.802;1976.739;20.405;2937.261;3599.732;3364.535;1282.617;2278.929;2471.675;1804.942;1742.568;3.062;0.140;1324.005;1677.654;593.984;1858.434;2011.295;2581.017;1054.342;1247.330;3271.264;2203.144;2636.817;1857.865;3103.028;2615.365;3316.210;540.137;1012.668;1644.379;1770.461;2546.720;3128.323;2248.023;3561.560;2692.646;462.233;2202.575;2205.568;2706.747;3148.894;675.560;415.820;2659.942;5.320;3104.639,1406.674;3598.413;3600.761;579.799;3599.030;2734.560;557.162;2314.147;3596.352;2783.091;-8.660;1804.393;1331.296;-13.996;3596.813;3012.208;597.073;2389.892;1764.368;1289.904;1754.446;1998.983;3216.779;9.427;2365.465;1940.460;208.004;406.165;2439.324;3199.788;25.983;1477.413;3572.576;1721.734;1295.459;1036.799;-1.963;313.738;2244.596;2186.645;2057.160;1121.744;3398.670;3319.502;2009.433;2679.662;2854.030;1289.019;610.877;997.557;806.886;1600.899;-1.076;1261.813;2154.802;1513.581;2012.008;2653.871;3288.727;1086.104;749.182;1764.279;2522.275;446.716;253.192;894.024;892.202;1639.330;2409.788;1162.611;3596.128;2935.615;2137.615;1271.985;187.938;2508.389;2613.498;3.761;2929.208;3175.245;2183.748;2756.024;3041.689;3378.901;1391.511;153.346;992.009;330.902;1640.460;1846.864;2989.354;3058.663;917.545;3602.509;483.763;1595.491;477.564;603.212;-1.402;721.827
82,148.45115113258362,81,-551.4404400825044,551.4404400825044,0.3874461214840481,3177.769;3613.601;3227.119;1952.767;665.741;9.713;1377.636;1439.201;1616.734;1750.536;2258.720;1885.846;2922.798;3013.318;2383.778;1643.077;884.012;3587.617;1121.000;683.696;9.041;3592.261;358.454;1034.895;2.492;624.885;1388.172;3589.453;1001.772;3604.398;324.919;1177.542;1134.256;3051.664;3593.320;774.774;1446.119;934.860;2828.417;2341.237;13.369;2548.504;2944.786;-4.662;1543.676;3066.001;3564.958;2159.971;23.092;1666.515;622.040;2248.129;675.135;2.022;1965.317;22.653;2925.403;3604.154;3351.043;1280.849;2266.449;2473.153;1794.396;1756.814;13.749;4.209;1333.145;1663.612;592.735;1865.931;2024.312;2591.338;1042.719;1259.035;3277.278;2215.000;2650.683;1852.491;3095.287;2628.875;3330.330;550.063;1019.921;1652.334;1759.460;2537.469;3140.510;2261.323;3564.875;2706.904;470.330;2189.234;2215.989;2699.523;3150.843;688.945;401.551;2661.176;7.854;3114.843,1392.234;3595.729;3611.153;593.911;3601.353;2728.463;543.565;2300.147;3594.124;2769.409;2.850;1817.001;1318.111;-1.033;3594.346;3026.140;597.955;2402.066;1754.824;1302.627;1756.680;1986.655;3228.268;-4.497;2354.341;1944.233;201.689;405.176;2428.095;3214.040;12.532;1481.478;3559.955;1734.195;1308.817;1022.943;2.114;300.478;2258.816;2186.986;2043.751;1109.265;3387.339;3318.342;2023.325;2693.376;2860.109;1301.763;597.393;988.394;818.661;1586.621;-5.531;1247.928;2166.779;1521.450;2026.229;2640.413;3295.615;1077.246;762.445;1765.995;2536.425;432.373;261.584;908.209;879.920;1653.488;2424.191;1177.014;3610.469;2929.576;2123.347;1285.918;179.799;2494.586;2603.548;16.710;2943.591;3162.749;2187.060;2755.729;3055.523;3364.925;1378.579;159.102;983.060;336.149;1639.064;1833.614;3002.709;3046.956;903.083;3610.727;497.946;1608.704;491.922;593.137;6.193;732.866
83,150.14679288864136,82,-551.3385271722098,551.3385271722098,0.34780172178269225,3188.609;3599.918;3214.568;1943.507;654.145;-2.835;1363.680;1450.680;1602.863;1737.467;2272.702;1895.613;2916.650;3026.366;2381.824;1655.415;873.888;3601.802;1109.034;690.391;13.316;3588.289;370.181;1022.405;0.951;610.514;1400.710;3582.841;987.651;3607.100;325.530;1189.706;1120.133;3060.550;3607.242;767.073;1454.109;948.160;2836.952;2332.226;11.145;2552.459;2951.701;6.479;1530.238;3072.536;3550.912;2145.672;14.561;1673.699;635.108;2262.327;684.367;6.778;1977.807;17.077;2936.335;3591.602;3337.804;1293.966;2280.421;2462.072;1807.682;1758.549;0.637;-4.752;1327.601;1672.640;599.518;1851.969;2034.890;2579.272;1053.529;1246.075;3265.071;2228.149;2660.279;1865.458;3108.658;2643.230;3321.725;537.007;1008.135;1666.499;1745.397;2523.855;3128.819;2264.003;3551.707;2706.400;456.513;2174.969;2202.000;2685.377;3164.897;675.458;395.934;2674.989;21.519;3105.546,1403.269;3583.004;3597.586;604.274;3614.241;2742.167;530.397;2286.325;3607.606;2755.042;-9.107;1831.044;1303.952;-7.985;3582.611;3033.649;585.693;2388.430;1742.570;1316.965;1765.962;1972.713;3237.706;8.195;2340.190;1931.858;187.575;417.770;2413.820;3228.362;3.088;1494.658;3559.646;1744.394;1308.145;1030.398;-8.172;300.191;2273.196;2172.944;2034.381;1122.390;3398.769;3314.626;2034.162;2707.576;2846.526;1306.905;597.497;977.706;805.666;1577.551;5.272;1235.026;2171.267;1509.676;2033.424;2627.648;3282.504;1065.691;748.425;1752.139;2550.026;431.993;267.849;896.787;892.545;1640.256;2438.547;1187.555;3597.080;2943.532;2128.614;1272.596;166.686;2483.290;2603.981;14.357;2940.946;3151.621;2200.069;2741.988;3069.910;3374.558;1392.094;173.131;980.772;343.016;1629.213;1841.763;2995.385;3032.782;917.052;3596.730;496.421;1623.033;500.958;594.751;19.224;720.590
84,151.9860861301422,83,-551.0395700884321,551.0395700884321,0.31356057392890124,3192.739;3597.397;3227.826;1957.072;639.934;-4.636;1373.728;1463.066;1602.855;1750.688;2283.812;1909.694;2903.931;3040.549;2367.814;1663.752;865.961;3609.433;1122.912;700.203;5.436;3601.153;384.369;1019.999;-6.850;621.449;1414.591;3580.932;989.742;3594.677;311.955;1177.299;1105.999;3047.893;3594.476;777.578;1451.176;958.305;2828.931;2342.735;19.582;2566.181;2945.703;-4.626;1521.273;3059.008;3536.619;2132.003;28.110;1660.212;621.297;2250.828;698.487;13.672;1964.510;29.133;2950.534;3579.615;3351.142;1304.319;2280.569;2475.388;1794.897;1745.275;-13.628;-5.611;1314.030;1686.394;585.683;1848.822;2023.441;2567.314;1055.549;1235.032;3274.934;2236.539;2674.440;1857.543;3122.979;2654.500;3307.644;522.710;1020.691;1658.362;1757.763;2530.339;3141.303;2260.621;3538.439;2717.551;451.307;2161.177;2201.177;2678.397;3165.661;661.324;397.409;2687.582;26.121;3117.795,1414.780;3569.558;3599.300;616.918;3600.647;2756.503;543.667;2295.228;3607.091;2767.348;1.362;1829.510;1314.259;2.259;3574.813;3047.751;598.719;2389.593;1749.398;1322.717;1779.955;1985.810;3251.865;-5.092;2326.096;1917.876;174.124;406.540;2414.700;3236.773;15.929;1486.818;3573.590;1730.704;1294.186;1044.088;2.173;313.952;2286.199;2158.737;2033.271;1136.108;3412.319;3327.376;2046.727;2721.306;2832.261;1293.372;611.417;963.815;793.894;1583.826;4.477;1221.798;2184.949;1495.797;2020.813;2613.368;3269.810;1075.222;744.819;1763.033;2550.632;431.988;255.378;882.555;879.698;1626.908;2450.178;1193.623;3604.750;2956.711;2141.177;1261.352;153.438;2494.863;2617.879;0.553;2954.339;3161.983;2187.241;2727.703;3083.747;3368.159;1398.371;163.111;967.328;357.103;1615.080;1855.622;2981.292;3018.461;921.503;3588.508;484.925;1637.089;487.384;607.752;33.235;727.745
85,153.84726810455322,84,-551.1153075620016,551.1153075620016,0.3596566812603288,3198.934;3602.510;3219.517;1958.370;627.047;9.147;1361.192;1477.099;1614.331;1750.078;2297.501;1921.416;2916.847;3054.753;2368.320;1677.138;877.384;3595.878;1135.108;714.131;4.481;3594.743;396.697;1008.098;6.256;618.453;1428.878;3588.535;982.856;3607.898;308.488;1173.545;1106.940;3034.981;3594.302;768.424;1439.489;945.286;2814.931;2333.452;5.913;2556.579;2959.085;7.566;1518.692;3072.394;3546.842;2128.068;18.470;1668.059;610.293;2257.713;708.620;7.559;1965.981;17.110;2964.603;3571.275;3340.076;1301.715;2280.025;2464.935;1791.483;1747.928;-0.456;8.226;1300.393;1678.280;576.841;1835.389;2009.270;2557.386;1043.215;1231.655;3261.460;2250.618;2669.138;1843.789;3112.132;2645.946;3320.905;514.952;1009.616;1650.953;1757.814;2518.870;3137.696;2274.455;3550.927;2730.142;460.166;2148.621;2202.033;2690.611;3164.930;650.275;409.456;2674.775;14.359;3132.019,1428.954;3567.657;3611.666;607.224;3602.790;2769.987;531.955;2308.668;3593.256;2758.820;-8.704;1842.152;1300.712;-10.235;3588.489;3059.476;587.236;2403.360;1735.520;1335.762;1766.996;1974.647;3266.116;6.682;2326.835;1930.765;161.453;419.895;2404.677;3250.854;29.921;1499.709;3564.370;1716.709;1297.784;1056.033;-7.458;305.472;2277.342;2149.904;2019.310;1133.657;3409.863;3313.832;2060.661;2710.019;2820.967;1306.936;621.618;953.054;806.741;1573.549;-5.693;1207.568;2199.169;1500.964;2033.470;2621.613;3255.587;1082.428;745.318;1749.869;2537.381;445.588;267.511;872.396;890.844;1639.543;2448.022;1179.942;3592.394;2970.878;2127.548;1247.762;159.335;2508.993;2626.855;-13.113;2944.031;3176.120;2184.081;2715.528;3097.853;3354.149;1399.597;174.627;963.122;349.716;1627.234;1869.811;2974.269;3005.647;921.309;3590.953;470.807;1649.519;484.170;594.190;22.222;740.137
86,155.53531074523926,85,-551.3799283994251,551.3799283994251,0.19965419872025614,3185.273;3589.972;3232.447;1970.242;626.083;6.281;1351.075;1464.469;1623.121;1739.046;2293.779;1933.387;2927.471;3045.086;2356.509;1685.618;865.380;3593.020;1124.454;702.028;-9.357;3588.656;395.855;993.990;-0.581;631.686;1425.275;3602.519;990.152;3594.809;322.118;1160.521;1106.740;3032.378;3604.989;780.499;1441.238;946.413;2807.914;2320.734;-8.185;2569.622;2948.132;-2.298;1506.458;3072.844;3553.057;2134.709;27.225;1681.607;603.538;2250.493;717.871;-2.416;1979.618;9.693;2978.854;3584.659;3352.772;1287.816;2269.839;2476.083;1804.101;1735.253;0.778;3.423;1312.996;1691.420;562.844;1838.690;2020.999;2570.621;1046.767;1243.019;3251.743;2239.409;2660.599;1830.031;3103.749;2654.184;3315.139;506.383;1020.702;1637.092;1744.557;2531.937;3128.073;2262.468;3564.982;2717.019;473.531;2159.958;2197.012;2678.683;3156.964;640.335;396.722;2665.248;5.015;3146.243,1442.558;3581.374;3598.060;600.615;3594.004;2772.541;518.987;2322.878;3596.327;2771.599;4.271;1833.352;1287.363;1.882;3598.868;3049.536;576.837;2392.250;1734.289;1331.974;1753.035;1963.905;3278.981;4.665;2333.983;1933.980;169.693;422.493;2390.600;3249.775;17.244;1496.794;3576.995;1708.761;1285.332;1056.534;5.272;291.708;2263.396;2145.314;2019.991;1119.823;3421.140;3299.771;2074.904;2695.983;2834.143;1319.670;635.080;939.086;818.455;1559.472;7.982;1195.188;2188.014;1490.513;2025.593;2635.467;3242.045;1096.410;745.454;1745.634;2524.250;459.450;256.048;882.172;879.272;1643.553;2435.564;1188.759;3579.867;2974.669;2130.293;1261.139;165.514;2523.135;2614.073;0.262;2952.698;3190.209;2197.826;2719.226;3107.435;3362.211;1387.833;161.968;976.579;362.418;1641.110;1883.702;2983.416;3006.946;924.023;3602.015;465.925;1647.619;477.041;580.745;26.612;734.819
87,157.3606379032135,86,-551.773600989759,551.773600989759,0.3226566891056897,3176.856;3600.860;3233.931;1978.980;613.294;-6.929;1340.217;1469.810;1614.747;1727.652;2295.258;1947.096;2924.521;3057.130;2342.448;1672.778;851.261;3599.224;1112.494;696.557;3.905;3575.112;407.063;993.587;-11.984;645.844;1417.807;3601.612;1003.798;3596.985;319.656;1165.626;1093.151;3037.912;3591.835;794.522;1438.639;937.159;2793.974;2306.686;5.120;2582.628;2957.359;-0.985;1492.329;3086.037;3565.411;2121.219;17.432;1672.652;611.693;2241.660;731.547;10.784;1970.080;-4.252;2988.795;3596.303;3361.091;1274.894;2256.278;2489.065;1815.672;1747.560;9.484;-5.855;1309.528;1688.567;554.680;1852.527;2017.745;2581.283;1060.522;1253.328;3240.544;2244.384;2669.284;1819.106;3108.063;2640.764;3326.316;518.711;1034.023;1633.988;1756.088;2541.606;3141.380;2251.292;3573.547;2719.665;465.693;2170.574;2209.886;2667.245;3143.215;652.659;382.674;2651.230;-8.998;3153.399,1455.354;3592.406;3595.764;611.327;3593.384;2759.053;528.396;2336.172;3585.131;2765.990;1.495;1846.921;1286.106;-4.180;3596.602;3037.799;562.939;2402.044;1722.359;1343.713;1762.270;1950.828;3292.470;14.074;2345.337;1923.548;183.629;430.988;2382.777;3263.167;4.845;1509.377;3591.003;1721.434;1271.236;1042.726;-5.447;278.925;2249.399;2157.123;2007.373;1121.300;3426.405;3286.577;2088.324;2684.885;2821.681;1325.288;648.149;927.339;832.432;1546.949;2.536;1204.132;2174.681;1503.894;2021.157;2646.274;3228.043;1105.835;749.418;1732.113;2532.476;462.005;265.825;894.611;871.085;1631.624;2423.385;1177.337;3574.720;2961.830;2128.841;1275.013;151.902;2537.214;2604.010;6.381;2966.696;3201.534;2211.524;2732.661;3095.550;3367.022;1381.908;148.595;963.529;351.156;1655.108;1874.364;2997.385;3000.962;925.103;3612.221;452.898;1659.710;485.138;585.972;13.412;739.688
88,159.2090711593628,87,-552.1070008308787,552.1070008308787,0.38506312289799366,3185.341;3607.516;3220.960;1971.749;624.654;6.424;1353.800;1457.491;1600.841;1735.182;2307.789;1961.244;2910.753;3061.530;2349.869;1660.394;849.333;3612.757;1123.368;682.696;4.956;3562.703;397.707;991.916;1.537;635.162;1403.894;3591.984;1005.795;3610.322;333.349;1155.191;1079.050;3051.767;3597.353;799.554;1452.337;949.885;2787.323;2319.413;-5.150;2595.390;2944.367;12.557;1479.292;3100.144;3579.492;2107.341;3.455;1680.418;625.608;2255.121;718.379;-1.958;1957.217;8.716;2986.881;3584.836;3348.124;1285.377;2243.205;2501.096;1804.535;1761.481;-3.425;7.766;1298.536;1692.017;545.108;1866.168;2015.156;2595.300;1048.167;1239.713;3254.043;2257.842;2679.998;1805.388;3099.013;2626.642;3317.828;517.366;1045.021;1647.335;1744.629;2529.111;3131.167;2264.204;3587.178;2708.827;451.817;2170.728;2221.466;2659.393;3154.652;666.731;368.521;2659.660;4.384;3164.313,1444.280;3582.792;3603.931;599.011;3606.889;2753.859;537.285;2349.607;3583.165;2753.392;-11.845;1851.615;1299.489;6.111;3610.245;3034.990;557.410;2389.796;1716.273;1330.015;1776.166;1962.668;3296.771;0.892;2359.217;1909.598;193.854;417.424;2395.399;3252.480;-6.005;1523.431;3585.781;1713.456;1279.538;1028.805;2.834;291.883;2256.906;2165.164;2014.880;1125.718;3412.727;3294.470;2097.054;2671.376;2809.582;1338.506;635.938;940.312;820.110;1559.518;13.016;1218.086;2162.883;1518.022;2030.179;2634.689;3240.029;1119.460;760.073;1718.903;2546.374;448.319;253.099;900.292;875.241;1618.649;2435.836;1173.062;3588.174;2947.977;2117.716;1288.237;139.648;2535.837;2617.428;18.788;2978.499;3215.178;2223.921;2733.012;3081.649;3375.819;1368.036;149.534;955.444;347.203;1668.192;1860.626;3007.538;2987.091;912.475;3598.571;452.551;1652.583;499.059;599.689;0.987;726.023
89,161.07980799674988,88,-551.9064467146834,551.9064467146834,0.2487551618503972,3174.985;3594.103;3210.267;1957.919;621.226;9.270;1366.373;1444.225;1586.741;1731.855;2321.748;1957.050;2917.824;3050.876;2342.538;1646.359;836.053;3599.549;1137.299;673.857;-4.589;3558.609;383.787;1005.639;2.452;633.823;1390.796;3584.433;992.302;3597.600;341.542;1141.244;1077.552;3065.111;3607.836;786.688;1466.423;937.698;2798.911;2328.171;0.137;2599.865;2932.504;26.627;1465.224;3099.962;3588.106;2096.042;-6.352;1669.897;636.641;2267.605;716.709;9.021;1960.355;10.059;2973.208;3590.827;3345.136;1299.320;2256.546;2512.606;1816.727;1772.185;0.484;13.214;1285.382;1678.560;531.430;1866.455;2027.170;2584.281;1035.345;1226.730;3267.730;2269.098;2693.965;1795.872;3112.341;2629.720;3312.479;530.968;1058.884;1661.171;1755.497;2540.210;3132.130;2262.150;3594.067;2694.884;457.855;2157.204;2208.006;2647.343;3163.528;673.832;371.084;2665.588;0.525;3177.646,1453.633;3571.262;3592.735;584.975;3596.283;2766.451;523.880;2340.913;3594.218;2742.014;0.798;1839.481;1306.434;3.588;3597.473;3047.280;546.124;2379.771;1723.541;1331.031;1779.251;1965.865;3284.487;-9.647;2373.133;1903.443;207.805;403.697;2387.751;3263.543;5.593;1520.690;3574.031;1700.072;1269.459;1031.931;-8.496;298.579;2270.510;2154.622;2025.573;1112.515;3404.848;3306.053;2084.455;2681.480;2816.616;1336.066;623.319;942.638;809.953;1549.364;25.374;1212.648;2168.868;1518.212;2042.001;2620.886;3241.712;1133.287;746.334;1726.498;2558.775;439.050;251.104;914.114;862.839;1628.284;2449.135;1186.042;3591.055;2934.184;2130.579;1280.889;152.496;2526.817;2612.362;29.222;2978.738;3228.636;2223.409;2742.735;3084.241;3389.710;1380.531;136.264;968.220;360.480;1659.438;1868.253;2996.885;2987.741;926.186;3604.943;466.295;1638.729;488.831;591.665;5.067;731.766
90,162.77462363243103,89,-552.400241481269,552.400241481269,0.37282014963840276,3161.085;3585.735;3198.330;1944.347;607.597;0.370;1371.558;1449.729;1580.652;1745.457;2308.777;1968.781;2931.296;3037.416;2353.061;1658.664;823.180;3596.352;1125.426;676.465;8.806;3572.246;392.512;1001.245;-1.503;646.986;1385.455;3597.408;1004.088;3599.149;354.973;1150.033;1064.216;3064.383;3594.423;792.639;1463.485;925.106;2812.848;2315.768;-10.405;2609.469;2924.060;15.794;1460.153;3113.131;3575.453;2104.544;7.132;1682.019;650.401;2279.909;704.076;14.343;1948.972;-1.438;2960.484;3603.777;3342.283;1286.620;2255.334;2517.902;1804.330;1772.492;-11.976;8.276;1298.680;1665.128;544.733;1865.750;2040.924;2588.881;1023.838;1239.355;3270.636;2258.937;2707.676;1796.162;3107.287;2637.233;3321.690;519.113;1047.372;1650.676;1768.405;2537.146;3145.816;2275.406;3581.033;2681.467;449.993;2157.363;2207.583;2633.499;3177.353;660.426;359.287;2677.937;10.221;3164.718,1458.918;3557.322;3603.107;594.353;3609.265;2780.189;509.842;2328.097;3608.046;2749.582;-5.006;1847.301;1303.343;-9.620;3599.599;3058.481;559.579;2390.419;1724.657;1343.296;1768.544;1978.248;3270.533;2.303;2359.860;1910.755;201.817;393.066;2399.333;3276.741;-6.744;1507.651;3560.099;1698.768;1257.395;1034.317;-10.409;298.867;2283.697;2140.775;2013.323;1099.689;3417.347;3319.989;2070.816;2694.957;2826.500;1346.171;623.588;956.199;804.099;1548.909;39.364;1200.582;2182.596;1522.973;2029.519;2607.151;3229.849;1119.919;743.278;1739.973;2572.414;429.151;259.021;916.458;850.201;1617.743;2459.557;1199.871;3590.647;2920.138;2144.539;1293.317;157.749;2512.957;2616.852;43.128;2991.633;3225.321;2226.147;2729.349;3097.323;3396.709;1393.223;145.741;970.564;364.113;1646.003;1864.898;2990.410;2999.513;928.853;3596.105;469.352;1640.335;475.079;585.409;17.386;719.162
91,164.6124541759491,90,-552.06530735508,552.06530735508,0.31891944776042763,3147.116;3598.579;3184.413;1930.496;620.271;-12.982;1381.815;1463.395;1577.376;1759.443;2295.434;1955.922;2935.018;3050.399;2340.952;1648.158;813.008;3585.231;1115.645;663.141;9.126;3585.725;381.066;991.583;10.177;648.274;1378.627;3584.845;1012.271;3593.209;344.589;1163.839;1056.341;3077.165;3586.004;805.761;1463.297;911.495;2819.136;2310.706;2.948;2623.286;2933.648;2.479;1446.456;3122.078;3584.508;2091.636;0.415;1670.709;638.305;2293.846;693.817;10.408;1955.773;8.715;2946.830;3607.101;3328.721;1284.644;2261.727;2531.589;1790.494;1786.091;1.084;5.015;1306.961;1678.126;535.476;1879.363;2054.918;2580.751;1009.937;1240.526;3284.054;2271.115;2695.903;1782.797;3119.161;2650.995;3325.361;527.010;1033.905;1648.327;1773.421;2524.146;3153.919;2268.420;3593.199;2667.818;463.446;2143.907;2213.424;2640.660;3171.789;647.230;367.716;2691.874;1.897;3160.445,1472.635;3549.610;3616.517;608.176;3597.437;2794.095;506.817;2314.154;3596.473;2756.707;0.105;1861.065;1294.197;0.957;3602.431;3072.373;556.212;2385.830;1738.291;1335.927;1767.947;1965.747;3271.648;12.316;2347.933;1909.268;188.105;405.694;2411.919;3284.872;5.975;1517.288;3548.797;1709.775;1269.202;1020.852;3.217;312.189;2295.204;2129.800;2023.859;1085.728;3406.814;3332.608;2059.922;2690.813;2840.324;1360.015;625.944;969.479;816.968;1535.274;50.793;1187.149;2195.580;1532.162;2038.916;2594.729;3228.597;1114.930;741.195;1729.283;2578.700;415.315;271.844;915.964;836.251;1610.317;2469.015;1188.239;3577.006;2916.963;2156.258;1286.603;168.549;2502.358;2624.116;44.458;2982.226;3211.663;2228.175;2729.990;3111.295;3410.420;1385.697;158.914;957.361;377.768;1632.038;1878.350;2976.673;3013.416;930.181;3603.992;456.380;1653.629;469.415;572.295;5.936;718.253
92,166.4714276790619,91,-552.3287525057343,552.3287525057343,0.34265794482971357,3152.770;3611.646;3196.096;1941.481;617.767;0.341;1369.967;1459.318;1590.282;1764.127;2281.521;1959.952;2921.499;3045.297;2347.398;1656.492;824.131;3583.783;1121.935;651.171;16.460;3599.274;389.651;1004.768;-0.832;660.679;1365.049;3595.608;999.614;3586.334;331.256;1175.856;1067.730;3091.008;3587.386;819.544;1476.315;905.281;2807.264;2320.193;6.230;2636.197;2920.381;-8.376;1433.268;3120.567;3598.132;2103.169;-8.956;1656.863;624.759;2286.994;680.014;0.595;1942.298;-2.376;2958.084;3593.530;3326.714;1277.525;2249.283;2520.808;1780.244;1794.097;6.534;-7.277;1300.071;1669.550;525.160;1891.214;2045.437;2591.560;998.390;1235.667;3294.370;2284.980;2684.836;1776.883;3129.287;2641.809;3312.036;515.386;1037.205;1643.645;1760.877;2533.449;3161.351;2279.820;3588.132;2680.128;470.205;2132.587;2226.977;2652.686;3163.451;645.825;359.314;2685.818;-11.378;3173.019,1460.721;3562.000;3603.293;618.336;3597.597;2794.349;494.051;2321.056;3605.943;2770.379;0.728;1849.554;1307.548;13.732;3593.746;3085.711;565.611;2372.178;1751.371;1341.275;1754.414;1954.034;3283.550;-0.391;2334.529;1922.650;188.010;395.941;2424.087;3298.273;2.086;1519.895;3536.069;1701.716;1258.137;1010.266;-3.041;299.986;2300.729;2133.133;2019.891;1096.636;3400.452;3334.197;2046.133;2677.471;2850.102;1355.266;639.492;980.202;829.907;1541.945;61.273;1174.558;2205.488;1524.360;2051.157;2606.402;3215.347;1102.854;740.643;1732.400;2565.349;424.481;285.683;929.219;823.513;1623.701;2482.401;1194.010;3564.245;2929.845;2144.199;1290.119;155.632;2490.135;2637.824;56.723;2973.741;3215.783;2241.187;2741.417;3124.771;3398.602;1376.500;145.948;969.075;368.291;1630.984;1877.232;2970.943;3006.121;929.947;3592.476;467.250;1664.918;478.186;558.370;-7.912;730.707
93,168.3529932498932,92,-552.5339560581772,552.5339560581772,0.4699032343388942,3166.274;3598.917;3188.238;1933.474;604.919;1.024;1380.072;1460.263;1602.091;1776.571;2269.484;1968.871;2912.248;3056.000;2356.112;1645.062;811.497;3590.603;1135.489;638.450;4.428;3590.237;379.593;1018.581;3.309;648.187;1351.726;3609.164;1012.577;3599.400;317.917;1169.444;1073.645;3104.215;3596.636;822.912;1465.111;891.868;2817.803;2306.929;15.600;2625.660;2924.490;4.923;1419.688;3107.418;3611.749;2107.315;3.929;1653.315;614.683;2273.946;675.492;-13.108;1944.204;-14.304;2960.668;3591.615;3340.036;1283.034;2242.249;2507.874;1768.289;1806.877;13.451;6.161;1307.232;1656.024;511.436;1886.207;2049.519;2579.794;987.262;1222.532;3306.878;2294.301;2691.384;1790.252;3142.219;2628.333;3324.928;528.099;1035.078;1630.797;1773.982;2521.093;3175.017;2293.564;3591.785;2693.549;479.386;2118.829;2239.533;2645.009;3150.227;634.784;346.268;2672.905;1.299;3161.934,1454.905;3561.749;3594.745;606.740;3608.315;2806.098;501.227;2334.423;3594.268;2783.981;-12.718;1856.421;1294.986;0.861;3581.337;3099.116;552.951;2384.068;1742.238;1348.720;1763.010;1941.992;3274.468;-14.035;2343.434;1930.399;181.253;383.610;2437.910;3310.494;-9.424;1533.362;3527.215;1705.099;1244.349;1021.829;7.591;311.636;2314.247;2119.918;2033.092;1109.811;3413.732;3344.221;2032.360;2685.428;2847.764;1366.830;626.726;993.972;829.731;1529.986;56.421;1183.417;2219.120;1510.965;2039.501;2597.954;3202.038;1089.115;747.799;1745.246;2553.162;434.949;291.548;943.064;809.789;1617.331;2469.812;1181.456;3573.323;2928.546;2131.969;1301.384;168.635;2476.311;2651.083;45.087;2986.247;3220.483;2255.036;2739.451;3121.284;3403.252;1387.964;134.848;980.524;378.960;1643.992;1868.926;2974.524;2992.701;927.134;3598.358;475.694;1671.975;491.886;560.103;3.859;744.545
94,170.06152939796448,93,-552.7449269057369,552.7449269057369,0.1900934542898193,3180.110;3598.576;3194.771;1945.943;591.398;6.431;1367.629;1457.145;1591.203;1764.582;2258.398;1958.549;2901.079;3069.501;2342.738;1634.096;799.249;3578.562;1125.147;647.780;-7.633;3602.003;365.928;1016.907;16.465;634.615;1348.109;3596.270;1002.788;3594.651;304.286;1155.863;1060.355;3091.921;3584.749;836.079;1471.639;903.705;2831.483;2293.497;4.692;2636.512;2936.959;8.456;1432.188;3120.145;3598.681;2097.908;11.062;1653.158;601.957;2260.712;688.458;0.058;1934.566;-0.909;2961.751;3604.095;3353.838;1296.546;2254.651;2494.198;1780.895;1794.975;3.749;2.356;1296.449;1656.655;520.397;1899.361;2036.610;2593.026;978.771;1216.756;3318.309;2306.731;2678.066;1804.047;3128.994;2629.060;3335.668;520.411;1045.928;1643.795;1763.102;2524.830;3165.752;2285.036;3605.090;2703.108;469.981;2104.974;2240.901;2657.470;3159.630;637.201;332.445;2665.727;1.680;3173.720,1442.421;3574.955;3605.224;617.509;3595.735;2793.275;514.767;2335.710;3588.585;2796.674;-0.194;1846.042;1286.201;-6.975;3567.545;3112.952;541.217;2382.378;1738.918;1362.334;1749.951;1951.046;3261.331;-0.849;2330.356;1944.021;167.665;393.541;2451.727;3324.257;0.742;1547.179;3540.286;1718.634;1231.758;1010.559;0.307;305.694;2328.090;2122.511;2046.795;1104.143;3421.244;3357.891;2018.788;2672.206;2861.212;1355.102;618.880;996.241;842.812;1539.691;46.352;1170.530;2231.756;1497.346;2031.340;2589.013;3188.234;1076.235;740.779;1759.058;2558.524;426.273;304.271;956.036;818.691;1611.158;2482.129;1170.429;3586.798;2938.707;2129.250;1309.978;158.717;2479.957;2662.509;33.791;2974.043;3233.674;2241.936;2728.851;3134.337;3390.106;1374.951;121.186;994.272;377.519;1632.074;1862.264;2987.973;2996.126;933.658;3585.210;463.645;1685.551;505.647;547.349;13.772;757.548
95,171.92227721214294,94,-552.7870008452869,552.7870008452869,0.44239030590274103,3188.223;3610.672;3182.145;1959.664;603.592;-3.530;1354.564;1470.553;1577.561;1751.064;2244.977;1944.993;2911.803;3059.765;2329.069;1622.948;810.452;3590.886;1131.169;661.403;5.384;3591.875;352.124;1025.115;30.231;620.848;1341.897;3597.819;1005.759;3596.769;313.320;1143.942;1046.905;3098.061;3588.767;823.861;1484.936;891.017;2842.516;2305.001;0.315;2639.954;2938.398;-4.325;1435.535;3118.070;3601.587;2085.205;0.299;1666.522;588.534;2247.693;676.854;11.183;1920.940;2.147;2948.916;3598.180;3341.966;1285.737;2268.220;2480.488;1794.610;1781.253;10.334;-10.326;1308.855;1646.460;533.039;1912.945;2036.437;2586.558;965.176;1229.183;3332.010;2315.671;2681.649;1814.924;3135.276;2642.241;3340.533;507.001;1054.584;1654.558;1755.351;2538.317;3157.399;2281.623;3596.564;2693.645;483.283;2110.870;2228.827;2671.005;3173.216;623.932;335.942;2652.174;-7.009;3187.384,1452.874;3566.836;3618.339;624.741;3599.997;2804.199;520.332;2347.935;3595.338;2809.108;-0.407;1858.644;1298.148;5.901;3553.848;3100.975;552.621;2371.470;1752.152;1375.330;1756.797;1937.908;3274.143;-4.756;2323.435;1956.342;154.060;405.814;2451.828;3315.425;-12.307;1544.245;3528.784;1732.394;1218.014;1010.232;-13.197;294.609;2337.770;2135.919;2059.277;1091.135;3408.608;3366.585;2018.435;2680.941;2872.449;1344.550;605.407;983.266;830.949;1529.161;59.744;1181.468;2219.673;1487.247;2017.957;2575.823;3196.985;1084.134;728.663;1772.344;2570.635;439.110;291.535;946.740;824.652;1615.195;2492.180;1156.746;3600.531;2925.728;2117.530;1323.570;145.895;2474.829;2649.458;46.997;2967.112;3245.596;2238.551;2715.209;3143.752;3396.136;1377.807;107.446;1003.945;372.660;1618.677;1848.732;2981.163;3009.220;943.171;3597.583;452.659;1687.752;508.856;534.958;23.858;745.294
96,173.80471968650818,95,-552.4311574597702,552.4311574597702,0.4210993899882945,3201.275;3600.694;3192.262;1962.625;595.735;8.618;1367.561;1462.988;1565.916;1742.734;2252.887;1931.249;2920.509;3069.155;2325.266;1609.313;798.715;3578.248;1144.472;660.752;13.123;3593.072;343.676;1015.434;43.987;632.816;1328.416;3601.275;1000.141;3583.560;322.461;1130.303;1057.109;3095.881;3576.091;829.377;1476.523;882.983;2835.003;2315.970;10.209;2628.252;2925.188;6.986;1442.523;3126.831;3605.001;2090.683;-8.328;1659.182;575.260;2246.738;684.620;23.904;1916.442;-4.332;2958.924;3610.474;3342.769;1298.248;2281.873;2473.799;1806.709;1788.870;-2.756;-0.059;1299.785;1632.887;522.839;1924.914;2023.556;2584.608;951.545;1241.263;3345.758;2327.763;2690.885;1809.131;3145.076;2631.861;3353.803;496.680;1041.458;1665.842;1766.057;2547.013;3166.434;2268.193;3583.399;2682.157;486.391;2123.521;2215.363;2684.437;3161.155;610.201;348.906;2643.517;-16.498;3198.067,1440.611;3575.753;3605.571;637.971;3610.579;2798.312;510.263;2361.430;3608.214;2818.068;-8.012;1870.151;1296.272;7.245;3552.555;3091.419;566.058;2357.840;1765.759;1362.975;1750.946;1947.987;3266.744;6.087;2312.540;1963.122;147.232;410.056;2463.969;3313.910;-0.108;1531.107;3534.114;1730.701;1220.479;999.218;-0.641;296.403;2346.189;2135.827;2052.092;1102.793;3394.944;3379.750;2023.065;2687.087;2883.736;1341.641;608.544;978.581;841.831;1534.139;52.018;1184.328;2227.542;1483.867;2004.225;2587.757;3206.534;1097.654;718.931;1767.555;2558.479;428.092;299.417;933.841;811.377;1602.457;2501.965;1150.952;3594.023;2914.789;2129.366;1336.651;134.256;2486.513;2646.105;47.693;2960.746;3259.220;2242.409;2707.191;3140.618;3409.407;1379.426;110.251;1015.879;359.213;1624.799;1859.454;2994.086;2997.866;933.459;3610.759;442.375;1675.913;495.825;546.020;15.679;751.847
97,175.50791096687317,96,-552.6505806334702,552.6505806334702,0.17631853440995937,3190.265;3589.976;3202.987;1975.713;606.200;-2.908;1355.909;1449.667;1552.679;1753.855;2260.608;1917.727;2933.667;3082.658;2336.855;1620.436;808.431;3590.689;1135.125;649.410;0.482;3601.776;330.413;1001.995;32.995;627.394;1340.900;3598.049;986.786;3596.199;311.069;1131.167;1065.026;3108.677;3588.738;841.782;1463.037;894.011;2847.371;2325.801;23.741;2614.641;2911.649;10.096;1430.707;3140.331;3592.487;2104.089;4.857;1647.108;576.311;2259.826;672.256;12.939;1903.093;8.462;2948.060;3597.526;3331.950;1287.739;2274.986;2460.580;1807.359;1781.803;4.075;8.568;1312.809;1645.654;510.131;1937.654;2010.324;2597.755;963.954;1234.936;3359.391;2340.813;2678.228;1796.055;3132.919;2619.457;3341.158;505.438;1052.773;1653.261;1779.058;2555.036;3179.905;2275.026;3595.919;2670.505;499.206;2126.358;2211.865;2679.745;3162.330;620.501;336.679;2645.865;-3.210;3188.514,1427.434;3588.664;3595.883;625.998;3597.488;2800.368;497.534;2374.919;3595.572;2806.408;5.064;1883.737;1283.286;-4.731;3564.345;3103.274;576.027;2344.447;1764.127;1368.793;1737.882;1960.363;3255.349;13.591;2323.390;1976.535;160.131;404.291;2477.553;3313.130;-5.374;1518.466;3546.652;1737.669;1233.397;985.704;-9.007;283.365;2333.521;2123.717;2038.637;1093.604;3381.257;3393.375;2036.405;2696.097;2874.517;1354.011;621.863;965.240;855.361;1546.815;48.723;1197.374;2229.365;1471.091;1990.533;2577.432;3217.181;1109.768;730.534;1780.511;2547.700;416.687;312.341;920.191;818.776;1589.019;2491.237;1137.667;3597.399;2922.357;2141.894;1350.180;126.293;2500.088;2656.328;42.271;2973.767;3250.485;2255.288;2716.100;3128.121;3398.086;1366.610;97.841;1024.015;362.315;1615.190;1871.906;2982.006;2984.737;931.852;3601.642;428.994;1688.010;482.697;557.412;5.709;765.181
98,177.3651201725006,97,-553.0586157490876,553.0586157490876,0.30469743303280317,3195.971;3588.982;3196.840;1972.227;609.198;0.264;1359.849;1440.968;1545.071;1742.719;2257.388;1916.660;2922.788;3088.660;2349.575;1633.033;814.845;3601.517;1139.628;661.114;-10.993;3589.511;325.304;988.742;24.151;616.489;1353.537;3610.975;989.209;3608.335;298.279;1132.740;1059.901;3112.686;3602.039;854.969;1449.775;883.123;2842.059;2323.435;17.550;2607.097;2916.188;4.077;1417.833;3153.149;3592.489;2116.771;10.255;1638.034;567.197;2263.002;669.255;15.217;1894.680;11.207;2956.630;3593.192;3343.527;1281.401;2266.236;2460.330;1813.068;1787.734;13.453;-3.744;1319.180;1645.747;521.532;1937.079;2013.013;2608.506;974.981;1221.567;3367.387;2329.581;2683.961;1789.323;3119.460;2609.508;3345.931;493.480;1065.239;1639.687;1781.505;2547.327;3168.916;2282.772;3608.686;2658.024;493.844;2126.179;2223.078;2683.060;3172.064;620.259;334.270;2659.135;1.441;3200.296,1414.582;3601.901;3596.853;614.743;3593.134;2789.514;486.994;2388.213;3601.810;2797.453;-0.644;1875.995;1294.502;7.844;3577.895;3115.432;580.527;2354.247;1751.345;1356.624;1729.465;1953.181;3246.680;24.943;2310.724;1989.528;157.828;391.138;2485.057;3325.556;6.445;1527.923;3560.202;1726.864;1232.901;972.657;2.830;295.341;2319.947;2117.085;2028.852;1100.399;3373.788;3399.727;2050.020;2707.405;2864.176;1367.582;633.301;953.542;865.568;1550.989;35.542;1185.874;2217.137;1460.115;1998.569;2564.250;3204.677;1123.157;742.722;1772.929;2534.539;403.682;320.435;921.123;813.653;1578.715;2504.208;1131.096;3584.467;2933.400;2134.200;1360.857;122.318;2512.930;2668.797;29.278;2986.194;3239.183;2243.421;2729.553;3138.211;3389.052;1354.882;94.182;1023.749;363.955;1601.824;1885.490;2972.063;2971.750;918.740;3590.659;415.572;1701.275;471.055;566.534;-7.405;776.202
99,179.25380778312683,98,-553.393814186603,553.393814186603,0.36833582945970245,3193.352;3586.817;3183.756;1985.215;596.590;-11.811;1368.185;1431.589;1532.244;1733.031;2270.480;1929.750;2935.066;3100.852;2362.756;1634.109;817.482;3595.856;1126.609;674.590;1.921;3576.696;337.561;1000.762;12.653;603.939;1365.411;3598.160;1002.389;3595.992;284.811;1145.708;1052.902;3102.120;3613.664;842.675;1437.029;869.915;2828.772;2310.750;4.628;2593.848;2915.506;-9.156;1430.520;3166.683;3580.094;2126.984;-0.413;1624.661;578.327;2275.458;655.997;6.556;1881.724;1.866;2969.922;3599.047;3357.030;1281.364;2260.045;2471.710;1824.144;1775.941;25.645;7.054;1317.706;1636.155;532.676;1946.803;2023.321;2613.641;968.358;1207.991;3354.734;2341.563;2679.797;1786.196;3106.307;2596.194;3358.618;500.520;1078.443;1642.373;1793.705;2534.184;3178.621;2295.565;3595.891;2651.641;480.629;2112.952;2210.213;2695.862;3167.336;628.537;347.090;2672.586;0.907;3193.645,1404.830;3615.479;3598.938;601.660;3582.747;2776.051;499.722;2376.635;3589.065;2809.496;-4.849;1868.347;1283.426;-1.396;3588.856;3128.958;593.655;2358.086;1763.844;1343.862;1716.104;1964.753;3259.690;28.366;2298.123;2000.853;169.579;403.379;2498.393;3338.812;16.509;1541.089;3573.646;1738.406;1244.284;975.249;6.076;285.091;2327.647;2105.838;2015.520;1113.655;3375.229;3388.036;2040.319;2698.262;2853.784;1380.966;621.320;965.337;862.195;1564.273;22.976;1192.131;2229.775;1447.255;2006.836;2551.177;3196.765;1116.049;756.106;1759.665;2533.148;390.114;308.818;908.346;801.184;1569.462;2506.168;1143.907;3572.825;2946.727;2147.112;1349.773;135.413;2523.968;2682.160;16.604;2999.729;3225.738;2231.160;2742.619;3125.820;3400.326;1341.389;106.173;1010.695;374.284;1591.341;1875.957;2981.723;2958.677;905.245;3601.511;402.045;1714.692;483.219;579.943;5.010;785.966
100,180.96488070487976,99,-553.5589134741238,553.5589134741238,0.39446023424632337,3180.454;3599.312;3191.287;1985.583;583.890;1.034;1381.382;1421.146;1528.261;1719.935;2259.758;1922.412;2948.431;3088.937;2358.944;1622.661;804.400;3607.903;1130.549;663.139;1.688;3568.559;349.098;993.251;0.564;591.103;1360.281;3605.524;1015.325;3601.970;274.312;1158.355;1040.210;3114.877;3600.666;847.727;1440.336;857.439;2837.957;2301.158;1.987;2582.539;2902.512;3.336;1418.689;3155.272;3590.983;2140.318;-11.152;1612.707;565.417;2262.484;662.211;-6.290;1885.258;-4.745;2983.451;3609.706;3369.025;1268.335;2273.228;2479.734;1837.573;1763.168;14.149;11.033;1330.646;1648.964;520.989;1957.860;2036.683;2610.015;977.278;1194.811;3353.410;2330.684;2666.565;1799.064;3113.151;2595.110;3356.168;496.960;1072.383;1636.206;1807.177;2546.349;3186.215;2304.438;3601.410;2664.667;492.335;2117.186;2196.866;2689.665;3179.824;627.870;360.230;2664.509;-8.592;3186.908,1391.699;3602.807;3609.948;613.657;3589.864;2788.210;487.968;2372.945;3599.673;2822.967;8.020;1873.258;1293.791;9.230;3590.777;3120.791;606.960;2347.532;1770.715;1333.515;1723.285;1952.001;3272.568;41.522;2302.535;1993.252;157.900;415.981;2491.388;3325.988;9.600;1533.152;3565.525;1748.065;1252.259;962.583;-4.511;294.945;2315.769;2118.755;2016.018;1126.131;3364.069;3374.787;2048.128;2711.213;2858.723;1370.637;612.654;978.461;874.896;1577.802;15.698;1205.110;2221.194;1456.316;1996.644;2563.589;3208.626;1120.212;742.922;1769.080;2545.875;392.300;321.069;919.333;788.890;1571.417;2503.545;1137.378;3559.404;2934.969;2135.827;1350.962;123.152;2513.660;2673.684;27.178;3009.767;3229.121;2242.961;2729.873;3136.481;3405.216;1329.519;94.006;997.185;361.949;1578.363;1864.964;2969.778;2967.321;918.394;3613.045;411.442;1708.290;472.021;576.633;-5.886;773.275
101,182.80277943611145,100,-553.0089256287229,553.0089256287229,0.43601678738064875,3171.845;3612.711;3180.886;1998.437;570.569;-0.621;1369.405;1407.893;1541.346;1706.496;2246.439;1928.712;2940.402;3077.735;2347.846;1609.304;802.521;3595.996;1141.522;670.484;-2.212;3555.286;343.795;980.216;-11.228;579.618;1347.584;3594.317;1025.990;3596.478;262.752;1145.473;1030.459;3125.290;3599.844;857.914;1453.285;844.024;2827.228;2287.838;-11.066;2569.152;2913.747;1.563;1427.465;3154.644;3586.633;2148.831;1.723;1599.356;552.911;2251.385;667.611;6.298;1872.470;7.978;2996.906;3596.802;3372.791;1280.672;2278.673;2469.030;1851.042;1749.749;0.758;2.692;1340.735;1659.868;510.399;1971.231;2049.972;2623.039;965.875;1207.531;3344.748;2342.749;2655.117;1812.379;3103.813;2581.992;3369.162;509.547;1085.196;1622.986;1820.489;2559.619;3199.467;2310.230;3607.748;2677.971;495.722;2130.109;2192.382;2676.606;3192.971;614.764;353.613;2652.572;4.202;3198.571,1401.518;3600.790;3597.039;619.895;3583.015;2793.354;475.246;2385.819;3612.567;2836.406;19.625;1860.363;1306.755;21.307;3600.756;3128.466;614.113;2334.175;1783.666;1346.145;1715.679;1941.900;3266.214;54.872;2297.108;2006.117;145.117;429.335;2503.350;3318.533;11.779;1519.915;3563.260;1761.320;1239.452;969.363;3.369;308.252;2302.516;2127.698;2015.573;1139.557;3375.930;3386.779;2061.048;2724.631;2845.614;1376.071;623.867;986.423;888.194;1590.700;3.575;1201.377;2208.261;1469.430;1985.029;2562.328;3200.753;1107.579;739.165;1759.547;2534.290;404.037;333.941;929.882;775.573;1584.157;2490.401;1125.297;3545.991;2947.087;2122.476;1364.020;110.155;2519.091;2674.550;16.793;3022.928;3240.543;2255.985;2732.126;3134.810;3418.189;1316.181;80.827;983.779;348.524;1564.900;1877.028;2957.442;2954.391;921.107;3600.124;402.074;1714.064;475.490;589.204;-18.042;773.803
102,184.66377639770508,101,-552.9033983736274,552.9033983736274,0.3887338533244725,3184.838;3600.508;3193.871;1989.828;578.422;-1.291;1381.545;1394.836;1543.788;1717.312;2233.174;1941.823;2951.914;3083.133;2334.525;1597.362;789.420;3601.852;1154.770;679.091;7.306;3541.864;356.685;984.487;1.749;566.408;1359.321;3603.811;1020.261;3583.950;249.517;1136.690;1017.335;3112.833;3589.422;871.049;1446.686;854.743;2827.297;2300.412;1.638;2579.465;2925.902;-10.277;1421.458;3167.530;3599.304;2159.218;1.879;1585.935;539.524;2246.412;660.143;6.571;1859.757;21.295;3008.556;3604.235;3360.189;1285.555;2277.677;2455.727;1840.716;1737.871;-12.092;-10.495;1354.014;1652.709;497.142;1971.633;2041.629;2625.151;956.443;1208.278;3357.305;2340.633;2667.498;1825.639;3090.580;2568.615;3360.756;522.858;1098.559;1612.900;1833.699;2564.561;3194.529;2323.378;3597.234;2666.111;485.343;2143.475;2197.734;2683.759;3180.748;618.700;349.020;2662.623;-5.557;3211.889,1413.508;3589.611;3603.856;632.613;3569.862;2806.218;461.937;2399.215;3600.294;2830.449;7.724;1856.405;1319.924;19.911;3613.993;3118.619;601.327;2346.355;1781.183;1359.427;1703.161;1943.704;3275.609;47.320;2309.672;2014.123;156.233;417.384;2501.845;3329.612;10.198;1520.645;3576.178;1774.732;1227.815;982.144;1.368;319.394;2291.573;2140.940;2028.453;1132.322;3389.229;3384.957;2072.278;2721.408;2843.158;1389.056;617.510;997.802;891.575;1594.606;-9.796;1201.188;2194.853;1482.842;1972.098;2550.283;3187.590;1096.216;738.490;1747.122;2520.951;417.146;347.171;933.900;762.469;1593.894;2477.920;1111.995;3549.391;2936.484;2120.500;1353.315;97.704;2506.295;2687.638;4.395;3022.238;3238.185;2244.414;2735.888;3146.296;3429.962;1310.720;87.845;970.362;359.135;1554.002;1887.486;2944.357;2952.666;921.924;3589.109;414.439;1702.990;468.932;599.233;-5.071;760.771
103,186.55529141426086,102,-552.6061137178654,552.6061137178654,0.303944602991042,3186.067;3609.914;3194.899;1980.807;574.036;6.287;1383.555;1403.630;1532.572;1728.240;2243.159;1954.860;2944.959;3096.226;2321.158;1584.266;795.530;3589.408;1148.611;666.712;-4.012;3552.377;369.012;997.478;4.849;576.448;1346.633;3591.963;1007.169;3578.755;261.361;1127.196;1015.571;3124.256;3594.056;858.720;1459.552;844.978;2814.362;2292.452;-1.143;2576.981;2913.340;2.322;1408.755;3173.137;3611.268;2163.067;-9.497;1596.515;538.975;2233.602;672.526;0.697;1869.100;22.073;2997.456;3597.053;3361.955;1275.733;2277.461;2461.611;1847.940;1725.182;0.488;2.210;1347.840;1639.902;500.470;1984.667;2029.010;2633.953;953.503;1220.650;3370.641;2336.132;2673.838;1834.538;3096.765;2577.560;3348.382;510.142;1093.831;1625.027;1838.264;2575.262;3207.049;2313.464;3608.534;2671.796;497.729;2140.766;2188.974;2696.875;3167.434;607.696;335.976;2675.165;1.677;3205.803,1401.298;3588.619;3596.828;643.542;3580.582;2803.890;455.839;2397.540;3598.701;2841.094;-4.399;1869.137;1315.398;7.134;3602.110;3106.165;611.881;2337.346;1793.909;1355.459;1691.857;1956.220;3288.487;58.288;2302.439;2015.680;146.330;404.839;2494.978;3320.622;4.733;1515.808;3586.709;1784.758;1227.536;991.508;5.896;308.046;2286.311;2138.186;2019.862;1139.069;3378.423;3393.565;2060.700;2718.210;2852.575;1390.876;604.545;1011.083;880.343;1583.563;2.225;1188.424;2203.118;1495.901;1966.890;2561.872;3190.481;1082.937;735.807;1736.369;2515.427;418.796;343.551;943.207;771.343;1604.829;2487.731;1124.201;3538.842;2926.875;2112.511;1355.216;102.106;2495.713;2688.716;-6.080;3035.021;3250.377;2236.389;2723.073;3140.552;3425.171;1303.122;86.385;976.515;350.118;1563.990;1878.744;2955.972;2960.310;916.100;3600.305;423.594;1690.718;481.561;612.340;2.592;765.529
104,188.26466417312622,103,-553.2212320808014,553.2212320808014,0.2848718042395271,3197.257;3597.439;3203.600;1969.105;586.818;-5.546;1385.166;1398.296;1543.705;1740.738;2238.841;1966.293;2934.734;3102.916;2308.343;1594.210;800.696;3599.530;1159.398;669.592;7.453;3564.883;381.545;1001.651;-0.317;564.922;1338.939;3601.907;994.161;3591.538;253.052;1134.263;1023.346;3132.932;3604.080;850.785;1463.592;835.106;2821.106;2294.414;7.998;2573.692;2917.345;2.384;1405.862;3166.682;3598.623;2176.071;2.443;1607.175;526.883;2224.582;685.802;10.880;1875.663;26.203;3000.104;3608.060;3355.939;1262.937;2269.097;2449.179;1836.491;1727.336;-0.729;0.099;1335.082;1628.894;500.821;1995.223;2022.719;2625.606;940.762;1215.842;3381.866;2323.107;2684.853;1840.907;3091.711;2568.636;3335.124;501.894;1084.819;1614.808;1849.804;2564.465;3195.957;2319.112;3596.101;2663.863;491.069;2152.042;2192.444;2710.179;3167.724;594.690;347.973;2675.864;-5.753;3211.813,1388.197;3599.955;3603.339;634.427;3590.141;2797.902;457.268;2406.729;3608.451;2851.817;4.160;1881.828;1321.973;15.038;3591.769;3093.038;603.888;2332.891;1782.706;1358.050;1703.682;1945.157;3301.780;46.670;2314.394;2002.856;151.214;393.802;2481.962;3331.845;-8.309;1528.253;3587.435;1789.022;1240.447;979.694;-6.844;319.412;2276.979;2136.495;2031.845;1151.048;3367.610;3382.219;2055.069;2710.722;2865.720;1403.311;593.988;1005.720;891.903;1570.364;-2.587;1200.666;2202.647;1491.874;1979.670;2575.053;3191.610;1070.653;737.338;1748.347;2527.418;406.068;356.050;930.332;777.552;1618.041;2495.514;1127.720;3550.991;2913.722;2101.000;1343.241;105.536;2482.530;2681.455;6.559;3031.092;3238.467;2248.136;2713.833;3153.349;3412.150;1301.179;73.953;982.152;359.575;1557.563;1891.269;2963.825;2973.198;912.208;3607.412;434.080;1680.657;471.068;600.982;6.816;756.597
105,190.11845636367798,104,-553.3525640275116,553.3525640275116,0.2871888046285124,3197.870;3599.569;3215.067;1957.267;579.867;6.828;1373.017;1407.898;1555.619;1737.783;2250.298;1979.349;2921.661;3114.408;2300.231;1595.941;813.367;3591.420;1172.550;682.314;0.073;3577.782;371.487;1013.302;-2.065;559.745;1336.815;3606.218;991.015;3603.576;264.972;1142.104;1035.826;3145.156;3591.695;837.978;1463.934;829.082;2824.833;2307.180;-1.583;2586.370;2913.513;-1.517;1398.019;3178.957;3602.061;2166.308;5.788;1619.162;534.578;2233.720;683.039;0.513;1865.838;38.736;2987.668;3595.887;3343.980;1252.531;2278.465;2436.238;1833.044;1739.154;-4.871;-3.651;1341.989;1615.749;513.324;1991.119;2009.800;2637.412;927.650;1204.716;3394.735;2319.595;2673.711;1849.923;3078.817;2569.266;3337.903;502.105;1077.166;1602.637;1861.396;2551.562;3192.336;2330.354;3590.545;2676.335;490.165;2148.477;2180.894;2718.097;3162.939;581.455;343.453;2688.535;5.995;3199.488,1399.298;3607.995;3590.957;621.336;3602.945;2788.768;467.196;2402.217;3596.525;2842.411;-7.823;1894.520;1309.185;5.959;3602.201;3103.206;610.010;2344.126;1787.612;1365.307;1714.934;1948.981;3299.684;51.189;2327.572;2007.992;164.154;385.690;2490.683;3321.998;4.374;1521.930;3600.039;1776.379;1232.822;968.100;5.413;308.527;2264.610;2123.664;2021.846;1159.301;3368.007;3393.809;2067.452;2723.021;2866.776;1390.870;606.599;993.838;893.833;1576.512;-13.268;1205.555;2213.607;1482.879;1992.675;2565.793;3180.607;1081.076;744.593;1748.879;2520.271;392.840;345.389;917.920;789.505;1615.595;2508.038;1136.711;3544.318;2911.690;2087.917;1343.387;118.426;2490.292;2677.415;2.493;3043.585;3244.548;2239.014;2715.092;3143.616;3398.977;1314.059;83.993;969.821;372.452;1567.269;1891.328;2966.792;2973.346;907.985;3595.422;422.045;1668.266;459.975;588.806;1.414;758.907
106,191.99549865722656,105,-553.4854310480413,553.4854310480413,0.2969223119176733,3210.504;3605.216;3228.094;1965.344;567.217;10.019;1384.623;1402.484;1543.629;1724.989;2258.325;1970.079;2908.605;3102.772;2309.824;1593.377;816.115;3580.009;1182.109;690.520;-11.549;3573.590;375.719;1005.319;5.883;546.883;1324.157;3595.311;1003.479;3592.723;257.745;1130.370;1048.293;3158.135;3602.355;843.042;1476.478;831.353;2837.676;2320.362;8.883;2599.251;2900.630;-2.504;1387.127;3183.572;3602.034;2176.992;12.621;1632.311;522.666;2221.338;694.035;11.318;1878.182;40.998;2974.520;3599.019;3353.665;1264.484;2271.800;2424.025;1820.676;1743.741;4.664;7.152;1329.303;1602.649;502.359;1999.131;1996.652;2624.966;918.547;1192.249;3390.559;2323.522;2685.030;1837.845;3072.820;2576.189;3350.593;491.603;1089.935;1604.359;1848.673;2562.885;3204.937;2319.107;3590.607;2689.410;477.383;2151.649;2192.296;2730.988;3172.878;590.422;345.338;2679.210;0.415;3186.427,1392.543;3595.556;3577.793;609.727;3604.253;2775.774;480.238;2408.599;3604.863;2852.322;2.157;1906.527;1314.715;-7.044;3594.882;3098.276;597.924;2357.240;1789.241;1352.849;1727.976;1961.824;3287.213;43.914;2338.874;2020.427;174.945;372.693;2479.477;3309.747;12.791;1532.095;3606.783;1767.131;1219.930;955.122;1.901;296.085;2277.103;2111.427;2009.126;1147.478;3380.865;3403.816;2079.987;2735.866;2855.225;1377.818;608.633;980.727;906.176;1586.507;-0.784;1218.354;2223.856;1470.104;2005.743;2561.538;3188.129;1071.679;752.350;1757.888;2529.849;381.777;342.272;926.765;802.631;1624.633;2521.183;1136.582;3553.843;2923.652;2096.221;1353.096;131.594;2479.046;2664.572;10.773;3039.610;3232.255;2225.988;2705.137;3130.879;3392.511;1326.837;75.579;956.936;363.665;1580.266;1878.658;2979.675;2985.856;919.964;3597.539;430.888;1655.119;469.899;575.706;-11.432;769.143
107,193.90439701080322,106,-553.4776547191119,553.4776547191119,0.4003554092552655,3223.610;3592.918;3223.960;1974.528;554.544;0.811;1393.681;1412.925;1542.970;1711.854;2247.669;1981.632;2895.466;3094.862;2322.438;1580.817;809.905;3588.109;1191.757;678.573;1.111;3563.627;388.338;1013.807;-6.746;534.886;1335.221;3583.280;1010.251;3599.676;269.582;1137.564;1058.784;3168.136;3609.154;838.236;1469.993;842.012;2848.683;2332.123;21.417;2605.351;2887.796;7.159;1374.166;3195.630;3607.678;2188.070;5.770;1642.403;511.913;2211.703;682.009;5.383;1880.703;28.251;2984.478;3592.116;3344.538;1276.786;2258.971;2430.921;1827.505;1731.479;-6.900;-2.927;1331.808;1597.559;510.717;1989.667;2000.181;2612.110;908.676;1179.372;3402.084;2335.298;2674.109;1824.755;3084.838;2575.902;3343.562;502.173;1101.091;1591.755;1840.851;2575.932;3200.831;2329.084;3579.776;2686.174;467.988;2164.484;2203.287;2744.052;3184.942;600.918;350.344;2666.221;-11.383;3196.630,1379.639;3607.089;3566.233;599.796;3591.705;2762.630;468.625;2421.493;3610.419;2865.304;12.792;1896.335;1327.549;1.560;3604.028;3088.576;584.912;2370.271;1777.323;1340.474;1719.254;1973.097;3278.278;32.960;2351.910;2032.984;187.443;376.741;2466.571;3322.200;24.897;1544.810;3594.976;1754.194;1209.238;966.910;-10.912;283.110;2289.358;2123.439;1997.297;1146.708;3390.137;3401.943;2069.412;2748.879;2842.152;1379.017;621.011;991.306;894.269;1576.448;-3.593;1230.329;2211.217;1480.264;1994.432;2549.109;3175.490;1058.778;765.232;1746.223;2519.311;393.970;352.989;939.701;795.757;1617.884;2533.425;1149.193;3541.624;2936.707;2108.070;1365.788;140.079;2466.246;2676.332;23.723;3026.757;3224.939;2224.725;2696.038;3117.862;3403.870;1339.103;62.645;964.990;350.699;1589.895;1867.285;2992.676;2974.300;909.653;3610.060;443.834;1641.977;479.105;567.461;0.408;756.676
108,195.61601781845093,107,-553.1080955248526,553.1080955248526,0.16739656968325237,3236.604;3602.312;3220.210;1987.349;565.326;10.650;1381.349;1400.853;1530.297;1701.084;2259.346;1986.819;2885.888;3103.732;2335.458;1592.468;798.184;3589.397;1201.326;674.755;-3.120;3567.007;376.497;1001.692;4.314;521.843;1347.962;3593.233;997.935;3594.903;280.349;1126.085;1046.842;3156.441;3596.621;850.172;1463.327;854.862;2856.998;2327.175;34.299;2617.120;2875.475;19.235;1375.533;3187.588;3595.196;2176.002;17.927;1648.576;498.948;2223.539;669.120;15.195;1893.472;33.241;2990.149;3579.371;3356.103;1266.679;2271.683;2443.255;1815.294;1733.169;4.036;2.525;1340.823;1586.207;522.905;2001.548;1988.807;2622.229;920.883;1188.818;3393.622;2347.958;2673.133;1833.034;3096.322;2563.141;3347.301;491.055;1102.286;1602.716;1849.395;2585.653;3204.073;2337.692;3567.039;2680.806;455.575;2171.626;2190.589;2756.630;3174.200;611.451;339.256;2672.679;1.105;3195.987,1371.397;3595.142;3577.955;586.840;3592.119;2749.721;480.860;2434.545;3597.792;2871.833;25.660;1903.430;1338.749;-10.282;3591.719;3101.264;578.876;2372.903;1769.773;1338.150;1706.428;1985.189;3280.427;20.118;2343.917;2045.243;199.658;388.796;2455.543;3333.310;13.231;1555.555;3604.551;1741.675;1215.027;959.141;0.640;291.693;2277.863;2129.302;2008.070;1134.177;3386.172;3414.571;2081.569;2757.381;2829.143;1366.885;623.639;982.950;906.254;1585.824;8.521;1243.224;2203.153;1493.205;2005.004;2558.992;3185.260;1050.068;752.495;1733.311;2506.370;385.470;341.449;930.986;802.273;1605.044;2525.696;1162.133;3553.367;2949.625;2095.640;1359.354;149.925;2474.822;2688.359;12.267;3020.111;3212.113;2224.691;2708.705;3105.099;3406.387;1349.944;49.990;952.872;355.563;1601.276;1878.444;3000.117;2961.371;922.387;3598.287;438.870;1647.781;491.906;579.340;9.282;745.573
109,197.48399662971497,108,-553.4976017343862,553.4976017343862,0.21310031869699086,3235.205;3592.401;3207.673;2000.294;553.818;-1.414;1390.048;1396.495;1525.019;1693.045;2272.216;1974.765;2896.721;3091.320;2332.209;1580.957;785.485;3576.789;1188.845;665.621;-3.014;3579.240;386.131;988.747;10.142;528.607;1340.869;3606.125;985.910;3582.626;278.978;1136.097;1038.940;3148.157;3604.528;838.215;1450.538;859.342;2869.469;2339.375;28.470;2625.112;2878.945;6.944;1383.509;3193.492;3606.159;2185.456;20.433;1660.263;493.419;2215.268;665.880;3.064;1889.088;22.257;2991.045;3591.273;3368.999;1257.623;2275.995;2456.164;1808.138;1742.901;1.948;-9.976;1348.510;1596.155;531.447;1993.608;1975.943;2623.636;931.446;1200.425;3381.661;2359.602;2660.647;1844.614;3084.811;2556.022;3356.354;478.217;1090.089;1614.704;1840.086;2584.969;3191.493;2325.208;3579.133;2690.823;466.580;2180.453;2186.376;2754.637;3186.687;600.107;350.983;2685.347;7.701;3207.486,1360.702;3594.991;3586.999;588.007;3604.773;2755.167;480.465;2442.687;3593.522;2882.713;28.741;1892.810;1351.224;1.911;3580.854;3107.287;585.871;2362.334;1782.229;1335.951;1715.982;1977.840;3292.977;13.129;2350.782;2034.619;188.091;384.689;2451.671;3324.591;2.624;1554.460;3592.268;1751.296;1204.037;948.893;6.120;304.264;2287.282;2117.690;2020.704;1121.195;3396.459;3403.271;2082.398;2769.350;2832.299;1359.966;614.467;971.486;916.214;1598.694;9.282;1256.124;2207.033;1484.670;2017.065;2548.381;3197.910;1058.666;749.513;1736.514;2504.019;373.858;344.002;932.202;814.784;1592.261;2536.714;1151.436;3564.790;2955.756;2084.015;1346.563;137.631;2467.477;2686.346;8.512;3017.543;3212.530;2232.773;2721.490;3106.590;3393.958;1362.855;39.589;948.714;365.317;1612.630;1868.942;3000.758;2964.845;925.288;3597.256;427.116;1658.014;480.963;571.414;12.434;757.480
110,199.37898993492126,109,-553.7328961170903,553.7328961170903,0.2231804093215018,3222.768;3584.006;3196.425;2013.186;542.886;-7.263;1392.049;1383.809;1514.166;1680.284;2263.449;1984.919;2909.597;3098.098;2344.356;1583.328;797.938;3579.978;1200.024;652.805;9.388;3592.152;380.134;1000.472;12.202;530.105;1350.917;3595.454;988.917;3591.156;291.420;1125.873;1026.187;3135.369;3598.486;839.497;1437.566;848.867;2858.783;2345.272;16.082;2612.616;2866.566;4.497;1396.285;3192.677;3594.432;2197.331;7.873;1648.897;480.785;2224.805;653.419;14.712;1900.804;9.375;3003.336;3602.265;3381.657;1265.550;2273.938;2466.220;1802.595;1730.318;13.588;1.955;1361.278;1584.063;519.067;1980.830;1962.982;2623.452;920.030;1190.193;3368.778;2347.223;2660.300;1836.437;3072.810;2544.108;3346.391;488.227;1079.318;1626.851;1851.679;2597.034;3193.973;2314.898;3590.643;2679.772;476.178;2192.141;2193.450;2767.222;3199.534;587.301;363.879;2695.472;9.989;3196.617,1366.079;3602.312;3598.689;575.781;3604.018;2743.246;492.853;2454.623;3593.318;2890.556;26.363;1880.574;1341.872;-8.291;3583.263;3117.309;573.707;2372.680;1775.041;1323.287;1706.459;1990.190;3281.557;0.906;2353.248;2044.470;190.948;397.148;2464.014;3335.772;3.106;1566.916;3599.555;1739.515;1215.964;955.860;-4.860;302.525;2277.534;2107.610;2032.075;1132.585;3384.560;3406.731;2091.774;2778.745;2820.303;1371.724;601.690;968.468;927.409;1587.007;2.112;1261.751;2194.832;1475.076;2029.973;2560.101;3186.677;1070.314;746.202;1726.978;2493.152;385.662;331.387;932.691;803.909;1592.857;2549.067;1152.535;3577.641;2968.138;2071.380;1356.406;148.194;2479.764;2674.343;15.752;3005.150;3200.675;2220.472;2717.212;3099.308;3381.006;1375.032;26.991;936.165;353.808;1600.674;1872.578;3013.178;2954.745;926.348;3608.934;424.233;1670.765;493.264;582.573;0.651;750.012
111,201.0840883255005,110,-554.1198417158357,554.1198417158357,0.42052790315127225,3211.539;3571.518;3203.660;2007.101;530.254;5.150;1383.379;1380.344;1525.421;1668.329;2261.177;1976.196;2914.305;3087.293;2355.028;1589.663;809.625;3591.991;1203.608;647.593;10.038;3604.490;385.796;991.134;-0.317;540.066;1363.507;3604.403;995.378;3603.796;281.591;1113.421;1030.582;3125.551;3609.944;827.376;1425.604;839.442;2870.320;2357.379;3.840;2623.676;2857.657;-5.837;1395.627;3180.080;3583.242;2187.403;-4.587;1656.167;482.024;2214.270;650.351;27.564;1908.213;-2.958;3012.767;3609.981;3392.253;1277.143;2264.371;2478.026;1789.945;1738.819;26.441;-5.316;1361.243;1573.883;515.044;1981.541;1971.099;2613.531;909.326;1199.140;3356.256;2336.897;2672.126;1845.693;3061.173;2532.807;3333.686;499.725;1066.683;1619.431;1864.533;2592.960;3181.901;2324.638;3598.962;2667.385;463.999;2204.979;2200.593;2774.506;3211.409;574.937;376.511;2708.220;22.477;3207.850,1378.711;3613.543;3606.768;562.957;3591.781;2753.295;504.010;2450.491;3603.753;2878.333;37.892;1890.786;1330.674;0.749;3594.581;3130.100;568.531;2362.231;1763.037;1330.464;1707.324;1982.939;3269.313;4.613;2346.534;2055.601;203.333;387.681;2457.373;3345.831;-0.340;1555.858;3607.668;1745.723;1206.470;968.220;1.927;290.558;2288.424;2117.023;2020.062;1124.597;3380.421;3418.735;2104.543;2766.746;2809.277;1377.600;612.786;980.732;932.194;1589.972;-9.939;1250.363;2182.241;1462.430;2026.796;2571.794;3174.489;1083.135;745.234;1714.395;2498.921;376.084;331.125;920.296;810.245;1581.993;2540.838;1163.891;3573.118;2980.105;2064.046;1349.847;143.152;2491.186;2686.020;3.850;3015.024;3212.735;2208.577;2721.496;3111.344;3368.694;1386.141;33.937;933.495;355.257;1598.599;1885.128;3024.967;2941.957;924.942;3598.970;435.748;1682.393;490.420;572.723;-12.140;749.737
112,202.9379062652588,111,-554.4274834603905,554.4274834603905,0.29580675734179696,3208.078;3580.212;3194.418;2016.576;519.718;3.565;1370.698;1392.097;1517.711;1669.238;2273.486;1979.426;2925.358;3076.417;2356.993;1602.265;814.726;3604.814;1216.170;637.201;-1.548;3593.649;374.188;986.426;-1.974;528.519;1375.107;3600.418;984.977;3607.770;293.154;1100.576;1038.825;3127.374;3598.056;816.975;1419.810;826.803;2874.193;2351.159;-7.854;2633.067;2866.935;6.554;1383.526;3186.744;3587.323;2198.637;6.019;1668.369;475.291;2201.576;639.150;16.870;1911.553;8.427;3000.862;3597.637;3381.451;1266.795;2264.390;2468.568;1778.685;1731.245;20.020;5.058;1372.856;1568.705;508.462;1987.560;1963.898;2625.203;920.361;1193.084;3348.213;2330.744;2660.733;1834.616;3064.525;2538.276;3343.255;495.406;1055.962;1606.807;1870.402;2605.256;3184.489;2316.863;3610.995;2679.341;470.771;2204.374;2201.253;2764.066;3217.396;574.709;385.873;2698.737;17.030;3214.075,1390.230;3601.209;3594.513;559.020;3600.889;2760.158;513.039;2462.484;3592.170;2868.188;25.829;1883.320;1318.226;3.988;3603.107;3119.628;577.210;2349.938;1762.315;1342.689;1719.035;1980.692;3256.753;-3.539;2358.940;2067.923;212.286;381.094;2444.823;3335.473;-8.401;1560.990;3595.417;1752.682;1199.366;959.044;-8.331;299.731;2293.377;2128.688;2017.895;1118.453;3380.967;3431.165;2108.774;2775.622;2802.172;1371.209;611.681;983.619;944.646;1600.580;2.132;1258.743;2179.376;1449.580;2018.248;2576.433;3184.909;1085.368;742.263;1720.503;2486.812;368.230;336.130;913.267;821.759;1569.247;2528.577;1167.638;3579.880;2973.891;2074.833;1337.518;139.199;2498.018;2689.176;3.478;3008.738;3214.100;2211.587;2734.053;3123.507;3374.009;1393.136;27.325;922.388;359.621;1609.186;1879.083;3023.706;2948.432;927.302;3602.189;447.245;1675.182;493.263;560.063;-0.266;737.877
113,204.81799030303955,112,-554.1614769403043,554.1614769403043,0.19586217731356392,3219.411;3568.603;3182.163;2029.208;531.338;-1.038;1358.610;1380.707;1521.236;1657.455;2285.516;1967.552;2914.061;3087.192;2350.994;1608.782;802.878;3596.780;1212.907;649.455;-2.466;3580.977;385.536;986.457;2.196;539.777;1369.367;3606.124;977.861;3605.535;303.811;1091.940;1026.588;3139.221;3602.668;804.471;1431.077;837.994;2886.420;2363.270;4.087;2645.534;2874.116;-0.216;1375.376;3175.036;3578.960;2189.380;-3.861;1657.107;462.716;2206.820;650.028;7.237;1923.922;17.687;2993.214;3598.577;3378.258;1276.026;2256.688;2479.760;1773.750;1726.593;31.180;11.426;1363.051;1580.822;520.241;1991.920;1970.185;2616.086;933.014;1205.066;3336.980;2318.208;2671.699;1843.112;3053.245;2550.791;3355.887;506.686;1067.346;1597.631;1880.854;2615.306;3172.135;2305.035;3598.708;2673.451;458.612;2192.960;2210.615;2752.499;3226.073;586.711;374.041;2687.985;4.699;3226.636,1379.101;3597.059;3599.841;547.056;3593.394;2748.801;511.950;2469.953;3589.789;2855.788;15.547;1895.307;1327.137;-7.501;3590.926;3126.529;565.838;2359.342;1763.294;1333.560;1707.494;1969.026;3267.324;6.537;2352.818;2058.963;200.330;371.960;2456.070;3343.475;4.033;1567.869;3599.568;1741.426;1210.882;970.944;3.636;289.702;2282.033;2141.432;2025.032;1130.363;3393.435;3423.170;2099.952;2768.116;2790.337;1358.648;621.694;974.042;935.109;1590.087;4.191;1271.298;2177.218;1436.803;2028.091;2588.877;3175.756;1073.609;748.704;1714.339;2486.980;376.331;323.962;925.305;812.184;1557.749;2520.638;1179.732;3591.605;2981.681;2065.438;1348.493;151.523;2510.497;2699.248;14.725;3001.202;3203.196;2202.559;2745.915;3112.388;3386.143;1404.256;15.539;933.575;347.445;1606.237;1867.172;3035.686;2937.951;923.999;3605.961;435.703;1687.123;505.150;552.414;-2.132;744.955
114,206.51883792877197,113,-553.8168659278833,553.8168659278833,0.40264377824460973,3232.064;3556.900;3169.540;2027.952;524.642;10.007;1347.539;1387.786;1509.069;1669.258;2273.577;1979.411;2912.654;3099.710;2340.273;1597.997;790.174;3586.664;1201.772;661.166;-14.182;3573.610;374.930;997.889;12.531;528.766;1356.904;3593.823;965.347;3593.374;291.877;1101.873;1019.182;3143.384;3592.496;813.770;1443.747;850.670;2885.494;2374.934;10.352;2657.044;2863.069;-7.738;1364.063;3167.755;3586.982;2176.822;-15.760;1667.626;450.180;2218.528;662.504;12.280;1912.874;28.758;3002.533;3608.019;3390.105;1288.618;2248.861;2492.257;1764.821;1735.954;43.850;23.241;1373.264;1571.523;532.906;2004.380;1982.576;2619.773;925.243;1193.695;3348.355;2305.471;2684.364;1855.649;3041.399;2539.109;3366.443;504.704;1078.268;1586.953;1874.822;2608.016;3160.909;2317.151;3605.029;2674.576;454.351;2200.449;2198.700;2761.233;3214.333;575.496;362.762;2699.819;-7.990;3236.723,1389.084;3607.351;3598.814;534.375;3587.911;2758.768;523.981;2477.794;3585.172;2843.064;4.102;1907.956;1338.403;3.033;3582.789;3130.696;555.580;2370.410;1775.711;1338.357;1695.071;1956.388;3270.803;19.160;2341.440;2046.751;193.817;383.408;2453.112;3354.906;4.790;1558.457;3594.255;1753.049;1202.199;981.981;3.330;278.258;2276.535;2137.277;2018.423;1124.219;3386.530;3416.800;2110.474;2756.236;2802.066;1347.987;617.229;961.524;925.227;1596.654;-4.121;1264.792;2164.914;1442.652;2029.315;2585.238;3163.765;1085.476;745.349;1701.835;2499.127;364.853;333.030;937.645;823.407;1545.081;2532.485;1192.439;3585.455;2994.089;2055.590;1343.045;145.493;2523.017;2687.952;4.049;3013.442;3213.856;2189.975;2757.775;3118.717;3396.043;1416.885;21.770;944.693;358.083;1593.817;1875.936;3048.391;2925.449;916.310;3594.515;443.609;1698.065;493.325;544.050;-9.213;736.773
115,208.35405945777893,114,-553.9251107605555,553.9251107605555,0.18799920385911173,3231.554;3551.747;3181.232;2015.626;526.121;11.259;1353.124;1381.000;1505.414;1660.089;2274.336;1982.196;2918.406;3104.128;2352.484;1591.521;795.858;3598.082;1206.305;671.369;-1.977;3584.161;362.343;1009.562;1.836;532.416;1365.817;3601.804;952.675;3605.475;281.203;1096.572;1011.045;3147.881;3601.471;803.832;1443.647;845.010;2896.051;2365.037;13.343;2667.923;2850.533;4.313;1376.216;3155.707;3575.647;2186.799;-3.866;1656.518;437.810;2214.444;669.183;24.475;1919.756;17.443;3002.528;3596.248;3388.653;1301.296;2261.070;2481.120;1752.411;1724.260;47.113;16.513;1385.016;1559.257;523.183;1993.511;1987.280;2632.171;913.203;1192.559;3337.375;2315.541;2689.181;1868.310;3052.285;2526.832;3368.020;492.471;1081.295;1598.353;1887.115;2609.104;3150.558;2307.970;3593.862;2686.881;465.664;2207.543;2190.285;2773.568;3222.231;562.876;350.249;2703.973;2.789;3247.427,1384.364;3596.041;3590.088;541.300;3598.791;2755.870;535.827;2488.875;3595.425;2846.048;5.458;1920.154;1349.356;1.065;3588.423;3141.869;543.343;2360.055;1787.810;1326.490;1686.118;1956.305;3281.853;8.375;2328.812;2053.408;182.521;372.345;2450.776;3344.862;-4.941;1546.077;3595.946;1749.444;1212.536;974.329;-0.862;289.737;2286.738;2125.631;2029.982;1133.804;3389.450;3408.516;2113.440;2746.393;2795.926;1335.396;629.246;973.163;936.896;1584.887;6.928;1257.148;2153.953;1452.698;2019.262;2594.359;3173.546;1091.639;733.001;1707.310;2494.946;367.802;332.899;943.674;824.393;1542.878;2543.840;1204.290;3596.002;3004.295;2043.040;1332.834;154.695;2519.440;2699.734;-8.190;3008.154;3213.465;2196.484;2770.258;3118.769;3385.539;1429.086;9.708;933.263;355.122;1587.853;1864.531;3061.074;2920.131;903.829;3605.657;443.040;1710.662;500.849;554.907;2.896;725.850
116,210.21376514434814,115,-554.2026639219918,554.2026639219918,0.40154084734147466,3230.425;3539.745;3193.128;2012.513;538.072;-0.737;1351.187;1369.033;1517.254;1661.070;2273.312;1972.175;2906.659;3093.095;2362.804;1602.118;788.000;3610.241;1194.461;678.267;0.016;3584.945;355.570;998.323;-2.868;532.032;1378.224;3605.298;963.111;3595.333;282.311;1107.725;998.803;3146.278;3612.554;791.670;1432.036;856.553;2885.704;2372.836;24.606;2661.115;2861.208;1.899;1387.822;3145.141;3563.114;2186.304;2.025;1644.264;437.640;2226.463;657.019;13.317;1920.252;27.484;2990.860;3599.353;3400.865;1291.129;2259.869;2475.157;1763.037;1733.462;56.447;5.447;1373.658;1569.631;511.538;1984.093;1977.041;2620.685;916.811;1184.244;3341.678;2309.980;2688.750;1858.571;3054.349;2519.652;3356.673;502.701;1072.167;1588.457;1897.390;2621.273;3158.372;2314.467;3590.482;2682.338;454.878;2195.788;2200.647;2786.061;3222.227;569.634;360.202;2702.272;-3.829;3257.280,1390.101;3590.969;3602.047;532.149;3611.309;2767.996;524.934;2501.430;3607.594;2834.690;13.102;1925.833;1355.134;-9.579;3600.529;3130.025;531.468;2349.877;1778.336;1330.154;1698.053;1968.426;3274.607;-1.835;2334.933;2041.536;188.241;383.548;2463.013;3334.928;6.831;1533.639;3607.608;1737.342;1205.179;965.379;-12.457;285.001;2299.259;2136.566;2042.562;1137.438;3383.484;3420.623;2104.555;2734.445;2800.991;1322.896;640.991;963.720;936.523;1575.907;5.055;1265.422;2141.456;1443.799;2029.073;2583.346;3175.223;1103.783;726.212;1718.666;2482.758;362.914;343.373;956.023;814.027;1554.453;2542.612;1205.961;3599.716;3016.763;2042.036;1320.358;153.660;2507.382;2707.225;3.736;2997.213;3225.100;2208.102;2763.150;3130.749;3374.973;1436.649;-1.434;939.047;366.207;1576.104;1866.213;3057.331;2925.479;908.342;3593.854;430.747;1704.771;500.147;543.988;3.318;713.493
117,212.10111784934998,116,-554.4870269945834,554.4870269945834,0.44328078648276864,3218.235;3551.199;3205.597;2008.910;532.469;-13.281;1340.022;1357.201;1528.150;1649.253;2285.378;1959.729;2894.136;3094.871;2353.401;1614.595;798.363;3598.699;1189.950;690.605;8.604;3596.800;353.674;1008.320;9.303;544.007;1379.144;3593.835;958.095;3583.369;293.024;1096.280;1009.612;3158.497;3600.855;779.271;1429.014;860.114;2873.258;2361.168;12.614;2672.793;2873.216;-9.662;1400.243;3156.837;3572.529;2195.447;5.173;1650.354;425.572;2216.981;662.105;23.322;1916.620;16.308;3002.443;3595.097;3401.260;1279.194;2265.925;2484.003;1775.518;1740.677;45.014;5.956;1361.279;1571.302;516.907;1993.548;1987.433;2617.077;927.060;1195.763;3337.994;2321.487;2681.303;1858.528;3063.234;2510.886;3344.159;494.454;1059.784;1577.455;1889.679;2633.711;3169.530;2304.403;3597.047;2693.382;460.872;2183.256;2212.988;2782.742;3233.431;558.267;349.478;2712.422;5.567;3268.600,1379.530;3580.262;3614.284;541.373;3599.383;2776.076;512.441;2513.983;3595.535;2822.176;1.048;1918.270;1343.764;2.088;3589.275;3117.746;539.521;2360.764;1790.152;1324.197;1709.825;1980.741;3286.759;-12.917;2323.208;2044.286;176.324;379.292;2457.188;3322.542;-0.111;1544.464;3595.511;1725.413;1216.812;976.945;-0.566;293.718;2311.640;2126.451;2055.114;1149.493;3395.587;3409.355;2116.590;2721.933;2813.296;1334.126;629.110;974.673;924.310;1563.753;-6.145;1254.618;2141.365;1455.039;2018.574;2571.564;3186.901;1092.891;714.010;1731.102;2471.221;375.093;339.451;968.549;801.564;1542.975;2554.674;1193.765;3611.992;3029.071;2029.815;1307.794;141.525;2498.387;2719.581;12.452;2984.754;3213.531;2200.861;2774.851;3122.151;3386.535;1424.945;-12.927;951.325;355.712;1587.841;1855.794;3047.798;2913.863;903.838;3601.397;423.926;1693.125;511.661;555.992;14.579;719.302
118,213.80827689170837,117,-554.4819365356653,554.4819365356653,0.26986770789422254,3227.446;3540.695;3216.216;2000.901;543.752;-1.649;1327.653;1345.155;1516.457;1659.566;2278.279;1958.087;2881.996;3082.732;2347.122;1605.874;791.484;3605.700;1177.712;702.966;-1.769;3600.015;363.721;1004.294;1.417;551.655;1368.042;3586.027;965.330;3593.432;282.734;1107.091;998.198;3170.537;3607.521;766.796;1441.084;872.238;2861.306;2372.003;20.424;2665.379;2871.734;1.720;1412.634;3169.190;3562.361;2183.935;-6.451;1661.376;435.948;2225.940;650.571;35.261;1904.751;9.973;3014.033;3606.741;3412.971;1269.858;2278.071;2474.453;1764.970;1752.868;54.513;-6.179;1349.006;1581.437;529.162;1988.751;1999.783;2605.003;932.666;1196.876;3350.093;2311.980;2673.168;1846.518;3075.540;2498.535;3331.662;482.119;1069.176;1566.406;1879.689;2622.586;3158.381;2315.902;3608.711;2705.151;449.457;2187.668;2207.280;2794.457;3239.256;569.031;359.869;2724.822;-4.567;3281.049,1389.435;3590.978;3602.506;533.006;3593.621;2768.335;511.173;2510.380;3602.184;2831.800;-6.165;1923.665;1347.641;12.682;3586.353;3126.432;528.284;2350.368;1801.730;1311.955;1709.455;1970.457;3288.374;-0.958;2316.981;2051.265;180.056;388.810;2462.017;3318.731;1.399;1535.446;3599.492;1728.694;1209.089;989.305;0.872;282.425;2323.909;2135.239;2048.997;1138.896;3393.917;3416.126;2105.811;2718.244;2816.894;1331.002;631.605;968.319;914.609;1574.756;5.818;1249.204;2152.436;1461.881;2006.892;2559.114;3176.470;1098.432;702.194;1732.872;2481.900;378.351;350.507;966.262;806.563;1533.658;2560.428;1182.081;3600.298;3035.560;2038.764;1316.938;129.038;2509.691;2723.573;13.845;2990.482;3222.019;2212.698;2787.249;3109.983;3387.268;1434.324;-0.918;963.248;361.200;1578.203;1843.382;3035.418;2901.623;913.824;3594.703;412.144;1681.304;501.878;548.313;7.507;731.566
119,215.65735483169556,118,-554.1675201511209,554.1675201511209,0.23130256480193204,3218.947;3550.480;3206.628;1992.907;537.919;5.048;1338.455;1356.497;1507.130;1649.094;2269.199;1969.276;2874.971;3085.330;2334.902;1593.699;779.261;3594.650;1181.473;715.409;8.923;3611.945;351.909;1016.349;12.009;561.393;1355.735;3597.487;954.138;3584.691;273.626;1096.127;1003.584;3182.962;3596.207;759.423;1453.485;884.174;2858.484;2362.583;9.359;2677.149;2883.821;-0.036;1407.882;3181.603;3574.000;2191.958;4.339;1652.662;443.956;2217.424;643.972;28.440;1895.032;-1.863;3023.651;3597.235;3409.014;1280.613;2290.467;2462.316;1774.532;1741.489;45.943;5.096;1357.977;1593.255;519.446;2000.408;1989.809;2600.135;920.619;1208.841;3361.577;2322.795;2684.111;1855.639;3064.268;2498.942;3340.428;483.064;1059.231;1578.058;1868.414;2620.745;3165.909;2308.653;3596.875;2695.863;460.397;2175.749;2195.272;2782.967;3227.190;559.581;362.880;2725.951;3.635;3279.561,1379.179;3603.350;3595.518;542.190;3581.780;2756.119;523.161;2498.695;3592.449;2822.155;5.450;1911.697;1342.893;23.693;3596.345;3138.421;515.895;2339.370;1811.712;1300.374;1712.407;1981.600;3278.337;2.735;2311.840;2045.253;168.367;401.042;2450.433;3320.462;-1.993;1523.142;3609.296;1739.060;1217.628;978.579;10.039;291.135;2334.181;2147.514;2037.069;1147.984;3402.112;3427.890;2109.604;2730.175;2826.727;1329.939;643.551;969.136;920.326;1586.827;4.741;1238.688;2142.100;1472.307;1994.580;2548.528;3164.552;1106.824;710.790;1722.197;2494.149;366.877;339.524;958.676;798.404;1544.660;2551.542;1169.668;3595.652;3026.138;2050.676;1326.535;129.990;2522.089;2711.948;2.849;2986.542;3232.085;2207.943;2798.309;3097.546;3397.611;1427.806;9.858;968.921;372.269;1568.279;1834.839;3046.463;2909.082;910.311;3587.321;399.766;1690.973;490.374;550.558;-4.734;720.378
120,217.53398609161377,119,-554.475491867278,554.475491867278,0.20096299820894364,3216.817;3558.781;3195.676;2004.641;525.778;6.192;1349.869;1358.319;1517.500;1640.025;2280.274;1959.255;2869.779;3097.086;2341.519;1603.300;781.121;3591.276;1174.385;720.061;7.260;3600.028;352.931;1025.510;7.528;549.638;1346.325;3599.617;948.771;3594.071;285.211;1088.259;1015.638;3194.723;3598.247;748.137;1464.565;874.803;2867.109;2366.111;-0.775;2678.661;2887.064;3.768;1398.570;3185.890;3581.700;2203.816;5.455;1640.496;451.279;2228.676;654.397;16.483;1906.200;5.038;3012.989;3587.697;3397.338;1287.697;2295.171;2453.132;1767.554;1729.220;34.123;6.050;1349.015;1603.960;510.879;1989.212;1977.778;2600.652;930.911;1221.207;3373.241;2332.176;2672.542;1846.669;3073.415;2510.678;3352.416;494.803;1060.367;1571.429;1866.065;2613.093;3176.540;2316.168;3595.748;2684.731;454.065;2166.571;2205.218;2771.942;3215.815;564.865;353.317;2714.339;-0.798;3291.043,1390.813;3599.942;3594.946;530.647;3582.873;2744.054;521.702;2509.754;3602.485;2812.850;-1.472;1906.797;1330.797;15.453;3608.449;3148.136;526.157;2343.186;1800.407;1311.941;1724.490;1972.049;3274.305;-5.891;2299.862;2054.089;167.296;395.040;2439.737;3308.538;9.801;1512.450;3599.266;1751.359;1209.689;990.105;6.205;280.286;2329.504;2146.538;2032.245;1137.922;3414.303;3440.097;2121.020;2735.026;2837.824;1317.966;653.432;958.789;908.373;1598.435;-3.460;1249.604;2153.206;1465.802;2005.764;2542.731;3175.411;1097.034;709.839;1711.999;2484.450;375.037;333.744;970.215;786.188;1556.542;2539.879;1174.759;3602.995;3017.079;2050.096;1333.082;130.687;2527.143;2707.558;-8.206;2974.767;3243.051;2197.559;2810.535;3092.350;3386.192;1430.986;3.416;957.500;360.864;1558.571;1823.585;3036.401;2920.948;919.524;3597.937;401.989;1680.317;481.277;560.445;0.341;723.988
121,219.4352126121521,120,-554.76755803873,554.76755803873,0.3800850502511167,3204.802;3566.318;3186.482;2015.077;513.865;0.106;1352.130;1350.627;1521.441;1649.962;2292.510;1965.752;2880.585;3086.115;2350.462;1615.389;788.327;3602.416;1185.115;713.273;-4.032;3598.179;355.585;1036.683;-4.535;537.335;1353.485;3606.715;936.853;3588.279;279.637;1076.428;1027.896;3184.001;3607.654;758.200;1471.706;863.322;2869.224;2367.206;-10.952;2687.921;2884.134;-7.305;1386.625;3188.036;3589.752;2214.463;6.167;1636.748;462.981;2217.600;665.435;21.543;1917.276;12.876;3024.378;3575.645;3386.089;1299.100;2286.605;2452.592;1774.634;1724.128;22.064;13.378;1337.092;1592.289;520.745;1993.519;1968.047;2590.801;942.904;1225.065;3385.235;2338.024;2663.298;1835.984;3083.412;2521.159;3364.033;487.265;1068.727;1559.585;1856.193;2615.733;3188.671;2310.140;3604.937;2693.340;447.197;2154.895;2212.432;2765.393;3204.420;554.899;341.198;2702.485;10.898;3303.314,1385.128;3605.037;3606.107;518.447;3586.394;2751.213;531.112;2501.319;3595.980;2823.036;-8.620;1894.788;1323.654;17.768;3596.877;3139.460;526.598;2355.089;1789.023;1322.398;1724.663;1970.330;3285.079;4.404;2311.097;2066.201;178.910;405.065;2449.021;3316.931;0.844;1510.273;3603.968;1763.383;1221.467;992.612;-5.762;269.315;2317.460;2136.347;2032.623;1137.985;3404.158;3450.828;2133.217;2746.997;2826.812;1318.392;642.573;946.949;914.920;1594.831;7.292;1261.579;2158.657;1453.951;2017.655;2554.433;3176.161;1104.274;721.781;1706.347;2476.662;365.437;339.378;958.935;773.862;1568.361;2527.645;1166.167;3599.815;3004.891;2051.434;1322.307;119.174;2526.313;2697.398;3.407;2985.124;3231.905;2185.316;2810.539;3080.297;3376.085;1443.021;-6.340;945.248;365.957;1567.292;1819.163;3043.646;2931.878;907.828;3610.168;391.068;1691.563;492.868;570.405;-7.484;722.167
122,221.1522080898285,121,-554.6621270883861,554.6621270883861,0.2533894910966479,3205.327;3557.020;3191.575;2027.114;507.381;-11.580;1363.638;1359.505;1532.472;1661.875;2300.500;1954.885;2892.776;3082.820;2339.258;1606.175;799.542;3594.420;1189.215;701.277;5.796;3602.944;345.016;1028.066;3.042;532.747;1353.211;3594.908;929.390;3598.597;267.868;1082.904;1022.537;3173.950;3596.454;752.994;1481.776;854.060;2880.090;2356.577;0.824;2696.397;2873.162;4.158;1395.339;3199.915;3600.766;2224.339;-4.964;1624.816;472.827;2209.550;655.852;23.146;1929.481;15.274;3034.425;3565.090;3397.273;1310.953;2274.521;2464.541;1763.262;1731.263;30.915;22.647;1328.568;1580.769;516.619;2002.734;1957.851;2594.927;943.794;1217.537;3387.236;2327.445;2651.209;1832.690;3081.662;2532.653;3371.082;475.504;1063.072;1566.464;1844.148;2608.986;3195.464;2300.452;3593.721;2705.444;439.791;2158.257;2223.931;2755.266;3209.513;548.211;331.292;2711.987;6.768;3309.557,1391.208;3593.647;3595.012;529.589;3597.958;2758.686;541.532;2511.271;3604.929;2824.133;3.245;1884.996;1312.195;6.077;3587.951;3127.486;534.896;2352.476;1798.578;1325.711;1735.864;1964.263;3273.669;0.726;2322.978;2058.735;175.669;409.265;2460.216;3317.090;-5.893;1522.042;3593.087;1773.532;1215.200;1002.021;1.566;261.679;2306.652;2124.751;2042.503;1140.890;3413.824;3462.960;2143.211;2758.211;2837.166;1329.682;652.640;934.700;907.140;1604.245;-2.752;1266.260;2166.591;1463.913;2029.909;2544.215;3181.494;1116.340;714.645;1694.347;2482.646;358.212;351.403;966.609;767.110;1576.849;2515.705;1175.231;3609.468;3001.782;2060.975;1310.136;111.371;2516.038;2685.240;6.069;2975.394;3237.660;2190.305;2810.084;3086.159;3377.124;1432.888;4.765;946.264;354.165;1555.768;1807.170;3039.361;2943.985;897.898;3598.836;388.945;1686.755;483.284;582.005;3.729;714.054
123,223.02122831344604,122,-555.2749946926796,555.2749946926796,0.33372253830536147,3212.954;3545.034;3203.534;2015.565;495.391;0.133;1368.787;1348.814;1521.366;1671.533;2290.049;1965.603;2904.878;3093.741;2346.610;1595.353;810.638;3605.490;1182.865;689.096;4.447;3604.622;356.758;1017.724;7.904;522.216;1349.098;3604.625;940.760;3610.661;274.893;1094.793;1027.677;3181.761;3598.547;742.238;1471.825;864.162;2868.549;2358.731;-0.036;2684.589;2882.780;8.216;1401.652;3206.953;3596.952;2236.354;6.333;1632.227;463.715;2200.218;644.165;11.699;1917.991;20.242;3036.427;3570.181;3386.391;1299.424;2282.988;2475.464;1774.653;1743.192;27.487;12.287;1316.538;1580.207;526.970;1991.625;1966.138;2583.079;955.017;1227.967;3376.367;2334.721;2645.586;1843.942;3077.089;2524.274;3359.372;463.738;1074.784;1559.736;1834.977;2620.706;3207.464;2305.549;3596.708;2705.704;427.780;2152.088;2235.974;2766.144;3212.258;558.871;341.853;2722.677;-4.889;3297.945,1403.122;3603.442;3592.313;540.439;3610.136;2770.562;553.654;2502.450;3593.530;2835.955;-2.827;1872.973;1300.069;3.125;3596.725;3138.055;539.717;2340.557;1810.566;1314.142;1747.722;1952.951;3264.313;-2.435;2322.975;2046.785;185.575;398.275;2470.970;3305.255;5.830;1523.712;3594.613;1765.274;1203.431;1013.043;-9.082;272.843;2312.522;2112.723;2045.157;1152.812;3408.670;3473.866;2154.881;2748.324;2845.787;1319.334;664.163;922.578;900.723;1615.942;-9.122;1277.616;2178.398;1454.501;2023.288;2539.663;3193.454;1115.870;702.635;1704.911;2494.313;346.254;362.018;974.556;777.410;1587.329;2504.419;1171.451;3597.707;3002.888;2051.668;1320.506;105.729;2504.732;2693.183;15.754;2985.432;3228.189;2202.236;2821.655;3093.637;3365.512;1424.650;13.436;957.643;344.023;1551.526;1799.771;3027.455;2956.176;909.664;3606.252;377.378;1685.649;471.448;594.178;-4.321;702.045
124,224.91062831878662,123,-555.3934725528242,555.3934725528242,0.2345175708130586,3224.918;3542.019;3200.132;2020.822;502.491;0.979;1379.902;1336.734;1509.271;1681.802;2300.056;1975.696;2915.589;3083.114;2357.391;1600.360;800.178;3600.256;1194.064;679.423;7.073;3593.321;349.995;1005.700;-1.676;520.884;1360.879;3600.525;934.373;3601.101;263.465;1106.824;1039.058;3170.554;3599.555;753.801;1459.775;876.203;2876.154;2349.954;-2.914;2693.182;2871.375;-1.348;1413.219;3195.477;3585.127;2234.627;-1.301;1637.626;451.765;2188.199;632.043;23.101;1908.323;8.439;3025.303;3577.667;3380.049;1288.460;2282.371;2482.363;1785.580;1750.260;37.362;0.244;1306.119;1569.046;516.311;1988.421;1954.877;2583.466;944.811;1216.470;3364.807;2334.226;2657.067;1855.477;3088.824;2512.285;3355.688;471.388;1065.904;1552.789;1841.924;2632.820;3211.429;2294.284;3605.855;2715.836;423.374;2163.780;2226.894;2778.231;3224.115;555.537;353.178;2730.551;6.082;3300.291,1398.904;3595.126;3589.629;536.944;3598.651;2760.617;560.421;2510.667;3582.678;2836.478;-2.985;1883.642;1309.025;4.840;3590.348;3147.707;550.805;2347.860;1812.420;1322.763;1739.766;1941.228;3270.262;8.289;2334.731;2037.468;197.568;408.641;2460.524;3313.773;3.365;1535.362;3599.012;1753.288;1204.259;1002.843;-10.203;284.301;2324.336;2103.818;2033.709;1143.430;3396.837;3485.471;2146.275;2753.733;2834.621;1326.400;670.254;912.671;904.208;1625.350;2.570;1265.958;2168.760;1465.619;2030.340;2534.779;3204.709;1109.149;706.085;1694.363;2494.094;334.334;374.096;985.545;769.111;1577.598;2513.485;1165.138;3592.434;3014.729;2063.236;1309.695;93.833;2493.014;2694.205;8.550;2991.757;3238.637;2201.590;2833.363;3105.224;3354.492;1435.406;11.007;950.832;353.149;1557.643;1806.504;3020.045;2946.522;904.654;3610.681;387.002;1692.556;461.436;606.045;1.165;697.426
125,226.61483335494995,124,-555.4115562696713,555.4115562696713,0.31660983178851276,3234.767;3543.691;3210.908;2028.973;494.425;-0.962;1387.231;1329.153;1498.046;1692.576;2311.253;1987.288;2927.538;3080.451;2346.092;1612.079;788.680;3590.108;1206.039;668.581;-3.463;3585.867;341.582;1010.999;8.146;509.965;1365.063;3610.948;923.921;3596.024;251.574;1104.494;1041.923;3180.081;3608.545;759.571;1451.846;887.593;2869.073;2338.023;7.339;2701.462;2877.100;6.334;1416.758;3203.700;3576.758;2223.286;7.721;1633.703;461.242;2177.408;621.671;28.183;1898.428;6.432;3035.574;3589.540;3389.990;1286.646;2280.225;2476.095;1781.279;1751.631;46.412;-11.003;1311.026;1557.639;504.396;1998.281;1955.119;2594.034;935.166;1207.012;3366.925;2340.942;2668.558;1867.527;3078.402;2507.469;3362.180;473.584;1068.247;1540.901;1831.625;2644.269;3222.497;2292.231;3594.508;2714.532;412.869;2174.642;2217.184;2775.090;3226.470;558.270;352.593;2742.427;2.503;3297.576,1410.455;3590.313;3600.285;544.959;3602.716;2752.298;571.793;2522.399;3588.168;2825.693;6.466;1881.836;1313.845;-6.904;3578.576;3154.034;562.733;2348.338;1823.410;1314.925;1728.753;1930.589;3266.269;-2.795;2342.946;2026.181;190.868;400.786;2470.404;3320.251;5.078;1528.190;3610.790;1761.116;1192.629;992.780;1.547;296.359;2336.411;2092.266;2045.020;1150.808;3394.325;3495.839;2157.749;2757.462;2845.260;1335.073;680.679;901.961;892.853;1613.665;4.129;1256.458;2156.825;1477.166;2028.685;2523.003;3216.215;1120.755;714.285;1704.895;2505.620;327.060;366.633;997.274;758.003;1587.221;2502.518;1176.531;3594.342;3026.205;2052.710;1299.670;99.173;2481.980;2682.711;8.509;2983.807;3235.230;2201.194;2845.288;3116.755;3342.457;1424.913;20.074;957.743;344.472;1569.308;1795.487;3011.883;2953.551;898.467;3599.053;383.118;1685.828;450.058;595.491;2.819;705.288
126,228.46544790267944,125,-555.3474769753647,555.3474769753647,0.24846097018504962,3238.128;3532.007;3208.157;2019.590;482.788;-1.493;1375.786;1340.631;1495.540;1681.276;2311.239;1977.600;2916.518;3091.471;2345.070;1607.101;776.828;3581.456;1195.142;670.253;7.883;3596.945;351.342;1020.560;-1.798;498.772;1369.380;3599.674;911.978;3600.492;245.901;1115.830;1031.835;3191.983;3596.912;770.538;1443.704;893.350;2875.075;2326.003;7.138;2713.011;2888.131;0.193;1428.511;3213.931;3586.286;2211.291;2.654;1645.319;454.947;2165.971;618.929;23.936;1908.250;-3.684;3031.667;3599.390;3389.307;1275.402;2268.892;2487.425;1771.588;1763.325;35.046;0.089;1299.866;1568.566;494.480;2010.212;1944.514;2604.276;940.069;1215.931;3378.441;2352.762;2677.884;1877.797;3073.287;2496.793;3355.957;485.205;1079.780;1533.760;1821.231;2647.750;3222.199;2281.559;3600.888;2725.912;402.056;2178.451;2227.632;2778.126;3215.042;550.128;363.624;2754.074;-7.061;3298.058,1412.741;3601.775;3611.909;554.490;3602.328;2757.586;583.647;2511.401;3599.352;2822.836;17.344;1872.917;1325.547;3.193;3585.941;3165.799;573.772;2359.860;1834.918;1316.838;1716.782;1918.635;3254.508;-2.818;2352.958;2036.058;201.624;389.174;2482.137;3331.797;-2.676;1535.691;3599.239;1772.826;1192.746;984.156;1.977;288.313;2330.670;2103.680;2041.562;1139.900;3382.683;3505.507;2158.699;2745.843;2854.765;1346.896;688.376;890.005;903.685;1622.380;-1.642;1255.928;2158.516;1479.969;2018.414;2523.149;3210.455;1129.947;725.349;1698.936;2517.559;315.228;376.419;986.578;746.039;1598.845;2491.142;1165.042;3601.907;3036.328;2050.849;1304.898;90.007;2470.097;2692.114;-3.076;2971.954;3246.854;2212.144;2850.648;3121.140;3333.890;1413.697;9.357;946.962;333.467;1557.806;1783.517;3022.368;2948.338;886.675;3594.756;375.451;1674.035;438.095;606.672;-7.781;703.543
127,230.34315872192383,126,-555.3143559000839,555.3143559000839,0.24148740895840148,3226.582;3541.871;3197.272;2029.558;493.235;6.832;1363.860;1333.154;1497.883;1677.524;2303.811;1987.886;2918.956;3083.635;2335.062;1616.600;785.089;3592.467;1204.494;658.792;19.599;3586.659;341.840;1028.782;3.848;510.046;1378.369;3597.543;922.766;3589.667;237.413;1108.512;1041.883;3190.797;3601.027;768.125;1433.006;898.230;2886.786;2332.875;-3.576;2718.827;2887.004;-10.518;1421.622;3203.382;3598.116;2200.701;13.539;1645.539;465.106;2155.025;607.496;13.162;1902.366;5.241;3043.248;3589.261;3386.842;1268.773;2260.013;2479.447;1762.951;1771.368;23.420;-1.152;1310.406;1566.310;483.273;2002.647;1934.962;2602.061;930.103;1226.962;3388.881;2342.767;2685.773;1889.170;3080.544;2506.779;3367.360;474.769;1072.815;1525.629;1828.422;2658.740;3233.724;2292.987;3595.784;2736.877;390.827;2189.106;2218.021;2785.155;3214.534;538.389;355.884;2747.592;4.111;3309.681,1417.295;3611.169;3600.406;543.203;3591.510;2767.773;577.962;2514.120;3605.513;2813.189;6.075;1863.571;1334.758;13.306;3595.499;3155.004;576.280;2356.772;1846.328;1307.974;1704.825;1907.099;3261.081;8.651;2364.817;2030.522;199.357;398.109;2493.341;3343.313;8.820;1524.633;3602.193;1784.129;1182.293;974.220;2.306;294.917;2340.420;2101.084;2050.591;1137.917;3372.748;3516.768;2168.109;2754.139;2845.637;1342.243;684.173;891.398;911.999;1620.766;9.002;1244.654;2149.998;1491.562;2029.317;2531.908;3198.958;1126.052;735.193;1690.570;2512.400;311.905;376.412;992.389;744.555;1596.483;2479.427;1170.162;3591.107;3031.239;2042.817;1305.649;78.195;2476.368;2684.590;7.846;2981.199;3251.392;2203.168;2839.423;3126.490;3342.058;1417.338;19.870;939.730;326.716;1550.067;1779.777;3032.106;2957.703;887.578;3602.200;363.848;1683.813;438.558;604.568;2.551;692.882
128,232.0436999797821,127,-555.4591098675473,555.4591098675473,0.25172243211952033,3231.119;3553.346;3208.476;2018.914;485.701;-3.843;1358.142;1321.673;1507.104;1688.259;2292.093;1979.254;2912.442;3093.374;2343.150;1627.939;793.735;3594.044;1198.063;647.824;12.860;3596.118;349.246;1017.627;-2.990;520.917;1367.848;3606.502;928.495;3599.043;248.787;1116.701;1051.064;3199.458;3597.050;779.429;1421.646;908.639;2898.682;2323.480;7.026;2712.704;2875.646;0.978;1430.305;3206.623;3609.776;2208.794;5.539;1634.432;454.837;2164.688;616.125;1.379;1894.277;15.331;3039.758;3600.033;3375.224;1257.343;2271.606;2479.957;1773.622;1782.664;12.806;-1.984;1322.052;1574.939;473.934;2008.113;1930.461;2613.523;918.774;1222.986;3400.672;2353.106;2683.392;1878.389;3069.607;2497.336;3357.155;476.904;1080.258;1513.904;1817.074;2670.593;3226.854;2304.371;3598.049;2748.273;383.761;2178.420;2206.357;2787.871;3204.513;526.624;344.327;2757.688;-2.718;3315.832,1424.019;3600.303;3597.505;546.544;3597.932;2779.541;566.286;2524.831;3594.058;2801.388;-0.715;1851.845;1344.917;22.313;3607.298;3161.453;576.183;2345.458;1856.725;1296.293;1698.380;1895.411;3258.083;-1.818;2367.035;2039.795;209.686;390.576;2505.124;3334.056;19.027;1519.263;3593.919;1795.910;1171.611;985.139;1.366;284.814;2352.091;2095.216;2039.837;1143.302;3370.188;3513.396;2157.857;2761.339;2835.973;1331.686;672.531;902.378;923.693;1626.246;12.970;1246.540;2140.750;1487.891;2019.255;2534.547;3188.536;1115.491;723.596;1686.970;2507.202;313.091;370.835;981.489;755.408;1592.390;2468.052;1170.325;3597.413;3019.610;2033.293;1317.163;75.911;2487.483;2676.468;-1.820;2992.852;3258.450;2211.660;2829.105;3138.020;3338.323;1421.330;18.980;928.037;316.098;1548.474;1789.179;3043.643;2954.021;899.187;3603.059;351.989;1693.761;449.918;594.992;-8.790;704.290
129,233.879323720932,128,-555.4450378582767,555.4450378582767,0.2921129536508442,3242.012;3561.635;3219.711;2021.848;490.042;7.147;1348.493;1329.242;1495.746;1700.015;2297.822;1967.684;2922.515;3100.862;2336.074;1637.896;805.332;3584.924;1195.587;638.109;20.443;3588.697;339.348;1006.798;7.682;510.252;1378.747;3595.856;918.201;3590.351;251.766;1111.071;1040.859;3210.930;3605.887;780.466;1409.831;919.577;2891.569;2332.066;12.747;2701.493;2863.868;3.402;1420.145;3215.663;3598.673;2206.015;14.305;1641.956;443.071;2169.139;614.739;-8.601;1902.024;22.669;3044.207;3604.800;3377.092;1255.514;2273.580;2491.183;1763.740;1793.739;22.190;-1.733;1315.894;1580.692;482.292;1999.282;1941.860;2625.319;929.969;1211.570;3412.488;2353.474;2671.864;1868.236;3073.411;2506.234;3363.878;468.105;1091.792;1512.724;1808.587;2661.845;3235.318;2297.212;3587.374;2740.277;373.259;2167.433;2205.595;2797.473;3201.383;536.338;332.498;2767.339;1.718;3311.551,1435.662;3597.552;3605.581;557.425;3608.414;2791.362;564.392;2521.460;3599.946;2789.546;-0.643;1840.021;1333.915;21.456;3596.390;3151.079;587.707;2337.622;1847.702;1285.336;1709.137;1904.900;3247.047;1.467;2373.413;2033.476;200.390;378.909;2513.703;3323.809;8.478;1530.391;3603.390;1787.730;1159.821;974.400;-10.111;277.368;2342.335;2105.550;2050.585;1154.143;3381.344;3524.870;2167.799;2753.526;2831.618;1321.763;683.217;908.610;915.780;1615.306;2.506;1256.406;2129.025;1480.754;2010.136;2546.107;3198.912;1125.806;720.770;1676.331;2517.344;324.558;359.227;973.909;766.186;1602.700;2467.515;1179.964;3608.953;3008.020;2043.745;1323.638;64.462;2488.611;2687.293;5.132;2994.374;3247.207;2222.647;2817.347;3149.836;3327.440;1410.233;9.625;927.599;304.327;1559.422;1800.880;3034.766;2965.531;901.730;3593.546;359.720;1684.012;442.242;598.365;1.578;694.557
130,235.74749898910522,129,-555.6405363956425,555.6405363956425,0.2633352536210399,3253.189;3551.065;3229.979;2010.708;480.903;-3.700;1359.548;1336.550;1484.054;1711.200;2309.238;1956.148;2916.386;3089.888;2326.646;1626.890;817.004;3590.531;1187.964;628.754;12.805;3595.594;328.180;995.590;-1.478;511.584;1373.866;3603.691;906.600;3600.914;242.727;1101.562;1029.161;3202.607;3597.333;769.699;1420.464;908.358;2880.853;2343.130;11.743;2695.226;2852.785;-4.404;1430.013;3225.336;3603.245;2195.077;21.706;1631.917;445.883;2157.997;625.954;2.632;1913.639;11.958;3055.384;3594.581;3387.876;1266.784;2274.592;2499.025;1752.556;1805.481;19.306;8.518;1304.646;1591.977;493.818;2007.256;1953.590;2621.098;928.431;1199.860;3420.540;2342.251;2678.233;1856.542;3062.751;2517.359;3373.705;456.496;1103.538;1522.494;1803.699;2650.382;3246.675;2288.601;3597.142;2728.653;384.632;2174.178;2208.609;2787.738;3212.538;547.886;342.463;2778.605;-7.215;3301.090,1438.261;3605.946;3594.885;569.141;3597.122;2803.012;553.300;2532.398;3608.698;2786.107;10.557;1831.598;1325.180;32.856;3595.213;3154.880;579.893;2348.186;1842.505;1296.436;1715.204;1914.283;3238.386;-5.212;2365.802;2044.140;203.701;367.133;2506.044;3331.412;-2.475;1542.056;3595.698;1780.918;1149.684;963.536;0.754;288.716;2347.771;2095.254;2041.759;1165.803;3390.103;3534.933;2158.491;2763.263;2820.356;1310.329;677.457;920.174;924.366;1620.562;-9.212;1267.627;2123.281;1469.189;2019.396;2535.981;3189.240;1136.080;719.647;1664.619;2529.051;314.741;356.237;969.702;755.700;1592.963;2478.442;1169.177;3597.702;3007.555;2055.465;1335.062;53.110;2486.065;2682.630;2.041;2985.508;3248.177;2211.577;2806.087;3139.084;3338.726;1400.492;5.221;916.746;292.589;1571.075;1812.226;3023.142;2975.913;902.239;3602.953;358.964;1682.294;433.664;609.644;8.446;701.219
131,237.63891124725342,130,-555.3981938175904,555.3981938175904,0.24485810544217984,3242.958;3555.457;3238.309;2019.568;491.672;1.953;1350.430;1346.845;1475.188;1701.523;2320.623;1950.315;2905.136;3082.834;2315.518;1616.217;827.710;3579.159;1176.511;617.140;20.442;3596.261;316.653;984.012;3.968;506.793;1374.365;3594.767;895.368;3591.103;231.200;1095.733;1021.427;3191.036;3607.894;774.897;1431.453;900.703;2871.537;2354.809;23.113;2706.446;2851.043;5.445;1432.529;3215.369;3595.567;2183.395;33.226;1640.525;435.918;2147.202;618.395;-5.479;1907.621;23.116;3066.674;3604.957;3394.395;1260.525;2267.485;2510.582;1762.979;1816.085;30.013;-2.282;1307.285;1582.251;483.328;2018.786;1960.933;2629.571;938.098;1203.458;3425.851;2331.011;2689.715;1863.848;3069.768;2508.245;3385.231;448.887;1096.332;1534.122;1792.295;2640.009;3257.896;2285.165;3608.769;2717.869;387.203;2185.585;2209.291;2798.905;3224.003;555.900;345.089;2789.736;3.883;3311.639,1427.206;3595.000;3602.258;561.751;3592.767;2809.573;543.166;2534.065;3597.473;2795.762;6.416;1833.237;1335.856;32.756;3599.278;3146.092;582.879;2359.851;1831.278;1287.291;1710.625;1903.922;3245.134;5.788;2377.149;2037.078;196.935;371.234;2494.924;3342.854;3.421;1549.401;3592.472;1777.412;1158.915;955.449;-1.064;290.776;2356.911;2105.076;2043.048;1156.819;3399.484;3546.135;2147.914;2773.528;2809.119;1321.126;687.911;918.689;932.714;1631.743;1.600;1279.280;2112.672;1459.936;2009.246;2524.382;3177.613;1126.360;721.845;1652.901;2540.550;319.988;367.403;959.019;744.144;1581.399;2468.356;1157.602;3597.472;3003.847;2067.179;1329.473;43.593;2475.724;2693.623;-7.653;2995.741;3239.487;2201.284;2816.086;3128.658;3349.442;1388.935;-6.241;906.894;302.650;1580.066;1817.423;3028.694;2971.133;900.925;3593.019;348.407;1671.068;422.080;621.197;6.161;692.324
132,239.34613966941833,131,-555.4360793871527,555.4360793871527,0.3915118761541203,3235.695;3548.486;3249.822;2030.906;481.006;-8.484;1339.654;1358.440;1482.892;1698.517;2330.450;1943.257;2893.570;3094.052;2303.919;1604.620;839.323;3586.815;1164.863;605.492;9.765;3607.586;327.572;972.381;-6.871;517.783;1385.683;3583.542;883.825;3595.787;237.614;1084.315;1018.745;3201.518;3597.262;786.020;1429.526;893.908;2866.356;2350.612;15.321;2698.107;2840.245;3.652;1434.786;3226.333;3590.194;2192.310;23.258;1652.048;447.013;2157.175;627.141;-14.672;1918.552;33.787;3058.867;3608.808;3383.376;1249.074;2258.349;2502.742;1770.736;1805.114;34.186;8.671;1318.285;1591.742;492.040;2009.046;1971.266;2641.079;949.203;1193.496;3437.266;2320.215;2679.740;1862.390;3061.014;2497.450;3374.443;437.525;1089.089;1544.040;1780.998;2628.695;3269.532;2296.115;3598.000;2724.334;395.905;2191.361;2217.981;2809.760;3213.142;558.578;334.975;2778.991;2.873;3300.762,1429.729;3604.764;3593.241;550.944;3602.094;2819.859;531.669;2524.809;3600.672;2807.326;-4.803;1844.598;1345.200;21.493;3610.355;3136.203;573.333;2357.198;1819.654;1296.860;1699.311;1911.168;3233.878;14.667;2386.678;2047.517;205.863;382.207;2483.293;3339.090;14.177;1557.783;3602.683;1766.159;1148.939;946.638;-10.227;287.285;2368.338;2116.387;2032.677;1146.742;3389.037;3555.939;2136.986;2763.850;2797.820;1331.060;690.484;927.592;922.145;1621.186;2.166;1286.025;2101.788;1467.355;2013.791;2522.596;3169.245;1131.225;720.672;1643.968;2531.997;318.317;376.166;947.464;750.319;1592.421;2466.407;1148.795;3598.243;3014.216;2078.006;1339.170;32.113;2464.504;2704.844;3.548;3003.954;3249.585;2209.493;2826.404;3126.893;3342.801;1377.394;4.883;895.434;306.634;1571.031;1812.069;3025.154;2964.426;904.455;3603.454;359.423;1679.807;411.134;617.380;-4.791;685.117
133,241.19869208335876,132,-555.7427798145886,555.7427798145886,0.269884969121899,3246.445;3540.564;3245.581;2026.566;470.347;1.486;1346.809;1348.114;1478.656;1692.783;2325.391;1953.522;2883.433;3102.914;2310.932;1598.210;835.138;3597.210;1159.049;599.074;-1.437;3596.818;337.316;970.818;4.097;519.086;1382.136;3574.313;886.182;3606.443;247.633;1094.678;1007.439;3208.956;3606.665;778.406;1422.348;904.718;2859.811;2344.788;4.113;2686.785;2832.277;3.473;1446.001;3237.893;3598.782;2186.435;29.290;1652.532;456.657;2149.058;638.607;-3.578;1927.315;25.049;3047.467;3597.735;3376.614;1239.053;2266.716;2495.161;1768.582;1807.664;24.897;0.977;1308.809;1603.037;501.311;1999.073;1981.646;2651.370;941.483;1182.174;3448.594;2309.290;2672.330;1872.173;3050.367;2486.106;3365.934;440.860;1099.986;1554.709;1789.528;2617.493;3280.346;2296.265;3595.789;2734.179;385.021;2180.404;2229.321;2800.084;3202.385;557.380;323.638;2788.688;-4.500;3290.859,1418.622;3604.742;3584.434;555.873;3612.073;2811.661;520.224;2535.702;3606.007;2818.296;-2.734;1855.902;1354.733;11.657;3599.513;3124.685;564.384;2346.229;1823.336;1305.527;1709.003;1921.930;3234.367;19.505;2388.159;2036.884;198.617;393.769;2488.283;3328.054;17.315;1547.365;3592.522;1754.608;1147.301;935.718;0.355;298.481;2366.169;2126.449;2022.955;1136.150;3399.689;3546.108;2147.208;2774.700;2808.816;1322.353;700.806;936.558;910.600;1609.800;-5.912;1275.120;2106.958;1459.126;2004.331;2512.197;3179.294;1141.435;714.819;1654.522;2541.847;310.803;367.934;954.610;761.593;1597.229;2456.885;1138.310;3588.872;3025.737;2080.892;1339.134;35.338;2453.017;2694.449;11.713;2992.995;3238.645;2220.810;2822.109;3137.462;3353.470;1387.608;3.200;895.634;297.578;1581.212;1817.531;3013.868;2953.189;909.199;3594.332;349.981;1685.614;406.386;627.868;2.054;696.278
134,243.073890209198,133,-555.6770258508659,555.6770258508659,0.3275426020595086,3257.145;3551.230;3236.866;2015.319;471.583;1.257;1354.707;1337.944;1489.189;1682.640;2334.929;1964.961;2871.967;3100.161;2321.558;1604.979;840.814;3608.250;1166.135;606.659;4.772;3596.022;336.031;967.644;9.524;509.052;1390.858;3582.381;878.511;3598.961;245.499;1093.552;996.040;3209.520;3597.188;786.204;1417.186;894.616;2870.706;2355.744;-2.730;2691.770;2842.877;13.117;1436.682;3234.842;3606.532;2181.617;33.116;1655.461;465.185;2155.699;647.444;1.777;1917.761;27.609;3041.714;3594.379;3365.478;1230.442;2263.200;2483.813;1779.621;1818.271;13.463;-5.477;1304.528;1614.307;506.229;2009.562;1993.062;2656.082;931.331;1170.706;3453.517;2297.787;2682.442;1861.438;3049.076;2475.378;3364.955;430.446;1104.366;1548.756;1779.296;2614.088;3274.124;2305.001;3601.065;2742.223;386.275;2169.764;2240.407;2790.269;3199.647;568.452;332.724;2799.890;5.503;3296.810,1407.737;3594.127;3581.503;566.995;3601.072;2821.845;509.990;2547.129;3595.177;2829.712;5.463;1866.671;1366.175;1.930;3601.757;3133.974;574.955;2335.163;1812.515;1297.582;1718.683;1924.787;3231.470;30.787;2377.939;2028.893;209.362;390.590;2478.608;3316.546;28.576;1541.634;3595.293;1747.684;1136.461;924.223;-8.640;305.845;2356.759;2118.470;2011.508;1124.736;3396.552;3556.445;2150.064;2778.796;2805.419;1331.039;698.405;947.937;905.447;1601.230;-17.109;1279.347;2095.925;1451.478;2003.919;2519.682;3182.299;1132.645;703.653;1665.151;2531.357;299.457;378.683;950.236;770.300;1608.067;2447.263;1126.826;3585.751;3016.154;2088.580;1350.322;28.845;2463.011;2695.780;22.984;3001.590;3242.731;2224.390;2832.820;3132.648;3358.872;1390.799;-3.132;905.775;301.671;1590.656;1812.763;3002.723;2948.547;911.324;3603.327;346.899;1675.711;395.099;637.766;8.334;693.046
135,244.9776895046234,134,-555.4124172396524,555.4124172396524,0.2083859325081298,3268.260;3562.662;3247.505;2015.007;481.913;-1.215;1362.779;1326.687;1497.649;1693.509;2327.274;1976.122;2865.977;3109.845;2332.936;1597.976;832.553;3598.620;1177.428;617.968;13.846;3606.074;334.030;956.902;3.029;497.648;1402.155;3593.697;888.107;3594.137;256.647;1104.701;984.955;3201.513;3594.641;775.116;1426.871;899.162;2882.120;2363.699;7.880;2684.885;2854.173;2.383;1426.447;3244.711;3595.452;2171.448;22.163;1660.987;454.653;2145.136;658.076;11.336;1920.874;16.577;3030.458;3600.688;3354.416;1219.259;2252.390;2494.002;1769.720;1822.800;2.178;5.126;1315.359;1603.423;516.417;2009.128;1994.892;2667.315;919.929;1159.236;3464.059;2288.596;2693.813;1870.652;3037.889;2463.996;3353.858;419.032;1115.546;1541.007;1768.827;2625.121;3283.235;2294.284;3593.622;2753.538;397.323;2163.828;2251.843;2799.591;3188.987;558.426;322.787;2811.068;-3.712;3285.882,1396.401;3585.118;3592.269;558.749;3595.384;2812.532;519.826;2539.528;3598.136;2839.164;-5.510;1873.453;1375.020;-7.215;3605.095;3136.732;584.404;2343.667;1814.097;1308.466;1712.625;1935.988;3241.268;20.798;2388.205;2039.334;219.989;384.191;2488.546;3326.835;19.266;1552.671;3604.589;1753.586;1132.171;912.830;1.686;304.171;2367.537;2108.099;2005.250;1113.825;3405.386;3557.531;2144.851;2788.569;2795.187;1340.583;687.217;940.182;915.718;1611.753;-6.102;1268.714;2106.448;1462.357;1992.843;2530.018;3171.995;1122.920;712.669;1654.496;2520.852;288.112;386.673;939.172;759.926;1599.884;2457.576;1135.188;3596.595;3022.983;2077.823;1339.855;38.708;2455.817;2706.621;15.018;2990.924;3233.004;2231.651;2822.555;3121.741;3364.801;1381.325;7.337;910.263;312.006;1601.760;1819.480;3013.574;2937.651;921.001;3597.117;351.984;1683.989;388.368;648.819;19.065;689.945
136,246.69154047966003,135,-555.5115709474995,555.5115709474995,0.21961024041308466,3279.247;3573.992;3237.954;2006.824;492.588;9.221;1353.302;1315.405;1498.437;1692.557;2318.190;1987.422;2863.811;3110.777;2341.624;1608.791;827.156;3592.442;1178.700;628.132;3.172;3595.774;323.837;966.692;-4.811;499.494;1398.795;3604.382;898.973;3589.282;266.662;1100.680;974.117;3200.299;3602.080;775.406;1418.916;889.283;2891.612;2374.862;0.194;2695.254;2865.405;-4.240;1416.469;3235.403;3600.926;2160.171;26.293;1650.484;443.814;2137.368;669.259;9.895;1909.913;15.572;3020.046;3595.946;3351.717;1214.115;2251.053;2503.062;1778.052;1831.995;-9.175;-0.295;1326.530;1593.917;505.882;2015.113;1983.853;2664.184;926.034;1157.004;3465.388;2294.217;2684.829;1875.270;3044.536;2467.175;3360.452;425.113;1126.023;1530.087;1763.149;2633.083;3273.151;2302.982;3600.932;2748.938;388.830;2152.662;2256.090;2790.469;3182.417;564.685;316.494;2822.219;3.708;3291.226,1400.216;3594.064;3603.644;551.295;3601.584;2801.574;527.444;2549.274;3603.224;2828.605;2.594;1862.929;1377.302;3.318;3594.595;3126.398;594.343;2354.526;1822.186;1302.707;1709.725;1945.948;3252.413;28.338;2378.658;2029.857;209.299;375.783;2498.974;3332.341;18.186;1561.435;3593.677;1743.341;1121.637;901.516;5.032;294.048;2362.949;2107.366;2001.505;1103.079;3395.497;3565.167;2155.694;2795.386;2789.117;1351.120;680.773;947.776;926.981;1608.734;-3.128;1270.660;2111.980;1461.486;2002.942;2540.808;3181.424;1113.471;722.839;1653.749;2529.906;295.173;387.167;933.141;748.671;1609.070;2454.107;1143.419;3594.760;3033.914;2082.218;1335.633;50.043;2447.926;2707.934;14.344;2980.667;3224.493;2220.686;2813.752;3126.456;3371.353;1390.988;15.529;921.419;303.444;1595.451;1808.623;3020.816;2944.986;911.187;3607.547;341.674;1673.699;396.233;639.209;8.492;688.240
137,248.5578212738037,136,-555.8481689012364,555.8481689012364,0.3201475036822281,3290.387;3584.787;3227.440;2014.129;497.786;-0.430;1362.913;1315.415;1509.337;1682.829;2306.999;1998.550;2874.275;3121.746;2333.906;1610.266;816.046;3601.970;1169.351;629.643;-7.370;3597.742;312.559;974.085;6.000;489.540;1388.024;3594.552;910.286;3599.795;276.312;1099.349;963.626;3191.234;3593.201;772.952;1428.400;896.773;2880.957;2385.578;-3.128;2685.517;2865.921;6.651;1426.298;3232.099;3609.308;2167.018;15.561;1660.753;441.708;2129.521;679.650;12.498;1903.197;5.615;3016.475;3605.546;3362.518;1206.495;2260.375;2504.460;1778.939;1825.563;1.579;-9.190;1332.897;1594.806;515.668;2025.886;1988.431;2673.250;915.401;1156.610;3464.972;2284.683;2694.067;1884.782;3038.870;2458.066;3352.089;433.427;1125.774;1518.771;1752.382;2628.535;3280.249;2314.154;3611.431;2751.954;382.113;2158.941;2265.822;2779.342;3176.948;558.357;326.275;2830.110;-6.765;3283.203,1397.079;3602.533;3594.690;540.424;3598.104;2811.490;538.634;2539.949;3592.447;2818.523;-5.454;1852.983;1372.899;-5.914;3591.739;3117.076;583.896;2347.096;1833.379;1305.543;1699.398;1956.475;3242.208;25.493;2367.552;2020.775;211.217;364.817;2505.201;3336.832;12.369;1556.056;3587.613;1752.198;1110.355;908.438;2.314;303.758;2373.583;2096.364;2012.377;1110.939;3401.543;3576.356;2161.503;2805.906;2778.035;1361.566;689.817;939.675;923.091;1598.458;4.027;1263.965;2122.772;1471.428;2012.522;2551.909;3192.349;1102.289;717.388;1660.597;2521.274;304.493;397.843;943.752;753.877;1606.170;2465.067;1133.285;3586.090;3025.071;2073.086;1328.340;42.810;2456.842;2701.944;5.242;2985.745;3234.217;2225.710;2804.419;3137.551;3360.702;1390.383;10.318;930.254;292.451;1604.995;1797.309;3011.808;2951.248;913.459;3596.946;332.522;1683.252;385.732;647.059;5.983;699.235
138,250.45101165771484,137,-555.9959973272402,555.9959973272402,0.3428598986868313,3301.240;3595.666;3216.208;2025.249;487.063;-9.948;1352.435;1325.012;1520.559;1671.620;2306.551;1995.251;2885.263;3128.471;2323.254;1620.795;806.271;3592.318;1158.167;618.877;3.449;3591.027;304.194;964.974;-0.317;500.117;1395.869;3584.167;918.577;3610.157;282.590;1109.596;952.543;3202.130;3595.731;783.756;1417.639;907.103;2870.346;2386.139;7.697;2674.524;2872.019;14.282;1431.480;3239.361;3598.581;2158.843;4.990;1671.982;450.786;2140.302;669.043;1.732;1910.304;-4.089;3027.039;3595.557;3371.118;1201.103;2255.727;2495.430;1769.562;1814.492;-0.510;1.606;1343.988;1605.381;506.515;2016.389;1987.522;2663.499;909.242;1147.326;3475.770;2275.091;2690.819;1874.110;3048.781;2467.021;3350.177;442.699;1133.330;1507.643;1741.447;2638.671;3290.500;2324.964;3600.527;2742.871;382.333;2169.738;2260.491;2768.136;3187.613;547.318;337.343;2829.021;2.242;3277.649,1407.959;3613.693;3586.948;529.346;3607.079;2801.519;535.732;2543.324;3592.888;2825.050;5.066;1856.934;1362.690;4.403;3602.155;3127.808;572.654;2354.458;1826.700;1295.099;1688.233;1952.743;3231.095;35.274;2373.556;2031.435;220.398;375.376;2494.445;3347.632;22.183;1546.476;3593.116;1742.338;1103.252;918.820;-8.113;312.393;2379.105;2101.953;2001.974;1115.183;3412.239;3573.754;2153.457;2795.057;2781.977;1370.076;700.625;948.150;922.565;1607.849;-2.633;1253.251;2125.425;1474.787;2006.119;2562.811;3191.527;1102.028;720.386;1650.871;2529.068;303.501;388.337;935.215;759.237;1616.383;2462.515;1123.190;3574.922;3014.350;2082.835;1336.048;31.695;2466.585;2711.267;-5.895;2995.219;3243.181;2225.773;2813.613;3135.841;3349.748;1381.758;18.452;920.562;302.082;1614.729;1807.244;3020.310;2961.164;903.291;3590.156;321.367;1694.443;389.039;647.522;-4.937;710.305
139,252.15912103652954,138,-555.8417775478931,555.8417775478931,0.34075144590039735,3301.844;3604.921;3221.500;2015.940;487.427;0.766;1341.338;1316.593;1512.358;1680.826;2296.602;1988.485;2881.353;3118.417;2314.274;1631.334;805.117;3583.261;1164.995;623.659;13.645;3598.784;293.099;975.469;3.139;496.956;1388.963;3588.265;908.471;3599.306;272.012;1100.034;959.612;3198.563;3606.229;785.799;1424.004;896.733;2879.034;2376.079;14.940;2684.958;2863.047;10.610;1420.872;3229.921;3607.702;2164.731;-6.013;1662.388;441.231;2142.956;670.915;-9.206;1899.660;6.015;3032.519;3584.564;3367.593;1211.945;2244.757;2495.501;1775.088;1811.045;-8.365;3.026;1352.944;1598.194;513.280;2014.355;1995.926;2652.614;919.496;1157.091;3483.614;2285.584;2700.816;1882.879;3047.842;2478.101;3339.866;447.272;1122.890;1498.727;1751.293;2649.736;3301.674;2336.104;3592.258;2753.605;379.300;2159.228;2271.268;2757.938;3198.648;542.926;348.553;2818.314;2.872;3266.685,1410.858;3603.184;3582.878;537.453;3596.425;2802.439;536.851;2553.250;3600.048;2827.879;-0.525;1850.333;1351.527;-0.080;3612.364;3125.571;565.930;2344.212;1815.886;1291.213;1677.340;1950.120;3222.145;41.224;2380.028;2032.503;210.124;385.560;2501.359;3351.627;32.947;1535.498;3603.614;1752.239;1092.858;928.905;2.308;323.490;2380.344;2098.428;1995.686;1104.342;3403.441;3564.463;2148.053;2796.517;2791.265;1360.095;711.334;939.422;912.146;1604.015;-1.234;1249.655;2135.224;1485.097;2014.989;2558.805;3181.012;1112.328;710.115;1659.762;2539.896;313.953;377.848;925.682;763.056;1627.102;2451.895;1125.217;3566.514;3023.553;2092.183;1346.987;34.138;2466.596;2700.815;4.260;3006.329;3232.804;2236.544;2824.571;3140.301;3349.688;1381.482;27.743;909.744;312.505;1604.295;1804.077;3016.979;2951.393;913.236;3598.668;310.369;1694.347;399.422;658.282;-9.762;713.404
140,254.01183438301086,139,-555.2354645459645,555.2354645459645,0.2263366290987532,3291.135;3594.550;3221.300;2010.682;494.243;-0.643;1330.685;1307.009;1520.070;1691.725;2285.520;1977.520;2885.791;3107.336;2324.293;1625.842;815.878;3572.222;1172.521;617.401;19.167;3609.771;301.944;969.676;0.140;488.716;1377.977;3598.962;897.406;3595.760;262.822;1090.102;952.256;3205.980;3595.819;775.461;1434.971;895.704;2889.525;2372.901;25.889;2691.343;2872.637;-0.054;1426.726;3240.285;3602.334;2175.687;4.243;1657.172;448.111;2135.143;662.852;0.404;1895.432;9.673;3022.605;3590.185;3357.093;1223.086;2234.085;2486.134;1764.875;1821.536;1.845;-1.755;1345.667;1587.219;505.226;2025.007;1989.463;2652.016;930.074;1148.160;3479.523;2290.849;2696.171;1882.926;3037.899;2474.123;3348.226;436.460;1112.632;1487.672;1762.362;2653.934;3312.829;2347.257;3591.352;2760.220;390.082;2154.442;2281.229;2754.541;3199.363;553.672;352.669;2813.199;12.375;3255.547,1400.562;3595.769;3593.307;548.012;3594.387;2812.402;526.095;2554.193;3609.151;2837.766;4.880;1839.804;1360.052;8.475;3601.602;3133.814;573.688;2351.238;1809.482;1301.683;1687.170;1940.714;3232.255;30.469;2390.911;2026.088;201.209;376.574;2510.000;3341.887;22.624;1544.192;3593.222;1762.556;1098.178;933.335;0.127;333.838;2391.175;2108.670;2000.196;1100.772;3411.618;3574.384;2137.125;2806.525;2801.535;1353.119;722.454;946.458;901.503;1614.241;9.567;1260.387;2125.571;1475.648;2004.778;2552.001;3170.646;1112.573;711.681;1667.557;2531.570;304.477;386.125;914.616;773.943;1618.295;2450.917;1128.844;3577.150;3018.026;2085.657;1337.426;24.188;2476.696;2705.993;7.716;3005.859;3224.842;2226.760;2828.402;3130.724;3339.802;1370.706;17.168;906.461;302.803;1594.430;1796.353;3020.810;2952.384;922.376;3608.246;318.815;1689.602;390.176;668.437;0.999;702.687
141,255.89255738258362,140,-555.4416484988521,555.4416484988521,0.2619579442800162,3295.709;3587.926;3232.070;2020.985;488.067;-9.012;1340.553;1315.320;1509.711;1689.516;2289.737;1979.696;2875.110;3102.437;2328.697;1635.040;825.934;3581.616;1175.213;607.136;10.215;3599.417;293.165;958.924;8.885;497.015;1382.728;3609.410;889.300;3599.153;251.964;1095.194;962.537;3195.907;3596.631;767.033;1436.304;891.282;2898.058;2362.117;16.390;2699.788;2883.610;-4.867;1425.206;3234.542;3591.799;2185.478;7.456;1647.451;451.989;2126.707;651.889;9.946;1885.233;0.223;3011.838;3600.966;3367.607;1223.310;2234.504;2475.128;1755.236;1819.193;6.285;-4.240;1334.732;1578.423;494.265;2016.108;1996.782;2641.786;940.805;1153.684;3468.689;2282.899;2705.231;1872.802;3026.873;2466.398;3355.913;433.471;1105.519;1496.883;1772.678;2664.504;3316.486;2338.971;3594.306;2771.122;400.898;2161.415;2274.689;2743.706;3210.139;552.304;363.341;2802.331;5.463;3260.019,1392.542;3602.436;3586.666;537.678;3596.028;2816.209;515.085;2545.227;3598.421;2828.978;-4.030;1828.757;1364.472;0.891;3595.815;3124.066;584.580;2344.629;1818.698;1311.557;1692.217;1929.778;3237.128;37.021;2384.849;2035.947;190.218;386.306;2520.130;3352.066;29.961;1536.383;3601.440;1768.594;1109.056;944.181;-9.687;341.099;2387.673;2119.647;2007.623;1090.140;3422.491;3580.099;2137.143;2804.573;2812.539;1346.684;729.535;957.384;890.431;1617.436;4.478;1250.632;2117.054;1485.619;2014.667;2541.208;3159.632;1102.042;722.495;1678.456;2531.221;313.620;379.132;915.377;779.806;1626.457;2440.555;1118.150;3575.825;3007.441;2095.950;1326.807;20.918;2466.602;2695.649;-1.374;3016.449;3234.679;2235.765;2838.728;3137.959;3329.200;1359.656;24.737;895.628;295.776;1603.633;1785.446;3024.169;2963.198;933.367;3597.817;321.224;1679.055;398.493;658.216;-3.771;697.689
142,257.5993857383728,141,-556.0318185149804,556.0318185149804,0.3377938088080975,3306.430;3580.009;3233.740;2013.126;477.264;1.240;1346.872;1306.231;1508.733;1695.582;2291.385;1973.527;2882.588;3109.012;2339.307;1625.110;833.451;3590.883;1164.547;614.939;0.485;3597.717;301.594;956.008;-1.449;507.672;1388.979;3598.988;880.943;3609.721;253.762;1096.593;955.984;3189.386;3600.954;756.887;1429.227;901.684;2907.190;2351.412;16.143;2709.336;2875.149;5.777;1415.468;3223.748;3589.227;2195.791;13.764;1651.708;460.116;2137.051;642.753;4.343;1892.894;-7.173;3008.954;3609.086;3371.462;1220.130;2243.394;2474.071;1765.107;1810.203;-2.368;6.288;1332.877;1587.601;491.034;2005.176;1986.172;2640.599;950.500;1143.643;3477.752;2272.005;2714.627;1872.455;3035.778;2468.645;3351.161;431.471;1106.110;1503.600;1783.520;2673.437;3306.605;2346.115;3604.900;2768.877;396.437;2151.598;2272.199;2752.224;3218.282;555.636;360.574;2808.207;-5.305;3270.455,1402.939;3608.500;3577.369;538.641;3606.458;2805.720;515.208;2555.635;3597.960;2838.949;1.662;1838.312;1374.892;-9.822;3602.228;3130.127;579.971;2351.277;1808.639;1308.152;1702.621;1935.014;3226.956;46.673;2374.060;2032.352;190.671;391.928;2510.508;3344.610;40.328;1534.652;3595.006;1760.042;1100.449;953.141;0.519;351.967;2398.241;2109.776;1997.156;1079.932;3412.707;3578.842;2147.699;2793.821;2813.045;1335.835;740.215;965.268;879.929;1607.173;-5.978;1240.565;2107.902;1496.128;2018.012;2551.266;3163.650;1091.082;717.824;1688.200;2520.559;307.018;368.424;914.988;789.183;1625.703;2449.419;1121.515;3565.327;3001.709;2106.239;1318.188;20.086;2461.264;2703.977;3.342;3027.345;3244.490;2231.560;2849.620;3148.229;3339.692;1369.764;35.516;903.077;284.933;1598.079;1780.443;3034.869;2953.223;927.706;3605.164;311.523;1688.046;398.950;651.094;-3.027;705.640
143,259.43723726272583,142,-556.0711709725832,556.0711709725832,0.1752509141765996,3306.211;3588.944;3243.659;2022.362;469.737;2.997;1353.316;1300.296;1513.709;1687.088;2284.921;1980.924;2883.969;3119.794;2342.262;1614.384;844.258;3588.374;1166.911;606.531;10.627;3593.357;294.516;966.044;8.429;497.330;1399.008;3596.649;870.392;3599.500;263.787;1086.581;964.691;3196.351;3591.572;746.008;1418.569;894.052;2916.961;2340.739;8.145;2700.713;2875.711;8.544;1404.580;3229.400;3598.874;2206.712;4.149;1654.624;470.918;2127.267;645.521;3.642;1883.099;2.876;3019.538;3598.634;3361.674;1230.444;2251.510;2466.200;1775.983;1799.327;3.876;-0.235;1335.369;1579.063;501.516;1995.092;1983.622;2629.942;958.425;1132.773;3488.385;2274.532;2712.492;1882.674;3046.166;2479.190;3361.442;441.756;1095.433;1513.004;1793.517;2671.240;3297.995;2356.496;3594.546;2758.501;386.073;2141.312;2282.529;2751.302;3212.476;545.217;369.283;2817.185;3.467;3281.086,1406.357;3598.050;3567.972;528.340;3596.753;2796.114;509.517;2566.542;3606.193;2849.830;-8.881;1833.126;1367.082;-0.305;3604.120;3119.820;590.230;2360.419;1798.275;1318.543;1711.905;1928.341;3234.994;39.180;2374.911;2023.751;200.070;386.891;2499.970;3339.490;34.473;1524.309;3584.867;1749.181;1106.055;960.490;-4.555;346.894;2392.516;2115.645;1999.580;1088.352;3421.115;3569.983;2158.578;2788.814;2823.625;1324.916;734.767;955.124;869.245;1614.560;3.391;1230.398;2118.226;1505.749;2007.697;2552.963;3172.041;1095.897;721.050;1682.773;2524.532;317.084;361.385;925.374;798.683;1636.363;2457.214;1132.200;3556.059;3007.617;2096.403;1307.369;9.929;2450.525;2705.881;13.409;3026.089;3234.506;2224.063;2859.576;3159.160;3349.449;1373.553;46.235;896.637;273.978;1608.168;1790.579;3036.166;2942.991;917.407;3598.341;321.900;1698.733;406.116;640.872;7.230;697.680
144,261.30283522605896,143,-555.9944144414526,555.9944144414526,0.2369433746371674,3295.763;3599.751;3249.165;2016.562;464.365;-5.984;1358.096;1289.653;1523.710;1689.629;2295.411;1970.619;2873.863;3129.222;2352.899;1624.696;855.151;3598.693;1160.741;616.895;2.191;3601.760;301.960;956.662;0.480;506.340;1406.695;3600.450;859.524;3599.207;257.670;1097.009;975.495;3207.087;3582.454;743.724;1407.687;883.605;2927.702;2329.921;-2.631;2689.989;2886.166;-0.113;1411.584;3229.824;3606.206;2201.534;-5.951;1665.244;473.115;2137.172;635.749;11.940;1887.349;13.507;3013.579;3589.047;3352.549;1221.285;2262.209;2455.434;1771.061;1808.896;-6.037;9.463;1325.505;1569.194;497.883;1995.829;1972.986;2639.749;948.039;1121.907;3497.396;2264.323;2701.850;1872.360;3054.618;2469.768;3372.156;451.752;1085.290;1505.572;1804.020;2660.896;3287.219;2347.042;3590.414;2756.545;395.939;2140.683;2272.382;2740.734;3209.216;546.961;362.070;2808.077;-3.945;3291.976,1396.475;3591.268;3578.022;534.744;3598.805;2801.936;518.257;2577.368;3595.874;2844.716;0.396;1823.031;1356.351;6.869;3610.529;3124.853;581.668;2350.045;1807.314;1329.369;1722.681;1936.185;3232.860;28.438;2373.703;2013.029;206.639;397.286;2489.698;3329.315;25.958;1513.494;3594.336;1756.178;1103.531;971.090;4.315;338.128;2399.951;2119.949;2010.037;1099.058;3414.581;3580.555;2160.898;2798.664;2817.646;1316.859;733.453;947.207;865.886;1606.411;7.491;1238.360;2128.701;1514.786;2006.229;2563.592;3182.700;1106.581;710.765;1692.872;2514.851;327.934;350.723;936.225;788.346;1637.952;2467.975;1141.530;3564.654;3018.309;2088.298;1304.303;-0.822;2460.255;2695.670;3.113;3016.036;3227.983;2213.318;2870.303;3156.708;3357.887;1375.286;37.371;904.477;267.849;1599.465;1798.564;3025.805;2949.025;906.546;3588.903;312.559;1703.759;395.827;651.027;16.380;687.178
145,263.19908022880554,144,-556.4390065679913,556.4390065679913,0.31840525192672847,3305.470;3610.590;3238.935;2009.450;473.772;4.075;1368.412;1278.863;1534.334;1700.210;2300.805;1979.955;2879.766;3139.385;2344.389;1618.887;848.147;3605.267;1152.666;626.777;5.505;3597.752;291.913;966.485;3.166;497.429;1417.350;3591.869;848.720;3603.113;253.535;1095.406;967.432;3198.251;3571.693;739.814;1402.130;872.910;2920.677;2337.458;3.052;2679.870;2885.827;5.229;1422.089;3219.716;3596.150;2209.994;4.395;1657.993;463.438;2133.423;642.253;22.277;1877.011;3.657;3019.140;3592.058;3362.622;1219.457;2263.770;2464.693;1780.322;1800.880;3.693;0.088;1316.119;1567.795;508.008;2006.137;1964.065;2630.734;952.354;1128.829;3498.516;2253.515;2711.101;1877.382;3065.323;2467.337;3375.759;462.501;1091.920;1494.875;1802.379;2650.120;3281.755;2340.465;3590.772;2747.100;386.267;2147.877;2277.250;2743.803;3217.445;545.118;351.393;2817.881;-14.545;3286.884,1393.185;3593.428;3588.820;544.576;3598.841;2812.555;526.663;2577.089;3599.280;2841.994;-1.421;1827.233;1361.267;9.087;3600.016;3118.011;585.500;2343.849;1817.089;1321.706;1715.699;1946.731;3242.506;17.992;2383.666;2014.422;217.276;392.177;2478.901;3318.539;15.244;1516.800;3603.602;1747.906;1094.438;981.150;-4.680;327.507;2409.775;2129.624;2015.012;1094.334;3404.243;3590.255;2151.754;2808.527;2825.094;1324.796;722.922;955.100;856.080;1595.799;17.785;1241.738;2120.541;1516.006;2014.056;2556.650;3189.301;1100.076;700.994;1701.263;2522.918;334.085;358.682;946.949;796.161;1648.099;2478.455;1148.147;3575.394;3011.675;2086.339;1308.509;-9.592;2463.647;2688.140;-4.684;3011.890;3218.700;2205.874;2860.398;3148.949;3347.703;1365.081;26.681;915.183;277.414;1591.305;1808.732;3035.861;2959.530;908.132;3597.923;307.774;1713.487;385.020;653.176;26.643;676.425
146,264.9091377258301,145,-556.6015785451757,556.6015785451757,0.29295988328237854,3315.129;3606.455;3228.194;2019.376;467.120;6.461;1379.151;1268.866;1545.094;1705.953;2291.115;1990.479;2890.354;3143.232;2333.714;1608.403;856.999;3595.212;1162.874;617.148;16.026;3608.055;282.374;977.211;9.338;494.613;1428.120;3592.287;837.943;3592.814;263.949;1085.159;956.777;3187.614;3581.139;744.995;1391.557;862.227;2910.222;2347.325;13.609;2669.422;2876.100;-4.762;1412.307;3208.984;3605.836;2220.660;-4.016;1647.402;452.748;2123.162;652.859;11.891;1884.910;-7.075;3029.715;3582.220;3373.304;1209.176;2253.386;2475.377;1790.231;1791.447;1.474;9.965;1325.952;1578.249;502.650;2014.507;1953.380;2620.194;961.612;1137.754;3509.022;2243.557;2721.717;1887.705;3075.164;2477.778;3386.211;472.761;1102.453;1485.884;1791.926;2659.810;3291.938;2350.480;3599.188;2736.426;377.102;2137.527;2287.805;2753.222;3207.037;534.622;340.846;2828.240;-4.402;3276.542,1401.511;3602.370;3594.519;542.873;3589.496;2816.663;537.309;2580.866;3602.829;2831.747;-10.778;1837.773;1357.380;1.151;3597.278;3107.532;595.999;2333.453;1817.465;1311.170;1705.577;1957.496;3253.227;8.937;2373.553;2018.007;227.231;397.169;2482.434;3317.945;6.246;1523.054;3593.616;1737.523;1104.065;991.891;1.496;319.097;2400.019;2120.157;2025.453;1087.124;3398.034;3594.952;2159.371;2801.242;2834.232;1329.782;712.227;945.458;845.350;1585.031;12.543;1231.499;2110.071;1526.516;2024.321;2566.081;3199.823;1104.691;690.958;1696.386;2515.576;343.458;368.060;957.544;788.381;1655.297;2488.367;1158.689;3579.337;3001.765;2095.995;1319.052;0.468;2473.202;2691.348;5.196;3020.759;3224.621;2211.167;2862.216;3158.695;3355.671;1371.207;30.097;925.442;271.293;1581.437;1819.471;3029.981;2961.297;910.615;3607.402;298.539;1705.893;375.959;660.855;23.267;665.654
147,266.762978553772,146,-556.7037870975103,556.7037870975103,0.2060465909878158,3325.649;3596.035;3219.384;2023.811;465.443;-1.182;1373.250;1258.338;1554.655;1716.475;2280.857;1985.147;2900.839;3132.916;2323.750;1616.649;855.750;3586.297;1170.864;606.512;10.838;3598.036;271.755;982.790;2.046;504.112;1420.591;3602.671;833.898;3594.689;256.835;1080.268;947.224;3184.604;3574.643;755.502;1387.573;858.258;2901.113;2338.196;13.733;2667.449;2881.944;5.127;1420.735;3214.395;3597.372;2229.902;-0.379;1651.381;462.652;2127.578;644.358;1.728;1874.828;2.184;3035.721;3591.670;3377.732;1198.551;2251.584;2473.510;1799.580;1795.368;-7.851;12.982;1332.930;1581.794;492.311;2005.328;1950.250;2610.978;972.229;1148.360;3514.989;2233.151;2727.483;1887.692;3081.257;2486.504;3377.659;483.240;1097.396;1475.260;1791.228;2669.589;3296.387;2354.314;3609.517;2725.827;375.644;2146.714;2288.239;2763.542;3211.888;533.092;350.022;2838.737;4.849;3273.313,1411.883;3592.537;3602.510;532.635;3599.328;2826.453;529.822;2590.112;3594.473;2841.071;-0.660;1845.296;1367.287;8.493;3601.001;3114.143;599.083;2323.604;1826.601;1303.117;1713.431;1949.598;3243.807;-0.103;2376.689;2008.516;217.028;404.684;2473.541;3314.143;-2.043;1513.801;3591.359;1736.223;1095.657;1002.393;-2.668;308.502;2400.509;2109.506;2036.046;1097.057;3396.214;3605.435;2165.913;2799.373;2836.706;1324.794;703.648;939.095;851.214;1578.202;3.424;1228.121;2117.698;1532.441;2034.488;2576.215;3193.160;1114.759;692.865;1686.016;2524.175;354.107;378.710;961.694;778.285;1650.410;2481.950;1155.175;3588.824;3008.897;2106.645;1329.362;-2.218;2463.628;2701.798;7.908;3012.754;3234.785;2201.223;2871.911;3154.406;3347.114;1362.022;25.780;922.581;280.193;1573.988;1819.669;3039.452;2970.805;900.837;3597.530;289.002;1703.355;370.547;664.515;31.655;655.223
148,268.6420178413391,147,-556.9723543970154,556.9723543970154,0.2557369102350521,3318.937;3593.586;3219.710;2024.493;475.717;-10.622;1380.711;1262.537;1557.283;1721.145;2289.590;1984.055;2904.653;3136.698;2318.633;1622.336;845.919;3592.900;1160.986;599.998;2.073;3597.540;265.192;975.527;-7.281;510.558;1414.577;3596.357;832.467;3602.968;266.415;1089.566;946.651;3174.522;3584.439;758.229;1397.501;867.134;2906.316;2347.064;19.190;2677.476;2875.123;0.438;1412.908;3205.526;3598.887;2223.029;-2.592;1655.364;457.262;2122.403;646.912;-1.832;1880.773;2.205;3039.688;3598.498;3373.346;1200.481;2259.000;2465.855;1792.979;1804.778;2.099;17.657;1322.960;1572.404;488.715;2013.948;1956.510;2613.697;973.236;1158.302;3512.239;2231.774;2724.069;1894.927;3072.188;2479.066;3387.254;476.363;1087.962;1470.793;1782.288;2678.733;3290.725;2346.753;3599.470;2734.858;385.401;2154.030;2279.107;2758.276;3203.972;543.200;341.389;2832.839;12.854;3282.378,1419.139;3597.672;3593.349;540.441;3597.530;2836.464;538.232;2598.170;3597.198;2833.372;-1.505;1836.369;1375.133;-1.670;3603.409;3124.421;592.490;2325.281;1836.604;1311.386;1723.457;1939.237;3248.732;8.490;2385.065;2016.891;212.598;398.142;2481.419;3303.768;7.054;1503.436;3592.142;1745.480;1090.567;993.938;-9.278;310.523;2407.551;2114.736;2038.272;1097.464;3402.972;3595.913;2159.235;2798.647;2847.032;1334.803;711.986;929.931;853.550;1586.918;-6.453;1219.795;2127.899;1526.934;2045.111;2573.934;3192.654;1107.835;682.817;1692.181;2519.340;345.833;370.299;964.548;785.821;1660.388;2471.499;1144.779;3595.933;3017.612;2099.250;1322.432;-0.045;2458.501;2695.499;4.630;3021.130;3244.592;2199.344;2875.577;3164.181;3339.552;1371.736;16.644;913.781;289.914;1563.566;1810.393;3043.075;2961.538;910.711;3601.070;297.443;1696.368;377.816;674.925;21.728;658.648
149,270.54401898384094,148,-557.3926487808765,557.3926487808765,0.2860842686768052,3321.570;3600.867;3229.397;2034.777;466.987;-0.477;1384.090;1268.466;1548.066;1714.788;2294.228;1974.428;2911.677;3143.902;2326.513;1627.769;847.385;3602.275;1156.813;604.295;-7.827;3593.917;267.601;971.258;2.980;519.638;1413.751;3596.510;840.491;3594.853;265.038;1096.999;950.578;3166.291;3579.723;749.048;1404.756;870.273;2906.866;2345.788;9.358;2687.130;2864.697;4.978;1404.591;3199.878;3597.784;2229.026;7.131;1649.351;464.436;2128.935;655.104;6.379;1885.944;8.951;3045.124;3595.741;3365.582;1210.455;2265.381;2464.942;1783.464;1794.996;-2.009;9.318;1316.875;1566.490;484.855;2005.045;1948.277;2605.546;972.519;1150.678;3520.521;2241.908;2713.932;1903.344;3081.553;2484.529;3396.824;471.063;1078.257;1475.089;1782.745;2669.537;3280.345;2342.489;3598.162;2733.958;383.202;2146.668;2271.999;2767.902;3205.215;535.861;348.723;2839.522;4.662;3292.889,1424.082;3607.873;3598.115;541.478;3607.566;2835.706;531.024;2608.644;3605.628;2823.620;-4.715;1836.326;1372.564;2.160;3593.767;3116.542;589.126;2315.712;1830.095;1302.071;1720.792;1930.325;3257.701;6.148;2395.542;2024.466;204.890;405.168;2474.781;3310.654;1.957;1493.364;3583.786;1739.802;1093.072;999.264;0.938;320.108;2397.923;2124.268;2046.496;1090.052;3412.202;3595.191;2165.285;2807.891;2840.082;1324.818;703.431;939.659;862.899;1580.326;3.312;1229.510;2138.326;1516.728;2040.589;2575.803;3182.572;1116.428;672.441;1702.578;2528.634;354.030;367.866;954.579;777.341;1670.679;2461.380;1147.368;3605.790;3007.777;2097.162;1313.662;-7.390;2458.144;2704.350;13.945;3031.463;3237.978;2209.328;2865.393;3162.596;3347.955;1381.418;14.851;918.469;283.647;1563.064;1817.133;3053.253;2970.728;914.183;3608.978;294.872;1706.635;372.252;678.591;23.574;651.921
150,272.2614710330963,149,-557.5248752442594,557.5248752442594,0.3224561209345108,3321.216;3610.837;3220.922;2043.045;473.566;-0.599;1394.373;1278.639;1537.610;1723.349;2304.169;1982.734;2901.824;3154.256;2321.094;1618.215;857.621;3609.981;1165.525;594.309;2.072;3599.331;258.567;980.783;1.259;530.034;1403.963;3603.671;830.506;3601.498;274.722;1107.380;940.462;3175.761;3588.221;758.014;1396.236;860.251;2896.740;2355.471;-0.267;2697.068;2874.354;6.297;1395.074;3207.906;3606.316;2239.352;1.380;1658.093;467.520;2119.285;645.355;8.248;1876.391;-0.800;3051.490;3604.260;3374.733;1200.621;2275.428;2475.083;1776.534;1784.547;3.070;-0.927;1319.648;1576.369;474.832;1996.907;1938.101;2595.131;982.586;1152.616;3530.922;2232.809;2722.772;1913.763;3081.684;2494.240;3387.650;480.829;1067.853;1485.226;1772.565;2673.000;3280.197;2332.191;3607.637;2741.638;373.245;2156.218;2280.317;2758.263;3208.468;535.456;353.183;2849.306;-5.627;3285.240,1414.020;3599.313;3589.629;531.488;3597.634;2845.617;530.276;2601.559;3595.491;2831.538;4.923;1829.149;1382.698;-7.401;3584.611;3121.637;584.751;2305.295;1820.188;1291.818;1717.095;1937.410;3252.156;4.498;2401.644;2034.856;213.497;395.076;2484.827;3305.141;-8.324;1485.290;3593.219;1731.047;1083.053;1008.624;0.502;310.750;2407.304;2134.743;2036.527;1079.706;3422.562;3586.015;2155.315;2798.022;2841.315;1323.800;711.967;937.052;855.751;1571.660;-4.278;1231.901;2135.256;1508.196;2030.320;2567.382;3191.043;1109.418;667.502;1711.347;2519.525;353.413;357.611;962.659;784.579;1680.886;2450.906;1139.679;3595.780;3002.756;2106.578;1321.881;2.742;2447.909;2714.690;23.084;3026.004;3227.615;2213.931;2871.296;3152.686;3340.058;1388.960;17.129;924.680;273.295;1552.916;1826.176;3045.647;2980.032;924.231;3599.020;304.075;1716.712;382.411;669.688;15.267;661.500
151,274.129230260849,150,-557.6399400741693,557.6399400741693,0.3513241622838034,3311.477;3600.803;3212.045;2053.213;464.229;-5.419;1402.732;1269.966;1538.312;1716.137;2314.557;1984.738;2892.182;3151.540;2326.758;1609.668;853.794;3599.914;1174.374;590.708;-1.621;3609.507;259.786;981.833;-6.552;522.401;1393.841;3593.715;822.599;3611.797;270.193;1101.824;934.619;3181.612;3598.584;756.399;1405.134;866.700;2888.273;2365.786;-9.753;2707.258;2870.759;-3.322;1402.642;3201.600;3596.278;2249.532;10.378;1648.278;457.841;2123.753;638.285;-1.612;1867.432;4.300;3061.778;3594.368;3375.738;1199.830;2285.812;2468.287;1766.232;1774.231;-5.392;-5.264;1310.217;1582.609;482.865;1986.552;1943.151;2594.690;992.394;1160.582;3537.627;2233.482;2721.810;1907.122;3088.904;2503.161;3389.223;477.371;1065.680;1479.679;1775.956;2683.194;3272.240;2322.229;3598.174;2732.305;376.130;2148.518;2270.739;2760.556;3213.265;545.548;344.123;2859.209;3.712;3292.845,1423.234;3606.088;3579.841;521.166;3602.017;2838.169;537.860;2610.955;3602.310;2825.775;0.038;1838.645;1392.189;2.277;3574.629;3121.292;594.284;2296.220;1829.888;1299.141;1727.175;1946.939;3246.818;14.377;2391.804;2026.448;223.116;404.768;2493.470;3294.876;0.609;1475.037;3603.479;1720.715;1072.619;998.963;-9.082;303.795;2413.811;2125.867;2040.239;1083.744;3415.420;3592.656;2165.050;2793.488;2851.502;1313.841;710.942;947.166;864.396;1563.814;5.000;1221.982;2143.271;1498.126;2021.347;2577.228;3200.832;1118.799;657.248;1711.934;2522.436;363.178;350.382;972.322;794.023;1678.243;2444.409;1130.132;3594.948;2995.571;2108.465;1313.177;-1.436;2452.768;2705.860;33.471;3033.709;3229.105;2205.140;2878.967;3162.474;3331.959;1399.190;7.213;914.750;263.941;1542.515;1836.565;3035.626;2983.601;934.459;3603.089;294.203;1708.665;389.748;679.332;24.743;653.826
152,276.02247524261475,151,-557.5213528592786,557.5213528592786,0.19939522699094167,3301.653;3595.782;3216.867;2062.587;455.491;4.279;1394.868;1261.987;1548.260;1705.883;2323.472;1974.823;2888.598;3141.417;2336.800;1616.858;846.342;3602.672;1168.268;600.093;-4.727;3599.731;269.450;981.578;3.037;513.460;1385.138;3601.420;831.564;3602.507;270.569;1092.686;936.446;3175.251;3600.445;746.321;1411.041;874.332;2880.919;2366.950;0.253;2717.595;2861.923;6.143;1401.648;3191.600;3596.981;2245.622;16.815;1653.610;449.883;2129.891;647.867;5.461;1865.880;8.597;3056.539;3586.582;3385.808;1209.408;2292.823;2465.840;1775.676;1778.671;3.929;4.676;1315.124;1592.680;486.331;1982.562;1936.413;2587.611;987.776;1150.806;3530.305;2242.480;2712.064;1900.574;3099.145;2513.486;3395.736;469.793;1056.530;1470.579;1781.268;2675.451;3274.924;2325.603;3597.713;2729.984;366.803;2138.466;2261.854;2768.877;3223.450;541.280;334.645;2854.690;5.182;3303.024,1415.499;3596.380;3589.654;526.487;3595.288;2827.965;548.112;2603.008;3593.473;2816.284;-10.000;1848.978;1384.289;5.623;3584.205;3131.247;584.400;2306.102;1820.739;1303.284;1720.212;1957.290;3236.777;24.746;2398.256;2035.572;216.656;398.542;2494.254;3304.093;7.737;1483.792;3593.933;1710.660;1081.710;1001.884;-0.252;313.383;2405.652;2123.565;2049.124;1074.332;3405.471;3586.101;2157.163;2800.025;2843.413;1304.285;709.488;945.087;855.361;1573.105;-3.777;1230.082;2153.517;1503.703;2025.909;2568.901;3193.595;1109.565;655.935;1721.324;2512.598;356.635;358.597;964.535;803.991;1670.287;2452.579;1139.890;3600.913;2985.565;2098.786;1304.969;-6.142;2445.516;2715.169;42.424;3024.028;3219.484;2194.822;2870.614;3170.639;3341.228;1396.530;-3.148;905.505;273.105;1551.504;1845.390;3045.103;2993.491;925.945;3595.072;301.745;1709.625;383.431;670.957;15.485;658.581
153,277.7319424152374,152,-557.544108618493,557.544108618493,0.18718694336074942,3307.611;3594.460;3215.755;2072.810;461.991;2.983;1389.737;1252.204;1542.231;1697.653;2332.918;1981.939;2898.099;3133.517;2347.107;1610.270;836.163;3593.535;1158.621;607.202;4.375;3600.713;273.898;972.180;5.441;504.671;1375.398;3610.700;838.406;3598.015;260.706;1084.714;927.863;3182.285;3599.784;740.555;1420.927;884.207;2877.136;2360.277;-1.125;2709.470;2856.572;0.978;1395.876;3181.600;3603.324;2235.758;10.011;1663.165;448.196;2121.856;653.693;-2.884;1874.678;7.601;3046.401;3593.285;3391.878;1201.635;2301.118;2473.145;1784.260;1787.304;-3.020;12.067;1308.250;1599.617;477.349;1973.024;1926.232;2597.305;995.580;1159.399;3533.696;2249.757;2702.467;1906.529;3102.630;2506.320;3404.250;460.156;1046.271;1479.306;1773.645;2684.381;3265.011;2316.305;3601.828;2739.193;356.915;2141.010;2263.590;2770.333;3225.918;550.142;343.710;2856.558;-1.002;3312.735,1410.993;3604.233;3597.062;536.559;3590.477;2822.854;557.571;2612.779;3587.709;2815.147;-0.487;1854.708;1392.294;-3.111;3594.387;3141.547;574.225;2308.011;1821.656;1313.182;1711.475;1959.365;3233.153;15.619;2407.573;2045.219;219.226;407.097;2484.329;3306.354;2.640;1494.015;3597.063;1700.344;1081.581;992.175;8.753;322.928;2414.353;2133.142;2039.503;1064.449;3395.806;3588.924;2148.255;2808.662;2833.821;1298.620;719.331;935.517;845.121;1580.156;5.080;1239.254;2145.230;1497.061;2034.775;2576.073;3203.059;1107.967;663.166;1711.751;2502.456;346.874;352.356;974.210;808.408;1680.158;2456.109;1131.135;3591.831;2995.128;2106.827;1296.374;3.706;2435.321;2719.412;33.993;3014.262;3213.196;2189.973;2861.372;3180.070;3347.522;1406.223;6.533;896.611;264.782;1558.878;1850.236;3046.856;2984.003;932.434;3594.267;294.668;1700.800;391.340;660.745;5.527;668.654
154,279.5870258808136,153,-557.387230193872,557.387230193872,0.292642441575322,3297.787;3589.247;3225.709;2082.391;463.834;-6.362;1379.666;1243.876;1549.848;1697.802;2342.562;1972.555;2908.324;3123.526;2357.371;1619.794;835.587;3601.900;1165.404;617.319;-1.352;3606.470;265.389;980.221;-3.082;513.675;1384.649;3600.902;848.289;3602.138;269.943;1094.483;936.129;3174.235;3596.520;730.509;1417.507;881.390;2887.091;2350.174;-4.840;2701.222;2846.580;-8.813;1403.658;3171.394;3594.210;2225.715;19.548;1663.325;438.202;2131.575;662.401;-10.384;1884.852;17.447;3044.997;3602.093;3382.162;1206.481;2310.827;2483.205;1783.123;1797.279;-0.582;3.700;1317.242;1589.887;467.383;1981.384;1919.852;2598.206;986.336;1150.845;3543.396;2259.808;2692.236;1896.685;3112.656;2515.145;3394.382;450.791;1036.494;1474.057;1763.580;2693.828;3258.127;2308.067;3597.320;2748.934;366.148;2132.086;2256.638;2779.987;3235.912;545.011;336.531;2846.729;5.833;3322.129,1400.937;3596.554;3607.172;544.763;3589.576;2832.684;562.995;2615.937;3596.371;2805.975;4.683;1846.088;1383.254;5.989;3599.920;3151.569;564.937;2299.512;1817.812;1322.241;1716.897;1951.136;3223.625;5.444;2417.794;2052.630;227.812;416.069;2475.795;3307.380;-6.979;1504.218;3590.566;1706.289;1085.495;982.006;18.009;329.789;2407.868;2140.963;2045.391;1072.996;3385.898;3584.100;2144.776;2818.822;2823.738;1307.891;710.408;941.410;852.288;1590.004;3.526;1249.455;2153.157;1506.589;2031.985;2585.189;3204.041;1109.925;655.220;1716.269;2494.104;340.968;361.490;977.050;809.629;1671.381;2448.827;1134.484;3591.628;2996.165;2097.573;1301.143;0.673;2443.537;2712.095;23.823;3013.251;3222.081;2199.233;2851.163;3190.287;3344.883;1407.102;-0.352;888.545;270.722;1567.454;1847.207;3052.452;2984.954;923.533;3603.989;285.313;1690.600;382.051;659.434;1.268;670.667
155,281.4672350883484,154,-557.2082137473984,557.2082137473984,0.27712515113431613,3304.079;3598.407;3219.584;2073.208;471.194;3.047;1373.564;1253.627;1540.735;1696.373;2333.524;1964.914;2899.753;3130.422;2348.343;1629.961;838.025;3607.681;1175.456;608.540;7.991;3596.725;255.365;971.113;6.242;504.362;1394.460;3602.153;857.897;3608.298;268.243;1096.694;946.090;3166.627;3586.635;738.807;1407.538;871.473;2897.028;2343.590;4.638;2710.794;2839.614;0.853;1393.753;3163.212;3590.188;2226.406;14.576;1672.836;447.036;2139.790;671.494;-0.504;1879.688;9.131;3035.197;3593.511;3373.262;1209.669;2305.561;2473.584;1793.002;1802.839;8.375;-5.593;1327.362;1591.243;476.485;1989.816;1910.276;2605.136;976.899;1141.047;3553.379;2270.002;2683.779;1905.195;3106.599;2515.855;3400.930;445.751;1026.458;1478.649;1753.514;2688.905;3261.273;2316.477;3607.123;2757.184;374.937;2140.705;2266.079;2772.627;3228.128;550.060;344.866;2852.183;-3.385;3330.071,1409.357;3605.091;3597.970;554.872;3599.330;2823.313;569.498;2610.799;3594.586;2795.844;-4.306;1835.959;1373.281;5.378;3594.729;3144.301;571.322;2290.076;1807.835;1331.662;1707.539;1941.060;3232.908;0.371;2410.957;2060.974;217.924;406.809;2485.440;3298.781;2.748;1508.957;3598.536;1698.748;1095.479;976.296;12.386;339.827;2397.836;2150.915;2053.747;1063.400;3375.969;3574.111;2154.380;2824.855;2832.995;1300.313;718.849;932.263;857.646;1600.174;-6.251;1241.803;2158.729;1503.500;2041.858;2575.801;3213.976;1119.778;645.133;1706.960;2484.063;330.939;352.649;984.780;819.578;1679.858;2438.771;1143.218;3601.518;2987.286;2091.973;1291.454;5.353;2434.615;2703.859;15.669;3022.372;3232.218;2209.382;2850.037;3200.386;3335.182;1416.966;5.882;897.741;279.270;1577.575;1837.241;3062.447;2975.146;915.931;3598.197;294.582;1684.073;391.466;655.672;-8.705;664.645
156,283.17269015312195,155,-557.0093403221613,557.0093403221613,0.2734377547408464,3313.819;3608.208;3228.382;2071.594;481.155;-3.107;1363.767;1263.497;1532.004;1706.151;2331.722;1955.268;2905.806;3140.424;2340.333;1622.886;847.887;3598.109;1167.979;606.806;9.658;3601.027;249.023;961.045;0.283;511.632;1404.429;3595.187;861.695;3598.590;260.587;1106.534;956.188;3156.652;3595.870;734.396;1399.050;878.671;2906.705;2333.654;0.017;2713.970;2829.617;1.628;1393.781;3153.176;3599.644;2216.928;6.313;1665.091;455.435;2149.760;661.809;-1.706;1872.913;8.418;3041.328;3601.395;3363.198;1203.190;2296.920;2466.695;1792.363;1811.620;6.457;3.917;1332.757;1581.618;474.231;1981.103;1919.738;2595.907;966.827;1131.288;3563.361;2270.301;2673.840;1897.190;3115.928;2525.694;3392.201;435.810;1018.383;1488.576;1763.107;2697.568;3271.182;2308.340;3598.089;2766.864;384.997;2135.268;2276.157;2782.237;3218.144;559.806;354.825;2842.532;4.804;3320.713,1419.246;3596.221;3592.504;554.701;3609.447;2822.956;559.743;2601.091;3603.903;2804.202;-0.740;1842.138;1364.993;-4.145;3585.145;3134.289;581.149;2281.494;1813.967;1341.737;1716.307;1943.952;3242.985;-8.562;2403.444;2051.643;214.016;399.173;2495.273;3296.783;10.189;1501.023;3606.173;1688.728;1087.817;967.516;4.006;339.454;2401.617;2141.865;2062.607;1068.112;3366.643;3571.730;2164.434;2815.268;2836.010;1290.346;726.841;940.519;863.763;1610.061;-0.407;1232.233;2168.682;1505.894;2035.460;2568.050;3208.668;1129.586;644.957;1711.384;2491.745;332.477;342.938;993.735;826.161;1674.619;2428.721;1133.989;3598.611;2977.224;2082.023;1299.815;-2.755;2433.540;2693.824;17.406;3032.371;3241.841;2217.637;2840.695;3199.751;3344.964;1426.988;14.436;907.442;270.182;1573.673;1830.194;3062.856;2978.830;921.988;3607.297;299.292;1674.349;400.967;663.830;0.211;654.885
157,285.01122760772705,156,-556.7772767442966,556.7772767442966,0.26417764892968687,3323.463;3598.744;3238.366;2063.777;472.667;4.515;1355.766;1271.226;1522.049;1715.883;2341.388;1945.214;2896.641;3144.186;2332.966;1632.062;838.751;3599.427;1159.043;616.458;1.562;3604.757;239.565;951.170;-8.417;504.940;1400.938;3602.458;871.544;3602.465;253.363;1112.931;951.498;3146.586;3605.847;740.239;1406.811;888.120;2916.516;2338.898;4.921;2723.782;2819.694;-1.951;1386.113;3154.185;3609.234;2208.242;8.912;1674.502;446.316;2159.671;665.260;3.232;1863.019;9.146;3033.565;3592.038;3353.249;1193.264;2302.707;2456.932;1782.814;1821.597;-3.342;5.224;1323.555;1572.153;464.424;1989.025;1929.512;2587.357;967.626;1138.072;3554.444;2278.846;2663.779;1887.385;3124.007;2535.676;3399.799;426.542;1027.927;1484.923;1762.471;2689.350;3280.612;2312.024;3600.695;2776.884;394.056;2125.431;2268.941;2784.146;3210.628;550.683;364.856;2832.504;-2.800;3326.264,1419.898;3600.374;3598.546;562.364;3599.907;2816.320;567.447;2610.402;3595.151;2800.434;5.816;1833.111;1365.679;4.248;3592.492;3139.441;572.042;2290.458;1805.934;1338.460;1710.474;1934.379;3238.413;1.034;2409.345;2055.360;204.713;404.811;2495.222;3290.595;3.031;1509.827;3596.442;1692.468;1089.700;969.248;-5.989;346.982;2408.754;2149.596;2053.301;1074.179;3371.841;3580.356;2161.755;2822.722;2838.567;1295.446;736.676;947.823;855.944;1605.601;-4.852;1222.765;2162.508;1515.723;2044.952;2558.314;3216.081;1137.596;651.406;1705.734;2485.310;340.484;348.117;986.886;816.719;1681.899;2437.356;1135.059;3606.675;2977.838;2072.037;1293.397;6.065;2431.590;2683.764;8.263;3035.542;3240.794;2208.588;2830.868;3208.881;3347.033;1427.081;5.460;917.436;263.081;1564.205;1820.518;3071.748;2979.909;913.944;3597.925;293.807;1683.249;395.944;654.751;3.216;645.023
158,286.8723349571228,157,-556.9240702978209,556.9240702978209,0.23036972828060218,3333.168;3593.726;3243.771;2054.039;479.955;-3.713;1346.801;1278.359;1530.331;1718.560;2350.551;1936.257;2893.839;3135.548;2323.085;1635.290;830.009;3602.768;1154.522;617.581;-6.860;3595.311;247.867;942.941;1.069;497.866;1391.234;3601.738;880.963;3606.172;243.473;1104.375;958.679;3138.978;3596.575;746.032;1416.425;897.574;2924.447;2330.599;-3.300;2730.578;2826.182;6.018;1377.505;3163.091;3599.879;2199.732;18.688;1677.449;454.956;2151.694;656.614;1.717;1862.201;-0.435;3038.847;3584.462;3346.269;1192.085;2293.275;2453.236;1786.119;1827.550;5.144;-3.401;1313.697;1569.190;471.287;1984.413;1938.556;2595.772;966.001;1147.783;3561.293;2284.529;2656.212;1885.767;3117.264;2541.037;3408.101;430.657;1027.018;1478.945;1770.154;2683.195;3284.075;2320.718;3604.077;2771.979;385.787;2131.341;2274.071;2788.429;3218.602;558.588;362.350;2830.336;6.065;3320.433,1428.270;3608.115;3603.189;555.136;3598.955;2807.874;559.365;2617.848;3601.043;2809.208;-3.077;1838.612;1368.135;2.013;3583.798;3130.604;566.102;2299.409;1810.031;1329.512;1716.267;1924.413;3247.927;1.566;2416.860;2046.776;195.049;414.345;2499.408;3300.266;-5.704;1519.141;3595.567;1699.173;1083.641;978.896;2.889;344.387;2406.910;2157.121;2060.240;1083.859;3381.407;3585.838;2153.713;2823.094;2848.072;1289.667;728.482;957.274;864.602;1595.793;4.317;1213.054;2154.275;1506.562;2045.399;2548.351;3213.375;1128.474;658.293;1695.933;2494.435;350.405;343.371;984.578;808.390;1691.622;2442.638;1126.516;3597.227;2984.367;2078.815;1302.980;11.617;2422.156;2681.259;0.852;3033.687;3235.406;2204.081;2821.757;3218.131;3356.326;1417.857;0.166;920.434;254.198;1561.768;1822.085;3063.403;2985.635;919.350;3599.392;283.997;1692.389;402.990;646.213;2.589;653.327
159,288.7657082080841,158,-556.8428217034927,556.8428217034927,0.26221139484007877,3326.053;3599.090;3252.720;2047.337;472.245;2.930;1336.903;1287.885;1525.800;1728.153;2342.109;1926.391;2900.995;3140.706;2329.805;1627.583;823.394;3593.750;1144.904;608.681;2.699;3588.403;250.882;941.725;-1.759;507.222;1397.732;3593.650;890.327;3596.693;234.723;1106.709;968.504;3141.522;3598.340;755.814;1407.663;905.985;2921.021;2320.951;5.800;2736.677;2818.971;14.100;1367.669;3156.528;3596.031;2201.639;11.590;1668.476;451.151;2160.447;649.211;-7.524;1868.479;-9.243;3048.581;3592.704;3353.182;1182.416;2284.234;2447.379;1787.020;1836.716;13.072;5.646;1322.726;1578.554;480.232;1978.149;1942.748;2603.947;975.612;1155.769;3570.723;2294.301;2646.601;1876.967;3113.129;2535.834;3417.805;437.732;1017.775;1488.210;1767.837;2684.341;3293.741;2330.541;3594.910;2775.231;378.830;2130.218;2268.741;2798.123;3211.067;562.171;352.786;2825.726;2.725;3310.802,1436.277;3598.803;3593.676;547.649;3602.343;2798.027;550.092;2624.216;3605.601;2814.108;-0.512;1844.787;1358.529;5.761;3592.275;3120.729;571.727;2290.902;1800.883;1319.840;1722.025;1914.525;3251.092;5.404;2408.081;2052.498;198.148;405.508;2509.102;3301.696;3.280;1528.365;3593.728;1708.976;1074.641;982.881;-0.830;351.817;2400.239;2152.152;2057.335;1091.701;3374.245;3594.955;2162.154;2813.474;2849.023;1280.602;736.026;948.860;855.384;1589.489;-2.587;1204.820;2144.827;1511.412;2050.780;2539.995;3220.362;1119.172;648.690;1686.059;2494.485;357.724;334.281;994.174;817.467;1700.989;2444.393;1127.914;3598.447;2983.846;2087.947;1311.418;19.304;2412.255;2679.938;-8.270;3043.103;3225.931;2213.158;2814.751;3228.042;3366.086;1409.792;7.564;929.776;244.341;1552.238;1831.691;3059.311;2995.167;910.619;3606.566;275.664;1687.434;412.755;655.327;-6.786;662.996
160,290.4746196269989,159,-556.9004823133351,556.9004823133351,0.2996138808823165,3327.261;3608.724;3255.689;2056.886;462.587;9.887;1327.052;1280.662;1516.423;1722.565;2332.464;1927.442;2908.451;3149.827;2331.079;1618.382;831.908;3587.074;1135.345;610.476;-1.636;3583.226;258.567;948.818;-1.013;506.220;1407.362;3597.704;884.006;3594.926;225.038;1098.026;961.435;3147.247;3591.124;750.030;1399.035;915.155;2911.367;2311.555;3.417;2746.333;2809.360;8.266;1368.183;3162.389;3603.094;2192.209;2.735;1676.534;445.085;2164.273;639.825;1.933;1861.296;0.288;3058.274;3601.157;3362.519;1172.594;2274.536;2456.233;1794.737;1828.382;6.466;0.021;1331.072;1584.267;482.394;1977.872;1934.409;2613.751;985.321;1165.566;3579.922;2303.108;2644.884;1869.426;3104.418;2526.186;3427.049;447.481;1011.966;1497.999;1758.237;2680.481;3303.267;2340.090;3597.100;2767.815;370.078;2125.201;2277.797;2807.866;3203.383;554.221;348.691;2817.096;-6.745;3302.943,1445.571;3601.541;3591.907;537.880;3602.207;2792.552;546.369;2624.347;3596.106;2804.575;-9.737;1835.764;1349.572;-3.469;3586.514;3123.006;562.584;2298.410;1808.569;1325.028;1731.684;1909.930;3251.560;14.273;2410.542;2043.302;206.515;396.527;2517.552;3296.981;12.347;1519.392;3585.909;1704.208;1083.557;991.643;-5.908;361.584;2390.535;2142.690;2064.746;1084.246;3373.423;3594.355;2171.963;2812.170;2858.515;1271.157;743.890;954.392;852.942;1597.947;-10.946;1210.189;2146.146;1505.500;2060.130;2543.331;3212.357;1109.330;645.589;1676.918;2484.965;367.468;340.515;987.500;822.078;1695.567;2435.068;1135.987;3606.919;2980.980;2092.944;1321.203;25.765;2419.841;2670.963;1.197;3052.342;3216.074;2222.086;2823.121;3233.727;3366.921;1415.734;-0.656;925.186;251.863;1557.812;1840.510;3057.047;3001.442;914.809;3597.600;284.205;1696.421;407.385;651.230;0.881;655.476
161,292.3251175880432,160,-557.0211652401242,557.0211652401242,0.2794620584269949,3336.463;3599.865;3265.253;2061.315;469.269;6.132;1328.495;1271.029;1507.286;1724.302;2339.385;1921.921;2917.709;3141.694;2322.322;1623.427;841.605;3596.389;1125.557;618.748;-3.999;3591.855;249.556;958.496;-5.678;506.305;1399.112;3607.318;891.996;3601.884;230.912;1106.199;951.995;3137.797;3590.672;740.428;1405.565;905.769;2916.694;2319.964;5.992;2737.893;2816.936;-1.336;1372.008;3170.941;3596.168;2200.505;8.395;1686.222;453.216;2155.547;646.360;4.562;1870.494;3.088;3056.584;3594.066;3353.581;1178.579;2281.163;2466.004;1801.493;1818.715;3.061;-8.642;1331.441;1575.320;473.273;1987.405;1929.858;2604.544;977.450;1158.351;3571.217;2294.047;2653.687;1878.663;3113.203;2534.425;3418.587;439.384;1021.002;1507.012;1758.475;2689.454;3295.139;2344.332;3606.629;2758.377;378.548;2134.627;2269.082;2799.733;3211.748;563.324;352.919;2825.976;1.616;3312.015,1455.349;3609.003;3593.626;529.300;3592.758;2795.391;554.796;2633.550;3602.545;2796.212;-0.408;1828.526;1343.541;5.040;3594.991;3117.394;569.672;2305.131;1802.089;1334.667;1722.442;1900.555;3260.000;12.773;2418.947;2051.964;197.326;386.898;2510.992;3287.356;20.862;1510.946;3594.638;1695.169;1092.991;1000.861;3.529;371.127;2397.164;2151.271;2055.559;1074.531;3382.873;3584.829;2168.296;2811.971;2852.958;1280.166;736.789;944.992;846.525;1607.639;-1.557;1202.644;2136.778;1514.593;2069.154;2533.873;3221.572;1099.757;641.990;1667.153;2491.563;358.868;350.182;993.148;831.649;1687.450;2444.311;1145.720;3597.709;2990.458;2101.882;1313.899;16.627;2429.228;2676.372;-2.662;3045.529;3221.575;2213.403;2814.207;3225.186;3358.944;1425.397;4.927;931.179;261.567;1548.389;1850.257;3066.511;2992.949;905.757;3602.764;293.963;1706.082;398.940;642.009;-7.988;654.531
162,294.2003653049469,161,-556.8634525618139,556.8634525618139,0.2274170379959239,3329.245;3596.012;3274.672;2052.180;478.693;-3.288;1337.930;1264.847;1497.605;1714.831;2348.950;1918.574;2908.466;3132.361;2330.549;1617.325;835.051;3606.110;1115.836;628.367;4.750;3601.539;241.047;950.763;3.745;497.154;1389.611;3598.144;883.143;3611.401;221.699;1115.877;948.332;3132.698;3600.130;747.110;1415.168;903.593;2925.850;2328.316;-3.419;2729.210;2825.913;6.150;1381.223;3180.582;3587.128;2193.107;1.697;1694.936;460.640;2150.981;639.978;5.511;1880.221;7.985;3047.094;3584.691;3344.065;1187.029;2290.786;2475.500;1792.099;1825.450;11.892;0.553;1321.993;1568.733;476.208;1997.130;1939.294;2597.691;974.832;1149.387;3578.832;2288.772;2646.518;1882.254;3122.671;2532.686;3411.604;435.368;1028.406;1516.712;1749.414;2680.012;3290.862;2336.818;3598.029;2767.551;372.942;2144.040;2259.766;2790.341;3221.436;563.570;343.492;2834.799;6.930;3320.651,1464.917;3600.024;3584.375;538.573;3587.568;2786.007;546.037;2642.155;3594.800;2804.933;-2.114;1819.664;1352.271;6.870;3604.686;3107.932;561.426;2296.108;1794.350;1339.366;1713.095;1890.832;3269.670;22.228;2409.766;2060.553;201.091;384.399;2515.047;3277.667;29.916;1517.199;3603.495;1686.356;1088.213;991.838;-1.254;372.216;2405.162;2160.838;2046.322;1065.972;3392.566;3575.089;2159.036;2802.534;2843.641;1289.868;745.317;935.562;836.908;1601.598;-1.224;1211.756;2127.077;1517.639;2078.769;2534.596;3231.293;1103.812;632.446;1657.545;2500.615;349.195;350.470;1002.594;839.251;1696.373;2452.735;1139.059;3593.376;3000.149;2111.563;1319.328;23.469;2421.267;2685.957;3.006;3036.113;3212.996;2204.805;2809.170;3232.315;3362.114;1434.101;14.432;940.782;265.684;1538.918;1859.747;3074.944;2983.343;914.134;3594.751;294.711;1713.257;404.639;632.392;-5.221;663.909
163,296.103080034256,162,-557.1753879931183,557.1753879931183,0.2254132120877915,3319.865;3598.805;3282.960;2055.070;474.525;-0.565;1345.844;1273.980;1493.314;1708.133;2356.356;1909.098;2912.972;3138.916;2322.873;1607.947;842.062;3598.555;1115.034;620.962;4.911;3605.319;240.185;958.588;-0.421;505.523;1381.713;3599.270;875.460;3602.195;229.787;1117.636;945.418;3141.323;3606.205;743.595;1414.424;903.580;2934.044;2335.175;0.442;2720.660;2835.551;-1.643;1372.119;3190.269;3586.186;2201.873;-7.857;1686.638;470.230;2142.408;645.246;14.843;1878.442;11.133;3052.843;3592.521;3343.447;1191.160;2299.103;2473.547;1800.271;1820.860;2.876;-6.065;1315.320;1575.770;483.073;1989.488;1943.098;2588.424;970.370;1150.852;3588.233;2279.810;2654.950;1887.739;3114.093;2541.582;3403.124;443.021;1020.813;1525.625;1758.314;2676.696;3293.653;2327.345;3600.419;2758.937;381.249;2136.049;2254.526;2782.568;3213.813;572.247;334.691;2834.884;4.025;3325.122,1456.720;3605.150;3591.679;532.490;3596.375;2793.971;548.959;2633.119;3589.409;2804.581;-4.161;1828.955;1345.280;14.673;3596.063;3100.921;566.248;2303.325;1801.007;1330.216;1710.685;1893.950;3262.009;16.789;2417.485;2054.353;195.002;375.233;2506.278;3274.359;38.088;1526.623;3594.269;1692.620;1097.234;998.412;4.660;362.859;2413.992;2158.266;2054.995;1074.078;3395.801;3574.078;2167.024;2793.926;2852.155;1283.061;740.845;931.436;843.123;1593.701;-6.015;1206.547;2131.993;1508.637;2071.616;2525.675;3227.865;1101.511;635.099;1664.225;2509.086;355.133;353.388;1012.272;846.426;1688.007;2450.090;1147.976;3597.571;2996.634;2119.544;1327.868;16.785;2411.730;2680.848;0.693;3038.781;3220.715;2196.299;2807.368;3241.718;3371.569;1426.844;8.375;933.960;257.242;1545.847;1866.254;3080.747;2988.942;906.107;3601.751;300.221;1722.025;413.969;639.629;2.112;672.621
164,297.82283425331116,163,-557.6341436527752,557.6341436527752,0.2799204224098638,3315.788;3606.350;3279.977;2060.679;482.033;-6.737;1348.165;1266.998;1499.779;1699.155;2359.684;1902.010;2921.877;3146.911;2330.867;1608.153;851.381;3601.923;1106.200;625.496;-1.350;3596.086;240.204;953.681;-2.374;514.744;1388.263;3598.661;883.301;3597.548;233.664;1126.861;939.624;3148.353;3597.202;734.957;1406.883;895.070;2929.468;2326.421;-2.544;2717.594;2829.579;-3.887;1371.859;3183.877;3592.832;2200.517;1.286;1680.156;462.610;2150.696;646.330;12.428;1870.794;10.076;3054.584;3587.873;3350.845;1199.410;2293.456;2464.548;1792.876;1812.426;-6.059;1.327;1306.951;1567.399;492.581;1994.829;1952.165;2582.723;977.499;1150.171;3597.281;2285.400;2659.827;1879.633;3120.653;2540.141;3394.443;434.896;1018.634;1531.410;1766.815;2672.323;3302.870;2328.923;3597.577;2760.436;385.059;2128.401;2247.662;2791.307;3207.759;577.833;331.032;2825.958;-3.413;3320.159,1449.574;3596.246;3591.971;523.655;3605.707;2802.319;544.801;2639.429;3596.175;2796.053;4.450;1834.507;1351.047;7.233;3594.009;3092.032;575.694;2305.247;1810.494;1335.665;1719.656;1893.761;3270.877;19.662;2409.758;2044.896;203.560;382.786;2515.059;3283.321;47.234;1532.791;3593.115;1691.837;1101.158;989.693;-3.094;354.283;2405.527;2149.565;2064.186;1083.607;3387.223;3582.923;2175.758;2784.347;2861.458;1275.223;732.582;939.951;852.579;1584.303;2.981;1197.235;2139.511;1511.707;2063.754;2528.706;3219.833;1110.317;644.122;1673.253;2501.628;360.706;344.081;1018.580;837.331;1682.048;2440.860;1147.295;3606.673;2987.465;2128.480;1319.145;7.284;2412.303;2674.878;-5.023;3047.661;3229.656;2202.980;2798.281;3243.807;3380.584;1429.668;6.356;924.553;251.979;1552.077;1865.194;3073.023;2995.711;913.741;3608.868;291.192;1713.163;423.557;631.315;-6.194;677.525
165,299.68919587135315,164,-557.4927383299369,557.4927383299369,0.18438835525474337,3306.869;3597.215;3270.938;2069.900;473.662;2.527;1339.373;1257.804;1503.149;1691.365;2350.614;1908.977;2931.401;3142.724;2340.327;1612.700;858.996;3598.583;1102.548;616.723;7.634;3588.161;248.698;944.485;6.498;520.533;1392.713;3601.704;892.414;3599.150;243.010;1132.245;931.038;3139.673;3602.192;735.400;1398.375;889.001;2920.091;2333.781;6.612;2726.675;2820.423;5.070;1365.087;3174.446;3586.682;2206.548;2.420;1675.996;455.787;2160.033;655.639;5.425;1861.323;0.797;3063.235;3578.746;3360.312;1207.473;2284.333;2455.017;1800.279;1804.280;2.617;8.433;1314.277;1558.173;487.161;2003.862;1944.065;2591.418;986.950;1154.565;3606.712;2284.947;2669.004;1870.430;3125.827;2531.467;3403.544;432.880;1009.301;1534.782;1774.698;2681.130;3311.675;2320.728;3605.417;2768.935;394.256;2119.986;2256.525;2795.572;3200.039;569.192;321.792;2830.904;5.640;3318.817,1440.879;3591.376;3601.228;524.278;3597.216;2810.635;536.357;2648.835;3605.514;2792.513;13.551;1838.984;1341.809;-1.929;3601.589;3082.774;582.583;2296.464;1815.268;1344.945;1723.954;1902.617;3278.561;18.087;2416.795;2036.349;205.188;392.199;2523.870;3292.855;56.676;1528.141;3589.640;1701.062;1110.504;980.622;1.591;362.375;2396.047;2140.097;2069.534;1077.165;3391.036;3577.868;2184.904;2781.320;2870.331;1266.964;723.132;948.815;861.347;1574.753;2.152;1191.767;2140.184;1516.331;2058.026;2538.044;3210.341;1119.629;641.341;1682.506;2492.232;365.669;334.533;1027.951;828.020;1672.937;2431.349;1156.411;3597.818;2979.543;2136.027;1309.991;2.817;2421.335;2681.382;4.190;3056.465;3221.267;2198.883;2788.785;3235.563;3385.537;1438.930;-2.979;931.850;249.580;1561.219;1873.177;3067.357;3004.687;905.126;3599.785;281.698;1707.395;428.472;627.718;-6.523;668.306
166,301.5823166370392,165,-557.1153777163315,557.1153777163315,0.21278547853746801,3315.572;3600.232;3279.559;2068.384;465.812;6.172;1336.568;1258.171;1512.398;1682.228;2341.568;1903.415;2930.048;3149.415;2335.738;1618.075;868.191;3605.573;1109.524;620.281;7.643;3594.196;239.748;938.478;4.111;529.732;1401.727;3593.277;901.747;3602.080;244.012;1140.006;927.739;3131.009;3596.031;744.582;1388.968;879.653;2919.733;2326.701;12.944;2734.959;2811.684;0.250;1357.798;3168.913;3595.654;2214.409;3.455;1682.678;446.820;2158.096;663.451;14.053;1861.663;-8.457;3071.200;3582.680;3365.118;1198.898;2285.816;2446.044;1800.581;1799.896;0.215;0.499;1322.387;1560.020;477.822;2001.866;1951.892;2595.937;982.196;1145.506;3597.798;2293.599;2665.096;1861.272;3120.209;2528.119;3400.502;437.949;1002.761;1525.742;1775.715;2673.095;3308.985;2329.759;3596.409;2777.014;403.558;2116.637;2265.138;2804.683;3208.650;559.734;317.133;2822.213;0.142;3310.343,1448.845;3585.386;3600.924;521.669;3602.667;2817.081;526.907;2642.238;3596.712;2801.659;9.384;1830.003;1335.617;6.763;3597.443;3089.767;591.778;2287.005;1807.141;1350.203;1732.634;1911.254;3277.164;10.194;2413.987;2028.561;213.501;400.822;2532.413;3295.241;64.714;1537.256;3580.723;1693.329;1116.711;971.187;-6.566;354.336;2388.499;2141.510;2076.436;1076.442;3382.181;3576.441;2188.642;2787.553;2879.581;1258.103;718.075;957.800;870.804;1572.800;-3.975;1199.017;2131.077;1507.179;2049.252;2539.683;3205.156;1128.355;632.088;1689.987;2500.699;374.869;327.431;1023.566;822.722;1681.579;2429.122;1163.002;3594.085;2970.218;2127.354;1305.778;-6.377;2420.876;2681.358;9.154;3065.923;3213.052;2207.449;2781.037;3226.127;3394.863;1431.779;1.415;940.609;241.407;1569.579;1882.311;3076.072;3010.136;902.617;3603.762;274.784;1698.174;437.682;618.834;2.635;665.878
167,303.28809881210327,166,-557.1842989064062,557.1842989064062,0.27798258529021136,3307.678;3599.819;3280.721;2059.352;459.277;-1.063;1345.398;1267.129;1507.289;1672.830;2336.784;1894.135;2921.548;3141.464;2336.113;1609.101;867.425;3596.661;1118.604;612.660;-0.868;3588.781;234.467;929.185;-3.865;521.312;1393.154;3599.280;911.176;3593.749;251.931;1131.230;936.910;3136.061;3604.089;740.030;1393.990;886.087;2924.345;2318.375;6.633;2744.337;2810.826;-8.694;1348.466;3160.028;3589.198;2223.706;0.006;1673.838;437.416;2167.210;658.775;6.971;1870.545;0.557;3080.488;3591.920;3371.197;1194.221;2294.929;2446.265;1809.423;1808.776;-8.839;4.432;1317.148;1551.368;477.211;1992.711;1957.489;2602.920;974.304;1154.022;3599.521;2302.962;2656.035;1851.862;3128.954;2518.997;3399.306;439.995;993.737;1530.237;1784.472;2675.416;3300.482;2338.253;3601.579;2783.458;406.168;2107.453;2274.339;2811.280;3217.655;566.752;325.380;2813.580;1.600;3301.096,1445.632;3593.164;3592.726;512.626;3611.630;2826.374;518.248;2635.676;3601.510;2802.236;0.530;1821.299;1342.811;8.477;3603.950;3084.965;594.886;2277.885;1812.745;1359.259;1741.991;1903.432;3283.800;19.209;2404.828;2026.163;204.841;396.664;2541.805;3289.747;65.246;1533.426;3572.125;1701.401;1112.962;963.258;1.966;357.517;2386.924;2133.934;2085.557;1067.675;3376.294;3567.242;2197.776;2778.930;2872.839;1248.810;724.179;950.792;867.910;1581.566;4.174;1208.317;2122.236;1505.468;2055.871;2547.316;3200.076;1120.441;629.600;1683.929;2504.978;379.572;325.438;1032.274;824.938;1674.666;2436.615;1167.871;3590.003;2963.018;2119.451;1296.946;2.374;2429.782;2690.229;17.272;3074.111;3217.848;2216.843;2771.679;3216.781;3397.603;1439.669;-6.789;949.204;250.456;1561.219;1890.210;3067.922;3019.332;911.245;3601.116;282.808;1688.784;430.777;609.448;3.189;674.535
168,305.1381697654724,167,-557.3596588917959,557.3596588917959,0.24214573217825078,3301.130;3608.547;3289.775;2050.979;468.027;-9.805;1354.533;1264.586;1498.095;1681.398;2345.405;1900.316;2929.950;3150.394;2328.923;1599.785;858.291;3598.789;1109.643;615.969;3.721;3597.380;225.257;937.199;3.687;528.627;1397.982;3591.193;903.218;3584.543;243.003;1135.294;930.862;3145.177;3595.584;732.914;1403.014;895.250;2915.371;2327.177;-0.690;2735.906;2819.274;0.375;1356.640;3168.347;3580.749;2217.497;8.711;1674.976;443.209;2160.909;649.587;-1.968;1863.959;-0.061;3072.915;3600.903;3362.957;1203.282;2303.478;2455.074;1800.726;1800.234;-0.043;1.495;1307.943;1559.822;486.264;2000.119;1966.164;2597.530;965.174;1147.574;3607.882;2294.290;2664.230;1858.657;3120.730;2518.112;3390.542;448.975;1001.903;1539.387;1775.916;2684.536;3291.250;2330.702;3596.844;2791.643;397.185;2115.528;2266.833;2803.784;3209.100;575.234;327.140;2804.333;10.339;3310.137,1454.593;3602.370;3601.209;520.935;3602.715;2823.986;510.195;2643.570;3594.475;2794.752;-3.405;1824.580;1351.916;-0.400;3595.021;3093.978;599.572;2284.666;1809.518;1368.456;1745.144;1895.682;3293.052;26.893;2398.473;2030.906;212.814;387.548;2538.047;3280.554;57.597;1541.779;3564.576;1699.318;1103.824;956.041;10.477;348.833;2392.161;2142.613;2081.181;1058.562;3385.015;3574.452;2206.634;2770.163;2876.592;1247.259;733.409;942.528;860.326;1587.523;-1.493;1212.537;2113.087;1496.633;2064.894;2539.729;3207.262;1111.382;620.602;1675.355;2497.119;370.703;334.379;1036.207;834.074;1681.997;2430.373;1174.960;3590.287;2953.805;2127.730;1299.821;10.447;2431.939;2683.292;8.476;3082.691;3212.507;2208.612;2770.652;3221.527;3399.294;1434.148;2.032;941.320;242.734;1552.145;1897.662;3059.173;3013.900;903.677;3593.571;284.306;1681.391;421.570;607.378;-5.584;683.763
169,307.01322293281555,168,-557.5174722523825,557.5174722523825,0.25957605286460717,3292.615;3599.735;3286.587;2059.282;469.623;-0.972;1351.616;1257.072;1504.412;1678.298;2353.232;1892.473;2931.328;3159.657;2335.326;1608.206;851.028;3604.291;1110.144;624.977;6.373;3597.181;231.352;946.036;-0.234;521.060;1397.257;3599.833;901.391;3591.726;245.951;1127.856;921.747;3145.266;3594.161;741.558;1410.173;899.678;2907.284;2336.129;-9.861;2736.157;2813.731;0.815;1364.619;3168.685;3571.534;2215.669;8.295;1683.976;435.562;2169.106;640.285;2.940;1857.145;-1.325;3079.525;3595.312;3371.701;1200.330;2299.286;2449.211;1793.878;1793.033;-1.040;-6.786;1299.487;1552.305;490.407;1999.151;1957.940;2588.386;972.231;1155.959;3599.559;2288.617;2656.461;1857.001;3127.183;2526.510;3399.057;452.480;1006.399;1533.378;1766.884;2693.575;3298.084;2335.850;3601.970;2800.868;387.977;2110.191;2273.790;2803.059;3203.196;566.752;336.118;2795.262;10.579;3305.285,1447.321;3596.229;3606.059;512.546;3600.426;2832.300;519.133;2642.188;3602.856;2803.666;5.451;1833.624;1344.423;-9.437;3588.004;3103.004;591.130;2293.840;1800.435;1364.715;1753.959;1886.990;3301.933;19.639;2390.123;2039.951;210.907;393.833;2529.213;3288.528;65.975;1543.611;3555.377;1705.643;1109.314;960.029;8.734;340.009;2383.930;2151.673;2086.039;1055.971;3388.968;3582.226;2213.462;2774.507;2876.009;1256.272;726.248;950.943;851.096;1596.283;2.635;1221.521;2116.371;1487.357;2056.475;2531.091;3201.072;1115.778;628.921;1683.464;2503.110;372.327;335.294;1041.278;827.164;1677.621;2422.140;1165.973;3582.899;2945.012;2126.002;1308.905;13.625;2423.715;2674.088;9.636;3077.132;3221.252;2201.329;2772.118;3212.852;3390.461;1424.992;3.576;947.127;249.023;1560.211;1906.822;3049.897;3022.685;895.087;3584.682;288.593;1678.150;427.153;598.606;-6.061;681.339
170,308.71438431739807,169,-557.6615111396336,557.6615111396336,0.22768818634925928,3283.411;3594.826;3280.974;2066.870;478.626;4.573;1359.097;1247.970;1505.135;1680.864;2358.039;1896.976;2939.903;3161.940;2344.335;1607.540;843.816;3605.590;1105.535;631.690;-2.605;3605.884;222.648;942.281;-9.025;514.071;1388.503;3606.280;908.173;3600.871;244.449;1134.506;915.257;3153.211;3602.190;749.399;1417.998;908.240;2911.662;2337.707;-0.927;2728.287;2804.804;-0.910;1372.682;3177.190;3573.669;2224.641;-0.433;1692.068;429.702;2163.279;631.875;-4.766;1865.924;6.176;3072.388;3586.372;3375.807;1208.686;2308.009;2440.218;1792.517;1788.045;-2.587;2.111;1295.536;1543.255;488.627;1992.467;1964.946;2596.706;981.380;1149.305;3596.426;2296.179;2652.453;1865.050;3119.444;2517.659;3392.642;461.465;998.723;1533.337;1760.269;2688.577;3307.048;2343.142;3593.702;2804.524;385.317;2115.399;2265.705;2811.905;3207.456;560.448;341.876;2803.513;1.588;3299.639,1453.622;3604.154;3597.134;510.006;3592.590;2824.575;525.586;2651.133;3594.770;2799.845;13.566;1836.033;1335.489;-0.667;3591.512;3095.759;581.974;2287.657;1805.887;1373.060;1748.425;1877.797;3311.132;11.100;2398.769;2032.061;216.696;400.299;2536.592;3284.041;59.235;1535.371;3563.713;1714.763;1112.040;951.473;4.285;346.036;2382.041;2144.361;2077.257;1047.060;3396.981;3591.366;2207.321;2765.823;2884.917;1249.953;727.683;942.922;851.157;1594.132;11.688;1229.637;2125.384;1486.079;2063.259;2539.717;3204.390;1107.363;624.856;1689.748;2494.463;363.907;326.978;1040.255;832.268;1668.839;2413.031;1168.999;3591.779;2953.142;2117.068;1308.809;4.878;2428.860;2665.433;1.946;3085.249;3230.266;2202.978;2780.895;3208.390;3381.950;1432.423;-3.703;954.978;256.097;1553.843;1904.533;3043.701;3029.756;903.399;3593.095;279.869;1677.894;435.900;594.316;2.921;686.700
171,310.5503497123718,170,-557.909418966216,557.909418966216,0.1712243273975899,3291.145;3602.550;3271.957;2075.151;474.358;3.273;1368.200;1250.366;1510.421;1689.716;2349.470;1904.400;2948.891;3170.577;2352.681;1611.166;835.927;3596.661;1109.964;635.692;3.228;3597.325;221.092;948.600;-0.153;505.265;1395.965;3597.514;899.834;3593.440;251.173;1126.058;906.192;3162.121;3594.213;741.011;1409.672;917.345;2903.638;2329.934;2.011;2719.320;2812.920;2.526;1381.689;3181.001;3582.624;2230.952;-4.441;1694.700;420.811;2154.931;625.829;3.279;1868.103;-2.283;3068.596;3586.252;3384.687;1213.128;2313.470;2446.715;1783.644;1779.719;5.793;10.623;1304.070;1548.030;481.267;2000.915;1959.881;2605.305;989.077;1142.869;3595.778;2288.628;2660.460;1874.072;3110.486;2508.766;3385.022;470.551;1007.041;1524.692;1752.943;2695.773;3299.138;2335.262;3598.884;2813.474;377.405;2113.185;2262.796;2806.952;3200.791;553.612;333.449;2808.658;-7.511;3296.971,1456.102;3595.673;3601.141;515.945;3593.802;2831.966;533.381;2657.185;3601.598;2803.434;21.173;1844.969;1337.275;0.752;3589.173;3102.762;588.802;2293.139;1797.517;1381.173;1756.583;1884.135;3315.639;1.998;2394.026;2024.188;212.252;392.152;2531.187;3289.626;64.852;1526.503;3558.372;1708.703;1114.268;957.161;5.141;338.978;2373.081;2143.653;2082.799;1039.248;3395.088;3599.948;2215.704;2765.630;2892.980;1250.580;731.732;949.221;842.578;1585.183;17.361;1233.794;2124.924;1490.387;2060.359;2544.561;3196.149;1100.608;630.697;1698.778;2498.011;361.475;328.267;1049.113;824.543;1675.276;2404.432;1170.191;3600.166;2947.828;2107.901;1308.630;-0.617;2437.622;2673.343;-7.114;3081.209;3235.301;2196.335;2772.899;3216.387;3380.784;1428.485;2.455;954.475;248.049;1554.443;1913.221;3038.191;3021.866;895.707;3601.811;275.765;1686.779;428.418;585.516;-1.421;694.879
172,312.41154766082764,171,-558.0251023360371,558.0251023360371,0.286276883847244,3298.676;3597.250;3274.788;2084.129;481.689;-3.194;1360.298;1248.689;1502.531;1697.401;2355.927;1901.478;2957.769;3177.613;2344.130;1602.910;841.821;3594.364;1118.811;626.920;9.104;3593.671;212.539;950.213;4.103;496.169;1387.432;3600.669;904.957;3588.046;258.431;1117.594;912.551;3153.791;3589.185;732.593;1417.425;924.381;2894.649;2321.068;-1.624;2726.354;2821.651;11.191;1376.553;3189.488;3591.192;2235.838;4.373;1703.481;428.253;2149.085;619.377;-5.143;1862.616;1.712;3076.557;3580.923;3392.940;1221.795;2306.156;2438.701;1783.431;1788.329;0.726;18.964;1297.978;1555.972;472.565;2000.277;1953.428;2598.268;997.407;1150.811;3589.357;2281.116;2652.739;1883.023;3114.394;2509.725;3392.848;478.200;1002.995;1531.077;1745.482;2697.991;3291.207;2327.036;3606.867;2821.357;374.158;2116.855;2254.915;2798.047;3204.481;544.598;340.135;2806.454;0.596;3304.917,1464.610;3594.802;3604.512;507.362;3600.493;2827.995;525.434;2665.960;3598.018;2812.129;12.743;1853.385;1328.511;3.310;3580.277;3102.639;581.364;2302.109;1788.603;1372.826;1765.255;1892.997;3307.904;-6.994;2401.684;2032.477;203.334;396.469;2523.291;3298.590;56.821;1517.405;3563.311;1699.716;1123.171;966.126;13.907;330.568;2364.864;2135.027;2091.436;1047.809;3403.281;3608.578;2208.820;2758.408;2902.046;1259.022;740.661;956.016;833.717;1576.141;23.688;1226.500;2127.209;1481.733;2053.522;2537.600;3187.081;1107.911;639.680;1707.873;2506.791;370.274;319.607;1058.076;817.293;1683.937;2396.635;1161.406;3609.005;2942.296;2098.786;1317.489;-8.642;2429.033;2682.397;1.448;3072.291;3226.854;2187.338;2777.475;3211.627;3389.616;1419.608;-5.303;945.658;253.603;1563.252;1921.689;3046.355;3028.391;889.585;3596.315;284.165;1695.823;432.972;589.017;3.522;686.260
173,314.30022954940796,172,-558.0844449571935,558.0844449571935,0.13265778884090376,3306.481;3604.485;3266.329;2091.402;473.467;5.137;1367.775;1256.758;1495.119;1689.038;2347.390;1909.819;2951.705;3171.199;2350.902;1593.959;833.499;3599.611;1127.838;619.868;0.663;3600.627;211.858;944.453;4.660;499.540;1380.661;3601.359;896.785;3594.437;249.919;1109.154;906.020;3160.065;3591.796;737.951;1411.896;933.341;2885.799;2312.512;4.294;2735.113;2816.786;3.924;1377.441;3198.354;3593.110;2244.732;10.656;1710.497;420.170;2140.538;610.757;1.785;1870.789;-4.806;3085.375;3589.401;3401.707;1216.901;2313.829;2446.050;1787.745;1781.519;6.308;16.925;1303.625;1561.640;478.501;1992.244;1944.501;2604.769;993.233;1146.298;3589.236;2289.043;2658.904;1891.817;3106.848;2501.625;3394.094;487.089;1011.525;1523.080;1753.964;2706.821;3299.628;2324.440;3598.114;2815.980;381.697;2109.119;2245.923;2798.302;3213.326;537.880;332.332;2814.762;-2.356;3296.441,1464.042;3603.533;3595.797;510.716;3593.005;2819.161;533.576;2674.941;3592.075;2808.547;3.756;1861.195;1335.539;-5.001;3588.694;3094.037;572.387;2306.170;1796.570;1364.026;1756.892;1888.985;3298.918;1.659;2393.651;2041.493;194.494;387.864;2515.302;3298.336;47.827;1508.466;3572.206;1705.981;1118.349;974.336;10.643;338.845;2363.768;2130.267;2082.788;1041.651;3394.855;3599.878;2200.363;2756.550;2899.393;1252.888;749.086;947.820;836.516;1575.492;17.352;1234.944;2135.924;1478.245;2062.109;2544.349;3192.075;1116.867;632.450;1703.389;2498.997;370.106;326.994;1050.093;808.323;1675.870;2405.245;1159.366;3600.311;2950.426;2093.825;1326.496;0.078;2424.347;2691.052;7.038;3068.573;3233.881;2180.915;2786.361;3220.209;3383.814;1424.548;3.290;940.030;245.097;1557.057;1913.177;3053.971;3037.267;897.943;3600.539;285.636;1704.626;424.746;597.879;0.460;681.675
174,316.00799441337585,173,-558.2067600574067,558.2067600574067,0.29083867119060364,3312.079;3598.462;3263.727;2100.315;472.793;9.158;1376.658;1249.203;1486.253;1687.832;2341.573;1918.751;2943.269;3179.382;2359.677;1601.936;841.326;3608.288;1120.682;628.052;8.182;3609.225;205.395;951.395;9.850;490.928;1372.045;3601.352;888.257;3603.161;257.827;1100.197;900.418;3167.630;3600.472;730.141;1417.251;930.718;2878.339;2304.468;10.868;2730.146;2808.679;-3.896;1386.193;3204.869;3601.743;2253.593;3.470;1703.086;411.317;2131.763;608.002;-4.926;1878.625;3.155;3076.889;3597.453;3396.793;1208.072;2322.757;2454.744;1779.344;1786.471;-1.765;24.762;1295.340;1556.344;485.379;1988.525;1946.963;2596.849;1001.832;1154.712;3580.500;2287.631;2667.773;1900.160;3098.883;2494.787;3385.901;483.899;1011.889;1523.590;1757.065;2711.997;3307.151;2330.754;3599.895;2823.529;390.615;2116.347;2236.946;2793.698;3222.261;529.082;323.555;2823.563;0.578;3287.476,1456.987;3607.076;3591.286;508.307;3600.998;2814.628;539.330;2666.883;3584.106;2814.146;-3.095;1853.885;1340.020;2.890;3596.822;3100.937;576.452;2305.707;1788.882;1370.517;1763.480;1896.897;3297.547;2.263;2389.553;2036.297;198.007;381.156;2521.939;3294.115;44.960;1514.748;3570.691;1699.279;1126.171;967.110;1.849;331.296;2355.279;2138.891;2082.867;1032.957;3385.907;3595.005;2193.027;2765.288;2906.398;1257.849;745.541;951.159;828.681;1574.083;8.489;1233.020;2127.433;1470.229;2057.253;2536.250;3200.350;1108.832;631.263;1709.237;2506.620;362.163;333.796;1058.458;815.944;1681.501;2413.537;1165.789;3598.634;2942.177;2101.967;1332.481;1.818;2431.455;2692.560;7.085;3069.059;3225.775;2173.232;2792.310;3213.763;3391.655;1421.582;4.763;948.112;249.033;1560.111;1904.467;3062.883;3037.920;905.104;3609.353;281.208;1698.389;427.741;602.402;-8.223;688.028
175,317.86488914489746,174,-558.0986037231144,558.0986037231144,0.195086139533347,3303.738;3590.538;3272.000;2105.573;480.438;4.862;1373.560;1253.638;1477.361;1679.566;2349.853;1927.535;2947.269;3174.329;2359.477;1609.700;846.451;3599.893;1111.966;636.837;11.614;3600.812;197.626;960.158;2.104;495.625;1366.437;3593.080;882.506;3595.257;259.586;1091.897;906.251;3176.472;3607.891;724.504;1426.034;922.268;2885.848;2312.604;7.372;2722.302;2817.005;4.491;1395.029;3199.008;3594.334;2254.861;-4.218;1694.345;411.312;2138.409;602.021;1.422;1870.741;-4.226;3077.221;3591.409;3397.373;1209.674;2318.255;2450.116;1770.445;1793.470;-8.080;33.432;1296.978;1550.528;476.728;1981.505;1951.674;2604.218;999.040;1159.736;3583.896;2279.006;2668.251;1894.072;3105.772;2487.279;3381.915;475.196;1013.855;1532.205;1761.910;2704.902;3316.014;2323.800;3595.777;2818.134;385.238;2110.064;2232.884;2784.954;3215.153;537.045;321.747;2832.055;7.305;3292.481,1448.145;3598.700;3596.147;499.748;3594.072;2822.492;547.057;2673.142;3592.318;2822.866;3.809;1859.291;1340.021;1.111;3594.526;3107.749;584.336;2311.286;1791.388;1375.994;1755.916;1890.775;3305.318;-1.455;2397.530;2029.905;192.058;373.229;2516.763;3301.316;38.662;1507.128;3576.040;1706.490;1129.332;967.262;1.625;334.936;2362.591;2136.111;2082.246;1027.105;3391.295;3599.978;2184.180;2759.940;2898.466;1254.670;737.264;946.693;835.263;1582.612;16.460;1241.428;2133.315;1462.412;2060.947;2542.486;3192.076;1113.289;638.985;1717.097;2501.521;353.432;330.973;1053.894;809.835;1675.442;2407.954;1168.376;3597.386;2949.585;2110.370;1324.701;-4.926;2439.969;2689.775;-1.023;3075.925;3230.643;2171.598;2784.463;3205.042;3388.307;1429.717;6.029;942.058;253.450;1553.380;1895.726;3070.102;3029.482;900.064;3600.945;273.156;1702.272;419.312;610.308;0.171;696.415
176,319.7473714351654,175,-558.0851342197923,558.0851342197923,0.16490958296954855,3295.287;3583.337;3265.116;2112.267;487.646;0.806;1365.709;1245.848;1471.379;1671.629;2349.338;1935.436;2941.982;3165.983;2350.908;1603.027;839.213;3597.653;1109.710;629.949;6.905;3599.061;188.824;958.879;-4.862;497.821;1367.734;3598.230;873.868;3601.872;255.912;1096.897;912.180;3184.946;3599.343;732.119;1427.982;919.590;2893.680;2305.246;14.028;2724.899;2825.228;6.982;1401.788;3194.594;3595.019;2262.862;3.790;1691.360;411.182;2130.938;610.508;4.380;1878.247;3.312;3068.890;3599.029;3405.505;1215.476;2319.873;2441.782;1767.357;1800.898;0.454;38.132;1303.000;1541.795;470.702;1972.729;1960.376;2611.622;993.896;1152.548;3591.498;2270.234;2674.812;1899.168;3098.605;2480.116;3390.295;479.357;1006.898;1536.876;1770.620;2696.129;3324.296;2332.349;3602.490;2825.912;376.615;2118.589;2228.924;2781.198;3222.796;538.984;329.989;2840.799;0.972;3285.377,1448.108;3592.556;3600.204;490.967;3598.542;2814.772;539.921;2677.663;3597.586;2831.130;5.647;1851.691;1347.988;-2.195;3599.367;3100.370;580.516;2320.016;1799.845;1367.941;1762.509;1882.418;3313.088;-3.843;2404.357;2021.181;186.772;364.901;2508.044;3308.867;46.879;1502.137;3584.437;1705.337;1137.779;965.936;-6.951;342.682;2362.130;2132.352;2073.945;1033.019;3398.706;3602.521;2181.506;2763.316;2890.860;1246.022;729.257;938.018;841.007;1590.561;12.026;1240.000;2132.882;1454.938;2069.581;2538.894;3185.176;1120.704;647.019;1717.720;2505.253;360.565;338.742;1061.691;806.824;1677.912;2416.102;1177.008;3595.210;2949.382;2104.086;1321.326;1.617;2436.764;2681.646;5.612;3074.862;3236.985;2162.957;2792.201;3209.947;3394.286;1426.997;-2.087;934.097;246.826;1556.778;1886.914;3074.800;3032.191;905.639;3598.070;280.960;1702.806;421.798;617.502;-5.033;704.666
177,321.6580903530121,176,-557.9788224595553,557.9788224595553,0.21740284927185102,3286.579;3587.775;3271.513;2120.970;495.025;5.505;1360.664;1251.936;1464.369;1677.108;2343.090;1944.127;2935.342;3173.794;2345.730;1594.328;830.579;3605.232;1101.406;622.428;-1.677;3606.138;180.114;950.385;3.626;490.188;1360.255;3593.136;865.149;3600.955;247.344;1105.199;920.853;3192.451;3602.515;740.803;1420.249;920.750;2888.599;2297.002;5.714;2716.513;2826.937;2.205;1406.921;3186.113;3603.275;2270.272;10.484;1699.377;402.826;2133.092;619.293;12.248;1886.925;-1.104;3069.056;3591.920;3414.208;1224.136;2326.184;2434.107;1770.138;1793.343;-0.479;30.009;1307.053;1533.010;475.991;1980.087;1969.154;2618.605;1001.446;1144.328;3596.230;2264.062;2677.393;1907.714;3089.973;2471.412;3386.723;487.599;998.197;1536.560;1767.818;2688.796;3318.178;2333.734;3595.255;2825.657;368.333;2127.343;2236.405;2788.214;3219.920;533.538;331.241;2849.596;-7.719;3290.065,1456.588;3600.466;3591.933;482.224;3598.527;2806.285;531.251;2684.002;3591.709;2833.411;-1.731;1843.119;1356.718;3.409;3607.692;3107.132;580.366;2327.440;1805.995;1367.342;1760.298;1873.663;3321.832;4.631;2398.098;2027.926;178.707;356.136;2502.568;3302.042;41.451;1509.608;3593.218;1713.796;1130.114;957.371;1.323;351.396;2355.196;2140.674;2068.949;1041.290;3407.431;3594.111;2172.953;2755.513;2882.119;1238.124;736.890;929.233;849.668;1599.159;4.437;1239.037;2124.423;1463.366;2078.368;2547.223;3176.484;1112.832;643.370;1709.442;2513.378;365.371;345.339;1062.748;814.521;1671.918;2421.629;1184.528;3587.023;2953.516;2106.559;1329.060;8.916;2428.275;2689.970;-2.543;3083.384;3245.680;2154.184;2800.658;3203.914;3386.936;1435.269;3.659;925.344;255.178;1548.243;1878.163;3083.396;3023.782;913.820;3604.793;289.630;1694.459;418.096;626.202;2.604;713.392
178,323.3735659122467,177,-557.8272502911594,557.8272502911594,0.2406097515444825,3277.917;3579.507;3280.150;2113.777;503.696;-2.845;1352.095;1243.707;1471.490;1684.315;2351.116;1936.832;2942.205;3171.759;2349.178;1598.078;832.809;3597.477;1092.696;618.606;4.138;3598.629;186.485;954.889;2.874;481.933;1368.569;3599.475;870.362;3604.635;239.196;1113.907;913.707;3201.127;3597.156;733.373;1423.464;912.270;2880.011;2303.552;0.900;2708.052;2819.059;-6.378;1399.364;3194.495;3596.165;2272.113;17.174;1696.719;408.820;2140.561;612.230;18.388;1890.664;-5.563;3077.312;3583.419;3418.437;1231.273;2318.087;2426.645;1762.190;1801.565;-5.518;26.183;1315.616;1530.974;467.966;1985.165;1977.755;2627.263;996.470;1137.415;3604.800;2255.472;2668.973;1915.067;3096.410;2462.684;3394.618;492.070;1005.992;1541.033;1775.589;2682.885;3325.834;2327.029;3591.689;2817.388;360.143;2130.671;2245.058;2796.466;3226.568;541.588;324.597;2846.102;0.453;3288.195,1462.304;3607.037;3585.096;483.649;3606.838;2802.594;523.033;2676.618;3599.711;2840.579;-0.217;1837.365;1356.757;-4.328;3599.498;3109.834;588.548;2322.706;1801.259;1360.637;1757.617;1875.058;3330.385;10.649;2389.466;2021.821;173.398;358.137;2503.955;3308.939;47.622;1518.261;3591.063;1711.085;1136.831;952.632;-1.029;344.345;2347.669;2149.270;2076.866;1049.697;3410.135;3587.652;2177.990;2762.874;2885.254;1244.440;745.559;929.261;845.154;1604.174;-3.997;1247.512;2116.457;1466.563;2083.443;2549.013;3169.381;1104.704;635.421;1701.032;2522.041;373.696;353.983;1061.552;822.061;1680.325;2429.653;1192.272;3578.341;2945.207;2113.710;1321.279;6.420;2433.999;2684.867;-2.358;3091.341;3252.982;2147.270;2805.219;3204.954;3394.753;1428.982;4.062;916.645;253.779;1543.798;1872.845;3092.117;3016.377;919.680;3597.416;296.459;1686.298;409.540;618.481;0.418;710.250
179,325.25064992904663,178,-557.9232100714472,557.9232100714472,0.2726509029343493,3279.191;3583.774;3273.631;2105.212;512.111;4.484;1349.278;1235.269;1470.155;1692.883;2347.092;1929.009;2950.646;3164.187;2341.064;1595.645;825.347;3595.023;1085.885;625.897;11.385;3602.995;184.175;962.737;7.583;489.893;1361.410;3608.049;868.493;3596.327;245.585;1122.297;906.232;3208.763;3602.162;724.866;1431.945;913.463;2882.541;2309.819;-7.622;2699.409;2817.612;1.543;1407.358;3202.640;3603.295;2280.555;25.648;1689.793;401.584;2133.042;605.038;26.955;1885.857;2.745;3070.941;3575.185;3424.215;1225.821;2323.840;2434.741;1757.564;1805.571;1.687;18.169;1324.261;1539.116;459.337;1993.697;1974.086;2633.477;988.412;1128.845;3596.646;2246.949;2675.479;1923.674;3089.175;2466.642;3401.329;500.586;1005.509;1532.700;1770.601;2685.175;3334.460;2335.259;3583.270;2819.224;351.595;2129.167;2237.200;2790.236;3234.366;540.509;332.468;2853.502;2.383;3279.735,1468.774;3599.303;3591.412;491.997;3598.654;2797.545;514.557;2668.003;3608.137;2849.154;-7.591;1829.147;1348.341;3.861;3600.459;3106.819;596.485;2314.206;1799.498;1352.058;1765.851;1881.102;3331.981;4.505;2380.890;2013.365;177.342;366.533;2512.405;3301.365;56.102;1526.758;3585.588;1710.272;1139.000;959.469;-3.630;337.298;2339.058;2151.756;2085.482;1058.023;3402.082;3582.083;2186.289;2760.474;2892.801;1253.009;739.729;937.213;837.644;1595.809;3.765;1255.281;2109.621;1474.630;2076.242;2557.211;3176.436;1110.461;626.790;1709.093;2530.276;366.210;346.539;1054.254;826.644;1688.897;2426.019;1184.326;3584.010;2936.596;2109.077;1313.006;-0.332;2442.551;2676.409;5.928;3088.000;3253.998;2154.300;2812.682;3197.049;3403.336;1421.584;-4.173;919.907;247.070;1550.913;1875.762;3098.983;3023.334;911.521;3603.359;289.305;1678.024;411.742;610.915;-7.874;702.150
180,327.1500926017761,179,-557.930946342499,557.930946342499,0.057859734418560085,3287.451;3591.825;3274.731;2110.812;505.427;-2.657;1345.590;1231.517;1461.847;1686.651;2346.176;1936.937;2959.187;3170.843;2333.496;1603.715;818.522;3594.685;1078.939;625.052;5.514;3595.381;177.969;969.822;1.858;495.934;1363.745;3599.743;866.530;3599.835;237.496;1127.734;897.746;3203.708;3594.050;721.472;1435.393;905.716;2890.774;2318.277;0.500;2695.320;2825.891;7.661;1403.237;3210.594;3595.719;2286.580;34.249;1698.096;397.571;2124.485;598.853;32.270;1877.490;1.729;3062.865;3567.452;3432.709;1218.834;2326.716;2435.656;1765.546;1798.342;10.112;10.291;1332.633;1547.704;460.346;1996.726;1969.984;2627.104;979.887;1125.386;3600.966;2246.331;2682.760;1931.263;3081.018;2464.929;3409.855;497.151;1013.760;1527.325;1776.502;2693.586;3336.292;2328.155;3575.885;2810.928;343.102;2135.145;2228.877;2783.109;3226.472;542.854;324.412;2847.014;-2.859;3285.808,1477.293;3597.999;3599.086;499.348;3599.644;2789.135;508.424;2661.102;3599.972;2844.569;0.733;1837.130;1351.054;7.831;3594.423;3115.124;598.958;2306.328;1791.353;1357.252;1761.890;1875.000;3328.567;3.416;2372.478;2006.716;185.740;359.932;2519.001;3294.649;53.121;1535.099;3577.306;1717.977;1130.757;952.449;4.341;329.007;2346.030;2159.952;2082.826;1050.461;3409.566;3588.262;2190.719;2768.409;2897.333;1260.795;747.234;945.550;843.512;1588.494;5.168;1262.830;2109.636;1468.129;2067.965;2550.637;3183.962;1116.640;621.448;1714.148;2530.600;358.265;353.629;1060.755;834.890;1697.245;2433.585;1175.820;3578.691;2935.757;2103.977;1304.864;7.596;2449.462;2674.359;11.004;3079.649;3260.519;2162.759;2813.074;3204.038;3409.403;1428.307;3.692;912.386;238.570;1552.632;1867.601;3091.362;3023.117;902.969;3596.116;281.338;1669.741;404.575;602.622;-0.858;710.252
181,328.85964798927307,180,-558.169208364216,558.169208364216,0.2500624187893322,3280.250;3583.987;3282.886;2103.461;503.591;5.207;1348.472;1229.778;1460.785;1680.766;2354.489;1944.602;2967.624;3162.955;2336.277;1612.050;826.612;3602.163;1070.463;633.338;-2.923;3593.639;185.265;978.268;-6.485;491.661;1372.011;3593.937;858.183;3607.137;229.565;1122.202;890.647;3199.790;3590.905;714.664;1443.169;897.246;2889.708;2313.191;5.241;2697.511;2834.388;11.908;1411.152;3203.416;3593.275;2279.116;41.842;1706.021;405.359;2127.868;605.125;24.494;1868.950;5.261;3054.338;3575.341;3441.253;1210.367;2332.082;2431.267;1758.758;1789.887;2.907;10.363;1324.729;1542.395;452.197;1989.581;1961.719;2618.662;987.630;1133.557;3608.270;2241.025;2691.230;1923.378;3087.431;2467.424;3418.372;501.046;1009.599;1518.940;1784.940;2700.223;3344.489;2320.224;3580.153;2818.877;337.897;2127.592;2228.939;2774.646;3220.478;551.184;330.547;2854.933;4.966;3293.639,1471.187;3605.231;3607.592;507.696;3607.458;2795.985;515.125;2668.542;3600.747;2852.356;3.390;1845.103;1344.758;0.578;3594.683;3121.216;607.305;2313.828;1798.552;1354.898;1767.576;1881.930;3320.255;11.006;2377.866;1998.373;177.672;357.081;2510.848;3286.184;47.423;1537.276;3583.349;1711.089;1137.728;947.390;9.515;320.511;2338.731;2156.094;2090.778;1057.003;3409.894;3593.238;2198.853;2760.441;2903.816;1254.502;754.342;944.396;836.282;1580.711;6.002;1271.320;2101.402;1473.985;2074.567;2558.671;3192.246;1108.947;613.411;1707.866;2522.748;357.927;350.620;1052.491;826.911;1697.436;2425.647;1181.931;3570.466;2927.763;2112.265;1310.219;1.017;2457.564;2682.544;8.615;3079.951;3268.944;2156.780;2821.394;3196.523;3401.673;1424.442;11.242;903.905;230.143;1552.686;1874.539;3095.258;3015.497;900.420;3593.127;273.133;1661.340;396.091;610.503;1.155;706.120
182,330.714501619339,181,-558.3377951766583,558.3377951766583,0.2637747846034542,3272.664;3590.793;3290.079;2100.982;495.632;-0.205;1345.894;1224.892;1468.045;1673.911;2353.901;1944.671;2975.270;3164.948;2344.567;1610.976;826.595;3610.379;1067.116;626.347;4.401;3599.033;182.990;975.334;1.493;497.882;1380.125;3590.241;862.487;3599.004;230.823;1113.928;897.576;3196.441;3598.184;722.582;1435.424;901.331;2881.808;2306.859;8.280;2704.342;2829.494;4.451;1416.173;3200.196;3585.666;2270.681;34.893;1703.517;412.457;2136.138;599.939;16.255;1874.942;-2.264;3058.309;3581.862;3434.829;1210.097;2323.904;2439.392;1751.108;1797.356;-5.066;18.559;1316.661;1535.400;450.704;1981.159;1967.827;2621.926;981.757;1141.660;3600.196;2233.528;2686.788;1914.964;3090.498;2459.525;3412.059;505.679;1005.029;1513.584;1777.561;2699.145;3347.198;2326.289;3588.482;2817.427;331.874;2119.150;2237.041;2781.250;3226.313;557.605;337.059;2861.531;2.276;3296.246,1463.333;3603.132;3599.574;504.451;3599.808;2788.708;508.328;2676.758;3606.411;2845.283;-3.942;1853.125;1336.386;-7.815;3602.856;3129.580;607.530;2317.727;1806.951;1346.607;1775.947;1890.136;3311.793;19.400;2371.565;1989.980;170.980;352.153;2508.100;3293.176;54.891;1529.476;3591.544;1712.074;1143.874;955.478;1.884;327.019;2331.408;2162.827;2099.229;1065.405;3416.301;3585.144;2192.842;2752.779;2912.063;1246.891;762.182;936.938;827.964;1576.389;-1.764;1267.210;2092.987;1481.042;2082.403;2563.400;3195.829;1116.441;607.293;1699.724;2514.299;366.075;342.404;1054.065;818.453;1692.531;2432.354;1189.940;3562.123;2920.556;2108.803;1318.525;-5.830;2465.711;2678.534;0.683;3074.009;3268.568;2149.860;2829.750;3192.108;3393.863;1416.385;18.600;896.914;225.705;1560.924;1867.431;3100.149;3021.692;897.548;3599.054;280.551;1668.701;394.196;617.441;-6.324;697.855
183,332.5926260948181,182,-558.3882894426904,558.3882894426904,0.3309783377983636,3278.887;3587.810;3288.147;2102.676;487.246;6.496;1353.939;1231.896;1459.979;1681.558;2361.907;1952.101;2974.405;3163.458;2337.828;1602.832;824.716;3602.306;1059.306;626.066;0.151;3607.290;174.778;982.850;3.268;490.095;1379.637;3584.196;854.828;3601.900;238.853;1105.643;889.769;3188.197;3602.527;728.164;1442.361;895.179;2888.217;2299.661;9.363;2698.360;2836.657;-0.527;1420.210;3192.603;3577.549;2277.017;41.777;1696.141;420.333;2133.312;607.977;21.516;1874.475;-10.431;3055.028;3574.138;3442.561;1212.909;2326.130;2438.799;1743.085;1791.572;1.451;22.508;1309.173;1531.341;442.754;1985.766;1960.983;2614.121;986.413;1149.549;3601.095;2225.499;2694.452;1921.021;3085.542;2467.279;3418.821;513.956;1012.483;1521.479;1784.756;2706.398;3355.259;2319.000;3582.905;2811.175;338.544;2125.672;2230.051;2774.168;3222.402;564.963;329.182;2868.115;-2.636;3303.669,1461.505;3611.050;3596.292;509.436;3603.794;2781.896;499.977;2681.156;3598.834;2850.009;1.975;1856.482;1342.600;-0.277;3596.305;3125.440;614.920;2323.379;1802.111;1351.889;1775.494;1885.386;3318.417;27.811;2365.235;1984.555;163.610;359.956;2502.178;3286.702;52.491;1536.484;3586.037;1720.023;1138.155;948.161;-5.578;321.960;2324.689;2171.120;2096.684;1060.124;3413.663;3577.374;2184.524;2755.134;2904.627;1251.039;754.566;930.209;830.765;1583.407;-10.155;1261.355;2092.727;1475.250;2079.575;2568.817;3195.729;1111.250;598.989;1701.790;2521.493;369.245;334.282;1061.930;820.545;1698.018;2428.454;1184.457;3553.707;2912.806;2112.096;1321.583;2.262;2460.864;2684.171;-7.391;3080.942;3275.989;2144.291;2837.299;3188.152;3397.540;1421.069;26.937;904.060;220.282;1557.478;1864.484;3092.982;3014.498;892.483;3606.487;282.520;1662.177;402.314;625.301;1.085;690.455
184,334.29580760002136,183,-558.1933748812953,558.1933748812953,0.2410677975276609,3276.865;3591.688;3296.124;2094.644;479.574;1.490;1362.281;1224.109;1458.602;1674.760;2367.633;1946.407;2966.395;3155.389;2341.972;1600.979;816.570;3597.559;1051.043;619.777;-7.551;3599.632;166.437;975.191;0.473;497.865;1387.533;3576.501;847.978;3606.267;244.846;1099.751;895.853;3181.142;3594.874;736.397;1440.387;894.287;2884.106;2291.446;16.140;2706.325;2839.413;0.483;1413.432;3184.289;3582.973;2282.856;50.016;1703.596;412.523;2128.579;615.837;15.720;1882.474;-2.435;3052.199;3566.713;3449.952;1221.084;2334.090;2446.463;1749.064;1787.895;-4.826;25.245;1300.894;1538.500;435.888;1993.372;1968.560;2607.968;989.185;1147.625;3605.827;2232.466;2694.738;1922.862;3090.476;2460.092;3424.472;521.505;1004.815;1521.940;1781.711;2713.866;3362.566;2314.063;3586.367;2817.665;333.594;2133.851;2222.572;2777.398;3230.299;557.540;322.095;2868.211;-10.031;3299.361,1469.195;3603.189;3591.732;517.129;3596.433;2783.815;493.697;2689.364;3601.641;2854.525;-0.873;1848.619;1350.853;-3.010;3602.446;3130.812;619.209;2331.578;1794.971;1359.633;1783.450;1877.165;3326.107;35.340;2357.166;1978.236;155.320;365.576;2509.788;3292.459;44.330;1544.061;3583.065;1728.355;1143.842;940.847;1.978;326.373;2332.644;2175.279;2089.071;1052.235;3405.494;3581.986;2191.142;2763.228;2896.339;1250.654;748.272;921.924;838.922;1591.702;-2.173;1260.131;2086.062;1482.359;2084.693;2561.404;3187.583;1103.234;590.633;1693.795;2518.772;377.300;339.807;1065.579;822.884;1705.986;2431.524;1185.610;3547.209;2920.545;2104.729;1316.729;6.623;2453.050;2677.554;0.545;3089.239;3284.287;2137.407;2835.614;3196.138;3405.372;1419.723;22.879;908.056;227.240;1549.291;1856.367;3085.238;3006.190;900.490;3598.446;278.297;1659.212;406.135;619.214;6.891;693.678
185,336.1340334415436,184,-558.2070597657334,558.2070597657334,0.23988552779989888,3284.771;3599.800;3290.577;2101.033;478.600;-6.048;1354.902;1225.220;1450.673;1682.283;2374.875;1954.155;2959.412;3147.670;2334.235;1602.067;810.917;3590.367;1050.494;612.484;0.331;3598.582;171.178;981.187;-4.564;505.093;1380.518;3568.651;839.951;3598.450;237.089;1091.605;902.311;3173.669;3588.189;730.832;1448.297;886.788;2892.115;2294.915;10.529;2711.323;2847.515;0.980;1420.833;3178.053;3591.154;2290.854;55.966;1696.513;405.660;2120.420;617.544;23.302;1876.161;3.609;3044.082;3570.911;3443.695;1224.350;2342.367;2448.413;1756.771;1781.166;2.974;17.192;1304.695;1546.747;440.117;1993.964;1965.353;2599.943;997.277;1153.297;3598.128;2225.952;2701.970;1930.685;3082.480;2461.650;3432.660;516.189;996.660;1529.932;1783.026;2722.101;3369.577;2305.925;3580.039;2810.585;330.072;2129.340;2214.339;2770.010;3223.776;549.312;315.172;2875.713;-2.009;3306.456,1477.039;3596.702;3583.884;509.382;3602.120;2776.043;486.258;2687.763;3594.022;2862.645;-8.938;1849.242;1357.991;4.140;3610.652;3127.043;623.191;2327.309;1797.505;1366.655;1791.583;1869.176;3334.247;43.584;2348.878;1984.188;156.152;357.859;2516.977;3291.377;51.468;1543.971;3574.952;1733.685;1139.077;938.767;-0.465;328.851;2340.652;2167.866;2081.574;1049.299;3410.911;3590.100;2199.347;2769.557;2891.094;1258.494;754.301;922.299;845.473;1586.234;-5.525;1252.034;2079.264;1490.593;2076.713;2562.465;3183.130;1100.677;596.292;1690.444;2522.807;384.438;332.488;1073.612;820.164;1714.232;2438.923;1177.645;3538.995;2926.107;2099.941;1308.577;0.150;2446.706;2670.255;3.739;3087.546;3290.409;2145.341;2839.416;3203.853;3413.524;1427.766;30.329;900.393;220.382;1548.658;1851.243;3078.242;3003.251;894.974;3596.992;270.171;1662.136;414.076;611.274;-0.748;701.800
186,338.00131154060364,185,-558.1099701455132,558.1099701455132,0.23479690623857774,3278.260;3605.004;3282.875;2094.601;470.685;1.840;1356.243;1217.245;1457.704;1689.228;2375.409;1949.283;2967.048;3154.334;2328.387;1594.504;814.299;3593.452;1042.651;604.340;-0.428;3601.488;178.501;976.503;3.406;508.051;1387.750;3576.075;831.786;3602.812;240.234;1083.783;908.019;3181.318;3595.735;737.724;1441.139;894.254;2898.953;2287.183;16.641;2705.710;2841.643;-7.004;1428.985;3170.388;3584.475;2284.008;48.318;1703.261;412.670;2125.546;616.089;31.149;1883.866;8.441;3037.227;3578.867;3450.831;1217.213;2336.598;2456.359;1749.046;1788.509;-1.800;9.010;1312.623;1539.575;435.722;2001.094;1972.016;2607.361;999.330;1161.424;3599.608;2218.231;2709.890;1938.089;3089.470;2454.811;3431.326;524.036;997.437;1522.291;1790.786;2716.004;3362.708;2307.778;3573.463;2802.408;322.025;2136.164;2220.973;2777.137;3216.538;541.141;315.288;2883.915;0.582;3313.477,1469.232;3599.891;3580.668;501.747;3595.624;2768.065;491.877;2691.801;3600.749;2867.122;-1.487;1856.750;1356.295;6.282;3603.101;3123.040;620.991;2319.244;1805.501;1363.867;1797.998;1861.013;3341.966;49.865;2340.824;1976.372;164.172;365.515;2525.137;3283.783;59.416;1539.261;3581.568;1741.760;1146.320;942.368;-8.359;321.282;2337.963;2174.872;2084.696;1042.138;3403.726;3597.371;2206.556;2777.355;2883.240;1254.145;746.561;915.031;839.445;1581.544;1.226;1246.491;2071.162;1498.820;2068.501;2559.474;3190.679;1092.639;595.165;1694.163;2519.549;377.250;324.398;1081.295;812.199;1707.685;2447.078;1170.504;3533.421;2931.379;2092.392;1314.203;-5.989;2447.525;2662.062;0.098;3079.635;3288.818;2153.563;2847.491;3212.042;3405.762;1432.351;32.735;906.589;224.965;1555.523;1848.576;3070.136;2997.853;902.456;3604.204;261.942;1661.307;422.243;604.851;-7.413;696.859
187,339.89457964897156,186,-558.0789165257565,558.0789165257565,0.22727255540053753,3270.545;3597.174;3288.988;2087.350;473.511;0.464;1354.775;1210.703;1462.183;1681.922;2373.028;1941.789;2962.026;3147.060;2335.802;1588.274;822.247;3599.764;1040.913;611.413;2.959;3609.345;186.629;968.529;1.188;500.565;1392.439;3571.368;827.576;3596.463;244.758;1091.006;916.073;3185.723;3602.771;739.998;1442.292;892.815;2896.684;2287.765;8.840;2713.143;2834.381;0.829;1437.099;3162.267;3579.905;2288.088;43.621;1711.199;420.235;2132.772;608.119;24.539;1879.502;14.608;3044.004;3583.857;3458.483;1224.014;2337.568;2464.231;1755.364;1787.291;-4.467;8.711;1305.502;1533.088;427.702;1993.244;1979.495;2614.107;991.395;1156.982;3606.858;2225.050;2702.629;1930.615;3097.107;2459.924;3423.949;529.650;990.313;1522.177;1790.566;2708.113;3370.342;2314.005;3581.276;2808.091;315.761;2130.960;2226.916;2781.569;3223.970;547.599;322.540;2891.771;-4.934;3305.661,1464.999;3603.834;3586.078;501.685;3597.906;2774.947;487.046;2699.663;3599.360;2860.495;4.639;1849.407;1352.387;2.684;3596.158;3130.861;628.374;2325.008;1798.064;1355.938;1794.776;1856.577;3336.376;42.467;2346.946;1983.327;160.776;361.457;2523.960;3291.513;52.755;1531.278;3589.534;1747.079;1143.849;935.137;-0.746;328.854;2345.290;2169.094;2077.515;1048.915;3398.027;3592.425;2203.114;2776.619;2875.118;1246.118;752.224;906.934;831.833;1588.904;8.919;1252.862;2078.836;1496.620;2073.999;2566.738;3183.843;1086.634;595.345;1686.292;2520.496;383.937;325.871;1079.187;807.584;1705.973;2454.078;1178.067;3540.575;2939.433;2097.920;1322.267;1.787;2455.492;2654.017;-7.697;3085.300;3296.557;2148.175;2847.359;3204.879;3406.380;1440.246;25.254;901.405;218.393;1548.570;1855.666;3073.814;2989.801;900.461;3598.014;267.443;1669.189;419.690;611.376;0.267;689.821
188,341.6009888648987,187,-558.1317559426138,558.1317559426138,0.1436641397222088,3271.446;3601.540;3296.437;2091.154;480.016;-1.476;1347.457;1217.396;1454.879;1675.068;2380.836;1948.209;2964.176;3148.575;2341.364;1596.050;829.684;3607.781;1033.172;616.482;-1.757;3601.564;179.594;972.945;-3.166;505.402;1386.624;3565.465;820.599;3603.210;237.620;1087.756;910.843;3178.445;3595.615;732.809;1449.362;900.197;2904.160;2295.665;4.260;2720.101;2841.227;4.454;1430.673;3167.812;3586.183;2290.271;39.415;1704.468;413.770;2131.736;613.751;17.190;1872.776;10.183;3051.746;3578.067;3451.560;1229.947;2344.025;2471.968;1762.888;1795.079;3.227;4.922;1303.301;1539.974;432.052;1991.601;1986.730;2619.707;984.781;1153.673;3599.232;2231.400;2699.639;1932.655;3089.871;2456.294;3415.889;523.378;997.224;1523.669;1798.209;2710.803;3371.900;2306.409;3585.083;2802.832;319.739;2122.969;2226.727;2777.145;3218.386;545.714;315.238;2885.637;2.090;3311.884,1459.519;3599.564;3580.104;507.509;3592.162;2782.988;493.668;2707.747;3591.936;2867.770;5.780;1856.702;1358.248;-3.639;3590.421;3138.957;636.369;2319.261;1789.985;1347.834;1800.832;1849.253;3328.672;34.512;2354.796;1991.365;155.156;353.810;2516.195;3294.899;44.827;1523.172;3597.602;1739.297;1135.920;933.958;3.616;336.836;2352.868;2161.098;2069.577;1056.634;3405.272;3585.549;2210.582;2768.953;2870.506;1240.521;759.460;901.743;823.770;1596.486;16.667;1260.889;2074.349;1495.123;2078.984;2574.579;3178.513;1093.801;591.102;1678.340;2512.591;391.274;333.481;1071.334;815.041;1698.113;2461.745;1181.016;3548.519;2947.540;2093.386;1329.188;6.752;2462.471;2658.464;-0.162;3079.719;3303.071;2144.854;2848.116;3197.200;3399.926;1448.131;18.579;906.727;210.360;1547.139;1863.652;3080.668;2982.510;893.631;3592.627;270.870;1677.239;411.980;619.393;1.982;682.855
189,343.46109437942505,188,-558.1042971115068,558.1042971115068,0.09781336996334612,3272.480;3597.374;3291.990;2098.947;472.858;6.163;1355.044;1210.571;1448.260;1667.410;2388.428;1942.900;2956.564;3156.395;2335.730;1597.526;822.196;3600.413;1027.400;609.750;2.826;3598.368;172.741;980.129;3.988;502.459;1393.498;3572.755;827.697;3595.979;245.088;1094.200;904.126;3171.898;3588.350;737.336;1448.343;895.249;2902.087;2303.372;0.520;2727.700;2848.452;8.516;1436.728;3172.392;3593.863;2298.134;32.050;1700.414;421.392;2123.891;621.055;20.485;1865.082;2.906;3045.165;3570.112;3458.607;1234.687;2352.005;2465.727;1756.124;1788.889;0.886;-2.973;1296.034;1547.746;425.738;1986.824;1979.597;2612.150;990.632;1146.379;3598.652;2224.208;2706.844;1938.877;3092.531;2461.116;3423.051;516.060;1003.883;1528.631;1806.221;2707.825;3364.650;2299.534;3592.376;2809.954;313.140;2126.593;2219.178;2769.340;3210.449;538.360;322.014;2879.133;-5.014;3319.849,1466.530;3594.989;3587.833;515.460;3599.111;2790.499;496.747;2715.588;3593.041;2875.769;10.748;1863.766;1366.203;4.091;3584.489;3145.058;644.102;2325.946;1783.067;1348.230;1805.646;1841.236;3320.911;29.645;2362.643;1999.131;154.315;345.838;2508.598;3301.582;36.958;1515.640;3599.508;1737.665;1128.644;926.173;-1.621;338.425;2360.302;2153.129;2061.536;1051.704;3398.794;3592.434;2204.310;2768.885;2862.675;1232.574;767.346;894.079;815.834;1604.511;23.446;1266.981;2081.282;1487.388;2086.713;2582.608;3170.713;1101.220;583.627;1670.721;2506.927;384.512;341.478;1063.337;823.045;1702.096;2454.751;1188.794;3555.581;2954.432;2086.307;1336.720;5.281;2464.278;2666.368;-3.396;3074.152;3311.004;2137.065;2840.554;3189.709;3404.902;1440.565;10.611;914.665;210.424;1539.613;1871.040;3087.909;2974.584;900.547;3597.693;278.752;1685.196;403.946;624.899;9.438;674.854
190,345.3429343700409,189,-558.321369747656,558.321369747656,0.16407692884478825,3279.669;3604.023;3284.398;2106.924;479.852;3.290;1362.684;1204.782;1448.062;1674.020;2384.669;1950.445;2962.912;3160.024;2328.702;1595.191;826.423;3602.407;1025.222;612.569;-4.019;3596.227;173.090;986.334;6.849;494.727;1396.101;3580.144;834.328;3600.289;251.933;1093.285;896.203;3176.854;3588.030;735.875;1444.554;887.728;2894.297;2311.222;-7.068;2720.244;2852.491;15.674;1429.545;3178.875;3589.821;2303.043;24.540;1706.210;416.015;2120.376;615.097;13.033;1867.127;6.828;3037.425;3577.256;3458.147;1242.429;2349.700;2458.452;1759.227;1781.033;4.034;3.982;1292.646;1542.839;429.584;1978.962;1971.656;2612.554;989.282;1138.656;3597.704;2216.308;2714.754;1931.488;3085.577;2453.665;3425.618;514.365;1011.332;1522.662;1803.971;2700.899;3360.409;2304.365;3600.173;2811.587;305.215;2133.132;2216.429;2762.720;3207.245;530.434;318.050;2885.611;1.281;3326.651,1459.533;3587.139;3592.804;508.658;3606.468;2795.641;496.215;2718.474;3588.548;2868.647;18.074;1861.677;1359.328;5.434;3578.862;3139.782;641.029;2326.280;1789.454;1350.608;1813.508;1846.448;3326.600;22.167;2356.593;1995.158;161.854;350.609;2510.524;3309.414;31.059;1508.113;3592.529;1738.680;1135.395;918.647;3.792;334.293;2365.058;2158.282;2066.558;1058.733;3406.252;3600.349;2210.079;2774.820;2869.634;1228.616;767.148;899.496;819.210;1598.678;18.370;1274.107;2075.133;1491.166;2090.750;2585.822;3171.985;1101.064;591.317;1677.201;2510.581;387.365;337.366;1061.217;816.327;1709.176;2461.687;1190.830;3563.451;2947.473;2093.909;1334.208;-2.408;2471.828;2660.575;3.822;3066.263;3304.305;2138.338;2833.243;3194.774;3400.359;1443.857;3.036;909.143;205.617;1546.841;1864.967;3081.403;2980.562;893.463;3591.770;274.016;1678.273;409.115;620.567;15.740;675.586
191,347.2454171180725,190,-558.5559411439194,558.5559411439194,0.15256297645175246,3287.518;3596.542;3281.368;2104.919;474.734;-3.115;1355.819;1208.230;1442.892;1668.874;2392.208;1946.656;2956.711;3162.921;2320.819;1602.293;832.188;3596.035;1032.260;605.191;3.602;3592.979;165.571;983.544;-0.298;493.933;1400.592;3573.940;830.523;3604.227;247.335;1085.777;903.127;3184.623;3595.561;734.423;1451.675;879.821;2894.524;2306.144;0.604;2725.060;2860.247;8.537;1435.173;3171.473;3594.894;2310.183;16.929;1704.379;413.694;2119.507;621.906;7.669;1861.220;-0.695;3039.839;3583.563;3456.743;1247.739;2356.203;2450.763;1760.957;1777.117;-1.034;9.362;1292.244;1549.225;437.260;1980.283;1971.020;2605.382;996.661;1138.028;3605.141;2220.516;2713.442;1936.167;3090.433;2460.003;3432.728;508.337;1004.164;1530.023;1796.977;2708.475;3354.921;2297.170;3605.761;2805.051;311.455;2128.454;2208.787;2754.945;3206.052;533.155;323.818;2878.743;6.769;3333.148,1451.696;3593.049;3600.143;502.573;3598.910;2802.809;488.543;2712.256;3595.780;2863.797;25.974;1855.101;1363.568;-0.569;3585.221;3132.972;648.124;2333.932;1797.147;1352.083;1812.956;1854.101;3334.386;15.223;2357.608;1988.598;169.049;356.807;2503.600;3312.021;31.915;1507.594;3588.319;1731.688;1136.595;925.804;-3.096;339.242;2357.703;2163.868;2074.332;1064.363;3408.702;3597.616;2215.508;2767.360;2875.814;1223.439;769.781;904.592;812.984;1596.610;11.143;1267.796;2068.120;1498.908;2094.963;2582.578;3166.049;1098.784;598.699;1684.608;2517.879;380.422;330.113;1055.555;814.650;1702.006;2461.668;1186.874;3564.993;2951.406;2090.846;1328.430;3.020;2479.287;2657.619;-0.598;3071.130;3306.153;2132.858;2837.080;3199.074;3407.313;1437.375;-4.292;903.242;198.003;1553.440;1860.904;3076.322;2982.913;898.897;3586.722;267.062;1677.015;415.209;627.111;9.238;671.287
192,348.97382831573486,191,-558.5972786537207,558.5972786537207,0.19784481342161667,3281.825;3595.601;3273.671;2112.182;467.199;4.081;1349.029;1215.706;1450.325;1671.716;2385.954;1942.546;2949.793;3155.310;2325.871;1598.504;824.711;3596.311;1040.042;599.456;4.859;3585.303;170.879;976.833;-0.549;486.308;1407.801;3566.151;837.553;3596.754;239.764;1090.324;907.580;3192.450;3603.067;727.461;1459.495;886.347;2901.669;2304.755;2.188;2724.017;2858.906;5.298;1432.526;3164.846;3588.698;2304.588;9.452;1696.713;411.094;2112.351;615.863;15.236;1868.688;-8.121;3036.433;3576.999;3464.314;1240.170;2363.708;2457.423;1765.112;1784.221;-8.774;2.013;1299.793;1543.010;430.308;1973.492;1964.257;2601.471;989.346;1145.670;3598.950;2224.303;2718.112;1930.675;3083.970;2452.841;3440.552;500.561;1001.872;1523.251;1804.148;2715.419;3362.386;2297.105;3598.188;2804.896;305.939;2121.034;2206.687;2762.061;3213.702;540.805;331.595;2870.924;13.654;3339.624,1444.163;3600.830;3602.883;508.706;3599.973;2795.736;480.764;2704.486;3603.549;2868.702;30.755;1850.627;1371.024;-4.840;3592.749;3125.415;641.307;2341.780;1800.608;1345.355;1813.052;1850.307;3329.794;21.742;2364.895;1990.441;176.844;350.012;2510.836;3319.711;39.341;1504.690;3595.438;1739.048;1144.097;924.332;2.187;346.973;2358.954;2163.507;2070.929;1056.941;3404.750;3590.183;2208.257;2773.661;2868.899;1229.221;762.328;897.092;820.197;1589.525;3.310;1260.014;2075.149;1497.717;2088.328;2574.873;3158.266;1106.340;592.636;1686.230;2525.262;379.524;333.711;1062.991;821.183;1694.304;2454.269;1179.663;3557.667;2958.635;2085.249;1335.907;10.610;2486.721;2664.804;1.228;3070.757;3301.754;2125.702;2831.292;3193.167;3400.468;1444.091;1.852;895.639;200.004;1546.582;1858.465;3081.875;2975.856;906.343;3594.321;273.650;1670.836;416.137;634.178;1.432;678.105
193,350.8562605381012,192,-558.6467101540399,558.6467101540399,0.13984527683802603,3289.052;3601.782;3266.172;2106.632;460.448;0.031;1342.749;1210.378;1445.714;1664.778;2389.719;1934.973;2956.065;3151.092;2332.889;1605.105;825.660;3590.963;1039.079;591.752;1.609;3590.072;176.308;984.133;-3.107;486.036;1415.556;3568.756;830.567;3599.548;236.603;1097.998;913.137;3191.033;3596.313;719.700;1453.921;887.657;2908.801;2298.042;4.491;2723.113;2854.007;-2.327;1437.315;3157.169;3595.970;2298.367;1.716;1699.013;418.514;2118.458;609.374;14.983;1869.516;-0.616;3043.854;3578.743;3462.548;1234.256;2356.938;2465.100;1757.668;1779.449;-1.355;-2.297;1307.088;1547.238;424.557;1980.609;1962.333;2602.639;991.709;1142.145;3604.034;2228.582;2710.925;1937.625;3090.517;2449.317;3439.566;506.404;1007.738;1523.143;1803.647;2719.944;3357.684;2293.589;3592.384;2797.341;310.641;2122.726;2213.746;2767.467;3214.050;539.916;326.614;2876.165;7.424;3335.708,1438.804;3604.953;3595.524;502.106;3598.952;2789.241;487.329;2697.962;3598.655;2876.332;36.143;1857.651;1364.029;2.706;3600.187;3131.311;642.359;2338.701;1807.986;1337.660;1805.489;1857.521;3336.796;27.970;2360.139;1986.537;179.309;355.137;2508.417;3316.749;46.611;1512.258;3599.233;1732.492;1137.325;931.817;-1.212;340.044;2352.683;2157.306;2073.687;1060.055;3410.819;3582.941;2215.105;2781.007;2873.406;1224.898;755.945;897.441;813.135;1582.276;-2.262;1255.510;2081.738;1490.604;2080.580;2574.548;3162.369;1113.330;599.256;1693.476;2532.979;371.914;326.970;1067.944;828.855;1698.151;2455.083;1177.867;3552.564;2953.071;2077.576;1339.903;16.285;2479.405;2661.164;3.250;3074.267;3294.079;2132.781;2838.710;3200.096;3393.994;1437.998;-1.178;898.534;207.291;1553.009;1865.822;3074.691;2981.826;901.333;3597.606;267.773;1663.418;423.574;641.831;-4.921;685.123
194,352.7709536552429,193,-558.6850503579012,558.6850503579012,0.17724501163454875,3293.124;3597.196;3271.686;2102.622;452.894;-6.458;1346.129;1217.778;1438.127;1671.462;2383.368;1942.030;2963.551;3143.668;2328.618;1598.069;819.097;3597.801;1035.310;596.240;-5.285;3595.918;169.564;991.809;4.376;488.285;1408.276;3565.081;823.918;3604.001;229.047;1104.606;905.797;3183.774;3590.240;722.290;1461.261;895.045;2916.101;2305.117;0.627;2715.575;2857.901;4.122;1430.239;3164.190;3600.443;2305.132;8.241;1706.465;419.973;2115.233;603.329;12.987;1862.521;2.503;3041.676;3573.279;3463.292;1227.290;2361.596;2460.430;1749.963;1783.699;3.271;0.106;1314.787;1554.803;419.651;1974.274;1956.638;2610.013;984.688;1142.553;3597.293;2222.161;2710.330;1931.462;3083.545;2453.744;3443.676;507.733;1015.390;1517.717;1796.179;2726.359;3364.435;2300.314;3594.984;2803.859;316.645;2115.388;2207.917;2761.883;3217.639;532.959;319.420;2882.435;1.210;3330.037,1445.134;3598.817;3589.658;498.795;3603.844;2782.862;492.675;2704.384;3597.835;2874.510;28.747;1863.997;1361.105;4.089;3593.980;3138.970;648.898;2336.704;1809.315;1330.102;1812.419;1860.937;3330.224;25.491;2366.078;1991.930;185.954;350.866;2501.346;3317.917;40.469;1507.914;3606.339;1725.970;1130.710;927.995;5.802;332.796;2345.013;2161.000;2081.193;1063.499;3418.118;3585.743;2219.697;2786.762;2876.663;1230.574;762.781;892.625;817.437;1574.916;4.527;1256.434;2076.012;1497.070;2087.365;2581.646;3157.622;1112.656;597.305;1695.008;2526.571;365.424;333.782;1061.194;834.586;1705.722;2448.578;1185.314;3558.636;2953.411;2078.707;1345.671;22.768;2484.713;2663.589;9.226;3081.855;3296.184;2129.597;2837.643;3205.073;3386.831;1433.349;6.076;891.257;202.278;1551.208;1869.739;3081.966;2975.021;894.661;3604.225;260.611;1661.562;417.128;649.247;1.208;680.715
195,354.485068321228,194,-558.5999852802781,558.5999852802781,0.23273355886035837,3300.611;3597.377;3264.581;2097.842;445.694;0.902;1353.656;1222.557;1431.420;1678.888;2390.320;1948.120;2967.437;3149.953;2321.074;1604.551;826.319;3605.444;1036.517;589.095;2.047;3602.934;172.713;984.949;10.481;481.803;1400.965;3569.079;818.218;3606.048;232.784;1097.264;911.369;3183.788;3597.117;714.835;1457.974;888.764;2908.949;2297.988;-6.760;2709.433;2865.444;5.660;1437.107;3157.098;3608.000;2298.690;2.827;1700.792;413.394;2107.726;595.738;5.963;1855.635;7.341;3034.314;3571.010;3456.062;1231.119;2367.706;2452.885;1742.395;1777.049;0.271;-4.978;1322.299;1547.953;412.833;1977.957;1964.038;2617.668;991.613;1150.034;3598.107;2228.112;2717.726;1937.363;3088.735;2460.254;3450.975;515.197;1008.306;1524.924;1796.965;2721.784;3370.296;2292.993;3602.118;2806.197;309.380;2122.472;2214.818;2754.331;3216.984;539.997;325.885;2890.041;-6.367;3322.441,1452.720;3594.156;3595.888;505.873;3596.512;2775.478;499.898;2706.413;3599.172;2873.323;23.428;1857.531;1353.588;-2.821;3586.487;3145.166;656.529;2329.230;1812.745;1327.402;1819.884;1856.036;3326.558;18.002;2364.072;1999.390;180.789;355.908;2507.514;3311.298;33.008;1500.361;3598.915;1722.724;1132.101;921.137;-0.251;329.020;2337.470;2154.352;2074.495;1071.029;3424.891;3593.229;2219.769;2790.882;2883.973;1223.314;756.591;899.328;811.987;1573.494;10.066;1249.662;2081.870;1504.440;2086.108;2585.193;3163.647;1119.386;596.493;1701.090;2523.669;358.089;338.182;1063.124;836.222;1709.407;2455.627;1179.100;3566.245;2959.026;2086.139;1352.858;15.626;2491.970;2670.936;16.816;3076.219;3291.354;2136.853;2837.310;3198.158;3393.680;1429.238;11.118;894.788;194.728;1552.743;1862.658;3076.823;2976.381;887.101;3596.984;266.916;1669.009;415.156;656.905;7.552;673.163
196,356.34325766563416,195,-558.6828895624242,558.6828895624242,0.18973759483747166,3295.754;3604.750;3265.005;2090.474;452.569;-0.672;1348.067;1218.976;1437.506;1674.357;2397.779;1943.702;2974.888;3156.507;2326.366;1611.927;828.611;3598.719;1029.309;581.783;3.149;3595.656;165.582;991.251;5.221;488.550;1406.099;3576.566;812.422;3598.653;239.986;1089.739;907.400;3191.189;3604.633;718.215;1450.807;894.431;2907.645;2293.186;0.584;2701.886;2872.693;-0.915;1435.386;3155.975;3600.755;2304.725;-4.676;1693.758;419.130;2102.940;588.547;-0.397;1857.425;6.180;3040.937;3578.153;3448.855;1229.261;2368.014;2459.189;1746.766;1783.682;-5.550;2.332;1326.737;1548.270;419.620;1985.237;1962.742;2614.347;994.235;1157.523;3593.297;2235.661;2712.337;1942.929;3092.726;2453.112;3444.485;517.375;1005.979;1518.721;1794.981;2715.593;3363.233;2286.146;3595.410;2798.883;309.975;2125.740;2221.891;2753.596;3222.356;544.065;326.821;2884.626;0.685;3325.674,1445.941;3588.705;3603.237;508.005;3591.732;2782.002;507.503;2699.207;3605.600;2880.727;22.442;1864.510;1347.339;3.407;3592.637;3149.141;651.835;2331.473;1807.075;1322.196;1813.748;1862.995;3333.274;10.389;2371.370;2007.003;188.099;363.203;2510.308;3306.312;26.555;1507.770;3600.092;1715.392;1124.968;927.913;-6.423;321.602;2342.263;2147.027;2077.771;1078.530;3422.774;3595.310;2226.856;2785.458;2877.571;1216.949;760.563;904.769;804.522;1566.237;14.292;1254.792;2089.417;1511.704;2078.738;2592.652;3170.269;1126.969;590.169;1696.304;2516.332;352.243;344.341;1068.200;843.614;1702.449;2449.749;1180.846;3573.588;2966.557;2083.402;1345.426;10.990;2486.855;2678.527;10.055;3068.952;3283.864;2144.048;2844.555;3190.853;3388.052;1421.785;17.038;902.178;187.130;1560.110;1868.455;3071.792;2972.793;881.378;3594.167;273.659;1675.552;408.269;660.558;9.774;666.493
197,358.2236204147339,196,-558.8389325501405,558.8389325501405,0.1468907442805361,3302.577;3597.917;3259.500;2082.935;459.531;-2.699;1343.633;1211.563;1443.167;1668.303;2396.872;1949.942;2982.077;3164.018;2323.505;1617.816;828.511;3599.426;1022.742;579.345;-0.464;3596.607;158.056;993.945;-2.193;496.070;1409.730;3583.567;804.937;3605.078;246.837;1087.677;912.326;3196.821;3598.037;711.603;1443.871;892.975;2900.568;2286.861;0.943;2695.617;2878.304;3.096;1428.293;3157.726;3596.617;2298.221;2.387;1700.210;412.620;2109.793;581.087;-7.879;1850.150;-1.054;3046.816;3585.636;3441.360;1236.558;2375.144;2466.254;1754.019;1785.168;1.561;8.578;1333.180;1554.317;426.745;1985.152;1969.897;2607.652;998.950;1159.111;3599.636;2243.224;2709.975;1950.405;3100.032;2445.568;3436.986;511.182;1000.022;1516.573;1788.899;2722.227;3355.745;2289.065;3597.299;2792.415;316.525;2121.843;2229.356;2760.776;3215.057;542.992;334.028;2889.338;-2.389;3333.081,1439.937;3595.633;3596.166;513.411;3590.194;2789.076;514.959;2705.048;3598.281;2884.213;15.073;1869.057;1343.703;2.838;3585.951;3154.946;644.597;2330.597;1813.853;1320.054;1806.986;1869.297;3340.503;3.552;2377.398;2014.426;193.845;356.490;2506.884;3298.875;19.349;1509.490;3601.403;1708.251;1117.465;934.253;0.862;314.046;2339.625;2150.684;2073.200;1084.046;3429.861;3591.604;2220.063;2792.741;2874.748;1209.522;767.864;897.619;799.393;1571.446;21.403;1259.544;2096.611;1518.808;2082.604;2585.895;3177.789;1134.392;594.423;1689.605;2508.783;344.955;351.811;1075.528;849.828;1695.269;2448.375;1185.340;3581.055;2973.265;2081.314;1343.703;11.394;2481.528;2684.004;2.644;3075.036;3283.823;2148.646;2841.091;3190.972;3388.064;1419.076;10.258;909.730;192.399;1556.991;1875.840;3075.299;2979.144;874.672;3592.856;281.087;1682.332;400.737;653.815;4.913;659.778
198,359.9256181716919,197,-558.9109826859362,558.9109826859362,0.11541649274374467,3309.443;3602.341;3252.494;2075.879;453.413;4.478;1336.402;1204.460;1436.141;1660.947;2391.018;1946.157;2987.837;3171.448;2318.053;1612.559;834.611;3597.893;1015.282;572.025;2.796;3600.061;150.819;1001.134;4.545;503.510;1404.409;3590.915;797.466;3598.841;254.273;1085.156;906.472;3194.526;3595.725;718.149;1441.517;886.075;2894.296;2279.429;1.740;2688.891;2871.609;1.393;1428.909;3152.144;3597.445;2298.391;1.966;1705.066;415.087;2104.175;578.975;-0.859;1852.656;-0.330;3046.453;3591.828;3442.300;1238.212;2368.678;2464.635;1747.694;1791.624;-0.149;15.054;1340.607;1555.923;432.496;1992.263;1972.386;2602.283;1006.090;1160.877;3594.128;2250.665;2717.109;1956.475;3100.654;2449.721;3437.068;503.762;993.587;1523.431;1796.051;2729.687;3350.731;2295.531;3600.293;2794.617;323.772;2128.178;2236.837;2767.549;3211.441;549.919;334.322;2882.841;-3.276;3334.481,1437.880;3603.107;3597.527;519.725;3597.351;2790.197;515.050;2700.874;3596.125;2891.317;7.787;1875.600;1336.904;-3.816;3591.309;3162.375;650.348;2323.373;1819.263;1326.923;1813.589;1875.539;3346.428;6.393;2381.107;2008.833;187.616;361.263;2506.139;3292.171;12.418;1509.650;3594.518;1712.542;1120.567;928.268;5.077;311.557;2332.346;2158.039;2066.312;1089.195;3423.735;3586.725;2223.388;2788.151;2881.261;1216.244;764.401;896.912;792.256;1573.890;28.684;1252.288;2094.808;1526.267;2087.200;2592.200;3181.554;1128.357;601.776;1684.725;2506.107;342.599;350.834;1082.996;854.501;1691.607;2445.054;1178.091;3576.384;2966.777;2087.355;1343.538;8.644;2487.449;2685.239;-4.454;3070.100;3289.888;2155.194;2847.919;3183.851;3386.903;1412.075;16.929;908.270;188.710;1563.703;1870.107;3071.596;2972.519;881.250;3600.007;282.296;1678.127;403.227;650.660;-2.458;654.651
199,361.76280403137207,198,-558.9450418454187,558.9450418454187,0.20790815986747027,3310.015;3596.029;3259.569;2072.341;456.015;-0.860;1329.932;1207.462;1442.704;1665.236;2397.597;1938.889;2989.119;3165.968;2325.024;1605.266;827.485;3604.704;1010.340;577.766;10.074;3595.183;143.872;1004.948;-1.321;505.702;1397.863;3592.689;803.510;3602.535;260.602;1088.288;912.587;3201.587;3601.892;724.777;1446.531;893.153;2886.946;2286.121;-5.214;2690.834;2864.682;-5.781;1427.541;3158.996;3591.751;2305.552;2.193;1699.231;422.366;2103.906;583.724;2.211;1858.471;-7.388;3053.652;3590.793;3436.184;1231.034;2362.677;2457.602;1753.254;1799.010;-7.062;19.296;1333.993;1562.590;439.343;1987.608;1966.355;2594.936;1001.562;1163.207;3601.072;2248.679;2711.917;1949.754;3107.292;2456.638;3431.251;510.388;999.936;1521.161;1793.796;2736.306;3355.580;2301.914;3593.503;2787.940;323.655;2121.300;2238.910;2774.938;3218.188;543.211;327.191;2875.910;3.695;3327.854,1443.468;3598.111;3604.123;512.516;3592.032;2797.456;512.227;2696.024;3600.685;2898.728;7.595;1880.728;1329.514;3.272;3594.131;3158.863;644.610;2317.894;1826.593;1319.838;1812.826;1882.839;3340.247;1.150;2388.408;2015.900;183.217;354.609;2498.884;3285.009;13.187;1510.602;3598.560;1708.588;1113.486;933.203;3.057;307.804;2327.918;2151.021;2058.895;1095.390;3426.541;3593.630;2230.404;2790.325;2875.380;1209.763;771.489;891.026;785.224;1566.656;21.863;1257.765;2101.958;1521.576;2094.481;2594.531;3188.860;1133.828;609.183;1691.949;2498.919;349.595;357.460;1077.467;861.822;1695.619;2437.843;1180.105;3583.124;2971.662;2080.207;1343.634;1.379;2482.455;2690.247;2.588;3062.760;3282.974;2148.547;2841.132;3187.039;3380.091;1417.491;11.552;914.095;181.480;1570.941;1863.906;3078.444;2975.793;888.651;3597.733;275.154;1685.127;396.202;652.821;4.245;661.492
200,363.6243772506714,199,-558.9583635506073,558.9583635506073,0.15422997482977474,3304.958;3591.621;3266.455;2079.082;458.015;-2.830;1336.360;1203.692;1436.541;1672.484;2401.080;1945.568;2982.010;3159.991;2323.224;1608.101;829.172;3597.709;1004.194;571.886;3.418;3602.127;141.210;1012.167;0.692;501.003;1390.546;3598.451;803.762;3596.398;253.816;1084.003;906.484;3204.683;3596.117;717.932;1453.815;889.184;2887.920;2282.088;1.735;2697.789;2871.430;1.286;1420.609;3162.790;3596.156;2312.913;-4.589;1691.918;427.347;2108.906;591.001;-4.806;1851.676;-0.384;3047.605;3597.806;3442.411;1233.282;2369.629;2460.067;1746.761;1799.942;-0.216;26.556;1330.515;1569.912;432.313;1992.971;1959.032;2587.836;994.461;1168.252;3603.359;2255.666;2718.067;1942.916;3100.578;2459.495;3438.168;516.500;998.517;1522.064;1800.691;2730.001;3361.569;2295.317;3600.344;2783.578;316.808;2119.716;2232.067;2770.197;3225.524;542.661;330.460;2869.216;-0.262;3323.552,1450.592;3602.062;3597.420;511.174;3597.194;2801.970;518.838;2702.998;3596.899;2896.125;2.881;1887.964;1335.876;1.571;3600.628;3151.936;650.555;2310.758;1822.342;1312.866;1818.150;1877.555;3332.938;7.954;2388.927;2012.123;189.329;361.331;2505.214;3281.932;20.286;1508.023;3600.662;1715.482;1114.347;937.429;-3.197;300.748;2334.843;2155.526;2064.126;1088.553;3420.181;3600.858;2225.776;2783.372;2881.863;1215.712;766.379;897.506;789.205;1568.094;17.482;1251.158;2099.360;1528.149;2095.668;2601.614;3184.177;1127.599;604.100;1688.873;2504.890;343.112;351.425;1084.100;856.360;1688.617;2430.472;1173.140;3580.165;2966.979;2084.063;1344.764;-5.978;2488.007;2683.225;2.929;3069.270;3288.024;2141.386;2836.955;3194.272;3387.049;1424.484;6.158;913.010;175.926;1564.373;1860.118;3085.028;2982.969;894.981;3597.173;272.591;1691.774;401.488;659.064;1.126;656.737
201,365.51423621177673,200,-559.0316490450555,559.0316490450555,0.2143065583801157,3311.365;3598.022;3260.481;2086.359;450.989;4.150;1343.162;1210.676;1429.948;1679.016;2394.074;1952.229;2975.066;3166.102;2325.421;1614.532;835.982;3595.448;1010.997;565.165;-1.549;3595.525;148.306;1007.378;5.855;493.791;1386.236;3605.687;796.956;3601.287;258.245;1090.373;899.327;3210.899;3589.218;724.133;1460.830;882.729;2895.034;2275.278;4.773;2699.528;2866.829;2.001;1424.018;3155.897;3603.256;2312.359;2.335;1694.517;420.571;2116.097;590.492;-0.037;1856.298;1.949;3040.342;3603.397;3437.462;1227.655;2365.001;2453.026;1739.539;1792.869;2.953;21.999;1335.604;1563.402;430.739;1986.008;1953.125;2592.167;998.429;1161.902;3596.281;2257.958;2723.722;1938.387;3093.403;2461.135;3445.404;509.945;991.790;1515.013;1807.970;2724.374;3368.279;2302.084;3602.843;2790.641;309.518;2125.939;2230.842;2776.586;3232.552;535.633;337.623;2861.958;-7.242;3316.458,1455.170;3595.244;3599.684;504.826;3604.426;2797.073;512.607;2696.378;3598.180;2902.644;-4.337;1880.914;1331.786;-4.483;3593.712;3158.671;645.993;2317.736;1825.473;1309.771;1812.773;1870.361;3339.303;11.491;2396.015;2017.770;182.672;368.540;2500.722;3288.724;13.483;1512.629;3596.493;1709.157;1121.427;930.365;3.428;307.556;2342.053;2159.969;2063.555;1092.446;3412.923;3605.988;2229.225;2783.426;2887.843;1211.841;764.763;891.060;792.926;1562.042;10.274;1253.655;2097.711;1523.544;2099.795;2608.242;3185.861;1133.169;610.669;1695.866;2511.941;349.392;357.905;1080.851;862.642;1695.494;2423.169;1172.599;3586.751;2959.772;2086.418;1339.119;0.566;2481.848;2678.240;6.162;3063.825;3290.255;2134.395;2829.754;3191.198;3391.411;1431.777;0.281;905.868;179.527;1568.149;1852.939;3079.089;2978.873;888.685;3604.302;265.750;1686.276;406.773;666.291;7.865;649.529
202,367.2228903770447,201,-558.9354892386218,558.9354892386218,0.1633318527861414,3318.552;3605.233;3253.784;2088.006;457.556;7.012;1350.319;1217.220;1423.614;1686.243;2388.699;1955.818;2981.003;3161.503;2322.081;1608.372;832.231;3589.459;1004.007;558.620;3.301;3600.482;150.003;1013.316;5.698;498.157;1379.090;3599.209;802.750;3595.150;256.663;1085.772;892.100;3204.908;3583.824;718.083;1468.080;885.221;2901.313;2276.405;4.196;2692.591;2872.942;3.468;1416.964;3162.449;3597.087;2318.713;3.777;1688.038;424.434;2118.740;597.242;-1.310;1852.255;-3.096;3034.640;3596.524;3443.820;1234.428;2358.005;2456.259;1738.888;1796.654;0.260;16.913;1342.384;1568.793;423.846;1979.283;1945.932;2586.548;1005.464;1158.700;3596.510;2265.048;2717.840;1936.444;3086.268;2467.782;3452.186;504.739;998.697;1521.253;1814.792;2718.992;3372.593;2297.340;3595.811;2788.568;303.044;2119.352;2229.631;2776.053;3232.649;541.609;343.940;2868.045;-0.465;3310.214,1448.192;3596.674;3606.689;510.210;3598.140;2803.915;519.546;2701.659;3601.366;2909.831;2.277;1887.263;1324.895;2.293;3591.861;3165.211;638.840;2324.141;1818.715;1302.654;1805.595;1876.728;3345.287;4.516;2403.191;2024.945;188.165;368.984;2493.577;3295.941;6.514;1508.713;3598.473;1702.191;1116.734;935.142;1.981;302.114;2349.274;2153.007;2069.846;1098.814;3405.708;3598.953;2236.350;2790.405;2880.979;1209.311;771.392;883.954;785.970;1568.606;3.915;1260.275;2104.285;1527.162;2106.833;2601.804;3178.897;1137.826;617.893;1691.543;2505.818;343.707;365.093;1073.776;869.815;1693.277;2415.921;1179.318;3593.908;2966.053;2079.504;1340.145;-1.192;2474.694;2685.133;-0.762;3056.970;3288.763;2127.147;2822.640;3193.234;3384.509;1425.743;-6.854;906.839;186.633;1575.218;1858.962;3085.514;2972.105;882.469;3598.664;263.560;1693.134;399.989;659.428;14.827;647.731
203,369.0806267261505,202,-559.0370220604086,559.0370220604086,0.19239753826436115,3323.050;3599.397;3247.034;2081.216;454.877;3.119;1344.072;1210.807;1426.593;1682.229;2391.924;1949.771;2987.560;3168.042;2326.367;1607.467;825.236;3584.298;1000.147;553.802;9.983;3596.182;143.630;1020.343;-1.301;491.828;1377.404;3601.492;796.536;3600.686;263.459;1079.554;894.407;3205.546;3590.167;716.523;1466.059;892.235;2905.400;2269.700;-2.065;2698.059;2871.119;6.331;1416.064;3160.987;3590.476;2315.733;9.438;1694.425;429.264;2124.377;591.434;-4.131;1853.787;1.665;3038.721;3596.995;3437.784;1235.147;2351.847;2451.867;1744.854;1801.990;-6.349;20.094;1338.196;1568.915;418.503;1981.760;1940.386;2593.050;1012.387;1165.240;3591.232;2269.763;2713.478;1943.427;3089.000;2461.982;3457.748;504.864;995.721;1528.098;1821.261;2725.556;3365.604;2292.685;3593.005;2782.709;309.262;2116.453;2236.636;2782.230;3239.493;548.325;350.359;2874.473;-4.319;3316.826,1441.223;3591.738;3600.576;517.165;3599.150;2810.635;522.145;2706.811;3594.409;2909.131;7.047;1890.803;1318.494;0.937;3596.578;3159.150;634.809;2330.789;1824.828;1300.239;1804.491;1883.499;3352.242;-2.123;2409.696;2021.790;194.567;370.970;2496.735;3294.176;0.542;1514.316;3591.489;1704.725;1111.102;941.841;6.509;295.376;2348.589;2149.993;2077.008;1105.555;3409.704;3600.546;2243.445;2785.194;2882.815;1215.541;777.776;878.802;779.087;1571.611;5.974;1265.547;2108.361;1534.144;2101.258;2603.694;3182.361;1131.523;620.384;1689.369;2504.478;337.929;367.149;1072.465;873.697;1687.922;2408.760;1173.744;3599.914;2961.960;2079.517;1334.660;-6.971;2468.338;2689.472;-6.939;3056.952;3295.702;2120.959;2825.041;3200.256;3382.552;1419.529;-0.604;913.633;183.637;1575.019;1865.390;3078.773;2967.654;875.398;3598.208;265.962;1688.092;396.420;654.617;21.510;640.929
204,370.96138858795166,203,-558.9552697393208,558.9552697393208,0.14744816061596566,3328.932;3602.062;3250.083;2079.261;448.437;-2.029;1346.734;1208.841;1424.374;1688.464;2398.441;1946.673;2992.025;3174.527;2319.677;1609.535;828.677;3578.725;993.969;546.866;17.002;3601.546;140.129;1023.404;4.131;497.075;1371.270;3596.051;790.089;3596.737;270.293;1073.220;891.061;3212.464;3597.058;713.503;1471.698;889.870;2899.251;2262.884;3.724;2693.153;2871.382;-0.155;1411.203;3166.634;3586.985;2321.665;6.361;1697.384;429.687;2131.448;595.014;2.448;1851.139;-4.446;3034.527;3602.839;3437.819;1231.637;2357.868;2445.450;1738.465;1797.976;0.295;27.088;1344.727;1565.844;422.317;1985.272;1943.011;2598.752;1019.430;1167.618;3591.777;2276.347;2720.200;1949.470;3083.767;2455.454;3464.680;498.092;991.256;1521.671;1822.177;2732.661;3362.595;2285.714;3587.852;2786.391;312.657;2111.874;2237.155;2776.158;3241.787;554.895;347.487;2871.916;1.805;3322.897,1444.679;3597.549;3598.885;515.471;3605.418;2810.914;517.564;2705.498;3598.206;2913.565;4.821;1887.963;1319.585;-4.582;3603.349;3159.727;639.356;2335.742;1831.442;1302.710;1810.700;1882.214;3349.519;3.245;2414.527;2015.989;188.099;375.793;2501.690;3290.249;-1.012;1510.229;3595.625;1710.877;1105.707;938.321;10.111;289.747;2344.332;2155.735;2074.142;1099.634;3415.870;3600.926;2248.653;2778.500;2887.478;1222.641;781.884;884.572;772.331;1566.303;3.273;1259.313;2104.302;1535.231;2094.207;2609.652;3188.864;1124.980;624.043;1695.961;2509.743;343.398;369.425;1071.735;880.293;1693.233;2407.160;1167.401;3598.053;2956.019;2078.534;1337.848;-0.317;2468.115;2686.475;-0.327;3052.808;3289.188;2124.937;2821.525;3200.247;3380.955;1414.264;4.021;909.445;176.708;1569.391;1862.382;3081.328;2974.486;870.310;3602.743;259.324;1688.170;400.417;660.524;20.967;644.574
205,372.8672137260437,204,-559.0776062316035,559.0776062316035,0.19113041148817442,3335.776;3595.480;3245.146;2074.733;454.184;-3.064;1352.761;1202.108;1426.827;1695.318;2405.491;1939.811;2998.962;3169.102;2313.009;1603.852;834.377;3571.821;999.092;551.744;22.763;3596.376;144.176;1030.175;2.293;503.897;1364.409;3593.792;785.436;3601.749;264.058;1071.515;895.125;3213.051;3604.088;713.918;1473.362;895.041;2901.130;2268.622;-0.252;2686.172;2877.614;-7.212;1412.848;3166.220;3593.727;2328.693;8.152;1691.867;436.456;2125.552;589.116;-2.336;1857.982;2.076;3030.099;3596.665;3437.144;1238.291;2364.906;2451.769;1731.641;1803.988;-0.385;22.436;1338.756;1572.415;415.445;1992.161;1936.751;2594.598;1016.295;1160.956;3598.664;2271.684;2714.980;1955.817;3089.959;2448.445;3470.987;502.931;984.739;1521.515;1828.570;2732.103;3357.124;2278.704;3591.742;2779.763;311.865;2118.662;2230.700;2770.472;3239.720;548.523;353.686;2865.581;5.669;3329.938,1438.376;3604.083;3603.991;519.361;3598.823;2815.721;523.697;2712.200;3604.858;2915.163;-0.833;1892.273;1313.156;2.015;3596.610;3153.788;644.466;2342.713;1826.912;1309.268;1804.918;1888.987;3356.151;-2.555;2413.208;2016.306;193.882;369.050;2495.210;3295.451;4.643;1507.875;3601.432;1707.771;1098.909;944.767;3.576;283.818;2350.404;2162.324;2067.627;1106.253;3409.361;3594.310;2251.105;2772.199;2886.028;1225.478;779.326;878.359;765.543;1572.635;9.501;1264.184;2105.402;1542.133;2087.197;2606.013;3185.307;1117.961;621.420;1692.823;2503.862;337.387;364.689;1064.883;886.855;1686.806;2413.834;1172.156;3604.516;2962.156;2074.103;1336.856;1.270;2464.137;2692.702;-3.429;3059.481;3294.065;2118.938;2825.997;3201.075;3374.035;1407.317;2.033;915.010;182.103;1575.105;1868.040;3077.292;2981.266;863.354;3596.126;266.130;1693.662;393.838;654.427;14.321;650.862
206,374.5840091705322,205,-559.0146073160918,559.0146073160918,0.20336315146785044,3331.362;3595.819;3248.156;2067.807;448.720;3.767;1347.057;1195.198;1433.702;1689.130;2410.619;1932.858;2992.829;3166.874;2319.495;1597.938;830.860;3578.091;1000.453;555.050;19.414;3589.427;138.589;1024.817;-2.359;509.159;1370.677;3600.176;792.118;3595.370;267.701;1078.256;901.835;3219.728;3597.742;707.122;1466.677;901.988;2907.952;2266.174;0.683;2679.563;2871.147;-0.520;1410.888;3166.773;3589.033;2326.765;1.380;1697.112;439.827;2119.206;582.145;0.578;1864.928;5.353;3024.275;3591.300;3443.868;1244.024;2362.269;2458.578;1731.936;1810.956;-5.173;24.100;1331.776;1577.985;412.241;1990.189;1930.054;2601.112;1009.486;1154.818;3605.456;2267.574;2711.048;1961.674;3083.691;2443.684;3477.981;498.703;977.922;1527.808;1835.551;2725.871;3352.505;2274.779;3587.515;2778.303;305.076;2114.392;2237.051;2777.169;3246.076;549.417;360.671;2870.854;4.823;3335.149,1431.390;3597.417;3599.211;526.256;3599.106;2822.475;530.681;2719.198;3598.230;2908.343;-4.445;1899.192;1319.790;3.208;3600.486;3147.303;637.855;2346.469;1819.986;1315.698;1797.950;1883.568;3355.172;-8.539;2418.948;2022.542;200.852;362.448;2498.439;3302.398;9.284;1514.239;3596.632;1702.425;1095.590;951.689;-0.220;276.845;2357.367;2159.498;2065.050;1101.566;3402.533;3600.060;2257.279;2771.852;2879.167;1221.745;772.554;883.351;758.549;1579.625;16.236;1259.113;2112.144;1545.981;2081.426;2599.118;3178.413;1111.066;614.543;1685.940;2502.907;330.648;370.893;1059.683;889.892;1679.822;2413.522;1165.975;3598.113;2968.776;2068.373;1330.009;-3.737;2457.227;2699.681;-4.692;3065.616;3299.675;2121.192;2820.622;3207.910;3367.861;1406.832;-4.077;921.192;182.191;1581.030;1875.005;3070.435;2976.040;857.846;3600.941;272.256;1700.613;387.093;654.457;8.633;644.435
207,376.45600724220276,206,-559.0075820417687,559.0075820417687,0.1690218911764851,3324.496;3601.452;3254.977;2066.601;443.322;4.626;1340.525;1195.045;1440.666;1682.197;2417.415;1926.029;2998.004;3165.623;2326.438;1604.613;824.043;3573.221;994.812;561.854;12.729;3583.150;131.700;1017.954;4.348;516.054;1376.707;3594.669;795.674;3599.935;274.296;1085.213;895.467;3226.130;3600.739;700.535;1459.824;908.627;2914.655;2272.038;-5.856;2682.982;2873.294;1.368;1404.082;3173.542;3582.935;2328.215;-2.566;1692.777;446.439;2117.775;583.808;7.250;1871.889;5.368;3026.657;3585.694;3438.092;1250.919;2355.881;2460.765;1737.319;1817.816;1.278;17.613;1324.941;1584.675;407.580;1996.854;1924.847;2606.004;1002.874;1147.937;3599.007;2268.522;2704.196;1955.219;3088.163;2447.445;3484.880;505.372;984.165;1521.986;1829.806;2731.844;3358.050;2271.958;3582.681;2772.727;298.253;2108.167;2240.218;2777.678;3240.061;543.577;359.001;2874.105;-1.820;3341.988,1425.662;3599.236;3605.608;521.261;3597.561;2829.234;534.264;2720.898;3602.889;2901.632;2.291;1895.937;1322.143;-0.503;3602.320;3140.358;635.084;2353.265;1823.758;1322.136;1801.174;1880.747;3358.545;-1.924;2412.469;2016.236;202.728;355.589;2502.491;3296.937;15.884;1521.173;3599.456;1703.814;1102.206;952.991;-6.949;281.061;2356.387;2166.058;2069.909;1104.658;3406.460;3598.479;2250.740;2771.233;2874.188;1226.149;778.552;889.385;755.275;1581.077;22.963;1261.376;2119.081;1544.087;2074.549;2596.175;3183.631;1116.447;610.198;1683.107;2508.436;331.866;364.484;1060.019;883.181;1682.012;2409.957;1159.161;3597.778;2964.151;2061.465;1331.405;2.789;2455.444;2697.506;1.921;3071.205;3294.320;2127.733;2827.279;3214.786;3366.089;1400.067;2.444;921.628;187.862;1587.772;1876.598;3063.605;2982.352;864.295;3595.209;272.115;1700.089;382.540;653.129;8.499;648.033
208,378.34351539611816,207,-559.0966428894933,559.0966428894933,0.12296821259019125,3328.540;3599.411;3257.216;2072.957;443.975;-0.756;1334.857;1189.603;1438.353;1684.336;2412.454;1931.941;3004.840;3158.935;2323.816;1608.985;827.038;3567.438;1001.292;555.738;7.357;3576.728;124.912;1024.003;0.338;522.640;1371.470;3598.503;789.438;3604.810;275.857;1091.073;896.319;3221.068;3595.882;693.822;1462.828;906.035;2919.935;2267.588;0.779;2676.450;2868.539;-0.873;1397.343;3168.231;3588.469;2333.571;3.945;1699.340;440.871;2123.324;582.222;7.390;1866.082;5.276;3033.413;3583.188;3431.316;1253.107;2358.469;2467.242;1730.734;1813.380;-2.960;13.570;1324.039;1591.367;400.784;1992.782;1918.014;2610.932;996.310;1141.935;3599.409;2262.184;2709.977;1959.996;3083.476;2454.236;3481.408;503.577;983.890;1519.658;1828.343;2738.507;3351.678;2277.547;3589.173;2766.239;303.220;2114.115;2238.434;2772.009;3245.980;541.977;365.452;2880.878;2.822;3348.841,1423.311;3593.255;3600.756;514.601;3591.842;2836.096;540.009;2722.163;3597.285;2896.279;3.108;1898.677;1315.615;2.687;3595.706;3136.218;640.045;2355.357;1818.044;1328.988;1797.314;1887.054;3365.318;0.889;2418.978;2009.357;199.704;361.274;2509.290;3290.771;14.288;1521.303;3592.818;1697.094;1101.619;949.866;-0.258;275.236;2353.471;2172.517;2076.701;1111.373;3412.938;3605.103;2256.532;2777.949;2874.186;1232.949;785.419;884.015;748.538;1578.623;28.030;1254.950;2119.040;1547.187;2067.733;2602.236;3189.752;1110.097;616.290;1683.372;2515.201;337.478;369.528;1065.808;888.876;1683.188;2403.184;1152.279;3602.957;2957.335;2067.606;1325.409;-2.776;2448.893;2690.780;2.590;3067.049;3300.391;2134.626;2821.817;3213.012;3363.731;1401.949;0.004;928.239;184.568;1582.006;1883.105;3058.430;2989.066;859.854;3589.433;270.922;1695.025;375.726;659.814;15.168;641.440
209,380.0434339046478,208,-559.2758879157832,559.2758879157832,0.2091570162199925,3324.181;3598.883;3260.141;2068.307;437.963;-6.678;1339.981;1182.904;1443.912;1680.531;2412.682;1928.269;3009.338;3164.238;2318.293;1610.270;832.810;3571.341;1007.778;557.753;13.401;3573.464;126.599;1020.348;-5.453;516.420;1370.141;3592.461;788.847;3598.261;272.815;1087.176;897.759;3227.496;3601.039;699.245;1461.145;900.379;2914.692;2273.670;0.494;2679.250;2874.577;-6.020;1400.781;3167.041;3594.393;2340.331;4.296;1705.454;447.011;2116.885;588.740;4.735;1866.475;-1.127;3029.034;3589.704;3433.516;1258.961;2364.940;2468.528;1729.956;1816.532;2.888;8.235;1317.534;1589.720;400.039;1998.663;1920.579;2607.337;989.714;1144.890;3604.299;2255.369;2706.935;1954.672;3089.863;2452.244;3487.268;503.978;979.194;1524.878;1822.079;2745.346;3348.453;2272.611;3592.255;2759.439;309.674;2118.988;2232.712;2766.483;3243.390;548.428;360.745;2877.491;-2.712;3355.177,1420.512;3597.287;3606.300;508.480;3586.835;2840.153;533.860;2727.925;3599.940;2890.177;-3.188;1892.504;1314.418;-3.697;3594.972;3142.485;636.651;2350.613;1822.878;1335.817;1803.757;1882.671;3371.840;-3.997;2418.633;2002.700;193.134;364.203;2511.443;3292.950;7.596;1514.980;3595.527;1702.690;1101.495;943.495;1.571;270.734;2359.478;2179.317;2074.599;1117.770;3407.510;3599.012;2263.131;2772.384;2880.731;1229.012;792.241;889.208;748.758;1583.257;24.513;1248.120;2112.462;1540.568;2061.674;2609.047;3188.149;1110.429;622.098;1689.891;2522.046;344.269;367.476;1064.466;889.251;1689.349;2401.484;1152.553;3596.772;2957.857;2074.184;1322.530;0.193;2443.430;2684.126;-1.633;3073.235;3295.099;2141.380;2817.248;3211.960;3370.033;1395.815;5.769;922.684;177.950;1581.223;1878.253;3063.598;2985.906;853.695;3589.149;275.275;1697.462;377.255;665.041;21.617;644.200
210,381.887389421463,209,-559.409584645894,559.409584645894,0.10274697392605446,3329.589;3605.117;3253.805;2073.770;441.722;-0.117;1338.242;1178.572;1437.901;1686.565;2406.149;1934.427;3011.166;3169.194;2313.678;1616.820;832.957;3578.022;1001.554;552.895;7.177;3579.733;120.149;1018.800;0.996;520.981;1375.843;3592.145;783.514;3602.629;266.156;1080.561;904.262;3224.153;3596.461;705.500;1455.670;905.925;2907.966;2273.487;2.489;2675.864;2868.125;0.525;1405.589;3160.537;3593.864;2334.803;9.368;1709.302;444.546;2118.671;582.732;-1.914;1860.243;5.285;3034.633;3588.846;3427.677;1252.527;2359.177;2475.143;1723.387;1810.767;8.063;1.506;1321.443;1596.313;403.912;1994.166;1914.577;2600.685;996.010;1151.548;3598.014;2260.345;2712.884;1959.506;3084.912;2456.382;3487.684;497.427;972.609;1531.577;1826.960;2750.041;3342.120;2278.967;3598.687;2752.718;315.867;2120.535;2231.681;2772.935;3242.006;542.572;364.900;2871.064;3.537;3360.844,1425.154;3599.979;3599.858;512.887;3592.256;2843.608;533.253;2722.954;3596.441;2895.817;0.075;1898.509;1317.911;2.603;3599.236;3147.120;640.755;2356.336;1819.340;1337.102;1804.888;1879.128;3365.646;2.156;2423.409;2002.560;196.778;358.308;2516.708;3297.240;1.424;1508.886;3601.779;1707.389;1095.158;948.910;-0.785;264.035;2354.293;2175.115;2079.973;1123.241;3401.037;3603.033;2261.448;2766.738;2885.723;1224.156;798.300;894.984;743.473;1589.465;17.844;1252.315;2117.794;1533.834;2065.800;2614.121;3193.777;1104.259;616.032;1686.576;2524.269;347.100;373.977;1057.884;890.527;1691.959;2395.621;1152.563;3601.182;2955.462;2080.890;1328.836;-1.471;2437.458;2687.413;4.380;3067.148;3290.874;2139.613;2810.577;3205.463;3376.625;1398.325;6.445;916.555;183.332;1576.179;1873.758;3070.323;2988.313;847.047;3595.723;276.209;1692.052;379.647;667.580;18.779;647.270
211,383.7514133453369,210,-559.5231669078075,559.5231669078075,0.1798451541947426,3326.197;3598.641;3247.870;2068.368;435.242;2.292;1331.725;1171.933;1431.917;1680.534;2402.996;1929.536;3005.142;3175.824;2307.042;1623.537;839.519;3584.700;1006.269;546.344;2.681;3583.479;117.930;1012.463;0.423;514.827;1382.515;3595.271;789.643;3598.384;270.636;1082.911;910.985;3230.582;3602.451;708.567;1459.662;899.771;2901.769;2267.029;5.202;2669.271;2870.688;-0.532;1412.245;3153.813;3599.554;2328.195;14.501;1715.928;437.964;2118.299;577.690;2.465;1863.880;3.381;3029.235;3582.429;3423.002;1253.172;2352.827;2481.292;1728.034;1805.696;8.111;1.329;1315.652;1597.997;410.527;1994.299;1917.191;2606.979;1000.862;1147.024;3600.592;2254.237;2718.852;1966.048;3081.382;2452.064;3490.330;490.711;965.920;1538.208;1827.592;2756.270;3335.767;2285.677;3605.390;2748.241;322.505;2114.245;2238.205;2769.973;3237.140;541.660;371.456;2865.035;0.154;3365.841,1431.793;3593.803;3600.134;517.317;3592.766;2849.377;526.811;2716.313;3602.134;2889.530;-5.648;1894.210;1312.117;-1.077;3593.320;3140.854;645.754;2358.570;1825.572;1343.365;1809.282;1879.954;3370.561;3.144;2430.001;1996.033;190.504;364.538;2522.473;3303.470;-5.252;1506.051;3595.458;1713.312;1098.215;955.589;-5.518;268.571;2347.629;2181.301;2086.648;1129.690;3406.222;3598.700;2267.040;2772.347;2890.431;1229.927;805.006;892.537;736.805;1583.340;23.277;1246.217;2111.850;1528.694;2059.432;2620.591;3193.446;1100.041;611.910;1692.844;2530.857;352.820;380.493;1064.168;884.137;1698.455;2388.984;1146.034;3597.504;2948.958;2087.622;1331.652;-5.579;2442.573;2681.983;10.174;3061.823;3290.768;2146.047;2807.510;3211.819;3383.341;1396.184;12.777;909.899;177.649;1582.586;1867.221;3066.149;2994.845;840.366;3600.930;269.827;1685.384;377.155;674.165;25.252;652.534
212,385.4412624835968,211,-559.6958553783386,559.6958553783386,0.16828124581704793,3331.653;3599.870;3241.304;2073.488;433.951;-1.106;1336.037;1177.708;1428.268;1676.763;2396.987;1934.952;3010.606;3176.100;2301.852;1629.457;844.540;3579.671;1007.473;539.895;-2.386;3584.315;123.721;1017.581;-4.348;509.624;1379.502;3601.817;792.556;3603.721;265.212;1084.310;915.455;3227.576;3597.158;713.027;1466.198;896.952;2895.229;2269.324;-0.325;2662.653;2875.753;-1.806;1410.439;3147.788;3593.610;2328.006;8.305;1717.949;440.698;2112.907;573.382;-2.487;1858.394;2.991;3035.279;3578.804;3427.180;1253.788;2358.224;2482.004;1723.625;1799.150;1.813;6.880;1312.048;1603.798;416.461;1988.093;1910.816;2612.657;995.861;1142.696;3603.799;2247.833;2725.379;1965.686;3077.440;2458.417;3496.827;490.537;959.921;1544.040;1833.386;2761.784;3341.060;2288.575;3599.232;2750.755;325.916;2120.329;2235.719;2763.760;3243.379;544.866;373.469;2870.404;-2.144;3359.651,1426.022;3599.565;3603.813;512.754;3599.234;2851.399;520.866;2714.323;3596.185;2883.065;0.720;1896.387;1306.260;1.284;3597.626;3136.188;639.371;2365.102;1831.433;1341.243;1815.863;1885.441;3368.539;-1.504;2436.626;1990.765;194.250;370.977;2516.197;3298.128;-1.532;1512.455;3595.393;1710.420;1104.389;960.759;0.855;269.774;2343.289;2183.288;2092.846;1128.495;3412.224;3598.008;2261.394;2778.619;2891.224;1236.563;800.920;887.008;736.632;1576.899;17.387;1241.320;2111.216;1522.884;2054.407;2615.934;3199.840;1106.196;616.964;1695.467;2536.479;347.806;384.927;1070.096;878.221;1692.302;2386.355;1139.605;3603.512;2942.292;2093.764;1338.196;0.893;2448.999;2675.482;3.969;3068.127;3284.284;2150.170;2809.076;3217.883;3379.669;1390.043;7.478;913.911;183.634;1581.477;1872.003;3060.331;3001.069;834.959;3606.323;263.247;1678.783;383.540;669.429;26.033;656.225
213,387.26705026626587,212,-559.6005182535982,559.6005182535982,0.21993936822420002,3338.219;3606.208;3244.811;2075.735;427.659;4.540;1341.885;1178.266;1421.805;1682.507;2403.288;1936.117;3006.912;3177.033;2296.047;1623.884;849.839;3573.125;1002.311;533.285;3.969;3590.699;118.117;1024.045;1.907;512.968;1373.012;3604.193;786.191;3597.893;270.642;1090.774;909.250;3222.068;3592.277;706.623;1472.739;890.525;2892.862;2263.136;4.444;2666.567;2882.267;-1.433;1404.024;3142.501;3599.833;2332.766;1.702;1716.723;446.849;2108.000;568.712;3.823;1864.283;-3.363;3037.219;3584.886;3432.696;1255.534;2364.789;2475.668;1724.044;1792.803;0.461;0.530;1313.767;1609.894;414.256;1992.690;1904.907;2609.221;1001.818;1136.175;3597.440;2243.141;2729.596;1969.646;3083.098;2459.079;3503.443;496.624;960.504;1549.927;1827.239;2755.859;3347.623;2282.292;3599.554;2757.237;332.155;2126.078;2229.465;2757.255;3249.871;551.359;367.423;2876.397;-8.469;3355.333,1419.768;3606.102;3597.718;518.647;3605.846;2845.003;517.704;2707.983;3599.578;2886.054;0.554;1890.498;1301.129;-3.929;3603.695;3130.082;645.189;2369.378;1826.071;1336.550;1822.427;1879.439;3362.454;3.717;2437.144;1991.321;188.633;368.282;2517.726;3295.508;2.297;1517.470;3601.438;1716.766;1110.927;966.538;2.757;266.290;2337.228;2184.729;2098.767;1125.229;3417.655;3592.696;2263.092;2780.122;2884.785;1237.096;802.205;893.119;730.637;1580.388;16.308;1247.159;2112.647;1526.568;2059.374;2615.029;3194.299;1101.605;611.363;1689.564;2540.195;350.343;380.992;1065.581;871.631;1692.762;2391.914;1141.411;3597.315;2941.002;2099.979;1336.547;0.977;2455.068;2679.481;-0.728;3072.724;3288.604;2146.518;2815.533;3215.904;3383.618;1383.486;9.755;916.358;179.777;1575.108;1871.530;3066.374;2995.792;839.272;3599.978;267.740;1672.691;390.128;667.554;19.789;649.916
214,389.1148681640625,213,-559.5202712976682,559.5202712976682,0.16253183502349988,3334.464;3600.165;3251.145;2082.125;428.314;2.571;1348.346;1184.400;1417.382;1688.805;2405.936;1942.504;3012.942;3181.847;2296.487;1625.974;856.329;3571.179;995.809;532.572;5.256;3597.241;115.369;1020.112;3.999;519.399;1368.682;3597.806;780.498;3599.211;268.012;1093.001;913.191;3217.042;3593.633;704.347;1475.686;884.753;2897.134;2256.733;1.201;2662.732;2883.795;4.764;1401.550;3147.310;3598.154;2339.109;-3.941;1718.066;442.411;2114.335;574.544;9.494;1858.607;2.821;3035.842;3591.301;3426.764;1249.215;2368.314;2469.186;1717.763;1786.305;-5.735;-5.953;1320.172;1605.883;408.000;1997.851;1905.886;2607.931;1001.707;1138.835;3597.109;2249.110;2735.589;1963.357;3080.579;2465.358;3505.570;501.140;954.769;1543.646;1828.227;2749.441;3352.024;2283.399;3596.904;2763.760;338.215;2122.250;2222.987;2757.678;3256.429;545.687;364.376;2878.913;-2.168;3359.833,1419.013;3600.292;3595.164;512.481;3599.748;2848.684;523.099;2703.645;3604.606;2889.936;-0.126;1895.144;1294.658;2.147;3597.610;3134.888;651.542;2370.784;1819.677;1330.064;1817.149;1872.915;3356.016;3.255;2435.003;1997.680;187.017;374.358;2524.079;3289.080;-3.731;1512.217;3602.995;1722.351;1111.453;962.335;2.825;272.486;2342.271;2178.492;2095.219;1118.786;3424.163;3588.884;2263.345;2786.332;2880.945;1243.469;796.227;888.594;724.334;1585.253;22.615;1251.700;2106.985;1522.602;2065.732;2608.646;3198.578;1106.645;617.396;1695.573;2534.501;356.067;374.625;1070.981;868.093;1698.291;2386.474;1135.278;3591.859;2935.522;2101.750;1342.497;-0.775;2461.595;2673.617;1.913;3078.264;3288.178;2140.096;2813.213;3209.659;3389.765;1388.511;15.597;910.187;173.625;1568.552;1877.854;3065.279;3000.860;840.828;3597.659;263.195;1667.475;387.670;662.029;24.775;644.945
215,390.98563861846924,214,-559.7046797855041,559.7046797855041,0.21613325536946904,3328.082;3601.803;3257.637;2077.104;422.072;-1.911;1342.678;1190.660;1422.467;1683.633;2412.104;1936.925;3009.112;3188.283;2302.819;1620.915;850.786;3576.444;1000.532;538.717;0.772;3598.339;109.002;1013.706;-1.061;518.338;1373.819;3598.271;786.177;3605.320;274.272;1098.783;917.667;3220.869;3599.986;710.173;1475.626;890.357;2892.051;2262.057;-5.137;2668.634;2890.036;7.918;1395.181;3153.713;3592.045;2345.599;2.179;1724.372;436.218;2109.118;578.708;3.815;1864.224;3.026;3030.418;3585.581;3420.303;1242.728;2362.570;2463.048;1722.662;1790.742;0.432;0.023;1315.098;1599.477;413.289;2004.278;1912.226;2614.179;995.677;1136.690;3601.605;2255.462;2741.878;1956.955;3074.209;2463.247;3511.885;497.540;958.780;1545.080;1822.983;2755.490;3349.556;2289.686;3602.677;2764.606;344.681;2115.901;2227.848;2751.540;3252.975;542.821;369.589;2872.590;0.697;3353.847,1424.771;3599.283;3598.060;507.039;3601.672;2855.001;517.162;2709.313;3598.348;2884.537;-6.217;1889.471;1296.496;-2.252;3602.782;3129.209;645.552;2377.022;1818.238;1335.599;1821.711;1866.411;3349.520;-3.046;2441.219;1994.066;181.235;374.060;2527.994;3283.310;-8.349;1517.828;3596.683;1717.654;1106.956;968.241;-3.354;278.909;2344.020;2183.690;2089.569;1124.033;3426.982;3589.447;2269.647;2780.338;2884.060;1240.062;799.440;894.827;729.439;1579.047;27.404;1254.961;2113.154;1516.290;2060.646;2613.635;3204.855;1100.905;618.990;1699.414;2528.883;362.476;368.191;1065.152;861.767;1695.187;2380.061;1135.877;3587.559;2941.520;2104.409;1338.408;-0.265;2457.324;2667.923;-4.065;3077.565;3281.930;2143.899;2818.684;3215.222;3396.253;1394.776;22.067;904.778;167.147;1565.193;1872.930;3059.854;3007.179;846.499;3601.534;259.690;1673.262;393.805;668.195;31.039;639.505
216,392.67781805992126,215,-559.7168017492845,559.7168017492845,0.15195479304643947,3326.787;3599.617;3256.028;2077.225;419.965;4.127;1343.298;1192.591;1428.806;1684.083;2406.742;1933.230;3003.656;3194.735;2298.930;1614.842;855.771;3571.528;1006.355;535.519;2.674;3598.732;106.488;1015.124;2.437;512.076;1380.077;3601.480;791.699;3599.767;276.626;1095.163;911.886;3220.077;3605.553;713.323;1469.842;886.521;2885.661;2259.818;1.062;2673.921;2884.434;1.962;1390.734;3148.688;3594.424;2339.565;3.372;1729.733;429.786;2114.737;572.500;-1.673;1868.225;1.277;3036.466;3589.140;3415.128;1241.637;2356.217;2460.699;1723.283;1786.987;2.231;2.621;1309.014;1604.350;419.592;2003.727;1913.884;2620.421;989.886;1132.107;3596.910;2251.333;2736.274;1961.461;3077.566;2457.000;3517.271;491.198;952.974;1546.077;1828.782;2759.603;3345.028;2294.406;3601.518;2759.302;346.819;2121.453;2234.231;2753.087;3247.092;548.931;375.986;2871.309;0.136;3349.068,1427.551;3593.612;3604.189;512.090;3596.057;2849.855;517.170;2714.789;3600.392;2883.458;-0.460;1883.142;1291.518;3.426;3596.946;3123.619;646.248;2371.466;1824.360;1341.165;1824.085;1871.335;3351.781;2.917;2440.021;1988.508;187.026;379.888;2532.703;3287.610;-2.221;1514.033;3596.807;1711.282;1101.561;973.611;1.641;274.737;2350.213;2189.967;2095.020;1130.160;3421.038;3595.739;2273.954;2774.032;2890.389;1233.896;793.453;890.354;727.626;1581.990;21.491;1248.757;2108.039;1509.845;2054.384;2619.861;3206.895;1096.992;613.251;1705.492;2522.535;362.469;374.087;1069.582;865.857;1701.317;2383.903;1130.109;3593.598;2945.579;2110.728;1332.380;-6.501;2462.762;2661.604;1.993;3083.593;3275.677;2150.179;2813.294;3219.935;3391.693;1400.962;18.815;908.993;171.642;1570.701;1871.185;3053.748;3013.059;852.884;3603.655;265.154;1678.899;392.622;664.030;26.672;642.732
217,394.5336456298828,216,-559.829677810975,559.829677810975,0.18564207399146085,3321.229;3601.885;3250.352;2083.437;426.010;-1.580;1337.172;1186.763;1435.193;1678.734;2401.557;1938.912;2997.582;3190.016;2296.399;1620.341;850.310;3565.805;1012.509;538.426;-3.257;3592.604;110.737;1020.661;-1.573;506.078;1386.361;3596.700;788.937;3602.078;271.338;1088.883;905.540;3225.853;3599.639;719.527;1470.977;892.323;2890.753;2265.862;2.921;2678.875;2887.632;-4.389;1384.527;3152.095;3600.580;2333.364;-2.803;1723.658;434.666;2120.642;569.307;-7.223;1863.230;6.362;3039.778;3595.421;3408.911;1236.031;2360.200;2464.202;1729.429;1792.402;-3.465;8.860;1302.932;1609.028;422.514;1997.647;1908.684;2614.841;983.556;1138.298;3602.005;2245.057;2730.238;1957.120;3083.523;2453.306;3512.953;485.267;957.383;1539.904;1823.168;2754.753;3350.628;2291.406;3595.984;2759.591;352.963;2125.808;2237.589;2759.251;3253.204;554.547;370.481;2865.723;-0.335;3353.131,1433.787;3598.649;3598.182;508.586;3596.393;2854.617;511.386;2708.837;3605.900;2877.499;-4.155;1877.556;1285.202;-0.415;3595.918;3127.468;640.610;2376.254;1830.663;1336.248;1818.528;1877.558;3357.328;1.078;2446.061;1986.010;181.815;386.255;2538.995;3293.786;-0.690;1509.910;3601.318;1704.966;1095.290;972.789;3.062;274.740;2347.114;2188.255;2101.352;1135.993;3425.180;3599.073;2270.138;2771.090;2896.702;1232.134;799.496;889.424;732.347;1576.045;23.533;1253.884;2113.079;1503.473;2048.698;2625.798;3212.312;1091.077;616.332;1711.851;2527.617;363.153;376.367;1063.452;861.848;1707.618;2378.012;1123.743;3597.900;2939.577;2116.281;1338.308;-0.597;2469.015;2663.295;2.205;3077.618;3269.338;2149.532;2806.960;3225.774;3387.613;1402.199;19.351;915.294;168.975;1571.559;1876.141;3059.102;3015.373;858.583;3597.502;269.605;1673.833;397.979;658.673;24.188;636.560
218,396.40806889533997,217,-560.0207650496097,560.0207650496097,0.20864095421731074,3326.316;3605.853;3249.101;2087.446;431.642;3.334;1340.535;1192.342;1439.239;1672.446;2395.713;1942.681;3002.270;3192.177;2299.457;1616.109;847.039;3561.942;1007.240;532.454;2.828;3598.510;106.392;1017.452;4.344;504.754;1390.982;3598.415;782.811;3596.259;275.582;1089.661;901.092;3220.020;3597.373;725.665;1475.930;894.499;2885.021;2270.838;-1.307;2685.147;2881.744;1.443;1378.632;3158.322;3606.833;2337.728;-0.489;1719.721;438.993;2120.165;574.037;-1.282;1864.333;0.751;3041.453;3591.560;3411.436;1229.774;2356.159;2458.752;1735.165;1789.236;2.220;9.924;1304.229;1605.456;417.954;2002.903;1914.193;2610.259;985.312;1139.501;3596.130;2248.862;2725.905;1952.453;3083.200;2447.355;3518.244;489.887;963.628;1535.022;1817.411;2760.092;3349.441;2295.429;3594.555;2753.596;349.463;2121.362;2232.260;2765.007;3250.395;560.662;365.242;2868.424;-6.490;3359.214,1439.573;3604.906;3601.240;502.383;3590.696;2849.702;505.801;2703.671;3599.910;2871.275;1.427;1879.414;1286.137;0.401;3600.723;3133.700;640.085;2370.556;1832.388;1331.845;1819.787;1883.197;3363.503;-3.843;2452.362;1979.846;176.022;384.107;2542.701;3299.611;-5.661;1515.830;3595.920;1705.089;1088.957;978.763;-2.631;268.854;2341.937;2182.326;2106.050;1130.390;3419.335;3595.364;2263.899;2770.666;2902.934;1237.676;803.173;894.761;738.616;1570.311;29.587;1254.009;2117.016;1497.469;2050.952;2630.642;3206.776;1084.834;622.387;1717.814;2526.540;357.658;377.604;1061.512;862.485;1705.247;2373.573;1127.319;3602.010;2934.833;2112.472;1335.235;4.068;2475.166;2657.793;-2.038;3073.308;3263.043;2147.447;2811.745;3232.088;3391.707;1396.071;22.330;920.689;174.954;1577.678;1873.710;3054.181;3021.410;864.533;3602.263;263.575;1674.265;395.455;652.608;20.200;642.252
219,398.2935254573822,218,-559.9241731372484,559.9241731372484,0.08021959694465615,3330.654;3599.762;3243.196;2089.595;433.455;1.162;1335.483;1188.146;1433.475;1671.470;2399.704;1947.007;3008.437;3187.959;2295.576;1621.600;847.126;3562.777;1001.761;527.571;4.749;3597.334;111.801;1022.840;3.422;501.003;1386.845;3604.400;783.387;3600.555;274.881;1092.448;896.567;3220.706;3594.064;721.670;1471.116;896.695;2886.330;2271.081;2.456;2681.931;2884.465;-0.863;1382.941;3162.325;3600.893;2343.515;-0.536;1725.320;444.795;2114.268;579.910;4.654;1858.440;-3.096;3038.305;3595.089;3405.813;1232.762;2361.550;2464.631;1731.555;1783.343;2.613;4.598;1299.275;1602.880;412.676;1998.363;1910.015;2604.878;991.166;1138.136;3597.452;2250.851;2727.720;1954.848;3087.657;2441.088;3521.824;495.334;967.583;1533.099;1812.987;2762.160;3355.496;2293.095;3600.625;2747.732;343.566;2127.250;2226.256;2769.310;3247.411;558.689;364.786;2862.818;-0.846;3365.487,1445.830;3599.613;3596.750;502.000;3595.416;2843.739;510.652;2708.742;3599.851;2871.627;-0.556;1880.778;1291.907;4.928;3599.938;3139.700;634.702;2366.676;1827.182;1333.159;1825.919;1889.396;3363.634;2.015;2455.302;1977.122;170.867;378.170;2548.752;3293.953;0.132;1518.576;3596.583;1701.668;1094.566;985.031;3.237;268.748;2335.703;2186.877;2111.719;1124.295;3413.678;3589.199;2257.654;2776.458;2903.980;1235.410;801.255;889.853;744.739;1571.568;24.448;1252.628;2121.350;1501.576;2056.797;2625.336;3212.141;1088.448;621.135;1712.975;2520.824;351.428;371.575;1062.484;867.937;1699.330;2367.516;1133.412;3596.061;2937.814;2110.988;1335.262;7.086;2481.436;2651.640;3.220;3069.883;3268.364;2152.965;2817.909;3234.485;3385.968;1392.922;16.349;914.927;180.113;1572.298;1868.253;3049.331;3015.574;870.425;3597.238;268.162;1680.061;391.177;657.605;14.016;645.984
220,399.99283814430237,219,-560.0306147027713,560.0306147027713,0.17393289381952035,3336.767;3595.361;3238.984;2094.424;427.612;-4.122;1341.146;1189.134;1433.844;1665.995;2405.820;1952.875;3014.662;3181.821;2289.442;1617.410;841.079;3568.843;1007.369;521.951;7.140;3591.739;117.991;1022.050;-2.277;502.805;1392.745;3598.435;777.577;3606.380;268.821;1086.693;891.225;3214.921;3588.150;720.559;1464.950;891.931;2891.833;2277.129;-3.016;2676.980;2887.687;-4.166;1388.976;3163.745;3596.941;2348.508;5.154;1721.390;451.001;2119.914;586.118;4.440;1852.297;2.458;3035.585;3600.573;3409.974;1227.969;2367.677;2470.811;1737.201;1777.131;1.162;6.205;1294.851;1606.626;416.234;1994.579;1914.595;2599.041;985.346;1143.833;3599.749;2244.856;2733.773;1958.003;3082.951;2435.358;3527.428;491.888;973.436;1527.381;1807.524;2757.098;3349.754;2287.693;3606.818;2741.530;337.396;2128.234;2220.044;2770.060;3251.863;560.490;358.761;2856.621;1.099;3371.675,1451.995;3599.030;3592.091;499.850;3601.334;2849.227;516.797;2714.447;3602.829;2870.550;1.393;1886.606;1297.976;11.047;3597.332;3134.529;628.933;2360.685;1821.029;1333.380;1821.441;1885.198;3368.850;5.614;2449.505;1981.923;176.678;372.930;2543.051;3289.902;0.437;1515.744;3602.356;1705.560;1092.024;979.443;0.064;263.517;2341.000;2182.164;2106.478;1121.590;3413.338;3594.295;2251.688;2782.666;2899.093;1241.098;796.496;883.709;739.821;1577.623;18.926;1246.547;2116.524;1507.539;2056.413;2619.154;3207.174;1094.575;618.678;1707.150;2516.591;345.216;376.670;1068.546;874.126;1704.103;2373.191;1134.145;3596.168;2943.815;2116.482;1329.313;1.521;2478.404;2655.705;9.043;3075.835;3272.993;2159.161;2819.057;3228.605;3381.284;1397.515;10.138;909.102;179.534;1566.148;1874.128;3054.673;3015.050;871.929;3601.133;263.864;1686.269;385.060;658.975;12.742;641.890
221,401.84522700309753,220,-560.0411087947343,560.0411087947343,0.16546129024842585,3332.167;3595.745;3244.774;2088.929;432.807;1.718;1335.927;1183.207;1439.699;1670.710;2410.430;1947.037;3012.401;3176.817;2294.324;1611.558;836.872;3574.389;1013.379;525.517;6.651;3585.600;119.885;1027.939;3.314;504.718;1397.447;3598.165;774.786;3600.621;272.026;1087.468;896.701;3220.432;3593.895;726.561;1458.801;886.119;2894.305;2282.717;2.721;2682.216;2893.726;1.480;1384.610;3157.853;3596.549;2354.412;5.350;1722.364;445.695;2120.215;585.452;9.408;1849.134;-2.402;3041.507;3596.790;3404.833;1231.847;2371.458;2474.116;1742.951;1774.241;-4.843;3.414;1288.785;1600.698;410.880;2000.288;1912.881;2600.056;981.509;1147.544;3605.068;2247.518;2738.161;1964.008;3088.813;2429.311;3533.548;497.386;969.085;1532.614;1810.262;2762.342;3343.814;2281.582;3601.019;2736.561;332.569;2122.409;2217.670;2764.070;3257.942;554.550;355.228;2856.914;1.671;3374.865,1447.178;3603.814;3597.810;505.429;3598.601;2844.725;511.884;2713.285;3597.201;2876.524;6.226;1880.749;1293.114;6.720;3603.131;3128.477;624.990;2366.208;1826.467;1339.182;1824.531;1889.067;3374.976;1.761;2454.356;1976.221;173.482;373.087;2537.461;3290.374;-3.822;1521.695;3596.508;1702.382;1092.167;980.939;-5.050;257.389;2337.008;2187.591;2111.619;1126.868;3419.087;3589.052;2255.706;2777.408;2903.888;1240.521;801.830;878.072;733.976;1577.424;22.349;1242.905;2121.876;1509.359;2051.053;2623.639;3203.442;1100.282;624.597;1711.216;2521.705;348.291;372.984;1073.239;868.410;1698.609;2368.503;1128.213;3601.038;2939.203;2122.529;1333.682;-4.047;2473.898;2649.888;6.142;3079.703;3267.997;2159.771;2825.008;3224.093;3387.134;1391.918;8.136;913.438;184.562;1568.702;1872.734;3057.399;3020.909;877.923;3596.161;269.454;1681.077;388.006;653.048;8.853;646.560
222,403.7188935279846,221,-560.1350909036387,560.1350909036387,0.17839355108468874,3326.199;3601.595;3240.498;2092.829;435.807;0.364;1330.036;1178.905;1445.604;1676.044;2405.527;1941.540;3006.463;3180.199;2291.480;1611.723;840.227;3568.797;1016.413;531.406;2.208;3586.182;114.632;1023.302;2.460;498.791;1402.940;3603.212;780.597;3598.834;277.954;1090.534;901.024;3226.513;3599.707;727.159;1458.396;891.977;2895.589;2285.663;3.011;2688.088;2895.950;-0.934;1378.577;3154.623;3601.401;2350.939;0.247;1716.607;439.739;2114.456;579.531;3.967;1854.903;3.108;3035.805;3591.444;3408.782;1227.287;2366.252;2468.444;1747.631;1780.039;0.659;9.078;1285.844;1600.721;409.172;2006.330;1907.058;2605.990;976.149;1149.335;3599.174;2253.033;2733.340;1970.120;3084.516;2434.469;3539.449;501.988;970.302;1527.184;1816.254;2767.587;3340.346;2279.012;3598.311;2742.186;326.853;2116.644;2220.449;2764.283;3261.454;557.993;360.954;2862.742;-3.532;3369.642,1441.508;3609.261;3599.131;511.414;3596.261;2838.813;506.161;2710.955;3598.755;2871.056;0.399;1884.104;1296.704;10.607;3597.544;3129.838;630.357;2372.221;1827.116;1333.454;1829.194;1895.067;3381.053;-4.265;2460.189;1971.099;168.920;377.904;2534.463;3296.220;-5.347;1527.530;3594.616;1707.178;1086.305;976.515;0.687;262.903;2335.664;2183.403;2111.600;1132.906;3414.392;3582.975;2261.588;2776.087;2903.451;1234.659;807.871;881.966;729.762;1572.516;28.358;1246.234;2127.958;1504.684;2044.970;2629.488;3203.115;1096.354;619.107;1713.184;2527.734;354.242;366.968;1070.284;862.342;1693.878;2362.928;1122.764;3596.099;2933.308;2126.891;1338.654;1.743;2468.008;2647.140;0.149;3074.525;3266.452;2153.864;2830.862;3229.813;3383.220;1388.351;13.674;919.006;190.537;1573.431;1867.137;3051.538;3026.886;884.027;3598.099;269.491;1676.548;394.007;652.664;2.840;652.605
223,405.4117624759674,222,-560.3167306692859,560.3167306692859,0.17856098698157782,3321.694;3600.377;3235.145;2097.642;430.263;4.396;1330.471;1173.020;1447.424;1680.665;2399.521;1936.174;3006.261;3186.157;2297.011;1605.920;834.634;3563.981;1020.946;527.315;-3.778;3591.357;110.434;1017.506;-0.034;497.967;1408.681;3597.878;785.653;3596.421;280.908;1096.324;896.407;3230.986;3599.456;721.978;1464.096;897.731;2901.494;2291.434;-2.227;2693.881;2890.734;4.201;1374.410;3160.143;3599.348;2355.767;-5.479;1712.105;435.047;2109.620;583.633;0.184;1859.742;-0.755;3029.886;3585.633;3414.515;1221.562;2360.256;2463.296;1753.115;1785.337;-0.567;13.108;1285.570;1606.283;415.025;2003.006;1912.238;2602.585;970.145;1145.647;3597.399;2249.761;2731.297;1975.565;3079.063;2432.118;3544.091;496.376;976.209;1522.001;1822.299;2773.303;3336.404;2284.890;3596.413;2747.519;322.062;2119.989;2219.300;2770.033;3255.707;563.860;361.527;2868.122;2.021;3372.550,1435.741;3603.401;3604.986;506.206;3601.724;2836.902;507.606;2716.817;3604.270;2866.054;0.385;1890.021;1301.862;5.105;3597.935;3124.839;636.009;2372.055;1823.684;1327.757;1835.011;1901.030;3380.323;0.117;2460.904;1965.081;174.424;372.874;2528.902;3302.207;0.521;1532.864;3591.128;1709.380;1089.755;970.538;-2.589;268.262;2331.909;2177.481;2106.331;1128.023;3408.483;3584.607;2267.046;2781.533;2898.216;1239.644;808.909;877.326;734.883;1566.628;25.419;1251.885;2133.952;1510.108;2049.772;2632.909;3197.207;1099.563;623.691;1713.372;2532.394;350.896;368.722;1065.294;863.940;1698.483;2358.059;1117.021;3600.744;2932.821;2121.147;1334.664;1.826;2461.958;2651.526;-5.485;3068.515;3271.160;2150.253;2827.937;3231.850;3378.476;1391.149;8.654;913.911;196.564;1579.415;1872.645;3056.822;3030.957;886.662;3603.969;264.756;1673.205;391.576;647.106;2.802;657.719
224,407.24942564964294,223,-560.3362557488188,560.3362557488188,0.1672187705108736,3327.154;3604.794;3229.212;2103.491;431.645;10.014;1336.169;1174.141;1452.742;1675.077;2394.348;1933.525;3008.774;3191.578;2294.710;1600.942;830.193;3558.143;1026.832;530.331;1.991;3597.328;111.192;1011.636;-5.676;498.926;1408.265;3599.067;782.083;3601.400;286.117;1091.680;890.603;3229.337;3595.547;716.638;1469.861;902.031;2896.614;2296.353;2.864;2699.801;2894.344;1.673;1370.461;3165.220;3604.603;2360.076;0.277;1706.162;435.610;2113.468;581.961;-3.122;1865.553;1.783;3026.042;3591.300;3419.964;1215.657;2355.326;2459.063;1759.099;1791.013;1.064;18.373;1286.247;1607.803;410.812;1998.917;1917.244;2596.696;964.202;1151.355;3598.116;2244.220;2726.131;1970.768;3073.517;2428.136;3544.528;493.007;978.085;1516.304;1821.427;2768.581;3330.502;2290.707;3600.837;2743.984;317.092;2125.755;2216.965;2775.322;3250.117;567.347;355.881;2865.732;-2.502;3377.300,1431.667;3599.693;3599.413;508.541;3596.076;2832.482;507.951;2722.159;3598.593;2860.182;-4.808;1893.773;1307.832;-0.637;3603.512;3122.013;630.501;2376.923;1817.813;1324.971;1840.855;1906.276;3385.896;-1.813;2459.470;1959.564;179.219;366.912;2534.073;3307.130;3.607;1538.771;3596.331;1703.559;1086.733;968.386;2.426;274.239;2326.122;2181.349;2101.402;1122.244;3403.057;3582.930;2261.965;2787.431;2892.253;1245.004;810.047;871.675;739.740;1564.309;20.207;1250.287;2136.392;1516.087;2046.752;2631.323;3191.603;1102.282;627.614;1707.737;2531.765;345.418;366.478;1068.734;866.819;1694.508;2353.134;1121.345;3595.660;2938.526;2115.444;1329.438;5.579;2459.214;2657.420;0.217;3062.910;3277.092;2146.441;2830.769;3234.429;3372.587;1386.548;3.321;908.572;202.382;1581.221;1876.566;3062.702;3028.547;888.437;3598.640;269.094;1667.884;388.770;641.571;-2.648;661.294
225,409.1105327606201,224,-560.4236358667669,560.4236358667669,0.08003452564791019,3329.855;3599.071;3226.084;2109.431;437.363;7.752;1334.558;1170.423;1447.197;1679.771;2388.942;1939.053;3014.606;3195.072;2299.907;1604.384;835.931;3558.492;1023.170;535.881;1.846;3601.872;105.445;1016.847;0.059;493.425;1402.462;3593.637;776.230;3600.703;280.716;1089.131;888.218;3225.692;3591.023;710.753;1475.757;896.385;2890.823;2300.849;-0.325;2698.247;2888.642;6.227;1364.688;3170.125;3598.893;2354.329;2.547;1700.332;430.370;2119.334;587.378;2.528;1865.846;4.348;3022.660;3594.200;3425.894;1216.173;2359.477;2455.133;1758.777;1788.037;0.016;17.992;1292.053;1602.273;413.777;1994.845;1913.610;2595.426;967.194;1146.566;3603.841;2247.944;2720.216;1964.906;3069.267;2433.626;3549.127;487.229;973.026;1510.363;1822.707;2771.626;3326.677;2295.138;3601.181;2746.479;322.834;2130.975;2222.447;2781.165;3252.861;571.547;350.930;2862.428;2.049;3383.009,1437.372;3600.383;3598.947;503.635;3590.230;2838.175;504.693;2717.418;3598.986;2865.704;0.880;1892.784;1302.872;3.706;3597.842;3126.845;636.030;2371.355;1822.786;1319.211;1835.345;1911.809;3383.798;3.523;2457.412;1963.893;177.951;371.835;2528.562;3308.930;-0.794;1537.009;3598.661;1698.099;1080.888;962.580;-0.118;270.162;2331.810;2175.726;2105.979;1126.615;3404.024;3588.603;2256.429;2793.174;2897.456;1250.929;804.450;865.753;734.512;1569.236;14.385;1255.895;2142.206;1511.521;2040.908;2632.131;3194.545;1108.118;632.616;1713.214;2527.614;340.852;372.182;1063.934;872.577;1700.120;2347.807;1123.868;3594.032;2934.087;2110.519;1333.475;2.859;2464.280;2653.033;4.086;3058.026;3272.071;2152.060;2825.117;3229.223;3377.500;1392.088;-0.988;903.148;201.019;1583.277;1872.111;3067.829;3029.909;882.669;3603.214;263.348;1670.460;382.939;645.452;2.869;664.703
226,410.7978558540344,225,-560.5306216221238,560.5306216221238,0.15865797020721,3335.635;3599.439;3220.437;2105.842;433.348;2.024;1328.968;1170.080;1444.927;1684.402;2388.073;1934.677;3019.238;3199.087;2294.316;1610.118;839.755;3564.177;1022.748;531.098;-3.125;3596.224;109.722;1022.309;-1.681;498.777;1396.717;3597.458;772.802;3600.255;281.589;1094.835;885.338;3219.912;3596.503;708.239;1480.543;893.013;2892.875;2295.310;4.312;2695.660;2890.753;0.589;1368.311;3175.972;3601.494;2352.875;1.818;1705.085;424.500;2121.694;582.562;5.799;1860.436;-0.018;3028.135;3594.129;3421.337;1219.490;2365.263;2460.758;1753.667;1782.424;-5.680;12.257;1295.636;1607.801;419.252;1999.644;1907.880;2600.872;968.796;1140.723;3598.517;2250.907;2725.333;1970.290;3063.448;2439.437;3554.959;491.470;967.178;1504.850;1817.110;2767.768;3331.845;2290.659;3596.236;2741.463;327.052;2136.753;2217.351;2776.152;3253.990;569.525;355.042;2868.125;3.392;3381.910,1434.896;3603.470;3602.756;507.211;3593.066;2843.179;498.921;2711.955;3599.768;2869.292;0.597;1895.010;1304.038;-1.437;3595.546;3132.680;631.919;2374.914;1828.436;1323.224;1829.974;1915.505;3388.476;7.864;2460.106;1969.571;172.206;368.811;2532.963;3304.140;2.166;1536.834;3604.180;1700.417;1082.802;960.410;-5.663;264.695;2327.250;2179.149;2101.411;1122.262;3407.395;3587.123;2251.232;2788.428;2903.042;1246.421;807.170;859.941;740.019;1575.085;18.983;1260.664;2138.640;1508.212;2043.558;2627.206;3195.451;1113.706;633.901;1715.290;2523.676;335.040;369.156;1058.535;878.050;1695.333;2352.562;1129.143;3599.447;2928.260;2115.699;1338.716;-2.759;2470.135;2647.784;3.555;3062.743;3268.835;2157.573;2821.309;3232.897;3374.621;1386.771;-0.991;908.158;206.677;1588.012;1866.332;3068.879;3027.110;878.943;3598.341;267.433;1676.082;386.066;639.851;-0.354;661.117
227,412.6404323577881,226,-560.5948644643904,560.5948644643904,0.16050785810890703,3333.504;3598.693;3225.796;2101.010;427.695;-2.980;1323.584;1175.753;1448.821;1679.289;2382.413;1930.052;3017.027;3200.282;2299.014;1605.087;837.132;3567.389;1017.250;536.596;2.200;3593.110;105.597;1017.868;2.466;493.933;1397.995;3599.059;767.249;3605.667;287.114;1096.969;879.603;3219.626;3601.390;703.132;1477.092;897.871;2890.511;2294.065;-0.415;2689.961;2894.408;-2.473;1374.052;3172.757;3596.732;2358.007;7.186;1710.586;419.956;2116.862;584.596;4.266;1863.732;4.609;3026.014;3588.837;3422.128;1225.236;2360.743;2466.581;1747.857;1786.706;-0.109;8.197;1290.807;1607.686;425.048;1994.342;1902.040;2596.782;964.156;1143.186;3600.686;2255.615;2723.761;1967.097;3065.415;2442.419;3560.788;493.520;965.245;1508.250;1819.574;2773.409;3327.526;2295.709;3600.344;2735.744;332.295;2142.142;2222.912;2779.636;3248.426;563.807;352.374;2873.517;-1.943;3385.927,1429.249;3598.647;3598.510;512.946;3597.702;2845.122;498.057;2713.674;3597.958;2873.616;-3.567;1900.730;1309.713;3.447;3599.315;3129.372;626.914;2380.277;1824.499;1328.987;1833.101;1921.263;3383.940;3.499;2465.836;1971.244;166.847;363.166;2538.312;3300.866;-2.418;1542.456;3598.557;1701.447;1085.480;963.906;-0.189;262.471;2322.402;2184.290;2095.623;1121.353;3401.856;3581.635;2245.425;2784.136;2899.956;1241.178;812.902;856.470;735.033;1580.247;24.642;1260.539;2133.321;1513.520;2046.698;2631.432;3189.797;1108.415;628.337;1709.714;2529.300;329.303;363.511;1063.477;874.122;1689.871;2347.165;1134.951;3604.539;2927.600;2113.032;1344.480;2.730;2472.600;2652.582;-1.460;3068.083;3273.892;2153.066;2826.417;3238.643;3371.513;1382.924;4.355;911.763;211.985;1593.800;1871.312;3073.586;3021.390;879.996;3601.040;272.815;1681.898;391.286;635.715;-5.839;666.702
228,414.5055024623871,227,-560.5508850779843,560.5508850779843,0.2072902210502426,3336.256;3604.127;3227.194;2106.419;431.234;2.542;1319.554;1179.703;1443.231;1673.782;2378.980;1935.496;3022.306;3194.650;2303.306;1599.360;831.492;3561.880;1022.173;531.398;3.574;3598.357;99.981;1013.473;7.854;492.744;1403.513;3604.067;767.462;3600.149;284.945;1091.601;873.835;3214.623;3595.988;700.385;1474.252;903.594;2894.459;2299.690;-5.145;2684.199;2888.989;3.037;1378.957;3174.386;3601.137;2362.506;9.978;1707.215;424.374;2117.524;579.455;-1.160;1858.185;0.952;3031.569;3588.790;3416.667;1219.864;2355.420;2463.762;1752.588;1792.333;0.296;4.104;1295.893;1602.523;420.064;1989.325;1906.070;2598.203;958.462;1148.850;3595.993;2249.991;2718.398;1961.470;3064.027;2446.682;3555.581;499.151;970.731;1513.931;1814.194;2775.391;3321.837;2298.125;3606.047;2740.704;331.186;2143.865;2224.429;2784.794;3253.649;569.187;357.635;2878.170;-7.713;3391.601,1432.978;3604.097;3592.872;513.292;3592.843;2840.543;492.407;2708.185;3592.434;2878.684;1.786;1897.520;1305.859;-0.703;3604.719;3133.650;621.446;2378.128;1829.186;1324.295;1838.590;1916.963;3389.325;7.165;2471.625;1965.859;162.037;366.062;2535.716;3295.178;3.085;1543.588;3599.846;1707.098;1079.979;962.791;-0.465;267.963;2319.176;2185.251;2100.619;1122.821;3399.127;3582.375;2249.598;2782.348;2903.339;1242.756;818.608;861.936;737.479;1574.773;21.242;1254.953;2127.618;1512.273;2041.572;2637.085;3194.323;1107.577;622.566;1713.522;2529.279;334.635;359.893;1068.993;868.416;1694.158;2341.533;1133.810;3598.938;2922.089;2117.618;1347.764;7.138;2478.201;2648.499;3.317;3063.495;3271.656;2148.183;2831.978;3244.403;3376.952;1388.201;-0.503;916.821;206.695;1588.306;1876.545;3068.886;3023.721;882.854;3603.835;269.308;1687.410;396.551;637.231;-1.877;669.689
229,416.3753750324249,228,-560.5269083256105,560.5269083256105,0.16411503916990536,3341.728;3598.866;3230.759;2101.673;425.801;5.861;1324.312;1185.215;1446.955;1668.057;2373.333;1931.531;3017.639;3195.231;2308.326;1594.985;830.767;3560.178;1027.621;530.455;0.700;3595.563;94.321;1007.810;5.584;498.263;1409.215;3598.549;761.888;3600.580;289.530;1095.973;877.334;3217.405;3590.785;704.578;1468.621;908.940;2889.371;2303.159;0.394;2688.999;2886.550;7.433;1384.001;3168.984;3597.065;2366.097;9.116;1706.644;421.421;2111.953;582.865;0.568;1862.241;-4.696;3027.323;3587.434;3422.049;1215.800;2350.125;2468.279;1752.319;1798.059;-3.912;4.939;1291.175;1604.857;421.947;1986.322;1911.383;2592.878;955.869;1150.017;3595.999;2248.711;2721.896;1960.746;3058.516;2441.290;3559.529;495.137;975.132;1515.343;1818.317;2780.165;3325.136;2303.746;3600.616;2746.385;325.652;2138.499;2230.008;2790.505;3251.922;565.633;355.231;2875.061;-2.348;3393.739,1427.653;3599.820;3597.347;518.880;3598.184;2834.856;496.522;2702.696;3597.514;2873.366;-1.363;1902.816;1311.101;1.210;3599.346;3135.436;615.721;2383.581;1825.674;1328.870;1836.895;1921.266;3383.930;12.766;2468.065;1970.517;166.898;360.797;2541.269;3298.882;4.201;1548.820;3603.909;1704.669;1085.275;968.267;-5.769;266.973;2323.845;2190.252;2095.540;1117.279;3393.502;3587.857;2244.813;2777.029;2899.867;1239.843;820.307;858.693;732.831;1579.522;20.843;1254.642;2127.257;1512.869;2046.862;2631.582;3189.249;1109.205;616.903;1708.118;2534.755;329.920;354.795;1072.342;870.738;1689.138;2344.468;1131.162;3600.316;2925.487;2112.895;1351.157;7.499;2483.588;2642.832;-1.857;3068.877;3277.096;2143.940;2829.818;3241.928;3371.951;1382.907;-6.202;911.960;211.826;1592.700;1873.382;3074.344;3018.357;881.349;3598.426;274.135;1683.518;401.872;631.715;2.741;667.491
230,418.0696589946747,229,-560.5248798982223,560.5248798982223,0.24275367479116494,3337.030;3597.633;3230.615;2103.667;423.005;3.211;1323.636;1180.185;1451.991;1663.440;2367.676;1926.417;3012.218;3198.668;2313.978;1589.908;825.489;3560.090;1026.916;526.018;-4.820;3593.545;88.735;1004.605;8.815;502.565;1414.528;3600.647;760.625;3597.826;284.237;1101.254;882.283;3222.896;3590.256;710.179;1463.664;914.264;2894.729;2302.413;2.924;2694.296;2881.074;12.544;1389.426;3163.312;3599.651;2360.795;4.236;1701.205;426.705;2107.440;588.460;-4.825;1867.317;0.736;3021.728;3592.803;3424.358;1219.509;2344.509;2473.531;1747.406;1802.882;1.351;1.402;1285.726;1599.428;425.257;1991.778;1916.349;2588.122;960.091;1145.515;3600.520;2244.768;2716.596;1965.792;3063.367;2437.322;3563.136;500.032;971.936;1517.620;1822.563;2785.794;3329.597;2309.133;3597.577;2751.959;320.086;2141.574;2235.273;2796.029;3253.916;561.862;360.632;2873.742;-2.102;3389.714,1424.476;3600.868;3601.809;518.278;3602.453;2829.703;496.915;2707.714;3603.010;2875.461;-3.270;1899.440;1307.591;-4.000;3600.995;3140.976;610.941;2380.832;1827.457;1332.594;1842.319;1922.344;3379.065;7.647;2472.897;1973.256;170.020;362.558;2545.105;3304.461;-1.327;1547.319;3598.495;1708.893;1090.042;966.846;-11.432;261.842;2328.008;2186.662;2094.753;1122.048;3392.168;3593.140;2248.121;2771.379;2896.733;1234.311;825.707;863.306;737.206;1577.011;26.385;1254.993;2132.686;1507.877;2052.368;2633.317;3184.953;1112.008;617.851;1704.874;2531.545;327.825;359.480;1066.907;867.567;1685.489;2339.217;1126.049;3603.812;2922.454;2110.707;1355.486;3.225;2487.868;2638.475;-7.170;3070.933;3272.610;2138.317;2833.448;3243.458;3370.707;1383.009;-0.771;907.512;214.203;1594.717;1868.222;3071.290;3017.456;876.412;3600.442;274.177;1681.260;397.422;628.101;8.352;671.624
231,419.91119837760925,230,-560.601349068579,560.601349068579,0.16196982001126795,3331.586;3595.939;3234.435;2106.446;422.646;-2.145;1318.141;1177.122;1449.200;1660.993;2369.318;1931.184;3017.316;3193.274;2313.501;1594.849;821.868;3565.106;1022.021;530.157;0.530;3588.950;89.740;1009.646;7.671;503.352;1415.878;3599.328;760.916;3603.271;279.580;1099.489;879.126;3217.901;3595.525;705.554;1460.045;916.888;2900.348;2300.716;0.928;2695.700;2884.594;8.469;1385.428;3166.774;3594.621;2364.562;-1.099;1698.472;422.856;2112.191;591.291;0.519;1862.317;-0.862;3023.568;3598.353;3419.166;1225.030;2338.927;2479.112;1741.810;1799.516;-1.638;-4.146;1285.817;1603.187;429.103;1995.421;1911.345;2593.503;957.946;1143.513;3606.100;2239.493;2713.671;1961.464;3059.969;2442.655;3567.905;495.223;977.139;1512.492;1823.702;2791.265;3325.038;2312.759;3601.063;2747.140;324.168;2136.386;2237.465;2795.144;3257.070;556.562;366.253;2877.702;2.492;3394.589,1429.201;3595.951;3596.969;513.331;3597.308;2834.831;501.538;2712.534;3597.832;2880.106;2.132;1903.185;1302.493;1.395;3597.097;3144.325;613.490;2378.892;1822.229;1328.844;1846.556;1927.614;3380.464;3.744;2477.327;1968.337;173.969;358.254;2541.499;3299.903;-2.459;1551.642;3595.187;1713.729;1086.023;961.351;-6.476;256.242;2322.616;2181.444;2097.397;1117.593;3397.287;3598.660;2252.669;2775.144;2891.517;1233.921;823.212;860.427;742.624;1572.015;27.539;1259.881;2138.087;1513.202;2050.725;2628.133;3190.064;1106.670;623.312;1707.341;2527.310;323.878;362.742;1061.688;872.937;1685.820;2335.488;1128.440;3598.582;2917.149;2105.243;1361.047;-2.340;2489.831;2642.871;-1.884;3066.201;3274.683;2138.054;2828.885;3248.817;3367.840;1387.934;0.981;912.421;209.695;1589.531;1873.490;3073.601;3022.644;870.881;3596.156;269.173;1686.325;392.116;627.773;10.744;677.184
232,421.7695710659027,231,-560.5307793349832,560.5307793349832,0.10669251180618121,3334.954;3600.362;3239.927;2111.679;427.770;2.668;1312.889;1178.807;1445.126;1655.647;2373.042;1936.185;3018.066;3190.308;2308.148;1599.769;826.735;3570.650;1021.948;535.459;-1.376;3584.841;94.747;1014.445;2.224;508.579;1421.274;3600.878;765.985;3599.901;283.808;1104.822;873.657;3212.395;3601.071;700.477;1454.566;911.646;2895.483;2295.267;3.862;2701.050;2890.052;3.164;1390.009;3172.138;3596.691;2359.254;-6.664;1692.997;427.220;2109.895;587.496;3.395;1863.078;2.521;3028.969;3597.756;3419.589;1230.585;2344.092;2484.498;1739.500;1801.609;2.687;0.858;1290.974;1598.766;434.593;1990.883;1912.443;2590.430;962.818;1138.054;3600.792;2242.793;2719.072;1959.689;3054.476;2444.927;3568.484;489.986;982.221;1514.251;1818.930;2789.284;3325.708;2308.101;3599.937;2746.440;326.398;2140.457;2232.305;2790.612;3262.552;551.117;371.539;2883.211;-0.337;3396.898,1427.594;3599.064;3592.300;518.049;3599.755;2830.473;496.837;2713.081;3598.660;2876.855;1.006;1907.718;1302.191;1.155;3593.215;3139.101;617.344;2374.299;1822.342;1323.445;1842.392;1922.529;3375.586;8.391;2472.185;1966.233;168.747;352.963;2546.217;3294.679;1.238;1556.877;3593.033;1708.572;1087.717;964.481;-1.673;259.873;2323.752;2175.886;2101.749;1122.718;3397.458;3602.163;2248.353;2776.208;2885.959;1228.499;817.754;854.948;740.224;1572.207;24.998;1254.519;2140.706;1510.353;2046.325;2632.655;3195.302;1111.787;618.584;1703.136;2532.451;327.649;368.038;1066.033;870.651;1691.016;2340.230;1133.902;3599.537;2921.696;2110.161;1356.352;2.675;2485.272;2648.273;2.391;3062.997;3270.299;2143.113;2829.791;3245.676;3373.215;1386.389;4.715;917.440;204.343;1593.028;1869.325;3078.971;3018.994;874.325;3600.960;263.803;1691.879;396.919;633.155;8.859;682.639
233,423.6538715362549,232,-560.5489434924414,560.5489434924414,0.20700131141631242,3329.756;3596.603;3245.433;2106.474;432.137;-1.870;1316.640;1173.548;1450.414;1650.419;2367.729;1931.157;3013.091;3194.681;2312.213;1594.882;822.937;3565.459;1027.333;540.963;-2.429;3590.156;89.538;1009.610;-3.114;503.444;1425.394;3606.031;771.491;3603.059;289.185;1101.583;878.646;3216.537;3604.243;705.340;1449.043;916.474;2898.694;2295.613;8.923;2705.008;2886.143;7.466;1389.822;3167.696;3602.006;2362.336;-1.342;1693.008;422.842;2104.976;589.688;6.384;1868.146;1.239;3025.476;3603.138;3414.350;1232.175;2341.561;2481.862;1743.576;1807.013;-0.688;2.867;1285.973;1593.372;439.599;1996.123;1916.032;2594.949;965.496;1140.999;3598.278;2247.646;2715.040;1964.909;3057.770;2440.168;3563.149;494.815;977.310;1518.656;1813.457;2793.080;3331.063;2313.375;3605.132;2744.795;321.196;2135.732;2237.092;2795.424;3257.889;553.019;369.471;2879.948;-4.832;3391.622,1422.266;3603.545;3597.137;514.673;3601.885;2834.100;501.972;2718.179;3603.793;2871.425;-4.133;1902.714;1307.183;-1.236;3598.358;3133.653;612.158;2379.352;1827.715;1328.595;1845.472;1919.921;3370.106;3.391;2472.769;1971.498;173.718;348.537;2551.584;3291.025;4.965;1554.475;3597.927;1709.932;1092.155;961.625;-0.676;264.384;2329.011;2176.500;2096.662;1125.509;3394.214;3597.145;2242.935;2770.965;2882.207;1230.294;812.752;857.920;745.301;1570.298;23.810;1249.640;2146.110;1515.112;2040.852;2629.162;3194.943;1108.679;613.827;1697.677;2531.618;328.846;364.995;1064.651;866.448;1686.007;2342.971;1130.036;3604.105;2918.443;2105.437;1359.688;1.904;2490.402;2643.569;-0.817;3067.792;3269.370;2147.099;2835.175;3241.445;3375.985;1381.283;0.643;922.932;209.405;1593.215;1872.713;3074.460;3013.864;879.231;3600.796;266.831;1689.569;395.662;629.929;5.323;677.456
234,425.3690845966339,233,-560.402395075518,560.402395075518,0.10875463878171304,3328.251;3599.642;3250.850;2106.212;428.861;2.631;1321.901;1168.422;1451.042;1655.586;2369.874;1929.341;3008.714;3191.427;2313.823;1589.436;825.366;3564.180;1029.719;537.250;2.494;3595.035;91.066;1006.027;1.466;498.180;1420.421;3600.745;773.948;3598.055;286.039;1096.811;881.352;3219.689;3598.985;708.011;1452.925;916.948;2897.845;2300.879;14.328;2709.894;2887.950;6.007;1384.536;3163.858;3597.254;2358.479;2.113;1688.902;425.279;2108.529;594.457;7.855;1865.517;-4.067;3021.094;3600.798;3414.337;1226.942;2343.347;2484.469;1748.980;1812.147;1.501;8.173;1283.297;1591.263;435.835;1995.547;1911.314;2591.492;969.809;1145.858;3596.529;2242.748;2714.134;1966.216;3058.622;2438.310;3557.988;492.959;973.906;1524.084;1817.876;2791.428;3332.412;2312.691;3600.146;2749.976;321.010;2130.399;2236.398;2798.428;3262.828;558.355;364.407;2879.922;0.352;3388.823,1420.865;3598.322;3602.259;509.343;3596.797;2839.338;506.300;2714.973;3598.891;2867.435;0.643;1905.702;1309.343;3.667;3602.633;3128.491;612.094;2382.861;1828.157;1332.824;1840.276;1918.293;3371.781;0.390;2467.695;1972.053;175.953;353.640;2555.071;3286.122;3.182;1559.697;3598.842;1704.755;1087.581;964.695;-1.966;269.619;2334.240;2179.114;2091.719;1129.240;3396.584;3601.621;2242.961;2766.670;2887.474;1227.906;808.037;860.659;740.648;1575.345;20.303;1250.521;2147.153;1514.792;2040.437;2631.627;3192.380;1113.072;617.778;1701.749;2528.688;324.307;368.636;1069.506;866.701;1689.582;2348.307;1124.649;3598.945;2921.334;2101.577;1358.568;-3.293;2485.993;2639.516;0.308;3073.059;3264.051;2152.507;2830.462;3246.151;3380.539;1377.188;-3.550;921.472;212.166;1598.497;1868.340;3072.529;3016.128;879.143;3595.857;271.288;1694.485;390.559;624.648;8.565;680.200
235,427.23458766937256,234,-560.3094577037098,560.3094577037098,0.15218733204920012,3332.895;3600.075;3248.320;2101.200;434.049;-0.655;1318.415;1163.048;1450.212;1651.989;2365.540;1928.156;3003.376;3186.089;2318.918;1593.365;820.506;3563.215;1035.029;541.642;-0.767;3591.013;86.544;1001.829;6.052;493.302;1420.622;3600.241;768.810;3598.415;281.265;1092.733;881.313;3224.768;3596.956;703.181;1449.868;921.783;2902.966;2304.494;9.655;2712.898;2893.181;9.647;1388.540;3166.348;3601.599;2363.018;4.987;1683.552;430.520;2103.536;599.832;10.944;1868.561;0.873;3015.717;3599.512;3415.234;1229.892;2338.296;2489.788;1749.892;1817.556;-3.531;4.887;1278.071;1587.645;439.751;2000.376;1912.547;2586.151;965.079;1146.800;3601.391;2237.707;2709.678;1962.138;3055.579;2433.025;3562.596;497.873;972.810;1525.586;1814.887;2796.647;3336.925;2317.468;3597.900;2746.923;315.825;2134.980;2241.116;2803.152;3266.537;554.793;368.257;2884.799;0.652;3385.736,1415.581;3594.423;3606.751;507.823;3598.224;2843.716;511.440;2720.211;3601.754;2862.093;0.400;1905.296;1314.651;0.710;3597.528;3124.465;617.215;2379.119;1822.915;1338.189;1845.134;1923.543;3370.796;-4.912;2470.241;1974.102;181.264;350.133;2560.404;3291.201;-1.784;1565.093;3593.753;1705.289;1092.648;970.022;1.642;265.065;2332.310;2180.326;2092.595;1124.166;3391.315;3600.243;2237.723;2761.526;2882.738;1222.590;807.676;855.729;740.496;1580.751;17.864;1245.607;2151.025;1520.058;2045.579;2627.154;3187.064;1108.176;623.122;1696.616;2523.369;318.963;373.986;1064.347;871.983;1684.739;2343.339;1129.580;3601.313;2926.647;2097.417;1361.848;1.346;2490.867;2634.508;-4.597;3078.232;3269.186;2148.992;2831.847;3251.521;3375.725;1371.884;1.638;916.183;216.714;1603.757;1873.313;3068.823;3010.883;873.871;3600.205;276.206;1699.879;385.157;623.131;13.798;677.923
236,429.1247158050537,235,-560.291637630891,560.291637630891,0.1410851893597227,3338.225;3595.268;3243.137;2096.400;429.717;3.995;1313.137;1168.179;1445.072;1647.357;2365.611;1933.164;2998.340;3187.668;2314.294;1593.705;824.304;3567.938;1035.731;540.740;1.807;3586.115;90.979;1005.962;9.745;490.387;1415.958;3599.668;763.475;3603.306;278.645;1097.064;876.194;3219.912;3592.004;697.855;1454.563;920.285;2900.169;2301.561;12.290;2718.164;2898.545;4.619;1383.991;3171.551;3597.603;2366.381;0.585;1688.354;426.100;2100.943;604.616;16.217;1873.841;4.236;3014.765;3599.520;3410.641;1232.478;2342.739;2495.003;1744.700;1816.080;1.504;-0.381;1280.816;1592.418;444.875;1997.314;1917.325;2585.609;961.041;1141.999;3597.142;2232.351;2705.411;1967.149;3050.298;2437.963;3567.227;494.060;967.597;1520.538;1820.008;2794.364;3341.967;2315.453;3593.363;2741.679;310.544;2140.311;2237.099;2798.456;3271.739;549.581;366.712;2890.131;-3.714;3390.288,1410.396;3598.731;3601.556;513.011;3603.458;2839.020;516.524;2720.218;3598.208;2866.752;1.371;1910.500;1313.395;-3.744;3600.429;3119.566;615.174;2384.278;1825.556;1340.059;1843.372;1928.749;3365.585;0.108;2469.447;1979.359;177.581;347.268;2565.642;3294.390;3.166;1560.281;3598.035;1703.845;1097.958;974.585;6.839;259.729;2335.800;2185.571;2097.790;1118.850;3388.465;3603.601;2232.495;2756.613;2878.464;1226.725;802.458;860.502;741.310;1586.122;12.607;1247.077;2156.325;1524.878;2050.939;2621.829;3184.977;1106.400;624.129;1691.964;2526.308;313.599;373.448;1065.466;876.327;1679.635;2338.204;1128.966;3599.575;2930.201;2102.585;1356.839;-1.887;2491.148;2629.394;0.115;3073.449;3271.160;2143.826;2827.504;3246.791;3370.503;1366.524;0.516;911.033;215.099;1605.239;1869.699;3073.994;3011.130;873.168;3605.527;281.517;1695.007;384.246;617.901;9.128;672.671
237,430.81944727897644,236,-560.2686243913431,560.2686243913431,0.14885526268376917,3342.202;3589.978;3247.445;2091.143;424.500;5.115;1317.041;1172.177;1442.463;1651.984;2370.763;1938.394;2993.471;3192.329;2317.128;1588.795;824.301;3563.624;1030.925;535.633;-2.980;3590.910;94.657;1001.556;14.885;485.607;1410.713;3597.713;758.277;3603.709;273.459;1092.865;875.889;3217.026;3588.044;693.155;1459.785;915.331;2896.060;2304.800;14.743;2717.044;2897.653;2.207;1388.942;3168.055;3594.703;2371.614;-3.124;1693.542;430.756;2096.433;609.781;11.095;1869.788;0.551;3019.478;3604.629;3405.366;1227.408;2347.123;2499.410;1739.621;1813.408;5.226;4.704;1281.053;1591.571;440.215;1992.288;1922.605;2587.187;955.784;1146.354;3597.381;2227.610;2700.410;1962.801;3051.608;2436.558;3562.535;498.091;962.492;1515.654;1824.532;2791.849;3338.305;2310.257;3595.838;2740.318;305.449;2144.548;2232.082;2801.342;3270.335;552.983;361.796;2892.247;1.028;3395.558,1405.280;3603.907;3598.115;518.145;3600.306;2833.760;513.389;2715.269;3599.871;2870.062;4.392;1909.600;1317.882;1.323;3604.595;3114.928;612.657;2389.011;1823.606;1340.334;1845.587;1931.647;3361.127;0.822;2464.284;1979.008;172.540;352.346;2570.729;3289.402;0.243;1555.658;3602.971;1698.855;1102.179;979.864;7.382;262.402;2330.764;2190.879;2097.949;1115.906;3391.441;3598.445;2228.025;2761.275;2873.267;1226.679;807.007;856.673;736.132;1590.887;8.851;1241.923;2152.198;1523.467;2055.322;2617.025;3188.441;1101.927;619.182;1686.974;2531.537;312.057;368.263;1070.581;875.672;1683.657;2333.609;1133.978;3599.569;2928.374;2107.527;1361.583;2.847;2486.259;2624.948;-3.532;3078.036;3274.119;2148.238;2832.153;3243.982;3371.379;1361.291;1.243;905.783;209.915;1610.381;1872.706;3079.122;3006.785;877.601;3600.554;279.323;1693.444;389.071;617.276;4.400;676.493
238,432.6569061279297,237,-560.4198187659019,560.4198187659019,0.14037050479225305,3346.314;3594.915;3245.362;2088.844;423.611;1.587;1313.296;1171.097;1437.326;1656.930;2375.574;1936.302;2988.228;3193.440;2312.579;1590.192;829.400;3567.450;1034.283;530.410;1.997;3590.212;97.605;1004.377;10.572;489.420;1409.611;3602.544;755.529;3598.587;278.034;1087.785;873.907;3220.452;3592.538;697.572;1460.544;914.593;2890.843;2309.983;14.185;2721.914;2896.060;-2.903;1388.704;3165.501;3598.155;2370.129;1.897;1695.719;426.011;2100.793;605.237;6.342;1865.181;-3.962;3021.125;3599.718;3409.640;1229.168;2351.439;2496.156;1743.648;1818.261;2.368;8.755;1276.143;1588.323;440.435;1995.521;1919.974;2582.607;956.756;1150.966;3594.008;2231.403;2705.209;1967.581;3046.822;2432.770;3565.647;494.943;960.240;1520.263;1821.030;2796.883;3333.120;2305.597;3600.557;2744.827;301.961;2145.018;2228.657;2806.193;3265.647;550.556;366.603;2891.772;-2.547;3399.277,1406.333;3599.563;3597.975;518.009;3604.637;2829.796;508.272;2712.787;3594.976;2875.210;4.777;1904.608;1314.833;0.115;3599.654;3110.534;617.692;2386.611;1828.043;1339.350;1845.896;1927.654;3356.424;-1.944;2467.055;1974.611;167.429;348.449;2572.891;3293.765;-2.885;1551.346;3598.067;1703.396;1104.179;983.630;12.191;257.775;2327.469;2194.687;2100.067;1113.792;3386.768;3596.432;2231.882;2756.768;2874.420;1221.790;810.546;859.056;734.991;1589.596;13.108;1245.238;2153.428;1518.424;2060.549;2621.480;3183.558;1106.530;622.831;1690.116;2530.597;311.450;366.148;1067.285;871.563;1680.061;2335.702;1134.938;3604.596;2928.546;2112.413;1363.818;1.519;2482.914;2619.716;1.085;3082.927;3269.431;2144.512;2837.290;3246.437;3366.445;1364.447;-2.615;909.100;206.141;1606.753;1867.672;3076.966;3011.179;873.624;3597.178;284.254;1696.676;393.720;621.463;-0.734;673.569
239,434.51695585250854,238,-560.4073039994951,560.4073039994951,0.12259551540585835,3351.131;3599.922;3242.535;2083.774;418.588;6.218;1308.593;1166.240;1432.179;1655.187;2378.860;1934.578;2983.055;3198.533;2307.415;1595.026;831.084;3572.594;1037.309;526.434;2.797;3594.835;102.736;1002.953;7.580;485.241;1414.217;3597.649;750.533;3598.878;279.784;1092.267;868.899;3225.412;3591.505;701.239;1465.137;909.508;2886.225;2307.711;9.198;2727.115;2896.267;1.852;1389.993;3162.728;3603.177;2365.154;0.582;1691.362;423.181;2096.162;609.233;2.476;1867.728;0.998;3016.376;3596.186;3414.582;1233.610;2356.609;2500.161;1743.253;1823.336;1.444;9.163;1271.196;1583.184;445.096;2000.519;1924.209;2577.434;961.733;1147.055;3598.457;2236.186;2710.060;1965.958;3041.731;2434.986;3561.639;490.082;965.179;1524.895;1825.531;2797.484;3337.236;2301.332;3595.853;2750.002;296.865;2141.232;2223.828;2801.737;3261.113;547.623;365.051;2886.727;1.914;3396.304,1402.310;3603.220;3599.799;522.991;3599.943;2824.632;503.084;2714.643;3598.676;2871.602;-0.297;1899.494;1319.315;-4.653;3598.471;3105.516;620.670;2381.796;1832.452;1344.036;1841.583;1925.830;3351.231;3.005;2462.441;1970.598;165.695;351.907;2577.939;3296.382;2.084;1546.198;3597.349;1707.713;1109.278;987.768;7.288;256.754;2332.198;2193.140;2105.179;1108.705;3387.403;3592.887;2236.971;2755.869;2879.477;1224.390;814.818;855.250;734.867;1592.616;8.169;1241.863;2157.656;1514.488;2065.451;2619.361;3184.666;1111.722;618.113;1690.187;2534.922;316.363;367.379;1065.167;866.393;1684.567;2330.869;1130.175;3599.649;2925.581;2114.085;1358.868;2.616;2478.343;2622.639;1.043;3079.083;3267.513;2139.422;2842.438;3244.072;3370.944;1359.903;2.413;905.118;201.007;1609.856;1863.789;3081.454;3013.490;877.472;3597.385;282.716;1701.274;398.860;626.478;-5.805;674.816
240,436.2032792568207,239,-560.5176596054046,560.5176596054046,0.15128977489839446,3356.268;3605.084;3237.474;2088.538;414.897;11.359;1312.358;1169.786;1434.278;1659.594;2375.185;1939.579;2978.336;3202.318;2310.304;1590.630;826.082;3574.393;1032.409;523.942;1.605;3599.839;103.863;1007.622;3.811;480.118;1409.506;3601.086;749.900;3601.925;284.428;1094.208;863.749;3220.864;3586.510;697.020;1470.279;913.445;2881.839;2312.688;4.069;2730.769;2899.773;5.391;1394.504;3157.651;3598.282;2366.429;-4.349;1695.599;419.215;2091.200;613.041;4.798;1862.758;0.885;3016.788;3596.583;3416.654;1231.231;2353.837;2504.716;1746.093;1820.051;-3.154;13.646;1275.558;1578.021;440.727;1995.684;1920.209;2581.805;956.874;1151.777;3593.686;2231.615;2711.026;1961.802;3045.415;2438.754;3557.537;487.207;968.931;1519.976;1829.788;2792.885;3332.550;2304.277;3593.579;2750.081;291.887;2136.561;2218.694;2803.761;3259.560;552.595;363.235;2884.848;-2.617;3401.199,1397.409;3598.975;3604.685;519.594;3599.707;2823.198;498.271;2719.677;3602.832;2876.201;-0.974;1903.167;1323.596;0.168;3599.908;3109.401;615.873;2376.873;1837.574;1339.072;1838.717;1930.282;3347.197;0.926;2466.996;1965.492;170.276;349.907;2573.580;3301.331;-0.391;1542.208;3601.041;1706.455;1112.585;992.552;2.415;260.069;2336.989;2188.177;2109.881;1103.578;3392.222;3590.718;2234.059;2755.852;2882.169;1229.463;810.276;850.456;739.681;1597.454;3.649;1246.240;2162.779;1509.426;2070.321;2614.570;3185.866;1108.993;622.185;1685.536;2539.996;321.438;372.400;1069.212;861.398;1686.702;2326.156;1126.153;3599.944;2920.500;2118.116;1360.191;6.213;2473.846;2626.944;-3.538;3074.061;3265.748;2134.258;2838.633;3246.334;3369.382;1363.253;2.699;900.716;200.521;1608.761;1865.725;3084.997;3018.225;879.414;3601.932;287.299;1706.305;394.544;630.315;-0.865;669.850
241,438.03227138519287,240,-560.5156677456835,560.5156677456835,0.08841000322084316,3359.617;3600.331;3240.337;2091.045;409.964;8.040;1307.938;1174.762;1429.569;1655.003;2378.488;1943.971;2973.613;3200.177;2305.858;1593.323;829.013;3570.283;1027.848;528.811;2.891;3595.798;108.826;1012.697;7.883;475.078;1412.333;3596.826;748.150;3597.451;280.378;1091.484;858.628;3219.354;3585.820;691.941;1472.709;909.127;2877.906;2314.053;-1.050;2730.681;2904.638;0.823;1398.327;3162.348;3594.590;2361.534;0.194;1694.478;414.391;2086.149;617.321;9.040;1863.923;2.237;3011.907;3601.286;3421.377;1236.010;2349.075;2509.807;1741.254;1817.493;1.727;9.172;1280.376;1577.058;445.455;1995.656;1915.689;2585.831;952.950;1154.951;3597.829;2226.627;2716.020;1957.514;3041.211;2443.815;3562.076;482.790;973.991;1520.072;1834.567;2788.196;3334.429;2300.093;3596.955;2747.163;287.420;2141.360;2223.402;2798.898;3264.417;550.913;368.194;2889.818;0.737;3405.608,1392.384;3603.077;3599.818;515.859;3602.051;2824.498;493.257;2720.423;3597.957;2879.515;0.009;1900.726;1319.727;1.537;3602.598;3114.409;619.798;2372.165;1842.315;1334.906;1833.691;1926.732;3342.737;4.228;2467.401;1968.537;169.424;345.132;2568.717;3302.794;-3.077;1537.373;3596.586;1711.356;1117.422;997.653;-2.275;255.853;2335.808;2183.412;2114.961;1100.898;3390.444;3594.196;2238.433;2760.817;2887.179;1233.570;805.812;854.932;740.732;1597.465;-1.057;1245.370;2166.767;1504.315;2074.920;2610.933;3190.849;1113.336;626.555;1680.760;2543.595;326.350;377.188;1065.777;856.575;1691.706;2322.798;1121.099;3600.651;2915.396;2123.135;1362.960;1.358;2468.758;2632.016;1.267;3069.134;3260.741;2129.736;2835.468;3251.351;3373.866;1361.185;0.081;902.938;195.724;1603.844;1866.864;3085.568;3023.324;875.141;3597.541;288.715;1702.299;390.531;635.377;2.425;665.288
242,439.87935185432434,241,-560.641142614876,560.641142614876,0.12287533006049732,3364.158;3600.955;3245.312;2089.394;404.903;9.922;1305.936;1179.453;1425.217;1657.429;2383.161;1948.011;2970.377;3204.941;2301.163;1591.862;826.801;3574.039;1024.087;531.564;-1.555;3598.394;112.884;1017.583;3.196;470.184;1410.369;3596.133;751.393;3600.471;285.110;1096.055;854.193;3214.418;3584.419;687.089;1476.661;904.827;2872.892;2314.501;2.670;2735.498;2899.816;-3.432;1394.314;3166.770;3597.033;2362.963;0.138;1699.280;416.182;2081.088;622.350;5.643;1866.871;6.013;3007.705;3597.364;3416.881;1236.188;2350.857;2511.551;1736.250;1812.517;0.926;5.215;1279.818;1572.411;449.578;1999.904;1910.650;2590.849;949.179;1159.933;3596.173;2222.150;2719.864;1961.559;3040.092;2445.634;3566.569;487.644;974.333;1517.151;1830.300;2791.348;3338.974;2304.353;3600.263;2751.035;288.473;2146.012;2219.622;2793.843;3259.809;550.362;364.343;2894.574;-1.776;3407.958,1387.456;3598.717;3599.818;511.599;3597.424;2819.717;490.725;2715.636;3598.984;2882.757;-4.713;1900.402;1323.161;-2.447;3597.721;3119.475;623.826;2367.201;1845.171;1330.141;1828.642;1921.727;3337.696;6.201;2462.605;1973.454;164.690;349.660;2564.430;3298.228;1.715;1538.885;3597.922;1713.628;1122.456;999.203;0.562;260.697;2330.933;2185.007;2112.076;1096.082;3395.234;3598.944;2235.000;2765.879;2891.619;1237.922;806.635;850.559;735.846;1602.031;-2.839;1240.592;2164.813;1499.532;2074.469;2615.429;3195.758;1116.614;629.059;1675.706;2548.602;324.389;373.021;1070.381;853.668;1696.720;2320.566;1125.455;3596.606;2910.842;2126.638;1359.895;-3.562;2465.097;2635.985;4.494;3066.368;3256.120;2133.922;2840.243;3254.559;3378.579;1356.271;-2.870;898.429;199.675;1608.619;1862.510;3090.474;3019.110;870.109;3600.712;284.505;1697.863;389.474;640.412;3.629;669.033
243,441.757381439209,242,-560.5768280372436,560.5768280372436,0.14812011880646297,3369.149;3600.590;3250.234;2093.042;399.917;14.799;1310.608;1184.431;1428.586;1661.468;2379.774;1947.448;2965.673;3209.720;2302.099;1586.959;822.615;3577.411;1024.756;526.801;3.128;3603.258;116.806;1014.812;-1.573;465.294;1414.959;3592.545;746.575;3605.282;289.693;1100.925;850.800;3210.845;3579.604;682.187;1480.162;903.530;2870.676;2312.149;0.927;2740.479;2894.827;1.300;1395.012;3169.155;3592.537;2367.445;1.914;1703.708;421.079;2076.223;622.486;0.693;1868.460;10.636;3004.935;3595.998;3412.669;1231.524;2346.162;2516.388;1731.820;1808.021;3.839;7.996;1284.581;1567.775;445.792;1995.924;1914.976;2595.533;944.215;1161.800;3596.721;2225.687;2722.190;1957.163;3035.560;2450.538;3562.305;492.298;969.988;1512.234;1834.798;2786.589;3337.676;2308.906;3602.911;2755.994;283.792;2142.708;2219.446;2797.121;3254.819;555.138;360.751;2893.724;2.025;3412.845,1382.441;3602.214;3596.046;514.924;3601.416;2814.743;485.867;2713.969;3600.968;2878.219;0.138;1905.139;1328.106;1.644;3600.642;3124.491;620.026;2362.187;1850.034;1325.286;1823.630;1923.959;3335.206;4.113;2466.955;1969.102;169.066;352.011;2559.707;3295.314;1.037;1534.134;3602.790;1718.409;1119.521;1004.088;-4.060;265.393;2335.148;2181.879;2116.648;1091.083;3399.521;3597.200;2230.085;2770.532;2894.055;1242.910;801.960;852.012;739.032;1606.968;1.907;1244.996;2165.912;1499.795;2070.875;2618.784;3200.479;1116.061;624.424;1670.843;2551.789;329.057;368.326;1066.179;848.771;1700.658;2315.706;1123.070;3592.493;2906.468;2127.140;1354.960;1.104;2469.688;2634.522;5.138;3061.614;3251.122;2132.502;2838.205;3259.504;3374.558;1355.523;1.972;893.433;196.296;1610.298;1864.427;3093.794;3022.598;874.476;3605.255;284.959;1701.292;394.150;638.181;-0.913;673.499
244,443.4601037502289,243,-560.5755499489917,560.5755499489917,0.08943835205908807,3365.442;3598.325;3255.195;2088.300;403.188;11.078;1314.157;1184.982;1433.251;1657.159;2382.945;1952.089;2970.267;3206.806;2306.337;1590.486;819.801;3576.544;1019.991;527.496;0.920;3598.654;112.087;1015.395;3.111;469.241;1411.149;3596.937;746.820;3600.569;288.283;1105.219;854.839;3206.418;3584.224;686.362;1475.630;908.176;2875.161;2307.274;-3.729;2736.171;2893.479;1.229;1390.167;3165.385;3596.024;2370.378;-2.554;1700.851;416.916;2080.083;619.036;3.877;1872.640;6.091;3009.415;3598.527;3407.786;1226.730;2349.054;2515.945;1735.568;1812.169;-0.440;3.807;1282.722;1564.636;449.310;2000.467;1918.216;2599.524;946.124;1166.058;3592.286;2230.492;2726.941;1954.261;3030.799;2446.713;3566.495;488.401;969.510;1510.119;1830.204;2783.575;3333.065;2313.786;3598.085;2760.618;288.504;2142.629;2214.843;2801.382;3258.460;551.234;356.628;2897.385;-1.876;3413.307,1385.361;3598.378;3598.863;517.873;3596.932;2818.510;489.238;2718.738;3597.487;2880.362;0.913;1900.746;1324.230;1.623;3601.642;3120.146;616.813;2358.842;1854.936;1322.162;1826.289;1919.224;3336.930;6.993;2470.053;1966.036;172.348;352.661;2558.311;3291.030;4.196;1538.043;3598.255;1723.346;1114.978;1002.500;0.456;261.476;2332.780;2177.013;2121.599;1088.128;3404.335;3594.259;2225.127;2772.802;2897.523;1246.209;797.009;856.846;743.919;1605.874;6.462;1242.659;2170.765;1504.468;2075.628;2614.032;3201.082;1111.363;620.288;1666.667;2547.050;324.553;367.434;1069.781;844.322;1696.368;2310.746;1118.578;3591.671;2901.729;2122.476;1359.591;-1.067;2474.592;2629.665;0.808;3065.955;3255.199;2132.659;2838.079;3258.422;3378.303;1351.050;2.014;896.981;191.879;1605.587;1869.293;3089.978;3027.374;870.768;3600.474;289.783;1701.032;396.989;642.583;-3.446;673.724
245,445.30546855926514,244,-560.5313452873952,560.5313452873952,0.12577639598168447,3361.757;3602.921;3259.991;2083.490;399.053;10.290;1318.939;1189.577;1430.003;1658.814;2378.250;1950.171;2974.311;3211.429;2301.798;1587.875;814.971;3581.229;1024.001;527.648;-3.670;3601.291;110.123;1010.783;2.635;473.436;1415.201;3592.972;742.392;3602.022;292.540;1109.657;859.601;3201.618;3588.363;688.786;1470.877;906.483;2878.791;2303.118;1.002;2739.290;2888.760;-0.028;1390.891;3160.521;3592.833;2375.221;1.844;1705.538;416.439;2076.632;623.531;-0.702;1877.512;1.320;3004.912;3594.744;3403.055;1222.122;2347.524;2520.638;1731.979;1816.641;-3.450;8.318;1277.922;1559.787;450.443;1996.944;1923.053;2604.404;948.392;1163.156;3596.902;2231.625;2727.140;1958.834;3025.891;2441.892;3565.952;484.498;964.762;1507.313;1827.448;2780.550;3337.528;2318.654;3600.318;2765.500;289.803;2147.419;2211.151;2806.271;3253.974;547.615;361.100;2892.847;2.532;3416.720,1387.093;3602.200;3594.744;522.702;3600.465;2814.096;484.889;2721.477;3602.053;2875.804;-1.339;1902.580;1320.693;-2.999;3597.611;3119.144;620.636;2363.275;1852.572;1320.967;1831.023;1917.981;3340.830;11.744;2468.986;1961.726;176.220;356.741;2563.016;3286.140;7.691;1542.755;3599.850;1726.597;1119.068;998.130;-1.796;264.295;2334.800;2181.625;2125.098;1083.437;3400.140;3589.439;2221.546;2777.149;2892.793;1242.662;798.714;853.822;746.114;1603.181;2.796;1246.891;2166.933;1509.225;2078.818;2612.495;3205.722;1108.774;615.402;1661.793;2547.451;321.276;362.641;1065.877;839.425;1695.840;2305.823;1122.795;3586.877;2902.568;2117.569;1362.372;3.174;2479.398;2630.401;-4.036;3070.796;3260.009;2128.708;2842.849;3257.992;3377.628;1354.214;4.236;893.631;187.067;1605.009;1867.978;3085.109;3023.280;875.342;3600.258;291.863;1705.805;401.826;644.527;-0.057;678.515
246,447.17220544815063,245,-560.495269670224,560.495269670224,0.14030016507608709,3365.811;3598.929;3257.466;2079.022;395.652;14.863;1314.749;1193.818;1425.198;1663.570;2376.640;1949.680;2970.140;3216.036;2296.992;1583.520;813.723;3585.900;1028.600;532.354;1.004;3597.244;110.863;1015.283;1.607;468.959;1419.367;3596.471;737.628;3598.118;297.384;1114.315;855.198;3205.697;3592.755;684.237;1474.929;901.731;2874.360;2307.520;1.254;2743.554;2891.307;-4.652;1387.711;3155.974;3597.460;2379.210;-0.530;1709.759;412.923;2072.499;628.329;3.285;1874.470;0.785;3000.606;3589.952;3398.697;1226.114;2352.012;2522.963;1729.632;1812.242;1.266;4.086;1281.146;1563.650;454.838;1998.312;1927.870;2602.112;943.704;1164.422;3600.039;2227.151;2731.486;1963.691;3023.248;2445.325;3569.758;483.764;969.170;1502.556;1823.965;2785.181;3337.840;2318.722;3595.842;2767.389;291.356;2151.979;2206.505;2802.290;3249.322;551.673;357.526;2896.274;0.744;3421.473,1382.450;3599.505;3590.062;520.946;3604.878;2809.475;480.128;2717.229;3597.670;2879.963;1.994;1901.777;1325.088;1.383;3600.591;3122.736;615.993;2366.832;1848.518;1317.287;1833.283;1920.865;3336.163;7.220;2472.445;1956.993;174.821;352.407;2560.615;3284.818;3.154;1547.375;3603.851;1722.545;1123.732;1001.675;1.857;268.901;2330.148;2185.254;2121.270;1084.119;3404.079;3584.834;2217.568;2772.832;2892.336;1238.037;802.105;850.239;744.673;1607.743;-1.649;1251.710;2163.947;1505.364;2082.906;2616.651;3209.846;1104.206;611.261;1657.192;2551.485;325.151;363.584;1061.947;835.195;1700.334;2308.418;1127.505;3587.737;2897.940;2122.206;1357.953;6.986;2475.986;2626.132;0.555;3075.084;3261.549;2132.890;2846.322;3262.605;3381.738;1349.614;8.744;888.865;182.246;1609.170;1865.482;3089.582;3024.780;878.942;3603.756;288.551;1710.213;405.829;649.257;-4.657;679.617
247,449.07013726234436,246,-560.4994847830436,560.4994847830436,0.07649253004191223,3369.920;3599.330;3261.277;2078.683;395.701;12.514;1315.500;1189.320;1421.327;1668.271;2379.952;1954.369;2973.969;3218.525;2292.425;1579.148;814.051;3584.407;1026.562;530.578;0.087;3599.341;106.715;1018.493;-0.885;468.416;1416.452;3599.815;735.632;3601.752;301.507;1119.131;855.447;3202.482;3594.215;680.670;1474.872;899.155;2870.020;2304.665;-0.547;2739.233;2890.061;-0.117;1384.267;3159.826;3600.227;2383.278;-0.993;1713.865;408.155;2076.829;631.147;1.222;1877.565;-3.483;3004.380;3594.166;3393.894;1227.935;2356.639;2524.295;1734.022;1810.550;0.963;4.728;1285.014;1559.529;459.290;1999.953;1932.692;2604.644;942.574;1163.710;3596.266;2222.357;2728.525;1963.607;3019.204;2441.698;3574.530;479.270;966.832;1497.937;1819.406;2786.003;3341.829;2323.361;3598.946;2762.802;296.042;2156.156;2201.689;2801.918;3250.851;547.728;353.822;2898.111;-3.453;3426.294,1384.209;3599.283;3585.387;521.567;3600.362;2810.777;482.039;2712.476;3599.254;2884.755;1.515;1897.981;1321.514;-0.333;3596.374;3119.835;618.913;2371.577;1844.011;1312.556;1830.367;1918.522;3337.348;7.568;2468.014;1952.176;172.199;355.569;2562.445;3280.104;2.151;1545.944;3599.269;1725.446;1128.431;997.090;1.024;272.457;2325.516;2189.574;2124.996;1083.975;3408.864;3587.283;2213.111;2773.674;2895.903;1241.394;798.249;854.469;739.996;1606.126;2.404;1248.844;2165.805;1508.498;2084.272;2618.060;3214.549;1107.785;607.511;1652.568;2555.256;320.736;362.436;1065.689;839.245;1705.059;2310.058;1130.407;3583.443;2900.840;2121.107;1360.088;2.950;2471.633;2621.336;3.944;3075.747;3265.387;2137.680;2850.325;3258.180;3386.530;1350.844;6.582;884.831;179.052;1613.943;1860.747;3093.110;3021.485;877.342;3599.482;284.164;1708.788;402.436;654.077;-0.212;680.501
248,450.7870409488678,247,-560.5820665037375,560.5820665037375,0.16580168902686074,3374.654;3603.909;3265.377;2083.053;399.885;16.482;1320.014;1192.571;1424.146;1664.019;2384.622;1956.766;2969.993;3214.283;2295.737;1583.058;809.401;3579.967;1030.824;532.397;-2.877;3603.873;102.111;1019.306;3.610;471.641;1412.378;3604.530;740.236;3598.217;297.479;1115.053;859.004;3205.851;3590.419;681.355;1477.470;902.894;2868.234;2308.813;3.899;2736.835;2893.958;1.867;1379.553;3158.711;3601.432;2387.938;-2.691;1713.258;412.226;2074.615;635.278;-2.083;1873.210;1.116;3005.154;3594.437;3389.980;1223.488;2361.408;2519.865;1738.760;1806.801;-0.776;7.643;1285.310;1555.771;454.860;1995.821;1929.420;2605.952;938.104;1159.129;3599.128;2226.320;2724.329;1959.269;3014.468;2445.361;3571.257;475.128;968.604;1500.194;1822.992;2781.395;3345.740;2322.111;3596.935;2765.413;292.723;2152.235;2196.976;2805.036;3253.394;543.395;356.231;2893.684;1.012;3424.940,1379.910;3603.880;3580.616;517.042;3598.512;2814.149;486.522;2715.405;3603.860;2888.722;-3.113;1902.583;1325.376;1.228;3600.924;3115.153;616.886;2369.070;1848.359;1307.799;1825.706;1913.854;3336.764;3.027;2472.435;1947.405;176.822;351.136;2557.860;3283.629;-2.451;1541.350;3600.011;1725.122;1125.068;1000.357;-3.408;277.151;2323.039;2192.281;2123.765;1087.042;3412.940;3586.515;2208.359;2778.329;2892.299;1246.060;793.514;854.526;744.045;1610.033;1.568;1253.041;2169.741;1504.837;2088.867;2613.455;3216.765;1103.208;611.154;1649.055;2550.897;323.598;366.831;1062.629;839.296;1708.876;2314.668;1126.361;3578.704;2896.465;2125.620;1357.848;3.113;2467.368;2618.111;1.248;3071.393;3261.186;2141.117;2846.295;3254.335;3382.619;1347.192;2.035;880.518;174.891;1612.031;1864.409;3097.260;3026.038;873.159;3602.161;288.671;1713.055;398.194;655.066;-1.653;676.106
249,452.6422917842865,248,-560.4363338440462,560.4363338440462,0.10828581669199644,3379.285;3599.532;3267.833;2087.350;398.214;13.022;1324.729;1197.114;1428.390;1659.907;2380.358;1952.996;2965.386;3216.597;2294.658;1579.032;809.954;3583.303;1035.512;533.458;1.425;3599.467;106.177;1015.433;5.324;476.295;1413.655;3600.138;737.813;3601.786;293.833;1115.780;863.681;3209.634;3585.831;685.887;1473.253;898.517;2872.255;2304.546;3.987;2741.174;2892.186;1.545;1382.642;3163.211;3596.921;2391.528;1.878;1711.946;416.551;2076.209;631.521;2.278;1877.296;2.329;3009.511;3598.888;3385.477;1218.805;2365.093;2524.144;1741.630;1802.117;3.124;10.757;1280.782;1551.143;456.513;1991.120;1928.766;2610.332;940.660;1154.412;3603.778;2229.699;2719.626;1960.848;3010.547;2441.773;3568.489;470.469;964.035;1504.815;1820.345;2776.727;3350.431;2325.253;3595.532;2766.001;288.801;2156.211;2200.122;2808.321;3257.897;538.686;360.873;2889.015;0.792;3420.673,1375.795;3599.538;3584.373;513.955;3598.567;2818.646;491.237;2719.899;3599.720;2893.374;1.280;1898.853;1328.244;4.403;3598.472;3110.613;612.254;2365.390;1852.326;1305.454;1827.128;1912.952;3332.318;-1.692;2476.187;1942.690;181.541;346.448;2557.476;3288.027;1.499;1536.630;3603.561;1720.514;1122.234;1004.208;1.002;273.801;2327.354;2188.873;2126.932;1091.682;3409.597;3591.057;2203.760;2783.054;2887.633;1250.468;788.832;853.579;748.679;1614.694;-2.912;1257.442;2174.422;1501.234;2093.577;2608.987;3221.100;1098.633;615.699;1645.117;2546.221;325.328;371.535;1057.991;836.346;1713.514;2312.932;1130.457;3582.991;2891.757;2130.186;1353.378;6.670;2471.785;2613.458;-3.245;3066.683;3264.283;2137.454;2841.601;3249.648;3377.949;1342.519;-2.679;876.157;178.843;1608.847;1869.079;3101.876;3026.361;868.598;3598.217;293.264;1717.709;393.552;650.577;1.493;671.393
250,454.5199558734894,249,-560.5049648761418,560.5049648761418,0.06709679379021137,3383.940;3598.431;3263.378;2088.646;402.724;8.654;1326.510;1201.421;1424.070;1663.706;2384.719;1948.471;2961.528;3220.996;2290.137;1574.853;813.156;3578.980;1040.149;537.920;2.509;3595.549;110.817;1019.413;9.841;478.103;1409.114;3600.368;733.220;3597.901;289.297;1111.408;863.888;3213.874;3581.162;689.045;1477.718;893.915;2876.904;2305.264;-0.113;2745.822;2896.704;-2.796;1379.571;3167.880;3598.550;2387.064;6.231;1716.453;419.004;2080.786;626.891;4.292;1875.623;-0.997;3005.989;3600.396;3381.051;1219.536;2361.526;2528.801;1745.559;1797.437;1.227;6.455;1276.482;1546.479;452.213;1986.441;1932.441;2614.865;939.543;1158.212;3599.396;2225.701;2714.944;1964.546;3005.979;2438.469;3572.980;470.247;959.577;1505.817;1824.851;2773.855;3347.523;2320.850;3600.054;2761.492;284.170;2160.507;2204.452;2803.851;3254.197;534.931;364.060;2891.842;3.338;3424.487,1380.014;3600.041;3588.066;509.354;3602.932;2822.655;493.500;2720.270;3598.646;2898.043;4.099;1901.781;1327.266;0.243;3598.544;3109.903;612.287;2368.361;1856.529;1301.312;1823.167;1915.588;3336.738;1.308;2478.809;1938.657;178.404;350.773;2553.004;3292.319;-1.223;1532.490;3599.249;1716.405;1117.665;1006.356;4.292;269.544;2330.206;2184.350;2123.394;1095.856;3411.132;3595.061;2204.765;2786.134;2887.002;1246.690;787.370;858.079;750.797;1619.365;1.361;1255.804;2176.862;1505.404;2094.935;2611.214;3216.839;1096.653;618.947;1649.444;2543.279;329.357;374.415;1053.606;838.952;1709.673;2313.797;1133.232;3587.013;2887.602;2132.654;1349.501;2.458;2474.893;2609.440;1.004;3062.196;3268.570;2141.603;2843.770;3245.053;3374.123;1346.619;1.547;871.517;174.443;1610.811;1866.584;3098.434;3029.795;863.927;3600.054;289.034;1721.685;388.919;648.378;-1.876;669.131
251,456.22149324417114,250,-560.6663419815012,560.6663419815012,0.1427944254686782,3382.500;3599.831;3263.167;2092.679;407.135;4.093;1330.152;1204.742;1428.121;1659.807;2385.251;1948.431;2956.940;3217.871;2293.979;1578.877;815.372;3581.612;1036.111;542.477;1.051;3595.368;107.096;1015.047;6.020;482.614;1410.868;3603.296;736.615;3596.024;293.473;1115.703;868.084;3218.459;3585.367;693.597;1475.515;895.183;2878.125;2307.626;-4.471;2745.482;2892.606;1.515;1375.173;3169.208;3597.602;2382.883;3.342;1721.076;414.996;2076.954;625.817;0.155;1872.074;1.236;3002.015;3596.031;3383.013;1215.340;2364.802;2532.806;1750.154;1797.927;-3.301;6.773;1271.864;1542.252;447.614;1988.809;1937.000;2619.466;943.961;1153.828;3600.818;2229.475;2710.311;1960.160;3008.532;2434.783;3575.467;474.316;957.961;1501.354;1824.074;2777.704;3351.887;2320.976;3604.222;2763.796;283.004;2156.582;2208.829;2808.119;3257.960;530.356;368.443;2887.740;-0.701;3420.156,1383.287;3599.420;3591.610;506.137;3598.668;2827.237;497.419;2724.254;3602.683;2894.686;5.516;1902.012;1322.890;3.564;3602.789;3114.229;614.876;2364.444;1861.142;1305.199;1818.576;1911.120;3339.440;-1.694;2477.953;1941.251;175.269;354.849;2549.090;3296.936;1.397;1536.501;3598.028;1716.899;1113.959;1002.075;4.090;269.741;2334.766;2179.751;2127.677;1100.411;3407.345;3599.665;2209.208;2782.177;2885.566;1248.888;790.177;862.115;747.123;1619.778;-0.291;1260.016;2181.402;1509.542;2091.965;2612.167;3212.229;1099.228;614.964;1653.268;2538.961;333.347;378.972;1055.956;834.688;1705.460;2318.311;1128.943;3591.099;2886.449;2132.147;1353.208;-2.076;2472.684;2605.589;1.247;3064.011;3264.671;2141.977;2840.206;3241.693;3377.258;1343.707;3.144;875.331;169.847;1606.378;1866.817;3094.272;3034.375;859.697;3604.471;284.511;1718.602;386.204;652.103;2.377;664.617
252,458.06643748283386,251,-560.7208021392861,560.7208021392861,0.10546802856224426,3386.180;3597.903;3258.710;2088.719;405.795;-0.491;1326.098;1201.279;1431.349;1655.445;2389.006;1952.881;2953.407;3213.345;2293.642;1583.347;819.866;3586.113;1034.205;546.891;5.249;3595.806;108.932;1013.774;10.247;483.312;1409.397;3598.953;737.847;3599.007;290.859;1111.527;863.857;3222.961;3589.624;689.651;1478.900;893.400;2873.662;2311.553;-0.078;2742.046;2890.029;-0.111;1372.768;3173.641;3597.465;2378.822;-0.170;1719.588;419.082;2076.600;629.857;-3.675;1876.278;2.091;3006.392;3599.882;3386.756;1218.742;2369.253;2537.269;1750.781;1795.234;0.828;2.355;1275.388;1538.068;445.549;1985.337;1940.779;2624.030;941.030;1157.902;3603.705;2225.374;2707.550;1957.586;3013.036;2430.247;3575.230;478.814;961.573;1497.051;1828.063;2773.826;3350.426;2316.622;3599.874;2764.015;278.778;2159.479;2213.166;2805.829;3262.508;526.327;373.006;2890.599;2.943;3419.879,1382.326;3603.570;3596.110;510.426;3599.485;2826.904;493.132;2720.142;3598.736;2890.575;1.164;1897.654;1326.423;-0.377;3598.443;3112.259;619.385;2368.600;1860.078;1302.351;1820.122;1910.590;3341.919;2.433;2473.478;1945.051;170.780;357.120;2548.580;3299.423;-1.921;1537.237;3598.405;1712.971;1117.014;1000.993;-0.277;274.185;2331.306;2182.377;2124.332;1098.559;3411.481;3598.928;2208.160;2777.651;2889.922;1246.346;794.458;857.826;744.098;1617.216;-3.457;1264.347;2177.685;1505.947;2096.223;2616.607;3212.696;1103.733;610.627;1648.991;2542.757;329.105;377.738;1051.567;838.183;1709.421;2321.164;1124.896;3595.375;2882.773;2134.001;1357.753;2.084;2477.013;2607.814;3.106;3068.249;3268.487;2138.032;2837.337;3245.961;3381.772;1347.736;7.318;874.421;173.173;1606.555;1865.432;3094.428;3031.185;857.276;3600.203;279.997;1714.354;389.762;656.090;0.731;668.365
253,459.93568682670593,252,-560.7234112484343,560.7234112484343,0.15732584570151367,3390.677;3593.477;3256.684;2088.631;407.401;-4.216;1329.836;1204.933;1431.528;1658.256;2392.697;1949.482;2957.447;3209.147;2289.318;1580.298;819.310;3582.152;1037.798;551.337;9.227;3600.200;109.906;1009.879;13.937;479.494;1413.052;3598.264;734.139;3603.483;286.490;1107.127;864.006;3226.270;3588.544;689.478;1475.447;889.270;2869.660;2307.945;-2.288;2738.920;2886.419;-3.529;1368.309;3177.892;3601.725;2381.814;-0.402;1715.357;423.598;2075.666;625.939;0.606;1880.418;-1.234;3010.912;3604.380;3390.226;1223.157;2373.772;2536.429;1750.838;1792.235;-0.478;-1.333;1271.795;1533.665;441.102;1989.156;1945.282;2628.376;944.615;1162.117;3599.462;2228.537;2703.106;1961.876;3013.206;2427.891;3570.841;483.313;957.472;1499.596;1831.374;2770.923;3346.370;2312.454;3602.723;2768.389;282.321;2155.945;2208.858;2806.764;3264.675;529.966;369.365;2887.765;6.679;3420.860,1386.705;3599.493;3595.987;512.692;3602.243;2822.710;492.098;2716.422;3596.599;2887.442;-2.621;1896.803;1330.805;-2.086;3598.166;3115.063;619.472;2373.076;1863.486;1306.015;1824.125;1914.832;3346.381;4.474;2475.552;1949.531;166.503;360.952;2544.178;3301.734;2.322;1541.530;3601.355;1708.648;1119.133;997.151;-4.024;271.858;2333.827;2178.998;2120.031;1094.193;3414.662;3595.284;2212.416;2775.554;2893.760;1243.373;798.981;860.407;747.099;1617.904;0.857;1260.083;2173.385;1502.381;2092.779;2613.256;3209.150;1107.726;606.102;1647.106;2546.971;324.591;375.043;1054.854;834.328;1711.062;2325.320;1128.326;3594.883;2878.293;2129.959;1358.356;4.727;2478.734;2611.799;6.416;3072.645;3271.977;2141.987;2840.530;3245.608;3386.115;1345.675;11.413;872.409;174.672;1609.697;1861.136;3098.691;3032.534;852.820;3600.063;275.817;1710.416;394.044;659.741;-3.132;672.568
254,461.6308009624481,253,-560.6149424489682,560.6149424489682,0.05829300501720617,3393.801;3594.970;3259.150;2092.770;403.407;0.075;1333.514;1209.386;1434.037;1662.135;2396.223;1945.036;2954.501;3212.799;2284.852;1575.875;823.648;3585.592;1042.239;547.830;5.184;3601.206;114.053;1013.642;9.842;479.239;1409.278;3599.807;733.358;3599.355;289.170;1103.168;867.856;3226.630;3591.796;692.634;1472.152;884.809;2870.665;2303.492;1.669;2743.211;2882.133;0.659;1364.623;3176.980;3597.386;2378.812;-0.314;1719.298;421.901;2079.762;621.691;1.340;1884.895;3.072;3008.778;3600.302;3394.663;1219.054;2370.164;2540.734;1746.513;1788.423;2.095;2.524;1268.454;1529.370;440.738;1987.078;1948.835;2632.577;943.851;1166.278;3600.489;2232.783;2706.023;1960.336;3016.782;2431.699;3572.033;480.601;953.202;1503.970;1835.454;2766.712;3346.629;2309.040;3599.067;2771.023;282.491;2159.470;2209.673;2803.232;3260.785;528.650;372.911;2883.378;3.009;3424.654,1384.119;3603.043;3593.938;510.938;3598.040;2818.280;490.923;2720.523;3599.746;2891.194;1.588;1892.418;1335.268;2.277;3601.925;3110.748;617.219;2369.176;1867.921;1302.685;1821.140;1910.747;3350.557;0.439;2479.558;1947.017;169.871;365.073;2539.964;3303.997;-0.738;1537.742;3597.227;1705.131;1114.823;1001.475;0.255;267.822;2338.127;2174.861;2124.090;1089.989;3411.044;3591.690;2208.755;2772.031;2889.643;1246.807;795.083;856.212;751.520;1622.288;0.898;1261.148;2177.187;1506.216;2096.785;2615.742;3213.101;1103.821;609.308;1649.963;2543.202;327.377;379.135;1054.542;829.878;1712.597;2321.591;1125.015;3591.760;2881.494;2134.277;1354.081;2.853;2482.842;2616.269;2.165;3069.768;3272.719;2137.940;2837.413;3243.027;3389.341;1348.812;7.398;868.149;170.573;1605.540;1865.233;3095.401;3036.831;856.046;3601.329;276.469;1712.444;398.527;655.483;0.669;672.196
255,463.46382212638855,254,-560.7604598718599,560.7604598718599,0.11861510947719736,3389.600;3599.267;3262.969;2089.264;407.614;-1.364;1329.995;1208.225;1429.937;1658.048;2394.363;1947.997;2955.622;3209.136;2288.622;1579.663;819.823;3583.674;1039.529;551.717;2.006;3597.066;110.097;1013.643;5.877;483.208;1405.765;3604.061;737.659;3598.705;285.297;1104.339;864.527;3222.810;3596.170;691.489;1476.164;888.471;2874.796;2307.476;1.836;2744.341;2885.567;2.688;1360.226;3172.727;3595.119;2382.585;4.023;1716.055;417.652;2076.013;619.623;5.123;1881.031;-0.935;3011.627;3600.492;3396.588;1222.520;2369.452;2538.969;1750.522;1792.653;-1.379;-1.597;1264.059;1525.361;437.701;1982.720;1952.008;2628.835;944.451;1163.606;3596.544;2233.616;2710.345;1963.867;3013.603;2429.351;3576.317;483.298;956.631;1502.681;1831.596;2770.510;3350.902;2304.661;3601.873;2767.092;278.344;2155.297;2212.072;2807.250;3264.211;531.907;376.590;2887.319;-1.397;3426.166,1387.504;3599.101;3598.216;513.821;3596.344;2820.818;494.210;2718.445;3604.075;2888.700;1.032;1895.696;1331.731;1.938;3598.179;3114.694;621.428;2367.820;1864.006;1306.765;1825.385;1912.646;3354.261;-3.990;2475.745;1945.276;173.406;361.299;2537.077;3307.914;1.129;1540.179;3593.021;1700.942;1115.879;999.562;-0.988;268.409;2334.931;2177.392;2120.122;1093.683;3406.638;3595.724;2212.231;2768.550;2885.996;1242.501;795.304;853.162;748.129;1619.249;-1.070;1258.975;2179.149;1504.573;2094.132;2620.110;3211.569;1099.679;613.455;1654.345;2546.864;331.660;379.168;1058.787;832.220;1716.933;2325.819;1128.822;3595.841;2882.154;2138.261;1349.646;-1.468;2478.931;2612.969;-2.207;3073.926;3268.994;2133.845;2841.609;3247.054;3385.125;1346.632;7.435;872.358;174.075;1606.583;1867.093;3096.451;3036.365;854.857;3597.516;280.742;1710.033;398.208;651.136;0.885;668.252
256,465.31714940071106,255,-560.7236019634515,560.7236019634515,0.08854535267726402,3389.727;3603.661;3263.905;2093.409;406.569;2.150;1326.081;1212.064;1425.552;1659.181;2390.051;1951.274;2951.523;3209.914;2290.554;1578.002;816.633;3587.694;1038.382;551.754;-0.073;3600.798;110.429;1016.206;2.374;480.232;1409.111;3599.927;735.577;3600.579;285.115;1100.708;863.901;3226.329;3594.889;688.979;1480.490;891.403;2873.924;2311.802;2.747;2748.569;2882.467;0.995;1356.048;3168.573;3593.253;2379.160;2.968;1714.993;415.149;2071.695;623.649;1.702;1877.179;0.880;3007.883;3600.722;3394.197;1225.329;2365.550;2542.899;1753.737;1795.151;2.469;1.893;1260.054;1528.231;437.374;1978.357;1956.242;2624.889;940.213;1165.652;3598.051;2229.968;2714.569;1961.475;3017.322;2425.050;3573.691;486.401;960.414;1499.131;1835.540;2767.070;3352.566;2308.380;3598.048;2763.226;274.326;2154.935;2214.471;2809.484;3264.435;536.186;378.879;2884.778;-0.276;3430.472,1391.854;3597.411;3596.117;517.667;3600.364;2821.182;490.069;2714.223;3599.903;2892.861;-2.847;1899.502;1327.419;-1.903;3601.310;3111.882;623.443;2371.476;1861.010;1311.118;1829.565;1909.188;3357.826;-0.038;2471.375;1949.436;169.393;365.347;2533.329;3303.929;-0.700;1536.688;3589.774;1705.176;1112.200;996.266;1.831;272.674;2330.655;2173.992;2122.779;1097.670;3405.677;3600.095;2216.418;2764.191;2882.040;1238.110;799.467;856.779;743.792;1615.319;2.943;1254.901;2183.357;1503.897;2092.769;2619.474;3215.069;1099.225;610.601;1658.625;2550.693;335.080;375.479;1062.119;833.585;1720.804;2327.281;1129.676;3597.626;2886.440;2135.547;1352.945;-1.134;2474.824;2615.263;1.447;3072.528;3273.046;2137.476;2845.979;3251.171;3381.923;1350.821;11.463;870.555;172.639;1602.322;1863.068;3100.685;3034.187;850.836;3600.250;281.652;1705.710;402.446;652.204;-3.032;664.608
257,467.19417452812195,256,-560.695030600946,560.695030600946,0.14087285035947747,3385.735;3599.660;3268.152;2089.420;402.320;1.788;1322.923;1208.325;1421.950;1658.543;2385.714;1954.855;2947.600;3213.912;2286.542;1574.488;820.570;3590.285;1036.440;548.907;-4.316;3598.621;113.547;1012.092;-1.833;483.960;1405.721;3599.008;732.113;3604.676;282.761;1101.099;859.713;3230.517;3599.100;684.700;1481.509;888.957;2869.690;2309.916;-1.284;2746.733;2878.240;-2.654;1358.656;3171.613;3597.188;2376.768;0.429;1718.925;410.870;2074.235;627.978;5.478;1880.043;-0.789;3005.712;3600.249;3389.925;1229.380;2369.617;2547.212;1752.522;1799.242;-0.311;-1.212;1263.654;1524.479;441.589;1974.069;1960.592;2625.970;943.821;1162.247;3597.305;2225.687;2718.818;1957.238;3021.645;2420.878;3576.614;490.567;963.954;1502.261;1832.200;2766.970;3356.583;2312.706;3601.077;2763.846;272.739;2158.182;2218.746;2805.598;3268.075;532.579;374.800;2885.090;3.479;3428.537,1389.213;3600.471;3595.888;521.950;3604.473;2816.983;493.174;2710.782;3601.404;2890.276;0.627;1896.001;1324.003;1.391;3598.397;3115.412;627.714;2373.259;1856.813;1314.998;1827.917;1912.705;3353.764;2.958;2467.027;1953.520;166.075;361.831;2537.523;3299.621;3.481;1539.925;3585.805;1702.346;1114.898;991.989;-1.609;275.746;2333.135;2178.103;2126.153;1093.966;3409.739;3603.099;2213.654;2764.266;2877.995;1239.823;799.403;853.053;739.583;1614.517;6.467;1250.573;2179.560;1508.103;2088.551;2623.481;3219.386;1103.416;606.327;1656.324;2554.983;331.043;371.167;1066.428;833.732;1723.912;2324.967;1133.805;3593.436;2889.361;2131.421;1356.114;1.835;2478.439;2619.541;5.001;3071.171;3277.265;2141.398;2849.400;3247.690;3385.665;1353.127;15.762;868.465;176.578;1605.140;1859.195;3097.359;3029.914;854.669;3603.142;285.672;1703.491;400.432;656.371;1.063;668.686
258,468.8910584449768,257,-560.6670408908021,560.6670408908021,0.14131961247580294,3381.823;3598.567;3264.560;2092.734;401.709;-2.141;1318.665;1204.059;1417.714;1662.609;2388.373;1955.873;2951.718;3210.059;2287.666;1577.918;824.620;3593.716;1040.139;551.807;-0.163;3596.217;117.761;1015.601;2.164;483.334;1401.466;3597.045;730.006;3600.584;278.555;1099.531;855.408;3226.706;3603.318;688.188;1477.764;887.575;2870.158;2306.365;2.232;2742.879;2874.501;1.457;1357.264;3169.965;3595.841;2372.710;-3.709;1714.986;413.005;2078.467;623.970;2.454;1880.023;3.090;3009.862;3601.596;3393.682;1232.932;2373.760;2543.500;1754.485;1803.541;-3.994;2.013;1267.114;1528.561;440.212;1976.172;1957.344;2621.906;947.898;1157.978;3601.474;2221.380;2723.126;1953.074;3023.238;2424.950;3578.660;494.623;968.037;1498.735;1829.227;2763.455;3352.569;2310.596;3603.790;2767.187;276.832;2154.648;2216.054;2801.511;3272.337;528.307;377.640;2882.074;-0.062;3432.628,1392.241;3604.580;3591.704;523.972;3600.484;2815.623;489.316;2706.641;3598.984;2886.598;-2.879;1891.776;1326.362;-1.828;3601.103;3112.738;626.748;2369.106;1857.259;1319.224;1831.691;1909.098;3355.611;5.329;2465.270;1957.819;166.636;360.188;2540.328;3297.696;5.405;1544.179;3581.521;1705.834;1110.750;987.786;1.810;272.125;2329.221;2182.162;2123.004;1096.951;3412.681;3598.948;2211.922;2760.171;2879.415;1236.166;803.507;851.900;741.660;1610.364;10.558;1246.361;2178.311;1505.275;2084.297;2627.691;3223.557;1107.705;602.548;1659.483;2559.031;326.999;367.387;1063.507;829.536;1719.827;2320.737;1136.528;3590.029;2888.433;2127.456;1360.232;6.058;2480.767;2619.354;8.738;3074.752;3273.337;2145.691;2852.732;3251.123;3387.110;1357.349;20.033;872.447;173.568;1601.749;1856.363;3093.233;3031.845;857.761;3598.988;281.838;1703.761;403.645;660.581;-1.429;671.633
259,470.73894000053406,258,-560.6896755823968,560.6896755823968,0.06912266256615798,3377.686;3598.927;3267.885;2089.550;404.308;1.674;1317.112;1200.170;1420.747;1659.054;2385.755;1960.019;2950.224;3207.828;2291.747;1582.073;821.853;3590.336;1037.184;555.576;1.087;3599.828;114.369;1011.706;0.296;479.186;1405.349;3593.644;734.109;3601.154;276.297;1100.195;857.476;3226.784;3599.693;685.267;1476.978;891.480;2867.806;2310.270;0.919;2746.385;2878.388;0.562;1354.634;3166.653;3592.453;2374.393;0.283;1718.085;409.839;2074.813;625.915;-1.603;1875.980;1.050;3007.743;3597.467;3392.679;1228.970;2376.160;2543.938;1757.888;1807.543;0.109;4.959;1270.491;1527.492;442.630;1974.549;1959.888;2622.183;950.195;1160.581;3598.777;2222.736;2722.305;1948.814;3019.467;2425.446;3582.788;490.623;972.009;1494.502;1829.771;2767.323;3356.049;2313.894;3599.735;2771.328;274.842;2151.478;2215.340;2797.401;3268.915;528.310;380.761;2885.696;-3.290;3434.077,1390.406;3600.510;3592.502;520.579;3597.476;2815.971;487.020;2710.508;3602.005;2882.360;0.814;1889.876;1330.506;2.100;3597.214;3113.049;629.552;2365.672;1860.977;1323.488;1828.591;1905.493;3354.388;8.111;2468.446;1960.149;170.798;364.249;2541.266;3298.739;9.271;1548.322;3584.955;1705.702;1110.994;989.460;-1.930;272.972;2332.681;2178.452;2126.925;1092.898;3416.487;3601.152;2216.028;2759.934;2878.043;1238.880;799.957;847.805;745.586;1613.405;6.851;1247.608;2181.865;1509.266;2087.653;2623.999;3220.511;1111.040;605.032;1656.781;2555.356;323.789;363.848;1060.258;825.731;1716.820;2316.994;1132.436;3591.645;2888.003;2123.224;1357.524;2.083;2484.817;2622.823;5.661;3078.966;3276.201;2143.020;2849.061;3252.488;3390.472;1353.897;18.229;875.192;171.057;1598.281;1857.525;3094.254;3035.698;860.754;3600.268;278.057;1699.913;407.619;664.673;2.395;667.653
260,472.6099224090576,259,-560.7480815594201,560.7480815594201,0.08788290710456584,3379.554;3601.087;3265.655;2091.572;408.235;2.304;1321.020;1195.964;1424.228;1655.053;2389.479;1963.958;2952.911;3210.237;2295.642;1583.572;821.025;3586.172;1033.016;551.705;-0.429;3596.095;110.193;1015.080;-2.891;474.968;1401.723;3589.575;738.254;3597.851;272.224;1104.313;854.390;3230.854;3597.668;681.117;1481.072;887.640;2863.698;2312.294;-1.881;2743.342;2882.589;-2.864;1358.659;3169.886;3596.104;2378.514;3.842;1715.276;411.560;2073.597;629.995;2.207;1879.312;4.320;3003.866;3598.598;3392.749;1226.570;2379.881;2540.372;1753.852;1803.619;1.210;0.986;1274.664;1523.869;438.795;1978.602;1956.108;2618.102;949.218;1156.758;3602.002;2219.979;2726.122;1945.387;3022.962;2428.880;3586.993;486.604;976.026;1493.833;1825.725;2771.524;3353.538;2312.325;3597.610;2775.536;278.849;2154.533;2211.430;2793.188;3269.237;527.658;376.934;2889.873;0.791;3437.918,1386.475;3600.768;3595.564;516.406;3599.320;2811.859;482.884;2707.099;3598.092;2878.561;-0.957;1892.869;1333.828;-0.909;3596.331;3116.833;625.559;2362.106;1857.340;1326.580;1832.052;1908.647;3350.269;4.392;2472.484;1964.269;170.881;368.444;2537.441;3300.207;12.287;1550.111;3589.067;1709.674;1115.044;993.537;0.029;277.092;2330.262;2176.548;2125.551;1092.857;3420.636;3599.234;2217.271;2758.938;2882.121;1236.704;801.591;851.048;749.465;1610.009;2.848;1243.687;2183.637;1505.415;2091.464;2626.294;3216.623;1112.549;609.082;1653.153;2555.757;327.738;359.671;1056.284;829.117;1720.831;2319.732;1134.822;3588.126;2892.110;2125.573;1353.400;-1.669;2488.231;2625.497;5.627;3077.379;3278.424;2139.387;2844.883;3256.616;3389.006;1350.071;17.403;871.149;172.552;1601.152;1853.531;3098.376;3032.365;856.706;3602.900;273.866;1697.412;405.178;668.888;1.701;664.594
261,474.4955949783325,260,-560.784906091792,560.784906091792,0.10225518602261319,3378.329;3605.069;3269.437;2087.706;404.584;3.819;1324.870;1195.614;1420.485;1652.439;2393.121;1961.668;2956.827;3214.341;2293.631;1587.150;816.954;3582.033;1032.622;547.555;-4.019;3599.046;106.114;1018.932;1.097;470.962;1398.416;3593.322;737.395;3597.455;276.204;1106.682;858.114;3231.602;3593.964;684.011;1483.431;890.973;2865.489;2308.996;2.154;2739.494;2886.744;1.071;1359.568;3165.968;3600.254;2382.657;6.559;1713.992;415.650;2076.574;633.448;-1.243;1877.932;0.892;3006.781;3602.068;3389.061;1222.490;2383.770;2539.151;1749.815;1803.785;-0.024;3.457;1277.216;1524.998;434.968;1981.105;1957.199;2616.362;945.168;1154.614;3598.104;2223.678;2727.483;1949.333;3019.185;2426.263;3588.175;482.665;972.366;1497.838;1822.771;2771.973;3349.524;2308.643;3597.972;2779.163;283.016;2158.655;2207.271;2789.415;3265.170;529.948;372.789;2893.402;-1.578;3442.078,1390.083;3600.115;3599.694;516.427;3600.678;2814.483;486.246;2707.875;3599.065;2881.244;2.703;1896.987;1330.540;-0.703;3600.188;3120.013;621.986;2365.788;1853.914;1327.978;1836.194;1912.698;3352.623;0.252;2476.652;1960.956;174.821;365.918;2533.575;3300.402;8.266;1553.685;3592.765;1707.801;1112.446;990.429;0.080;273.793;2326.194;2180.244;2121.633;1091.586;3416.787;3596.922;2213.584;2762.994;2878.426;1239.942;799.120;854.948;753.582;1613.476;5.857;1239.668;2182.858;1508.635;2089.215;2622.663;3212.605;1108.718;605.967;1657.053;2554.168;325.808;361.202;1057.103;833.234;1718.749;2322.926;1138.837;3591.749;2888.389;2122.419;1353.628;1.846;2492.373;2625.842;1.564;3081.254;3282.527;2136.363;2842.858;3260.347;3384.921;1347.073;13.329;870.751;176.639;1597.401;1857.531;3099.624;3031.162;854.650;3598.899;277.335;1701.326;401.069;666.503;-1.254;663.500
262,476.2042021751404,261,-560.9273257765944,560.9273257765944,0.11681287859403952,3374.294;3601.080;3268.812;2090.208;407.518;-0.131;1328.241;1192.315;1421.964;1648.681;2389.583;1965.030;2960.748;3212.159;2297.384;1591.250;816.047;3585.112;1028.744;550.792;-0.097;3601.930;102.946;1016.492;-0.496;473.543;1402.191;3590.470;740.711;3600.306;277.827;1108.954;858.982;3227.857;3597.438;686.411;1479.548;895.042;2869.492;2306.090;5.835;2735.380;2885.934;1.678;1363.272;3162.452;3596.630;2384.269;7.822;1710.767;414.102;2080.594;629.973;1.144;1874.166;2.971;3010.587;3598.172;3392.907;1225.595;2380.896;2535.181;1752.413;1806.202;-3.966;3.115;1273.253;1523.830;432.470;1984.151;1953.405;2617.445;944.895;1153.259;3599.499;2220.905;2728.479;1947.815;3019.162;2430.083;3589.961;481.952;969.680;1497.975;1818.690;2772.486;3350.095;2312.302;3601.916;2778.241;282.739;2155.073;2208.813;2792.529;3266.621;525.974;374.222;2896.796;1.720;3444.909,1388.644;3599.551;3603.437;512.971;3596.706;2818.539;489.726;2711.266;3600.785;2883.315;0.280;1901.080;1326.493;3.235;3597.290;3123.718;618.822;2366.763;1857.294;1324.116;1833.115;1915.461;3355.974;-3.667;2478.678;1957.441;178.230;364.096;2529.520;3304.432;4.264;1557.042;3596.601;1704.452;1108.494;986.624;-3.855;274.195;2327.089;2178.289;2124.277;1094.937;3417.164;3600.703;2212.056;2764.942;2879.859;1244.034;795.090;854.963;756.756;1614.618;7.881;1242.770;2186.868;1510.569;2085.526;2620.228;3208.595;1111.389;609.607;1658.802;2551.005;325.067;365.050;1060.920;836.744;1716.003;2326.934;1136.115;3595.849;2886.677;2122.334;1352.254;-1.222;2489.747;2621.821;-1.232;3079.146;3279.639;2133.499;2838.903;3257.772;3384.043;1350.683;9.499;874.664;180.747;1593.697;1859.905;3096.564;3035.111;857.155;3599.540;275.973;1698.820;396.952;663.793;2.676;660.141
263,478.05704045295715,262,-560.9646999231027,560.9646999231027,0.11355545389818089,3370.572;3598.051;3265.146;2089.177;408.796;-3.732;1324.587;1188.264;1418.295;1652.091;2391.167;1969.084;2964.828;3211.161;2300.740;1595.256;812.438;3587.459;1024.695;550.250;-1.303;3598.025;103.381;1013.009;2.499;474.802;1406.143;3593.033;736.997;3604.196;274.066;1109.374;855.086;3223.784;3601.477;682.805;1475.847;899.085;2873.020;2302.419;4.898;2731.291;2882.296;1.932;1367.297;3165.060;3593.035;2385.632;4.136;1706.743;410.348;2084.681;625.916;1.785;1870.191;-0.758;3014.662;3599.034;3396.150;1229.533;2377.143;2533.690;1755.449;1810.194;-0.143;3.515;1271.492;1527.761;436.377;1988.181;1954.790;2620.682;940.925;1149.273;3599.659;2216.869;2732.457;1944.928;3022.765;2433.540;3593.915;478.017;972.982;1498.950;1814.604;2768.533;3346.294;2316.318;3600.784;2774.248;285.363;2154.271;2212.630;2796.443;3269.451;522.243;378.185;2899.994;-1.044;3441.812,1384.743;3603.430;3599.558;510.064;3597.963;2822.391;493.787;2709.440;3597.117;2887.203;-3.011;1904.799;1322.406;5.140;3597.858;3119.816;614.773;2370.747;1861.343;1320.343;1829.432;1919.487;3352.651;0.162;2478.440;1953.482;179.447;360.581;2531.273;3308.193;2.936;1561.001;3600.677;1701.639;1104.433;982.746;0.036;270.554;2330.235;2181.730;2128.071;1098.990;3421.068;3598.490;2208.061;2768.902;2883.269;1248.113;791.045;858.929;757.769;1611.274;11.882;1246.769;2189.310;1508.978;2081.469;2616.403;3204.559;1108.200;613.218;1654.898;2554.939;321.087;368.521;1061.499;840.803;1712.042;2323.686;1132.120;3599.628;2882.729;2118.886;1356.200;1.732;2485.868;2617.736;2.122;3075.362;3275.698;2137.312;2835.199;3253.780;3381.491;1354.662;5.868;878.632;181.830;1590.878;1863.834;3093.369;3039.138;856.575;3602.472;274.705;1700.894;392.928;666.782;4.793;656.259
264,479.9345726966858,263,-560.9260142551958,560.9260142551958,0.0607658146609353,3373.545;3599.227;3268.512;2085.286;405.059;0.098;1327.765;1184.572;1417.600;1649.857;2393.341;1971.148;2968.560;3214.359;2299.823;1598.981;815.318;3591.425;1026.856;546.574;2.161;3600.001;105.866;1016.374;4.758;478.451;1410.104;3592.347;733.629;3600.295;276.057;1113.181;852.634;3219.848;3598.401;682.953;1471.900;896.793;2877.026;2298.407;2.207;2729.400;2878.298;0.056;1371.044;3169.010;3589.144;2388.753;1.115;1708.882;413.980;2087.798;624.132;-1.893;1867.930;2.573;3017.367;3597.155;3393.384;1230.616;2373.124;2537.089;1752.811;1807.704;-1.286;5.054;1273.309;1526.280;436.210;1989.622;1950.891;2616.859;937.019;1145.779;3598.135;2216.432;2736.189;1945.383;3026.573;2437.509;3596.955;477.855;969.591;1495.128;1812.211;2770.693;3342.927;2320.346;3598.345;2775.837;285.949;2154.675;2214.602;2799.853;3266.993;518.275;377.521;2904.000;-0.026;3445.221,1380.939;3599.620;3600.597;506.066;3597.717;2825.530;496.368;2713.112;3600.193;2884.290;0.862;1907.208;1324.643;3.709;3601.571;3120.344;612.669;2367.072;1865.384;1316.311;1826.736;1916.323;3349.298;1.001;2482.349;1949.758;183.371;364.215;2527.824;3308.123;6.400;1564.959;3602.151;1697.783;1101.141;979.027;-0.988;268.553;2334.171;2178.597;2132.101;1102.452;3420.729;3601.726;2206.135;2772.919;2881.362;1252.007;787.743;862.384;761.718;1614.910;8.376;1250.676;2192.977;1505.304;2083.480;2615.534;3207.255;1104.800;617.219;1651.357;2551.818;317.398;372.312;1057.585;844.079;1708.237;2319.678;1128.126;3599.045;2879.352;2122.416;1357.265;-1.371;2488.963;2614.577;2.853;3071.381;3274.595;2136.923;2833.637;3249.961;3377.813;1358.349;1.936;879.698;183.615;1586.977;1867.794;3089.441;3043.111;860.380;3598.756;270.762;1697.042;389.098;670.615;6.659;652.810
265,481.6342349052429,264,-560.9968631543761,560.9968631543761,0.11216975456599573,3377.462;3597.780;3265.191;2085.036;402.352;2.155;1324.207;1180.851;1413.702;1645.922;2397.216;1970.914;2966.733;3218.152;2296.046;1602.879;819.267;3594.541;1030.713;542.804;0.247;3602.856;109.778;1020.033;1.021;482.427;1407.955;3595.716;731.821;3598.313;279.428;1117.127;849.289;3220.509;3598.385;679.073;1473.731;893.168;2876.929;2298.347;2.191;2732.547;2878.363;-3.851;1371.691;3172.998;3592.150;2385.062;4.561;1712.324;413.250;2091.093;621.661;1.707;1871.771;-0.757;3016.649;3594.494;3397.143;1234.525;2369.465;2541.039;1749.127;1803.941;1.943;1.260;1276.149;1528.239;435.407;1990.846;1949.984;2618.517;933.021;1141.802;3601.668;2213.633;2738.948;1948.997;3028.620;2438.886;3600.342;481.496;965.753;1494.680;1813.172;2774.615;3339.749;2317.789;3601.719;2773.613;282.715;2151.088;2218.278;2797.248;3266.574;514.341;378.983;2907.550;-2.555;3443.246,1376.958;3600.672;3603.430;502.267;3601.298;2822.334;497.057;2709.518;3597.129;2880.333;1.694;1910.973;1328.469;5.346;3597.738;3124.241;609.157;2367.429;1864.564;1312.408;1822.827;1919.730;3352.846;-2.311;2484.872;1953.022;182.472;368.065;2523.870;3311.834;2.961;1567.732;3598.282;1693.817;1098.665;975.067;0.699;271.442;2338.078;2181.866;2128.706;1102.043;3422.326;3597.932;2202.773;2773.884;2885.044;1255.762;786.347;859.679;764.262;1618.884;4.617;1254.561;2196.857;1501.322;2080.684;2619.402;3203.793;1108.567;621.146;1647.922;2555.221;318.880;376.038;1054.438;846.402;1711.827;2322.313;1128.752;3602.543;2875.855;2126.348;1353.419;2.137;2485.365;2613.907;-0.225;3069.374;3271.895;2134.186;2835.916;3247.125;3381.203;1362.207;-1.355;882.505;187.538;1590.693;1868.344;3085.751;3040.750;857.266;3599.927;267.023;1697.051;385.915;667.752;8.517;656.571
266,483.47673296928406,265,-560.9399445737847,560.9399445737847,0.07854523275319865,3381.258;3601.343;3268.674;2081.619;398.443;3.665;1326.972;1182.997;1412.307;1646.371;2393.652;1974.682;2965.268;3222.101;2298.198;1599.883;816.044;3598.216;1028.083;539.048;-2.603;3599.108;107.643;1016.395;0.501;484.205;1411.333;3592.799;728.433;3600.287;283.361;1119.844;845.824;3217.214;3594.605;677.948;1472.307;894.130;2877.779;2294.787;-1.604;2735.178;2874.905;-0.051;1374.454;3170.130;3589.979;2387.486;7.207;1711.518;416.994;2088.206;625.169;-0.496;1873.762;2.485;3012.801;3598.198;3399.059;1233.237;2372.743;2538.781;1750.224;1804.429;0.591;-1.019;1280.061;1524.503;439.194;1987.119;1952.036;2616.231;929.698;1142.034;3597.886;2209.861;2736.915;1945.628;3032.504;2436.199;3596.635;478.490;962.257;1493.944;1817.023;2771.377;3343.534;2321.362;3597.951;2776.925;279.366;2154.240;2214.806;2800.220;3262.739;512.280;375.179;2906.336;1.236;3446.973,1373.215;3602.987;3599.679;504.510;3597.903;2818.657;495.886;2706.055;3600.300;2882.529;-1.553;1907.608;1331.841;1.577;3596.269;3127.037;605.245;2364.785;1867.144;1308.929;1821.839;1923.634;3349.183;1.314;2481.827;1950.204;178.615;368.911;2527.415;3313.864;-0.936;1563.939;3597.876;1690.136;1102.353;978.358;-0.734;275.356;2334.665;2185.555;2130.287;1098.210;3426.203;3596.381;2198.842;2777.422;2886.972;1259.503;789.928;862.347;760.879;1618.519;4.174;1252.499;2194.160;1497.493;2083.560;2621.804;3203.688;1110.611;620.477;1648.045;2557.165;315.662;373.021;1056.563;842.762;1715.653;2318.939;1125.671;3598.755;2879.181;2130.239;1354.203;3.247;2488.288;2610.105;2.721;3065.495;3268.081;2130.599;2839.810;3247.789;3385.123;1365.411;2.144;878.825;190.139;1594.557;1864.730;3089.110;3040.397;859.316;3602.407;263.735;1693.402;388.524;671.070;11.731;658.068
267,485.3431351184845,266,-561.0265067285045,561.0265067285045,0.08943778406875191,3385.165;3598.857;3265.629;2085.363;401.824;0.327;1325.468;1184.171;1412.116;1649.846;2391.773;1971.135;2968.956;3219.406;2302.004;1603.418;818.423;3601.891;1030.291;542.422;1.157;3599.382;103.795;1019.042;-1.652;487.670;1409.081;3596.556;725.269;3604.039;284.092;1116.747;849.531;3215.603;3595.320;681.713;1468.710;890.484;2874.254;2290.922;1.965;2731.892;2871.556;-0.938;1372.686;3173.675;3593.560;2386.045;3.880;1715.017;419.812;2091.912;625.094;2.232;1870.225;-0.320;3015.108;3601.858;3395.283;1230.315;2375.726;2535.060;1754.050;1800.682;-2.915;2.213;1276.640;1528.051;435.571;1990.583;1948.317;2619.855;931.234;1138.442;3600.727;2213.271;2740.672;1948.906;3029.597;2439.712;3595.934;481.911;958.381;1496.578;1816.664;2770.957;3340.441;2319.589;3598.314;2779.535;283.156;2150.473;2210.911;2801.530;3259.328;508.459;375.059;2902.771;-1.859;3450.083,1376.717;3599.270;3599.616;500.825;3600.135;2821.033;492.080;2709.498;3600.750;2880.197;1.463;1904.192;1335.697;2.266;3597.067;3124.554;608.609;2360.930;1871.003;1308.356;1825.542;1920.337;3350.067;0.563;2484.740;1950.170;175.070;372.723;2524.168;3317.622;0.686;1560.062;3599.822;1693.439;1098.817;981.755;-0.058;275.226;2336.109;2182.053;2126.787;1096.813;3425.063;3598.752;2200.743;2774.654;2890.784;1258.604;793.826;859.029;763.881;1619.809;0.588;1249.877;2195.653;1493.607;2087.312;2625.560;3207.465;1114.415;622.341;1645.099;2553.518;319.343;376.222;1052.811;844.251;1717.603;2321.891;1126.582;3600.522;2876.844;2134.145;1357.624;0.345;2492.159;2606.202;2.454;3061.707;3264.203;2134.356;2836.361;3251.571;3388.499;1362.908;5.558;876.458;186.475;1594.722;1861.843;3093.001;3043.863;855.551;3598.650;259.852;1697.025;385.353;674.809;12.320;654.420
268,487.0512707233429,267,-561.0388959916779,561.0388959916779,0.14645803626629175,3388.790;3595.100;3268.835;2089.015;399.770;-1.829;1329.202;1187.943;1415.870;1653.694;2387.972;1972.262;2965.557;3217.828;2305.763;1600.174;815.524;3598.185;1031.715;546.267;2.751;3602.850;104.585;1015.439;2.037;484.020;1412.633;3593.445;721.675;3600.615;280.416;1112.928;852.574;3215.137;3596.066;681.561;1464.870;887.727;2870.411;2290.205;-0.790;2735.402;2867.706;1.652;1368.982;3171.555;3590.660;2382.260;7.040;1712.235;421.500;2088.703;628.840;5.709;1871.898;-1.235;3011.776;3598.232;3391.898;1226.488;2379.562;2538.441;1750.712;1797.851;0.730;-1.463;1279.474;1525.556;433.604;1987.229;1950.070;2619.932;934.980;1142.101;3604.350;2216.967;2737.275;1945.280;3032.763;2443.571;3592.657;485.530;954.962;1492.827;1820.372;2767.332;3343.746;2323.016;3596.746;2783.307;280.373;2146.885;2209.657;2804.920;3262.468;511.882;371.821;2898.911;1.673;3446.871,1373.632;3600.808;3599.701;499.887;3603.902;2817.391;488.218;2706.537;3597.827;2882.617;-1.818;1900.339;1339.451;-1.470;3599.277;3127.961;607.309;2357.594;1867.677;1311.871;1822.502;1922.364;3346.681;3.098;2481.547;1953.928;172.999;375.536;2525.882;3314.048;-2.434;1559.205;3603.507;1693.807;1100.952;985.292;-3.825;278.983;2339.667;2179.753;2129.861;1093.022;3427.839;3601.759;2201.636;2770.842;2894.634;1261.567;792.484;855.370;761.229;1623.528;-3.272;1246.078;2192.125;1490.187;2091.161;2629.421;3211.104;1115.317;618.628;1641.283;2556.327;322.946;372.752;1055.356;840.530;1721.403;2320.708;1130.274;3597.648;2880.521;2137.814;1356.258;-2.054;2492.594;2608.891;6.214;3058.512;3260.328;2135.966;2832.653;3255.177;3392.349;1359.091;9.252;872.752;183.334;1598.470;1859.954;3096.513;3040.722;858.054;3601.019;257.271;1696.030;388.744;678.589;8.556;650.587
269,488.893052816391,268,-560.9631329081899,560.9631329081899,0.05531634977042681,3389.952;3598.070;3269.391;2087.471;403.013;1.826;1327.322;1186.189;1414.433;1653.330;2391.253;1973.866;2964.586;3214.620;2306.648;1600.981;812.992;3597.928;1028.016;544.855;0.325;3599.278;101.044;1014.320;0.028;483.919;1409.807;3596.624;717.890;3597.963;277.150;1112.502;849.319;3211.505;3599.788;684.706;1467.447;891.152;2866.840;2293.872;1.471;2732.456;2871.038;-0.781;1365.919;3174.510;3593.835;2385.380;3.854;1708.476;418.780;2087.657;627.616;2.582;1868.329;2.393;3013.698;3600.505;3390.759;1227.104;2382.111;2535.221;1753.356;1801.339;-0.311;1.860;1279.408;1528.754;436.413;1989.575;1947.357;2621.679;938.736;1143.082;3600.741;2215.775;2737.633;1945.509;3032.944;2440.710;3596.077;482.268;958.371;1492.136;1818.332;2768.956;3343.093;2321.529;3600.274;2785.361;282.119;2143.545;2206.705;2801.223;3261.907;513.054;373.663;2897.083;-0.225;3447.569,1375.422;3603.676;3596.272;499.138;3600.227;2819.827;484.622;2703.164;3595.306;2879.847;0.662;1897.687;1341.061;1.312;3595.765;3127.080;606.765;2354.232;1865.054;1315.308;1819.599;1923.598;3347.584;6.794;2477.751;1957.734;169.260;372.212;2528.894;3316.091;1.103;1555.589;3599.831;1691.440;1102.947;988.627;-0.499;281.956;2336.368;2180.914;2131.429;1089.280;3431.626;3598.086;2199.997;2767.065;2898.467;1265.362;795.569;851.545;758.525;1619.967;0.242;1242.710;2195.574;1487.438;2091.460;2633.206;3209.108;1119.047;619.988;1637.552;2557.259;321.393;369.896;1058.235;840.865;1724.525;2317.103;1126.862;3594.365;2884.097;2141.104;1358.828;1.663;2492.500;2606.935;10.037;3059.408;3258.635;2139.268;2835.609;3258.666;3396.181;1358.176;13.077;872.463;180.898;1601.337;1862.100;3097.560;3036.920;858.750;3597.967;255.597;1694.027;390.215;679.803;11.511;653.669
270,490.74237394332886,269,-561.001439003709,561.001439003709,0.07907605622703892,3386.610;3595.976;3268.036;2084.733;406.136;-0.574;1328.189;1187.275;1416.573;1654.789;2389.798;1973.053;2967.947;3210.972;2305.270;1597.555;814.599;3597.457;1026.825;548.044;0.159;3600.495;97.485;1013.679;0.918;482.080;1410.645;3597.534;720.556;3600.736;273.736;1110.216;850.023;3214.996;3603.026;681.907;1464.220;894.715;2868.932;2296.696;-1.777;2728.819;2870.034;2.425;1366.506;3171.618;3596.272;2386.914;1.451;1704.747;415.063;2088.686;624.057;2.260;1866.470;-0.529;3017.096;3598.282;3393.899;1226.795;2385.674;2534.091;1751.207;1804.057;-0.311;2.127;1282.909;1526.616;440.006;1988.495;1950.603;2625.205;939.476;1146.171;3598.850;2218.795;2740.377;1941.977;3029.374;2437.346;3596.699;478.623;959.954;1489.926;1815.577;2766.595;3344.984;2324.478;3603.947;2781.724;280.670;2146.375;2210.069;2803.554;3265.510;515.569;370.803;2899.417;-0.252;3445.824,1378.941;3600.124;3597.552;502.734;3599.086;2821.098;483.463;2704.785;3598.946;2883.455;-1.454;1901.015;1337.459;3.053;3598.998;3123.677;609.878;2357.220;1864.434;1312.461;1822.393;1920.785;3347.416;4.642;2474.293;1956.823;171.643;368.986;2532.609;3319.688;3.833;1554.545;3598.941;1687.901;1104.197;988.436;0.130;283.400;2333.269;2182.558;2134.112;1087.309;3429.906;3597.710;2203.514;2768.948;2895.565;1268.933;796.891;848.676;754.817;1617.178;1.085;1239.537;2198.131;1488.983;2088.290;2632.178;3205.451;1117.325;616.919;1639.025;2555.274;321.125;368.348;1061.926;837.299;1722.751;2313.542;1123.676;3591.647;2882.801;2139.557;1360.722;1.807;2495.640;2603.608;11.379;3063.103;3262.217;2135.970;2839.234;3255.269;3397.056;1357.476;16.437;876.095;177.212;1602.068;1865.779;3094.338;3033.528;860.472;3599.941;253.233;1691.338;393.859;676.478;8.234;655.812
271,492.6183259487152,270,-561.0467636774337,561.0467636774337,0.13328431829695256,3383.276;3599.407;3270.304;2081.053;405.635;2.556;1325.097;1183.669;1420.256;1658.441;2386.171;1976.678;2965.552;3214.545;2308.906;1593.820;811.047;3594.878;1029.851;551.704;-3.134;3602.725;93.753;1010.046;-2.657;484.777;1414.262;3594.456;724.239;3601.030;277.248;1106.806;848.965;3211.818;3599.460;678.216;1460.601;898.437;2865.469;2300.237;1.620;2731.261;2873.155;3.367;1362.865;3167.905;3599.615;2390.430;4.994;1707.460;411.322;2085.126;627.158;-1.362;1869.952;1.990;3019.970;3600.380;3390.575;1223.187;2388.947;2537.411;1753.229;1807.667;-3.519;5.388;1285.989;1523.255;442.745;1991.986;1951.761;2622.012;935.999;1149.623;3600.331;2215.229;2738.161;1938.341;3028.141;2439.116;3593.257;481.555;957.048;1493.448;1811.892;2770.219;3348.622;2328.188;3600.400;2778.080;281.608;2148.871;2207.067;2807.073;3262.074;512.283;367.091;2903.106;-3.084;3449.369,1376.074;3598.185;3601.155;500.310;3601.925;2824.311;480.529;2701.450;3602.691;2885.305;1.789;1899.398;1335.635;-0.483;3597.657;3119.944;613.597;2359.741;1860.832;1316.034;1819.995;1917.333;3343.774;0.965;2471.843;1959.968;175.271;370.429;2535.333;3317.229;1.172;1550.971;3597.779;1688.185;1107.850;984.786;-3.020;284.789;2329.973;2186.233;2130.666;1089.263;3426.938;3600.934;2207.253;2765.608;2898.420;1269.111;794.763;845.062;751.188;1619.787;-1.556;1243.006;2194.871;1491.663;2091.643;2635.005;3204.483;1120.616;619.998;1636.077;2558.858;324.625;371.500;1059.412;840.277;1725.114;2310.014;1126.437;3595.142;2885.295;2136.220;1357.214;-1.552;2492.059;2606.977;7.938;3066.146;3263.944;2132.272;2841.778;3255.251;3397.549;1353.834;16.362;878.849;180.685;1605.522;1862.348;3090.635;3030.098;856.902;3603.584;256.554;1694.723;391.142;673.438;11.391;652.343
272,494.31267786026,271,-560.9853196906482,560.9853196906482,0.09164395149819127,3386.474;3602.371;3266.717;2083.347;402.084;5.409;1326.995;1185.810;1421.302;1656.410;2382.739;1976.731;2966.602;3214.369;2312.356;1591.945;807.918;3594.458;1033.423;554.642;0.439;3599.232;94.644;1007.714;0.815;483.258;1411.922;3594.046;721.250;3597.518;279.054;1103.301;852.002;3213.607;3597.472;676.246;1463.168;901.748;2865.761;2303.807;-0.458;2732.022;2876.726;0.694;1359.568;3164.499;3603.285;2392.795;5.838;1708.838;408.247;2081.482;625.492;1.827;1871.596;-1.343;3016.481;3597.153;3393.698;1220.237;2385.454;2541.095;1753.120;1811.351;0.047;8.985;1282.926;1526.323;439.535;1993.531;1948.539;2625.515;936.123;1153.003;3603.239;2216.441;2734.511;1936.778;3024.562;2435.769;3596.454;485.009;953.898;1497.137;1812.374;2773.894;3347.862;2328.565;3598.698;2780.336;284.876;2152.441;2208.132;2807.902;3258.471;513.757;367.478;2903.378;0.453;3451.384,1379.428;3596.511;3600.150;503.763;3598.716;2822.419;479.934;2697.767;3599.301;2887.670;-0.562;1896.097;1337.029;0.271;3594.186;3121.912;612.430;2363.395;1857.130;1319.380;1823.407;1920.335;3347.220;-2.620;2468.443;1957.459;178.136;367.023;2532.491;3320.734;-2.494;1552.111;3594.436;1684.695;1105.165;981.201;0.234;287.032;2333.460;2186.127;2126.971;1086.186;3423.285;3598.414;2210.234;2765.042;2895.362;1267.336;798.360;841.368;747.488;1623.405;1.253;1246.587;2191.719;1488.184;2088.307;2638.657;3200.875;1120.569;617.052;1632.619;2562.554;326.182;375.174;1055.787;843.313;1728.764;2312.427;1130.096;3598.719;2881.876;2133.654;1353.518;1.586;2488.410;2610.642;4.570;3069.664;3267.542;2128.605;2839.159;3258.701;3394.116;1357.275;12.834;882.516;182.975;1609.192;1858.730;3087.860;3026.416;853.491;3600.271;259.713;1698.386;387.620;669.758;14.959;650.969
273,496.15420293807983,272,-561.0038653102354,561.0038653102354,0.10439662847182922,3390.005;3598.972;3264.112;2086.454;399.066;8.461;1323.451;1185.915;1417.753;1652.804;2383.958;1980.226;2963.338;3212.618;2310.814;1593.986;804.500;3597.762;1037.083;551.565;-0.584;3598.800;98.027;1011.014;0.676;486.154;1415.107;3597.426;719.355;3599.116;282.271;1099.702;848.512;3211.824;3594.758;674.509;1466.767;901.652;2868.836;2303.885;2.106;2732.020;2880.377;-2.931;1361.800;3164.380;3599.782;2396.334;2.329;1711.860;411.458;2082.778;628.570;5.064;1875.166;2.086;3012.970;3600.109;3392.466;1223.352;2387.317;2544.528;1756.691;1808.451;1.303;5.611;1286.266;1523.640;442.126;1992.125;1944.907;2624.529;932.558;1155.548;3599.745;2213.013;2733.160;1940.137;3020.912;2434.286;3595.767;488.324;950.304;1500.791;1815.592;2776.187;3350.347;2325.565;3596.316;2782.389;281.641;2156.104;2205.218;2804.498;3258.595;510.249;365.044;2900.210;-0.919;3454.966,1379.636;3599.402;3603.349;502.899;3599.977;2818.817;476.370;2696.936;3598.545;2891.285;-3.415;1892.463;1333.588;-3.185;3590.547;3120.701;615.787;2366.862;1859.030;1319.074;1826.695;1920.555;3346.383;0.591;2466.943;1955.536;176.897;365.502;2532.499;3323.189;0.461;1548.690;3591.392;1687.903;1108.485;982.945;-1.786;290.634;2330.892;2189.406;2123.737;1082.586;3420.347;3597.216;2212.557;2764.920;2892.790;1270.620;795.338;837.877;748.042;1626.137;-1.257;1245.128;2188.078;1484.527;2090.661;2641.324;3199.504;1124.080;619.504;1629.494;2564.978;329.759;373.467;1053.197;846.876;1729.023;2315.706;1133.246;3602.219;2878.563;2137.004;1356.402;0.751;2490.611;2609.766;2.461;3071.611;3269.254;2126.302;2836.015;3262.359;3390.994;1354.274;14.931;884.364;184.787;1612.836;1855.138;3090.705;3025.883;855.857;3601.591;263.357;1700.625;385.254;667.131;13.935;647.450
274,498.0173695087433,273,-560.9880043551466,560.9880043551466,0.07423923474924496,3392.728;3600.566;3261.807;2086.139;402.172;9.060;1322.547;1182.556;1414.967;1655.558;2387.446;1977.509;2959.728;3209.142;2307.637;1590.987;800.894;3600.621;1034.489;553.774;1.365;3601.799;99.777;1008.647;0.899;489.750;1412.980;3601.037;717.857;3601.022;279.661;1096.096;845.172;3215.289;3597.056;677.924;1470.280;904.841;2866.196;2307.409;-0.605;2731.456;2880.876;0.429;1358.445;3167.764;3599.135;2393.169;-1.115;1710.194;408.984;2082.445;625.555;3.674;1873.079;0.838;3013.574;3602.726;3395.615;1223.207;2387.350;2542.094;1760.258;1811.447;0.974;3.676;1289.603;1526.632;439.880;1995.291;1948.187;2627.342;930.724;1159.039;3598.858;2212.046;2736.180;1937.035;3023.366;2437.393;3592.245;490.352;953.686;1500.252;1812.520;2774.137;3347.043;2322.098;3598.747;2785.957;278.268;2153.070;2208.262;2802.045;3262.024;508.727;368.290;2896.616;-2.100;3451.717,1380.193;3597.018;3599.848;504.685;3598.907;2821.970;475.838;2700.304;3600.706;2888.018;0.092;1895.250;1336.571;0.253;3593.106;3117.723;618.211;2364.478;1862.272;1320.544;1823.617;1924.047;3349.580;2.197;2463.395;1958.843;180.063;368.819;2530.246;3325.101;2.182;1551.645;3588.579;1684.585;1105.772;980.359;1.372;294.250;2334.229;2185.954;2126.971;1080.261;3422.712;3600.705;2216.113;2761.560;2893.253;1274.230;793.616;834.615;749.938;1629.724;1.754;1246.355;2191.293;1487.921;2093.591;2638.039;3202.055;1127.474;616.459;1625.901;2561.886;326.690;376.899;1055.171;850.080;1725.665;2313.433;1130.439;3598.851;2879.165;2133.528;1357.978;-2.707;2490.723;2608.766;5.727;3068.246;3266.758;2122.732;2832.412;3259.887;3394.301;1351.053;17.990;881.192;181.353;1612.852;1851.762;3087.437;3029.354;852.473;3598.405;260.249;1697.638;381.679;670.190;17.263;648.101
275,499.9019980430603,274,-560.9977313997834,560.9977313997834,0.12098864380353258,3396.209;3603.975;3258.278;2089.614;399.419;12.494;1324.031;1179.107;1416.822;1655.226;2384.893;1974.881;2962.427;3210.225;2304.129;1590.348;797.370;3597.302;1033.017;557.283;0.034;3598.725;103.075;1005.431;4.228;492.871;1413.240;3599.013;714.348;3604.546;276.309;1098.932;847.697;3218.864;3594.140;680.770;1468.030;903.521;2866.231;2305.116;2.259;2727.960;2877.419;1.109;1359.389;3170.445;3596.033;2392.218;-4.149;1712.293;407.597;2079.813;622.021;7.080;1869.712;-2.254;3010.165;3599.277;3399.094;1226.625;2383.876;2538.572;1762.646;1813.910;-2.236;0.180;1287.060;1530.162;436.414;1992.378;1948.782;2630.887;928.927;1156.121;3601.094;2215.257;2739.718;1936.006;3021.201;2435.725;3589.451;493.498;953.648;1496.970;1814.392;2775.310;3343.846;2324.727;3595.584;2789.421;275.748;2149.938;2211.825;2805.396;3260.188;507.225;371.624;2894.568;1.274;3448.618,1383.687;3593.681;3598.935;505.857;3601.934;2824.600;479.148;2700.094;3598.972;2887.632;-1.139;1898.767;1339.941;0.627;3589.859;3120.534;614.800;2364.944;1861.340;1324.055;1820.449;1926.965;3353.096;0.956;2459.828;1956.213;177.255;366.668;2526.750;3328.569;-0.961;1555.042;3585.046;1685.749;1102.316;978.666;0.145;291.973;2336.696;2182.684;2126.964;1076.732;3424.029;3601.395;2219.048;2763.996;2896.407;1272.896;796.878;831.053;746.599;1632.985;-0.897;1248.937;2194.272;1486.496;2090.323;2641.120;3205.174;1127.975;612.916;1622.331;2559.150;324.245;380.193;1051.916;853.523;1728.271;2315.934;1127.163;3598.404;2876.951;2132.191;1360.440;0.549;2494.054;2605.270;9.291;3066.363;3263.365;2125.637;2829.313;3256.763;3397.200;1354.259;21.543;878.722;179.546;1609.560;1848.218;3090.008;3027.032;850.977;3600.501;256.762;1698.195;378.547;673.746;20.820;644.680
276,501.6018977165222,275,-560.9283872115643,560.9283872115643,0.060792465312609754,3399.453;3600.632;3261.434;2087.073;402.175;9.758;1327.195;1177.040;1419.074;1656.229;2382.796;1971.375;2959.392;3213.570;2300.987;1592.116;798.009;3600.703;1033.038;560.625;1.673;3601.462;100.120;1003.225;2.004;489.800;1410.219;3596.419;716.959;3601.173;277.428;1096.674;851.071;3219.466;3597.378;684.253;1467.363;900.092;2865.069;2308.066;-0.228;2731.182;2874.787;-0.203;1355.960;3167.638;3593.200;2388.789;-0.721;1715.767;404.124;2076.322;623.773;3.871;1866.243;1.036;3007.382;3599.545;3399.191;1223.738;2384.024;2541.582;1766.139;1816.891;1.022;3.229;1284.928;1532.502;437.448;1988.890;1951.982;2631.926;925.604;1159.305;3598.277;2217.599;2741.238;1932.901;3019.192;2438.041;3585.968;490.241;956.525;1493.443;1811.573;2773.200;3346.755;2328.111;3593.032;2792.841;272.258;2146.544;2214.079;2808.873;3257.640;510.580;375.158;2891.168;2.647;3450.813,1380.731;3590.818;3600.735;509.011;3598.579;2823.699;479.355;2699.143;3602.254;2884.729;1.701;1902.023;1343.430;-1.000;3589.523;3124.043;612.282;2361.908;1858.161;1325.080;1816.923;1924.892;3355.744;2.104;2456.350;1959.478;173.945;363.885;2523.250;3325.556;1.320;1557.923;3582.033;1682.599;1099.890;975.186;-1.822;289.013;2334.533;2179.736;2129.760;1073.186;3427.450;3598.086;2222.544;2760.703;2899.927;1276.174;797.206;827.835;743.287;1633.153;-0.581;1252.418;2197.648;1488.978;2092.988;2641.992;3207.985;1131.259;615.035;1625.142;2561.144;321.213;383.489;1054.768;851.029;1729.765;2319.422;1130.341;3600.406;2879.986;2128.967;1357.027;-1.090;2490.820;2607.875;11.693;3069.147;3264.478;2126.980;2832.433;3253.236;3400.589;1353.486;23.662;881.873;179.990;1612.431;1844.676;3087.455;3029.007;849.334;3601.420;258.492;1694.779;379.875;673.585;23.889;641.308
277,503.45006489753723,276,-560.9280361251549,560.9280361251549,0.08028037518489382,3396.295;3598.702;3260.630;2084.735;402.644;12.519;1330.687;1179.628;1421.871;1659.595;2380.116;1969.869;2960.863;3212.351;2304.134;1588.720;796.219;3597.760;1029.635;564.076;-1.691;3598.277;96.673;999.870;-1.188;492.003;1406.753;3599.517;720.361;3599.119;278.279;1099.589;850.057;3216.806;3599.831;681.364;1470.758;902.620;2861.640;2305.385;1.350;2728.373;2877.662;2.005;1357.853;3170.776;3596.206;2391.176;1.109;1712.951;404.733;2075.228;623.429;2.621;1868.780;0.858;3010.615;3601.387;3395.901;1226.900;2387.021;2540.690;1768.290;1813.942;0.432;4.745;1283.287;1529.236;438.221;1989.464;1955.459;2634.905;924.566;1156.251;3596.472;2217.670;2744.661;1935.385;3015.741;2434.872;3589.032;486.764;953.280;1496.274;1808.117;2769.944;3350.230;2331.415;3596.366;2790.261;275.285;2144.839;2211.324;2808.812;3260.650;507.770;372.918;2894.314;-0.241;3447.506,1383.335;3594.056;3603.607;505.804;3600.598;2824.063;482.768;2695.716;3599.129;2888.024;-0.893;1905.520;1340.649;1.706;3586.161;3127.378;608.816;2365.217;1854.670;1321.934;1814.243;1928.224;3352.996;-1.285;2452.866;1956.559;175.190;360.612;2519.743;3328.028;1.106;1560.793;3578.550;1679.117;1102.835;971.863;1.510;285.541;2331.078;2181.916;2126.511;1072.488;3430.860;3599.659;2220.600;2758.872;2903.437;1279.014;800.328;824.536;740.355;1631.810;2.802;1255.113;2200.095;1485.655;2089.863;2645.409;3204.621;1128.107;618.411;1625.279;2564.554;324.435;384.203;1057.116;852.454;1733.176;2322.900;1133.551;3602.891;2877.180;2132.254;1353.898;1.535;2492.449;2604.592;8.645;3066.224;3261.190;2130.383;2834.879;3250.066;3397.423;1356.587;27.113;885.358;183.412;1612.836;1845.646;3090.609;3025.794;845.894;3601.454;255.517;1697.662;376.929;676.865;21.828;637.858
278,505.32461619377136,277,-561.0240934558652,561.0240934558652,0.08217452433769636,3397.923;3600.714;3257.628;2087.950;405.976;9.670;1327.740;1176.410;1418.584;1663.048;2383.378;1973.130;2960.560;3215.684;2305.222;1585.863;799.047;3595.235;1026.420;567.060;1.360;3599.951;98.792;1002.857;2.066;489.863;1403.734;3602.521;717.330;3599.682;281.657;1101.252;846.771;3218.520;3599.175;684.032;1474.125;906.020;2864.197;2306.779;-1.828;2725.701;2880.369;-1.129;1356.938;3167.762;3597.866;2388.676;1.781;1711.101;401.836;2077.698;620.069;0.748;1865.779;-2.193;3010.915;3598.091;3398.728;1224.661;2384.176;2543.938;1765.948;1817.039;-0.210;6.793;1286.620;1531.375;434.913;1986.108;1952.794;2638.352;922.222;1158.433;3599.592;2214.307;2741.501;1938.416;3018.609;2438.040;3588.205;484.551;955.883;1496.759;1811.121;2773.225;3347.749;2328.602;3599.214;2788.937;275.257;2145.496;2209.360;2805.544;3257.404;510.708;369.672;2893.089;-3.035;3450.339,1385.309;3597.005;3600.280;508.564;3598.341;2827.433;480.963;2698.480;3598.274;2890.254;1.377;1904.504;1337.624;-0.570;3587.753;3130.158;611.551;2367.834;1852.154;1324.926;1816.273;1931.680;3356.114;1.551;2450.052;1957.394;177.071;357.157;2522.815;3329.935;-2.185;1559.649;3577.669;1681.117;1100.357;971.496;1.030;283.875;2333.169;2184.833;2123.321;1069.586;3431.423;3601.729;2219.703;2761.355;2900.817;1278.757;797.317;821.898;736.913;1633.576;2.129;1253.371;2197.232;1487.515;2087.720;2644.952;3202.679;1130.321;615.849;1628.538;2567.741;322.110;387.314;1060.529;855.158;1731.942;2322.169;1130.842;3599.558;2873.747;2131.808;1355.305;-0.621;2491.096;2606.546;5.906;3069.284;3259.770;2127.669;2834.596;3251.552;3395.747;1359.946;25.344;887.897;181.967;1612.085;1842.393;3089.492;3025.287;844.083;3598.087;258.497;1699.058;373.691;676.653;18.930;636.233
279,507.03328227996826,278,-561.0524870286274,561.0524870286274,0.1049402544862299,3400.955;3600.163;3254.694;2087.145;402.973;8.415;1326.215;1172.993;1415.284;1660.839;2381.377;1975.228;2963.885;3213.636;2301.894;1588.862;802.436;3596.914;1029.479;563.785;0.750;3596.690;102.170;1006.264;2.349;486.492;1400.322;3599.231;715.706;3598.229;281.900;1097.966;843.377;3216.941;3602.345;681.996;1477.476;903.544;2867.587;2304.417;1.430;2722.424;2883.550;-4.511;1360.065;3169.850;3601.178;2391.483;-0.826;1714.151;398.527;2081.085;622.856;3.990;1862.376;1.008;3012.710;3599.902;3401.633;1227.914;2387.161;2542.471;1767.815;1813.861;-1.697;3.508;1283.593;1534.753;438.189;1988.109;1949.577;2635.098;918.838;1155.668;3596.948;2210.957;2738.500;1941.812;3021.901;2441.455;3591.529;487.052;958.112;1494.604;1808.590;2776.458;3344.386;2331.269;3602.007;2785.580;278.577;2148.841;2206.147;2802.123;3259.422;509.456;366.312;2896.288;0.270;3453.737,1382.193;3600.407;3599.235;509.177;3600.834;2824.534;477.614;2701.673;3600.583;2887.228;0.844;1901.275;1338.537;-3.658;3584.848;3133.559;614.644;2366.309;1853.687;1322.514;1817.600;1929.194;3356.439;4.342;2446.675;1960.726;173.737;359.776;2526.164;3326.963;0.881;1556.297;3574.938;1684.424;1103.393;974.036;-2.199;284.658;2335.094;2188.239;2122.035;1066.332;3434.758;3598.410;2216.483;2758.192;2902.888;1275.444;798.392;824.785;733.482;1630.254;-1.157;1256.370;2193.828;1490.614;2088.832;2643.717;3199.356;1127.234;615.206;1630.794;2571.157;319.709;384.217;1063.906;851.934;1734.923;2323.318;1133.155;3599.410;2876.853;2128.664;1358.661;1.853;2487.768;2608.937;9.044;3072.670;3262.881;2130.025;2837.908;3254.459;3398.904;1363.134;28.538;884.698;179.968;1608.736;1843.954;3092.093;3022.106;847.281;3598.549;257.371;1696.172;376.647;679.864;20.441;639.454
280,508.87632608413696,279,-561.0230854702893,561.0230854702893,0.1335226557104564,3404.136;3603.409;3251.354;2089.291;399.650;5.144;1323.433;1171.615;1411.903;1663.577;2384.621;1972.894;2966.825;3216.570;2298.645;1586.233;799.202;3600.205;1031.778;561.440;-2.279;3595.344;105.223;1008.583;2.755;483.764;1397.408;3601.012;712.427;3595.032;285.206;1094.692;843.697;3213.615;3599.080;685.017;1480.813;900.653;2870.517;2301.349;1.964;2719.188;2886.818;-1.289;1363.221;3166.988;3598.167;2392.375;-3.977;1712.234;401.538;2084.235;626.014;7.366;1859.336;0.546;3013.800;3603.169;3405.000;1230.150;2390.159;2545.581;1765.043;1814.518;1.576;0.147;1283.547;1537.118;439.725;1984.976;1946.195;2635.452;915.458;1157.804;3599.462;2207.767;2735.148;1945.191;3024.625;2442.428;3591.197;490.372;958.339;1496.334;1811.726;2774.014;3342.043;2328.095;3598.931;2785.874;276.756;2152.195;2202.801;2799.084;3256.300;512.317;362.923;2898.649;-0.959;3457.087,1384.268;3603.726;3598.906;510.761;3604.092;2821.981;479.938;2702.083;3597.874;2887.546;-2.404;1901.662;1340.391;-0.431;3581.539;3133.693;617.000;2369.019;1851.002;1320.452;1820.921;1932.150;3359.602;7.192;2443.472;1958.677;175.459;356.725;2529.528;3329.840;-1.982;1553.949;3571.586;1683.949;1105.926;970.892;0.778;281.404;2337.319;2191.632;2119.029;1063.157;3438.029;3595.752;2213.343;2761.213;2903.256;1272.060;800.456;821.691;730.929;1628.037;1.844;1253.186;2191.302;1493.608;2085.648;2646.817;3195.969;1127.707;611.918;1634.035;2574.198;316.361;380.994;1067.297;853.560;1737.115;2326.600;1136.474;3601.327;2874.602;2125.349;1359.378;5.171;2487.875;2612.154;8.737;3073.427;3266.159;2133.260;2841.283;3251.938;3399.136;1366.444;31.809;881.780;182.938;1605.960;1845.112;3095.411;3018.759;850.663;3601.195;260.601;1693.566;379.993;683.204;17.331;636.350
281,510.7418715953827,280,-560.9850545792901,560.9850545792901,0.08633565057740554,3407.462;3600.381;3248.067;2092.575;396.956;7.566;1326.030;1173.723;1409.540;1662.695;2382.701;1969.624;2964.259;3219.893;2296.637;1586.003;798.030;3601.875;1035.082;561.553;0.873;3593.820;108.371;1006.386;-0.022;486.784;1394.369;3601.393;709.170;3597.511;286.320;1093.225;846.400;3216.654;3596.969;688.067;1482.890;897.321;2872.597;2302.374;-0.731;2716.415;2883.936;0.318;1361.619;3169.100;3597.522;2395.640;-0.750;1713.075;404.016;2086.463;624.967;6.313;1858.761;1.955;3017.051;3600.039;3408.223;1230.600;2387.143;2548.916;1767.936;1814.846;2.109;-1.038;1280.368;1536.288;437.570;1985.268;1946.929;2637.541;916.142;1155.003;3602.759;2210.263;2732.221;1947.465;3022.462;2439.354;3592.646;487.426;958.609;1499.627;1814.657;2775.271;3338.775;2328.793;3598.934;2783.043;279.744;2151.923;2200.094;2800.682;3253.192;512.657;362.397;2898.426;0.064;3458.963,1387.550;3600.929;3596.663;514.041;3600.966;2818.662;477.544;2703.913;3600.858;2890.472;0.622;1904.670;1337.179;-2.431;3583.691;3136.895;613.873;2372.335;1848.077;1319.715;1824.273;1929.396;3362.852;5.036;2446.355;1959.960;173.650;354.162;2528.451;3332.806;-3.566;1551.047;3571.195;1687.195;1106.634;974.034;-0.616;278.932;2334.466;2194.860;2115.692;1059.815;3434.843;3592.502;2210.115;2761.718;2900.024;1269.387;803.746;818.391;727.724;1624.751;-0.843;1251.949;2187.984;1493.672;2082.499;2643.688;3195.981;1124.526;608.568;1637.383;2577.384;318.771;377.771;1064.894;850.359;1740.419;2323.550;1139.757;3598.574;2875.550;2128.136;1361.565;8.520;2485.098;2612.999;5.517;3076.637;3265.572;2136.200;2844.610;3254.842;3396.034;1369.792;35.075;878.620;180.280;1602.634;1841.932;3098.482;3015.425;853.980;3599.478;263.202;1696.454;383.336;680.803;13.989;633.329
282,512.4386377334595,281,-560.9806720962449,560.9806720962449,0.07421688205374731,3410.708;3598.802;3250.776;2090.865;399.650;4.419;1329.312;1170.588;1406.574;1659.589;2383.841;1967.240;2965.595;3220.456;2293.700;1589.186;798.153;3598.690;1037.022;563.725;1.132;3591.786;111.342;1003.423;-2.808;484.130;1391.241;3598.352;706.522;3600.478;284.213;1090.329;847.673;3215.671;3599.042;691.370;1483.904;894.453;2874.668;2299.178;0.323;2713.139;2886.774;-1.985;1362.957;3172.218;3596.929;2398.949;0.841;1709.960;407.046;2089.724;621.840;3.787;1855.877;1.507;3020.359;3599.663;3407.869;1227.909;2388.687;2550.439;1771.230;1817.158;-0.064;1.910;1277.085;1539.199;437.192;1988.170;1947.747;2637.919;919.344;1151.809;3599.645;2213.401;2730.091;1950.478;3019.463;2436.209;3591.643;485.499;955.384;1502.820;1813.549;2776.876;3335.609;2327.419;3601.961;2780.946;283.037;2148.949;2197.051;2798.398;3253.638;509.650;365.256;2897.762;-2.627;3460.696,1387.233;3598.452;3598.248;512.908;3599.337;2820.283;480.079;2707.146;3598.240;2887.315;-0.556;1902.055;1334.054;0.650;3582.142;3134.676;612.355;2371.037;1851.255;1322.910;1822.112;1927.425;3360.157;1.873;2444.463;1963.038;171.418;357.258;2530.311;3331.682;-0.377;1553.771;3574.240;1686.981;1105.911;974.054;1.944;275.982;2337.562;2192.550;2117.196;1056.785;3434.130;3592.895;2212.916;2764.813;2902.263;1272.366;801.868;816.189;730.229;1622.311;-1.799;1254.414;2185.434;1495.985;2085.122;2641.243;3196.773;1127.332;608.549;1640.269;2579.214;316.331;380.087;1062.241;851.673;1737.910;2320.621;1138.051;3601.150;2872.844;2127.405;1364.171;6.387;2487.955;2613.934;4.840;3073.743;3268.791;2136.078;2844.172;3251.797;3398.897;1368.677;34.943;875.780;177.629;1604.670;1842.619;3095.445;3017.895;856.485;3596.618;260.440;1698.656;382.859;683.686;16.013;630.293
283,514.2712428569794,282,-561.0259433482,561.0259433482,0.08476970402682617,3413.977;3601.149;3248.433;2093.990;402.900;3.261;1328.662;1168.049;1405.950;1658.647;2381.405;1964.004;2966.484;3220.514;2295.930;1588.187;795.021;3598.529;1034.362;566.957;3.157;3591.758;108.330;1000.197;0.374;484.687;1392.637;3600.580;709.308;3603.741;286.994;1093.338;850.882;3212.739;3602.091;692.371;1481.079;896.691;2873.512;2297.266;1.025;2715.643;2889.586;0.951;1359.815;3170.795;3600.103;2395.999;0.296;1710.573;410.241;2092.605;624.664;4.187;1858.896;-1.616;3023.035;3599.334;3404.686;1224.657;2387.164;2547.438;1768.216;1814.802;-3.177;-0.102;1276.103;1536.691;433.997;1985.454;1944.623;2641.097;921.818;1154.491;3600.272;2216.344;2728.471;1950.653;3016.201;2438.202;3593.273;482.275;952.745;1506.069;1816.225;2779.994;3332.502;2329.616;3598.859;2784.035;286.109;2145.723;2193.999;2798.502;3251.065;512.457;362.387;2900.934;0.457;3462.725,1384.170;3598.422;3601.231;509.726;3596.442;2821.778;482.676;2704.883;3595.465;2886.146;1.521;1904.854;1336.917;2.072;3585.254;3137.667;613.333;2368.321;1851.703;1321.410;1820.001;1924.958;3359.936;-1.397;2447.519;1961.775;168.188;360.046;2527.229;3328.496;0.646;1556.763;3577.457;1688.037;1102.770;971.768;0.869;278.923;2336.296;2190.842;2115.142;1059.443;3432.725;3595.209;2210.714;2767.754;2905.481;1270.363;803.619;816.653;733.047;1619.907;1.361;1257.308;2188.401;1492.872;2087.848;2639.941;3199.967;1125.748;611.407;1637.759;2576.264;319.279;378.846;1059.178;848.717;1734.913;2322.719;1134.852;3598.119;2875.331;2130.512;1363.702;6.773;2489.880;2610.773;1.757;3070.525;3266.556;2138.847;2841.261;3253.123;3401.535;1369.760;31.803;878.581;180.262;1606.532;1844.615;3098.282;3020.095;859.025;3598.671;257.326;1695.609;382.528;681.067;13.474;632.833
284,516.1349239349365,283,-561.1300884002573,561.1300884002573,0.07664054237979719,3412.575;3598.840;3245.546;2096.394;404.797;0.292;1329.229;1165.348;1409.037;1655.485;2378.199;1961.940;2969.649;3223.638;2293.067;1585.646;792.902;3601.043;1035.935;564.134;1.012;3594.913;106.262;1003.097;0.121;481.823;1395.752;3597.990;712.436;3600.686;284.375;1092.721;850.002;3209.540;3599.093;690.644;1478.113;893.707;2876.624;2297.125;3.962;2713.444;2886.571;1.570;1362.347;3173.617;3599.468;2393.074;-1.603;1707.435;412.310;2095.518;622.920;1.891;1859.164;1.412;3020.146;3601.998;3403.245;1226.344;2384.889;2545.278;1765.382;1811.600;-0.044;0.182;1278.512;1538.508;434.960;1985.697;1944.768;2638.364;919.007;1154.986;3602.645;2219.188;2731.612;1953.769;3013.190;2438.320;3594.004;484.939;950.583;1503.347;1817.931;2783.221;3329.903;2332.813;3598.501;2782.160;283.186;2147.857;2196.524;2801.653;3247.911;509.726;364.136;2904.160;0.520;3464.698,1386.573;3601.384;3598.155;506.843;3598.647;2819.013;485.838;2701.683;3598.438;2884.069;-0.444;1908.011;1334.195;-0.431;3582.528;3135.622;610.276;2365.876;1854.313;1318.261;1816.841;1921.758;3362.304;0.691;2446.821;1958.744;171.093;363.207;2524.079;3325.909;-1.901;1556.978;3575.934;1686.811;1099.539;968.580;-2.285;276.103;2333.386;2193.835;2112.036;1062.227;3429.556;3598.243;2207.873;2770.980;2908.594;1272.699;801.113;813.856;736.245;1622.943;0.272;1260.371;2187.141;1489.704;2085.450;2642.916;3203.159;1127.220;614.557;1635.827;2573.791;321.373;381.848;1056.330;851.548;1737.599;2325.690;1131.731;3598.363;2873.083;2133.380;1360.696;9.113;2493.068;2608.384;0.386;3067.725;3266.070;2142.061;2843.732;3250.292;3401.297;1367.180;34.062;881.153;181.591;1609.633;1847.804;3095.766;3018.516;862.105;3601.846;254.737;1695.408;383.075;682.727;12.133;630.109
285,518.0084776878357,284,-561.036919122343,561.036919122343,0.11006421039288446,3412.049;3597.735;3244.173;2099.177;401.798;1.994;1326.182;1168.049;1406.071;1652.444;2379.378;1964.975;2972.306;3221.166;2290.337;1582.473;795.055;3603.314;1039.055;560.956;-1.214;3594.698;109.306;1006.284;0.605;484.701;1392.999;3597.973;710.109;3600.676;281.198;1089.711;846.906;3210.157;3596.723;687.501;1481.169;890.872;2879.472;2300.205;0.932;2715.989;2886.101;-1.424;1362.268;3176.686;3600.895;2389.954;1.379;1704.360;415.284;2097.916;625.362;4.983;1858.433;3.794;3017.091;3599.019;3403.258;1229.403;2384.761;2547.725;1767.562;1808.415;1.532;-2.931;1281.680;1541.644;438.077;1984.558;1947.411;2635.183;915.826;1153.556;3599.624;2216.173;2734.656;1951.619;3016.228;2435.398;3594.079;483.299;953.665;1504.430;1821.075;2780.385;3332.797;2330.767;3600.959;2779.010;281.252;2151.008;2199.660;2798.981;3250.590;506.668;363.320;2903.303;0.105;3461.643,1389.387;3603.902;3594.968;508.893;3601.808;2815.847;482.857;2698.713;3601.533;2884.445;1.455;1906.141;1334.309;-3.251;3580.346;3138.618;607.352;2363.345;1857.264;1315.074;1819.039;1918.664;3359.256;3.833;2444.147;1961.662;168.477;364.097;2526.652;3322.942;0.795;1554.716;3573.443;1689.901;1102.511;971.505;0.585;277.904;2331.750;2196.959;2115.003;1064.368;3429.296;3595.388;2209.955;2769.367;2907.161;1270.981;801.522;816.547;733.466;1624.111;-2.124;1257.455;2184.008;1490.613;2087.703;2641.578;3205.771;1130.085;611.927;1632.685;2576.365;323.576;379.007;1058.507;849.675;1740.739;2322.695;1131.268;3595.439;2876.133;2131.325;1363.470;12.254;2496.139;2610.951;3.459;3067.272;3269.155;2145.026;2846.889;3250.914;3404.298;1364.107;37.215;878.066;178.491;1606.797;1851.007;3097.237;3015.375;865.194;3599.137;251.562;1692.632;386.199;685.802;8.995;632.470
286,519.7152972221375,285,-560.957619083187,560.957619083187,0.05831068434920992,3409.116;3600.695;3241.070;2097.752;399.365;5.082;1328.833;1165.251;1403.458;1649.321;2377.663;1963.966;2975.289;3224.016;2287.202;1584.578;793.845;3600.240;1042.218;558.032;1.811;3596.213;111.984;1009.359;1.124;482.470;1389.863;3600.990;706.987;3600.745;279.264;1092.244;844.604;3213.239;3593.931;689.451;1483.728;887.721;2880.030;2297.307;-1.644;2714.104;2883.238;-0.203;1365.248;3179.521;3597.863;2387.051;2.287;1706.526;412.562;2101.042;622.559;5.297;1855.341;1.353;3019.098;3600.286;3406.326;1232.440;2381.679;2545.313;1770.552;1805.677;1.741;-0.477;1280.056;1544.805;440.697;1987.594;1944.517;2633.256;913.442;1150.458;3600.067;2217.592;2735.801;1954.474;3017.640;2438.375;3597.156;480.205;955.289;1507.379;1823.826;2782.865;3330.552;2333.163;3598.764;2778.272;283.826;2153.770;2197.915;2796.188;3247.765;506.869;363.836;2906.110;-2.762;3463.808,1392.466;3600.833;3592.014;511.928;3599.427;2817.062;483.574;2698.960;3598.821;2882.578;-1.593;1903.204;1336.780;-0.250;3577.223;3138.024;609.697;2360.252;1859.564;1313.968;1821.951;1920.862;3361.869;5.275;2441.189;1960.362;170.860;361.805;2529.560;3325.916;1.088;1551.768;3570.349;1692.153;1102.934;971.684;-0.705;275.229;2334.567;2195.415;2116.175;1067.126;3430.768;3595.353;2213.034;2772.178;2905.404;1267.876;804.182;813.781;734.575;1627.209;0.827;1257.577;2183.953;1492.293;2085.007;2644.014;3205.609;1127.594;608.898;1631.166;2578.827;320.566;381.125;1055.550;849.825;1743.404;2320.527;1129.544;3595.189;2878.540;2128.494;1366.512;11.195;2499.193;2612.582;5.342;3064.352;3271.534;2145.271;2845.013;3253.846;3407.030;1366.650;39.666;875.588;176.163;1604.840;1848.805;3100.029;3012.659;868.013;3600.787;249.997;1694.804;384.315;688.805;11.086;632.429
287,521.5684814453125,286,-560.914534617903,560.914534617903,0.0662727537948974,3405.996;3603.372;3243.431;2096.184;401.385;8.208;1326.041;1162.158;1402.471;1652.034;2380.612;1966.864;2973.073;3227.127;2287.338;1585.132;796.859;3598.143;1041.081;555.404;-0.175;3599.266;110.986;1009.986;2.490;482.981;1390.756;3602.262;707.234;3597.947;281.559;1089.387;841.604;3215.702;3596.016;686.841;1486.083;890.031;2880.769;2300.234;1.355;2716.984;2883.026;-1.009;1364.051;3182.584;3600.234;2384.081;0.143;1708.159;409.466;2102.952;620.087;2.430;1857.623;-1.440;3019.001;3598.374;3406.534;1235.541;2378.591;2542.575;1769.242;1807.907;-0.248;2.163;1282.843;1543.917;443.788;1985.032;1943.352;2630.302;910.494;1147.568;3599.896;2214.590;2738.800;1951.784;3016.487;2440.843;3600.256;477.242;958.307;1504.440;1821.002;2783.387;3331.745;2336.176;3595.748;2779.523;281.468;2154.215;2197.207;2793.300;3245.354;503.839;366.890;2903.685;0.206;3460.877,1393.476;3600.011;3590.826;514.137;3600.309;2814.488;481.713;2701.043;3597.514;2884.910;1.049;1902.369;1339.839;-1.190;3577.411;3137.224;612.587;2363.216;1856.631;1311.017;1825.053;1923.343;3363.856;7.946;2443.667;1960.501;169.299;358.737;2532.384;3324.575;-0.938;1548.652;3567.593;1689.895;1101.045;972.539;1.704;275.209;2336.445;2196.534;2119.168;1064.714;3433.836;3594.191;2213.961;2774.700;2903.056;1265.203;801.512;812.417;733.189;1629.093;1.368;1260.519;2184.614;1495.368;2082.572;2641.529;3202.772;1127.904;606.903;1629.557;2581.649;318.108;379.973;1053.305;851.092;1743.958;2320.398;1131.679;3592.382;2880.803;2125.688;1364.211;9.188;2498.354;2614.249;8.280;3066.510;3273.852;2145.260;2845.504;3256.962;3409.110;1369.494;40.092;873.066;173.370;1602.506;1846.248;3103.081;3012.943;868.734;3598.372;252.633;1691.876;382.805;691.603;8.792;635.356
288,523.4285945892334,287,-560.9544960134638,560.9544960134638,0.09456057381787296,3407.510;3600.401;3245.152;2098.924;400.511;8.935;1328.703;1159.401;1403.820;1652.608;2378.469;1966.912;2970.476;3226.034;2284.639;1588.100;795.219;3597.687;1038.894;557.838;-1.611;3602.258;112.052;1007.099;-0.032;480.018;1390.698;3599.293;704.354;3600.455;278.954;1089.373;839.976;3218.032;3595.733;684.800;1488.682;888.028;2878.686;2300.020;0.450;2714.910;2882.115;1.901;1361.433;3185.667;3599.012;2385.398;-2.895;1705.347;409.411;2105.754;618.122;0.049;1860.287;1.232;3016.013;3600.349;3406.223;1233.716;2381.128;2541.879;1766.269;1805.445;2.188;4.865;1281.643;1543.300;446.075;1986.946;1945.821;2631.573;912.439;1144.568;3602.423;2214.568;2737.164;1949.878;3013.487;2439.596;3600.388;476.033;958.373;1502.850;1823.120;2780.748;3334.276;2339.262;3597.463;2782.259;283.118;2151.318;2194.655;2794.511;3246.798;504.326;366.852;2906.195;-1.044;3459.830,1391.023;3602.388;3587.883;514.692;3603.241;2815.613;483.469;2704.092;3600.410;2881.918;-1.227;1899.348;1342.921;-0.072;3574.428;3134.241;614.439;2363.812;1856.763;1308.857;1822.330;1926.078;3361.505;11.013;2440.861;1963.416;167.309;356.200;2534.803;3322.247;1.171;1551.396;3564.526;1686.866;1102.912;970.137;-1.003;273.139;2339.490;2199.551;2118.586;1061.662;3436.832;3592.471;2216.975;2772.302;2905.977;1263.515;798.438;813.762;730.177;1632.072;-1.155;1258.847;2181.635;1498.394;2084.018;2639.189;3199.996;1130.880;604.567;1626.571;2578.828;315.226;377.042;1056.254;854.121;1746.886;2322.089;1134.724;3594.452;2883.861;2122.608;1362.646;11.982;2501.233;2617.201;11.365;3063.758;3276.912;2148.263;2842.537;3254.240;3412.145;1367.344;43.107;870.014;174.187;1605.406;1848.048;3105.466;3010.087;866.044;3601.117;250.611;1689.869;379.859;694.681;6.808;632.562
289,525.314849615097,288,-560.9604129219379,560.9604129219379,0.09555574566227781,3409.859;3601.005;3248.115;2101.966;397.676;8.491;1328.678;1161.961;1406.816;1655.502;2380.283;1969.606;2970.624;3226.696;2287.205;1585.553;792.346;3600.087;1036.257;556.825;1.326;3599.382;115.039;1004.132;2.755;477.756;1393.669;3599.037;701.322;3597.885;276.163;1086.536;838.096;3221.031;3592.770;681.786;1485.875;890.648;2879.990;2302.780;-1.429;2717.103;2879.128;4.697;1364.125;3183.175;3596.592;2382.476;-0.012;1702.363;407.723;2104.667;615.109;-0.570;1863.096;2.751;3013.074;3598.419;3409.143;1235.787;2379.072;2544.843;1763.234;1808.160;5.150;4.751;1283.927;1546.195;449.092;1984.083;1948.694;2628.998;915.014;1147.068;3599.482;2212.242;2739.229;1947.002;3016.267;2436.607;3597.718;473.059;956.442;1499.848;1826.103;2777.714;3337.303;2339.921;3596.659;2781.091;280.232;2153.626;2192.981;2797.504;3247.746;501.578;369.725;2904.505;0.873;3457.105,1388.015;3599.760;3588.983;517.667;3600.497;2812.762;480.576;2701.596;3603.443;2884.103;1.229;1901.230;1343.890;0.980;3576.961;3134.453;611.532;2366.735;1854.038;1311.388;1823.447;1923.339;3361.347;9.012;2441.540;1965.737;170.221;353.709;2531.957;3322.982;-1.549;1550.097;3566.860;1688.814;1100.053;972.943;-3.419;276.009;2342.032;2201.132;2121.456;1061.854;3433.953;3595.423;2215.989;2769.290;2903.210;1264.685;795.518;816.759;730.016;1634.971;-0.052;1261.473;2182.085;1500.952;2087.014;2636.163;3202.775;1133.825;601.545;1627.879;2580.736;316.439;378.533;1056.305;851.847;1749.937;2319.158;1132.175;3591.714;2885.315;2125.164;1365.410;9.165;2500.944;2620.251;9.452;3066.427;3274.990;2145.693;2840.462;3251.650;3409.601;1364.705;40.930;868.324;171.347;1607.827;1850.741;3102.660;3007.733;868.867;3604.066;252.387;1686.931;382.705;694.241;3.795;630.574
290,527.01704454422,289,-560.9676812051159,560.9676812051159,0.048734937920318355,3412.831;3598.503;3250.351;2099.390;400.358;5.571;1328.585;1160.779;1405.137;1653.333;2380.639;1972.583;2973.492;3229.012;2288.565;1586.640;789.338;3602.835;1038.994;553.882;0.730;3597.972;117.376;1004.678;0.368;477.706;1393.678;3600.623;699.292;3599.310;273.155;1083.783;835.122;3223.078;3594.135;682.645;1484.524;892.158;2882.944;2305.055;1.410;2719.906;2878.151;2.351;1367.119;3183.955;3593.912;2379.995;0.916;1704.801;404.807;2107.538;614.134;2.326;1860.574;5.218;3013.914;3600.702;3411.755;1238.766;2376.341;2542.767;1765.127;1806.795;3.793;1.983;1286.648;1549.196;449.050;1985.074;1945.843;2625.997;912.320;1144.650;3600.008;2209.812;2742.211;1947.611;3018.937;2438.528;3595.249;470.109;959.289;1499.757;1828.067;2775.601;3334.949;2341.903;3599.043;2778.140;281.535;2152.980;2195.855;2796.016;3245.474;498.616;371.110;2907.272;-0.691;3455.737,1384.997;3600.549;3586.754;515.586;3598.641;2814.881;482.577;2703.010;3600.671;2884.009;2.197;1903.939;1346.298;3.737;3577.185;3131.585;608.967;2364.453;1855.481;1308.594;1824.466;1925.441;3364.265;6.449;2444.406;1962.911;172.357;356.590;2528.985;3325.923;1.331;1547.431;3568.163;1686.044;1097.216;970.845;-0.526;275.259;2344.595;2201.842;2124.391;1064.683;3434.660;3595.084;2213.353;2771.908;2904.166;1267.644;794.826;819.774;732.909;1637.912;0.106;1263.705;2184.600;1503.890;2090.029;2633.143;3202.533;1133.075;599.706;1630.761;2578.175;313.638;377.015;1058.220;849.129;1747.998;2316.601;1129.559;3590.992;2887.131;2128.017;1364.335;7.844;2503.811;2618.389;6.867;3065.136;3272.717;2146.997;2837.494;3248.766;3410.353;1367.519;38.199;865.924;171.270;1610.643;1853.595;3105.255;3007.061;866.165;3601.254;249.533;1683.975;381.671;691.481;0.941;633.148
291,528.8677608966827,290,-561.0208322989132,561.0208322989132,0.0869878586652518,3415.510;3600.440;3248.052;2102.202;403.326;8.291;1325.680;1159.245;1407.089;1653.923;2383.508;1975.560;2971.078;3231.948;2291.470;1585.114;789.459;3599.964;1041.815;550.944;3.027;3599.039;114.687;1007.557;-2.593;480.605;1396.461;3597.794;701.711;3602.235;272.705;1080.981;832.166;3226.015;3595.660;684.537;1481.597;894.943;2880.354;2308.010;0.549;2722.870;2875.386;4.856;1364.346;3181.247;3593.673;2377.168;0.051;1707.763;401.828;2105.002;611.350;0.313;1857.791;2.437;3011.071;3597.986;3409.550;1241.394;2373.367;2541.500;1768.070;1803.916;0.942;4.309;1289.622;1551.771;446.789;1982.197;1942.864;2623.261;909.347;1144.077;3600.447;2206.852;2745.163;1944.816;3021.862;2438.321;3598.086;470.199;962.251;1496.995;1830.243;2777.499;3337.255;2339.070;3596.187;2780.720;278.844;2151.547;2198.817;2796.066;3242.521;495.656;374.039;2906.107;0.482;3452.944,1382.180;3603.330;3584.070;516.634;3598.036;2812.024;480.153;2701.587;3598.928;2881.389;0.717;1906.906;1349.247;0.928;3580.034;3134.276;606.602;2367.114;1852.650;1305.695;1827.360;1923.314;3367.241;8.768;2447.385;1965.469;175.305;354.266;2526.360;3323.254;0.707;1549.176;3570.436;1688.489;1094.242;972.930;-1.773;277.967;2342.416;2204.745;2126.026;1062.423;3431.902;3592.488;2210.455;2769.396;2901.377;1264.985;796.887;818.293;733.699;1635.908;-2.756;1266.655;2182.538;1506.686;2089.238;2634.333;3205.407;1135.348;596.781;1629.445;2579.620;316.043;374.084;1055.514;846.219;1750.527;2318.384;1131.628;3588.091;2884.313;2130.370;1361.413;10.629;2501.751;2621.247;5.487;3068.001;3274.992;2145.252;2839.165;3251.320;3407.598;1370.467;35.988;868.681;168.431;1613.434;1850.945;3108.191;3009.948;868.833;3600.368;251.172;1681.002;384.480;692.587;-2.035;630.626
292,530.7370705604553,291,-561.0427436694772,561.0427436694772,0.06771561443962469,3412.853;3598.383;3245.141;2100.431;404.097;6.296;1327.198;1156.377;1407.053;1653.972;2386.412;1974.401;2973.680;3229.334;2289.785;1586.859;792.145;3599.626;1040.269;549.397;0.803;3598.835;114.151;1010.483;0.181;482.908;1396.046;3599.844;704.566;3599.587;275.371;1083.536;829.445;3227.477;3598.542;687.405;1478.991;896.542;2881.382;2307.196;2.484;2721.530;2877.502;2.638;1365.923;3183.287;3590.853;2377.923;-2.800;1708.401;401.680;2107.288;608.408;-1.599;1854.850;4.076;3013.760;3596.374;3412.250;1244.249;2374.008;2538.769;1770.230;1801.000;-2.004;6.447;1287.167;1554.221;443.896;1983.044;1940.422;2623.413;906.685;1141.219;3597.843;2206.959;2746.844;1946.947;3022.786;2441.136;3600.524;472.245;960.768;1497.848;1827.492;2780.367;3334.714;2336.256;3598.081;2778.362;280.731;2154.309;2201.521;2793.292;3245.056;495.978;374.140;2908.712;-2.327;3455.245,1379.244;3600.546;3586.927;513.790;3595.212;2814.435;482.927;2704.420;3599.039;2884.182;3.497;1909.492;1348.310;3.305;3582.361;3133.006;603.677;2367.631;1853.139;1302.855;1830.141;1921.008;3369.090;5.941;2449.659;1962.956;177.779;355.984;2523.427;3323.933;-1.661;1548.218;3573.148;1686.215;1091.995;970.808;0.700;275.312;2339.501;2202.023;2123.725;1065.046;3432.864;3595.281;2207.612;2769.959;2899.182;1266.458;794.174;821.067;736.558;1634.615;0.082;1269.574;2185.317;1507.828;2092.010;2631.655;3205.998;1132.584;598.923;1632.302;2582.351;313.641;376.827;1054.275;844.742;1750.996;2321.289;1129.073;3590.733;2881.382;2130.515;1358.655;7.862;2502.374;2618.800;2.594;3068.089;3274.040;2142.348;2836.415;3250.341;3404.809;1372.279;33.068;871.597;171.161;1616.377;1850.886;3106.044;3012.879;866.421;3597.884;249.997;1682.418;382.175;689.834;0.546;633.245
293,532.4295299053192,292,-561.0850537197778,561.0850537197778,0.037465429078233484,3410.618;3597.225;3247.761;2097.995;401.411;5.289;1329.071;1159.122;1404.284;1656.802;2389.275;1972.808;2971.219;3231.106;2287.010;1584.068;794.966;3599.470;1037.717;547.917;0.966;3601.624;115.441;1008.510;-0.345;480.163;1398.478;3601.166;703.819;3599.835;278.089;1081.189;826.724;3227.200;3598.374;684.671;1480.797;893.899;2878.716;2309.341;-0.139;2723.942;2879.982;1.351;1363.660;3186.027;3593.131;2380.678;-0.063;1710.865;399.983;2105.232;609.338;1.147;1856.339;1.676;3014.218;3598.539;3410.428;1246.888;2374.810;2541.512;1770.254;1799.973;0.648;8.654;1289.540;1551.661;446.436;1981.869;1942.741;2623.804;904.501;1143.773;3599.127;2207.173;2745.109;1944.626;3020.442;2440.277;3599.321;469.936;958.482;1497.836;1826.404;2778.355;3336.432;2337.673;3600.949;2776.300;278.626;2157.203;2199.263;2791.658;3244.961;498.296;372.386;2907.499;0.420;3457.853,1376.945;3599.685;3587.400;512.632;3597.446;2816.658;485.697;2704.212;3601.274;2884.146;2.365;1909.038;1350.927;2.066;3579.949;3130.323;600.761;2369.344;1850.327;1299.947;1828.098;1921.561;3366.649;6.595;2448.635;1960.292;180.651;355.357;2524.808;3321.886;1.011;1551.012;3570.423;1683.326;1093.302;973.501;0.362;274.576;2342.232;2199.444;2126.485;1063.116;3435.436;3598.079;2210.315;2772.743;2896.760;1269.071;791.275;821.939;739.235;1637.434;-0.652;1272.282;2187.770;1510.683;2094.887;2628.770;3203.219;1134.916;597.017;1631.795;2579.592;310.753;379.512;1056.618;846.931;1753.805;2322.254;1131.533;3593.149;2878.568;2127.691;1355.783;5.157;2500.302;2620.692;1.557;3066.606;3276.865;2143.307;2833.585;3247.526;3407.052;1370.337;33.800;869.356;172.325;1619.295;1853.642;3104.514;3015.735;865.045;3599.964;252.770;1679.814;379.513;692.079;1.484;632.803
294,534.2703590393066,293,-561.1440962554059,561.1440962554059,0.08740064653459961,3408.196;3594.755;3250.575;2098.948;403.668;7.765;1331.349;1159.655;1402.318;1657.080;2391.904;1973.585;2968.683;3233.918;2284.402;1581.341;797.843;3598.727;1037.613;545.159;-1.633;3599.005;112.666;1006.708;-1.123;477.316;1396.147;3598.395;705.782;3602.459;275.601;1083.691;829.022;3225.097;3601.166;682.390;1483.633;891.092;2875.844;2312.166;-0.034;2725.824;2882.846;-1.465;1361.653;3188.899;3595.971;2383.358;1.301;1713.566;397.147;2102.411;612.145;2.791;1859.140;-0.301;3011.611;3595.835;3407.592;1244.951;2377.540;2544.231;1767.511;1797.153;1.609;5.924;1292.358;1548.812;445.238;1983.903;1944.921;2621.058;903.917;1143.724;3601.947;2204.784;2742.326;1941.772;3017.583;2442.735;3601.980;472.642;955.660;1500.524;1828.105;2779.611;3334.083;2340.222;3599.752;2778.919;276.141;2160.081;2200.274;2788.824;3242.628;501.153;374.549;2904.765;2.005;3455.170,1378.532;3601.810;3587.102;509.929;3599.722;2814.065;484.040;2702.055;3598.727;2882.893;-0.441;1906.235;1349.071;-0.751;3577.663;3132.821;600.366;2372.174;1847.450;1299.307;1830.653;1918.842;3367.635;5.201;2450.850;1960.979;182.651;358.098;2525.829;3319.046;0.800;1553.890;3568.134;1682.501;1096.090;973.021;-2.184;277.314;2344.542;2200.454;2127.114;1060.549;3437.996;3599.003;2208.853;2775.027;2894.038;1267.549;789.304;823.017;742.046;1640.163;-0.922;1273.282;2185.367;1512.420;2097.766;2627.384;3204.752;1136.289;595.246;1629.155;2582.102;312.816;377.272;1058.684;845.622;1756.682;2325.004;1134.236;3592.204;2880.139;2125.391;1352.915;3.014;2497.683;2623.427;0.242;3067.580;3279.578;2144.662;2835.189;3249.714;3408.342;1367.494;35.759;866.690;173.383;1618.607;1851.233;3107.185;3013.156;865.166;3602.763;255.615;1677.026;378.887;694.593;0.233;635.441
295,536.1346764564514,294,-561.1624304940731,561.1624304940731,0.07552159973921745,3405.375;3595.213;3250.032;2101.577;405.514;8.387;1330.442;1156.953;1404.180;1655.350;2394.690;1976.295;2970.623;3236.525;2281.933;1583.026;800.590;3596.117;1034.840;547.068;1.091;3600.891;110.166;1007.764;1.592;475.538;1397.416;3598.768;703.201;3599.966;274.562;1086.027;830.906;3227.800;3600.098;682.022;1482.463;893.368;2875.199;2314.801;-2.490;2725.847;2880.888;1.055;1364.218;3190.963;3596.218;2380.940;2.660;1716.407;394.369;2100.383;609.978;5.524;1861.304;-3.113;3011.967;3596.843;3407.258;1242.152;2375.152;2543.361;1764.938;1797.995;-0.174;4.403;1291.887;1548.227;443.868;1985.459;1942.261;2622.908;906.367;1141.442;3599.717;2203.537;2744.570;1939.042;3016.711;2445.348;3599.404;471.211;958.045;1498.297;1825.378;2782.401;3334.617;2337.720;3601.390;2781.678;277.506;2160.276;2202.740;2789.028;3239.804;501.625;377.364;2901.924;0.315;3452.363,1381.313;3599.356;3588.660;507.233;3598.373;2813.863;482.665;2704.221;3600.657;2880.251;-1.648;1904.330;1351.237;0.278;3576.951;3132.663;599.819;2371.508;1845.122;1299.939;1833.411;1916.018;3370.364;2.451;2448.323;1958.488;184.488;355.763;2528.537;3320.147;-0.497;1553.269;3570.228;1684.230;1096.629;970.513;0.440;276.611;2346.967;2202.124;2127.750;1062.765;3435.776;3601.345;2211.079;2774.251;2892.054;1264.924;790.801;822.752;740.029;1642.349;1.708;1273.705;2185.676;1514.454;2097.862;2629.835;3206.533;1133.633;594.513;1626.333;2580.795;313.881;377.966;1057.847;848.360;1758.007;2327.600;1133.176;3594.460;2878.720;2124.385;1355.212;1.119;2500.406;2624.712;-2.210;3070.366;3278.890;2142.350;2834.165;3252.495;3406.007;1365.958;37.253;866.005;170.791;1616.180;1848.788;3107.861;3010.576;864.428;3600.248;257.726;1677.129;376.173;694.299;1.464;636.910
296,537.8223979473114,295,-561.1119513997903,561.1119513997903,0.0691913481540745,3406.233;3597.673;3247.307;2099.589;402.890;11.099;1333.175;1158.368;1401.458;1652.580;2393.073;1974.300;2973.332;3235.860;2279.240;1585.783;803.285;3595.770;1037.339;544.399;0.675;3598.357;112.555;1010.516;2.962;477.651;1394.703;3601.240;702.493;3599.473;277.250;1088.467;828.251;3229.598;3601.537;684.497;1485.041;890.703;2877.056;2317.390;0.214;2725.113;2883.210;-1.437;1362.533;3193.600;3598.685;2379.417;0.132;1719.112;395.321;2102.650;611.419;3.453;1858.805;-0.427;3014.689;3599.553;3409.310;1244.336;2377.328;2541.233;1767.400;1795.370;-2.877;3.475;1289.260;1550.720;441.107;1988.118;1939.473;2620.543;903.683;1138.664;3600.660;2200.778;2744.611;1941.419;3019.348;2442.995;3600.809;473.722;960.788;1500.904;1823.234;2782.366;3331.898;2336.598;3598.740;2783.095;275.508;2162.384;2205.427;2786.317;3240.146;500.444;376.506;2903.789;-1.952;3454.892,1380.946;3601.509;3591.399;505.223;3599.420;2811.324;480.120;2706.980;3598.073;2880.890;1.023;1901.955;1353.932;-0.992;3579.677;3134.997;597.195;2373.769;1842.751;1297.568;1836.217;1914.264;3373.097;4.470;2450.947;1956.173;181.876;353.554;2526.636;3319.466;2.168;1550.749;3573.010;1682.531;1098.458;973.163;-0.169;274.262;2344.336;2204.865;2130.439;1065.196;3437.577;3598.628;2208.466;2776.529;2889.332;1262.196;790.373;825.489;742.586;1640.332;3.802;1270.999;2188.236;1517.173;2100.453;2627.674;3208.982;1130.851;591.809;1627.433;2578.429;316.145;375.281;1055.123;845.808;1760.716;2325.464;1135.618;3591.800;2875.961;2126.958;1354.586;3.634;2502.725;2623.399;0.505;3070.877;3280.866;2140.006;2836.825;3255.258;3403.906;1367.661;34.601;863.507;172.983;1614.328;1846.381;3110.527;3009.139;861.840;3597.781;257.404;1678.618;378.620;691.578;-1.251;639.674
297,539.6519513130188,296,-561.1551576918041,561.1551576918041,0.03312299001619502,3403.614;3600.435;3246.962;2098.622;403.260;8.564;1330.942;1159.572;1402.012;1654.716;2394.562;1971.553;2975.711;3233.174;2281.694;1585.289;801.253;3598.303;1034.860;546.647;-1.173;3600.267;112.602;1008.683;1.294;476.969;1396.787;3599.047;705.176;3601.122;276.521;1088.289;830.141;3226.952;3598.939;682.088;1482.978;893.080;2879.505;2315.484;-0.269;2722.421;2881.311;0.748;1365.168;3191.548;3597.433;2382.032;0.628;1716.920;397.723;2105.179;608.908;0.835;1859.390;1.088;3017.433;3600.852;3407.188;1243.158;2375.010;2538.484;1764.962;1797.627;-0.255;5.055;1289.050;1553.000;440.196;1990.887;1938.058;2617.894;904.620;1141.115;3598.136;2203.117;2747.290;1941.667;3021.122;2445.625;3598.268;472.654;959.404;1499.190;1820.481;2782.283;3329.778;2338.535;3600.395;2780.477;272.761;2160.008;2208.090;2787.740;3242.361;497.726;374.543;2906.506;0.654;3455.442,1382.646;3599.332;3594.178;502.475;3598.218;2813.411;482.555;2704.704;3599.289;2883.606;-0.862;1904.562;1351.427;1.561;3579.351;3136.702;597.882;2376.149;1844.796;1300.150;1838.744;1911.614;3375.852;2.185;2452.577;1953.428;179.124;350.917;2523.910;3322.114;1.424;1553.131;3575.426;1680.406;1095.967;970.809;1.178;275.914;2341.617;2203.470;2128.022;1067.943;3435.375;3598.406;2205.701;2779.286;2891.945;1264.758;788.288;826.855;745.000;1637.599;6.515;1271.431;2191.005;1514.663;2098.311;2628.107;3210.557;1128.149;594.466;1629.905;2575.672;318.885;374.440;1052.348;845.972;1758.276;2327.385;1133.003;3593.961;2875.200;2129.718;1354.192;4.235;2505.484;2620.676;-0.940;3068.237;3278.206;2142.666;2837.450;3252.873;3401.829;1370.397;31.926;866.103;175.734;1614.079;1848.958;3111.621;3011.587;859.409;3599.242;256.043;1681.345;377.153;688.802;0.278;641.183
298,541.5005218982697,297,-561.2557014316917,561.2557014316917,0.06331176287839316,3405.403;3597.904;3248.906;2096.022;405.869;6.271;1332.671;1162.135;1404.661;1656.003;2391.944;1972.093;2973.373;3235.425;2284.406;1582.640;802.378;3601.040;1034.235;548.876;1.423;3599.224;110.303;1005.986;-1.340;474.297;1399.362;3596.366;707.675;3599.509;273.884;1090.881;832.080;3226.407;3597.287;679.566;1480.305;892.988;2877.211;2315.549;0.191;2724.962;2879.887;1.726;1365.414;3190.222;3597.443;2384.664;-0.274;1716.620;395.386;2102.676;610.210;1.620;1862.028;0.739;3015.491;3598.219;3404.591;1240.467;2375.838;2539.492;1762.622;1798.657;1.200;2.530;1286.934;1550.451;441.002;1989.510;1939.497;2615.820;907.159;1143.844;3600.154;2202.646;2745.263;1939.214;3023.382;2445.410;3598.927;474.810;956.737;1496.550;1820.404;2780.075;3332.008;2341.234;3600.590;2780.516;270.040;2161.479;2210.833;2788.239;3239.815;500.128;376.887;2908.739;2.184;3457.415,1380.156;3600.665;3595.760;503.994;3600.827;2811.006;480.659;2703.762;3601.932;2883.435;-1.984;1902.874;1352.225;-0.579;3579.786;3138.958;598.569;2378.869;1842.370;1302.345;1838.194;1914.187;3376.403;-0.078;2450.651;1954.827;181.512;349.780;2525.974;3323.023;-0.612;1555.701;3575.864;1677.713;1098.271;969.603;-1.433;278.618;2342.899;2204.951;2127.703;1065.590;3432.685;3599.983;2205.753;2776.972;2891.470;1263.486;790.191;824.448;747.067;1636.155;4.352;1268.871;2189.213;1515.671;2099.181;2629.812;3207.956;1125.404;592.956;1628.637;2577.484;318.978;372.883;1052.219;847.314;1759.725;2330.032;1134.798;3595.352;2877.740;2128.405;1356.820;2.018;2506.736;2622.165;0.927;3067.039;3279.485;2145.005;2839.681;3252.160;3399.161;1368.235;33.650;866.292;178.239;1616.730;1847.340;3113.329;3009.260;862.050;3601.891;258.293;1679.919;378.312;690.236;-1.333;638.864
299,543.3686046600342,298,-561.3039184040357,561.3039184040357,0.09081105059322682,3407.985;3599.187;3248.512;2093.741;408.014;8.330;1332.158;1164.833;1405.934;1656.131;2389.691;1969.591;2973.199;3233.833;2284.183;1581.079;804.957;3599.010;1033.545;551.342;0.457;3601.274;107.717;1004.018;0.975;473.609;1401.618;3594.329;710.363;3601.956;276.120;1089.973;832.547;3223.777;3599.811;679.987;1477.930;894.377;2879.258;2317.525;0.822;2727.449;2881.886;1.220;1362.820;3187.559;3600.009;2387.229;-2.767;1719.033;392.963;2100.120;608.840;4.235;1860.994;-0.887;3013.040;3600.426;3402.072;1237.967;2378.467;2538.321;1764.190;1800.610;-0.376;-0.170;1284.860;1548.137;438.381;1986.889;1937.263;2618.440;908.226;1146.506;3602.666;2204.966;2743.837;1939.135;3020.976;2443.550;3596.621;477.487;954.479;1497.067;1817.873;2782.681;3331.945;2340.671;3597.990;2783.147;267.759;2158.890;2211.752;2790.633;3237.651;502.739;375.356;2906.945;0.698;3459.844,1377.464;3598.191;3598.415;501.584;3598.253;2812.466;483.022;2706.202;3599.517;2881.124;0.581;1904.807;1354.832;1.844;3581.423;3136.329;595.939;2376.979;1839.695;1299.860;1835.579;1912.449;3378.417;-2.766;2447.974;1954.228;183.875;351.315;2523.557;3325.257;-2.082;1557.759;3578.112;1679.208;1095.826;967.326;-0.132;279.585;2345.035;2202.322;2125.073;1063.010;3431.512;3602.623;2208.365;2774.679;2893.927;1265.529;792.871;821.780;749.528;1637.709;1.692;1270.876;2191.764;1518.151;2101.741;2632.486;3209.675;1125.287;594.388;1628.670;2575.232;321.518;375.483;1051.500;847.526;1757.776;2332.726;1137.313;3598.011;2879.581;2129.934;1354.426;-0.662;2504.862;2622.090;-0.985;3064.610;3281.124;2147.662;2837.144;3252.439;3401.138;1369.870;31.724;868.900;180.943;1619.427;1844.670;3111.114;3009.438;861.880;3599.606;255.711;1682.353;375.780;691.625;1.236;636.439
300,545.0637276172638,299,-561.2201491486128,561.2201491486128,0.06779879531432512,3409.590;3596.699;3245.908;2091.079;410.670;5.809;1334.619;1162.591;1405.747;1653.546;2392.110;1970.135;2975.687;3236.391;2281.873;1583.267;804.544;3596.637;1036.058;553.260;-2.020;3599.140;108.172;1002.870;-1.118;471.182;1404.238;3592.032;711.958;3599.550;273.628;1087.355;830.034;3222.213;3601.984;677.451;1475.357;891.880;2881.009;2317.604;1.126;2726.191;2884.527;-1.287;1363.624;3189.802;3597.578;2385.234;-0.169;1717.854;390.307;2102.440;611.270;3.349;1858.682;1.517;3010.490;3598.324;3399.634;1239.822;2377.788;2535.696;1765.436;1798.102;0.074;1.234;1282.256;1548.271;440.527;1984.211;1935.147;2617.384;905.868;1148.568;3600.163;2203.230;2746.005;1936.658;3021.367;2445.157;3598.741;475.070;952.095;1498.483;1819.872;2781.803;3329.709;2341.798;3600.343;2781.187;266.007;2157.354;2214.373;2788.464;3234.995;501.364;377.941;2909.497;3.140;3457.486,1375.239;3596.178;3600.992;498.980;3596.690;2815.097;485.623;2703.904;3599.080;2882.719;2.413;1905.817;1357.510;2.474;3578.883;3133.940;593.261;2376.128;1841.974;1297.223;1833.450;1910.173;3379.671;-0.386;2445.424;1951.645;184.860;353.945;2520.912;3326.151;0.520;1555.233;3579.459;1676.630;1093.818;964.798;-2.136;282.097;2344.205;2200.360;2127.256;1064.460;3434.102;3600.214;2208.027;2776.909;2896.588;1267.962;790.628;823.934;752.200;1640.347;-0.910;1273.526;2193.585;1520.375;2104.414;2634.845;3211.908;1123.679;596.797;1626.094;2572.876;323.968;377.878;1054.046;845.004;1755.348;2335.070;1137.444;3599.629;2882.227;2128.235;1352.853;-2.353;2507.220;2619.588;1.340;3061.950;3283.590;2147.464;2834.531;3251.269;3403.789;1367.704;29.083;867.558;182.220;1621.638;1845.667;3113.560;3006.933;859.274;3600.082;253.052;1684.921;373.153;694.204;3.212;634.486
301,546.9054160118103,300,-561.2552758442804,561.2552758442804,0.06458381802083855,3411.140;3596.627;3243.270;2093.566;411.585;4.036;1336.230;1162.247;1405.782;1652.749;2390.874;1972.625;2978.086;3237.143;2284.253;1583.852;806.343;3598.735;1038.455;551.408;0.441;3598.641;110.590;1005.081;1.318;472.842;1403.174;3594.138;709.566;3600.646;272.533;1087.702;827.463;3224.546;3599.462;678.894;1476.604;889.703;2881.292;2315.070;-1.435;2728.407;2882.414;0.983;1362.815;3191.349;3598.339;2386.447;0.502;1715.279;388.097;2102.532;613.202;1.128;1856.284;1.234;3011.899;3596.657;3401.870;1242.112;2375.698;2537.714;1768.007;1795.616;0.947;-0.835;1279.615;1550.444;438.584;1984.858;1932.656;2616.113;905.310;1149.111;3599.370;2200.618;2743.754;1938.045;3023.938;2442.729;3600.939;474.802;949.468;1496.137;1822.428;2779.602;3331.721;2340.876;3602.160;2778.741;268.386;2159.610;2215.032;2788.977;3235.597;499.752;379.081;2909.381;1.342;3456.175,1377.574;3598.579;3599.338;501.125;3599.020;2813.923;483.339;2706.290;3600.798;2885.255;0.791;1903.430;1355.700;-0.004;3576.385;3136.066;595.311;2378.598;1843.889;1299.077;1835.149;1907.818;3382.270;1.010;2447.643;1952.588;182.476;356.349;2518.510;3323.708;-0.459;1552.684;3577.097;1678.646;1095.824;967.198;0.335;280.945;2345.912;2202.755;2125.048;1063.108;3432.043;3598.102;2205.705;2774.831;2894.843;1265.708;792.861;823.251;750.044;1638.774;0.996;1271.550;2191.195;1519.031;2103.697;2632.447;3214.377;1121.161;594.731;1628.162;2575.323;323.834;376.313;1056.580;842.363;1757.767;2333.037;1139.856;3602.227;2880.264;2128.998;1355.098;0.174;2504.979;2618.373;0.780;3063.503;3285.818;2145.122;2836.652;3248.865;3401.595;1370.175;31.384;865.949;180.599;1619.390;1847.413;3115.708;3007.563;858.640;3602.556;255.180;1686.667;374.867;693.803;0.984;631.878
302,548.7715096473694,301,-561.2784603938629,561.2784603938629,0.06775241745422045,3413.715;3599.135;3240.768;2094.664;411.529;1.555;1334.124;1159.701;1403.267;1650.357;2388.941;1974.815;2980.681;3235.411;2286.567;1586.408;803.949;3601.288;1040.462;549.198;-0.250;3596.106;113.139;1007.680;2.662;475.419;1400.634;3596.730;707.471;3598.211;274.785;1090.207;829.633;3222.396;3599.816;681.464;1475.043;889.276;2883.844;2312.468;1.030;2726.201;2884.732;-1.193;1361.611;3189.544;3600.791;2388.872;-0.297;1717.068;390.360;2105.055;615.339;1.595;1853.679;-1.214;3014.462;3598.535;3403.978;1243.670;2378.124;2535.488;1769.898;1796.585;-1.545;1.500;1276.997;1553.028;437.273;1986.832;1930.066;2613.609;907.604;1146.594;3599.062;2198.112;2741.352;1940.614;3025.637;2443.629;3598.498;473.025;946.886;1498.555;1820.595;2779.072;3329.345;2343.225;3599.705;2776.796;270.728;2158.425;2212.562;2786.555;3234.502;497.176;377.173;2911.438;-1.239;3458.669,1376.714;3596.907;3601.649;503.111;3601.617;2812.897;485.596;2708.895;3600.494;2887.305;-1.786;1900.863;1353.274;-0.326;3573.774;3134.080;595.519;2380.714;1845.304;1300.339;1837.728;1910.069;3384.879;-0.695;2448.893;1952.570;182.494;354.467;2518.943;3326.134;0.115;1550.088;3574.501;1680.138;1097.105;969.045;1.220;278.380;2343.501;2203.584;2122.778;1064.940;3429.726;3598.228;2207.126;2776.239;2892.446;1263.166;795.349;820.743;747.739;1636.815;1.948;1270.272;2191.350;1521.460;2101.635;2629.932;3211.896;1123.340;592.414;1630.737;2575.185;321.284;377.966;1054.385;844.144;1758.694;2330.983;1142.153;3600.105;2877.679;2127.368;1357.698;-1.219;2505.900;2616.216;-1.737;3065.492;3284.742;2147.527;2839.078;3246.381;3399.250;1372.108;33.219;865.079;182.999;1620.236;1845.303;3117.774;3010.050;860.965;3600.232;257.742;1685.669;374.056;691.311;2.312;631.345
303,550.6582510471344,302,-561.3233175199264,561.3233175199264,0.04655157268520899,3411.767;3600.348;3242.816;2093.339;414.029;-0.095;1333.246;1159.528;1405.543;1652.795;2391.358;1977.382;2982.288;3233.027;2289.137;1584.265;805.944;3598.837;1038.011;549.745;-0.234;3598.256;110.754;1008.071;1.240;474.501;1402.564;3595.429;709.734;3599.911;274.380;1092.346;829.025;3223.637;3600.848;680.625;1473.278;891.653;2884.258;2313.842;2.577;2727.651;2882.656;1.161;1364.016;3187.675;3598.349;2387.422;-1.320;1714.864;388.235;2103.295;612.873;-0.912;1855.642;1.143;3013.009;3600.366;3403.924;1244.249;2375.804;2537.683;1767.457;1794.645;0.902;3.669;1276.458;1552.568;439.555;1989.360;1930.311;2615.142;905.694;1146.936;3600.670;2195.815;2743.442;1938.701;3027.085;2441.269;3599.930;470.485;947.192;1496.409;1818.136;2780.548;3331.564;2343.850;3599.126;2774.408;268.736;2160.822;2214.656;2788.897;3236.922;494.651;379.518;2913.185;0.795;3456.923,1375.671;3599.034;3599.360;500.836;3599.352;2814.176;485.875;2708.701;3601.108;2889.827;0.489;1902.417;1351.110;-1.667;3575.908;3135.565;596.816;2383.207;1843.089;1298.628;1837.831;1907.844;3386.076;1.270;2450.854;1951.629;184.973;355.825;2520.096;3323.952;0.543;1550.500;3575.668;1681.239;1095.446;966.958;-0.919;278.537;2345.858;2204.134;2124.236;1066.848;3427.984;3600.437;2204.742;2774.938;2891.592;1265.192;792.953;822.951;749.851;1638.492;0.255;1269.495;2190.364;1522.556;2099.102;2627.711;3213.784;1124.972;594.768;1628.786;2575.721;322.603;375.681;1054.114;843.079;1760.498;2332.964;1139.863;3598.125;2878.472;2129.788;1358.353;0.781;2508.301;2613.651;0.563;3067.985;3282.210;2145.534;2837.600;3243.815;3397.062;1370.754;30.840;863.731;184.960;1620.006;1847.717;3115.333;3012.187;861.402;3601.357;257.932;1683.138;375.659;689.496;0.377;633.745
304,552.3643372058868,303,-561.3583893157066,561.3583893157066,0.09560961956902815,3413.173;3598.663;3244.820;2095.723;415.288;-2.592;1330.750;1160.317;1407.726;1652.566;2391.023;1977.485;2984.800;3232.875;2291.417;1583.154;808.289;3597.997;1036.640;552.217;-2.531;3598.502;109.986;1005.915;-1.237;476.824;1403.869;3594.326;707.691;3601.304;272.008;1094.463;831.234;3226.119;3598.436;682.583;1470.765;894.002;2886.525;2311.712;0.873;2725.386;2880.173;2.039;1366.558;3185.157;3598.321;2385.026;1.086;1712.327;385.800;2101.974;610.389;1.453;1856.752;0.652;3011.163;3602.887;3406.292;1246.642;2374.086;2539.859;1766.206;1795.919;2.426;1.321;1274.918;1554.872;441.575;1991.597;1931.072;2617.593;908.087;1147.405;3598.251;2193.491;2744.971;1939.278;3029.196;2438.811;3602.236;468.682;944.849;1494.586;1818.847;2783.058;3334.037;2341.403;3600.619;2771.875;270.475;2159.853;2216.308;2791.300;3238.098;496.715;381.886;2915.694;0.683;3454.506,1377.968;3601.457;3599.842;499.044;3600.911;2812.673;483.463;2706.594;3598.625;2892.377;-0.379;1904.866;1348.642;0.775;3576.139;3137.883;599.323;2385.754;1845.429;1301.027;1835.446;1910.071;3388.042;0.596;2448.451;1954.108;182.606;354.721;2517.805;3325.390;-1.827;1548.469;3577.654;1683.740;1092.929;968.297;1.081;280.718;2343.771;2206.611;2121.821;1064.408;3425.838;3598.208;2202.215;2772.433;2894.029;1267.352;793.181;821.237;747.614;1636.071;-2.234;1267.014;2188.032;1520.088;2096.553;2630.073;3214.811;1127.488;597.312;1629.412;2578.201;325.089;373.519;1056.583;840.611;1760.579;2335.267;1137.322;3600.130;2880.943;2132.322;1359.160;0.875;2510.596;2611.100;2.504;3066.213;3279.662;2146.228;2839.819;3241.271;3399.264;1368.576;32.384;866.203;182.582;1618.036;1849.355;3117.389;3009.743;863.308;3600.282;258.818;1685.456;378.169;686.975;-2.139;635.769
305,554.2198722362518,304,-561.3660758858821,561.3660758858821,0.08401936008677031,3414.891;3596.188;3247.144;2095.573;417.646;-0.278;1332.774;1158.708;1410.107;1650.485;2388.622;1978.124;2982.691;3235.326;2293.769;1581.945;806.001;3600.109;1034.251;554.732;-0.115;3600.870;107.714;1003.410;0.846;474.572;1406.295;3591.857;709.382;3599.499;269.512;1096.967;833.292;3224.458;3599.570;680.308;1468.244;896.112;2888.903;2311.452;-1.601;2726.096;2879.863;0.866;1367.352;3184.678;3596.321;2382.510;3.518;1709.842;385.012;2103.969;612.141;0.692;1858.953;-1.346;3008.700;3600.484;3403.909;1244.271;2371.735;2540.298;1763.807;1798.344;0.587;0.619;1276.675;1553.183;444.075;1993.811;1933.536;2615.497;910.580;1145.243;3600.502;2195.812;2743.248;1936.978;3029.239;2437.315;3599.863;466.207;942.384;1494.492;1821.303;2781.107;3335.727;2343.776;3603.046;2769.358;272.951;2157.406;2218.413;2793.643;3235.731;498.758;384.302;2918.212;1.288;3453.528,1375.732;3599.125;3602.116;496.835;3598.872;2815.117;484.241;2704.487;3600.179;2890.186;-2.198;1902.855;1350.807;2.900;3578.490;3135.584;598.591;2384.160;1846.200;1303.156;1832.932;1908.071;3385.643;-1.842;2447.488;1956.581;183.078;357.168;2515.351;3323.352;0.563;1550.747;3580.105;1682.155;1094.595;968.033;-0.210;283.186;2346.072;2204.308;2123.321;1065.711;3423.622;3600.506;2204.368;2770.440;2896.384;1269.025;794.533;821.056;745.387;1637.949;0.160;1269.289;2190.331;1520.645;2098.424;2628.270;3217.028;1126.258;596.549;1627.104;2577.059;326.718;375.907;1058.450;842.295;1758.175;2333.982;1135.254;3599.199;2882.127;2130.654;1357.107;-1.550;2508.524;2612.857;1.621;3064.536;3280.687;2143.811;2837.748;3243.346;3401.445;1366.071;31.342;865.115;182.882;1615.785;1851.549;3115.060;3011.591;860.910;3602.283;256.372;1686.645;376.138;689.219;0.208;634.094
306,556.0969207286835,305,-561.390298756321,561.390298756321,0.054711116563769153,3417.178;3594.301;3247.632;2096.690;420.122;-0.174;1330.720;1156.532;1408.450;1652.829;2390.949;1975.732;2980.809;3235.383;2295.981;1579.510;803.522;3600.591;1031.780;557.218;0.216;3598.593;105.306;1004.616;-0.877;472.638;1404.259;3591.957;711.572;3601.806;270.169;1094.711;835.703;3224.201;3601.895;681.659;1470.449;898.582;2891.325;2313.825;0.681;2728.496;2881.898;-0.460;1364.994;3182.565;3594.416;2382.944;3.191;1709.220;387.102;2106.348;610.546;-1.420;1861.374;0.967;3010.296;3599.498;3402.653;1241.822;2369.949;2540.727;1761.760;1800.775;-1.486;2.763;1279.134;1551.302;442.072;1991.444;1934.915;2617.219;910.693;1147.640;3600.819;2197.357;2741.101;1935.209;3029.952;2434.925;3599.577;464.020;944.168;1492.519;1823.408;2778.643;3333.483;2341.538;3600.711;2769.457;272.419;2154.934;2216.370;2795.860;3236.036;501.229;382.864;2920.583;-0.999;3451.699,1373.378;3599.969;3599.805;497.823;3597.517;2815.114;486.586;2706.578;3599.004;2890.480;0.154;1904.956;1350.264;1.280;3580.827;3137.451;597.862;2385.843;1843.914;1301.558;1833.609;1908.771;3387.433;0.430;2449.775;1954.771;184.641;357.952;2512.874;3321.108;-0.033;1552.974;3580.227;1680.680;1092.277;965.624;1.899;281.705;2346.112;2203.792;2122.941;1063.499;3421.221;3599.293;2206.244;2772.269;2894.783;1268.553;792.468;818.701;747.509;1638.306;0.695;1267.258;2191.251;1522.893;2099.552;2625.998;3215.272;1125.273;597.394;1625.943;2574.755;325.195;376.708;1060.914;842.762;1760.436;2336.235;1134.352;3598.288;2879.853;2130.103;1354.693;0.361;2510.310;2613.359;-0.696;3066.834;3282.842;2142.147;2838.712;3242.868;3399.426;1368.081;29.190;867.277;183.555;1618.138;1853.387;3116.034;3013.778;860.303;3599.904;256.968;1684.378;375.117;687.709;-0.137;636.292
307,557.7908585071564,306,-561.395312906166,561.395312906166,0.052401813256633054,3416.133;3594.682;3248.363;2099.035;419.208;-1.716;1330.609;1154.802;1406.749;1655.074;2392.784;1975.625;2982.634;3235.112;2296.582;1578.930;803.324;3598.306;1029.585;559.391;0.476;3596.769;107.469;1003.931;1.282;472.679;1406.069;3592.476;709.290;3599.512;272.284;1094.071;834.219;3226.588;3599.615;681.118;1469.180;899.929;2889.010;2316.203;0.123;2730.469;2879.830;1.713;1362.890;3184.513;3592.006;2380.561;1.395;1710.791;384.985;2108.542;608.189;0.401;1859.772;0.026;3012.678;3600.342;3404.934;1240.216;2371.982;2538.389;1763.685;1803.216;0.823;5.209;1278.247;1553.567;442.812;1989.131;1933.055;2617.841;910.741;1149.035;3598.627;2195.498;2743.368;1936.667;3032.356;2436.937;3600.000;465.389;942.446;1490.107;1822.099;2776.567;3332.659;2340.142;3600.492;2770.365;270.902;2153.907;2214.647;2797.815;3233.897;502.625;384.297;2919.074;1.244;3454.031,1373.089;3602.043;3600.647;500.229;3599.691;2813.915;485.091;2708.843;3599.654;2890.261;0.542;1904.110;1351.376;-0.930;3583.197;3135.551;600.164;2385.558;1845.952;1302.489;1832.765;1911.093;3388.238;1.721;2451.145;1956.464;183.169;357.392;2514.894;3318.720;-1.773;1552.020;3582.546;1681.419;1090.033;967.614;1.960;279.318;2346.057;2205.734;2122.078;1064.384;3419.239;3598.383;2205.788;2770.096;2892.706;1266.152;793.375;820.477;745.609;1636.132;-0.235;1266.713;2192.747;1525.039;2100.869;2624.379;3212.846;1127.259;595.099;1628.291;2576.814;322.781;378.454;1063.321;840.456;1761.905;2334.246;1135.038;3596.180;2881.198;2127.809;1352.634;-0.234;2507.998;2614.954;1.343;3069.002;3282.845;2143.184;2840.597;3242.039;3401.365;1370.047;26.813;866.658;181.386;1615.990;1851.132;3114.648;3015.756;862.251;3599.970;258.597;1683.595;376.946;689.246;-1.360;634.276
308,559.6364004611969,307,-561.4184191363654,561.4184191363654,0.08430495157092167,3418.446;3592.332;3250.726;2096.815;421.160;0.597;1332.907;1157.157;1409.075;1654.730;2394.190;1976.593;2983.340;3237.453;2298.832;1576.598;801.769;3596.641;1029.899;558.717;-0.899;3594.416;105.453;1001.568;-0.246;472.478;1408.122;3590.124;709.503;3600.482;270.857;1096.219;836.546;3228.164;3599.340;678.812;1467.282;897.845;2888.110;2315.042;-0.969;2732.878;2877.549;4.002;1360.961;3183.531;3590.387;2378.636;-0.979;1708.942;382.583;2106.348;609.523;0.200;1860.376;0.035;3010.555;3601.490;3405.222;1238.003;2374.387;2540.644;1761.618;1802.674;0.974;4.061;1280.539;1552.507;441.898;1986.756;1935.015;2618.854;908.464;1150.587;3600.766;2196.160;2741.233;1938.685;3034.553;2434.716;3602.341;463.050;940.046;1487.685;1824.245;2774.254;3334.864;2340.541;3601.454;2772.527;268.521;2156.038;2216.698;2800.219;3231.482;504.993;386.549;2917.670;3.583;3454.853,1370.793;3599.838;3598.869;502.549;3601.177;2811.738;484.341;2707.061;3602.021;2892.487;-0.910;1906.070;1353.747;1.164;3585.302;3135.104;598.334;2387.669;1843.796;1300.783;1834.215;1913.485;3390.102;2.611;2450.448;1954.710;185.473;356.713;2517.134;3318.486;0.546;1553.824;3580.632;1679.075;1088.319;969.411;-0.377;281.184;2345.091;2203.960;2124.385;1063.294;3416.844;3600.674;2207.675;2770.741;2890.293;1267.537;791.055;818.339;747.660;1638.115;-2.475;1267.616;2191.013;1527.330;2103.238;2623.685;3210.517;1126.850;592.716;1626.844;2576.693;320.426;379.404;1064.819;838.714;1764.276;2335.445;1136.022;3598.236;2882.818;2127.685;1350.413;-2.223;2509.676;2616.337;0.397;3069.274;3285.107;2140.993;2841.936;3243.704;3399.118;1367.988;24.687;868.877;183.239;1617.658;1851.315;3116.344;3013.835;863.985;3602.129;260.394;1681.315;377.571;687.331;0.789;636.338
309,561.5014491081238,308,-561.3954259036218,561.3954259036218,0.04732232356945591,3416.278;3590.883;3252.163;2097.421;420.102;-0.584;1334.967;1159.077;1408.599;1655.123;2396.548;1974.374;2985.669;3238.973;2296.906;1574.308;799.406;3598.851;1027.595;560.948;1.339;3595.112;105.735;1002.341;0.939;470.141;1406.210;3590.762;710.040;3601.649;268.638;1094.288;835.335;3229.992;3599.149;676.747;1469.513;897.425;2889.574;2313.233;1.247;2730.906;2876.119;3.559;1363.224;3185.204;3588.027;2380.653;1.267;1706.568;384.508;2107.732;607.428;0.915;1862.224;-2.133;3012.508;3599.172;3404.583;1236.512;2372.597;2541.652;1759.276;1800.716;0.408;2.028;1281.772;1554.286;439.559;1988.809;1937.263;2616.565;906.731;1152.948;3599.163;2198.498;2743.235;1938.285;3034.763;2435.990;3600.153;464.009;938.128;1486.903;1825.922;2773.339;3336.172;2338.260;3599.360;2770.332;270.583;2158.018;2214.716;2800.396;3230.707;503.370;384.438;2919.916;2.113;3452.794,1372.771;3600.195;3597.819;501.176;3598.965;2811.004;486.565;2704.717;3599.802;2894.877;1.111;1908.443;1351.597;-0.227;3585.387;3137.299;596.915;2390.049;1842.992;1303.045;1836.577;1914.579;3391.354;0.676;2450.082;1952.440;186.473;358.955;2516.968;3320.775;0.252;1556.156;3578.276;1678.134;1090.468;967.552;0.911;279.085;2342.742;2205.163;2126.341;1064.499;3414.868;3599.379;2207.219;2773.052;2889.371;1269.793;789.835;816.226;748.241;1640.489;-0.172;1265.359;2188.642;1525.227;2101.083;2621.347;3209.004;1128.867;594.273;1626.101;2578.737;321.822;381.363;1062.877;841.000;1765.193;2333.283;1133.692;3598.666;2880.585;2129.936;1352.681;0.039;2511.823;2614.039;-1.885;3070.966;3283.411;2142.448;2844.291;3241.404;3398.298;1368.725;26.737;867.733;181.010;1618.965;1853.357;3114.214;3015.530;866.339;3600.070;259.103;1678.948;375.327;685.645;1.038;637.031
310,563.1905069351196,309,-561.4892658530704,561.4892658530704,0.05549932874554326,3418.002;3592.946;3254.495;2099.531;417.782;-0.147;1333.041;1158.517;1407.438;1657.420;2397.652;1972.019;2987.991;3240.270;2298.568;1573.830;797.709;3598.943;1026.154;562.405;0.797;3593.329;103.573;1003.683;0.291;468.803;1404.122;3592.917;707.931;3599.394;270.868;1094.691;837.430;3227.872;3601.142;678.941;1469.864;899.674;2891.823;2310.889;0.871;2728.736;2878.371;1.393;1361.959;3183.003;3589.581;2379.941;0.329;1704.930;386.774;2109.998;605.994;-1.191;1859.980;0.145;3014.581;3599.282;3402.716;1234.177;2374.293;2543.918;1757.008;1802.936;-1.851;3.452;1279.744;1556.605;437.427;1991.092;1938.808;2615.418;908.987;1151.855;3600.511;2200.643;2741.685;1940.588;3032.471;2438.064;3599.384;463.597;935.804;1489.134;1824.117;2775.533;3334.016;2337.167;3600.717;2771.500;272.913;2156.257;2212.369;2798.201;3228.475;502.244;382.168;2920.376;-0.094;3454.920,1374.774;3601.116;3599.910;499.679;3600.942;2808.694;488.895;2706.811;3600.228;2895.315;0.289;1909.288;1349.260;0.395;3587.469;3138.531;594.744;2392.394;1842.898;1304.030;1838.138;1916.601;3389.092;-1.672;2452.255;1952.861;188.639;361.078;2518.768;3322.856;-1.632;1558.278;3576.003;1679.980;1092.262;965.909;2.697;276.729;2344.050;2205.303;2124.182;1062.217;3417.025;3597.941;2209.483;2774.482;2888.043;1271.028;792.031;813.908;746.028;1642.125;0.656;1263.004;2188.833;1526.094;2098.786;2619.217;3206.672;1131.199;596.436;1627.389;2581.089;319.733;383.714;1060.743;843.362;1763.209;2330.954;1135.282;3600.979;2878.261;2129.164;1355.007;-0.003;2509.919;2613.516;0.302;3073.307;3283.859;2144.745;2846.660;3239.175;3398.125;1371.011;26.320;869.878;181.302;1621.237;1851.323;3111.881;3017.806;868.707;3598.739;261.250;1677.468;373.159;687.422;0.425;634.747
311,565.0216310024261,310,-561.5169090006978,561.5169090006978,0.09123406096032854,3419.853;3595.084;3256.795;2101.570;416.552;-2.060;1330.803;1157.301;1405.141;1659.637;2399.804;1971.815;2986.467;3238.210;2296.414;1575.635;799.835;3601.056;1027.958;564.687;-0.642;3591.017;105.708;1001.687;-1.908;470.966;1402.121;3595.218;705.610;3598.641;269.407;1092.544;837.186;3229.985;3598.935;677.191;1471.868;897.943;2889.730;2312.807;-1.371;2726.539;2876.920;-0.930;1359.996;3184.740;3591.850;2377.753;-1.748;1704.959;386.438;2112.305;603.880;1.064;1857.645;-0.599;3016.608;3601.018;3404.940;1235.984;2376.605;2545.902;1758.957;1804.470;0.373;1.416;1277.562;1558.942;439.439;1989.535;1940.242;2613.163;911.284;1149.959;3598.452;2198.672;2741.999;1940.660;3034.143;2439.551;3600.583;463.112;934.310;1489.768;1826.153;2773.702;3334.346;2334.946;3598.594;2769.399;272.493;2154.665;2211.556;2795.971;3229.802;500.816;383.929;2919.783;-2.188;3457.164,1375.553;3599.015;3599.949;501.901;3602.174;2806.355;486.765;2707.806;3601.229;2895.138;-1.885;1907.636;1347.381;-1.746;3589.655;3137.792;596.991;2393.769;1845.087;1306.281;1836.052;1918.922;3386.755;0.526;2450.053;1955.144;186.532;359.261;2521.068;3320.971;0.542;1556.422;3576.856;1682.299;1094.576;968.180;1.738;275.268;2342.658;2207.546;2122.152;1059.880;3415.334;3596.513;2211.819;2772.255;2890.198;1268.926;794.312;811.785;743.701;1644.355;-0.717;1260.866;2186.640;1523.964;2097.430;2621.367;3205.840;1133.538;594.353;1625.481;2583.335;321.318;386.039;1062.696;843.165;1763.962;2328.617;1136.651;3598.888;2879.655;2130.066;1356.430;-1.933;2507.660;2615.710;2.238;3075.228;3281.616;2145.451;2848.786;3236.962;3400.395;1372.649;28.592;867.687;179.027;1619.315;1848.998;3112.618;3017.143;870.878;3599.741;263.581;1679.585;375.097;689.738;-1.791;632.472
312,566.8751935958862,311,-561.4747522963756,561.4747522963756,0.04176612623973367,3422.124;3593.086;3255.028;2099.687;418.740;0.123;1328.721;1155.073;1405.523;1658.128;2401.289;1973.733;2984.557;3239.955;2298.199;1577.222;798.794;3598.869;1025.846;566.996;1.556;3589.005;106.625;999.837;0.321;469.472;1403.651;3594.832;705.003;3600.352;267.189;1094.450;838.744;3230.747;3600.052;676.030;1471.151;899.562;2891.247;2314.305;0.653;2724.484;2877.221;1.100;1361.712;3186.796;3590.469;2379.551;0.439;1702.721;386.699;2114.511;601.675;0.579;1855.607;0.864;3015.911;3599.040;3404.542;1235.346;2375.381;2543.975;1759.131;1806.725;0.375;1.001;1276.269;1561.001;441.076;1988.655;1942.512;2610.883;913.581;1147.717;3600.115;2198.572;2744.186;1941.112;3036.287;2441.759;3600.643;460.864;935.356;1487.633;1824.914;2772.282;3332.253;2334.108;3600.280;2767.103;272.946;2152.386;2213.580;2796.651;3229.495;498.542;386.178;2922.013;0.022;3455.319,1373.335;3600.627;3602.153;500.107;3599.953;2808.314;485.151;2709.924;3599.028;2892.928;0.294;1909.670;1345.256;0.465;3591.954;3138.758;598.465;2392.276;1847.385;1308.515;1833.754;1918.439;3384.489;0.412;2452.082;1957.269;184.606;361.436;2521.450;3319.536;0.335;1558.575;3579.116;1683.556;1095.190;969.496;3.679;273.126;2344.845;2205.522;2119.990;1058.355;3416.995;3598.444;2212.143;2770.101;2892.493;1271.047;793.739;813.812;743.024;1642.368;0.491;1262.187;2188.565;1521.663;2098.129;2623.506;3207.318;1135.254;596.229;1627.708;2585.533;323.267;387.611;1064.730;841.432;1761.719;2326.912;1134.768;3599.569;2881.350;2132.329;1354.279;0.139;2505.496;2615.521;2.977;3073.165;3279.312;2143.220;2846.666;3234.667;3402.610;1371.642;30.807;868.836;178.653;1617.319;1848.982;3110.776;3019.331;868.950;3601.774;261.710;1679.316;376.215;689.613;0.420;630.854
313,568.7536880970001,312,-561.4904701750406,561.4904701750406,0.05464345609151834,3424.392;3593.122;3253.006;2097.431;420.867;-0.520;1329.489;1152.867;1406.108;1659.757;2401.807;1971.844;2986.683;3237.944;2296.122;1575.651;797.057;3599.370;1024.640;567.854;1.126;3589.648;108.101;999.168;-0.475;471.183;1405.853;3596.945;703.799;3598.659;266.555;1092.411;840.995;3232.252;3601.987;673.842;1468.926;901.608;2889.241;2316.555;1.370;2722.508;2875.849;-0.462;1359.874;3189.066;3592.416;2380.378;0.473;1703.865;384.499;2116.723;599.403;1.258;1853.346;-0.166;3018.110;3597.571;3406.646;1233.373;2377.169;2541.711;1757.371;1808.268;-1.154;2.588;1277.091;1563.207;439.038;1986.628;1940.684;2612.731;915.343;1149.813;3600.254;2200.083;2746.439;1943.331;3038.499;2444.038;3598.445;462.783;933.182;1489.057;1822.677;2774.468;3329.985;2332.305;3598.736;2765.942;274.439;2150.130;2214.966;2796.053;3227.756;498.330;388.068;2923.762;-0.790;3456.311,1371.056;3598.584;3600.022;499.683;3599.151;2809.935;487.055;2712.162;3598.278;2890.690;1.011;1911.357;1347.177;1.367;3589.852;3136.538;596.453;2392.433;1849.158;1306.499;1831.688;1916.737;3386.293;-1.310;2450.623;1958.594;186.270;363.623;2519.305;3317.501;-1.622;1556.931;3578.980;1682.003;1093.022;967.788;5.896;270.853;2346.757;2203.424;2117.757;1056.162;3419.249;3600.643;2214.253;2770.192;2894.180;1271.013;795.874;814.341;741.511;1641.051;-0.021;1264.429;2190.830;1523.207;2100.345;2621.660;3205.243;1136.052;594.782;1629.897;2587.070;321.095;389.864;1066.999;843.246;1759.827;2328.986;1136.733;3601.604;2880.415;2132.064;1352.120;-1.019;2503.231;2617.688;1.130;3072.710;3279.257;2142.921;2844.547;3236.350;3404.724;1373.820;29.739;871.012;180.732;1619.313;1846.802;3111.130;3020.822;867.248;3599.597;259.590;1677.460;374.066;691.794;2.283;628.603
314,570.462554693222,313,-561.5240722169835,561.5240722169835,0.04529614430746813,3426.589;3595.242;3254.992;2099.224;422.776;1.462;1331.692;1154.375;1408.310;1658.005;2399.639;1969.611;2988.920;3236.251;2297.332;1577.828;799.126;3599.675;1022.437;569.559;-0.481;3591.848;105.941;996.966;1.239;469.258;1408.104;3598.941;705.869;3600.620;268.286;1093.726;843.191;3230.120;3599.880;675.728;1466.681;902.373;2889.691;2314.794;-0.064;2720.272;2873.633;0.952;1361.860;3188.043;3594.179;2382.581;1.207;1705.510;383.153;2114.794;597.746;-0.789;1853.937;0.239;3020.189;3595.585;3404.549;1231.138;2376.432;2541.914;1755.142;1809.650;0.854;4.813;1274.946;1564.290;436.875;1988.744;1939.214;2611.792;917.562;1149.258;3601.347;2202.303;2748.651;1941.599;3036.933;2446.209;3596.879;464.982;930.991;1486.927;1820.425;2776.693;3330.718;2334.458;3596.545;2767.986;276.660;2151.715;2213.039;2798.241;3229.909;496.184;389.907;2921.718;0.544;3455.045,1369.703;3599.945;3598.829;497.503;3599.628;2807.911;485.410;2711.181;3600.230;2892.610;-1.048;1913.516;1345.177;-0.356;3589.704;3137.939;595.817;2394.586;1848.918;1308.454;1833.054;1915.730;3387.967;0.656;2451.755;1960.425;185.221;364.095;2519.340;3319.591;0.479;1558.734;3577.897;1684.155;1094.663;967.305;3.876;271.841;2344.666;2205.143;2116.262;1058.034;3418.721;3598.662;2216.056;2768.917;2896.326;1269.647;797.754;812.186;742.498;1642.756;-2.117;1262.557;2189.417;1521.216;2098.314;2621.608;3207.260;1136.479;596.257;1628.297;2588.776;322.775;388.838;1065.097;845.457;1757.819;2328.270;1134.670;3599.513;2878.581;2134.187;1354.193;0.991;2504.835;2615.797;-1.105;3070.598;3277.193;2145.074;2846.438;3234.826;3404.383;1374.854;31.546;871.755;180.109;1621.543;1846.890;3109.000;3018.792;869.332;3600.567;257.451;1679.375;373.459;689.859;1.293;630.579
315,572.3020462989807,314,-561.4952721829444,561.4952721829444,0.05040578830517864,3428.663;3597.198;3253.121;2101.429;420.829;0.047;1333.523;1156.448;1408.677;1659.223;2401.414;1968.050;2990.609;3236.927;2299.015;1576.019;797.160;3601.593;1020.216;571.760;1.543;3590.437;106.802;994.956;-0.338;467.146;1409.423;3597.220;703.822;3599.478;266.169;1091.778;841.206;3231.621;3598.399;674.932;1468.540;904.542;2890.527;2316.132;1.603;2721.560;2871.649;3.065;1360.913;3189.927;3592.229;2380.825;-0.890;1704.982;381.830;2115.462;595.549;-0.593;1855.985;1.277;3019.939;3597.285;3406.221;1229.158;2374.273;2540.704;1755.195;1811.841;1.358;7.037;1276.742;1566.437;434.742;1986.904;1940.332;2613.897;916.174;1151.363;3599.193;2204.328;2747.511;1939.409;3035.970;2448.345;3598.689;466.366;932.885;1485.058;1821.845;2774.868;3330.890;2332.713;3597.917;2769.873;276.179;2150.304;2215.089;2800.033;3228.065;498.161;392.105;2923.640;-0.878;3455.928,1371.063;3602.135;3596.832;498.967;3601.712;2808.156;487.302;2709.024;3599.097;2891.047;0.869;1915.736;1344.779;-0.090;3591.853;3137.305;593.691;2396.797;1850.829;1306.726;1834.925;1915.134;3387.670;2.370;2453.938;1958.792;186.539;362.699;2517.642;3321.525;0.176;1560.428;3580.027;1682.947;1092.633;966.031;5.108;270.830;2345.996;2207.338;2118.348;1058.937;3419.380;3596.664;2213.952;2770.720;2894.800;1267.480;795.722;813.896;744.678;1640.929;0.032;1262.184;2191.031;1522.057;2096.866;2619.444;3207.586;1138.208;597.857;1629.762;2587.238;321.973;386.705;1066.641;843.507;1759.720;2327.357;1132.552;3597.639;2876.400;2134.490;1353.143;2.834;2504.393;2613.623;0.775;3070.201;3275.349;2145.042;2846.044;3232.746;3406.472;1377.035;29.435;870.348;179.505;1623.026;1849.026;3111.054;3020.783;869.110;3599.475;255.314;1677.283;375.587;689.141;-0.876;631.994
316,574.1668918132782,315,-561.5329939657413,561.5329939657413,0.05263785106224811,3429.691;3597.949;3250.949;2103.461;422.538;-1.015;1335.676;1154.353;1406.671;1661.381;2403.580;1967.468;2990.593;3239.073;2297.161;1573.967;795.015;3599.501;1021.102;570.067;1.043;3592.372;105.711;996.761;0.972;465.806;1407.356;3597.381;704.588;3601.568;267.369;1091.490;841.417;3229.845;3598.321;676.882;1470.616;902.618;2892.659;2314.483;0.661;2721.642;2873.536;1.302;1358.766;3191.950;3593.287;2379.101;0.635;1702.872;383.857;2117.595;597.214;1.547;1858.152;-0.829;3017.946;3595.602;3404.412;1230.251;2376.134;2542.602;1753.764;1809.788;2.928;5.217;1278.890;1565.710;432.598;1986.175;1938.359;2611.912;914.378;1151.520;3600.837;2203.710;2745.407;1940.575;3038.057;2450.362;3596.881;464.310;932.223;1487.003;1823.898;2773.271;3328.812;2330.733;3600.059;2768.102;274.104;2148.540;2213.642;2798.052;3225.885;499.926;390.265;2925.666;1.178;3458.064,1372.368;3600.251;3598.143;497.167;3599.652;2807.160;489.103;2709.941;3599.568;2890.890;1.056;1913.897;1346.787;-2.151;3591.815;3135.261;591.575;2396.192;1848.843;1304.652;1837.100;1912.988;3389.749;0.918;2453.356;1956.623;188.698;364.769;2515.528;3319.463;-1.607;1559.423;3578.801;1681.062;1093.281;963.871;3.041;271.921;2346.482;2208.322;2120.521;1056.901;3418.868;3598.463;2214.299;2772.894;2892.838;1267.945;793.722;813.624;746.792;1643.013;0.576;1262.504;2191.008;1524.170;2098.817;2617.988;3209.645;1140.384;596.262;1627.950;2588.209;322.739;384.713;1066.728;844.651;1761.683;2329.411;1134.243;3598.104;2874.302;2132.379;1351.284;2.487;2506.371;2614.824;-0.501;3068.062;3277.309;2143.236;2845.259;3234.612;3407.321;1375.859;28.451;868.184;181.453;1625.137;1850.810;3113.217;3021.080;867.102;3601.260;256.529;1675.147;374.311;690.013;0.344;632.141
317,576.0479741096497,316,-561.5368067143459,561.5368067143459,0.04135324348876562,3431.787;3600.038;3248.865;2105.617;424.544;1.060;1334.870;1152.348;1408.503;1663.549;2401.721;1969.469;2992.699;3240.821;2295.010;1571.955;792.994;3600.202;1023.187;568.047;0.619;3593.806;103.630;998.739;-0.882;466.496;1407.871;3595.344;706.608;3600.634;265.920;1089.791;843.500;3231.487;3598.937;679.037;1468.922;904.339;2894.816;2312.355;-1.378;2721.821;2871.959;2.945;1356.636;3193.118;3591.203;2376.973;1.114;1704.840;385.881;2119.583;595.521;3.532;1856.195;1.105;3015.833;3594.692;3404.973;1229.892;2374.627;2544.758;1755.761;1807.689;4.977;3.065;1277.224;1567.804;430.460;1984.731;1936.272;2613.029;912.230;1153.366;3599.123;2202.156;2747.354;1942.656;3036.789;2452.159;3596.704;463.651;930.116;1485.459;1822.455;2771.432;3326.756;2332.588;3600.682;2766.070;272.202;2146.390;2211.974;2799.837;3225.165;502.075;389.082;2927.652;0.386;3456.117,1370.293;3599.186;3598.740;495.086;3598.596;2809.210;491.221;2708.819;3601.664;2892.406;0.021;1915.674;1348.879;-0.084;3591.883;3135.924;589.468;2394.388;1850.496;1302.554;1835.247;1910.958;3391.820;-1.134;2454.970;1956.366;190.461;366.818;2513.364;3317.399;0.254;1561.485;3579.888;1681.298;1091.263;961.716;1.108;269.952;2348.374;2206.253;2122.585;1055.078;3416.901;3600.611;2216.184;2774.834;2892.533;1270.030;791.626;813.244;748.876;1642.678;-0.782;1260.423;2193.051;1524.635;2098.043;2616.043;3211.807;1142.540;598.163;1628.136;2586.130;320.801;386.478;1068.831;843.059;1763.793;2331.552;1134.326;3599.751;2876.211;2130.238;1349.167;0.411;2504.712;2613.558;1.168;3066.083;3278.075;2142.002;2843.139;3232.805;3405.459;1377.206;26.399;869.929;183.607;1627.302;1852.924;3114.547;3023.153;865.493;3599.380;254.471;1673.609;375.919;691.585;2.231;630.452
318,577.7485642433167,317,-561.5792762058045,561.5792762058045,0.0647314183277232,3430.534;3602.169;3250.333;2105.759;423.173;2.926;1336.185;1154.130;1410.053;1662.208;2400.233;1967.591;2991.265;3240.943;2295.260;1573.000;793.890;3598.846;1021.833;569.504;-1.459;3592.167;102.224;996.952;1.004;464.535;1409.853;3596.890;706.517;3598.615;267.779;1091.313;842.655;3233.151;3597.289;677.957;1467.461;905.398;2893.277;2311.659;0.678;2723.905;2872.761;2.353;1356.939;3191.091;3591.399;2378.386;0.318;1706.848;384.375;2117.788;594.598;2.235;1857.630;1.354;3015.232;3594.092;3406.705;1227.820;2373.760;2546.517;1754.112;1809.214;3.104;3.845;1276.499;1566.610;430.114;1982.754;1937.384;2614.844;911.690;1155.292;3599.625;2204.103;2746.194;1940.888;3035.349;2454.221;3598.728;465.591;930.623;1483.682;1824.154;2773.296;3328.640;2334.318;3598.774;2767.638;270.079;2147.668;2209.867;2799.913;3225.732;503.970;387.891;2926.201;-1.498;3457.874,1371.778;3600.408;3600.832;493.537;3600.486;2807.905;489.799;2709.936;3599.675;2894.435;-2.066;1917.619;1347.735;-0.701;3589.893;3137.993;591.177;2396.156;1849.265;1302.561;1834.319;1912.992;3389.931;0.786;2453.588;1954.443;192.017;365.907;2514.049;3319.162;-0.672;1563.555;3577.820;1683.037;1092.226;962.588;-0.913;271.781;2346.979;2207.700;2120.762;1052.979;3414.855;3599.213;2216.462;2773.959;2891.462;1272.040;793.338;811.174;747.248;1643.361;0.777;1258.895;2191.188;1524.357;2096.091;2616.405;3210.119;1141.092;600.292;1626.079;2587.434;321.824;387.898;1068.794;844.769;1762.361;2332.993;1133.651;3601.870;2874.564;2131.739;1349.462;-0.426;2506.057;2611.524;-0.687;3065.478;3276.359;2143.843;2843.857;3232.402;3403.438;1379.315;28.130;871.634;185.460;1625.818;1851.315;3116.353;3022.686;863.499;3600.891;255.458;1673.957;374.038;689.560;2.075;628.378
319,579.600713968277,318,-561.5569526536775,561.5569526536775,0.04910084487611933,3428.861;3600.155;3252.361;2106.973;425.179;4.911;1338.266;1153.058;1408.147;1664.019;2402.060;1969.564;2989.524;3238.972;2297.122;1573.098;792.666;3600.530;1023.394;571.211;0.559;3593.977;100.179;998.825;1.991;463.390;1408.324;3598.979;705.136;3597.241;269.420;1092.720;840.604;3233.607;3599.124;678.802;1469.002;903.386;2891.235;2313.665;0.757;2724.980;2874.821;0.337;1356.386;3192.185;3593.413;2380.400;-1.629;1705.479;383.053;2116.241;596.042;0.517;1855.787;-0.408;3017.047;3592.027;3404.883;1229.689;2375.729;2548.033;1756.029;1810.420;1.742;5.354;1274.522;1565.399;430.234;1980.715;1935.588;2613.791;909.704;1153.347;3597.985;2202.155;2744.197;1939.085;3035.018;2453.312;3600.727;466.356;932.222;1485.185;1823.257;2774.140;3329.319;2332.860;3596.781;2766.879;268.042;2149.510;2207.886;2797.894;3227.775;502.521;385.830;2924.624;0.411;3459.217,1372.973;3598.817;3600.804;491.532;3601.083;2806.046;490.063;2712.009;3600.223;2896.544;-0.094;1916.143;1346.699;0.566;3587.836;3137.039;592.541;2398.148;1850.850;1303.252;1835.586;1912.361;3390.817;-0.063;2451.560;1955.311;190.950;367.169;2514.901;3317.681;0.940;1561.870;3576.495;1685.134;1093.932;964.295;1.003;270.449;2345.294;2208.943;2118.992;1050.883;3416.870;3600.561;2214.631;2772.410;2889.550;1270.259;795.220;809.181;745.338;1645.365;-0.651;1257.483;2189.102;1526.343;2097.668;2617.851;3208.612;1142.643;600.756;1624.268;2589.511;320.152;389.974;1070.678;846.701;1763.387;2334.598;1135.635;3599.922;2876.154;2132.706;1348.956;-2.430;2504.106;2611.341;0.944;3064.594;3278.248;2145.944;2845.788;3234.344;3401.464;1379.534;28.337;870.516;185.246;1623.830;1849.518;3114.821;3020.759;865.091;3599.193;257.496;1674.779;372.002;691.258;3.299;626.279
320,581.4734783172607,319,-561.5704573493936,561.5704573493936,0.0817617810328942,3430.796;3598.203;3252.526;2104.960;426.603;3.145;1338.522;1154.655;1406.522;1665.367;2404.082;1971.583;2988.066;3240.928;2299.198;1571.110;790.623;3602.582;1024.437;569.963;0.487;3592.604;102.041;1000.390;0.090;465.198;1406.276;3597.215;704.073;3599.137;267.460;1094.778;841.089;3235.372;3601.196;676.899;1471.060;901.464;2890.411;2315.747;-0.737;2727.028;2876.572;-1.746;1354.986;3194.228;3591.738;2378.589;-3.675;1707.183;381.007;2117.850;594.984;1.597;1853.973;1.452;3015.275;3589.954;3406.696;1228.547;2377.770;2546.352;1757.529;1808.599;-0.313;7.398;1276.488;1563.393;428.237;1978.632;1933.978;2611.749;908.235;1154.511;3599.960;2200.276;2743.549;1939.547;3037.045;2455.196;3602.601;464.356;932.879;1485.382;1821.295;2772.177;3327.403;2330.865;3598.718;2764.838;265.960;2147.547;2209.831;2795.890;3225.822;504.281;387.675;2926.589;1.894;3461.159,1373.878;3600.500;3598.827;493.365;3599.112;2803.977;491.255;2710.455;3598.759;2895.655;-0.413;1914.979;1348.673;-1.045;3587.944;3138.919;591.495;2397.346;1848.894;1301.353;1833.763;1913.923;3392.781;1.781;2453.406;1957.352;192.927;369.221;2516.941;3315.694;2.014;1562.693;3575.958;1683.815;1092.305;965.919;-0.055;268.479;2347.077;2208.450;2120.722;1050.970;3417.598;3599.116;2216.620;2773.473;2888.122;1268.234;793.238;809.935;746.593;1647.215;1.244;1255.490;2188.021;1528.260;2099.729;2615.870;3206.663;1141.952;598.748;1622.204;2588.415;318.094;390.288;1072.741;844.828;1765.409;2332.844;1137.300;3598.874;2878.214;2130.784;1347.022;-0.432;2502.238;2613.366;2.110;3066.617;3278.079;2144.274;2847.851;3236.063;3403.245;1378.512;30.207;869.728;183.232;1621.976;1847.715;3116.754;3022.435;865.082;3599.550;257.330;1672.772;370.008;692.965;1.435;627.024
321,583.1702897548676,320,-561.6049449669867,561.6049449669867,0.05276031598782454,3428.914;3598.266;3250.541;2103.875;424.882;1.632;1340.490;1152.792;1407.342;1665.445;2403.171;1972.876;2986.034;3241.400;2300.875;1570.954;788.565;3600.606;1026.442;567.940;-0.079;3593.562;102.580;999.032;0.296;467.227;1404.325;3597.193;702.051;3599.366;269.175;1096.831;843.061;3237.403;3599.306;674.893;1471.559;899.755;2888.452;2316.616;1.116;2728.284;2875.143;0.122;1356.403;3195.884;3590.825;2376.618;-1.958;1709.207;382.399;2119.759;596.902;1.963;1853.570;0.023;3016.965;3591.008;3408.690;1230.426;2376.528;2544.931;1759.487;1806.665;-1.466;7.696;1277.554;1562.060;429.126;1977.212;1931.944;2610.859;906.209;1152.907;3601.072;2198.236;2741.575;1941.541;3039.098;2453.277;3600.606;463.628;930.898;1483.538;1819.247;2770.471;3327.593;2332.393;3600.750;2765.806;265.274;2148.007;2211.480;2795.925;3224.464;503.331;386.558;2927.832;0.324;3463.194,1375.590;3598.732;3600.176;491.812;3599.839;2802.351;493.278;2708.610;3600.403;2897.643;-1.467;1916.890;1350.620;0.833;3589.947;3140.589;589.493;2398.212;1847.784;1303.200;1835.713;1915.545;3391.188;2.230;2455.421;1955.460;194.453;368.390;2518.893;3317.525;0.170;1560.752;3577.634;1681.786;1093.032;967.900;1.161;266.736;2345.254;2206.483;2122.728;1052.940;3415.671;3600.990;2218.213;2775.495;2886.107;1268.796;792.567;810.372;748.145;1649.170;1.912;1256.632;2187.140;1530.244;2101.549;2614.516;3204.632;1143.870;599.601;1623.373;2586.902;316.594;392.163;1072.047;844.422;1767.467;2330.799;1135.355;3598.881;2876.678;2131.549;1348.757;-0.168;2504.059;2612.265;0.238;3064.942;3276.249;2145.227;2849.564;3234.156;3401.429;1379.251;28.676;867.766;182.222;1620.107;1849.027;3118.388;3024.377;863.134;3601.504;259.200;1670.718;369.290;691.047;-0.087;628.932
322,585.0168125629425,321,-561.5866084552249,561.5866084552249,0.059622362147329605,3430.060;3600.199;3248.819;2102.669;422.970;2.697;1338.735;1150.959;1405.377;1667.415;2405.094;1974.873;2986.540;3239.505;2299.576;1569.069;787.091;3599.304;1024.758;565.922;-1.924;3591.935;104.556;1000.973;1.115;468.548;1402.309;3599.108;700.079;3597.659;270.919;1096.284;841.332;3238.953;3599.034;676.150;1473.530;899.293;2887.436;2318.558;0.932;2730.056;2877.070;-1.017;1358.410;3195.363;3592.757;2375.107;-0.266;1709.365;384.108;2120.617;598.929;3.923;1854.550;1.308;3018.630;3592.927;3410.162;1232.393;2378.087;2542.929;1761.426;1806.153;0.479;6.471;1275.735;1563.852;431.117;1977.837;1929.992;2609.249;904.211;1153.182;3599.169;2196.204;2743.443;1943.544;3040.279;2451.291;3599.436;462.006;932.615;1485.406;1820.071;2772.114;3329.486;2330.468;3599.016;2764.065;267.026;2148.991;2211.796;2793.954;3226.295;501.338;384.676;2926.963;-1.686;3462.359,1373.653;3600.465;3598.711;490.983;3601.568;2804.068;491.912;2709.977;3598.547;2897.496;0.483;1918.175;1349.304;0.154;3591.849;3142.589;591.290;2396.281;1846.559;1301.702;1835.226;1917.558;3389.809;4.160;2455.096;1956.613;192.601;369.654;2520.916;3318.820;-1.786;1560.758;3579.648;1682.161;1094.342;969.926;2.693;264.719;2344.039;2208.276;2121.522;1054.359;3417.336;3599.101;2216.752;2774.251;2887.577;1270.708;790.953;812.356;746.901;1647.313;0.736;1257.427;2189.004;1530.668;2101.606;2615.684;3204.200;1145.879;600.151;1624.619;2588.587;317.170;390.241;1071.012;842.476;1765.997;2329.300;1133.523;3597.108;2878.333;2132.205;1347.074;1.001;2503.009;2613.392;1.327;3063.687;3274.226;2143.393;2847.886;3232.843;3403.237;1380.605;26.670;865.778;180.233;1618.319;1849.233;3120.384;3022.987;861.355;3599.570;260.118;1671.934;371.212;689.660;-2.098;630.958
323,586.882942199707,322,-561.5654769315803,561.5654769315803,0.024737058733344034,3431.790;3598.601;3247.333;2103.508;421.030;0.766;1338.821;1149.075;1404.216;1667.681;2405.415;1975.309;2985.634;3239.892;2301.070;1569.145;785.859;3599.415;1023.009;564.362;-0.001;3593.602;106.188;1000.725;2.957;467.278;1403.846;3600.479;699.031;3599.482;269.690;1096.062;839.623;3240.918;3600.576;674.483;1472.326;898.837;2887.245;2317.437;-0.881;2728.510;2877.298;0.597;1360.398;3197.295;3591.735;2375.469;1.235;1707.421;385.908;2122.582;600.562;5.747;1853.082;0.251;3020.621;3593.430;3410.781;1234.182;2376.184;2540.926;1763.003;1804.237;0.063;5.151;1275.364;1564.262;432.831;1979.793;1931.344;2610.271;905.523;1152.548;3600.097;2195.584;2744.830;1944.826;3041.944;2449.292;3600.165;460.017;931.365;1487.193;1822.032;2770.356;3327.680;2330.411;3599.678;2763.252;269.014;2150.923;2213.734;2793.787;3226.006;499.407;386.143;2928.876;0.129;3460.784,1371.690;3600.299;3598.868;491.955;3599.694;2806.015;490.139;2711.868;3599.106;2897.741;1.345;1919.808;1347.562;1.404;3592.156;3144.228;590.671;2394.371;1848.461;1303.366;1834.731;1916.450;3391.266;5.430;2456.909;1957.549;190.645;371.576;2519.803;3319.666;0.137;1560.999;3581.517;1680.614;1096.054;971.816;4.584;262.927;2345.619;2207.293;2122.838;1056.264;3419.275;3599.034;2216.969;2772.318;2889.441;1271.365;789.382;813.767;745.027;1646.180;-1.218;1257.468;2190.729;1528.723;2100.989;2617.619;3204.162;1146.802;598.326;1626.593;2590.381;318.643;391.076;1069.802;841.251;1765.393;2327.327;1131.536;3597.982;2876.945;2133.757;1348.795;-0.330;2501.236;2611.700;0.597;3063.642;3275.639;2141.615;2845.920;3231.123;3403.586;1382.575;25.147;864.189;178.571;1619.395;1851.180;3118.898;3024.665;862.587;3599.059;258.207;1673.382;370.220;688.177;-0.182;632.964
324,588.5732550621033,323,-561.5911704482824,561.5911704482824,0.06544098598290586,3433.758;3599.763;3245.383;2105.367;421.955;-0.055;1336.967;1147.101;1402.505;1669.600;2405.959;1973.549;2987.555;3238.610;2299.195;1571.074;783.927;3600.675;1024.528;565.925;0.113;3595.558;108.152;1002.551;4.194;468.862;1402.458;3602.434;697.092;3600.812;268.857;1094.140;841.211;3240.016;3599.875;676.329;1470.596;896.919;2889.172;2318.643;0.953;2726.549;2875.983;-1.069;1358.673;3199.195;3592.405;2375.910;1.254;1708.628;387.878;2124.559;598.887;3.850;1851.142;-1.694;3022.597;3591.946;3412.713;1233.777;2377.458;2540.449;1764.891;1802.960;-1.675;6.913;1273.483;1566.195;431.496;1981.117;1929.490;2608.407;904.562;1150.612;3601.315;2193.828;2746.777;1946.777;3040.181;2450.011;3598.893;460.641;929.418;1488.953;1821.158;2768.902;3325.710;2330.287;3597.907;2761.341;270.393;2150.992;2212.165;2794.290;3226.907;497.697;385.446;2930.023;-1.069;3458.862,1369.780;3601.321;3599.280;493.602;3600.593;2804.321;491.845;2713.841;3600.929;2899.323;-0.063;1918.028;1345.593;-0.013;3590.296;3142.540;589.642;2393.963;1850.436;1301.656;1835.175;1917.958;3393.215;7.306;2455.612;1957.991;188.687;373.319;2519.646;3321.500;-0.562;1562.866;3579.902;1682.493;1094.351;970.519;6.494;261.030;2343.709;2209.174;2121.508;1054.603;3417.736;3597.708;2218.896;2773.550;2891.234;1269.460;791.270;811.957;743.074;1647.998;0.635;1255.537;2188.863;1528.671;2099.054;2616.030;3203.887;1148.679;596.392;1625.311;2588.769;316.731;393.003;1070.895;843.152;1763.521;2325.907;1133.251;3599.918;2875.073;2132.287;1350.761;1.403;2499.266;2610.798;-1.272;3065.560;3277.587;2143.459;2847.597;3229.671;3401.921;1384.546;27.000;865.178;176.770;1621.341;1850.026;3118.163;3026.443;864.535;3598.059;256.342;1675.294;368.277;690.032;0.458;631.507
325,590.4018197059631,324,-561.5380884378458,561.5380884378458,0.04870137397632416,3435.136;3598.239;3243.430;2107.299;423.823;-1.810;1338.010;1146.935;1400.591;1670.983;2407.630;1975.294;2988.382;3240.278;2297.314;1570.190;782.383;3598.907;1024.337;564.669;0.884;3593.733;108.625;1003.604;6.115;467.174;1400.528;3600.599;695.139;3602.628;266.945;1094.214;839.952;3238.642;3598.008;675.972;1472.440;894.978;2889.497;2316.907;-0.376;2727.710;2874.380;0.467;1358.987;3201.104;3592.593;2377.818;2.488;1706.999;389.542;2124.589;600.518;4.598;1850.232;0.160;3021.718;3592.938;3412.791;1235.674;2376.867;2541.878;1766.800;1801.042;0.169;5.363;1271.658;1566.893;431.875;1983.003;1929.735;2606.545;902.646;1148.987;3599.496;2191.942;2747.040;1947.109;3041.680;2448.250;3600.612;458.802;928.131;1487.303;1822.948;2766.973;3327.218;2328.469;3599.650;2761.121;272.303;2152.892;2212.230;2792.500;3225.101;495.883;384.275;2931.330;0.647;3457.279,1368.182;3599.448;3597.387;491.886;3598.883;2805.997;490.421;2712.592;3599.233;2899.536;0.890;1916.098;1345.927;0.479;3591.527;3144.121;587.727;2392.198;1851.857;1299.837;1837.073;1916.091;3394.261;8.369;2457.466;1956.101;187.560;375.244;2517.815;3320.246;0.143;1564.816;3581.644;1680.998;1096.194;972.367;4.835;262.834;2345.378;2207.996;2123.318;1054.974;3415.852;3599.323;2218.614;2774.162;2890.021;1271.043;790.843;813.256;744.279;1649.946;-0.952;1256.631;2186.996;1526.898;2100.710;2614.576;3205.789;1150.627;594.567;1626.332;2589.685;318.221;392.527;1069.016;843.395;1765.305;2323.976;1134.514;3600.101;2873.124;2130.358;1352.662;0.001;2500.721;2612.507;0.609;3067.389;3279.511;2142.205;2845.810;3227.999;3400.082;1382.982;25.557;863.282;175.086;1623.294;1851.892;3120.000;3028.388;862.740;3599.761;254.947;1673.976;366.907;689.514;0.362;630.733
326,592.2544486522675,325,-561.5657550237596,561.5657550237596,0.04351613027910072,3436.262;3598.182;3242.644;2107.718;422.431;-0.005;1338.565;1145.145;1401.779;1669.302;2405.839;1976.169;2988.324;3239.338;2298.901;1570.159;781.318;3597.920;1022.466;563.698;-0.115;3592.648;108.243;1001.844;7.923;465.888;1401.464;3599.383;695.428;3600.771;268.200;1096.017;840.036;3240.343;3596.274;674.379;1471.803;896.475;2887.733;2315.164;0.441;2727.271;2872.709;1.100;1360.809;3202.014;3590.818;2379.439;0.884;1705.170;391.442;2123.573;599.188;3.520;1851.770;0.280;3022.074;3594.686;3414.640;1235.081;2375.395;2540.149;1765.113;1801.568;0.092;4.129;1269.934;1565.629;433.680;1984.164;1930.537;2608.089;903.715;1150.525;3599.951;2191.944;2747.704;1945.510;3042.234;2446.350;3600.316;457.403;927.118;1485.388;1824.562;2767.663;3328.767;2329.993;3601.055;2762.945;273.496;2154.065;2214.004;2794.020;3225.296;495.481;385.756;2929.569;-0.156;3457.491,1368.823;3600.716;3597.905;493.697;3600.240;2807.779;489.602;2714.224;3600.550;2897.677;-0.875;1915.276;1344.374;-1.259;3593.226;3146.033;587.936;2393.987;1852.260;1298.770;1838.799;1916.599;3394.039;6.572;2458.590;1955.508;188.995;373.443;2519.338;3322.043;1.473;1563.121;3580.983;1680.410;1094.631;972.140;2.920;261.862;2344.635;2208.253;2122.404;1056.589;3415.788;3598.198;2216.799;2772.361;2888.140;1269.694;791.217;814.767;745.546;1648.838;0.561;1256.192;2188.438;1527.995;2099.687;2613.180;3204.130;1149.042;595.259;1628.207;2591.529;317.258;391.068;1068.904;842.339;1765.164;2323.011;1133.809;3598.593;2873.526;2128.467;1354.236;0.069;2501.114;2610.935;-0.195;3068.371;3279.912;2141.884;2846.540;3226.120;3398.256;1384.343;25.727;864.395;176.860;1623.265;1852.951;3118.289;3027.986;861.875;3601.553;254.215;1675.028;368.507;687.936;-1.430;632.447
327,594.1255218982697,326,-561.567167151486,561.567167151486,0.05134449453384228,3436.988;3598.546;3242.929;2109.337;420.552;-0.636;1340.198;1146.008;1402.846;1669.824;2405.597;1975.083;2989.118;3241.074;2300.494;1568.414;781.462;3596.565;1021.141;561.857;-1.424;3590.798;108.700;1000.375;9.198;464.029;1402.571;3598.984;696.934;3599.644;269.966;1094.597;838.557;3239.534;3594.574;675.677;1471.840;895.970;2886.648;2313.269;-0.131;2726.084;2874.184;-0.161;1359.569;3200.706;3589.876;2379.973;-0.500;1703.381;391.019;2122.537;599.516;1.737;1853.181;0.703;3021.357;3596.569;3413.596;1233.459;2377.134;2541.209;1763.379;1800.867;0.018;4.897;1271.711;1563.837;432.039;1986.037;1932.255;2606.828;905.326;1152.390;3601.653;2193.709;2745.875;1945.863;3040.867;2445.204;3602.127;457.307;925.694;1484.215;1826.374;2769.325;3330.485;2328.953;3599.554;2764.792;275.235;2155.536;2212.674;2794.350;3223.706;497.266;383.935;2927.677;0.815;3459.328,1367.034;3599.085;3599.715;492.432;3599.680;2809.533;488.630;2713.213;3598.900;2895.779;0.820;1913.412;1345.602;0.573;3595.001;3145.559;588.870;2392.727;1850.764;1298.018;1839.745;1918.219;3392.197;4.822;2459.923;1957.089;190.197;374.198;2521.064;3321.186;0.970;1561.813;3582.379;1678.681;1094.028;971.514;1.212;261.717;2346.156;2206.458;2123.983;1055.387;3417.542;3599.779;2215.927;2770.603;2886.919;1270.925;789.568;815.568;747.218;1649.498;-0.312;1256.816;2189.036;1526.575;2101.222;2613.675;3202.792;1149.998;593.609;1629.893;2593.423;315.569;390.928;1070.571;840.783;1766.633;2321.798;1134.933;3600.313;2874.981;2126.567;1355.887;-1.770;2501.371;2609.463;0.565;3066.747;3279.416;2140.040;2846.676;3227.899;3397.476;1382.904;24.126;862.884;177.785;1624.003;1854.789;3116.620;3029.648;860.146;3599.787;255.915;1674.097;368.645;689.136;0.312;634.242
328,595.8242862224579,327,-561.5817433153223,561.5817433153223,0.02789274933927382,3438.826;3600.370;3241.684;2111.197;421.372;1.014;1338.417;1144.856;1401.111;1668.181;2406.204;1975.626;2990.958;3239.759;2300.634;1570.115;783.293;3595.589;1019.297;560.690;0.393;3591.765;106.916;1001.760;7.387;463.051;1401.147;3600.146;698.636;3600.296;269.303;1096.260;836.704;3237.884;3593.168;674.943;1473.498;897.591;2884.848;2312.828;1.617;2724.234;2876.044;0.636;1360.558;3202.187;3591.660;2381.803;1.182;1701.538;392.095;2120.748;597.788;2.918;1854.794;-0.612;3022.638;3598.438;3412.714;1233.584;2378.763;2541.593;1761.880;1802.234;-0.593;3.269;1270.406;1564.444;433.062;1986.495;1932.866;2608.599;905.752;1151.212;3599.878;2192.852;2746.742;1944.104;3039.010;2443.456;3600.369;455.676;927.441;1485.392;1827.669;2771.123;3332.123;2327.206;3597.854;2763.992;275.341;2157.165;2210.912;2792.775;3225.209;495.704;384.013;2926.730;-0.782;3457.764,1365.163;3599.939;3599.925;490.629;3598.721;2811.091;489.697;2714.926;3598.519;2893.928;1.108;1911.906;1343.850;0.497;3593.958;3147.075;587.904;2394.111;1852.460;1296.180;1837.957;1919.647;3393.932;3.438;2458.222;1958.921;189.136;372.627;2520.946;3322.428;1.772;1560.620;3582.331;1680.120;1092.212;969.695;-0.127;262.781;2345.472;2207.086;2122.348;1057.124;3419.380;3601.086;2214.443;2769.860;2887.527;1269.323;789.209;815.007;747.606;1649.991;-0.796;1255.234;2190.781;1528.215;2099.570;2611.852;3203.439;1151.303;595.217;1628.646;2592.256;313.866;391.441;1071.003;842.534;1765.123;2323.546;1136.615;3598.863;2876.814;2124.837;1357.429;-0.009;2503.026;2610.900;1.696;3067.836;3281.008;2141.233;2845.833;3229.692;3399.064;1382.531;22.338;863.785;179.460;1625.834;1856.615;3116.096;3028.075;861.451;3599.351;255.427;1675.903;366.981;690.961;-0.616;635.620
329,597.6719131469727,328,-561.5825246472654,561.5825246472654,0.05634972359202271,3439.248;3601.951;3239.880;2112.939;420.931;1.910;1339.853;1145.443;1400.074;1669.370;2404.783;1973.839;2991.626;3238.494;2298.843;1568.588;781.931;3596.997;1020.752;562.451;0.385;3590.696;107.582;1002.583;7.304;461.234;1402.566;3601.890;696.891;3599.414;267.764;1094.605;837.653;3239.640;3591.335;676.644;1474.302;895.928;2883.126;2314.509;0.766;2722.654;2874.739;-1.034;1362.354;3204.023;3592.099;2382.147;-0.219;1701.289;393.772;2122.439;596.273;1.175;1853.472;1.099;3024.460;3597.119;3414.415;1234.788;2377.093;2543.022;1760.049;1801.817;1.156;4.978;1268.702;1566.244;431.499;1987.768;1934.620;2607.532;906.377;1152.036;3599.130;2191.195;2748.491;1943.546;3037.267;2444.853;3599.948;457.354;926.040;1487.216;1826.130;2772.931;3332.653;2325.589;3598.236;2765.627;277.103;2158.995;2211.670;2790.944;3226.957;497.073;382.990;2927.654;0.506;3456.357,1364.127;3601.731;3599.277;488.942;3597.973;2812.626;488.151;2713.861;3599.300;2893.640;-0.244;1911.938;1342.639;-0.412;3595.647;3148.911;586.119;2392.794;1854.269;1297.448;1838.802;1919.104;3395.738;2.570;2459.240;1959.762;187.436;372.417;2519.395;3322.533;0.005;1562.189;3584.130;1678.932;1090.619;971.055;-0.794;261.012;2345.219;2208.808;2123.038;1056.174;3418.298;3599.296;2212.607;2771.508;2889.310;1268.113;787.402;816.805;749.412;1648.221;0.990;1256.938;2191.279;1526.656;2098.440;2611.104;3205.233;1149.882;596.766;1630.331;2591.295;315.470;389.638;1069.338;840.867;1766.796;2324.303;1134.853;3597.090;2876.423;2126.160;1355.751;0.832;2502.126;2609.400;1.411;3066.258;3279.688;2141.880;2845.344;3228.052;3400.903;1381.911;20.556;865.105;177.982;1627.580;1856.426;3116.130;3026.524;863.146;3600.126;253.637;1676.672;368.743;689.447;-1.914;637.443
330,599.5324912071228,329,-561.6078278454831,561.6078278454831,0.03711902142867132,3438.476;3600.192;3241.550;2114.744;422.690;3.078;1339.295;1143.771;1401.466;1670.905;2402.985;1972.588;2993.311;3236.765;2297.714;1567.850;783.234;3598.793;1019.862;564.042;0.598;3592.426;105.820;1004.291;5.546;461.144;1404.305;3600.150;695.462;3601.024;265.948;1093.178;838.300;3238.683;3592.981;678.466;1472.668;896.887;2884.838;2316.108;-0.576;2720.924;2872.963;0.711;1362.938;3203.109;3590.391;2383.710;1.180;1702.965;392.062;2123.935;594.472;-0.487;1851.681;0.020;3026.257;3595.312;3412.831;1233.245;2375.299;2544.829;1760.217;1800.793;0.658;6.181;1268.877;1568.071;429.698;1986.058;1932.895;2608.896;904.606;1153.784;3598.361;2192.536;2748.370;1941.766;3035.545;2446.659;3598.637;456.198;924.573;1486.298;1824.316;2771.474;3330.896;2327.268;3598.909;2767.348;276.209;2160.786;2210.230;2792.548;3228.761;496.116;384.739;2929.372;-1.036;3457.582,1362.336;3600.081;3601.039;487.156;3596.208;2812.347;489.927;2712.425;3599.806;2895.262;1.263;1913.701;1340.859;1.230;3597.467;3149.944;584.295;2394.300;1855.964;1296.239;1840.591;1917.317;3397.529;0.777;2461.037;1958.006;189.197;374.114;2517.592;3320.756;-0.498;1564.006;3585.911;1677.129;1088.802;969.650;0.985;259.235;2346.952;2207.292;2124.823;1057.443;3417.807;3599.343;2210.815;2773.322;2887.690;1269.804;785.582;818.214;751.238;1646.969;2.148;1258.760;2193.065;1527.592;2099.986;2609.313;3206.886;1151.572;598.572;1632.131;2589.500;313.801;388.216;1067.518;839.333;1768.397;2323.499;1133.078;3597.698;2874.640;2125.956;1356.249;0.126;2503.891;2607.597;-0.371;3066.960;3281.053;2143.640;2843.558;3226.232;3399.562;1383.657;18.735;866.080;179.583;1629.403;1858.180;3117.905;3028.259;864.939;3601.640;251.970;1674.960;370.289;687.633;-0.218;639.271
331,601.42427277565,330,-561.6074667538717,561.6074667538717,0.04143053352362137,3440.076;3599.921;3240.107;2116.472;422.714;1.457;1337.685;1142.723;1399.779;1672.519;2404.561;1974.281;2995.064;3234.966;2295.997;1566.117;781.950;3599.190;1021.415;562.365;-1.104;3593.952;106.694;1006.078;3.851;462.896;1402.639;3599.673;696.074;3599.368;264.476;1094.778;839.888;3240.338;3592.755;680.269;1474.266;895.332;2886.550;2317.634;1.159;2719.199;2873.669;0.159;1364.701;3201.409;3591.928;2382.507;-0.383;1701.943;390.998;2123.259;593.141;1.139;1849.878;-1.316;3024.656;3596.652;3414.117;1234.925;2373.855;2545.202;1761.701;1799.024;1.947;4.532;1267.537;1569.675;430.219;1987.539;1932.242;2610.675;902.837;1152.366;3598.147;2190.810;2750.042;1943.390;3037.064;2445.369;3598.605;454.636;922.786;1487.251;1823.325;2772.945;3330.704;2325.651;3597.211;2767.421;277.896;2162.500;2211.816;2790.999;3230.565;494.449;386.015;2931.129;0.594;3456.165,1361.800;3599.251;3599.340;485.359;3594.548;2810.588;489.639;2710.638;3601.569;2897.055;-0.337;1915.502;1339.063;0.523;3596.223;3150.979;583.890;2395.934;1857.749;1297.653;1840.575;1917.472;3399.296;0.260;2459.716;1958.405;187.685;375.812;2516.621;3321.807;1.236;1562.349;3584.953;1678.563;1088.803;967.884;1.516;259.251;2345.462;2208.758;2123.483;1056.225;3419.408;3600.792;2211.827;2772.910;2889.040;1271.563;786.645;816.675;750.075;1648.672;1.491;1257.611;2191.633;1525.872;2098.370;2610.740;3208.683;1153.308;600.368;1631.374;2587.854;315.233;389.840;1065.764;840.808;1768.035;2325.203;1131.329;3599.443;2875.425;2127.674;1358.011;-1.538;2505.655;2605.906;1.049;3068.058;3279.339;2145.398;2844.929;3224.926;3400.739;1384.460;19.791;867.790;177.966;1630.125;1856.867;3117.160;3027.276;866.322;3599.907;250.172;1674.939;369.172;688.717;0.786;638.646
332,603.1343574523926,331,-561.6136655913738,561.6136655913738,0.03877153727406662,3439.009;3598.328;3238.940;2117.766;424.396;-0.291;1339.347;1144.438;1400.431;1674.283;2406.133;1973.439;2993.483;3236.428;2294.225;1564.342;783.461;3600.105;1023.183;563.321;0.492;3595.691;108.005;1006.377;2.627;463.057;1403.777;3598.633;694.394;3600.756;262.709;1094.066;841.655;3242.106;3593.712;681.193;1473.011;893.562;2885.656;2319.402;0.801;2720.683;2871.981;-1.115;1366.384;3202.803;3590.874;2380.937;1.281;1700.709;389.247;2124.932;591.834;2.078;1848.996;0.398;3023.559;3597.744;3412.986;1235.354;2372.349;2546.912;1760.080;1797.295;2.004;2.836;1269.231;1568.955;428.545;1986.091;1933.728;2611.594;901.223;1150.979;3599.850;2189.175;2748.456;1943.116;3038.822;2445.965;3596.920;452.866;921.046;1488.995;1824.985;2774.459;3331.847;2324.423;3598.843;2766.015;276.648;2164.163;2213.585;2789.540;3229.150;496.092;387.755;2930.326;2.183;3457.556,1360.277;3600.004;3599.864;483.720;3595.422;2808.867;487.991;2708.967;3599.890;2898.815;0.607;1916.827;1340.325;-1.123;3595.138;3149.487;585.269;2397.708;1859.455;1299.399;1838.966;1918.666;3400.984;-1.350;2458.278;1959.118;186.320;377.588;2514.996;3320.324;-0.053;1561.252;3584.396;1680.041;1090.489;966.868;-0.027;260.934;2346.611;2209.527;2121.804;1054.479;3417.823;3599.300;2212.063;2771.188;2889.408;1272.662;787.515;815.185;748.685;1650.428;-0.248;1257.233;2189.889;1524.218;2099.561;2612.426;3210.433;1153.756;599.588;1629.797;2588.113;316.974;391.219;1065.304;840.244;1769.748;2326.738;1130.120;3601.203;2875.657;2129.432;1356.916;0.099;2507.326;2604.953;0.747;3066.549;3278.259;2144.766;2846.264;3223.413;3402.338;1386.054;19.590;866.178;176.893;1628.991;1855.306;3118.829;3025.738;864.903;3601.043;249.794;1675.917;369.544;689.680;1.992;636.973
333,604.991533279419,332,-561.6145753704425,561.6145753704425,0.050665259044695696,3440.673;3598.568;3240.501;2119.373;426.056;0.874;1341.080;1145.842;1402.120;1672.984;2404.513;1973.866;2994.532;3236.307;2294.431;1564.331;785.192;3600.912;1022.512;564.181;0.406;3597.182;106.313;1004.888;1.509;461.473;1405.471;3597.869;695.703;3601.434;261.305;1095.381;840.114;3241.068;3592.075;679.682;1471.561;892.264;2884.066;2321.057;1.720;2722.331;2870.384;0.564;1367.057;3204.410;3589.580;2379.190;1.849;1699.057;387.920;2123.501;593.305;0.406;1850.630;1.900;3021.839;3596.310;3411.256;1233.694;2373.689;2545.653;1758.336;1796.334;3.662;4.399;1270.514;1567.332;426.874;1987.151;1934.103;2610.309;902.742;1152.426;3601.499;2189.467;2749.121;1941.581;3039.619;2447.607;3597.624;452.270;921.878;1487.538;1826.163;2776.062;3333.577;2325.811;3598.602;2764.460;277.885;2165.750;2213.458;2789.591;3228.220;494.685;386.356;2931.995;1.660;3455.933,1358.542;3599.259;3600.116;482.034;3593.749;2807.873;488.678;2707.350;3600.645;2898.004;-0.988;1915.885;1342.054;0.541;3593.472;3147.938;583.663;2397.059;1857.937;1298.831;1838.047;1917.181;3400.606;0.349;2456.631;1960.816;187.809;376.469;2513.246;3318.580;-0.908;1562.651;3582.956;1681.284;1089.735;965.141;-1.763;262.683;2348.289;2211.217;2123.258;1054.625;3418.995;3600.856;2213.759;2772.356;2888.985;1271.018;786.459;816.157;749.850;1652.136;-1.028;1255.575;2189.564;1523.490;2101.036;2611.287;3212.173;1153.098;597.868;1628.050;2586.604;318.437;391.816;1066.941;841.800;1770.744;2328.482;1128.635;3599.546;2877.226;2127.967;1356.829;0.067;2508.994;2606.549;-0.833;3065.039;3279.893;2146.250;2847.318;3224.848;3402.501;1384.423;18.971;864.479;178.333;1629.728;1855.215;3118.662;3024.198;866.436;3600.091;248.082;1674.555;368.091;691.407;3.111;636.408
334,606.8659722805023,333,-561.6052867541839,561.6052867541839,0.030601323003526224,3442.249;3597.014;3241.362;2118.107;426.204;-0.682;1340.437;1146.519;1403.401;1673.741;2405.893;1972.241;2996.184;3237.938;2293.139;1563.376;784.146;3599.227;1022.292;563.081;-1.013;3595.583;106.966;1006.093;-0.195;460.914;1404.584;3596.413;695.460;3599.787;259.609;1093.812;841.364;3240.971;3593.686;679.909;1471.939;893.099;2882.814;2322.727;3.364;2723.668;2870.999;-0.097;1365.957;3206.116;3590.937;2377.457;0.532;1700.148;386.255;2124.854;591.822;0.784;1849.286;1.766;3023.167;3597.653;3411.552;1234.411;2375.236;2544.008;1757.737;1794.879;2.098;3.569;1272.151;1568.753;427.797;1988.458;1935.729;2609.993;903.475;1154.139;3599.877;2190.543;2748.579;1941.584;3038.359;2449.318;3599.294;450.660;920.330;1485.884;1824.755;2774.917;3332.169;2324.527;3600.211;2762.737;278.890;2164.141;2214.866;2788.066;3226.538;496.133;387.856;2931.851;2.858;3457.262,1356.809;3600.784;3600.804;480.335;3595.242;2808.380;490.251;2706.328;3599.225;2898.619;0.558;1916.880;1343.112;0.164;3592.895;3149.535;582.672;2397.545;1856.519;1298.332;1836.368;1918.771;3402.132;1.130;2455.903;1962.409;187.906;375.159;2514.059;3317.480;0.767;1561.962;3581.601;1680.332;1088.114;965.826;-0.165;261.376;2346.772;2210.571;2124.204;1054.997;3420.704;3599.513;2215.414;2772.314;2890.639;1269.633;787.964;814.616;748.462;1651.860;0.623;1254.988;2190.845;1524.816;2100.021;2609.908;3212.680;1154.715;597.996;1627.806;2584.883;317.690;393.489;1068.284;843.007;1771.685;2328.964;1128.870;3598.821;2876.313;2126.399;1358.142;-1.362;2509.827;2606.967;0.798;3066.675;3280.059;2147.710;2849.025;3223.448;3404.183;1384.176;20.121;863.853;176.820;1631.317;1853.814;3119.572;3025.619;867.050;3598.709;248.384;1673.038;366.371;691.929;4.271;638.052
335,608.562180519104,334,-561.6235373470917,561.6235373470917,0.01714921253702108,3443.947;3597.942;3242.991;2118.736;427.732;0.753;1339.010;1148.193;1401.847;1672.419;2407.561;1973.413;2995.273;3236.554;2291.579;1564.986;782.686;3600.171;1020.777;561.500;0.605;3596.757;107.882;1005.920;0.063;460.565;1403.244;3597.944;696.842;3600.218;259.407;1092.131;840.143;3242.598;3594.507;678.315;1473.608;894.521;2881.124;2324.416;1.835;2725.361;2872.641;-0.654;1367.144;3206.794;3592.536;2376.942;-0.305;1698.587;386.076;2123.584;592.558;0.549;1848.737;0.331;3023.792;3596.048;3412.846;1236.080;2376.289;2542.349;1758.240;1793.198;2.294;2.486;1271.558;1569.128;428.989;1989.343;1935.000;2611.654;901.876;1155.843;3599.430;2188.915;2749.990;1943.103;3039.834;2448.820;3600.814;452.229;919.802;1484.194;1823.079;2776.470;3331.380;2322.842;3598.982;2761.928;277.661;2163.786;2215.591;2786.371;3227.756;494.850;387.181;2930.331;1.272;3456.681,1355.113;3599.179;3599.158;478.711;3596.464;2810.049;488.735;2706.812;3599.481;2897.050;0.200;1918.236;1344.788;-0.102;3594.335;3151.217;584.196;2395.914;1856.968;1296.677;1834.670;1919.530;3402.727;2.289;2456.316;1964.110;186.296;376.385;2515.417;3315.849;0.107;1560.673;3583.227;1680.510;1086.543;967.432;0.017;261.989;2348.236;2208.906;2124.840;1056.602;3421.941;3600.463;2217.106;2770.663;2892.337;1268.130;786.744;815.195;746.936;1651.769;0.038;1256.637;2191.457;1523.308;2098.627;2609.479;3214.092;1154.534;597.252;1628.373;2584.066;319.207;393.676;1067.756;841.929;1772.413;2329.750;1128.281;3598.950;2877.945;2125.025;1359.834;0.182;2508.189;2607.643;2.108;3068.262;3278.467;2146.132;2847.632;3221.946;3405.621;1382.516;18.686;865.078;175.287;1630.774;1852.199;3120.890;3026.882;865.438;3599.455;246.976;1674.663;365.095;693.343;5.955;638.534
336,610.4041571617126,335,-561.6759933213392,561.6759933213392,0.05629276724660217,3445.512;3599.421;3244.673;2120.363;428.566;-0.597;1340.404;1147.749;1403.387;1670.750;2406.004;1974.924;2996.878;3235.388;2293.123;1566.423;784.013;3600.363;1019.100;560.167;0.749;3598.190;106.360;1004.316;-1.390;462.016;1404.856;3596.388;696.994;3599.450;257.773;1092.192;840.148;3243.251;3592.924;676.635;1472.101;895.880;2881.415;2325.664;2.400;2726.594;2871.048;0.965;1368.807;3205.203;3590.913;2375.294;-0.784;1696.922;387.025;2121.919;591.048;2.124;1850.199;-0.160;3022.261;3596.184;3414.512;1234.659;2374.700;2540.697;1756.620;1794.437;3.822;0.882;1271.858;1570.773;430.655;1987.752;1933.347;2613.162;902.608;1157.436;3600.707;2189.594;2751.658;1941.561;3041.505;2450.368;3599.206;450.760;918.257;1482.508;1822.382;2774.978;3332.998;2324.375;3599.933;2763.506;276.367;2165.235;2217.244;2787.898;3226.900;493.287;388.594;2931.628;-0.257;3455.335,1355.774;3600.519;3598.975;479.524;3598.007;2811.506;488.894;2708.441;3601.103;2895.436;-1.427;1919.903;1343.983;0.690;3596.002;3152.827;584.845;2394.530;1855.654;1298.042;1834.751;1921.102;3401.137;1.313;2457.928;1965.199;187.748;374.772;2516.037;3314.734;-1.321;1559.018;3584.907;1679.831;1084.871;966.074;-1.435;263.606;2348.175;2210.406;2126.490;1058.271;3420.339;3601.469;2215.547;2769.355;2891.196;1266.473;785.077;816.844;745.611;1650.130;-1.290;1257.515;2193.107;1524.485;2096.960;2607.924;3215.760;1152.891;595.600;1630.009;2582.416;320.091;392.198;1069.350;840.270;1770.825;2328.206;1126.633;3597.412;2879.579;2126.465;1361.440;1.599;2507.825;2606.009;0.696;3069.943;3277.262;2145.617;2846.083;3220.268;3404.016;1383.368;17.022;866.732;176.871;1632.377;1853.649;3119.287;3028.504;867.017;3601.109;245.304;1674.946;366.705;692.198;4.414;640.154
337,612.2626507282257,336,-561.6540403145432,561.6540403145432,0.04216974993486764,3447.153;3601.072;3245.774;2122.022;426.955;-0.235;1338.909;1146.142;1402.255;1672.067;2405.871;1976.581;2998.246;3233.949;2294.750;1565.265;782.419;3598.872;1018.226;558.535;-0.706;3598.886;106.368;1005.645;0.202;460.704;1403.576;3596.858;697.115;3598.244;256.867;1093.055;841.706;3243.728;3591.788;678.068;1472.562;897.518;2882.848;2324.174;3.920;2725.599;2870.984;1.516;1369.779;3203.586;3591.791;2374.285;0.832;1695.345;388.573;2121.214;590.172;3.741;1848.715;-1.778;3023.511;3595.157;3416.132;1236.126;2373.043;2539.418;1757.583;1796.083;3.024;-0.725;1270.238;1571.654;432.230;1989.110;1934.549;2614.068;902.775;1158.005;3599.225;2191.127;2752.434;1940.390;3040.446;2448.833;3599.197;449.346;916.807;1482.620;1823.942;2776.248;3334.012;2323.916;3598.844;2765.161;277.975;2166.826;2216.301;2788.857;3227.990;492.797;390.195;2930.102;-1.356;3453.745,1356.398;3600.483;3600.482;480.119;3599.655;2810.386;490.294;2710.102;3599.696;2894.425;-0.022;1921.158;1342.355;-0.804;3597.381;3151.793;586.430;2396.076;1857.170;1296.962;1836.263;1922.622;3399.481;-0.142;2457.375;1966.734;187.185;373.149;2517.666;3316.290;0.249;1560.535;3584.268;1681.448;1084.458;966.115;0.068;262.242;2346.799;2212.024;2125.150;1058.354;3418.740;3599.870;2214.980;2767.791;2889.663;1264.851;786.107;817.566;743.967;1649.622;0.267;1256.028;2192.417;1526.066;2095.323;2609.438;3214.285;1154.265;596.392;1630.900;2583.935;318.559;393.681;1070.916;841.348;1769.192;2326.580;1125.855;3595.968;2880.468;2125.084;1360.646;2.954;2507.988;2604.966;-0.786;3071.608;3278.610;2147.149;2847.508;3220.958;3403.010;1384.868;17.177;867.928;176.968;1631.352;1852.357;3117.628;3027.742;868.482;3599.851;245.811;1674.022;366.084;693.476;3.042;639.229
338,613.9486682415009,337,-561.6592760684831,561.6592760684831,0.02818767206872327,3448.341;3599.548;3245.209;2120.979;427.447;0.929;1337.750;1146.381;1403.405;1673.316;2404.469;1975.272;2998.342;3234.492;2296.094;1566.725;781.018;3597.313;1018.775;558.004;0.717;3599.957;107.895;1007.251;0.247;462.274;1404.795;3595.416;698.716;3598.576;257.762;1094.665;843.335;3242.226;3593.235;679.650;1471.019;898.624;2884.465;2324.843;5.224;2727.179;2869.664;0.274;1368.274;3203.028;3590.400;2372.811;-0.395;1696.881;387.843;2122.571;588.562;5.169;1847.104;-0.216;3025.132;3596.695;3417.759;1237.576;2371.686;2540.888;1759.089;1794.970;1.414;-0.026;1269.855;1573.252;430.787;1987.577;1932.996;2615.681;901.180;1156.451;3600.433;2190.206;2753.882;1941.653;3041.576;2448.179;3599.119;447.765;915.188;1481.061;1822.441;2775.775;3332.550;2325.290;3600.195;2764.141;276.705;2167.624;2217.696;2790.330;3227.496;491.521;391.833;2928.466;0.221;3455.311,1357.990;3599.184;3600.294;481.235;3600.862;2808.766;491.921;2710.967;3600.878;2895.833;-0.815;1922.780;1341.618;0.719;3599.006;3152.095;585.034;2395.445;1857.083;1295.362;1837.837;1921.097;3399.646;-0.213;2458.969;1965.291;188.609;372.396;2518.821;3315.447;0.078;1559.309;3584.734;1681.587;1082.868;964.941;-0.630;260.680;2345.200;2210.984;2126.367;1059.678;3417.147;3599.870;2216.287;2766.397;2888.029;1263.229;787.202;816.095;744.662;1648.175;0.619;1254.423;2193.321;1527.599;2095.860;2608.370;3214.830;1155.306;594.955;1632.328;2583.967;316.927;395.314;1072.253;842.531;1770.649;2325.151;1124.616;3597.130;2878.956;2124.421;1362.215;3.329;2506.497;2603.425;0.482;3073.226;3277.122;2148.297;2846.461;3219.630;3401.395;1386.499;16.242;869.550;178.526;1629.962;1853.759;3118.428;3029.329;870.065;3600.937;246.521;1672.412;364.914;691.911;1.773;640.473
339,615.7745897769928,338,-561.6403759362058,561.6403759362058,0.04944436225674308,3449.939;3600.512;3246.703;2119.470;427.544;-0.548;1336.251;1145.058;1402.099;1674.763;2405.897;1976.064;2999.904;3232.920;2295.698;1565.321;779.453;3595.720;1019.078;556.534;-0.184;3600.568;109.161;1008.868;-0.845;461.338;1405.583;3596.780;697.838;3597.014;259.278;1093.866;842.901;3241.647;3593.234;679.318;1470.342;900.025;2883.076;2326.305;6.829;2727.302;2871.114;-0.719;1368.625;3204.577;3591.079;2372.798;0.094;1695.862;389.316;2121.721;588.696;6.696;1845.594;0.694;3026.308;3598.276;3419.166;1239.055;2372.295;2539.526;1757.992;1793.462;0.169;-1.554;1268.423;1574.587;431.924;1988.912;1933.414;2615.562;900.162;1156.130;3599.192;2188.784;2753.126;1943.253;3040.334;2449.562;3600.615;449.023;915.249;1481.045;1821.445;2777.324;3332.631;2323.924;3598.681;2765.123;277.862;2169.206;2218.915;2789.010;3229.061;489.917;391.140;2927.731;-0.848;3456.202,1356.501;3597.601;3601.848;479.673;3599.395;2810.240;493.539;2712.548;3599.499;2894.409;0.664;1921.712;1342.494;1.886;3598.046;3151.768;583.426;2393.891;1855.731;1293.755;1837.239;1921.898;3398.127;-0.533;2459.725;1965.626;190.216;371.637;2520.027;3316.846;0.039;1560.810;3584.835;1680.066;1081.414;963.964;0.134;259.190;2346.677;2209.396;2127.667;1061.114;3417.891;3601.344;2217.882;2767.837;2888.449;1261.681;785.713;817.003;746.190;1649.432;-0.742;1255.860;2194.831;1528.284;2096.721;2606.774;3213.322;1156.902;596.212;1633.866;2585.337;315.307;396.068;1073.500;844.130;1771.893;2326.637;1123.205;3598.336;2877.582;2122.837;1361.703;1.759;2505.659;2604.393;-0.791;3074.595;3278.409;2146.786;2844.866;3218.568;3401.752;1385.159;14.651;870.614;179.817;1631.510;1855.271;3116.941;3030.855;869.220;3599.509;247.960;1671.546;363.314;692.834;3.274;642.075
340,617.6305830478668,339,-561.6391273758949,561.6391273758949,0.02765269365967288,3451.404;3599.803;3248.295;2118.443;426.301;0.540;1334.706;1146.446;1400.861;1673.439;2406.726;1974.723;3000.337;3232.153;2296.250;1564.149;780.527;3596.914;1017.730;556.013;-0.549;3599.017;107.993;1009.835;0.593;459.958;1407.103;3598.136;699.093;3596.261;259.083;1095.005;841.652;3240.084;3594.661;677.802;1468.878;900.331;2881.489;2327.542;6.576;2728.282;2872.565;0.737;1369.655;3204.241;3592.624;2374.257;-0.271;1694.745;390.858;2120.154;589.963;5.223;1844.111;1.354;3027.850;3597.218;3418.238;1240.083;2372.700;2539.595;1757.016;1794.648;-1.346;-0.050;1266.929;1573.176;433.365;1990.397;1934.859;2615.738;900.791;1155.016;3600.000;2189.625;2754.565;1942.202;3038.753;2450.367;3599.182;450.552;915.467;1482.491;1821.335;2778.776;3332.477;2323.753;3598.063;2766.019;279.377;2170.631;2217.506;2787.958;3230.228;489.407;390.226;2929.211;0.411;3455.841,1355.202;3596.014;3600.354;478.086;3600.440;2811.128;494.811;2713.976;3600.250;2893.169;0.952;1922.257;1341.720;2.912;3596.987;3150.273;584.166;2394.478;1854.146;1292.606;1837.913;1923.069;3396.652;0.949;2459.383;1964.646;191.749;370.245;2518.720;3317.982;0.637;1562.219;3583.283;1679.855;1080.631;962.464;-1.135;258.133;2348.210;2208.059;2126.329;1060.949;3416.860;3600.044;2219.457;2769.414;2887.801;1262.881;785.331;815.678;744.992;1651.013;0.559;1257.285;2196.189;1529.838;2095.658;2605.568;3212.028;1157.044;597.589;1632.365;2585.957;314.398;396.838;1072.076;845.652;1770.401;2328.108;1123.150;3599.916;2876.067;2122.179;1361.660;0.205;2504.096;2604.143;0.604;3075.967;3279.904;2145.429;2844.428;3220.061;3402.881;1384.022;14.066;871.541;181.082;1632.300;1853.972;3115.376;3031.017;869.992;3599.171;249.531;1672.361;361.885;694.251;4.823;642.801
341,619.5070104598999,340,-561.6898927348732,561.6898927348732,0.03280205180437354,3451.715;3601.136;3247.677;2116.970;426.967;0.857;1333.261;1145.075;1399.507;1672.678;2407.897;1976.096;2999.123;3231.105;2297.790;1565.247;781.941;3598.440;1016.167;557.528;0.943;3600.029;107.801;1010.149;0.697;458.487;1407.101;3599.335;698.247;3596.094;260.414;1093.504;840.396;3240.112;3594.924;676.769;1469.900;901.241;2882.675;2329.098;5.211;2729.822;2873.853;1.014;1368.158;3202.984;3594.159;2375.468;1.171;1693.318;389.413;2121.229;590.785;3.664;1845.495;0.541;3026.607;3595.792;3418.632;1238.966;2371.186;2540.992;1755.500;1796.148;0.156;1.213;1265.416;1572.106;432.069;1989.296;1934.603;2614.691;902.309;1156.519;3599.902;2188.190;2753.129;1943.528;3037.815;2448.914;3599.803;451.940;916.950;1483.416;1822.822;2780.218;3330.979;2322.607;3599.100;2764.503;278.145;2169.153;2217.699;2788.429;3230.314;487.872;391.350;2930.730;-0.444;3457.260,1354.380;3597.290;3600.061;478.478;3599.586;2811.016;495.167;2715.541;3599.194;2891.612;0.140;1920.905;1340.176;1.416;3597.993;3151.730;585.651;2396.003;1852.572;1291.746;1838.765;1921.631;3395.187;-0.572;2460.371;1966.121;193.309;368.745;2517.158;3319.520;1.960;1562.116;3584.036;1678.975;1080.836;963.958;0.331;256.583;2349.782;2207.441;2124.779;1059.456;3415.308;3600.007;2220.677;2768.350;2886.276;1261.682;783.813;816.908;745.091;1650.322;0.146;1258.130;2196.545;1529.934;2096.650;2606.447;3210.476;1158.173;599.143;1632.508;2587.498;312.992;395.358;1073.217;845.078;1771.695;2329.655;1124.548;3601.414;2874.560;2121.417;1360.481;-0.980;2502.523;2605.669;-0.613;3077.528;3281.309;2143.866;2843.334;3221.256;3401.643;1384.677;12.629;873.066;182.637;1633.613;1854.922;3116.039;3030.093;871.392;3600.527;251.091;1671.472;363.075;693.043;3.778;641.806
342,621.2011246681213,341,-561.7217352371745,561.7217352371745,0.04101311163939854,3453.195;3599.919;3248.043;2117.470;427.909;2.364;1331.724;1145.488;1397.981;1671.154;2409.240;1974.874;2998.347;3229.574;2299.276;1566.778;783.275;3598.906;1014.622;557.395;1.145;3598.828;106.295;1011.501;-0.303;459.875;1405.985;3598.117;699.703;3597.576;261.957;1092.432;838.864;3238.785;3596.272;678.146;1471.425;902.762;2883.933;2328.171;6.445;2731.372;2875.333;2.448;1366.627;3201.445;3595.574;2374.045;-0.225;1694.128;389.419;2121.986;589.294;3.371;1847.023;0.976;3025.493;3597.192;3417.156;1240.133;2369.657;2541.227;1756.947;1797.693;-0.325;0.149;1263.865;1573.459;431.116;1987.811;1933.095;2616.191;900.927;1158.066;3601.105;2189.647;2754.377;1942.687;3038.503;2447.413;3600.580;451.199;918.498;1481.944;1821.473;2780.726;3329.600;2321.074;3597.638;2763.517;276.634;2167.607;2219.166;2789.816;3231.828;486.429;392.686;2929.929;-1.441;3456.761,1355.718;3598.172;3601.150;477.154;3599.804;2809.655;495.466;2716.572;3599.903;2890.946;-1.345;1922.379;1338.931;-0.012;3599.479;3153.269;587.142;2395.941;1851.689;1290.305;1837.263;1920.423;3395.387;0.562;2461.898;1964.962;193.053;368.906;2515.679;3318.147;0.488;1563.294;3582.640;1680.357;1079.327;962.659;0.484;255.299;2348.896;2206.267;2123.448;1058.701;3415.304;3601.217;2221.302;2767.187;2887.155;1263.042;784.792;815.896;745.691;1648.815;1.460;1259.568;2198.062;1531.394;2095.165;2607.879;3211.670;1156.883;600.686;1633.494;2586.815;313.055;396.656;1071.898;843.713;1770.657;2331.208;1123.105;3599.936;2874.989;2122.869;1359.013;0.459;2502.426;2604.729;0.387;3078.479;3279.931;2144.745;2842.480;3220.008;3400.591;1386.172;12.434;874.609;184.162;1632.659;1856.361;3117.507;3031.336;872.904;3599.309;251.075;1669.945;363.489;691.510;3.769;640.297
343,623.0415990352631,342,-561.7252374681086,561.7252374681086,0.03635180814071707,3454.258;3601.030;3246.694;2116.034;429.397;1.435;1331.477;1146.874;1397.815;1670.719;2407.816;1975.767;2996.851;3229.734;2298.411;1566.407;781.916;3600.162;1014.731;557.264;0.759;3600.249;106.164;1012.677;0.957;460.436;1404.959;3596.605;701.124;3599.104;262.115;1091.032;839.822;3237.263;3594.817;677.772;1472.640;902.340;2882.657;2329.566;5.258;2732.792;2876.696;3.906;1365.097;3199.913;3594.617;2372.687;-0.263;1695.582;390.805;2120.561;589.330;3.447;1848.127;0.120;3026.713;3598.040;3417.892;1240.716;2369.432;2542.717;1758.150;1796.554;0.758;-0.291;1263.883;1573.132;430.657;1986.349;1931.836;2617.619;899.578;1159.045;3599.622;2188.725;2753.643;1944.028;3040.004;2447.379;3599.101;449.696;917.552;1482.460;1821.669;2780.229;3331.043;2322.438;3598.872;2762.087;275.276;2166.249;2220.605;2791.339;3231.232;487.524;391.716;2930.096;0.026;3458.243,1357.027;3599.679;3599.692;478.441;3600.045;2810.891;493.995;2717.018;3598.801;2889.454;0.067;1922.517;1340.330;-1.464;3601.008;3154.800;588.323;2394.553;1851.183;1288.908;1835.757;1921.822;3394.041;1.970;2461.144;1966.328;191.661;367.417;2516.993;3317.045;-1.018;1564.519;3584.027;1680.964;1077.974;963.823;-0.824;255.838;2349.947;2207.515;2123.037;1057.198;3416.575;3599.761;2219.895;2765.673;2887.455;1264.133;783.575;817.292;747.183;1647.287;0.428;1261.095;2199.512;1530.236;2093.989;2606.840;3212.735;1155.399;599.627;1634.938;2588.207;313.867;396.673;1073.113;842.189;1770.904;2332.311;1122.905;3598.795;2876.486;2121.830;1357.495;1.700;2500.936;2606.050;-0.413;3077.590;3278.466;2143.349;2840.977;3218.854;3400.974;1386.233;10.948;875.582;185.677;1631.152;1857.886;3118.371;3032.834;874.428;3600.568;250.477;1671.222;364.974;691.618;2.288;640.951
344,624.9100980758667,343,-561.7589270674,561.7589270674,0.043933006211658236,3455.749;3599.600;3248.102;2114.530;430.893;-0.051;1330.127;1145.452;1399.252;1669.494;2408.206;1976.687;2998.275;3228.730;2299.840;1567.488;783.291;3598.938;1013.296;558.731;-0.707;3600.400;104.698;1013.286;-0.389;461.762;1406.378;3597.509;701.334;3599.446;260.652;1092.184;838.430;3235.774;3596.128;676.298;1471.302;903.632;2883.434;2331.050;3.977;2731.526;2876.245;5.116;1363.805;3200.135;3595.242;2373.941;1.160;1694.203;389.420;2121.861;588.509;2.065;1847.427;-1.363;3028.210;3596.899;3418.411;1239.261;2367.969;2541.332;1757.024;1797.942;-0.540;1.132;1262.559;1572.108;431.934;1987.457;1931.557;2618.613;900.929;1157.835;3600.035;2189.908;2754.977;1943.460;3039.008;2448.787;3599.611;450.792;918.741;1483.760;1820.218;2781.593;3329.909;2323.330;3597.925;2760.609;275.128;2164.746;2221.508;2792.842;3230.076;486.219;393.173;2931.568;-0.688;3457.007,1355.627;3599.237;3600.580;477.553;3601.516;2812.383;495.340;2718.495;3600.197;2887.994;0.158;1921.268;1339.201;-0.022;3599.593;3153.570;589.762;2393.456;1849.748;1287.405;1835.896;1921.903;3392.538;0.618;2460.578;1967.464;193.038;365.908;2516.467;3317.629;0.351;1566.011;3583.714;1682.439;1076.552;962.640;0.530;254.432;2349.430;2208.964;2121.565;1058.554;3415.205;3600.666;2221.241;2765.801;2886.148;1262.711;784.630;816.891;745.770;1646.413;1.282;1262.601;2200.990;1531.686;2092.503;2605.351;3211.505;1156.167;600.602;1633.911;2587.243;312.408;398.107;1073.267;843.337;1769.484;2333.756;1124.265;3599.843;2875.849;2120.448;1358.260;0.525;2499.552;2606.897;-1.787;3079.042;3279.612;2143.430;2839.770;3220.283;3399.529;1386.906;9.657;877.045;187.002;1632.022;1857.454;3117.012;3033.585;875.695;3599.232;251.831;1672.528;363.663;692.796;3.443;641.570
345,626.8010528087616,344,-561.7500848457039,561.7500848457039,0.018395458115777467,3456.549;3599.065;3249.537;2113.466;429.605;-1.076;1331.010;1146.413;1399.947;1668.488;2408.708;1978.143;2998.123;3228.227;2300.170;1568.145;783.146;3599.066;1012.308;559.139;0.667;3598.999;105.733;1011.837;0.961;461.501;1407.860;3598.588;699.904;3599.871;261.676;1091.055;837.654;3237.032;3595.323;674.845;1470.784;902.542;2883.519;2331.145;2.499;2731.132;2874.791;4.705;1364.718;3201.277;3596.557;2374.779;1.092;1692.907;390.346;2121.483;589.906;1.350;1848.731;0.035;3028.568;3596.973;3419.864;1238.790;2369.139;2540.272;1755.840;1797.809;0.456;1.093;1263.559;1571.275;433.408;1988.390;1932.950;2617.660;902.056;1158.556;3600.290;2190.030;2753.812;1942.008;3040.239;2448.200;3599.867;451.696;919.624;1482.424;1820.507;2780.215;3331.197;2324.684;3598.556;2761.852;273.827;2164.915;2222.575;2793.416;3230.576;484.838;392.845;2930.846;0.551;3457.086,1354.286;3600.470;3599.445;478.055;3600.102;2813.744;496.353;2717.676;3599.747;2888.977;-0.302;1919.825;1339.772;0.422;3600.083;3153.719;591.122;2392.015;1848.419;1286.712;1837.253;1923.322;3391.049;1.679;2461.992;1966.869;192.495;364.832;2517.903;3319.080;1.406;1567.421;3585.114;1681.025;1077.839;964.011;0.445;253.571;2350.366;2210.405;2122.846;1059.836;3415.946;3599.448;2220.773;2765.740;2887.182;1262.200;783.253;818.315;745.146;1646.908;-0.114;1262.395;2200.657;1531.042;2093.803;2604.196;3210.041;1157.623;599.318;1635.285;2586.013;312.746;396.776;1074.677;842.753;1769.826;2332.384;1125.204;3598.604;2876.966;2120.288;1359.558;-0.065;2500.584;2606.000;-0.348;3078.469;3280.191;2142.064;2838.334;3219.000;3400.899;1385.465;8.974;875.750;185.730;1633.468;1856.075;3118.034;3035.006;874.308;3599.321;252.719;1671.437;364.088;691.586;2.336;643.029
346,628.5031039714813,345,-561.801432855373,561.801432855373,0.0354475839941461,3455.846;3599.343;3250.703;2113.491;430.560;0.328;1331.192;1147.410;1401.387;1667.043;2407.383;1976.767;2997.721;3229.483;2301.517;1566.763;782.656;3599.090;1011.245;559.940;1.036;3598.799;104.544;1011.267;-0.088;462.919;1409.287;3597.568;700.996;3601.305;263.122;1092.395;839.011;3236.414;3596.566;675.659;1469.389;903.781;2882.347;2332.556;2.676;2732.494;2874.543;3.284;1363.895;3199.974;3595.446;2373.365;-0.328;1694.272;388.976;2120.553;588.610;0.083;1848.151;0.222;3029.981;3598.238;3418.577;1237.357;2369.550;2540.345;1757.240;1798.888;-0.733;1.543;1265.009;1569.832;432.082;1988.396;1931.693;2618.972;901.117;1159.981;3600.412;2191.389;2753.312;1940.944;3041.344;2449.620;3599.830;452.923;920.224;1482.631;1819.125;2781.447;3330.242;2325.129;3599.875;2760.710;272.373;2163.532;2224.016;2794.601;3229.423;486.198;392.940;2930.336;0.339;3458.488,1354.731;3599.255;3600.558;476.629;3599.507;2812.660;497.199;2716.543;3600.831;2887.828;1.040;1921.182;1341.171;-0.156;3600.375;3155.067;591.953;2390.549;1846.959;1287.482;1835.974;1924.159;3391.481;0.696;2463.421;1965.442;191.436;366.189;2517.093;3317.892;0.444;1568.169;3584.377;1681.101;1076.669;962.903;-0.866;253.118;2349.060;2209.058;2122.732;1060.639;3417.208;3600.188;2221.794;2766.398;2888.629;1263.585;783.497;817.296;744.814;1645.625;1.006;1263.299;2201.872;1529.988;2093.607;2603.248;3211.302;1158.190;600.699;1634.030;2585.510;314.126;397.595;1076.043;842.217;1768.471;2333.401;1125.289;3599.562;2875.789;2121.709;1358.246;-1.350;2501.721;2604.554;-0.211;3077.090;3278.783;2143.266;2837.024;3217.728;3400.543;1386.617;7.563;876.881;186.758;1632.509;1857.332;3119.484;3036.463;872.870;3599.817;251.363;1669.993;363.014;690.128;3.323;643.155
347,630.3524281978607,346,-561.7860636489459,561.7860636489459,0.019703306560352712,3456.488;3600.546;3249.780;2112.667;429.484;-0.115;1329.794;1147.079;1400.132;1667.998;2408.776;1977.799;2999.056;3228.234;2300.172;1565.395;781.239;3597.687;1012.586;558.563;-0.202;3597.634;105.912;1012.657;0.309;464.336;1408.123;3598.871;700.285;3599.939;263.306;1092.493;840.454;3236.582;3597.861;677.023;1468.897;902.649;2883.730;2333.235;3.832;2733.526;2875.942;1.853;1364.456;3200.040;3596.788;2373.116;0.452;1695.551;388.835;2119.225;589.137;1.405;1846.733;-0.585;3031.145;3599.674;3419.492;1238.562;2370.944;2539.380;1758.220;1797.609;0.558;0.237;1266.241;1571.101;432.170;1989.793;1932.685;2619.248;899.706;1158.975;3599.010;2190.036;2754.041;1942.259;3040.052;2449.108;3600.479;454.195;918.819;1483.917;1818.055;2782.823;3329.265;2323.725;3599.462;2761.931;273.089;2164.445;2222.667;2793.218;3230.690;487.247;393.681;2928.969;-0.760;3459.832,1353.411;3599.909;3599.445;475.941;3600.677;2811.609;495.927;2717.675;3599.436;2889.048;2.280;1922.003;1339.940;0.151;3599.045;3156.324;593.377;2389.241;1847.050;1288.120;1836.940;1925.151;3392.659;0.487;2464.288;1966.609;191.073;366.104;2517.981;3318.280;0.480;1566.939;3585.546;1682.128;1077.638;962.824;0.465;251.704;2347.862;2210.278;2122.285;1062.022;3418.525;3598.983;2220.739;2765.056;2888.243;1262.913;784.854;817.852;743.402;1644.392;-0.018;1264.284;2201.328;1530.250;2093.423;2604.612;3211.085;1157.470;600.698;1635.149;2586.896;314.643;398.536;1077.485;840.855;1767.206;2332.292;1126.700;3599.050;2876.099;2122.504;1358.936;0.035;2500.413;2604.330;0.729;3078.203;3279.014;2144.465;2838.290;3216.434;3400.019;1386.296;8.509;876.027;185.497;1631.784;1856.142;3118.793;3035.404;873.543;3598.808;251.925;1670.537;362.793;690.365;2.638;644.449
348,632.2231793403625,347,-561.815842506345,561.815842506345,0.028255636472600217,3455.328;3599.600;3250.853;2111.263;430.664;1.097;1328.471;1145.773;1399.174;1669.010;2409.978;1978.237;2998.125;3229.145;2298.829;1564.205;781.566;3598.923;1013.314;557.986;0.718;3598.755;105.856;1012.574;-0.766;463.317;1408.393;3600.166;701.274;3600.362;262.866;1092.414;840.820;3235.237;3599.277;676.564;1469.483;902.441;2884.829;2334.592;2.478;2734.927;2877.262;0.569;1363.494;3201.185;3598.212;2374.476;-0.419;1696.904;389.893;2118.027;589.706;0.143;1846.692;0.738;3032.478;3599.231;3418.319;1238.967;2372.361;2540.722;1757.180;1796.721;-0.484;0.975;1267.484;1570.032;433.463;1991.052;1931.728;2617.899;898.400;1159.602;3599.784;2189.096;2752.723;1941.138;3038.677;2448.063;3599.096;455.458;918.838;1485.279;1816.679;2784.248;3327.885;2323.240;3599.615;2760.764;272.103;2165.397;2221.243;2791.878;3232.088;486.272;392.518;2927.546;0.589;3460.852,1354.254;3600.975;3598.689;474.678;3599.413;2810.387;496.842;2718.741;3599.724;2889.538;1.499;1921.036;1340.839;-1.201;3598.667;3157.518;592.556;2387.819;1845.668;1286.739;1838.162;1923.964;3393.142;0.034;2462.967;1967.365;192.450;365.276;2519.250;3318.233;1.840;1568.256;3586.690;1681.114;1077.253;963.003;-0.532;251.123;2349.077;2209.875;2123.329;1060.745;3417.483;3598.894;2222.076;2766.402;2887.292;1262.280;784.055;816.608;743.512;1645.554;-0.445;1265.694;2199.952;1531.637;2094.751;2603.701;3210.833;1158.758;599.699;1633.832;2586.560;315.673;397.205;1076.175;842.146;1768.283;2333.027;1128.128;3598.384;2875.075;2121.271;1360.274;0.376;2501.370;2605.669;0.926;3079.543;3280.343;2145.878;2839.343;3217.537;3399.155;1384.938;9.774;875.642;184.341;1632.867;1855.073;3119.223;3034.303;874.671;3599.739;253.311;1670.283;361.566;689.638;1.283;645.601
349,633.9116902351379,348,-561.8334624490769,561.8334624490769,0.042839253226657936,3456.648;3600.933;3249.782;2112.213;429.639;0.486;1327.076;1147.021;1397.801;1667.998;2411.146;1978.127;2996.850;3227.795;2297.973;1564.268;782.819;3597.764;1012.039;556.774;-0.557;3597.543;106.378;1013.664;0.574;464.528;1409.667;3601.511;702.479;3599.308;264.172;1093.785;840.130;3236.284;3599.615;675.211;1470.804;901.140;2884.263;2333.462;1.611;2736.005;2878.234;-0.577;1364.713;3201.314;3599.546;2374.965;-0.540;1696.045;391.269;2116.631;590.922;1.121;1847.752;1.160;3032.749;3600.579;3418.184;1240.247;2373.504;2539.809;1756.878;1797.619;0.443;-0.362;1266.430;1568.777;434.853;1991.701;1932.639;2619.059;898.956;1158.245;3600.810;2188.347;2753.979;1941.363;3037.648;2446.671;3599.614;456.859;918.158;1486.503;1817.265;2784.639;3328.884;2321.987;3598.246;2761.965;273.330;2166.525;2221.077;2790.991;3233.492;484.981;391.121;2928.427;-0.263;3459.708,1354.726;3599.652;3597.497;474.701;3600.151;2808.988;495.542;2717.492;3600.949;2889.850;0.201;1921.790;1339.839;0.099;3599.368;3156.242;593.778;2389.033;1845.100;1286.258;1837.918;1923.035;3394.223;-1.335;2461.565;1968.687;191.656;364.073;2519.926;3316.909;0.783;1567.394;3587.410;1682.429;1076.432;961.677;0.411;252.361;2350.374;2211.095;2123.068;1060.489;3418.122;3600.132;2223.160;2765.712;2888.029;1261.123;785.382;815.209;742.157;1646.947;0.865;1266.150;2199.835;1532.909;2093.453;2602.723;3212.065;1157.478;598.444;1632.907;2587.886;317.061;398.394;1075.381;843.471;1767.214;2334.210;1127.119;3599.058;2876.201;2120.534;1361.677;0.290;2500.173;2605.264;0.244;3080.758;3280.237;2147.276;2840.729;3218.918;3400.457;1385.951;11.174;875.995;182.957;1631.607;1853.692;3117.897;3033.034;876.067;3601.126;252.453;1671.623;360.166;690.927;0.513;644.295
350,635.7476651668549,349,-561.8347438172095,561.8347438172095,0.05960777137214303,3455.462;3599.628;3248.546;2111.390;428.267;-0.839;1327.930;1147.650;1396.989;1668.880;2412.430;1976.781;2995.467;3228.750;2298.591;1562.926;782.502;3596.389;1013.133;558.001;0.553;3597.972;107.711;1012.848;0.454;463.503;1409.465;3600.184;703.094;3598.842;265.556;1093.690;840.908;3237.651;3598.834;676.094;1469.540;899.755;2882.913;2334.055;2.020;2736.924;2879.595;-1.270;1363.388;3202.662;3600.628;2373.675;-1.733;1694.865;390.183;2117.707;591.551;2.492;1848.641;-0.007;3034.104;3601.953;3418.075;1238.994;2374.881;2541.030;1756.176;1798.966;-0.272;-1.652;1267.738;1567.395;433.842;1992.503;1931.425;2618.454;900.313;1157.387;3599.530;2187.151;2752.670;1942.711;3036.281;2446.079;3599.836;458.154;916.805;1487.876;1818.623;2783.380;3328.019;2320.628;3599.474;2763.244;274.594;2167.876;2219.875;2789.661;3232.313;486.229;389.928;2929.772;0.977;3461.032,1353.417;3599.697;3598.800;473.502;3601.353;2807.942;496.212;2718.778;3599.677;2891.203;1.496;1921.318;1340.774;-0.406;3600.697;3154.859;594.435;2390.413;1844.405;1285.346;1839.264;1923.012;3395.084;-0.006;2461.387;1967.534;192.927;362.696;2518.808;3318.232;-0.563;1566.308;3586.132;1681.561;1077.747;961.051;-0.475;251.138;2349.073;2212.362;2121.931;1059.213;3418.886;3599.082;2222.088;2765.663;2886.695;1259.745;786.450;814.010;741.500;1648.310;-0.301;1264.811;2198.494;1534.279;2094.473;2601.352;3210.729;1156.327;599.751;1633.446;2589.121;315.749;399.568;1076.701;844.789;1768.520;2333.085;1128.370;3600.417;2874.865;2121.729;1362.945;-1.021;2499.906;2604.083;-1.117;3082.092;3281.575;2148.540;2841.897;3220.230;3399.287;1387.185;10.634;874.680;182.998;1631.282;1854.204;3117.138;3031.977;875.516;3599.793;253.764;1670.484;358.795;689.642;1.321;643.495
351,637.6007916927338,350,-561.826852770746,561.826852770746,0.03418058245578645,3454.896;3599.653;3247.184;2110.115;427.383;0.381;1327.123;1146.390;1396.159;1667.589;2413.759;1975.563;2994.236;3227.820;2298.473;1564.012;783.763;3596.333;1012.106;558.092;0.562;3596.671;107.168;1011.564;0.531;464.463;1410.768;3599.939;701.906;3599.012;266.911;1094.885;839.795;3238.661;3599.970;675.057;1470.649;898.724;2882.496;2335.396;0.968;2735.652;2878.909;0.048;1362.052;3204.018;3599.487;2373.212;-0.400;1693.570;389.427;2119.063;592.893;3.568;1849.990;0.580;3034.988;3600.707;3416.747;1237.708;2376.178;2540.594;1757.494;1798.019;-1.615;-0.515;1268.651;1566.198;434.966;1993.849;1931.538;2617.159;900.990;1158.617;3600.362;2185.791;2752.878;1943.926;3037.228;2447.320;3601.168;459.518;917.855;1487.112;1817.664;2782.105;3326.715;2319.485;3598.573;2762.877;273.919;2166.589;2219.921;2790.174;3232.742;485.151;388.575;2930.886;1.719;3461.692,1353.887;3600.914;3599.589;472.150;3600.053;2809.037;497.503;2718.475;3600.001;2892.380;1.658;1922.629;1340.340;0.611;3599.400;3153.634;593.195;2390.406;1845.583;1286.598;1839.958;1922.132;3393.777;0.080;2461.717;1966.178;193.379;363.708;2518.327;3318.562;0.548;1566.227;3587.320;1680.235;1078.442;959.716;0.555;251.940;2349.558;2211.477;2123.254;1059.561;3420.139;3599.761;2220.884;2766.966;2887.257;1260.969;785.275;814.611;742.675;1648.655;0.817;1265.501;2198.702;1533.711;2095.430;2602.249;3210.317;1155.186;600.644;1634.239;2587.840;315.352;400.673;1075.615;844.148;1767.878;2333.241;1128.966;3599.503;2873.803;2123.087;1362.238;0.233;2501.212;2602.739;0.164;3080.877;3281.079;2147.410;2840.910;3219.636;3400.273;1387.431;9.387;873.616;184.050;1632.541;1855.541;3117.841;3033.280;874.191;3600.180;253.431;1669.152;358.865;689.410;0.082;642.193
352,639.2914214134216,351,-561.8585862686439,561.8585862686439,0.043391654722890464,3456.148;3600.615;3247.151;2108.772;426.564;0.538;1327.531;1145.105;1397.120;1666.246;2414.046;1974.483;2993.499;3226.666;2299.782;1565.347;784.857;3597.147;1010.784;559.265;-0.448;3596.550;105.887;1010.248;-0.604;463.649;1412.114;3599.878;703.201;3599.892;268.208;1096.227;838.525;3237.374;3600.813;673.788;1469.385;899.153;2881.182;2334.336;-0.290;2735.181;2880.160;-0.401;1361.803;3203.457;3600.344;2374.474;0.214;1692.236;390.711;2117.926;594.240;4.814;1851.220;-0.520;3036.154;3599.670;3417.215;1236.403;2377.484;2541.775;1756.629;1799.295;-0.397;-0.513;1268.044;1564.856;435.873;1995.196;1932.266;2616.706;902.299;1157.739;3599.277;2186.605;2752.031;1943.495;3035.983;2446.222;3599.922;460.832;918.938;1486.965;1816.526;2781.644;3327.361;2320.533;3599.525;2764.017;273.780;2166.932;2218.615;2789.252;3233.764;484.742;387.262;2930.051;0.593;3462.954,1355.207;3599.656;3600.695;470.845;3599.544;2810.366;496.661;2719.734;3601.248;2891.124;0.391;1921.583;1340.734;-0.145;3599.501;3154.829;591.897;2389.322;1844.343;1285.988;1841.245;1920.809;3393.879;-1.128;2461.267;1965.507;194.696;362.471;2517.134;3319.875;1.533;1567.532;3587.894;1678.926;1077.413;958.384;-0.683;253.252;2348.286;2210.360;2122.796;1058.408;3418.950;3600.996;2220.237;2768.251;2887.499;1261.714;785.350;815.785;743.959;1647.381;1.191;1265.978;2200.007;1534.996;2096.675;2601.142;3209.019;1153.857;601.956;1633.037;2587.006;314.155;399.501;1074.889;842.943;1767.778;2334.461;1130.277;3600.510;2872.543;2123.238;1363.422;0.490;2502.357;2603.576;-0.456;3081.990;3282.288;2148.372;2842.144;3220.865;3398.994;1386.240;9.787;874.737;185.387;1633.871;1856.170;3116.561;3032.378;874.032;3599.833;252.825;1669.777;360.064;688.117;-1.260;643.471
353,641.1171576976776,352,-561.8412498619654,561.8412498619654,0.02829998475520915,3456.141;3599.392;3247.613;2107.543;425.283;-0.621;1328.717;1143.784;1395.874;1665.195;2412.882;1973.947;2994.724;3227.586;2299.483;1565.946;783.718;3598.226;1009.591;558.434;0.808;3595.254;105.259;1010.356;0.669;462.671;1413.371;3599.114;702.724;3601.203;269.316;1097.291;837.270;3237.188;3599.523;672.467;1468.707;898.010;2881.200;2334.488;0.965;2734.325;2880.622;0.808;1361.109;3204.617;3599.096;2373.527;0.387;1690.943;390.820;2118.923;595.340;3.808;1851.840;0.690;3035.174;3599.437;3416.180;1235.288;2377.577;2540.538;1755.726;1798.541;0.200;0.782;1269.301;1565.833;434.885;1994.635;1933.571;2615.409;901.795;1157.447;3600.491;2187.913;2752.258;1942.386;3037.055;2447.217;3600.594;459.697;920.056;1486.517;1815.227;2780.360;3328.664;2321.826;3600.839;2764.430;272.506;2165.813;2219.758;2788.097;3232.644;485.971;386.088;2930.661;1.211;3462.500,1355.016;3600.306;3599.447;469.528;3599.835;2811.697;497.687;2719.522;3600.002;2890.473;-0.883;1922.007;1342.034;-0.195;3599.679;3155.823;590.726;2390.456;1843.356;1286.660;1842.127;1922.013;3392.615;0.097;2459.979;1964.386;194.368;362.889;2518.324;3319.900;0.474;1567.796;3589.151;1677.648;1077.088;959.084;0.414;254.029;2348.348;2211.554;2124.038;1059.186;3420.225;3599.726;2219.128;2769.537;2888.797;1262.868;784.096;817.106;744.994;1646.328;-0.036;1264.894;2201.219;1535.832;2097.827;2599.823;3209.019;1154.373;601.442;1634.029;2585.741;314.385;398.227;1075.364;841.657;1769.041;2334.520;1129.343;3599.280;2872.467;2123.447;1362.439;0.815;2503.593;2602.871;0.622;3081.037;3281.646;2148.413;2841.151;3219.848;3399.969;1384.972;9.407;874.574;186.048;1635.142;1855.034;3115.658;3033.398;873.293;3599.447;251.527;1668.629;361.379;688.623;-0.039;642.504
354,642.9648654460907,353,-561.8437739003296,561.8437739003296,0.03146049487555476,3457.192;3599.841;3246.354;2108.447;426.360;0.506;1327.631;1142.659;1394.999;1664.382;2411.619;1975.193;2994.854;3228.433;2298.263;1565.154;782.711;3599.521;1008.625;557.757;0.320;3595.206;105.914;1011.600;0.605;462.100;1413.286;3600.172;703.399;3599.949;268.870;1097.912;836.096;3238.207;3599.659;671.312;1469.639;896.782;2882.431;2335.541;0.419;2735.446;2881.299;1.401;1360.351;3203.581;3598.847;2373.087;-0.541;1691.837;391.984;2118.926;595.138;3.258;1850.703;1.015;3033.882;3598.897;3417.408;1236.422;2376.326;2540.461;1756.668;1798.095;0.861;0.868;1269.925;1565.942;435.982;1993.482;1932.767;2615.782;900.532;1156.900;3599.455;2186.855;2753.530;1943.424;3037.393;2447.084;3599.610;458.572;921.094;1487.484;1814.222;2779.645;3329.135;2322.598;3599.860;2765.608;271.196;2166.881;2220.197;2786.872;3232.930;485.686;385.486;2931.936;0.006;3461.265,1353.746;3599.107;3599.988;468.442;3600.869;2812.964;498.965;2720.358;3600.166;2891.087;0.352;1923.278;1343.343;1.019;3598.695;3154.799;589.547;2389.828;1842.215;1285.409;1843.382;1921.460;3392.632;-0.153;2460.632;1963.093;193.982;364.065;2517.242;3321.017;-0.815;1566.587;3588.002;1676.794;1076.312;958.027;0.715;255.243;2349.570;2210.360;2125.050;1060.474;3419.411;3600.854;2220.391;2770.714;2887.982;1263.991;784.816;816.053;744.056;1647.540;-1.337;1266.104;2202.401;1536.991;2098.124;2599.546;3208.123;1154.674;602.468;1632.905;2585.390;313.302;399.158;1074.263;842.835;1770.161;2335.016;1128.168;3599.918;2871.509;2122.215;1363.479;-0.441;2503.304;2601.595;-0.093;3080.831;3282.040;2147.564;2839.917;3220.779;3399.055;1383.745;8.131;873.340;187.010;1635.326;1853.960;3114.364;3034.482;874.027;3600.696;250.433;1667.339;360.401;689.799;1.139;641.659
355,644.8454442024231,354,-561.8582479525405,561.8582479525405,0.03567645773982483,3457.886;3599.068;3246.859;2109.631;427.557;0.033;1326.348;1141.374;1393.807;1664.639;2412.809;1976.437;2993.721;3228.472;2299.318;1566.132;781.717;3600.160;1008.688;556.499;-0.759;3596.423;104.933;1012.889;-0.471;460.834;1413.353;3600.529;704.627;3600.339;270.091;1099.154;837.316;3237.074;3600.704;672.335;1468.597;897.899;2883.659;2334.408;1.387;2736.724;2882.569;0.432;1359.080;3202.301;3597.722;2374.240;0.661;1692.609;393.145;2119.594;593.898;2.340;1849.461;-0.125;3034.829;3598.861;3416.466;1235.841;2375.318;2541.547;1755.725;1798.946;2.087;-0.253;1269.996;1566.077;434.901;1993.707;1931.497;2616.396;899.342;1155.673;3598.891;2186.165;2752.445;1944.705;3037.358;2447.197;3599.535;458.684;920.001;1488.763;1812.991;2780.872;3327.904;2321.460;3600.204;2766.895;270.006;2168.124;2219.159;2785.583;3233.677;485.487;384.244;2930.784;-1.073;3462.144,1353.807;3599.794;3601.109;468.252;3599.635;2813.021;499.746;2721.611;3599.755;2890.009;0.691;1922.617;1342.429;0.245;3599.929;3154.682;588.261;2390.933;1840.934;1284.194;1844.664;1920.197;3393.884;-0.225;2461.901;1961.999;195.205;365.123;2516.006;3320.447;0.377;1565.539;3589.020;1677.094;1075.041;956.885;-0.239;254.195;2350.846;2209.100;2125.245;1061.454;3418.275;3599.799;2220.512;2769.938;2886.775;1263.899;783.673;815.990;745.206;1647.348;-0.105;1266.307;2201.726;1536.632;2097.107;2600.275;3207.906;1155.903;603.141;1633.972;2586.616;312.019;398.907;1073.420;844.052;1770.279;2335.345;1127.519;3600.676;2870.231;2120.993;1364.748;0.368;2503.015;2600.986;-1.278;3081.592;3282.767;2148.741;2839.805;3221.658;3397.791;1384.510;6.841;874.485;188.277;1636.518;1855.154;3114.385;3035.752;875.299;3599.525;251.548;1667.833;359.193;688.664;0.777;642.737
356,646.5478518009186,355,-561.8531394037421,561.8531394037421,0.025475453634483957,3456.762;3600.017;3248.074;2110.900;428.712;-0.949;1326.251;1142.087;1394.738;1665.498;2411.792;1977.591;2994.900;3227.316;2299.968;1567.271;782.914;3598.950;1007.469;555.643;0.451;3597.459;103.678;1012.546;0.681;459.574;1412.149;3599.294;703.577;3599.745;269.151;1098.332;836.436;3236.998;3599.524;673.531;1469.593;896.861;2884.850;2333.492;0.489;2735.761;2881.544;1.250;1360.269;3201.808;3597.820;2374.944;1.087;1691.399;392.779;2118.419;593.140;1.081;1848.420;0.899;3034.504;3600.090;3415.385;1234.678;2374.120;2542.544;1754.468;1800.199;2.879;0.720;1268.934;1567.312;434.928;1992.811;1932.561;2615.626;900.379;1156.744;3599.792;2186.111;2751.501;1945.387;3036.160;2446.802;3598.341;457.459;921.074;1487.653;1814.046;2781.590;3328.708;2322.582;3599.729;2768.168;271.086;2169.313;2219.033;2786.594;3234.667;484.279;383.955;2929.648;0.143;3461.179,1353.037;3600.618;3599.900;469.485;3599.152;2813.395;498.570;2722.505;3600.847;2891.196;-0.412;1921.633;1341.208;-0.939;3600.259;3155.462;588.382;2390.944;1841.689;1285.176;1845.511;1920.308;3394.785;0.885;2461.460;1963.185;194.408;364.435;2515.047;3321.536;0.636;1566.494;3589.842;1678.336;1075.961;957.891;0.883;253.321;2350.998;2209.603;2125.774;1061.921;3417.012;3599.799;2219.486;2768.864;2887.496;1262.699;782.778;817.178;745.507;1648.320;-0.021;1265.316;2200.494;1535.389;2095.881;2601.485;3209.054;1156.939;601.926;1634.140;2587.779;312.507;397.703;1072.163;844.451;1771.204;2334.104;1126.269;3599.469;2871.227;2119.766;1365.998;0.727;2504.190;2602.190;-0.069;3080.853;3281.957;2147.600;2838.621;3220.712;3397.389;1383.369;7.239;873.686;187.127;1637.746;1854.510;3113.964;3034.716;876.573;3600.231;251.023;1669.047;360.243;689.374;-0.302;641.809
357,648.3896679878235,356,-561.8760964664825,561.8760964664825,0.028333884902154195,3457.921;3600.405;3249.299;2111.123;429.958;0.252;1327.459;1143.223;1395.759;1664.289;2411.184;1977.402;2994.176;3228.494;2298.915;1567.222;784.021;3599.298;1006.291;556.761;0.762;3597.257;102.474;1011.366;0.637;460.424;1412.565;3598.475;704.102;3599.524;270.042;1099.303;837.276;3237.530;3599.620;672.493;1469.176;895.617;2883.824;2334.499;-0.747;2736.057;2881.302;0.259;1360.934;3202.021;3596.835;2374.494;0.817;1692.268;391.621;2117.167;594.078;-0.170;1849.306;0.309;3034.364;3599.044;3416.528;1233.428;2373.145;2543.788;1753.579;1799.990;1.765;1.934;1270.078;1567.731;434.120;1993.963;1931.584;2616.800;899.695;1157.905;3601.032;2187.297;2751.418;1944.198;3035.842;2445.593;3599.256;457.971;920.688;1486.793;1812.948;2782.818;3329.635;2323.819;3600.847;2769.242;270.118;2170.538;2217.915;2785.760;3233.667;484.533;384.847;2928.398;-0.043;3462.169,1354.213;3599.453;3599.982;468.356;3600.104;2812.187;498.934;2721.329;3599.739;2892.241;0.208;1922.742;1340.055;0.268;3599.129;3156.698;587.190;2392.034;1842.499;1286.241;1844.690;1921.423;3395.809;0.091;2460.245;1962.626;193.194;365.635;2516.232;3322.781;1.259;1565.455;3588.642;1679.584;1076.653;957.019;0.263;254.527;2349.894;2210.766;2126.861;1060.910;3418.086;3600.828;2220.647;2768.570;2888.723;1263.021;783.948;816.052;744.294;1649.562;-0.863;1264.118;2199.241;1534.330;2094.629;2601.281;3207.894;1158.147;602.916;1632.918;2587.205;313.589;398.841;1070.947;845.679;1770.048;2334.808;1125.429;3599.595;2870.284;2120.878;1366.604;-0.279;2505.437;2601.367;0.113;3082.021;3280.720;2148.728;2839.693;3219.470;3397.629;1384.533;8.447;874.352;186.081;1636.539;1853.332;3114.858;3034.819;877.535;3599.642;249.816;1669.247;359.174;690.427;0.391;640.570
358,650.2524824142456,357,-561.9000674705275,561.9000674705275,0.04012458090344356,3456.800;3600.797;3250.526;2112.255;428.861;0.348;1328.413;1144.322;1394.664;1665.063;2411.943;1976.196;2994.469;3228.044;2297.685;1566.884;782.905;3600.390;1007.395;555.680;-0.052;3596.509;101.452;1011.956;-0.490;459.400;1413.775;3599.535;704.577;3600.427;271.180;1098.341;838.015;3238.689;3599.784;672.912;1467.965;894.801;2883.363;2335.725;0.436;2734.918;2882.385;-0.917;1359.770;3203.191;3598.003;2373.282;-0.259;1693.361;392.793;2117.874;595.302;-0.501;1849.907;1.315;3035.363;3599.298;3415.482;1232.363;2374.292;2543.781;1752.369;1798.799;1.569;2.365;1269.075;1568.573;435.309;1995.190;1932.384;2615.670;900.715;1157.989;3599.877;2186.322;2750.289;1944.974;3034.641;2444.461;3600.261;457.956;919.484;1487.915;1813.556;2782.144;3330.380;2323.922;3599.706;2770.257;271.230;2169.928;2216.685;2784.850;3234.702;483.681;383.659;2929.398;-0.953;3463.329,1355.388;3600.113;3599.695;467.911;3601.229;2811.073;500.137;2720.138;3600.002;2891.228;-0.768;1923.565;1339.108;-0.160;3599.932;3155.672;587.962;2393.261;1843.716;1287.469;1845.182;1922.654;3394.652;-0.782;2459.014;1963.366;192.296;365.213;2516.514;3322.346;0.211;1564.280;3588.063;1680.398;1077.826;957.169;-0.906;254.451;2348.712;2212.000;2128.088;1059.688;3419.252;3599.667;2220.698;2769.771;2889.778;1264.225;785.098;815.216;743.251;1649.699;0.289;1263.016;2199.603;1534.274;2093.391;2600.086;3206.723;1157.019;603.768;1632.855;2588.307;312.487;400.047;1071.938;845.227;1768.818;2336.006;1126.030;3598.684;2869.851;2120.089;1365.422;0.888;2504.347;2601.010;-0.639;3082.855;3280.129;2149.556;2840.924;3220.364;3398.836;1385.765;7.874;873.186;187.205;1635.446;1852.508;3114.014;3035.222;877.965;3600.551;248.767;1670.232;358.501;691.656;-0.708;639.747
359,652.1402695178986,358,-561.9118356189072,561.9118356189072,0.04273489032184481,3457.479;3599.609;3251.729;2111.128;429.874;-0.339;1327.284;1145.532;1393.461;1666.127;2412.388;1975.147;2993.287;3229.227;2298.576;1568.063;783.972;3599.235;1007.569;554.466;0.647;3597.677;100.241;1010.950;0.574;460.489;1413.309;3598.458;705.771;3601.633;272.122;1099.058;836.900;3239.904;3600.959;674.023;1468.726;894.088;2882.191;2336.907;-0.198;2736.045;2882.404;0.238;1358.696;3202.895;3597.040;2372.106;0.887;1694.562;391.667;2118.811;594.848;0.654;1851.104;0.171;3034.195;3600.482;3414.295;1233.454;2374.835;2544.926;1753.334;1798.410;0.529;1.383;1268.036;1567.428;434.522;1994.223;1931.237;2616.747;899.586;1159.121;3600.578;2185.159;2750.476;1944.773;3035.499;2443.894;3599.205;456.783;918.573;1486.814;1814.151;2783.083;3329.222;2324.198;3600.340;2769.093;270.412;2168.740;2217.484;2783.779;3233.524;484.219;384.499;2930.568;0.201;3464.502,1356.012;3600.467;3600.815;467.471;3600.080;2809.860;499.000;2719.118;3601.167;2892.046;0.367;1924.769;1340.053;-1.258;3599.053;3154.478;589.162;2392.200;1844.492;1288.190;1843.995;1921.793;3395.730;0.395;2457.830;1964.567;191.091;366.370;2515.372;3321.152;-0.983;1563.191;3586.882;1681.602;1076.814;956.014;0.251;255.400;2349.714;2212.998;2126.919;1058.470;3419.902;3599.171;2221.858;2768.658;2890.989;1263.743;786.295;814.068;742.040;1650.395;0.029;1262.217;2198.472;1533.101;2093.841;2601.204;3207.843;1157.793;602.677;1631.716;2589.413;313.588;401.236;1072.557;845.415;1768.469;2337.225;1127.225;3599.751;2871.015;2121.158;1364.745;0.134;2503.428;2600.463;0.495;3081.719;3278.933;2149.604;2842.000;3221.497;3399.882;1386.105;9.026;874.288;186.253;1634.238;1851.304;3115.177;3034.063;877.141;3599.405;249.684;1671.440;357.338;692.631;0.414;638.543
360,653.8532493114471,359,-561.9003283564182,561.9003283564182,0.022006327498250777,3457.759;3599.927;3250.689;2110.806;429.182;0.780;1326.104;1146.413;1392.272;1667.322;2413.565;1974.063;2993.311;3229.442;2297.574;1566.982;783.392;3598.403;1008.722;553.452;1.736;3598.274;101.162;1012.016;-0.071;461.630;1412.152;3598.535;705.664;3600.496;273.067;1100.241;838.040;3240.214;3599.891;675.221;1469.794;895.220;2882.910;2338.037;0.428;2737.119;2881.393;-0.476;1357.502;3204.024;3597.907;2372.273;-0.028;1695.756;390.916;2120.000;593.736;1.254;1850.216;-0.542;3034.534;3600.495;3413.447;1234.331;2373.772;2545.940;1754.501;1797.262;-0.662;0.236;1266.861;1567.312;433.452;1993.084;1930.240;2617.868;898.420;1158.031;3599.678;2184.608;2751.638;1945.903;3036.382;2445.062;3598.591;456.064;917.396;1486.217;1812.994;2784.238;3328.028;2323.032;3599.348;2768.117;269.285;2167.539;2217.871;2782.798;3232.866;485.398;385.654;2931.095;-0.263;3465.554,1357.096;3600.656;3599.704;466.357;3599.834;2808.664;499.418;2718.388;3600.043;2893.224;-0.334;1925.961;1339.408;-0.137;3600.146;3155.459;590.010;2393.204;1843.373;1287.582;1843.736;1922.618;3396.599;0.973;2458.764;1965.721;190.804;366.615;2516.440;3320.338;0.165;1564.281;3587.534;1682.636;1075.620;954.814;0.573;254.253;2348.782;2213.735;2126.408;1057.345;3418.777;3598.194;2223.056;2767.832;2890.511;1262.566;787.125;812.869;741.679;1649.274;1.108;1261.031;2197.701;1531.965;2092.712;2601.237;3208.665;1158.719;601.776;1630.576;2589.352;314.600;402.353;1073.737;844.844;1769.620;2336.911;1128.425;3599.148;2870.336;2121.762;1363.636;1.071;2502.343;2601.631;0.611;3082.835;3278.012;2150.616;2843.194;3220.488;3399.931;1387.279;9.819;875.392;185.103;1633.191;1852.081;3116.378;3033.635;878.271;3599.734;250.862;1670.431;357.582;692.393;-0.581;638.206
361,655.711314201355,360,-561.898077650398,561.898077650398,0.03961581881897942,3458.870;3599.353;3250.280;2109.679;429.409;0.041;1325.066;1147.359;1392.767;1666.494;2413.293;1975.159;2993.465;3230.515;2298.452;1567.046;784.038;3597.730;1007.845;554.451;1.184;3599.387;101.988;1011.360;0.735;462.736;1411.213;3599.361;704.912;3599.656;271.934;1099.459;837.936;3241.372;3600.480;674.277;1470.957;894.287;2884.076;2338.830;-0.617;2738.107;2880.220;0.533;1356.558;3205.181;3596.902;2371.164;0.425;1695.928;390.027;2121.144;593.955;2.355;1851.246;0.579;3033.400;3599.456;3414.459;1233.462;2372.593;2544.912;1755.651;1796.142;0.404;-0.910;1267.610;1568.067;434.341;1991.906;1929.309;2617.624;898.321;1159.133;3600.225;2183.446;2752.819;1947.050;3037.549;2444.323;3597.661;454.898;918.393;1485.078;1812.474;2783.300;3327.447;2323.378;3598.627;2766.948;268.167;2166.573;2219.030;2783.939;3231.723;484.371;386.821;2932.249;-0.071;3464.466,1356.994;3601.797;3599.423;465.785;3600.618;2807.877;498.356;2717.223;3599.826;2894.160;-0.420;1927.130;1338.244;-0.285;3600.590;3155.279;591.178;2393.643;1843.700;1288.714;1842.669;1922.355;3397.308;1.944;2459.368;1966.843;189.659;367.605;2517.529;3319.312;0.081;1563.374;3588.674;1683.792;1076.368;955.373;1.477;253.508;2348.145;2214.902;2125.441;1056.797;3418.113;3597.046;2222.177;2766.665;2891.463;1261.689;788.294;813.318;740.524;1648.096;1.318;1259.857;2197.866;1530.806;2091.627;2602.370;3209.656;1157.756;601.676;1631.505;2590.401;315.730;403.530;1074.914;843.683;1770.428;2336.766;1128.646;3598.016;2871.408;2122.925;1362.597;2.202;2501.687;2602.333;0.902;3082.836;3276.838;2151.377;2843.779;3219.332;3400.952;1387.612;10.960;876.401;183.971;1632.037;1851.017;3116.801;3032.497;878.717;3600.836;251.992;1670.301;358.492;693.467;-1.231;637.051
362,657.5860395431519,361,-561.8731158418657,561.8731158418657,0.024287883042082136,3457.866;3598.402;3249.148;2108.619;428.488;-1.085;1324.284;1146.350;1391.661;1666.670;2414.373;1976.275;2992.604;3230.275;2299.203;1568.163;782.972;3598.779;1006.715;553.810;0.469;3599.784;103.133;1010.499;1.851;463.891;1412.305;3600.288;703.761;3599.520;272.768;1100.287;838.871;3242.487;3599.438;673.337;1470.147;893.347;2885.163;2338.503;0.412;2738.471;2879.323;-0.117;1357.070;3206.070;3596.215;2370.002;-0.571;1694.935;388.909;2122.304;593.433;3.517;1851.820;0.004;3032.425;3600.220;3415.588;1234.155;2373.434;2544.264;1756.156;1795.034;0.789;0.141;1268.753;1569.216;435.482;1991.420;1928.156;2616.539;897.410;1158.446;3600.538;2182.348;2751.935;1948.216;3038.701;2445.227;3596.528;453.787;917.521;1483.975;1813.497;2782.158;3328.390;2322.385;3599.514;2766.619;268.254;2166.306;2220.164;2784.010;3230.598;484.807;387.721;2932.789;-0.154;3465.431,1355.857;3600.668;3600.082;466.103;3599.546;2808.349;498.053;2716.704;3600.096;2895.271;0.693;1926.286;1338.986;0.608;3599.459;3154.909;591.117;2392.684;1842.828;1287.969;1841.712;1921.281;3398.201;3.052;2458.887;1967.054;188.791;368.747;2518.692;3319.701;-0.736;1564.431;3589.154;1683.289;1077.399;955.075;2.519;252.506;2347.813;2214.458;2126.514;1057.840;3419.175;3597.843;2222.700;2765.692;2892.601;1260.647;788.961;814.027;740.758;1647.464;0.642;1260.719;2196.842;1530.010;2091.945;2603.208;3208.732;1158.829;600.549;1631.586;2591.518;315.601;403.097;1075.159;843.517;1771.575;2335.643;1127.620;3598.615;2872.183;2122.684;1363.610;1.257;2501.935;2603.107;0.072;3082.298;3276.286;2152.528;2843.508;3218.178;3402.110;1386.841;11.158;875.591;182.849;1632.528;1851.594;3117.209;3033.313;877.629;3599.751;251.858;1671.220;358.724;694.552;-0.119;636.178
363,659.283281326294,362,-561.8820355828104,561.8820355828104,0.04105047940866247,3458.899;3597.266;3249.849;2107.484;427.950;-0.113;1325.247;1146.535;1391.660;1667.594;2414.268;1975.852;2993.698;3231.282;2300.234;1567.373;783.680;3597.748;1006.171;552.732;-0.665;3600.901;102.525;1011.464;1.722;463.200;1412.144;3599.188;704.166;3600.366;271.895;1099.880;839.629;3243.041;3599.512;674.178;1469.552;894.020;2885.475;2337.381;0.634;2737.524;2878.396;-0.170;1358.146;3207.170;3595.087;2368.989;0.473;1693.862;387.772;2122.333;592.314;4.610;1850.816;-1.081;3032.940;3601.354;3416.468;1233.073;2374.510;2543.138;1755.141;1795.964;1.176;-0.523;1269.900;1570.241;434.474;1992.438;1928.150;2617.280;898.365;1159.100;3599.539;2183.372;2752.460;1947.938;3038.522;2445.262;3597.282;453.139;916.390;1482.971;1814.482;2782.282;3329.422;2321.555;3598.564;2767.504;269.357;2165.310;2220.928;2785.027;3229.545;485.933;388.800;2933.433;0.947;3465.345,1354.799;3599.836;3601.186;465.683;3599.645;2809.345;497.010;2717.736;3601.031;2896.415;0.666;1927.035;1338.004;0.677;3599.014;3154.710;591.337;2393.746;1843.869;1288.902;1841.997;1920.434;3399.341;2.062;2459.483;1966.033;187.774;368.490;2517.907;3318.715;0.293;1563.692;3588.294;1684.233;1078.373;953.958;3.391;253.386;2346.688;2215.523;2125.802;1058.910;3419.510;3598.595;2221.759;2764.589;2893.623;1259.903;790.066;815.099;739.779;1647.221;-0.461;1259.696;2197.690;1529.015;2092.952;2603.842;3209.599;1158.733;601.109;1632.635;2590.552;314.734;404.055;1076.203;844.255;1770.718;2335.259;1126.727;3599.494;2873.228;2123.757;1364.645;0.398;2500.864;2602.006;-1.060;3083.107;3277.077;2151.760;2844.342;3217.383;3401.198;1386.413;11.821;876.594;182.732;1633.308;1850.584;3116.132;3032.505;876.498;3599.736;250.750;1670.540;357.609;693.745;0.360;636.893
364,661.1285440921783,363,-561.8841760016005,561.8841760016005,0.020881590553729942,3458.015;3598.199;3249.240;2108.344;429.051;0.740;1326.373;1147.521;1391.411;1668.448;2413.177;1974.791;2994.588;3231.743;2300.092;1566.758;783.020;3597.591;1005.895;553.673;0.426;3599.818;101.562;1011.308;1.964;462.245;1411.053;3599.687;705.010;3599.855;271.791;1098.806;838.559;3243.128;3600.482;675.281;1470.643;892.988;2884.404;2338.416;0.880;2736.599;2877.278;0.797;1357.369;3208.302;3595.117;2368.515;0.527;1693.263;388.497;2122.315;593.343;4.430;1851.817;-0.005;3031.911;3600.275;3415.428;1233.100;2375.573;2544.087;1754.092;1795.078;2.058;0.522;1270.802;1571.347;433.497;1991.412;1927.056;2616.273;897.608;1158.704;3600.301;2182.390;2753.044;1946.872;3039.516;2446.274;3598.393;452.024;917.106;1481.908;1815.603;2781.231;3329.201;2322.582;3599.518;2766.613;269.284;2166.360;2220.165;2784.586;3229.340;485.489;387.731;2934.544;0.013;3464.789,1353.680;3599.022;3600.132;464.578;3599.100;2808.756;495.953;2716.753;3599.958;2897.014;-0.394;1926.395;1338.968;-0.328;3598.202;3154.236;590.308;2394.827;1843.664;1288.234;1840.991;1919.313;3400.473;1.098;2458.389;1965.770;186.686;369.588;2516.829;3317.589;-0.160;1563.603;3587.199;1685.306;1077.433;952.827;2.709;254.502;2347.665;2215.252;2126.801;1059.966;3418.585;3599.713;2222.662;2764.239;2894.491;1258.793;789.399;814.102;739.521;1648.320;0.065;1260.521;2196.652;1527.888;2094.024;2602.905;3210.722;1159.819;600.026;1631.574;2591.292;315.791;404.132;1075.205;845.369;1771.584;2336.332;1125.604;3600.614;2874.335;2123.442;1365.093;-0.725;2501.727;2602.130;0.022;3082.027;3278.059;2150.748;2843.280;3216.773;3400.196;1385.321;10.758;876.163;183.705;1632.719;1851.021;3116.987;3033.274;877.503;3600.772;249.631;1671.477;358.577;694.800;1.285;635.982
365,662.9955320358276,364,-561.8884779678858,561.8884779678858,0.021131613035710407,3458.757;3599.247;3248.203;2108.653;428.308;0.743;1325.429;1146.450;1390.322;1667.401;2414.074;1975.615;2995.688;3230.669;2300.919;1567.827;782.879;3598.625;1006.977;552.773;0.104;3599.664;102.581;1012.394;1.026;461.142;1410.669;3600.778;704.043;3598.772;271.654;1098.555;837.743;3242.137;3599.453;674.673;1470.396;894.013;2885.118;2337.611;0.293;2735.491;2878.303;-0.222;1358.373;3208.133;3596.193;2369.563;-0.165;1692.206;389.485;2122.977;592.525;3.792;1850.989;0.025;3032.861;3599.499;3416.298;1234.171;2374.739;2543.202;1753.251;1796.115;1.056;-0.036;1269.930;1571.249;434.152;1992.342;1927.000;2616.644;896.506;1157.610;3599.272;2183.197;2752.254;1947.565;3038.583;2446.014;3598.823;452.750;918.193;1481.602;1814.811;2782.228;3330.221;2321.733;3599.030;2767.635;269.968;2167.022;2219.073;2783.504;3230.133;484.814;387.790;2933.640;-1.024;3463.743,1354.282;3599.164;3600.127;463.469;3600.165;2809.792;496.649;2717.798;3599.959;2896.558;0.578;1925.950;1338.300;0.688;3598.747;3153.145;590.553;2395.933;1844.722;1287.143;1842.037;1920.297;3399.594;-0.012;2457.388;1964.685;187.656;368.707;2517.590;3318.577;0.088;1564.646;3586.083;1686.088;1078.399;953.798;2.491;254.580;2346.762;2216.096;2125.977;1059.127;3418.605;3600.193;2222.640;2765.297;2894.105;1257.861;790.461;813.096;738.441;1649.241;-0.537;1260.574;2196.738;1528.920;2092.963;2601.796;3209.739;1159.717;601.001;1631.305;2592.383;314.738;405.206;1074.485;846.486;1770.602;2335.843;1126.505;3599.585;2873.329;2122.372;1366.097;0.203;2500.854;2602.195;-0.393;3082.990;3279.171;2151.781;2844.038;3217.848;3400.302;1386.304;9.813;876.854;184.815;1631.624;1849.990;3116.799;3032.618;877.022;3599.764;250.428;1671.037;357.515;693.987;2.271;635.140
366,664.6882576942444,365,-561.9233080529374,561.9233080529374,0.028002980460901356,3459.826;3600.316;3249.180;2107.642;427.940;1.735;1324.968;1146.898;1391.261;1666.739;2414.573;1974.652;2994.737;3231.255;2302.003;1567.070;783.886;3599.594;1008.036;551.742;0.261;3599.161;101.651;1011.740;-0.062;461.771;1410.692;3599.765;705.085;3599.797;272.714;1099.618;838.757;3241.045;3599.899;675.682;1469.560;894.876;2884.239;2336.879;-0.788;2736.395;2879.373;0.703;1357.673;3207.059;3597.036;2370.607;0.812;1693.232;389.821;2121.912;593.185;2.709;1851.917;0.017;3033.227;3599.640;3415.347;1233.219;2373.667;2544.083;1754.248;1796.736;-0.033;0.344;1270.831;1570.190;433.139;1992.595;1927.769;2617.631;895.448;1157.297;3599.745;2184.102;2751.169;1946.612;3037.642;2444.973;3599.412;452.999;918.064;1482.654;1813.723;2783.315;3329.446;2322.605;3600.079;2768.560;268.906;2166.002;2219.819;2782.406;3229.160;485.849;387.408;2932.574;-0.011;3464.794,1355.345;3598.887;3599.272;462.377;3599.627;2808.839;495.651;2717.918;3600.815;2895.482;-0.373;1924.886;1339.262;-0.234;3599.802;3153.956;591.628;2395.111;1843.749;1286.101;1841.193;1921.164;3399.330;-0.801;2458.322;1965.707;188.604;367.880;2518.676;3318.636;-0.183;1564.866;3586.230;1686.881;1077.375;953.368;1.416;253.595;2345.968;2215.089;2125.315;1058.096;3419.389;3601.254;2223.707;2764.541;2894.668;1256.792;791.355;812.000;737.396;1648.294;0.532;1261.645;2197.805;1529.510;2091.965;2602.037;3209.996;1158.655;600.373;1630.330;2593.331;315.395;406.278;1074.057;845.760;1771.251;2335.402;1126.864;3600.243;2874.250;2121.372;1367.194;-0.247;2499.765;2603.264;0.480;3082.335;3278.854;2152.864;2845.114;3218.599;3399.313;1387.213;10.717;877.937;185.433;1630.523;1850.095;3115.769;3031.536;878.067;3599.924;250.958;1672.095;357.259;694.577;1.521;636.092
367,666.5163476467133,366,-561.9346295344333,561.9346295344333,0.028928104496933695,3460.722;3599.427;3248.462;2108.475;427.086;1.232;1325.754;1146.693;1390.783;1667.652;2414.198;1973.702;2995.586;3232.249;2301.517;1566.155;782.984;3599.368;1009.094;552.152;-0.512;3600.018;101.813;1012.319;0.181;460.816;1409.639;3599.735;705.530;3600.834;272.039;1098.798;839.314;3240.307;3600.933;676.604;1470.519;894.089;2883.185;2337.586;0.212;2735.424;2879.080;-0.041;1356.926;3207.642;3598.104;2371.528;-0.229;1693.003;390.640;2122.485;594.229;1.644;1852.043;0.907;3032.406;3599.488;3414.359;1232.925;2373.152;2544.785;1753.364;1795.715;0.982;1.405;1270.988;1569.421;432.135;1993.634;1928.745;2616.678;895.919;1158.117;3600.785;2183.375;2750.642;1946.951;3037.286;2443.891;3600.445;452.937;917.186;1483.722;1813.843;2784.185;3328.376;2322.787;3599.788;2768.060;269.083;2166.123;2218.851;2782.395;3228.090;486.631;386.381;2932.642;0.357;3465.156,1355.363;3599.915;3599.586;463.218;3600.224;2809.429;495.448;2717.567;3599.783;2894.572;0.264;1923.821;1338.706;0.172;3600.787;3153.794;592.386;2394.328;1843.990;1286.058;1841.122;1921.983;3399.617;0.230;2457.828;1966.378;187.679;368.169;2518.674;3318.155;0.861;1563.822;3585.234;1687.943;1076.559;953.242;1.257;252.855;2346.415;2214.139;2124.258;1057.063;3420.461;3600.231;2223.365;2765.050;2895.733;1257.407;792.424;811.004;737.365;1648.819;0.385;1262.156;2197.388;1529.258;2091.492;2602.785;3210.072;1158.275;601.113;1629.465;2594.409;314.902;405.864;1073.011;846.423;1770.913;2336.406;1127.920;3599.245;2874.811;2120.522;1366.486;0.676;2500.295;2603.815;0.842;3082.835;3277.854;2153.788;2846.135;3219.488;3400.333;1386.386;11.473;878.560;184.932;1630.199;1850.353;3115.345;3030.644;877.313;3600.898;251.904;1673.115;356.331;695.599;0.472;636.938
368,668.368670463562,367,-561.9477222585915,561.9477222585915,0.03307922537482551,3459.745;3600.361;3248.643;2109.533;426.029;0.469;1324.736;1147.602;1390.587;1668.713;2413.154;1972.647;2995.763;3231.289;2302.021;1566.951;781.927;3600.365;1010.154;551.323;0.501;3599.421;101.398;1013.369;-0.835;460.996;1409.697;3600.566;704.575;3599.872;272.994;1097.748;838.427;3241.300;3599.927;677.654;1471.479;893.033;2884.076;2336.839;0.087;2734.746;2878.067;0.709;1355.871;3206.702;3599.010;2370.616;-0.343;1692.334;391.696;2122.542;595.271;1.074;1851.237;0.168;3031.362;3600.401;3414.860;1233.934;2372.517;2545.481;1752.304;1796.635;0.869;1.272;1269.997;1569.838;433.082;1993.524;1927.881;2616.716;895.231;1157.121;3599.777;2184.335;2751.338;1947.978;3036.251;2442.822;3599.490;453.330;917.711;1484.602;1814.844;2784.587;3329.322;2322.522;3600.716;2769.075;270.052;2166.108;2217.907;2783.433;3228.420;485.896;385.406;2933.633;-0.588;3465.645,1354.537;3598.979;3600.551;464.246;3601.268;2808.911;496.453;2718.322;3600.186;2895.217;-0.642;1924.667;1339.651;-0.596;3599.759;3152.775;593.304;2395.174;1844.731;1285.030;1842.147;1922.985;3398.593;-0.123;2458.425;1965.600;188.605;367.173;2519.415;3319.175;0.105;1564.040;3584.170;1687.502;1077.397;952.215;0.461;251.801;2346.033;2213.140;2125.037;1057.635;3419.446;3600.555;2224.323;2766.058;2894.740;1256.425;793.123;809.961;736.750;1649.854;-0.153;1263.195;2197.539;1530.291;2090.445;2601.828;3209.042;1159.008;601.770;1628.444;2594.010;313.873;406.510;1071.945;847.455;1771.192;2335.414;1127.687;3599.944;2873.853;2119.508;1367.401;-0.168;2499.403;2604.838;-0.140;3083.877;3278.846;2154.849;2845.706;3220.547;3399.757;1387.372;12.422;877.675;185.927;1629.505;1849.350;3114.320;3029.770;877.984;3600.021;252.957;1672.229;355.333;695.605;1.378;635.922
369,670.2400500774384,368,-561.9465662100005,561.9465662100005,0.029190801141001668,3459.735;3599.702;3249.625;2108.791;426.507;-0.340;1325.349;1146.721;1389.599;1669.665;2413.882;1972.692;2996.643;3231.555;2303.043;1567.325;782.780;3599.399;1010.853;552.331;1.063;3600.031;100.376;1014.152;0.165;460.069;1408.730;3599.761;703.765;3599.439;273.441;1097.086;838.580;3241.026;3599.945;677.117;1472.454;891.995;2883.687;2337.814;-0.445;2734.617;2878.436;0.029;1355.176;3207.390;3600.046;2370.857;0.520;1691.375;392.708;2123.399;596.322;1.650;1850.498;-0.859;3031.750;3599.424;3415.737;1233.849;2373.499;2546.204;1751.308;1796.617;0.417;0.541;1269.065;1568.889;432.409;1994.393;1926.836;2615.709;896.195;1157.138;3599.916;2183.433;2750.582;1949.012;3035.597;2441.952;3599.646;454.360;916.705;1485.642;1815.597;2785.558;3328.858;2321.501;3599.743;2768.487;270.890;2167.111;2216.875;2783.273;3227.427;484.870;384.358;2934.671;0.299;3466.451,1355.480;3599.748;3600.060;463.595;3600.273;2809.166;495.978;2719.359;3600.135;2896.166;0.304;1923.768;1338.766;0.401;3599.763;3152.983;592.446;2395.955;1844.527;1285.778;1843.057;1923.661;3397.882;-0.813;2459.442;1964.757;189.286;367.803;2518.548;3319.500;-0.861;1564.025;3584.301;1688.007;1078.418;953.120;-0.319;251.904;2345.176;2214.132;2124.073;1057.055;3418.521;3599.652;2223.465;2765.704;2894.995;1255.386;794.096;810.707;735.714;1650.524;0.251;1262.668;2196.549;1530.299;2091.035;2602.366;3208.090;1159.979;602.806;1627.627;2592.984;312.923;407.414;1072.538;848.283;1772.199;2334.720;1128.589;3600.627;2872.823;2120.460;1366.714;0.523;2498.426;2604.443;-1.120;3084.786;3279.877;2154.523;2846.655;3220.174;3398.759;1387.975;12.690;877.838;186.961;1628.663;1848.301;3115.155;3030.595;877.173;3599.933;253.990;1671.371;354.537;694.582;0.596;635.302
370,671.9339079856873,369,-561.960953880334,561.960953880334,0.02867999262037607,3460.726;3600.180;3248.707;2109.194;427.509;0.657;1324.878;1145.691;1389.712;1668.739;2413.289;1973.657;2997.671;3230.576;2303.032;1568.335;783.809;3599.775;1009.932;552.041;0.127;3601.047;99.348;1013.653;0.435;460.984;1409.371;3600.453;702.768;3598.812;272.548;1098.001;837.581;3241.995;3600.338;676.118;1472.453;892.743;2883.413;2338.641;0.525;2733.630;2877.528;0.116;1356.162;3208.196;3600.319;2369.871;0.059;1690.348;391.768;2124.375;595.483;0.689;1851.497;0.126;3032.750;3598.984;3415.682;1234.698;2372.566;2545.202;1750.325;1797.600;-0.038;1.384;1268.501;1569.838;433.194;1995.390;1925.967;2616.461;896.505;1156.153;3600.164;2183.435;2749.650;1949.771;3036.572;2442.919;3599.937;453.759;917.613;1484.729;1814.862;2786.575;3327.915;2322.171;3598.787;2769.421;271.744;2166.739;2217.588;2784.094;3228.381;483.842;384.797;2934.006;-0.352;3465.462,1354.538;3600.763;3601.022;464.467;3599.532;2810.179;494.981;2720.205;3599.340;2897.198;0.131;1924.512;1337.842;0.419;3600.133;3152.878;591.436;2396.977;1845.513;1286.751;1843.632;1922.674;3398.699;0.155;2458.515;1964.028;188.806;368.637;2517.524;3319.630;0.122;1563.023;3585.152;1689.024;1077.925;952.371;0.678;252.819;2346.170;2214.488;2123.280;1058.054;3418.622;3599.620;2222.444;2764.691;2895.942;1256.207;794.154;811.705;735.525;1649.768;0.188;1261.651;2197.476;1529.848;2090.287;2601.377;3208.593;1161.008;603.821;1628.607;2593.878;311.978;408.418;1073.558;847.465;1772.276;2335.626;1127.657;3599.646;2872.922;2120.540;1365.944;0.834;2498.598;2603.433;-0.148;3084.134;3279.022;2155.321;2845.827;3219.217;3397.918;1388.964;11.682;878.848;187.862;1629.659;1847.272;3116.089;3031.591;876.293;3600.828;253.033;1672.163;354.992;693.623;-0.319;636.169
371,673.7723953723907,370,-561.9537819267866,561.9537819267866,0.04348159186925585,3461.733;3601.178;3249.547;2110.133;428.344;1.675;1323.896;1146.243;1390.697;1667.722;2412.986;1972.855;2996.814;3229.558;2303.994;1569.356;784.724;3600.730;1008.915;552.994;-0.758;3600.070;98.330;1012.652;1.165;461.822;1408.627;3599.585;703.466;3597.956;273.084;1097.185;836.560;3242.482;3599.393;675.105;1473.447;893.724;2882.415;2339.629;0.794;2734.513;2877.273;-0.341;1355.997;3207.493;3600.940;2370.419;-0.880;1689.530;392.260;2123.401;594.653;-0.324;1852.517;0.216;3033.770;3598.265;3414.692;1235.699;2372.331;2545.131;1750.960;1798.611;-1.039;2.379;1267.497;1569.967;434.101;1994.900;1926.431;2617.471;897.388;1156.598;3599.207;2183.816;2748.637;1948.817;3036.506;2443.315;3599.059;454.214;918.629;1483.713;1813.855;2787.596;3327.187;2323.177;3597.791;2770.395;270.795;2167.719;2216.853;2784.929;3229.398;482.821;384.175;2932.999;-1.060;3466.100,1355.431;3600.123;3600.047;463.804;3600.112;2809.280;493.966;2719.556;3600.256;2897.358;-0.785;1925.479;1336.827;-0.490;3600.543;3151.893;592.037;2397.743;1846.426;1287.771;1843.217;1922.711;3398.697;-0.030;2459.039;1964.982;187.803;367.804;2518.265;3318.669;0.353;1562.012;3584.341;1690.040;1077.623;952.332;1.272;253.803;2345.272;2215.457;2122.572;1057.576;3419.568;3598.960;2221.545;2763.678;2896.902;1255.266;795.150;810.796;734.529;1649.722;0.951;1260.768;2196.774;1529.137;2089.351;2602.183;3208.262;1161.099;603.865;1629.239;2594.683;311.260;409.424;1074.333;848.119;1772.097;2335.539;1128.321;3599.181;2873.787;2121.523;1364.943;1.773;2497.722;2602.896;0.104;3084.903;3278.587;2156.328;2846.785;3220.019;3396.907;1389.984;12.542;879.762;188.834;1628.754;1846.253;3115.556;3030.706;877.164;3599.872;253.650;1671.369;354.006;694.374;-1.311;635.270
372,675.6321694850922,371,-561.9546192967368,561.9546192967368,0.026941295351911157,3461.655;3600.254;3248.630;2111.136;429.280;2.656;1323.352;1145.367;1391.701;1667.323;2413.098;1971.978;2995.821;3229.388;2304.998;1569.871;785.568;3599.825;1008.521;553.988;0.202;3599.853;97.364;1011.657;1.120;461.631;1409.458;3600.070;702.733;3598.919;274.071;1097.885;836.771;3242.306;3600.140;676.001;1473.697;894.478;2883.035;2340.552;-0.134;2735.505;2876.302;0.636;1355.038;3206.499;3599.962;2369.581;0.071;1688.756;392.365;2124.066;593.692;-1.260;1852.941;-0.574;3034.753;3598.734;3413.690;1234.880;2373.291;2544.336;1750.516;1799.125;-0.097;3.333;1267.954;1569.105;433.176;1994.333;1925.492;2617.175;898.381;1157.533;3599.084;2182.855;2747.632;1948.451;3037.369;2444.294;3598.870;453.420;919.593;1484.171;1814.147;2788.208;3326.195;2322.571;3598.225;2771.121;269.810;2166.855;2215.889;2785.927;3229.680;483.113;383.184;2933.040;-0.097;3467.033,1355.838;3600.866;3599.596;464.769;3599.349;2808.511;493.072;2719.379;3599.379;2897.532;0.132;1926.483;1336.225;0.398;3599.577;3150.973;591.519;2398.647;1847.425;1288.477;1842.232;1921.762;3399.595;-0.434;2460.018;1964.100;187.113;368.660;2517.349;3317.665;-0.498;1561.961;3584.886;1689.867;1076.968;953.156;1.702;253.500;2346.097;2214.655;2122.618;1056.657;3419.193;3598.420;2222.140;2762.799;2896.173;1256.079;796.044;809.950;734.730;1648.743;1.946;1260.217;2196.995;1528.145;2089.496;2603.157;3209.230;1161.821;602.895;1630.201;2593.863;312.111;410.155;1073.531;847.182;1771.115;2334.892;1129.285;3599.785;2872.962;2122.521;1364.514;2.565;2498.569;2602.058;-0.380;3083.974;3277.616;2157.188;2847.289;3220.834;3397.748;1390.991;12.416;880.719;187.949;1628.576;1846.705;3116.534;3031.607;876.228;3600.408;254.549;1670.387;353.261;695.138;-0.357;634.291
373,677.5181632041931,372,-561.9649458036749,561.9649458036749,0.022941612411250093,3460.901;3599.500;3248.181;2110.941;428.567;1.896;1323.762;1144.853;1392.519;1667.630;2414.065;1970.992;2995.420;3230.262;2305.920;1569.070;784.841;3599.393;1009.284;554.919;0.264;3600.195;96.984;1011.867;0.235;462.581;1408.576;3600.794;701.759;3599.116;274.041;1096.975;837.680;3243.248;3601.007;676.889;1473.749;893.621;2883.896;2341.539;-0.069;2734.986;2876.245;-0.058;1354.102;3206.450;3600.036;2368.685;0.456;1689.207;391.425;2125.012;593.911;-0.320;1852.368;0.289;3035.649;3599.697;3413.939;1233.930;2374.199;2545.156;1750.726;1798.540;0.052;4.037;1268.915;1569.545;432.561;1995.279;1924.788;2616.799;899.366;1158.521;3600.025;2181.877;2746.654;1949.376;3037.006;2443.906;3599.823;454.312;919.159;1485.048;1813.865;2788.943;3325.214;2321.598;3599.047;2770.317;269.014;2165.938;2215.309;2786.416;3228.836;484.055;382.886;2933.988;0.327;3467.953,1356.756;3599.944;3600.421;464.340;3600.200;2807.620;492.149;2719.947;3599.437;2898.500;0.455;1927.461;1335.261;-0.339;3599.989;3150.236;592.467;2399.614;1848.393;1289.446;1842.316;1922.571;3398.769;0.500;2459.414;1963.302;186.135;369.644;2518.017;3318.360;0.357;1560.995;3583.985;1690.770;1077.847;952.221;2.672;252.533;2345.316;2215.426;2121.654;1055.675;3418.699;3597.884;2221.312;2761.824;2897.107;1256.930;797.002;809.021;733.857;1648.685;1.516;1259.289;2196.039;1527.307;2088.637;2604.096;3208.457;1162.650;603.736;1629.887;2594.688;311.423;411.097;1073.212;847.739;1770.141;2333.917;1130.076;3600.729;2872.291;2123.513;1365.318;1.677;2499.296;2601.078;0.510;3084.228;3276.631;2158.151;2848.218;3220.076;3398.408;1391.562;13.324;881.696;186.974;1627.693;1846.298;3117.345;3031.766;875.392;3599.598;255.533;1669.400;352.305;694.236;0.344;633.406
374,679.2207932472229,373,-561.9770472776906,561.9770472776906,0.022160599356454598,3461.198;3599.605;3247.294;2111.786;427.618;1.381;1322.829;1143.900;1393.489;1667.630;2413.256;1971.654;2996.318;3230.250;2305.154;1569.980;785.635;3599.268;1008.451;555.803;-0.124;3599.864;97.318;1011.765;-0.738;463.493;1408.170;3599.851;701.120;3599.861;273.143;1096.746;838.083;3244.182;3600.087;676.267;1472.814;894.471;2884.836;2340.758;0.071;2734.037;2875.304;0.721;1353.212;3205.550;3599.894;2369.537;0.054;1688.869;390.749;2125.535;592.973;0.246;1851.416;-0.352;3036.617;3600.284;3414.829;1233.026;2373.830;2544.259;1750.629;1799.469;-0.483;4.825;1268.064;1570.503;433.348;1994.642;1923.824;2617.737;899.927;1158.152;3600.949;2182.706;2747.466;1950.151;3036.052;2443.576;3599.027;453.576;918.950;1484.321;1812.975;2789.908;3325.702;2322.228;3599.987;2769.845;268.051;2164.998;2214.386;2787.374;3227.896;483.960;383.819;2934.692;-0.416;3467.514,1357.400;3600.146;3599.580;463.925;3600.318;2806.657;493.067;2720.908;3600.266;2897.710;-0.438;1927.132;1334.928;0.432;3599.528;3149.271;592.911;2400.554;1848.646;1288.596;1841.753;1923.512;3397.801;0.064;2458.484;1964.107;186.570;368.816;2518.955;3319.235;0.828;1561.672;3583.182;1691.663;1076.945;951.623;2.646;251.570;2344.401;2216.206;2120.684;1054.712;3417.741;3598.817;2222.180;2762.616;2896.413;1256.195;797.164;808.476;733.098;1648.021;2.455;1259.746;2196.451;1528.206;2087.675;2603.387;3207.820;1163.617;603.985;1628.976;2594.462;310.461;411.793;1072.512;848.700;1769.589;2334.788;1130.518;3599.821;2871.382;2122.816;1366.286;2.407;2500.259;2601.648;0.277;3085.179;3276.415;2159.007;2848.626;3220.716;3397.662;1392.310;13.688;882.654;187.015;1628.470;1845.422;3118.141;3030.923;876.062;3599.593;256.463;1670.252;351.348;693.687;-0.126;632.626
375,681.0726525783539,374,-561.9848389700783,561.9848389700783,0.03333458861754252,3462.134;3598.718;3246.337;2111.355;428.275;0.448;1322.243;1143.345;1393.593;1666.915;2412.341;1971.725;2996.781;3231.180;2305.462;1569.818;785.095;3600.178;1008.203;555.387;0.677;3600.766;96.544;1012.588;0.166;462.609;1408.495;3599.174;701.321;3600.814;272.184;1097.614;837.520;3244.342;3600.105;677.048;1473.070;894.205;2885.764;2339.860;-0.803;2734.668;2874.570;0.606;1354.005;3206.207;3598.978;2369.317;0.867;1688.367;389.825;2126.466;592.448;-0.537;1851.062;0.213;3035.760;3599.353;3414.344;1233.235;2372.890;2544.699;1749.694;1799.167;0.415;5.775;1268.778;1571.288;432.635;1993.802;1923.511;2618.450;899.025;1157.887;3600.050;2183.490;2748.042;1949.415;3036.250;2444.477;3599.519;452.627;919.846;1483.969;1813.568;2789.179;3324.877;2323.173;3600.948;2768.927;267.184;2165.582;2215.228;2787.569;3226.935;484.410;384.673;2935.606;0.439;3467.647,1356.885;3600.940;3598.918;464.730;3599.393;2807.301;492.504;2721.866;3599.460;2898.564;0.129;1927.879;1334.545;0.215;3600.384;3150.045;592.016;2399.739;1847.815;1288.482;1842.682;1922.700;3398.576;-0.292;2459.375;1963.212;187.347;368.274;2518.338;3319.593;0.561;1561.714;3584.048;1691.181;1075.992;950.678;2.389;251.047;2343.643;2215.567;2121.453;1055.460;3416.949;3598.765;2221.406;2762.950;2896.790;1255.467;797.694;809.350;733.992;1647.243;3.177;1260.256;2196.879;1528.650;2088.076;2604.159;3208.661;1162.961;604.120;1629.768;2594.397;309.619;411.048;1071.564;848.424;1770.420;2333.963;1131.228;3599.461;2872.149;2123.364;1367.246;3.352;2501.189;2600.975;-0.424;3084.804;3277.290;2158.248;2848.435;3219.925;3396.709;1393.246;12.830;883.586;186.191;1628.675;1846.295;3118.448;3030.850;875.291;3600.432;255.763;1669.435;351.537;692.741;-1.001;633.361
376,682.9502491950989,375,-561.9768296163868,561.9768296163868,0.02196647389176536,3462.067;3598.197;3245.435;2112.203;427.454;-0.386;1321.322;1144.134;1394.057;1665.981;2411.426;1970.840;2996.407;3231.953;2306.369;1570.601;784.202;3599.707;1007.379;555.768;0.647;3599.874;95.628;1011.689;0.208;461.922;1409.421;3598.307;702.229;3600.212;272.383;1098.246;838.079;3245.228;3599.508;677.803;1472.317;895.065;2886.554;2338.915;0.113;2735.585;2873.636;1.273;1354.307;3205.414;3598.095;2368.402;0.127;1689.273;390.518;2126.259;591.529;-0.880;1851.945;-0.454;3034.948;3599.576;3414.700;1232.355;2372.676;2545.599;1750.561;1799.906;-0.071;6.711;1269.150;1572.019;431.727;1992.890;1922.748;2619.379;898.084;1158.787;3600.552;2184.351;2748.945;1948.559;3035.833;2443.876;3600.175;451.911;920.704;1483.078;1814.496;2788.279;3325.662;2323.793;3600.111;2769.674;266.310;2164.994;2215.834;2788.465;3226.065;485.338;385.500;2935.758;0.499;3468.572,1357.767;3600.074;3598.234;465.671;3598.870;2807.197;491.591;2721.497;3599.911;2899.206;-0.618;1928.818;1333.747;-0.609;3599.574;3150.978;591.807;2399.376;1847.176;1289.147;1843.317;1921.967;3399.294;0.603;2460.311;1962.301;187.809;368.087;2517.546;3320.438;-0.348;1562.290;3584.976;1691.957;1075.059;949.761;1.484;250.426;2342.715;2215.031;2121.962;1056.244;3416.322;3597.892;2220.488;2762.080;2897.533;1255.899;798.626;810.119;734.721;1646.308;4.057;1259.389;2197.804;1527.870;2088.168;2604.926;3209.506;1162.025;603.355;1630.709;2595.305;310.428;411.875;1070.745;847.544;1771.316;2333.199;1131.094;3599.564;2872.795;2124.281;1367.840;4.291;2502.131;2600.072;0.470;3084.034;3276.503;2157.314;2847.522;3218.992;3395.937;1394.192;11.933;884.498;185.310;1627.856;1847.237;3119.369;3031.597;874.375;3599.589;255.380;1668.592;352.354;691.798;-0.171;632.591
377,684.6500470638275,376,-561.9673517622127,561.9673517622127,0.02268570637149936,3462.961;3598.374;3246.018;2113.131;428.210;0.407;1322.002;1145.060;1394.973;1665.312;2410.540;1970.065;2996.979;3231.759;2307.263;1569.861;785.003;3600.327;1006.569;554.946;0.697;3599.633;94.703;1010.971;0.057;461.288;1410.321;3597.674;701.656;3600.313;271.603;1097.578;838.997;3244.750;3599.520;678.564;1471.412;894.285;2885.879;2338.883;0.300;2736.208;2872.705;2.192;1355.143;3204.695;3597.564;2369.064;-0.485;1690.203;389.720;2125.356;591.690;0.015;1852.181;0.425;3034.057;3600.203;3413.958;1231.503;2373.476;2546.526;1749.815;1799.132;0.551;6.370;1269.762;1572.922;431.039;1992.040;1923.561;2619.362;898.666;1159.716;3599.731;2184.775;2749.720;1947.633;3036.671;2443.505;3599.293;451.101;919.965;1482.171;1815.199;2787.678;3326.526;2324.660;3599.660;2770.539;266.193;2165.713;2214.941;2789.388;3226.441;485.757;385.821;2934.858;-0.036;3469.362,1357.035;3600.685;3597.330;466.270;3598.011;2806.928;490.661;2720.596;3600.823;2899.826;0.192;1929.143;1332.821;0.275;3600.364;3151.869;592.685;2398.471;1846.258;1290.068;1842.984;1921.478;3400.207;1.338;2460.987;1962.908;187.089;368.599;2518.113;3319.596;0.512;1561.485;3585.907;1692.877;1074.893;950.386;0.554;251.038;2343.117;2215.803;2122.872;1056.962;3415.407;3597.653;2219.644;2761.152;2897.317;1255.132;799.289;811.039;733.980;1645.574;3.184;1258.464;2198.673;1526.946;2088.964;2605.845;3210.430;1161.101;602.432;1630.854;2595.755;311.355;411.931;1071.522;846.617;1772.247;2332.275;1130.193;3598.694;2873.710;2125.122;1368.757;5.145;2501.518;2600.263;1.313;3083.115;3276.175;2156.406;2847.941;3218.062;3395.932;1393.888;12.693;883.754;184.381;1626.932;1848.104;3119.015;3030.706;874.927;3600.394;254.466;1669.137;353.281;692.097;-0.826;632.686
378,686.4942035675049,377,-561.9596116961175,561.9596116961175,0.01992676167139134,3462.165;3599.267;3245.306;2113.782;429.105;1.200;1321.254;1145.397;1394.155;1666.091;2411.301;1969.790;2996.122;3231.532;2306.393;1570.328;785.810;3599.465;1007.430;555.079;-0.159;3600.397;95.396;1011.815;-0.661;462.001;1409.595;3598.493;701.408;3600.136;270.719;1096.671;839.616;3245.141;3600.410;679.476;1472.240;893.470;2886.741;2339.734;-0.126;2736.705;2873.014;1.333;1355.393;3203.947;3597.631;2369.909;0.400;1690.889;388.831;2125.810;590.854;-0.262;1851.305;-0.206;3033.320;3599.338;3413.165;1232.343;2373.594;2547.427;1750.426;1798.694;1.015;6.644;1268.929;1573.838;430.930;1991.124;1922.799;2619.119;897.874;1160.599;3599.717;2183.919;2750.631;1947.417;3035.870;2443.679;3599.690;450.288;919.169;1482.748;1814.414;2788.346;3325.684;2323.882;3600.348;2769.744;265.305;2166.606;2214.093;2788.713;3227.083;485.134;386.558;2935.224;-0.912;3468.983,1357.743;3599.996;3596.472;467.120;3598.198;2806.029;489.827;2720.550;3599.957;2900.677;-0.219;1929.972;1331.935;-0.195;3599.548;3152.015;593.560;2397.844;1846.669;1290.902;1842.091;1920.575;3401.121;1.730;2460.564;1963.646;186.180;369.497;2517.307;3318.700;-0.130;1560.574;3586.151;1693.796;1075.036;950.187;-0.116;250.188;2343.954;2216.715;2122.204;1056.102;3415.294;3596.755;2218.968;2760.499;2898.203;1255.527;800.187;810.417;733.091;1644.831;3.692;1258.661;2197.871;1526.962;2088.735;2606.761;3211.321;1160.717;601.724;1630.069;2596.657;311.998;412.812;1070.841;846.273;1771.839;2332.743;1130.954;3598.355;2874.369;2125.975;1369.672;6.053;2500.652;2601.053;2.134;3083.406;3275.306;2156.562;2848.841;3217.850;3396.770;1394.639;13.604;884.348;183.471;1626.013;1847.787;3119.802;3029.790;875.718;3599.687;254.955;1670.018;353.387;692.858;-0.048;631.793
379,688.3609349727631,378,-561.9580264333188,561.9580264333188,0.01786873359368736,3461.418;3599.620;3244.654;2114.333;428.521;0.511;1320.392;1144.602;1394.007;1665.650;2411.536;1968.907;2995.342;3232.338;2305.786;1571.193;786.708;3599.677;1006.855;555.948;-1.050;3599.709;95.042;1012.091;0.199;462.897;1408.826;3598.742;702.283;3600.102;271.282;1096.323;840.168;3246.028;3599.752;679.520;1471.948;893.524;2887.069;2339.974;0.468;2736.676;2872.993;1.007;1354.525;3203.051;3597.998;2369.960;0.910;1691.784;387.929;2126.648;589.969;-0.080;1850.771;0.034;3033.993;3599.654;3413.933;1232.250;2372.735;2547.300;1751.101;1799.554;0.151;7.460;1269.203;1574.121;430.056;1991.361;1921.956;2619.994;898.023;1160.613;3600.465;2184.614;2751.338;1948.242;3036.352;2442.811;3599.459;450.471;918.275;1483.288;1813.532;2789.240;3325.393;2323.130;3599.971;2768.927;264.644;2165.839;2213.425;2789.278;3226.281;485.865;387.453;2936.050;-0.047;3469.826,1358.572;3599.724;3597.262;466.628;3598.739;2805.157;489.239;2720.009;3599.720;2901.565;0.507;1930.873;1332.574;0.468;3598.939;3151.243;594.426;2396.975;1845.895;1290.527;1841.880;1920.008;3401.384;0.862;2460.395;1963.544;186.007;368.784;2516.439;3319.213;-0.524;1559.921;3586.134;1694.190;1074.218;949.305;0.698;249.286;2343.267;2216.527;2121.425;1055.209;3414.423;3596.918;2219.279;2759.759;2898.937;1256.413;800.371;809.617;732.318;1644.214;4.496;1259.538;2198.484;1527.810;2087.859;2607.614;3211.602;1161.319;602.344;1630.084;2597.403;312.179;412.890;1070.319;845.974;1771.313;2333.586;1131.853;3599.214;2874.474;2126.859;1370.159;5.328;2501.185;2600.704;1.533;3084.142;3274.447;2157.436;2848.881;3218.656;3396.085;1395.536;14.164;885.204;182.740;1626.443;1846.914;3120.690;3029.277;875.200;3599.655;255.795;1669.381;353.801;692.158;0.482;631.488
380,690.0549104213715,379,-561.9922354839946,561.9922354839946,0.0232618640938554,3461.896;3600.353;3244.555;2115.183;428.832;-0.177;1319.539;1143.756;1393.904;1664.862;2412.373;1969.199;2994.456;3233.077;2306.496;1570.721;787.245;3600.436;1007.551;556.793;-0.187;3599.392;94.398;1012.017;0.030;463.080;1409.304;3599.491;701.791;3600.953;271.403;1096.188;841.045;3246.337;3600.441;680.383;1471.088;894.279;2887.425;2340.825;-0.150;2737.544;2873.607;0.265;1354.069;3202.427;3598.871;2370.809;0.447;1692.675;387.042;2127.526;589.089;0.638;1850.112;0.193;3034.822;3600.260;3413.149;1231.416;2371.892;2547.894;1751.917;1800.120;-0.647;6.698;1270.052;1573.312;429.527;1990.522;1921.464;2619.930;898.857;1161.444;3599.647;2183.875;2750.586;1948.875;3035.732;2443.580;3599.529;449.647;917.906;1484.163;1812.647;2789.539;3324.562;2322.344;3599.163;2768.099;263.763;2164.959;2213.763;2789.789;3226.666;486.609;388.233;2936.872;-0.160;3469.189,1359.424;3600.555;3598.100;465.752;3599.616;2804.292;488.440;2720.849;3599.336;2900.779;-0.166;1931.740;1331.900;-0.280;3599.594;3150.435;595.242;2397.422;1845.045;1291.229;1841.311;1920.764;3400.980;0.081;2461.143;1964.366;186.794;369.414;2517.031;3319.998;0.328;1559.615;3585.320;1694.983;1073.347;948.487;0.391;248.453;2344.056;2215.769;2121.206;1054.333;3413.533;3596.507;2218.469;2758.890;2898.111;1255.994;801.233;808.731;731.484;1643.335;5.357;1259.096;2197.705;1527.104;2087.077;2608.460;3210.785;1160.643;603.223;1629.233;2598.284;311.370;413.755;1070.492;845.325;1771.335;2332.968;1132.743;3599.997;2874.708;2127.706;1369.688;5.661;2500.984;2601.561;0.678;3085.026;3273.683;2158.123;2849.732;3219.534;3395.273;1396.402;14.868;886.084;182.409;1625.803;1847.625;3121.580;3029.977;875.975;3600.474;256.620;1668.785;352.973;691.994;-0.277;630.769
381,691.88334441185,380,-561.9944097205686,561.9944097205686,0.01730739064199602,3462.755;3599.521;3245.407;2114.482;429.686;0.452;1320.303;1144.443;1394.725;1663.989;2412.144;1968.374;2993.581;3232.550;2307.325;1570.073;788.061;3599.597;1007.986;557.663;0.384;3600.233;93.531;1011.164;-0.686;462.252;1409.978;3598.910;702.597;3600.116;272.218;1095.402;840.410;3245.495;3599.721;679.977;1470.783;894.552;2886.587;2341.698;0.607;2738.268;2873.742;0.367;1353.209;3201.568;3599.531;2371.685;1.264;1693.480;386.384;2126.779;589.539;-0.168;1850.944;-0.625;3034.322;3599.424;3412.278;1230.720;2372.708;2548.760;1751.198;1800.034;0.176;6.435;1270.387;1572.438;428.673;1991.028;1922.304;2619.391;899.690;1162.273;3599.968;2183.255;2749.716;1948.046;3034.865;2442.853;3600.363;450.433;918.710;1484.344;1811.826;2790.384;3323.774;2323.133;3599.960;2767.224;262.930;2164.705;2212.924;2789.445;3227.410;485.825;387.428;2936.075;0.394;3469.997,1358.685;3599.785;3598.887;465.308;3599.033;2804.919;487.584;2721.427;3600.039;2899.906;0.629;1931.077;1332.720;0.444;3600.453;3151.254;595.860;2396.594;1844.172;1291.903;1840.446;1920.015;3400.168;0.412;2460.592;1965.240;186.619;369.979;2517.338;3319.192;0.828;1560.042;3586.136;1695.581;1072.474;949.091;-0.466;248.799;2344.908;2214.935;2121.620;1053.670;3413.162;3597.273;2219.092;2758.184;2897.439;1256.275;800.565;809.370;731.952;1642.592;4.571;1259.487;2198.156;1526.365;2087.882;2609.065;3211.417;1159.775;602.690;1628.359;2598.138;312.158;413.096;1071.346;844.461;1772.184;2332.983;1133.393;3599.459;2875.564;2127.652;1370.030;5.131;2500.240;2602.226;0.027;3085.234;3274.433;2157.326;2849.452;3218.991;3396.081;1395.722;14.062;886.376;181.695;1625.351;1848.475;3121.587;3029.721;876.463;3599.717;256.124;1669.617;353.719;691.161;0.022;631.542
382,693.7319049835205,381,-562.0121237669791,562.0121237669791,0.022069380612698933,3463.609;3599.257;3245.663;2114.301;429.041;-0.320;1320.869;1143.643;1395.586;1663.127;2411.312;1967.882;2993.858;3231.720;2308.188;1570.301;788.234;3599.362;1007.375;558.528;0.138;3599.586;92.695;1010.327;0.135;461.788;1410.833;3599.563;702.920;3599.486;271.598;1096.173;840.303;3244.679;3599.122;679.344;1469.938;895.397;2885.927;2341.069;1.336;2738.829;2873.261;1.200;1352.607;3200.753;3600.377;2372.534;1.367;1693.037;386.462;2126.099;589.347;0.033;1851.730;0.189;3035.066;3599.491;3412.617;1229.864;2372.345;2549.027;1750.377;1800.872;0.200;5.753;1269.558;1571.813;427.821;1991.832;1922.582;2620.180;900.552;1162.269;3600.550;2184.045;2748.890;1947.532;3034.001;2441.995;3599.545;451.205;919.531;1484.825;1811.216;2791.243;3323.743;2323.964;3600.246;2767.907;262.234;2164.105;2212.269;2790.278;3226.625;485.053;388.046;2936.147;0.138;3470.638,1358.022;3599.557;3599.747;465.667;3599.812;2805.688;488.329;2722.277;3600.877;2899.061;0.447;1930.961;1331.954;1.071;3599.682;3151.213;595.041;2397.201;1843.813;1291.095;1841.171;1920.408;3399.314;-0.420;2461.419;1964.614;187.458;369.146;2518.175;3319.958;1.010;1560.888;3586.778;1694.787;1072.135;949.849;0.203;248.023;2345.748;2214.072;2120.785;1053.274;3412.317;3598.133;2218.440;2757.472;2896.584;1255.446;799.771;810.159;732.799;1641.896;3.772;1258.929;2198.992;1527.149;2087.840;2608.437;3210.604;1158.913;603.445;1629.008;2598.958;311.398;412.462;1071.983;845.239;1771.756;2332.206;1134.246;3600.274;2874.859;2127.191;1370.863;4.281;2501.013;2603.065;-0.825;3086.077;3275.292;2156.512;2848.618;3219.769;3395.288;1395.206;13.201;887.219;182.524;1626.178;1849.314;3120.981;3029.110;877.259;3600.389;256.936;1669.386;353.943;690.301;0.678;632.147
383,695.6100766658783,382,-562.0237972895144,562.0237972895144,0.01823815179912016,3463.355;3599.784;3245.108;2113.556;429.346;0.466;1320.216;1143.481;1395.225;1662.512;2411.268;1967.050;2994.060;3231.197;2307.844;1571.132;789.052;3598.535;1008.075;558.127;-0.416;3599.050;93.270;1010.928;-0.117;462.458;1410.850;3600.405;702.192;3599.020;272.263;1095.980;840.833;3245.397;3599.845;680.117;1470.167;894.909;2886.541;2341.534;0.757;2739.466;2872.533;0.439;1353.383;3201.079;3599.583;2371.937;0.571;1692.241;385.652;2126.746;588.518;0.863;1851.893;0.120;3035.899;3600.314;3413.117;1230.327;2373.126;2549.628;1750.758;1800.460;0.140;4.920;1270.212;1572.128;427.093;1991.632;1922.035;2620.969;900.172;1161.608;3599.737;2183.402;2748.093;1948.256;3034.353;2441.992;3600.244;451.947;918.798;1484.030;1810.413;2791.530;3323.048;2323.352;3599.430;2767.715;262.047;2163.383;2212.983;2789.747;3227.157;485.862;387.443;2936.094;-0.588;3471.266,1357.179;3600.308;3600.573;466.485;3600.567;2806.141;487.656;2721.714;3600.068;2899.430;-0.260;1931.750;1331.410;0.409;3599.319;3151.713;595.183;2398.034;1844.599;1291.782;1840.594;1920.944;3399.710;0.302;2460.806;1964.389;186.786;369.732;2517.486;3319.456;0.234;1560.269;3586.441;1695.511;1071.411;949.117;0.882;248.151;2346.386;2213.893;2120.248;1052.892;3412.841;3598.001;2217.599;2756.631;2897.193;1255.659;800.403;809.535;732.701;1641.071;3.291;1258.093;2198.461;1526.675;2087.370;2609.143;3210.961;1159.220;603.900;1629.842;2598.410;310.933;413.224;1072.824;844.599;1770.927;2333.009;1134.773;3599.693;2875.523;2127.963;1370.094;3.437;2501.695;2602.295;-0.039;3085.456;3274.585;2157.106;2849.087;3219.214;3395.521;1395.746;13.298;887.939;182.902;1626.411;1848.959;3121.754;3029.883;876.451;3599.706;257.737;1669.872;353.153;690.358;-0.083;631.364
384,697.3041174411774,383,-562.039005797624,562.039005797624,0.017785771329059293,3464.113;3600.490;3245.782;2114.102;429.909;0.054;1320.969;1144.275;1395.988;1661.684;2410.489;1966.313;2993.252;3231.993;2308.499;1571.835;788.365;3598.909;1007.322;558.818;0.372;3599.358;92.644;1010.182;0.451;461.673;1411.657;3599.621;702.932;3599.814;273.092;1096.764;841.645;3244.948;3600.461;680.206;1469.636;894.203;2885.832;2341.289;-0.070;2740.295;2871.710;0.050;1353.138;3200.281;3599.630;2371.652;1.044;1691.424;386.114;2126.083;589.019;1.399;1852.689;-0.268;3035.165;3599.946;3412.319;1229.612;2373.947;2550.455;1751.556;1799.690;-0.044;4.129;1270.952;1571.349;426.261;1992.444;1922.834;2620.199;899.953;1162.265;3600.014;2182.822;2747.453;1947.617;3035.141;2442.646;3599.576;452.582;919.522;1483.208;1810.395;2791.651;3323.822;2324.092;3599.860;2766.936;261.231;2162.607;2212.528;2790.247;3227.794;486.424;386.625;2935.281;0.215;3472.084,1356.841;3599.783;3599.792;467.314;3599.764;2806.964;486.830;2720.920;3600.088;2898.666;0.486;1931.158;1332.125;-0.273;3599.874;3152.469;595.987;2397.471;1845.386;1292.603;1839.782;1920.192;3399.409;0.644;2461.491;1965.176;186.078;370.530;2518.153;3318.769;-0.494;1559.942;3587.243;1696.188;1070.580;949.756;0.113;248.958;2347.212;2213.075;2121.016;1053.631;3413.557;3598.773;2216.829;2755.815;2897.978;1256.472;801.102;809.909;731.920;1640.235;2.468;1258.101;2199.210;1525.854;2088.156;2609.975;3211.742;1158.440;603.124;1630.590;2599.164;311.701;413.745;1073.603;843.771;1770.344;2332.441;1135.516;3599.604;2876.351;2128.757;1370.368;2.730;2502.292;2602.261;0.557;3084.630;3273.769;2156.946;2849.226;3219.470;3396.268;1394.951;12.665;887.317;182.369;1625.613;1849.727;3121.334;3029.157;875.625;3600.463;257.130;1670.696;352.526;691.116;-0.725;631.664
385,699.1426918506622,384,-562.0309209128415,562.0309209128415,0.022247958613985944,3463.508;3599.697;3245.085;2113.333;430.722;-0.689;1320.472;1144.771;1395.264;1661.434;2411.240;1967.064;2992.917;3231.316;2307.726;1572.641;788.438;3598.555;1008.006;558.072;0.315;3598.874;93.362;1010.658;0.574;461.439;1412.478;3599.745;703.350;3600.445;273.793;1097.580;842.466;3245.447;3599.693;679.417;1468.843;893.384;2885.611;2340.497;0.597;2741.117;2872.352;-0.757;1353.922;3200.509;3599.077;2370.893;0.874;1690.733;386.871;2125.331;589.019;0.955;1852.057;0.440;3034.706;3600.580;3412.374;1230.364;2374.678;2551.156;1752.375;1798.954;0.532;3.927;1270.310;1571.890;426.924;1992.140;1922.580;2619.916;899.149;1161.469;3600.689;2182.521;2747.918;1948.200;3035.948;2443.406;3599.259;451.796;918.819;1482.427;1811.165;2792.115;3324.608;2323.483;3600.587;2767.013;260.486;2163.401;2212.940;2789.482;3228.006;485.898;385.972;2934.485;0.279;3472.859,1356.045;3599.528;3599.604;467.530;3599.435;2806.416;486.088;2720.996;3600.311;2899.017;0.154;1930.762;1332.939;0.392;3599.703;3152.226;595.882;2396.671;1844.671;1291.969;1840.262;1919.380;3400.172;1.124;2462.015;1965.521;185.764;370.556;2518.968;3317.991;0.294;1560.624;3587.914;1696.516;1070.865;950.543;0.061;248.735;2347.922;2212.742;2121.836;1054.451;3413.266;3599.586;2217.540;2755.575;2897.400;1255.837;800.435;810.655;731.233;1640.953;1.795;1258.105;2198.734;1526.264;2088.956;2610.248;3212.462;1158.999;602.325;1629.904;2599.973;312.029;413.055;1074.346;843.626;1771.135;2331.687;1134.998;3599.907;2876.901;2127.987;1371.167;1.916;2501.527;2603.051;0.861;3084.467;3274.415;2157.712;2849.958;3218.889;3395.656;1394.163;13.369;886.525;181.557;1625.151;1849.160;3120.532;3028.358;876.225;3599.857;257.609;1670.052;353.283;691.054;0.071;631.045
386,701.0051484107971,385,-562.0448767930845,562.0448767930845,0.020113757866732307,3463.606;3599.969;3245.488;2113.729;430.324;0.087;1321.227;1144.027;1395.251;1660.723;2411.941;1967.546;2993.572;3231.925;2307.887;1573.451;787.660;3599.233;1008.760;558.739;-0.333;3599.638;93.836;1010.179;-0.126;460.675;1411.836;3600.382;702.573;3599.741;274.296;1097.113;843.217;3246.232;3600.108;679.996;1469.230;893.406;2886.396;2341.131;-0.002;2740.489;2872.257;-0.030;1353.371;3199.979;3599.762;2371.586;1.518;1691.483;386.842;2124.619;588.300;0.823;1851.920;0.199;3035.380;3599.845;3411.994;1229.799;2375.077;2551.193;1752.010;1799.530;-0.222;3.271;1269.753;1572.310;426.183;1992.762;1922.338;2619.972;899.856;1161.560;3599.929;2181.845;2747.135;1948.550;3035.998;2442.751;3598.464;452.483;919.006;1483.004;1810.452;2792.913;3324.091;2322.722;3599.856;2767.797;260.608;2162.878;2212.227;2789.230;3227.873;486.670;385.238;2933.701;-0.360;3472.253,1355.533;3598.761;3599.983;467.219;3600.086;2805.642;486.724;2721.422;3599.573;2898.316;-0.585;1929.993;1333.233;-0.305;3600.391;3152.899;596.605;2397.287;1844.131;1291.541;1840.744;1918.864;3399.662;0.444;2461.313;1966.306;186.376;370.027;2519.736;3318.122;0.280;1561.365;3587.277;1697.271;1071.571;951.243;-0.587;247.959;2348.394;2213.032;2121.580;1053.927;3412.589;3600.389;2218.332;2754.844;2896.790;1255.102;801.104;809.887;730.427;1641.600;2.175;1258.489;2198.091;1526.908;2088.226;2609.525;3211.923;1158.630;602.302;1629.169;2600.681;311.420;413.700;1074.147;844.379;1771.297;2330.996;1134.779;3600.698;2876.957;2127.204;1371.903;1.118;2500.721;2603.769;0.429;3085.154;3274.930;2158.516;2850.760;3219.662;3395.806;1394.473;13.869;886.041;180.897;1624.520;1848.424;3120.228;3027.629;876.914;3600.045;258.390;1669.989;352.555;691.799;0.556;630.251
387,702.8871445655823,386,-562.0360248759639,562.0360248759639,0.03132436296015656,3462.870;3600.730;3244.734;2114.511;431.070;0.486;1320.730;1143.943;1394.493;1660.129;2412.714;1966.828;2994.326;3231.165;2307.269;1573.434;788.106;3599.649;1008.012;558.176;0.358;3599.749;94.540;1010.938;0.533;461.412;1411.182;3601.123;701.893;3599.063;273.547;1096.327;842.467;3247.007;3600.873;680.784;1470.015;892.647;2887.039;2341.923;0.664;2739.823;2872.915;-0.348;1354.063;3200.746;3600.549;2371.855;0.761;1690.995;387.615;2125.367;587.541;1.591;1852.599;-0.153;3035.941;3600.083;3412.732;1230.459;2375.517;2551.894;1752.517;1798.865;0.490;2.486;1269.010;1573.095;426.683;1992.036;1921.559;2619.239;899.286;1162.299;3599.455;2181.061;2747.377;1949.333;3035.734;2441.962;3598.025;452.286;918.562;1483.584;1810.468;2792.413;3323.303;2321.938;3599.103;2767.836;261.370;2163.619;2211.432;2788.454;3228.652;486.038;384.444;2934.390;0.246;3471.462,1354.746;3597.963;3600.733;466.477;3600.762;2804.868;487.240;2720.820;3600.105;2899.063;0.173;1930.744;1333.833;0.290;3599.621;3152.150;595.873;2397.969;1843.371;1292.109;1841.530;1918.083;3400.371;-0.350;2460.527;1965.567;187.161;370.761;2519.008;3318.900;-0.406;1560.594;3586.490;1698.068;1071.427;950.490;0.170;247.904;2347.628;2212.675;2122.005;1054.629;3411.835;3599.928;2217.777;2755.179;2897.526;1254.325;801.057;809.393;731.122;1642.393;2.255;1259.041;2197.301;1527.649;2088.270;2609.074;3211.150;1159.379;603.068;1628.409;2601.476;310.642;413.776;1073.367;844.643;1772.065;2331.689;1133.997;3599.947;2876.191;2127.870;1372.699;0.319;2500.518;2603.060;-0.353;3084.624;3274.627;2159.140;2851.492;3219.053;3395.041;1395.251;14.419;886.739;180.481;1625.178;1848.055;3120.867;3027.464;876.675;3600.637;259.148;1669.215;352.678;691.269;1.276;630.236
388,704.5901339054108,387,-562.0287213116875,562.0287213116875,0.012041323913032663,3463.580;3600.016;3244.207;2114.045;431.013;0.595;1321.244;1144.632;1394.509;1659.352;2413.355;1966.058;2995.110;3230.612;2307.252;1572.695;787.837;3600.413;1008.402;558.368;-0.028;3599.049;94.913;1011.350;0.298;460.919;1410.426;3600.370;702.108;3599.527;272.918;1096.141;841.768;3246.479;3600.138;681.419;1470.730;892.573;2886.666;2341.646;0.770;2739.307;2872.346;0.326;1354.839;3200.621;3599.805;2372.617;0.593;1691.461;388.399;2125.217;586.756;0.931;1853.069;0.548;3036.718;3599.587;3413.465;1230.651;2374.766;2551.189;1751.892;1798.218;-0.065;3.183;1269.489;1572.466;425.959;1992.554;1922.110;2618.548;898.873;1162.102;3599.198;2180.764;2748.070;1949.495;3034.990;2442.582;3598.741;452.616;919.299;1484.360;1809.718;2793.122;3323.404;2321.988;3598.470;2768.579;262.094;2164.143;2211.432;2788.292;3229.131;486.420;383.717;2933.880;-0.419;3470.743,1354.386;3598.620;3599.991;466.508;3600.021;2805.134;486.799;2720.042;3599.797;2899.714;-0.284;1931.461;1333.101;-0.380;3599.644;3152.630;595.847;2398.646;1844.006;1292.887;1841.948;1918.795;3400.709;0.285;2461.020;1964.944;186.528;370.989;2518.894;3319.481;0.310;1560.820;3585.810;1698.819;1070.694;949.885;0.284;247.458;2346.887;2213.410;2121.349;1054.935;3412.322;3599.419;2217.046;2754.428;2898.229;1253.613;801.819;808.734;731.036;1642.141;3.015;1258.276;2196.992;1526.965;2087.550;2609.820;3210.674;1159.535;603.603;1629.001;2601.228;310.354;414.539;1073.818;845.371;1771.476;2331.491;1134.513;3599.695;2876.002;2128.614;1372.141;0.404;2501.230;2602.376;0.305;3084.105;3274.151;2158.949;2852.206;3219.441;3395.569;1396.003;15.196;887.521;180.738;1625.873;1847.420;3121.201;3026.771;875.908;3599.889;259.832;1668.756;351.931;690.531;0.658;629.487
389,706.4384722709656,388,-562.0334485606145,562.0334485606145,0.0176713253970687,3462.968;3599.630;3243.444;2113.370;430.488;-0.086;1321.875;1143.948;1393.777;1659.913;2414.122;1966.763;2995.883;3231.127;2306.499;1573.337;787.165;3600.352;1008.958;557.636;-0.769;3598.314;95.672;1012.103;-0.455;460.591;1409.662;3599.874;701.399;3599.793;272.169;1096.886;842.452;3246.814;3600.323;682.182;1471.465;891.839;2887.384;2341.068;1.159;2740.012;2873.074;-0.305;1355.579;3201.221;3599.740;2371.934;-0.150;1690.817;387.949;2125.944;585.981;1.640;1852.316;1.186;3037.487;3598.838;3414.232;1229.929;2375.391;2550.519;1752.516;1797.450;0.550;2.481;1270.249;1572.987;425.355;1991.967;1921.433;2617.778;898.126;1161.406;3599.894;2181.158;2748.714;1950.243;3035.700;2443.350;3598.366;451.907;918.583;1484.926;1810.157;2793.800;3323.971;2321.237;3598.764;2767.992;262.848;2163.975;2212.178;2787.542;3228.524;487.173;383.706;2933.291;0.300;3470.015,1353.627;3599.061;3600.153;467.256;3600.055;2805.553;487.435;2720.609;3600.150;2899.624;0.285;1932.177;1333.566;0.327;3598.981;3152.058;595.926;2398.604;1844.768;1292.296;1841.351;1919.530;3401.352;0.733;2460.315;1965.528;185.906;371.738;2518.167;3318.838;-0.036;1560.177;3585.746;1699.439;1069.925;950.029;-0.418;247.900;2347.320;2212.688;2120.590;1054.559;3413.083;3600.138;2217.591;2754.717;2897.666;1253.198;801.427;808.073;731.643;1642.217;2.324;1257.706;2196.237;1526.389;2086.821;2609.874;3211.390;1158.841;603.150;1629.653;2601.801;309.613;415.220;1074.385;846.107;1771.507;2332.228;1133.861;3600.217;2876.633;2127.984;1372.812;-0.318;2501.886;2602.703;0.295;3083.944;3273.390;2159.637;2852.875;3218.775;3395.456;1396.554;15.322;888.282;181.159;1626.630;1846.653;3121.902;3027.493;876.025;3600.187;260.130;1669.461;351.404;691.135;1.003;628.733
390,708.3113980293274,389,-562.0476534838733,562.0476534838733,0.018471387669400593,3462.313;3600.233;3242.718;2114.024;429.878;0.559;1321.991;1143.209;1393.844;1660.443;2414.463;1966.562;2995.518;3230.521;2306.802;1574.038;787.891;3599.622;1008.361;558.195;-0.040;3599.034;95.312;1012.181;0.251;461.282;1408.906;3600.074;702.053;3600.540;272.031;1096.530;842.758;3246.109;3600.138;682.926;1472.206;892.405;2888.120;2341.766;1.888;2740.627;2872.896;0.275;1354.979;3201.058;3599.996;2372.153;0.190;1691.543;387.235;2126.699;585.298;1.641;1852.575;0.463;3037.868;3599.189;3413.558;1229.691;2375.766;2551.238;1753.263;1797.800;-0.125;2.216;1269.788;1573.591;424.607;1991.214;1920.685;2618.291;897.846;1162.047;3600.590;2180.666;2749.380;1950.922;3035.577;2443.474;3597.619;452.550;918.443;1484.305;1809.434;2793.278;3323.258;2320.865;3599.416;2767.239;262.171;2163.245;2211.514;2787.873;3228.556;486.904;384.030;2933.985;-0.117;3470.102,1354.085;3599.762;3600.106;468.003;3599.720;2804.825;486.838;2721.346;3599.470;2900.187;0.289;1932.935;1334.280;-0.049;3599.484;3151.303;595.198;2397.956;1844.162;1292.256;1841.549;1918.949;3402.041;0.029;2460.867;1964.995;186.433;372.259;2517.407;3318.159;-0.555;1559.482;3586.471;1700.196;1069.162;949.293;0.244;247.165;2346.629;2212.328;2120.456;1053.811;3412.380;3600.217;2217.109;2754.993;2898.268;1253.038;801.672;807.316;732.398;1641.557;2.959;1258.114;2196.590;1527.032;2087.438;2609.991;3212.130;1158.368;603.793;1628.929;2602.379;308.992;415.887;1073.724;845.503;1772.218;2332.942;1134.564;3600.326;2876.013;2128.631;1373.339;0.313;2502.643;2602.420;-0.330;3084.644;3272.631;2159.521;2852.457;3218.033;3394.718;1397.304;14.606;889.033;181.908;1626.107;1847.341;3122.652;3027.300;875.505;3600.624;259.510;1668.904;351.967;690.418;0.295;628.325
391,710.0046253204346,390,-562.0444898878775,562.0444898878775,0.01703830952174505,3462.920;3599.703;3243.169;2114.437;429.156;0.739;1321.270;1143.668;1393.409;1659.977;2415.145;1966.419;2994.927;3229.781;2306.373;1574.159;788.451;3599.070;1007.800;557.942;0.065;3598.786;95.580;1012.109;0.047;461.400;1409.486;3599.790;701.959;3599.895;271.379;1096.632;842.273;3246.438;3599.456;683.192;1471.576;893.073;2887.676;2342.097;1.237;2741.282;2873.527;0.046;1355.434;3200.352;3600.683;2372.712;-0.488;1692.004;386.563;2126.314;584.693;1.339;1852.898;0.430;3038.562;3599.849;3413.093;1229.724;2375.603;2551.658;1754.002;1798.377;0.358;2.386;1269.311;1573.030;424.929;1991.004;1921.085;2619.029;897.291;1162.590;3599.876;2181.281;2748.875;1950.532;3035.052;2444.158;3597.693;452.977;918.692;1483.584;1808.769;2793.927;3323.476;2320.337;3599.275;2766.874;261.846;2162.517;2211.653;2787.390;3229.273;486.640;384.756;2933.548;0.090;3470.732,1354.014;3600.462;3599.583;467.361;3600.350;2804.139;487.469;2720.853;3599.603;2900.526;-0.303;1933.297;1334.472;-0.542;3600.024;3150.736;595.603;2398.661;1843.752;1292.560;1841.298;1919.611;3401.721;-0.126;2460.283;1965.616;186.713;371.575;2517.894;3317.454;0.162;1559.598;3585.949;1700.023;1069.108;949.209;0.348;246.504;2346.079;2211.761;2119.837;1053.157;3412.844;3599.503;2217.376;2754.586;2897.942;1252.329;801.443;806.571;731.994;1642.046;3.395;1257.470;2196.049;1526.686;2086.782;2610.664;3212.206;1158.770;604.275;1628.312;2601.692;308.260;416.629;1074.207;846.031;1772.742;2333.486;1134.932;3599.598;2876.237;2128.101;1373.017;0.079;2503.324;2602.884;0.373;3085.380;3271.914;2160.213;2853.168;3218.154;3395.213;1397.594;15.189;889.425;181.234;1626.770;1847.237;3122.516;3028.003;876.118;3599.908;260.217;1669.141;351.350;690.610;-0.154;628.764
392,711.8490166664124,391,-562.0531993460056,562.0531993460056,0.017077060820764614,3463.652;3599.669;3243.872;2113.734;429.843;0.115;1321.623;1143.933;1394.122;1659.251;2414.525;1965.698;2995.435;3229.822;2307.081;1573.442;788.665;3599.722;1008.486;557.623;-0.253;3598.831;94.871;1011.391;0.207;460.726;1410.070;3599.120;702.630;3600.218;270.908;1097.344;841.749;3245.736;3598.789;682.682;1471.084;893.764;2886.949;2341.402;0.567;2742.017;2872.841;0.688;1355.807;3199.947;3599.975;2372.088;0.185;1691.503;386.123;2126.316;584.492;0.690;1853.622;1.129;3039.278;3599.865;3412.459;1229.017;2376.290;2551.247;1753.478;1799.096;0.897;2.417;1269.775;1572.533;425.116;1990.310;1921.101;2618.614;897.987;1161.889;3599.874;2181.999;2748.148;1949.813;3035.673;2443.662;3598.309;452.677;918.731;1484.249;1809.272;2793.429;3322.982;2321.018;3598.695;2767.153;262.503;2162.279;2212.360;2788.087;3229.923;486.052;384.307;2932.849;-0.326;3471.465,1354.715;3599.761;3600.149;467.672;3599.664;2804.270;487.389;2720.159;3600.324;2899.843;0.210;1932.601;1334.831;0.167;3600.754;3150.008;595.354;2398.319;1844.320;1292.357;1840.588;1919.509;3400.997;-0.382;2460.599;1965.837;186.021;370.914;2518.482;3317.587;0.207;1560.317;3586.370;1699.724;1068.412;949.641;-0.147;247.198;2345.355;2212.202;2120.423;1053.825;3412.714;3600.141;2216.731;2753.861;2898.541;1252.930;802.075;806.638;731.438;1642.751;2.721;1256.790;2196.754;1525.961;2087.183;2610.111;3212.844;1158.077;603.575;1627.809;2601.031;308.930;416.523;1074.694;845.983;1773.272;2332.884;1134.482;3599.563;2876.956;2128.629;1372.294;-0.505;2504.060;2602.173;0.044;3084.696;3271.994;2159.704;2853.016;3217.459;3395.815;1396.942;15.825;890.063;181.828;1627.481;1847.667;3123.109;3027.658;875.586;3600.341;259.563;1669.638;351.916;690.171;0.040;629.488
393,713.7125024795532,392,-562.0490173628552,562.0490173628552,0.015152621765165828,3463.760;3600.324;3243.612;2113.759;429.309;-0.031;1321.011;1144.597;1394.013;1659.238;2414.699;1965.803;2994.755;3229.154;2307.190;1572.812;788.072;3599.256;1007.984;557.339;0.371;3598.150;94.625;1010.756;0.762;460.082;1410.713;3598.772;702.217;3600.072;271.613;1097.016;841.031;3246.144;3599.247;682.027;1471.738;894.248;2886.397;2341.954;0.807;2742.567;2872.726;0.270;1356.305;3200.629;3600.114;2371.434;0.098;1690.796;385.774;2126.993;585.170;0.252;1854.317;1.854;3038.668;3600.570;3411.748;1229.581;2377.015;2551.891;1753.156;1798.565;0.298;1.729;1270.315;1571.816;425.804;1989.685;1921.759;2617.941;897.602;1161.977;3600.315;2181.365;2747.681;1949.550;3036.393;2443.709;3599.016;452.028;919.437;1483.813;1809.026;2793.886;3323.568;2320.932;3597.975;2766.515;262.574;2162.505;2212.468;2787.690;3230.643;485.331;383.591;2932.742;0.364;3471.603,1354.193;3600.308;3599.489;468.267;3599.744;2804.962;486.682;2719.635;3599.897;2899.166;0.475;1932.112;1335.545;-0.098;3600.064;3150.604;596.030;2397.920;1843.968;1293.015;1839.983;1919.955;3400.520;0.323;2460.550;1966.386;185.318;371.559;2519.123;3317.191;0.430;1560.414;3585.704;1699.011;1068.487;949.808;-0.246;247.320;2345.901;2211.548;2121.137;1053.335;3413.299;3599.559;2216.008;2753.355;2899.250;1253.651;801.385;807.321;732.113;1642.189;2.143;1257.194;2196.623;1525.334;2087.872;2610.796;3213.538;1157.765;603.287;1628.216;2601.660;309.630;415.824;1074.717;845.278;1773.990;2332.692;1133.937;3599.793;2877.591;2129.172;1371.872;0.188;2504.714;2601.967;0.175;3083.982;3271.299;2158.987;2852.346;3216.767;3396.533;1396.323;15.328;889.475;181.323;1628.099;1848.375;3123.607;3026.992;874.868;3599.835;259.598;1670.234;352.611;689.489;-0.664;629.965
394,715.404821395874,393,-562.0595829415544,562.0595829415544,0.017546449098928687,3463.443;3599.665;3244.289;2113.374;428.661;-0.708;1320.303;1144.043;1394.520;1659.722;2414.611;1965.198;2994.239;3229.176;2307.640;1573.060;788.552;3599.857;1007.277;556.639;0.012;3598.295;94.018;1010.140;0.099;460.764;1410.217;3599.253;701.602;3599.581;271.403;1097.354;841.474;3246.753;3598.764;682.568;1471.919;894.951;2886.773;2342.590;0.120;2743.207;2872.065;0.858;1355.624;3200.068;3599.664;2370.722;-0.293;1691.326;385.118;2127.702;584.655;-0.405;1854.107;1.345;3039.306;3599.907;3411.185;1230.222;2377.603;2552.224;1753.843;1799.175;-0.397;1.543;1269.695;1572.459;426.518;1989.117;1922.319;2618.249;898.231;1161.890;3599.653;2181.309;2747.088;1950.175;3036.857;2444.220;3598.879;451.320;919.246;1483.112;1808.330;2793.245;3324.254;2321.562;3598.610;2765.842;261.901;2161.813;2212.296;2788.303;3231.146;484.749;383.758;2933.405;-0.018;3472.056,1354.268;3599.792;3600.020;467.745;3600.289;2804.838;487.196;2720.019;3599.783;2899.202;-0.218;1931.553;1336.237;0.084;3599.834;3149.984;596.739;2397.376;1844.461;1292.366;1839.288;1920.660;3399.826;0.293;2459.857;1967.093;184.603;371.075;2519.433;3316.539;-0.222;1561.035;3585.811;1698.735;1068.807;949.154;0.449;247.815;2345.335;2210.836;2120.607;1052.635;3413.792;3599.992;2215.538;2753.471;2899.017;1254.030;801.004;806.719;731.600;1641.480;2.092;1257.898;2197.290;1525.655;2087.229;2611.446;3213.869;1158.423;603.908;1628.913;2601.118;309.077;416.422;1075.324;844.569;1774.559;2333.368;1134.580;3600.478;2878.273;2128.871;1371.191;0.081;2505.360;2601.591;-0.437;3083.459;3270.584;2159.486;2852.838;3216.194;3397.228;1395.764;14.621;888.886;181.985;1628.379;1848.977;3124.295;3027.662;875.436;3600.217;259.670;1670.938;352.343;689.973;-0.027;630.665
395,717.2309560775757,394,-562.0647673542525,562.0647673542525,0.01649754199130763,3462.839;3599.444;3243.728;2113.616;427.991;-0.026;1320.625;1144.110;1394.101;1660.407;2415.290;1965.742;2994.829;3229.854;2307.218;1572.543;787.877;3599.175;1007.480;555.970;0.527;3598.979;94.536;1010.731;-0.236;460.217;1410.821;3599.945;700.902;3600.163;270.885;1097.973;842.040;3247.209;3599.430;682.043;1471.312;894.588;2887.384;2343.201;-0.497;2742.555;2872.371;0.233;1355.816;3200.682;3599.487;2370.757;0.365;1691.808;385.776;2128.379;585.287;0.270;1853.509;1.362;3039.162;3600.199;3411.800;1230.019;2377.901;2551.696;1753.513;1798.532;0.261;0.876;1270.332;1572.076;426.292;1989.780;1921.663;2617.575;897.767;1161.337;3600.171;2181.705;2747.643;1950.783;3037.371;2444.914;3599.563;451.882;918.781;1483.290;1808.557;2793.615;3323.828;2321.029;3599.297;2765.144;261.415;2161.497;2211.715;2788.008;3230.504;485.204;384.173;2934.029;-0.563;3471.409,1353.588;3600.004;3599.957;467.051;3599.630;2805.513;487.891;2719.350;3600.170;2898.522;0.408;1931.702;1336.940;0.218;3600.341;3149.333;596.116;2398.062;1845.156;1291.670;1838.624;1920.794;3399.197;0.800;2460.439;1966.605;184.280;371.740;2518.874;3317.204;0.305;1561.695;3586.485;1698.047;1068.185;949.813;0.373;248.414;2345.944;2210.139;2121.283;1052.816;3413.291;3600.653;2216.147;2754.159;2898.332;1254.722;800.312;806.975;732.243;1642.076;1.421;1258.551;2197.507;1525.118;2087.510;2610.777;3213.191;1159.117;604.591;1628.368;2600.493;308.395;415.814;1074.674;844.956;1773.928;2333.085;1134.058;3599.805;2877.629;2128.189;1371.047;-0.293;2506.020;2600.914;0.236;3083.405;3270.345;2158.823;2852.194;3215.520;3397.877;1395.144;13.918;888.193;182.481;1629.056;1849.652;3124.996;3028.363;874.793;3599.617;258.986;1670.276;352.701;690.667;0.398;630.263
396,719.0888819694519,395,-562.0721169542694,562.0721169542694,0.018654164946220162,3462.153;3599.303;3243.733;2114.283;427.300;0.218;1321.293;1144.742;1393.706;1660.113;2415.932;1965.597;2994.440;3230.392;2306.626;1572.093;787.202;3598.755;1008.026;556.345;0.272;3598.422;95.056;1010.157;0.428;459.680;1410.702;3600.524;700.209;3600.599;271.546;1098.466;842.670;3247.893;3599.639;682.351;1471.780;893.961;2887.993;2343.412;0.169;2741.935;2871.874;-0.387;1355.675;3200.512;3600.077;2370.199;-0.070;1692.254;385.707;2127.880;585.943;-0.045;1854.092;0.987;3038.751;3600.487;3411.378;1229.342;2378.580;2552.356;1752.880;1797.877;-0.057;1.517;1271.019;1571.483;425.615;1990.428;1922.210;2616.967;897.926;1161.690;3599.922;2182.387;2747.010;1951.305;3038.033;2444.536;3600.111;452.566;918.114;1483.171;1808.272;2793.137;3324.491;2320.417;3599.965;2765.703;260.731;2160.908;2211.027;2787.490;3229.879;485.887;383.508;2933.381;0.102;3472.032,1353.936;3600.656;3599.932;466.661;3599.821;2806.122;487.843;2718.729;3599.517;2897.856;0.625;1931.038;1337.315;-0.443;3599.747;3149.870;596.050;2398.463;1844.990;1291.717;1839.188;1921.466;3398.873;1.451;2460.780;1966.437;184.540;372.257;2519.535;3317.437;-0.020;1561.805;3587.118;1697.380;1068.813;950.460;-0.242;249.100;2346.350;2210.401;2121.912;1052.188;3413.929;3599.999;2215.607;2754.675;2897.672;1255.171;800.277;807.486;732.539;1642.681;0.730;1259.137;2196.947;1524.433;2088.122;2610.207;3212.520;1159.622;605.208;1627.859;2599.835;307.772;415.378;1074.006;844.365;1774.524;2332.406;1134.680;3599.657;2876.994;2127.913;1370.378;0.343;2506.702;2601.530;0.543;3083.914;3270.909;2158.588;2852.086;3215.783;3398.294;1394.474;13.582;887.500;182.011;1629.657;1849.088;3125.621;3028.641;874.167;3600.153;258.773;1669.755;352.922;690.963;-0.036;629.607
397,720.9579837322235,396,-562.0739537331146,562.0739537331146,0.0171423089186705,3461.648;3599.870;3243.082;2113.630;427.700;0.094;1321.793;1144.084;1393.298;1660.331;2416.355;1965.962;2994.753;3230.967;2307.222;1572.705;787.252;3599.035;1007.402;556.908;-0.305;3598.952;94.455;1009.805;0.863;460.153;1411.320;3599.864;700.439;3599.941;272.220;1099.139;843.350;3247.330;3600.292;683.019;1471.236;893.718;2888.604;2344.069;0.078;2741.369;2871.211;0.235;1355.488;3200.941;3599.485;2369.524;0.266;1691.621;385.184;2128.471;586.511;0.056;1854.054;0.317;3039.359;3599.835;3410.707;1228.766;2379.143;2552.593;1752.223;1797.982;-0.232;1.763;1271.005;1571.967;425.073;1991.038;1921.587;2616.316;898.583;1161.035;3600.518;2181.919;2747.108;1951.977;3038.709;2444.158;3599.638;452.226;917.486;1483.822;1808.924;2792.476;3324.249;2319.854;3600.570;2765.166;260.862;2160.412;2211.187;2788.064;3229.827;485.702;382.835;2933.524;-0.126;3471.968,1353.463;3600.023;3600.374;467.288;3599.499;2805.565;487.230;2719.346;3599.969;2897.346;0.035;1930.469;1337.968;0.186;3599.481;3149.959;595.396;2398.218;1844.518;1291.180;1839.497;1920.911;3399.533;0.953;2461.399;1965.897;185.200;372.145;2518.972;3316.790;-0.687;1561.970;3587.714;1697.772;1068.227;949.905;0.342;249.742;2345.755;2210.472;2122.427;1052.715;3413.376;3599.945;2216.225;2754.694;2898.185;1254.869;800.570;808.117;733.187;1642.818;0.793;1259.681;2196.911;1524.964;2088.662;2609.674;3213.092;1160.251;604.569;1627.185;2600.403;308.138;414.843;1073.325;844.706;1774.841;2332.527;1134.298;3600.095;2876.997;2127.249;1370.953;0.487;2506.559;2602.208;-0.003;3083.279;3271.577;2159.077;2852.726;3215.375;3397.666;1395.076;14.207;887.718;181.341;1630.296;1849.504;3126.001;3028.190;874.451;3599.652;258.111;1670.350;353.589;690.646;-0.149;630.178
398,722.6516220569611,397,-562.0748128740724,562.0748128740724,0.013023059737518725,3462.260;3599.281;3242.444;2113.722;427.236;0.249;1322.448;1144.103;1393.904;1659.695;2416.703;1965.583;2994.167;3230.915;2307.694;1573.372;786.865;3599.686;1007.641;557.553;0.343;3599.593;94.155;1009.146;1.105;460.753;1411.114;3600.177;699.826;3600.327;272.810;1098.679;843.406;3247.951;3599.699;682.559;1471.539;893.098;2887.999;2344.532;-0.370;2740.707;2870.541;0.150;1356.125;3201.601;3599.826;2369.292;0.788;1691.179;385.830;2128.796;586.634;-0.558;1854.599;-0.306;3039.998;3599.181;3410.652;1228.172;2378.804;2551.976;1752.593;1797.357;0.381;2.359;1271.405;1571.398;424.451;1991.704;1921.773;2616.567;898.541;1161.588;3599.886;2181.260;2746.706;1952.054;3039.325;2444.644;3599.855;452.812;918.089;1483.325;1808.489;2792.892;3323.677;2320.477;3599.928;2765.722;261.476;2160.011;2211.796;2788.175;3229.396;485.857;382.392;2933.299;-0.111;3472.563,1352.805;3600.329;3599.721;466.975;3599.854;2806.152;486.608;2718.792;3600.142;2897.923;-0.175;1929.938;1337.549;0.481;3599.995;3150.557;595.498;2398.698;1845.157;1291.686;1838.851;1921.084;3399.198;1.093;2462.068;1965.232;184.585;372.774;2519.188;3317.319;-0.062;1561.347;3588.381;1697.185;1068.723;950.470;0.797;250.364;2346.337;2209.865;2123.023;1053.255;3413.994;3600.027;2215.907;2754.393;2898.848;1255.507;801.205;808.777;733.533;1643.007;0.216;1260.200;2196.293;1524.367;2089.252;2609.637;3213.080;1159.669;604.933;1627.719;2599.963;308.740;414.457;1072.657;844.105;1774.270;2331.931;1134.244;3599.716;2876.407;2127.853;1371.383;0.215;2507.146;2601.654;0.198;3082.612;3270.997;2158.560;2852.133;3214.714;3398.219;1395.617;13.813;887.129;180.783;1630.961;1850.065;3126.660;3028.788;873.809;3599.617;257.541;1670.871;353.153;689.988;0.481;629.805
399,724.4936413764954,398,-562.0800132366635,562.0800132366635,0.018953209771164645,3461.741;3599.897;3242.982;2114.366;427.760;-0.078;1321.973;1144.701;1394.561;1659.878;2416.067;1964.953;2994.125;3230.271;2307.061;1572.880;787.235;3599.834;1008.136;557.298;0.115;3599.049;94.742;1008.605;0.474;460.197;1410.482;3599.631;699.490;3599.712;272.316;1098.183;842.836;3248.471;3599.051;681.995;1471.658;893.715;2887.342;2343.921;0.253;2741.160;2871.036;0.668;1356.783;3200.977;3599.838;2369.907;0.204;1691.781;385.725;2128.161;585.993;0.056;1855.204;0.308;3039.467;3599.380;3411.286;1227.830;2378.160;2552.564;1751.998;1797.957;0.741;2.073;1270.806;1571.122;424.996;1991.247;1922.311;2617.213;897.901;1162.069;3599.770;2181.825;2746.296;1951.426;3038.725;2444.095;3600.325;452.684;918.508;1482.703;1808.443;2793.541;3324.274;2321.112;3600.380;2766.365;260.847;2160.649;2211.162;2788.748;3228.746;486.474;382.945;2933.676;0.315;3473.220,1352.191;3599.724;3600.118;466.330;3600.502;2806.721;487.191;2718.268;3599.579;2897.361;-0.404;1929.454;1338.150;0.558;3599.721;3149.956;596.131;2399.330;1845.748;1291.061;1838.501;1921.726;3398.556;0.468;2461.581;1965.700;185.021;372.222;2519.814;3317.974;-0.004;1561.981;3587.832;1696.596;1069.354;950.789;0.210;249.907;2346.950;2209.209;2122.409;1052.784;3413.402;3600.656;2216.399;2754.590;2898.326;1255.074;800.633;808.207;732.914;1643.653;-0.437;1260.852;2196.689;1524.711;2088.621;2610.213;3212.441;1159.936;605.581;1627.206;2599.451;308.110;415.032;1073.059;844.715;1774.865;2332.449;1133.631;3600.308;2876.906;2127.399;1370.841;-0.432;2507.801;2602.069;-0.400;3083.095;3270.845;2158.506;2851.541;3215.145;3398.243;1394.989;13.167;887.607;181.404;1631.588;1850.603;3127.228;3028.299;874.263;3600.255;258.111;1671.459;352.580;689.338;1.128;629.162
400,726.352861404419,399,-562.0734773450674,562.0734773450674,0.02079870774851947,3462.292;3599.423;3242.911;2114.191;428.364;-0.715;1322.302;1144.579;1395.176;1659.257;2415.422;1965.490;2994.758;3230.881;2307.552;1572.286;787.874;3599.437;1008.778;557.912;-0.311;3598.886;94.283;1007.968;0.123;459.562;1410.976;3598.998;699.568;3600.175;271.673;1097.820;842.191;3248.265;3599.098;681.350;1471.028;894.279;2886.977;2343.274;-0.114;2740.863;2871.336;1.294;1357.273;3201.239;3599.206;2370.411;0.781;1691.174;386.271;2128.279;585.702;-0.464;1855.443;0.107;3038.827;3599.510;3411.467;1228.135;2377.524;2552.084;1751.432;1798.111;1.026;2.698;1270.824;1570.492;425.634;1990.848;1922.954;2616.990;897.430;1161.484;3600.334;2182.398;2746.919;1950.806;3038.810;2443.451;3600.968;452.051;919.148;1482.769;1809.072;2793.069;3324.471;2321.761;3599.901;2765.824;261.081;2160.257;2211.667;2789.393;3228.103;486.779;383.588;2934.313;0.925;3472.820,1352.242;3600.057;3599.737;466.844;3599.903;2807.368;487.802;2718.282;3600.101;2896.723;0.226;1929.861;1337.776;-0.050;3599.684;3149.620;595.795;2399.689;1846.394;1290.732;1837.902;1922.000;3398.630;-0.178;2460.971;1965.266;185.475;371.653;2519.307;3318.057;-0.176;1562.296;3587.600;1696.865;1068.785;950.395;-0.433;250.533;2347.009;2208.760;2122.109;1052.147;3413.840;3600.059;2215.811;2754.023;2898.713;1255.530;799.999;807.742;733.344;1643.561;0.168;1261.269;2197.328;1525.346;2088.077;2610.092;3212.216;1159.312;606.117;1627.617;2598.809;307.675;414.574;1072.579;844.686;1774.294;2333.087;1133.144;3599.714;2877.539;2126.778;1370.198;0.155;2508.390;2601.866;0.202;3083.318;3270.284;2159.093;2851.167;3215.785;3398.873;1394.733;12.718;888.249;182.046;1632.224;1849.983;3126.721;3028.019;874.185;3599.790;257.878;1672.105;351.998;689.868;0.721;629.399
401,728.2389245033264,400,-562.0741215405476,562.0741215405476,0.01037820805966628,3462.866;3599.956;3243.489;2114.289;427.821;-0.100;1322.913;1145.158;1394.716;1659.433;2415.759;1964.932;2995.339;3230.538;2307.335;1571.653;787.823;3600.049;1008.536;557.443;0.284;3599.506;94.788;1007.623;-0.073;459.589;1411.608;3599.185;700.189;3599.705;272.076;1097.191;841.564;3248.625;3598.530;681.180;1470.393;894.237;2886.348;2342.662;0.282;2740.246;2871.963;1.051;1357.890;3200.821;3599.112;2369.932;0.476;1690.658;386.906;2127.687;586.240;0.037;1856.069;0.348;3039.097;3598.897;3411.176;1227.582;2376.912;2551.490;1750.840;1798.490;0.447;2.462;1270.551;1569.855;425.264;1991.459;1923.575;2617.404;896.825;1161.977;3599.767;2182.956;2746.582;1950.899;3039.155;2443.615;3600.352;452.514;919.767;1482.183;1809.204;2793.519;3325.084;2321.679;3599.642;2766.404;261.685;2160.700;2211.632;2788.946;3228.396;487.345;383.064;2933.993;0.346;3473.386,1351.659;3600.507;3600.165;466.445;3599.980;2807.977;487.323;2718.024;3599.595;2896.502;0.652;1930.490;1337.152;0.129;3600.304;3150.221;596.112;2400.315;1846.420;1291.300;1837.330;1922.626;3398.323;0.119;2461.317;1965.735;185.023;372.095;2519.211;3318.523;0.140;1562.640;3588.190;1697.084;1068.817;950.007;0.137;251.001;2347.624;2208.896;2121.609;1052.715;3414.186;3599.871;2215.192;2753.391;2899.331;1256.151;800.074;808.331;733.067;1643.525;-0.114;1261.825;2197.654;1524.933;2088.253;2609.468;3212.302;1158.744;606.739;1628.233;2598.980;308.085;415.061;1071.985;844.126;1773.905;2333.127;1132.514;3599.713;2877.968;2127.129;1369.662;0.125;2508.412;2601.251;-0.109;3082.743;3269.649;2158.472;2850.550;3215.415;3398.622;1394.120;12.165;888.101;182.256;1632.858;1849.364;3126.090;3028.167;873.673;3600.036;257.301;1672.585;352.531;689.353;0.729;629.557
402,729.9423828125,401,-562.0811330972749,562.0811330972749,0.018875360686115433,3463.399;3599.805;3244.085;2114.825;427.474;-0.010;1323.324;1144.989;1395.298;1658.985;2415.198;1964.326;2995.957;3230.629;2307.733;1571.056;788.388;3599.906;1008.812;557.046;-0.091;3599.200;94.271;1007.692;-0.108;459.022;1411.395;3598.855;700.469;3599.444;271.679;1097.640;841.593;3249.122;3598.099;681.204;1470.075;894.824;2886.412;2342.493;0.809;2740.726;2871.788;1.637;1358.485;3200.899;3598.578;2369.477;0.920;1690.988;386.404;2127.123;585.681;0.070;1856.639;-0.185;3038.559;3598.761;3411.773;1226.965;2376.293;2550.971;1750.216;1799.109;0.704;2.454;1270.121;1569.888;424.874;1991.371;1923.797;2618.008;897.254;1162.088;3600.033;2183.574;2747.134;1950.347;3038.565;2443.929;3600.116;452.267;919.747;1482.152;1808.672;2794.086;3325.648;2322.191;3600.111;2766.931;261.459;2161.108;2211.279;2789.438;3227.901;487.970;383.350;2934.057;0.456;3473.351,1351.032;3599.914;3600.408;466.338;3600.426;2808.275;487.690;2718.634;3600.183;2897.079;0.085;1931.119;1336.885;-0.203;3599.721;3150.750;595.588;2400.423;1845.833;1291.555;1837.935;1922.797;3397.752;-0.465;2461.356;1965.163;185.618;371.546;2518.615;3319.145;-0.438;1563.247;3587.741;1697.689;1068.432;949.389;0.093;250.954;2347.854;2209.491;2120.985;1053.215;3413.596;3600.345;2214.623;2752.893;2898.883;1255.659;800.576;808.507;732.470;1642.928;0.256;1262.443;2198.125;1525.384;2087.690;2609.652;3211.702;1158.219;607.328;1628.218;2598.694;307.516;415.682;1071.392;844.489;1774.259;2333.678;1132.417;3599.912;2877.368;2127.703;1369.267;0.140;2508.870;2601.729;-0.625;3083.286;3270.121;2158.260;2850.161;3215.820;3398.009;1394.631;11.546;888.694;182.862;1633.469;1848.802;3125.660;3027.568;874.191;3600.614;257.037;1672.076;352.428;688.758;1.207;629.056
403,731.7998912334442,402,-562.0779467800576,562.0779467800576,0.01714919176996365,3464.014;3599.293;3244.425;2115.422;428.061;-0.155;1322.761;1145.576;1395.905;1658.379;2414.622;1963.708;2995.555;3231.159;2307.465;1570.447;787.829;3599.679;1008.910;557.541;0.244;3599.249;93.678;1007.101;-0.683;458.984;1411.900;3598.260;701.039;3600.034;271.245;1097.069;841.957;3249.729;3598.675;681.806;1470.438;895.435;2885.824;2343.092;0.307;2741.335;2871.240;2.034;1358.213;3200.872;3598.705;2368.874;1.334;1691.591;385.804;2127.547;585.074;0.503;1857.254;0.400;3038.705;3599.167;3411.278;1227.557;2376.197;2551.166;1749.798;1798.975;0.109;1.853;1270.416;1569.293;424.614;1990.781;1924.319;2618.606;897.313;1162.684;3600.382;2183.091;2747.645;1949.738;3038.761;2444.536;3599.953;451.704;920.164;1481.568;1808.094;2794.061;3325.131;2322.596;3599.593;2766.413;261.163;2160.514;2211.830;2789.448;3227.532;488.324;383.218;2934.627;-0.002;3472.944,1350.413;3599.484;3599.808;465.825;3599.851;2807.767;487.605;2718.148;3599.655;2896.958;-0.517;1931.713;1337.482;0.361;3599.368;3150.423;596.129;2400.629;1845.216;1291.003;1837.644;1923.107;3398.307;0.090;2460.760;1965.701;185.891;371.949;2517.998;3318.632;0.144;1562.736;3587.130;1698.307;1067.824;948.777;-0.379;251.353;2348.328;2208.902;2120.907;1052.808;3413.467;3600.278;2215.206;2752.598;2898.290;1255.083;801.189;807.907;731.875;1643.437;0.758;1263.059;2197.556;1525.238;2087.075;2609.558;3212.253;1158.737;606.832;1627.616;2599.235;307.951;416.301;1071.880;845.039;1774.868;2334.293;1132.878;3600.386;2877.684;2127.156;1369.742;-0.456;2509.430;2602.339;-0.033;3083.540;3269.753;2158.528;2850.750;3216.430;3398.315;1395.242;12.030;889.302;182.739;1633.523;1849.047;3125.670;3027.913;874.789;3600.025;256.469;1671.481;351.827;689.329;1.819;628.443
404,733.6782150268555,403,-562.0737798886437,562.0737798886437,0.009445346745985888,3464.606;3598.689;3244.975;2115.474;427.546;0.211;1322.704;1145.126;1395.528;1658.930;2414.860;1964.232;2995.223;3231.481;2307.884;1570.259;787.352;3599.091;1009.503;558.144;-0.265;3598.808;94.245;1006.641;-0.092;458.405;1411.356;3598.669;700.463;3599.755;270.669;1096.491;841.420;3250.333;3598.845;681.325;1471.037;895.894;2885.774;2342.835;-0.184;2741.724;2871.794;1.465;1357.696;3200.289;3599.295;2369.425;1.804;1691.123;385.242;2127.195;584.993;0.161;1857.770;0.040;3039.225;3599.767;3411.803;1227.553;2376.278;2550.585;1749.218;1799.541;-0.226;1.568;1269.907;1568.693;424.474;1990.687;1924.922;2619.125;897.905;1163.275;3599.813;2183.620;2747.152;1949.354;3038.186;2444.136;3600.355;452.156;919.604;1482.036;1808.310;2794.607;3325.605;2322.029;3599.020;2766.672;261.668;2160.081;2212.411;2789.106;3226.937;488.922;383.786;2934.646;0.516;3473.449,1349.820;3599.661;3600.259;465.220;3600.279;2808.220;488.191;2718.700;3599.910;2896.367;0.053;1931.248;1337.381;0.265;3599.088;3149.836;596.000;2401.192;1845.096;1290.399;1838.024;1923.510;3397.758;-0.065;2460.919;1966.143;186.485;371.419;2518.493;3319.059;0.192;1562.960;3587.058;1697.769;1068.288;949.313;0.194;250.774;2348.925;2208.923;2120.318;1052.407;3412.887;3599.689;2215.532;2753.097;2897.682;1254.478;800.786;807.745;731.320;1644.032;0.206;1263.140;2197.690;1525.818;2086.825;2608.971;3211.697;1158.352;607.385;1627.841;2599.591;307.379;416.543;1072.482;845.645;1775.471;2333.821;1133.481;3599.799;2877.108;2126.568;1370.317;0.041;2508.851;2602.879;-0.105;3084.136;3270.329;2158.664;2850.491;3217.015;3397.865;1395.052;11.509;889.172;183.284;1634.109;1848.479;3125.222;3027.835;875.335;3599.922;257.049;1671.935;351.218;688.989;2.391;627.878
405,735.3814001083374,404,-562.0810835538861,562.0810835538861,0.011275406626290316,3464.085;3599.134;3244.409;2114.962;427.048;0.502;1323.282;1145.376;1395.164;1659.525;2415.445;1963.706;2995.031;3232.058;2307.308;1570.811;786.759;3599.164;1010.100;558.566;0.297;3598.921;94.255;1007.207;0.163;458.892;1410.858;3599.260;700.008;3599.728;271.200;1095.896;841.979;3250.544;3599.427;681.842;1470.556;895.339;2886.286;2343.256;0.376;2741.174;2871.468;0.887;1357.104;3200.829;3599.880;2369.033;2.397;1691.620;385.757;2127.750;585.515;0.551;1857.221;-0.534;3039.819;3599.767;3412.139;1227.338;2376.861;2551.082;1748.840;1799.020;0.346;0.985;1269.318;1569.160;423.889;1991.227;1924.397;2618.721;897.616;1163.874;3599.686;2183.090;2746.558;1949.928;3038.124;2443.612;3599.819;452.728;919.010;1482.624;1808.884;2794.132;3325.095;2321.434;3599.427;2766.303;262.262;2160.582;2211.854;2788.521;3226.733;489.497;383.259;2935.220;-0.039;3474.043,1349.624;3600.239;3599.871;465.688;3599.798;2808.212;488.614;2719.138;3600.374;2896.861;0.364;1931.043;1336.908;-0.191;3599.635;3150.345;595.421;2401.114;1845.514;1290.689;1838.608;1923.125;3397.836;0.317;2461.504;1965.584;186.358;371.925;2518.060;3319.221;-0.297;1562.382;3587.626;1697.445;1068.739;949.724;0.437;250.179;2348.599;2209.366;2120.303;1051.818;3412.432;3599.136;2214.996;2753.687;2897.650;1254.575;801.336;808.242;731.871;1643.525;0.692;1262.739;2197.599;1525.875;2087.375;2608.485;3211.459;1157.786;607.585;1628.392;2599.075;306.962;417.017;1071.961;845.124;1776.047;2333.397;1133.923;3599.984;2876.586;2127.075;1370.911;0.415;2508.277;2602.379;-0.165;3084.134;3270.088;2158.520;2850.040;3216.532;3397.355;1395.588;10.917;888.626;183.056;1634.475;1849.025;3125.798;3028.417;874.791;3600.079;257.520;1671.457;351.381;688.441;1.838;628.355
406,737.2228670120239,405,-562.0901899439643,562.0901899439643,0.006998039715520354,3464.545;3598.774;3244.811;2114.377;427.517;-0.052;1323.836;1145.952;1394.997;1659.215;2415.636;1963.293;2994.455;3232.610;2307.775;1570.487;787.034;3598.781;1009.920;558.110;0.611;3599.494;93.698;1006.805;0.224;459.476;1411.307;3599.245;700.483;3600.291;271.763;1096.056;841.610;3250.929;3599.966;681.548;1470.846;895.037;2885.782;2343.805;-0.107;2741.191;2871.512;0.369;1357.402;3201.401;3599.600;2368.463;1.897;1691.262;385.618;2128.232;586.005;0.044;1857.717;0.017;3039.424;3599.993;3411.619;1227.065;2377.380;2551.037;1748.526;1798.493;-0.040;1.179;1269.821;1568.681;423.682;1991.730;1924.846;2618.164;897.038;1164.163;3600.063;2182.563;2746.209;1949.617;3038.681;2443.974;3599.881;452.838;919.317;1482.117;1808.352;2793.593;3324.542;2321.829;3598.939;2766.507;262.800;2161.025;2212.229;2787.933;3226.237;489.211;382.746;2935.688;0.012;3474.627,1349.055;3599.794;3600.130;465.384;3599.811;2808.056;488.143;2718.597;3599.811;2897.446;0.081;1931.597;1337.354;0.366;3600.133;3150.382;594.936;2401.310;1846.084;1291.192;1838.796;1923.064;3398.401;0.750;2461.153;1965.001;185.791;372.497;2517.893;3318.811;0.228;1561.890;3587.235;1697.079;1068.324;949.227;0.073;250.614;2348.025;2208.886;2120.854;1052.353;3412.993;3599.550;2214.512;2753.524;2898.209;1255.095;801.116;807.908;732.403;1643.942;0.393;1262.167;2197.025;1525.312;2087.836;2608.991;3211.748;1158.286;607.122;1628.266;2598.491;307.423;417.327;1071.459;845.042;1775.718;2333.850;1133.402;3600.315;2876.659;2127.648;1371.432;-0.097;2508.804;2601.798;0.364;3083.583;3269.546;2158.964;2850.584;3216.162;3397.911;1396.057;10.958;888.949;182.483;1635.053;1849.388;3125.349;3028.808;874.211;3599.850;257.817;1670.878;351.665;688.864;1.610;628.021
407,739.0917775630951,406,-562.1017887426425,562.1017887426425,0.016331814061417413,3465.026;3599.306;3244.881;2114.873;427.727;0.333;1323.542;1145.614;1394.437;1658.703;2415.484;1963.353;2994.644;3232.078;2307.635;1569.923;786.844;3599.316;1009.364;558.521;0.441;3599.990;93.479;1006.321;-0.181;459.014;1411.726;3599.637;700.630;3599.835;272.282;1095.740;841.096;3250.697;3599.598;681.035;1471.349;895.495;2885.230;2343.793;0.248;2740.733;2872.066;-0.119;1357.256;3200.994;3599.995;2368.946;1.346;1690.784;386.126;2127.814;586.379;-0.532;1857.848;-0.005;3039.420;3599.833;3411.241;1227.326;2377.158;2550.534;1747.957;1798.723;-0.438;1.696;1269.433;1568.613;424.134;1992.289;1925.372;2618.652;897.315;1164.670;3600.413;2182.841;2746.687;1949.221;3038.464;2444.416;3599.733;452.951;919.851;1482.398;1808.431;2794.137;3325.012;2322.174;3599.326;2767.072;263.145;2161.518;2211.783;2787.733;3226.755;488.669;382.247;2935.140;-0.545;3475.050,1348.748;3599.703;3599.637;464.893;3599.609;2808.619;488.409;2718.672;3599.768;2897.010;0.447;1931.789;1337.059;0.943;3599.611;3149.840;595.417;2400.767;1846.590;1290.716;1838.267;1923.563;3398.151;0.221;2461.569;1965.092;185.568;372.818;2517.516;3318.291;0.015;1561.597;3587.562;1696.529;1068.372;949.667;-0.463;250.609;2348.569;2208.450;2121.295;1052.039;3413.296;3600.015;2214.917;2754.076;2898.027;1255.671;800.559;808.337;732.698;1644.485;-0.046;1262.704;2197.522;1525.711;2087.529;2608.690;3211.912;1157.799;606.634;1628.761;2598.092;307.837;416.777;1071.764;844.696;1775.154;2333.487;1133.210;3599.763;2876.835;2127.401;1371.528;0.112;2508.452;2601.931;0.218;3083.610;3269.124;2159.239;2850.171;3216.687;3398.260;1395.537;10.457;888.405;182.741;1635.181;1848.935;3124.975;3029.365;873.881;3600.376;257.270;1670.798;351.688;689.433;2.005;627.456
408,740.7886929512024,407,-562.0973058400933,562.0973058400933,0.018745871647928302,3465.438;3598.918;3245.314;2114.491;428.284;-0.185;1323.240;1145.130;1394.918;1658.761;2415.810;1962.876;2994.214;3232.564;2307.683;1570.394;787.394;3599.868;1008.928;559.082;0.277;3600.556;92.927;1005.760;0.245;459.364;1411.538;3599.174;701.171;3600.332;271.948;1096.031;841.352;3250.285;3600.113;680.570;1470.820;896.009;2885.497;2344.344;-0.215;2740.595;2872.118;0.347;1356.702;3200.443;3600.541;2369.510;1.874;1690.768;385.611;2128.288;586.026;-0.002;1857.340;-0.410;3039.366;3599.545;3410.685;1226.774;2377.595;2550.513;1747.387;1799.268;0.110;1.236;1269.100;1568.711;424.276;1992.093;1925.515;2619.198;897.849;1164.326;3599.862;2182.947;2747.089;1949.262;3038.570;2444.304;3599.189;452.429;920.329;1482.952;1807.967;2794.674;3324.556;2322.249;3599.880;2766.585;262.594;2160.978;2211.433;2788.084;3226.310;488.461;382.761;2935.505;-0.016;3474.580,1348.340;3599.405;3599.962;464.326;3599.078;2808.835;488.131;2718.599;3599.520;2896.520;0.544;1931.301;1337.590;1.017;3599.108;3149.275;595.983;2400.198;1846.640;1290.154;1837.700;1923.378;3397.687;-0.309;2461.259;1965.630;185.068;373.316;2517.905;3317.730;-0.341;1562.116;3588.064;1695.984;1067.827;949.459;0.078;250.152;2349.013;2207.886;2120.879;1051.494;3413.278;3600.569;2215.480;2754.386;2898.502;1256.226;800.060;808.619;733.227;1644.020;-0.279;1263.272;2198.012;1525.652;2087.025;2609.207;3212.462;1157.926;606.111;1628.289;2597.539;308.364;416.208;1071.301;845.161;1774.616;2334.010;1133.428;3600.105;2877.392;2127.288;1372.076;-0.421;2508.377;2602.385;0.721;3083.470;3268.568;2159.414;2849.688;3216.760;3398.816;1394.977;10.006;888.679;182.239;1635.274;1849.064;3125.514;3029.543;873.451;3599.829;256.919;1671.347;351.196;689.462;2.568;627.941
409,742.6250739097595,408,-562.1023616951585,562.1023616951585,0.007981105476275181,3464.944;3599.395;3245.869;2114.659;427.870;0.293;1322.693;1145.612;1394.446;1659.293;2416.362;1962.319;2994.024;3232.234;2307.216;1570.260;787.311;3599.402;1008.385;558.652;-0.260;3600.066;92.741;1006.153;-0.012;458.848;1411.914;3599.056;701.731;3599.869;272.414;1096.216;840.983;3249.735;3599.661;680.921;1470.924;895.810;2884.975;2344.138;0.300;2740.998;2872.661;-0.147;1356.196;3199.957;3599.999;2369.182;1.479;1691.308;385.882;2127.827;586.565;0.382;1857.742;0.114;3039.910;3600.089;3410.189;1226.558;2378.148;2551.055;1747.019;1799.593;-0.019;0.716;1269.440;1569.153;424.036;1992.629;1925.103;2618.741;897.420;1163.803;3600.187;2183.492;2747.641;1949.735;3038.800;2444.847;3599.240;452.461;920.605;1482.694;1808.472;2794.956;3324.893;2321.722;3600.429;2766.646;262.686;2160.697;2210.882;2787.781;3226.336;487.917;382.551;2935.248;-0.001;3475.086,1348.861;3599.928;3599.872;464.599;3598.570;2809.197;488.667;2718.129;3599.838;2896.607;0.076;1931.738;1337.671;0.492;3599.589;3149.150;595.510;2399.696;1846.111;1290.560;1837.908;1922.830;3398.159;0.210;2461.792;1965.368;185.460;373.854;2517.422;3318.129;0.197;1562.653;3588.622;1695.424;1067.647;948.918;0.096;249.614;2348.707;2207.827;2121.400;1051.873;3413.116;3600.033;2215.176;2754.938;2898.677;1256.490;799.552;809.170;733.783;1643.568;0.267;1262.943;2198.557;1525.132;2087.191;2608.711;3212.594;1157.507;605.576;1628.465;2597.200;308.592;415.784;1071.785;844.660;1774.773;2333.555;1132.917;3599.733;2877.200;2127.809;1371.908;0.096;2508.884;2602.119;0.241;3083.048;3268.044;2158.877;2849.877;3216.225;3398.647;1394.831;9.464;888.378;181.951;1635.814;1849.610;3125.404;3030.091;873.557;3599.795;256.378;1670.897;351.728;688.934;2.118;628.477
410,744.4763007164001,409,-562.1114306803438,562.1114306803438,0.014330651187906447,3464.396;3599.942;3245.410;2115.157;427.330;0.568;1322.167;1145.118;1394.544;1659.824;2415.863;1962.816;2993.523;3231.746;2307.563;1570.735;786.801;3599.891;1007.873;558.934;0.263;3599.828;93.255;1006.071;0.484;459.280;1412.457;3599.566;701.654;3599.830;272.961;1095.695;840.458;3250.057;3599.144;680.648;1470.475;896.329;2885.078;2343.600;0.205;2741.541;2872.916;0.356;1355.653;3199.561;3599.775;2368.640;1.046;1691.212;386.414;2127.387;586.607;-0.082;1857.375;0.067;3039.723;3599.628;3410.391;1226.708;2377.903;2551.599;1747.442;1800.136;0.360;1.202;1268.925;1569.699;424.543;1992.140;1924.558;2618.512;896.892;1163.398;3599.702;2183.615;2748.190;1950.280;3039.341;2444.501;3599.438;451.925;921.134;1482.155;1809.021;2794.540;3325.436;2322.219;3599.915;2766.199;262.548;2160.835;2210.976;2788.314;3225.818;487.383;382.013;2935.685;-0.484;3475.063,1349.370;3600.320;3600.404;465.140;3599.093;2808.747;488.945;2718.636;3600.381;2896.963;-0.468;1932.284;1338.027;-0.044;3599.473;3148.786;595.886;2400.181;1846.624;1290.510;1838.087;1922.962;3397.839;0.196;2461.599;1964.895;185.248;373.357;2517.808;3318.672;-0.161;1562.370;3588.335;1695.909;1068.160;948.858;0.061;249.393;2348.166;2208.349;2121.013;1051.894;3412.589;3599.974;2214.760;2754.544;2898.184;1256.059;800.064;808.825;733.318;1643.021;0.034;1262.492;2198.598;1525.631;2086.655;2608.542;3212.243;1158.011;605.030;1628.026;2597.544;308.073;416.282;1072.303;844.937;1774.304;2333.611;1133.224;3600.127;2877.672;2128.121;1371.388;0.244;2509.354;2602.629;-0.304;3082.549;3268.258;2159.263;2850.389;3216.130;3398.144;1394.872;8.917;888.533;182.475;1635.355;1849.853;3125.259;3029.741;874.088;3600.176;256.813;1670.994;351.456;689.007;1.861;627.971
411,746.3488359451294,410,-562.1036173448498,562.1036173448498,0.013887758821997631,3463.937;3600.477;3245.858;2114.745;427.435;1.094;1321.625;1144.598;1394.018;1659.461;2416.319;1963.233;2993.834;3231.208;2308.090;1571.274;786.585;3599.769;1007.332;558.447;-0.053;3599.758;93.791;1006.597;0.290;459.521;1412.711;3600.107;702.126;3599.338;273.497;1096.168;839.917;3249.568;3598.837;680.141;1470.980;896.857;2884.850;2343.264;0.399;2742.080;2873.448;-0.075;1355.875;3199.613;3600.181;2368.270;0.510;1690.690;386.848;2126.856;587.132;0.343;1857.032;0.416;3040.134;3600.043;3409.878;1227.238;2378.405;2551.858;1746.997;1800.627;-0.061;0.730;1268.852;1569.427;425.081;1992.527;1924.029;2617.981;896.352;1162.861;3599.388;2183.561;2748.176;1950.579;3039.873;2444.986;3598.923;452.292;921.674;1482.548;1809.466;2794.305;3325.691;2321.745;3599.913;2766.370;263.030;2161.363;2210.457;2787.839;3226.335;486.844;381.480;2935.229;-0.016;3475.548,1349.900;3599.799;3599.921;464.853;3599.555;2809.162;488.493;2719.156;3599.881;2897.492;0.015;1932.510;1338.528;-0.572;3599.902;3148.857;595.439;2399.729;1846.244;1289.999;1838.614;1922.510;3398.331;-0.227;2461.902;1964.358;185.773;372.858;2517.338;3319.006;0.275;1562.850;3587.854;1695.602;1067.836;948.336;-0.458;249.904;2347.630;2208.591;2121.461;1052.423;3413.042;3600.256;2215.179;2754.897;2898.246;1255.524;799.678;809.309;733.572;1642.583;-0.102;1262.937;2199.091;1526.167;2086.977;2608.095;3211.722;1158.551;605.210;1627.507;2597.041;307.623;415.928;1071.840;844.546;1773.883;2333.924;1132.793;3599.768;2878.083;2127.619;1371.825;-0.154;2509.034;2602.455;0.117;3082.029;3268.789;2159.657;2850.930;3215.675;3397.631;1395.248;9.021;888.013;182.357;1634.960;1849.661;3124.742;3029.889;874.618;3599.682;257.213;1670.536;351.909;688.520;1.364;628.444
412,748.044356584549,411,-562.1062064990144,562.1062064990144,0.012278280606527312,3463.932;3600.045;3246.339;2115.186;427.032;1.104;1321.796;1144.681;1393.849;1659.209;2416.357;1963.595;2994.359;3230.935;2307.706;1571.060;786.093;3600.092;1007.064;558.341;-0.201;3599.543;93.655;1007.013;-0.220;459.089;1412.292;3600.393;701.675;3599.300;273.547;1096.679;840.190;3249.916;3598.442;679.615;1471.131;896.387;2884.337;2343.680;0.476;2742.231;2873.603;-0.129;1355.433;3200.130;3599.798;2368.367;0.186;1691.150;387.242;2126.324;587.634;-0.042;1856.515;0.007;3040.230;3599.688;3410.219;1227.269;2378.466;2552.314;1746.479;1800.385;0.092;1.129;1269.260;1569.265;425.602;1992.721;1923.616;2617.933;896.660;1162.381;3599.858;2184.034;2747.883;1950.916;3039.558;2444.699;3599.324;452.362;921.251;1482.612;1809.846;2794.817;3326.177;2321.796;3600.297;2766.857;263.221;2161.857;2209.951;2787.659;3226.334;486.593;381.334;2934.700;-0.278;3475.775,1350.042;3599.342;3600.080;464.330;3600.085;2808.648;488.861;2719.681;3600.149;2898.022;-0.078;1932.669;1339.056;-0.062;3600.417;3148.338;595.876;2399.739;1845.717;1289.467;1839.147;1923.018;3397.958;0.238;2461.404;1963.883;186.277;372.344;2517.847;3319.530;0.205;1562.415;3587.325;1696.083;1068.318;948.728;0.032;250.404;2347.119;2209.109;2121.956;1052.700;3412.597;3600.032;2215.706;2755.420;2897.728;1254.991;800.141;808.823;733.070;1643.095;0.079;1262.695;2199.081;1526.697;2086.519;2607.568;3211.193;1158.704;605.708;1626.980;2597.546;307.899;416.317;1072.200;845.056;1774.332;2333.417;1133.290;3599.561;2877.640;2127.088;1372.355;-0.089;2508.510;2602.969;-0.308;3082.536;3269.317;2160.180;2851.462;3216.187;3397.101;1395.769;9.540;887.483;181.880;1634.434;1849.139;3124.211;3029.403;875.147;3599.610;257.695;1670.007;351.406;689.022;1.829;628.286
413,749.8804078102112,412,-562.1025998605014,562.1025998605014,0.015070864830909034,3463.482;3599.833;3245.878;2114.798;426.515;0.633;1321.568;1144.353;1393.349;1659.701;2416.837;1964.101;2994.874;3231.151;2307.189;1571.547;785.591;3599.592;1007.211;557.842;0.298;3599.837;94.155;1007.533;0.280;458.661;1411.774;3599.887;701.346;3599.063;273.767;1097.198;840.690;3250.360;3598.899;679.767;1471.565;895.914;2884.795;2343.236;0.954;2742.706;2874.093;-0.503;1355.827;3200.130;3599.714;2367.876;-0.319;1690.936;387.682;2126.263;588.042;0.402;1855.992;-0.446;3039.834;3600.147;3410.720;1226.857;2378.010;2551.905;1746.004;1799.888;-0.276;0.718;1269.779;1569.714;425.154;1993.224;1923.101;2617.506;896.202;1161.861;3600.334;2184.543;2748.381;1951.433;3039.926;2445.181;3599.777;452.869;920.781;1483.072;1810.318;2795.302;3326.516;2321.298;3599.809;2767.330;263.721;2161.679;2209.813;2787.160;3225.944;487.056;381.041;2934.948;0.181;3475.328,1350.543;3599.653;3600.370;464.129;3600.151;2808.940;488.430;2720.177;3599.720;2898.422;0.301;1933.181;1338.799;0.162;3599.911;3148.399;596.093;2399.286;1846.070;1289.588;1838.908;1923.234;3398.137;0.099;2461.605;1963.808;185.852;372.814;2517.608;3320.050;-0.225;1562.021;3587.171;1696.519;1068.802;949.059;0.066;250.789;2346.725;2209.559;2121.617;1052.798;3413.030;3599.523;2215.637;2755.444;2898.132;1255.322;800.628;808.922;732.743;1643.093;-0.416;1262.280;2198.611;1526.465;2086.584;2607.778;3210.935;1159.183;606.231;1627.013;2597.449;308.127;416.818;1071.972;845.440;1773.834;2333.161;1133.643;3600.042;2877.159;2127.338;1372.278;0.393;2508.346;2602.622;0.142;3082.269;3269.098;2159.989;2851.304;3216.065;3397.153;1396.290;9.744;887.400;182.256;1633.995;1848.827;3124.405;3029.813;874.766;3599.212;257.204;1670.238;350.900;688.885;1.778;628.015
414,751.7408139705658,413,-562.0926997477104,562.0926997477104,0.008584784854270715,3463.945;3600.250;3246.044;2115.216;426.379;0.126;1321.063;1144.811;1392.837;1659.228;2417.351;1964.274;2995.387;3230.663;2306.693;1571.252;785.154;3599.224;1006.732;557.326;0.112;3599.343;94.644;1008.035;0.418;459.114;1412.264;3600.080;700.885;3598.560;274.243;1097.656;841.181;3249.958;3599.385;679.851;1471.076;895.929;2884.398;2342.785;1.459;2743.178;2874.598;-0.011;1356.338;3200.630;3600.188;2368.233;0.146;1691.390;387.222;2125.858;588.427;0.874;1855.487;0.051;3040.327;3600.354;3410.370;1227.336;2377.501;2551.394;1746.436;1799.856;0.218;0.219;1269.667;1570.225;425.513;1993.739;1923.488;2617.017;895.723;1161.582;3599.855;2185.028;2748.893;1951.543;3039.705;2445.696;3600.276;453.363;921.135;1483.580;1809.836;2795.782;3326.083;2320.797;3599.405;2767.839;264.227;2162.092;2209.316;2786.647;3226.416;486.672;380.758;2934.507;-0.061;3475.720,1350.772;3599.933;3599.874;463.665;3599.689;2809.284;488.898;2719.743;3599.602;2898.932;0.296;1933.696;1338.301;0.070;3599.935;3148.886;595.631;2398.797;1846.228;1290.068;1839.248;1922.973;3398.609;-0.251;2462.100;1963.307;185.585;373.224;2517.865;3320.559;0.260;1562.489;3587.189;1696.368;1069.296;948.576;0.174;250.295;2346.219;2210.036;2122.057;1053.300;3413.541;3599.245;2215.221;2754.995;2898.640;1255.574;801.092;809.317;732.714;1642.742;0.076;1262.529;2199.091;1526.061;2086.890;2608.253;3210.532;1159.685;606.722;1627.443;2597.072;307.660;417.073;1071.476;845.050;1773.336;2332.658;1133.244;3599.589;2876.646;2127.842;1371.939;0.598;2508.790;2602.119;0.085;3081.828;3268.606;2159.616;2851.421;3215.593;3397.649;1396.799;9.883;887.044;181.780;1633.789;1849.075;3124.516;3030.285;874.306;3598.917;256.738;1669.763;350.523;688.441;1.627;628.491
415,753.623265504837,414,-562.102866385713,562.102866385713,0.012860890997170879,3464.384;3599.816;3246.461;2115.720;426.036;0.506;1320.646;1144.345;1393.011;1658.907;2417.277;1964.751;2995.012;3230.301;2306.615;1571.677;784.732;3599.598;1006.240;557.279;0.114;3599.559;94.461;1007.772;-0.000;459.589;1412.531;3599.782;701.279;3599.016;274.744;1097.936;841.662;3250.388;3598.983;679.408;1470.686;896.420;2884.340;2342.314;0.995;2743.683;2874.556;0.025;1356.415;3200.190;3599.724;2368.699;0.277;1691.889;386.792;2125.356;587.957;0.470;1855.303;-0.096;3040.795;3599.865;3410.498;1227.474;2376.995;2551.235;1746.902;1800.349;-0.034;0.483;1269.199;1570.729;425.804;1993.476;1923.554;2617.491;895.307;1161.420;3599.907;2185.533;2749.269;1951.060;3039.209;2445.974;3599.788;453.114;921.417;1483.152;1809.332;2796.285;3325.702;2321.143;3599.759;2768.313;263.753;2161.701;2208.853;2786.929;3226.660;486.407;381.244;2934.017;-0.504;3476.222,1351.139;3600.431;3599.540;463.294;3599.678;2808.841;488.481;2720.123;3599.661;2899.094;-0.190;1933.822;1338.607;-0.365;3600.344;3149.360;596.065;2398.599;1845.758;1289.801;1839.718;1923.353;3399.071;0.239;2462.585;1963.582;185.970;372.765;2518.357;3320.918;0.093;1562.893;3587.680;1696.821;1069.645;948.851;0.353;249.797;2345.755;2210.534;2122.366;1053.342;3413.307;3598.773;2214.776;2754.533;2898.376;1255.108;801.594;809.473;732.232;1642.244;0.441;1263.027;2199.593;1526.501;2086.410;2608.669;3210.066;1159.378;606.882;1627.853;2597.487;307.190;417.571;1071.442;844.548;1773.649;2332.207;1133.703;3599.095;2877.045;2127.727;1372.293;1.094;2508.438;2602.385;-0.313;3082.210;3268.682;2159.836;2851.900;3215.603;3397.375;1397.146;9.401;886.620;181.341;1633.295;1849.336;3124.958;3029.874;874.682;3599.166;257.081;1669.504;350.143;688.009;1.131;628.800
416,755.3272862434387,415,-562.1017725320243,562.1017725320243,0.00935238589090506,3464.878;3599.476;3246.206;2115.569;425.588;0.054;1320.900;1144.203;1393.423;1658.420;2416.843;1965.240;2995.186;3229.902;2306.741;1571.376;785.211;3600.078;1006.542;557.584;-0.365;3600.047;94.059;1007.297;-0.296;460.071;1412.941;3599.410;701.509;3599.475;274.457;1098.006;841.295;3250.881;3598.514;678.914;1470.476;896.515;2883.854;2342.649;0.779;2743.429;2874.080;0.234;1356.881;3200.557;3599.687;2369.003;-0.176;1691.720;386.297;2124.860;587.808;0.144;1855.765;0.278;3040.999;3599.551;3410.964;1227.320;2376.544;2550.748;1746.506;1800.772;-0.279;0.958;1268.781;1570.272;426.030;1993.805;1923.940;2617.942;895.226;1161.109;3600.289;2186.020;2749.757;1950.626;3039.636;2445.768;3599.633;453.561;921.873;1482.664;1808.967;2796.771;3326.125;2321.529;3599.295;2768.793;264.009;2161.209;2209.259;2787.360;3226.446;485.940;381.623;2933.573;-0.030;3476.710,1350.658;3600.072;3599.400;463.022;3599.521;2809.089;487.986;2719.953;3599.269;2898.674;0.169;1934.155;1338.828;0.111;3599.886;3149.857;596.547;2398.118;1845.535;1290.192;1839.303;1923.198;3399.427;0.150;2462.698;1964.068;185.561;372.395;2518.848;3320.658;0.009;1563.379;3588.156;1697.317;1069.205;949.195;-0.117;249.709;2346.039;2211.027;2122.607;1053.298;3413.227;3598.319;2214.286;2754.037;2898.593;1255.196;802.081;809.960;731.736;1641.787;0.538;1263.472;2200.034;1526.176;2086.272;2609.142;3210.525;1158.886;606.499;1628.330;2597.163;307.671;418.006;1071.923;844.070;1773.442;2332.351;1133.312;3598.612;2877.539;2127.539;1371.937;1.560;2507.994;2602.707;0.162;3082.078;3268.457;2159.397;2851.759;3215.283;3397.825;1396.810;9.741;886.967;180.866;1633.416;1848.858;3124.524;3029.386;874.399;3599.655;256.654;1669.926;349.682;688.111;0.676;628.646
417,757.185439825058,416,-562.1078831708062,562.1078831708062,0.009689510705933586,3465.122;3599.928;3245.728;2116.038;426.001;0.456;1320.518;1144.655;1393.906;1658.144;2416.358;1965.653;2994.731;3229.420;2307.196;1571.651;785.069;3600.065;1006.757;558.055;0.100;3600.122;93.582;1006.820;0.178;460.028;1413.417;3599.012;701.037;3599.669;274.188;1097.537;840.816;3251.347;3598.025;679.202;1470.856;896.975;2883.623;2342.196;0.300;2743.859;2873.636;0.693;1357.144;3200.176;3600.108;2368.538;0.287;1692.056;386.402;2124.380;587.334;-0.199;1856.181;-0.082;3040.643;3599.689;3411.435;1227.781;2376.094;2551.039;1746.190;1801.103;0.193;0.499;1268.344;1570.019;425.579;1994.219;1924.418;2618.333;895.180;1161.525;3599.826;2185.678;2749.761;1950.160;3039.245;2445.857;3599.657;454.032;922.359;1482.178;1808.488;2796.897;3326.612;2322.013;3598.956;2769.279;263.563;2161.537;2209.037;2787.813;3226.894;485.905;381.727;2933.124;-0.082;3477.152,1351.013;3600.209;3599.423;463.473;3599.986;2808.835;487.503;2719.509;3599.730;2899.030;-0.253;1934.639;1338.380;0.062;3599.922;3149.714;597.030;2398.562;1845.987;1290.677;1839.112;1923.660;3398.979;-0.256;2463.145;1963.866;185.080;372.445;2519.219;3321.086;-0.443;1562.968;3587.883;1697.797;1069.653;949.658;0.321;250.109;2346.265;2210.907;2122.182;1052.837;3413.688;3597.885;2213.800;2753.571;2898.892;1255.638;802.571;809.578;731.301;1641.454;0.156;1263.079;2199.678;1525.706;2085.797;2609.631;3210.105;1158.444;606.640;1628.814;2597.469;307.802;418.493;1071.515;843.617;1772.993;2331.883;1133.766;3598.876;2877.891;2128.005;1371.541;1.516;2507.509;2602.396;0.102;3082.396;3267.977;2159.804;2852.186;3215.745;3398.064;1397.268;10.175;886.573;181.263;1632.961;1848.627;3124.745;3029.115;873.926;3600.144;257.019;1669.987;349.193;688.575;0.281;628.167
418,759.0638456344604,417,-562.1107246103725,562.1107246103725,0.011631690694646955,3465.518;3600.304;3245.923;2116.083;425.614;0.406;1320.812;1144.369;1394.061;1658.531;2416.284;1965.420;2994.897;3229.021;2307.677;1572.105;784.627;3599.601;1006.294;558.528;0.163;3599.747;93.772;1006.947;0.258;459.564;1413.102;3599.403;700.621;3599.314;274.345;1097.530;840.693;3250.994;3597.924;678.932;1471.330;897.339;2883.806;2342.376;0.128;2744.020;2873.571;0.415;1356.768;3200.207;3599.686;2368.246;0.298;1692.129;386.858;2123.954;587.319;0.260;1856.288;0.092;3041.099;3599.964;3411.915;1228.205;2375.643;2550.819;1745.727;1801.499;0.110;0.308;1267.865;1570.343;425.099;1994.660;1923.975;2618.629;895.087;1161.078;3599.915;2186.053;2749.917;1949.803;3039.366;2446.275;3599.208;454.512;922.267;1481.860;1808.800;2797.344;3326.960;2322.133;3599.087;2769.662;263.332;2161.954;2209.341;2788.259;3227.129;485.439;381.786;2932.919;-0.371;3477.363,1351.119;3599.752;3599.889;463.129;3600.465;2808.362;487.833;2719.852;3600.209;2899.479;0.151;1935.066;1337.917;-0.236;3599.979;3149.249;596.655;2398.834;1846.430;1290.514;1839.441;1923.562;3398.498;0.184;2463.625;1963.473;185.069;372.830;2519.543;3321.310;0.019;1562.738;3587.412;1697.980;1070.076;950.113;0.363;249.914;2346.634;2211.058;2122.491;1053.242;3413.742;3598.316;2214.233;2753.920;2898.438;1255.190;802.826;809.141;731.468;1641.894;-0.227;1262.606;2199.218;1525.318;2085.840;2609.251;3209.678;1158.849;606.179;1628.537;2597.942;307.476;418.775;1071.315;844.042;1772.641;2331.417;1133.494;3599.336;2877.452;2127.652;1372.000;1.049;2507.051;2602.002;-0.293;3082.872;3268.362;2159.710;2852.666;3216.134;3397.647;1397.741;10.651;886.106;181.557;1632.616;1848.795;3124.315;3029.572;874.262;3599.771;257.469;1669.548;348.721;688.720;0.599;627.822
419,760.7649943828583,418,-562.1161398586323,562.1161398586323,0.008860369533784471,3465.980;3599.861;3245.477;2116.503;425.160;0.761;1320.684;1143.929;1393.741;1658.887;2415.849;1965.876;2995.351;3229.438;2307.293;1572.545;784.403;3600.007;1006.637;558.556;-0.061;3600.184;93.411;1006.531;0.054;459.116;1412.663;3599.868;700.191;3599.770;273.889;1097.398;840.237;3250.753;3598.354;678.475;1471.797;897.242;2883.806;2342.644;-0.336;2743.568;2873.962;-0.034;1356.298;3199.974;3600.060;2368.694;0.383;1691.704;387.318;2124.196;587.767;0.269;1856.729;-0.308;3040.708;3599.544;3412.000;1228.670;2376.003;2550.478;1745.295;1801.069;-0.180;0.004;1267.651;1569.895;425.485;1994.312;1924.344;2618.200;894.631;1160.969;3600.132;2185.799;2749.560;1950.118;3039.670;2445.833;3599.081;454.111;922.505;1481.986;1808.804;2797.125;3327.381;2322.583;3599.524;2769.260;263.738;2161.520;2208.937;2787.995;3226.697;485.719;381.396;2933.351;0.076;3476.934,1351.579;3600.108;3599.486;463.336;3600.060;2808.066;487.602;2719.726;3599.781;2899.121;-0.205;1934.661;1338.016;0.182;3600.190;3149.072;597.063;2399.300;1846.604;1290.348;1839.909;1924.023;3398.071;0.409;2463.210;1963.373;184.618;372.378;2520.011;3321.774;0.047;1562.274;3587.054;1698.423;1069.806;950.586;-0.058;250.368;2346.192;2211.517;2122.303;1052.792;3414.202;3597.898;2214.360;2754.052;2898.354;1255.566;803.232;808.669;731.022;1642.278;0.222;1262.179;2198.771;1525.762;2085.381;2609.481;3209.212;1158.505;606.584;1628.085;2598.366;307.028;419.142;1071.611;843.953;1772.172;2331.704;1133.937;3598.976;2877.685;2127.191;1371.599;1.345;2506.624;2602.450;0.154;3083.332;3268.310;2160.168;2853.140;3216.604;3398.074;1398.073;11.108;885.926;181.214;1632.977;1848.338;3124.666;3029.193;874.094;3599.719;257.933;1669.974;348.279;689.184;0.155;627.409
420,762.6083006858826,419,-562.1109634730672,562.1109634730672,0.012738601922224747,3465.989;3600.131;3245.840;2116.885;424.695;0.561;1321.105;1144.207;1393.286;1659.265;2415.753;1966.342;2995.816;3229.017;2306.913;1572.370;783.952;3600.451;1006.331;558.237;0.017;3599.784;93.791;1006.880;-0.226;458.655;1412.207;3600.334;699.787;3600.088;273.433;1096.997;839.773;3250.300;3598.071;678.570;1472.262;897.577;2883.956;2342.198;0.079;2743.170;2874.000;0.373;1356.075;3200.205;3599.740;2369.007;-0.006;1691.246;387.784;2123.779;588.014;0.630;1856.306;0.132;3040.347;3599.090;3412.437;1229.028;2375.567;2550.018;1745.726;1801.276;0.259;-0.439;1267.216;1570.211;425.598;1994.724;1924.767;2617.739;894.167;1160.516;3599.690;2186.237;2750.011;1950.527;3039.981;2445.389;3599.439;454.302;922.950;1481.542;1809.242;2796.681;3327.843;2322.977;3599.455;2769.613;264.182;2161.667;2208.917;2788.409;3227.134;485.279;380.937;2932.943;-0.235;3476.470,1351.356;3600.256;3599.062;462.910;3599.922;2808.085;487.971;2719.274;3599.993;2899.472;0.134;1934.705;1337.574;0.361;3599.740;3148.735;597.093;2399.703;1847.052;1289.998;1840.230;1924.264;3397.614;0.781;2463.043;1962.944;184.677;372.030;2520.477;3322.209;-0.334;1562.662;3587.238;1697.988;1070.234;950.887;0.339;250.295;2346.491;2211.588;2122.755;1052.623;3414.236;3598.075;2214.503;2754.479;2897.919;1255.955;802.849;808.901;731.293;1642.713;0.045;1262.022;2199.109;1525.635;2085.387;2609.105;3209.392;1158.872;606.291;1628.381;2597.995;306.607;418.769;1071.210;843.633;1771.725;2331.277;1133.749;3598.586;2877.893;2127.115;1371.892;1.493;2506.989;2602.684;0.242;3082.977;3268.754;2160.047;2852.890;3216.849;3398.234;1397.671;10.704;885.470;180.800;1633.437;1848.233;3124.259;3029.374;874.237;3599.971;257.643;1669.748;348.312;689.474;-0.059;627.682
421,764.4723134040833,420,-562.1137202289972,562.1137202289972,0.015145263115303039,3466.430;3600.254;3246.295;2116.467;425.111;0.982;1321.557;1143.910;1393.094;1658.823;2415.311;1966.144;2996.092;3228.611;2307.349;1571.921;784.097;3600.023;1005.941;558.455;-0.408;3600.005;93.351;1006.461;0.216;458.198;1412.120;3599.913;700.219;3600.231;273.870;1096.652;839.315;3249.844;3597.622;678.132;1472.647;897.146;2883.510;2342.216;0.042;2742.903;2874.424;0.461;1355.684;3200.652;3600.122;2369.432;-0.392;1690.788;388.223;2123.323;588.464;0.323;1856.730;0.380;3039.899;3598.634;3412.006;1228.595;2375.958;2550.070;1745.371;1800.873;0.097;-0.003;1267.632;1569.785;425.997;1995.180;1925.182;2617.280;894.576;1160.169;3599.575;2186.315;2749.720;1950.095;3040.432;2444.931;3599.892;454.740;923.407;1481.912;1809.665;2796.223;3328.276;2323.432;3599.030;2769.705;264.621;2162.083;2208.474;2788.258;3227.543;484.894;380.481;2932.487;0.052;3476.766,1351.778;3599.833;3599.085;462.454;3599.952;2808.522;487.996;2718.868;3600.391;2899.049;-0.040;1934.262;1337.723;-0.065;3599.792;3149.100;597.183;2399.320;1846.706;1290.419;1840.660;1924.650;3397.608;0.632;2462.597;1962.499;185.009;371.613;2520.900;3322.654;0.084;1562.647;3586.832;1697.573;1070.049;951.006;-0.088;250.739;2346.097;2212.034;2123.213;1052.241;3414.646;3598.501;2214.940;2754.935;2898.167;1256.393;802.397;808.753;731.547;1643.170;-0.385;1261.683;2199.025;1525.852;2085.819;2608.704;3208.973;1158.647;606.391;1627.951;2597.541;306.987;418.315;1071.154;843.972;1771.283;2331.329;1133.959;3598.201;2878.070;2126.696;1371.496;1.621;2507.442;2603.109;0.443;3082.890;3269.212;2159.640;2853.096;3217.287;3398.663;1397.217;11.097;885.033;180.371;1633.892;1847.791;3123.805;3029.034;874.559;3600.421;257.198;1669.927;348.754;689.914;-0.461;628.084
422,766.1716890335083,421,-562.1193710064201,562.1193710064201,0.010803557520991167,3466.872;3599.831;3246.516;2116.027;425.429;0.805;1321.688;1144.302;1393.529;1658.400;2415.105;1965.706;2995.742;3228.285;2307.750;1571.487;784.537;3599.912;1005.504;558.897;0.024;3599.664;92.914;1006.118;0.314;457.789;1412.316;3599.800;700.665;3599.805;273.950;1096.864;839.008;3249.413;3597.975;677.733;1472.903;896.704;2883.067;2342.654;0.270;2743.201;2874.868;0.090;1355.236;3200.247;3600.324;2369.848;0.041;1691.146;388.180;2122.967;588.821;0.068;1857.158;0.426;3040.142;3598.803;3411.559;1228.273;2376.297;2550.501;1745.045;1801.245;-0.311;0.035;1267.397;1569.547;426.134;1995.542;1925.417;2617.527;895.023;1160.543;3599.974;2186.506;2749.308;1949.684;3040.265;2444.760;3600.272;455.119;923.828;1481.761;1809.241;2796.628;3327.897;2323.820;3599.311;2769.840;264.215;2162.378;2208.030;2787.929;3227.868;484.449;380.369;2932.162;-0.192;3477.205,1351.869;3599.586;3599.494;462.003;3600.136;2808.118;488.187;2719.264;3599.972;2898.708;-0.337;1934.021;1338.156;-0.203;3600.174;3149.546;596.759;2398.977;1846.260;1290.036;1841.104;1924.295;3397.171;0.194;2462.779;1962.852;185.453;371.926;2521.296;3322.429;0.324;1563.048;3586.995;1697.325;1069.616;950.594;-0.268;250.749;2345.836;2211.649;2123.615;1052.593;3414.229;3598.950;2215.388;2754.879;2897.995;1256.024;802.471;808.447;731.930;1643.493;0.038;1262.111;2198.963;1525.713;2086.253;2608.256;3209.186;1158.319;605.968;1627.504;2597.856;307.421;418.261;1070.717;844.404;1771.686;2331.109;1133.598;3598.614;2877.650;2126.259;1371.903;1.185;2507.123;2603.555;0.055;3083.291;3269.649;2159.649;2853.535;3217.603;3398.252;1397.221;11.357;885.004;180.779;1633.623;1848.117;3123.366;3029.043;875.002;3599.995;257.215;1669.497;348.488;689.566;-0.031;628.531
423,768.0050637722015,422,-562.1234641231724,562.1234641231724,0.010049001838181517,3467.297;3599.445;3246.930;2115.611;425.056;0.372;1321.791;1143.901;1393.851;1658.053;2415.413;1965.412;2996.123;3227.851;2308.184;1571.855;784.749;3599.580;1005.061;559.303;0.028;3600.011;92.507;1005.688;0.295;457.347;1411.892;3600.107;700.377;3600.138;273.551;1096.434;838.586;3249.001;3598.016;677.598;1473.339;896.975;2882.819;2343.044;0.389;2742.776;2874.459;0.367;1354.855;3200.635;3599.896;2370.049;-0.212;1690.744;387.978;2123.368;589.230;0.463;1857.542;0.061;3040.564;3599.236;3411.145;1227.893;2376.728;2550.201;1744.608;1801.668;0.106;-0.199;1267.064;1569.883;426.567;1995.919;1925.828;2617.140;895.465;1160.980;3600.404;2186.936;2749.260;1949.263;3040.128;2444.343;3599.854;454.752;924.241;1481.330;1809.163;2796.696;3327.706;2324.192;3599.161;2770.154;264.501;2162.809;2207.915;2788.344;3228.287;484.006;380.730;2932.250;0.224;3477.439,1351.503;3599.977;3599.840;461.614;3599.729;2808.453;488.621;2719.337;3600.187;2898.293;0.091;1933.617;1337.781;0.224;3599.783;3149.192;596.317;2399.277;1846.509;1289.705;1841.547;1923.877;3396.728;-0.200;2463.190;1962.437;185.445;371.534;2521.736;3322.001;0.331;1563.483;3587.429;1696.890;1069.926;950.161;0.149;250.800;2346.018;2211.812;2124.045;1052.400;3413.897;3599.337;2215.329;2755.305;2897.562;1256.234;802.045;808.869;732.367;1643.913;0.032;1261.964;2199.394;1526.122;2086.678;2607.832;3208.939;1158.108;606.347;1627.370;2597.461;307.037;417.838;1070.282;844.846;1771.413;2330.674;1133.188;3598.433;2877.210;2125.860;1372.287;1.076;2507.512;2603.232;-0.372;3083.732;3270.045;2159.273;2853.267;3217.641;3397.896;1396.829;10.943;884.577;181.220;1634.030;1848.531;3123.001;3029.469;874.707;3600.134;256.862;1669.079;348.534;689.360;0.074;628.963
424,769.8528914451599,423,-562.1307622997335,562.1307622997335,0.01401772746663386,3467.534;3599.137;3246.572;2115.239;424.628;0.049;1322.205;1143.554;1394.281;1658.075;2414.998;1965.603;2996.195;3228.216;2308.108;1571.835;784.825;3599.882;1005.381;558.957;-0.211;3600.420;92.081;1005.270;0.677;456.940;1412.187;3599.700;700.731;3600.555;273.583;1096.395;838.449;3248.573;3598.425;678.008;1473.384;897.357;2882.534;2342.783;-0.005;2742.514;2874.036;0.795;1355.235;3200.392;3599.706;2370.460;0.162;1690.567;388.304;2123.523;589.243;0.108;1857.959;-0.344;3040.207;3599.298;3410.812;1227.460;2376.993;2550.429;1744.238;1801.318;0.191;0.193;1267.414;1569.535;426.274;1996.350;1926.262;2616.745;895.507;1161.323;3600.001;2187.371;2749.542;1949.265;3040.497;2443.964;3599.997;454.319;924.553;1480.896;1809.299;2797.104;3327.987;2324.614;3599.569;2769.758;264.923;2162.451;2208.002;2788.775;3227.903;484.170;380.412;2931.863;0.479;3477.559,1351.085;3600.389;3599.444;461.983;3599.295;2808.766;488.333;2719.595;3599.852;2898.474;-0.072;1933.933;1337.867;0.104;3599.706;3149.553;595.937;2398.935;1846.244;1290.105;1841.937;1923.474;3396.883;0.207;2463.096;1962.483;185.819;371.232;2521.698;3321.946;-0.010;1563.676;3587.843;1696.860;1069.545;949.730;-0.035;251.161;2346.443;2211.411;2124.039;1052.065;3413.477;3599.704;2215.071;2755.414;2897.152;1256.460;801.803;809.294;732.636;1643.682;-0.112;1261.552;2199.094;1525.716;2087.070;2608.160;3209.351;1157.681;605.950;1627.027;2597.655;307.336;417.505;1069.893;844.519;1771.791;2330.719;1132.932;3598.671;2877.554;2125.544;1372.680;1.403;2507.944;2603.618;0.039;3083.438;3270.288;2158.844;2853.265;3217.245;3397.487;1396.942;10.676;884.902;181.653;1634.396;1848.898;3122.647;3029.089;874.318;3600.299;256.433;1669.085;348.958;688.939;-0.292;629.324
425,771.7221703529358,424,-562.1324507797102,562.1324507797102,0.011678221105017738,3467.167;3599.501;3246.221;2114.837;424.437;-0.293;1322.029;1143.469;1394.682;1658.471;2414.589;1965.975;2995.795;3228.430;2307.792;1572.169;784.464;3600.207;1005.327;559.220;0.185;3600.012;91.827;1005.203;0.332;457.241;1411.811;3599.568;701.123;3600.148;273.493;1096.742;838.839;3248.609;3598.323;678.344;1473.769;897.445;2882.931;2342.392;0.097;2742.897;2873.642;1.188;1355.393;3200.200;3599.360;2370.075;-0.098;1690.893;388.720;2123.219;588.834;-0.316;1858.024;0.067;3039.806;3599.672;3411.176;1227.544;2376.836;2550.849;1743.944;1801.700;0.137;0.565;1267.010;1569.878;425.985;1995.968;1925.872;2617.094;895.624;1161.051;3600.022;2187.645;2749.421;1949.678;3040.092;2443.539;3599.805;453.948;924.153;1480.531;1808.922;2796.767;3328.407;2325.010;3599.954;2769.334;264.582;2162.838;2208.419;2789.203;3227.597;484.048;380.697;2932.219;0.191;3477.946,1351.453;3599.992;3599.814;462.328;3599.332;2808.375;487.927;2720.015;3600.181;2898.715;-0.350;1934.356;1337.464;-0.226;3600.101;3149.930;595.653;2398.532;1845.833;1290.522;1842.249;1923.048;3397.092;-0.086;2463.495;1962.872;186.243;370.810;2521.423;3322.359;-0.434;1564.086;3588.259;1697.219;1069.452;949.338;0.237;250.786;2346.871;2211.609;2123.680;1051.661;3413.050;3599.970;2214.668;2755.017;2896.725;1256.051;802.144;809.663;732.446;1643.263;0.264;1261.125;2198.880;1525.586;2087.331;2608.223;3209.368;1157.254;605.865;1627.336;2598.059;307.151;417.867;1069.510;844.119;1772.215;2330.366;1132.539;3599.091;2877.496;2125.946;1372.902;1.788;2508.208;2604.038;-0.124;3083.774;3270.681;2158.458;2853.308;3216.950;3397.061;1397.350;10.909;885.286;182.035;1634.092;1849.317;3122.223;3028.763;874.714;3599.899;256.811;1668.697;349.348;688.512;0.024;629.025
426,773.4177894592285,425,-562.1276832551727,562.1276832551727,0.012319817059253356,3467.526;3599.133;3246.515;2114.417;424.026;-0.030;1322.353;1143.871;1395.018;1658.204;2414.236;1965.586;2996.182;3228.839;2308.180;1571.853;784.774;3599.805;1004.968;558.936;-0.027;3599.928;91.481;1005.560;0.100;456.942;1411.767;3599.186;701.411;3599.823;273.083;1097.155;839.255;3248.230;3598.643;678.751;1473.415;897.779;2882.801;2342.151;0.186;2743.295;2873.539;1.016;1355.775;3200.597;3598.982;2369.662;0.237;1690.548;388.328;2122.806;589.022;0.080;1857.769;-0.014;3040.135;3600.055;3411.547;1227.170;2376.704;2550.538;1743.530;1802.093;0.233;0.325;1267.113;1570.066;425.578;1996.019;1925.914;2617.482;896.023;1160.746;3600.406;2188.054;2749.020;1949.487;3039.708;2443.474;3600.098;453.579;923.751;1480.350;1809.297;2796.404;3328.757;2324.721;3600.373;2769.722;264.952;2162.626;2208.827;2789.445;3227.181;484.451;381.099;2932.593;0.480;3478.365,1351.754;3600.350;3600.229;462.590;3599.020;2808.663;487.620;2720.431;3599.825;2899.128;0.048;1934.758;1337.047;0.156;3600.091;3150.312;595.871;2398.122;1846.092;1290.942;1842.665;1922.660;3397.402;-0.280;2463.910;1962.488;186.251;370.480;2521.009;3322.466;-0.035;1563.713;3588.677;1697.636;1069.819;949.592;0.147;250.370;2346.489;2212.021;2123.265;1052.054;3412.993;3599.570;2214.251;2754.605;2896.643;1255.642;802.561;810.065;732.047;1642.842;0.558;1261.029;2199.273;1525.953;2087.643;2608.556;3208.994;1156.847;606.252;1627.751;2598.421;306.743;418.284;1069.664;843.700;1772.102;2330.109;1132.923;3598.722;2877.432;2126.364;1372.917;2.202;2507.825;2603.686;-0.224;3084.171;3270.772;2158.425;2853.717;3216.547;3396.732;1397.770;10.637;885.536;182.448;1633.676;1849.027;3121.803;3028.380;874.702;3600.022;257.165;1668.290;349.009;688.292;-0.368;629.226
427,775.2659642696381,426,-562.1274912257584,562.1274912257584,0.007506774034728698,3467.194;3599.449;3246.875;2114.132;423.828;0.373;1322.736;1144.283;1395.307;1657.797;2414.618;1965.174;2995.983;3228.837;2307.873;1572.162;784.410;3599.675;1005.353;559.223;0.258;3599.899;91.071;1005.970;-0.307;457.289;1412.166;3599.515;701.817;3599.992;273.366;1096.908;839.669;3248.227;3599.050;679.161;1473.006;897.379;2883.126;2342.543;0.484;2743.467;2873.152;0.615;1355.386;3200.971;3599.292;2369.616;0.022;1690.943;388.560;2123.161;589.033;0.027;1857.363;-0.204;3040.545;3599.830;3411.177;1226.758;2377.104;2550.886;1743.762;1801.772;-0.163;0.083;1267.501;1570.457;425.167;1996.046;1925.668;2617.782;896.260;1161.144;3600.027;2187.687;2748.609;1949.874;3039.306;2443.858;3599.725;453.914;923.344;1480.586;1808.968;2796.010;3328.371;2324.312;3599.975;2769.422;264.986;2162.256;2208.467;2789.275;3227.137;484.761;380.808;2933.004;0.112;3478.778,1352.018;3600.015;3599.860;462.963;3598.611;2808.337;487.883;2720.374;3599.616;2899.482;0.337;1935.161;1337.051;0.140;3599.774;3150.723;595.881;2397.709;1845.837;1291.240;1842.500;1922.250;3397.490;0.115;2464.324;1962.093;186.645;370.867;2520.596;3322.204;0.152;1563.569;3589.081;1697.464;1069.548;949.198;-0.248;249.957;2346.123;2212.085;2123.628;1052.231;3413.069;3599.543;2213.995;2754.882;2897.036;1255.930;802.765;810.465;732.377;1642.601;0.953;1261.424;2199.660;1525.572;2088.050;2608.170;3209.321;1156.438;606.306;1627.932;2598.391;306.621;418.423;1069.283;843.296;1772.474;2329.702;1132.810;3599.024;2877.029;2126.778;1372.538;2.071;2507.907;2603.303;0.171;3083.929;3270.374;2158.046;2853.379;3216.138;3396.812;1398.171;10.251;885.185;182.124;1633.502;1849.414;3122.157;3028.753;874.336;3600.239;256.796;1667.879;349.192;687.888;-0.050;629.628
428,777.1542875766754,427,-562.1332490336424,562.1332490336424,0.006982321790383049,3467.276;3599.713;3246.600;2114.380;424.012;0.090;1323.141;1143.935;1394.929;1658.151;2414.889;1964.783;2996.353;3228.604;2308.238;1572.564;784.799;3599.936;1005.751;559.623;-0.100;3600.255;90.784;1006.375;0.080;457.205;1411.827;3599.918;701.451;3599.887;272.992;1096.508;839.439;3248.621;3599.456;679.290;1472.912;896.974;2883.529;2342.944;0.884;2743.077;2872.747;0.220;1354.981;3201.374;3599.626;2369.916;0.244;1690.678;388.226;2123.565;589.416;0.272;1856.969;0.154;3040.340;3599.443;3411.308;1226.693;2376.801;2550.596;1743.427;1801.476;0.203;-0.165;1267.195;1570.862;425.379;1996.411;1925.814;2617.403;896.660;1161.407;3599.984;2187.284;2748.213;1950.277;3038.929;2443.483;3600.065;453.578;923.034;1480.986;1809.296;2795.604;3327.966;2324.010;3599.686;2769.742;265.378;2162.610;2208.116;2789.092;3227.379;484.415;381.112;2933.411;-0.229;3478.631,1351.627;3600.021;3600.101;463.368;3598.965;2808.632;488.249;2720.760;3599.912;2899.819;0.274;1934.847;1336.673;-0.236;3600.127;3151.015;595.493;2397.633;1845.922;1291.609;1842.880;1922.018;3397.881;-0.063;2464.493;1961.759;187.046;370.916;2520.198;3322.559;-0.008;1563.173;3589.087;1697.824;1069.851;949.188;0.128;249.611;2345.911;2212.440;2123.446;1051.866;3412.689;3599.660;2213.611;2754.813;2897.005;1255.576;803.007;810.681;732.476;1642.873;0.913;1261.571;2200.050;1525.909;2088.112;2608.163;3208.945;1156.034;606.701;1628.323;2598.770;306.224;418.769;1068.889;843.042;1772.864;2329.605;1133.197;3599.417;2876.655;2126.897;1372.912;1.749;2507.522;2603.055;-0.023;3084.314;3270.670;2158.360;2853.330;3216.344;3396.429;1398.575;9.846;884.871;182.395;1633.488;1849.212;3122.200;3028.857;874.312;3599.849;257.017;1667.845;348.819;687.787;0.071;630.034
429,779.0548639297485,428,-562.1381295082555,562.1381295082555,0.007695060255355926,3467.643;3600.048;3246.205;2114.515;423.656;-0.256;1322.818;1144.145;1394.564;1658.038;2415.197;1964.646;2996.112;3228.220;2308.409;1572.794;784.943;3600.238;1005.656;559.778;0.081;3599.879;91.078;1006.704;0.106;457.056;1411.514;3600.191;701.340;3599.965;272.922;1096.375;839.141;3248.979;3599.732;679.666;1473.266;896.656;2883.583;2343.077;1.279;2743.197;2873.017;-0.178;1354.734;3201.508;3599.996;2369.557;-0.123;1690.451;388.306;2123.787;589.780;-0.031;1857.147;-0.054;3040.088;3599.734;3411.540;1226.808;2376.952;2550.751;1743.797;1801.135;0.129;0.222;1267.225;1570.822;425.108;1996.807;1925.466;2617.161;896.715;1161.731;3600.137;2187.029;2748.240;1950.627;3039.262;2443.442;3599.924;453.323;923.362;1481.053;1809.549;2795.756;3327.833;2323.640;3599.507;2769.681;265.354;2162.586;2208.266;2788.701;3227.762;484.177;380.850;2933.485;0.146;3478.491,1351.414;3599.881;3599.889;463.663;3599.312;2808.274;487.883;2720.886;3600.191;2900.205;0.044;1935.099;1336.341;0.127;3599.749;3150.656;595.860;2397.429;1846.306;1291.990;1842.915;1922.310;3398.279;0.020;2464.241;1962.055;186.731;371.288;2520.031;3322.265;-0.172;1562.781;3588.713;1698.183;1069.692;949.457;0.422;249.286;2345.937;2212.183;2123.240;1051.987;3412.990;3600.048;2213.822;2754.440;2897.368;1255.403;803.399;810.303;732.098;1643.255;0.581;1261.199;2199.750;1525.617;2087.762;2608.535;3208.908;1155.763;606.860;1628.484;2598.667;305.968;419.161;1069.223;843.260;1772.949;2329.819;1133.579;3599.799;2876.800;2126.975;1373.307;1.353;2507.176;2603.238;-0.003;3084.064;3270.417;2158.749;2853.715;3216.714;3396.651;1398.716;10.183;885.174;182.163;1633.114;1848.910;3121.878;3028.968;873.940;3599.800;257.396;1667.649;348.470;688.137;0.328;629.752
430,780.7796144485474,429,-562.1363007924851,562.1363007924851,0.012499797077489164,3467.481;3600.435;3245.860;2114.171;424.018;0.124;1323.047;1144.446;1394.190;1657.655;2415.547;1964.313;2996.178;3227.830;2308.090;1573.179;785.326;3599.860;1005.872;560.162;-0.143;3599.538;91.372;1007.053;0.041;457.188;1411.126;3599.904;701.095;3600.244;272.934;1095.993;838.757;3249.288;3600.104;679.934;1473.654;896.282;2883.961;2343.454;1.300;2742.999;2873.308;0.140;1354.370;3201.855;3600.384;2369.917;0.195;1690.682;388.680;2123.958;589.949;0.237;1856.807;0.177;3040.449;3600.122;3411.188;1227.191;2377.332;2551.030;1743.523;1801.164;-0.230;0.160;1267.595;1570.622;425.335;1996.470;1925.076;2616.789;897.093;1161.371;3599.769;2186.650;2747.860;1951.007;3039.044;2443.070;3600.169;453.012;923.727;1481.435;1809.190;2796.114;3327.496;2323.252;3599.212;2769.303;265.090;2162.958;2207.922;2788.308;3228.153;483.791;380.465;2933.765;-0.186;3478.149,1351.786;3600.255;3599.780;464.034;3599.579;2807.916;487.492;2721.160;3599.813;2899.871;-0.339;1935.039;1335.991;-0.100;3599.744;3151.016;596.245;2397.054;1846.130;1292.377;1842.646;1921.972;3398.661;-0.195;2463.862;1962.442;186.419;371.104;2519.953;3321.877;0.205;1562.489;3588.463;1698.574;1069.308;949.094;0.242;249.074;2345.565;2212.551;2122.856;1051.607;3412.888;3599.679;2213.487;2754.094;2897.758;1255.721;803.746;810.142;731.714;1643.040;0.944;1260.914;2199.363;1525.877;2087.817;2608.926;3209.278;1155.440;606.682;1628.163;2598.290;306.182;419.503;1069.607;842.984;1772.658;2330.205;1133.969;3599.656;2877.151;2127.339;1372.978;1.628;2506.896;2602.969;0.295;3084.102;3270.224;2158.662;2854.091;3216.836;3397.026;1399.033;10.570;885.562;181.805;1632.723;1848.525;3122.203;3028.588;873.726;3599.661;257.744;1667.809;348.636;688.496;-0.044;629.483
431,782.6455798149109,430,-562.1347919035518,562.1347919035518,0.005982561810031046,3467.821;3600.085;3246.213;2113.789;424.403;0.062;1322.726;1144.695;1393.807;1657.769;2415.474;1964.372;2996.137;3227.886;2308.278;1573.059;785.475;3600.060;1006.209;560.282;0.224;3599.827;91.749;1007.421;-0.296;456.835;1411.383;3599.992;700.717;3599.870;272.567;1095.717;838.390;3249.615;3599.996;679.570;1473.619;895.938;2883.767;2343.406;0.932;2743.360;2873.690;-0.126;1354.016;3202.232;3600.027;2369.589;0.526;1690.343;388.397;2124.134;590.306;-0.120;1856.424;-0.121;3040.156;3599.763;3411.187;1227.576;2377.692;2551.410;1743.772;1800.789;0.132;-0.001;1267.942;1570.974;425.714;1996.092;1925.398;2616.461;896.794;1161.195;3599.777;2186.286;2747.887;1950.704;3039.295;2443.155;3599.801;452.644;923.501;1481.320;1809.532;2795.754;3327.604;2323.570;3599.533;2768.924;264.948;2163.310;2208.248;2788.082;3228.415;483.756;380.314;2933.968;0.049;3477.791,1351.469;3599.944;3600.146;464.063;3599.943;2808.246;487.498;2720.966;3599.848;2899.843;0.029;1934.666;1336.241;0.131;3599.975;3151.232;596.618;2397.061;1846.437;1292.066;1842.267;1922.323;3399.047;0.179;2463.759;1962.766;186.037;371.461;2519.590;3321.491;0.122;1562.111;3588.137;1698.851;1068.982;949.454;-0.125;249.444;2345.889;2212.365;2123.177;1051.721;3413.261;3599.863;2213.799;2754.343;2897.743;1255.412;803.613;809.766;731.386;1643.390;0.579;1261.221;2199.685;1526.010;2087.511;2608.717;3209.382;1155.799;606.320;1628.494;2597.907;306.353;419.830;1069.961;842.603;1772.424;2330.177;1134.293;3599.835;2877.499;2126.999;1372.601;1.281;2506.515;2602.589;0.664;3083.733;3269.919;2159.023;2854.160;3216.777;3397.329;1398.675;10.246;885.295;181.943;1632.640;1848.267;3122.253;3028.887;873.455;3599.711;258.024;1668.186;348.363;688.880;0.098;629.528
432,784.5366446971893,431,-562.1317806696923,562.1317806696923,0.008570617558563755,3468.198;3599.990;3245.933;2113.861;424.499;0.202;1322.356;1144.336;1393.435;1657.555;2415.814;1964.733;2996.500;3227.548;2308.610;1573.264;785.756;3599.823;1005.847;560.389;0.362;3600.111;92.087;1007.740;0.067;457.198;1411.676;3600.358;700.502;3599.804;272.502;1095.759;838.087;3249.992;3600.299;679.194;1473.686;895.595;2884.089;2343.735;1.021;2743.120;2873.662;0.130;1353.787;3202.595;3599.931;2369.366;0.288;1690.528;388.028;2124.503;590.684;-0.019;1856.509;0.240;3040.354;3599.469;3411.037;1227.704;2377.558;2551.079;1744.120;1800.896;0.038;0.355;1268.265;1571.329;425.794;1996.102;1925.039;2616.770;896.471;1161.127;3600.115;2186.120;2748.240;1950.696;3039.669;2443.514;3599.739;453.000;923.854;1481.114;1809.270;2795.961;3327.249;2323.518;3599.209;2768.787;264.577;2162.979;2208.555;2787.751;3228.717;483.398;380.669;2933.881;-0.247;3477.566,1351.140;3599.848;3599.852;463.702;3599.761;2808.591;487.312;2721.073;3599.704;2899.530;0.227;1934.832;1336.612;0.425;3599.633;3151.467;596.377;2396.692;1846.671;1291.821;1841.906;1922.025;3399.175;0.114;2464.121;1962.535;185.733;371.833;2519.268;3321.688;-0.154;1562.157;3588.454;1698.660;1069.228;949.354;0.214;249.266;2346.220;2212.360;2123.534;1052.071;3413.524;3599.925;2213.652;2754.717;2898.107;1255.746;803.949;810.076;731.505;1643.341;0.419;1261.597;2200.054;1525.660;2087.858;2608.419;3209.731;1155.976;606.575;1628.821;2597.554;306.721;419.786;1069.688;842.267;1772.052;2330.225;1133.949;3600.207;2877.183;2127.299;1372.509;1.118;2506.600;2602.212;0.417;3083.359;3269.546;2158.845;2853.797;3216.407;3397.678;1398.518;10.065;884.970;181.587;1632.357;1848.538;3122.621;3029.221;873.083;3599.359;257.659;1668.017;347.994;688.664;0.417;629.881
433,786.2443504333496,432,-562.1365731933627,562.1365731933627,0.01007743988494853,3467.941;3599.881;3246.253;2113.501;424.859;-0.039;1322.703;1144.656;1393.209;1657.231;2416.181;1964.443;2996.258;3227.881;2308.981;1573.627;785.463;3600.062;1006.169;560.064;0.673;3600.414;91.731;1008.110;0.094;456.862;1412.017;3600.004;700.159;3600.110;272.152;1095.421;838.347;3249.726;3599.945;679.464;1473.327;895.225;2884.459;2344.105;0.661;2742.788;2873.317;-0.203;1353.420;3202.967;3599.653;2369.091;0.603;1690.890;387.777;2124.862;591.041;-0.372;1856.178;-0.029;3040.626;3599.103;3410.676;1227.471;2377.252;2551.382;1743.775;1800.540;0.196;0.699;1268.635;1571.670;426.146;1996.307;1924.818;2616.416;896.459;1161.477;3599.834;2185.755;2748.053;1950.354;3039.906;2443.241;3600.074;452.880;923.527;1481.382;1809.521;2795.835;3326.880;2323.858;3599.554;2768.424;264.866;2163.315;2208.247;2787.381;3228.419;483.148;380.937;2934.242;0.086;3477.922,1350.775;3599.522;3600.180;463.333;3600.117;2808.877;487.646;2721.253;3600.057;2899.872;0.445;1934.499;1336.979;0.098;3599.959;3151.512;596.023;2396.346;1847.038;1291.473;1842.213;1921.736;3399.058;0.195;2464.483;1962.169;186.017;372.198;2518.900;3321.367;0.196;1562.410;3588.192;1698.295;1069.595;949.672;-0.085;249.546;2346.591;2212.050;2123.906;1052.429;3413.844;3600.286;2213.993;2755.089;2898.320;1255.484;803.600;810.301;731.866;1643.697;0.063;1261.932;2199.856;1525.841;2088.229;2608.050;3209.715;1156.226;606.309;1628.637;2597.182;306.432;419.426;1069.321;842.309;1772.391;2329.864;1133.611;3599.869;2876.910;2127.125;1372.852;0.755;2506.275;2601.849;0.051;3082.991;3269.821;2159.109;2853.827;3216.262;3397.507;1398.176;9.722;884.601;181.314;1632.073;1848.821;3122.330;3029.582;873.130;3599.688;257.571;1667.661;347.739;688.931;0.738;630.252
434,788.1032087802887,433,-562.1388431384321,562.1388431384321,0.010551680977018583,3467.845;3600.187;3246.245;2113.778;424.765;0.259;1322.477;1144.332;1393.183;1657.502;2416.338;1964.761;2996.436;3228.058;2309.255;1573.880;785.718;3599.812;1006.169;560.395;0.374;3600.061;91.791;1008.227;-0.010;456.578;1411.742;3600.083;699.795;3599.800;272.241;1095.077;838.099;3249.876;3599.948;679.668;1473.186;895.441;2884.728;2344.132;0.462;2743.017;2873.645;0.128;1353.498;3202.909;3599.794;2368.794;0.572;1690.579;388.094;2125.228;590.699;-0.044;1855.867;-0.317;3040.988;3598.988;3410.865;1227.674;2376.888;2551.613;1743.631;1800.772;-0.078;1.052;1268.439;1572.021;426.433;1996.622;1924.514;2616.134;896.801;1161.551;3599.858;2185.583;2747.703;1950.655;3039.581;2443.246;3599.779;452.567;923.696;1481.727;1809.421;2796.176;3326.626;2323.858;3599.821;2768.611;264.576;2163.461;2207.886;2787.359;3228.212;482.821;380.945;2934.555;-0.081;3477.645,1350.608;3599.207;3599.905;463.082;3600.477;2808.551;488.010;2721.611;3599.888;2900.206;0.167;1934.465;1336.674;-0.259;3600.066;3151.161;595.665;2396.657;1846.816;1291.108;1842.564;1922.071;3398.700;0.015;2464.211;1962.077;186.360;372.072;2519.232;3321.652;0.274;1562.770;3587.831;1697.975;1069.955;949.934;0.200;249.213;2346.547;2211.746;2123.726;1052.299;3413.574;3599.961;2214.337;2755.144;2898.014;1255.124;803.280;809.972;732.166;1644.024;-0.003;1261.623;2199.517;1526.163;2088.045;2608.166;3209.359;1156.587;606.661;1628.282;2597.505;306.070;419.223;1069.620;842.666;1772.311;2329.855;1133.843;3600.059;2876.548;2126.775;1373.155;0.423;2506.452;2601.822;-0.315;3083.296;3270.089;2159.331;2854.137;3216.471;3397.157;1398.501;9.373;884.662;181.532;1632.422;1848.640;3122.598;3029.788;873.428;3599.731;257.917;1667.382;347.378;688.617;1.093;630.519
435,789.9808840751648,434,-562.140976242616,562.140976242616,0.008437794059830604,3468.186;3599.861;3246.583;2113.454;424.916;-0.061;1322.559;1144.453;1393.531;1657.301;2416.081;1965.119;2996.781;3227.783;2309.104;1573.645;786.019;3599.502;1006.000;560.178;0.019;3599.839;91.682;1007.906;-0.203;456.882;1412.059;3599.895;699.439;3599.459;272.368;1095.296;837.746;3250.228;3599.893;679.327;1473.452;895.216;2884.427;2344.468;0.268;2743.201;2873.316;0.068;1353.751;3203.247;3600.096;2368.437;0.222;1690.279;387.758;2125.432;590.900;0.315;1856.163;0.028;3041.249;3599.275;3411.219;1228.025;2377.189;2551.270;1743.285;1800.779;0.246;0.714;1268.763;1572.060;426.789;1996.979;1924.285;2615.896;897.159;1161.270;3600.167;2185.349;2747.913;1950.521;3039.911;2443.404;3599.879;452.770;923.777;1481.382;1809.075;2796.423;3326.904;2324.169;3599.507;2768.923;264.716;2163.220;2208.159;2787.695;3228.531;482.467;381.015;2934.828;0.158;3477.622,1350.259;3599.350;3600.195;462.727;3600.135;2808.612;488.305;2721.590;3600.222;2900.345;-0.170;1934.674;1336.863;0.080;3599.736;3150.844;595.838;2396.428;1847.058;1290.944;1842.295;1922.161;3398.382;0.032;2463.875;1962.418;186.426;371.747;2519.585;3321.385;-0.007;1563.108;3587.966;1697.622;1070.218;950.288;0.007;249.346;2346.889;2212.083;2124.002;1052.628;3413.237;3600.131;2214.646;2755.468;2897.671;1255.230;802.924;810.255;731.844;1644.373;-0.346;1261.265;2199.753;1525.835;2088.250;2608.468;3209.562;1156.896;606.501;1627.950;2597.235;306.221;418.870;1069.976;842.603;1771.989;2329.605;1133.516;3599.754;2876.805;2126.478;1373.374;0.137;2506.564;2602.147;0.021;3083.280;3270.422;2158.991;2853.975;3216.187;3397.405;1398.196;9.589;884.392;181.281;1632.710;1848.288;3122.295;3029.777;873.150;3600.081;257.836;1667.041;347.654;688.886;1.427;630.602
436,791.6876413822174,435,-562.1389284736475,562.1389284736475,0.009550930830282538,3468.102;3600.053;3246.691;2113.593;425.261;0.234;1322.659;1144.717;1393.412;1657.521;2416.364;1964.906;2996.628;3227.446;2308.757;1573.299;786.314;3599.595;1006.272;560.411;0.002;3600.149;92.000;1008.220;0.137;456.662;1411.812;3600.189;699.677;3599.733;272.031;1094.968;837.406;3250.392;3600.233;679.488;1473.801;895.261;2884.600;2344.817;0.590;2743.543;2873.333;-0.248;1353.444;3203.545;3599.786;2368.550;-0.065;1690.570;387.489;2125.778;590.570;0.274;1855.940;0.178;3041.240;3599.355;3410.912;1228.377;2377.491;2551.469;1743.390;1800.456;-0.001;0.745;1268.643;1572.397;426.516;1996.650;1923.937;2616.150;896.895;1161.606;3599.829;2185.001;2748.028;1950.713;3039.817;2443.750;3599.557;452.480;924.007;1481.318;1808.722;2796.516;3326.589;2323.898;3599.165;2768.591;264.385;2163.496;2207.934;2787.394;3228.883;482.709;380.675;2935.107;-0.145;3477.285,1349.944;3599.172;3599.891;462.724;3599.873;2808.468;488.652;2721.260;3599.899;2900.023;0.160;1935.021;1337.209;0.140;3599.585;3150.498;595.672;2396.144;1847.358;1290.600;1841.978;1921.847;3398.592;0.363;2464.010;1962.568;186.087;372.056;2519.295;3321.038;-0.336;1562.914;3587.709;1697.548;1069.891;950.066;-0.307;249.654;2347.223;2211.766;2124.325;1052.314;3413.549;3599.855;2214.995;2755.820;2897.472;1255.482;802.607;809.960;732.124;1644.651;-0.015;1261.491;2199.968;1525.517;2088.186;2608.152;3209.886;1157.086;606.250;1627.597;2597.040;305.961;418.762;1070.039;842.774;1771.849;2329.941;1133.747;3599.765;2876.508;2126.129;1373.054;-0.206;2506.575;2602.482;0.091;3083.306;3270.173;2159.309;2854.045;3216.470;3397.703;1398.444;9.279;884.717;181.622;1633.061;1848.286;3122.505;3030.120;873.240;3600.095;257.527;1666.691;347.563;689.212;1.770;630.265
437,793.5261471271515,436,-562.1394119764707,562.1394119764707,0.008099933994363439,3467.764;3600.376;3246.786;2113.922;425.055;0.534;1322.341;1144.554;1393.074;1657.215;2416.708;1964.660;2996.290;3227.100;2308.415;1573.348;785.979;3599.935;1005.959;560.221;-0.315;3599.973;92.346;1008.497;0.218;456.580;1411.558;3599.892;699.962;3599.815;272.362;1094.675;837.625;3250.107;3599.914;679.254;1474.117;894.961;2884.819;2344.731;0.297;2743.889;2873.661;0.068;1353.646;3203.240;3599.986;2368.705;0.175;1690.850;387.818;2125.510;590.812;0.123;1856.178;-0.028;3041.568;3599.019;3410.725;1228.609;2377.763;2551.779;1743.715;1800.460;-0.274;0.982;1268.332;1572.507;426.514;1996.774;1924.098;2615.840;896.584;1161.801;3599.745;2185.100;2747.695;1951.054;3039.826;2443.796;3599.840;452.763;923.752;1481.622;1808.974;2796.852;3326.802;2323.555;3599.423;2768.688;264.508;2163.840;2207.592;2787.056;3229.228;482.427;380.332;2934.776;0.007;3477.556,1350.254;3599.437;3599.844;462.844;3599.948;2808.150;488.544;2721.398;3599.948;2899.687;0.080;1934.767;1337.000;-0.090;3599.902;3150.744;595.954;2396.221;1847.045;1290.811;1842.047;1921.767;3398.496;0.094;2464.121;1962.723;186.226;371.920;2519.355;3321.036;-0.005;1562.573;3587.555;1697.754;1070.020;950.294;0.020;249.613;2347.251;2211.820;2124.543;1052.119;3413.387;3599.890;2215.330;2755.668;2897.718;1255.269;802.839;809.848;731.894;1644.892;0.084;1261.377;2200.169;1525.568;2087.962;2608.348;3209.788;1156.806;605.932;1627.434;2597.284;306.169;419.003;1070.027;842.594;1772.174;2329.767;1133.687;3600.007;2876.467;2126.215;1373.366;0.107;2506.241;2602.580;-0.082;3083.289;3270.484;2159.547;2854.383;3216.814;3397.542;1398.648;9.579;884.513;181.408;1632.792;1848.197;3122.290;3030.053;873.578;3599.788;257.678;1666.485;347.298;689.183;1.589;630.081
438,795.3903670310974,437,-562.1407914356998,562.1407914356998,0.008025912509150907,3468.037;3600.052;3246.456;2113.993;424.814;0.334;1322.657;1144.883;1392.733;1657.539;2417.040;1964.942;2995.949;3226.933;2308.074;1573.662;786.247;3599.808;1006.240;560.500;0.013;3599.773;92.686;1008.821;-0.070;456.909;1411.221;3600.169;699.646;3600.116;272.239;1094.337;837.947;3250.428;3600.058;678.917;1474.270;894.625;2884.534;2345.051;-0.017;2743.580;2873.827;-0.229;1353.372;3203.517;3600.318;2369.040;0.416;1691.009;387.600;2125.237;591.122;-0.204;1855.851;0.170;3041.263;3599.101;3411.053;1228.945;2378.089;2551.499;1743.834;1800.147;0.053;1.310;1267.993;1572.177;426.839;1996.731;1924.431;2616.145;896.414;1162.136;3599.957;2184.789;2747.952;1951.375;3040.142;2443.484;3600.178;453.101;923.418;1481.962;1808.696;2797.190;3326.507;2323.215;3599.129;2768.995;264.798;2163.894;2207.672;2786.715;3229.007;482.606;380.503;2935.061;0.079;3477.889,1349.982;3599.772;3599.621;462.530;3600.002;2808.393;488.212;2721.718;3599.740;2899.538;0.044;1934.992;1337.248;0.186;3599.835;3151.081;596.292;2395.949;1846.706;1291.081;1841.719;1922.085;3398.815;-0.168;2463.792;1963.058;185.970;371.933;2519.631;3321.324;-0.035;1562.233;3587.884;1698.086;1070.246;950.630;-0.124;249.281;2347.583;2212.127;2124.221;1051.789;3413.065;3599.586;2215.076;2755.354;2898.055;1255.573;803.017;810.158;731.559;1644.660;0.136;1261.643;2199.840;1525.459;2088.065;2608.683;3209.517;1156.468;606.245;1627.744;2597.616;306.502;419.340;1070.139;842.259;1772.515;2330.044;1133.440;3599.945;2876.617;2126.542;1373.705;0.230;2505.901;2602.907;0.236;3083.616;3270.389;2159.226;2854.116;3216.549;3397.873;1398.710;9.437;884.596;181.076;1632.940;1847.865;3122.003;3029.725;873.352;3599.459;258.007;1666.813;346.992;688.858;1.254;629.746
439,797.2781505584717,438,-562.1377707908802,562.1377707908802,0.009568653409282524,3467.841;3599.809;3246.141;2114.183;424.488;0.004;1322.568;1145.156;1392.636;1657.413;2416.955;1965.274;2996.186;3227.240;2307.822;1573.994;786.188;3599.491;1006.267;560.180;0.067;3599.588;92.943;1008.557;0.215;456.720;1411.534;3599.867;699.313;3600.318;271.919;1094.623;838.281;3250.705;3599.857;678.780;1473.946;894.364;2884.853;2344.754;-0.316;2743.784;2873.514;0.037;1353.695;3203.712;3599.999;2368.811;0.156;1690.687;387.364;2124.922;590.928;0.101;1855.523;-0.061;3040.930;3599.426;3411.332;1228.762;2378.422;2551.698;1743.692;1799.813;0.276;1.028;1268.261;1572.409;427.159;1996.445;1924.763;2615.943;896.260;1161.934;3600.287;2185.080;2748.283;1951.113;3040.283;2443.247;3599.879;452.839;923.127;1481.713;1808.960;2796.910;3326.818;2323.342;3599.371;2769.205;265.009;2164.188;2207.989;2786.818;3228.680;482.934;380.817;2934.822;0.404;3477.595,1349.671;3599.738;3599.291;462.812;3599.767;2808.684;487.899;2721.410;3600.041;2899.565;-0.277;1934.682;1337.580;0.229;3599.523;3151.006;596.618;2396.227;1846.993;1290.779;1841.504;1922.413;3398.856;0.158;2463.585;1963.358;185.639;371.633;2519.964;3321.429;-0.243;1562.344;3588.128;1698.348;1070.570;950.958;0.064;249.477;2347.879;2211.833;2124.514;1052.008;3412.905;3599.897;2215.376;2755.402;2897.774;1255.291;802.946;810.269;731.279;1644.982;-0.185;1261.493;2199.672;1525.132;2087.744;2608.782;3209.829;1156.525;605.939;1627.492;2597.785;306.790;419.231;1070.459;842.217;1772.769;2329.736;1133.181;3599.624;2876.945;2126.272;1373.928;-0.057;2505.735;2603.242;0.540;3083.305;3270.704;2159.280;2853.836;3216.789;3398.107;1398.384;9.516;884.276;180.758;1632.674;1847.616;3121.670;3029.482;873.543;3599.772;257.708;1667.111;347.302;689.159;1.515;629.417
440,798.988755941391,439,-562.1351778576661,562.1351778576661,0.00423266979805257,3467.662;3599.839;3245.837;2113.914;424.162;-0.152;1322.670;1144.903;1392.375;1657.304;2417.239;1965.564;2996.448;3227.276;2307.539;1574.052;785.876;3599.495;1006.196;560.306;-0.081;3599.274;93.237;1008.241;0.458;456.694;1411.728;3600.001;699.004;3599.998;271.924;1094.421;838.595;3250.957;3599.762;678.486;1474.032;894.182;2885.077;2344.768;0.003;2743.933;2873.456;-0.103;1353.817;3203.988;3600.115;2368.727;-0.171;1690.841;387.111;2125.034;591.002;0.018;1855.544;0.244;3041.178;3599.623;3411.623;1229.030;2378.671;2551.465;1743.369;1799.799;0.107;1.097;1268.030;1572.520;427.475;1996.484;1924.501;2615.699;896.574;1161.630;3599.999;2185.330;2748.424;1951.388;3040.606;2443.544;3600.017;452.656;923.018;1481.637;1809.234;2797.189;3327.031;2323.126;3599.082;2768.906;264.701;2163.944;2208.066;2786.832;3228.363;482.645;380.946;2934.907;0.282;3477.629,1349.873;3600.039;3599.507;462.520;3600.080;2808.386;488.119;2721.320;3599.916;2899.246;0.029;1934.963;1337.321;0.311;3599.735;3150.692;596.541;2396.063;1847.319;1290.695;1841.181;1922.242;3398.536;0.287;2463.703;1963.538;185.312;371.735;2520.285;3321.432;0.065;1562.617;3588.381;1698.046;1070.897;951.231;0.181;249.251;2348.163;2212.135;2124.418;1051.751;3412.598;3599.718;2215.193;2755.723;2897.612;1255.511;803.260;810.590;730.954;1645.254;0.068;1261.177;2199.379;1524.964;2087.947;2609.034;3209.620;1156.832;605.808;1627.170;2597.470;306.513;419.194;1070.784;842.523;1772.461;2329.576;1133.493;3599.314;2876.802;2126.489;1373.693;0.230;2506.037;2603.500;0.368;3083.562;3270.829;2159.126;2853.509;3216.961;3398.420;1398.248;9.653;884.017;180.915;1632.750;1847.294;3121.940;3029.700;873.236;3599.781;257.753;1666.847;347.079;689.180;1.492;629.088
441,800.8461306095123,440,-562.1419337107252,562.1419337107252,0.0066488816867555445,3467.958;3600.090;3245.847;2114.221;424.459;0.156;1322.358;1144.584;1392.299;1657.245;2416.972;1965.849;2996.237;3226.998;2307.547;1574.358;786.161;3599.805;1005.880;560.602;0.212;3599.565;92.985;1008.108;0.335;456.966;1411.717;3600.222;699.124;3600.172;271.689;1094.449;838.312;3250.700;3600.068;678.762;1474.156;894.471;2885.395;2344.530;0.009;2744.237;2873.207;0.118;1353.565;3203.725;3599.862;2369.026;0.119;1691.136;386.791;2125.327;590.689;-0.246;1855.250;0.015;3041.325;3599.379;3411.375;1229.323;2378.388;2551.356;1743.533;1800.104;-0.147;1.361;1267.979;1572.835;427.200;1996.799;1924.194;2615.436;896.317;1161.445;3600.001;2185.624;2748.740;1951.089;3040.361;2443.865;3599.932;452.406;923.324;1481.357;1808.944;2797.391;3326.770;2323.418;3599.100;2768.748;264.379;2163.625;2207.762;2787.108;3228.617;482.334;381.223;2934.616;-0.034;3477.323,1349.701;3599.862;3599.339;462.742;3599.819;2808.068;488.018;2721.173;3600.197;2899.524;-0.076;1935.279;1337.327;0.024;3600.045;3150.404;596.232;2396.362;1847.576;1290.407;1840.879;1921.927;3398.729;0.132;2463.466;1963.253;185.027;372.050;2520.223;3321.117;-0.035;1562.742;3588.138;1698.335;1070.734;951.066;0.293;249.058;2347.988;2212.022;2124.666;1051.744;3412.853;3599.988;2215.492;2755.871;2897.886;1255.304;803.366;810.331;731.146;1645.575;0.203;1260.877;2199.072;1524.647;2087.640;2609.297;3209.916;1157.147;605.498;1626.848;2597.691;306.586;418.896;1070.487;842.844;1772.192;2329.567;1133.325;3599.614;2876.521;2126.620;1373.939;-0.017;2506.280;2603.401;0.539;3083.581;3270.555;2159.426;2853.699;3217.276;3398.319;1398.543;9.970;884.296;180.612;1632.475;1847.530;3122.250;3030.012;873.221;3600.016;257.454;1666.578;347.112;689.461;1.796;628.870
442,802.7292387485504,441,-562.143004157273,562.143004157273,0.009968183227342,3467.798;3599.817;3246.153;2114.037;424.543;0.038;1322.594;1144.631;1392.582;1656.935;2417.119;1965.851;2995.937;3227.283;2307.851;1574.604;785.946;3600.088;1005.587;560.897;0.461;3599.881;92.701;1007.797;0.025;456.665;1412.004;3599.921;698.913;3599.907;271.574;1094.646;838.364;3250.386;3599.827;678.515;1473.881;894.707;2885.615;2344.650;-0.134;2744.540;2872.985;0.221;1353.368;3203.985;3599.572;2369.269;0.290;1691.445;386.964;2125.221;590.805;0.048;1855.332;-0.298;3041.604;3599.065;3411.086;1229.074;2378.472;2551.635;1743.262;1800.234;0.142;1.667;1267.965;1572.652;427.369;1996.553;1924.020;2615.122;896.567;1161.233;3600.239;2185.935;2748.893;1950.801;3040.472;2444.170;3599.632;452.124;923.513;1481.473;1808.795;2797.136;3326.769;2323.727;3599.408;2768.446;264.117;2163.712;2207.483;2787.415;3228.390;482.076;381.538;2934.838;-0.116;3477.478,1349.702;3600.147;3599.197;462.453;3599.917;2808.092;488.325;2721.423;3599.904;2899.639;0.117;1935.094;1337.161;-0.283;3600.360;3150.215;595.915;2396.200;1847.327;1290.091;1841.173;1921.610;3398.466;0.135;2463.774;1962.937;185.323;371.795;2520.513;3321.036;0.257;1563.053;3588.439;1698.036;1070.909;951.194;-0.009;248.748;2348.119;2212.091;2124.980;1052.053;3412.560;3599.930;2215.561;2756.183;2897.585;1255.348;803.058;810.611;731.458;1645.432;0.506;1260.978;2199.368;1524.937;2087.933;2608.989;3209.702;1157.455;605.364;1627.055;2597.412;306.283;418.582;1070.230;842.675;1772.309;2329.260;1133.014;3599.345;2876.206;2126.324;1374.052;0.177;2506.591;2603.105;0.243;3083.879;3270.852;2159.207;2853.425;3216.984;3398.146;1398.507;9.692;884.014;180.769;1632.776;1847.844;3122.311;3030.330;873.375;3600.293;257.679;1666.262;347.375;689.169;1.499;629.160
443,804.6383974552155,442,-562.1423060615152,562.1423060615152,0.007662352088629166,3468.094;3599.649;3246.441;2113.740;424.269;-0.192;1322.413;1144.917;1392.338;1656.633;2417.058;1965.613;2996.209;3227.134;2307.748;1574.820;785.712;3599.818;1005.276;560.620;0.247;3599.915;92.397;1007.502;-0.267;456.826;1412.304;3599.873;698.606;3600.023;271.304;1094.358;838.618;3250.611;3599.533;678.206;1473.574;894.921;2885.323;2344.956;0.153;2744.302;2872.677;0.324;1353.061;3204.292;3599.764;2369.564;0.276;1691.742;386.714;2124.916;591.099;0.246;1855.635;-0.008;3041.901;3598.964;3411.269;1229.361;2378.776;2551.339;1742.953;1800.127;-0.049;1.409;1267.665;1572.347;427.674;1996.844;1924.259;2615.285;896.875;1161.530;3599.947;2186.232;2748.891;1950.832;3040.741;2443.951;3599.877;452.388;923.255;1481.180;1808.927;2797.409;3327.048;2323.970;3599.343;2768.690;264.399;2163.655;2207.208;2787.656;3228.087;481.777;381.545;2935.007;0.181;3477.784,1349.993;3600.005;3599.477;462.166;3600.190;2808.324;488.457;2721.726;3599.918;2899.339;-0.132;1934.797;1337.440;0.020;3600.066;3150.503;595.940;2395.895;1847.023;1289.820;1841.415;1921.854;3398.177;-0.155;2463.729;1963.070;185.591;371.485;2520.789;3320.775;0.379;1562.872;3588.690;1698.037;1070.898;951.492;-0.321;248.527;2347.829;2212.394;2125.015;1052.106;3412.252;3599.835;2215.277;2756.382;2897.363;1255.045;803.184;810.818;731.237;1645.232;0.606;1260.796;2199.649;1525.245;2087.848;2608.742;3209.509;1157.182;605.552;1627.209;2597.121;306.130;418.578;1070.520;842.529;1772.217;2329.411;1133.268;3599.052;2876.179;2126.057;1374.350;0.476;2506.405;2603.382;-0.024;3084.190;3271.118;2159.048;2853.660;3217.133;3397.843;1398.406;9.534;883.788;181.062;1632.910;1847.570;3122.258;3030.134;873.109;3599.991;257.640;1666.291;347.077;689.239;1.233;629.244
444,806.3652780056,443,-562.1436597606448,562.1436597606448,0.006571011318718365,3468.337;3599.929;3246.593;2113.493;424.322;0.093;1322.697;1145.191;1392.049;1656.413;2417.340;1965.326;2996.509;3226.836;2307.960;1575.122;785.923;3600.069;1005.164;560.816;0.477;3600.193;92.124;1007.455;0.025;456.580;1412.024;3600.025;698.468;3600.289;271.000;1094.056;838.337;3250.387;3599.518;678.130;1473.854;894.630;2885.260;2345.217;0.017;2743.998;2872.428;0.525;1352.757;3204.517;3599.854;2369.821;-0.021;1692.046;386.996;2124.699;591.391;0.024;1855.617;0.042;3041.711;3598.666;3411.123;1229.132;2378.830;2551.509;1743.064;1799.835;-0.080;1.696;1267.725;1572.206;427.424;1996.937;1924.004;2615.094;896.938;1161.635;3600.010;2186.091;2749.177;1951.072;3041.045;2444.162;3599.763;452.692;923.481;1480.883;1809.226;2797.643;3327.348;2324.110;3599.534;2768.417;264.545;2163.359;2206.982;2787.439;3228.240;481.598;381.249;2934.732;-0.075;3477.721,1350.298;3600.277;3599.205;462.266;3599.900;2808.124;488.190;2721.439;3600.036;2899.484;0.075;1934.517;1337.739;0.027;3599.908;3150.807;596.172;2396.155;1846.767;1290.047;1841.355;1922.088;3398.361;0.138;2463.803;1963.340;185.322;371.690;2521.093;3320.995;0.667;1562.810;3588.981;1698.273;1070.860;951.220;-0.033;248.238;2347.523;2212.621;2125.277;1052.156;3412.452;3599.542;2215.126;2756.449;2897.638;1255.312;803.475;811.008;731.088;1644.942;0.350;1260.496;2199.577;1525.034;2088.039;2608.450;3209.793;1157.241;605.268;1626.940;2597.308;306.423;418.837;1070.805;842.238;1772.439;2329.159;1133.081;3598.911;2876.466;2126.306;1374.510;0.606;2506.131;2603.122;0.250;3083.994;3270.844;2158.748;2853.955;3216.862;3398.058;1398.421;9.673;883.495;180.786;1632.619;1847.747;3122.470;3029.984;872.807;3599.969;257.343;1666.427;346.795;689.449;0.946;629.496
445,808.2347333431244,444,-562.1479356934005,562.1479356934005,0.008126273481670637,3468.629;3600.218;3246.661;2113.197;424.084;-0.082;1322.621;1144.937;1392.196;1656.116;2417.640;1965.029;2996.810;3226.601;2308.257;1575.405;785.754;3599.867;1004.901;560.538;0.203;3599.919;91.824;1007.739;0.021;456.808;1412.239;3600.295;698.754;3600.004;271.290;1094.293;838.611;3250.089;3599.541;678.415;1473.609;894.552;2884.981;2345.504;0.124;2743.710;2872.135;0.254;1353.004;3204.814;3600.134;2369.745;-0.268;1691.898;387.175;2124.966;591.604;-0.026;1855.405;-0.051;3042.001;3598.647;3410.828;1228.843;2378.665;2551.235;1742.794;1800.103;0.166;1.639;1267.436;1572.385;427.292;1997.231;1923.705;2614.800;897.231;1161.481;3600.099;2185.795;2748.908;1951.368;3041.336;2444.402;3599.685;452.966;923.241;1481.139;1809.522;2797.927;3327.111;2323.822;3599.696;2768.690;264.839;2163.600;2206.685;2787.716;3228.521;481.881;380.950;2934.988;-0.182;3477.972,1350.597;3600.010;3599.462;462.503;3599.887;2808.381;487.979;2721.202;3600.093;2899.776;-0.190;1934.750;1337.454;0.033;3600.088;3150.879;596.022;2395.909;1847.047;1290.345;1841.251;1921.968;3398.122;0.024;2463.945;1963.116;185.064;371.868;2520.894;3321.291;0.431;1562.525;3589.239;1698.517;1070.570;950.921;0.110;247.939;2347.223;2212.919;2125.015;1052.429;3412.718;3599.241;2214.830;2756.189;2897.937;1255.610;803.774;811.304;730.833;1644.644;0.617;1260.291;2199.867;1524.777;2088.097;2608.592;3210.078;1156.965;605.527;1627.222;2597.203;306.354;419.136;1070.917;841.938;1772.147;2329.405;1132.812;3599.109;2876.722;2126.603;1374.224;0.899;2505.897;2602.823;0.012;3083.717;3270.544;2158.876;2854.255;3216.564;3398.355;1398.714;9.431;883.659;180.879;1632.441;1847.576;3122.767;3029.770;872.507;3600.056;257.044;1666.695;346.546;689.495;0.650;629.794
446,810.1288666725159,445,-562.1445784438727,562.1445784438727,0.005321028082800661,3468.897;3599.944;3246.375;2113.251;423.947;0.022;1322.368;1144.716;1391.910;1656.211;2417.836;1965.205;2997.040;3226.353;2308.111;1575.699;786.037;3599.684;1004.625;560.258;-0.079;3600.073;91.942;1007.977;0.059;457.100;1412.031;3600.013;698.505;3600.065;271.365;1094.299;838.873;3250.162;3599.829;678.505;1473.807;894.272;2885.006;2345.799;-0.033;2743.423;2871.868;-0.038;1352.789;3205.083;3599.862;2370.017;0.013;1692.029;386.940;2124.951;591.813;0.254;1855.113;0.015;3042.149;3598.783;3411.038;1229.099;2378.375;2551.024;1742.590;1799.985;0.056;1.411;1267.143;1572.668;427.010;1997.462;1923.440;2614.753;897.357;1161.316;3599.820;2185.553;2748.936;1951.593;3041.615;2444.132;3599.430;453.134;922.948;1481.060;1809.812;2798.220;3326.841;2323.534;3599.421;2768.775;265.127;2163.888;2206.822;2787.516;3228.481;481.689;380.745;2935.073;0.095;3478.091,1350.753;3600.265;3599.475;462.796;3600.036;2808.108;487.689;2721.417;3599.807;2900.045;0.072;1935.043;1337.167;-0.177;3599.863;3151.157;595.735;2396.128;1847.018;1290.608;1841.445;1921.688;3398.386;0.014;2463.668;1963.354;184.786;371.676;2520.734;3321.163;0.257;1562.476;3589.533;1698.810;1070.841;950.910;0.294;247.643;2347.053;2213.210;2124.730;1052.253;3412.471;3598.946;2214.618;2755.897;2898.094;1255.397;804.067;811.538;730.539;1644.437;0.897;1260.000;2199.644;1524.501;2088.362;2608.818;3210.315;1156.915;605.293;1627.281;2597.482;306.531;419.416;1071.112;841.860;1772.166;2329.414;1132.885;3598.844;2876.610;2126.825;1374.386;1.191;2505.604;2602.812;-0.147;3083.940;3270.668;2158.596;2854.550;3216.335;3398.235;1399.010;9.699;883.939;180.606;1632.157;1847.440;3122.681;3029.478;872.578;3599.795;257.148;1666.977;346.254;689.301;0.355;629.597
447,811.8413326740265,446,-562.1459751363897,562.1459751363897,0.006303202784903679,3469.187;3599.818;3246.156;2112.972;423.662;-0.215;1322.357;1144.429;1392.025;1655.933;2418.077;1965.125;2997.087;3226.604;2308.337;1575.800;786.076;3599.426;1004.660;560.097;0.170;3599.860;91.746;1007.724;-0.174;457.287;1412.283;3599.903;698.668;3599.961;271.608;1094.580;839.144;3250.306;3599.726;678.247;1473.553;894.450;2884.747;2345.699;0.241;2743.164;2871.587;0.147;1352.945;3205.368;3599.867;2370.306;0.001;1692.314;386.728;2125.196;591.828;0.289;1855.296;-0.037;3042.318;3598.997;3411.314;1228.955;2378.539;2550.759;1742.731;1799.977;-0.229;1.264;1267.120;1572.412;427.112;1997.470;1923.487;2614.714;897.633;1161.030;3600.030;2185.632;2749.210;1951.702;3041.689;2443.872;3599.707;453.417;922.788;1481.244;1809.564;2798.506;3326.708;2323.640;3599.219;2768.562;265.093;2163.835;2207.073;2787.779;3228.210;481.868;380.898;2934.852;0.042;3478.372,1350.885;3600.014;3599.752;462.599;3599.861;2808.256;487.912;2721.702;3599.953;2899.805;0.072;1934.999;1337.202;0.101;3599.915;3150.965;595.680;2395.920;1846.777;1290.426;1841.730;1921.905;3398.157;-0.262;2463.681;1963.127;185.029;371.390;2520.930;3321.434;0.021;1562.750;3589.573;1698.721;1070.594;950.650;0.034;247.565;2346.811;2213.314;2124.720;1051.969;3412.220;3599.109;2214.573;2756.017;2897.886;1255.359;804.009;811.661;730.528;1644.329;1.150;1260.151;2199.859;1524.770;2088.098;2608.573;3210.061;1156.635;605.526;1627.309;2597.662;306.260;419.303;1071.390;842.100;1771.928;2329.690;1133.168;3598.953;2876.330;2126.807;1374.121;1.403;2505.850;2602.952;0.126;3084.218;3270.668;2158.717;2854.648;3216.573;3397.986;1399.039;9.605;884.220;180.845;1632.395;1847.155;3122.404;3029.436;872.455;3600.026;257.102;1666.710;346.072;689.015;0.242;629.811
448,813.6977589130402,447,-562.152434775915,562.152434775915,0.008408466248539593,3469.446;3599.843;3245.874;2113.214;423.381;0.055;1322.122;1144.230;1392.034;1655.988;2417.806;1965.293;2997.347;3226.349;2308.227;1575.557;786.289;3599.659;1004.930;559.852;-0.009;3599.929;91.972;1007.475;0.097;457.065;1412.288;3600.057;698.407;3600.219;271.674;1094.613;838.898;3250.581;3599.711;678.281;1473.664;894.729;2884.936;2345.423;0.179;2742.892;2871.420;0.261;1353.093;3205.213;3600.080;2370.440;-0.051;1692.048;386.749;2124.985;591.551;0.448;1855.577;0.228;3042.048;3599.279;3411.579;1228.957;2378.484;2550.549;1742.532;1799.712;0.039;0.984;1267.029;1572.546;426.879;1997.738;1923.763;2614.987;897.661;1160.873;3599.915;2185.906;2749.055;1951.628;3041.428;2443.590;3599.989;453.186;923.030;1480.979;1809.777;2798.271;3326.978;2323.739;3598.937;2768.830;265.355;2163.565;2207.336;2787.985;3228.351;481.981;380.683;2935.104;-0.156;3478.225,1350.614;3600.182;3599.562;462.871;3600.035;2808.529;487.683;2721.986;3600.217;2899.635;-0.197;1934.743;1337.356;0.019;3599.985;3151.006;595.910;2396.179;1846.995;1290.193;1841.984;1922.187;3398.387;0.005;2463.443;1963.207;184.962;371.145;2520.658;3321.678;-0.261;1562.731;3589.784;1698.831;1070.445;950.875;-0.076;247.828;2347.031;2213.073;2124.489;1051.684;3412.423;3599.131;2214.430;2755.801;2897.616;1255.109;803.885;811.410;730.768;1644.430;0.904;1260.096;2199.848;1525.007;2087.814;2608.743;3209.861;1156.366;605.376;1627.585;2597.942;305.984;419.336;1071.152;842.251;1772.166;2329.860;1133.452;3599.081;2876.293;2126.535;1374.118;1.566;2505.879;2603.175;0.044;3084.296;3270.876;2158.515;2854.450;3216.849;3397.709;1399.306;9.381;884.501;181.068;1632.677;1846.943;3122.178;3029.224;872.179;3600.278;256.834;1666.948;346.215;688.929;-0.022;629.627
449,815.5835592746735,448,-562.1503825961344,562.1503825961344,0.006148627797253452,3469.198;3600.100;3245.764;2113.453;423.104;-0.047;1321.866;1144.478;1392.106;1656.219;2417.680;1965.561;2997.596;3226.520;2307.953;1575.452;786.027;3599.919;1004.694;559.574;0.070;3599.683;92.234;1007.691;0.094;456.790;1412.547;3599.801;698.575;3599.973;271.946;1094.885;839.101;3250.393;3599.472;678.548;1473.488;894.571;2885.212;2345.144;-0.089;2743.143;2871.680;0.035;1353.348;3204.938;3599.813;2370.169;0.070;1692.051;387.020;2124.708;591.656;0.194;1855.440;0.035;3041.853;3599.558;3411.539;1228.709;2378.755;2550.815;1742.784;1799.437;0.187;0.838;1267.179;1572.818;426.602;1997.916;1923.797;2614.950;897.392;1160.598;3600.177;2186.185;2749.253;1951.528;3041.154;2443.662;3600.191;452.957;922.781;1480.711;1810.033;2798.100;3327.257;2323.496;3599.185;2769.095;265.545;2163.765;2207.087;2788.137;3228.096;482.255;380.418;2934.840;0.110;3478.483,1350.746;3599.951;3599.293;463.094;3599.774;2808.726;487.417;2721.825;3599.955;2899.527;0.056;1934.942;1337.125;-0.054;3600.232;3151.278;595.708;2395.988;1846.800;1290.422;1841.776;1922.010;3398.615;0.004;2463.711;1963.478;184.787;371.305;2520.503;3321.773;-0.000;1563.002;3590.061;1698.830;1070.687;951.142;0.121;248.102;2347.278;2212.840;2124.733;1051.857;3412.250;3599.304;2214.694;2755.534;2897.455;1254.920;804.137;811.642;730.910;1644.174;0.626;1260.329;2199.739;1524.771;2088.015;2609.013;3210.117;1156.321;605.102;1627.781;2598.105;306.221;419.584;1070.875;841.984;1772.436;2329.593;1133.274;3599.355;2876.548;2126.571;1373.915;1.326;2505.651;2603.452;-0.181;3084.039;3271.153;2158.238;2854.175;3216.704;3397.430;1399.191;9.346;884.283;180.843;1632.506;1847.197;3121.902;3029.430;872.409;3600.011;256.556;1667.133;346.490;688.762;-0.116;629.356
450,817.2890713214874,449,-562.1528746504113,562.1528746504113,0.006609843024476598,3469.349;3599.892;3245.497;2113.312;423.271;0.179;1321.595;1144.388;1391.851;1656.243;2417.475;1965.836;2997.580;3226.268;2307.684;1575.635;786.086;3600.080;1004.466;559.631;0.065;3599.437;92.272;1007.963;-0.103;457.027;1412.378;3599.718;698.841;3600.122;272.192;1095.160;839.247;3250.154;3599.685;678.628;1473.675;894.775;2885.065;2344.892;0.137;2743.410;2871.938;-0.234;1353.622;3204.728;3599.784;2370.104;-0.192;1692.238;386.853;2124.512;591.395;-0.062;1855.215;-0.220;3042.071;3599.832;3411.279;1228.936;2378.526;2550.723;1743.058;1799.692;0.251;0.962;1267.215;1572.616;426.339;1997.665;1923.560;2615.218;897.119;1160.323;3599.924;2186.260;2749.505;1951.409;3040.930;2443.930;3599.929;453.209;922.688;1480.567;1809.791;2798.353;3327.310;2323.727;3599.166;2769.085;265.289;2163.505;2207.324;2788.407;3228.281;482.422;380.608;2934.823;-0.098;3478.736,1350.533;3599.751;3599.427;463.274;3599.761;2808.544;487.336;2721.877;3599.888;2899.260;-0.063;1935.213;1337.353;0.171;3599.965;3151.197;595.868;2396.139;1846.553;1290.178;1841.506;1921.751;3398.630;-0.158;2463.973;1963.469;184.989;371.106;2520.278;3321.512;0.069;1563.259;3590.059;1698.568;1070.433;951.068;0.133;247.891;2347.531;2212.567;2124.721;1052.117;3412.179;3599.575;2214.967;2755.259;2897.488;1255.144;804.295;811.408;731.170;1643.900;0.643;1260.601;2200.003;1524.684;2087.817;2608.851;3210.384;1156.058;604.951;1627.895;2597.862;306.259;419.858;1070.695;841.738;1772.399;2329.752;1133.172;3599.628;2876.764;2126.385;1373.691;1.053;2505.442;2603.717;0.081;3083.804;3270.936;2158.255;2853.908;3216.541;3397.626;1399.403;9.603;884.528;181.076;1632.692;1847.447;3122.137;3029.702;872.536;3600.078;256.338;1667.089;346.270;688.492;0.149;629.151
451,819.1319053173065,450,-562.1553255596757,562.1553255596757,0.0045456953097230525,3469.120;3600.136;3245.491;2113.278;423.030;-0.003;1321.486;1144.308;1392.084;1656.503;2417.210;1965.820;2997.339;3226.095;2307.532;1575.376;785.828;3599.865;1004.216;559.543;-0.194;3599.684;92.044;1007.873;0.100;456.961;1412.233;3599.712;699.075;3599.880;272.458;1095.070;839.330;3249.888;3599.497;678.891;1473.584;895.038;2885.299;2344.887;-0.087;2743.361;2872.194;0.025;1353.372;3204.472;3599.636;2369.871;0.048;1692.496;387.108;2124.673;591.447;0.193;1855.377;0.041;3042.322;3600.032;3411.011;1229.165;2378.622;2550.948;1742.898;1799.958;0.105;0.908;1266.955;1572.534;426.279;1997.448;1923.296;2615.184;897.167;1160.399;3599.922;2186.482;2749.758;1951.670;3040.665;2443.810;3599.703;453.180;922.437;1480.788;1809.909;2798.570;3327.552;2323.982;3599.425;2768.830;265.315;2163.285;2207.155;2788.676;3228.325;482.244;380.355;2935.069;0.026;3479.001,1350.590;3599.519;3599.687;463.325;3600.022;2808.593;487.595;2721.620;3600.070;2899.053;-0.124;1935.480;1337.370;0.142;3599.936;3150.942;595.606;2396.060;1846.548;1290.023;1841.270;1921.612;3398.376;0.088;2464.117;1963.351;185.256;370.932;2520.032;3321.334;-0.090;1563.406;3589.805;1698.298;1070.424;950.825;-0.099;247.652;2347.800;2212.499;2124.554;1051.885;3411.915;3599.817;2215.230;2755.455;2897.249;1255.412;804.039;811.199;731.438;1643.968;0.416;1260.754;2199.822;1524.455;2087.579;2608.733;3210.607;1156.245;604.694;1627.636;2597.597;306.319;419.706;1070.432;841.969;1772.472;2329.932;1132.924;3599.838;2876.514;2126.618;1373.940;0.816;2505.701;2603.917;-0.033;3083.762;3271.039;2158.047;2853.640;3216.560;3397.883;1399.412;9.389;884.710;181.332;1632.954;1847.715;3122.150;3029.969;872.741;3599.903;256.521;1666.826;346.500;688.551;0.294;628.884
452,821.0010702610016,451,-562.1593073545497,562.1593073545497,0.007407771712900994,3468.992;3599.905;3245.238;2113.021;422.938;-0.181;1321.230;1144.064;1391.839;1656.763;2417.456;1966.060;2997.075;3226.039;2307.272;1575.539;785.744;3599.605;1004.471;559.288;0.061;3599.513;92.297;1008.129;-0.099;457.194;1411.975;3599.967;699.306;3599.923;272.428;1095.247;839.590;3250.124;3599.754;679.143;1473.345;894.827;2885.487;2345.076;0.143;2743.602;2872.458;-0.120;1353.145;3204.669;3599.820;2369.617;0.117;1692.761;386.963;2124.934;591.199;0.402;1855.125;0.028;3042.408;3600.289;3411.224;1229.428;2378.690;2551.130;1742.650;1799.741;-0.099;0.650;1266.705;1572.777;426.028;1997.185;1923.035;2615.407;896.929;1160.224;3600.090;2186.246;2749.930;1951.935;3040.453;2444.040;3599.811;453.263;922.173;1481.050;1809.666;2798.349;3327.328;2323.728;3599.328;2768.576;265.073;2163.025;2207.391;2788.471;3228.103;482.480;380.553;2935.333;-0.188;3478.853,1350.829;3599.762;3599.952;463.101;3600.218;2808.335;487.468;2721.779;3599.839;2899.302;0.126;1935.745;1337.114;-0.117;3600.071;3151.085;595.468;2396.310;1846.293;1290.232;1841.036;1921.421;3398.552;0.094;2464.274;1963.323;185.045;371.181;2519.773;3321.072;0.140;1563.588;3589.631;1698.533;1070.304;950.576;0.156;247.389;2348.008;2212.705;2124.293;1051.632;3411.680;3599.634;2215.239;2755.237;2896.985;1255.194;804.272;810.937;731.252;1643.741;0.580;1260.645;2199.560;1524.194;2087.324;2608.988;3210.744;1156.165;604.665;1627.493;2597.809;306.109;419.959;1070.167;842.219;1772.730;2330.191;1133.153;3599.984;2876.250;2126.879;1373.756;0.958;2505.904;2603.845;-0.122;3083.997;3270.848;2157.797;2853.853;3216.762;3397.676;1399.671;9.642;884.972;181.171;1632.760;1847.965;3122.401;3030.229;872.998;3600.046;256.782;1666.573;346.303;688.307;0.065;628.619
453,822.8960475921631,452,-562.1600773712714,562.1600773712714,0.005276216570763102,3469.158;3600.012;3245.073;2113.246;423.167;0.069;1321.270;1144.150;1391.734;1657.002;2417.405;1965.887;2997.295;3225.790;2307.307;1575.295;785.902;3599.802;1004.679;559.434;-0.011;3599.278;92.494;1008.214;0.141;456.992;1411.716;3600.210;699.113;3600.142;272.177;1095.193;839.534;3250.237;3599.944;679.400;1473.594;895.018;2885.744;2344.969;0.230;2743.733;2872.417;0.068;1353.331;3204.787;3599.628;2369.816;0.001;1692.844;387.080;2125.125;590.941;0.164;1854.949;-0.045;3042.234;3600.042;3411.466;1229.442;2378.439;2550.944;1742.652;1799.833;0.149;0.807;1266.937;1573.030;425.768;1996.964;1923.144;2615.640;896.780;1160.245;3599.847;2186.003;2749.712;1951.759;3040.196;2444.226;3600.063;453.127;922.174;1481.291;1809.549;2798.515;3327.080;2323.593;3599.135;2768.684;264.978;2162.885;2207.388;2788.304;3228.351;482.739;380.504;2935.443;0.050;3478.610,1350.590;3599.822;3600.116;463.331;3599.968;2808.406;487.504;2721.542;3599.929;2899.561;-0.019;1935.988;1337.020;0.095;3599.848;3151.336;595.262;2396.541;1846.041;1290.466;1840.952;1921.669;3398.797;-0.131;2464.514;1963.069;184.801;371.440;2519.513;3321.228;0.083;1563.840;3589.417;1698.624;1070.051;950.338;0.370;247.287;2348.265;2212.468;2124.052;1051.520;3411.624;3599.850;2215.198;2754.987;2897.020;1255.226;804.425;810.698;731.433;1643.896;0.382;1260.857;2199.492;1523.934;2087.160;2609.242;3210.989;1155.959;604.783;1627.341;2597.996;306.327;420.091;1069.931;842.358;1772.799;2330.248;1132.969;3600.194;2876.195;2127.138;1373.601;0.718;2506.112;2603.591;0.124;3083.776;3270.592;2157.540;2853.691;3216.512;3397.693;1399.919;9.506;885.205;180.947;1632.870;1848.157;3122.661;3030.446;872.805;3599.995;256.903;1666.370;346.087;688.053;0.168;628.515
454,824.6036336421967,453,-562.1630484756741,562.1630484756741,0.005163827611279051,3469.410;3599.808;3245.271;2113.083;423.023;0.114;1321.495;1143.908;1391.968;1656.779;2417.471;1965.684;2997.074;3226.019;2307.554;1575.185;786.149;3599.600;1004.452;559.685;-0.172;3599.499;92.296;1007.975;0.071;457.100;1411.875;3599.964;699.350;3599.922;272.254;1095.437;839.502;3250.227;3599.874;679.268;1473.397;895.271;2885.540;2344.989;0.070;2743.973;2872.260;0.054;1353.557;3204.548;3599.752;2370.067;-0.004;1693.083;386.849;2124.913;590.731;-0.080;1855.192;0.155;3042.477;3599.905;3411.278;1229.200;2378.510;2550.710;1742.815;1800.082;-0.040;1.027;1266.766;1572.803;425.526;1996.712;1923.373;2615.894;896.976;1160.010;3599.975;2186.194;2749.459;1951.507;3039.963;2444.432;3599.948;453.371;922.380;1481.473;1809.299;2798.767;3326.866;2323.676;3598.894;2768.915;264.729;2162.634;2207.629;2788.522;3228.155;482.962;380.738;2935.213;-0.027;3478.847,1350.349;3600.068;3599.875;463.538;3599.969;2808.221;487.260;2721.553;3599.979;2899.668;-0.158;1935.999;1337.209;-0.028;3600.057;3151.591;595.501;2396.795;1845.788;1290.286;1841.197;1921.903;3398.993;0.103;2464.757;1963.290;185.024;371.221;2519.729;3321.389;0.305;1564.095;3589.662;1698.840;1069.796;950.250;0.172;247.036;2348.048;2212.373;2123.799;1051.730;3411.383;3599.700;2214.950;2754.732;2897.185;1255.002;804.673;810.787;731.201;1643.649;0.621;1261.102;2199.725;1523.977;2086.908;2609.452;3210.807;1155.708;605.027;1627.583;2598.248;306.579;420.340;1070.134;842.114;1773.048;2330.414;1133.011;3599.946;2876.439;2127.386;1373.356;0.841;2505.886;2603.376;-0.033;3083.946;3270.354;2157.479;2853.921;3216.258;3397.924;1399.855;9.257;885.451;180.719;1632.659;1848.409;3122.801;3030.213;873.005;3600.238;257.150;1666.498;345.833;687.798;-0.072;628.751
455,826.4643580913544,454,-562.1652377490866,562.1652377490866,0.008269741462545143,3469.250;3600.012;3245.047;2113.304;423.158;-0.038;1321.276;1143.659;1391.770;1656.532;2417.713;1965.892;2997.283;3225.872;2307.341;1574.978;785.982;3599.355;1004.577;559.497;0.062;3599.501;92.520;1008.191;-0.116;457.130;1412.080;3600.093;699.282;3599.696;272.119;1095.429;839.744;3250.006;3600.084;679.286;1473.170;895.090;2885.709;2344.745;0.303;2744.205;2872.498;-0.179;1353.806;3204.751;3599.826;2370.282;-0.226;1693.316;387.042;2124.687;590.491;-0.050;1854.988;-0.057;3042.714;3599.936;3411.518;1229.405;2378.269;2550.914;1743.062;1800.112;0.117;1.248;1266.533;1572.994;425.441;1996.498;1923.147;2616.091;896.751;1160.068;3600.165;2186.290;2749.677;1951.668;3039.714;2444.676;3600.053;453.153;922.145;1481.720;1809.121;2798.989;3326.645;2323.442;3599.107;2769.163;264.840;2162.861;2207.423;2788.298;3228.194;483.113;380.925;2935.198;-0.209;3478.696,1350.559;3599.939;3600.028;463.321;3600.184;2808.098;487.376;2721.795;3600.221;2899.902;0.085;1936.241;1336.970;0.003;3599.900;3151.674;595.292;2396.701;1845.760;1290.518;1841.448;1921.735;3398.769;-0.069;2465.007;1963.060;185.187;371.267;2519.602;3321.635;0.125;1564.183;3589.583;1698.999;1069.994;950.005;-0.034;246.964;2348.045;2212.605;2123.567;1051.590;3411.133;3599.576;2214.756;2754.764;2897.421;1254.755;804.835;810.915;731.209;1643.799;0.473;1260.870;2199.571;1524.194;2087.098;2609.492;3210.559;1155.807;605.276;1627.432;2598.499;306.344;420.420;1070.086;842.281;1772.865;2330.281;1132.787;3599.969;2876.214;2127.618;1373.108;0.796;2506.047;2603.139;-0.250;3084.193;3270.563;2157.235;2853.806;3216.237;3397.684;1400.093;9.201;885.666;180.950;1632.418;1848.230;3122.584;3030.275;873.253;3599.999;257.185;1666.256;345.720;687.558;0.050;628.564
456,828.344179391861,455,-562.1606335881037,562.1606335881037,0.0062465573476299845,3469.425;3600.011;3244.935;2113.183;423.400;-0.054;1321.141;1143.792;1391.553;1656.334;2417.949;1965.772;2997.214;3225.661;2307.483;1575.093;786.213;3599.165;1004.507;559.664;0.073;3599.332;92.327;1008.201;0.119;457.368;1412.324;3599.917;699.060;3599.644;271.903;1095.521;839.828;3250.153;3599.954;679.048;1472.925;894.866;2885.523;2344.965;0.130;2744.020;2872.704;0.041;1353.639;3204.987;3600.067;2370.506;0.012;1693.113;386.841;2124.872;590.710;0.179;1855.112;0.160;3042.513;3600.158;3411.340;1229.282;2378.432;2551.156;1742.990;1799.924;0.053;1.086;1266.592;1572.951;425.668;1996.622;1923.354;2615.891;896.976;1159.960;3599.932;2186.051;2749.463;1951.826;3039.881;2444.446;3599.882;453.184;922.268;1481.965;1809.247;2798.793;3326.400;2323.302;3599.076;2769.245;264.999;2162.750;2207.412;2788.094;3228.409;482.889;380.724;2935.436;0.026;3478.657,1350.799;3600.166;3600.060;463.351;3599.956;2807.858;487.163;2721.886;3599.985;2899.695;0.054;1936.404;1336.728;-0.233;3600.043;3151.723;595.351;2396.821;1845.983;1290.752;1841.318;1921.866;3398.573;0.099;2464.788;1963.226;184.963;371.499;2519.415;3321.750;-0.113;1563.962;3589.750;1699.242;1070.012;950.181;-0.183;247.175;2348.176;2212.844;2123.541;1051.348;3411.149;3599.339;2214.512;2754.601;2897.664;1254.921;805.066;810.697;730.975;1643.764;0.362;1260.653;2199.567;1524.018;2087.144;2609.732;3210.316;1155.580;605.504;1627.612;2598.570;306.156;420.622;1069.990;842.293;1772.623;2330.516;1133.020;3600.042;2876.167;2127.862;1372.862;1.018;2505.842;2603.323;-0.014;3084.366;3270.750;2157.315;2854.016;3216.474;3397.736;1400.045;9.427;885.876;180.856;1632.172;1848.004;3122.663;3030.068;873.277;3600.036;257.098;1666.350;345.636;687.752;-0.167;628.332
457,830.2508034706116,456,-562.1586752436936,562.1586752436936,0.004607144597981587,3469.647;3599.777;3244.699;2112.971;423.639;0.135;1321.319;1143.900;1391.596;1656.319;2418.190;1965.535;2996.980;3225.892;2307.706;1575.330;786.426;3599.162;1004.739;559.899;0.198;3599.564;92.201;1008.289;0.084;457.609;1412.260;3599.977;698.823;3599.878;271.663;1095.289;840.059;3250.390;3600.188;678.845;1472.738;894.625;2885.745;2345.206;-0.104;2743.780;2872.498;-0.125;1353.402;3205.228;3599.867;2370.712;0.188;1693.257;386.601;2125.110;590.884;0.250;1854.925;-0.045;3042.482;3599.935;3411.148;1229.047;2378.555;2551.018;1742.773;1799.685;-0.165;0.854;1266.786;1573.171;425.825;1996.421;1923.216;2615.653;897.167;1160.195;3600.085;2185.810;2749.413;1952.063;3040.106;2444.280;3600.087;452.957;922.065;1481.863;1809.473;2798.556;3326.159;2323.064;3599.246;2769.011;264.798;2162.517;2207.624;2787.876;3228.179;482.836;380.955;2935.678;0.042;3478.872,1350.950;3600.036;3599.851;463.587;3599.925;2807.630;486.950;2722.088;3599.915;2899.843;0.210;1936.477;1336.571;-0.007;3599.890;3151.954;595.554;2396.671;1846.213;1290.992;1841.108;1921.635;3398.762;0.177;2464.970;1963.079;184.728;371.740;2519.175;3321.573;0.101;1563.722;3589.987;1699.353;1070.104;950.387;0.051;246.967;2347.951;2213.080;2123.471;1051.120;3411.381;3599.097;2214.274;2754.452;2897.906;1255.159;805.306;810.557;730.964;1643.544;0.516;1260.786;2199.722;1523.792;2087.368;2609.964;3210.304;1155.340;605.637;1627.851;2598.725;306.055;420.861;1069.755;842.062;1772.673;2330.383;1133.184;3599.981;2875.963;2128.104;1373.088;1.085;2505.602;2603.092;0.075;3084.141;3270.518;2157.190;2853.886;3216.349;3397.962;1400.274;9.299;885.692;180.623;1631.941;1848.215;3122.899;3030.248;873.043;3599.875;257.324;1666.221;345.399;687.656;0.044;628.352
458,831.9676971435547,457,-562.1597169185022,562.1597169185022,0.0043097049185184975,3469.620;3599.853;3244.515;2112.740;423.870;0.263;1321.096;1143.692;1391.367;1656.101;2418.384;1965.683;2996.787;3225.864;2307.796;1575.490;786.648;3599.387;1004.771;559.728;0.025;3599.503;92.363;1008.518;0.104;457.846;1412.072;3600.075;699.006;3599.985;271.818;1095.376;840.268;3250.284;3600.022;679.058;1472.946;894.522;2885.972;2345.274;0.108;2743.937;2872.709;0.018;1353.436;3205.371;3599.850;2370.710;0.035;1693.454;386.386;2125.216;590.882;0.479;1855.083;0.036;3042.258;3599.999;3410.948;1229.229;2378.767;2551.242;1742.925;1799.530;0.063;0.636;1266.560;1573.367;425.605;1996.199;1922.982;2615.587;896.954;1160.237;3599.892;2185.649;2749.471;1952.251;3040.285;2444.369;3599.865;452.730;922.044;1481.758;1809.287;2798.371;3326.002;2322.838;3599.085;2768.892;264.568;2162.593;2207.855;2787.640;3228.290;482.610;380.893;2935.743;-0.090;3478.961,1351.155;3600.053;3600.058;463.819;3599.957;2807.394;486.714;2722.081;3600.000;2900.077;0.118;1936.710;1336.363;-0.058;3599.671;3151.849;595.335;2396.449;1846.198;1291.227;1841.303;1921.399;3398.996;-0.036;2465.167;1962.847;184.631;371.954;2518.943;3321.771;-0.088;1563.498;3590.108;1699.568;1069.883;950.159;0.140;246.918;2347.714;2213.225;2123.239;1051.213;3411.617;3598.867;2214.039;2754.219;2898.133;1255.043;805.543;810.729;730.896;1643.314;0.706;1260.610;2199.515;1523.663;2087.603;2610.197;3210.248;1155.334;605.489;1627.949;2598.954;306.247;421.096;1069.518;841.861;1772.861;2330.588;1133.340;3600.206;2875.956;2128.328;1373.264;0.897;2505.743;2602.897;-0.077;3083.916;3270.341;2157.412;2854.088;3216.125;3397.928;1400.482;9.463;885.908;180.397;1631.742;1848.435;3123.020;3030.043;873.011;3600.035;257.560;1665.991;345.464;687.448;-0.107;628.181
459,833.8368091583252,458,-562.1612257665043,562.1612257665043,0.00707752016321735,3469.842;3599.643;3244.600;2112.584;424.037;0.038;1321.052;1143.460;1391.566;1655.912;2418.172;1965.898;2996.566;3226.062;2308.021;1575.299;786.878;3599.170;1004.623;559.897;0.212;3599.285;92.151;1008.308;-0.101;458.066;1412.252;3599.850;698.935;3600.209;271.631;1095.182;840.055;3250.498;3599.857;678.917;1473.172;894.683;2885.913;2345.098;-0.007;2744.047;2872.500;0.237;1353.450;3205.256;3599.638;2370.483;-0.188;1693.685;386.154;2125.092;590.657;0.637;1855.313;0.219;3042.062;3600.150;3411.136;1229.324;2378.738;2551.169;1743.116;1799.610;0.056;0.799;1266.772;1573.529;425.375;1995.967;1922.767;2615.811;896.788;1160.063;3600.074;2185.855;2749.664;1952.030;3040.510;2444.597;3600.076;452.948;922.266;1481.530;1809.056;2798.383;3326.122;2323.042;3598.855;2768.922;264.336;2162.373;2208.087;2787.837;3228.086;482.804;381.111;2935.684;0.127;3479.186,1350.933;3599.843;3599.990;464.045;3599.782;2807.570;486.645;2722.287;3600.225;2899.926;-0.105;1936.767;1336.574;0.122;3599.740;3151.937;595.121;2396.664;1846.065;1291.082;1841.096;1921.437;3399.052;0.075;2465.333;1962.998;184.508;372.149;2518.781;3321.596;0.061;1563.614;3590.334;1699.606;1069.651;950.234;-0.023;247.139;2347.907;2213.007;2123.428;1051.366;3411.666;3599.077;2214.202;2754.193;2898.112;1255.012;805.366;810.510;731.121;1643.322;0.481;1260.830;2199.730;1523.434;2087.514;2610.037;3210.472;1155.439;605.259;1627.798;2598.840;306.478;421.272;1069.370;841.677;1773.090;2330.820;1133.126;3599.986;2875.931;2128.189;1373.074;0.668;2505.749;2603.086;0.095;3083.690;3270.125;2157.190;2853.874;3216.111;3397.707;1400.659;9.246;886.135;180.607;1631.888;1848.657;3122.858;3030.251;873.012;3600.260;257.349;1666.118;345.649;687.599;0.104;627.950
460,835.727468252182,459,-562.1613417918657,562.1613417918657,0.005741217521410286,3470.067;3599.650;3244.824;2112.377;424.260;-0.139;1321.186;1143.528;1391.366;1655.686;2418.201;1965.837;2996.634;3226.036;2308.243;1575.084;787.092;3598.953;1004.398;559.990;0.134;3599.447;91.956;1008.178;0.117;458.099;1412.474;3599.827;698.982;3599.996;271.563;1095.344;839.886;3250.629;3599.742;678.711;1473.039;894.849;2885.752;2345.236;-0.218;2744.269;2872.335;0.248;1353.651;3205.376;3599.533;2370.283;0.016;1693.846;385.998;2124.883;590.660;0.462;1855.473;0.392;3042.226;3599.935;3411.352;1229.159;2378.543;2550.949;1742.907;1799.826;-0.067;1.018;1266.946;1573.325;425.458;1996.093;1922.557;2615.922;896.892;1159.887;3599.915;2185.888;2749.460;1951.826;3040.638;2444.673;3599.929;453.122;922.425;1481.741;1808.853;2798.603;3326.193;2323.187;3598.671;2769.118;264.147;2162.360;2208.102;2787.977;3228.181;482.751;381.124;2935.491;0.054;3479.402,1350.809;3599.619;3600.209;463.846;3599.998;2807.609;486.785;2722.082;3600.012;2900.107;0.102;1936.705;1336.638;-0.018;3599.610;3151.880;595.270;2396.496;1845.868;1291.142;1841.157;1921.648;3398.958;-0.123;2465.132;1962.873;184.681;371.981;2518.962;3321.763;0.120;1563.641;3590.121;1699.430;1069.586;950.100;-0.178;247.290;2347.730;2213.167;2123.333;1051.592;3411.883;3599.285;2214.382;2754.017;2898.267;1254.791;805.289;810.282;730.984;1643.541;0.342;1260.713;2199.831;1523.438;2087.547;2610.098;3210.328;1155.655;605.383;1627.574;2598.616;306.493;421.184;1069.514;841.888;1772.901;2330.993;1132.926;3599.974;2876.150;2128.140;1373.158;0.443;2505.569;2602.888;-0.048;3083.591;3270.111;2157.267;2853.979;3215.901;3397.906;1400.808;9.439;886.248;180.568;1632.014;1848.454;3122.656;3030.275;872.931;3600.042;257.447;1666.191;345.447;687.591;0.274;628.105
461,837.4360723495483,460,-562.1607220257918,562.1607220257918,0.002802079710027589,3470.254;3599.838;3244.744;2112.255;424.054;0.071;1321.382;1143.315;1391.292;1655.506;2418.232;1966.054;2996.854;3225.827;2308.163;1575.130;786.935;3598.920;1004.175;559.820;-0.085;3599.513;92.081;1007.969;0.228;457.889;1412.624;3600.005;698.764;3599.967;271.775;1095.270;839.921;3250.491;3599.571;678.491;1473.201;894.663;2885.933;2345.039;-0.006;2744.066;2872.183;0.286;1353.867;3205.589;3599.697;2370.115;0.091;1693.635;386.161;2124.936;590.865;0.241;1855.442;0.204;3042.448;3599.896;3411.565;1228.940;2378.320;2550.726;1742.837;1800.048;0.122;1.242;1267.111;1573.520;425.271;1996.307;1922.595;2615.733;897.112;1159.901;3599.978;2186.086;2749.249;1951.910;3040.859;2444.533;3599.925;453.070;922.633;1481.740;1809.043;2798.806;3326.411;2323.195;3598.452;2769.341;264.317;2162.358;2208.257;2788.139;3228.372;482.966;380.937;2935.268;-0.143;3479.205,1350.604;3599.811;3599.998;463.797;3600.110;2807.826;486.939;2722.274;3599.932;2900.306;0.014;1936.489;1336.430;0.032;3599.823;3152.098;595.161;2396.274;1845.646;1291.317;1841.363;1921.799;3398.742;0.093;2465.332;1962.739;184.903;371.769;2519.185;3321.985;0.336;1563.858;3590.292;1699.209;1069.802;950.255;0.039;247.089;2347.747;2213.353;2123.538;1051.812;3411.718;3599.251;2214.354;2754.173;2898.067;1254.662;805.481;810.486;731.152;1643.446;0.472;1260.492;2200.046;1523.233;2087.766;2609.907;3210.115;1155.873;605.332;1627.775;2598.590;306.661;420.966;1069.735;841.746;1773.083;2330.778;1132.702;3599.843;2876.372;2127.969;1373.374;0.501;2505.781;2602.935;0.113;3083.392;3270.327;2157.078;2853.803;3215.677;3398.031;1400.680;9.322;886.033;180.353;1632.235;1848.541;3122.579;3030.133;872.711;3599.914;257.629;1665.975;345.255;687.372;0.075;628.326
462,839.2952964305878,461,-562.1669350100176,562.1669350100176,0.005979255612554155,3470.471;3600.052;3244.937;2112.449;424.003;0.090;1321.600;1143.281;1391.437;1655.288;2418.414;1965.854;2997.051;3225.799;2308.374;1574.929;786.821;3599.041;1004.305;560.012;0.121;3599.705;91.870;1007.764;0.145;457.670;1412.841;3600.170;698.549;3600.048;271.588;1095.054;840.025;3250.506;3599.385;678.557;1473.000;894.701;2885.734;2345.235;0.018;2743.856;2871.966;0.324;1353.667;3205.809;3599.915;2370.325;0.050;1693.651;386.277;2125.137;591.076;0.151;1855.640;0.020;3042.618;3599.754;3411.371;1228.721;2378.171;2550.633;1742.622;1800.027;-0.022;1.156;1266.934;1573.698;425.423;1996.518;1922.410;2615.515;897.332;1159.705;3600.188;2185.924;2749.030;1951.818;3040.856;2444.316;3600.031;453.254;922.851;1481.902;1809.255;2798.980;3326.222;2323.380;3598.634;2769.523;264.315;2162.564;2208.086;2788.355;3228.297;482.853;380.765;2935.442;0.061;3479.408,1350.772;3599.757;3600.048;463.990;3599.946;2807.818;487.155;2722.089;3600.123;2900.383;-0.201;1936.272;1336.215;-0.178;3600.043;3151.891;594.945;2396.410;1845.848;1291.107;1841.582;1922.016;3398.522;0.070;2465.370;1962.523;185.104;371.552;2519.365;3322.016;0.556;1563.814;3590.120;1699.054;1069.944;950.395;-0.085;247.170;2347.540;2213.571;2123.712;1051.654;3411.875;3599.235;2214.147;2754.389;2897.848;1254.446;805.334;810.462;731.355;1643.652;0.271;1260.393;2199.892;1523.438;2087.810;2609.688;3209.895;1155.934;605.124;1627.756;2598.377;306.448;420.860;1069.900;841.952;1772.880;2330.686;1132.838;3599.979;2876.172;2127.766;1373.339;0.557;2505.931;2602.806;-0.079;3083.600;3270.539;2157.246;2853.952;3215.851;3398.244;1400.891;9.222;885.908;180.533;1632.455;1848.366;3122.785;3030.328;872.678;3600.075;257.780;1665.817;345.036;687.517;0.013;628.475
463,841.1777279376984,462,-562.1629964916023,562.1629964916023,0.003351645276570376,3470.650;3599.854;3244.760;2112.252;423.804;-0.073;1321.411;1143.462;1391.234;1655.483;2418.629;1966.021;2996.909;3226.008;2308.233;1575.127;786.920;3598.831;1004.508;559.812;0.043;3599.918;92.058;1007.926;-0.060;457.811;1412.649;3599.963;698.360;3599.900;271.468;1095.086;840.196;3250.716;3599.591;678.358;1473.168;894.493;2885.902;2345.432;-0.146;2743.737;2872.150;0.113;1353.504;3205.998;3600.050;2370.480;0.216;1693.854;386.088;2125.348;591.291;-0.055;1855.506;0.153;3042.428;3599.939;3411.559;1228.918;2378.005;2550.444;1742.566;1799.818;0.163;1.320;1266.730;1573.500;425.636;1996.690;1922.195;2615.357;897.222;1159.519;3599.985;2185.714;2749.155;1952.019;3041.050;2444.478;3599.914;453.458;922.661;1481.837;1809.216;2799.195;3326.097;2323.176;3598.510;2769.335;264.516;2162.457;2208.270;2788.155;3228.086;482.643;380.957;2935.652;-0.011;3479.475,1350.572;3599.638;3599.966;463.824;3600.145;2807.614;487.090;2722.010;3599.938;2900.576;-0.004;1936.149;1336.408;0.022;3599.845;3151.891;595.134;2396.622;1845.759;1290.893;1841.494;1922.213;3398.453;0.227;2465.163;1962.705;184.907;371.644;2519.577;3322.108;0.668;1563.972;3590.009;1699.184;1070.139;950.608;0.096;246.965;2347.549;2213.479;2123.746;1051.683;3412.039;3599.444;2214.344;2754.325;2897.745;1254.244;805.151;810.264;731.152;1643.863;0.221;1260.569;2199.679;1523.340;2087.601;2609.869;3209.747;1156.145;605.133;1627.551;2598.553;306.442;420.991;1069.882;842.136;1772.988;2330.750;1132.726;3599.971;2876.332;2127.552;1373.544;0.348;2505.731;2603.009;0.121;3083.738;3270.686;2157.433;2854.165;3215.774;3398.456;1400.758;9.284;885.710;180.356;1632.314;1848.154;3122.649;3030.137;872.856;3599.903;257.994;1665.995;344.827;687.650;0.167;628.325
464,842.8803408145905,463,-562.1693164988856,562.1693164988856,0.004147329230161384,3470.799;3599.979;3244.849;2112.041;423.736;0.126;1321.260;1143.259;1391.352;1655.521;2418.561;1966.174;2996.817;3226.110;2308.326;1575.339;786.795;3598.877;1004.333;559.963;0.030;3600.093;91.911;1007.735;0.126;457.765;1412.601;3599.947;698.504;3600.092;271.554;1095.275;840.407;3250.678;3599.721;678.451;1473.010;894.691;2886.094;2345.493;0.049;2743.879;2872.083;0.159;1353.294;3205.812;3599.849;2370.366;0.268;1694.059;385.920;2125.557;591.112;-0.038;1855.321;-0.052;3042.620;3599.783;3411.434;1228.924;2377.934;2550.267;1742.363;1799.996;0.027;1.518;1266.518;1573.686;425.614;1996.744;1921.983;2615.303;897.249;1159.310;3600.026;2185.850;2749.328;1951.869;3041.134;2444.659;3599.839;453.335;922.521;1481.631;1809.014;2799.395;3325.931;2323.362;3598.691;2769.146;264.319;2162.256;2208.311;2788.297;3227.995;482.503;381.161;2935.542;-0.201;3479.635,1350.698;3599.836;3600.136;463.617;3599.976;2807.402;487.238;2722.212;3600.024;2900.391;-0.076;1935.956;1336.431;0.034;3599.966;3151.711;595.229;2396.808;1845.895;1290.744;1841.584;1922.408;3398.248;0.159;2465.064;1962.804;184.719;371.440;2519.774;3321.905;0.494;1564.176;3589.978;1699.391;1069.987;950.674;0.180;246.826;2347.343;2213.661;2123.900;1051.745;3411.896;3599.591;2214.501;2754.503;2897.542;1254.037;805.346;810.081;730.949;1643.781;0.385;1260.423;2199.790;1523.541;2087.405;2609.747;3209.894;1156.336;605.083;1627.388;2598.601;306.251;421.200;1070.077;842.296;1772.811;2330.933;1132.878;3599.945;2876.531;2127.359;1373.394;0.372;2505.558;2602.981;0.011;3083.944;3270.590;2157.643;2854.376;3215.811;3398.289;1400.787;9.254;885.860;180.431;1632.109;1847.981;3122.840;3030.161;873.067;3599.989;258.153;1666.189;344.621;687.815;-0.006;628.488
465,844.718380689621,464,-562.173628406758,562.173628406758,0.007328474065845662,3471.003;3600.169;3244.849;2112.231;423.936;0.248;1321.068;1143.066;1391.423;1655.664;2418.376;1966.376;2996.640;3225.920;2308.168;1575.242;786.993;3599.002;1004.263;560.153;-0.146;3599.903;91.989;1007.790;0.040;457.938;1412.401;3600.139;698.317;3599.906;271.354;1095.112;840.226;3250.863;3599.877;678.510;1473.167;894.834;2886.119;2345.694;0.058;2744.080;2872.256;0.161;1353.344;3205.684;3599.952;2370.556;0.088;1694.258;385.713;2125.703;590.908;-0.238;1855.493;0.083;3042.640;3599.639;3411.594;1229.104;2377.731;2550.457;1742.534;1800.199;0.050;1.725;1266.319;1573.874;425.809;1996.542;1921.852;2615.487;897.394;1159.328;3599.875;2185.663;2749.331;1951.672;3040.935;2444.612;3600.035;453.130;922.703;1481.695;1808.805;2799.571;3325.727;2323.509;3598.880;2769.013;264.114;2162.203;2208.114;2788.247;3228.140;482.300;381.367;2935.693;-0.006;3479.437,1350.651;3600.042;3599.951;463.414;3600.104;2807.395;487.086;2722.419;3599.965;2900.197;0.074;1936.146;1336.254;-0.043;3600.111;3151.521;595.403;2396.901;1845.760;1290.804;1841.780;1922.614;3398.080;-0.041;2464.869;1962.988;184.911;371.242;2519.670;3322.035;0.301;1563.994;3590.105;1699.469;1070.169;950.563;0.209;246.628;2347.471;2213.589;2123.699;1051.544;3411.691;3599.603;2214.336;2754.431;2897.340;1253.863;805.497;809.979;730.783;1643.829;0.215;1260.224;2199.744;1523.740;2087.213;2609.921;3209.707;1156.277;605.286;1627.320;2598.801;306.043;421.396;1070.284;842.136;1772.897;2331.119;1133.084;3600.148;2876.459;2127.382;1373.196;0.255;2505.443;2603.180;-0.168;3084.152;3270.388;2157.610;2854.449;3215.824;3398.086;1400.986;9.051;886.064;180.627;1632.129;1847.777;3123.018;3029.975;873.274;3600.184;258.358;1666.123;344.479;687.629;-0.178;628.308
466,846.5845758914948,465,-562.1713305626507,562.1713305626507,0.006415670166153352,3470.812;3599.976;3244.999;2112.298;423.810;0.070;1320.876;1143.132;1391.232;1655.861;2418.564;1966.555;2996.638;3226.103;2307.966;1575.399;786.799;3599.095;1004.427;559.969;0.051;3599.845;92.177;1007.987;-0.006;457.751;1412.558;3599.961;698.184;3599.942;271.501;1094.921;840.409;3250.962;3600.069;678.708;1473.005;894.649;2886.317;2345.549;-0.111;2744.283;2872.458;-0.036;1353.435;3205.762;3599.854;2370.379;0.250;1694.461;385.880;2125.524;591.050;-0.055;1855.307;-0.093;3042.793;3599.729;3411.760;1229.302;2377.549;2550.658;1742.432;1800.069;0.175;1.771;1266.167;1573.784;426.012;1996.668;1921.763;2615.298;897.403;1159.498;3600.021;2185.497;2749.138;1951.854;3040.987;2444.422;3599.852;452.926;922.515;1481.877;1808.938;2799.758;3325.909;2323.371;3599.083;2769.112;264.251;2162.400;2207.916;2788.054;3227.948;482.367;381.195;2935.781;-0.022;3479.538,1350.827;3600.246;3599.898;463.261;3599.944;2807.458;486.887;2722.569;3599.881;2900.033;0.013;1936.231;1336.054;0.121;3599.920;3151.672;595.606;2396.815;1845.915;1290.992;1841.929;1922.725;3397.917;0.148;2464.960;1963.185;184.759;371.182;2519.856;3321.891;0.301;1563.828;3590.305;1699.666;1070.373;950.758;0.402;246.424;2347.623;2213.785;2123.779;1051.607;3411.780;3599.404;2214.134;2754.572;2897.138;1253.673;805.699;810.172;730.580;1643.633;0.100;1260.163;2199.548;1523.929;2087.306;2609.987;3209.586;1156.358;605.332;1627.518;2599.000;305.944;421.596;1070.466;841.934;1772.852;2330.926;1133.235;3599.953;2876.649;2127.238;1373.048;0.449;2505.242;2603.248;0.025;3084.179;3270.539;2157.543;2854.621;3215.630;3398.210;1400.814;8.864;885.885;180.479;1631.933;1847.591;3122.883;3029.805;873.361;3599.991;258.556;1666.318;344.309;687.503;-0.341;628.111
467,848.4764080047607,466,-562.1733529627003,562.1733529627003,0.0047138976295464175,3470.962;3599.853;3245.176;2112.140;423.787;0.008;1321.062;1143.254;1391.367;1655.677;2418.699;1966.384;2996.444;3226.100;2308.106;1575.565;786.911;3598.917;1004.609;560.117;0.127;3599.872;91.998;1007.850;-0.176;457.893;1412.714;3599.907;698.161;3600.122;271.685;1094.967;840.510;3251.158;3599.882;678.522;1472.812;894.553;2886.138;2345.738;0.075;2744.128;2872.311;0.077;1353.242;3205.959;3600.043;2370.357;0.059;1694.648;385.723;2125.703;591.184;0.026;1855.486;0.091;3042.990;3599.547;3411.572;1229.121;2377.720;2550.541;1742.235;1799.925;-0.019;1.952;1266.344;1573.590;425.878;1996.839;1921.587;2615.259;897.598;1159.465;3600.162;2185.302;2748.938;1951.984;3041.181;2444.583;3600.027;453.056;922.543;1482.033;1808.871;2799.946;3325.747;2323.299;3598.987;2768.923;264.276;2162.235;2207.927;2788.086;3227.786;482.222;381.100;2935.977;-0.002;3479.733,1350.754;3600.062;3600.085;463.065;3600.011;2807.282;487.061;2722.525;3600.051;2899.834;0.043;1936.079;1336.161;-0.023;3600.037;3151.554;595.515;2396.650;1846.025;1290.828;1841.922;1922.899;3397.719;0.130;2465.030;1963.053;184.809;371.257;2519.817;3321.697;0.108;1563.677;3590.261;1699.529;1070.284;950.622;0.229;246.369;2347.788;2213.843;2123.963;1051.429;3411.711;3599.455;2214.119;2754.770;2897.088;1253.849;805.571;810.152;730.542;1643.769;0.260;1260.332;2199.672;1524.099;2087.295;2609.807;3209.468;1156.172;605.359;1627.416;2598.843;305.763;421.537;1070.649;842.022;1772.659;2331.093;1133.429;3599.953;2876.478;2127.342;1372.856;0.450;2505.170;2603.399;0.002;3084.340;3270.391;2157.698;2854.553;3215.812;3398.372;1400.952;8.685;885.976;180.627;1632.076;1847.425;3123.075;3029.988;873.175;3600.011;258.501;1666.165;344.134;687.658;-0.146;628.214
468,850.1852986812592,467,-562.172824932556,562.172824932556,0.005360356654078729,3471.062;3599.872;3244.986;2112.297;423.617;-0.015;1320.983;1143.069;1391.378;1655.514;2418.526;1966.461;2996.252;3226.277;2308.183;1575.732;787.100;3598.888;1004.805;560.236;0.218;3600.062;92.054;1007.764;0.015;458.085;1412.735;3599.988;697.972;3599.952;271.840;1095.150;840.616;3251.352;3599.987;678.590;1472.760;894.388;2886.277;2345.766;-0.004;2744.213;2872.209;-0.027;1353.167;3206.030;3599.901;2370.496;0.057;1694.842;385.536;2125.892;591.043;-0.149;1855.461;0.246;3042.838;3599.665;3411.600;1228.962;2377.578;2550.694;1742.286;1800.069;-0.076;2.108;1266.532;1573.700;425.699;1996.672;1921.391;2615.443;897.602;1159.651;3599.973;2185.120;2748.819;1952.175;3041.327;2444.778;3599.853;452.950;922.715;1481.944;1808.750;2800.140;3325.650;2323.157;3598.887;2768.749;264.099;2162.043;2208.107;2788.044;3227.594;482.401;381.165;2936.091;-0.183;3479.636,1350.866;3600.033;3599.912;463.243;3599.850;2807.087;486.896;2722.591;3599.864;2900.000;-0.148;1936.261;1336.348;-0.206;3599.865;3151.738;595.691;2396.455;1845.864;1291.002;1842.103;1923.092;3397.893;0.144;2464.840;1963.074;184.626;371.121;2519.653;3321.860;-0.078;1563.482;3590.264;1699.713;1070.226;950.438;0.304;246.179;2347.605;2214.027;2123.786;1051.234;3411.878;3599.299;2213.931;2754.608;2897.277;1254.037;805.754;809.981;730.354;1643.587;0.453;1260.152;2199.806;1524.282;2087.103;2609.990;3209.626;1155.977;605.330;1627.378;2598.984;305.890;421.725;1070.840;841.840;1772.520;2331.264;1133.626;3599.982;2876.612;2127.535;1372.677;0.637;2505.281;2603.423;0.076;3084.162;3270.196;2157.826;2854.742;3215.696;3398.563;1401.146;8.831;886.129;180.483;1631.956;1847.586;3123.262;3029.811;872.999;3600.021;258.441;1666.257;343.938;687.817;-0.083;628.047
469,852.0422911643982,468,-562.1720552185775,562.1720552185775,0.005314471297993552,3471.247;3599.725;3245.082;2112.153;423.775;-0.204;1320.808;1143.193;1391.565;1655.604;2418.582;1966.317;2996.411;3226.409;2308.036;1575.557;787.293;3598.700;1004.642;560.113;0.042;3599.891;91.874;1007.576;-0.058;458.267;1412.548;3599.915;698.134;3599.895;271.663;1094.965;840.451;3251.457;3599.902;678.412;1472.938;894.197;2886.132;2345.760;-0.153;2744.029;2872.020;0.154;1353.349;3205.864;3600.013;2370.687;-0.101;1694.820;385.348;2125.719;590.877;0.022;1855.620;0.276;3042.726;3599.855;3411.787;1229.125;2377.419;2550.514;1742.460;1800.259;0.109;1.927;1266.693;1573.556;425.877;1996.834;1921.239;2615.635;897.785;1159.843;3599.993;2185.290;2748.925;1952.102;3041.163;2444.599;3599.973;453.131;922.544;1481.754;1808.559;2800.332;3325.650;2323.341;3598.732;2768.925;263.908;2162.131;2208.253;2788.231;3227.745;482.331;381.354;2935.913;0.000;3479.808,1350.687;3599.953;3599.969;463.079;3599.968;2807.233;486.719;2722.647;3600.026;2900.116;0.010;1936.332;1336.211;-0.019;3599.701;3151.926;595.878;2396.271;1845.673;1291.181;1841.918;1923.261;3397.739;-0.042;2464.647;1963.263;184.436;370.931;2519.836;3322.050;0.099;1563.289;3590.443;1699.635;1070.242;950.591;0.478;246.232;2347.673;2214.113;2123.596;1051.045;3411.696;3599.473;2213.824;2754.416;2897.457;1254.230;805.697;810.160;730.203;1643.526;0.306;1260.262;2199.996;1524.110;2087.130;2610.180;3209.800;1155.909;605.518;1627.551;2598.898;306.080;421.686;1070.754;841.662;1772.341;2331.446;1133.471;3600.135;2876.799;2127.716;1372.859;0.503;2505.452;2603.605;-0.068;3083.977;3270.239;2157.640;2854.605;3215.507;3398.416;1400.986;9.022;886.318;180.457;1632.097;1847.404;3123.089;3029.620;873.152;3600.196;258.548;1666.446;344.102;687.634;0.065;628.208
470,853.9227340221405,469,-562.1738420432305,562.1738420432305,0.004336278789310755,3471.149;3599.730;3245.256;2112.102;423.956;-0.024;1320.772;1143.369;1391.694;1655.756;2418.474;1966.132;2996.597;3226.594;2307.893;1575.391;787.217;3598.730;1004.755;559.931;0.110;3599.875;91.753;1007.572;0.054;458.107;1412.585;3599.742;698.286;3600.060;271.580;1094.850;840.601;3251.287;3600.074;678.484;1472.897;894.270;2886.166;2345.928;0.027;2744.154;2871.975;0.151;1353.357;3206.007;3599.861;2370.547;0.080;1694.997;385.386;2125.782;590.693;-0.004;1855.484;0.332;3042.809;3599.912;3411.711;1229.241;2377.381;2550.446;1742.368;1800.185;-0.001;1.926;1266.881;1573.549;425.824;1996.915;1921.073;2615.672;897.747;1160.008;3600.148;2185.429;2748.803;1952.118;3041.139;2444.670;3600.124;453.042;922.395;1481.621;1808.584;2800.263;3325.773;2323.475;3598.912;2768.808;263.776;2162.024;2208.080;2788.328;3227.695;482.507;381.489;2935.946;-0.000;3479.937,1350.799;3600.100;3600.115;462.993;3600.140;2807.380;486.850;2722.473;3599.942;2899.977;0.022;1936.499;1336.039;0.039;3599.870;3151.882;595.732;2396.081;1845.822;1291.130;1841.753;1923.150;3397.673;0.094;2464.789;1963.126;184.377;371.047;2519.731;3321.911;0.216;1563.316;3590.630;1699.454;1070.070;950.722;0.371;246.227;2347.854;2213.976;2123.753;1051.038;3411.663;3599.461;2213.739;2754.531;2897.319;1254.379;805.527;810.313;730.375;1643.414;0.309;1260.432;2200.183;1524.058;2087.307;2610.072;3209.989;1156.090;605.530;1627.720;2598.713;306.067;421.577;1070.859;841.476;1772.160;2331.335;1133.409;3599.953;2876.652;2127.856;1372.711;0.562;2505.635;2603.431;0.103;3083.919;3270.330;2157.509;2854.420;3215.408;3398.292;1401.109;8.872;886.319;180.635;1632.252;1847.414;3123.221;3029.780;873.013;3600.017;258.367;1666.298;344.093;687.482;-0.071;628.297
471,855.8243153095245,470,-562.1755853392226,562.1755853392226,0.004227055876630955,3471.103;3599.911;3245.122;2111.985;423.783;0.051;1320.591;1143.224;1391.542;1655.938;2418.646;1966.208;2996.776;3226.456;2307.709;1575.399;787.090;3598.684;1004.731;559.745;-0.044;3599.707;91.912;1007.720;-0.089;458.021;1412.764;3599.624;698.471;3599.903;271.745;1094.953;840.773;3251.124;3599.902;678.579;1472.721;894.452;2886.085;2346.034;0.037;2744.117;2872.152;-0.027;1353.215;3205.855;3600.030;2370.536;-0.061;1695.162;385.536;2125.938;590.784;0.023;1855.625;0.266;3042.684;3600.091;3411.569;1229.424;2377.219;2550.387;1742.198;1800.234;-0.172;1.770;1266.719;1573.371;425.988;1997.085;1920.929;2615.820;897.570;1159.831;3599.976;2185.609;2748.796;1952.300;3041.255;2444.791;3599.948;452.876;922.256;1481.584;1808.565;2800.400;3325.956;2323.302;3599.029;2768.631;263.916;2161.842;2207.910;2788.160;3227.855;482.423;381.389;2936.103;-0.122;3480.115,1350.982;3599.929;3599.942;462.867;3599.960;2807.218;487.016;2722.288;3600.044;2899.797;-0.124;1936.682;1335.859;-0.072;3599.913;3151.724;595.855;2396.196;1845.996;1291.101;1841.568;1923.329;3397.501;0.066;2464.678;1963.254;184.197;371.108;2519.845;3321.843;0.151;1563.349;3590.497;1699.527;1070.138;950.562;0.191;246.069;2347.972;2214.093;2123.648;1050.858;3411.835;3599.326;2213.561;2754.699;2897.395;1254.563;805.363;810.158;730.335;1643.533;0.462;1260.495;2200.127;1524.187;2087.165;2610.021;3210.030;1156.248;605.693;1627.552;2598.709;305.958;421.568;1070.909;841.490;1771.975;2331.509;1133.536;3599.944;2876.515;2127.708;1372.542;0.423;2505.820;2603.261;-0.005;3084.030;3270.152;2157.412;2854.480;3215.580;3398.464;1401.285;9.020;886.495;180.816;1632.430;1847.237;3123.390;3029.867;872.868;3599.941;258.216;1666.267;344.155;687.353;0.061;628.133
472,857.5366251468658,471,-562.1745409427633,562.1745409427633,0.0036754159788768264,3471.267;3600.088;3244.993;2112.066;423.668;0.090;1320.506;1143.082;1391.419;1656.120;2418.822;1966.040;2996.958;3226.275;2307.565;1575.553;786.933;3598.742;1004.836;559.752;0.108;3599.633;92.080;1007.901;0.073;457.856;1412.683;3599.801;698.346;3599.790;271.697;1094.791;840.604;3250.947;3599.980;678.641;1472.622;894.579;2886.253;2346.213;0.091;2743.955;2872.182;-0.050;1353.043;3206.023;3600.092;2370.641;0.074;1695.121;385.714;2126.118;590.625;-0.023;1855.454;0.429;3042.858;3599.948;3411.696;1229.536;2377.038;2550.209;1742.016;1800.409;-0.000;1.593;1266.554;1573.508;426.143;1997.265;1920.749;2615.753;897.642;1159.842;3599.922;2185.665;2748.972;1952.468;3041.084;2444.663;3599.940;452.950;922.190;1481.662;1808.687;2800.556;3325.818;2323.128;3598.865;2768.667;264.096;2161.860;2207.732;2788.134;3228.036;482.244;381.217;2936.283;0.038;3480.088,1350.823;3599.783;3600.067;462.707;3599.951;2807.367;487.197;2722.436;3599.894;2899.615;0.050;1936.563;1335.864;0.093;3599.853;3151.622;595.697;2396.041;1846.177;1290.923;1841.420;1923.329;3397.327;-0.104;2464.827;1963.254;184.337;371.163;2519.696;3321.691;-0.015;1563.525;3590.631;1699.358;1069.970;950.632;0.010;245.887;2348.152;2213.919;2123.627;1050.871;3411.709;3599.498;2213.726;2754.872;2897.228;1254.526;805.182;810.225;730.499;1643.704;0.315;1260.674;2200.299;1524.257;2087.157;2609.845;3210.184;1156.234;605.666;1627.695;2598.533;305.779;421.396;1070.739;841.637;1771.893;2331.604;1133.381;3600.039;2876.338;2127.532;1372.614;0.243;2505.745;2603.404;-0.179;3084.209;3270.224;2157.282;2854.315;3215.746;3398.324;1401.381;8.854;886.662;180.997;1632.612;1847.191;3123.462;3030.043;872.689;3600.006;258.037;1666.140;343.980;687.376;0.238;628.286
473,859.4044122695923,472,-562.1774161887136,562.1774161887136,0.0050311032785902736,3471.146;3599.931;3244.855;2111.895;423.682;-0.037;1320.635;1142.906;1391.583;1656.247;2418.684;1965.861;2997.122;3226.211;2307.718;1575.730;787.070;3598.620;1005.012;559.901;-0.050;3599.501;91.957;1008.063;-0.010;457.781;1412.510;3599.928;698.235;3599.643;271.570;1094.745;840.727;3250.783;3600.134;678.817;1472.446;894.490;2886.432;2346.316;-0.063;2743.818;2872.015;0.121;1352.870;3206.171;3599.920;2370.481;0.005;1694.950;385.691;2126.198;590.601;-0.057;1855.284;0.265;3043.022;3600.032;3411.843;1229.397;2376.930;2550.051;1741.837;1800.586;-0.026;1.633;1266.616;1573.685;426.067;1997.442;1920.570;2615.871;897.815;1159.936;3600.029;2185.594;2748.889;1952.647;3040.918;2444.486;3600.092;452.793;922.014;1481.837;1808.863;2800.694;3325.936;2323.030;3598.878;2768.819;264.199;2161.731;2207.556;2788.305;3228.154;482.404;381.058;2936.462;0.043;3479.946,1350.935;3599.860;3600.122;462.848;3600.114;2807.472;487.276;2722.613;3600.057;2899.769;-0.056;1936.709;1335.691;0.108;3599.983;3151.446;595.777;2396.150;1846.356;1291.045;1841.487;1923.484;3397.185;0.043;2464.713;1963.083;184.194;370.992;2519.521;3321.849;-0.160;1563.389;3590.471;1699.470;1070.055;950.466;0.133;245.908;2348.012;2214.069;2123.453;1050.756;3411.550;3599.616;2213.569;2754.753;2897.384;1254.583;805.317;810.072;730.374;1643.536;0.205;1260.738;2200.458;1524.432;2086.986;2609.960;3210.062;1156.061;605.839;1627.869;2598.359;305.607;421.555;1070.561;841.664;1771.719;2331.775;1133.508;3600.058;2876.349;2127.689;1372.693;0.124;2505.654;2603.242;-0.009;3084.096;3270.073;2157.453;2854.345;3215.903;3398.175;1401.555;8.897;886.841;181.175;1632.625;1847.017;3123.608;3029.931;872.545;3600.156;257.963;1666.304;343.802;687.544;0.175;628.454
474,861.2993035316467,473,-562.1761718927673,562.1761718927673,0.0026061272547704697,3470.973;3600.046;3245.023;2111.722;423.621;0.113;1320.808;1143.063;1391.563;1656.083;2418.834;1965.690;2997.259;3226.253;2307.708;1575.906;787.225;3598.790;1004.862;560.075;0.087;3599.665;91.803;1008.104;-0.100;457.609;1412.336;3599.967;698.399;3599.809;271.729;1094.574;840.580;3250.608;3599.967;678.983;1472.587;894.337;2886.597;2346.373;0.086;2743.644;2872.058;0.113;1352.705;3206.010;3599.833;2370.609;0.094;1694.777;385.858;2126.033;590.770;0.113;1855.218;0.090;3043.191;3599.882;3411.683;1229.270;2376.955;2550.169;1741.730;1800.756;0.039;1.753;1266.483;1573.704;425.896;1997.616;1920.543;2616.041;897.974;1159.849;3599.926;2185.764;2748.717;1952.777;3040.746;2444.311;3599.926;452.929;922.012;1481.991;1809.038;2800.863;3326.109;2322.913;3599.049;2768.994;264.365;2161.876;2207.380;2788.457;3228.077;482.348;380.884;2936.581;-0.121;3480.101,1351.019;3599.716;3599.954;462.755;3599.956;2807.334;487.289;2722.734;3599.927;2899.638;0.046;1936.882;1335.720;0.021;3599.849;3151.284;595.901;2396.305;1846.465;1290.933;1841.336;1923.380;3397.188;-0.072;2464.622;1963.229;184.264;371.020;2519.370;3321.741;0.011;1563.220;3590.549;1699.619;1069.960;950.611;0.054;245.750;2347.951;2214.003;2123.427;1050.643;3411.404;3599.786;2213.683;2754.780;2897.485;1254.752;805.179;810.165;730.228;1643.671;0.032;1260.886;2200.631;1524.523;2086.838;2610.055;3210.211;1156.188;605.807;1627.735;2598.375;305.522;421.511;1070.508;841.504;1771.573;2331.828;1133.353;3599.901;2876.509;2127.589;1372.865;-0.048;2505.481;2603.379;0.004;3084.188;3270.200;2157.628;2854.505;3216.077;3398.210;1401.412;8.898;886.746;181.096;1632.515;1846.847;3123.453;3029.776;872.710;3599.988;258.081;1666.468;343.900;687.719;0.067;628.382
475,863.0086627006531,474,-562.1814635347291,562.1814635347291,0.0052085157538817265,3471.069;3600.192;3245.186;2111.762;423.453;0.284;1320.959;1143.149;1391.727;1656.213;2418.802;1965.547;2997.111;3226.087;2307.823;1575.774;787.070;3598.960;1004.698;560.212;0.032;3599.765;91.912;1007.938;0.066;457.468;1412.202;3599.841;698.570;3599.920;271.900;1094.472;840.409;3250.541;3599.835;678.988;1472.757;894.503;2886.467;2346.208;0.002;2743.791;2872.218;0.257;1352.748;3205.841;3599.972;2370.458;-0.066;1694.616;386.029;2125.867;590.628;-0.032;1855.384;0.123;3043.364;3599.719;3411.520;1229.143;2376.797;2550.327;1741.849;1800.928;-0.093;1.620;1266.641;1573.541;425.723;1997.494;1920.581;2616.211;897.817;1159.761;3599.757;2185.936;2748.546;1952.629;3040.848;2444.192;3599.914;453.100;922.178;1481.830;1809.010;2801.034;3326.281;2323.048;3598.953;2769.166;264.203;2161.725;2207.373;2788.624;3228.243;482.437;380.712;2936.423;0.023;3480.272,1351.107;3599.819;3600.004;462.596;3599.979;2807.219;487.151;2722.900;3600.045;2899.508;-0.052;1936.787;1335.873;-0.145;3600.004;3151.430;595.752;2396.475;1846.305;1290.773;1841.450;1923.541;3397.025;0.081;2464.770;1963.185;184.433;370.858;2519.500;3321.627;0.018;1563.369;3590.637;1699.465;1069.791;950.771;-0.114;245.808;2348.094;2213.835;2123.538;1050.797;3411.233;3599.954;2213.847;2754.624;2897.327;1254.597;805.119;810.020;730.380;1643.537;-0.115;1261.053;2200.743;1524.637;2086.955;2609.892;3210.274;1156.331;605.676;1627.729;2598.534;305.627;421.668;1070.343;841.332;1771.735;2331.991;1133.279;3600.031;2876.554;2127.424;1372.811;-0.019;2505.502;2603.546;-0.146;3084.315;3270.368;2157.496;2854.399;3216.249;3398.043;1401.468;8.748;886.861;181.238;1632.648;1846.977;3123.547;3029.908;872.869;3600.063;258.251;1666.317;343.806;687.560;-0.087;628.545
476,864.8631625175476,475,-562.1804997005404,562.1804997005404,0.0038863764853550096,3471.221;3600.033;3245.149;2111.612;423.590;0.430;1321.126;1143.263;1391.886;1656.081;2418.641;1965.411;2996.966;3225.942;2307.961;1575.841;787.166;3599.093;1004.622;560.375;0.056;3599.930;91.749;1007.835;0.108;457.490;1412.043;3599.680;698.724;3600.086;272.066;1094.307;840.409;3250.378;3599.907;678.884;1472.819;894.433;2886.309;2346.261;-0.078;2743.681;2872.068;0.423;1352.584;3205.739;3600.138;2370.532;0.088;1694.600;386.153;2125.705;590.777;0.096;1855.389;-0.016;3043.451;3599.654;3411.352;1228.976;2376.960;2550.493;1741.744;1800.933;0.063;1.459;1266.557;1573.607;425.588;1997.603;1920.475;2616.141;897.828;1159.925;3599.865;2185.924;2748.633;1952.698;3041.007;2444.288;3599.897;453.228;922.314;1481.676;1808.993;2800.951;3326.240;2323.215;3598.912;2769.102;264.052;2161.746;2207.212;2788.792;3228.398;482.286;380.547;2936.343;-0.102;3480.441,1351.273;3599.986;3599.917;462.752;3599.846;2807.090;486.997;2722.795;3599.948;2899.374;-0.045;1936.865;1335.717;0.013;3600.171;3151.444;595.587;2396.379;1846.372;1290.923;1841.290;1923.412;3396.863;0.105;2464.935;1963.044;184.299;370.775;2519.493;3321.461;-0.027;1563.248;3590.797;1699.594;1069.658;950.629;0.042;245.971;2347.945;2213.945;2123.682;1050.719;3411.232;3600.009;2213.751;2754.683;2897.464;1254.651;805.272;810.078;730.491;1643.447;0.047;1260.920;2200.587;1524.478;2087.121;2609.777;3210.440;1156.182;605.509;1627.573;2598.441;305.794;421.596;1070.177;841.470;1771.757;2331.951;1133.230;3599.882;2876.644;2127.558;1372.968;0.146;2505.665;2603.461;0.013;3084.154;3270.306;2157.404;2854.234;3216.286;3398.091;1401.620;8.908;887.013;181.174;1632.493;1847.131;3123.709;3029.950;872.756;3599.969;258.116;1666.328;343.703;687.579;0.037;628.681
477,866.7407228946686,476,-562.1812651210266,562.1812651210266,0.0031760667429927177,3471.081;3600.011;3244.989;2111.763;423.444;0.383;1321.156;1143.110;1391.888;1656.001;2418.507;1965.346;2996.983;3225.946;2307.810;1575.992;787.013;3599.217;1004.466;560.439;0.215;3600.089;91.709;1007.750;0.190;457.632;1411.968;3599.798;698.629;3599.942;272.231;1094.313;840.530;3250.480;3599.813;679.017;1472.919;894.395;2886.158;2346.348;0.082;2743.667;2872.020;0.341;1352.487;3205.695;3599.982;2370.381;0.084;1694.504;386.268;2125.714;590.933;-0.011;1855.369;-0.066;3043.420;3599.661;3411.304;1228.816;2376.934;2550.651;1741.583;1800.942;0.016;1.610;1266.691;1573.769;425.493;1997.763;1920.312;2615.984;897.718;1160.040;3600.026;2185.842;2748.752;1952.853;3041.173;2444.450;3599.785;453.151;922.473;1481.532;1809.150;2801.102;3326.373;2323.251;3599.066;2769.218;263.968;2161.890;2207.047;2788.787;3228.348;482.144;380.386;2936.218;0.042;3480.548,1351.191;3599.881;3599.904;462.691;3599.943;2807.221;486.856;2722.645;3600.029;2899.402;0.112;1936.716;1335.852;0.016;3600.011;3151.605;595.726;2396.223;1846.327;1290.807;1841.126;1923.523;3396.783;0.134;2464.928;1963.174;184.157;370.934;2519.648;3321.573;-0.088;1563.217;3590.723;1699.717;1069.760;950.598;0.030;245.847;2348.005;2213.821;2123.847;1050.878;3411.271;3600.170;2213.895;2754.842;2897.586;1254.779;805.368;809.982;730.342;1643.589;0.016;1260.956;2200.576;1524.313;2087.029;2609.630;3210.592;1156.276;605.389;1627.409;2598.561;305.953;421.694;1070.297;841.632;1771.795;2331.791;1133.068;3600.001;2876.807;2127.658;1373.131;0.052;2505.770;2603.415;0.035;3083.989;3270.148;2157.464;2854.336;3216.132;3398.056;1401.480;8.872;886.867;181.014;1632.329;1847.242;3123.691;3030.095;872.621;3600.005;257.956;1666.451;343.841;687.642;0.201;628.616
478,868.4478647708893,477,-562.1827942340674,562.1827942340674,0.003955431096333299,3470.993;3600.114;3244.942;2111.637;423.570;0.471;1321.312;1143.254;1391.741;1656.143;2418.661;1965.187;2997.140;3225.861;2307.647;1576.150;787.086;3599.132;1004.595;560.576;0.099;3599.936;91.747;1007.902;0.083;457.616;1412.109;3599.959;698.482;3599.987;272.150;1094.455;840.689;3250.639;3599.964;679.102;1472.769;894.237;2885.998;2346.507;0.130;2743.523;2871.874;0.181;1352.327;3205.842;3600.040;2370.470;0.100;1694.660;386.283;2125.846;591.079;-0.089;1855.348;0.092;3043.574;3599.802;3411.298;1228.679;2377.087;2550.707;1741.421;1800.786;-0.013;1.666;1266.555;1573.925;425.337;1997.878;1920.152;2615.834;897.868;1159.983;3600.004;2185.682;2748.654;1953.009;3041.289;2444.470;3599.930;453.154;922.328;1481.518;1809.123;2801.165;3326.220;2323.094;3598.946;2769.091;264.076;2162.051;2206.904;2788.633;3228.439;482.087;380.252;2936.365;-0.031;3480.685,1351.202;3600.032;3599.994;462.734;3600.086;2807.064;486.695;2722.793;3599.892;2899.249;-0.011;1936.570;1335.879;-0.109;3599.964;3151.767;595.863;2396.272;1846.170;1290.880;1841.180;1923.595;3396.937;0.285;2464.774;1963.334;184.133;371.007;2519.680;3321.425;0.069;1563.334;3590.880;1699.878;1069.794;950.749;-0.116;245.686;2347.991;2213.967;2123.736;1050.803;3411.113;3600.015;2213.769;2754.804;2897.454;1254.624;805.528;810.135;730.180;1643.438;0.118;1260.802;2200.439;1524.299;2087.071;2609.677;3210.740;1156.144;605.236;1627.267;2598.722;305.991;421.854;1070.458;841.504;1771.952;2331.899;1133.200;3599.864;2876.949;2127.613;1373.069;0.177;2505.616;2603.572;0.006;3084.127;3270.287;2157.510;2854.496;3216.021;3397.900;1401.548;8.738;886.887;180.878;1632.166;1847.103;3123.846;3029.942;872.767;3600.146;258.007;1666.612;343.690;687.797;0.058;628.526
479,870.2896294593811,478,-562.1835437671548,562.1835437671548,0.004943457202350073,3471.142;3599.961;3244.788;2111.594;423.498;0.319;1321.340;1143.130;1391.583;1656.291;2418.812;1965.211;2997.273;3226.013;2307.516;1576.085;787.225;3598.992;1004.753;560.428;-0.059;3600.022;91.886;1008.046;-0.039;457.767;1412.154;3600.116;698.536;3599.927;272.201;1094.613;840.846;3250.781;3600.108;678.948;1472.620;894.112;2885.842;2346.438;0.173;2743.653;2871.994;0.030;1352.457;3206.000;3599.917;2370.608;0.251;1694.718;386.274;2125.992;591.038;0.062;1855.325;0.017;3043.571;3599.652;3411.453;1228.811;2376.963;2550.555;1741.297;1800.820;0.111;1.800;1266.408;1573.797;425.405;1997.735;1920.215;2615.973;897.800;1159.829;3600.045;2185.580;2748.543;1952.942;3041.163;2444.321;3600.088;453.074;922.171;1481.670;1808.972;2801.321;3326.080;2322.948;3598.793;2769.218;264.233;2162.206;2207.035;2788.516;3228.288;482.237;380.318;2936.499;0.073;3480.829,1351.051;3600.181;3600.150;462.580;3599.935;2807.188;486.536;2722.951;3600.021;2899.387;0.131;1936.707;1335.726;0.040;3600.008;3151.920;595.718;2396.145;1846.030;1291.032;1841.333;1923.472;3396.857;0.135;2464.916;1963.233;184.274;370.882;2519.831;3321.566;0.074;1563.482;3591.038;1699.860;1069.949;950.773;0.031;245.645;2348.146;2214.095;2123.579;1050.766;3410.961;3599.911;2213.613;2754.648;2897.537;1254.518;805.609;810.294;730.230;1643.287;0.033;1260.705;2200.281;1524.419;2087.227;2609.767;3210.595;1155.988;605.386;1627.416;2598.788;305.843;421.976;1070.346;841.466;1772.097;2331.769;1133.227;3599.951;2876.803;2127.766;1372.998;0.259;2505.693;2603.505;-0.141;3084.247;3270.438;2157.355;2854.382;3215.864;3397.741;1401.631;8.587;887.042;180.724;1632.287;1847.203;3123.715;3029.896;872.637;3599.992;258.158;1666.568;343.550;687.646;-0.087;628.371
480,872.1546285152435,479,-562.1826581819546,562.1826581819546,0.0031481568908535806,3471.094;3599.941;3244.655;2111.745;423.632;0.174;1321.189;1142.983;1391.457;1656.447;2418.754;1965.073;2997.428;3225.902;2307.645;1575.975;787.339;3599.126;1004.624;560.272;0.078;3599.960;91.924;1008.198;0.108;457.702;1412.306;3599.974;698.387;3599.824;272.054;1094.631;840.982;3250.654;3599.963;679.097;1472.564;894.247;2885.984;2346.519;0.246;2743.511;2871.892;-0.111;1352.387;3206.137;3599.887;2370.739;0.189;1694.569;386.127;2126.147;590.895;0.188;1855.174;-0.101;3043.721;3599.762;3411.473;1228.966;2377.002;2550.400;1741.153;1800.970;-0.028;1.650;1266.252;1573.940;425.557;1997.872;1920.067;2615.897;897.653;1159.675;3599.900;2185.708;2748.606;1953.005;3041.009;2444.345;3599.945;452.920;922.177;1481.538;1809.115;2801.208;3325.939;2322.827;3598.921;2769.373;264.377;2162.262;2206.899;2788.641;3228.367;482.096;380.470;2936.655;-0.044;3480.902,1350.900;3600.035;3600.003;462.690;3599.864;2807.322;486.677;2722.970;3599.989;2899.354;0.014;1936.839;1335.655;0.136;3600.113;3151.797;595.562;2396.282;1846.172;1290.886;1841.485;1923.317;3396.919;-0.016;2465.071;1963.083;184.428;370.920;2519.683;3321.616;0.097;1563.391;3591.187;1699.746;1069.965;950.906;0.046;245.646;2348.296;2213.965;2123.703;1050.916;3410.925;3599.980;2213.619;2754.774;2897.404;1254.380;805.523;810.438;730.380;1643.377;0.112;1260.853;2200.427;1524.573;2087.213;2609.615;3210.488;1156.135;605.361;1627.567;2598.641;305.687;421.907;1070.195;841.361;1771.981;2331.617;1133.080;3600.102;2876.648;2127.633;1373.134;0.113;2505.573;2603.384;0.005;3084.300;3270.546;2157.452;2854.243;3215.955;3397.593;1401.784;8.432;887.029;180.868;1632.381;1847.298;3123.835;3030.045;872.496;3600.002;258.053;1666.418;343.394;687.717;0.043;628.519
481,874.0461621284485,480,-562.1853423107787,562.1853423107787,0.004181958682318491,3471.214;3599.854;3244.510;2111.898;423.784;0.104;1321.064;1142.861;1391.596;1656.314;2418.606;1965.208;2997.485;3226.021;2307.568;1575.948;787.490;3599.277;1004.513;560.378;0.040;3600.039;91.779;1008.065;-0.002;457.553;1412.209;3599.908;698.295;3599.971;271.903;1094.656;840.847;3250.752;3599.902;679.041;1472.652;894.385;2885.963;2346.379;0.098;2743.529;2871.748;0.035;1352.527;3205.996;3599.747;2370.890;0.333;1694.417;386.170;2126.004;590.742;0.042;1855.021;0.041;3043.628;3599.621;3411.597;1228.944;2376.855;2550.285;1741.290;1801.123;0.095;1.790;1266.170;1574.039;425.541;1997.929;1920.138;2616.037;897.559;1159.585;3600.043;2185.844;2748.756;1952.857;3040.856;2444.492;3599.948;452.769;922.324;1481.438;1809.063;2801.350;3325.807;2322.966;3599.072;2769.525;264.242;2162.407;2206.764;2788.793;3228.242;482.050;380.622;2936.631;0.084;3480.761,1350.840;3599.953;3599.949;462.840;3599.785;2807.469;486.606;2722.962;3600.136;2899.499;-0.136;1936.990;1335.515;0.222;3599.966;3151.731;595.571;2396.429;1846.315;1290.870;1841.358;1923.417;3396.774;-0.166;2465.032;1963.101;184.341;371.037;2519.710;3321.765;-0.043;1563.535;3591.175;1699.650;1069.887;951.058;0.001;245.619;2348.435;2213.818;2123.580;1050.884;3410.989;3600.114;2213.663;2754.655;2897.543;1254.522;805.451;810.462;730.503;1643.403;-0.031;1260.957;2200.515;1524.436;2087.071;2609.733;3210.504;1156.179;605.487;1627.679;2598.744;305.695;421.769;1070.046;841.499;1771.829;2331.554;1132.930;3599.959;2876.614;2127.752;1373.282;-0.033;2505.615;2603.233;-0.007;3084.155;3270.402;2157.416;2854.091;3215.925;3397.627;1401.904;8.340;887.176;180.875;1632.398;1847.159;3123.987;3030.024;872.344;3600.060;257.913;1666.549;343.257;687.597;0.175;628.411
482,875.7511670589447,481,-562.1868005982367,562.1868005982367,0.0028744224506735343,3471.320;3599.887;3244.361;2112.020;423.850;-0.014;1320.998;1142.716;1391.574;1656.428;2418.677;1965.262;2997.366;3226.121;2307.421;1576.093;787.449;3599.302;1004.635;560.413;-0.088;3599.898;91.676;1008.127;-0.079;457.680;1412.061;3600.029;698.173;3600.117;271.930;1094.512;840.974;3250.892;3600.040;679.167;1472.757;894.402;2885.892;2346.463;0.003;2743.661;2871.884;-0.009;1352.427;3205.947;3599.867;2371.035;0.400;1694.535;386.313;2126.019;590.639;0.012;1855.110;0.005;3043.765;3599.708;3411.654;1228.968;2376.848;2550.406;1741.410;1801.105;0.050;1.740;1266.028;1573.944;425.397;1997.861;1920.044;2616.017;897.700;1159.718;3599.916;2185.711;2748.668;1952.869;3040.716;2444.363;3600.058;452.794;922.199;1481.476;1808.935;2801.303;3325.664;2322.875;3599.031;2769.427;264.320;2162.451;2206.642;2788.712;3228.138;482.176;380.533;2936.755;-0.039;3480.756,1350.698;3600.004;3600.051;462.949;3599.929;2807.332;486.483;2723.108;3599.991;2899.389;0.004;1937.096;1335.374;0.088;3599.977;3151.641;595.636;2396.579;1846.256;1290.968;1841.398;1923.397;3396.911;-0.022;2464.907;1963.240;184.331;371.185;2519.593;3321.673;0.083;1563.399;3591.040;1699.794;1069.749;951.206;0.025;245.472;2348.428;2213.837;2123.443;1050.740;3410.844;3599.974;2213.804;2754.560;2897.415;1254.400;805.597;810.317;730.371;1643.431;0.085;1260.822;2200.383;1524.368;2086.924;2609.790;3210.360;1156.052;605.567;1627.564;2598.892;305.554;421.911;1070.126;841.641;1771.941;2331.486;1133.061;3600.025;2876.546;2127.733;1373.431;-0.023;2505.472;2603.360;-0.046;3084.292;3270.493;2157.555;2854.218;3216.070;3397.486;1402.053;8.461;887.311;180.831;1632.263;1847.297;3123.992;3029.908;872.474;3599.930;258.042;1666.689;343.160;687.682;0.129;628.263
483,877.5988159179688,482,-562.1873576632075,562.1873576632075,0.0048567961082067335,3471.182;3600.030;3244.213;2112.160;423.899;0.120;1320.854;1142.569;1391.430;1656.538;2418.819;1965.405;2997.365;3226.249;2307.274;1576.168;787.312;3599.437;1004.780;560.278;0.051;3599.839;91.817;1008.271;0.064;457.729;1411.935;3600.018;698.032;3599.986;272.059;1094.608;841.119;3250.770;3600.046;679.310;1472.902;894.526;2886.021;2346.587;0.113;2743.808;2872.031;-0.142;1352.480;3205.886;3600.007;2371.169;0.262;1694.670;386.459;2126.150;590.512;-0.069;1854.972;-0.091;3043.894;3599.821;3411.766;1229.109;2376.720;2550.543;1741.286;1801.089;-0.095;1.628;1266.132;1574.046;425.388;1997.797;1919.900;2615.989;897.566;1159.846;3599.999;2185.645;2748.539;1953.004;3040.591;2444.478;3599.921;452.657;922.107;1481.619;1808.790;2801.441;3325.521;2322.731;3599.162;2769.497;264.208;2162.594;2206.496;2788.567;3228.236;482.299;380.475;2936.637;0.034;3480.642,1350.551;3599.864;3599.945;462.818;3599.995;2807.257;486.612;2723.140;3599.958;2899.265;0.080;1937.240;1335.514;0.100;3599.865;3151.629;595.495;2396.485;1846.130;1290.826;1841.529;1923.395;3397.011;-0.016;2464.998;1963.115;184.472;371.330;2519.448;3321.715;0.140;1563.321;3590.893;1699.691;1069.603;951.079;-0.115;245.504;2348.572;2213.694;2123.518;1050.597;3410.793;3600.077;2213.950;2754.687;2897.337;1254.413;805.470;810.177;730.504;1643.575;-0.011;1260.955;2200.327;1524.496;2086.788;2609.676;3210.388;1156.149;605.687;1627.417;2598.858;305.416;421.798;1069.993;841.788;1771.881;2331.629;1133.136;3600.161;2876.401;2127.590;1373.578;-0.166;2505.548;2603.507;0.084;3084.313;3270.623;2157.699;2854.306;3216.213;3397.360;1402.194;8.345;887.443;180.924;1632.402;1847.311;3123.896;3030.045;872.593;3600.024;258.037;1666.564;343.293;687.822;0.270;628.186
484,879.4748048782349,483,-562.1868363954347,562.1868363954347,0.0040444085199095444,3471.173;3599.994;3244.113;2112.235;423.759;0.051;1320.713;1142.469;1391.286;1656.682;2418.950;1965.549;2997.506;3226.113;2307.143;1576.310;787.265;3599.561;1004.871;560.137;0.010;3599.730;91.961;1008.416;0.010;457.870;1411.792;3600.156;697.890;3599.990;272.195;1094.491;841.251;3250.724;3599.915;679.350;1473.042;894.388;2885.903;2346.653;0.044;2743.689;2872.172;-0.019;1352.357;3205.747;3600.151;2371.313;0.134;1694.793;386.604;2126.204;590.642;0.068;1854.828;0.047;3044.038;3599.877;3411.909;1229.254;2376.637;2550.411;1741.193;1801.209;0.034;1.488;1265.993;1574.183;425.502;1997.937;1919.768;2616.128;897.433;1159.990;3600.055;2185.566;2748.425;1953.148;3040.499;2444.385;3599.845;452.791;921.968;1481.764;1808.843;2801.575;3325.454;2322.595;3599.076;2769.638;264.325;2162.467;2206.365;2788.430;3228.372;482.355;380.339;2936.767;-0.103;3480.744,1350.435;3599.933;3599.956;462.674;3600.134;2807.206;486.531;2723.281;3599.842;2899.136;0.085;1937.226;1335.430;0.115;3599.874;3151.770;595.536;2396.429;1845.987;1290.718;1841.408;1923.536;3396.880;0.061;2465.030;1963.244;184.613;371.203;2519.574;3321.855;0.024;1563.450;3591.007;1699.723;1069.736;951.202;0.024;245.365;2348.616;2213.752;2123.383;1050.507;3410.652;3599.957;2214.006;2754.675;2897.390;1254.430;805.529;810.293;730.427;1643.517;0.118;1261.076;2200.224;1524.386;2086.714;2609.586;3210.253;1156.247;605.830;1627.486;2598.908;305.421;421.906;1069.925;841.694;1771.998;2331.568;1133.048;3600.024;2876.345;2127.557;1373.692;-0.035;2505.421;2603.616;-0.038;3084.438;3270.758;2157.602;2854.233;3216.112;3397.225;1402.141;8.221;887.317;180.786;1632.433;1847.422;3124.033;3029.985;872.596;3599.889;258.041;1666.682;343.160;687.688;0.274;628.314
485,881.3751933574677,484,-562.1880880700344,562.1880880700344,0.0037711164850476814,3471.294;3599.876;3243.973;2112.354;423.661;-0.089;1320.578;1142.330;1391.144;1656.789;2418.834;1965.605;2997.630;3226.202;2307.021;1576.191;787.137;3599.690;1005.011;560.000;-0.095;3599.593;92.090;1008.529;-0.089;457.816;1411.882;3600.022;697.756;3600.118;272.110;1094.581;841.386;3250.850;3600.036;679.487;1472.920;894.456;2885.767;2346.551;0.171;2743.804;2872.299;-0.052;1352.463;3205.879;3600.018;2371.211;-0.005;1694.867;386.473;2126.343;590.527;0.076;1854.714;0.013;3043.988;3600.001;3411.949;1229.356;2376.498;2550.364;1741.053;1801.089;0.015;1.401;1266.013;1574.312;425.555;1997.825;1919.888;2616.203;897.315;1160.131;3599.922;2185.428;2748.545;1953.249;3040.360;2444.516;3599.971;452.666;921.847;1481.904;1808.711;2801.666;3325.319;2322.486;3599.111;2769.544;264.465;2162.330;2206.472;2788.309;3228.238;482.494;380.426;2936.906;0.027;3480.607,1350.294;3599.856;3600.093;462.747;3600.001;2807.337;486.664;2723.418;3599.726;2899.266;0.150;1937.362;1335.505;0.060;3599.740;3151.855;595.407;2396.329;1845.847;1290.612;1841.516;1923.530;3396.987;-0.064;2465.167;1963.204;184.754;371.293;2519.456;3321.957;-0.117;1563.533;3590.916;1699.600;1069.712;951.103;0.014;245.324;2348.747;2213.627;2123.263;1050.373;3410.577;3600.005;2214.131;2754.609;2897.275;1254.310;805.443;810.199;730.545;1643.393;0.015;1261.209;2200.300;1524.446;2086.575;2609.538;3210.319;1156.124;605.956;1627.476;2598.995;305.285;421.940;1069.789;841.756;1772.138;2331.683;1133.179;3600.017;2876.207;2127.425;1373.746;-0.036;2505.473;2603.753;-0.019;3084.566;3270.737;2157.493;2854.334;3216.070;3397.292;1402.277;8.079;887.443;180.915;1632.570;1847.562;3123.944;3030.116;872.469;3599.942;257.906;1666.591;343.105;687.616;0.402;628.262
486,883.0890953540802,485,-562.1887728069078,562.1887728069078,0.004297947431977264,3471.432;3599.762;3243.940;2112.247;423.529;0.035;1320.652;1142.199;1391.166;1656.763;2418.699;1965.507;2997.546;3226.128;2307.112;1576.154;786.999;3599.823;1004.984;560.055;0.036;3599.727;92.126;1008.446;0.044;457.696;1411.912;3599.960;697.883;3599.990;272.227;1094.713;841.311;3250.848;3599.925;679.406;1472.817;894.589;2885.650;2346.679;0.307;2743.940;2872.368;0.077;1352.594;3205.874;3599.984;2371.234;-0.108;1694.897;386.516;2126.289;590.463;0.114;1854.832;-0.090;3043.909;3599.879;3412.085;1229.360;2376.385;2550.299;1740.925;1801.220;-0.082;1.284;1266.020;1574.181;425.422;1997.697;1919.993;2616.339;897.246;1160.133;3599.997;2185.518;2748.419;1953.139;3040.222;2444.518;3599.915;452.659;921.843;1481.909;1808.575;2801.798;3325.200;2322.579;3598.976;2769.484;264.419;2162.413;2206.591;2788.342;3228.127;482.511;380.323;2937.028;0.016;3480.721,1350.193;3599.902;3600.004;462.764;3600.042;2807.474;486.760;2723.553;3599.845;2899.152;0.263;1937.433;1335.569;0.183;3599.817;3151.968;595.275;2396.196;1845.720;1290.483;1841.616;1923.395;3396.864;-0.002;2465.300;1963.104;184.893;371.170;2519.327;3322.094;0.015;1563.669;3590.924;1699.462;1069.740;951.208;-0.098;245.284;2348.832;2213.524;2123.125;1050.275;3410.441;3600.099;2214.061;2754.632;2897.138;1254.288;805.311;810.314;730.674;1643.259;-0.122;1261.332;2200.437;1524.581;2086.676;2609.402;3210.186;1155.986;606.095;1627.561;2599.132;305.146;422.018;1069.841;841.632;1772.267;2331.814;1133.281;3600.051;2876.072;2127.522;1373.622;0.029;2505.374;2603.863;-0.152;3084.705;3270.680;2157.357;2854.205;3216.094;3397.159;1402.405;7.945;887.570;181.053;1632.701;1847.701;3123.834;3030.193;872.334;3600.071;258.010;1666.483;342.977;687.479;0.530;628.376
487,884.955393075943,486,-562.1908281488535,562.1908281488535,0.002487105267290306,3471.564;3599.880;3243.856;2112.149;423.646;0.094;1320.785;1142.216;1391.170;1656.885;2418.589;1965.374;2997.428;3226.220;2307.106;1576.206;787.115;3599.931;1005.109;560.187;0.080;3599.819;91.996;1008.423;0.052;457.706;1411.781;3599.983;697.993;3600.041;272.111;1094.586;841.191;3250.715;3599.899;679.501;1472.947;894.481;2885.515;2346.815;0.193;2743.830;2872.285;0.198;1352.617;3205.887;3600.003;2371.363;0.024;1695.030;386.394;2126.319;590.333;-0.012;1854.907;0.038;3044.040;3599.749;3412.076;1229.233;2376.257;2550.428;1740.789;1801.199;0.047;1.378;1266.128;1574.183;425.287;1997.674;1919.879;2616.475;897.150;1160.264;3600.076;2185.389;2748.345;1953.056;3040.090;2444.533;3599.802;452.735;921.968;1481.935;1808.439;2801.933;3325.065;2322.714;3599.002;2769.612;264.286;2162.525;2206.673;2788.224;3228.008;482.643;380.191;2937.099;-0.069;3480.848,1350.087;3600.013;3600.115;462.632;3599.969;2807.366;486.730;2723.664;3599.964;2899.274;0.133;1937.563;1335.673;0.053;3599.899;3152.101;595.187;2396.321;1845.604;1290.413;1841.554;1923.459;3396.745;0.028;2465.173;1963.156;184.797;371.284;2519.443;3322.141;-0.025;1563.547;3590.796;1699.465;1069.610;951.120;0.031;245.160;2348.727;2213.480;2123.008;1050.146;3410.315;3599.976;2213.980;2754.687;2897.012;1254.158;805.410;810.217;730.602;1643.343;0.006;1261.307;2200.310;1524.466;2086.796;2609.500;3210.205;1156.038;606.207;1627.431;2599.249;305.079;422.151;1069.725;841.742;1772.396;2331.946;1133.226;3599.926;2876.123;2127.599;1373.748;-0.065;2505.258;2603.937;-0.024;3084.826;3270.554;2157.445;2854.319;3215.967;3397.076;1402.466;7.920;887.704;181.165;1632.711;1847.620;3123.722;3030.074;872.422;3599.950;258.143;1666.573;343.040;687.443;0.567;628.253
488,886.8502807617188,487,-562.1926503972215,562.1926503972215,0.0032275976903650494,3471.585;3599.806;3243.783;2112.271;423.720;-0.002;1320.759;1142.090;1391.277;1656.824;2418.456;1965.493;2997.547;3226.290;2307.226;1576.331;787.246;3599.823;1005.015;560.310;-0.022;3599.915;92.006;1008.308;-0.037;457.833;1411.801;3600.026;697.872;3599.937;271.978;1094.575;841.067;3250.747;3599.955;679.380;1472.869;894.561;2885.595;2346.726;0.061;2743.769;2872.171;0.269;1352.745;3205.760;3599.888;2371.289;0.033;1694.910;386.267;2126.243;590.200;0.094;1854.807;-0.019;3044.026;3599.875;3412.205;1229.186;2376.124;2550.311;1740.830;1801.326;0.070;1.253;1266.007;1574.311;425.363;1997.788;1919.749;2616.602;897.269;1160.157;3599.946;2185.504;2748.463;1952.991;3039.981;2444.405;3599.671;452.617;921.926;1481.873;1808.481;2801.933;3325.123;2322.840;3599.090;2769.745;264.183;2162.434;2206.804;2788.347;3227.878;482.596;380.317;2937.230;0.056;3480.747,1349.958;3600.144;3599.989;462.629;3600.083;2807.234;486.858;2723.791;3600.096;2899.367;0.000;1937.639;1335.549;-0.012;3600.001;3151.979;595.063;2396.455;1845.693;1290.282;1841.681;1923.525;3396.782;-0.090;2465.061;1963.088;184.891;371.163;2519.474;3322.263;-0.031;1563.587;3590.664;1699.367;1069.624;951.167;0.073;245.081;2348.614;2213.431;2122.895;1050.250;3410.185;3600.033;2214.108;2754.817;2896.878;1254.024;805.300;810.107;730.677;1643.474;0.055;1261.223;2200.379;1524.575;2086.671;2609.406;3210.094;1156.168;606.204;1627.524;2599.373;304.955;422.121;1069.593;841.872;1772.373;2332.076;1133.095;3600.033;2876.027;2127.473;1373.839;0.059;2505.132;2604.066;-0.037;3084.958;3270.679;2157.577;2854.417;3216.090;3396.948;1402.594;7.800;887.825;181.262;1632.839;1847.497;3123.672;3030.024;872.554;3599.943;258.277;1666.592;343.031;687.378;0.443;628.188
489,888.5597033500671,488,-562.1950553971051,562.1950553971051,0.0050256155974768,3471.706;3599.717;3243.654;2112.197;423.847;-0.128;1320.867;1142.043;1391.406;1656.696;2418.325;1965.406;2997.603;3226.419;2307.353;1576.225;787.308;3599.942;1005.052;560.210;0.087;3600.034;91.882;1008.216;0.073;457.751;1411.869;3599.900;697.957;3600.013;272.062;1094.684;841.124;3250.623;3599.865;679.469;1472.941;894.656;2885.486;2346.709;0.120;2743.885;2872.041;0.397;1352.876;3205.768;3599.767;2371.160;-0.086;1694.797;386.142;2126.334;590.070;-0.016;1854.923;0.065;3043.916;3599.813;3412.117;1229.064;2376.181;2550.404;1740.712;1801.298;0.190;1.371;1266.102;1574.391;425.266;1997.684;1919.619;2616.731;897.149;1160.142;3600.022;2185.497;2748.349;1952.997;3039.993;2444.524;3599.684;452.685;922.050;1481.748;1808.370;2801.817;3325.241;2322.971;3599.203;2769.823;264.054;2162.556;2206.935;2788.475;3227.749;482.714;380.323;2937.326;-0.012;3480.811,1349.830;3600.018;3600.001;462.600;3599.962;2807.180;486.963;2723.715;3599.977;2899.496;-0.128;1937.767;1335.657;-0.128;3600.131;3151.912;594.933;2396.548;1845.592;1290.176;1841.810;1923.427;3396.880;0.035;2464.975;1962.959;184.903;371.250;2519.354;3322.170;-0.141;1563.487;3590.573;1699.242;1069.497;951.041;0.020;245.205;2348.717;2213.303;2123.013;1050.380;3410.211;3600.159;2214.225;2754.948;2896.794;1254.000;805.170;809.992;730.805;1643.594;0.050;1261.109;2200.317;1524.521;2086.585;2609.276;3210.211;1156.298;606.081;1627.426;2599.419;304.989;422.228;1069.469;841.995;1772.498;2332.206;1132.965;3599.942;2876.117;2127.357;1373.859;-0.032;2505.258;2603.951;-0.020;3084.841;3270.563;2157.660;2854.546;3216.010;3396.823;1402.610;7.671;887.955;181.391;1632.961;1847.608;3123.544;3030.148;872.640;3600.069;258.178;1666.465;343.158;687.499;0.361;628.064
490,890.4148986339569,489,-562.1941766497166,562.1941766497166,0.004046903838073735,3471.802;3599.841;3243.560;2112.298;423.975;-0.006;1320.995;1142.111;1391.475;1656.588;2418.206;1965.279;2997.728;3226.441;2307.261;1576.160;787.432;3600.050;1005.170;560.093;0.133;3600.099;91.781;1008.330;0.097;457.625;1411.988;3599.816;698.063;3600.137;272.010;1094.809;841.248;3250.495;3599.988;679.594;1472.910;894.548;2885.398;2346.833;0.212;2743.898;2871.940;0.408;1352.891;3205.893;3599.792;2371.079;0.024;1694.914;386.025;2126.461;589.944;-0.143;1855.045;0.173;3043.789;3599.689;3411.990;1228.936;2376.176;2550.529;1740.590;1801.177;0.111;1.499;1266.004;1574.512;425.139;1997.557;1919.490;2616.748;897.045;1160.136;3599.945;2185.380;2748.339;1952.876;3040.116;2444.643;3599.614;452.562;922.174;1481.625;1808.246;2801.693;3325.124;2323.092;3599.329;2769.707;263.937;2162.684;2206.975;2788.375;3227.864;482.817;380.219;2937.439;-0.105;3480.723,1349.926;3600.083;3599.945;462.719;3599.849;2807.111;486.849;2723.592;3600.000;2899.585;-0.021;1937.876;1335.566;-0.003;3600.009;3152.027;594.806;2396.440;1845.464;1290.284;1841.935;1923.300;3397.006;0.067;2465.009;1962.898;184.973;371.373;2519.226;3322.044;-0.017;1563.362;3590.692;1699.362;1069.370;950.913;-0.104;245.282;2348.702;2213.303;2123.125;1050.429;3410.310;3600.037;2214.110;2755.075;2896.763;1253.943;805.152;810.111;730.927;1643.482;0.159;1260.983;2200.192;1524.498;2086.684;2609.187;3210.338;1156.316;605.955;1627.347;2599.544;305.111;422.354;1069.590;841.893;1772.626;2332.335;1132.874;3599.846;2876.240;2127.397;1373.737;0.078;2505.376;2603.904;0.067;3084.758;3270.440;2157.732;2854.639;3215.883;3396.708;1402.735;7.552;888.083;181.513;1632.913;1847.688;3123.638;3030.100;872.637;3599.996;258.056;1666.376;343.286;687.598;0.234;628.171
491,892.2955815792084,490,-562.1927053156869,562.1927053156869,0.0015651942824385166,3471.926;3599.745;3243.652;2112.423;423.932;-0.037;1321.022;1142.149;1391.592;1656.463;2418.120;1965.313;2997.852;3226.560;2307.379;1576.279;787.373;3599.930;1005.089;560.049;0.027;3599.978;91.697;1008.212;-0.014;457.501;1412.114;3599.910;697.943;3600.021;271.887;1094.858;841.292;3250.600;3599.970;679.485;1472.787;894.461;2885.486;2346.899;0.093;2743.775;2871.816;0.402;1352.773;3206.016;3599.906;2371.148;0.079;1694.846;385.900;2126.575;589.908;-0.037;1854.938;0.060;3043.779;3599.568;3411.965;1228.811;2376.055;2550.416;1740.467;1801.196;0.124;1.573;1266.092;1574.638;425.238;1997.654;1919.597;2616.631;897.164;1160.013;3600.060;2185.339;2748.461;1952.751;3040.241;2444.669;3599.734;452.546;922.299;1481.508;1808.354;2801.791;3325.027;2323.215;3599.442;2769.804;263.982;2162.575;2207.093;2788.462;3227.757;482.774;380.338;2937.564;0.015;3480.601,1349.850;3599.979;3599.826;462.699;3599.901;2807.231;486.961;2723.466;3600.067;2899.620;-0.021;1937.756;1335.669;0.067;3599.970;3151.941;594.906;2396.365;1845.579;1290.381;1841.904;1923.407;3396.946;0.146;2465.129;1963.001;184.851;371.295;2519.323;3322.157;0.035;1563.447;3590.766;1699.276;1069.451;950.975;0.011;245.183;2348.579;2213.422;2123.248;1050.521;3410.435;3599.983;2213.999;2755.201;2896.883;1254.065;805.243;810.220;730.857;1643.551;0.052;1261.030;2200.308;1524.429;2086.573;2609.273;3210.251;1156.414;605.945;1627.467;2599.507;305.039;422.264;1069.604;841.833;1772.535;2332.237;1132.751;3599.723;2876.365;2127.490;1373.612;0.132;2505.330;2603.780;0.190;3084.666;3270.314;2157.744;2854.526;3215.815;3396.828;1402.651;7.427;887.979;181.417;1632.907;1847.569;3123.742;3030.071;872.515;3600.023;257.934;1666.457;343.181;687.723;0.264;628.296
492,893.9978189468384,491,-562.1950473514287,562.1950473514287,0.0019434346549539044,3472.043;3599.827;3243.774;2112.310;423.890;0.017;1320.945;1142.030;1391.665;1656.340;2418.236;1965.390;2997.821;3226.465;2307.499;1576.214;787.433;3600.009;1004.967;560.073;-0.093;3599.961;91.579;1008.098;0.095;457.612;1412.226;3600.012;697.894;3599.947;271.989;1094.978;841.405;3250.649;3599.875;679.410;1472.695;894.558;2885.397;2346.963;-0.010;2743.687;2871.797;0.284;1352.836;3206.086;3600.029;2371.149;0.063;1694.736;385.978;2126.471;590.007;0.072;1855.041;-0.000;3043.898;3599.468;3411.846;1228.763;2376.084;2550.341;1740.365;1801.222;0.005;1.465;1266.198;1574.541;425.278;1997.774;1919.697;2616.528;897.275;1159.926;3599.948;2185.218;2748.356;1952.855;3040.365;2444.779;3599.842;452.663;922.421;1481.613;1808.277;2801.913;3325.070;2323.150;3599.333;2769.924;263.913;2162.475;2207.212;2788.415;3227.854;482.887;380.245;2937.462;-0.017;3480.710,1349.957;3600.057;3599.929;462.580;3600.009;2807.342;486.946;2723.382;3599.949;2899.737;0.087;1937.676;1335.557;0.001;3600.052;3151.952;595.016;2396.468;1845.683;1290.503;1841.785;1923.518;3396.834;0.112;2465.025;1963.105;184.757;371.210;2519.441;3322.141;-0.003;1563.568;3590.828;1699.206;1069.515;950.923;-0.054;245.134;2348.483;2213.530;2123.174;1050.641;3410.549;3599.972;2213.878;2755.096;2897.005;1254.138;805.365;810.329;730.745;1643.440;0.032;1261.051;2200.370;1524.308;2086.507;2609.395;3210.222;1156.323;606.062;1627.585;2599.428;305.122;422.361;1069.521;841.719;1772.420;2332.229;1132.663;3599.769;2876.484;2127.613;1373.494;0.042;2505.439;2603.660;0.097;3084.544;3270.193;2157.624;2854.572;3215.699;3396.930;1402.568;7.411;887.960;181.337;1632.998;1847.505;3123.718;3030.167;872.395;3599.999;258.027;1666.572;343.093;687.635;0.216;628.413
493,895.8404288291931,492,-562.1962585211629,562.1962585211629,0.003970369583077014,3472.154;3599.909;3243.775;2112.213;423.871;-0.043;1320.830;1141.913;1391.552;1656.250;2418.243;1965.509;2997.757;3226.354;2307.619;1576.301;787.551;3600.015;1004.849;560.020;0.023;3600.067;91.516;1007.981;0.119;457.728;1412.270;3599.946;697.958;3600.016;272.007;1094.964;841.289;3250.748;3599.955;679.293;1472.780;894.675;2885.481;2346.863;-0.123;2743.576;2871.777;0.165;1352.749;3206.191;3599.922;2371.176;0.142;1694.615;385.920;2126.541;590.119;0.092;1855.146;-0.116;3043.831;3599.541;3411.775;1228.765;2376.157;2550.235;1740.463;1801.333;-0.046;1.398;1266.125;1574.550;425.368;1997.876;1919.612;2616.591;897.213;1159.815;3599.987;2185.300;2748.408;1952.781;3040.483;2444.679;3599.805;452.725;922.532;1481.531;1808.289;2801.852;3325.185;2323.247;3599.218;2770.002;263.869;2162.357;2207.331;2788.510;3227.910;482.778;380.289;2937.357;-0.092;3480.624,1350.078;3600.053;3599.852;462.618;3600.121;2807.236;486.832;2723.286;3599.985;2899.851;-0.014;1937.756;1335.466;-0.110;3599.941;3151.836;595.129;2396.586;1845.803;1290.605;1841.736;1923.616;3396.876;0.162;2464.905;1963.057;184.637;371.093;2519.538;3322.039;-0.013;1563.461;3590.713;1699.322;1069.430;950.848;0.041;245.250;2348.363;2213.651;2123.156;1050.529;3410.670;3599.880;2213.781;2755.024;2897.119;1254.216;805.486;810.216;730.624;1643.486;-0.060;1260.936;2200.375;1524.414;2086.389;2609.505;3210.312;1156.389;606.001;1627.567;2599.543;305.239;422.481;1069.472;841.822;1772.301;2332.338;1132.738;3599.686;2876.604;2127.648;1373.409;0.136;2505.387;2603.558;0.163;3084.496;3270.095;2157.720;2854.691;3215.805;3397.043;1402.474;7.525;888.006;181.223;1632.881;1847.386;3123.620;3030.052;872.453;3599.887;257.998;1666.693;343.033;687.747;0.100;628.328
494,897.7068226337433,493,-562.1956975033281,562.1956975033281,0.001651588246836618,3472.261;3600.022;3243.889;2112.097;423.902;0.068;1320.754;1141.794;1391.651;1656.134;2418.348;1965.502;2997.641;3226.289;2307.725;1576.418;787.583;3599.903;1004.742;560.135;0.036;3599.963;91.400;1007.889;0.012;457.829;1412.382;3600.002;698.067;3600.044;272.120;1095.071;841.284;3250.652;3599.958;679.370;1472.672;894.794;2885.550;2346.917;-0.009;2743.584;2871.853;0.071;1352.632;3206.084;3599.938;2371.121;0.241;1694.580;385.925;2126.546;590.037;0.129;1855.164;-0.003;3043.940;3599.658;3411.815;1228.650;2376.273;2550.145;1740.408;1801.452;0.065;1.284;1266.008;1574.442;425.325;1997.989;1919.509;2616.666;897.267;1159.703;3600.056;2185.256;2748.446;1952.812;3040.416;2444.766;3599.918;452.828;922.555;1481.566;1808.184;2801.947;3325.298;2323.181;3599.142;2769.899;263.753;2162.240;2207.406;2788.626;3228.018;482.854;380.190;2937.268;0.020;3480.694,1350.194;3599.952;3599.958;462.504;3600.008;2807.123;486.823;2723.391;3600.089;2899.748;0.040;1937.655;1335.352;0.002;3599.984;3151.762;595.245;2396.701;1845.897;1290.720;1841.621;1923.676;3396.897;0.082;2464.789;1963.166;184.545;371.007;2519.653;3321.931;0.033;1563.530;3590.595;1699.428;1069.340;950.734;-0.003;245.207;2348.246;2213.768;2123.040;1050.416;3410.754;3599.768;2213.807;2754.927;2897.230;1254.331;805.592;810.103;730.513;1643.379;0.054;1260.819;2200.273;1524.476;2086.276;2609.608;3210.201;1156.313;606.103;1627.509;2599.594;305.184;422.596;1069.566;841.939;1772.194;2332.452;1132.852;3599.745;2876.708;2127.717;1373.291;0.248;2505.288;2603.442;0.063;3084.609;3269.979;2157.736;2854.805;3215.888;3397.136;1402.570;7.643;888.106;181.152;1632.794;1847.369;3123.727;3029.993;872.418;3599.919;257.915;1666.807;342.935;687.782;-0.015;628.400
495,899.6003956794739,494,-562.1987807352459,562.1987807352459,0.003769880851913404,3472.190;3600.103;3244.004;2112.009;424.016;0.043;1320.861;1141.743;1391.568;1656.191;2418.428;1965.430;2997.750;3226.174;2307.819;1576.406;787.695;3599.926;1004.626;560.073;-0.009;3599.958;91.302;1007.939;-0.087;457.726;1412.286;3600.116;698.182;3599.932;272.212;1094.968;841.171;3250.536;3600.067;679.483;1472.763;894.857;2885.664;2346.807;0.035;2743.475;2871.967;-0.043;1352.726;3205.980;3599.862;2371.007;0.199;1694.467;386.037;2126.433;589.923;0.018;1855.139;0.012;3044.040;3599.773;3411.703;1228.557;2376.390;2550.042;1740.396;1801.568;-0.029;1.383;1265.978;1574.494;425.212;1998.105;1919.393;2616.558;897.212;1159.587;3599.948;2185.358;2748.482;1952.923;3040.487;2444.787;3600.032;452.803;922.667;1481.596;1808.237;2801.882;3325.414;2323.111;3599.235;2769.976;263.715;2162.315;2207.321;2788.700;3228.134;482.842;380.077;2937.153;0.038;3480.800,1350.289;3600.043;3600.048;462.582;3599.936;2807.148;486.866;2723.417;3599.979;2899.853;-0.048;1937.738;1335.235;0.015;3600.065;3151.648;595.144;2396.665;1846.011;1290.831;1841.558;1923.573;3397.009;-0.033;2464.706;1963.066;184.463;371.087;2519.617;3321.815;-0.066;1563.613;3590.613;1699.483;1069.225;950.618;-0.031;245.309;2348.143;2213.844;2123.073;1050.423;3410.864;3599.739;2213.702;2755.014;2897.345;1254.447;805.495;810.178;730.601;1643.455;0.056;1260.703;2200.373;1524.386;2086.347;2609.697;3210.276;1156.425;606.027;1627.611;2599.490;305.281;422.532;1069.681;841.999;1772.087;2332.558;1132.745;3599.859;2876.716;2127.822;1373.181;0.156;2505.397;2603.328;-0.052;3084.592;3269.896;2157.808;2854.795;3215.785;3397.231;1402.545;7.713;888.221;181.198;1632.900;1847.305;3123.788;3029.922;872.435;3600.032;257.800;1666.815;343.044;687.728;-0.105;628.510
496,901.3062794208527,495,-562.1957992006552,562.1957992006552,0.002656824591467246,3472.131;3599.993;3244.114;2112.081;424.117;0.099;1320.964;1141.651;1391.455;1656.286;2418.539;1965.526;2997.818;3226.192;2307.719;1576.508;787.799;3600.037;1004.719;560.002;-0.081;3600.066;91.394;1008.024;0.023;457.749;1412.173;3600.006;698.094;3599.877;272.123;1095.072;841.067;3250.580;3599.956;679.444;1472.866;894.778;2885.757;2346.882;-0.037;2743.364;2872.081;0.049;1352.663;3205.874;3599.935;2371.070;0.308;1694.439;386.147;2126.476;589.870;-0.089;1855.242;-0.048;3044.019;3599.673;3411.735;1228.466;2376.372;2550.109;1740.286;1801.525;0.065;1.444;1266.082;1574.606;425.242;1998.174;1919.287;2616.481;897.100;1159.473;3599.911;2185.438;2748.372;1952.852;3040.544;2444.686;3599.939;452.912;922.761;1481.606;1808.138;2801.985;3325.328;2323.212;3599.346;2770.087;263.625;2162.267;2207.208;2788.593;3228.164;482.911;380.033;2937.050;-0.062;3480.725,1350.397;3599.968;3599.943;462.488;3600.015;2807.132;486.970;2723.320;3599.992;2899.956;0.041;1937.643;1335.146;-0.081;3599.957;3151.707;595.170;2396.773;1846.119;1290.922;1841.455;1923.669;3397.016;0.075;2464.594;1963.163;184.352;371.005;2519.721;3321.797;0.044;1563.635;3590.513;1699.587;1069.318;950.676;0.067;245.408;2348.067;2213.956;2122.989;1050.320;3410.955;3599.653;2213.623;2755.113;2897.423;1254.413;805.395;810.079;730.577;1643.566;-0.033;1260.712;2200.268;1524.385;2086.261;2609.809;3210.246;1156.533;606.114;1627.511;2599.428;305.180;422.531;1069.596;842.111;1772.029;2332.658;1132.711;3599.821;2876.825;2127.718;1373.072;0.115;2505.442;2603.247;0.053;3084.657;3269.853;2157.910;2854.825;3215.702;3397.343;1402.449;7.755;888.227;181.264;1632.887;1847.193;3123.900;3029.810;872.545;3599.928;257.878;1666.925;343.122;687.831;0.002;628.449
497,903.1582522392273,496,-562.1947211525243,562.1947211525243,0.0018464848357736857,3472.237;3599.928;3244.041;2112.190;424.173;0.196;1321.075;1141.734;1391.441;1656.201;2418.511;1965.634;2997.925;3226.293;2307.771;1576.415;787.845;3599.943;1004.678;560.107;0.027;3599.977;91.350;1007.917;0.039;457.669;1412.118;3600.012;697.985;3599.979;272.015;1095.106;840.977;3250.638;3599.996;679.338;1472.920;894.671;2885.865;2346.984;0.046;2743.253;2871.978;0.041;1352.689;3205.972;3599.993;2371.179;0.419;1694.533;386.205;2126.573;589.767;-0.065;1855.353;0.055;3043.911;3599.581;3411.837;1228.355;2376.269;2550.004;1740.366;1801.416;0.020;1.554;1266.169;1574.533;425.141;1998.251;1919.312;2616.372;897.133;1159.412;3599.987;2185.354;2748.459;1952.743;3040.654;2444.576;3600.026;453.020;922.809;1481.715;1808.157;2802.089;3325.228;2323.324;3599.252;2770.122;263.730;2162.240;2207.290;2788.658;3228.061;482.809;380.075;2936.984;0.038;3480.615,1350.320;3600.070;3599.875;462.562;3600.023;2807.160;486.887;2723.209;3600.027;2900.045;-0.062;1937.555;1335.111;0.019;3599.922;3151.619;595.198;2396.706;1846.152;1290.855;1841.482;1923.774;3397.106;0.118;2464.577;1963.162;184.244;371.107;2519.769;3321.770;0.102;1563.737;3590.506;1699.693;1069.412;950.643;-0.008;245.375;2347.993;2214.053;2123.070;1050.416;3411.064;3599.740;2213.513;2755.220;2897.493;1254.306;805.472;810.006;730.482;1643.675;0.068;1260.617;2200.198;1524.336;2086.163;2609.880;3210.222;1156.529;606.020;1627.415;2599.323;305.183;422.621;1069.697;842.218;1772.069;2332.589;1132.787;3599.733;2876.911;2127.774;1373.003;0.198;2505.546;2603.174;0.119;3084.737;3269.851;2158.021;2854.885;3215.759;3397.455;1402.553;7.858;888.148;181.156;1632.926;1847.082;3123.980;3029.747;872.442;3600.004;257.926;1666.930;343.020;687.932;-0.047;628.339
498,905.0368945598602,497,-562.1959820870416,562.1959820870416,0.0030732029771970764,3472.144;3599.958;3243.942;2112.115;424.085;0.094;1321.014;1141.634;1391.335;1656.302;2418.615;1965.743;2998.029;3226.402;2307.666;1576.503;787.741;3599.872;1004.612;560.003;0.032;3599.931;91.455;1008.017;0.087;457.561;1412.222;3599.961;697.995;3600.030;271.967;1095.213;841.079;3250.544;3600.099;679.361;1472.817;894.561;2885.975;2346.886;0.112;2743.346;2872.066;-0.066;1352.794;3206.072;3599.887;2371.078;0.351;1694.630;386.312;2126.682;589.866;0.042;1855.252;0.059;3043.885;3599.672;3411.930;1228.367;2376.162;2549.919;1740.267;1801.310;0.030;1.488;1266.271;1574.616;425.221;1998.344;1919.207;2616.263;897.028;1159.308;3600.095;2185.457;2748.560;1952.835;3040.750;2444.675;3599.933;452.921;922.703;1481.622;1808.264;2802.011;3325.315;2323.237;3599.352;2770.193;263.773;2162.345;2207.361;2788.561;3227.957;482.700;380.181;2937.003;0.001;3480.506,1350.213;3599.970;3599.915;462.488;3599.922;2807.059;486.983;2723.262;3599.930;2899.958;0.039;1937.640;1335.188;0.010;3599.991;3151.597;595.092;2396.598;1846.057;1290.747;1841.589;1923.673;3397.206;0.200;2464.682;1963.059;184.341;371.211;2519.715;3321.825;0.131;1563.703;3590.613;1699.596;1069.446;950.744;-0.116;245.276;2348.096;2213.956;2123.179;1050.525;3410.977;3599.848;2213.612;2755.329;2897.387;1254.197;805.379;810.107;730.583;1643.727;-0.008;1260.700;2200.247;1524.441;2086.266;2609.775;3210.237;1156.635;605.913;1627.514;2599.426;305.081;422.522;1069.640;842.183;1772.176;2332.481;1132.683;3599.796;2876.810;2127.668;1373.104;0.098;2505.532;2603.271;0.023;3084.656;3269.958;2157.978;2854.783;3215.657;3397.361;1402.656;7.754;888.040;181.177;1632.836;1847.166;3123.936;3029.852;872.524;3600.101;257.837;1666.826;343.020;687.832;0.031;628.428
499,906.940806388855,498,-562.1982475136863,562.1982475136863,0.0024715551710825126,3472.234;3599.857;3243.843;2112.039;424.108;0.001;1321.111;1141.527;1391.395;1656.274;2418.554;1965.808;2998.103;3226.506;2307.737;1576.460;787.729;3599.967;1004.713;560.077;0.027;3600.022;91.393;1007.959;0.122;457.457;1412.167;3600.005;697.895;3600.086;271.864;1095.224;841.040;3250.558;3600.001;679.259;1472.816;894.616;2885.904;2346.877;0.016;2743.284;2872.092;0.032;1352.706;3206.179;3599.910;2371.162;0.411;1694.544;386.391;2126.748;589.947;0.055;1855.199;-0.027;3043.787;3599.580;3412.035;1228.277;2376.060;2549.814;1740.164;1801.265;-0.067;1.399;1266.378;1574.521;425.130;1998.255;1919.277;2616.241;897.093;1159.240;3599.995;2185.444;2748.499;1952.750;3040.676;2444.581;3600.029;452.987;922.665;1481.520;1808.362;2801.905;3325.232;2323.305;3599.315;2770.292;263.877;2162.282;2207.463;2788.549;3227.849;482.746;380.224;2937.108;-0.017;3480.569,1350.106;3599.997;3600.018;462.585;3600.006;2807.158;487.089;2723.365;3599.981;2899.857;0.074;1937.639;1335.100;-0.039;3600.089;3151.693;594.992;2396.695;1845.959;1290.645;1841.695;1923.698;3397.108;0.110;2464.770;1962.952;184.445;371.116;2519.617;3321.931;0.209;1563.783;3590.680;1699.492;1069.551;950.851;-0.013;245.334;2348.196;2213.969;2123.198;1050.512;3410.887;3599.948;2213.677;2755.373;2897.289;1254.091;805.276;810.118;730.688;1643.832;0.013;1260.793;2200.178;1524.548;2086.364;2609.668;3210.133;1156.572;605.996;1627.468;2599.356;304.975;422.415;1069.539;842.283;1772.172;2332.417;1132.769;3599.898;2876.703;2127.572;1373.188;-0.009;2505.508;2603.374;-0.072;3084.759;3270.065;2157.895;2854.676;3215.755;3397.285;1402.763;7.658;887.994;181.278;1632.939;1847.216;3124.030;3029.911;872.433;3599.997;257.939;1666.721;342.919;687.747;-0.036;628.395
500,908.6587896347046,499,-562.199058773252,562.199058773252,0.0036636445984442084,3472.325;3599.780;3243.937;2111.937;424.211;0.015;1321.205;1141.538;1391.345;1656.372;2418.500;1965.790;2998.090;3226.578;2307.821;1576.359;787.802;3600.025;1004.732;560.067;-0.068;3600.091;91.295;1007.955;0.042;457.395;1412.073;3600.085;697.908;3599.984;271.773;1095.186;840.939;3250.651;3600.039;679.170;1472.915;894.657;2885.828;2346.973;-0.004;2743.292;2872.098;0.002;1352.784;3206.280;3599.981;2371.240;0.514;1694.573;386.291;2126.839;590.032;0.030;1855.296;0.065;3043.694;3599.484;3412.135;1228.377;2376.119;2549.709;1740.060;1801.164;0.034;1.296;1266.482;1574.417;425.170;1998.169;1919.300;2616.161;897.007;1159.297;3600.007;2185.345;2748.593;1952.646;3040.618;2444.593;3600.058;453.048;922.721;1481.573;1808.265;2801.995;3325.128;2323.401;3599.216;2770.195;263.977;2162.243;2207.567;2788.450;3227.784;482.654;380.313;2937.145;0.054;3480.598,1350.002;3600.044;3600.064;462.496;3600.106;2807.263;487.110;2723.334;3600.073;2899.956;0.050;1937.537;1335.196;0.053;3599.988;3151.798;594.906;2396.633;1845.966;1290.597;1841.747;1923.659;3397.198;0.047;2464.826;1962.865;184.434;371.199;2519.513;3321.862;0.120;1563.705;3590.595;1699.401;1069.470;950.773;0.021;245.438;2348.193;2213.967;2123.241;1050.606;3410.982;3600.053;2213.722;2755.424;2897.364;1254.042;805.171;810.205;730.783;1643.817;-0.062;1260.894;2200.130;1524.571;2086.465;2609.659;3210.125;1156.646;606.082;1627.549;2599.252;304.995;422.319;1069.509;842.315;1772.259;2332.501;1132.722;3600.003;2876.712;2127.520;1373.213;-0.114;2505.610;2603.278;0.026;3084.710;3270.103;2157.790;2854.586;3215.676;3397.347;1402.790;7.683;888.088;181.192;1633.039;1847.176;3123.945;3029.969;872.330;3599.980;257.925;1666.726;342.885;687.652;0.062;628.484
