eval,time_s,iter,obj,aep,rms_viol,x,y
1,0.0,0,-503.8869006389062,503.8869006389062,4.015398588133146,803.848;1883.388;1982.525;164.167;1298.624;803.091;2479.414;589.433;253.170;3387.639;2029.253;280.772;2601.506;570.428;901.013;1056.554;2507.799;1671.351;774.224;1608.575;435.164;3303.673;2039.207;1699.270;1132.439;155.577;2708.802;1955.769;2761.886;2845.616;259.997;2374.977;191.878;2466.088;1596.063;1684.786;2379.814;2483.880;947.986;41.324;2776.660;2938.112;502.710;2080.824;1226.427;835.976;715.118;977.367;3516.670;775.544;1283.067;66.240;2220.445;829.459;2672.466;2103.301;1512.373;2553.310;3499.364;2916.141;1550.359;3447.823;171.929;2638.014;2432.399;1897.219;2041.155;2602.603;2457.372;2863.126;406.244;716.985;2596.749;1417.922;1221.067;552.404;362.066;1466.090;2098.496;2666.594;3133.299;3479.494;1640.033;1441.523;1076.183;2982.096;3275.428;2758.092;245.933;2181.695;3381.178;367.714;3519.142;1284.079;2355.074;442.029;3460.868;2344.253;3372.040;3271.778,1573.228;3359.739;2542.382;961.692;647.159;2359.992;2959.300;3268.472;2254.233;585.981;1013.926;2117.553;402.298;970.280;7.144;3227.628;3349.179;1224.842;1521.292;2412.707;2200.459;2379.323;1825.426;2285.904;389.669;3424.323;120.353;349.232;3049.008;2204.528;2520.545;1980.936;2921.045;2319.775;710.918;2783.962;1240.575;3061.477;1228.673;3498.360;804.346;2298.240;494.486;465.837;2344.593;2582.699;358.157;2079.092;1492.318;486.670;1863.410;233.009;3233.549;339.974;3106.273;2658.499;412.241;1953.675;3492.542;889.478;2064.333;2044.926;1229.373;423.816;1960.213;2044.314;3292.343;2255.042;1784.246;667.600;1399.605;2061.735;2618.251;3555.840;690.439;2422.742;1495.202;2291.429;21.493;2639.864;2968.922;164.922;1282.833;793.525;2335.839;311.066;1220.689;2370.869;2989.493;680.251;52.678;796.576;2808.156;14.704;2483.715;755.253;2983.469;2908.508;3389.403;1780.972
2,1.6936089992523193,1,-512.6401885295161,512.6401885295161,2.14797117824603,819.848;1899.388;1966.525;148.167;1314.624;819.091;2495.414;605.433;237.170;3371.639;2045.253;296.772;2585.506;586.428;885.013;1072.554;2491.799;1687.351;758.224;1592.575;451.164;3319.673;2055.207;1715.270;1148.439;171.577;2692.802;1971.769;2777.886;2829.616;243.997;2358.977;175.878;2450.088;1612.063;1668.786;2395.814;2499.880;931.986;25.324;2760.660;2954.112;486.710;2064.824;1242.427;819.976;699.118;993.367;3500.670;759.544;1267.067;82.240;2236.445;845.459;2656.466;2119.301;1528.373;2569.310;3515.364;2932.141;1566.359;3431.823;155.929;2654.014;2416.399;1881.219;2025.155;2618.603;2473.372;2879.126;422.244;700.985;2580.749;1433.922;1205.067;536.404;346.066;1482.090;2082.496;2682.594;3117.299;3495.494;1624.033;1425.523;1060.183;2998.096;3291.428;2774.092;261.933;2165.695;3365.178;351.714;3503.142;1268.079;2339.074;458.029;3476.868;2328.253;3356.040;3255.778,1589.228;3375.739;2526.382;977.692;631.159;2343.992;2943.300;3252.472;2270.233;601.981;997.926;2101.553;386.298;954.280;-8.856;3243.628;3333.179;1208.842;1505.292;2428.707;2216.459;2395.323;1809.426;2269.904;373.669;3408.323;104.353;333.232;3033.008;2188.528;2504.545;1996.936;2905.045;2335.775;694.918;2799.962;1256.575;3077.477;1212.673;3514.360;820.346;2314.240;510.486;481.837;2360.593;2598.699;342.157;2095.092;1508.318;502.670;1879.410;217.009;3249.549;323.974;3122.273;2674.499;396.241;1969.675;3508.542;873.478;2048.333;2028.926;1245.373;439.816;1944.213;2028.314;3276.343;2239.042;1768.246;651.600;1383.605;2045.735;2602.251;3539.840;706.439;2438.742;1511.202;2307.429;5.493;2655.864;2984.922;180.922;1298.833;809.525;2319.839;295.066;1204.689;2386.869;3005.493;696.251;36.678;812.576;2792.156;-1.296;2499.715;739.253;2999.469;2892.508;3373.403;1764.972
3,3.517789363861084,2,-517.2904729656751,517.2904729656751,0.9470268221165967,836.150;1915.672;1950.246;143.472;1330.802;833.990;2497.668;600.312;233.045;3387.365;2035.123;297.807;2569.556;591.937;899.857;1086.693;2504.567;1703.646;741.926;1594.664;458.813;3333.480;2054.079;1720.701;1164.686;173.419;2703.803;1956.210;2794.102;2825.128;227.694;2343.391;159.551;2448.896;1626.556;1652.894;2408.772;2485.910;915.715;22.929;2748.750;2961.992;482.047;2080.562;1245.899;830.934;683.241;1007.673;3515.915;752.698;1267.959;97.883;2249.819;861.221;2640.258;2135.266;1513.868;2585.560;3531.449;2930.672;1553.037;3439.569;139.966;2669.882;2400.085;1893.523;2009.063;2619.961;2488.209;2895.452;438.551;684.754;2564.549;1430.994;1188.843;551.937;329.757;1466.335;2077.018;2698.780;3132.767;3503.274;1607.743;1441.429;1054.725;3014.078;3288.915;2790.417;278.259;2180.734;3356.810;335.550;3487.059;1274.546;2323.114;474.279;3492.630;2323.187;3340.389;3262.522,1605.183;3391.916;2540.648;986.540;614.837;2356.645;2927.015;3268.284;2274.351;595.229;983.640;2098.715;370.200;953.667;7.073;3258.424;3348.849;1192.744;1489.314;2430.613;2225.907;2411.607;1793.423;2268.084;389.444;3399.618;114.149;318.825;3016.761;2184.114;2488.507;2013.196;2888.883;2343.738;679.385;2789.948;1270.791;3093.611;1228.415;3522.958;806.496;2314.407;526.793;466.707;2348.309;2603.679;340.226;2111.418;1500.547;505.635;1895.470;200.706;3234.757;317.060;3138.585;2690.814;401.993;1985.770;3523.041;889.170;2055.854;2040.262;1261.584;455.889;1928.043;2027.888;3267.680;2229.568;1751.927;638.985;1367.385;2029.624;2585.937;3544.767;722.764;2446.760;1527.399;2323.756;-9.171;2672.185;3001.248;182.317;1314.949;825.638;2326.623;278.776;1195.324;2397.086;3021.622;712.237;34.357;828.886;2776.265;-13.116;2485.070;722.937;3007.689;2886.214;3368.830;1776.792
4,5.369061231613159,3,-519.0019851454349,519.0019851454349,0.23612030673485093,852.152;1899.639;1933.848;159.371;1329.965;850.323;2506.955;615.532;245.820;3401.314;2047.880;282.106;2553.167;607.990;916.164;1071.610;2489.284;1720.018;725.887;1602.562;473.117;3344.457;2068.984;1718.255;1180.969;169.004;2719.945;1954.586;2799.018;2831.402;211.872;2328.136;154.755;2444.677;1623.365;1665.545;2406.182;2469.694;931.102;24.611;2759.381;2969.656;497.550;2079.375;1245.520;816.282;676.014;1000.806;3502.623;753.135;1255.353;114.099;2257.548;866.749;2638.645;2146.265;1497.730;2589.028;3547.902;2942.883;1546.989;3423.767;128.131;2686.252;2409.657;1899.135;2025.021;2610.148;2493.430;2905.097;443.503;668.294;2548.212;1446.139;1185.116;540.384;320.162;1453.010;2092.393;2715.146;3147.954;3510.165;1591.326;1457.846;1057.964;3018.885;3304.402;2804.669;282.820;2196.996;3352.988;331.995;3502.477;1260.562;2330.867;472.660;3478.470;2322.099;3331.216;3278.643,1621.607;3408.150;2553.058;995.555;605.950;2342.154;2921.704;3283.425;2268.537;579.392;967.637;2092.375;353.968;937.993;17.890;3273.645;3362.224;1176.353;1472.890;2431.153;2242.087;2414.853;1804.487;2275.748;402.873;3390.729;99.779;330.304;3015.063;2187.789;2482.169;2029.611;2885.063;2346.118;664.753;2773.760;1255.577;3095.611;1235.668;3531.773;820.547;2306.668;535.791;468.647;2334.770;2589.026;329.355;2127.871;1516.151;505.533;1884.726;184.358;3233.227;319.118;3147.055;2677.261;386.380;1994.588;3516.224;891.142;2040.801;2056.502;1268.950;472.091;1911.855;2012.607;3251.596;2222.878;1736.077;622.718;1363.339;2025.457;2569.699;3560.812;732.487;2450.910;1532.465;2319.325;5.663;2688.545;3014.446;184.212;1331.338;830.233;2342.415;285.541;1179.249;2412.812;3026.190;725.404;34.439;837.823;2760.946;1.957;2499.056;715.136;2996.467;2876.293;3383.881;1761.432
5,7.221271753311157,4,-520.1982259584537,520.1982259584537,0.08584728553257069,857.092;1894.149;1934.600;164.043;1329.017;848.933;2501.065;631.706;230.629;3417.500;2033.887;289.843;2548.495;621.593;931.280;1055.340;2488.864;1724.520;722.947;1602.892;465.326;3360.723;2068.745;1726.728;1191.701;168.363;2735.151;1942.441;2801.257;2833.491;216.559;2311.716;149.806;2442.952;1639.151;1660.707;2390.522;2462.204;942.222;24.633;2759.714;2975.229;488.719;2087.672;1248.365;801.157;672.689;1009.277;3509.297;737.109;1269.014;99.888;2273.675;870.994;2642.008;2150.653;1511.802;2590.348;3563.786;2959.100;1531.143;3414.926;115.438;2691.777;2425.282;1883.372;2027.892;2607.759;2509.431;2889.811;439.381;654.979;2545.503;1461.879;1184.016;554.859;315.472;1455.240;2108.520;2719.899;3164.228;3517.125;1586.925;1452.744;1054.730;3034.809;3317.927;2820.569;284.606;2188.262;3343.487;330.388;3500.582;1251.843;2315.872;471.896;3486.449;2324.204;3315.011;3268.197,1626.356;3410.918;2541.505;982.151;601.744;2338.392;2921.568;3299.303;2254.528;563.079;951.566;2087.110;350.138;950.706;20.682;3290.084;3377.601;1172.837;1469.390;2436.329;2254.929;2399.491;1791.894;2281.958;419.233;3381.527;84.021;315.859;3019.613;2186.260;2467.768;2045.964;2884.510;2352.247;679.095;2763.199;1263.254;3091.312;1251.352;3539.322;831.899;2294.977;519.919;464.669;2346.403;2599.920;317.084;2133.434;1528.476;507.198;1898.258;171.325;3230.848;325.990;3154.244;2692.076;375.570;2003.564;3526.895;892.771;2040.683;2071.069;1284.797;475.267;1895.679;1996.378;3249.454;2216.019;1744.255;629.729;1360.363;2038.941;2567.583;3576.208;734.708;2466.632;1530.511;2304.590;4.920;2692.214;3030.800;185.459;1335.380;824.775;2337.929;300.867;1170.586;2428.000;3026.994;715.552;30.459;842.291;2744.509;-6.101;2503.350;714.019;2980.193;2862.613;3385.407;1746.073
6,8.93015193939209,5,-521.4599940550765,521.4599940550765,0.08423066999073016,859.049;1892.431;1933.343;177.620;1321.581;861.757;2495.058;644.981;233.651;3433.561;2017.505;285.164;2546.162;635.585;922.886;1069.382;2504.250;1724.619;725.791;1603.284;449.271;3371.537;2078.106;1724.125;1206.020;168.927;2751.208;1949.652;2802.665;2846.772;203.514;2306.152;147.868;2433.394;1655.569;1655.178;2405.893;2448.485;953.642;18.958;2743.720;2978.930;503.283;2077.546;1241.849;784.993;672.975;1025.478;3525.221;726.672;1284.107;86.734;2261.983;870.061;2650.553;2165.925;1524.818;2588.532;3562.932;2967.706;1534.069;3430.226;100.196;2692.662;2426.159;1874.562;2024.006;2607.646;2525.628;2902.390;430.731;640.092;2548.647;1449.913;1175.086;566.870;304.310;1469.707;2123.372;2725.128;3173.469;3516.498;1584.449;1468.071;1042.489;3050.887;3307.068;2815.118;279.133;2200.301;3345.697;324.440;3514.722;1249.408;2300.891;462.594;3499.293;2314.849;3329.798;3252.532,1629.774;3413.075;2528.312;997.326;608.931;2322.784;2918.967;3312.863;2242.703;569.590;960.957;2072.998;345.003;944.148;5.329;3306.576;3393.990;1171.936;1464.794;2449.024;2271.247;2384.234;1806.878;2288.288;403.889;3371.840;67.550;299.454;3011.586;2171.429;2452.409;2050.560;2872.535;2361.845;664.512;2774.008;1247.499;3099.647;1262.451;3543.796;847.990;2304.182;507.082;480.267;2362.632;2616.182;303.620;2118.319;1518.568;513.401;1883.330;177.807;3245.502;340.143;3146.338;2697.013;368.383;2019.251;3543.150;877.047;2055.430;2063.853;1299.214;480.437;1887.447;1995.748;3249.243;2215.066;1740.956;621.890;1353.637;2051.455;2559.399;3592.259;747.017;2467.874;1534.811;2288.183;-5.986;2692.142;3041.751;198.271;1338.297;808.710;2344.817;289.377;1182.363;2423.127;3038.381;729.141;17.782;852.971;2735.843;7.797;2519.120;704.540;2989.322;2875.788;3369.453;1753.262
7,10.783762693405151,6,-523.7432584643971,523.7432584643971,0.2171036940230416,854.856;1890.931;1922.772;193.958;1311.967;851.375;2510.423;632.895;222.922;3446.648;2003.806;276.732;2535.151;620.046;937.842;1085.157;2520.602;1715.274;729.751;1603.663;461.959;3378.078;2062.307;1709.978;1220.841;155.278;2762.824;1965.458;2800.643;2852.419;188.262;2307.351;153.838;2448.156;1672.051;1671.146;2419.764;2435.157;969.909;25.182;2731.331;2993.699;492.724;2061.487;1249.001;799.958;662.554;1019.658;3514.142;741.077;1270.455;102.136;2245.697;880.782;2636.526;2182.355;1509.307;2601.759;3548.175;2973.654;1518.461;3419.199;83.820;2702.799;2419.295;1888.517;2014.472;2592.142;2540.726;2917.204;416.240;624.240;2539.276;1433.703;1162.772;551.228;306.659;1483.020;2139.605;2731.598;3189.505;3530.763;1579.688;1470.534;1028.402;3067.091;3321.922;2830.990;272.037;2185.226;3332.506;318.682;3509.665;1265.443;2284.856;458.695;3501.849;2314.199;3346.099;3265.033,1636.164;3414.218;2516.861;994.761;615.090;2329.594;2907.970;3299.297;2244.142;555.509;977.022;2058.768;352.251;960.019;-11.111;3308.320;3383.589;1181.412;1461.809;2462.114;2270.141;2399.044;1792.369;2284.582;405.838;3376.562;60.899;283.351;3004.766;2159.891;2463.773;2053.478;2861.829;2346.290;649.092;2758.521;1257.075;3091.116;1246.862;3558.042;851.261;2290.524;520.759;486.891;2357.466;2606.897;290.846;2128.447;1532.215;500.890;1879.657;161.950;3259.353;339.414;3161.476;2683.450;378.007;2011.353;3558.152;886.679;2042.136;2078.890;1309.073;481.032;1888.081;2000.807;3257.010;2212.725;1724.865;619.305;1359.500;2038.214;2570.712;3608.733;747.701;2483.665;1539.645;2288.995;8.565;2690.010;3057.217;207.449;1343.116;821.758;2360.662;274.035;1168.317;2434.499;3048.942;743.623;2.491;854.044;2746.652;-6.189;2523.648;695.190;3005.000;2862.956;3354.699;1739.033
8,12.661590337753296,7,-524.8161646594324,524.8161646594324,0.15193366900348648,865.949;1877.239;1937.435;184.832;1296.161;835.185;2523.243;616.854;237.580;3450.917;1999.363;260.583;2531.459;609.601;929.618;1100.315;2516.291;1728.095;720.407;1619.696;478.264;3394.022;2066.666;1723.438;1237.202;140.027;2779.113;1981.928;2791.617;2855.552;173.488;2314.991;138.739;2463.126;1685.644;1657.806;2433.041;2450.215;981.502;36.324;2741.783;3010.027;504.954;2045.103;1233.591;790.026;672.378;1033.090;3518.994;726.266;1282.444;98.057;2230.484;883.676;2630.297;2166.881;1513.618;2600.492;3563.271;2960.014;1524.207;3429.277;68.366;2694.614;2407.759;1872.995;2017.700;2599.036;2533.070;2927.406;400.573;608.512;2532.984;1447.503;1150.346;544.129;320.090;1467.727;2125.728;2744.413;3174.445;3545.509;1580.246;1470.511;1042.019;3059.248;3337.973;2834.344;287.087;2190.739;3336.246;319.379;3500.178;1257.672;2270.047;460.550;3517.870;2330.055;3346.172;3260.046,1637.544;3420.130;2532.007;1010.430;623.327;2316.597;2921.021;3312.814;2230.295;545.695;992.187;2070.927;352.784;951.826;3.791;3318.620;3398.059;1177.617;1453.232;2448.384;2256.979;2386.890;1789.498;2268.598;414.346;3365.959;50.402;267.108;3010.530;2172.494;2455.459;2053.730;2868.306;2332.009;656.889;2772.565;1264.556;3076.246;1241.244;3573.746;836.788;2293.716;536.267;474.540;2345.883;2617.584;274.588;2143.930;1547.327;486.052;1864.673;148.905;3243.766;343.918;3172.646;2680.958;362.280;1996.065;3557.568;902.813;2054.871;2071.047;1293.239;490.449;1892.003;1984.991;3266.766;2205.484;1715.616;633.653;1374.334;2021.865;2586.886;3596.439;740.431;2499.000;1549.279;2304.755;-4.282;2677.617;3070.493;199.201;1338.705;835.982;2367.610;263.872;1152.252;2426.046;3042.499;760.031;-9.912;867.878;2752.566;5.562;2511.422;705.356;2997.875;2847.031;3366.733;1723.159
9,14.363431930541992,8,-526.181129788915,526.181129788915,0.06689178601568187,863.844;1867.203;1922.997;169.344;1280.728;830.760;2514.433;631.568;223.338;3466.926;1983.559;254.884;2516.295;594.327;916.952;1085.920;2531.582;1741.553;733.927;1635.626;494.280;3383.270;2075.741;1739.587;1253.583;143.285;2770.214;1998.155;2790.823;2839.569;159.250;2317.216;137.763;2462.533;1681.843;1644.421;2449.315;2435.481;973.583;46.729;2743.701;3026.419;511.714;2028.626;1247.004;792.305;688.127;1018.133;3533.657;711.688;1266.657;98.598;2230.724;874.704;2623.082;2154.104;1527.960;2595.750;3579.656;2943.651;1540.339;3420.343;53.192;2709.442;2395.182;1858.515;2024.353;2590.438;2548.216;2943.635;385.366;592.225;2520.510;1463.428;1152.172;529.048;336.334;1451.414;2112.172;2757.408;3188.052;3561.641;1564.791;1484.915;1048.738;3073.916;3353.406;2849.993;277.280;2193.690;3321.165;304.941;3494.663;1252.927;2283.195;476.381;3534.131;2346.297;3330.336;3251.110,1652.622;3424.070;2548.398;999.623;608.781;2327.436;2908.601;3298.064;2245.692;558.207;1008.618;2068.975;364.204;965.732;3.265;3334.817;3413.922;1188.505;1439.130;2432.687;2240.640;2381.964;1773.464;2253.445;399.903;3381.241;66.109;253.899;3026.627;2187.504;2469.265;2043.741;2854.416;2336.732;662.868;2783.942;1248.709;3090.963;1256.405;3588.144;821.630;2277.754;527.903;486.506;2329.607;2631.400;259.249;2149.216;1552.441;490.326;1880.457;133.989;3240.430;359.526;3171.897;2665.201;347.729;1994.555;3542.361;918.317;2039.644;2080.146;1282.280;475.385;1892.064;1981.784;3278.908;2221.402;1703.944;618.816;1387.298;2005.443;2596.987;3598.898;739.420;2514.610;1562.498;2315.657;10.730;2690.335;3056.005;183.513;1330.878;851.570;2383.723;248.618;1136.168;2441.971;3057.881;776.081;5.036;853.272;2736.821;-4.754;2495.119;718.627;3009.937;2831.064;3382.950;1716.349
10,16.20467758178711,9,-527.7705690655165,527.7705690655165,0.14838282222342816,852.491;1856.913;1915.057;178.038;1264.390;844.997;2498.648;623.501;208.398;3465.124;1972.423;266.592;2514.052;580.566;907.144;1095.423;2531.509;1755.540;743.636;1644.606;487.342;3397.490;2060.080;1752.330;1267.821;127.786;2784.951;2006.578;2781.965;2850.162;143.465;2332.536;122.236;2477.983;1687.080;1651.731;2465.323;2434.250;962.967;60.402;2758.939;3030.590;527.857;2035.968;1238.220;776.692;687.069;1004.697;3549.398;724.728;1274.876;83.835;2246.089;858.504;2629.561;2141.082;1544.324;2610.201;3591.501;2954.380;1527.857;3436.006;36.765;2699.972;2401.180;1843.001;2010.794;2574.248;2540.578;2934.209;395.085;598.199;2508.986;1451.606;1167.570;541.092;329.018;1457.425;2097.227;2762.517;3175.552;3576.170;1552.546;1499.380;1046.942;3059.931;3361.526;2863.406;290.570;2189.111;3335.423;288.595;3478.584;1267.354;2271.031;461.618;3549.772;2362.703;3338.301;3239.836,1659.039;3440.103;2538.832;1012.337;594.033;2343.346;2918.457;3310.148;2246.633;574.486;996.028;2053.101;348.446;982.062;12.716;3321.940;3429.837;1188.108;1426.038;2444.225;2233.563;2375.635;1757.539;2237.292;383.640;3369.964;51.524;239.904;3042.124;2172.990;2484.804;2027.935;2864.181;2352.758;678.850;2799.527;1261.990;3078.887;1243.427;3603.945;806.161;2284.751;534.119;502.781;2314.598;2647.514;242.924;2163.585;1537.110;504.686;1873.873;119.406;3226.475;374.234;3187.523;2680.061;355.148;2010.331;3553.981;933.004;2049.060;2094.281;1293.923;483.145;1878.719;1969.409;3288.220;2206.467;1713.005;610.225;1403.081;1997.297;2606.546;3609.559;755.110;2530.620;1550.703;2331.589;-2.063;2699.185;3039.631;198.569;1345.667;850.739;2377.733;232.353;1145.594;2445.552;3066.478;792.192;5.772;837.143;2748.566;9.532;2484.896;703.144;3026.175;2814.876;3392.156;1701.154
11,18.070483207702637,10,-529.0571988540823,529.0571988540823,0.2951366065654611,867.472;1869.501;1898.909;187.126;1266.465;829.538;2507.685;631.198;220.269;3449.193;1964.742;251.542;2498.729;591.068;892.537;1110.915;2516.017;1770.210;759.466;1659.678;502.396;3413.798;2075.417;1736.998;1254.184;139.053;2780.328;2008.641;2797.519;2845.941;141.799;2318.144;130.765;2494.415;1703.188;1667.646;2461.865;2418.365;978.732;44.838;2743.286;3046.315;536.764;2022.132;1253.670;771.017;701.682;999.581;3565.769;734.121;1260.035;99.314;2233.533;842.341;2645.680;2152.279;1531.528;2595.242;3607.766;2970.625;1542.901;3448.602;48.568;2698.517;2385.560;1848.143;1994.547;2582.557;2554.466;2946.441;406.625;608.811;2493.847;1435.403;1153.843;525.458;312.914;1441.875;2110.588;2778.552;3159.256;3592.225;1537.782;1515.770;1030.875;3075.543;3346.159;2879.106;275.981;2204.917;3351.302;272.142;3494.266;1253.357;2276.810;445.434;3535.001;2368.840;3332.336;3223.628,1643.387;3456.361;2554.206;1028.608;582.614;2357.694;2932.916;3296.270;2238.597;589.936;1011.186;2048.123;348.032;978.311;-2.905;3334.912;3446.124;1172.489;1440.656;2430.619;2246.283;2359.508;1741.203;2251.248;398.597;3383.765;63.305;244.191;3028.551;2157.203;2470.760;2039.636;2848.848;2364.932;666.456;2786.459;1252.068;3092.402;1229.554;3590.501;820.961;2270.689;550.195;491.011;2328.296;2632.993;228.110;2155.989;1520.686;521.067;1886.471;103.300;3238.366;358.860;3176.148;2682.276;339.618;2002.259;3538.903;921.208;2034.234;2078.618;1278.512;499.135;1893.931;1953.107;3273.666;2214.185;1697.169;594.043;1387.890;1981.394;2590.894;3593.893;770.769;2547.052;1566.624;2344.409;-16.441;2715.377;3051.464;206.901;1343.041;842.886;2389.571;216.047;1159.756;2460.672;3082.617;777.319;-10.041;850.599;2764.176;11.719;2498.633;687.927;3041.600;2799.562;3408.248;1715.964
12,19.96274709701538,11,-529.2831204569779,529.2831204569779,0.17524848543542504,878.879;1885.778;1892.285;196.431;1282.137;844.492;2496.445;647.223;235.491;3461.286;1980.474;235.396;2482.908;607.301;876.286;1102.939;2515.529;1766.190;746.647;1675.800;497.962;3419.816;2080.378;1722.542;1238.201;127.915;2764.999;1993.124;2813.929;2831.027;125.961;2302.510;117.436;2490.576;1717.417;1656.182;2477.524;2406.403;985.456;28.667;2739.713;3060.966;521.000;2025.357;1266.769;766.409;718.045;983.589;3577.934;750.321;1247.210;107.026;2248.411;827.210;2659.253;2167.506;1522.607;2609.027;3597.327;2986.907;1552.979;3463.165;36.276;2683.147;2395.595;1838.628;1978.179;2586.408;2540.253;2935.232;420.761;612.478;2508.977;1446.695;1141.363;514.219;297.122;1438.594;2125.907;2791.023;3169.194;3589.587;1524.886;1502.513;1022.073;3088.679;3335.435;2893.330;278.345;2221.333;3363.657;260.966;3501.939;1246.458;2261.140;444.196;3546.660;2356.706;3316.221;3208.639,1630.999;3471.731;2547.577;1016.675;566.372;2372.635;2939.356;3308.034;2223.080;592.225;1016.235;2032.054;332.881;991.563;-6.764;3333.792;3458.910;1175.271;1447.737;2414.273;2247.768;2371.597;1745.688;2265.932;387.026;3369.362;54.575;248.386;3039.138;2170.760;2454.442;2026.531;2850.532;2354.499;680.652;2796.774;1241.749;3102.995;1233.805;3586.521;837.182;2259.178;536.363;506.286;2320.340;2618.194;228.748;2140.226;1531.296;525.977;1901.747;86.845;3254.582;364.249;3174.984;2698.194;339.799;2011.980;3524.174;904.984;2021.090;2090.014;1265.909;514.564;1905.940;1936.683;3257.283;2199.376;1686.000;577.819;1372.242;1996.049;2589.082;3603.571;756.998;2563.126;1577.789;2360.673;-0.864;2708.537;3059.633;193.572;1355.429;858.797;2389.376;202.612;1176.113;2449.647;3095.305;784.916;4.244;865.513;2752.210;-4.144;2514.982;676.839;3042.014;2783.338;3424.678;1701.585
13,21.667677402496338,12,-530.9687490801621,530.9687490801621,0.26260824040190334,895.063;1871.487;1903.028;180.433;1268.840;858.711;2512.265;632.033;223.847;3476.850;1996.806;235.531;2484.734;593.517;859.940;1088.524;2499.673;1782.009;757.006;1659.940;482.007;3435.781;2064.600;1738.424;1253.578;143.244;2779.198;2006.276;2806.195;2846.045;109.672;2286.303;102.364;2474.758;1702.299;1643.068;2464.766;2390.143;970.126;12.212;2723.858;3064.993;533.731;2009.472;1259.237;782.357;708.245;998.823;3594.212;735.916;1232.078;119.329;2264.777;842.327;2675.568;2152.720;1533.168;2595.902;3606.656;2996.266;1538.659;3479.528;20.102;2692.305;2411.718;1853.937;1980.598;2602.363;2548.529;2950.587;405.964;628.547;2499.114;1433.844;1142.648;498.369;282.890;1442.758;2142.314;2791.231;3173.080;3593.161;1540.601;1514.496;1006.538;3096.297;3319.242;2906.036;290.811;2237.798;3365.073;276.528;3517.442;1230.340;2275.969;428.421;3536.416;2340.481;3318.752;3192.238,1619.724;3477.095;2556.664;1000.682;581.796;2357.176;2955.461;3311.253;2207.086;608.219;1000.501;2018.219;330.347;1000.887;-12.557;3349.444;3473.626;1159.787;1463.858;2430.194;2263.814;2360.750;1730.563;2249.945;388.023;3377.830;53.538;232.553;3023.433;2159.563;2461.076;2042.521;2865.332;2340.344;666.661;2812.956;1257.159;3100.065;1218.142;3599.587;853.305;2270.896;543.498;500.831;2335.774;2602.715;241.418;2124.311;1521.747;511.346;1888.408;85.887;3270.965;349.701;3190.436;2691.926;323.785;1998.306;3511.178;889.248;2007.848;2104.964;1281.051;530.945;1889.937;1951.485;3241.611;2212.578;1669.869;561.359;1375.853;1991.975;2588.107;3589.981;745.771;2558.019;1576.604;2361.890;4.948;2692.479;3075.754;193.763;1371.703;874.967;2404.798;209.996;1187.949;2461.809;3082.856;769.800;-8.360;881.538;2751.330;9.880;2505.691;660.600;3053.573;2794.961;3437.111;1699.139
14,23.52145290374756,13,-532.4772791219965,532.4772791219965,0.19836362293192591,901.703;1855.329;1889.674;164.157;1253.855;842.709;2505.700;643.217;234.300;3492.837;2002.127;220.299;2499.979;593.713;866.773;1072.227;2486.051;1795.459;744.205;1649.743;484.564;3451.798;2055.863;1743.439;1262.223;130.832;2764.767;2013.534;2790.528;2858.777;98.763;2282.894;109.632;2481.986;1691.769;1654.731;2448.703;2396.412;955.162;-1.435;2709.229;3080.652;549.901;2002.812;1272.773;793.364;692.147;1011.047;3594.455;731.350;1232.492;103.621;2277.589;857.592;2691.109;2139.103;1522.229;2605.930;3591.590;3005.591;1523.565;3468.859;4.913;2708.464;2412.269;1870.341;1965.494;2614.046;2564.277;2954.602;420.328;635.570;2483.578;1446.032;1157.992;485.677;269.639;1430.921;2157.468;2775.285;3188.544;3609.225;1552.098;1529.996;1022.510;3110.993;3314.689;2922.305;292.593;2233.848;3349.262;292.724;3532.979;1231.189;2290.132;412.207;3544.594;2326.964;3303.899;3192.638,1634.355;3461.485;2549.942;1016.656;591.946;2340.971;2965.120;3297.711;2208.790;619.503;996.995;2002.142;345.600;1017.032;3.242;3365.727;3488.482;1170.493;1451.093;2434.595;2272.781;2363.382;1714.561;2245.383;402.909;3380.264;37.704;216.125;3013.086;2143.350;2447.407;2048.193;2862.584;2350.751;653.017;2828.948;1254.835;3115.484;1201.763;3609.925;849.610;2260.058;527.478;493.256;2324.376;2615.199;257.466;2139.858;1507.675;523.659;1872.470;90.625;3285.427;333.511;3203.427;2681.046;309.002;1986.999;3523.055;884.173;2021.380;2114.170;1273.076;531.313;1886.094;1946.807;3230.789;2205.277;1667.289;555.894;1375.469;2005.928;2572.693;3603.613;743.210;2559.002;1591.317;2377.617;12.453;2681.794;3062.124;209.593;1387.671;888.394;2420.965;195.923;1201.177;2478.083;3097.304;760.642;1.337;865.602;2735.917;13.621;2493.565;676.546;3069.828;2810.267;3452.541;1683.484
15,25.400233268737793,14,-533.608736286747,533.608736286747,0.2514594624591433,907.485;1866.032;1873.789;156.035;1237.558;839.512;2489.809;655.027;219.329;3508.995;1988.195;205.737;2513.822;606.649;871.960;1067.016;2497.822;1810.319;728.003;1654.942;497.848;3440.223;2042.569;1745.814;1262.195;117.255;2775.679;2029.567;2775.450;2874.731;105.358;2277.591;94.029;2475.309;1683.462;1640.313;2452.761;2390.782;968.605;11.542;2693.400;3096.686;554.395;1989.658;1280.508;808.314;677.327;1025.411;3605.499;746.949;1246.162;101.317;2293.621;844.222;2706.671;2122.789;1538.022;2600.978;3598.903;3021.512;1530.985;3484.448;-7.328;2712.776;2415.356;1859.286;1949.120;2630.280;2552.203;2941.684;436.083;624.764;2467.755;1441.990;1174.300;471.542;268.224;1414.745;2172.680;2788.445;3184.999;3594.628;1542.924;1522.754;1025.030;3120.957;3328.354;2938.447;279.678;2241.714;3337.694;299.239;3549.323;1245.012;2306.244;404.486;3557.383;2332.874;3290.815;3181.026,1620.175;3471.130;2565.532;1020.030;579.163;2326.491;2950.662;3282.894;2194.637;618.226;989.304;2005.882;335.822;1017.042;3.395;3373.408;3504.859;1172.830;1465.217;2438.298;2288.205;2379.422;1725.960;2245.080;390.196;3391.619;39.819;200.434;3000.959;2139.570;2434.003;2046.710;2878.400;2334.813;645.496;2839.446;1270.439;3101.309;1189.019;3593.975;839.284;2253.125;529.114;508.515;2308.153;2631.410;241.906;2153.320;1522.190;512.215;1876.421;75.281;3299.711;347.500;3219.666;2665.720;298.847;2002.792;3539.312;896.855;2016.858;2098.407;1260.655;543.386;1882.689;1936.883;3214.641;2191.026;1653.490;566.161;1361.598;1993.417;2561.409;3607.869;758.671;2574.368;1594.138;2390.227;1.505;2697.036;3072.646;225.438;1385.967;903.852;2432.844;208.259;1186.545;2485.710;3085.173;770.430;-12.899;863.516;2739.259;0.181;2508.857;677.641;3064.430;2815.585;3446.468;1669.009
16,27.10847306251526,15,-534.0116940568993,534.0116940568993,0.26504891970826594,913.257;1853.524;1857.459;152.710;1231.054;837.524;2475.167;651.026;217.877;3501.606;1998.702;190.766;2498.883;604.311;859.679;1056.972;2512.202;1817.128;732.924;1643.408;488.295;3437.323;2026.428;1756.242;1277.458;121.729;2764.156;2030.214;2787.035;2867.057;94.842;2272.352;78.966;2490.961;1674.131;1629.412;2443.059;2404.029;984.849;17.874;2685.390;3113.110;551.739;1984.313;1264.488;823.519;661.221;1015.550;3590.837;756.189;1231.402;110.901;2289.994;839.804;2709.813;2134.467;1548.149;2591.034;3591.922;3035.804;1546.521;3495.888;7.888;2707.576;2411.435;1844.349;1953.789;2644.251;2558.419;2956.862;449.255;614.710;2463.451;1456.013;1183.863;457.669;282.561;1430.736;2181.068;2790.912;3171.287;3603.492;1532.727;1535.972;1025.748;3135.201;3335.998;2954.316;267.660;2257.012;3352.006;295.187;3563.851;1256.791;2294.956;401.870;3573.551;2319.647;3298.899;3178.025,1623.434;3472.455;2577.846;1018.710;567.520;2318.808;2962.810;3266.593;2178.300;634.017;1004.139;1990.910;349.033;1015.488;-10.381;3364.389;3512.180;1158.061;1451.622;2445.909;2301.053;2367.418;1720.840;2245.169;405.242;3407.772;24.429;184.404;2985.500;2123.658;2444.934;2039.277;2888.602;2325.266;629.501;2826.614;1266.870;3100.731;1173.422;3602.323;823.588;2237.064;528.280;523.023;2291.853;2647.671;245.784;2163.838;1510.761;527.825;1892.083;58.902;3315.741;336.812;3214.903;2678.286;284.557;2018.190;3554.152;912.629;2032.349;2107.178;1245.693;529.497;1890.081;1920.706;3228.746;2206.063;1662.299;558.680;1376.153;2006.671;2545.208;3592.134;775.000;2590.288;1609.744;2406.361;-14.361;2685.673;3060.254;240.770;1387.896;918.627;2423.184;192.634;1200.545;2501.493;3091.635;755.611;1.692;865.907;2723.973;12.791;2519.436;676.458;3079.752;2820.974;3445.160;1653.730
17,28.950632333755493,16,-536.0763566621396,536.0763566621396,0.19896865876296907,902.326;1858.483;1868.438;152.068;1216.030;831.649;2490.888;635.312;203.569;3516.734;2012.483;204.552;2493.888;588.411;869.624;1072.259;2528.522;1833.133;748.863;1650.978;472.489;3451.526;2019.670;1759.675;1264.914;106.262;2767.837;2043.168;2793.593;2850.991;78.941;2286.627;66.928;2499.509;1657.976;1613.587;2426.947;2388.127;997.865;25.396;2672.584;3123.533;542.506;1996.862;1258.873;839.884;645.669;1030.864;3604.408;772.108;1246.083;95.463;2297.595;826.035;2719.021;2126.918;1564.265;2574.947;3578.593;3052.106;1531.402;3508.657;-5.610;2697.631;2397.376;1837.081;1942.730;2649.971;2574.500;2946.069;435.123;600.445;2479.279;1441.261;1171.143;441.361;267.533;1434.931;2169.170;2806.679;3184.910;3611.786;1547.416;1529.912;1024.189;3136.593;3347.650;2969.540;283.452;2266.358;3337.105;285.648;3560.014;1272.674;2280.386;413.237;3589.412;2303.406;3286.413;3193.966,1611.374;3465.566;2562.486;1027.380;582.650;2327.564;2946.861;3276.992;2162.107;634.444;990.596;1975.568;365.278;1031.309;2.944;3348.319;3507.719;1172.079;1453.486;2459.809;2317.295;2371.674;1705.017;2236.555;394.525;3419.189;8.863;168.069;2999.735;2110.822;2429.332;2039.700;2903.731;2338.028;642.416;2834.310;1261.741;3116.749;1186.843;3598.702;828.612;2248.800;519.821;510.256;2288.915;2654.194;232.079;2148.210;1502.300;521.901;1877.573;52.295;3328.925;346.648;3227.095;2694.503;272.783;2004.504;3570.502;901.229;2034.411;2105.483;1229.327;513.674;1882.017;1913.826;3239.852;2216.114;1647.076;544.273;1391.682;1997.637;2559.673;3603.182;778.885;2606.435;1601.075;2410.225;1.242;2693.672;3049.141;228.830;1403.761;934.756;2432.195;192.424;1207.287;2490.797;3082.881;744.339;3.150;855.018;2735.732;26.544;2503.837;685.610;3095.914;2836.897;3429.385;1658.920
18,30.817606687545776,17,-537.4604093961574,537.4604093961574,0.2470794220051745,886.554;1842.688;1858.265;139.326;1215.325;831.765;2495.791;619.201;192.693;3530.818;1998.433;201.665;2479.867;595.397;853.707;1067.457;2540.939;1829.214;764.446;1637.291;456.118;3460.505;2015.178;1766.097;1260.891;113.107;2758.687;2029.011;2809.670;2835.952;62.672;2275.169;65.764;2484.295;1645.620;1627.425;2413.474;2388.367;983.862;9.615;2688.103;3137.738;527.546;2012.220;1260.318;854.364;648.818;1017.924;3594.718;778.284;1238.953;80.349;2282.015;841.432;2703.749;2136.479;1577.509;2589.254;3593.527;3064.734;1537.253;3520.815;8.183;2681.473;2411.085;1852.022;1956.195;2635.199;2579.909;2955.474;419.034;615.983;2495.640;1446.877;1185.940;452.133;251.383;1433.420;2184.129;2802.409;3200.838;3596.152;1561.925;1545.698;1028.936;3152.508;3363.870;2985.745;276.678;2250.718;3324.316;288.731;3574.154;1257.826;2291.594;409.218;3575.968;2291.019;3270.455;3196.027,1625.268;3477.025;2569.304;1016.332;587.760;2343.162;2943.814;3285.804;2155.782;639.286;998.063;1959.325;365.753;1040.277;-12.441;3361.587;3523.416;1175.825;1468.202;2473.800;2304.209;2386.653;1699.818;2225.238;381.190;3432.278;-6.994;156.581;3005.391;2111.876;2427.660;2053.614;2919.976;2351.699;640.136;2850.092;1245.764;3120.046;1175.124;3585.090;844.406;2235.495;506.631;497.203;2290.247;2669.575;243.954;2135.845;1486.474;536.572;1863.622;37.420;3344.824;346.021;3243.018;2695.121;276.571;1988.453;3580.964;909.407;2018.741;2093.074;1228.001;500.474;1892.223;1901.152;3225.661;2200.719;1630.828;559.105;1380.195;2011.601;2575.840;3607.755;787.482;2619.452;1594.835;2405.251;0.339;2684.846;3039.040;236.179;1420.096;945.983;2441.302;196.649;1223.220;2502.019;3073.037;728.282;-6.669;862.245;2727.062;14.478;2499.540;685.748;3103.248;2828.864;3436.728;1672.944
19,32.707961559295654,18,-538.4843390566566,538.4843390566566,0.29814277717418397,902.336;1830.436;1869.515;150.817;1231.226;842.781;2503.336;623.766;176.549;3516.345;1982.931;217.135;2467.299;611.451;855.798;1082.419;2527.262;1844.172;749.214;1633.517;447.293;3476.625;2030.751;1782.158;1245.081;129.054;2774.405;2044.563;2825.663;2850.585;49.328;2260.263;50.016;2496.928;1633.801;1612.649;2413.781;2388.317;971.082;-6.705;2694.212;3153.803;514.654;1996.965;1264.508;851.416;664.231;1009.800;3609.609;790.650;1243.915;64.320;2266.193;839.894;2714.945;2121.041;1579.617;2579.679;3607.728;3079.413;1522.388;3505.973;-5.724;2691.076;2404.705;1866.736;1958.459;2627.808;2570.700;2939.960;404.007;610.116;2483.932;1439.413;1171.502;460.923;255.925;1437.539;2169.772;2788.522;3214.936;3607.423;1577.817;1550.627;1031.081;3168.896;3380.258;2973.577;291.942;2234.806;3322.185;291.369;3589.734;1259.510;2307.617;395.321;3561.461;2284.759;3282.721;3208.381,1629.186;3493.183;2577.253;1007.811;582.714;2335.369;2945.520;3274.185;2170.893;655.298;986.060;1943.781;359.387;1026.973;0.504;3377.796;3538.376;1160.292;1484.364;2480.509;2295.218;2398.556;1698.450;2236.089;365.074;3433.280;7.624;165.135;3020.658;2111.446;2429.577;2044.478;2935.796;2339.709;625.266;2856.193;1233.274;3118.598;1183.036;3572.433;855.969;2248.185;493.585;512.424;2293.167;2684.489;250.379;2119.947;1501.276;547.555;1850.485;26.796;3357.446;330.868;3240.260;2709.241;260.746;1974.973;3594.756;925.509;2015.783;2077.490;1213.436;484.213;1877.579;1889.831;3221.177;2202.000;1621.894;551.041;1377.291;2026.454;2573.616;3592.290;803.582;2614.534;1580.568;2401.266;-12.807;2690.245;3051.416;248.773;1435.457;959.700;2457.149;183.174;1210.360;2488.799;3087.970;715.477;7.095;869.399;2741.484;3.299;2513.900;675.770;3117.907;2812.916;3452.485;1657.811
20,34.41824412345886,19,-539.3310828408949,539.3310828408949,0.27225793586460917,901.291;1818.078;1882.824;166.960;1217.785;851.034;2515.705;609.490;165.216;3503.792;1994.107;223.415;2483.040;618.609;843.016;1089.220;2511.554;1829.670;750.131;1620.238;431.192;3465.563;2047.095;1797.631;1256.355;115.637;2779.499;2059.226;2841.851;2863.781;33.067;2256.528;64.842;2485.298;1646.842;1598.548;2406.047;2377.504;954.891;3.323;2709.898;3143.418;520.323;1980.900;1278.036;867.223;680.585;996.120;3595.084;802.135;1231.124;49.672;2250.276;829.450;2703.660;2108.450;1595.521;2593.815;3592.245;3079.426;1506.556;3515.592;5.407;2675.453;2419.797;1882.691;1974.341;2611.737;2558.374;2935.954;387.686;625.127;2477.930;1423.387;1185.483;445.826;271.462;1432.781;2157.180;2793.128;3231.193;3596.621;1594.174;1535.334;1016.458;3179.932;3393.679;2965.777;308.075;2246.600;3312.288;275.483;3606.096;1266.029;2323.259;379.087;3545.594;2296.797;3298.921;3224.602,1619.619;3493.188;2590.760;1022.232;566.770;2319.688;2954.248;3289.709;2155.505;660.750;969.856;1942.131;344.292;1039.166;-4.117;3388.003;3554.516;1175.280;1477.489;2495.319;2310.860;2414.761;1682.476;2220.641;348.709;3417.421;-6.261;149.945;3034.394;2103.863;2413.634;2053.865;2920.693;2349.927;609.058;2872.175;1222.629;3116.763;1198.548;3588.051;871.941;2239.603;508.578;528.184;2278.035;2700.614;234.725;2121.015;1517.602;558.465;1835.238;20.559;3373.678;346.180;3255.097;2722.765;274.644;1986.254;3611.019;926.278;2024.542;2061.162;1197.152;497.647;1861.323;1900.524;3205.933;2191.900;1614.822;550.009;1361.302;2040.884;2589.361;3597.890;815.114;2629.726;1596.388;2411.186;1.940;2706.270;3038.979;232.999;1448.152;975.885;2473.195;198.626;1194.183;2473.052;3104.275;727.825;-0.884;853.638;2757.787;-12.603;2499.599;659.715;3103.481;2823.352;3437.625;1641.482
21,36.271164894104004,20,-539.7435573821484,539.7435573821484,0.24162053371889955,916.012;1830.002;1889.952;164.273;1218.648;835.812;2525.973;593.324;155.289;3508.304;2010.276;208.543;2498.836;606.517;853.283;1105.267;2495.383;1813.704;746.623;1617.136;419.564;3466.138;2037.229;1800.589;1265.352;107.155;2779.158;2054.376;2848.574;2877.880;29.096;2243.397;79.718;2474.401;1631.322;1584.001;2420.869;2362.150;967.697;-5.798;2704.663;3158.031;510.106;1983.387;1272.457;856.651;675.030;1009.179;3605.361;815.590;1218.858;34.911;2239.615;822.785;2717.611;2106.876;1611.289;2609.146;3588.846;3095.225;1503.595;3531.305;-6.366;2673.451;2435.162;1868.447;1967.341;2601.098;2573.361;2947.333;372.792;622.532;2489.174;1408.243;1174.040;439.618;286.419;1424.190;2142.939;2808.789;3246.720;3601.259;1583.560;1548.685;1028.686;3189.938;3380.429;2966.797;309.173;2234.593;3327.921;273.953;3593.222;1281.776;2327.683;382.778;3557.667;2283.345;3297.440;3216.154,1635.375;3508.847;2575.340;1008.280;580.496;2305.841;2966.175;3305.474;2144.525;645.142;972.374;1927.636;327.973;1055.372;0.843;3373.322;3570.890;1189.971;1461.584;2504.737;2313.785;2417.104;1678.951;2223.635;334.555;3428.574;4.756;161.316;3019.675;2087.831;2420.057;2039.027;2907.766;2335.088;618.260;2887.120;1238.253;3120.029;1185.987;3581.699;885.232;2254.245;517.155;536.654;2271.307;2688.505;218.658;2108.049;1521.780;543.347;1838.716;17.085;3386.223;337.938;3244.525;2715.453;262.744;2002.323;3598.502;931.653;2012.731;2047.951;1210.244;512.712;1845.946;1916.594;3189.599;2197.719;1599.465;534.072;1362.821;2029.123;2601.453;3613.735;830.896;2643.652;1603.664;2427.243;-1.300;2693.495;3054.728;244.510;1433.401;961.835;2488.886;187.184;1198.277;2485.055;3119.688;744.037;10.077;845.087;2746.234;3.179;2508.445;672.070;3110.056;2827.670;3423.380;1642.723
22,38.150262117385864,21,-540.8821891501639,540.8821891501639,0.36191071348925646,929.334;1837.600;1899.188;167.802;1227.914;850.289;2511.686;598.220;139.301;3524.271;2006.731;219.397;2499.059;590.355;838.955;1101.443;2503.364;1816.788;761.410;1632.961;409.288;3451.240;2040.615;1808.434;1281.439;91.082;2763.399;2068.539;2834.483;2893.909;39.397;2258.552;65.429;2471.437;1631.052;1588.118;2406.131;2352.504;962.138;9.459;2688.736;3145.967;494.016;1972.686;1261.712;871.085;674.378;1013.455;3595.374;800.190;1234.359;45.827;2229.714;838.310;2732.521;2115.554;1618.493;2600.114;3600.780;3110.839;1488.276;3547.605;7.749;2687.375;2432.643;1871.550;1952.176;2585.087;2589.526;2962.291;376.965;621.404;2504.588;1395.786;1161.382;425.976;301.948;1408.552;2129.337;2825.118;3263.033;3614.186;1572.493;1553.358;1013.455;3206.053;3364.652;2982.238;295.309;2219.032;3313.324;264.045;3604.765;1278.779;2341.287;371.894;3545.247;2296.774;3283.465;3218.114,1621.451;3523.641;2573.867;1018.484;582.956;2317.955;2978.450;3321.332;2130.188;631.994;956.820;1912.053;334.118;1060.362;-13.162;3373.470;3585.184;1206.201;1470.675;2496.022;2327.114;2402.738;1667.022;2220.848;328.198;3413.043;7.245;173.579;3030.859;2091.726;2411.917;2053.714;2893.848;2319.576;616.633;2903.230;1253.884;3134.469;1172.555;3597.363;901.458;2240.978;505.224;534.471;2285.586;2703.633;207.251;2091.836;1533.529;543.398;1823.100;1.105;3394.795;346.714;3254.355;2730.966;251.012;2016.067;3605.398;917.034;1996.559;2036.918;1226.436;527.871;1829.919;1919.361;3190.516;2181.951;1611.995;517.880;1347.953;2034.562;2588.386;3598.719;818.657;2658.726;1600.104;2437.981;-14.254;2706.505;3060.845;249.016;1440.193;960.447;2483.533;199.843;1211.973;2493.837;3126.654;732.681;-5.597;831.805;2732.982;0.256;2524.018;683.285;3098.106;2812.243;3418.903;1628.302
23,39.852680921554565,22,-540.9592990522059,540.9592990522059,0.28447130039279267,916.727;1853.118;1884.380;152.181;1212.633;836.772;2501.585;582.617;145.070;3536.661;2020.694;214.520;2483.474;574.293;832.902;1112.606;2517.732;1818.828;766.722;1648.012;393.183;3464.411;2056.528;1806.469;1296.605;103.468;2775.917;2063.327;2849.561;2909.606;26.741;2244.721;73.353;2458.207;1639.011;1572.507;2390.881;2366.689;974.190;-1.117;2689.457;3147.457;489.333;1977.711;1245.776;885.536;658.862;1028.149;3608.300;803.200;1221.861;32.447;2213.613;854.517;2727.245;2100.588;1606.104;2614.580;3590.330;3101.681;1484.826;3544.247;-3.139;2703.408;2416.935;1856.075;1949.316;2593.141;2584.129;2961.408;361.437;605.739;2520.902;1410.717;1174.650;439.642;311.336;1420.661;2118.064;2816.440;3253.144;3598.405;1587.777;1568.884;1027.424;3190.699;3379.076;2998.440;309.646;2220.570;3327.766;248.838;3591.354;1292.207;2326.688;386.435;3559.461;2285.075;3296.883;3228.678,1635.692;3508.254;2585.345;1009.940;590.439;2330.396;2994.560;3321.044;2141.788;615.865;967.435;1902.707;350.057;1049.416;2.179;3384.287;3599.773;1220.013;1464.242;2480.005;2315.620;2389.983;1650.866;2205.004;342.892;3419.500;-8.132;158.207;3018.160;2077.022;2425.828;2068.736;2908.511;2315.245;632.291;2904.035;1239.690;3137.039;1156.525;3601.386;917.526;2228.970;519.195;518.527;2301.413;2714.702;220.038;2078.769;1518.387;531.189;1816.201;-14.778;3410.610;331.529;3242.226;2716.190;258.647;2003.028;3595.160;932.432;2008.077;2021.257;1222.279;520.832;1836.906;1903.825;3200.332;2196.089;1597.786;531.043;1344.718;2019.209;2573.137;3606.500;803.012;2649.449;1612.791;2424.909;1.219;2716.342;3076.453;234.363;1439.109;963.719;2481.921;212.202;1203.217;2487.023;3132.073;717.014;7.166;834.036;2748.298;8.007;2537.631;669.003;3081.936;2827.197;3403.720;1642.794
24,41.68898153305054,23,-541.2945466732473,541.2945466732473,0.38031814758235194,900.685;1868.760;1899.242;166.085;1226.090;845.392;2514.655;596.511;129.988;3550.080;2006.699;198.883;2477.732;586.681;848.490;1097.542;2521.552;1834.703;751.753;1636.356;400.763;3472.836;2051.631;1822.284;1281.593;90.094;2791.970;2079.077;2850.838;2897.799;42.342;2239.359;64.319;2448.632;1624.664;1557.061;2402.713;2352.365;990.346;4.970;2676.017;3162.017;501.903;1993.683;1247.313;873.853;642.874;1022.236;3594.158;818.997;1222.410;16.422;2197.934;841.649;2742.564;2084.337;1620.526;2629.116;3603.451;3089.938;1476.155;3559.499;-16.383;2693.148;2424.750;1841.759;1933.413;2603.347;2582.987;2977.235;360.245;601.218;2534.822;1401.118;1169.819;424.198;295.591;1413.317;2102.041;2827.557;3262.582;3605.070;1576.898;1583.730;1029.411;3177.022;3367.160;3014.780;313.316;2210.526;3341.417;232.731;3599.046;1308.279;2319.199;402.503;3575.633;2298.685;3282.608;3244.778,1627.072;3497.582;2599.677;1004.020;606.257;2319.626;2997.908;3335.170;2131.040;614.463;983.332;1917.738;362.503;1052.458;-0.231;3400.359;3589.572;1231.960;1476.287;2495.181;2315.256;2404.673;1648.794;2189.077;327.677;3405.857;5.803;171.778;3029.013;2090.087;2437.821;2080.248;2907.638;2327.222;625.010;2918.212;1224.847;3121.709;1168.885;3615.604;925.920;2212.814;520.681;502.562;2294.899;2722.470;227.042;2079.780;1509.474;546.244;1800.341;0.833;3426.917;315.530;3257.842;2707.727;274.231;1989.113;3581.726;927.223;2022.073;2005.287;1227.490;506.608;1825.100;1918.084;3215.981;2210.031;1581.587;520.271;1329.957;2031.734;2575.884;3592.505;798.994;2641.527;1600.142;2420.942;-11.542;2725.598;3081.907;243.518;1423.295;977.016;2497.380;206.852;1208.487;2500.404;3148.039;725.984;8.284;818.400;2740.642;-6.906;2528.261;683.349;3087.178;2814.689;3419.196;1657.361
25,43.55264329910278,24,-541.9054289097934,541.9054289097934,0.300207090009381,912.000;1853.514;1883.878;159.066;1241.625;858.161;2501.502;606.748;113.731;3566.264;1991.156;214.013;2462.156;579.789;835.041;1084.127;2528.391;1851.007;735.884;1634.791;389.194;3488.774;2038.037;1838.481;1268.683;88.504;2780.191;2090.687;2865.034;2895.709;30.180;2243.674;48.364;2461.596;1608.530;1570.279;2418.847;2362.598;1001.732;8.618;2660.263;3152.969;487.232;2006.714;1231.594;864.912;657.106;1006.263;3604.567;808.151;1234.781;27.865;2209.736;827.871;2754.460;2068.181;1632.249;2645.341;3589.189;3097.379;1460.119;3548.024;-0.849;2697.377;2414.135;1826.756;1935.957;2588.483;2567.633;2993.518;345.375;616.263;2523.604;1386.882;1165.902;432.555;288.096;1428.086;2090.872;2839.299;3278.039;3597.988;1561.935;1571.046;1041.098;3186.952;3351.391;3022.923;298.285;2219.373;3331.237;232.894;3612.029;1323.882;2320.757;414.428;3582.856;2314.806;3294.744;3237.261,1635.404;3511.685;2584.271;988.050;622.550;2303.553;3006.250;3351.123;2117.079;630.182;975.823;1903.734;378.511;1036.695;-15.629;3416.567;3574.033;1219.139;1466.699;2507.163;2320.998;2392.581;1636.878;2183.854;312.442;3399.767;11.937;177.470;3040.945;2077.310;2453.963;2095.729;2893.967;2343.351;609.011;2934.307;1209.050;3131.512;1185.021;3600.093;923.260;2226.453;506.341;494.608;2283.159;2738.477;227.645;2063.939;1493.432;535.329;1784.603;1.408;3430.830;324.583;3265.178;2720.955;287.986;1972.902;3592.655;911.540;2035.610;1989.580;1217.624;491.061;1830.346;1933.090;3232.237;2225.540;1595.992;504.185;1345.157;2047.890;2560.402;3579.640;789.702;2625.802;1615.793;2405.182;1.802;2741.623;3097.758;228.061;1407.501;993.188;2513.574;222.606;1224.447;2485.071;3151.995;739.843;-6.678;831.137;2727.095;5.940;2517.528;679.389;3072.093;2827.659;3426.841;1672.076
26,45.44298195838928,25,-541.3542413397367,541.3542413397367,0.2244338509658243,899.561;1845.473;1883.048;143.364;1253.922;873.744;2485.631;602.780;108.296;3559.441;1974.886;211.579;2467.082;593.487;827.769;1067.971;2512.682;1845.758;721.341;1649.099;373.149;3505.038;2021.976;1827.896;1258.290;74.132;2794.192;2082.871;2862.064;2911.384;21.658;2259.561;48.736;2477.569;1622.196;1563.539;2430.361;2356.772;1016.641;18.523;2645.176;3136.948;497.133;1999.613;1241.526;849.427;643.607;990.056;3589.906;823.126;1250.922;13.119;2201.130;814.301;2767.957;2053.200;1617.134;2639.644;3603.669;3082.757;1467.595;3555.425;5.050;2710.207;2427.793;1840.980;1923.090;2597.680;2551.388;3009.198;360.115;632.397;2508.024;1394.933;1150.109;425.761;274.212;1419.874;2102.746;2855.415;3263.006;3596.851;1563.532;1565.625;1048.817;3200.761;3362.876;3037.021;283.393;2235.352;3341.964;223.713;3596.215;1329.593;2304.898;430.359;3598.782;2330.759;3310.268;3252.349,1648.657;3525.137;2568.950;995.404;610.138;2296.253;3022.105;3367.324;2100.920;644.313;960.594;1908.482;366.263;1044.757;-0.994;3404.279;3589.029;1234.080;1450.686;2515.571;2306.421;2378.239;1620.840;2179.929;313.325;3384.066;0.114;186.137;3040.146;2061.167;2469.019;2110.970;2906.906;2330.793;603.636;2941.436;1213.395;3124.400;1184.159;3603.856;938.269;2225.427;490.318;486.710;2297.374;2733.239;211.789;2047.753;1480.408;519.964;1799.507;0.770;3430.146;310.841;3280.276;2736.830;304.157;1980.999;3608.232;924.567;2051.774;2001.326;1232.382;474.813;1814.766;1931.216;3246.675;2241.462;1607.029;515.277;1333.835;2041.636;2550.006;3582.954;805.432;2641.321;1628.464;2419.972;-6.571;2740.940;3088.744;230.946;1406.066;980.235;2501.136;223.058;1236.829;2487.631;3167.817;755.202;-2.013;822.974;2742.593;-1.935;2531.999;693.405;3086.596;2816.221;3412.655;1663.874
27,47.156400203704834,26,-542.8111757570251,542.8111757570251,0.4251267237837375,913.618;1859.021;1867.349;130.706;1268.699;859.221;2470.222;618.275;97.021;3545.409;1986.093;196.221;2482.503;580.302;811.918;1052.829;2520.416;1830.466;735.712;1663.989;387.311;3498.778;2036.150;1829.969;1270.028;89.037;2790.281;2068.121;2877.416;2926.569;5.866;2269.116;33.208;2461.854;1638.284;1547.704;2434.273;2372.400;1009.132;2.963;2630.279;3149.952;484.187;1987.354;1227.776;862.304;653.260;1000.589;3603.279;814.393;1235.777;16.231;2209.968;829.009;2752.419;2067.761;1602.396;2654.037;3608.483;3067.677;1481.772;3571.397;-3.018;2694.846;2433.922;1828.022;1907.289;2613.589;2561.033;3011.175;357.977;618.285;2517.632;1396.638;1136.908;409.812;288.475;1434.756;2118.789;2843.119;3275.380;3612.479;1579.268;1549.694;1064.754;3216.611;3376.957;3053.120;267.172;2223.888;3357.023;228.302;3583.947;1323.287;2289.100;415.949;3606.014;2319.975;3319.128;3239.431,1633.267;3541.197;2552.773;1001.862;594.764;2282.690;3006.523;3383.245;2111.862;629.951;975.505;1913.243;350.966;1029.489;-9.958;3416.318;3604.937;1230.813;1464.317;2531.568;2321.886;2391.804;1606.509;2195.698;327.998;3397.455;-13.967;171.041;3055.902;2048.539;2453.615;2095.401;2923.053;2346.605;619.293;2951.403;1198.177;3140.213;1168.824;3589.717;952.205;2209.877;475.886;472.932;2313.528;2735.651;203.128;2060.865;1492.191;535.037;1811.792;-13.889;3414.929;323.846;3296.285;2753.044;303.732;1979.354;3592.760;940.373;2042.397;2017.407;1243.140;489.135;1822.242;1915.349;3255.106;2225.748;1599.516;502.901;1323.109;2025.744;2564.840;3584.167;793.991;2657.451;1613.946;2406.984;1.709;2726.312;3090.146;246.342;1421.824;993.176;2513.955;226.002;1252.429;2495.540;3155.174;739.691;8.590;837.778;2754.029;-10.838;2517.031;677.965;3099.538;2800.909;3424.282;1648.026
28,49.009095430374146,27,-542.3463567065651,542.3463567065651,0.38708524131412436,903.266;1875.176;1860.394;114.787;1282.647;860.439;2485.344;621.298;80.988;3560.695;1995.887;208.846;2486.580;593.598;807.442;1036.644;2506.138;1838.439;742.467;1679.170;391.130;3514.117;2039.122;1814.556;1286.079;105.186;2774.484;2052.623;2892.139;2916.923;-8.838;2284.890;19.096;2459.047;1625.711;1532.378;2419.495;2379.111;993.180;-13.264;2645.378;3157.658;482.722;1987.623;1211.781;878.349;648.467;1008.059;3595.549;828.542;1232.544;29.297;2225.958;820.685;2737.330;2077.245;1612.148;2640.313;3592.861;3083.151;1466.357;3564.669;-18.238;2696.402;2436.807;1837.202;1891.245;2618.001;2575.842;3001.395;343.882;632.532;2529.600;1412.512;1149.315;398.782;301.897;1450.961;2121.912;2856.989;3276.215;3597.193;1567.410;1563.129;1076.696;3206.841;3393.135;3053.709;251.541;2209.172;3373.243;244.168;3593.660;1307.357;2286.776;400.197;3590.753;2304.014;3305.956;3223.303,1647.207;3557.445;2559.537;986.427;593.530;2267.217;2997.705;3379.643;2096.557;627.291;990.338;1929.133;340.925;1017.088;2.647;3432.404;3591.372;1245.948;1452.528;2520.265;2317.688;2388.166;1621.640;2190.187;334.142;3412.290;1.694;169.913;3071.171;2032.448;2459.063;2103.465;2910.115;2352.461;625.517;2936.068;1181.948;3151.138;1155.449;3579.213;936.890;2221.878;459.816;457.530;2329.150;2751.509;217.827;2070.806;1507.446;528.122;1796.640;1.384;3399.492;309.346;3311.850;2756.867;316.001;1976.481;3581.470;949.161;2057.510;2010.913;1232.734;483.717;1807.983;1901.463;3269.858;2221.539;1610.362;487.698;1313.222;2031.035;2580.306;3568.523;808.792;2646.847;1622.400;2397.790;-12.425;2710.355;3103.616;262.125;1420.724;978.859;2528.910;210.606;1267.513;2480.778;3167.628;749.862;-3.949;853.741;2758.632;4.605;2519.274;672.589;3113.128;2786.352;3440.165;1631.769
29,50.89031219482422,28,-542.4990965037464,542.4990965037464,0.18285962151663196,889.292;1888.708;1873.768;129.211;1268.430;848.561;2481.455;635.165;75.237;3576.024;2005.367;206.290;2501.996;579.082;821.749;1021.758;2492.979;1854.343;758.322;1663.540;379.660;3526.956;2028.146;1828.844;1296.728;108.015;2762.320;2067.482;2877.597;2932.145;6.187;2278.660;2.985;2456.127;1610.399;1516.451;2404.579;2386.809;1002.200;0.280;2659.627;3173.118;487.648;1972.327;1196.850;867.524;634.079;997.046;3601.896;815.464;1238.803;15.266;2242.054;810.315;2750.673;2062.510;1598.619;2624.219;3589.527;3092.543;1474.157;3571.446;-3.236;2681.881;2452.668;1823.591;1884.577;2619.336;2563.145;3012.624;332.224;644.616;2545.674;1423.362;1165.403;393.345;317.966;1466.512;2106.351;2866.949;3286.636;3595.111;1551.348;1578.511;1092.128;3193.206;3388.471;3068.306;236.008;2222.076;3377.660;230.428;3608.264;1311.836;2300.848;398.503;3600.245;2288.900;3289.908;3227.334,1637.193;3573.620;2544.770;1001.639;608.254;2278.422;2988.143;3394.816;2083.350;613.166;999.572;1916.480;333.237;1030.080;-9.273;3433.706;3600.227;1262.051;1438.536;2535.373;2332.913;2403.824;1612.264;2202.836;321.628;3414.026;-0.632;185.299;3087.195;2019.923;2451.209;2118.083;2907.234;2350.071;624.511;2930.890;1192.224;3150.653;1139.664;3588.296;949.222;2233.995;471.002;461.265;2330.538;2755.347;202.842;2058.616;1495.261;537.630;1803.608;3.725;3388.648;317.683;3328.078;2764.281;300.300;1991.987;3595.739;940.404;2073.596;2015.709;1248.347;499.186;1808.273;1889.994;3285.659;2212.962;1596.192;475.197;1297.217;2039.351;2565.848;3554.550;820.306;2660.363;1615.558;2381.852;2.545;2707.211;3119.390;250.820;1405.512;988.964;2521.436;212.533;1257.524;2490.998;3154.099;739.691;11.167;839.208;2749.429;12.036;2535.099;663.213;3099.132;2800.454;3429.732;1640.589
30,52.59439301490784,29,-543.1666980803254,543.1666980803254,0.35947484877432745,873.154;1875.797;1877.830;136.530;1278.126;862.960;2487.994;624.011;87.301;3589.253;2021.305;190.481;2509.641;573.844;808.921;1031.319;2508.484;1861.442;774.109;1647.601;393.700;3529.035;2017.944;1843.531;1297.106;95.304;2746.684;2055.479;2885.033;2935.199;1.298;2291.630;-11.236;2450.374;1601.321;1500.844;2388.590;2378.096;991.880;3.939;2675.205;3189.318;503.516;1956.659;1197.946;868.252;647.658;1006.825;3588.904;816.483;1227.756;-0.861;2256.870;824.619;2754.909;2046.684;1611.055;2630.905;3602.723;3094.402;1485.227;3586.840;-0.297;2666.331;2461.691;1837.543;1882.064;2611.878;2576.289;3028.645;346.899;635.332;2559.823;1434.956;1152.079;378.977;333.836;1482.129;2120.104;2882.748;3285.316;3591.408;1541.575;1593.399;1077.853;3204.137;3398.468;3055.800;222.999;2212.350;3366.567;222.657;3594.128;1300.179;2290.128;382.740;3611.800;2274.051;3302.506;3224.241,1622.445;3587.968;2529.355;1012.411;617.457;2293.960;2992.610;3410.789;2085.643;607.095;1011.786;1900.566;317.364;1016.391;2.833;3422.117;3615.159;1250.955;1439.418;2550.562;2348.736;2406.573;1619.759;2188.181;305.635;3398.483;-4.224;198.853;3103.264;2004.168;2446.483;2110.105;2919.079;2355.481;614.119;2922.386;1196.470;3164.693;1123.468;3602.599;963.455;2249.013;487.021;445.518;2317.612;2769.129;189.348;2044.187;1492.427;553.503;1792.629;9.962;3372.640;327.947;3340.489;2780.200;299.726;2007.943;3610.469;954.758;2089.439;2000.426;1260.923;504.013;1793.781;1874.719;3275.581;2210.508;1609.769;489.838;1283.744;2052.165;2566.390;3566.454;835.396;2649.726;1630.812;2379.919;0.688;2722.412;3104.219;235.613;1417.428;1004.460;2511.818;228.064;1241.627;2476.090;3166.833;724.596;-3.080;834.494;2733.464;-2.317;2542.177;647.246;3107.083;2791.416;3433.176;1628.426
31,54.431347370147705,30,-543.2835209530338,543.2835209530338,0.3913326684593519,858.174;1889.990;1893.464;140.277;1293.883;879.028;2497.780;629.328;103.339;3604.955;2035.966;178.418;2494.298;586.815;792.856;1043.905;2521.751;1876.086;790.040;1631.978;380.697;3542.977;2002.056;1848.077;1311.337;99.915;2731.545;2040.409;2900.279;2947.454;-13.883;2284.934;4.017;2435.133;1614.930;1495.495;2398.837;2362.206;1004.908;1.953;2690.928;3191.589;514.492;1940.490;1182.623;854.588;663.589;995.293;3603.194;831.848;1238.354;-13.624;2269.946;810.682;2741.871;2054.845;1595.929;2646.662;3601.181;3105.184;1481.647;3601.250;2.058;2658.166;2476.984;1826.442;1866.858;2615.913;2568.029;3043.857;337.196;619.433;2567.456;1429.329;1136.803;394.326;348.544;1497.536;2129.757;2897.943;3269.616;3595.197;1539.855;1601.161;1090.967;3219.805;3383.825;3064.742;207.423;2226.715;3350.605;209.312;3590.250;1297.452;2274.367;371.268;3596.211;2274.601;3317.943;3239.452,1628.257;3603.287;2520.600;1024.115;633.405;2308.329;3005.293;3409.406;2101.190;622.402;1027.499;1887.210;332.298;1011.057;-11.441;3437.377;3600.109;1257.611;1424.671;2542.727;2355.713;2418.796;1605.237;2178.173;290.623;3384.973;0.408;189.359;3089.857;2013.698;2459.633;2123.888;2904.641;2340.935;629.337;2937.149;1181.286;3158.369;1123.550;3592.276;976.940;2242.506;483.265;440.348;2302.107;2783.632;176.701;2028.813;1477.145;567.916;1777.030;9.921;3382.579;340.368;3329.439;2787.158;284.347;1993.826;3595.667;943.132;2105.545;1994.211;1263.977;493.312;1805.852;1876.469;3279.971;2219.437;1596.694;498.134;1298.397;2036.841;2581.678;3552.001;848.837;2662.482;1634.406;2385.327;-14.055;2708.565;3093.992;243.412;1432.008;992.619;2527.358;221.078;1232.370;2470.441;3162.092;724.476;-4.250;833.321;2734.864;9.079;2536.629;632.931;3117.951;2806.249;3448.508;1642.718
32,56.29244780540466,31,-544.0802461270642,544.0802461270642,0.4734398632388746,870.802;1879.349;1909.565;125.519;1278.862;866.607;2513.680;613.712;94.256;3591.028;2046.406;178.931;2478.152;602.694;778.375;1034.494;2511.668;1892.189;788.190;1634.124;391.489;3557.241;1986.823;1832.652;1298.729;95.136;2721.077;2053.579;2885.276;2963.091;0.983;2300.512;-4.416;2437.807;1630.992;1480.170;2406.796;2374.785;994.177;-11.193;2679.332;3177.062;499.855;1924.451;1195.709;839.061;650.051;979.291;3619.125;846.086;1223.021;2.035;2255.325;825.289;2756.559;2047.174;1606.163;2661.331;3585.538;3121.161;1497.257;3587.063;7.057;2673.794;2474.153;1822.947;1855.261;2602.776;2552.755;3035.597;350.457;603.842;2582.665;1443.987;1147.396;393.594;333.716;1485.063;2117.956;2914.081;3254.573;3610.987;1545.987;1592.770;1106.510;3223.191;3375.188;3067.710;217.771;2240.982;3334.415;216.664;3604.667;1282.413;2258.627;358.359;3598.190;2289.689;3333.613;3254.675,1619.179;3619.285;2504.970;1019.778;623.201;2292.882;2991.143;3396.291;2099.575;617.968;1043.657;1901.393;347.320;996.056;-5.440;3453.506;3606.315;1246.771;1419.468;2553.551;2370.840;2405.772;1610.414;2163.509;274.529;3369.655;1.496;201.866;3075.198;2029.397;2449.664;2139.868;2918.566;2338.181;636.617;2925.037;1192.028;3143.296;1125.399;3606.125;993.020;2257.220;490.663;424.586;2316.833;2799.635;190.124;2036.980;1460.997;559.346;1770.316;23.288;3369.594;325.810;3344.511;2771.969;293.751;1977.730;3591.908;933.264;2094.551;1978.365;1248.347;478.205;1821.653;1863.278;3295.432;2207.106;1580.631;513.887;1314.527;2025.385;2596.254;3535.964;864.506;2658.757;1644.244;2400.282;0.278;2721.008;3078.033;243.953;1435.527;976.683;2516.920;205.306;1241.442;2454.816;3147.113;733.969;6.812;845.040;2727.128;22.640;2525.227;633.354;3133.895;2822.377;3464.516;1655.034
33,58.18234086036682,32,-543.9247444450148,543.9247444450148,0.22046842413595963,886.770;1870.033;1922.739;139.363;1288.485;850.897;2499.266;627.539;78.671;3579.660;2061.636;163.463;2488.264;588.121;793.351;1036.444;2526.609;1878.701;772.438;1618.905;379.978;3554.212;1997.821;1843.959;1282.874;79.387;2736.433;2069.591;2891.551;2962.381;6.590;2286.572;-4.505;2434.304;1628.498;1491.037;2422.494;2390.806;978.243;4.056;2669.165;3190.150;483.752;1908.274;1209.273;822.919;633.988;990.612;3603.779;834.008;1207.242;-0.475;2239.382;836.042;2753.371;2032.004;1619.883;2672.703;3577.557;3137.322;1486.742;3600.485;-8.579;2674.471;2489.830;1807.153;1868.893;2616.605;2536.646;3019.817;340.991;588.195;2567.633;1429.696;1163.164;407.025;348.019;1487.535;2103.138;2902.388;3264.896;3597.378;1561.804;1576.891;1096.754;3214.670;3359.616;3083.499;233.679;2257.008;3345.797;201.320;3590.175;1296.925;2270.981;373.374;3609.246;2305.693;3349.627;3270.798,1603.276;3604.069;2519.829;1004.749;635.541;2299.663;2975.115;3411.606;2104.327;602.439;1030.436;1887.596;362.857;979.929;10.305;3447.658;3592.792;1230.895;1403.655;2538.236;2367.838;2391.161;1625.224;2147.736;285.907;3382.319;17.201;201.658;3088.762;2015.776;2433.793;2153.245;2922.017;2353.370;621.134;2928.024;1207.978;3158.583;1141.042;3590.623;980.971;2245.432;475.908;430.784;2306.671;2792.666;199.711;2024.853;1444.822;548.265;1780.054;14.300;3383.728;309.766;3360.187;2763.833;278.577;1963.030;3605.898;948.577;2101.288;1962.571;1247.112;493.592;1837.808;1847.276;3309.934;2219.296;1567.602;510.444;1303.641;2040.683;2582.511;3543.150;880.566;2649.591;1660.104;2416.318;4.133;2736.939;3066.872;228.191;1451.303;989.022;2501.474;211.579;1257.219;2469.546;3161.106;718.899;22.164;836.042;2711.263;10.884;2511.055;648.747;3123.333;2836.918;3462.025;1671.029
34,59.896103858947754,33,-544.4317134042387,544.4317134042387,0.14612538540874792,902.169;1854.532;1925.549;124.866;1278.014;836.512;2483.506;615.886;63.573;3583.830;2047.428;175.574;2494.478;601.449;806.644;1052.177;2542.703;1864.037;757.155;1631.643;383.795;3569.925;2013.188;1829.036;1291.490;85.440;2737.692;2073.127;2906.429;2977.705;8.347;2270.517;10.452;2449.025;1619.218;1504.491;2438.607;2396.527;976.041;-5.125;2653.379;3202.917;475.670;1893.222;1225.310;834.715;644.682;1005.265;3594.152;818.033;1191.538;-0.438;2248.088;824.466;2738.467;2015.891;1635.072;2687.550;3564.723;3132.233;1475.444;3589.269;-0.391;2664.588;2489.088;1821.072;1883.276;2620.058;2530.403;3003.846;356.551;597.314;2560.381;1413.637;1149.731;391.829;338.286;1471.914;2110.823;2888.081;3280.797;3598.612;1550.925;1587.900;1081.954;3198.929;3374.715;3097.487;247.270;2246.308;3361.585;208.387;3582.280;1289.945;2286.907;360.031;3593.955;2291.260;3358.852;3281.596,1600.803;3591.188;2509.507;1012.641;623.699;2285.909;2985.912;3426.949;2119.333;587.222;1014.836;1878.767;349.790;991.806;-3.114;3433.176;3606.720;1217.563;1415.893;2531.400;2352.455;2375.085;1610.502;2131.608;290.041;3397.506;13.322;185.949;3075.707;2003.116;2448.818;2166.994;2937.650;2356.988;634.794;2943.707;1223.281;3168.462;1131.117;3590.111;965.148;2234.754;468.726;444.651;2319.184;2790.750;203.179;2040.429;1433.413;532.664;1795.709;-1.582;3370.507;315.770;3365.495;2778.890;282.779;1970.570;3603.476;964.596;2115.443;1946.838;1261.380;503.050;1850.328;1831.169;3325.950;2203.988;1570.491;523.935;1287.888;2029.190;2575.328;3557.694;875.102;2665.067;1662.350;2429.743;-1.467;2727.339;3080.892;231.287;1453.232;995.065;2513.658;197.349;1242.123;2485.642;3147.352;702.797;35.576;851.260;2723.015;-3.103;2524.717;637.403;3114.005;2847.521;3446.502;1685.656
35,61.74784564971924,34,-545.0590482768946,545.0590482768946,0.4637789310678808,918.179;1858.967;1941.245;110.500;1265.388;830.786;2470.659;628.197;47.730;3596.963;2047.822;190.556;2479.005;596.658;815.267;1068.271;2554.016;1856.683;741.838;1636.185;368.366;3574.739;2015.522;1824.013;1277.783;70.213;2751.562;2085.434;2921.813;2993.651;-3.872;2257.914;-1.575;2439.411;1632.889;1493.194;2454.723;2386.580;961.406;4.762;2637.270;3218.901;476.763;1894.717;1236.673;838.632;646.878;990.581;3607.065;809.359;1179.720;-5.289;2261.739;808.945;2740.900;1999.750;1646.713;2673.982;3579.650;3134.628;1483.905;3602.372;-14.579;2679.748;2495.433;1832.282;1889.841;2635.096;2516.973;3002.481;371.312;600.601;2575.764;1401.188;1160.260;386.801;325.654;1457.867;2097.284;2888.919;3288.281;3613.832;1554.691;1578.343;1066.976;3182.819;3368.033;3089.016;262.673;2259.143;3354.577;207.754;3575.886;1303.706;2296.432;351.422;3599.446;2284.288;3346.634;3272.779,1585.158;3594.265;2513.862;1028.459;633.483;2299.811;2995.621;3439.921;2106.040;573.278;1001.836;1863.091;362.896;979.580;-5.336;3417.285;3595.112;1221.345;1431.502;2528.139;2357.065;2389.758;1624.139;2116.172;276.441;3412.732;-2.381;171.467;3088.732;1988.859;2445.206;2183.021;2950.241;2358.835;624.645;2959.320;1238.722;3156.434;1145.842;3584.123;955.830;2218.890;481.862;436.207;2304.616;2806.445;218.807;2051.458;1418.467;548.149;1780.823;-14.887;3355.977;306.405;3377.059;2770.938;268.691;1985.286;3587.994;959.275;2103.122;1940.785;1277.429;491.360;1835.655;1840.503;3342.082;2196.173;1583.173;538.982;1271.924;2043.038;2560.225;3573.727;867.837;2650.811;1675.007;2445.718;9.908;2742.541;3096.833;216.800;1438.178;1010.791;2501.287;212.223;1247.215;2479.107;3131.694;700.669;23.070;837.417;2712.955;-18.043;2509.715;622.193;3098.134;2862.406;3460.455;1680.848
36,63.6275053024292,35,-544.8887554231503,544.8887554231503,0.247062574451867,929.267;1874.710;1955.011;104.781;1278.441;815.022;2485.968;643.309;31.772;3601.193;2032.472;203.017;2463.425;595.278;801.445;1081.963;2567.198;1872.186;726.807;1621.980;369.293;3583.036;2000.714;1837.817;1275.600;84.049;2741.480;2101.360;2921.719;3009.715;11.148;2246.845;-3.175;2424.936;1632.737;1477.290;2453.509;2370.753;949.306;-9.990;2642.485;3234.166;461.150;1896.242;1222.202;827.782;642.135;993.542;3602.798;822.859;1195.102;10.024;2247.616;807.927;2726.379;1999.297;1631.687;2658.407;3595.064;3150.346;1468.463;3601.035;-0.046;2694.560;2510.252;1846.193;1874.320;2650.991;2501.370;2988.137;373.568;585.075;2581.762;1386.809;1147.868;398.256;339.775;1469.502;2081.362;2903.600;3277.653;3599.378;1539.075;1562.591;1082.343;3197.013;3352.762;3073.242;262.418;2274.236;3341.223;222.252;3561.793;1289.669;2311.386;364.370;3606.261;2274.181;3356.858;3256.978,1598.321;3607.262;2527.032;1016.104;649.345;2315.742;2982.320;3426.535;2090.180;557.493;985.858;1864.482;378.669;982.762;5.399;3401.480;3593.193;1236.919;1446.935;2541.880;2342.037;2385.221;1610.690;2100.147;291.545;3428.808;-7.760;185.306;3104.707;1972.837;2458.949;2199.085;2965.509;2343.185;609.292;2953.956;1224.973;3142.272;1161.331;3598.333;971.177;2205.945;466.229;450.847;2289.010;2802.405;208.858;2038.317;1421.690;559.910;1768.536;0.718;3342.675;292.527;3361.654;2779.924;253.765;1999.898;3587.848;943.585;2113.510;1943.132;1290.796;475.435;1831.727;1855.530;3358.192;2191.205;1590.697;555.008;1257.764;2057.201;2573.795;3589.697;852.058;2661.953;1661.028;2439.078;-5.484;2746.299;3104.107;200.855;1422.217;1025.412;2516.179;228.168;1262.913;2482.899;3131.086;712.699;7.215;846.251;2723.466;-2.414;2503.333;636.836;3083.793;2878.373;3475.865;1690.609
37,65.53167676925659,36,-544.821110940306,544.821110940306,0.4526845544090943,918.484;1876.827;1940.332;89.209;1282.650;802.137;2496.992;658.857;15.897;3585.608;2032.912;218.385;2447.698;610.706;815.642;1076.216;2552.697;1882.418;711.641;1636.639;353.842;3597.454;2009.795;1823.572;1260.028;72.715;2756.832;2114.020;2936.959;3019.986;0.189;2231.355;-0.566;2419.557;1617.163;1461.898;2437.860;2355.046;964.802;4.731;2658.117;3244.262;445.099;1911.882;1226.816;811.937;626.534;978.491;3587.811;809.235;1210.173;23.394;2241.815;795.704;2711.149;2014.366;1642.322;2673.020;3610.990;3137.608;1473.928;3611.987;6.314;2709.147;2497.423;1849.964;1880.147;2643.367;2509.391;3001.066;358.920;597.376;2568.905;1374.214;1132.217;414.073;340.157;1456.529;2070.745;2891.557;3261.853;3609.988;1523.537;1573.268;1090.509;3185.326;3344.940;3084.064;249.149;2290.166;3355.779;207.726;3574.811;1303.708;2309.519;379.776;3620.205;2289.299;3369.841;3271.333,1612.847;3602.962;2512.346;1020.275;648.058;2325.961;2996.060;3421.150;2074.275;547.381;972.532;1880.036;366.472;998.397;-4.024;3388.116;3595.107;1251.469;1433.510;2557.621;2326.094;2370.087;1619.462;2095.360;296.635;3415.624;7.495;197.309;3117.815;1977.088;2473.974;2185.920;2971.843;2352.603;618.640;2969.225;1209.544;3126.311;1153.558;3614.319;985.892;2220.559;459.348;442.606;2293.347;2816.529;193.019;2046.460;1407.647;575.359;1783.383;-5.594;3357.123;307.628;3374.499;2794.872;258.129;1987.224;3600.901;948.358;2098.163;1927.657;1289.723;470.134;1816.421;1860.380;3350.317;2176.726;1606.070;557.186;1254.230;2047.068;2587.265;3588.023;839.363;2649.287;1666.146;2449.311;2.669;2736.611;3118.631;193.530;1412.555;1014.184;2508.176;236.010;1251.466;2496.314;3144.970;728.387;5.881;831.304;2708.692;0.308;2488.314;640.471;3092.431;2883.246;3462.444;1699.160
38,67.24663424491882,37,-545.4590717860237,545.4590717860237,0.5627151981790208,928.383;1873.963;1938.006;73.274;1267.102;786.612;2512.544;672.153;7.530;3597.839;2048.569;203.258;2460.830;596.778;802.729;1085.590;2563.830;1868.239;723.869;1636.159;364.438;3613.441;2025.240;1832.505;1273.266;64.503;2743.574;2101.359;2922.684;3035.776;-9.729;2216.740;-16.088;2404.085;1628.618;1445.911;2447.058;2358.553;959.403;-1.109;2655.641;3232.925;445.937;1927.859;1225.456;819.924;620.705;991.330;3600.787;816.125;1218.878;26.436;2231.145;811.030;2720.121;2029.066;1628.009;2661.046;3596.574;3150.576;1459.259;3596.422;-6.480;2725.148;2509.847;1835.019;1869.361;2658.292;2522.704;2987.210;371.375;589.659;2563.807;1387.389;1146.907;412.422;355.361;1469.448;2069.730;2906.678;3250.406;3596.910;1510.142;1559.348;1078.609;3199.802;3329.459;3070.084;262.483;2276.024;3346.919;222.242;3590.737;1290.746;2298.084;365.347;3604.711;2280.626;3355.140;3265.050,1628.235;3617.633;2496.387;1005.198;632.924;2341.267;2983.491;3436.195;2060.934;562.301;981.336;1879.050;374.217;1003.366;-19.829;3390.437;3610.749;1258.463;1419.256;2573.021;2315.353;2354.130;1621.096;2108.830;309.887;3403.039;15.931;192.412;3104.934;1991.219;2489.970;2170.159;2956.997;2357.938;626.693;2974.125;1197.831;3111.622;1137.807;3600.175;994.053;2232.871;468.130;458.066;2307.484;2808.113;203.649;2061.968;1392.066;562.776;1769.574;2.151;3353.979;296.890;3390.232;2809.697;267.187;1971.610;3585.824;956.737;2085.432;1940.752;1304.615;454.520;1800.697;1848.346;3334.918;2189.010;1622.101;543.252;1269.646;2031.258;2602.469;3579.684;854.541;2663.066;1681.518;2462.071;-8.467;2720.825;3134.553;191.611;1399.116;998.621;2509.593;225.078;1264.110;2482.734;3155.962;716.916;-7.739;844.963;2700.813;-6.901;2503.514;625.928;3105.076;2898.932;3475.729;1683.975
39,69.11261415481567,38,-545.4335970975851,545.4335970975851,0.29383433885691884,913.653;1858.728;1925.241;78.047;1251.096;772.451;2500.427;657.696;18.561;3584.212;2039.855;190.435;2455.725;608.923;815.313;1073.252;2555.463;1881.473;709.905;1625.440;349.738;3598.430;2039.431;1817.615;1260.319;49.626;2755.054;2100.372;2918.928;3024.057;5.395;2200.810;-0.735;2419.045;1616.457;1437.303;2441.038;2374.196;972.839;-0.132;2641.404;3247.813;441.598;1925.591;1240.270;804.796;605.833;1002.428;3612.132;801.006;1233.858;41.539;2215.411;825.656;2704.926;2019.097;1642.770;2675.242;3597.236;3161.246;1472.825;3594.795;7.147;2712.787;2494.502;1826.612;1884.042;2644.323;2538.517;2995.070;382.647;574.671;2579.229;1372.853;1149.519;427.414;351.210;1458.898;2054.527;2906.304;3235.072;3606.094;1494.405;1570.904;1080.112;3214.436;3331.647;3068.844;277.630;2289.283;3357.713;216.153;3604.052;1305.109;2312.994;351.174;3596.271;2265.016;3367.520;3280.057,1643.220;3602.516;2494.059;1017.773;617.361;2328.324;2967.604;3441.686;2074.399;575.708;972.865;1863.508;359.089;1018.420;-4.917;3405.631;3597.374;1274.141;1404.046;2557.980;2329.192;2360.925;1611.688;2099.407;295.199;3397.706;2.474;207.804;3118.429;1979.011;2476.688;2159.162;2967.482;2373.587;642.438;2989.733;1202.142;3126.989;1149.312;3603.241;980.850;2221.246;481.113;443.975;2322.989;2819.926;189.835;2074.999;1376.044;576.688;1777.887;-10.909;3338.379;311.326;3400.414;2794.404;282.952;1959.320;3584.322;972.256;2098.597;1930.096;1295.777;440.724;1814.089;1832.541;3324.503;2174.087;1607.213;558.331;1278.891;2023.961;2618.474;3594.093;846.187;2662.024;1697.530;2477.971;-4.731;2730.881;3121.596;202.627;1383.188;985.420;2510.870;209.869;1278.621;2492.516;3171.782;732.266;6.224;833.463;2685.208;-6.871;2494.105;610.361;3120.933;2903.913;3478.119;1695.778
40,71.00591659545898,39,-545.9870774387617,545.9870774387617,0.5799124171280086,900.772;1871.400;1939.904;93.182;1239.131;764.048;2486.189;641.747;34.095;3595.729;2025.608;199.410;2470.321;598.181;804.331;1088.605;2570.113;1887.751;697.007;1638.933;346.729;3590.808;2024.591;1827.959;1248.281;62.936;2743.034;2087.539;2903.650;3033.763;-6.211;2185.622;8.415;2411.998;1618.448;1440.029;2455.782;2374.442;978.575;-13.861;2625.579;3263.650;457.192;1940.574;1254.817;817.338;594.398;1006.505;3596.937;802.682;1219.306;34.379;2230.573;841.443;2689.042;2004.418;1641.777;2672.968;3612.659;3157.722;1486.756;3585.589;-7.289;2699.170;2503.975;1841.170;1870.338;2643.499;2543.816;2982.081;397.776;587.197;2595.017;1357.012;1137.948;419.233;336.680;1443.358;2056.955;2893.753;3249.940;3592.709;1504.261;1586.284;1073.515;3230.276;3316.347;3055.809;263.756;2298.578;3369.946;200.680;3592.243;1317.045;2304.753;335.379;3606.264;2279.171;3352.279;3291.727,1630.476;3613.035;2507.915;1029.823;631.379;2341.652;2957.417;3457.338;2060.803;591.587;982.816;1874.646;358.510;1030.951;-12.755;3405.935;3611.081;1262.476;1392.955;2569.220;2345.012;2349.906;1595.949;2083.922;300.551;3411.248;-12.936;194.242;3105.290;1994.160;2463.520;2159.586;2953.040;2359.129;654.898;2976.761;1217.677;3138.798;1143.240;3604.060;995.659;2224.227;465.526;432.097;2308.610;2805.447;198.357;2089.114;1361.589;564.339;1765.407;3.555;3329.019;319.372;3405.152;2804.953;298.745;1972.280;3569.070;958.428;2113.966;1918.669;1309.482;444.527;1799.938;1825.712;3317.164;2158.278;1591.289;544.735;1294.288;2008.672;2621.714;3581.659;852.184;2652.378;1684.095;2475.498;-15.819;2746.362;3135.576;218.403;1397.499;971.456;2526.368;224.230;1291.876;2508.285;3183.106;745.137;-8.827;821.989;2669.376;-15.735;2509.312;625.901;3131.198;2888.644;3493.573;1680.586
41,72.71598958969116,40,-545.9403377893449,545.9403377893449,0.18839614911184507,914.620;1856.683;1955.276;82.570;1223.890;776.194;2490.300;636.793;48.869;3607.990;2016.228;185.448;2459.958;583.260;811.965;1101.809;2556.063;1878.783;705.378;1623.925;336.309;3602.342;2011.324;1813.769;1261.955;78.795;2740.437;2102.070;2897.912;3038.356;7.082;2198.518;7.225;2413.023;1603.528;1451.667;2468.403;2375.449;970.850;0.804;2610.024;3258.245;459.964;1950.777;1239.910;831.777;609.719;991.700;3606.229;815.249;1204.893;19.069;2239.819;827.502;2700.752;2012.088;1639.512;2667.757;3599.110;3169.960;1474.249;3592.381;3.111;2708.875;2494.922;1857.090;1883.467;2652.996;2537.250;2996.284;382.760;603.039;2610.875;1346.879;1146.350;406.091;321.088;1457.220;2069.021;2908.859;3245.227;3605.806;1519.541;1591.245;1061.391;3218.349;3300.911;3062.173;247.998;2290.615;3385.557;190.080;3606.069;1304.270;2309.571;331.928;3594.273;2265.294;3341.687;3306.218,1614.631;3598.906;2523.774;1024.231;620.732;2356.632;2942.441;3472.876;2057.358;606.325;968.392;1888.623;363.510;1046.763;-0.650;3421.351;3598.459;1247.070;1404.252;2574.743;2343.778;2335.210;1582.684;2095.408;286.688;3427.126;1.736;207.343;3091.863;1985.023;2472.914;2170.591;2937.132;2350.656;648.796;2986.860;1233.594;3127.436;1136.958;3588.713;983.195;2238.518;464.902;435.786;2303.002;2820.099;185.057;2073.957;1345.665;576.932;1758.002;7.560;3343.083;306.138;3420.729;2816.527;284.093;1957.281;3553.132;942.648;2100.146;1933.770;1325.067;459.726;1792.046;1840.050;3332.687;2169.828;1575.415;538.932;1293.060;2019.464;2606.559;3575.841;867.661;2641.301;1670.906;2460.458;-0.307;2762.332;3145.450;226.804;1412.529;972.208;2542.220;233.529;1307.700;2524.271;3168.776;733.089;0.146;806.745;2678.373;-0.233;2513.552;629.176;3119.936;2878.091;3509.263;1685.025
42,74.56622552871704,41,-546.1402539123068,546.1402539123068,0.4130406246033451,930.397;1863.941;1970.908;96.322;1237.028;788.718;2481.891;624.668;37.410;3593.073;2007.263;184.599;2464.816;567.342;819.051;1117.650;2566.941;1863.519;721.045;1614.630;350.649;3616.060;2025.142;1810.656;1254.891;88.795;2726.998;2090.874;2891.818;3024.009;19.828;2196.524;1.288;2398.116;1588.981;1437.058;2483.803;2360.529;984.931;-4.901;2605.480;3243.620;454.579;1950.038;1226.527;823.090;624.588;995.588;3594.498;829.036;1189.040;3.686;2255.326;812.364;2702.139;1996.878;1627.441;2657.973;3610.248;3156.067;1460.189;3607.939;-10.070;2696.080;2479.308;1871.371;1870.358;2668.643;2522.002;3012.167;383.081;618.452;2626.826;1357.837;1131.098;390.334;305.191;1468.343;2084.798;2920.221;3253.493;3598.918;1509.483;1605.705;1045.634;3206.109;3302.299;3076.928;233.716;2277.117;3370.694;175.357;3591.690;1290.245;2299.557;334.728;3597.921;2263.402;3327.906;3301.641,1598.792;3594.727;2526.094;1039.230;627.774;2370.671;2931.199;3468.676;2059.446;595.927;978.441;1904.209;378.838;1056.470;-9.739;3416.151;3605.837;1234.796;1418.930;2589.792;2342.489;2319.301;1566.898;2111.014;275.640;3440.337;-11.051;193.121;3098.820;1977.565;2459.958;2159.721;2932.615;2353.403;640.237;2973.165;1241.620;3124.501;1121.345;3596.090;970.434;2254.407;466.392;451.364;2314.871;2835.559;169.208;2062.188;1332.009;575.660;1773.307;15.799;3358.867;316.980;3415.962;2832.295;269.042;1942.657;3537.419;949.135;2084.727;1937.001;1320.041;475.658;1805.638;1841.643;3334.114;2184.159;1582.498;531.735;1308.040;2005.644;2590.757;3591.028;881.167;2656.354;1655.764;2444.590;1.725;2777.281;3131.272;222.690;1427.726;958.257;2558.011;247.644;1317.621;2526.680;3154.284;718.322;-7.690;792.939;2665.053;10.253;2524.937;629.957;3133.746;2863.238;3524.741;1675.277
43,76.4498598575592,42,-546.2723730659048,546.2723730659048,0.3800328416685892,942.954;1849.768;1984.784;84.034;1232.207;785.922;2467.024;609.812;49.479;3586.365;1991.633;199.643;2479.415;575.922;834.605;1116.221;2581.191;1878.371;711.934;1625.314;335.862;3600.890;2010.767;1796.529;1267.679;93.677;2711.410;2081.826;2876.216;3008.197;18.678;2181.234;-14.299;2382.243;1602.998;1452.035;2498.064;2361.770;1000.743;9.954;2590.523;3227.941;444.554;1965.260;1240.663;808.255;611.217;980.567;3606.751;814.552;1173.715;-12.135;2270.513;801.265;2716.902;2001.347;1611.667;2647.668;3596.912;3170.512;1474.440;3593.096;3.161;2695.523;2464.250;1887.000;1862.266;2684.221;2536.240;3024.250;392.068;630.987;2639.534;1346.770;1117.779;401.910;290.508;1454.138;2078.962;2919.249;3239.112;3612.970;1494.497;1594.907;1059.175;3216.862;3292.826;3092.803;220.068;2290.514;3356.046;189.020;3604.514;1303.944;2313.788;324.458;3603.506;2276.641;3341.752;3286.422,1608.660;3597.491;2541.187;1054.797;643.142;2361.615;2943.996;3453.782;2074.995;585.968;964.149;1895.261;369.418;1059.130;4.344;3431.324;3595.236;1246.235;1405.442;2575.217;2327.148;2308.185;1551.337;2097.337;290.686;3432.009;1.962;200.058;3093.413;1972.766;2474.764;2167.560;2918.732;2338.494;624.646;2983.244;1256.929;3130.896;1123.751;3610.577;955.583;2262.942;467.896;442.126;2330.631;2845.283;169.210;2069.675;1327.216;587.448;1780.478;14.872;3367.733;303.351;3416.800;2837.129;254.509;1931.994;3528.027;943.276;2069.859;1922.558;1325.034;489.255;1802.786;1853.316;3346.934;2189.053;1582.885;519.587;1323.019;2015.080;2575.885;3603.765;866.675;2643.660;1640.205;2451.379;-2.081;2772.050;3131.191;235.283;1424.614;971.989;2573.902;253.856;1329.545;2542.096;3138.455;711.818;6.447;807.835;2675.952;10.360;2540.031;618.305;3120.310;2847.935;3537.534;1673.899
44,78.15776252746582,43,-546.9303193253786,546.9303193253786,0.2005130068104848,928.679;1835.314;1971.712;70.862;1244.648;770.932;2480.972;603.480;65.220;3583.112;2002.217;186.160;2466.431;565.103;833.240;1104.465;2596.427;1874.163;725.545;1640.840;347.374;3600.631;2008.135;1789.196;1282.829;78.464;2718.607;2066.186;2876.016;3022.774;3.349;2183.736;0.382;2369.827;1603.788;1463.568;2513.859;2346.635;997.754;21.178;2575.419;3232.663;434.010;1981.017;1226.858;819.314;595.669;989.598;3592.669;812.797;1187.638;3.127;2285.021;811.564;2732.342;2016.365;1595.923;2663.081;3606.594;3185.832;1462.297;3598.952;0.768;2711.000;2448.423;1898.177;1869.187;2675.829;2532.206;3026.767;378.522;617.671;2625.893;1343.972;1125.270;388.034;277.443;1450.658;2093.554;2934.125;3253.043;3598.463;1478.637;1609.798;1071.554;3226.992;3277.172;3107.689;204.261;2275.768;3359.265;186.160;3593.949;1305.857;2327.321;314.069;3591.100;2283.849;3328.088;3271.309,1619.558;3602.718;2531.180;1040.875;629.346;2346.175;2930.503;3442.925;2090.892;583.291;976.435;1879.654;360.019;1074.449;-8.081;3432.353;3608.798;1261.659;1418.896;2578.437;2336.644;2316.061;1536.534;2099.606;303.569;3417.413;9.646;213.572;3082.602;1987.731;2485.466;2152.133;2902.912;2324.332;633.312;2998.649;1271.828;3146.334;1109.124;3596.404;962.900;2278.326;459.861;437.322;2346.540;2855.542;181.921;2056.082;1339.110;578.018;1769.860;-0.474;3381.081;292.849;3401.574;2822.530;249.137;1917.150;3541.284;956.753;2058.300;1907.822;1309.567;477.305;1817.967;1860.639;3347.667;2204.509;1575.298;525.691;1338.471;2019.567;2581.338;3590.024;871.539;2657.479;1627.433;2444.483;10.367;2783.615;3128.755;251.037;1411.282;956.960;2572.257;238.654;1320.348;2539.836;3152.092;696.240;-2.975;808.885;2676.196;24.592;2551.465;611.943;3133.517;2861.600;3533.031;1679.236
45,79.99199271202087,44,-547.2155131760242,547.2155131760242,0.27225430238844545,940.194;1847.081;1956.257;55.103;1259.724;785.363;2471.543;606.738;52.901;3596.356;2017.798;171.954;2481.361;551.450;817.893;1116.292;2592.276;1864.327;713.580;1649.203;357.874;3601.748;1995.996;1773.725;1293.780;62.624;2721.102;2076.163;2891.002;3035.842;0.077;2190.125;-0.892;2360.705;1590.032;1450.283;2529.084;2332.286;994.621;28.073;2561.185;3248.053;418.469;1977.589;1220.570;806.224;607.786;975.074;3604.803;797.788;1182.324;4.698;2299.350;823.301;2718.332;2021.291;1607.702;2672.099;3592.619;3187.071;1448.759;3604.257;3.560;2705.938;2436.229;1912.984;1854.499;2663.632;2517.411;3040.530;392.426;628.734;2634.843;1329.382;1111.896;375.500;288.845;1437.892;2081.494;2949.128;3267.863;3605.574;1485.987;1598.200;1087.251;3211.918;3286.363;3093.085;216.243;2262.709;3373.556;201.305;3597.030;1309.678;2329.251;299.546;3604.935;2299.406;3324.918;3255.460,1609.489;3588.547;2516.283;1025.588;616.957;2352.836;2933.322;3455.408;2100.223;569.562;981.452;1877.973;344.392;1074.994;-9.324;3443.233;3597.506;1248.729;1420.200;2592.719;2325.495;2331.554;1521.800;2114.612;319.224;3401.610;-2.106;226.756;3088.864;1988.745;2474.986;2142.667;2908.637;2314.467;648.439;3007.149;1287.102;3143.264;1119.881;3599.179;948.479;2270.130;446.381;451.083;2342.684;2864.901;194.497;2058.156;1354.823;562.675;1771.918;-13.509;3396.040;278.852;3413.950;2824.506;234.148;1929.918;3556.805;972.449;2043.213;1904.877;1299.750;488.517;1806.889;1875.989;3335.210;2217.369;1590.438;511.777;1353.658;2004.732;2573.954;3579.827;859.316;2672.129;1630.978;2456.875;0.072;2793.290;3114.013;266.210;1418.067;942.729;2582.993;225.215;1305.280;2526.519;3158.857;687.556;9.412;823.124;2688.063;39.754;2546.089;609.881;3149.018;2875.788;3517.900;1663.836
46,81.85676050186157,45,-548.011116557291,548.011116557291,0.5317344905840972,941.324;1835.792;1945.790;65.054;1245.049;773.291;2484.108;596.086;58.531;3583.180;2011.177;160.192;2485.871;555.002;813.219;1131.151;2600.830;1877.420;727.908;1636.232;348.383;3614.953;2002.088;1762.520;1278.689;74.954;2710.162;2062.716;2877.901;3051.375;-15.237;2175.072;3.259;2375.766;1605.162;1464.012;2535.056;2346.270;1009.783;12.904;2575.644;3244.092;405.277;1992.648;1234.700;815.405;604.347;967.585;3593.048;790.940;1167.914;-8.833;2294.827;814.575;2724.014;2006.198;1603.436;2686.690;3603.773;3202.328;1458.220;3589.746;-11.826;2695.388;2438.847;1900.433;1849.241;2678.020;2516.892;3026.949;390.913;615.085;2648.036;1313.761;1113.162;385.815;277.586;1443.719;2095.501;2964.756;3283.124;3613.388;1471.249;1603.237;1073.499;3211.110;3277.490;3078.439;229.447;2265.030;3360.004;194.963;3609.955;1325.146;2313.817;311.456;3605.818;2290.640;3310.847;3240.279,1598.819;3600.295;2519.979;1027.781;628.616;2364.305;2948.773;3471.084;2110.960;583.557;975.598;1863.994;353.238;1084.436;5.335;3429.025;3608.067;1254.690;1434.983;2605.927;2333.922;2336.294;1514.093;2130.140;331.587;3398.712;-16.518;212.128;3095.977;1991.273;2459.350;2131.493;2923.765;2299.176;633.940;2993.408;1279.625;3157.693;1116.402;3609.059;950.033;2275.754;430.672;464.125;2328.696;2880.108;179.723;2072.268;1344.730;569.187;1786.902;1.777;3411.826;293.948;3402.427;2834.382;234.873;1940.706;3547.745;972.356;2027.407;1889.856;1297.999;493.388;1792.524;1889.107;3346.874;2232.327;1592.367;496.558;1341.410;2015.420;2558.687;3590.716;845.077;2673.896;1629.711;2472.557;-2.772;2808.824;3128.662;253.872;1410.974;955.111;2581.550;236.967;1319.434;2512.884;3146.708;675.570;13.939;818.316;2703.642;37.529;2560.664;624.422;3136.080;2861.477;3530.767;1672.415
47,83.74732542037964,46,-547.6743189930583,547.6743189930583,0.26215333883463826,936.824;1820.455;1957.209;55.251;1230.726;757.701;2499.771;580.482;58.535;3589.610;2000.023;169.199;2499.852;540.273;812.044;1118.891;2589.069;1863.223;720.535;1651.212;357.442;3599.828;2017.303;1774.169;1287.734;66.694;2694.590;2052.528;2866.780;3063.708;-0.610;2159.584;16.968;2385.403;1611.760;1478.151;2548.619;2334.310;1022.628;4.379;2579.618;3252.248;391.413;2004.033;1239.191;802.302;616.909;978.279;3602.114;778.096;1171.690;5.061;2279.518;799.021;2710.908;1990.517;1588.133;2675.065;3595.956;3218.111;1446.542;3602.291;-1.808;2694.227;2451.821;1884.804;1864.473;2692.312;2531.858;3011.234;404.556;625.682;2660.635;1303.321;1099.472;370.730;268.957;1428.514;2110.360;2966.140;3298.912;3598.326;1478.856;1604.673;1069.277;3221.146;3262.063;3087.861;231.103;2251.058;3347.904;180.457;3594.763;1339.705;2326.284;309.247;3590.432;2304.911;3296.159;3231.894,1613.332;3615.947;2504.792;1040.092;614.313;2360.855;2954.575;3457.287;2100.122;568.622;990.820;1873.362;338.093;1070.229;-8.781;3413.660;3594.018;1258.431;1423.399;2621.627;2318.743;2321.349;1498.690;2116.262;347.230;3413.261;-1.386;221.976;3080.695;1977.675;2471.212;2144.929;2928.034;2313.173;645.272;3007.335;1293.029;3149.767;1131.688;3594.210;964.416;2291.202;440.261;478.925;2332.014;2895.838;187.755;2057.681;1358.656;583.659;1776.259;-0.611;3406.256;280.511;3416.521;2819.244;219.542;1955.111;3562.835;980.051;2041.396;1902.706;1282.766;485.708;1778.683;1873.851;3362.489;2217.918;1606.942;511.532;1353.853;2009.708;2569.312;3575.758;858.613;2659.838;1614.324;2458.437;12.399;2794.386;3114.611;267.486;1404.638;940.404;2596.933;241.423;1306.562;2527.605;3131.680;690.299;28.098;803.282;2719.441;51.046;2546.180;614.861;3150.364;2874.106;3516.693;1687.347
48,85.45844793319702,47,-547.6235876123023,547.6235876123023,0.20518044823805537,950.970;1805.192;1972.819;68.745;1227.579;751.954;2509.169;570.771;71.455;3574.408;1987.537;154.803;2514.537;539.333;825.782;1103.355;2603.455;1864.598;722.589;1658.949;350.851;3600.217;2031.124;1789.757;1301.128;52.179;2696.591;2045.677;2873.339;3077.694;11.169;2143.806;32.360;2400.317;1615.228;1467.173;2563.773;2319.254;1032.681;4.075;2594.703;3256.771;375.715;1994.639;1224.138;786.627;606.874;993.787;3597.118;762.549;1186.940;2.564;2268.125;791.413;2696.350;1976.573;1596.028;2688.900;3607.200;3227.719;1438.892;3597.443;-6.726;2679.517;2465.773;1889.278;1871.493;2678.415;2517.658;3019.717;390.921;615.659;2648.315;1317.449;1083.916;355.609;277.676;1428.224;2111.309;2981.477;3289.253;3605.803;1490.610;1589.308;1081.266;3236.675;3250.205;3075.150;215.948;2264.007;3346.864;189.074;3600.030;1351.068;2335.130;296.706;3602.475;2319.231;3280.676;3237.564,1628.651;3600.884;2508.642;1035.447;608.008;2345.443;2969.862;3453.297;2093.149;563.419;976.427;1862.019;346.945;1065.674;3.380;3418.961;3606.528;1245.048;1407.802;2621.716;2326.056;2305.590;1486.802;2124.473;348.302;3428.759;2.840;216.768;3095.596;1961.989;2478.449;2160.405;2918.466;2300.616;635.157;3010.872;1298.748;3154.255;1123.701;3597.359;979.396;2305.449;446.794;464.372;2347.266;2908.741;199.933;2041.948;1348.243;599.395;1760.675;-5.682;3391.194;274.675;3419.118;2828.639;214.242;1969.594;3555.028;965.228;2050.776;1918.366;1296.661;500.734;1776.059;1859.593;3378.114;2218.071;1607.670;500.424;1342.982;2024.731;2559.734;3586.686;874.300;2659.441;1625.776;2454.593;0.647;2781.218;3127.634;258.457;1419.891;950.365;2603.699;256.663;1319.278;2537.386;3144.933;689.059;13.428;812.235;2719.280;35.973;2546.938;600.426;3138.933;2861.662;3524.280;1673.520
49,87.2764060497284,48,-548.211001081581,548.211001081581,0.516185329901291,963.508;1790.763;1986.400;83.326;1212.251;767.126;2523.972;585.836;86.855;3578.583;2002.409;142.247;2530.250;523.995;841.304;1097.349;2619.122;1872.775;737.399;1672.691;335.408;3609.077;2044.798;1778.102;1287.224;65.816;2682.212;2030.243;2859.974;3091.241;0.989;2128.754;20.982;2412.568;1630.590;1470.004;2579.273;2329.110;1023.631;-11.103;2586.968;3264.316;360.334;1979.381;1214.428;793.059;591.338;1009.464;3604.706;746.790;1175.448;-6.993;2255.860;804.246;2680.812;1962.006;1585.462;2702.525;3592.794;3238.425;1424.739;3612.006;7.548;2665.900;2451.750;1877.480;1876.904;2664.075;2505.245;3034.605;404.831;600.617;2639.482;1308.226;1098.900;361.657;262.643;1443.226;2118.000;2989.245;3278.479;3606.522;1481.268;1597.461;1067.390;3224.569;3236.874;3084.407;200.637;2251.918;3331.557;204.194;3607.095;1366.632;2322.131;281.080;3613.278;2333.232;3271.312;3251.407,1643.057;3606.885;2495.949;1041.636;592.793;2356.899;2965.042;3468.444;2107.769;578.466;986.817;1860.774;335.965;1080.653;-9.480;3404.057;3609.553;1229.389;1421.003;2634.915;2314.247;2310.193;1500.686;2110.589;363.117;3416.078;-7.883;201.721;3082.210;1970.657;2493.725;2175.996;2930.835;2286.925;649.742;3026.216;1312.402;3165.095;1125.433;3611.897;994.676;2290.690;449.367;448.746;2361.291;2897.491;213.870;2047.226;1363.187;586.187;1745.042;8.662;3375.835;259.673;3434.452;2820.009;203.827;1985.283;3569.242;949.506;2063.754;1907.177;1284.572;516.268;1787.792;1850.479;3364.309;2231.096;1592.365;509.523;1355.184;2011.526;2574.643;3595.441;872.763;2673.928;1632.569;2439.256;-14.943;2776.047;3127.624;245.631;1410.837;947.527;2617.559;243.455;1304.628;2527.423;3155.537;703.636;6.837;797.643;2728.926;36.677;2561.625;606.033;3151.632;2872.791;3509.559;1662.660
50,89.07949209213257,49,-547.8922500723022,547.8922500723022,0.3575260513121353,948.247;1805.607;2001.967;70.710;1221.015;754.093;2539.076;601.539;74.913;3563.400;2017.372;128.719;2534.409;510.132;856.120;1105.393;2634.104;1857.889;748.906;1686.463;324.466;3594.607;2060.426;1791.074;1271.573;54.764;2696.394;2045.225;2874.441;3106.828;-12.921;2116.738;7.522;2397.721;1646.258;1454.779;2564.652;2314.411;1038.840;3.604;2602.109;3279.745;364.773;1963.666;1228.581;807.265;600.013;994.816;3589.576;731.095;1189.572;7.944;2270.669;789.415;2676.733;1946.538;1570.769;2718.159;3577.568;3253.660;1417.750;3597.363;20.499;2650.268;2466.179;1861.942;1861.649;2648.448;2516.808;3045.204;420.282;587.282;2624.014;1294.521;1102.704;374.533;247.573;1454.490;2102.810;3004.212;3292.940;3621.678;1495.319;1582.548;1051.919;3237.131;3221.270;3069.576;207.834;2236.352;3337.511;191.871;3592.127;1355.421;2336.333;265.345;3598.277;2344.065;3255.831;3266.966,1644.463;3600.338;2480.433;1026.412;598.342;2343.953;2950.524;3468.551;2123.403;592.770;990.131;1847.553;322.037;1095.087;3.760;3388.918;3594.779;1242.488;1436.563;2626.300;2304.636;2321.765;1490.732;2099.696;364.804;3401.450;6.350;216.014;3069.134;1984.896;2505.480;2191.729;2915.819;2300.735;664.112;3033.443;1324.765;3180.491;1138.507;3597.413;979.854;2295.258;435.186;459.312;2353.028;2911.219;198.808;2048.606;1377.093;588.157;1732.158;-2.900;3365.113;271.741;3424.095;2812.357;188.433;1975.705;3584.697;949.991;2051.384;1892.022;1272.454;524.674;1803.293;1861.116;3358.603;2216.572;1590.707;495.356;1370.695;2000.454;2568.827;3600.076;857.521;2660.432;1617.778;2451.130;-0.328;2760.827;3123.226;258.271;1395.366;955.428;2604.718;228.007;1293.413;2512.011;3171.053;691.213;10.787;795.212;2744.415;22.613;2576.959;591.894;3164.109;2888.074;3495.296;1647.814
51,90.90080690383911,50,-548.4066471421647,548.4066471421647,0.3651143217663651,933.841;1802.481;2005.521;66.723;1233.544;764.477;2554.688;594.404;59.436;3553.337;2010.716;113.184;2519.248;519.665;851.502;1120.752;2620.667;1847.662;764.431;1678.200;339.019;3603.802;2048.589;1778.744;1258.562;68.105;2711.607;2044.596;2886.922;3093.950;1.473;2113.573;18.611;2409.207;1652.768;1443.749;2564.468;2315.568;1049.169;-3.651;2611.238;3295.428;356.842;1957.805;1228.726;822.701;586.094;991.179;3585.712;723.214;1199.186;3.182;2258.899;801.883;2691.957;1935.383;1583.514;2733.095;3582.379;3269.322;1402.376;3599.160;10.850;2664.914;2457.543;1865.629;1861.652;2654.583;2503.041;3032.748;407.779;571.709;2608.698;1278.950;1101.528;390.113;258.664;1459.874;2110.515;3016.272;3298.787;3607.039;1483.473;1590.436;1041.690;3225.984;3207.570;3078.086;193.587;2221.443;3352.838;177.012;3590.902;1345.259;2339.930;273.771;3602.226;2331.689;3240.312;3277.578,1659.722;3612.935;2478.574;1012.037;612.843;2328.558;2934.894;3480.902;2120.924;590.898;989.578;1832.290;307.413;1082.869;-6.441;3373.241;3608.177;1249.259;1425.457;2632.115;2314.969;2336.687;1503.958;2084.527;352.103;3412.104;18.642;230.507;3056.801;2000.504;2501.087;2206.113;2908.777;2293.744;650.578;3046.468;1338.099;3179.457;1127.710;3597.353;988.783;2289.292;449.149;448.010;2349.263;2926.740;204.257;2061.898;1365.123;602.129;1729.845;-1.779;3380.036;275.407;3420.413;2824.666;196.964;1960.244;3587.491;938.919;2061.548;1879.686;1282.061;516.176;1801.827;1848.921;3343.861;2201.465;1578.499;506.911;1385.094;1988.487;2583.749;3615.319;859.506;2661.301;1605.121;2458.396;-0.917;2749.172;3137.431;273.835;1408.382;940.674;2598.261;212.323;1300.413;2509.567;3181.979;703.411;-4.070;780.552;2732.354;7.415;2576.502;576.742;3155.562;2903.639;3505.080;1661.363
52,92.56041502952576,51,-548.2932674883359,548.2932674883359,0.36722478048283735,920.337;1815.892;1991.602;51.417;1247.417;762.676;2569.854;588.676;44.205;3567.059;2025.543;97.820;2530.866;534.913;836.347;1135.742;2605.643;1846.923;778.212;1693.161;353.006;3601.790;2047.236;1766.351;1246.750;78.722;2715.187;2057.288;2876.421;3107.129;10.237;2126.372;34.091;2411.924;1640.263;1431.159;2577.882;2316.431;1057.163;-15.450;2599.642;3281.727;372.111;1942.515;1229.092;838.309;583.523;995.639;3573.067;715.396;1213.622;12.525;2243.840;815.510;2707.120;1948.534;1599.055;2738.905;3597.177;3270.877;1387.311;3610.495;24.144;2652.274;2471.072;1880.538;1849.917;2641.033;2488.492;3029.252;394.133;564.491;2595.961;1263.356;1086.641;383.966;253.792;1444.766;2114.198;3031.780;3283.956;3594.354;1498.111;1600.346;1029.684;3210.531;3220.111;3093.414;178.524;2229.467;3366.254;162.158;3582.720;1329.826;2344.497;258.525;3597.668;2316.163;3243.451;3285.681,1671.870;3598.358;2463.988;996.832;627.664;2328.602;2925.620;3469.423;2135.028;604.287;975.352;1816.635;291.794;1073.411;-0.139;3370.068;3593.935;1236.684;1410.610;2617.207;2303.307;2322.667;1519.277;2069.142;357.459;3407.040;6.416;225.675;3067.705;1988.606;2485.800;2219.959;2902.324;2306.560;641.625;3036.032;1322.943;3166.027;1139.956;3583.878;978.987;2302.290;433.901;436.404;2333.961;2916.015;193.658;2049.108;1374.557;617.670;1714.829;-12.937;3395.182;261.878;3406.827;2840.121;186.711;1964.010;3591.909;923.439;2070.369;1865.477;1292.236;531.281;1810.428;1836.577;3350.361;2187.119;1580.105;512.337;1396.853;1993.007;2572.403;3600.547;846.034;2676.574;1619.672;2473.725;-12.699;2763.129;3153.021;267.273;1412.443;950.208;2612.943;217.036;1292.688;2511.955;3197.451;694.682;8.715;789.918;2746.304;19.304;2590.133;591.990;3140.459;2916.682;3520.369;1676.404
53,94.3535053730011,52,-548.7100055333688,548.7100055333688,0.30168406302016026,905.289;1825.952;1978.139;39.951;1236.886;747.688;2574.936;603.470;31.280;3580.276;2033.629;93.565;2545.123;539.338;832.228;1150.974;2593.969;1861.392;792.375;1680.737;358.737;3601.353;2032.228;1754.424;1258.952;66.408;2730.241;2063.621;2861.706;3119.712;20.159;2111.927;34.387;2426.756;1635.023;1443.752;2591.449;2329.843;1043.925;-0.655;2612.388;3271.462;374.304;1930.164;1240.527;851.128;568.416;980.864;3560.176;724.740;1229.002;7.827;2247.987;829.855;2720.260;1957.354;1596.980;2727.345;3609.228;3283.744;1399.248;3595.596;37.818;2639.674;2480.627;1895.652;1835.942;2626.831;2502.248;3039.533;381.155;578.429;2594.702;1247.971;1073.945;369.234;238.528;1446.557;2099.858;3044.614;3272.795;3600.053;1496.326;1594.856;1037.871;3195.925;3234.765;3105.024;163.938;2240.536;3353.853;146.799;3568.468;1319.166;2358.604;257.798;3608.539;2312.183;3256.953;3271.118,1687.359;3604.268;2449.564;989.218;642.919;2343.480;2911.282;3454.381;2122.289;589.938;961.446;1801.935;276.231;1058.045;1.994;3355.932;3595.148;1221.233;1395.788;2631.543;2317.940;2307.160;1534.888;2053.531;372.402;3421.185;-7.912;211.756;3083.147;1973.154;2473.756;2235.381;2887.235;2319.966;629.129;3025.055;1309.911;3152.895;1125.792;3580.105;964.171;2317.368;429.929;432.259;2323.321;2901.375;178.568;2038.911;1386.967;628.257;1699.217;2.183;3384.215;265.841;3397.990;2838.129;181.565;1979.072;3604.034;915.583;2067.451;1878.938;1278.145;544.060;1795.710;1821.104;3363.180;2180.183;1564.908;527.380;1412.308;2008.266;2559.662;3613.838;831.208;2690.030;1634.683;2478.005;2.019;2777.613;3164.498;252.193;1426.937;965.506;2624.700;232.029;1277.381;2525.331;3212.013;679.599;-3.269;800.519;2761.031;5.501;2604.718;597.553;3131.748;2929.766;3530.227;1679.832
54,96.16466951370239,53,-549.3040033004575,549.3040033004575,0.30976062026612083,911.196;1826.357;1962.650;25.775;1221.872;741.566;2587.656;614.253;44.079;3583.969;2048.465;106.299;2532.808;525.679;843.654;1157.282;2594.002;1876.927;807.889;1678.899;344.442;3586.262;2027.188;1743.142;1273.826;63.114;2745.511;2059.768;2846.169;3127.913;28.183;2119.552;20.521;2427.543;1619.865;1429.265;2586.583;2316.088;1028.513;-2.759;2607.545;3256.193;374.108;1936.075;1255.955;843.684;552.963;966.740;3556.455;737.422;1243.797;-7.280;2260.794;843.794;2710.915;1972.577;1604.304;2713.948;3594.485;3292.513;1414.625;3586.334;52.266;2651.711;2468.803;1905.398;1821.664;2611.515;2517.545;3024.694;390.521;593.401;2606.807;1255.001;1087.907;353.756;222.935;1432.879;2111.402;3060.035;3257.568;3609.848;1481.774;1579.964;1023.049;3207.054;3250.307;3115.183;154.152;2255.364;3339.420;150.992;3583.293;1329.740;2343.914;261.394;3593.471;2327.246;3272.407;3284.052,1677.323;3596.899;2453.014;976.697;630.268;2358.144;2897.290;3464.295;2113.270;580.773;955.738;1816.647;279.119;1072.240;-12.392;3369.307;3608.826;1206.303;1392.958;2643.768;2333.101;2308.730;1527.818;2043.095;363.481;3408.839;6.437;196.963;3090.937;1962.069;2458.568;2227.655;2880.033;2335.402;641.546;3009.706;1323.317;3166.782;1110.451;3594.753;975.414;2313.235;425.483;445.507;2308.283;2886.610;175.907;2052.785;1375.464;617.627;1705.277;9.911;3387.036;258.737;3382.659;2853.185;166.305;1994.441;3589.957;929.136;2082.522;1894.061;1277.423;559.368;1781.370;1810.421;3352.276;2164.926;1553.979;513.399;1405.068;2002.300;2562.860;3601.060;844.450;2704.820;1623.492;2491.410;1.801;2771.738;3179.794;237.844;1441.769;976.638;2612.554;227.754;1270.741;2540.745;3215.874;664.664;10.786;785.769;2752.278;-9.715;2592.863;601.041;3118.893;2936.107;3543.590;1691.755
55,97.82203245162964,54,-549.9441695520043,549.9441695520043,0.19743549889899978,926.409;1811.206;1963.062;35.751;1206.550;749.789;2602.547;600.321;59.169;3569.500;2063.650;95.070;2545.543;523.397;858.944;1144.205;2607.916;1892.362;794.326;1663.819;351.745;3593.007;2012.989;1758.129;1288.641;49.228;2737.972;2044.601;2842.346;3143.091;13.334;2104.641;18.706;2412.524;1629.434;1429.686;2571.430;2300.614;1013.008;3.172;2621.751;3252.299;371.885;1951.206;1243.099;828.453;542.541;951.352;3545.164;722.762;1259.170;7.140;2249.191;829.904;2696.269;1958.484;1619.163;2698.617;3603.578;3307.811;1402.760;3590.122;67.566;2644.946;2453.401;1918.039;1836.187;2621.233;2532.728;3009.154;375.616;589.561;2622.131;1269.583;1099.753;346.747;219.556;1445.846;2126.722;3050.847;3268.207;3596.761;1469.354;1564.950;1012.059;3219.177;3260.474;3130.529;139.015;2241.141;3325.580;165.161;3596.738;1343.954;2347.497;256.221;3587.333;2342.523;3265.538;3281.401,1663.423;3610.043;2438.179;991.350;615.881;2368.897;2898.041;3479.419;2099.397;565.574;970.810;1809.175;264.963;1060.374;2.417;3356.626;3595.966;1195.612;1407.117;2656.846;2320.729;2322.826;1526.001;2033.645;348.177;3420.037;-5.089;183.301;3106.036;1971.487;2468.818;2212.601;2864.781;2350.971;653.897;3004.063;1336.540;3179.486;1116.616;3606.235;964.045;2298.054;421.968;453.864;2321.833;2901.233;162.835;2039.860;1389.277;628.966;1716.939;4.809;3401.538;273.602;3395.883;2868.537;172.048;1981.722;3574.454;926.757;2072.720;1895.179;1262.242;558.312;1794.818;1795.082;3337.306;2176.218;1547.535;526.116;1417.428;2017.122;2551.094;3596.579;858.853;2694.271;1634.480;2477.130;-4.291;2756.514;3173.110;222.937;1430.335;962.945;2626.173;241.425;1255.489;2539.231;3204.530;677.467;6.176;794.931;2765.632;3.224;2607.456;601.243;3103.459;2921.455;3559.058;1705.968
56,99.6033263206482,55,-550.4180700024688,550.4180700024688,0.3984175114142217,937.738;1802.093;1952.771;45.914;1191.620;735.071;2617.948;605.870;45.616;3567.741;2069.798;79.972;2542.983;535.256;873.915;1155.119;2623.228;1907.290;796.739;1674.169;366.968;3608.114;2003.825;1773.231;1283.150;63.545;2737.311;2053.623;2855.595;3158.230;15.669;2109.725;3.582;2423.188;1643.197;1415.250;2579.855;2285.405;999.369;-6.658;2615.962;3237.531;366.162;1962.016;1227.893;830.909;527.548;954.185;3529.809;707.286;1258.139;6.888;2256.888;825.945;2683.028;1961.996;1634.523;2683.115;3593.386;3320.878;1387.939;3604.292;54.272;2629.766;2440.072;1933.109;1830.567;2636.534;2522.378;3020.167;362.283;601.098;2631.278;1259.645;1112.662;331.573;224.656;1456.686;2114.900;3044.734;3281.340;3609.399;1454.107;1569.227;1026.629;3228.842;3260.550;3139.533;128.050;2255.253;3311.726;150.768;3589.910;1359.419;2332.595;266.040;3593.494;2344.585;3262.830;3296.224,1651.715;3596.032;2425.089;979.412;600.472;2383.776;2913.172;3494.937;2083.996;576.165;985.589;1821.813;259.771;1072.258;7.222;3348.329;3607.869;1209.543;1421.661;2672.218;2307.089;2338.298;1511.020;2048.505;347.569;3407.727;-9.206;197.411;3106.623;1960.202;2455.893;2221.638;2849.263;2361.182;669.226;3018.446;1321.799;3164.895;1131.811;3593.014;977.209;2282.534;424.791;441.820;2323.822;2911.473;147.641;2054.327;1378.951;616.138;1732.280;-5.844;3415.612;258.918;3410.505;2858.582;187.066;1966.505;3587.816;941.456;2057.689;1910.161;1256.825;543.202;1796.381;1805.043;3343.052;2189.324;1561.801;531.402;1403.576;2004.593;2535.723;3583.429;873.980;2707.944;1624.818;2462.638;-19.316;2741.037;3186.591;236.859;1421.772;947.541;2639.835;229.342;1259.029;2531.977;3189.350;692.861;-5.547;781.798;2779.917;9.248;2606.838;603.976;3087.984;2911.195;3547.147;1716.516
57,101.3999514579773,56,-550.3556601026544,550.3556601026544,0.26264928658958936,926.144;1789.686;1966.524;61.143;1200.807;745.658;2613.034;617.621;31.341;3582.228;2059.762;64.650;2535.175;550.554;864.310;1140.291;2617.703;1917.154;801.606;1689.154;380.363;3596.128;2017.901;1763.126;1268.092;51.184;2725.279;2048.865;2870.997;3173.716;0.795;2105.673;-11.403;2413.615;1654.997;1400.982;2594.922;2296.458;984.325;8.004;2622.667;3223.256;360.522;1977.297;1237.622;819.486;512.286;943.493;3544.389;712.812;1245.077;3.603;2272.089;833.704;2667.677;1948.665;1621.360;2694.306;3587.810;3307.462;1401.220;3590.160;38.892;2641.987;2432.642;1921.118;1840.657;2631.288;2508.668;3035.087;346.960;589.373;2645.314;1273.534;1127.827;343.636;238.990;1442.567;2114.843;3035.331;3288.885;3596.798;1456.023;1558.074;1017.913;3215.794;3275.477;3154.618;141.347;2261.304;3296.316;135.329;3599.778;1348.364;2334.015;279.117;3605.600;2330.543;3275.540;3303.731,1663.252;3589.888;2409.790;966.126;586.945;2397.709;2914.045;3499.805;2097.936;591.334;1001.022;1835.744;268.291;1058.888;20.794;3360.431;3610.956;1202.926;1437.033;2685.727;2291.821;2352.677;1496.202;2042.514;337.960;3401.682;5.501;194.104;3091.713;1973.156;2458.131;2231.246;2834.335;2376.341;683.823;3014.792;1319.629;3173.472;1145.320;3606.406;965.284;2284.541;413.198;426.697;2331.825;2924.789;132.151;2069.511;1386.992;629.484;1728.351;8.595;3431.039;260.267;3403.945;2843.898;177.151;1952.971;3601.755;942.310;2044.169;1897.460;1243.223;552.622;1810.886;1807.560;3329.236;2175.337;1577.234;517.328;1391.637;1989.479;2520.322;3568.594;874.337;2721.767;1609.901;2475.248;-4.778;2745.862;3173.557;229.934;1435.517;935.629;2625.521;214.383;1257.962;2516.779;3176.790;689.794;9.333;767.635;2795.353;22.345;2610.147;612.815;3100.100;2921.902;3532.940;1731.812
58,103.0532898902893,57,-550.5189718856059,550.5189718856059,0.34739078332813333,940.368;1802.686;1968.053;72.181;1197.361;742.958;2609.315;632.916;16.916;3587.327;2070.291;54.958;2535.233;553.001;849.844;1126.860;2631.989;1932.380;786.602;1678.955;375.311;3605.191;2004.422;1748.593;1252.861;36.657;2710.871;2045.757;2885.982;3188.876;-0.184;2118.233;1.261;2417.169;1645.582;1385.691;2606.231;2293.056;970.725;10.026;2607.834;3207.850;371.699;1992.213;1235.906;827.433;497.870;957.400;3559.817;718.283;1229.724;-10.976;2260.367;848.881;2677.017;1962.680;1633.743;2709.237;3597.045;3294.090;1416.158;3602.646;26.252;2653.997;2417.588;1905.835;1855.266;2644.547;2494.379;3050.143;335.038;580.373;2634.617;1288.111;1143.252;337.044;225.863;1453.318;2099.914;3049.294;3279.385;3605.431;1455.967;1572.511;1018.907;3229.871;3272.684;3167.932;156.653;2275.196;3281.648;132.849;3613.858;1333.181;2348.296;267.566;3591.212;2315.209;3289.451;3290.070,1648.562;3602.763;2413.057;950.775;572.509;2383.585;2903.118;3514.812;2109.261;581.581;1005.775;1824.039;280.656;1054.229;7.373;3374.121;3596.003;1188.141;1427.354;2701.028;2276.563;2366.634;1488.183;2028.524;342.554;3386.723;5.243;179.231;3084.072;1958.561;2471.097;2217.029;2848.020;2389.286;699.020;3029.134;1319.179;3179.846;1160.393;3591.990;972.185;2281.952;425.422;411.284;2347.011;2913.514;144.468;2079.682;1372.635;616.358;1743.210;5.049;3442.796;246.445;3390.462;2828.476;182.467;1954.928;3615.023;956.225;2045.638;1908.145;1256.588;548.361;1824.120;1818.148;3343.439;2160.935;1588.313;521.331;1401.818;1985.415;2506.947;3578.580;864.103;2710.488;1619.746;2462.774;6.294;2756.819;3181.521;214.952;1450.502;944.496;2637.861;226.322;1272.871;2521.585;3164.377;685.516;-0.303;781.558;2788.091;35.105;2624.399;602.598;3113.573;2936.766;3533.502;1747.251
59,104.8245952129364,58,-550.0696043907883,550.0696043907883,0.4063098948767937,955.150;1817.858;1953.402;57.613;1182.564;757.673;2624.210;632.649;28.747;3602.391;2085.457;39.780;2520.249;538.375;835.584;1112.370;2647.252;1920.829;775.469;1668.591;362.503;3590.930;1995.911;1733.500;1253.231;21.275;2702.501;2060.580;2875.560;3186.406;10.718;2104.109;10.051;2402.927;1630.404;1388.835;2621.481;2278.516;958.855;23.718;2593.509;3192.416;369.318;2007.622;1244.321;812.562;510.793;970.004;3574.764;732.978;1214.618;3.781;2273.838;858.401;2663.435;1959.693;1646.006;2708.564;3612.137;3278.754;1430.194;3602.412;24.407;2653.444;2402.462;1916.432;1844.206;2657.022;2479.163;3058.442;349.437;565.215;2646.071;1302.812;1158.683;338.587;210.859;1443.933;2084.581;3035.543;3264.312;3591.334;1470.990;1586.667;1004.324;3245.220;3287.043;3183.214;154.376;2290.551;3266.346;119.349;3598.951;1318.292;2361.911;252.339;3603.774;2302.130;3296.128;3302.335,1643.415;3617.750;2425.300;960.516;581.431;2371.423;2917.093;3529.708;2120.989;577.922;997.059;1808.823;285.568;1067.045;-7.734;3359.913;3596.911;1179.671;1415.529;2693.347;2278.186;2353.447;1483.557;2040.211;328.833;3371.519;1.824;192.837;3097.382;1946.345;2457.125;2202.848;2861.327;2379.991;685.036;3044.104;1304.849;3165.913;1161.015;3597.758;987.023;2268.322;439.290;424.187;2361.121;2909.967;157.975;2066.326;1380.491;601.513;1755.273;-8.128;3430.858;235.620;3403.975;2818.700;168.969;1942.325;3600.676;967.526;2031.745;1916.691;1271.088;534.455;1839.403;1829.531;3358.079;2165.164;1575.175;535.559;1392.038;1997.492;2491.798;3593.266;877.688;2695.751;1634.506;2455.021;-6.563;2751.371;3167.848;212.599;1447.218;948.620;2651.653;226.480;1267.102;2536.231;3162.732;699.432;-13.272;778.633;2778.022;24.586;2639.675;607.388;3128.685;2923.571;3543.730;1753.854
60,106.612877368927,59,-549.4104790360942,549.4104790360942,0.3634217832761836,953.767;1824.021;1938.090;57.383;1192.593;746.497;2632.871;617.792;16.034;3614.485;2095.170;31.013;2504.934;530.877;845.276;1104.386;2662.433;1917.507;766.161;1680.180;347.243;3579.923;1980.781;1718.618;1240.070;13.217;2717.455;2060.143;2889.600;3171.559;-1.727;2117.668;-3.969;2389.754;1627.772;1375.559;2619.637;2263.686;946.828;22.397;2578.676;3196.389;384.280;2006.338;1230.084;798.867;499.540;985.229;3589.213;723.250;1225.225;5.544;2265.894;844.269;2661.003;1972.661;1660.382;2722.978;3597.406;3277.417;1418.354;3614.095;9.456;2668.001;2388.093;1920.659;1831.135;2642.801;2491.822;3044.738;350.826;579.298;2661.287;1297.639;1173.816;326.843;219.800;1458.478;2080.714;3020.248;3249.225;3590.965;1483.001;1572.838;1014.685;3257.646;3282.483;3192.910;168.982;2305.032;3253.015;104.058;3599.104;1317.362;2359.892;261.571;3607.949;2293.326;3311.052;3314.586,1634.075;3603.109;2410.926;947.146;566.975;2384.018;2917.226;3544.253;2107.154;563.054;1002.240;1811.464;300.609;1053.424;-1.937;3359.936;3606.771;1164.546;1400.315;2707.158;2263.429;2350.142;1468.512;2029.233;343.548;3356.130;16.441;179.806;3112.636;1934.841;2467.330;2187.994;2876.445;2394.089;693.272;3059.466;1314.872;3154.117;1175.572;3605.999;1002.381;2253.016;454.615;409.784;2375.696;2895.024;146.739;2070.847;1366.617;609.479;1744.552;6.485;3416.997;241.345;3393.855;2819.696;158.871;1927.070;3601.962;952.759;2046.549;1909.544;1286.288;524.391;1854.791;1844.674;3347.294;2151.259;1585.295;525.422;1404.761;2012.411;2476.578;3608.628;892.999;2681.418;1649.274;2439.985;-1.734;2736.901;3152.704;198.155;1433.866;963.639;2666.687;240.598;1277.113;2549.805;3150.894;714.069;0.910;764.108;2763.143;9.393;2653.326;622.267;3141.133;2930.681;3531.888;1742.216
61,108.41948676109314,60,-549.8302392383074,549.8302392383074,0.18548384154794106,966.461;1827.956;1950.621;43.721;1178.691;731.383;2631.734;604.398;2.585;3599.806;2110.256;19.574;2510.465;545.034;831.052;1118.146;2675.998;1902.992;780.453;1671.203;337.022;3586.900;1966.047;1703.284;1225.634;26.699;2704.122;2074.429;2877.002;3183.946;6.653;2117.580;6.827;2400.366;1637.583;1362.326;2608.044;2273.283;931.742;32.520;2591.144;3205.958;371.899;1993.064;1214.812;803.369;488.364;992.657;3588.060;709.943;1225.656;10.997;2277.239;854.924;2652.278;1962.379;1675.309;2737.986;3598.439;3291.167;1408.331;3599.354;-5.733;2672.988;2375.390;1924.000;1815.886;2628.065;2505.019;3058.768;338.204;576.616;2664.718;1283.189;1160.698;340.091;234.803;1473.195;2093.751;3028.073;3263.760;3580.117;1472.512;1585.442;1029.330;3261.846;3271.041;3204.855;157.200;2292.381;3239.715;112.106;3593.548;1331.639;2374.188;248.791;3593.465;2295.610;3326.356;3306.202,1618.991;3594.161;2401.480;935.616;551.665;2374.251;2904.018;3537.332;2104.863;551.228;1017.242;1826.072;311.497;1064.445;11.291;3374.448;3595.433;1167.515;1411.812;2720.593;2265.645;2361.586;1480.632;2014.928;339.040;3369.681;11.591;188.376;3100.314;1949.380;2482.280;2173.657;2885.549;2394.041;707.579;3058.119;1327.886;3168.659;1185.862;3591.982;1017.271;2238.573;443.863;415.441;2390.170;2906.864;131.625;2085.720;1353.805;624.337;1743.425;-1.563;3430.856;255.051;3399.942;2805.869;144.030;1925.456;3611.765;937.697;2054.132;1923.861;1277.707;514.660;1842.901;1850.269;3332.192;2140.738;1590.017;539.185;1392.673;1998.781;2463.506;3596.150;879.155;2693.313;1637.500;2446.884;7.205;2751.373;3165.712;182.837;1418.636;950.418;2656.745;255.897;1263.219;2535.879;3135.841;706.663;1.141;778.003;2777.004;17.094;2668.493;608.246;3127.814;2924.583;3516.972;1727.115
62,110.072598695755,61,-550.2524318210051,550.2524318210051,0.3362996755576562,976.268;1842.764;1946.618;29.158;1163.437;744.127;2628.728;589.241;-12.650;3598.174;2099.865;9.077;2524.828;558.839;821.486;1132.856;2691.187;1905.122;794.030;1683.329;326.658;3576.769;1973.373;1694.043;1240.347;15.469;2703.470;2059.956;2869.567;3173.315;-6.988;2104.570;-1.785;2415.489;1652.039;1375.989;2622.205;2260.070;928.271;46.990;2579.214;3214.536;356.813;1999.338;1202.444;817.993;475.416;978.481;3597.761;720.311;1211.441;-0.005;2290.318;869.347;2643.496;1975.952;1680.141;2751.657;3609.712;3306.101;1393.793;3604.870;-0.697;2679.926;2360.420;1938.621;1800.642;2613.001;2512.713;3071.171;329.008;561.901;2652.877;1267.943;1150.076;355.256;231.303;1486.929;2108.969;3042.609;3276.986;3586.685;1457.441;1571.984;1014.943;3276.128;3256.182;3191.556;159.451;2283.556;3224.679;126.320;3596.258;1344.015;2367.917;243.473;3603.408;2309.553;3336.691;3320.602,1606.161;3590.488;2413.059;949.753;540.337;2359.547;2889.306;3523.711;2090.371;541.193;1015.731;1838.123;298.971;1051.215;6.910;3386.683;3609.449;1182.277;1413.533;2734.913;2279.523;2354.055;1494.098;1999.653;324.603;3372.791;21.427;198.627;3094.833;1960.925;2497.567;2186.120;2886.980;2407.381;722.787;3067.184;1315.806;3179.534;1193.187;3602.627;1007.994;2223.399;428.929;423.046;2402.931;2921.979;116.896;2073.945;1338.657;633.736;1758.278;9.325;3421.105;270.196;3385.571;2790.640;128.734;1913.376;3597.503;932.184;2068.227;1909.544;1265.923;527.741;1839.026;1837.882;3327.667;2126.098;1575.614;554.423;1378.257;2007.479;2451.225;3607.274;871.617;2680.450;1623.647;2454.497;9.629;2766.491;3179.801;175.446;1403.406;938.962;2642.222;246.917;1275.620;2537.891;3145.098;699.923;-8.937;792.612;2778.467;3.628;2659.454;595.471;3112.654;2939.395;3508.826;1725.871
63,111.85569334030151,62,-550.5401645439383,550.5401645439383,0.4896675669990487,991.297;1828.874;1956.761;14.079;1171.932;733.882;2640.366;602.412;1.689;3611.864;2114.235;-5.993;2519.806;559.416;832.506;1131.478;2678.190;1919.676;780.863;1670.204;311.670;3563.779;1958.976;1706.069;1235.182;29.160;2696.149;2072.337;2883.395;3186.982;7.452;2089.402;-7.696;2427.783;1648.900;1390.565;2617.096;2254.188;913.842;32.416;2593.368;3200.349;343.602;1990.148;1192.551;805.901;487.067;979.031;3612.555;735.388;1198.972;-15.035;2279.196;855.069;2658.300;1991.148;1665.415;2739.593;3595.431;3314.956;1404.030;3595.497;3.823;2694.896;2346.892;1953.337;1799.199;2616.991;2526.971;3067.515;337.817;565.784;2666.936;1264.604;1138.933;352.603;216.742;1493.524;2097.086;3052.461;3289.028;3576.462;1446.734;1564.941;1008.005;3261.586;3242.347;3195.313;166.143;2286.585;3238.847;141.398;3610.647;1359.098;2361.595;257.681;3593.903;2295.988;3345.468;3306.851,1613.075;3602.069;2427.067;943.400;526.026;2344.802;2881.419;3508.818;2094.917;526.213;1005.064;1825.456;284.663;1036.031;-7.482;3373.010;3601.507;1174.580;1428.275;2748.954;2292.331;2368.554;1486.161;1990.264;311.626;3385.860;7.566;186.297;3102.790;1964.724;2490.400;2201.266;2900.603;2420.349;736.679;3053.346;1324.532;3184.717;1182.968;3614.077;994.851;2208.813;415.682;428.115;2417.741;2935.529;101.891;2059.778;1324.239;648.682;1756.665;22.976;3407.593;285.465;3377.765;2775.691;142.519;1900.622;3603.438;917.429;2074.573;1896.734;1251.350;514.339;1853.187;1822.758;3327.964;2137.348;1574.752;566.050;1365.470;2020.266;2452.665;3607.711;870.959;2683.269;1637.511;2440.421;-3.479;2758.915;3169.060;163.939;1415.832;940.248;2647.754;260.809;1290.423;2524.630;3157.618;709.247;3.859;805.881;2792.627;-11.569;2659.754;580.426;3107.783;2954.093;3494.276;1714.207
64,113.65478873252869,63,-550.9212132618459,550.9212132618459,0.31389133494290056,997.302;1830.902;1963.264;4.890;1186.251;731.657;2653.837;592.520;9.125;3598.072;2121.272;5.353;2505.906;546.796;847.571;1118.121;2664.505;1915.034;772.984;1657.745;314.492;3572.161;1954.152;1713.284;1233.952;41.230;2709.978;2063.712;2895.517;3200.960;0.068;2076.786;6.914;2418.529;1660.819;1379.146;2607.591;2268.023;899.504;21.419;2607.799;3203.734;345.634;2003.187;1200.019;791.767;472.653;964.354;3598.026;733.206;1213.424;-0.652;2264.131;841.886;2673.421;1986.724;1659.714;2724.655;3591.234;3303.199;1412.722;3607.035;1.862;2709.691;2345.319;1968.557;1786.329;2629.809;2541.546;3053.127;324.025;555.771;2680.080;1278.822;1149.012;354.910;202.090;1480.027;2095.321;3065.805;3300.268;3591.057;1432.498;1554.589;1020.748;3247.798;3256.502;3191.220;156.834;2301.264;3251.718;151.011;3596.231;1350.138;2346.701;270.889;3607.136;2304.765;3352.039;3292.037,1627.939;3616.354;2440.974;958.014;533.632;2356.296;2870.900;3498.744;2108.119;517.033;998.328;1833.789;287.793;1025.310;6.559;3366.053;3608.642;1165.600;1440.001;2758.311;2295.291;2356.728;1473.040;1995.611;317.132;3400.973;-1.287;171.617;3111.742;1975.269;2490.819;2198.505;2895.904;2410.274;749.510;3065.525;1310.471;3172.087;1197.501;3599.402;1001.718;2195.738;400.930;413.637;2432.267;2939.102;87.179;2045.882;1317.632;635.207;1742.309;36.821;3393.616;289.909;3391.511;2763.907;135.195;1885.667;3596.191;913.342;2060.735;1891.572;1240.242;500.515;1861.566;1819.354;3313.474;2142.760;1560.653;555.739;1350.469;2034.638;2467.183;3593.514;870.252;2695.871;1644.132;2429.636;10.612;2769.206;3154.729;176.201;1423.433;952.060;2661.962;252.928;1290.020;2536.170;3146.198;724.237;-7.276;792.434;2789.510;1.896;2674.122;588.793;3122.083;2955.130;3496.212;1722.655
65,115.47744846343994,64,-551.7130842661275,551.7130842661275,0.3170408466325753,985.109;1845.445;1948.603;19.020;1185.465;717.207;2639.401;584.700;7.623;3592.190;2108.108;19.710;2490.762;537.223;862.729;1125.318;2649.964;1908.502;758.940;1642.664;318.851;3558.627;1959.832;1700.665;1222.682;56.216;2720.174;2049.623;2910.296;3216.083;9.571;2088.048;0.683;2432.411;1675.816;1383.895;2592.617;2283.070;913.062;6.393;2622.870;3189.125;353.831;1994.924;1185.327;786.177;467.367;977.255;3604.076;722.137;1207.202;6.356;2248.972;830.267;2688.292;1973.367;1673.552;2710.136;3598.609;3314.604;1415.408;3593.627;-12.883;2724.860;2330.545;1981.815;1771.308;2633.281;2556.723;3038.797;337.577;569.946;2693.878;1291.101;1163.329;340.543;186.932;1479.526;2109.219;3079.692;3286.555;3606.205;1423.901;1539.873;1034.350;3233.573;3249.776;3178.266;141.865;2316.446;3266.255;137.039;3596.008;1338.003;2360.253;258.679;3593.762;2292.170;3338.708;3301.265,1635.508;3601.909;2429.317;969.413;542.006;2371.285;2885.327;3510.184;2093.993;531.660;1013.078;1848.463;300.305;1032.643;-1.899;3351.973;3594.156;1178.068;1445.275;2773.231;2283.298;2341.972;1486.539;1981.928;331.962;3395.132;-15.537;184.815;3097.092;1989.821;2480.356;2193.400;2902.730;2395.939;737.562;3061.319;1304.509;3180.994;1184.371;3603.601;987.781;2196.420;390.564;426.345;2425.827;2953.641;91.769;2037.658;1331.698;647.535;1734.947;23.457;3399.987;276.030;3400.173;2769.357;120.376;1898.749;3592.539;927.239;2065.420;1883.731;1253.536;485.384;1856.439;1810.374;3298.373;2128.098;1546.106;565.259;1335.283;2021.832;2462.141;3604.417;856.988;2710.826;1635.141;2441.916;-2.324;2763.545;3161.097;165.024;1409.805;940.068;2670.956;248.616;1275.384;2551.207;3158.591;731.895;6.268;778.038;2796.495;6.211;2670.042;575.636;3135.593;2968.286;3511.040;1722.335
66,117.1403706073761,65,-551.813768341468,551.813768341468,0.4695187525826722,998.160;1843.015;1935.004;28.200;1200.147;729.419;2653.473;569.812;-6.333;3578.452;2121.398;34.689;2503.624;522.381;871.878;1140.189;2662.866;1893.646;746.392;1639.140;333.587;3573.177;1945.979;1714.142;1207.793;42.313;2711.286;2034.508;2896.716;3203.735;-0.229;2100.058;-13.524;2446.622;1689.788;1370.063;2605.045;2272.014;924.727;15.881;2611.971;3200.921;368.678;2009.521;1175.287;800.646;460.485;990.311;3596.693;735.893;1192.914;-3.724;2261.032;844.684;2689.375;1958.285;1667.083;2723.082;3594.287;3301.021;1400.819;3605.574;1.570;2711.480;2341.144;1968.201;1756.956;2618.784;2571.453;3023.778;352.637;556.619;2685.627;1304.605;1149.230;325.481;171.949;1481.226;2123.951;3084.313;3298.705;3620.241;1416.207;1540.378;1022.761;3243.558;3263.803;3192.501;155.067;2304.612;3254.976;122.363;3606.278;1346.590;2353.614;243.673;3592.984;2277.128;3350.659;3311.335,1650.378;3606.960;2436.816;984.003;556.888;2386.425;2900.237;3525.130;2079.124;545.788;1021.826;1862.949;315.262;1019.662;11.143;3363.663;3590.309;1186.778;1432.244;2765.277;2297.853;2327.461;1478.403;1966.830;321.127;3380.807;-0.889;171.917;3107.979;1976.865;2465.412;2178.618;2917.590;2382.269;727.331;3051.781;1315.963;3194.174;1197.593;3593.536;1000.994;2182.324;375.599;425.795;2438.841;2955.778;78.464;2023.237;1317.964;659.182;1748.152;35.036;3414.831;281.992;3408.496;2758.347;122.872;1885.908;3607.152;918.709;2060.560;1898.030;1257.056;472.250;1870.715;1824.844;3283.840;2115.288;1530.993;580.138;1320.817;2032.550;2476.402;3590.913;842.056;2725.971;1625.897;2427.626;-15.558;2749.069;3146.746;178.346;1402.239;950.121;2684.691;233.807;1283.872;2565.513;3170.491;717.652;1.392;762.950;2782.773;-7.327;2677.830;576.208;3150.682;2964.781;3502.220;1736.672
67,118.93102383613586,66,-551.9452166057899,551.9452166057899,0.3625940522311674,1012.440;1828.316;1945.969;16.599;1214.633;742.502;2665.046;562.725;5.782;3589.112;2132.619;39.587;2498.507;526.278;868.391;1137.897;2659.517;1905.486;747.695;1651.891;347.564;3567.482;1933.622;1728.317;1196.437;44.530;2696.407;2032.571;2888.038;3209.789;-15.087;2085.858;0.331;2461.706;1679.146;1355.046;2618.291;2281.756;912.176;10.354;2614.381;3205.204;354.715;2019.397;1160.576;811.069;472.220;1003.762;3592.208;750.911;1179.298;7.463;2263.992;841.166;2702.025;1944.567;1665.491;2717.724;3608.523;3311.327;1414.100;3593.332;4.148;2716.027;2331.210;1980.720;1769.341;2606.850;2562.157;3037.219;354.352;542.064;2672.196;1319.648;1136.514;325.712;169.026;1479.391;2122.258;3098.891;3311.494;3605.823;1401.409;1555.061;1020.226;3247.011;3253.010;3182.043;169.290;2301.598;3246.334;132.264;3592.344;1361.353;2344.908;229.106;3606.614;2267.756;3365.548;3324.213,1647.343;3596.452;2422.497;976.410;547.125;2388.040;2912.965;3537.195;2090.910;534.562;1014.071;1877.360;329.600;1005.670;25.768;3352.183;3598.232;1201.607;1446.173;2779.607;2284.475;2329.430;1490.949;1971.402;324.664;3391.709;0.262;182.796;3104.226;1961.989;2479.152;2185.523;2932.695;2367.424;740.604;3059.497;1330.856;3209.198;1199.720;3587.287;989.397;2174.728;362.454;412.182;2453.845;2942.791;63.603;2008.498;1322.981;647.237;1747.274;24.055;3429.891;296.301;3393.956;2743.415;129.597;1893.603;3594.522;904.895;2045.778;1905.321;1242.445;457.219;1885.789;1812.585;3268.774;2104.452;1516.210;595.145;1333.275;2047.199;2484.597;3601.470;828.005;2713.080;1639.644;2414.652;-1.209;2761.558;3159.344;191.787;1387.633;965.009;2699.707;221.876;1278.597;2570.087;3156.370;704.747;-13.090;759.686;2794.160;-10.538;2692.656;589.880;3139.037;2950.056;3509.895;1732.400
68,120.74069809913635,67,-551.2879936718512,551.2879936718512,0.283146469520901,1002.924;1813.258;1934.022;1.791;1204.178;736.727;2679.645;573.782;-5.144;3581.837;2147.028;49.531;2512.691;513.813;882.418;1152.295;2645.136;1892.543;762.392;1666.704;339.300;3577.779;1947.888;1722.320;1204.022;55.658;2681.644;2022.419;2880.729;3200.705;-0.761;2072.252;-3.310;2450.060;1684.855;1340.379;2633.241;2295.851;897.239;-4.200;2600.225;3218.974;359.980;2033.419;1160.875;824.814;458.933;1018.697;3577.718;765.916;1164.311;-5.599;2277.916;843.137;2716.934;1957.166;1678.085;2731.787;3595.598;3326.162;1429.102;3585.257;-9.650;2707.018;2319.794;1986.052;1779.458;2621.105;2547.318;3043.770;368.509;527.432;2657.373;1311.409;1121.561;334.787;182.013;1464.678;2112.054;3085.268;3326.406;3592.712;1401.316;1570.029;1005.730;3261.624;3238.136;3195.715;160.997;2299.458;3259.600;145.995;3577.479;1349.312;2359.466;214.478;3593.998;2252.902;3352.852;3338.946,1632.699;3582.934;2407.619;963.561;557.299;2377.232;2927.341;3524.485;2077.590;520.890;1028.656;1892.413;315.746;1019.395;14.827;3366.380;3612.959;1189.568;1439.653;2794.411;2298.094;2322.368;1477.231;1964.660;310.326;3406.592;-6.533;197.544;3090.479;1972.827;2470.095;2200.106;2944.300;2352.378;732.766;3044.840;1343.175;3198.297;1214.000;3599.645;974.951;2165.877;357.443;424.002;2460.792;2957.290;73.171;2005.402;1335.977;632.994;1761.920;14.216;3426.977;286.278;3407.166;2732.759;144.371;1900.004;3584.078;889.883;2049.572;1920.086;1255.124;463.531;1872.361;1802.439;3282.318;2102.255;1529.993;610.121;1320.133;2033.153;2499.391;3600.889;841.575;2698.910;1626.490;2406.042;-3.653;2765.546;3172.456;206.281;1372.619;952.059;2686.970;233.113;1263.975;2555.918;3162.418;690.631;-0.163;771.811;2808.882;3.123;2688.781;575.457;3127.944;2957.675;3524.697;1717.678
69,122.39168119430542,68,-551.3991043904784,551.3991043904784,0.2598244489539109,1017.258;1813.828;1919.128;-9.418;1217.500;751.023;2691.263;560.805;3.940;3595.712;2160.813;35.372;2509.180;525.316;870.057;1143.193;2631.693;1878.701;776.451;1672.330;353.444;3588.646;1962.242;1707.595;1191.524;62.218;2668.243;2018.970;2893.681;3214.551;-5.996;2083.774;-0.172;2436.262;1699.286;1327.727;2639.710;2281.753;897.777;3.863;2596.673;3206.978;345.757;2048.234;1168.494;834.220;468.553;1021.395;3582.813;775.140;1150.919;7.966;2288.158;839.662;2728.029;1947.321;1663.585;2721.661;3608.288;3325.232;1420.260;3598.472;3.151;2721.219;2304.912;2000.608;1794.180;2627.011;2548.683;3058.409;355.206;513.176;2668.868;1324.893;1116.978;349.565;182.762;1458.865;2097.216;3078.573;3331.184;3595.474;1388.675;1560.960;993.787;3273.537;3242.281;3183.976;174.343;2313.242;3245.519;133.991;3586.743;1363.050;2349.004;216.358;3604.482;2262.745;3359.317;3343.432,1617.699;3596.205;2394.070;949.541;544.958;2362.369;2939.469;3536.368;2090.216;528.706;1033.782;1890.763;319.859;1008.514;11.398;3379.256;3598.673;1174.707;1452.479;2788.759;2292.010;2336.907;1471.442;1949.987;305.481;3408.075;7.520;199.878;3095.946;1961.204;2483.327;2187.721;2946.136;2365.427;746.650;3054.441;1329.092;3183.730;1200.521;3610.637;988.245;2151.246;357.835;409.690;2474.920;2955.605;64.195;2019.920;1350.540;618.353;1775.621;-0.578;3440.564;298.757;3420.616;2728.067;146.829;1892.936;3597.569;903.834;2063.604;1934.549;1256.625;463.543;1884.450;1791.041;3275.898;2116.337;1527.205;598.764;1321.768;2041.546;2494.161;3587.257;832.204;2688.519;1636.687;2419.720;2.349;2780.016;3186.667;192.503;1385.262;965.290;2672.289;223.347;1249.749;2542.199;3157.046;680.742;6.832;785.535;2794.952;-3.741;2678.957;580.682;3113.588;2946.749;3518.375;1705.444
70,124.17489266395569,69,-551.7615866174938,551.7615866174938,0.24830263230171762,1008.554;1808.332;1929.127;4.994;1206.274;742.090;2701.697;573.175;-6.066;3606.667;2175.350;24.833;2521.246;540.027;877.886;1129.976;2643.697;1863.773;772.570;1658.434;364.398;3603.435;1977.194;1714.232;1187.381;76.521;2677.033;2004.354;2879.684;3229.210;5.431;2094.745;-6.184;2449.723;1714.127;1334.163;2643.480;2272.500;886.661;-9.435;2601.760;3192.111;346.951;2062.832;1178.286;819.791;483.129;1024.219;3580.797;761.244;1158.725;3.111;2287.954;848.172;2731.777;1933.573;1669.841;2710.214;3595.915;3338.465;1430.640;3603.960;-3.499;2715.338;2316.949;1986.766;1809.116;2617.812;2562.868;3048.125;352.100;521.978;2668.250;1339.824;1103.210;338.381;168.666;1473.074;2101.038;3092.867;3337.457;3591.672;1387.853;1573.622;978.977;3288.381;3228.374;3174.907;187.170;2300.704;3235.191;121.923;3597.482;1356.367;2335.645;221.473;3590.788;2250.901;3345.340;3357.854,1627.039;3597.461;2380.007;961.210;557.502;2356.722;2925.242;3539.723;2081.087;543.023;1044.597;1902.018;308.068;1003.748;-3.072;3394.100;3600.368;1186.265;1464.082;2802.006;2284.887;2345.694;1468.346;1962.504;291.011;3411.628;-1.706;186.045;3110.587;1953.037;2478.199;2199.113;2960.581;2353.240;733.555;3064.355;1337.211;3196.197;1201.104;3596.160;979.260;2161.689;345.087;419.570;2487.112;2962.772;49.591;2034.734;1355.885;630.335;1780.736;9.355;3448.871;312.016;3432.511;2718.145;134.212;1907.168;3599.980;894.592;2049.375;1924.603;1252.602;476.663;1876.286;1799.509;3268.789;2129.968;1512.950;609.732;1321.267;2031.301;2507.327;3580.586;843.169;2696.135;1651.431;2406.530;-2.223;2784.525;3199.025;183.099;1372.500;960.560;2682.586;230.676;1260.699;2527.272;3142.520;690.197;-6.758;772.955;2803.672;9.719;2692.120;577.144;3125.691;2939.525;3530.103;1713.062
71,125.9734194278717,70,-552.0918216583441,552.0918216583441,0.3753745472046471,994.928;1821.822;1940.205;0.854;1202.791;753.977;2687.538;587.967;7.895;3592.954;2190.270;33.609;2515.610;551.918;867.061;1115.768;2658.519;1851.463;786.030;1661.245;351.568;3603.787;1972.370;1706.233;1200.452;91.018;2663.134;2018.109;2866.870;3243.604;-2.504;2081.102;8.293;2456.380;1727.108;1320.684;2655.048;2258.602;872.455;4.002;2587.493;3180.826;345.254;2054.085;1163.949;805.852;469.926;1038.566;3595.226;747.121;1157.514;-4.385;2302.489;862.802;2718.252;1944.807;1657.656;2697.710;3607.754;3347.746;1432.684;3589.874;6.036;2727.905;2309.245;1994.719;1795.446;2630.728;2575.286;3055.422;362.313;518.370;2680.780;1350.860;1088.745;345.299;157.980;1483.406;2086.782;3080.539;3323.336;3587.992;1391.906;1575.254;964.273;3285.336;3218.980;3188.641;179.522;2286.123;3246.654;125.155;3595.130;1342.871;2341.116;207.386;3602.345;2250.163;3354.463;3344.111,1640.245;3610.211;2393.565;975.045;550.370;2342.452;2920.597;3553.827;2068.164;553.441;1059.279;1915.785;295.141;1017.130;0.593;3403.264;3613.455;1188.913;1453.849;2815.420;2295.982;2360.162;1470.839;1969.918;303.025;3426.150;-1.052;193.780;3105.238;1938.600;2469.350;2191.208;2959.890;2359.359;718.749;3061.423;1324.941;3196.208;1189.007;3588.636;965.256;2176.441;330.291;434.058;2501.938;2975.948;35.379;2046.020;1349.203;622.714;1767.638;8.970;3459.921;326.333;3419.144;2703.440;130.334;1902.182;3598.769;899.255;2048.821;1910.170;1239.623;463.137;1871.735;1786.731;3256.864;2142.960;1512.408;619.023;1334.836;2020.093;2499.391;3570.667;854.847;2701.698;1656.274;2392.252;-16.673;2798.830;3206.074;174.309;1363.394;964.846;2696.934;245.338;1256.179;2521.573;3153.642;683.834;5.652;760.752;2817.338;-3.440;2706.355;565.887;3132.949;2925.644;3543.917;1700.519
72,127.62738943099976,71,-552.0418396525115,552.0418396525115,0.3471774390798077,1005.141;1810.161;1954.799;13.887;1215.213;767.947;2686.650;575.410;-6.422;3579.434;2180.136;48.190;2529.624;537.997;881.078;1126.685;2652.279;1844.696;780.569;1672.600;338.610;3590.104;1981.974;1719.973;1197.316;77.185;2655.211;2011.708;2863.714;3253.215;6.402;2086.640;13.446;2453.008;1713.542;1306.009;2667.090;2269.240;886.594;13.746;2589.828;3171.754;330.822;2057.765;1170.208;814.521;462.308;1051.454;3590.924;732.794;1143.481;9.471;2311.155;867.184;2725.698;1932.166;1644.222;2710.821;3595.435;3359.381;1418.225;3587.183;-5.085;2714.893;2319.203;1985.962;1792.682;2616.975;2567.856;3070.005;349.231;503.893;2694.294;1359.311;1076.930;346.253;171.306;1496.075;2096.404;3073.156;3309.160;3602.439;1377.426;1589.542;949.372;3271.146;3218.787;3187.571;188.767;2299.772;3247.079;110.911;3607.791;1348.676;2352.913;219.352;3614.823;2257.565;3365.323;3357.461,1629.252;3596.041;2408.218;986.748;562.985;2331.973;2906.223;3550.242;2082.679;567.884;1045.138;1901.253;283.725;1006.110;-11.679;3406.660;3600.604;1203.198;1441.109;2830.239;2284.144;2349.536;1456.341;1984.547;305.998;3412.602;12.910;180.143;3119.448;1951.354;2483.329;2202.638;2945.550;2349.716;726.830;3047.257;1312.322;3205.805;1174.771;3602.277;979.159;2190.204;318.527;423.750;2515.498;2990.763;36.824;2059.521;1362.360;608.298;1778.558;-5.481;3474.649;333.741;3406.030;2688.944;143.854;1887.631;3589.457;913.354;2034.659;1916.836;1253.131;472.605;1881.809;1771.914;3269.991;2128.720;1503.856;605.144;1325.527;2014.002;2485.248;3584.871;858.867;2698.902;1644.058;2388.105;-2.515;2788.308;3191.677;188.543;1376.726;978.916;2689.862;231.551;1241.624;2535.634;3168.023;698.288;9.535;746.028;2806.361;-8.769;2721.019;576.883;3147.577;2910.777;3558.219;1708.693
73,129.44199013710022,72,-552.4520982263117,552.4520982263117,0.30681782041443284,996.973;1804.295;1961.895;24.554;1202.561;761.630;2700.480;573.096;-0.092;3565.217;2174.508;49.862;2537.963;523.992;890.647;1116.963;2664.791;1830.379;766.687;1687.163;351.799;3602.877;1996.619;1730.932;1211.720;67.371;2642.748;2025.543;2849.427;3261.339;-6.339;2072.841;27.513;2441.162;1710.473;1291.150;2652.699;2283.359;897.639;27.445;2604.154;3185.568;325.456;2043.549;1164.416;805.222;447.790;1064.428;3576.478;744.389;1151.729;2.992;2299.239;852.746;2713.640;1927.395;1657.074;2712.095;3603.438;3373.938;1420.080;3601.160;3.637;2723.991;2333.546;1972.130;1803.881;2627.831;2579.774;3077.265;349.024;491.338;2683.748;1373.617;1083.043;355.533;185.602;1485.257;2083.411;3084.490;3311.097;3609.898;1383.360;1589.029;943.337;3256.386;3232.843;3173.284;174.508;2302.195;3260.334;111.316;3593.751;1334.516;2338.824;208.180;3600.615;2272.151;3377.929;3349.060,1624.819;3604.668;2422.268;991.167;557.916;2323.945;2902.411;3564.595;2086.277;582.621;1045.301;1897.344;269.012;1017.229;2.590;3392.792;3610.102;1191.127;1454.128;2840.136;2297.560;2359.447;1456.092;1996.396;320.291;3399.617;-0.366;190.963;3133.948;1938.918;2483.917;2189.100;2949.426;2363.304;717.196;3032.960;1297.575;3220.460;1169.336;3607.255;985.700;2193.662;308.426;434.107;2505.034;3003.947;22.417;2046.306;1377.073;597.850;1783.950;7.913;3468.510;319.503;3399.244;2700.070;157.215;1874.991;3574.911;928.139;2022.343;1930.758;1242.402;481.383;1896.463;1757.118;3258.883;2115.487;1517.595;609.482;1317.999;2020.777;2473.210;3599.588;845.122;2684.388;1655.294;2399.878;-11.782;2773.653;3177.814;186.277;1380.234;990.501;2703.076;221.860;1226.813;2525.716;3177.137;709.872;0.012;755.824;2815.489;5.336;2707.838;563.024;3155.543;2907.591;3573.049;1723.116
74,131.27851247787476,73,-552.751947181752,552.751947181752,0.47945830706647913,1002.817;1814.085;1975.840;36.298;1188.529;773.505;2712.545;584.904;2.794;3558.910;2187.579;49.130;2544.578;529.703;905.258;1130.447;2665.617;1827.418;776.919;1678.397;366.477;3601.246;1986.450;1743.993;1226.280;75.875;2628.048;2037.859;2834.640;3274.586;7.183;2058.947;36.307;2427.334;1696.403;1278.899;2639.937;2283.706;892.264;23.219;2615.041;3199.709;314.935;2034.884;1149.916;811.328;432.976;1052.047;3578.000;752.044;1166.183;-9.849;2284.689;838.431;2727.624;1941.108;1648.294;2707.808;3613.888;3383.963;1407.997;3608.702;-8.328;2736.333;2342.418;1980.767;1814.287;2641.980;2594.012;3091.320;336.130;477.176;2669.175;1377.402;1071.267;341.203;176.368;1472.629;2069.253;3099.165;3296.788;3596.066;1381.667;1603.077;929.105;3246.712;3247.634;3162.558;160.584;2314.161;3271.144;124.845;3603.702;1320.301;2335.514;194.663;3599.288;2278.455;3365.079;3335.595,1611.923;3593.069;2419.854;977.144;543.607;2337.303;2909.409;3563.625;2086.912;568.537;1035.039;1898.283;281.067;1031.629;-1.393;3378.920;3597.517;1177.916;1446.469;2830.866;2310.875;2345.760;1442.281;1984.750;331.162;3411.789;-13.726;204.451;3128.868;1952.494;2469.905;2174.725;2952.500;2352.161;729.624;3019.943;1290.104;3207.460;1154.889;3594.209;990.286;2208.115;320.907;442.875;2517.078;3015.644;22.806;2058.569;1391.746;611.822;1771.431;8.859;3470.596;305.242;3413.609;2690.612;170.448;1860.293;3588.531;926.187;2014.526;1917.031;1234.465;495.952;1909.881;1762.669;3272.531;2119.617;1532.342;622.546;1332.342;2006.567;2468.880;3614.143;830.406;2694.893;1669.937;2414.307;-7.977;2760.381;3184.856;190.111;1385.449;994.471;2706.039;228.133;1228.802;2538.191;3163.800;696.002;-14.571;758.185;2829.454;-6.661;2693.706;548.758;3144.143;2921.948;3571.025;1715.071
75,133.13947892189026,74,-553.0270279695701,553.0270279695701,0.3177109842108615,988.559;1801.081;1964.777;50.801;1200.958;759.880;2727.207;599.278;-5.809;3544.732;2196.791;49.651;2559.068;543.589;917.733;1118.540;2652.600;1841.756;762.938;1671.099;378.915;3587.109;1972.680;1756.376;1221.904;75.761;2624.018;2045.812;2819.938;3288.472;-5.296;2067.285;50.851;2419.889;1687.475;1270.457;2646.633;2285.573;890.617;12.742;2629.533;3214.344;300.586;2044.714;1136.620;825.807;418.970;1037.384;3565.054;738.479;1180.915;4.203;2277.323;830.235;2739.324;1929.409;1634.039;2720.477;3599.660;3397.172;1417.857;3599.034;5.601;2727.204;2328.195;1993.628;1809.165;2654.879;2603.866;3103.679;321.450;475.344;2655.128;1391.539;1085.299;337.477;180.846;1486.546;2058.060;3110.854;3285.742;3607.500;1383.768;1591.998;914.775;3250.488;3247.518;3169.617;145.846;2327.718;3257.467;113.420;3591.234;1306.328;2348.114;181.237;3611.169;2292.502;3350.850;3320.873,1625.505;3605.512;2434.067;962.426;529.114;2351.929;2916.212;3577.382;2088.922;579.203;1021.129;1898.455;268.466;1018.369;-11.722;3391.555;3607.842;1163.750;1460.599;2844.039;2302.700;2351.988;1455.202;1997.573;345.759;3407.409;0.001;218.619;3142.015;1941.001;2483.091;2160.065;2938.157;2342.155;717.751;3017.504;1278.362;3203.093;1141.435;3588.209;998.922;2204.560;314.815;431.030;2508.011;3001.763;30.271;2064.082;1403.453;619.661;1756.888;-5.118;3483.396;315.269;3426.965;2679.994;157.052;1871.052;3603.254;938.981;2002.335;1909.380;1229.059;507.318;1923.398;1749.178;3266.265;2106.377;1522.437;612.378;1346.966;2013.041;2482.932;3600.239;815.637;2680.953;1657.852;2401.352;5.449;2748.725;3171.092;179.527;1398.649;1008.912;2720.372;214.680;1225.260;2535.929;3177.726;686.605;-0.919;772.365;2816.733;6.146;2702.178;543.158;3156.813;2910.781;3557.288;1729.316
76,134.8332679271698,75,-553.4949887297159,553.4949887297159,0.31611175505831957,990.095;1813.297;1978.738;60.450;1189.375;760.936;2741.084;611.324;2.333;3530.621;2211.306;61.823;2549.652;544.583;911.384;1127.795;2665.199;1835.575;757.769;1663.808;392.956;3583.249;1958.353;1770.996;1233.004;67.648;2635.761;2050.743;2817.072;3274.651;-0.190;2081.464;64.584;2434.095;1701.101;1256.571;2660.175;2271.252;904.446;-1.749;2643.389;3227.822;298.857;2030.502;1121.950;824.335;407.641;1024.112;3551.054;741.712;1170.353;-3.457;2262.859;827.314;2748.834;1915.162;1632.541;2735.079;3597.494;3411.762;1430.601;3612.636;-4.270;2740.615;2314.197;2008.176;1795.362;2643.516;2590.622;3091.402;318.415;485.944;2640.646;1405.253;1087.491;323.407;166.740;1499.195;2071.293;3105.919;3272.356;3598.891;1387.220;1604.065;902.420;3236.373;3259.791;3159.803;135.596;2314.068;3270.111;122.413;3590.935;1314.605;2362.596;194.542;3598.951;2282.950;3360.889;3331.709,1613.046;3600.142;2446.935;948.115;519.852;2343.548;2902.484;3581.318;2095.856;590.900;1032.936;1896.867;265.900;1030.387;2.120;3405.052;3594.411;1175.259;1457.426;2858.671;2288.495;2340.480;1455.375;1995.774;342.565;3396.567;-4.291;232.407;3154.829;1941.909;2492.740;2166.659;2944.386;2328.260;711.549;3003.175;1271.301;3189.308;1126.834;3599.456;1010.398;2217.790;300.380;416.455;2493.507;3005.076;36.249;2077.412;1417.924;621.737;1767.738;5.502;3497.969;303.199;3425.799;2665.435;142.403;1863.292;3616.288;929.551;1987.708;1894.949;1237.431;518.047;1923.924;1735.312;3252.709;2119.136;1532.243;599.368;1338.492;2000.856;2497.583;3604.246;827.508;2681.939;1654.441;2402.875;6.371;2735.729;3172.835;165.040;1412.349;996.706;2734.980;221.930;1210.972;2525.100;3190.487;693.097;-3.146;762.858;2819.420;13.943;2715.123;544.690;3170.792;2914.270;3543.403;1722.858
77,136.65519213676453,76,-553.5644212200535,553.5644212200535,0.4164346223651712,982.831;1827.869;1972.784;74.936;1175.045;746.818;2755.474;616.439;-1.113;3543.837;2198.888;62.184;2535.253;533.935;924.042;1115.011;2679.760;1845.016;749.634;1677.922;382.989;3595.991;1969.019;1757.845;1247.512;80.513;2650.259;2039.598;2819.689;3260.447;-13.141;2078.175;58.369;2424.207;1715.597;1267.571;2653.931;2258.617;919.028;9.655;2657.713;3241.340;284.533;2040.615;1134.287;838.378;395.347;1029.234;3552.462;727.744;1182.682;8.736;2249.035;838.604;2734.801;1900.859;1618.283;2723.065;3607.831;3398.745;1416.953;3598.635;2.499;2728.845;2326.034;2022.718;1788.158;2655.803;2592.866;3093.518;331.863;499.608;2639.266;1409.498;1073.348;336.193;154.699;1513.798;2062.375;3092.018;3257.722;3595.618;1372.914;1593.020;887.870;3248.198;3274.362;3173.724;121.341;2327.192;3268.995;108.286;3605.097;1328.820;2362.828;202.631;3589.861;2294.925;3375.387;3345.190,1618.078;3612.566;2460.784;960.952;505.379;2334.370;2916.254;3588.761;2098.330;604.908;1021.187;1909.258;279.419;1026.122;-9.822;3409.805;3605.535;1187.281;1443.626;2853.340;2275.315;2326.801;1464.156;2007.245;356.610;3382.732;2.875;218.614;3155.544;1956.108;2489.066;2153.567;2931.929;2341.772;724.452;3015.751;1285.311;3174.692;1134.340;3613.995;1024.822;2211.638;311.069;401.771;2506.794;3016.084;50.624;2091.983;1405.036;607.952;1764.617;-8.022;3512.478;288.667;3411.539;2650.808;153.249;1848.892;3602.471;915.079;1973.014;1880.299;1251.794;504.309;1937.306;1746.956;3265.837;2109.796;1546.340;584.862;1334.552;1986.394;2488.568;3597.856;817.348;2691.244;1640.532;2400.772;-5.791;2729.699;3164.940;150.422;1398.241;989.056;2742.755;236.318;1222.234;2538.656;3191.201;707.497;-5.446;748.541;2806.987;27.209;2704.147;554.696;3183.285;2906.081;3555.526;1731.233
78,138.45775604248047,77,-553.7874180470186,553.7874180470186,0.33664316195448013,983.330;1842.489;1961.803;61.396;1176.266;743.757;2759.749;602.507;12.032;3538.699;2201.591;58.263;2522.047;547.325;921.454;1114.164;2672.356;1853.882;742.803;1691.984;396.124;3610.352;1957.526;1764.038;1252.774;66.367;2661.252;2047.024;2833.804;3273.564;-0.099;2091.730;45.663;2418.006;1707.340;1266.394;2639.693;2244.085;918.469;-2.724;2672.177;3229.202;281.650;2027.718;1130.872;825.510;383.610;1043.396;3538.267;714.593;1186.956;-1.478;2234.928;852.478;2740.803;1899.552;1604.729;2736.096;3595.295;3404.450;1425.784;3606.904;-11.250;2741.295;2339.065;2036.590;1773.828;2670.228;2578.652;3084.711;338.508;513.315;2625.155;1396.454;1073.434;325.555;152.684;1504.491;2076.071;3078.757;3266.271;3609.137;1358.478;1582.046;899.808;3235.182;3277.485;3161.336;134.517;2335.189;3283.212;120.008;3604.243;1342.148;2350.608;191.625;3576.862;2309.456;3372.895;3356.687,1627.881;3599.431;2471.534;950.633;492.720;2346.753;2928.868;3575.213;2101.913;618.493;1033.186;1901.171;283.104;1038.567;-2.489;3424.127;3601.186;1184.015;1456.183;2864.613;2260.932;2313.147;1478.573;2021.643;364.027;3371.537;15.439;211.110;3141.798;1964.048;2502.867;2166.043;2923.208;2330.933;738.973;3009.139;1286.617;3177.497;1148.468;3600.263;1019.161;2225.464;323.282;411.948;2520.159;3006.120;62.647;2091.020;1397.496;618.429;1758.852;-1.490;3507.963;280.682;3404.761;2651.501;142.561;1838.671;3608.010;910.592;1958.560;1872.474;1240.052;492.130;1928.581;1753.885;3268.149;2096.273;1550.679;580.267;1346.244;1974.414;2475.209;3591.848;826.632;2679.742;1652.346;2386.555;7.390;2715.353;3152.156;145.711;1384.103;974.706;2755.972;241.215;1218.211;2552.573;3204.756;704.521;3.552;757.836;2820.324;24.145;2714.796;540.547;3195.957;2897.299;3543.666;1719.000
79,140.26671504974365,78,-553.7917387404797,553.7917387404797,0.29682638120543764,969.136;1853.668;1975.117;58.805;1162.035;756.241;2746.543;607.751;26.547;3546.145;2199.645;44.171;2511.643;556.324;907.535;1119.989;2661.460;1867.983;728.499;1697.538;386.003;3596.399;1943.831;1775.649;1267.039;54.007;2675.699;2061.352;2845.696;3274.364;-11.363;2105.413;58.265;2404.109;1721.152;1252.314;2631.406;2256.720;908.466;7.181;2685.971;3232.096;295.729;2014.426;1136.821;830.623;369.265;1033.793;3550.438;726.842;1181.998;9.609;2221.352;867.042;2753.660;1885.413;1593.463;2745.878;3581.499;3397.613;1438.129;3611.711;2.053;2754.744;2327.271;2029.744;1762.383;2680.671;2579.725;3070.375;335.299;500.507;2634.948;1409.085;1083.940;319.218;138.494;1516.218;2080.303;3091.904;3268.731;3595.891;1365.353;1567.610;902.013;3242.070;3263.547;3169.102;135.347;2335.080;3282.764;116.870;3590.270;1330.346;2336.180;177.259;3589.200;2303.656;3381.945;3347.511,1615.150;3603.237;2481.617;941.543;506.902;2357.971;2917.093;3576.158;2115.738;632.460;1021.745;1887.713;273.431;1032.500;5.686;3436.339;3591.914;1194.880;1468.757;2878.493;2266.542;2325.509;1473.194;2030.881;349.835;3385.152;29.170;213.904;3136.344;1958.828;2503.516;2173.758;2912.519;2342.811;750.378;2996.067;1273.290;3189.856;1162.506;3595.186;1008.526;2236.292;337.777;420.690;2523.089;2992.048;52.239;2095.661;1384.388;613.692;1766.708;-9.075;3505.536;287.856;3416.028;2637.891;152.816;1825.119;3598.373;922.763;1948.830;1872.172;1233.638;477.667;1916.589;1755.374;3256.808;2106.710;1539.163;590.630;1360.193;1959.999;2460.707;3597.123;826.589;2673.616;1665.899;2375.022;-4.829;2727.426;3151.961;136.738;1394.180;978.168;2770.390;231.892;1230.909;2543.923;3216.028;703.591;-7.906;748.281;2823.511;10.217;2708.293;530.447;3201.387;2910.765;3536.794;1724.700
80,141.92154502868652,79,-553.5489480239462,553.5489480239462,0.2545824123956172,980.410;1842.774;1989.086;71.889;1158.229;742.660;2732.322;594.163;17.359;3560.203;2212.949;54.684;2504.878;543.721;893.011;1134.191;2662.397;1882.239;735.494;1711.687;379.462;3592.431;1930.048;1763.952;1272.340;46.552;2690.105;2047.895;2860.073;3280.381;1.230;2119.925;46.672;2389.587;1731.166;1237.847;2642.088;2269.438;907.725;20.252;2673.325;3228.756;302.864;2019.785;1150.573;844.214;358.450;1045.455;3564.447;724.780;1168.442;7.074;2230.810;880.692;2766.972;1871.329;1579.657;2740.630;3579.819;3384.451;1444.426;3597.966;3.989;2751.114;2315.671;2042.744;1771.113;2694.831;2592.025;3057.582;349.355;486.041;2649.060;1397.245;1098.259;332.655;124.045;1511.824;2079.634;3078.445;3282.515;3605.069;1353.457;1554.038;891.544;3249.033;3257.917;3183.282;129.451;2349.098;3269.946;103.651;3595.615;1316.087;2321.661;164.719;3602.600;2291.649;3368.463;3333.172,1627.659;3589.805;2467.818;955.002;511.854;2372.379;2930.206;3562.143;2130.096;623.471;1007.601;1889.111;260.047;1046.238;-6.743;3446.925;3603.785;1209.171;1456.528;2885.479;2252.596;2322.811;1459.650;2044.563;347.335;3399.574;42.798;202.722;3122.324;1960.623;2517.207;2175.024;2898.617;2337.409;741.175;3006.080;1285.915;3204.286;1151.463;3602.985;1016.434;2223.442;343.714;432.877;2515.875;3004.751;56.064;2109.291;1371.026;600.698;1780.945;4.446;3519.514;274.221;3417.920;2632.012;139.526;1824.440;3609.074;916.175;1952.570;1886.214;1244.341;472.038;1902.182;1742.531;3270.321;2093.168;1524.781;595.477;1347.323;1945.677;2468.767;3611.324;840.371;2659.403;1658.009;2383.264;0.799;2714.493;3137.797;146.857;1382.713;967.710;2758.427;217.548;1231.692;2557.071;3203.152;716.858;5.923;733.929;2834.522;-3.946;2706.564;534.483;3214.027;2924.921;3523.765;1711.541
81,143.70435547828674,80,-553.5405351355773,553.5405351355773,0.17862573796037193,974.528;1853.637;1983.298;84.629;1159.523;754.658;2726.143;586.412;3.170;3572.429;2200.360;40.748;2514.038;539.731;879.398;1122.427;2676.425;1873.712;726.397;1724.936;365.298;3584.417;1943.088;1749.586;1274.358;58.338;2701.327;2046.072;2874.560;3294.259;4.733;2132.376;50.799;2400.130;1718.333;1248.887;2656.399;2279.718;921.276;7.692;2672.069;3214.596;290.953;2033.840;1137.804;832.025;361.084;1035.839;3553.810;718.229;1154.073;-2.399;2230.839;895.092;2754.528;1861.495;1580.108;2729.776;3593.832;3396.791;1458.431;3599.824;-4.727;2761.906;2305.626;2029.036;1761.508;2685.241;2579.020;3071.397;358.779;471.678;2660.232;1409.433;1094.628;337.593;136.853;1525.660;2065.832;3086.921;3270.080;3593.315;1339.198;1544.843;877.481;3244.488;3263.751;3179.545;128.461;2363.270;3276.270;89.788;3609.201;1301.698;2307.174;175.703;3593.729;2304.473;3358.084;3344.372,1619.841;3600.939;2454.092;966.361;515.924;2361.979;2942.737;3572.007;2124.602;629.743;993.573;1902.679;245.674;1033.734;-6.447;3460.759;3600.989;1220.451;1468.972;2899.711;2257.592;2329.239;1445.254;2031.295;344.652;3405.531;41.245;215.861;3107.836;1961.123;2507.514;2189.158;2888.243;2328.656;726.909;3020.401;1290.790;3200.802;1163.007;3593.997;1030.664;2223.229;355.796;435.567;2529.754;2992.707;42.671;2123.723;1359.227;586.287;1789.974;6.218;3525.227;263.024;3405.411;2620.908;126.164;1810.663;3596.187;902.198;1940.019;1880.255;1234.143;484.948;1889.167;1756.451;3284.080;2096.764;1510.312;593.857;1359.289;1931.944;2479.519;3597.447;828.932;2671.122;1652.535;2396.985;13.501;2709.308;3147.744;134.175;1386.484;978.048;2751.894;222.214;1239.666;2555.688;3190.614;731.204;-2.225;736.160;2820.958;9.201;2692.656;547.471;3201.918;2911.963;3533.324;1721.749
82,145.51448345184326,81,-553.68929103949,553.68929103949,0.20360325568726967,982.458;1840.994;1969.215;72.676;1162.434;753.455;2711.979;572.381;-9.827;3583.398;2186.029;44.280;2500.841;525.660;891.161;1112.223;2685.051;1886.930;721.216;1739.183;365.227;3595.819;1932.965;1741.647;1268.662;46.239;2698.064;2035.131;2885.739;3293.108;0.213;2123.186;57.514;2397.204;1704.928;1242.078;2647.607;2289.143;935.437;19.859;2661.440;3207.161;281.331;2045.906;1150.085;823.714;349.161;1048.643;3565.649;731.993;1144.589;10.368;2237.619;898.013;2764.336;1872.194;1594.172;2733.312;3606.467;3395.768;1450.318;3603.556;3.973;2748.393;2318.785;2023.580;1772.534;2684.586;2589.830;3084.627;373.035;457.262;2673.898;1419.595;1081.050;349.773;145.694;1530.661;2059.839;3100.114;3267.642;3603.945;1344.980;1544.785;863.648;3232.446;3277.786;3168.213;114.424;2375.097;3265.120;94.980;3596.177;1288.633;2311.042;179.744;3604.766;2312.629;3343.796;3345.665,1629.982;3604.360;2440.360;966.570;524.348;2355.011;2949.038;3583.732;2138.425;616.243;1001.658;1915.567;233.467;1026.914;7.433;3475.168;3601.014;1211.095;1456.917;2897.999;2250.068;2316.055;1454.138;2028.321;340.760;3418.633;34.833;229.837;3118.963;1975.128;2499.018;2186.654;2873.959;2314.429;713.576;3015.909;1278.621;3214.020;1151.750;3586.438;1037.888;2234.729;342.300;449.528;2541.189;2993.136;28.838;2133.275;1344.900;573.437;1804.115;13.299;3538.996;248.706;3391.037;2634.700;114.165;1815.941;3595.494;907.567;1950.446;1890.233;1247.753;499.339;1874.798;1770.050;3283.861;2110.379;1496.708;579.755;1346.768;1941.136;2470.300;3589.332;821.179;2684.214;1638.582;2393.749;2.564;2722.225;3136.075;119.807;1400.231;970.444;2737.985;224.203;1253.871;2541.956;3199.379;722.876;9.591;748.079;2830.764;17.663;2678.233;560.746;3188.022;2917.787;3547.573;1709.641
83,147.16786241531372,82,-553.9332009227562,553.9332009227562,0.26962822749456167,996.623;1826.685;1968.867;83.621;1175.436;742.011;2707.497;559.979;3.624;3597.658;2195.128;52.657;2504.271;511.363;889.811;1125.294;2698.978;1901.283;716.238;1753.576;351.883;3599.943;1918.763;1727.643;1260.007;58.654;2711.914;2048.728;2887.303;3279.162;13.172;2109.160;43.862;2384.007;1698.506;1228.550;2659.811;2302.807;942.837;15.525;2668.976;3220.195;267.201;2032.784;1158.542;809.666;361.145;1037.957;3576.315;720.605;1132.026;13.746;2250.720;884.717;2751.961;1886.406;1587.724;2747.362;3594.425;3388.256;1452.715;3616.684;-3.127;2737.689;2317.268;2035.355;1785.550;2670.638;2597.028;3073.516;382.023;447.402;2686.254;1406.211;1068.692;336.232;134.993;1518.084;2072.996;3087.740;3279.363;3594.796;1352.951;1558.364;876.226;3218.141;3292.158;3181.937;100.054;2385.177;3276.313;93.506;3600.070;1285.078;2321.718;173.157;3591.974;2299.798;3348.604;3333.816,1618.270;3590.503;2429.314;952.873;535.719;2368.806;2935.529;3575.777;2140.834;603.114;992.376;1929.899;221.823;1018.502;19.938;3487.396;3587.005;1196.916;1456.008;2911.762;2254.485;2329.613;1457.738;2041.461;341.787;3415.083;20.744;222.446;3131.321;1987.875;2512.170;2173.626;2886.520;2316.607;700.524;3002.282;1264.430;3228.331;1156.904;3599.026;1027.803;2221.693;332.634;463.844;2547.370;3006.418;14.494;2146.980;1356.825;559.100;1812.319;-0.158;3553.366;236.964;3377.553;2647.084;100.195;1829.912;3608.886;920.995;1937.370;1877.751;1238.699;488.744;1865.139;1762.044;3296.781;2100.926;1505.451;591.409;1359.546;1927.505;2456.264;3583.694;807.112;2671.785;1651.949;2380.493;12.303;2709.294;3127.048;123.227;1414.394;983.520;2723.824;219.341;1240.459;2549.797;3213.562;708.708;3.044;762.372;2844.986;4.549;2664.632;547.377;3197.585;2928.541;3559.021;1722.280
84,148.939218044281,83,-554.4375905705338,554.4375905705338,0.3320580409055723,983.768;1815.142;1955.669;70.825;1174.608;755.404;2694.486;572.655;9.194;3585.509;2208.986;39.260;2490.336;517.459;903.710;1118.358;2706.070;1911.522;730.083;1763.672;364.637;3613.966;1911.669;1715.347;1245.978;48.407;2724.807;2049.555;2901.033;3289.492;8.844;2117.087;29.638;2372.098;1709.504;1229.885;2646.786;2289.437;956.532;1.767;2683.041;3220.702;254.767;2019.492;1145.554;813.278;351.435;1024.636;3574.286;706.809;1142.521;-0.023;2264.990;870.405;2739.801;1899.030;1598.504;2734.775;3597.561;3402.090;1466.726;3602.830;10.322;2723.537;2329.291;2022.274;1772.965;2680.378;2610.856;3086.457;395.959;433.224;2675.927;1417.240;1082.096;323.584;134.287;1528.571;2087.296;3084.017;3267.121;3607.256;1367.069;1560.312;865.299;3220.136;3304.848;3176.620;98.578;2371.880;3263.743;107.483;3612.417;1278.566;2335.184;159.664;3584.501;2301.947;3355.518;3345.725,1630.512;3587.829;2435.197;960.905;547.660;2359.355;2940.810;3561.662;2154.398;588.912;1004.685;1941.729;235.425;1030.766;9.078;3501.663;3591.535;1196.394;1442.104;2923.962;2267.333;2323.573;1443.900;2055.319;328.510;3428.923;8.019;209.258;3119.497;2002.109;2498.889;2159.329;2889.459;2325.953;688.872;2990.065;1266.069;3241.868;1143.407;3610.717;1039.755;2235.093;318.470;465.909;2539.730;3020.515;3.336;2134.741;1363.212;567.372;1799.207;-5.039;3564.832;249.311;3365.406;2660.736;85.885;1843.939;3595.485;914.974;1943.384;1865.495;1250.930;497.627;1851.217;1765.133;3293.243;2086.804;1512.557;582.671;1365.914;1934.308;2469.394;3570.531;807.250;2684.779;1660.832;2394.309;-0.602;2711.952;3140.417;110.706;1425.112;974.187;2728.466;230.085;1227.909;2536.361;3223.951;698.171;-2.516;775.738;2840.603;15.947;2651.886;537.354;3183.832;2937.313;3573.238;1710.206
85,150.73256397247314,84,-554.4670237841743,554.4670237841743,0.3798601988262464,969.827;1805.231;1968.466;83.929;1164.170;769.286;2687.732;586.898;-2.896;3593.303;2213.556;25.475;2477.545;504.627;905.559;1104.315;2719.561;1901.120;744.376;1774.724;362.671;3600.769;1924.441;1701.152;1242.852;34.451;2737.279;2063.189;2901.394;3278.578;1.196;2118.492;38.803;2384.388;1696.361;1243.661;2655.271;2284.288;970.818;12.612;2677.844;3223.172;240.616;2026.399;1131.609;799.926;362.687;1037.891;3560.448;701.092;1156.674;-13.269;2278.935;857.227;2748.517;1885.904;1606.405;2725.027;3611.210;3415.694;1455.690;3594.621;-2.712;2710.402;2343.410;2008.318;1783.687;2667.293;2609.794;3100.653;410.257;436.174;2662.326;1431.415;1089.717;310.081;120.512;1522.754;2087.904;3095.223;3276.337;3595.780;1378.013;1574.237;874.087;3206.251;3318.803;3163.479;88.457;2358.108;3249.770;95.272;3598.964;1264.538;2349.237;173.024;3596.634;2288.519;3363.923;3359.926,1644.707;3586.800;2448.600;973.393;560.476;2345.237;2954.048;3548.111;2168.648;574.649;1014.232;1955.430;243.395;1044.261;-3.567;3515.978;3604.034;1184.024;1427.829;2935.046;2260.146;2309.565;1436.485;2069.616;314.318;3443.131;-6.181;195.124;3108.626;1990.612;2487.616;2145.350;2885.557;2312.253;674.724;2999.987;1252.649;3255.916;1134.521;3596.877;1053.962;2249.238;305.279;465.197;2553.566;3022.923;-10.733;2121.382;1377.242;579.797;1785.058;8.470;3575.638;263.533;3367.931;2655.739;74.201;1858.068;3586.638;901.402;1957.258;1878.745;1265.150;511.706;1836.984;1779.109;3280.425;2099.531;1526.594;568.624;1353.595;1948.102;2483.657;3556.308;817.846;2698.927;1647.820;2407.337;-14.354;2725.788;3146.608;96.509;1415.005;961.122;2715.323;244.150;1213.697;2522.180;3231.919;684.799;11.335;773.746;2829.350;30.131;2639.808;550.912;3170.109;2951.402;3578.408;1695.991
86,152.3842351436615,85,-554.6580982190501,554.6580982190501,0.22735260712768637,967.810;1791.192;1964.264;77.856;1150.753;770.630;2674.304;587.274;-6.725;3585.937;2214.762;36.145;2470.651;494.014;918.527;1099.714;2708.567;1888.186;757.508;1783.399;352.689;3600.513;1915.398;1697.439;1234.326;48.024;2725.776;2053.236;2887.825;3272.006;8.456;2123.494;32.403;2398.566;1694.080;1238.326;2649.805;2297.180;975.994;-1.180;2689.677;3236.693;234.721;2021.412;1138.009;789.593;371.105;1025.360;3565.510;707.498;1146.402;0.403;2265.606;851.226;2762.520;1884.928;1596.304;2719.452;3598.377;3427.620;1442.552;3588.527;0.809;2723.246;2356.862;2007.564;1774.668;2655.477;2622.853;3113.977;400.359;448.396;2660.841;1442.112;1103.214;296.831;113.388;1536.415;2101.040;3109.351;3263.779;3604.304;1367.618;1567.015;876.575;3201.014;3331.979;3150.513;90.216;2344.502;3252.044;102.574;3597.623;1270.231;2347.635;161.410;3608.569;2295.060;3377.877;3369.590,1636.513;3600.419;2462.578;978.736;569.760;2350.825;2941.096;3556.894;2162.788;576.985;1027.778;1944.084;256.717;1058.292;7.615;3522.957;3596.987;1194.927;1427.860;2949.166;2263.876;2312.998;1444.062;2073.076;312.733;3429.254;4.273;197.883;3120.320;1993.171;2474.983;2133.413;2899.419;2322.606;661.008;2989.844;1238.548;3264.067;1144.504;3610.715;1060.627;2261.331;294.628;451.850;2544.487;3034.035;2.724;2107.261;1386.618;567.461;1790.476;-2.568;3570.597;265.363;3381.839;2669.135;60.050;1864.991;3598.962;902.090;1952.785;1890.947;1261.369;512.172;1834.114;1782.864;3266.316;2092.925;1515.157;572.991;1340.836;1962.033;2484.012;3560.826;831.921;2690.458;1653.277;2402.234;-0.777;2717.521;3160.429;98.062;1424.199;947.419;2710.690;235.217;1205.205;2514.760;3244.995;682.874;9.454;762.954;2839.581;27.470;2652.139;560.645;3159.022;2943.778;3565.108;1682.796
87,154.1536989212036,86,-554.727873545173,554.727873545173,0.2567214965331887,954.924;1777.029;1974.351;65.199;1161.544;780.126;2660.163;591.232;7.006;3594.705;2226.951;29.409;2483.883;484.048;907.404;1109.159;2720.704;1901.318;771.618;1797.342;343.395;3587.280;1901.472;1685.131;1220.353;43.722;2737.905;2062.441;2900.166;3285.587;-5.349;2109.685;18.478;2405.055;1707.206;1252.097;2663.377;2283.859;987.602;-2.024;2680.612;3224.433;238.835;2007.668;1136.945;775.564;360.396;1014.720;3579.417;721.431;1146.946;-0.951;2252.201;861.193;2775.983;1871.940;1582.269;2705.534;3600.815;3417.109;1428.395;3595.611;12.362;2711.991;2370.888;2020.346;1760.882;2666.819;2614.772;3127.383;406.198;435.053;2647.463;1448.337;1112.354;309.225;99.545;1548.418;2101.162;3104.184;3274.188;3601.621;1379.370;1553.076;863.125;3190.567;3336.320;3159.438;76.640;2357.724;3238.426;115.183;3611.164;1282.055;2335.066;148.598;3594.825;2308.998;3365.126;3357.046,1649.381;3589.304;2450.986;966.538;583.118;2347.613;2952.009;3568.528;2174.629;566.090;1014.380;1930.088;243.881;1045.066;-4.905;3536.569;3583.035;1185.014;1415.794;2962.797;2277.763;2306.096;1430.419;2086.895;300.427;3426.363;-4.537;186.899;3109.816;2000.029;2488.301;2123.412;2896.969;2314.132;647.178;2975.821;1249.867;3277.991;1158.523;3611.254;1054.643;2252.457;283.528;465.301;2551.087;3020.501;3.675;2094.256;1377.585;579.379;1781.360;1.321;3584.310;253.448;3393.022;2656.541;50.195;1852.436;3594.074;912.019;1939.397;1882.865;1271.432;505.563;1839.961;1792.215;3259.304;2106.260;1502.987;564.491;1349.208;1952.152;2477.822;3561.796;821.766;2689.749;1656.175;2413.941;9.567;2724.942;3148.552;85.543;1414.555;961.022;2713.800;245.780;1214.647;2517.647;3233.333;669.025;19.274;774.011;2826.101;23.696;2666.159;574.614;3172.317;2930.597;3575.701;1679.306
88,155.93564987182617,87,-554.6174753636204,554.6174753636204,0.32090844765700555,945.060;1771.250;1960.916;72.689;1175.566;793.286;2647.452;604.800;2.659;3608.652;2215.221;42.982;2471.283;470.103;893.784;1099.464;2734.772;1914.550;784.076;1810.324;356.853;3576.865;1903.339;1698.506;1217.396;32.660;2751.976;2049.730;2911.748;3276.087;5.326;2095.537;6.875;2414.243;1721.324;1247.835;2655.757;2275.812;1001.573;6.270;2693.238;3210.351;225.605;2005.707;1123.389;785.663;347.185;1021.776;3572.522;712.026;1133.340;1.622;2238.203;849.088;2763.379;1859.102;1590.528;2691.522;3602.835;3403.239;1437.299;3609.468;26.106;2716.438;2384.001;2024.435;1773.896;2680.114;2621.592;3138.295;420.010;421.994;2633.372;1434.657;1101.272;300.991;85.420;1555.917;2091.135;3117.293;3277.824;3615.098;1393.033;1539.179;849.028;3203.577;3349.106;3149.068;70.368;2359.423;3231.798;104.749;3605.243;1272.897;2348.696;158.396;3597.285;2313.524;3351.025;3368.049,1660.138;3584.566;2455.977;952.523;571.601;2357.726;2965.876;3582.302;2169.766;552.095;1001.192;1941.511;232.152;1045.755;8.122;3550.425;3587.448;1197.082;1428.372;2962.070;2267.716;2317.741;1418.420;2081.481;295.708;3425.601;8.781;197.537;3105.926;2005.824;2501.733;2133.926;2885.104;2302.626;658.629;2976.200;1240.707;3266.246;1172.109;3607.047;1040.764;2238.576;270.052;477.696;2539.312;3026.791;-6.512;2103.452;1364.544;592.694;1794.134;14.454;3589.938;248.023;3405.740;2668.953;36.208;1838.409;3587.194;898.309;1925.272;1895.130;1258.108;491.847;1853.776;1781.157;3272.494;2119.069;1488.909;574.466;1363.147;1938.315;2463.964;3555.712;808.780;2701.554;1642.629;2426.119;2.414;2711.890;3149.291;97.164;1405.169;968.555;2703.946;244.115;1227.980;2505.942;3245.724;659.065;6.191;785.426;2837.860;10.009;2657.307;588.284;3162.573;2943.591;3586.859;1681.631
89,157.73437905311584,88,-554.5919527659373,554.5919527659373,0.2954034873963734,931.166;1758.441;1952.504;60.901;1177.663;780.275;2640.128;618.882;12.429;3595.479;2228.742;42.916;2472.215;480.582;900.914;1085.543;2734.481;1928.618;797.662;1813.748;361.242;3568.847;1890.191;1711.863;1204.950;41.138;2762.622;2040.334;2918.837;3282.452;-6.335;2096.994;-7.004;2400.682;1733.527;1259.834;2667.247;2268.227;1000.142;-5.987;2702.483;3216.951;211.812;1993.765;1109.931;795.302;338.467;1032.054;3585.100;713.472;1145.568;-8.563;2240.184;841.164;2774.897;1851.370;1603.437;2700.725;3593.754;3404.229;1424.486;3598.431;28.076;2708.019;2385.521;2015.797;1783.313;2668.562;2607.956;3141.012;422.968;409.358;2646.627;1430.338;1111.848;297.126;85.270;1545.209;2077.678;3107.043;3264.298;3601.876;1401.596;1525.406;844.795;3190.765;3335.830;3161.864;79.019;2371.707;3245.036;104.885;3611.768;1260.080;2354.690;163.733;3599.316;2308.217;3342.776;3358.483,1674.022;3594.477;2443.397;942.207;560.825;2371.667;2979.756;3572.661;2157.963;537.989;987.818;1931.735;218.172;1032.368;2.181;3561.982;3578.557;1184.508;1439.126;2975.381;2258.213;2331.739;1405.563;2067.906;309.181;3426.633;15.203;206.540;3105.868;1993.095;2515.652;2147.806;2893.735;2315.676;671.847;2963.000;1236.196;3264.292;1182.278;3601.674;1028.051;2224.564;283.163;478.771;2525.396;3018.337;3.996;2108.962;1350.483;605.724;1783.435;4.374;3579.505;234.218;3419.730;2668.017;42.007;1828.963;3582.716;902.887;1937.235;1906.794;1251.941;480.737;1863.177;1771.848;3284.735;2119.980;1483.772;582.398;1375.710;1932.500;2451.003;3541.894;794.773;2688.431;1628.539;2440.141;9.314;2698.338;3136.520;89.225;1391.247;982.133;2717.670;256.137;1242.046;2519.269;3259.298;671.689;4.147;797.786;2828.977;-3.998;2652.790;601.789;3162.180;2932.944;3600.034;1678.362
90,159.38390827178955,89,-554.8036403431728,554.8036403431728,0.30268127681246154,924.708;1746.169;1964.791;47.047;1189.964;790.574;2627.138;606.812;4.134;3603.492;2239.269;46.011;2482.790;469.604;914.259;1071.969;2721.405;1925.699;810.182;1800.996;374.801;3559.905;1877.680;1712.920;1212.722;42.387;2772.522;2051.290;2931.658;3296.170;-0.617;2109.444;5.245;2388.463;1726.394;1265.931;2655.110;2280.789;986.803;-7.734;2716.104;3204.952;197.795;1994.353;1122.150;801.988;352.046;1018.651;3587.523;700.018;1157.772;4.908;2249.153;827.622;2787.303;1837.547;1617.386;2689.936;3606.651;3390.695;1424.984;3598.960;14.954;2721.204;2372.456;2002.013;1791.881;2680.336;2603.104;3154.662;435.434;418.874;2659.119;1428.140;1125.443;310.195;72.765;1531.304;2071.221;3099.030;3274.002;3598.559;1388.668;1536.561;835.610;3178.595;3340.407;3174.242;92.859;2383.674;3247.746;118.591;3598.339;1271.053;2360.849;177.486;3612.386;2318.969;3330.403;3366.081,1665.756;3583.408;2449.278;955.912;550.865;2366.478;2988.249;3558.825;2162.528;524.890;994.038;1917.847;217.983;1020.760;-10.105;3574.172;3591.965;1184.136;1445.359;2981.710;2271.586;2326.019;1418.545;2077.524;314.913;3429.729;9.444;193.143;3092.264;1979.105;2513.620;2156.094;2881.982;2315.019;663.513;2951.110;1222.525;3277.701;1169.164;3593.690;1040.363;2234.184;289.499;468.357;2537.683;3031.710;12.121;2095.712;1356.969;594.751;1771.027;-9.479;3568.346;221.737;3409.369;2654.576;46.028;1816.378;3596.173;903.931;1950.105;1893.581;1263.043;493.793;1858.206;1758.097;3273.840;2132.628;1488.362;569.213;1371.878;1945.604;2462.792;3546.663;805.280;2698.344;1622.898;2429.043;22.022;2710.799;3141.569;77.560;1400.983;991.878;2713.594;266.508;1239.196;2510.854;3247.905;675.926;14.456;784.074;2815.449;5.911;2664.765;591.312;3175.585;2941.148;3600.824;1676.588
91,161.1593999862671,90,-555.1488226626805,555.1488226626805,0.4447111857076445,929.611;1752.217;1973.111;44.160;1177.415;785.255;2619.954;610.048;7.902;3592.357;2238.508;39.274;2496.443;481.744;922.188;1061.594;2708.387;1938.559;797.409;1812.420;364.147;3559.468;1864.715;1700.224;1226.357;56.006;2761.036;2037.891;2921.715;3289.713;-7.141;2121.361;-1.963;2398.295;1737.136;1278.677;2661.075;2284.666;976.174;-19.757;2704.620;3217.460;197.937;1980.857;1109.860;788.819;365.114;1010.035;3599.607;709.527;1162.321;-3.388;2243.424;831.585;2801.217;1829.210;1624.163;2702.898;3593.601;3381.210;1436.498;3611.938;0.992;2734.131;2371.584;1989.089;1778.358;2673.094;2603.955;3143.020;423.287;407.567;2647.480;1440.693;1120.719;307.234;81.801;1532.617;2084.850;3085.515;3262.308;3611.036;1374.797;1535.012;839.773;3184.194;3353.955;3161.751;106.220;2371.903;3259.931;123.275;3606.593;1259.232;2348.775;167.502;3599.369;2326.304;3316.472;3367.030,1662.522;3596.852;2435.683;959.021;537.364;2359.560;3001.869;3569.404;2176.114;513.689;981.362;1913.010;224.894;1007.669;2.373;3587.745;3602.868;1197.600;1459.011;2995.434;2261.938;2338.106;1420.942;2066.539;316.124;3442.406;-2.867;204.639;3078.329;1965.096;2524.582;2169.873;2894.869;2328.154;676.653;2963.025;1228.005;3279.917;1172.512;3595.546;1035.097;2239.339;276.602;456.485;2531.695;3027.394;23.846;2094.760;1355.914;590.010;1779.090;1.441;3555.823;207.921;3421.973;2643.995;58.355;1803.411;3587.297;890.500;1963.060;1902.487;1263.190;483.405;1863.170;1747.968;3280.977;2120.515;1500.348;582.151;1358.207;1944.398;2451.544;3533.292;812.917;2686.853;1632.440;2435.875;8.639;2705.270;3151.212;90.514;1387.771;983.141;2725.840;253.265;1246.312;2499.010;3234.403;689.472;1.114;781.013;2825.275;-5.033;2678.456;598.998;3188.756;2928.097;3613.876;1662.937
92,162.95098519325256,91,-554.9721671168502,554.9721671168502,0.2678223763386871,937.441;1765.074;1960.271;40.138;1165.636;798.040;2606.783;622.576;20.916;3599.082;2225.218;51.879;2510.067;477.978;935.914;1054.467;2698.744;1948.671;791.950;1802.446;354.779;3573.056;1851.439;1693.737;1217.994;65.280;2756.892;2031.700;2935.057;3278.065;6.239;2131.614;-4.290;2388.006;1734.687;1279.881;2663.747;2274.384;983.817;-6.425;2698.906;3214.434;185.549;1989.606;1096.679;801.037;372.371;996.453;3612.455;700.377;1155.653;4.372;2256.489;844.579;2809.978;1842.383;1615.613;2712.237;3600.066;3368.913;1449.018;3598.731;8.125;2724.930;2358.619;1976.480;1773.717;2666.910;2590.898;3151.571;420.884;394.053;2655.142;1449.714;1110.385;294.209;71.887;1521.078;2087.865;3072.646;3265.775;3598.874;1380.883;1548.087;826.313;3172.070;3359.909;3171.372;98.577;2384.747;3271.356;113.744;3598.461;1245.401;2351.505;180.175;3601.615;2313.834;3303.771;3380.235,1649.182;3605.884;2424.822;959.173;550.143;2346.892;3011.137;3565.332;2189.063;499.879;967.777;1900.584;211.909;993.827;-7.172;3590.909;3590.514;1209.919;1463.389;3006.255;2263.458;2330.419;1410.019;2067.626;329.708;3449.526;9.487;202.629;3076.080;1971.430;2514.151;2175.673;2907.361;2331.379;683.519;2975.841;1241.623;3272.580;1159.519;3597.075;1026.584;2231.247;266.795;468.932;2538.874;3030.524;23.465;2107.914;1359.231;576.549;1792.582;-1.054;3568.237;194.313;3435.402;2632.331;51.701;1789.770;3581.842;879.177;1965.416;1915.470;1259.111;481.892;1875.422;1735.807;3293.285;2127.842;1513.468;592.684;1367.300;1936.862;2455.614;3524.942;826.618;2696.037;1619.211;2448.228;-2.252;2703.646;3161.003;86.658;1380.515;970.094;2729.849;261.507;1236.530;2511.509;3245.483;697.291;-7.236;778.822;2815.454;4.191;2679.679;612.718;3200.762;2920.181;3600.459;1649.004
93,164.76059293746948,92,-555.370477202544,555.370477202544,0.32913699895864185,947.485;1778.869;1971.693;29.056;1165.984;811.248;2619.910;632.472;8.789;3611.272;2214.491;39.130;2513.098;489.760;939.559;1059.554;2711.009;1962.334;784.705;1792.899;368.058;3586.937;1838.877;1706.966;1207.425;68.995;2766.476;2042.876;2942.177;3264.274;7.670;2144.388;8.874;2374.622;1748.007;1267.718;2650.519;2280.146;997.387;5.770;2686.016;3223.641;192.225;1977.534;1103.231;790.065;359.234;982.863;3599.278;694.375;1148.281;3.203;2267.310;831.329;2798.170;1831.706;1603.130;2702.519;3612.426;3380.039;1437.435;3603.729;-3.500;2714.750;2346.102;1962.747;1765.279;2679.699;2603.963;3162.967;408.513;383.148;2664.696;1436.487;1123.781;280.387;59.122;1507.761;2077.039;3058.801;3279.331;3604.517;1394.400;1538.837;813.338;3183.696;3351.039;3185.055;85.019;2395.406;3258.356;120.015;3587.707;1254.619;2338.487;174.246;3597.424;2321.484;3305.481;3370.586,1635.684;3592.722;2431.757;953.226;538.989;2334.407;2998.604;3576.508;2202.160;488.175;953.895;1887.052;213.850;1005.800;5.131;3603.371;3603.172;1223.648;1450.242;3019.845;2250.320;2331.994;1397.026;2080.765;325.142;3441.559;-2.103;214.069;3087.975;1966.826;2522.427;2163.630;2911.682;2344.816;695.954;2969.914;1239.480;3278.422;1169.086;3610.490;1039.660;2244.478;279.063;456.830;2528.521;3043.768;9.917;2095.190;1365.363;586.701;1805.331;-8.688;3581.903;180.871;3423.416;2626.911;39.493;1779.160;3568.655;876.972;1956.446;1914.901;1268.558;484.991;1889.238;1721.982;3307.100;2140.113;1521.070;583.905;1372.462;1949.954;2442.538;3537.776;838.295;2707.664;1624.417;2453.187;-0.670;2690.361;3174.743;73.553;1392.587;956.449;2736.629;275.164;1222.860;2514.878;3255.836;684.902;5.157;780.629;2802.313;-2.688;2692.893;624.387;3214.348;2931.075;3595.825;1651.721
94,166.4579770565033,93,-555.4513899487882,555.4513899487882,0.2429835490917461,936.496;1768.724;1983.606;37.924;1152.965;824.685;2622.989;619.441;-4.951;3598.074;2226.808;26.811;2526.447;502.871;926.819;1065.497;2721.603;1961.188;771.117;1781.661;364.645;3588.160;1840.152;1707.539;1220.506;55.677;2780.146;2030.669;2933.716;3275.812;15.612;2147.654;19.835;2385.585;1751.696;1256.184;2636.763;2290.346;1006.563;5.663;2698.401;3230.133;205.742;1971.029;1092.107;777.245;347.686;982.152;3598.678;680.868;1134.673;-10.159;2256.064;836.402;2788.343;1842.820;1589.537;2715.146;3599.530;3393.750;1448.955;3601.283;1.333;2727.101;2334.027;1970.693;1752.115;2674.075;2593.348;3150.231;418.671;376.052;2658.855;1437.482;1111.594;267.441;70.578;1493.956;2089.650;3066.581;3267.737;3593.926;1388.286;1536.900;822.681;3186.597;3337.397;3175.917;97.632;2402.434;3265.282;108.448;3575.976;1268.288;2348.576;165.364;3609.811;2334.313;3317.983;3364.778,1622.107;3596.745;2445.355;954.969;535.827;2346.818;3004.338;3590.146;2191.608;474.425;940.658;1873.230;227.237;1014.551;-1.867;3592.580;3596.663;1219.317;1460.366;3030.448;2237.343;2345.509;1409.538;2069.642;312.291;3427.997;-4.985;202.541;3076.194;1979.650;2509.659;2151.582;2923.613;2332.549;685.763;2956.715;1226.214;3291.692;1175.056;3597.566;1052.165;2232.626;292.390;465.608;2541.747;3057.597;-1.459;2101.571;1352.291;600.355;1819.126;4.486;3595.743;185.187;3415.541;2618.806;25.815;1765.512;3581.659;889.786;1942.833;1901.724;1255.116;471.561;1899.369;1733.952;3295.667;2153.862;1519.288;597.081;1368.343;1961.710;2447.486;3527.726;833.003;2721.413;1633.926;2439.798;12.107;2679.844;3188.403;85.695;1402.742;966.859;2723.831;268.473;1233.859;2502.882;3267.393;689.403;-6.486;783.154;2814.716;10.245;2706.313;611.615;3213.848;2917.875;3595.896;1661.709
95,168.3166790008545,94,-555.546880103367,555.546880103367,0.4230256879305673,934.532;1769.157;1984.266;25.363;1139.223;837.997;2635.991;606.545;7.223;3606.272;2240.464;13.156;2540.233;515.714;924.091;1052.097;2708.334;1948.605;765.352;1767.978;377.825;3600.666;1853.334;1695.068;1233.914;67.633;2767.522;2018.035;2920.270;3271.746;4.428;2152.646;33.486;2372.650;1763.129;1246.008;2623.855;2303.921;1004.919;-6.613;2712.126;3243.670;205.002;1958.219;1100.544;785.744;357.517;969.434;3605.036;668.830;1121.100;2.376;2264.797;826.924;2801.341;1854.113;1598.625;2710.476;3609.372;3396.878;1461.989;3588.521;14.594;2740.830;2346.727;1959.983;1764.302;2662.526;2584.447;3145.250;405.497;362.497;2668.678;1438.416;1118.254;253.686;58.835;1493.818;2102.093;3080.114;3276.299;3591.251;1375.325;1548.407;813.978;3173.300;3324.752;3163.036;85.518;2389.280;3278.696;116.686;3588.857;1274.792;2349.164;169.417;3596.666;2348.018;3305.253;3378.056,1614.920;3603.612;2436.960;949.793;522.571;2360.553;2992.274;3599.686;2179.126;476.940;939.663;1860.535;238.913;1012.535;4.649;3604.745;3597.983;1206.803;1466.857;3019.621;2231.799;2346.547;1422.865;2072.728;319.173;3421.705;-17.054;192.512;3088.463;1992.422;2498.925;2137.853;2922.846;2331.385;679.856;2945.232;1229.623;3305.413;1163.105;3590.197;1062.597;2233.511;284.512;454.339;2555.313;3070.974;9.789;2090.014;1338.605;613.894;1829.482;-3.125;3606.156;172.972;3421.435;2632.060;25.171;1767.195;3595.001;899.474;1951.543;1888.174;1249.411;473.667;1887.224;1730.538;3286.412;2167.547;1505.821;599.507;1377.526;1959.081;2447.469;3523.611;839.200;2713.737;1622.457;2431.952;17.294;2692.856;3185.266;80.042;1390.592;958.506;2732.251;270.894;1246.511;2489.200;3281.083;685.371;4.290;781.045;2825.343;2.107;2707.273;605.004;3225.710;2917.546;3592.923;1675.022
96,170.20233345031738,95,-555.2448000219701,555.2448000219701,0.34398315878585844,946.237;1760.231;1972.993;17.524;1129.454;825.898;2649.603;596.155;12.877;3597.065;2227.992;25.708;2550.865;503.607;937.263;1040.048;2697.979;1947.435;753.966;1777.500;372.086;3594.674;1864.831;1706.315;1236.627;55.534;2754.910;2006.936;2919.173;3261.974;-9.010;2166.088;40.879;2380.798;1763.758;1232.511;2616.987;2292.037;995.688;5.078;2718.490;3256.277;191.936;1945.227;1106.610;774.766;371.035;962.401;3592.957;677.046;1131.841;1.930;2252.058;813.350;2809.662;1846.157;1612.184;2720.397;3597.922;3384.093;1452.335;3596.675;22.367;2730.061;2334.360;1946.362;1772.867;2673.528;2593.172;3156.939;398.018;348.825;2681.118;1449.654;1114.687;261.145;45.383;1506.711;2113.646;3093.141;3278.829;3603.593;1361.842;1560.908;825.417;3171.947;3335.370;3149.656;97.841;2400.577;3287.772;123.337;3600.710;1274.886;2336.658;170.583;3597.865;2340.046;3293.845;3373.307,1601.591;3616.231;2431.863;940.504;532.930;2372.898;3004.398;3612.411;2191.774;472.268;930.743;1859.806;231.049;1022.423;16.166;3591.943;3597.143;1217.671;1480.012;3032.295;2219.119;2357.141;1411.106;2073.854;306.997;3435.109;-3.779;202.109;3093.768;1983.854;2511.580;2150.193;2932.943;2326.168;666.843;2931.579;1217.698;3292.949;1174.834;3599.233;1075.490;2242.109;280.973;465.634;2544.995;3080.922;-1.609;2082.849;1349.796;605.179;1831.332;7.468;3593.713;159.319;3434.786;2634.468;12.377;1754.676;3590.544;911.524;1939.527;1893.089;1239.128;461.124;1873.664;1742.664;3297.572;2155.373;1499.439;604.018;1364.776;1960.657;2454.444;3521.145;826.180;2723.566;1611.841;2438.560;7.376;2695.455;3194.450;91.954;1402.865;971.158;2745.541;257.745;1245.104;2476.937;3267.684;698.656;-5.835;791.661;2817.751;7.362;2717.882;614.082;3219.120;2905.929;3605.875;1666.970
97,171.90727591514587,96,-555.2287069282443,555.2287069282443,0.49964886615060805,959.770;1746.724;1959.456;23.650;1141.824;813.573;2644.550;599.003;0.716;3600.247;2220.766;37.651;2543.397;514.984;948.155;1033.829;2699.971;1934.272;740.383;1790.338;382.994;3585.424;1878.391;1719.826;1223.445;53.285;2757.063;2018.667;2906.076;3268.630;3.670;2177.852;37.380;2385.592;1777.077;1219.770;2629.235;2287.291;1008.190;18.178;2711.031;3266.240;186.960;1931.571;1120.005;762.316;364.357;950.345;3590.709;670.458;1140.864;-2.229;2238.486;800.810;2821.452;1845.250;1625.871;2733.934;3602.156;3380.890;1438.803;3608.972;35.676;2741.155;2323.316;1934.394;1783.571;2662.466;2580.462;3147.922;408.837;336.613;2668.175;1463.241;1121.240;272.315;32.217;1511.982;2102.468;3102.723;3265.656;3591.989;1364.268;1548.494;830.055;3184.402;3345.795;3154.901;90.048;2402.086;3284.518;128.004;3613.471;1288.037;2348.394;157.233;3609.164;2351.301;3281.041;3384.495,1588.667;3607.231;2418.967;953.615;546.488;2386.527;2994.470;3599.869;2205.412;481.421;917.264;1846.468;241.067;1009.209;18.984;3578.626;3585.329;1217.304;1493.633;3034.969;2205.586;2370.691;1416.014;2060.995;306.332;3437.848;3.437;215.623;3107.175;1970.408;2505.558;2154.471;2922.562;2313.560;679.695;2943.222;1229.515;3279.310;1188.210;3612.681;1062.932;2228.974;268.117;468.266;2539.001;3068.937;-14.941;2091.809;1363.344;591.742;1818.016;20.434;3595.417;147.413;3448.136;2647.392;-0.930;1758.895;3577.484;925.030;1952.616;1905.771;1225.602;447.948;1886.550;1729.699;3311.156;2147.954;1488.634;617.343;1351.284;1974.021;2467.823;3507.780;812.519;2735.121;1598.477;2451.890;-6.129;2682.695;3207.941;105.550;1406.101;984.779;2739.022;244.504;1231.774;2463.881;3264.316;689.148;-19.291;783.902;2830.704;13.460;2705.012;609.478;3205.713;2892.336;3607.628;1675.339
98,173.75273370742798,97,-555.9399095252381,555.9399095252381,0.28880939349150614,948.018;1733.118;1971.453;29.479;1155.085;813.602;2631.422;586.054;-12.368;3597.105;2210.238;34.682;2551.778;508.312;936.185;1020.453;2713.073;1946.617;730.263;1803.480;373.561;3571.963;1874.754;1711.791;1224.529;50.468;2767.706;2018.645;2916.443;3256.055;-6.321;2165.161;50.476;2398.758;1790.586;1217.133;2642.781;2299.468;1021.564;6.047;2722.091;3254.483;199.188;1917.996;1133.073;748.819;356.877;938.046;3578.237;657.109;1148.569;3.703;2224.857;812.150;2809.050;1832.853;1636.572;2730.067;3591.179;3390.237;1436.482;3598.401;47.785;2752.974;2315.783;1920.822;1797.011;2675.001;2569.098;3134.624;408.394;346.593;2656.116;1465.280;1108.031;275.478;33.970;1509.413;2113.778;3090.112;3272.804;3598.059;1375.795;1540.596;843.402;3181.211;3335.981;3167.973;100.810;2389.350;3297.653;114.733;3600.753;1301.642;2361.866;168.722;3596.870;2338.342;3293.246;3398.029,1600.599;3593.840;2430.603;959.759;538.601;2381.808;2994.560;3597.937;2201.796;494.859;918.456;1838.239;254.560;1012.671;5.721;3583.286;3598.433;1222.830;1493.265;3022.464;2210.681;2378.304;1417.637;2073.148;319.386;3437.713;-5.037;214.546;3118.899;1957.903;2518.249;2149.304;2909.100;2300.060;674.289;2952.557;1230.303;3287.335;1184.142;3600.623;1069.552;2223.151;272.873;455.109;2545.013;3078.860;-2.138;2092.795;1371.426;579.949;1809.568;12.918;3595.561;158.819;3435.845;2657.361;-12.070;1771.207;3588.193;923.957;1955.318;1897.112;1225.095;435.146;1898.551;1729.861;3323.199;2146.449;1475.283;617.541;1338.061;1977.018;2475.833;3498.133;820.316;2722.578;1585.529;2441.476;4.836;2686.674;3210.528;103.689;1414.526;992.407;2751.769;243.458;1221.423;2475.123;3264.592;687.714;-7.193;770.508;2823.774;0.876;2699.418;596.187;3205.612;2886.052;3594.434;1687.218
99,175.6214599609375,98,-556.0702009413138,556.0702009413138,0.4255914364543578,954.771;1721.145;1976.769;32.818;1145.833;800.722;2643.083;597.095;-2.824;3610.200;2222.889;47.052;2565.149;520.643;931.905;1016.808;2726.441;1952.208;716.818;1791.035;386.298;3581.083;1875.815;1704.408;1223.268;63.129;2754.622;2030.934;2929.460;3242.527;5.414;2162.363;39.288;2407.849;1801.467;1230.207;2655.431;2298.173;1034.381;-6.750;2712.057;3240.991;212.713;1910.556;1146.533;735.235;346.755;951.002;3570.422;643.547;1135.723;-9.363;2211.296;824.952;2795.821;1845.626;1624.368;2742.766;3602.568;3403.636;1437.647;3610.425;36.493;2754.232;2302.486;1911.219;1810.512;2664.408;2558.428;3137.139;395.720;334.712;2668.497;1452.128;1096.215;277.326;21.471;1522.207;2105.949;3093.604;3265.497;3607.995;1368.985;1527.382;838.767;3194.141;3322.552;3167.914;106.879;2383.110;3285.465;102.109;3598.514;1315.005;2372.552;177.972;3600.849;2330.037;3300.949;3411.177,1589.682;3583.925;2442.013;951.190;545.596;2394.536;2990.486;3587.964;2212.537;482.252;926.909;1846.476;243.149;1016.118;-7.412;3586.093;3611.373;1209.639;1498.229;3032.613;2198.760;2372.389;1405.966;2066.763;310.031;3436.968;2.660;223.786;3109.933;1944.396;2511.727;2161.495;2895.654;2287.535;686.557;2939.842;1243.338;3298.007;1196.429;3607.364;1057.287;2233.922;261.150;464.229;2558.001;3085.210;4.355;2106.044;1370.382;574.030;1819.159;12.604;3608.645;172.313;3423.560;2670.616;0.925;1758.312;3588.479;931.445;1947.038;1910.148;1221.090;447.322;1909.600;1738.972;3335.753;2137.966;1461.900;626.158;1350.802;1965.912;2489.208;3509.563;807.598;2732.987;1572.090;2435.647;-4.065;2679.155;3221.098;90.970;1427.882;1003.742;2749.186;256.480;1211.226;2462.471;3265.095;674.495;1.944;782.160;2813.300;-12.641;2711.521;600.862;3193.803;2886.445;3596.671;1674.364
100,177.31273770332336,99,-555.9624334862816,555.9624334862816,0.2726669899764167,943.541;1710.458;1989.155;19.756;1155.897;803.656;2639.653;584.541;10.058;3598.167;2234.631;35.510;2570.190;519.372;919.133;1003.923;2723.178;1963.649;725.645;1779.358;374.831;3594.110;1885.793;1702.264;1235.457;55.084;2744.474;2020.686;2942.690;3231.249;15.249;2154.134;49.980;2399.162;1796.918;1234.832;2647.063;2311.274;1047.615;3.349;2721.345;3244.870;225.659;1897.810;1159.986;727.885;357.238;945.052;3558.499;631.283;1126.918;2.509;2198.659;818.145;2792.509;1834.689;1631.171;2754.140;3606.371;3411.794;1440.798;3597.822;23.065;2766.425;2314.283;1898.321;1819.064;2668.870;2570.349;3126.501;382.395;347.008;2661.122;1442.959;1089.245;264.176;17.934;1534.546;2109.806;3100.637;3253.414;3594.932;1355.805;1517.188;825.728;3204.878;3322.564;3158.866;110.433;2394.084;3283.207;97.868;3595.418;1315.885;2382.705;175.174;3605.802;2334.260;3289.553;3403.711,1587.237;3596.929;2429.599;939.492;533.319;2400.587;3003.496;3600.754;2225.928;478.474;914.089;1857.672;233.017;1017.021;4.408;3573.951;3599.634;1208.651;1485.657;3046.004;2193.231;2362.382;1416.047;2053.489;297.310;3431.687;8.151;236.654;3096.909;1952.690;2503.291;2174.970;2908.336;2275.889;699.497;2927.672;1248.909;3285.907;1184.202;3597.554;1060.680;2247.235;247.704;475.467;2545.467;3098.371;-7.416;2113.586;1382.911;586.940;1831.762;25.735;3596.505;173.654;3428.944;2684.027;-7.205;1758.918;3575.373;942.115;1949.101;1904.239;1217.090;457.105;1897.127;1752.264;3348.706;2124.637;1448.382;613.455;1363.652;1952.490;2501.888;3497.352;811.185;2738.846;1569.673;2447.976;0.815;2665.850;3234.364;99.967;1440.622;1015.063;2761.725;253.344;1198.411;2463.352;3257.578;663.081;-9.153;785.402;2824.999;0.229;2724.777;612.107;3182.522;2873.446;3609.835;1685.320
101,179.13996386528015,100,-556.331232670113,556.331232670113,0.31196532384546527,945.914;1719.198;1977.469;32.230;1169.220;816.414;2627.992;572.402;0.580;3596.444;2222.781;23.982;2581.140;507.421;905.735;1015.469;2734.990;1952.462;738.485;1789.197;371.150;3594.350;1899.110;1715.219;1224.013;51.608;2743.879;2028.115;2956.163;3242.453;5.999;2140.927;51.915;2403.095;1809.170;1239.211;2657.734;2302.134;1036.314;10.317;2709.077;3234.352;230.777;1909.062;1172.444;715.412;344.225;931.891;3555.945;643.499;1114.742;11.334;2207.253;830.221;2779.931;1842.024;1634.464;2766.831;3593.685;3411.181;1449.748;3591.783;10.573;2756.442;2317.615;1894.667;1807.076;2669.460;2581.179;3136.923;369.089;358.702;2671.445;1430.767;1100.912;275.340;22.151;1547.643;2098.976;3113.768;3247.404;3598.429;1362.512;1503.846;812.748;3216.817;3310.645;3170.428;97.784;2404.957;3292.320;85.501;3606.583;1323.095;2395.918;162.256;3593.045;2321.129;3278.089;3415.314,1600.053;3608.888;2433.412;952.036;520.242;2391.796;3010.751;3613.495;2238.191;488.468;901.290;1845.132;237.063;1003.905;1.353;3581.822;3607.620;1221.307;1472.313;3041.508;2186.892;2374.610;1429.383;2045.865;286.267;3423.112;16.526;224.299;3092.680;1965.744;2493.247;2183.297;2896.621;2287.031;694.247;2931.350;1259.777;3272.599;1173.080;3602.925;1071.953;2241.781;259.007;469.295;2549.120;3109.970;-5.742;2121.552;1387.211;593.481;1820.790;28.280;3590.706;162.821;3435.898;2694.188;2.751;1770.385;3564.107;930.798;1961.535;1892.092;1204.025;456.178;1897.365;1740.547;3362.152;2111.178;1437.073;602.257;1359.496;1961.516;2514.900;3484.721;822.685;2749.952;1582.433;2437.927;-6.495;2659.499;3247.596;112.270;1449.641;1028.449;2753.699;240.606;1210.383;2472.028;3249.014;665.900;-2.706;775.022;2837.696;6.632;2711.652;599.779;3169.136;2886.545;3606.157;1673.361
102,180.9917643070221,101,-556.3588998101507,556.3588998101507,0.28321909197019723,936.834;1708.922;1968.093;20.823;1157.653;808.475;2635.686;582.092;-10.874;3601.841;2231.549;21.141;2570.054;499.634;895.970;1004.955;2723.682;1963.745;727.906;1779.870;373.620;3606.767;1891.962;1727.700;1236.199;64.520;2756.689;2015.249;2949.522;3255.731;17.029;2129.168;39.836;2390.756;1812.047;1252.342;2645.028;2313.473;1023.057;-2.430;2721.768;3246.949;237.314;1903.223;1162.244;715.359;343.098;941.226;3569.017;654.006;1127.289;2.625;2196.032;841.420;2792.085;1855.183;1647.075;2776.823;3601.910;3424.139;1461.622;3602.696;13.290;2752.585;2304.963;1881.956;1815.219;2682.525;2590.046;3130.369;359.877;346.797;2661.468;1417.919;1108.293;270.966;9.193;1535.115;2111.468;3123.272;3234.242;3610.634;1373.817;1516.010;800.928;3205.945;3297.333;3157.794;100.279;2392.415;3304.334;92.821;3594.136;1329.748;2397.918;164.316;3601.753;2319.258;3264.748;3409.811,1595.915;3600.309;2428.941;942.054;530.179;2390.425;2998.110;3601.548;2247.186;501.536;898.765;1838.585;225.930;1006.747;-9.758;3569.350;3599.586;1209.808;1484.204;3035.866;2199.397;2387.900;1423.079;2041.265;297.575;3435.175;29.753;211.224;3082.992;1957.732;2506.030;2177.011;2898.418;2299.700;706.301;2944.059;1273.094;3282.974;1180.877;3590.441;1059.838;2251.037;271.564;456.557;2561.504;3098.275;-0.174;2109.259;1374.270;581.150;1814.405;36.280;3578.188;166.664;3448.896;2684.336;0.497;1773.496;3565.881;917.696;1974.605;1901.842;1215.914;468.961;1899.551;1728.871;3358.085;2116.469;1428.644;589.185;1361.745;1954.808;2518.808;3489.323;833.990;2763.163;1569.729;2448.587;6.194;2647.254;3237.551;109.421;1439.218;1024.038;2762.984;229.908;1222.930;2459.853;3246.980;654.639;-2.637;768.207;2827.220;14.792;2709.102;590.490;3180.163;2889.823;3593.432;1661.004
103,182.87389302253723,102,-556.4353608513572,556.4353608513572,0.4623199093812672,923.996;1717.240;1978.448;19.334;1152.018;818.255;2641.429;594.325;2.011;3614.183;2244.675;8.139;2556.815;512.407;889.316;1007.259;2733.776;1976.372;714.676;1792.148;360.691;3594.240;1880.993;1737.676;1227.985;53.686;2760.358;2012.541;2938.110;3268.140;5.014;2130.558;51.367;2377.568;1824.692;1242.178;2638.034;2304.229;1019.015;5.774;2717.700;3240.054;224.890;1901.558;1150.661;725.060;343.231;953.380;3581.639;662.163;1130.387;-8.677;2198.908;854.627;2795.313;1860.117;1642.866;2789.322;3596.704;3424.476;1474.848;3601.173;26.194;2765.582;2294.417;1885.032;1802.987;2674.520;2603.197;3143.153;346.906;351.026;2674.006;1430.412;1118.991;258.007;20.832;1521.836;2103.860;3136.474;3238.503;3598.333;1387.069;1528.709;811.906;3192.897;3301.333;3168.158;87.447;2379.492;3293.059;97.781;3593.389;1317.155;2394.091;152.181;3602.802;2325.193;3252.470;3397.038,1608.345;3612.411;2430.918;950.849;540.786;2402.873;3006.973;3604.313;2236.626;493.094;886.827;1825.491;237.174;994.010;0.998;3556.041;3610.196;1202.379;1496.364;3023.061;2211.390;2401.250;1410.534;2029.780;310.827;3423.955;41.581;198.842;3095.746;1968.907;2495.234;2167.545;2886.414;2313.039;704.859;2957.396;1284.837;3281.269;1193.898;3600.611;1069.569;2238.441;284.814;446.699;2567.860;3110.276;-12.987;2096.708;1361.506;576.787;1805.691;40.200;3565.058;155.288;3456.191;2674.166;-8.065;1766.500;3553.574;928.222;1962.907;1911.711;1203.986;457.788;1912.496;1715.576;3368.064;2111.528;1440.178;576.023;1352.676;1966.999;2506.067;3477.427;823.715;2776.513;1560.925;2461.803;-4.960;2633.954;3233.135;122.146;1427.559;1011.837;2750.548;242.154;1235.605;2450.208;3257.569;665.675;-15.537;779.813;2838.196;26.029;2708.433;592.281;3178.056;2888.673;3603.600;1664.626
104,184.57534670829773,103,-556.4611302404028,556.4611302404028,0.33435839243074905,913.021;1704.634;1991.627;30.154;1164.363;809.807;2654.478;596.250;1.971;3601.434;2233.025;-5.115;2554.586;521.604;902.254;996.318;2721.875;1989.656;704.894;1804.769;364.749;3597.193;1868.764;1725.726;1234.463;57.429;2772.409;2017.608;2950.320;3281.181;-3.357;2124.497;41.531;2370.789;1812.106;1243.340;2650.955;2291.252;1031.121;-0.888;2719.437;3227.315;231.332;1912.985;1138.857;738.220;351.154;960.689;3573.111;669.389;1120.106;3.547;2186.183;841.795;2807.869;1849.984;1629.918;2802.577;3608.877;3436.961;1462.168;3613.739;15.676;2776.913;2306.053;1897.759;1804.549;2661.611;2590.371;3130.759;333.747;363.680;2683.559;1427.809;1106.148;266.727;24.208;1509.327;2116.039;3137.031;3227.391;3594.486;1400.317;1518.293;804.060;3201.377;3301.209;3181.018;77.348;2366.597;3304.792;85.001;3580.979;1306.013;2401.911;163.258;3591.636;2329.413;3259.150;3390.595,1619.508;3601.993;2443.688;942.879;547.497;2390.884;3019.697;3592.728;2223.439;505.314;879.754;1826.917;248.093;985.409;-11.955;3559.395;3598.136;1213.879;1495.011;3009.823;2224.645;2413.459;1397.427;2016.544;312.895;3423.138;29.792;186.531;3086.926;1959.537;2484.345;2154.609;2895.778;2317.240;692.571;2958.025;1271.860;3291.824;1202.971;3606.997;1071.755;2225.705;279.814;433.529;2580.631;3115.881;-0.670;2107.534;1370.645;563.847;1812.300;27.332;3572.991;168.262;3469.212;2661.029;4.679;1753.456;3565.159;918.180;1973.957;1924.858;1202.873;453.214;1919.605;1721.405;3356.289;2124.169;1453.175;562.907;1364.011;1969.521;2492.988;3487.402;812.708;2767.670;1559.179;2460.330;6.118;2641.272;3233.365;118.874;1414.316;1022.537;2755.851;254.248;1223.585;2437.045;3269.069;676.794;-3.678;791.546;2831.648;14.647;2705.286;605.094;3185.893;2894.308;3593.201;1677.162
105,186.419935464859,104,-556.9688545245176,556.9688545245176,0.43211895563577113,899.882;1716.709;2002.039;43.306;1177.010;822.471;2652.398;585.157;-5.704;3592.129;2239.689;1.135;2549.133;511.545;901.937;994.380;2708.849;1984.962;697.560;1796.016;373.242;3609.136;1855.892;1731.631;1228.437;44.562;2760.336;2029.488;2947.437;3294.422;-16.114;2111.525;28.425;2361.340;1823.155;1254.749;2653.541;2278.107;1021.660;9.606;2706.735;3230.695;244.344;1925.958;1150.028;730.294;338.376;965.861;3566.522;682.391;1128.822;-4.371;2196.065;839.575;2820.867;1862.400;1638.481;2801.207;3596.941;3434.551;1449.715;3601.289;2.539;2790.068;2318.128;1902.109;1791.841;2673.008;2590.776;3123.384;346.049;373.556;2696.601;1420.490;1094.234;279.672;25.328;1497.879;2104.556;3124.166;3226.779;3602.879;1404.700;1521.616;792.376;3214.439;3313.107;3182.871;90.116;2369.803;3293.111;92.214;3579.675;1299.917;2390.937;150.970;3586.369;2341.884;3271.797;3399.867,1627.915;3604.342;2433.868;955.204;560.507;2392.842;3023.047;3602.968;2210.188;494.846;878.866;1817.304;261.239;979.342;-14.891;3572.010;3610.998;1208.563;1507.263;3000.003;2237.909;2421.890;1409.541;2027.939;320.514;3436.068;17.016;186.594;3097.514;1970.454;2476.762;2146.133;2883.302;2306.875;694.376;2953.298;1268.656;3280.076;1190.736;3594.548;1058.961;2227.656;291.445;436.623;2592.858;3128.444;-10.797;2108.683;1360.182;559.423;1804.459;39.433;3570.465;170.911;3456.302;2670.295;-1.798;1765.293;3556.114;905.101;1961.859;1917.925;1199.713;443.933;1907.422;1724.904;3367.713;2136.410;1456.931;573.465;1377.180;1970.730;2504.001;3476.755;824.685;2777.176;1546.400;2454.912;-4.593;2643.470;3246.238;106.467;1401.109;1019.426;2768.724;267.271;1233.915;2424.916;3256.143;665.052;2.934;787.930;2819.111;27.053;2698.780;592.515;3173.397;2897.007;3605.194;1664.675
106,188.2886679172516,105,-556.729600636784,556.729600636784,0.3387210733050039,889.517;1726.543;1991.553;52.585;1189.923;813.002;2640.327;572.080;4.945;3602.056;2228.748;12.542;2544.707;508.257;901.858;1007.191;2703.622;1991.597;709.428;1783.391;382.564;3596.723;1868.254;1722.284;1237.515;37.898;2767.831;2017.006;2935.011;3285.309;-3.478;2118.642;26.703;2348.404;1813.305;1248.567;2659.865;2287.599;1020.589;21.734;2696.469;3220.397;235.239;1934.762;1145.944;742.093;348.249;953.283;3579.082;684.515;1116.389;7.136;2207.368;839.489;2825.275;1863.138;1639.184;2794.840;3603.439;3446.668;1447.024;3596.184;11.812;2782.043;2330.907;1889.375;1786.358;2684.847;2594.582;3116.909;349.433;361.645;2686.271;1425.974;1092.823;292.345;12.481;1484.755;2115.203;3132.203;3239.628;3594.454;1414.976;1524.370;801.096;3217.104;3319.468;3193.738;85.190;2382.609;3297.888;80.049;3592.457;1286.995;2379.080;144.993;3598.977;2354.228;3259.566;3388.395,1616.901;3614.172;2429.663;962.010;571.554;2389.932;3035.872;3602.443;2198.708;482.392;891.683;1804.426;250.098;991.883;-11.073;3578.795;3611.638;1219.341;1508.161;3011.484;2248.820;2434.888;1409.564;2021.221;333.483;3437.903;26.428;178.631;3089.106;1979.808;2489.278;2133.118;2886.110;2311.811;681.673;2945.605;1266.518;3269.475;1201.772;3604.645;1063.311;2215.965;291.329;424.899;2590.932;3141.620;-2.809;2109.102;1369.072;546.606;1816.771;34.225;3582.918;171.619;3454.528;2660.641;-7.544;1759.195;3563.317;901.083;1965.809;1919.561;1187.204;431.093;1916.469;1728.442;3358.641;2146.746;1459.694;575.751;1368.597;1982.000;2493.242;3474.986;815.136;2766.299;1536.967;2466.917;6.635;2631.334;3246.359;96.722;1399.469;1006.675;2769.118;276.092;1224.831;2412.011;3253.374;675.349;5.135;775.037;2829.734;25.919;2694.337;589.054;3173.127;2907.801;3598.574;1652.866
107,190.18228149414062,106,-556.9813752754987,556.9813752754987,0.29128298835460475,902.198;1715.732;1978.527;51.980;1182.508;800.119;2651.662;576.276;-4.959;3606.102;2235.081;1.873;2557.246;520.775;907.627;1019.179;2704.626;2003.565;697.499;1770.543;395.548;3599.713;1876.168;1732.133;1250.490;38.430;2756.293;2021.529;2928.501;3287.233;2.994;2127.079;13.962;2335.317;1811.351;1245.293;2655.741;2299.047;1008.064;11.426;2702.953;3232.847;242.054;1922.858;1158.263;736.545;349.018;959.887;3586.901;676.594;1109.452;-3.540;2213.901;833.959;2823.018;1875.019;1626.893;2782.357;3593.431;3454.986;1434.475;3599.801;2.498;2792.735;2320.705;1900.804;1795.576;2697.921;2592.164;3126.823;362.153;367.776;2691.407;1438.241;1105.005;305.324;-0.077;1481.040;2113.402;3124.317;3251.253;3606.441;1406.500;1516.934;789.142;3205.307;3309.717;3187.740;82.379;2373.883;3289.409;80.261;3593.963;1278.060;2375.469;134.046;3611.431;2361.028;3259.047;3375.390,1603.893;3601.660;2442.299;950.881;576.968;2397.130;3029.610;3590.510;2186.157;469.532;882.741;1800.013;256.248;1002.971;-3.222;3591.704;3609.690;1227.454;1520.893;3001.868;2260.519;2447.042;1398.585;2032.145;346.250;3437.441;14.696;185.839;3079.432;1987.421;2479.710;2144.634;2873.494;2299.166;672.719;2941.730;1265.146;3277.821;1192.280;3594.500;1052.453;2227.803;293.791;413.653;2603.544;3151.427;-0.265;2121.718;1359.460;553.518;1829.880;32.600;3595.969;173.721;3449.936;2671.748;4.371;1764.428;3576.130;888.975;1953.464;1906.792;1174.418;440.608;1922.197;1741.137;3353.910;2159.758;1461.246;588.327;1381.128;1995.045;2480.375;3462.646;802.201;2778.778;1524.016;2457.452;14.737;2618.240;3258.827;108.976;1410.216;1017.462;2756.349;263.805;1233.833;2411.838;3253.501;672.014;-6.635;775.749;2831.703;14.982;2705.544;581.735;3161.055;2899.621;3605.516;1656.046
108,191.88768315315247,107,-556.7696805812693,556.7696805812693,0.36760497031647354,906.956;1725.396;1966.065;39.858;1171.316;801.109;2639.927;589.018;-1.200;3593.746;2245.562;-6.285;2547.136;513.360;896.335;1012.990;2705.303;2004.898;697.445;1778.601;408.634;3603.449;1863.742;1720.734;1238.645;51.136;2746.434;2029.876;2940.293;3299.851;2.407;2126.362;7.597;2337.486;1823.853;1256.995;2643.066;2288.229;995.686;-1.459;2715.720;3226.968;233.091;1911.503;1169.473;723.724;336.384;972.621;3597.413;689.125;1096.604;5.721;2203.727;825.506;2826.555;1887.649;1636.912;2794.483;3588.088;3443.177;1431.088;3612.091;-10.306;2800.478;2307.856;1913.509;1792.101;2701.176;2599.131;3139.524;371.398;356.022;2703.242;1425.917;1117.916;299.515;-11.248;1470.955;2101.466;3121.387;3240.918;3594.578;1418.220;1504.061;800.952;3215.996;3322.087;3174.912;92.560;2385.591;3276.584;92.775;3584.371;1290.390;2387.795;139.671;3599.876;2363.561;3270.730;3362.355,1608.201;3606.855;2432.571;951.559;566.384;2393.187;3040.964;3589.379;2197.763;474.653;870.010;1788.661;244.162;992.082;-1.811;3593.323;3602.767;1215.215;1531.073;2991.759;2249.101;2456.203;1397.971;2030.629;356.887;3424.711;7.570;173.268;3066.606;1975.747;2468.344;2134.716;2863.679;2302.992;685.066;2954.455;1265.467;3267.490;1180.182;3607.232;1053.407;2217.667;306.201;400.655;2616.583;3164.199;-9.844;2117.078;1370.840;560.067;1818.444;20.694;3606.435;175.564;3447.395;2683.445;6.103;1775.178;3588.474;876.001;1956.027;1913.847;1163.008;445.131;1909.808;1729.257;3350.773;2164.655;1469.967;599.997;1379.477;1986.347;2485.456;3449.674;813.082;2783.245;1524.475;2444.685;6.687;2628.313;3256.149;110.793;1423.205;1023.218;2754.091;260.482;1234.592;2423.977;3251.201;684.632;3.749;773.583;2844.150;10.123;2694.051;575.353;3169.593;2888.129;3594.600;1644.092
109,193.74355101585388,108,-556.943333249439,556.943333249439,0.2990488949090147,898.295;1716.373;1978.342;27.205;1158.389;813.767;2632.018;578.896;-13.305;3590.958;2258.476;6.314;2549.438;500.581;904.241;1025.130;2715.918;1992.255;698.164;1770.839;414.856;3591.818;1873.814;1708.012;1247.477;50.664;2733.631;2017.862;2952.772;3303.075;12.389;2136.102;-0.189;2349.587;1814.851;1269.938;2639.337;2294.963;989.826;-5.634;2728.464;3215.110;241.117;1924.077;1158.248;718.088;337.972;969.370;3595.467;700.536;1088.012;-3.115;2190.817;835.032;2814.944;1876.141;1624.812;2807.128;3600.459;3454.477;1418.803;3599.850;1.461;2807.693;2297.140;1910.052;1780.254;2694.669;2587.052;3129.384;360.736;343.901;2693.688;1420.415;1114.107;287.324;0.686;1481.485;2100.149;3109.090;3240.345;3601.978;1425.884;1493.192;793.241;3227.038;3312.235;3185.322;104.474;2376.616;3269.055;105.759;3596.167;1295.889;2392.480;127.080;3589.946;2353.757;3278.053;3374.144,1620.192;3599.588;2422.209;963.919;553.728;2405.798;3053.847;3601.823;2201.581;463.222;879.293;1776.974;251.760;998.325;4.834;3587.017;3607.913;1202.239;1519.198;2978.983;2258.307;2444.617;1410.634;2043.247;353.582;3422.038;-5.202;182.215;3053.579;1963.107;2455.956;2146.821;2874.077;2292.716;697.610;2958.793;1257.014;3279.024;1167.368;3609.014;1065.104;2206.735;296.258;408.642;2620.195;3176.265;2.632;2104.330;1378.385;556.960;1821.023;7.711;3595.082;177.498;3437.027;2696.420;18.166;1784.121;3599.191;863.027;1943.843;1918.472;1157.574;432.886;1903.495;1739.875;3338.044;2154.081;1463.699;612.970;1389.622;1998.371;2473.366;3456.371;808.158;2775.259;1534.879;2437.949;-6.150;2641.044;3268.534;101.321;1422.517;1032.132;2764.113;251.066;1222.038;2436.945;3247.335;672.894;-3.176;764.277;2834.707;-2.612;2684.837;562.741;3158.905;2879.552;3583.601;1651.064
110,195.6247124671936,109,-557.0364475742027,557.0364475742027,0.3575279548004148,910.768;1711.931;1982.803;39.128;1169.720;823.940;2619.294;577.516;-1.278;3580.853;2250.401;7.759;2558.108;488.219;893.343;1023.302;2728.169;1991.349;686.698;1779.322;410.340;3597.585;1875.850;1715.253;1236.830;41.803;2722.685;2028.578;2961.385;3292.477;21.356;2123.819;-7.304;2359.537;1810.944;1273.347;2650.549;2284.722;990.289;4.056;2722.653;3226.274;228.833;1923.185;1150.884;722.606;327.994;959.034;3605.841;695.803;1077.196;8.492;2195.191;847.163;2804.552;1866.588;1621.191;2798.384;3612.653;3466.481;1407.613;3600.641;-1.690;2819.984;2286.475;1919.754;1788.243;2705.904;2580.512;3136.053;359.567;339.458;2695.977;1407.874;1101.494;274.607;5.279;1493.709;2087.766;3119.296;3228.845;3603.515;1413.518;1505.415;781.173;3215.195;3308.692;3175.477;116.288;2373.274;3281.380;97.581;3607.547;1308.409;2405.160;133.022;3581.277;2340.915;3290.802;3386.438,1611.841;3589.228;2434.069;953.268;565.898;2394.568;3045.642;3596.100;2190.680;463.535;883.277;1779.041;262.275;1009.074;-4.791;3598.744;3602.576;1192.050;1525.361;2989.684;2269.139;2455.405;1420.590;2033.439;340.954;3421.103;3.743;171.992;3060.831;1954.723;2444.047;2147.201;2884.084;2299.716;690.553;2947.399;1260.442;3288.860;1154.823;3606.210;1054.507;2206.190;307.976;415.619;2608.305;3165.721;7.422;2111.811;1366.326;569.014;1833.657;-5.164;3597.861;186.419;3432.796;2692.561;30.475;1796.897;3612.064;872.369;1939.164;1929.760;1145.472;421.338;1891.147;1736.501;3338.151;2148.997;1456.143;615.903;1401.841;2009.075;2468.144;3468.743;811.915;2765.265;1528.052;2450.253;0.991;2651.290;3276.377;88.498;1410.039;1044.934;2776.936;263.039;1219.856;2429.451;3254.397;666.010;8.990;753.222;2822.031;-9.133;2695.066;549.791;3149.749;2868.971;3570.838;1643.210
111,197.32637977600098,110,-556.9671469123855,556.9671469123855,0.2939427664919731,916.668;1705.030;1989.235;47.676;1170.029;835.114;2607.611;566.907;7.456;3575.554;2248.428;-2.230;2546.356;479.905;893.246;1024.634;2737.512;1981.021;695.766;1792.062;421.718;3610.221;1887.448;1702.943;1243.137;45.875;2709.949;2031.964;2950.108;3279.869;10.123;2113.948;5.215;2371.980;1822.860;1260.913;2650.399;2286.922;1002.833;-2.325;2714.914;3238.557;221.934;1918.757;1149.210;717.360;327.867;946.249;3593.421;683.785;1064.429;-1.184;2201.935;838.870;2798.226;1877.319;1624.599;2803.732;3600.395;3466.958;1395.372;3602.711;4.752;2832.605;2274.010;1919.469;1776.082;2718.737;2590.606;3123.924;367.596;329.343;2683.506;1413.937;1092.917;263.732;8.280;1502.973;2080.100;3108.636;3221.642;3612.379;1415.130;1498.473;769.669;3216.888;3320.871;3168.367;106.446;2381.836;3275.570;88.404;3595.503;1311.315;2402.057;143.933;3592.749;2346.587;3297.096;3391.941,1613.574;3599.589;2431.336;962.573;577.660;2404.633;3037.644;3607.194;2178.054;457.789;895.003;1766.960;257.805;1008.015;6.148;3604.028;3593.615;1198.515;1529.225;2999.940;2281.903;2460.719;1416.360;2039.782;342.546;3421.644;-5.465;177.519;3070.287;1960.139;2431.173;2142.989;2877.124;2288.008;678.182;2956.502;1248.401;3300.330;1164.644;3600.745;1065.642;2198.187;304.522;428.313;2604.625;3153.942;3.988;2100.771;1375.543;556.815;1830.894;3.212;3607.797;174.320;3427.136;2702.539;18.605;1794.725;3600.379;861.640;1938.916;1938.555;1157.589;408.694;1902.487;1744.289;3333.591;2160.470;1452.244;627.694;1391.180;2016.450;2455.698;3464.190;816.778;2776.880;1519.092;2445.279;0.241;2641.783;3279.866;94.467;1408.945;1036.760;2768.357;255.337;1218.724;2438.227;3264.226;670.130;11.249;742.014;2825.408;3.259;2706.900;549.863;3157.433;2874.011;3576.379;1630.496
112,199.16968846321106,111,-556.8809964084307,556.8809964084307,0.3632111172450686,924.495;1692.409;1977.121;60.288;1181.153;842.504;2595.041;578.284;16.962;3562.972;2235.984;-11.017;2558.133;491.428;905.540;1012.120;2726.021;1993.214;708.305;1793.327;434.471;3598.617;1883.872;1713.870;1255.019;48.502;2699.151;2020.080;2961.517;3291.683;-2.138;2125.432;9.276;2384.784;1811.506;1269.756;2644.540;2274.448;997.373;-11.325;2727.284;3230.027;233.165;1930.618;1136.842;721.873;340.297;950.237;3581.155;671.055;1052.567;0.108;2189.480;826.236;2809.973;1889.672;1637.132;2792.829;3605.507;3478.851;1407.475;3590.699;-7.471;2824.130;2281.787;1907.070;1787.560;2707.996;2579.228;3111.097;355.335;316.626;2683.574;1426.519;1095.735;251.979;4.892;1490.687;2092.384;3095.908;3233.571;3599.967;1402.802;1492.102;757.721;3211.337;3333.537;3178.711;110.846;2369.448;3287.653;76.549;3596.316;1323.634;2413.994;150.000;3605.548;2339.335;3285.738;3404.523,1625.767;3612.341;2441.271;974.741;572.302;2396.125;3049.895;3595.077;2188.808;470.280;905.098;1778.934;245.919;995.595;1.243;3591.868;3584.517;1211.092;1538.824;2989.262;2272.246;2470.678;1404.726;2032.017;354.164;3424.674;3.757;165.350;3060.396;1947.758;2418.667;2152.157;2887.548;2277.641;665.685;2968.889;1254.282;3288.688;1156.003;3599.003;1053.925;2185.554;316.356;417.049;2616.686;3141.131;6.342;2090.222;1382.368;566.960;1842.915;-3.911;3595.418;162.882;3414.907;2691.472;6.221;1803.333;3591.539;849.117;1948.102;1951.228;1145.580;420.373;1893.478;1734.678;3344.299;2172.655;1439.682;621.855;1381.508;2004.273;2466.509;3451.762;829.261;2786.628;1506.393;2456.835;-11.291;2653.099;3291.114;83.488;1400.998;1048.865;2779.794;244.858;1206.223;2449.706;3257.748;682.624;4.893;729.341;2837.597;13.236;2694.726;539.303;3168.113;2862.259;3588.979;1638.901
113,201.04718494415283,112,-556.7391895334467,556.7391895334467,0.3481636941990826,913.778;1680.811;1968.800;49.752;1193.483;854.561;2582.502;589.919;28.555;3552.125;2231.823;1.213;2566.316;504.084;908.240;1007.156;2733.008;1992.254;697.909;1805.440;446.069;3603.990;1876.241;1725.472;1246.404;36.536;2709.851;2012.832;2973.629;3300.235;-14.638;2129.877;0.580;2396.410;1821.340;1275.019;2654.893;2263.645;1009.454;0.838;2730.852;3236.743;237.111;1941.969;1128.888;710.131;334.611;962.538;3589.174;660.217;1039.813;-11.812;2179.666;816.630;2818.925;1901.305;1649.065;2781.958;3595.526;3468.396;1410.624;3600.986;3.446;2811.777;2274.416;1902.533;1779.831;2708.776;2578.587;3111.607;358.342;310.673;2671.415;1433.045;1088.071;239.381;15.183;1496.378;2098.379;3098.926;3222.451;3607.917;1395.958;1479.571;748.734;3221.894;3343.548;3167.819;99.674;2363.914;3279.063;85.993;3591.968;1327.215;2419.123;144.219;3594.488;2348.938;3282.054;3403.634,1638.503;3603.876;2430.852;966.230;561.876;2402.344;3055.780;3593.548;2201.255;479.355;917.761;1771.445;233.173;983.047;12.715;3598.029;3572.701;1217.488;1526.944;2977.232;2259.686;2482.909;1400.596;2019.554;360.586;3426.246;-7.816;175.818;3058.621;1956.909;2406.751;2139.981;2880.547;2288.949;654.040;2979.905;1248.270;3295.975;1166.107;3605.979;1043.664;2186.629;304.451;405.436;2624.916;3129.674;-5.181;2079.182;1393.988;574.785;1840.986;6.976;3596.057;150.825;3404.373;2679.226;-6.331;1797.411;3586.968;850.565;1939.960;1953.566;1138.925;433.027;1905.031;1722.067;3356.653;2164.232;1449.583;611.042;1368.872;2014.075;2476.234;3439.446;818.548;2797.038;1499.916;2463.535;0.157;2664.370;3303.536;71.137;1412.169;1052.876;2779.344;253.980;1196.163;2443.380;3255.303;694.959;14.525;736.741;2850.322;24.949;2700.182;527.155;3176.649;2874.362;3600.060;1630.669
114,202.7414791584015,113,-556.7400270872413,556.7400270872413,0.28584166481154744,902.615;1673.121;1980.261;44.422;1182.839;842.847;2588.379;579.113;40.993;3562.681;2221.382;9.604;2554.445;495.595;917.303;1016.650;2723.329;1987.268;709.436;1796.080;450.592;3598.752;1888.007;1720.095;1250.240;46.305;2721.723;2019.738;2962.430;3308.718;-2.659;2136.788;-8.362;2387.993;1812.422;1263.237;2667.530;2268.865;999.088;-6.764;2742.052;3229.989;225.199;1930.189;1140.953;697.434;346.498;951.702;3600.807;657.971;1050.270;0.311;2167.843;815.083;2831.211;1892.582;1660.233;2769.414;3605.352;3478.448;1420.704;3603.557;-5.338;2822.837;2262.970;1914.381;1788.804;2717.052;2566.648;3099.590;365.446;315.129;2663.192;1424.024;1099.803;247.466;2.946;1504.971;2110.038;3091.174;3229.322;3598.990;1383.545;1486.998;753.278;3209.897;3332.757;3160.000;110.290;2369.204;3288.998;92.055;3580.834;1339.486;2431.566;156.324;3601.206;2336.631;3270.026;3415.094,1649.760;3593.660;2420.479;977.926;550.203;2414.850;3062.965;3604.462;2212.827;479.818;930.505;1780.949;244.280;970.822;16.904;3589.013;3584.398;1210.645;1514.276;2964.543;2250.050;2470.924;1388.220;2011.775;370.460;3416.483;3.411;182.423;3047.519;1969.499;2400.379;2145.954;2868.101;2301.355;663.564;2992.570;1235.858;3302.553;1158.976;3595.812;1049.436;2174.718;304.552;404.830;2629.301;3138.163;4.379;2084.946;1382.324;569.849;1834.207;18.018;3593.137;143.805;3392.266;2683.744;3.552;1809.034;3574.833;852.272;1950.405;1941.836;1133.137;425.154;1908.863;1713.677;3368.568;2155.909;1444.359;619.851;1357.928;2004.230;2469.756;3427.918;812.672;2809.680;1510.676;2451.595;-7.830;2670.330;3314.582;58.408;1424.598;1056.756;2767.280;266.511;1207.056;2453.628;3263.875;690.133;23.192;726.287;2862.696;20.807;2708.250;536.330;3179.255;2886.276;3611.694;1638.921
115,204.5826759338379,114,-556.3441104630551,556.3441104630551,0.34791635596049736,890.005;1664.725;1992.886;48.698;1177.725;853.257;2588.148;566.522;52.858;3575.273;2233.315;19.140;2565.210;504.827;905.328;1009.495;2733.048;1974.893;705.856;1783.611;438.532;3588.722;1900.638;1731.328;1262.638;55.210;2710.727;2032.190;2949.957;3321.163;-6.769;2149.242;3.867;2375.564;1821.245;1273.973;2655.688;2280.808;1003.185;-11.837;2754.670;3218.045;237.205;1918.131;1136.099;707.838;358.415;957.777;3589.597;646.672;1061.925;-2.206;2155.217;817.967;2819.813;1880.067;1660.388;2762.307;3595.046;3466.668;1409.944;3591.477;-9.213;2811.649;2250.351;1909.910;1778.481;2729.560;2577.815;3087.161;353.329;327.131;2650.693;1435.849;1091.005;258.436;-7.441;1517.355;2122.317;3078.684;3241.730;3590.758;1371.440;1477.704;740.933;3209.871;3332.914;3160.868;121.970;2357.252;3301.554;80.958;3592.956;1352.155;2426.835;145.906;3609.752;2347.131;3279.632;3427.701,1643.215;3605.374;2431.554;975.173;537.562;2403.586;3075.440;3593.272;2224.151;492.122;928.161;1770.354;245.996;982.111;18.170;3576.927;3597.019;1222.260;1502.825;2961.901;2260.330;2459.421;1397.930;2023.990;358.667;3428.176;-4.360;187.122;3059.470;1981.345;2387.982;2136.153;2879.544;2295.287;675.973;2986.145;1223.267;3290.444;1146.571;3602.789;1039.424;2162.117;292.854;393.121;2641.702;3144.699;-7.233;2097.043;1393.491;557.930;1845.574;27.860;3604.931;155.844;3389.906;2696.087;-6.444;1797.162;3571.754;864.641;1938.281;1932.154;1120.732;412.878;1907.894;1701.281;3356.646;2167.465;1432.648;610.507;1369.832;1996.585;2481.805;3415.487;800.277;2808.047;1499.316;2439.220;3.169;2682.556;3302.313;47.905;1432.199;1069.088;2754.806;263.507;1195.608;2466.193;3251.615;698.786;11.062;713.699;2852.742;29.659;2697.027;548.866;3191.634;2875.081;3600.334;1651.147
116,206.43628692626953,115,-556.462746900772,556.462746900772,0.31651547416175213,877.481;1655.030;2000.944;61.021;1175.983;846.128;2575.877;558.892;41.958;3576.912;2223.431;30.780;2577.429;511.744;893.020;1020.987;2723.140;1975.643;717.237;1793.263;426.913;3598.239;1907.196;1720.464;1263.998;47.462;2699.379;2030.232;2950.767;3311.411;4.510;2160.837;7.446;2363.166;1833.189;1279.971;2649.510;2273.847;998.043;0.154;2758.011;3229.710;239.030;1927.894;1143.858;696.284;357.673;970.105;3590.359;634.986;1073.722;4.620;2152.910;829.922;2825.847;1868.447;1648.437;2774.266;3585.165;3468.234;1417.053;3598.176;-21.553;2817.101;2261.637;1898.403;1766.525;2721.646;2584.345;3081.003;355.116;339.712;2640.026;1428.116;1101.575;270.416;3.836;1529.891;2117.131;3086.773;3239.986;3602.238;1361.560;1469.365;747.507;3219.443;3344.904;3149.364;111.197;2356.573;3295.647;92.076;3591.299;1347.750;2438.405;135.642;3597.671;2352.591;3291.975;3430.733,1655.121;3599.546;2444.104;962.856;547.235;2402.039;3083.452;3595.984;2225.897;499.339;917.631;1757.952;233.967;977.659;5.916;3585.269;3606.031;1234.760;1500.539;2949.853;2255.086;2466.065;1390.044;2019.672;346.222;3426.225;5.413;199.304;3071.701;1970.432;2398.444;2123.764;2873.238;2306.986;664.810;2975.934;1234.578;3299.491;1133.963;3591.863;1026.924;2170.493;280.547;382.303;2639.417;3157.090;3.830;2085.189;1403.249;569.141;1848.807;16.487;3598.327;167.888;3377.581;2701.140;4.725;1804.678;3583.807;876.423;1928.509;1942.855;1133.015;422.162;1897.737;1695.277;3363.282;2155.688;1439.668;617.839;1360.118;2003.354;2480.692;3402.971;787.685;2797.056;1510.590;2426.609;10.194;2672.116;3309.164;35.429;1444.605;1080.541;2764.255;251.180;1183.308;2465.350;3243.378;710.112;22.398;709.257;2861.051;18.717;2699.016;546.080;3182.227;2876.854;3597.118;1662.086
117,208.3227574825287,116,-557.1393079762759,557.1393079762759,0.3694306654051031,884.501;1667.221;2010.076;62.751;1180.759;851.533;2587.260;553.152;29.515;3589.077;2227.096;19.057;2569.405;499.820;882.137;1028.325;2731.056;1963.457;722.338;1783.814;435.785;3610.406;1919.538;1710.221;1259.487;35.086;2688.669;2036.324;2939.352;3316.548;12.150;2149.243;5.628;2372.601;1824.364;1291.611;2658.994;2261.937;985.775;7.384;2767.380;3219.382;227.720;1920.784;1155.433;704.957;345.863;960.907;3602.251;647.032;1081.624;16.294;2160.389;820.096;2816.901;1877.953;1636.454;2764.370;3595.373;3476.652;1406.898;3609.960;-14.379;2825.566;2272.426;1889.168;1760.646;2716.396;2586.571;3086.631;365.946;330.768;2646.672;1415.741;1112.153;262.932;14.781;1521.028;2126.670;3097.896;3251.980;3605.597;1357.068;1481.335;739.454;3210.671;3336.481;3147.902;98.978;2364.264;3288.014;104.155;3602.357;1349.059;2437.782;123.202;3598.633;2340.722;3280.573;3427.317,1656.279;3600.855;2434.493;960.013;559.521;2413.252;3078.783;3606.690;2237.525;494.540;924.403;1764.225;237.654;965.671;-6.571;3580.557;3595.171;1225.903;1489.835;2956.312;2242.870;2456.193;1401.665;2014.742;335.923;3415.638;-4.489;205.794;3073.187;1971.705;2409.980;2132.798;2862.307;2297.598;671.384;2986.883;1237.364;3308.202;1131.001;3602.965;1014.368;2180.965;291.231;392.709;2629.067;3162.529;-3.623;2092.845;1394.310;572.889;1857.650;5.017;3606.773;177.532;3376.262;2710.947;-4.398;1794.589;3577.820;867.520;1935.213;1937.745;1136.010;434.082;1885.312;1683.858;3356.850;2160.529;1451.401;605.931;1356.787;1997.772;2491.886;3412.762;792.000;2808.225;1507.895;2436.655;0.829;2665.443;3310.515;25.802;1445.888;1072.825;2756.330;246.569;1191.876;2454.119;3231.755;699.014;26.095;721.041;2871.177;29.721;2709.602;533.935;3180.390;2888.747;3606.088;1674.357
118,210.02593159675598,117,-556.8708876026562,556.8708876026562,0.2521032028490405,889.414;1668.797;2017.615;61.417;1171.565;843.682;2584.618;565.135;17.488;3582.182;2216.015;16.005;2570.225;489.505;870.479;1016.638;2721.890;1951.957;711.223;1786.926;424.895;3598.468;1930.234;1721.463;1271.236;23.151;2700.421;2048.586;2949.662;3311.101;23.983;2138.630;15.648;2379.630;1833.168;1304.061;2651.529;2249.990;973.594;15.850;2778.816;3216.115;216.426;1909.397;1145.912;695.551;338.856;948.860;3593.525;642.127;1093.910;7.495;2171.436;831.499;2809.677;1867.765;1645.371;2769.044;3605.003;3488.988;1402.617;3598.376;-4.000;2814.458;2284.803;1876.886;1749.719;2708.459;2575.153;3097.071;377.996;326.745;2638.781;1406.951;1124.576;269.291;12.667;1510.646;2137.766;3110.342;3257.305;3594.311;1368.950;1472.592;746.937;3220.411;3339.196;3135.858;86.720;2353.215;3278.655;100.195;3597.754;1337.202;2440.284;115.360;3593.090;2341.586;3275.122;3430.009,1647.990;3608.884;2426.338;959.563;553.228;2416.051;3090.271;3594.935;2249.854;482.452;912.502;1756.747;239.106;955.147;3.978;3592.338;3604.530;1214.023;1485.313;2951.201;2244.258;2464.962;1414.131;2026.447;323.557;3403.214;6.275;218.076;3061.215;1962.353;2420.632;2144.659;2873.447;2293.163;682.664;2976.970;1228.384;3319.502;1141.905;3606.868;1023.656;2170.165;291.252;382.259;2617.869;3155.528;3.150;2096.978;1404.106;561.033;1845.596;12.194;3594.785;189.151;3386.133;2723.118;2.863;1784.104;3582.259;877.019;1946.328;1943.091;1137.509;426.887;1892.046;1671.614;3344.634;2172.452;1440.364;615.864;1367.683;1985.522;2489.913;3424.902;784.991;2799.456;1496.141;2438.734;-11.546;2676.745;3306.740;14.293;1436.781;1061.598;2766.546;250.721;1193.672;2462.994;3243.348;686.599;16.495;730.745;2862.090;21.942;2698.238;536.970;3191.251;2886.224;3594.449;1663.449
119,211.8800539970398,118,-557.1947575780517,557.1947575780517,0.14317474246166745,885.538;1679.210;2013.942;51.774;1183.620;832.490;2572.912;561.251;23.058;3587.002;2227.510;5.056;2582.231;501.307;863.134;1021.576;2733.490;1951.859;698.838;1799.040;412.637;3599.498;1920.722;1731.939;1260.976;34.461;2699.811;2060.928;2961.717;3299.003;14.212;2138.152;6.939;2390.726;1834.695;1295.166;2639.558;2237.702;982.777;5.031;2769.099;3227.646;209.519;1897.823;1133.612;684.287;326.621;956.172;3602.759;643.518;1105.094;-4.716;2183.664;826.520;2819.776;1857.156;1637.174;2781.138;3593.287;3485.801;1396.603;3602.011;5.838;2802.209;2279.017;1864.516;1737.403;2705.053;2577.407;3109.431;390.401;338.592;2646.504;1402.559;1125.640;260.050;11.339;1520.502;2126.191;3100.327;3269.161;3604.796;1370.501;1463.065;755.264;3227.946;3351.310;3147.652;74.510;2360.847;3266.361;88.166;3595.116;1325.407;2451.402;126.360;3599.087;2351.180;3263.269;3418.947,1643.106;3596.924;2436.979;957.674;541.272;2428.146;3102.474;3593.352;2261.175;470.231;901.919;1745.162;231.472;942.823;-3.033;3596.310;3595.449;1201.897;1495.931;2939.216;2254.163;2461.466;1414.334;2036.627;313.593;3413.064;-3.403;225.567;3049.860;1950.408;2424.077;2156.406;2876.334;2282.689;695.057;2973.710;1216.783;3331.807;1141.573;3595.094;1033.804;2169.989;286.398;385.950;2610.063;3166.715;-4.594;2109.152;1416.387;548.628;1834.399;22.971;3597.664;201.540;3375.009;2735.551;-0.315;1771.778;3592.101;874.975;1934.628;1938.932;1142.754;432.121;1883.188;1680.756;3353.211;2169.158;1438.087;627.965;1358.341;1973.118;2498.178;3431.500;772.890;2787.629;1505.393;2428.087;-0.049;2667.343;3318.285;2.209;1424.729;1071.857;2776.600;262.578;1181.882;2458.730;3233.462;674.258;8.234;742.936;2866.109;17.351;2685.861;548.854;3185.225;2897.211;3602.154;1655.475
120,213.75429034233093,119,-557.894432813415,557.894432813415,0.235444203482509,887.226;1689.882;2024.393;42.351;1181.107;824.651;2579.585;552.084;18.788;3598.976;2218.037;0.554;2574.293;509.095;851.092;1031.108;2723.526;1962.754;686.558;1809.453;401.856;3608.204;1926.996;1727.349;1269.298;36.848;2708.090;2050.752;2967.878;3303.878;3.570;2141.915;-4.274;2379.268;1824.292;1282.950;2646.479;2227.045;972.656;-4.124;2774.679;3235.570;218.703;1908.989;1141.218;687.570;330.534;963.267;3594.369;654.165;1115.447;2.521;2178.733;819.890;2832.016;1845.079;1625.930;2792.549;3597.511;3484.344;1385.928;3599.488;12.085;2811.529;2276.255;1860.183;1743.265;2692.984;2589.390;3118.780;380.953;350.695;2636.028;1390.678;1114.137;270.498;-0.332;1520.263;2133.976;3100.479;3275.343;3595.565;1377.494;1452.345;767.394;3216.498;3344.247;3144.654;64.628;2371.569;3255.738;89.165;3599.049;1323.930;2463.717;118.872;3606.986;2345.406;3255.575;3425.580,1633.600;3597.800;2448.909;955.300;541.306;2436.318;3094.006;3584.583;2259.749;458.514;905.550;1756.970;243.290;937.789;3.651;3608.315;3600.952;1190.834;1508.142;2950.726;2264.953;2456.472;1403.120;2036.684;301.330;3414.899;2.387;213.719;3059.724;1950.855;2436.105;2145.918;2888.031;2294.410;688.157;2985.282;1226.934;3321.865;1153.105;3594.368;1023.491;2181.683;276.865;398.056;2602.258;3170.137;6.922;2108.476;1408.053;539.146;1822.699;11.519;3605.641;208.734;3382.016;2743.871;-4.232;1766.824;3602.942;880.757;1943.563;1949.404;1145.749;439.373;1871.051;1683.125;3364.031;2158.217;1449.697;622.905;1346.392;1961.124;2486.271;3442.922;782.181;2775.270;1515.198;2415.959;-0.052;2656.197;3325.130;8.576;1412.378;1084.014;2781.605;251.964;1173.219;2446.667;3236.462;677.134;0.278;744.283;2878.204;28.195;2692.597;538.790;3173.392;2909.281;3596.013;1666.917
121,215.65779185295105,120,-558.0400076870853,558.0400076870853,0.3464906741478447,894.235;1692.300;2012.488;30.309;1175.426;812.568;2568.778;539.963;6.742;3610.546;2226.275;-2.785;2570.670;520.769;860.372;1020.230;2711.591;1952.858;676.220;1812.919;390.499;3596.799;1938.363;1725.030;1281.310;28.571;2720.253;2041.663;2978.982;3292.095;15.420;2132.382;7.445;2389.093;1833.709;1286.963;2658.428;2215.064;960.430;7.458;2762.884;3246.704;207.068;1900.794;1144.235;699.597;342.338;975.392;3604.908;653.595;1127.642;-3.006;2189.429;829.095;2844.057;1855.227;1637.705;2781.509;3599.861;3496.293;1397.875;3588.757;12.513;2805.167;2287.888;1871.916;1735.377;2681.060;2593.936;3130.952;391.623;344.526;2647.822;1378.508;1123.510;274.880;-12.624;1508.298;2145.860;3089.496;3276.444;3595.579;1389.590;1440.111;756.566;3204.243;3332.141;3156.153;52.494;2360.211;3247.087;99.755;3587.145;1311.975;2475.346;107.088;3595.124;2333.329;3265.972;3437.655,1645.438;3605.247;2460.963;945.238;533.169;2444.153;3101.941;3583.849;2248.966;452.355;893.887;1758.421;237.605;926.020;-7.576;3596.758;3599.705;1178.565;1505.817;2961.659;2253.744;2467.870;1396.167;2025.243;306.895;3424.387;-5.729;201.902;3067.801;1938.952;2441.402;2152.238;2888.943;2293.942;698.779;2996.619;1238.291;3332.971;1147.600;3605.623;1019.959;2177.363;288.453;409.188;2590.112;3161.649;12.731;2119.814;1396.921;538.832;1810.489;-0.559;3594.159;220.561;3372.219;2732.932;7.658;1770.347;3592.070;876.774;1933.433;1961.520;1156.222;450.756;1881.597;1672.539;3359.778;2145.966;1459.364;630.800;1335.270;1956.619;2485.338;3453.427;775.607;2771.912;1521.915;2425.699;2.148;2665.943;3337.208;8.816;1419.135;1094.213;2793.668;260.141;1171.709;2443.936;3225.051;666.966;-11.835;755.016;2873.718;16.658;2682.780;537.855;3162.067;2920.641;3602.250;1657.764
122,217.37485337257385,121,-558.4440995117045,558.4440995117045,0.406111374699211,882.336;1680.420;2002.400;39.384;1187.207;808.574;2562.392;543.774;4.408;3598.849;2236.288;-14.726;2566.155;531.190;872.261;1008.066;2720.650;1963.184;685.544;1801.293;399.461;3602.656;1929.828;1733.232;1270.926;39.833;2711.749;2044.523;2972.317;3301.397;17.292;2144.163;1.392;2384.218;1823.027;1276.353;2669.573;2226.665;949.568;-1.009;2754.702;3257.211;196.643;1910.713;1132.740;703.606;334.086;967.873;3593.852;665.387;1139.216;8.561;2178.091;817.240;2835.649;1867.210;1642.128;2773.737;3611.596;3498.735;1388.729;3581.572;2.481;2816.373;2277.485;1878.395;1746.586;2692.696;2605.687;3124.194;392.335;335.863;2647.872;1387.743;1114.041;286.591;-0.950;1517.570;2134.805;3080.126;3288.400;3605.533;1398.134;1448.287;744.864;3215.384;3324.189;3163.593;41.746;2348.271;3258.529;88.115;3594.735;1319.533;2467.857;117.233;3586.147;2334.186;3254.612;3442.050,1642.664;3611.863;2449.614;947.007;544.443;2433.569;3090.514;3572.068;2236.856;463.933;903.732;1768.833;247.777;918.465;2.782;3596.909;3611.271;1167.514;1511.357;2973.389;2258.912;2480.011;1392.162;2013.281;297.690;3423.495;0.106;203.168;3072.154;1926.758;2429.943;2141.312;2886.966;2305.718;694.071;2990.022;1249.461;3336.272;1159.396;3594.833;1009.084;2189.237;300.429;407.044;2599.702;3149.549;24.670;2128.391;1385.283;547.062;1798.315;-12.820;3595.367;214.436;3373.924;2741.642;-0.633;1781.687;3602.635;864.778;1944.831;1969.673;1147.709;439.146;1893.204;1660.921;3348.381;2153.171;1451.172;642.892;1345.410;1950.121;2475.757;3444.404;776.668;2783.002;1510.244;2436.325;1.225;2677.861;3349.039;11.389;1408.319;1095.564;2804.377;272.234;1183.548;2431.973;3235.061;654.857;-1.590;744.717;2879.775;27.096;2689.776;526.043;3149.865;2932.023;3593.057;1647.655
123,219.22769951820374,122,-558.6936437077082,558.6936437077082,0.24737379820838853,891.224;1687.259;1992.303;37.653;1193.541;809.212;2554.711;545.735;11.246;3601.147;2226.474;-2.974;2554.397;522.097;864.363;1018.746;2719.623;1968.960;677.078;1789.733;388.550;3594.453;1918.597;1721.431;1273.359;29.755;2714.341;2032.802;2970.953;3297.224;8.513;2134.758;5.014;2395.066;1811.773;1264.527;2675.960;2223.997;939.980;-0.837;2764.922;3251.322;206.753;1922.705;1130.474;695.105;339.075;956.802;3601.392;677.275;1149.507;2.552;2183.913;813.627;2844.999;1863.663;1630.863;2761.835;3600.114;3509.242;1397.276;3578.465;-0.359;2809.825;2282.308;1889.941;1749.620;2693.058;2617.795;3122.140;380.824;346.848;2658.095;1378.282;1102.261;275.606;1.025;1524.667;2127.982;3083.331;3282.340;3594.182;1390.295;1437.751;754.035;3220.925;3325.502;3167.258;31.057;2359.103;3249.279;84.413;3602.928;1322.324;2478.005;107.584;3597.190;2342.636;3245.405;3453.606,1642.376;3600.017;2440.752;942.958;533.811;2442.116;3097.323;3582.523;2244.907;473.345;892.417;1777.145;259.359;927.496;13.389;3585.563;3599.604;1178.150;1523.249;2968.574;2247.321;2485.319;1396.783;2021.669;308.946;3413.167;-10.799;213.839;3084.094;1935.608;2439.749;2152.369;2875.105;2311.304;684.438;3000.906;1238.774;3325.474;1154.733;3597.999;1019.994;2181.239;291.487;418.335;2589.880;3159.466;15.969;2139.533;1373.470;537.792;1803.523;-1.647;3606.066;202.530;3362.457;2750.563;3.521;1770.166;3591.072;855.604;1936.241;1981.608;1145.627;433.121;1899.016;1663.325;3358.384;2144.446;1439.157;632.136;1356.275;1938.731;2463.699;3455.778;788.313;2795.157;1500.692;2448.226;-10.401;2668.738;3340.013;-0.491;1396.842;1107.397;2793.779;266.717;1195.342;2439.413;3237.340;643.710;10.302;732.865;2891.721;22.511;2701.734;534.977;3153.222;2928.093;3604.793;1635.614
124,221.1165738105774,123,-558.6861809749226,558.6861809749226,0.2567042920817332,888.682;1690.070;1984.026;26.514;1195.898;820.447;2565.945;534.854;7.310;3597.441;2214.429;2.737;2542.356;533.415;852.725;1021.330;2708.387;1966.812;665.164;1800.495;376.973;3603.237;1926.670;1730.583;1262.128;18.797;2726.163;2042.326;2959.225;3288.481;2.720;2123.616;-6.211;2387.794;1823.285;1253.084;2687.884;2233.673;950.833;5.749;2754.263;3239.404;195.777;1931.351;1119.274;706.056;345.497;944.795;3613.007;689.383;1161.568;-8.496;2174.074;802.402;2856.996;1852.570;1625.480;2758.385;3604.049;3507.391;1392.100;3590.247;3.283;2819.887;2294.044;1883.140;1738.249;2703.759;2628.768;3131.801;385.651;342.648;2656.841;1370.455;1103.891;264.798;-1.642;1513.312;2116.179;3095.189;3288.415;3603.982;1401.923;1445.766;761.157;3210.973;3337.167;3156.457;40.595;2369.756;3248.434;75.174;3591.496;1311.345;2469.230;118.222;3600.862;2331.781;3233.672;3447.741,1654.014;3602.145;2451.044;931.089;522.078;2440.402;3086.228;3594.444;2244.250;463.631;886.444;1765.495;249.204;939.415;19.201;3587.737;3601.279;1189.323;1533.125;2980.306;2257.586;2475.100;1405.373;2033.657;297.759;3401.133;0.849;225.803;3096.134;1947.103;2450.294;2162.142;2886.363;2300.353;676.035;2989.446;1226.709;3336.553;1143.662;3593.462;1009.466;2187.797;279.475;430.424;2580.683;3171.516;4.162;2128.314;1373.724;525.795;1796.594;3.507;3594.620;212.977;3350.350;2738.988;9.682;1758.113;3600.666;843.601;1940.244;1972.472;1138.182;422.474;1901.008;1651.580;3346.733;2155.503;1439.936;626.922;1368.074;1926.621;2453.224;3467.884;776.911;2790.301;1489.035;2442.962;1.175;2677.420;3351.314;8.420;1385.299;1119.472;2794.736;274.704;1207.474;2449.562;3226.186;651.529;0.108;741.182;2881.149;10.703;2708.760;546.462;3142.303;2939.906;3594.060;1623.471
125,222.82886576652527,124,-558.4812440685772,558.4812440685772,0.3292988907872318,898.600;1682.968;1994.959;37.185;1184.931;832.056;2575.740;546.139;18.862;3586.696;2205.956;-3.688;2534.081;532.899;841.866;1016.924;2712.871;1968.129;670.668;1795.741;367.426;3596.975;1931.236;1732.331;1256.196;30.004;2737.229;2049.545;2947.201;3293.718;-9.118;2112.031;3.829;2395.616;1831.376;1255.330;2698.289;2241.602;961.296;-5.948;2743.753;3227.332;184.508;1942.650;1130.138;701.507;337.070;932.895;3601.618;688.182;1157.161;3.010;2168.268;790.446;2868.258;1862.840;1636.420;2769.737;3597.758;3516.195;1397.676;3602.091;14.983;2831.871;2299.738;1876.870;1726.811;2696.845;2627.076;3143.032;375.161;332.146;2667.028;1364.356;1115.590;252.940;9.804;1502.130;2107.872;3093.835;3277.054;3603.407;1394.853;1455.940;754.871;3198.987;3347.288;3167.920;50.617;2379.323;3251.798;63.221;3601.303;1308.511;2458.075;129.540;3611.039;2319.751;3235.656;3436.451,1663.982;3599.941;2456.438;928.273;514.992;2451.737;3082.501;3603.397;2233.654;452.887;892.392;1762.915;238.592;944.528;8.025;3599.471;3595.593;1184.511;1522.445;2985.070;2267.975;2463.318;1416.933;2035.962;286.920;3391.295;-0.845;235.471;3106.421;1942.758;2440.146;2151.955;2898.015;2292.528;664.119;2981.188;1215.609;3344.140;1132.199;3602.692;1009.179;2177.497;278.561;430.838;2592.215;3178.649;11.231;2118.713;1385.174;531.564;1807.976;-7.026;3599.041;223.581;3342.087;2728.700;21.490;1759.831;3609.584;833.493;1933.829;1977.287;1148.976;433.931;1911.997;1652.538;3336.158;2165.812;1448.491;627.214;1357.970;1927.553;2452.191;3464.544;766.223;2778.914;1498.681;2450.824;6.258;2689.359;3350.962;19.773;1390.791;1131.260;2785.579;263.573;1215.095;2461.166;3221.279;663.358;-10.612;730.048;2890.532;1.818;2717.110;545.902;3153.013;2950.724;3589.457;1612.168
126,224.6814067363739,125,-557.9990709251413,557.9990709251413,0.24489709259090534,906.727;1671.150;1994.152;44.946;1193.886;843.634;2568.675;557.138;29.749;3594.954;2200.686;-4.514;2534.540;538.852;850.326;1028.063;2706.778;1979.859;681.988;1787.921;378.708;3597.470;1919.594;1744.021;1244.680;33.655;2732.267;2061.382;2958.230;3305.473;-2.343;2100.149;-7.156;2407.393;1820.443;1247.576;2688.071;2232.759;972.445;-5.127;2752.377;3231.135;172.799;1932.139;1124.485;691.652;330.885;921.440;3604.819;677.376;1163.654;4.832;2160.698;790.686;2880.222;1873.194;1631.694;2771.487;3590.278;3504.754;1386.155;3601.796;3.536;2842.550;2291.039;1865.273;1727.777;2706.525;2636.946;3131.657;385.590;320.188;2655.614;1373.460;1105.924;246.301;9.710;1502.701;2096.102;3082.732;3272.417;3594.353;1398.278;1467.777;743.065;3206.818;3336.368;3162.243;62.470;2390.353;3263.510;73.216;3597.202;1319.664;2463.458;123.802;3599.488;2322.856;3224.077;3441.910,1661.128;3592.141;2460.650;918.326;526.475;2458.544;3090.025;3599.510;2226.335;463.291;886.852;1753.713;242.037;947.637;-3.956;3611.201;3585.249;1173.215;1529.331;2974.852;2277.697;2474.522;1405.440;2046.894;276.181;3400.958;-2.389;244.275;3096.806;1949.647;2428.510;2142.778;2889.881;2281.242;653.817;2970.079;1209.107;3355.671;1142.534;3591.332;998.007;2166.190;275.425;439.061;2598.042;3178.623;16.458;2107.527;1397.171;521.062;1807.444;-0.817;3605.057;221.891;3331.787;2731.487;11.357;1770.817;3598.572;822.459;1943.612;1979.317;1142.094;426.920;1901.021;1641.897;3336.836;2160.259;1458.520;638.222;1363.199;1938.679;2462.225;3457.092;768.558;2786.877;1487.873;2449.614;7.086;2692.758;3362.210;19.493;1389.168;1141.268;2774.183;261.940;1222.088;2453.749;3209.509;672.963;0.455;734.773;2895.686;6.519;2728.807;534.337;3158.510;2956.914;3599.148;1600.225
127,226.55529069900513,126,-558.3436047988455,558.3436047988455,0.25490351177528203,895.652;1659.203;1982.586;35.222;1205.716;855.540;2558.085;546.060;20.906;3606.759;2189.937;7.088;2546.111;527.576;862.103;1017.952;2718.097;1991.805;693.903;1776.153;386.183;3605.440;1920.838;1737.032;1239.948;26.347;2721.313;2056.275;2969.798;3317.360;8.341;2111.031;2.029;2398.018;1808.651;1258.943;2676.650;2244.041;961.143;4.315;2764.192;3220.873;163.724;1941.688;1112.777;702.830;319.457;931.896;3594.565;665.922;1152.796;9.633;2148.974;780.123;2869.315;1885.084;1638.314;2760.559;3601.602;3493.107;1393.729;3596.058;-7.561;2831.760;2279.913;1865.743;1739.368;2718.150;2625.724;3136.244;383.444;328.014;2652.640;1385.281;1096.011;251.531;-1.647;1497.542;2102.755;3070.843;3283.698;3584.373;1386.672;1479.634;731.107;3214.434;3324.720;3172.842;65.970;2379.256;3275.464;70.662;3585.586;1331.573;2452.337;133.111;3601.696;2334.369;3215.309;3453.618,1672.574;3602.721;2470.075;906.459;529.597;2447.029;3101.727;3588.819;2214.588;475.117;898.037;1746.052;253.728;958.751;3.784;3600.343;3594.047;1184.234;1540.694;2963.051;2289.510;2484.232;1408.322;2038.940;284.970;3389.828;5.089;233.347;3085.771;1938.226;2419.763;2130.966;2878.727;2289.440;643.293;2974.254;1217.039;3367.383;1151.839;3594.823;1001.424;2162.096;286.119;429.168;2609.416;3190.060;25.712;2117.825;1386.960;531.984;1817.883;-10.999;3593.803;214.420;3319.944;2724.069;11.243;1772.677;3598.950;819.967;1955.477;1990.983;1130.535;415.230;1889.142;1632.095;3339.758;2170.880;1466.642;626.838;1352.513;1950.273;2469.049;3445.695;779.466;2798.591;1476.187;2461.228;-0.619;2703.815;3374.093;21.672;1377.496;1130.624;2762.282;271.824;1233.848;2442.136;3217.284;676.518;-2.546;723.449;2904.170;-0.383;2740.679;544.833;3153.720;2960.235;3607.212;1606.466
128,228.25985956192017,127,-558.7913696822336,558.7913696822336,0.2686159244394416,906.237;1654.719;1985.405;24.241;1196.018;859.430;2546.312;536.740;29.412;3596.113;2198.231;5.593;2555.579;536.653;869.189;1010.407;2711.638;1995.122;691.959;1775.408;393.448;3593.894;1917.815;1732.314;1246.117;33.055;2710.303;2048.437;2970.241;3314.026;-0.094;2115.899;0.182;2392.933;1814.757;1251.821;2682.197;2249.217;954.798;-5.601;2768.487;3227.819;158.891;1934.868;1102.083;708.305;321.563;927.734;3597.605;654.095;1141.202;0.593;2149.960;774.949;2865.935;1886.933;1650.014;2770.894;3596.417;3501.471;1389.173;3603.813;3.323;2835.017;2283.682;1854.542;1746.585;2716.582;2614.358;3128.026;393.225;317.499;2641.404;1379.689;1102.413;242.361;4.150;1505.726;2112.950;3070.579;3291.373;3595.697;1386.569;1485.667;729.621;3219.661;3331.157;3173.822;71.947;2369.497;3274.602;72.760;3595.913;1333.180;2460.927;124.186;3592.584;2343.338;3210.617;3461.835,1664.383;3593.348;2480.972;910.096;541.005;2440.651;3094.512;3599.803;2204.577;482.096;887.593;1735.293;262.276;949.028;-3.674;3602.870;3605.649;1183.719;1548.912;2963.966;2298.386;2480.569;1397.778;2028.716;285.315;3382.046;-5.670;221.664;3095.856;1928.274;2428.250;2139.890;2888.195;2288.284;643.341;2963.312;1216.102;3359.963;1143.301;3590.117;1012.047;2173.065;297.965;433.650;2617.638;3200.208;14.589;2129.483;1382.707;541.267;1809.377;-0.323;3600.106;206.113;3323.627;2718.151;1.357;1761.650;3609.667;810.761;1947.362;1998.672;1125.970;420.749;1881.119;1642.468;3331.220;2160.752;1477.354;633.170;1345.314;1948.159;2458.926;3434.607;790.500;2793.130;1468.674;2454.557;2.088;2715.475;3373.518;18.874;1375.674;1139.013;2769.063;268.393;1233.882;2451.237;3213.853;685.538;1.797;725.158;2892.948;-11.795;2732.250;539.689;3154.448;2971.548;3595.910;1615.369
129,230.0943479537964,128,-558.8008666933071,558.8008666933071,0.33662057102076426,909.697;1648.331;1974.331;13.167;1206.809;871.006;2535.803;529.766;19.376;3597.322;2188.466;-2.712;2567.072;548.240;879.890;998.738;2700.061;1991.845;703.253;1764.224;385.093;3601.275;1927.990;1721.350;1235.450;40.861;2720.509;2044.269;2963.209;3303.014;9.673;2127.193;-10.909;2381.334;1818.830;1240.364;2671.771;2260.627;944.895;5.008;2779.211;3217.236;147.298;1923.636;1112.858;719.581;310.453;916.736;3604.450;657.035;1149.874;6.903;2139.886;763.474;2860.570;1897.451;1642.045;2761.298;3605.599;3512.940;1377.616;3592.451;13.044;2823.668;2294.937;1865.585;1758.195;2727.893;2618.969;3139.452;382.280;307.313;2651.632;1379.649;1094.802;253.625;-5.069;1517.411;2124.437;3077.017;3302.984;3602.630;1375.662;1497.128;718.349;3231.252;3339.946;3184.625;60.505;2360.737;3263.172;61.741;3602.380;1322.536;2472.622;116.161;3592.335;2332.644;3202.708;3473.429,1674.089;3599.632;2469.766;899.447;551.849;2451.089;3084.519;3607.693;2208.192;493.680;894.651;1726.538;270.440;956.935;4.894;3594.592;3595.499;1194.807;1541.211;2958.860;2289.741;2478.192;1408.550;2022.986;273.937;3376.431;5.202;210.225;3106.793;1928.063;2417.336;2144.651;2877.318;2277.286;631.914;2969.552;1227.168;3370.003;1141.851;3581.397;1000.908;2173.948;309.721;422.346;2606.546;3207.109;10.449;2140.458;1387.096;549.760;1797.824;-7.892;3609.307;199.930;3333.198;2719.437;-10.383;1770.679;3598.905;822.205;1957.311;2006.249;1114.409;413.706;1887.083;1632.557;3326.947;2171.560;1465.952;622.321;1356.484;1936.885;2450.620;3430.271;802.270;2804.410;1457.200;2465.508;13.009;2727.153;3382.661;7.353;1364.390;1128.978;2759.023;279.775;1239.680;2460.278;3207.099;697.195;-6.224;713.804;2900.159;-0.444;2742.819;549.618;3142.919;2962.965;3593.442;1608.428
130,231.94533681869507,129,-559.1145283159146,559.1145283159146,0.2982604122966091,910.745;1659.553;1983.689;23.575;1198.153;860.954;2544.443;539.852;13.113;3597.959;2176.840;-9.297;2578.679;542.180;868.788;990.846;2710.651;1997.791;711.903;1772.304;394.466;3607.071;1939.696;1713.066;1246.629;29.847;2709.703;2032.894;2951.621;3296.094;6.202;2132.582;0.008;2376.603;1830.321;1243.011;2682.722;2251.267;935.233;3.981;2769.424;3227.368;156.867;1932.779;1122.387;714.357;298.855;924.671;3593.109;650.010;1139.702;-3.748;2150.518;774.357;2853.090;1887.306;1652.635;2762.765;3595.043;3515.409;1378.823;3602.315;7.905;2827.962;2283.979;1871.805;1748.310;2717.581;2610.965;3149.897;391.729;312.514;2643.003;1369.265;1104.503;246.298;5.509;1507.371;2113.638;3088.454;3293.920;3597.794;1384.110;1489.076;728.163;3223.030;3336.267;3174.632;66.209;2369.791;3266.149;71.059;3591.881;1310.865;2464.112;104.580;3602.890;2341.873;3214.105;3484.533,1663.973;3610.943;2469.856;909.452;543.616;2459.630;3090.600;3596.352;2219.597;484.185;886.170;1737.930;281.756;947.105;-5.828;3603.988;3605.796;1187.249;1550.968;2970.266;2278.112;2466.938;1404.388;2011.621;263.016;3386.796;-4.370;212.326;3098.670;1938.809;2428.389;2152.655;2883.426;2288.548;641.508;2980.272;1238.518;3359.193;1130.524;3592.141;989.298;2185.371;309.810;430.808;2607.248;3212.231;-1.074;2138.674;1375.820;538.705;1808.577;2.467;3598.085;211.394;3344.246;2707.963;0.915;1767.023;3594.497;821.446;1951.003;1995.495;1125.283;424.946;1881.911;1635.600;3315.423;2161.067;1465.449;625.929;1346.705;1925.128;2439.025;3441.648;803.687;2795.759;1467.434;2455.560;1.702;2737.883;3373.412;-3.562;1374.578;1124.952;2769.882;269.726;1229.628;2449.809;3213.038;686.484;4.967;720.558;2889.896;-6.663;2736.768;538.773;3131.448;2974.014;3602.122;1619.431
131,233.82188272476196,130,-559.0187309437381,559.0187309437381,0.2688774154359992,922.125;1660.322;1976.730;34.824;1191.650;851.993;2555.968;543.794;22.885;3594.738;2187.403;1.934;2571.065;534.280;860.726;979.311;2706.674;1987.132;701.261;1778.933;406.067;3595.925;1951.416;1724.255;1256.903;39.231;2715.593;2042.225;2958.356;3306.260;-5.122;2123.545;-2.548;2366.450;1821.441;1232.016;2686.528;2253.961;945.083;-6.997;2778.755;3220.758;162.706;1924.871;1133.608;703.734;307.894;914.109;3599.090;638.495;1140.337;6.626;2160.422;768.056;2841.565;1890.269;1664.292;2774.113;3603.628;3522.144;1390.208;3605.703;-3.256;2818.312;2275.935;1862.379;1738.494;2723.558;2599.448;3160.959;397.417;301.922;2633.105;1357.660;1093.869;239.575;9.392;1496.242;2108.267;3099.834;3288.977;3608.963;1389.499;1494.929;725.446;3227.030;3324.812;3175.773;66.657;2358.730;3276.109;67.681;3602.267;1300.327;2453.900;103.698;3591.939;2331.643;3225.428;3491.977,1665.108;3599.730;2479.703;900.592;536.798;2471.206;3079.384;3601.373;2213.589;487.562;881.642;1747.665;274.086;956.895;4.625;3594.453;3596.600;1196.374;1562.584;2966.576;2283.587;2455.251;1392.943;2009.345;252.469;3381.641;3.060;201.081;3087.500;1928.297;2419.913;2164.178;2876.927;2284.930;652.482;2991.937;1227.851;3362.269;1141.093;3603.783;978.033;2197.005;319.231;442.089;2596.400;3200.970;-10.258;2128.518;1364.847;549.594;1818.676;1.350;3590.635;210.230;3355.831;2701.656;-4.487;1755.746;3584.381;810.967;1939.492;2005.594;1128.762;421.692;1893.196;1646.963;3326.041;2164.004;1471.285;614.973;1343.782;1913.690;2445.040;3452.235;798.994;2802.888;1460.015;2466.118;1.705;2748.676;3384.192;5.085;1369.618;1114.840;2763.738;278.168;1240.779;2453.426;3224.303;696.421;8.604;716.202;2880.110;3.805;2740.093;537.375;3120.180;2985.039;3591.676;1617.167
132,235.5336835384369,131,-559.1314737947868,559.1314737947868,0.2471115277095347,916.412;1649.779;1975.806;24.874;1194.329;841.258;2553.704;532.749;15.219;3605.978;2180.227;1.256;2572.820;523.231;850.795;987.614;2714.658;1997.967;708.913;1787.422;399.848;3603.209;1947.449;1734.530;1268.380;27.935;2708.701;2031.248;2969.111;3317.845;-2.774;2131.313;0.429;2355.050;1827.430;1232.426;2688.487;2243.718;941.301;1.592;2790.055;3226.222;173.645;1929.173;1125.140;692.146;318.765;920.680;3607.258;635.783;1151.439;0.469;2163.918;765.727;2830.049;1890.882;1662.757;2785.734;3594.910;3512.629;1392.749;3594.447;4.924;2807.647;2264.929;1850.837;1738.266;2734.740;2587.811;3170.066;400.685;312.739;2621.528;1346.483;1082.458;250.107;-1.239;1491.078;2119.041;3110.369;3300.072;3598.126;1379.170;1485.106;735.428;3226.436;3324.729;3165.597;78.020;2367.969;3268.283;57.259;3593.128;1308.677;2461.515;103.263;3598.565;2340.580;3216.935;3483.708,1676.467;3599.580;2471.206;910.015;525.333;2474.509;3090.292;3598.777;2202.210;476.661;870.243;1758.955;281.884;947.453;4.394;3586.310;3604.458;1207.730;1552.712;2974.946;2280.630;2443.692;1389.327;2020.676;244.319;3393.005;-4.797;196.319;3075.868;1916.808;2427.051;2175.817;2885.647;2288.212;663.541;3003.111;1217.096;3363.739;1141.571;3596.401;976.363;2203.518;330.785;453.692;2605.297;3194.685;0.774;2137.246;1372.521;541.244;1812.790;-6.273;3594.872;220.276;3362.182;2704.292;1.485;1744.114;3583.421;802.666;1931.774;2017.168;1136.993;416.654;1882.755;1636.762;3335.116;2171.703;1460.428;613.650;1351.488;1902.184;2434.724;3458.377;805.879;2798.356;1463.978;2474.058;-9.009;2737.651;3384.968;-6.085;1375.639;1124.193;2761.980;275.577;1231.942;2464.041;3212.941;706.599;15.547;724.018;2890.636;2.491;2743.697;543.010;3110.212;2975.021;3586.241;1606.245
133,237.37518882751465,132,-559.015341641567,559.015341641567,0.1528613662144597,907.942;1658.871;1964.553;23.141;1203.508;830.218;2551.939;543.318;3.807;3597.223;2168.957;-9.548;2561.592;511.738;840.513;985.417;2715.703;2001.802;698.292;1777.121;388.467;3593.932;1956.953;1738.854;1279.476;25.463;2718.515;2039.975;2959.022;3329.068;8.421;2120.536;7.457;2361.083;1817.073;1243.609;2698.866;2233.654;931.735;2.229;2796.562;3231.177;164.403;1918.442;1135.866;699.404;328.158;929.034;3596.476;631.973;1154.735;11.226;2154.139;776.910;2819.698;1900.309;1673.715;2776.568;3599.391;3523.250;1403.612;3594.808;-4.227;2802.245;2275.867;1858.477;1740.650;2743.412;2597.029;3181.550;390.517;324.238;2629.464;1334.913;1072.170;253.746;2.858;1501.536;2110.243;3121.907;3306.757;3597.586;1372.119;1489.152;726.141;3234.802;3313.499;3154.340;75.743;2379.140;3265.575;46.699;3598.135;1301.514;2451.241;92.106;3592.737;2337.491;3223.717;3494.780,1677.827;3589.812;2481.873;902.622;522.736;2485.631;3082.817;3589.989;2204.149;467.084;879.662;1770.536;293.302;955.174;-2.915;3586.596;3594.768;1219.111;1563.271;2975.137;2291.225;2447.091;1378.083;2017.048;233.122;3395.789;5.385;185.242;3084.954;1924.092;2419.582;2184.919;2876.535;2280.325;674.632;2993.487;1225.916;3374.949;1142.703;3594.625;982.872;2214.464;342.306;450.743;2594.734;3183.761;5.227;2148.690;1361.768;535.124;1801.626;2.598;3600.687;211.179;3373.466;2694.882;5.606;1752.264;3594.038;791.283;1920.654;2013.504;1148.167;406.311;1875.128;1634.770;3346.319;2163.666;1448.868;603.376;1342.423;1890.657;2423.409;3469.762;797.965;2808.810;1454.278;2479.325;1.745;2738.517;3394.656;3.234;1370.248;1134.671;2771.990;270.782;1240.985;2475.289;3210.608;696.250;13.893;734.220;2885.194;1.360;2732.453;545.801;3100.712;2984.379;3590.368;1602.869
134,239.23652148246765,133,-559.0442637262997,559.0442637262997,0.3298621783166886,918.529;1666.742;1961.060;15.816;1204.178;818.762;2562.343;550.762;-6.301;3607.343;2157.637;0.842;2559.754;510.003;848.924;980.642;2726.107;2003.991;691.710;1768.242;383.605;3584.620;1947.188;1743.540;1290.916;19.912;2711.204;2037.935;2965.086;3338.384;0.541;2127.037;-2.524;2371.553;1817.039;1236.444;2688.495;2222.687;920.467;-2.835;2807.636;3242.474;161.622;1925.116;1147.048;689.062;336.247;940.354;3597.679;623.570;1143.915;12.695;2142.687;770.599;2825.036;1889.398;1679.787;2772.142;3610.457;3513.114;1415.061;3588.404;0.473;2790.938;2283.582;1849.844;1751.896;2733.848;2607.207;3185.462;398.794;324.812;2623.796;1325.943;1077.513;265.014;-7.414;1513.018;2104.342;3132.661;3311.106;3601.648;1375.975;1478.310;715.117;3246.178;3311.731;3142.909;74.511;2390.532;3259.290;35.282;3594.901;1305.404;2456.729;83.196;3602.851;2347.404;3221.492;3493.163,1681.981;3578.750;2491.421;912.397;511.622;2497.114;3092.301;3578.754;2193.363;476.070;890.635;1781.527;304.750;966.433;6.636;3575.391;3598.796;1230.314;1573.636;2965.960;2302.683;2436.131;1379.030;2025.565;244.144;3396.143;-1.654;173.844;3074.823;1927.738;2408.346;2195.375;2865.132;2268.944;681.907;3003.730;1235.043;3385.503;1132.154;3605.822;993.844;2225.866;352.306;440.539;2583.909;3172.333;-2.507;2138.916;1354.374;523.805;1800.417;9.924;3611.641;206.673;3370.805;2705.569;-5.252;1757.291;3585.109;801.746;1930.193;2002.982;1138.807;394.910;1877.045;1623.527;3357.823;2152.955;1437.567;592.140;1344.717;1880.096;2415.720;3481.166;809.043;2820.290;1442.878;2489.743;-4.728;2742.661;3399.159;-5.880;1380.883;1123.619;2761.025;273.142;1247.745;2486.806;3211.107;695.754;25.090;724.033;2895.476;11.855;2740.383;556.380;3089.426;2980.673;3601.648;1612.676
135,241.1281213760376,134,-558.8029834527491,558.8029834527491,0.28314660648639806,929.771;1658.963;1971.726;4.531;1193.080;822.956;2565.837;541.413;4.045;3599.287;2166.288;2.212;2549.897;499.237;855.977;991.193;2736.403;2015.178;684.341;1778.579;389.016;3593.493;1935.967;1754.697;1301.436;17.677;2699.970;2032.154;2975.461;3349.540;7.792;2116.758;-1.324;2382.977;1824.005;1235.068;2698.125;2232.773;931.052;-13.362;2801.657;3234.696;171.666;1917.940;1143.757;679.641;326.141;949.072;3607.420;634.580;1132.477;2.173;2131.372;760.110;2836.060;1878.012;1674.071;2779.869;3599.638;3506.980;1409.398;3598.589;-8.636;2798.701;2276.659;1849.884;1743.641;2744.513;2598.905;3180.397;388.013;317.646;2612.981;1334.031;1066.989;258.991;3.276;1507.028;2115.110;3128.759;3320.938;3602.299;1367.192;1483.722;708.577;3256.886;3316.533;3136.829;80.830;2384.169;3248.046;44.435;3583.797;1294.548;2465.111;73.146;3609.356;2348.917;3214.900;3486.139,1670.967;3585.419;2502.757;902.419;512.497;2487.553;3083.259;3583.758;2182.314;466.056;902.082;1783.188;301.902;966.556;-0.724;3584.418;3590.249;1219.151;1564.528;2955.034;2309.141;2432.403;1390.214;2014.787;244.127;3395.891;7.205;163.032;3079.477;1938.667;2417.979;2206.489;2874.714;2257.483;671.600;2995.224;1233.796;3396.843;1120.744;3595.455;1004.935;2217.450;363.501;445.136;2592.957;3181.978;7.954;2141.896;1350.024;523.517;1811.576;-1.115;3600.596;195.822;3360.287;2695.891;5.022;1746.800;3595.830;798.450;1940.957;2005.029;1146.112;399.487;1882.153;1618.871;3348.725;2161.895;1440.780;588.134;1333.582;1889.700;2425.567;3473.891;817.247;2813.207;1452.505;2479.179;4.205;2749.244;3410.253;3.051;1371.095;1129.929;2754.376;284.333;1244.496;2495.843;3211.147;688.564;18.911;734.422;2896.288;4.178;2731.194;545.621;3100.179;2991.252;3596.299;1604.068
136,242.83724403381348,135,-559.0950784228521,559.0950784228521,0.3961866099150174,920.415;1668.620;1963.611;2.847;1196.085;832.431;2555.034;549.129;11.200;3590.043;2177.472;-6.864;2540.460;489.085;867.203;980.776;2725.500;2015.893;673.099;1780.257;378.936;3604.373;1933.663;1766.004;1292.113;24.922;2709.599;2041.906;2986.549;3342.511;-1.163;2116.918;-12.208;2393.232;1834.580;1245.691;2691.114;2244.091;927.878;-2.354;2811.352;3223.578;162.839;1906.711;1132.974;669.355;336.565;955.715;3600.544;628.490;1128.319;-8.761;2120.391;748.932;2831.673;1866.859;1676.609;2790.630;3596.463;3517.944;1401.011;3609.913;2.237;2809.716;2286.264;1838.934;1733.817;2755.864;2587.688;3191.212;398.670;307.818;2601.734;1344.844;1074.169;268.227;6.687;1502.525;2125.155;3133.860;3332.219;3591.634;1355.921;1494.908;711.485;3246.665;3308.064;3147.566;72.063;2373.282;3252.719;34.813;3593.426;1304.168;2455.152;62.464;3598.307;2337.958;3203.682;3475.006,1662.332;3580.390;2509.054;891.470;521.764;2497.846;3078.978;3589.382;2192.262;467.804;912.856;1792.731;311.123;956.572;-9.707;3587.426;3581.673;1216.645;1554.901;2943.786;2302.756;2437.017;1392.820;2020.104;240.630;3393.756;16.325;159.524;3071.949;1928.618;2413.380;2196.207;2880.093;2265.167;660.292;3000.224;1243.297;3408.232;1109.340;3601.021;1016.327;2206.867;357.913;434.448;2584.009;3173.240;18.805;2136.992;1354.172;514.349;1812.260;-7.177;3604.000;184.822;3349.025;2687.182;13.413;1754.809;3599.075;808.983;1936.128;2016.085;1157.353;391.466;1893.285;1608.036;3338.116;2170.772;1449.961;597.110;1333.425;1896.839;2418.898;3478.313;825.742;2810.291;1451.208;2469.211;-3.376;2760.437;3421.531;-6.902;1359.871;1139.055;2756.817;295.428;1253.670;2506.732;3217.056;677.344;25.536;744.023;2885.318;-6.954;2728.163;553.949;3110.626;2989.984;3606.456;1593.452
137,244.69425988197327,136,-559.1647107148112,559.1647107148112,0.37873704198305813,911.298;1658.841;1952.422;-8.221;1196.572;841.092;2543.787;539.496;21.553;3599.728;2178.590;3.400;2550.765;477.902;858.334;981.664;2733.953;2014.086;679.907;1789.126;370.275;3594.097;1933.544;1757.784;1283.700;33.766;2704.776;2053.114;2976.984;3347.435;-12.386;2124.141;-1.335;2394.142;1823.690;1235.129;2679.978;2234.707;916.885;-2.270;2818.593;3219.484;151.644;1899.697;1140.684;660.041;339.974;944.765;3592.046;636.074;1138.393;2.086;2128.033;759.184;2842.557;1877.218;1687.682;2801.192;3599.528;3513.481;1390.233;3600.261;0.733;2815.039;2297.529;1849.303;1741.472;2747.832;2582.273;3202.237;399.502;318.548;2612.049;1343.978;1078.185;278.049;-2.762;1512.833;2115.119;3144.954;3326.957;3601.183;1363.251;1486.857;722.541;3250.488;3318.632;3138.418;68.481;2376.844;3243.951;45.814;3602.449;1315.318;2451.984;51.154;3591.780;2330.186;3213.700;3463.852,1669.359;3570.123;2498.643;902.512;511.329;2501.974;3081.180;3579.778;2201.260;457.112;923.779;1803.966;322.372;966.947;1.190;3587.917;3570.495;1215.462;1544.115;2943.238;2292.794;2447.925;1394.721;2029.949;250.373;3400.699;14.211;170.463;3074.641;1918.816;2423.617;2198.422;2883.252;2275.901;649.556;2992.902;1234.660;3403.743;1100.122;3606.477;1010.474;2195.730;347.159;439.974;2573.829;3166.837;25.231;2125.891;1363.167;503.108;1803.637;1.759;3613.545;192.038;3346.434;2697.886;13.678;1748.075;3609.262;819.679;1944.288;2021.755;1166.833;380.338;1883.002;1597.125;3327.736;2159.853;1461.093;608.308;1325.718;1891.010;2429.354;3489.334;815.010;2800.547;1461.816;2457.987;-13.025;2770.876;3412.693;2.423;1366.621;1147.880;2765.228;288.853;1243.355;2497.662;3217.439;666.093;15.833;732.977;2873.991;2.045;2722.749;565.162;3115.697;3000.123;3600.696;1604.298
138,246.57694244384766,137,-559.4679112465105,559.4679112465105,0.3230561922153227,907.025;1647.715;1961.093;-6.168;1185.667;830.998;2550.659;528.290;15.518;3610.403;2179.934;2.667;2552.668;488.476;847.342;971.979;2743.231;2016.411;690.415;1788.643;361.601;3591.487;1937.577;1746.635;1274.227;44.910;2711.157;2042.800;2976.844;3336.836;-2.409;2114.561;6.770;2383.749;1812.542;1238.742;2688.130;2224.047;925.303;-8.425;2807.755;3229.853;144.818;1910.511;1149.510;649.032;329.158;954.117;3583.192;647.092;1128.977;2.316;2139.069;769.279;2842.944;1880.957;1680.413;2811.766;3609.763;3502.918;1391.037;3602.646;6.035;2813.228;2298.858;1859.947;1731.511;2737.117;2588.550;3198.596;391.006;321.248;2616.946;1334.778;1067.232;268.878;5.637;1516.514;2122.100;3136.386;3316.319;3592.702;1370.211;1479.957;733.612;3261.400;3328.624;3127.669;57.537;2387.256;3233.007;45.501;3597.130;1326.377;2462.939;60.687;3599.208;2329.226;3224.234;3473.646,1677.978;3580.465;2503.428;904.908;501.044;2491.365;3092.171;3590.467;2191.062;458.943;915.547;1793.783;315.489;964.081;-6.006;3578.746;3581.002;1215.278;1534.495;2933.858;2303.223;2457.953;1396.272;2041.126;260.941;3395.206;3.293;162.659;3076.812;1918.454;2425.455;2188.017;2885.712;2284.711;656.710;2996.603;1245.548;3396.120;1107.784;3595.932;1000.106;2186.232;336.992;451.031;2582.349;3156.359;16.165;2134.869;1352.308;501.996;1794.435;12.284;3603.155;202.844;3336.000;2707.810;9.512;1742.655;3598.522;830.196;1935.980;2025.104;1173.047;387.064;1880.851;1586.661;3327.477;2166.734;1451.073;618.875;1332.602;1901.826;2436.171;3483.111;808.155;2809.206;1453.129;2460.363;-2.252;2761.438;3401.527;-5.000;1377.723;1137.341;2755.545;279.264;1232.272;2501.111;3225.669;654.908;13.809;730.504;2871.221;9.599;2711.683;571.834;3113.454;3000.855;3611.190;1614.989
139,248.27962231636047,138,-559.671526209191,559.671526209191,0.22932219650716093,917.785;1636.886;1971.703;2.204;1174.919;820.069;2539.937;526.005;26.090;3599.895;2170.877;-5.246;2544.956;498.515;848.258;963.712;2736.369;2017.830;680.401;1777.756;350.496;3601.971;1930.776;1735.588;1269.807;34.823;2706.708;2050.317;2967.588;3325.979;-6.675;2124.622;-1.002;2372.570;1811.614;1249.220;2698.012;2227.570;935.406;2.132;2815.087;3223.689;154.254;1920.283;1140.759;647.468;333.152;956.173;3593.929;636.924;1123.220;-7.077;2141.257;763.487;2853.408;1875.284;1669.438;2811.138;3599.072;3509.531;1401.321;3594.862;14.911;2802.612;2308.913;1868.479;1734.325;2735.709;2593.830;3189.338;380.188;315.576;2619.260;1345.228;1062.932;276.408;-2.244;1510.594;2118.557;3125.293;3321.275;3603.305;1381.249;1488.955;738.175;3251.885;3321.515;3137.577;67.785;2377.631;3243.296;35.004;3607.605;1327.466;2471.776;71.732;3595.366;2330.846;3234.905;3483.361,1667.987;3590.997;2496.513;905.561;492.149;2482.473;3103.340;3599.720;2180.465;449.570;924.248;1782.818;308.333;953.151;2.543;3567.631;3577.403;1211.585;1543.878;2926.588;2314.345;2448.782;1397.425;2052.179;251.447;3404.759;-7.669;152.446;3065.983;1908.573;2417.443;2177.260;2896.554;2295.101;648.908;2985.849;1253.410;3393.040;1117.363;3596.291;998.994;2196.444;326.089;460.765;2592.512;3166.904;19.068;2145.988;1349.350;512.712;1793.822;17.402;3599.144;195.657;3341.238;2701.953;1.730;1732.593;3592.042;821.861;1924.918;2035.716;1168.317;397.998;1870.212;1595.623;3337.944;2171.523;1445.015;609.187;1343.645;1912.554;2441.448;3472.490;818.632;2799.922;1444.162;2470.191;-2.213;2766.227;3408.713;2.089;1375.302;1127.585;2765.835;283.895;1222.418;2495.456;3218.837;661.608;4.524;741.175;2875.066;20.492;2707.779;560.904;3122.314;2990.031;3601.016;1605.992
140,250.11994433403015,139,-559.6679041363344,559.6679041363344,0.1514041562543705,913.194;1625.749;1978.370;0.016;1167.622;808.961;2529.139;535.094;16.952;3597.875;2159.871;5.394;2533.948;488.886;858.967;952.705;2741.885;2020.510;688.690;1787.614;350.800;3598.098;1940.959;1732.391;1259.006;27.574;2717.452;2047.707;2978.177;3333.356;2.924;2135.725;7.682;2362.813;1803.574;1260.344;2687.798;2236.631;925.161;-2.127;2825.128;3232.293;165.252;1910.544;1143.562;658.147;324.335;966.692;3601.702;629.892;1133.641;2.036;2131.913;755.210;2850.966;1864.386;1677.966;2800.528;3600.213;3520.476;1412.396;3584.446;4.390;2791.609;2300.152;1870.576;1744.674;2727.253;2604.758;3199.779;388.983;304.784;2609.648;1336.238;1056.935;266.336;-1.560;1499.637;2127.980;3114.762;3332.207;3595.787;1370.972;1496.172;728.023;3245.329;3310.524;3136.737;67.635;2387.056;3238.818;35.482;3597.469;1338.144;2482.289;70.209;3600.889;2321.653;3226.434;3491.880,1660.124;3598.687;2495.725;906.660;494.931;2473.089;3109.121;3592.655;2170.251;438.528;914.306;1775.627;297.533;943.048;-4.080;3567.710;3585.508;1201.911;1535.643;2937.113;2320.197;2458.757;1407.877;2047.420;250.058;3413.933;2.780;147.769;3075.411;1897.504;2427.319;2167.859;2907.634;2304.279;659.460;2981.551;1242.911;3384.002;1106.897;3596.234;988.140;2203.410;334.638;450.755;2596.792;3173.837;10.762;2156.852;1359.800;513.745;1804.600;6.840;3604.872;189.702;3351.386;2693.894;12.016;1742.718;3601.767;827.566;1917.148;2028.019;1178.112;406.098;1859.082;1588.603;3339.568;2169.237;1455.079;619.402;1354.412;1921.500;2452.389;3480.269;827.177;2788.927;1435.311;2476.702;-4.397;2768.846;3399.516;8.527;1376.628;1133.432;2776.805;294.677;1215.448;2484.506;3213.794;672.484;-6.498;743.458;2864.706;11.091;2718.299;558.243;3119.512;2988.070;3593.066;1596.530
141,251.98682856559753,140,-559.7925977942241,559.7925977942241,0.32866192095635344,915.756;1617.284;1970.371;-10.158;1156.750;812.932;2532.781;530.396;12.547;3602.888;2156.682;6.568;2523.024;497.805;859.779;941.654;2731.706;2031.283;680.193;1778.017;340.989;3605.930;1948.107;1721.821;1268.174;18.167;2728.095;2042.154;2974.027;3341.513;2.951;2131.138;2.791;2362.925;1794.426;1265.605;2694.504;2245.049;922.258;8.040;2835.208;3233.714;172.842;1905.365;1154.006;669.217;328.130;959.510;3602.083;621.150;1134.832;-2.602;2131.077;760.267;2860.179;1872.798;1688.359;2789.480;3608.904;3530.106;1422.460;3593.691;8.791;2780.526;2308.287;1859.895;1735.293;2722.693;2604.539;3207.270;380.080;300.837;2619.764;1339.588;1067.045;256.709;8.913;1490.833;2138.765;3118.259;3330.588;3596.416;1377.154;1487.526;733.858;3255.025;3302.068;3134.842;58.889;2385.283;3228.220;45.047;3602.200;1347.979;2489.351;60.002;3590.852;2310.753;3230.804;3501.609,1669.647;3609.637;2484.982;906.654;485.293;2476.343;3117.195;3603.324;2160.926;448.008;907.463;1773.424;286.470;948.287;-11.266;3556.985;3595.584;1202.845;1542.880;2929.161;2329.315;2449.934;1411.693;2057.835;260.228;3404.286;12.228;158.011;3067.990;1886.595;2417.863;2172.458;2897.811;2315.283;665.416;2991.855;1245.311;3394.581;1113.455;3607.019;995.606;2193.780;325.633;445.220;2607.643;3164.982;2.371;2157.648;1363.672;523.819;1794.366;14.895;3596.338;178.813;3341.269;2690.525;2.530;1753.746;3600.659;838.170;1922.297;2038.441;1173.602;417.062;1861.670;1581.976;3329.636;2158.443;1447.919;612.491;1345.043;1930.703;2444.384;3470.606;819.609;2798.452;1424.336;2466.270;-4.798;2779.453;3407.316;1.511;1366.207;1124.660;2767.122;284.187;1204.528;2494.208;3217.592;682.894;1.368;743.542;2860.983;13.283;2720.853;557.749;3130.303;2993.645;3593.251;1599.187
142,253.67736530303955,141,-559.6422102460317,559.6422102460317,0.21092066081552716,905.340;1627.365;1959.473;0.204;1162.791;802.623;2541.948;540.871;2.310;3592.812;2166.395;-2.025;2512.000;497.825;860.939;951.483;2728.274;2025.320;688.015;1787.395;349.930;3595.443;1958.962;1712.416;1264.902;27.814;2739.105;2031.339;2969.894;3346.107;-0.303;2121.582;6.713;2367.064;1804.529;1255.237;2684.455;2255.965;913.599;11.223;2833.466;3238.930;163.711;1897.966;1147.965;662.732;320.722;961.361;3591.392;622.844;1145.399;1.816;2120.349;749.955;2871.122;1882.861;1696.645;2796.665;3598.660;3535.109;1424.658;3602.619;0.905;2774.974;2297.934;1848.901;1724.947;2712.006;2615.070;3215.311;390.263;290.153;2620.479;1330.879;1058.428;263.528;-0.572;1498.727;2149.757;3113.834;3340.797;3604.285;1368.754;1497.606;744.660;3248.385;3306.591;3144.994;47.967;2395.581;3237.338;37.462;3594.556;1337.958;2499.322;55.400;3600.570;2302.826;3220.210;3512.562,1678.481;3599.993;2474.170;916.262;490.853;2472.750;3107.424;3594.331;2169.926;441.283;897.560;1783.762;276.741;939.632;-0.626;3566.227;3606.562;1210.658;1553.698;2938.764;2320.566;2457.065;1421.190;2062.909;264.089;3414.027;18.950;149.494;3078.229;1876.665;2426.327;2178.934;2906.348;2311.376;674.830;2983.084;1243.045;3396.665;1109.929;3598.287;1003.842;2199.298;315.122;451.413;2608.911;3165.101;12.712;2147.389;1353.197;514.707;1799.598;7.077;3604.772;174.700;3344.088;2701.202;11.810;1761.034;3595.674;846.875;1919.955;2040.144;1184.230;420.799;1854.096;1571.160;3318.661;2150.090;1458.194;614.632;1350.824;1920.663;2434.810;3479.011;820.914;2790.533;1413.727;2458.351;5.835;2771.538;3397.584;-9.320;1371.749;1113.773;2774.884;277.825;1195.213;2493.333;3206.913;674.551;-5.715;740.926;2850.252;2.809;2722.690;559.787;3130.320;2996.278;3602.977;1609.873
143,255.50417137145996,142,-559.9409814563697,559.9409814563697,0.24465311681241966,900.703;1626.379;1952.262;3.750;1159.392;793.787;2534.189;531.619;-3.993;3592.764;2177.226;7.884;2516.503;488.007;850.315;957.856;2717.914;2030.749;680.407;1783.270;339.618;3597.695;1950.369;1704.704;1275.343;25.874;2730.431;2040.530;2980.451;3336.328;8.217;2110.681;-3.308;2377.012;1794.593;1254.009;2688.165;2259.347;902.747;15.491;2843.908;3228.513;157.734;1905.886;1137.189;672.882;325.214;951.361;3599.939;612.189;1156.041;9.982;2129.254;760.036;2870.159;1890.486;1707.463;2792.941;3598.787;3545.799;1417.148;3611.000;-4.615;2785.415;2298.855;1858.361;1733.055;2722.063;2619.055;3205.084;381.433;297.520;2630.787;1320.178;1048.449;266.531;5.816;1488.627;2140.258;3123.864;3345.031;3594.802;1373.986;1503.755;753.051;3237.820;3296.176;3142.985;41.292;2386.426;3243.942;34.128;3588.923;1336.377;2490.590;48.822;3591.126;2310.390;3226.008;3505.262,1687.529;3602.767;2463.531;921.400;501.615;2462.619;3096.883;3598.450;2165.839;451.039;904.615;1792.846;286.533;948.540;-1.291;3576.739;3597.386;1213.994;1561.542;2939.325;2329.107;2451.755;1410.817;2053.475;253.499;3410.547;8.765;159.888;3076.631;1886.781;2417.271;2189.694;2898.063;2301.320;685.724;2989.677;1233.843;3389.901;1119.415;3595.817;1013.294;2190.135;304.265;460.740;2618.645;3175.286;7.942;2149.679;1342.455;523.005;1790.148;-3.700;3596.031;185.207;3336.588;2695.473;5.598;1771.811;3605.794;855.776;1929.436;2030.111;1176.419;410.850;1861.255;1580.965;3325.983;2140.680;1457.503;604.443;1341.081;1924.191;2424.283;3470.738;810.590;2797.915;1423.597;2468.617;-4.418;2760.715;3406.740;1.057;1361.851;1104.590;2773.098;267.298;1204.440;2491.768;3196.839;664.287;4.347;737.115;2859.982;-7.547;2715.717;559.155;3119.777;3006.974;3599.801;1617.393
144,257.3537333011627,143,-559.7928032892414,559.7928032892414,0.25525775363083425,911.150;1636.385;1956.994;11.711;1157.224;802.403;2542.014;539.406;6.469;3588.275;2179.615;0.021;2506.922;496.406;839.425;948.462;2707.249;2020.858;673.786;1792.638;343.343;3591.773;1951.650;1700.944;1266.585;24.051;2737.812;2040.118;2986.126;3325.492;2.211;2100.748;5.817;2366.486;1804.102;1259.265;2678.091;2268.362;907.610;5.562;2847.297;3218.202;147.026;1895.434;1126.699;671.326;314.645;940.501;3606.167;619.899;1148.210;20.676;2132.474;770.836;2880.455;1896.064;1717.923;2802.958;3603.330;3556.347;1427.420;3600.523;5.804;2793.077;2289.005;1865.141;1722.938;2729.649;2626.288;3197.457;385.667;308.066;2641.632;1309.615;1038.508;257.715;-3.864;1489.476;2133.246;3118.466;3337.598;3592.460;1384.680;1493.516;759.438;3229.006;3286.797;3153.434;42.703;2393.846;3254.609;24.095;3599.008;1326.140;2500.884;56.508;3594.144;2317.950;3221.289;3506.484,1698.348;3593.329;2466.047;928.750;512.298;2471.807;3086.150;3605.142;2176.101;453.294;894.766;1803.666;290.631;959.288;-8.830;3586.636;3598.527;1203.592;1567.832;2946.983;2321.833;2448.541;1406.616;2045.436;242.649;3418.017;4.210;160.449;3085.605;1892.276;2412.968;2192.040;2887.959;2290.738;696.362;2997.122;1223.022;3380.640;1126.670;3603.052;1024.120;2179.311;294.683;450.492;2609.498;3166.124;15.471;2147.923;1332.884;523.809;1789.355;0.556;3605.009;190.614;3344.556;2690.295;15.516;1778.578;3596.541;866.511;1940.228;2022.391;1166.204;400.461;1864.091;1587.298;3317.227;2150.788;1466.842;595.421;1333.807;1913.796;2413.402;3476.168;817.293;2808.243;1428.742;2479.413;-4.594;2768.516;3399.031;-0.109;1352.638;1093.765;2779.781;276.972;1207.858;2493.613;3187.845;672.974;-1.777;735.903;2852.918;2.272;2726.134;562.914;3128.019;3017.854;3610.081;1610.533
145,259.23232650756836,144,-559.6256522117801,559.6256522117801,0.292075075202805,921.780;1630.530;1948.449;5.165;1146.763;792.861;2532.517;530.612;6.106;3598.606;2189.789;-3.298;2502.567;489.824;834.281;947.687;2717.264;2012.773;663.557;1799.116;348.882;3584.709;1950.407;1711.209;1273.307;32.706;2730.588;2049.724;2996.630;3316.749;-8.442;2102.010;3.457;2357.227;1801.191;1269.694;2685.504;2258.985;902.791;-5.224;2837.127;3221.878;140.386;1889.591;1116.591;661.483;309.226;930.258;3595.962;615.212;1138.716;16.064;2141.418;777.279;2877.849;1906.507;1724.595;2812.484;3593.095;3557.125;1438.195;3605.716;1.882;2784.956;2283.997;1871.983;1729.376;2740.056;2617.326;3190.387;394.340;303.450;2648.983;1315.089;1027.955;267.768;5.343;1481.487;2128.056;3107.928;3347.297;3602.957;1387.764;1496.144;749.088;3218.276;3289.937;3163.730;52.676;2390.948;3265.036;32.589;3609.626;1330.533;2509.736;56.506;3584.206;2328.609;3211.608;3499.566,1688.308;3598.546;2456.147;939.377;509.922;2482.566;3082.817;3595.234;2180.599;442.990;884.430;1795.736;299.913;970.025;1.462;3585.802;3596.856;1205.965;1578.463;2957.605;2311.390;2458.669;1407.121;2055.330;232.776;3410.406;2.033;152.754;3075.829;1902.858;2423.272;2201.265;2891.623;2300.676;707.159;2986.797;1230.718;3388.288;1136.731;3594.783;1019.137;2172.673;284.364;459.491;2602.622;3176.025;5.982;2137.360;1331.557;513.472;1799.719;-8.653;3595.580;200.048;3355.245;2679.668;26.245;1788.018;3603.754;857.598;1931.170;2013.809;1166.697;408.032;1853.543;1580.527;3324.856;2142.795;1464.002;584.665;1323.115;1917.073;2402.973;3469.969;807.083;2805.692;1438.637;2488.118;-7.613;2778.454;3389.006;-5.592;1360.691;1084.141;2788.993;270.490;1203.765;2483.119;3179.162;667.937;7.373;731.619;2857.438;-3.012;2717.024;556.791;3126.183;3025.025;3600.138;1599.880
146,260.934278011322,145,-559.3187813205657,559.3187813205657,0.26303549922855934,932.112;1638.748;1957.973;9.791;1150.459;782.166;2541.131;521.565;1.971;3596.756;2200.534;6.202;2495.014;479.217;834.586;954.692;2727.496;2022.843;652.887;1788.876;338.489;3595.087;1948.974;1701.612;1264.696;43.041;2739.676;2043.762;3004.496;3306.085;1.486;2091.733;-6.621;2354.289;1790.750;1280.415;2694.914;2264.835;912.598;-10.885;2826.393;3211.597;149.815;1893.731;1126.690;669.915;298.715;937.342;3603.887;624.858;1128.002;5.822;2132.425;782.366;2867.363;1917.267;1715.269;2823.200;3587.383;3567.480;1438.353;3605.039;-4.286;2794.674;2274.291;1881.633;1739.903;2750.640;2606.637;3200.696;403.998;313.874;2659.559;1304.706;1037.955;275.313;-3.779;1470.899;2137.933;3117.696;3355.912;3600.431;1378.758;1505.687;748.685;3208.206;3279.714;3173.292;44.501;2380.482;3260.212;25.670;3599.358;1334.450;2519.691;66.704;3590.805;2318.829;3204.892;3489.067,1677.666;3588.409;2466.103;942.370;502.243;2493.336;3072.338;3587.329;2191.152;432.427;888.632;1805.521;310.621;980.555;-1.196;3594.118;3587.466;1216.246;1586.962;2958.417;2311.633;2463.202;1414.141;2065.823;237.004;3420.731;-8.474;157.915;3075.430;1913.603;2432.891;2192.586;2894.603;2299.285;710.042;2985.836;1241.157;3398.899;1126.415;3584.248;1029.246;2163.452;292.622;454.421;2592.005;3183.185;16.020;2136.349;1321.144;505.100;1809.814;1.510;3603.440;190.186;3351.733;2675.170;34.943;1785.640;3594.616;850.306;1921.737;2003.219;1177.166;399.511;1846.768;1570.437;3314.942;2152.422;1453.624;575.019;1315.507;1907.147;2392.238;3480.326;808.525;2796.178;1447.606;2498.245;2.715;2789.116;3394.948;4.400;1350.831;1093.467;2792.111;280.242;1214.161;2472.756;3179.691;657.371;-1.461;736.818;2847.345;2.273;2707.550;546.901;3118.470;3035.592;3605.152;1589.223
147,262.77876353263855,146,-559.6249855962919,559.6249855962919,0.3469668375105167,923.067;1649.348;1967.473;1.521;1140.611;790.035;2531.185;530.919;-8.371;3606.976;2210.292;15.812;2504.579;487.143;831.468;944.329;2736.982;2029.863;658.917;1794.775;347.061;3601.601;1938.531;1693.912;1273.573;33.066;2731.748;2054.009;3015.081;3306.253;-6.769;2086.202;3.427;2364.451;1796.738;1271.289;2704.969;2255.241;923.264;-0.615;2830.504;3219.835;141.210;1891.736;1122.149;666.097;290.336;928.147;3595.240;619.212;1137.033;-4.815;2142.462;782.027;2858.057;1908.668;1724.803;2828.214;3596.035;3563.825;1431.331;3594.731;6.006;2786.660;2284.500;1892.095;1731.792;2740.799;2595.966;3191.658;393.805;313.773;2668.851;1310.840;1047.319;285.853;-0.997;1469.076;2127.878;3108.578;3364.736;3607.639;1384.995;1496.857;756.837;3200.261;3288.237;3183.941;33.905;2369.968;3268.106;30.824;3597.063;1324.193;2513.647;73.759;3581.548;2310.676;3215.253;3499.314,1685.473;3590.608;2457.124;932.167;510.994;2485.536;3069.511;3580.733;2191.129;439.629;899.115;1804.948;310.810;991.050;-8.087;3588.900;3596.861;1226.890;1591.598;2948.313;2322.062;2453.125;1403.872;2058.714;246.793;3412.800;0.253;168.423;3067.300;1918.855;2423.591;2197.921;2884.264;2306.955;717.371;2996.152;1251.721;3401.610;1134.151;3593.212;1026.719;2173.528;283.289;462.167;2581.387;3193.082;26.460;2125.957;1312.864;499.566;1802.245;-6.320;3611.377;190.257;3354.992;2664.707;45.549;1775.469;3599.496;839.792;1930.455;2007.735;1173.595;389.704;1856.022;1577.204;3322.529;2145.318;1446.191;564.515;1315.663;1910.623;2386.838;3484.988;798.379;2805.991;1437.736;2508.799;-6.434;2779.772;3405.201;11.779;1348.370;1102.982;2802.571;273.864;1223.546;2476.708;3190.077;647.475;6.719;726.897;2856.812;-7.267;2717.448;551.828;3107.912;3029.944;3605.378;1590.124
148,264.6453683376312,147,-559.6559000062252,559.6559000062252,0.18042299972592177,913.775;1640.240;1978.048;-8.808;1150.130;792.861;2528.651;523.073;1.632;3597.460;2216.902;22.259;2514.418;497.100;841.705;934.520;2729.691;2023.291;664.577;1799.982;344.259;3595.638;1947.151;1703.995;1264.716;42.322;2721.440;2052.752;3008.521;3315.638;2.571;2081.282;3.085;2367.565;1789.304;1267.131;2715.063;2263.405;931.860;-0.203;2835.922;3229.907;146.124;1901.982;1114.005;673.201;297.803;923.090;3602.543;609.795;1144.214;5.069;2143.655;771.662;2864.757;1898.112;1718.350;2834.778;3605.631;3554.229;1421.524;3588.407;1.359;2785.325;2288.986;1882.522;1735.805;2745.389;2591.562;3193.143;384.412;304.353;2659.568;1319.839;1039.040;285.390;9.204;1478.942;2131.180;3104.923;3357.751;3597.400;1375.457;1489.458;767.257;3189.977;3297.946;3182.200;23.747;2364.061;3278.636;21.759;3597.879;1332.786;2505.019;64.152;3586.288;2316.542;3222.216;3493.988,1694.986;3597.142;2464.770;923.630;519.077;2479.457;3079.134;3586.867;2188.254;441.527;901.506;1795.562;311.723;986.125;1.885;3598.830;3605.138;1232.593;1581.724;2945.686;2327.069;2443.045;1400.355;2048.352;239.074;3408.477;3.772;167.204;3057.012;1910.139;2428.123;2205.489;2885.899;2297.479;715.804;3000.541;1258.440;3411.690;1135.643;3603.256;1025.589;2176.008;290.923;458.414;2574.252;3183.717;36.334;2129.165;1321.920;509.702;1795.048;-1.688;3601.137;185.677;3345.266;2663.962;48.224;1785.587;3602.730;838.104;1939.324;2013.873;1181.963;397.106;1850.960;1579.766;3316.029;2135.331;1437.932;569.986;1312.469;1918.759;2395.326;3482.399;793.337;2815.918;1443.017;2504.567;1.689;2780.180;3402.026;3.929;1345.205;1096.883;2803.145;263.801;1214.196;2487.020;3199.723;643.857;5.716;734.915;2860.384;1.707;2718.681;561.942;3107.289;3020.581;3595.199;1598.067
149,266.5426642894745,148,-559.6380963038264,559.6380963038264,0.20929503616164216,919.212;1644.223;1971.753;1.258;1150.050;783.490;2538.430;521.476;-1.662;3593.211;2222.626;12.989;2521.207;505.597;848.383;935.891;2721.646;2033.295;654.886;1790.371;334.483;3605.448;1949.369;1713.547;1258.766;34.320;2714.899;2054.913;3016.553;3311.436;3.787;2072.109;-2.974;2376.905;1779.974;1256.892;2716.366;2260.842;941.852;-0.539;2846.147;3222.164;155.649;1912.484;1122.697;683.394;289.691;933.031;3607.751;602.442;1139.511;-1.578;2152.519;768.077;2871.964;1891.684;1708.110;2825.333;3595.691;3546.263;1410.987;3597.195;-8.080;2790.516;2291.842;1885.470;1740.388;2739.035;2598.007;3197.805;379.605;294.586;2649.989;1314.551;1032.947;289.680;16.590;1487.196;2138.792;3113.452;3347.556;3598.906;1365.145;1499.034;777.581;3183.135;3289.795;3191.707;30.239;2353.867;3285.648;21.598;3598.459;1338.948;2494.527;53.671;3594.682;2307.578;3217.832;3502.535,1697.913;3589.988;2469.621;917.143;529.174;2483.091;3073.047;3596.592;2197.729;435.785;900.678;1791.594;303.684;987.650;2.104;3592.028;3595.089;1223.819;1575.986;2955.759;2323.700;2452.476;1404.230;2039.978;246.665;3417.684;-4.940;168.893;3063.890;1918.712;2438.265;2215.946;2895.526;2289.606;706.397;2992.086;1252.646;3405.704;1125.948;3593.953;1035.587;2168.083;300.519;460.913;2564.083;3191.114;27.546;2121.195;1313.208;518.978;1793.619;6.205;3600.091;194.947;3354.202;2673.652;44.610;1796.065;3592.639;839.796;1949.331;2007.883;1189.496;390.772;1841.356;1569.892;3318.545;2144.344;1427.466;579.581;1302.144;1929.036;2387.298;3490.534;783.200;2808.478;1448.303;2494.776;4.366;2770.087;3392.599;-0.482;1353.852;1106.440;2801.560;256.819;1222.809;2477.951;3202.462;652.962;-3.498;734.308;2854.808;2.094;2710.154;552.218;3109.990;3028.871;3603.860;1588.149
150,268.2544882297516,149,-559.4844990841093,559.4844990841093,0.32026168607749445,909.456;1634.144;1980.168;3.134;1140.057;773.243;2547.612;511.306;-9.262;3597.665;2214.572;17.163;2531.546;516.004;857.681;926.274;2730.593;2043.730;646.010;1779.923;343.245;3596.478;1939.304;1705.722;1248.522;38.702;2706.481;2065.012;3007.443;3321.509;2.745;2082.290;3.856;2387.324;1779.092;1248.981;2709.074;2251.182;933.677;-6.252;2843.078;3211.775;166.109;1904.799;1114.316;684.276;298.625;943.452;3597.797;592.055;1129.313;-10.573;2160.027;758.283;2862.170;1881.548;1700.379;2818.656;3601.715;3536.660;1419.975;3588.159;1.868;2780.373;2301.636;1875.970;1750.688;2748.645;2608.365;3208.086;369.384;299.421;2639.513;1324.405;1022.982;294.704;15.504;1489.223;2129.988;3123.857;3337.077;3606.252;1372.904;1499.358;788.071;3172.788;3298.612;3201.681;34.431;2345.482;3296.002;11.356;3604.546;1349.289;2484.111;54.472;3605.089;2317.522;3226.330;3493.337,1691.463;3582.942;2478.300;926.932;534.831;2472.931;3080.150;3599.607;2191.001;425.474;899.462;1800.981;313.659;985.781;-4.016;3581.661;3600.357;1226.957;1583.504;2947.773;2329.173;2443.401;1394.754;2048.392;238.013;3411.353;4.621;178.052;3058.243;1911.752;2446.631;2208.851;2887.129;2299.435;715.382;2998.997;1242.307;3414.543;1125.057;3601.397;1027.030;2157.745;310.675;450.699;2565.669;3201.217;29.611;2130.800;1318.234;510.717;1785.329;-2.541;3605.264;202.995;3357.719;2675.953;53.008;1790.278;3597.958;845.498;1939.516;2012.475;1197.166;390.324;1843.395;1578.795;3308.718;2144.987;1436.629;588.892;1291.775;1926.822;2384.992;3500.949;776.066;2815.483;1458.625;2484.887;-5.033;2777.520;3389.868;-10.725;1364.234;1098.241;2811.795;250.736;1225.972;2484.833;3192.398;645.603;6.404;730.605;2857.198;6.772;2712.751;542.090;3102.899;3038.400;3599.546;1578.190
151,270.1117961406708,150,-559.2713107433889,559.2713107433889,0.3390143078076266,902.082;1631.670;1972.218;12.239;1133.116;770.044;2541.649;506.329;0.699;3607.792;2222.597;7.361;2531.690;508.751;849.169;934.073;2722.267;2049.216;653.411;1783.797;353.625;3594.987;1930.137;1695.400;1240.936;44.304;2714.978;2074.506;3003.318;3330.651;-7.247;2087.635;-6.070;2379.539;1789.266;1258.505;2700.063;2240.852;936.649;3.710;2852.642;3216.519;161.768;1894.462;1105.697;674.099;289.119;944.886;3589.607;599.942;1118.878;-0.662;2166.867;764.808;2871.431;1887.255;1709.901;2828.437;3606.777;3545.983;1429.892;3591.260;-2.329;2770.284;2299.310;1885.603;1744.002;2740.850;2600.044;3217.867;376.959;289.935;2633.622;1318.167;1032.661;284.964;5.462;1479.257;2120.947;3117.058;3346.905;3596.488;1383.245;1489.175;798.523;3168.122;3297.085;3207.562;44.460;2346.077;3296.629;1.012;3594.526;1345.000;2491.351;64.475;3595.344;2327.693;3220.036;3493.992,1681.203;3593.010;2468.556;917.964;524.701;2477.643;3090.449;3609.823;2181.559;434.432;889.409;1793.438;304.764;975.594;5.312;3571.209;3608.773;1237.134;1573.634;2953.462;2339.361;2439.072;1385.200;2057.323;227.853;3402.193;11.181;185.660;3047.974;1901.616;2437.057;2198.535;2876.779;2293.975;725.685;3009.007;1238.861;3424.908;1134.999;3611.676;1033.363;2147.297;313.053;441.003;2575.808;3191.705;22.790;2126.643;1327.991;500.804;1795.244;5.811;3595.922;193.392;3356.300;2666.359;46.013;1780.698;3588.336;855.771;1930.196;2022.702;1187.087;400.463;1852.020;1589.017;3299.158;2154.800;1440.552;579.173;1301.018;1926.921;2395.114;3492.672;786.018;2825.791;1456.478;2494.501;-2.255;2775.907;3398.268;-1.939;1374.547;1087.895;2803.533;260.759;1215.908;2493.675;3199.234;653.693;14.811;740.756;2865.532;-3.146;2703.341;549.381;3100.272;3029.168;3607.072;1586.294
152,271.9923794269562,151,-559.4013082332738,559.4013082332738,0.10767883916664428,910.819;1622.262;1978.152;3.265;1140.176;779.457;2531.440;496.765;2.976;3598.064;2212.850;-2.994;2541.709;517.443;858.626;925.344;2731.512;2043.356;663.675;1775.383;349.401;3596.076;1935.865;1685.520;1231.135;34.250;2725.268;2065.850;3009.317;3339.802;2.091;2097.355;3.639;2369.360;1785.576;1266.390;2710.093;2250.472;926.595;13.688;2843.268;3208.073;159.708;1900.371;1095.470;673.632;297.924;935.364;3595.254;591.995;1125.449;0.565;2156.866;755.340;2864.672;1884.249;1720.153;2838.230;3596.952;3556.307;1429.507;3588.913;6.872;2762.052;2308.180;1885.276;1752.378;2749.134;2590.128;3208.541;368.772;299.689;2623.640;1313.884;1024.024;292.525;-4.911;1482.251;2119.826;3123.332;3343.540;3598.976;1380.636;1495.694;790.993;3177.999;3287.110;3217.776;40.930;2356.071;3294.536;4.677;3602.989;1351.908;2501.013;55.124;3588.595;2332.191;3228.888;3500.078,1690.312;3603.237;2459.596;926.810;514.326;2468.576;3099.396;3599.905;2171.359;426.694;898.780;1802.674;294.474;967.056;15.389;3573.544;3598.869;1230.646;1563.283;2963.102;2335.893;2448.833;1390.375;2067.646;217.475;3411.851;3.305;195.903;3056.466;1908.677;2442.248;2189.250;2866.676;2303.348;720.516;3000.896;1248.434;3435.012;1141.328;3602.352;1023.849;2148.653;302.965;447.360;2572.117;3190.726;12.586;2133.793;1338.300;508.385;1786.846;16.088;3600.731;203.278;3366.066;2673.263;35.843;1772.947;3586.611;854.545;1932.091;2021.934;1177.188;410.839;1842.073;1592.206;3288.843;2154.623;1447.685;588.376;1311.133;1916.816;2405.177;3483.609;781.592;2835.515;1466.125;2503.413;7.635;2770.501;3388.558;4.004;1366.889;1083.136;2810.402;252.345;1206.651;2484.392;3194.230;660.825;10.894;733.733;2855.517;6.409;2696.116;543.387;3090.125;3019.011;3597.166;1577.846
153,273.69748187065125,152,-559.6912884661468,559.6912884661468,0.20088916658989903,920.146;1615.509;1968.470;2.068;1130.665;771.487;2539.529;486.473;3.719;3600.358;2219.683;4.973;2538.697;516.869;852.062;930.409;2741.347;2040.000;662.713;1771.023;341.443;3600.085;1946.005;1692.886;1241.006;37.567;2718.090;2056.097;3019.477;3330.664;0.184;2102.305;7.590;2360.791;1778.060;1256.848;2710.130;2241.989;916.967;21.869;2833.075;3216.260;149.802;1904.724;1094.856;679.240;294.161;943.167;3604.928;601.085;1129.998;3.141;2152.481;746.074;2854.906;1893.886;1723.621;2848.266;3595.654;3566.202;1439.099;3598.896;2.229;2770.993;2299.525;1875.690;1762.278;2750.653;2588.164;3206.388;366.904;307.018;2632.517;1303.830;1029.871;302.673;4.589;1473.896;2129.680;3133.217;3338.701;3603.787;1371.924;1499.327;781.335;3188.003;3276.903;3220.345;30.828;2350.543;3285.000;-4.516;3594.970;1350.043;2493.534;55.244;3595.459;2341.634;3222.524;3509.419,1699.716;3595.096;2451.200;936.373;508.172;2465.673;3092.982;3596.350;2180.965;419.248;903.254;1812.711;300.575;967.395;16.467;3582.360;3602.849;1220.489;1561.603;2968.222;2325.822;2458.262;1400.508;2072.855;216.106;3413.569;-3.652;189.394;3065.524;1914.995;2451.931;2198.104;2857.056;2302.623;720.272;2992.934;1248.895;3427.855;1132.131;3603.742;1013.973;2158.379;301.959;447.044;2562.391;3198.671;5.843;2135.084;1332.410;500.482;1777.668;15.932;3610.450;211.115;3376.302;2683.447;29.646;1777.844;3596.333;863.989;1929.723;2012.472;1180.113;415.441;1831.807;1600.049;3288.860;2146.818;1457.871;590.144;1315.953;1907.238;2400.866;3491.921;775.994;2844.450;1475.365;2513.328;6.687;2760.739;3378.261;7.141;1357.124;1076.558;2813.667;245.064;1212.078;2474.259;3184.098;652.282;0.884;729.320;2853.575;3.010;2686.552;533.425;3089.043;3027.564;3597.356;1570.186
154,275.54431986808777,153,-560.0356467017526,560.0356467017526,0.2872717725833883,911.789;1621.644;1971.206;-7.772;1132.093;763.169;2548.976;480.118;9.511;3607.365;2213.124;-3.482;2547.980;516.382;842.941;940.416;2734.336;2045.458;672.325;1779.131;340.999;3610.131;1950.686;1683.650;1248.003;30.764;2711.066;2046.724;3029.354;3335.398;-5.940;2094.174;4.180;2366.486;1777.077;1247.229;2704.152;2245.406;911.855;15.259;2838.962;3217.370;143.315;1896.863;1086.126;669.518;295.626;948.018;3596.218;601.473;1139.550;-5.789;2147.952;742.260;2848.452;1902.758;1729.180;2858.434;3597.802;3569.478;1439.370;3594.182;1.273;2775.643;2300.054;1871.638;1756.532;2742.919;2594.166;3197.986;358.300;307.150;2630.851;1309.804;1021.882;312.933;3.097;1482.560;2137.219;3132.020;3346.612;3595.877;1362.178;1507.307;789.072;3181.325;3268.391;3229.385;34.220;2342.689;3274.773;4.454;3593.725;1341.090;2484.057;61.677;3604.970;2335.507;3213.125;3519.603,1698.714;3602.559;2457.143;931.921;516.111;2461.013;3095.204;3601.717;2173.012;414.493;913.309;1809.416;291.614;976.991;25.751;3577.700;3602.806;1222.955;1551.671;2959.438;2333.013;2467.324;1398.715;2082.889;219.322;3421.457;5.747;197.479;3057.874;1905.282;2462.117;2193.442;2861.942;2294.550;710.605;3000.966;1242.149;3427.030;1123.108;3597.335;1003.741;2167.507;301.959;456.572;2552.783;3207.383;-1.833;2125.721;1341.256;490.534;1786.480;7.968;3600.757;220.985;3384.996;2692.759;19.985;1769.513;3597.626;858.037;1919.720;2019.488;1171.208;425.381;1833.494;1590.771;3298.475;2136.753;1467.938;599.532;1325.981;1908.236;2410.293;3484.377;770.197;2842.142;1485.275;2509.539;15.255;2750.653;3375.142;-2.787;1347.827;1077.843;2821.824;235.171;1204.398;2465.429;3176.426;659.889;6.351;723.213;2844.119;-6.643;2696.364;526.071;3079.795;3021.341;3604.542;1560.036
155,277.42092847824097,154,-559.7626249556793,559.7626249556793,0.2428498666248378,920.946;1612.663;1980.733;1.366;1134.387;753.967;2559.077;472.848;-0.321;3597.702;2207.736;5.916;2539.038;526.256;834.591;950.293;2724.268;2055.479;663.125;1775.523;350.795;3600.399;1956.319;1692.149;1257.528;35.089;2701.479;2041.396;3038.207;3326.603;3.827;2084.249;-5.657;2373.588;1767.181;1237.092;2713.850;2252.780;902.653;5.506;2845.990;3215.693;153.021;1886.858;1075.995;660.582;302.864;957.990;3605.405;593.209;1135.814;1.610;2137.954;732.406;2838.970;1893.141;1720.378;2867.871;3588.100;3579.313;1448.745;3603.778;-6.685;2785.643;2305.036;1861.831;1765.319;2747.135;2584.758;3206.158;348.280;316.592;2639.304;1309.148;1027.168;322.676;-3.982;1474.243;2147.197;3141.828;3356.701;3605.375;1354.045;1516.854;789.343;3181.967;3272.909;3236.604;26.931;2351.821;3277.260;-2.312;3589.600;1350.393;2474.508;54.285;3595.732;2326.607;3203.052;3510.109,1688.834;3593.641;2465.723;935.324;526.178;2470.042;3085.706;3607.664;2178.368;404.499;906.433;1800.554;299.494;984.240;33.993;3587.320;3593.080;1213.684;1559.486;2949.302;2323.364;2477.409;1407.729;2074.677;227.820;3426.601;15.708;190.077;3047.845;1913.533;2466.016;2202.196;2853.776;2304.037;717.696;3010.988;1232.846;3436.705;1131.361;3587.814;1010.948;2159.524;311.847;466.742;2562.106;3217.478;7.934;2115.715;1336.923;483.839;1793.050;-2.108;3599.898;211.445;3395.022;2683.608;13.566;1759.403;3607.576;849.656;1910.483;2010.455;1179.719;418.065;1827.255;1591.289;3289.363;2130.245;1460.729;604.179;1317.855;1918.039;2404.860;3476.307;760.168;2835.718;1495.343;2518.536;25.330;2740.457;3379.965;6.142;1345.936;1068.278;2831.890;226.199;1210.854;2455.294;3166.449;651.207;-2.592;731.173;2847.260;2.156;2706.498;515.991;3089.286;3016.218;3594.938;1552.699
156,279.1176722049713,155,-559.7292816055517,559.7292816055517,0.3151838308091967,914.857;1621.879;1980.731;-1.425;1124.687;743.903;2560.023;482.528;-5.667;3597.508;2216.146;4.925;2530.272;518.980;824.535;946.283;2720.868;2054.268;663.513;1785.149;360.424;3599.859;1964.880;1699.209;1266.481;39.926;2691.369;2042.022;3031.360;3321.270;4.728;2075.959;0.106;2366.110;1774.818;1235.292;2713.470;2261.515;895.229;-4.346;2838.390;3225.468;144.669;1877.742;1066.720;667.650;293.201;967.284;3596.567;602.800;1145.092;-2.605;2129.517;724.171;2847.637;1891.013;1710.351;2865.290;3596.146;3586.052;1439.261;3601.235;2.932;2792.986;2295.197;1868.130;1757.864;2738.840;2591.209;3216.207;357.414;307.480;2648.792;1300.082;1036.989;325.340;5.279;1483.200;2145.012;3150.066;3365.131;3597.120;1356.781;1516.385;798.873;3188.684;3282.653;3227.429;20.002;2361.405;3267.626;4.046;3588.313;1342.136;2476.638;63.015;3603.382;2327.665;3192.929;3513.768,1693.901;3586.587;2475.739;932.597;528.993;2476.928;3090.792;3597.915;2188.041;394.915;896.825;1809.856;309.146;994.212;27.789;3597.083;3585.670;1203.852;1567.384;2939.282;2315.289;2486.649;1406.198;2071.404;237.859;3434.658;18.734;180.620;3047.422;1914.980;2474.049;2206.839;2843.868;2311.439;727.705;3020.301;1222.793;3439.279;1141.293;3583.464;1018.416;2167.131;321.944;469.574;2569.119;3215.152;17.232;2123.084;1327.071;492.305;1783.705;-12.142;3604.694;202.047;3385.978;2674.154;19.319;1749.267;3606.800;857.869;1910.663;2002.405;1181.280;409.200;1836.493;1594.504;3281.248;2120.270;1454.687;613.715;1309.078;1910.195;2397.217;3483.177;750.230;2828.930;1503.274;2527.582;19.946;2731.239;3389.907;15.742;1355.182;1058.218;2842.002;224.768;1220.791;2445.716;3173.423;641.167;-12.586;741.187;2856.535;-5.678;2711.685;511.664;3099.056;3022.332;3592.294;1561.894
157,280.950612783432,156,-559.5334774021937,559.5334774021937,0.34759120451628894,905.079;1625.991;1971.204;-5.508;1114.651;747.654;2565.746;491.666;3.654;3605.319;2226.092;-4.041;2520.299;509.217;816.925;955.226;2711.082;2044.480;655.870;1795.158;351.443;3606.873;1957.074;1695.548;1258.852;49.757;2682.069;2036.414;3022.467;3311.411;-2.691;2066.034;-2.328;2375.184;1784.578;1243.930;2703.886;2263.414;903.649;-14.216;2828.864;3235.472;135.339;1868.127;1056.724;666.222;283.152;977.212;3590.894;612.770;1154.574;6.576;2121.592;727.174;2857.624;1900.147;1700.307;2874.653;3604.308;3594.079;1447.915;3609.075;-3.361;2802.458;2303.042;1877.633;1749.391;2733.771;2600.641;3226.161;364.589;308.343;2655.937;1309.455;1047.044;334.162;4.923;1474.963;2154.700;3142.149;3372.815;3605.465;1347.129;1506.605;795.342;3198.617;3292.692;3217.484;10.143;2371.433;3257.796;13.380;3598.073;1337.509;2486.422;72.998;3594.523;2318.144;3183.035;3508.810,1696.825;3579.875;2485.801;923.420;538.827;2467.191;3100.488;3597.072;2197.256;384.925;886.889;1819.829;318.891;986.856;36.053;3606.871;3583.477;1212.542;1577.040;2948.595;2319.360;2489.897;1415.741;2075.607;229.821;3424.838;28.478;170.634;3056.998;1907.493;2483.965;2197.885;2837.593;2302.142;735.336;3010.722;1229.345;3448.950;1132.515;3593.283;1028.200;2177.005;317.072;460.144;2576.849;3223.307;18.524;2131.061;1322.754;482.821;1784.006;-4.121;3596.502;193.744;3377.725;2673.617;29.205;1751.695;3597.934;867.784;1900.860;1993.267;1191.081;407.318;1827.019;1584.879;3271.264;2113.664;1464.349;604.555;1304.806;1902.776;2387.311;3474.932;759.617;2837.869;1507.285;2537.607;26.164;2736.270;3384.542;13.800;1345.898;1048.288;2849.775;217.121;1211.729;2451.524;3164.865;643.792;-3.199;749.851;2847.340;-7.501;2702.008;521.287;3109.056;3032.244;3600.627;1571.028
158,282.80305767059326,157,-559.6009664160911,559.6009664160911,0.238503826889419,905.130;1623.642;1961.692;3.574;1107.426;757.253;2575.376;485.008;3.397;3596.490;2231.811;4.975;2520.999;502.926;807.025;956.370;2718.733;2035.215;654.657;1800.194;356.598;3597.567;1947.403;1704.274;1249.585;49.631;2687.105;2046.054;3031.261;3318.418;4.750;2065.881;7.089;2385.112;1782.054;1246.354;2711.613;2255.770;906.137;-9.517;2822.631;3235.066;129.813;1875.719;1046.910;657.805;280.439;970.740;3596.291;614.966;1146.310;0.103;2113.900;736.956;2850.262;1893.675;1703.772;2866.952;3594.932;3588.313;1455.328;3599.528;5.380;2796.405;2312.519;1887.617;1755.524;2743.479;2593.949;3228.964;356.602;316.494;2646.660;1311.246;1044.556;325.251;-4.240;1472.121;2147.268;3139.377;3372.225;3596.805;1354.674;1503.826;802.859;3208.264;3296.583;3220.065;18.623;2363.914;3252.854;6.444;3601.950;1346.525;2485.910;80.048;3592.875;2308.326;3186.838;3499.075,1690.278;3580.922;2477.100;932.658;543.596;2468.696;3098.033;3603.588;2199.663;383.880;892.481;1829.079;326.171;977.153;26.366;3597.656;3593.158;1205.417;1574.418;2949.240;2319.739;2493.907;1408.116;2069.148;220.258;3422.284;19.939;177.423;3064.379;1915.943;2480.470;2206.200;2827.757;2307.027;740.094;3014.372;1238.471;3440.289;1140.302;3595.540;1019.455;2169.323;310.795;467.472;2568.566;3219.544;24.778;2121.915;1317.119;490.272;1775.318;-0.983;3605.745;201.977;3367.795;2678.160;22.153;1751.636;3605.391;869.108;1900.999;1990.463;1195.157;403.278;1822.263;1594.290;3266.947;2105.446;1467.091;606.728;1297.358;1893.416;2379.329;3480.430;762.570;2847.183;1517.086;2547.229;16.525;2729.949;3378.978;22.353;1350.313;1039.560;2859.277;207.279;1216.574;2445.801;3169.023;634.434;1.316;741.553;2838.589;2.132;2706.832;519.568;3109.512;3040.918;3609.950;1566.826
159,284.67856645584106,158,-559.5167342445528,559.5167342445528,0.1769019621010297,895.688;1632.060;1951.768;-3.838;1114.618;750.129;2585.224;488.540;-3.337;3590.194;2222.883;2.779;2517.527;509.631;797.096;946.785;2721.036;2041.276;663.560;1794.322;363.947;3601.107;1955.835;1701.650;1256.379;49.008;2693.287;2037.251;3022.491;3314.683;1.876;2069.949;0.931;2394.302;1776.730;1252.437;2718.440;2245.971;915.760;-2.732;2832.035;3243.038;135.377;1884.685;1053.023;658.176;278.189;962.854;3604.610;605.660;1153.597;-9.615;2122.614;746.887;2851.806;1895.872;1699.413;2863.987;3589.509;3597.149;1465.141;3601.277;-1.771;2794.451;2318.422;1885.569;1747.560;2748.359;2584.159;3235.808;352.992;309.104;2653.809;1302.991;1042.008;316.831;4.788;1479.731;2154.656;3148.767;3381.730;3601.247;1347.461;1497.984;812.671;3204.286;3287.497;3212.960;12.370;2369.347;3262.095;14.912;3592.898;1352.562;2476.449;72.285;3594.083;2300.312;3182.962;3501.629,1699.886;3572.762;2474.809;940.396;540.484;2473.331;3097.994;3595.009;2208.827;383.728;884.640;1821.210;319.442;974.699;20.786;3596.751;3598.846;1199.142;1583.254;2940.563;2310.187;2492.575;1400.988;2078.507;223.746;3421.645;12.198;174.844;3057.115;1916.565;2474.493;2207.937;2835.284;2300.532;746.781;3019.616;1230.700;3440.307;1134.582;3596.722;1014.719;2177.782;304.298;477.145;2560.288;3209.827;29.292;2112.329;1308.059;487.804;1770.041;2.044;3597.109;205.274;3371.431;2668.834;16.163;1761.251;3597.533;872.255;1891.400;1983.393;1204.723;394.852;1816.062;1597.904;3270.741;2095.580;1461.114;615.687;1287.531;1902.000;2380.030;3490.178;769.641;2844.270;1511.705;2553.974;19.056;2739.313;3369.216;13.975;1357.636;1047.608;2866.783;198.051;1225.667;2450.271;3159.742;631.485;-1.779;731.814;2847.175;6.814;2713.727;521.593;3111.074;3049.986;3600.544;1563.029
160,286.3817546367645,159,-559.771975410116,559.771975410116,0.3137690472687988,900.566;1622.689;1958.703;5.365;1123.946;757.893;2580.395;479.352;2.913;3581.558;2231.067;-0.366;2523.326;519.162;804.132;949.356;2729.479;2048.738;673.233;1785.051;373.558;3608.500;1947.477;1711.109;1265.448;57.392;2702.883;2035.915;3015.276;3322.645;-7.649;2079.286;-8.710;2402.532;1785.904;1259.394;2710.265;2238.062;906.820;-2.465;2841.070;3237.583;145.017;1876.827;1044.125;648.588;285.295;953.382;3595.436;597.662;1159.978;-0.197;2117.894;742.533;2846.904;1888.763;1706.532;2873.568;3598.636;3606.871;1458.863;3596.843;-6.493;2784.943;2328.131;1876.052;1756.356;2758.027;2575.638;3245.459;343.332;316.884;2644.488;1306.294;1032.367;325.958;2.532;1475.746;2155.877;3140.231;3372.608;3608.744;1343.474;1489.673;810.237;3194.611;3292.721;3221.926;8.401;2375.685;3270.857;6.477;3583.254;1347.650;2483.156;62.736;3599.196;2290.521;3191.868;3492.693,1693.308;3582.035;2482.593;949.585;533.520;2466.310;3090.575;3601.835;2199.651;374.288;890.140;1813.187;310.491;983.284;12.045;3602.732;3608.481;1208.292;1574.986;2932.852;2317.979;2483.598;1395.756;2069.415;219.643;3422.056;2.920;169.082;3065.879;1907.051;2482.789;2198.751;2839.589;2292.897;738.217;3012.619;1234.024;3431.655;1139.083;3597.796;1017.011;2169.595;297.442;473.098;2569.376;3199.975;19.817;2105.372;1316.701;497.151;1760.797;-5.977;3599.172;214.421;3366.955;2677.516;8.553;1770.253;3596.849;867.035;1896.088;1992.475;1201.374;403.288;1811.515;1596.362;3280.000;2096.811;1470.194;625.508;1294.512;1911.806;2389.645;3483.938;768.889;2839.896;1520.678;2563.234;13.361;2731.508;3375.239;6.921;1349.078;1039.323;2859.063;203.706;1217.208;2458.747;3154.081;633.029;7.205;727.804;2842.724;0.344;2707.632;512.456;3101.888;3059.723;3598.613;1571.676
161,288.222891330719,160,-559.8737687960211,559.8737687960211,0.2457526797560312,908.852;1617.121;1962.806;7.629;1133.741;752.488;2589.235;487.589;-6.433;3578.657;2223.493;7.493;2532.967;528.933;810.995;940.394;2720.375;2051.252;682.836;1775.327;383.202;3599.353;1952.272;1720.659;1256.274;55.026;2712.684;2045.355;3008.816;3314.149;1.584;2085.616;0.391;2393.723;1777.508;1269.090;2718.837;2228.365;910.709;-3.793;2850.504;3228.068;154.731;1885.615;1038.763;656.013;294.964;943.991;3602.861;588.638;1151.805;-5.350;2127.429;733.278;2855.563;1879.064;1716.071;2880.140;3600.788;3597.476;1465.604;3605.718;2.901;2788.383;2328.492;1868.579;1762.364;2762.813;2572.916;3252.803;333.752;308.196;2646.324;1296.792;1026.310;330.817;10.144;1485.203;2146.439;3130.726;3375.189;3599.453;1334.355;1479.938;818.741;3186.212;3284.158;3226.598;10.377;2366.412;3280.626;1.967;3592.048;1339.191;2488.405;60.670;3589.878;2293.735;3201.585;3500.040,1689.671;3577.037;2474.442;946.197;523.833;2475.540;3097.708;3595.449;2204.322;379.430;899.580;1804.004;300.793;974.293;3.679;3603.364;3599.536;1202.237;1567.291;2923.686;2324.226;2492.531;1404.066;2066.890;210.042;3424.481;-3.195;178.235;3074.530;1897.350;2474.224;2190.031;2842.519;2283.178;728.639;3021.202;1236.313;3423.253;1146.174;3596.647;1007.717;2160.472;304.081;463.564;2562.383;3190.177;10.376;2096.375;1309.035;505.808;1751.454;3.342;3608.191;206.417;3357.837;2686.983;16.581;1774.083;3606.132;857.456;1905.342;2002.253;1208.489;394.466;1820.731;1587.009;3289.748;2106.328;1462.413;635.135;1299.229;1921.385;2388.321;3490.297;767.019;2830.288;1529.318;2557.604;3.758;2721.853;3366.142;15.209;1353.892;1031.271;2867.855;194.706;1225.398;2449.824;3160.894;623.871;3.952;723.003;2834.745;5.059;2716.133;506.093;3092.269;3055.782;3607.272;1562.444
162,290.0898497104645,161,-559.8659670710056,559.8659670710056,0.15944969811910809,918.525;1607.531;1955.429;10.020;1131.016;742.906;2593.876;492.629;2.420;3586.659;2224.947;-1.546;2533.573;532.508;819.366;931.852;2711.747;2042.233;674.430;1772.474;390.855;3602.701;1942.887;1730.354;1250.460;48.181;2718.650;2047.506;3018.005;3304.458;-2.389;2090.360;3.010;2385.360;1776.266;1263.332;2720.918;2230.692;920.001;4.650;2859.884;3235.460;146.176;1877.303;1045.469;647.652;304.700;950.241;3595.195;579.150;1142.125;2.923;2124.577;730.152;2865.059;1879.253;1723.596;2886.323;3608.717;3596.024;1473.151;3597.568;-3.363;2797.705;2336.488;1877.062;1771.941;2772.283;2563.485;3262.090;325.286;305.684;2653.607;1291.271;1018.318;338.111;18.359;1493.953;2153.294;3125.140;3367.079;3601.360;1336.826;1486.176;828.430;3182.208;3291.988;3217.823;1.336;2359.236;3286.677;8.426;3601.173;1348.382;2490.378;56.591;3580.461;2287.706;3206.538;3491.750,1680.308;3583.479;2480.370;955.634;515.529;2468.360;3107.329;3589.624;2196.452;370.574;893.902;1811.465;307.593;979.511;2.574;3593.916;3599.185;1203.234;1568.248;2922.293;2333.737;2493.790;1395.804;2058.354;201.697;3427.886;6.177;172.344;3080.777;1890.773;2480.312;2180.669;2851.888;2287.844;727.273;3015.077;1228.140;3431.976;1155.686;3603.035;1014.566;2153.313;294.951;454.155;2568.544;3180.896;4.982;2105.524;1314.799;498.395;1760.295;5.785;3599.426;209.874;3364.812;2693.720;26.045;1775.340;3597.445;860.646;1904.222;2002.115;1200.328;388.034;1818.413;1592.221;3288.865;2114.529;1455.958;641.401;1290.678;1923.354;2394.290;3485.411;775.173;2828.810;1538.775;2549.714;-2.462;2712.386;3363.773;8.735;1345.270;1028.258;2870.112;198.910;1218.392;2451.842;3170.038;625.540;-0.083;730.697;2838.956;-2.684;2719.704;514.249;3083.255;3063.819;3599.067;1568.610
163,291.97817301750183,162,-559.902154868925,559.902154868925,0.20895273673634265,926.961;1600.867;1945.842;3.025;1123.058;745.437;2586.066;483.808;4.983;3596.246;2226.954;6.067;2542.609;538.454;828.018;923.176;2705.434;2036.211;681.329;1781.047;392.614;3594.943;1942.444;1737.727;1242.144;42.291;2719.636;2039.797;3021.417;3304.694;2.717;2099.808;-1.825;2391.255;1771.234;1253.983;2720.818;2238.623;914.352;2.051;2868.436;3244.490;138.479;1880.295;1054.585;656.202;314.307;941.883;3594.116;570.377;1132.970;7.500;2118.660;722.439;2860.128;1888.153;1733.188;2890.515;3599.461;3595.404;1480.307;3597.805;4.708;2799.515;2338.390;1878.410;1777.136;2769.503;2555.121;3271.758;315.795;296.562;2646.506;1299.643;1009.324;329.530;11.407;1485.586;2159.326;3125.557;3369.813;3605.075;1327.680;1495.559;835.084;3177.410;3301.499;3218.197;-3.608;2362.403;3278.605;11.690;3592.864;1357.232;2497.145;47.129;3588.716;2278.167;3212.490;3482.655,1670.649;3593.008;2485.825;964.642;514.445;2459.260;3116.990;3598.449;2188.959;361.651;884.376;1802.642;298.680;971.830;-6.835;3584.861;3598.447;1211.810;1558.906;2912.841;2342.942;2484.425;1403.286;2048.727;194.244;3423.358;4.764;171.148;3089.224;1881.350;2478.624;2171.672;2861.563;2288.007;718.131;3024.238;1219.002;3441.453;1165.323;3599.937;1023.466;2143.770;303.953;459.732;2578.048;3174.537;-4.539;2113.843;1324.328;505.731;1769.890;13.335;3597.835;200.966;3374.338;2703.118;33.769;1765.921;3592.279;852.573;1912.499;2010.696;1190.733;397.421;1818.607;1584.441;3284.952;2123.105;1446.465;650.479;1299.805;1932.284;2403.828;3476.204;765.887;2837.519;1548.452;2540.119;-9.460;2705.807;3364.427;-0.815;1353.966;1019.224;2861.486;192.163;1209.101;2458.821;3173.003;616.489;8.898;740.294;2848.244;6.035;2713.252;523.556;3086.141;3063.722;3604.574;1578.025
164,293.6872625350952,163,-559.743967382689,559.743967382689,0.330050920709861,935.733;1591.983;1936.222;-4.471;1130.889;737.377;2576.525;491.555;7.106;3603.393;2222.616;-0.885;2552.205;547.894;837.101;913.596;2695.953;2029.817;689.725;1777.375;401.285;3602.219;1934.554;1746.891;1232.632;32.822;2729.021;2032.890;3030.289;3295.458;-6.110;2107.428;5.772;2382.801;1780.305;1246.133;2711.508;2248.163;913.813;11.050;2878.008;3250.659;128.999;1887.773;1059.608;649.493;323.906;932.318;3594.575;560.938;1141.227;4.772;2109.253;715.321;2868.910;1885.263;1735.633;2899.943;3604.215;3600.881;1489.793;3606.767;-0.284;2790.996;2347.626;1882.743;1786.330;2776.738;2545.596;3266.100;307.189;286.961;2654.794;1292.722;1000.169;336.156;18.833;1493.236;2167.096;3134.816;3379.109;3596.058;1318.118;1500.749;844.527;3168.164;3310.983;3209.070;5.719;2356.080;3274.791;21.101;3596.141;1364.742;2506.612;37.512;3598.074;2270.028;3204.013;3485.097,1674.324;3598.316;2476.937;957.563;523.718;2464.275;3126.576;3608.037;2179.436;369.144;878.897;1793.319;290.056;980.415;1.378;3575.407;3597.854;1204.990;1550.192;2912.356;2352.547;2481.439;1394.125;2039.978;184.718;3413.942;-2.198;174.375;3081.754;1875.225;2469.235;2175.335;2871.173;2278.853;720.846;3033.672;1228.106;3451.059;1173.809;3608.890;1032.927;2134.608;299.741;451.234;2587.658;3165.290;-12.793;2106.404;1327.897;499.120;1771.275;22.855;3589.105;193.681;3367.159;2712.350;43.289;1756.306;3584.089;850.492;1921.998;2020.273;1182.136;406.103;1827.628;1591.397;3294.298;2119.955;1454.588;659.260;1305.987;1941.629;2412.507;3483.837;773.413;2828.286;1544.747;2530.495;-0.218;2713.340;3373.683;-9.950;1357.495;1027.704;2868.046;182.689;1201.629;2450.691;3163.779;606.984;18.437;731.575;2839.289;11.502;2722.480;533.163;3095.462;3054.346;3597.778;1587.169
165,295.5393798351288,164,-559.789720338138,559.789720338138,0.26753808332900664,945.011;1582.582;1934.810;4.540;1125.305;732.007;2569.432;493.069;16.286;3594.163;2231.849;-1.631;2561.689;541.943;842.177;905.713;2700.682;2020.386;699.223;1786.481;405.227;3608.440;1942.167;1742.233;1231.228;35.753;2734.426;2023.569;3022.038;3302.975;1.924;2100.800;1.745;2373.343;1787.212;1237.885;2712.279;2240.429;922.671;2.708;2887.151;3259.226;122.680;1889.701;1068.243;645.352;322.516;923.241;3585.301;565.464;1141.538;-2.208;2117.641;721.742;2876.272;1875.972;1743.343;2905.591;3596.304;3608.908;1496.231;3598.261;4.857;2787.821;2356.967;1874.476;1777.351;2768.900;2537.006;3274.488;297.674;277.424;2646.611;1299.701;1009.121;329.180;28.302;1496.343;2158.478;3126.383;3386.925;3604.473;1310.903;1506.963;853.139;3169.199;3315.328;3202.210;6.112;2346.671;3269.716;14.323;3605.371;1356.006;2516.163;45.737;3596.325;2278.229;3210.837;3491.638,1667.258;3607.643;2467.475;966.398;515.622;2457.810;3131.632;3599.502;2171.925;377.492;887.963;1784.506;280.834;971.762;-5.544;3580.676;3607.074;1214.086;1540.678;2905.178;2345.821;2489.985;1385.020;2047.882;185.954;3409.544;4.527;183.706;3090.826;1866.713;2467.016;2166.098;2866.238;2287.875;711.737;3042.249;1237.390;3442.943;1164.962;3600.362;1023.966;2131.415;290.643;441.741;2597.047;3155.751;-3.736;2114.759;1337.248;508.099;1779.361;21.187;3597.944;188.354;3375.638;2721.884;34.625;1748.510;3580.078;859.764;1916.804;2029.647;1172.627;415.481;1833.039;1599.921;3287.608;2112.770;1462.865;657.286;1314.987;1950.414;2421.972;3474.936;780.541;2831.474;1553.757;2523.705;3.153;2704.450;3365.151;-1.094;1361.362;1019.037;2858.950;173.655;1192.479;2441.216;3172.130;600.690;10.474;728.093;2831.403;16.746;2730.585;538.658;3088.997;3059.430;3597.685;1596.258
166,297.42104983329773,165,-559.9617484414199,559.9617484414199,0.20960082174160385,936.080;1575.065;1940.560;9.934;1134.088;740.397;2560.042;497.937;16.254;3588.051;2223.268;7.559;2554.998;548.310;845.177;896.375;2694.312;2028.645;693.942;1780.508;396.095;3599.300;1949.121;1732.974;1239.581;27.131;2739.567;2032.514;3015.328;3300.930;6.331;2109.826;6.173;2367.009;1778.631;1246.818;2721.200;2232.627;932.139;-3.909;2896.397;3251.330;126.172;1898.952;1060.750;637.336;315.770;917.853;3584.796;574.773;1149.673;-8.556;2126.717;713.964;2869.317;1866.949;1750.704;2914.914;3595.461;3599.699;1505.448;3600.758;-3.382;2796.458;2366.181;1877.623;1768.393;2771.911;2528.335;3268.271;288.592;276.723;2650.135;1305.700;1005.091;319.790;22.519;1504.811;2149.092;3118.556;3396.240;3598.884;1317.024;1497.951;862.564;3160.070;3316.198;3210.919;13.526;2349.343;3278.873;21.507;3597.630;1346.553;2512.906;40.816;3600.399;2286.485;3220.215;3500.975,1663.685;3600.451;2466.482;959.275;507.257;2448.438;3123.607;3599.391;2164.358;386.929;896.575;1776.965;272.860;963.844;2.153;3574.320;3598.401;1213.581;1531.997;2913.891;2353.529;2482.963;1375.876;2057.208;195.073;3401.184;-4.397;193.196;3100.271;1857.322;2458.044;2156.631;2861.819;2288.203;702.268;3049.859;1246.008;3435.460;1169.213;3601.063;1015.388;2122.187;283.763;433.126;2601.502;3161.413;1.363;2107.134;1345.719;505.320;1788.524;28.417;3606.015;197.309;3367.805;2728.165;32.562;1739.351;3588.360;865.599;1914.464;2039.008;1164.459;414.024;1842.352;1597.634;3293.346;2105.013;1472.258;648.735;1322.709;1955.825;2431.377;3470.623;772.813;2832.956;1557.904;2514.436;-5.514;2712.917;3356.015;1.063;1370.651;1026.669;2857.844;180.954;1191.954;2447.161;3181.398;609.657;1.604;719.628;2826.316;7.672;2738.028;546.795;3079.977;3063.035;3605.826;1594.720
167,299.13665795326233,166,-560.2571859806724,560.2571859806724,0.2909890636274531,930.236;1583.834;1949.798;18.079;1138.490;734.351;2566.143;488.915;23.684;3580.677;2214.967;0.462;2549.210;539.655;836.054;902.474;2701.686;2038.024;685.675;1789.061;400.418;3600.434;1958.001;1737.116;1248.965;18.389;2730.859;2041.283;3006.019;3291.916;9.302;2101.167;-2.390;2357.909;1786.163;1238.065;2730.291;2223.735;928.847;3.661;2890.578;3248.747;135.403;1908.233;1062.733;628.470;306.461;908.668;3593.651;578.284;1159.048;0.583;2135.029;722.715;2862.460;1871.321;1741.593;2924.343;3586.806;3604.591;1499.863;3609.651;-10.954;2805.801;2363.713;1870.756;1759.017;2781.123;2519.406;3258.970;292.881;282.886;2644.436;1298.634;1006.678;325.459;28.262;1495.877;2139.660;3112.896;3405.639;3606.653;1325.748;1498.246;859.308;3168.816;3307.053;3219.071;22.813;2358.554;3274.064;27.695;3598.510;1337.144;2503.733;46.238;3591.531;2295.794;3229.602;3503.587,1656.467;3593.476;2472.431;952.721;499.580;2453.796;3130.405;3605.769;2170.989;395.585;891.702;1785.881;281.088;955.095;-5.322;3583.000;3603.336;1216.575;1539.172;2920.968;2346.202;2491.299;1382.076;2051.198;204.448;3408.056;1.807;186.810;3093.071;1864.741;2453.236;2161.416;2853.436;2280.666;705.116;3052.851;1237.573;3427.515;1160.897;3596.992;1008.419;2115.375;292.271;434.195;2598.281;3169.540;-1.185;2115.492;1338.553;513.601;1780.190;20.508;3600.072;206.717;3367.123;2720.676;40.443;1733.979;3597.741;857.476;1922.090;2033.246;1172.407;405.759;1849.583;1589.323;3285.247;2095.658;1481.369;657.667;1315.566;1946.736;2435.304;3478.509;764.931;2841.958;1552.014;2519.718;1.438;2709.084;3347.012;-2.351;1377.910;1022.207;2854.616;190.218;1200.758;2441.428;3173.659;618.172;-7.781;727.832;2835.307;-1.740;2729.740;537.791;3070.938;3062.099;3596.859;1590.961
168,300.9927854537964,167,-560.184672267834,560.184672267834,0.20289250464887706,922.401;1586.012;1942.734;9.073;1138.075;725.160;2575.100;494.033;15.967;3588.577;2207.230;7.353;2550.553;537.906;843.672;910.975;2694.928;2047.344;676.408;1782.848;392.468;3606.055;1949.271;1746.247;1255.693;9.387;2735.111;2040.243;3014.043;3285.820;0.505;2107.357;6.304;2365.791;1777.994;1229.756;2722.505;2215.381;924.963;12.501;2897.605;3257.361;129.803;1910.818;1053.613;619.146;314.441;917.368;3602.256;569.473;1153.269;-0.872;2133.650;728.363;2853.240;1880.477;1736.829;2933.351;3594.249;3597.182;1490.678;3600.823;-1.880;2805.960;2354.572;1861.575;1758.225;2790.404;2527.301;3250.268;300.648;292.002;2653.215;1290.017;997.643;334.611;19.360;1500.327;2144.540;3103.691;3406.322;3598.283;1323.801;1507.373;855.445;3167.348;3310.291;3228.380;15.558;2367.751;3275.392;36.934;3606.610;1341.470;2494.536;37.344;3587.610;2289.008;3237.577;3512.024,1665.309;3601.805;2468.334;943.562;502.853;2448.002;3123.103;3596.842;2162.360;403.586;896.223;1792.287;274.476;956.952;2.208;3592.314;3596.631;1207.830;1542.649;2914.894;2337.095;2484.324;1391.042;2052.891;212.059;3406.440;-5.171;191.663;3101.354;1870.045;2461.944;2166.066;2844.120;2287.390;697.475;3061.762;1229.002;3418.408;1167.432;3593.287;1000.404;2123.772;287.609;442.518;2590.658;3167.648;7.089;2124.718;1336.187;512.085;1776.302;11.253;3606.148;215.348;3362.357;2719.807;31.795;1740.691;3607.047;851.648;1915.616;2025.054;1175.620;411.283;1842.278;1580.083;3277.303;2088.259;1489.962;650.566;1323.279;1949.365;2430.069;3470.416;755.854;2851.123;1542.784;2512.127;8.033;2703.386;3350.389;6.367;1369.487;1027.542;2863.360;185.524;1207.312;2450.195;3168.049;627.087;0.457;737.136;2843.078;3.042;2720.459;528.702;3078.159;3070.901;3590.785;1581.865
169,302.85922050476074,168,-560.374601452673,560.374601452673,0.18726390548912056,923.804;1594.950;1948.726;1.956;1129.017;715.871;2582.118;485.314;6.752;3597.659;2215.828;15.722;2541.548;529.100;836.222;920.243;2703.840;2055.437;667.142;1790.130;397.414;3597.384;1955.134;1746.818;1257.582;0.263;2726.210;2046.146;3015.648;3285.503;7.352;2100.614;1.605;2358.684;1770.601;1220.706;2729.962;2207.360;915.892;21.687;2889.377;3266.616;135.513;1902.168;1056.495;626.983;306.949;912.494;3611.522;576.415;1144.559;1.505;2125.003;736.035;2850.864;1887.776;1743.177;2937.809;3601.511;3597.556;1491.279;3603.136;2.167;2814.686;2349.887;1858.805;1750.523;2786.649;2536.394;3251.773;309.874;300.597;2649.416;1295.487;1001.785;334.583;10.165;1501.909;2145.151;3106.013;3397.375;3602.074;1332.827;1509.572;851.622;3175.335;3302.350;3224.044;6.840;2361.433;3267.683;29.971;3597.679;1349.059;2487.628;38.893;3596.517;2292.750;3245.898;3503.261,1673.748;3596.433;2477.326;938.246;493.911;2455.663;3114.328;3596.431;2153.318;401.328;888.851;1789.180;279.599;948.295;-0.022;3599.647;3604.079;1198.551;1551.603;2910.505;2328.045;2477.270;1399.975;2044.129;209.191;3397.539;3.432;200.318;3094.502;1878.060;2470.989;2175.116;2846.094;2279.722;692.386;3071.039;1231.128;3412.029;1173.015;3602.222;991.234;2132.822;296.065;451.764;2581.462;3176.593;4.774;2127.052;1327.271;509.003;1779.889;4.530;3598.403;224.238;3359.459;2710.955;25.514;1749.884;3598.767;854.236;1906.433;2015.803;1184.243;405.062;1833.082;1571.953;3268.087;2096.999;1487.134;641.427;1323.954;1957.566;2420.975;3475.245;764.610;2849.534;1537.623;2519.663;-0.642;2711.958;3358.843;1.489;1366.873;1019.010;2858.340;193.782;1216.495;2458.152;3165.263;636.306;-2.436;730.272;2838.934;-0.017;2714.976;533.690;3070.333;3080.163;3599.159;1572.570
170,304.56809854507446,169,-560.4750905902888,560.4750905902888,0.3514062844560581,932.758;1602.402;1940.137;9.465;1133.203;711.275;2580.997;480.997;4.983;3598.026;2219.658;18.352;2532.390;535.457;829.682;928.308;2700.501;2064.428;659.390;1789.217;388.723;3602.684;1962.499;1755.706;1249.414;6.688;2730.658;2039.525;3024.443;3276.503;3.428;2091.958;-7.450;2363.787;1764.126;1224.156;2736.846;2206.751;917.096;14.473;2889.473;3275.836;127.466;1892.983;1064.886;621.235;301.572;907.320;3602.917;585.244;1149.503;-6.642;2117.796;745.174;2859.075;1896.923;1737.984;2930.529;3604.209;3605.744;1494.840;3598.905;-1.996;2819.312;2341.849;1855.424;1757.362;2778.265;2545.113;3249.515;302.589;301.009;2657.925;1286.530;993.058;326.339;10.074;1493.141;2153.836;3101.020;3400.654;3603.650;1329.456;1517.779;842.605;3175.906;3293.180;3215.679;-1.661;2365.344;3273.577;22.676;3596.492;1354.102;2490.972;30.534;3605.446;2300.101;3237.354;3510.142,1682.943;3597.976;2482.442;941.137;498.263;2464.713;3120.304;3590.826;2161.640;392.463;879.699;1796.887;288.684;954.937;1.386;3608.362;3596.136;1193.596;1560.517;2902.301;2327.068;2486.007;1393.118;2045.990;217.156;3405.979;4.187;208.653;3085.724;1871.318;2478.235;2176.516;2837.692;2287.569;700.760;3078.086;1222.321;3419.828;1182.106;3602.517;999.570;2141.946;305.271;449.596;2579.521;3173.470;12.437;2132.699;1318.349;499.969;1772.406;-3.615;3606.218;216.570;3350.423;2704.747;19.452;1758.402;3599.951;863.266;1897.193;2007.569;1191.562;396.114;1824.529;1562.845;3274.564;2103.658;1478.862;644.468;1315.001;1951.402;2411.793;3466.725;771.687;2857.611;1543.386;2527.398;-8.637;2717.620;3367.916;3.721;1357.855;1010.012;2854.906;201.121;1224.964;2452.847;3174.174;628.158;-8.599;736.492;2829.968;-8.962;2707.041;527.109;3078.305;3072.506;3607.141;1563.340
171,306.3937635421753,170,-560.4052281218153,560.4052281218153,0.19693115452091664,938.037;1610.588;1944.714;2.011;1135.435;717.820;2572.071;488.794;8.979;3591.127;2228.276;13.554;2539.558;542.231;821.919;937.028;2705.383;2070.901;663.609;1797.897;381.222;3596.114;1956.416;1756.559;1240.506;8.143;2738.381;2043.393;3016.621;3283.417;0.431;2097.786;0.756;2372.610;1768.795;1216.440;2736.990;2197.965;908.168;5.499;2880.730;3278.396;119.494;1898.662;1074.029;612.196;304.920;898.422;3596.254;594.362;1157.159;2.035;2117.321;750.908;2865.431;1888.882;1732.429;2938.497;3595.356;3597.743;1503.790;3602.960;-2.281;2810.787;2332.725;1864.059;1750.234;2786.370;2538.033;3258.246;294.018;309.388;2653.030;1280.597;994.441;317.747;7.565;1487.593;2146.418;3105.677;3393.681;3596.261;1322.569;1509.677;833.433;3184.760;3284.089;3209.709;7.068;2365.794;3264.794;31.088;3597.453;1345.361;2499.911;32.364;3597.019;2309.200;3243.787;3518.866,1692.036;3606.862;2476.574;932.871;503.875;2473.887;3114.215;3592.705;2159.145;394.756;887.512;1788.501;282.214;947.177;-7.436;3599.730;3602.515;1184.584;1564.919;2911.118;2335.143;2494.182;1388.015;2054.245;226.278;3408.116;-4.623;215.683;3081.993;1867.723;2471.941;2168.294;2844.552;2280.410;692.730;3087.173;1215.907;3412.234;1189.168;3602.305;992.872;2135.589;301.076;457.662;2570.650;3179.721;3.760;2140.817;1319.357;504.354;1765.313;4.148;3598.246;222.064;3357.805;2712.453;10.456;1766.890;3606.783;869.947;1890.556;2014.357;1183.258;403.265;1829.689;1554.174;3282.247;2111.492;1487.060;652.713;1310.412;1942.740;2416.903;3472.810;780.662;2849.167;1552.425;2535.928;-0.131;2710.951;3360.398;-0.593;1351.109;1005.344;2845.938;209.964;1233.170;2457.610;3171.791;619.575;0.184;728.259;2838.431;-0.343;2697.928;532.951;3071.406;3067.439;3598.677;1554.248
172,308.2452657222748,171,-560.019946600185,560.019946600185,0.14595835654334388,929.549;1618.137;1953.152;-4.964;1126.645;726.817;2577.836;480.639;0.292;3599.747;2236.153;20.635;2540.745;551.056;830.553;946.090;2714.173;2064.961;655.999;1789.882;372.223;3601.887;1949.835;1751.708;1246.013;-0.145;2730.871;2050.174;3008.337;3281.436;8.838;2106.004;0.624;2381.713;1760.285;1207.417;2744.944;2205.112;899.747;13.212;2872.884;3287.127;119.697;1906.877;1081.172;617.833;297.094;906.294;3604.084;589.457;1156.730;-1.222;2108.434;742.111;2857.108;1893.042;1737.123;2947.284;3601.910;3598.315;1496.156;3596.274;5.914;2818.465;2332.248;1865.979;1758.572;2794.667;2530.028;3265.561;301.047;318.410;2645.875;1271.631;1002.320;326.359;-1.326;1492.169;2138.940;3097.065;3384.897;3597.871;1329.566;1516.495;824.314;3176.421;3275.333;3218.391;0.510;2370.783;3272.495;29.022;3589.087;1351.922;2498.945;23.602;3602.863;2315.705;3252.501;3511.304,1699.317;3598.301;2480.207;923.807;512.845;2468.720;3108.234;3584.134;2156.584;386.866;881.542;1790.672;286.603;953.004;0.882;3602.897;3595.372;1175.949;1573.860;2908.496;2328.957;2502.394;1396.681;2056.010;234.964;3416.913;1.415;224.693;3073.675;1875.993;2480.091;2176.694;2836.529;2271.380;699.060;3096.230;1220.404;3412.002;1198.193;3593.438;983.881;2143.751;309.264;466.728;2562.054;3188.684;0.819;2149.604;1311.606;498.541;1756.293;-3.762;3602.812;215.097;3350.546;2703.781;3.923;1774.884;3598.693;878.918;1890.247;2006.304;1189.817;395.007;1826.114;1545.749;3274.662;2108.493;1491.930;651.559;1301.778;1942.460;2409.529;3481.010;786.434;2855.280;1547.389;2545.012;-3.412;2719.511;3367.191;8.192;1342.399;996.395;2849.889;217.357;1242.212;2466.386;3162.911;612.283;0.921;734.811;2841.559;-2.294;2689.136;524.431;3068.996;3074.190;3600.473;1546.487
173,310.12377166748047,172,-560.5282722739566,560.5282722739566,0.2484182465416702,936.915;1625.249;1961.799;3.544;1123.824;732.422;2586.034;473.520;-8.140;3607.830;2228.854;12.023;2548.043;543.292;830.219;939.061;2708.388;2056.229;647.023;1786.960;365.005;3602.507;1940.906;1745.372;1253.890;7.795;2729.984;2059.127;3002.291;3289.516;0.545;2107.318;-4.947;2376.201;1754.951;1204.640;2736.377;2199.680;896.170;6.010;2864.017;3283.337;128.372;1912.660;1074.362;623.391;288.103;902.008;3599.950;583.159;1147.989;-5.678;2111.298;737.069;2852.395;1885.361;1745.685;2940.721;3603.637;3593.212;1495.105;3603.127;-1.638;2811.806;2340.061;1874.136;1756.662;2800.280;2538.134;3257.177;308.899;327.430;2654.207;1268.376;1011.309;328.457;3.273;1501.051;2135.771;3104.650;3389.130;3606.642;1338.055;1525.069;830.345;3180.615;3282.054;3218.864;2.910;2362.422;3274.409;20.294;3596.537;1353.304;2490.353;24.591;3594.968;2324.185;3260.751;3507.861,1691.111;3595.751;2471.537;916.253;508.462;2460.664;3116.259;3589.265;2147.805;395.335;879.218;1792.294;294.375;961.846;2.923;3595.140;3602.899;1178.145;1573.691;2914.516;2337.131;2510.152;1389.050;2047.505;228.727;3410.521;-3.324;217.998;3067.437;1884.546;2474.018;2171.892;2828.586;2271.847;691.059;3095.429;1211.718;3403.304;1193.044;3600.314;986.337;2141.967;309.059;473.499;2553.231;3192.261;6.829;2158.640;1311.902;506.447;1764.534;0.604;3597.829;206.873;3351.570;2703.185;11.150;1775.134;3601.438;870.861;1899.035;2009.900;1190.388;400.203;1820.177;1554.149;3280.451;2101.969;1500.823;643.163;1307.915;1951.132;2400.712;3489.930;779.637;2862.670;1539.956;2553.567;3.681;2724.589;3374.254;15.859;1333.366;1001.014;2858.618;209.438;1244.765;2459.499;3167.234;603.844;-5.445;728.643;2837.495;1.186;2697.225;518.243;3060.774;3072.267;3596.841;1552.553
174,311.82493472099304,173,-560.5931258079688,560.5931258079688,0.23500991723181494,929.246;1616.721;1959.024;1.471;1130.776;741.257;2583.397;464.960;0.236;3599.392;2229.628;4.294;2556.216;550.184;833.335;946.445;2716.762;2047.856;652.018;1794.918;360.062;3593.803;1937.653;1753.976;1252.747;10.952;2728.846;2050.507;2993.446;3287.830;-7.677;2107.951;3.391;2383.349;1746.282;1210.531;2740.951;2191.189;887.732;4.897;2855.337;3288.836;120.719;1921.516;1081.757;615.422;279.925;897.079;3605.061;576.924;1144.288;2.909;2105.595;734.691;2851.949;1877.658;1754.637;2947.328;3595.074;3600.997;1486.614;3594.637;5.634;2805.589;2348.840;1883.085;1764.611;2792.136;2537.269;3250.632;302.675;332.909;2646.929;1274.878;1010.667;336.939;-3.558;1495.912;2143.790;3110.476;3394.510;3598.243;1346.628;1524.205;822.581;3183.973;3274.244;3226.833;-2.042;2370.515;3268.687;13.206;3600.458;1361.245;2498.483;30.062;3597.420;2315.785;3266.628;3516.106,1686.891;3601.792;2472.110;921.969;499.659;2469.012;3109.620;3597.995;2147.347;388.746;871.044;1783.777;286.613;954.069;-4.395;3587.538;3602.283;1185.799;1565.550;2906.481;2329.472;2501.989;1393.792;2038.589;220.647;3403.269;4.747;219.370;3059.810;1893.507;2478.719;2163.557;2835.484;2277.748;692.248;3087.791;1216.946;3411.150;1184.344;3608.495;978.340;2134.538;317.333;465.753;2558.882;3200.950;-1.343;2154.510;1306.395;514.356;1771.222;6.773;3605.554;208.994;3344.906;2706.132;2.837;1766.430;3595.652;863.690;1907.506;2018.430;1181.751;408.640;1811.318;1562.613;3276.610;2110.337;1498.024;648.770;1316.777;1950.143;2408.366;3484.632;781.916;2854.662;1547.512;2556.271;6.313;2727.928;3365.939;8.016;1340.922;992.976;2850.825;201.855;1253.120;2467.937;3174.963;612.030;2.932;732.008;2828.880;-3.899;2699.784;526.246;3051.821;3080.868;3605.344;1544.652
175,313.6692199707031,174,-560.6378326047568,560.6378326047568,0.23801597281678044,920.700;1619.601;1967.383;-6.531;1130.421;733.816;2591.694;457.301;1.177;3603.153;2221.138;11.609;2565.105;541.919;828.043;953.512;2721.364;2044.579;660.422;1795.101;351.376;3600.000;1929.206;1747.279;1261.014;18.899;2720.188;2055.884;2988.002;3296.307;0.791;2099.481;1.299;2391.280;1754.686;1203.026;2749.147;2182.303;895.322;-3.294;2846.423;3280.678;112.713;1913.313;1073.908;616.366;286.661;888.344;3596.716;570.685;1152.371;6.766;2112.893;726.162;2860.350;1868.877;1763.542;2940.939;3601.346;3592.967;1488.514;3593.666;11.399;2812.005;2348.434;1891.349;1756.867;2783.324;2545.722;3255.931;310.881;336.837;2638.373;1283.384;1019.166;334.694;-5.287;1503.433;2142.524;3118.922;3399.077;3603.157;1355.537;1531.921;830.259;3191.168;3272.298;3231.660;5.906;2363.929;3268.372;20.049;3606.452;1353.201;2493.824;26.366;3591.025;2321.059;3275.371;3521.163,1692.071;3598.027;2463.598;914.264;502.394;2475.360;3116.137;3606.910;2138.716;397.209;878.724;1774.885;277.773;962.055;3.011;3592.211;3608.166;1194.611;1556.660;2912.818;2335.068;2504.092;1388.645;2045.465;212.389;3394.468;-2.963;211.136;3068.068;1901.566;2481.560;2154.908;2830.251;2285.591;699.141;3085.083;1208.887;3403.229;1175.798;3600.096;970.163;2142.504;309.431;456.889;2550.511;3196.657;4.477;2162.427;1297.639;523.235;1766.200;-1.314;3597.716;217.681;3349.500;2714.707;6.964;1758.693;3604.003;855.587;1908.882;2023.500;1172.906;417.543;1808.089;1570.959;3284.764;2102.532;1506.084;642.245;1325.694;1958.777;2416.519;3489.807;773.246;2857.700;1539.485;2547.978;12.216;2736.659;3357.734;12.995;1337.778;997.044;2858.359;194.439;1261.807;2460.315;3180.908;615.724;-0.561;723.442;2820.114;4.294;2708.480;533.554;3044.818;3082.696;3597.431;1547.689
176,315.5358021259308,175,-560.7972951968037,560.7972951968037,0.2285785878206889,925.723;1612.100;1966.317;1.608;1124.023;732.699;2585.397;450.524;3.028;3598.239;2222.946;5.086;2562.752;539.160;820.303;945.717;2725.043;2052.088;668.122;1803.695;358.801;3606.194;1937.132;1752.438;1269.722;25.304;2725.144;2058.159;2980.963;3305.147;-0.298;2106.314;-6.129;2400.064;1762.048;1211.269;2756.163;2189.826;890.814;4.015;2848.964;3284.109;103.988;1911.640;1071.395;623.324;295.122;895.404;3600.632;579.115;1160.964;0.545;2105.991;723.649;2858.997;1861.387;1755.840;2949.002;3609.889;3598.769;1479.973;3588.572;3.157;2816.925;2340.153;1883.120;1748.218;2776.274;2540.996;3263.292;303.908;328.457;2634.008;1291.485;1026.531;330.154;3.296;1510.309;2134.047;3118.513;3390.579;3595.225;1363.821;1540.309;824.010;3184.730;3265.449;3223.223;13.737;2358.191;3259.760;11.818;3597.942;1345.753;2499.754;34.960;3584.680;2313.190;3280.777;3523.488,1683.627;3606.211;2466.575;914.542;494.059;2483.077;3108.666;3599.022;2146.770;397.215;887.211;1772.115;273.182;963.520;-3.199;3584.066;3599.607;1203.454;1550.990;2905.905;2327.125;2496.396;1394.471;2039.049;203.578;3391.442;-3.659;202.381;3071.664;1910.209;2479.649;2154.828;2838.435;2294.395;696.631;3077.528;1200.478;3405.927;1167.649;3604.007;966.763;2140.303;306.809;452.892;2556.064;3189.696;-3.374;2170.696;1289.346;531.286;1774.224;5.391;3594.119;226.365;3354.307;2721.907;14.990;1749.882;3596.006;857.465;1917.365;2032.216;1164.771;423.798;1816.557;1574.959;3283.975;2093.718;1507.922;649.497;1329.949;1950.921;2420.452;3495.236;778.663;2856.929;1545.372;2539.153;4.150;2744.836;3355.109;4.797;1344.694;989.488;2859.370;195.950;1267.772;2457.526;3173.704;624.377;1.895;714.593;2827.948;1.477;2706.490;542.313;3036.037;3091.327;3599.865;1553.437
177,317.42414569854736,176,-560.8480894296451,560.8480894296451,0.20375650089858083,931.717;1603.427;1957.806;0.812;1132.397;739.014;2588.325;458.867;10.986;3605.695;2230.635;-3.610;2565.059;531.338;811.567;939.278;2733.513;2043.884;661.612;1809.564;367.445;3597.827;1945.704;1760.912;1261.607;17.168;2718.406;2050.112;2972.338;3311.681;-8.291;2098.866;2.215;2408.860;1768.544;1218.152;2747.928;2182.441;889.235;-1.080;2844.879;3275.906;96.162;1905.737;1062.806;632.036;289.676;901.850;3601.607;584.897;1153.113;-0.719;2111.722;727.231;2850.459;1853.860;1763.033;2947.831;3601.765;3605.049;1475.211;3596.881;-5.376;2825.553;2348.198;1882.559;1748.105;2767.613;2547.659;3259.358;300.803;321.383;2625.509;1284.277;1034.703;321.515;10.083;1508.566;2139.414;3126.829;3381.851;3599.479;1372.526;1548.813;829.847;3176.051;3258.877;3216.285;17.111;2365.536;3252.678;10.805;3602.954;1342.063;2506.144;37.336;3589.406;2306.269;3287.344;3532.007,1677.216;3597.977;2458.094;923.075;499.926;2475.097;3116.137;3594.002;2155.507;393.565;881.277;1765.635;264.866;955.513;4.866;3589.886;3594.679;1195.841;1555.555;2898.452;2334.394;2487.648;1402.817;2030.493;195.668;3395.053;4.602;197.815;3063.518;1918.988;2471.059;2163.061;2837.316;2303.173;701.624;3068.835;1196.218;3406.216;1166.490;3596.424;962.381;2131.715;314.347;460.279;2552.988;3197.612;3.862;2163.214;1281.538;528.280;1780.032;-2.232;3602.293;218.624;3346.072;2713.706;18.403;1747.408;3601.041;849.367;1923.312;2040.822;1156.484;432.490;1824.114;1573.307;3275.953;2084.919;1516.415;641.484;1327.402;1942.614;2426.165;3486.988;787.060;2848.734;1546.028;2546.799;9.495;2752.673;3363.588;9.759;1353.392;995.728;2867.783;187.381;1276.405;2465.738;3172.165;618.709;-3.694;709.322;2836.684;8.548;2714.531;538.834;3042.377;3091.603;3594.094;1547.141
178,319.1357202529907,177,-560.6086373578628,560.6086373578628,0.21000290158713816,924.046;1610.326;1954.403;-5.135;1140.067;747.648;2579.896;452.409;19.653;3597.541;2239.323;3.248;2556.605;532.486;804.161;930.771;2742.219;2035.223;654.370;1803.640;365.150;3595.764;1952.898;1760.368;1254.747;9.235;2716.228;2055.571;2966.447;3311.358;-0.614;2090.252;5.002;2410.901;1776.931;1226.707;2741.200;2188.509;896.619;-4.402;2852.313;3283.787;103.181;1912.602;1061.313;624.646;297.871;897.595;3595.035;577.451;1160.730;-7.557;2104.485;719.020;2843.148;1861.140;1755.106;2955.820;3597.430;3596.739;1468.797;3599.155;1.957;2834.278;2344.768;1874.766;1755.836;2773.200;2541.176;3250.798;292.397;313.597;2633.037;1275.611;1034.259;322.204;7.570;1516.989;2131.975;3131.289;3389.670;3606.884;1379.704;1557.521;822.747;3170.832;3267.116;3219.363;25.662;2365.174;3251.070;3.580;3595.206;1348.970;2513.767;35.083;3597.984;2298.488;3279.754;3531.166,1685.274;3592.505;2450.039;931.376;495.226;2467.680;3124.816;3600.987;2163.543;385.196;872.687;1757.272;270.989;962.353;7.613;3582.958;3589.916;1195.724;1550.346;2906.669;2342.987;2484.820;1411.272;2028.060;191.193;3388.173;5.612;189.262;3054.829;1926.689;2462.415;2155.177;2829.093;2311.553;710.212;3076.663;1194.960;3413.803;1173.703;3598.846;970.466;2128.373;309.253;466.865;2549.126;3203.318;1.277;2157.641;1289.670;526.253;1771.842;-2.489;3602.783;221.979;3354.385;2710.295;26.947;1739.819;3607.562;840.855;1931.883;2046.102;1149.249;437.503;1832.765;1565.315;3281.491;2076.272;1517.247;649.691;1319.163;1934.097;2417.845;3494.957;795.374;2844.446;1554.395;2554.927;17.939;2760.479;3357.886;17.768;1349.019;988.317;2865.370;178.668;1268.720;2459.965;3163.689;610.368;4.496;703.745;2845.136;2.787;2721.676;531.758;3040.674;3084.420;3597.957;1555.489
179,320.996572971344,178,-560.7422139236821,560.7422139236821,0.2240509058792748,915.695;1605.019;1946.295;3.174;1132.203;755.785;2571.514;460.554;16.492;3601.247;2247.996;-3.352;2553.285;540.894;796.103;922.138;2750.894;2026.920;646.213;1811.621;356.803;3603.791;1960.989;1768.326;1246.163;6.244;2724.393;2057.134;2957.891;3314.368;-2.339;2086.275;1.626;2403.139;1785.452;1235.367;2749.281;2183.168;905.172;2.315;2859.089;3278.115;95.279;1918.865;1053.068;616.642;305.837;898.581;3602.894;585.310;1162.162;0.849;2112.457;710.768;2851.465;1864.717;1756.536;2948.271;3604.805;3597.067;1460.891;3596.756;-5.059;2838.583;2351.718;1879.750;1748.350;2764.967;2548.837;3255.143;283.833;321.215;2626.109;1266.981;1028.462;321.975;15.176;1522.806;2140.043;3125.539;3381.662;3598.812;1381.496;1549.627;830.541;3174.561;3259.405;3211.091;19.706;2356.722;3242.609;11.067;3602.950;1340.768;2522.332;34.220;3590.012;2289.863;3287.327;3539.599,1680.380;3599.809;2454.589;923.289;501.900;2463.044;3133.490;3599.936;2168.000;376.544;879.455;1764.797;271.475;962.924;-0.055;3582.249;3597.715;1188.404;1541.915;2911.014;2346.520;2478.191;1414.986;2026.800;183.061;3394.976;3.090;181.309;3061.361;1924.284;2463.932;2146.803;2824.862;2310.839;702.291;3083.661;1203.231;3422.426;1182.296;3606.107;965.842;2134.567;302.343;459.833;2557.391;3195.301;-6.587;2149.114;1297.448;525.160;1779.048;5.409;3594.994;229.344;3346.868;2717.237;26.484;1746.701;3599.323;846.148;1934.700;2045.354;1156.189;443.017;1825.778;1573.250;3290.027;2070.219;1509.344;654.954;1324.337;1932.459;2412.606;3499.427;797.355;2836.017;1549.062;2557.185;10.481;2753.100;3351.882;11.244;1340.825;985.819;2857.544;177.521;1274.072;2466.780;3171.405;616.924;5.986;706.514;2837.754;-5.764;2730.143;535.782;3048.956;3075.815;3606.420;1548.078
180,322.88355922698975,179,-560.5214008481456,560.5214008481456,0.31662701349242345,907.098;1613.115;1942.778;2.676;1123.698;753.263;2573.283;465.779;8.709;3605.791;2256.600;4.349;2552.744;548.676;787.620;927.871;2759.257;2031.317;637.759;1820.202;348.213;3598.106;1957.802;1761.325;1237.803;-2.170;2730.853;2065.046;2953.511;3306.221;-4.631;2094.587;8.132;2395.201;1778.070;1228.927;2753.134;2187.905;898.594;-5.177;2850.912;3285.641;95.886;1913.406;1057.748;612.125;314.179;906.962;3601.079;593.870;1170.443;0.021;2119.515;717.109;2856.328;1856.501;1763.979;2939.730;3611.677;3589.255;1452.338;3604.761;2.586;2831.824;2360.224;1888.098;1742.010;2756.444;2556.826;3261.407;275.991;316.762;2617.634;1260.399;1035.341;329.338;7.229;1514.489;2136.566;3133.633;3373.173;3598.439;1389.798;1549.984;838.484;3182.998;3257.011;3211.056;13.372;2351.483;3234.869;18.174;3600.140;1342.650;2530.907;25.878;3587.116;2284.022;3279.612;3546.531,1688.099;3598.659;2449.801;919.744;510.423;2469.872;3139.564;3597.643;2160.287;372.738;871.948;1756.744;263.141;954.653;-6.172;3574.042;3604.683;1179.852;1542.313;2919.463;2354.910;2469.667;1406.747;2034.047;174.473;3386.741;11.417;188.808;3053.494;1932.469;2467.227;2138.218;2830.974;2317.890;707.057;3092.195;1211.796;3417.105;1190.899;3598.569;957.542;2128.439;293.939;467.815;2552.870;3200.036;-10.498;2140.887;1289.522;516.841;1774.920;13.923;3602.518;237.568;3346.082;2714.686;18.582;1755.175;3591.249;854.601;1943.117;2040.910;1148.002;451.452;1823.153;1570.676;3282.413;2077.500;1500.766;647.792;1332.206;1940.574;2409.016;3507.872;805.760;2828.393;1555.039;2560.083;1.928;2744.955;3359.831;2.890;1333.431;982.976;2848.972;170.332;1282.238;2474.573;3179.490;608.937;-0.444;698.874;2838.159;1.938;2738.362;543.433;3057.398;3067.347;3607.982;1543.460
181,324.6007602214813,180,-560.2620332053192,560.2620332053192,0.22966318286222762,906.074;1621.261;1934.621;6.762;1121.743;751.552;2565.465;473.091;1.109;3597.713;2261.041;-2.144;2544.514;554.745;780.337;920.319;2766.758;2023.230;637.356;1820.147;342.212;3591.879;1957.093;1767.857;1229.868;5.521;2739.283;2073.463;2945.149;3308.730;3.578;2098.563;0.852;2388.898;1772.307;1234.041;2761.486;2196.278;903.324;2.685;2842.655;3283.551;98.337;1921.555;1065.614;603.804;322.097;899.557;3592.915;595.992;1163.885;-7.687;2118.159;725.556;2861.608;1848.709;1756.619;2945.828;3603.546;3594.869;1451.181;3596.587;-2.686;2838.847;2352.912;1888.658;1733.557;2750.523;2551.330;3253.170;283.483;323.687;2623.492;1253.133;1042.033;322.304;12.181;1516.939;2129.513;3142.158;3370.394;3604.087;1398.302;1557.307;844.559;3191.503;3261.653;3203.578;19.517;2351.686;3226.365;9.949;3606.910;1334.582;2538.400;34.021;3591.811;2278.212;3282.010;3554.841,1695.758;3592.596;2446.017;911.861;513.157;2478.335;3133.229;3605.881;2164.468;380.338;874.698;1758.899;268.135;958.788;1.837;3580.537;3596.655;1182.469;1534.032;2927.776;2361.061;2476.848;1401.961;2026.368;168.272;3378.385;7.915;185.896;3048.125;1928.988;2459.102;2136.959;2822.913;2320.328;699.535;3085.475;1218.741;3422.765;1194.827;3598.577;949.502;2134.077;285.416;468.484;2544.518;3195.602;-2.218;2143.879;1297.064;524.449;1770.450;13.129;3595.195;234.813;3339.371;2722.810;25.180;1748.112;3595.028;853.693;1949.925;2048.799;1151.844;444.565;1816.692;1578.944;3289.973;2070.969;1499.373;655.191;1335.823;1940.543;2416.664;3514.894;810.045;2836.363;1547.019;2552.644;0.059;2752.948;3365.118;8.198;1325.196;974.643;2855.136;175.359;1278.378;2466.838;3183.536;601.391;-8.882;707.205;2830.254;-0.151;2736.014;535.103;3064.736;3070.092;3599.696;1539.875
182,326.4671652317047,181,-560.3224574416432,560.3224574416432,0.2048966938348997,910.115;1628.393;1926.151;13.061;1129.202;745.509;2565.154;477.240;-7.325;3598.065;2256.298;0.362;2551.650;547.582;777.113;921.849;2773.658;2020.415;630.767;1818.520;342.416;3598.832;1964.975;1775.961;1222.811;10.989;2735.572;2067.593;2950.944;3316.960;3.007;2106.025;-4.318;2381.772;1764.224;1227.138;2768.396;2191.282;900.597;-3.357;2840.517;3276.704;91.026;1917.444;1064.253;603.943;314.785;906.083;3595.687;589.688;1155.739;-0.035;2111.290;733.878;2854.334;1855.873;1751.389;2946.378;3598.788;3602.687;1458.377;3594.655;-1.835;2835.837;2344.607;1880.981;1727.156;2749.305;2559.269;3249.279;285.450;332.104;2631.262;1252.198;1043.139;330.094;5.309;1517.398;2137.473;3146.264;3373.129;3596.328;1402.648;1565.719;838.233;3198.964;3268.290;3201.411;25.782;2343.534;3218.488;6.116;3599.141;1327.875;2542.632;35.000;3584.828;2270.728;3285.141;3559.515,1693.224;3584.419;2437.736;903.489;519.687;2477.560;3128.355;3599.057;2160.929;375.457;868.616;1761.871;276.366;966.810;0.395;3588.835;3592.656;1181.529;1537.924;2929.383;2353.822;2485.223;1409.371;2018.087;167.159;3382.098;-0.108;184.036;3040.702;1920.774;2464.032;2144.423;2814.447;2313.124;694.319;3078.491;1216.421;3419.053;1199.249;3590.522;942.302;2142.445;291.863;461.523;2536.852;3203.625;-1.056;2151.886;1305.506;522.891;1762.327;4.973;3601.442;242.921;3330.969;2715.228;32.692;1747.307;3603.079;845.917;1955.562;2041.596;1155.295;445.202;1808.926;1581.925;3294.195;2065.907;1491.881;662.142;1344.118;1937.973;2409.528;3507.618;812.366;2844.824;1544.477;2560.780;-6.233;2756.535;3373.467;16.539;1330.044;982.240;2863.155;181.501;1270.114;2458.548;3175.864;594.638;-1.693;709.156;2825.579;-7.966;2727.946;532.867;3072.805;3076.453;3596.092;1547.408
183,328.3548049926758,182,-559.9473551645367,559.9473551645367,0.15896566983944582,902.207;1636.664;1918.149;5.091;1123.266;753.677;2557.010;484.272;0.480;3599.944;2250.387;-5.173;2545.092;552.122;770.167;929.127;2782.005;2027.223;622.509;1810.521;341.503;3607.091;1962.146;1771.069;1214.518;9.100;2743.425;2075.561;2956.726;3310.476;-4.413;2114.384;3.825;2373.449;1757.053;1218.826;2776.270;2191.509;893.833;2.667;2847.276;3277.812;82.706;1925.099;1072.418;595.822;318.690;908.182;3602.060;592.725;1163.052;3.733;2119.186;736.114;2852.193;1862.608;1743.094;2938.671;3601.100;3596.179;1451.819;3601.982;5.824;2827.606;2340.125;1872.683;1722.877;2741.426;2567.495;3253.636;279.560;337.178;2639.591;1244.264;1034.949;338.403;-1.548;1525.188;2144.035;3152.707;3365.399;3601.142;1404.253;1562.621;829.900;3206.368;3260.616;3209.207;25.545;2335.891;3213.568;13.406;3600.328;1334.790;2550.634;30.954;3584.603;2262.354;3278.120;3564.417,1701.243;3590.763;2429.929;907.389;518.959;2469.481;3124.127;3593.952;2152.714;369.391;864.533;1753.836;269.316;968.681;4.884;3596.846;3588.703;1173.387;1545.479;2935.970;2357.320;2486.457;1417.148;2021.796;175.208;3389.964;-1.861;181.998;3035.809;1917.126;2472.289;2136.938;2809.853;2319.958;701.825;3086.154;1217.677;3410.805;1207.518;3585.243;933.945;2150.323;290.818;469.279;2529.267;3206.294;2.146;2145.619;1308.045;514.910;1753.919;-3.285;3601.772;250.965;3326.119;2712.717;24.763;1755.283;3600.145;851.598;1963.831;2033.238;1147.945;451.569;1800.558;1575.642;3298.886;2073.657;1495.937;669.958;1352.072;1945.966;2401.910;3500.086;819.948;2846.686;1546.296;2567.792;1.659;2761.554;3373.540;21.243;1323.242;975.850;2862.370;173.881;1267.602;2461.108;3180.289;588.934;4.715;709.481;2817.667;-0.040;2724.578;531.966;3080.890;3072.225;3600.695;1542.621
184,330.0652265548706,183,-559.8960688998097,559.8960688998097,0.15670271936840383,897.293;1634.789;1909.882;-2.237;1130.483;749.409;2549.306;492.557;2.852;3606.417;2256.414;2.682;2551.606;558.922;761.956;921.503;2782.484;2032.447;622.633;1817.722;349.606;3599.333;1969.954;1777.664;1206.180;0.948;2751.113;2069.315;2949.325;3316.395;3.074;2109.504;-0.004;2380.208;1749.322;1213.917;2784.350;2185.545;901.664;0.603;2840.106;3269.727;75.433;1922.370;1074.246;599.644;322.998;900.342;3594.062;586.245;1158.180;0.694;2118.630;741.170;2844.130;1856.678;1748.549;2944.422;3597.031;3601.871;1457.864;3595.691;-0.078;2832.907;2340.792;1872.505;1714.870;2733.104;2562.618;3250.009;287.311;342.040;2637.503;1252.044;1039.352;331.267;4.613;1532.000;2151.752;3160.890;3369.324;3605.284;1409.092;1559.988;826.902;3209.096;3266.256;3204.022;33.661;2339.780;3205.919;17.623;3597.766;1335.320;2557.149;35.303;3592.718;2256.327;3276.113;3572.635,1696.724;3599.037;2421.600;915.284;510.819;2470.264;3115.924;3591.913;2157.303;361.387;872.597;1751.989;273.785;960.706;-3.070;3590.632;3596.743;1174.137;1538.465;2929.278;2350.657;2479.917;1424.907;2028.944;169.746;3383.044;6.152;173.871;3043.839;1909.669;2469.060;2141.511;2817.381;2312.349;702.242;3081.900;1225.793;3418.046;1202.242;3592.970;930.046;2152.190;292.223;462.490;2535.984;3198.698;-5.215;2137.903;1300.467;520.839;1759.999;3.779;3594.158;257.897;3332.631;2720.000;17.800;1755.615;3593.684;847.592;1959.320;2030.691;1153.468;454.068;1792.409;1580.972;3291.191;2067.263;1501.108;668.165;1344.610;1950.478;2409.899;3505.589;828.211;2853.715;1541.014;2562.957;4.089;2767.075;3365.907;13.389;1317.769;977.587;2858.841;181.499;1274.402;2468.286;3188.501;581.010;-1.447;710.306;2809.345;4.106;2732.660;531.939;3074.669;3066.842;3602.772;1535.264
185,331.9097318649292,184,-560.3616313776191,560.3616313776191,0.2658449725072672,904.275;1626.747;1917.606;-10.386;1138.372;744.120;2556.460;486.171;0.366;3598.445;2248.453;10.698;2544.340;551.098;753.678;914.252;2774.637;2040.596;614.782;1811.315;350.216;3593.399;1961.963;1770.529;1213.143;-7.306;2744.060;2061.737;2957.126;3324.591;-0.999;2103.981;6.898;2386.895;1756.476;1219.405;2777.011;2193.525;894.607;8.572;2847.932;3276.592;73.492;1914.754;1067.633;607.780;328.930;908.135;3600.227;594.185;1150.359;-6.189;2110.578;747.153;2850.750;1850.440;1744.917;2938.298;3604.870;3594.158;1465.555;3601.491;7.086;2828.328;2332.796;1880.505;1718.905;2740.695;2554.628;3241.945;282.867;334.198;2631.543;1256.821;1045.354;338.724;-3.032;1524.227;2151.280;3154.427;3377.461;3597.251;1401.142;1568.053;819.286;3217.170;3258.738;3195.867;27.289;2347.908;3197.724;11.356;3604.654;1327.859;2549.349;27.500;3600.976;2248.612;3268.010;3579.329,1688.729;3604.528;2428.758;908.308;504.306;2474.987;3123.501;3599.766;2165.453;368.296;865.476;1759.890;275.859;953.722;2.486;3583.355;3601.525;1181.819;1532.650;2921.397;2342.478;2474.816;1416.971;2024.646;162.748;3375.068;0.236;180.612;3048.725;1917.259;2462.115;2149.346;2813.941;2304.303;702.062;3087.251;1220.244;3424.771;1194.577;3600.633;937.902;2144.426;284.581;454.280;2540.299;3206.212;2.149;2145.520;1298.960;529.017;1766.720;8.438;3590.288;255.810;3324.958;2715.556;24.133;1747.801;3586.117;840.737;1951.192;2038.469;1158.513;461.781;1791.608;1589.143;3282.980;2073.156;1493.217;660.149;1336.794;1942.885;2415.446;3511.331;826.899;2861.936;1548.676;2558.498;-3.601;2759.449;3373.131;9.223;1325.194;985.684;2850.978;185.197;1267.289;2462.001;3181.961;588.745;-7.529;704.629;2814.552;-2.381;2732.860;537.187;3073.067;3058.683;3595.054;1530.961
186,333.76193022727966,185,-560.3874529269642,560.3874529269642,0.2607795961410997,898.028;1623.693;1918.420;-2.745;1131.668;751.783;2563.025;491.773;7.561;3596.070;2254.196;5.692;2546.408;558.255;760.129;906.066;2771.993;2043.149;621.550;1803.424;344.407;3598.020;1955.928;1777.176;1208.061;0.178;2750.627;2061.941;2951.867;3322.775;4.311;2096.729;3.895;2389.972;1749.174;1227.463;2784.037;2186.323;896.444;3.046;2846.199;3269.616;65.784;1917.075;1067.957;607.865;337.021;903.262;3595.660;600.914;1152.322;1.671;2117.145;739.255;2858.462;1857.034;1750.315;2945.024;3602.586;3593.644;1458.513;3597.444;1.069;2835.295;2339.305;1888.706;1711.363;2736.357;2547.693;3233.742;281.283;326.019;2632.809;1249.286;1037.775;346.099;4.542;1528.203;2143.277;3162.033;3370.490;3599.416;1407.780;1569.718;811.226;3216.093;3264.365;3190.415;19.141;2351.729;3189.694;4.095;3596.830;1319.779;2549.429;29.210;3603.727;2240.416;3273.134;3587.470,1692.835;3596.877;2428.424;915.135;510.568;2483.076;3117.771;3607.907;2169.323;373.871;864.276;1763.241;280.445;949.381;-4.021;3576.428;3606.121;1188.426;1524.515;2928.803;2349.061;2466.706;1410.814;2016.562;154.585;3366.910;-3.564;187.723;3056.679;1923.036;2454.179;2144.344;2816.216;2309.782;694.112;3079.853;1212.171;3417.985;1197.235;3608.695;945.871;2150.018;285.693;455.415;2547.558;3208.423;0.206;2141.057;1303.796;536.261;1762.190;15.469;3598.190;247.768;3331.728;2723.487;32.206;1739.747;3577.942;847.230;1956.793;2046.488;1166.346;469.715;1785.324;1596.349;3290.559;2066.425;1495.634;653.137;1328.734;1936.058;2417.461;3519.441;834.832;2868.438;1554.194;2550.406;-3.549;2751.253;3373.518;3.002;1317.399;979.953;2844.095;178.213;1274.315;2469.399;3182.038;582.922;0.259;700.675;2822.359;-9.547;2740.165;541.843;3065.219;3059.629;3602.669;1523.003
187,335.6418340206146,186,-560.7463244458565,560.7463244458565,0.23914929873597612,889.937;1630.868;1916.678;1.556;1136.827;747.122;2570.955;496.518;0.647;3602.955;2250.119;-2.147;2540.422;565.623;767.758;903.404;2765.108;2050.264;621.829;1807.829;351.630;3605.123;1953.954;1784.870;1214.458;0.831;2745.877;2069.634;2953.778;3319.793;-2.585;2103.080;-3.418;2383.603;1742.743;1234.370;2790.533;2181.144;889.542;-4.856;2839.107;3272.864;57.636;1909.522;1060.337;607.620;329.592;906.478;3603.393;608.929;1155.793;7.537;2120.720;731.162;2858.831;1864.868;1755.079;2937.528;3594.793;3601.381;1450.990;3605.211;-6.103;2828.352;2347.072;1894.700;1717.436;2735.565;2550.208;3237.084;274.146;331.087;2640.719;1246.966;1041.452;350.235;10.419;1520.725;2146.869;3162.858;3372.299;3604.747;1406.309;1567.026;803.311;3208.139;3270.962;3191.175;19.449;2355.038;3197.284;9.712;3601.322;1311.621;2544.382;29.026;3595.880;2232.240;3279.666;3580.433,1694.879;3600.253;2436.041;920.294;505.687;2477.746;3110.497;3600.114;2176.926;366.926;871.577;1770.875;272.744;941.353;2.187;3579.124;3598.336;1192.966;1522.635;2922.031;2341.701;2459.220;1406.280;2023.084;162.271;3373.643;2.974;180.208;3064.597;1920.625;2460.933;2137.208;2823.521;2302.864;694.189;3084.409;1205.194;3413.818;1205.163;3601.137;940.609;2153.311;293.668;450.808;2555.682;3205.561;-6.151;2146.552;1296.119;530.965;1769.613;9.269;3603.478;242.632;3338.304;2717.711;29.882;1743.130;3583.673;840.036;1960.430;2041.217;1158.731;477.797;1777.348;1590.589;3284.817;2073.563;1490.056;645.304;1325.707;1927.944;2415.899;3523.361;829.563;2875.508;1562.257;2550.958;3.763;2743.530;3379.684;-5.067;1319.163;985.268;2836.007;185.783;1275.587;2477.127;3189.445;589.691;-4.929;706.790;2829.651;-1.978;2733.306;535.506;3069.061;3067.275;3596.649;1530.836
188,337.3428432941437,187,-560.6551510160307,560.6551510160307,0.14821865044029348,883.633;1623.857;1924.291;-1.920;1142.164;753.846;2571.646;498.172;-6.937;3597.633;2248.539;-2.184;2547.370;562.791;775.332;898.376;2758.009;2057.937;627.898;1801.985;351.446;3597.558;1961.030;1779.453;1222.492;-4.448;2738.144;2064.247;2954.834;3327.257;4.831;2103.856;4.126;2390.148;1748.884;1227.225;2784.149;2182.925;886.928;2.622;2845.766;3278.454;51.654;1901.435;1058.093;605.915;333.674;912.886;3598.637;616.126;1149.974;9.136;2113.646;723.286;2866.610;1872.941;1762.815;2930.459;3600.917;3596.035;1443.745;3598.059;1.579;2823.220;2354.109;1890.347;1720.590;2740.595;2556.380;3244.174;281.715;327.219;2648.504;1253.870;1033.813;349.921;9.735;1514.249;2141.809;3156.604;3367.919;3597.136;1402.768;1559.474;796.104;3207.225;3277.307;3183.507;14.538;2362.798;3196.268;8.006;3599.450;1303.511;2536.419;34.620;3593.883;2238.356;3287.591;3581.895,1702.467;3599.865;2441.931;920.283;507.513;2480.557;3105.042;3596.263;2174.128;361.089;870.867;1777.707;270.264;934.081;8.388;3573.466;3599.222;1185.270;1529.617;2922.781;2338.087;2455.304;1411.395;2021.591;170.095;3376.125;-2.612;186.614;3072.533;1927.959;2468.084;2129.181;2831.455;2299.784;701.066;3092.326;1200.665;3417.590;1202.679;3597.984;940.050;2161.250;297.297;443.368;2557.538;3197.938;1.586;2139.671;1290.344;524.009;1777.480;1.525;3596.210;235.092;3340.301;2718.201;22.243;1748.896;3588.551;845.174;1967.142;2033.262;1156.306;478.617;1772.759;1596.646;3279.741;2080.947;1491.890;637.205;1319.492;1929.702;2409.504;3530.863;822.866;2869.314;1555.457;2548.758;1.312;2739.773;3387.101;2.117;1312.431;986.189;2842.384;190.283;1272.245;2474.277;3197.050;596.385;1.831;712.225;2827.144;-5.188;2731.720;533.852;3061.420;3073.621;3594.856;1525.918
189,339.18647813796997,188,-560.8502212727556,560.8502212727556,0.2235620683404053,890.256;1617.032;1929.664;3.930;1150.086;760.350;2579.043;490.578;0.577;3600.575;2251.376;3.776;2555.354;569.656;782.737;891.392;2750.156;2063.354;624.601;1804.102;359.243;3594.819;1966.491;1786.864;1228.584;2.969;2732.689;2056.466;2960.019;3334.912;3.493;2096.048;0.910;2398.128;1742.024;1224.098;2776.529;2178.174;879.073;-1.332;2851.861;3275.011;59.020;1903.940;1050.263;600.366;326.123;920.427;3605.095;610.484;1142.063;1.639;2113.312;715.783;2874.496;1867.644;1757.036;2937.523;3604.161;3601.090;1451.194;3597.999;-3.397;2825.483;2354.473;1897.126;1727.806;2743.805;2550.027;3236.914;289.592;319.980;2641.768;1261.596;1040.592;356.877;14.487;1508.924;2147.156;3148.652;3375.376;3597.932;1394.914;1559.418;790.407;3200.218;3285.282;3187.756;21.325;2357.736;3201.597;0.188;3606.190;1296.470;2528.416;42.479;3587.306;2242.250;3285.870;3574.615,1694.849;3607.381;2449.581;928.102;499.695;2473.082;3101.822;3590.832;2179.696;368.846;878.501;1781.767;277.283;926.128;1.236;3565.556;3606.672;1190.692;1537.451;2916.046;2331.104;2447.445;1414.611;2020.227;177.968;3383.441;3.157;179.291;3080.558;1920.357;2475.937;2135.856;2839.489;2291.916;693.806;3097.860;1192.753;3412.151;1194.944;3605.169;934.338;2160.506;292.731;447.800;2565.343;3189.934;4.558;2140.823;1282.389;519.370;1785.502;7.283;3596.305;229.249;3348.000;2716.811;14.810;1741.582;3588.635;838.193;1959.447;2037.431;1163.917;470.920;1780.539;1589.628;3280.477;2078.224;1499.751;640.632;1326.615;1932.912;2417.197;3535.871;814.878;2862.406;1548.026;2544.797;8.626;2731.908;3388.598;-3.639;1310.904;979.526;2850.179;197.874;1279.976;2481.519;3204.288;604.373;-4.126;713.767;2834.790;2.020;2724.173;540.637;3053.388;3081.596;3588.332;1521.598
190,341.0576283931732,189,-560.8882496509123,560.8882496509123,0.2246910515496043,886.289;1610.449;1937.545;-3.091;1142.689;768.272;2571.532;482.658;5.089;3593.163;2259.114;-0.121;2548.729;576.511;777.666;883.456;2757.697;2056.759;617.665;1810.274;352.847;3601.500;1963.063;1779.490;1236.282;6.912;2738.958;2054.483;2967.879;3329.454;-3.547;2089.551;5.061;2391.916;1734.101;1231.386;2771.670;2170.511;885.921;-7.371;2856.368;3267.189;65.623;1911.751;1057.564;608.028;327.768;913.268;3597.967;605.433;1147.123;4.190;2120.996;716.594;2868.017;1859.765;1749.140;2931.683;3596.876;3596.787;1445.613;3605.263;1.455;2819.005;2362.102;1905.060;1720.817;2751.625;2542.170;3237.421;283.660;312.028;2634.598;1254.422;1046.318;364.583;22.092;1512.973;2139.451;3140.664;3369.271;3604.873;1400.009;1563.902;782.548;3192.285;3278.904;3193.759;16.397;2364.297;3209.477;7.658;3598.640;1288.689;2535.569;34.795;3581.262;2236.401;3293.414;3574.963,1700.673;3600.490;2457.419;936.021;498.784;2478.827;3109.561;3597.590;2187.557;365.276;874.490;1782.608;271.781;918.187;-6.689;3572.870;3599.393;1196.437;1530.679;2923.251;2337.382;2439.487;1406.961;2027.991;184.276;3380.208;-4.148;183.983;3076.522;1925.747;2473.160;2128.872;2832.920;2293.069;685.932;3104.571;1186.231;3406.416;1189.361;3605.584;941.849;2167.021;293.933;448.560;2572.529;3184.713;-2.025;2141.025;1274.691;524.085;1780.363;15.157;3603.173;222.910;3340.896;2724.434;21.031;1733.638;3580.885;845.207;1956.177;2040.697;1158.707;473.598;1786.807;1596.628;3287.911;2070.682;1502.940;645.651;1319.352;1940.097;2420.126;3528.235;817.296;2870.045;1554.849;2536.973;1.069;2725.058;3385.851;-0.579;1303.155;971.809;2842.627;193.939;1287.951;2489.449;3211.007;603.483;1.981;719.910;2839.475;-4.112;2731.031;548.423;3045.490;3075.349;3595.947;1513.768
191,342.9550461769104,190,-560.887086902532,560.887086902532,0.2444168367744455,893.456;1604.589;1944.974;-10.297;1144.713;762.972;2568.031;478.935;0.431;3599.755;2251.690;-6.670;2540.994;584.263;785.353;878.612;2755.713;2061.077;609.788;1802.632;348.847;3609.145;1970.738;1780.251;1229.381;-0.747;2745.390;2060.881;2975.504;3337.015;3.987;2082.233;12.781;2392.685;1734.932;1225.926;2764.177;2177.870;889.914;0.165;2864.155;3259.280;60.100;1914.143;1061.712;601.570;323.712;920.283;3601.501;597.625;1144.945;4.158;2114.301;708.895;2875.032;1865.250;1752.939;2934.099;3603.921;3591.224;1439.599;3597.942;9.223;2826.248;2356.753;1898.294;1712.998;2759.065;2549.528;3244.076;276.036;304.102;2626.795;1249.049;1039.383;359.244;29.416;1520.753;2136.926;3132.746;3376.135;3597.517;1393.336;1557.124;784.963;3192.198;3271.331;3186.632;24.100;2371.132;3210.761;4.790;3603.937;1295.992;2529.603;28.649;3588.261;2244.041;3286.157;3582.541,1699.889;3601.460;2465.275;937.161;495.559;2486.492;3114.036;3600.784;2183.268;372.167;881.198;1774.898;278.678;922.198;0.465;3578.681;3601.730;1204.269;1535.984;2930.255;2344.454;2436.345;1413.702;2029.733;190.219;3372.463;2.069;179.405;3082.413;1930.471;2479.425;2123.748;2827.076;2285.576;678.327;3111.782;1181.687;3398.599;1194.012;3598.010;949.448;2174.884;286.339;443.144;2567.464;3187.684;4.768;2133.514;1275.759;516.563;1781.300;10.011;3595.707;228.474;3333.304;2728.796;13.678;1732.487;3582.369;851.914;1949.431;2038.780;1152.596;466.149;1794.648;1590.541;3295.814;2069.186;1504.142;653.428;1313.828;1947.990;2427.792;3523.937;810.889;2875.133;1554.244;2530.269;1.316;2731.990;3389.046;5.671;1295.241;963.891;2845.263;196.963;1287.727;2485.812;3218.770;610.676;-3.086;727.758;2831.893;2.573;2738.903;545.368;3041.932;3068.776;3595.332;1506.027
192,344.6729874610901,191,-560.9687560468581,560.9687560468581,0.26972392501615855,886.333;1597.107;1950.202;-2.787;1149.607;759.545;2575.379;471.243;-7.148;3607.497;2248.440;0.894;2544.653;576.834;791.872;885.031;2749.067;2068.740;615.059;1796.896;356.417;3601.823;1976.232;1781.688;1226.344;-8.600;2737.849;2053.385;2983.076;3344.534;5.159;2079.342;7.404;2400.246;1741.987;1218.231;2771.193;2184.556;895.103;-1.725;2868.392;3253.324;67.557;1906.924;1055.603;600.140;315.990;927.916;3609.160;602.763;1137.405;-3.494;2107.489;702.022;2873.030;1871.841;1760.656;2940.900;3597.303;3591.443;1431.858;3594.048;3.731;2819.598;2348.996;1898.518;1707.393;2756.593;2556.577;3251.869;268.623;296.824;2633.044;1256.023;1031.819;351.515;37.221;1526.818;2143.854;3125.719;3380.170;3599.849;1385.649;1549.335;789.911;3184.578;3267.024;3191.109;31.954;2377.591;3218.370;-2.639;3602.982;1302.648;2521.857;35.335;3581.048;2251.708;3285.783;3575.256,1693.116;3594.766;2472.138;943.368;496.606;2484.871;3116.853;3594.523;2176.296;378.786;877.888;1776.998;286.466;923.639;2.940;3585.450;3606.291;1201.439;1543.518;2924.194;2339.556;2428.869;1419.726;2023.196;196.653;3380.072;-4.453;174.542;3089.401;1924.720;2487.007;2130.242;2819.694;2289.282;685.734;3119.298;1180.011;3390.769;1189.898;3599.134;945.071;2181.683;293.440;435.429;2571.357;3183.769;1.257;2139.067;1282.988;508.722;1788.169;2.292;3600.826;236.206;3327.096;2721.540;6.402;1739.106;3589.808;847.109;1942.072;2031.294;1145.894;459.499;1791.544;1591.562;3296.056;2073.481;1496.747;655.116;1306.284;1944.024;2431.288;3528.320;803.360;2871.670;1561.361;2530.583;3.402;2733.904;3381.410;12.914;1290.756;961.754;2852.453;203.513;1280.606;2492.179;3211.162;617.787;2.833;735.522;2828.092;3.318;2735.644;537.758;3046.280;3075.372;3589.228;1499.882
193,346.53805661201477,192,-560.9674127358544,560.9674127358544,0.2521261132954276,878.594;1599.507;1946.075;2.325;1142.827;751.940;2580.749;478.260;-1.189;3604.450;2253.976;4.547;2551.965;569.614;789.632;885.049;2744.271;2074.858;620.190;1789.688;360.334;3600.003;1969.201;1779.621;1231.768;-7.568;2731.114;2050.904;2985.668;3343.841;3.559;2086.797;0.941;2407.547;1735.365;1210.450;2771.827;2190.916;902.802;1.574;2861.249;3246.574;67.557;1900.161;1058.266;592.636;312.094;934.535;3603.728;610.208;1135.196;2.367;2112.890;700.247;2880.124;1865.020;1767.936;2946.406;3602.237;3583.832;1435.330;3598.752;-1.043;2816.593;2350.531;1905.824;1706.062;2750.687;2563.095;3258.814;260.910;291.510;2639.689;1263.280;1035.390;350.696;45.016;1527.137;2146.431;3124.345;3373.939;3603.538;1386.940;1555.429;797.588;3179.879;3272.354;3186.800;35.539;2383.931;3220.667;-3.379;3609.898;1300.570;2516.683;39.347;3573.345;2252.683;3286.767;3567.671,1699.937;3600.737;2478.620;941.038;491.653;2478.183;3124.106;3599.496;2178.541;383.540;871.009;1774.717;283.949;921.139;1.014;3578.205;3598.834;1194.369;1539.257;2928.550;2346.876;2424.074;1412.681;2029.745;202.718;3381.950;2.240;180.148;3084.026;1920.387;2488.502;2123.610;2811.945;2296.265;688.437;3127.085;1176.682;3396.890;1184.322;3606.303;940.887;2183.632;300.382;430.755;2563.907;3176.391;-6.009;2132.005;1277.058;502.641;1782.364;1.244;3602.089;243.937;3319.999;2727.513;-0.013;1746.819;3586.663;854.311;1946.710;2025.191;1138.296;457.338;1795.536;1597.864;3300.390;2081.152;1502.824;647.627;1298.616;1951.436;2426.072;3533.020;795.652;2878.009;1567.667;2523.192;-3.304;2740.341;3386.415;7.866;1283.602;965.290;2848.140;210.136;1276.382;2486.930;3209.673;621.772;-2.189;743.174;2821.371;-2.047;2739.432;538.225;3047.514;3074.614;3595.328;1494.318
194,348.4297435283661,193,-560.9611388378405,560.9611388378405,0.23351745680402347,876.649;1591.975;1938.535;-2.684;1150.148;744.996;2578.617;477.644;5.916;3596.896;2247.188;12.128;2559.665;574.065;796.707;892.505;2736.644;2082.468;627.821;1782.023;353.754;3600.121;1961.515;1772.055;1225.708;-1.019;2732.689;2043.339;2993.178;3351.097;-3.729;2094.491;-6.278;2413.268;1728.177;1214.854;2764.299;2198.508;895.628;-5.072;2868.221;3238.915;60.107;1900.515;1065.800;599.359;304.989;928.522;3596.095;603.216;1141.185;0.388;2105.614;693.369;2873.099;1871.817;1762.383;2954.037;3598.146;3580.786;1432.790;3604.681;5.934;2823.838;2357.931;1903.398;1713.538;2757.074;2555.897;3253.339;257.578;298.413;2647.373;1258.752;1028.061;350.374;38.854;1519.827;2153.999;3131.766;3381.232;3596.717;1379.867;1563.090;793.887;3186.661;3265.683;3194.300;32.421;2391.581;3213.504;4.035;3602.479;1307.386;2509.164;46.923;3579.687;2245.491;3279.240;3574.172,1696.393;3597.408;2471.864;942.212;484.051;2485.094;3131.783;3607.123;2171.084;390.988;864.138;1782.195;287.881;913.606;6.932;3571.280;3597.361;1201.728;1531.910;2921.268;2354.412;2416.521;1405.054;2032.030;195.410;3382.705;-3.650;176.654;3079.175;1912.775;2481.325;2128.850;2813.003;2291.681;693.507;3122.780;1169.104;3404.532;1191.821;3599.475;947.981;2176.226;295.083;423.165;2562.445;3168.669;0.987;2133.783;1270.171;501.789;1782.775;-2.115;3595.037;244.372;3312.285;2722.388;4.340;1740.548;3588.741;849.523;1953.270;2032.621;1143.890;464.049;1803.140;1591.353;3307.871;2077.281;1501.209;652.671;1293.315;1951.068;2427.649;3540.557;788.186;2875.622;1567.729;2528.526;3.151;2748.026;3394.047;12.944;1276.312;972.881;2845.317;217.808;1269.006;2494.088;3209.159;626.642;-9.564;736.320;2813.801;5.098;2732.079;545.732;3055.057;3068.487;3590.374;1501.764
195,350.1333649158478,194,-560.7625195014234,560.7625195014234,0.24677922386473647,869.332;1597.189;1932.635;-9.956;1148.943;737.442;2585.752;481.186;10.382;3595.254;2239.593;15.231;2554.154;568.156;793.105;899.844;2738.425;2083.001;631.399;1778.183;359.864;3595.791;1956.636;1769.970;1218.487;3.543;2739.285;2042.674;3000.213;3354.796;2.159;2090.515;0.995;2410.228;1720.526;1208.878;2767.041;2203.828;899.053;1.355;2875.108;3239.868;64.438;1905.465;1059.658;594.295;309.273;924.870;3596.966;609.154;1148.776;-7.081;2103.303;685.763;2870.097;1879.141;1762.318;2960.509;3603.409;3580.823;1437.801;3597.690;13.549;2830.730;2351.016;1910.468;1709.182;2750.433;2550.836;3260.526;264.808;292.383;2649.909;1265.875;1031.738;342.908;40.297;1526.906;2160.547;3131.794;3378.886;3603.576;1372.253;1567.898;801.201;3181.820;3258.050;3191.367;28.806;2399.219;3214.147;11.108;3597.875;1310.920;2504.326;40.923;3584.504;2239.508;3275.113;3574.466,1689.555;3604.767;2464.367;949.709;479.881;2490.601;3139.390;3600.966;2170.931;384.876;856.492;1789.196;281.558;913.827;1.930;3565.387;3603.404;1199.045;1531.313;2925.653;2349.998;2408.998;1397.923;2025.866;187.832;3384.157;3.134;172.509;3071.654;1905.238;2486.916;2129.731;2805.807;2291.924;689.393;3116.686;1171.094;3409.336;1190.230;3594.772;955.635;2181.165;293.724;422.957;2569.134;3161.269;5.977;2128.134;1277.050;506.304;1790.215;-9.645;3600.768;238.809;3306.530;2715.592;5.283;1733.200;3596.220;843.383;1946.723;2035.814;1136.819;459.458;1804.396;1597.773;3302.156;2071.346;1504.769;656.376;1296.439;1954.089;2420.195;3533.449;789.054;2883.064;1560.354;2535.961;10.583;2746.856;3395.812;20.506;1271.090;977.408;2847.075;210.947;1261.419;2501.598;3208.468;622.391;-2.244;738.793;2812.753;2.661;2730.383;551.388;3061.915;3060.925;3583.117;1506.398
196,351.9789447784424,195,-560.7909570808731,560.7909570808731,0.08257619812182708,875.670;1590.851;1939.871;-2.915;1142.296;741.263;2579.339;474.080;12.826;3599.391;2245.687;8.938;2556.981;574.492;797.580;903.010;2744.911;2081.640;638.506;1779.286;353.566;3592.575;1963.358;1762.546;1224.508;7.847;2746.844;2049.144;2993.541;3362.014;-2.943;2096.324;6.251;2417.413;1715.691;1214.335;2762.286;2208.214;893.596;1.831;2870.355;3236.369;58.961;1912.931;1064.436;595.782;302.148;917.449;3593.871;603.249;1155.135;-0.392;2097.970;689.002;2876.974;1877.620;1754.979;2966.866;3596.363;3588.117;1445.238;3593.042;9.059;2837.956;2349.903;1904.602;1702.833;2757.417;2543.406;3256.004;270.418;298.439;2642.750;1264.937;1025.304;340.940;34.420;1527.262;2155.168;3125.190;3381.646;3597.689;1374.973;1572.100;802.083;3178.050;3251.760;3197.737;21.642;2396.658;3221.028;18.593;3597.800;1318.224;2500.376;33.535;3591.564;2235.912;3270.809;3581.123,1695.356;3598.306;2456.900;946.978;480.919;2485.900;3143.086;3596.549;2163.633;391.844;851.504;1786.457;274.036;921.251;8.688;3557.840;3596.843;1200.133;1538.561;2932.750;2357.016;2401.443;1398.490;2032.732;191.964;3382.560;-1.045;179.903;3064.723;1897.781;2479.680;2122.426;2799.371;2299.302;696.384;3122.343;1164.307;3416.802;1192.556;3601.046;961.325;2176.145;299.562;416.490;2562.152;3168.158;11.422;2135.339;1280.315;500.752;1786.712;-2.848;3596.841;231.300;3313.163;2709.142;0.570;1727.779;3602.313;849.407;1953.203;2043.238;1141.964;457.243;1809.881;1594.255;3294.760;2064.435;1512.243;660.976;1289.361;1946.860;2419.527;3538.082;781.857;2877.732;1553.374;2543.267;4.511;2739.884;3390.471;26.109;1264.708;970.202;2854.517;213.941;1259.853;2509.209;3208.835;614.927;-1.214;731.811;2820.049;7.268;2724.504;553.210;3062.169;3066.957;3575.645;1504.989
197,353.8458089828491,196,-560.6348932489271,560.6348932489271,0.1980572708974388,869.630;1588.935;1937.815;-0.954;1136.079;740.888;2585.756;478.586;20.167;3592.835;2252.520;14.880;2561.809;581.810;796.638;896.234;2749.284;2088.715;646.021;1786.470;350.859;3585.166;1957.985;1765.200;1229.957;6.682;2753.827;2043.129;2988.757;3369.451;4.203;2100.601;-0.389;2424.027;1708.303;1221.771;2767.784;2207.013;898.443;-5.315;2863.701;3243.305;53.153;1906.842;1065.534;590.407;296.563;910.341;3600.291;608.814;1162.534;-3.081;2094.071;682.882;2872.753;1875.258;1760.776;2959.835;3600.633;3591.161;1437.938;3587.624;15.564;2845.500;2343.553;1911.309;1702.112;2751.568;2549.358;3261.521;263.343;292.187;2635.206;1257.770;1029.934;335.069;26.977;1520.343;2161.544;3121.011;3380.212;3603.513;1377.426;1567.305;808.438;3170.797;3244.817;3202.688;16.906;2389.619;3227.261;17.542;3603.866;1314.479;2506.910;38.170;3596.264;2228.775;3265.793;3580.677,1702.836;3595.155;2458.740;953.824;488.265;2493.128;3136.188;3603.501;2156.449;393.388;844.049;1779.093;266.691;922.015;1.944;3551.473;3602.669;1206.039;1531.465;2938.619;2364.091;2406.039;1391.725;2026.558;195.248;3380.472;-7.109;187.244;3058.112;1890.287;2473.137;2114.965;2794.952;2292.412;690.767;3129.692;1166.460;3423.691;1199.840;3601.030;968.669;2169.679;303.473;409.021;2560.149;3164.340;4.926;2136.389;1287.631;493.325;1779.390;1.516;3603.721;237.803;3320.578;2709.365;-6.833;1734.039;3596.814;856.898;1960.707;2050.766;1134.741;450.055;1817.356;1587.393;3290.441;2071.418;1505.238;668.411;1296.579;1949.955;2426.880;3544.760;779.741;2878.346;1556.351;2540.477;4.007;2744.928;3383.407;33.076;1257.198;964.735;2859.389;207.588;1252.489;2512.112;3210.025;621.728;0.524;725.420;2814.194;10.024;2731.543;560.544;3068.963;3062.625;3569.879;1500.084
198,355.54048705101013,197,-560.5401469522022,560.5401469522022,0.19156940997438948,865.154;1595.783;1944.415;-1.928;1129.005;747.549;2581.152;471.515;22.031;3585.859;2256.444;18.782;2554.630;588.025;789.364;896.430;2756.634;2086.814;653.087;1793.488;357.317;3591.120;1963.651;1759.226;1223.490;3.200;2760.956;2049.413;2995.698;3368.069;0.191;2094.042;-2.380;2417.831;1700.805;1220.293;2773.714;2213.369;893.651;1.562;2870.308;3244.150;46.424;1909.456;1066.462;582.995;289.799;903.564;3598.816;606.146;1165.797;1.378;2087.138;689.424;2873.370;1867.924;1761.096;2956.155;3595.447;3598.175;1443.549;3594.622;11.820;2852.702;2337.669;1907.426;1698.411;2755.398;2549.242;3268.667;259.732;287.800;2636.092;1254.823;1037.301;339.736;24.078;1524.600;2156.769;3121.607;3373.240;3597.353;1371.032;1574.387;813.192;3166.830;3248.195;3195.737;15.500;2383.256;3222.269;24.705;3597.066;1310.621;2510.849;31.534;3603.640;2221.707;3272.168;3581.422,1704.306;3602.183;2457.879;960.512;481.940;2490.697;3141.175;3597.144;2162.528;386.474;837.195;1774.925;270.367;914.880;-5.501;3557.862;3596.374;1207.535;1525.035;2946.040;2371.239;2412.211;1387.234;2019.988;202.520;3375.607;0.021;186.571;3050.673;1884.461;2467.708;2114.858;2801.467;2295.283;690.833;3124.264;1159.376;3427.212;1196.406;3607.966;975.975;2164.049;296.331;407.100;2562.397;3158.531;9.393;2129.127;1292.929;498.736;1785.098;2.897;3597.411;234.359;3320.396;2716.667;-0.532;1728.760;3603.884;860.062;1962.885;2057.357;1135.853;442.567;1819.490;1580.349;3296.934;2064.596;1506.086;674.537;1293.954;1943.234;2428.317;3537.917;786.719;2885.381;1563.695;2533.509;-2.193;2738.546;3375.925;38.690;1258.807;965.721;2866.344;213.851;1255.927;2505.851;3205.816;628.192;-6.636;730.916;2819.274;17.022;2738.501;566.143;3063.052;3055.245;3562.476;1505.019
199,357.36796951293945,198,-560.8358901124608,560.8358901124608,0.21776720927506946,871.594;1590.888;1938.228;5.048;1132.890;740.410;2587.795;477.899;14.804;3592.914;2263.754;12.247;2561.190;581.195;796.110;899.583;2749.747;2079.545;653.358;1787.465;363.612;3590.696;1970.922;1764.241;1216.102;10.263;2753.882;2045.031;3002.100;3374.291;3.928;2100.914;4.294;2413.643;1707.673;1227.083;2766.632;2206.249;886.406;-2.331;2873.699;3237.031;53.075;1914.872;1059.264;589.923;282.430;910.348;3605.298;609.056;1158.765;-1.102;2094.285;682.884;2869.158;1861.928;1761.990;2955.836;3602.165;3601.592;1437.756;3601.698;12.164;2860.121;2330.294;1912.297;1705.420;2754.560;2550.709;3262.269;252.508;294.742;2642.030;1247.573;1044.689;333.283;30.937;1517.921;2155.467;3128.764;3379.015;3601.872;1378.099;1567.367;819.668;3173.529;3248.221;3202.299;8.241;2375.899;3214.965;24.523;3601.011;1305.204;2503.748;24.497;3596.817;2228.353;3278.842;3588.357,1697.358;3595.649;2450.805;967.462;478.620;2497.913;3135.594;3601.767;2157.113;393.335;844.182;1779.870;277.660;907.975;0.905;3565.155;3599.337;1200.288;1524.756;2953.093;2365.460;2416.723;1394.417;2012.597;196.195;3380.227;-4.886;179.664;3045.586;1890.973;2460.359;2122.014;2808.841;2301.663;698.088;3116.924;1160.436;3419.997;1189.109;3600.850;969.440;2156.726;303.334;399.875;2555.230;3165.429;3.306;2135.222;1287.002;503.729;1778.685;-3.709;3604.414;227.545;3314.798;2710.953;-0.241;1721.408;3597.633;853.087;1970.131;2060.987;1131.019;449.310;1813.966;1586.989;3304.292;2064.931;1499.071;667.534;1298.774;1950.079;2431.735;3544.017;783.127;2884.419;1571.125;2526.813;-8.015;2745.422;3382.058;45.503;1266.073;958.754;2864.766;206.959;1256.859;2507.223;3198.827;621.137;-0.187;724.595;2820.773;24.443;2732.358;572.648;3055.782;3056.694;3568.905;1512.328
200,359.2342619895935,199,-561.0755822875351,561.0755822875351,0.22873492553475933,872.813;1597.261;1933.210;7.032;1139.961;736.096;2589.077;478.041;9.986;3597.687;2270.459;11.813;2560.074;585.797;790.111;906.802;2743.490;2075.389;660.528;1789.628;360.772;3597.543;1978.122;1768.125;1222.997;6.672;2747.008;2049.875;2995.936;3370.577;-2.748;2101.605;0.273;2406.582;1705.393;1220.310;2769.118;2200.427;879.030;3.133;2866.946;3242.806;47.940;1910.885;1058.110;591.113;284.438;917.638;3598.280;604.752;1151.744;-5.217;2101.168;688.949;2875.954;1855.582;1769.145;2951.798;3601.198;3608.715;1434.099;3600.381;5.134;2860.401;2336.556;1906.039;1699.310;2761.702;2556.927;3266.998;251.604;292.023;2646.140;1251.065;1040.560;339.040;24.656;1521.608;2148.272;3134.737;3372.776;3597.129;1385.200;1568.411;822.265;3176.505;3241.029;3197.898;4.054;2370.810;3216.631;19.378;3597.672;1297.955;2509.570;22.313;3595.016;2222.234;3286.170;3585.321,1691.045;3589.805;2443.472;970.640;472.239;2500.342;3141.738;3604.533;2161.320;388.318;848.924;1773.173;283.984;911.862;1.928;3559.146;3605.863;1193.178;1531.349;2950.478;2359.000;2423.950;1401.770;2005.628;200.566;3387.326;0.125;185.823;3038.339;1885.049;2465.011;2128.767;2802.598;2305.605;699.276;3112.989;1155.369;3414.318;1185.320;3595.161;962.155;2160.812;306.580;406.683;2557.770;3172.722;-1.482;2142.147;1286.883;510.713;1782.974;-5.483;3604.581;228.884;3321.656;2703.718;0.660;1714.258;3600.160;855.728;1971.368;2068.051;1124.079;456.478;1820.791;1594.057;3299.116;2069.637;1494.727;662.846;1302.407;1944.356;2426.848;3551.103;777.366;2884.181;1574.601;2533.352;-0.906;2752.746;3377.954;39.272;1270.789;964.757;2871.761;199.796;1256.465;2512.950;3191.847;614.028;6.152;731.789;2827.632;17.557;2728.138;565.451;3057.866;3049.824;3576.244;1517.121
201,361.12420773506165,200,-561.0084105717298,561.0084105717298,0.22267494578284078,879.163;1591.118;1940.145;13.971;1133.270;737.089;2589.309;471.036;3.037;3604.841;2264.538;5.479;2565.701;588.557;790.235;913.355;2749.711;2081.079;662.719;1785.026;353.605;3604.786;1985.340;1761.190;1223.236;9.537;2740.398;2043.002;2997.272;3365.118;3.720;2105.010;-2.909;2399.904;1710.125;1218.463;2765.362;2197.978;872.761;1.559;2859.846;3249.069;45.410;1917.942;1064.351;598.005;278.428;914.992;3599.990;597.570;1150.831;1.860;2104.134;695.584;2873.479;1848.304;1766.779;2944.620;3605.366;3601.640;1430.172;3593.613;-2.095;2860.068;2342.550;1898.779;1692.152;2768.185;2550.353;3270.442;257.973;297.896;2639.180;1244.897;1033.448;346.294;18.126;1515.082;2143.086;3127.740;3379.351;3593.290;1392.298;1570.309;829.429;3169.515;3242.753;3204.273;-2.178;2377.558;3223.703;26.093;3590.794;1304.222;2515.484;15.240;3600.947;2216.399;3280.276;3591.610,1692.611;3585.622;2445.670;963.500;478.732;2505.745;3142.967;3597.532;2154.325;392.403;847.138;1766.065;278.462;918.809;4.204;3558.339;3598.881;1191.684;1535.991;2957.182;2364.205;2430.177;1405.286;2005.179;198.822;3385.599;-5.396;193.065;3038.498;1889.033;2468.715;2130.612;2806.228;2298.763;701.573;3118.464;1162.257;3408.043;1189.091;3597.678;955.114;2158.033;313.757;407.315;2551.407;3178.922;-8.561;2148.912;1289.518;505.731;1779.152;1.598;3598.181;235.250;3328.334;2706.649;-5.883;1719.275;3596.295;862.406;1976.485;2063.119;1131.213;456.551;1815.841;1590.393;3294.479;2076.845;1488.075;656.061;1295.672;1947.560;2433.196;3558.137;771.845;2877.067;1571.405;2529.342;-4.132;2757.702;3384.421;32.429;1267.663;958.321;2870.903;204.002;1249.397;2507.305;3184.705;616.610;10.318;733.635;2820.824;15.614;2721.257;563.026;3064.890;3049.142;3582.851;1521.195
202,362.8259129524231,201,-560.9313657883818,560.9313657883818,0.03854480102816511,872.582;1587.281;1942.209;8.296;1135.929;743.454;2595.775;470.669;8.467;3598.323;2261.079;12.327;2570.875;594.880;796.865;913.604;2745.222;2085.891;669.555;1777.875;348.589;3597.962;1984.164;1758.595;1218.848;2.697;2739.958;2040.061;3002.943;3372.020;1.593;2111.999;4.076;2406.043;1716.520;1211.623;2758.380;2204.165;866.176;6.964;2865.876;3243.898;38.380;1913.159;1060.303;601.775;282.665;921.455;3598.583;592.732;1146.878;0.582;2106.880;696.615;2866.377;1847.301;1772.544;2950.715;3598.354;3597.770;1423.156;3599.669;3.894;2853.186;2348.275;1895.840;1687.200;2764.271;2556.065;3276.797;255.528;291.085;2635.139;1250.725;1026.907;341.499;11.020;1521.237;2148.398;3126.704;3385.338;3600.040;1394.468;1565.067;825.240;3163.534;3237.362;3209.673;4.454;2380.854;3229.115;21.439;3596.576;1308.485;2510.026;20.089;3596.245;2222.088;3276.115;3598.474,1699.684;3590.770;2438.698;961.781;485.948;2499.516;3135.954;3600.228;2160.596;385.849;848.549;1760.150;281.587;925.496;1.060;3565.133;3594.565;1185.114;1542.963;2951.321;2371.111;2423.184;1407.117;2011.105;205.767;3380.984;1.197;190.251;3045.123;1891.915;2466.296;2123.890;2799.669;2303.596;701.180;3117.708;1156.353;3414.015;1182.209;3602.170;961.137;2163.682;317.303;409.281;2555.112;3185.640;-1.585;2154.562;1282.710;498.669;1772.130;7.325;3595.840;228.369;3332.109;2713.098;1.048;1724.918;3600.475;869.158;1982.361;2069.607;1132.780;463.190;1822.027;1595.066;3287.365;2070.785;1481.314;648.835;1296.759;1940.802;2439.032;3563.769;778.826;2876.957;1564.286;2536.017;2.516;2753.582;3390.087;38.749;1273.831;952.245;2876.165;197.151;1250.204;2514.278;3178.392;614.864;8.406;734.118;2825.918;8.841;2727.339;562.231;3058.383;3055.779;3589.727;1519.926
203,364.67032289505005,202,-561.1800174396728,561.1800174396728,0.2173800023718516,871.851;1592.100;1944.512;1.745;1133.184;748.495;2589.079;473.503;7.470;3597.472;2259.070;19.369;2564.215;588.170;797.519;918.377;2742.244;2083.223;663.874;1775.287;354.985;3598.633;1987.766;1751.643;1224.579;5.804;2744.314;2046.545;3001.330;3365.893;-1.249;2114.716;0.448;2412.565;1712.227;1205.569;2752.322;2197.629;871.950;0.214;2862.974;3247.774;44.852;1916.308;1067.029;595.873;289.636;928.040;3605.463;598.200;1139.800;-6.029;2113.638;695.877;2872.367;1854.082;1765.918;2957.382;3594.488;3601.513;1428.937;3606.821;-0.488;2859.317;2341.899;1890.308;1680.294;2770.150;2562.047;3270.091;262.159;286.241;2641.089;1257.338;1022.908;334.837;4.250;1526.637;2144.057;3120.538;3392.453;3607.164;1394.222;1558.178;818.917;3168.847;3237.505;3203.470;1.198;2383.879;3227.994;16.042;3603.659;1309.059;2514.599;22.944;3589.962;2229.223;3271.437;3592.064,1699.649;3597.335;2431.930;961.090;489.121;2498.696;3142.072;3594.789;2161.994;388.664;849.001;1754.334;286.248;932.585;3.143;3570.249;3595.475;1179.282;1550.156;2944.266;2364.487;2416.202;1413.890;2007.357;212.397;3379.211;1.189;183.777;3039.243;1898.658;2473.259;2126.138;2796.789;2301.213;707.342;3124.556;1153.896;3411.248;1176.590;3595.406;964.336;2170.795;314.288;416.284;2548.469;3191.819;5.165;2159.632;1283.811;493.050;1778.114;1.011;3596.887;221.693;3325.754;2716.209;4.870;1719.257;3607.557;863.581;1976.030;2063.071;1133.643;458.134;1819.298;1602.126;3286.918;2071.165;1478.232;654.898;1289.887;1939.728;2432.317;3570.675;780.225;2870.218;1564.826;2543.185;4.590;2753.357;3383.763;32.875;1268.259;946.514;2883.265;193.516;1257.072;2521.398;3177.479;621.529;1.908;734.439;2825.049;2.144;2732.813;560.629;3063.572;3061.385;3593.162;1512.946
204,366.5316517353058,203,-561.2126192926587,561.2126192926587,0.2091029599919059,865.223;1588.102;1951.246;3.429;1126.280;751.266;2595.252;480.453;13.569;3599.601;2252.156;15.053;2561.005;587.951;801.707;924.498;2735.305;2089.992;662.486;1769.206;356.906;3604.614;1981.192;1744.521;1231.583;12.057;2737.669;2042.272;2994.354;3370.151;3.307;2121.710;-6.301;2411.918;1715.752;1198.722;2745.241;2191.695;865.939;-6.063;2868.996;3245.750;39.725;1920.768;1063.176;599.494;296.742;935.045;3599.342;597.636;1144.328;0.560;2115.643;697.993;2867.646;1852.860;1771.240;2950.842;3598.677;3598.138;1422.514;3600.365;3.059;2862.626;2341.999;1896.138;1686.250;2771.402;2569.107;3268.025;267.000;279.246;2637.801;1251.228;1028.267;336.360;-2.162;1520.820;2149.615;3120.048;3399.594;3600.557;1399.558;1564.282;824.903;3162.404;3230.596;3199.087;-5.212;2377.978;3234.914;17.824;3598.171;1302.346;2520.174;16.676;3583.677;2234.584;3277.376;3585.721,1706.458;3603.503;2433.097;960.278;495.409;2491.806;3144.516;3588.343;2157.724;392.792;855.650;1747.248;281.046;936.209;-3.776;3576.920;3589.693;1181.593;1544.743;2946.969;2370.332;2417.161;1408.191;2011.118;219.188;3375.103;-4.199;189.741;3043.391;1892.736;2467.988;2119.449;2789.893;2294.287;700.646;3131.313;1146.976;3407.077;1169.601;3599.679;961.858;2167.949;311.127;423.117;2553.180;3196.931;1.361;2153.255;1276.894;489.538;1774.949;1.611;3603.765;222.168;3330.520;2723.194;-0.105;1718.094;3600.845;870.070;1982.106;2067.891;1133.289;464.765;1823.372;1608.771;3281.020;2077.817;1471.257;651.975;1293.474;1946.142;2438.305;3574.617;787.111;2876.399;1558.259;2537.422;-2.239;2746.486;3382.846;29.526;1273.691;943.177;2880.579;186.656;1263.989;2525.075;3183.917;617.562;-5.167;736.350;2831.858;1.094;2738.832;559.251;3069.039;3054.906;3600.078;1519.028
205,368.42281126976013,204,-561.1847792050611,561.1847792050611,0.20744486546172053,858.255;1594.959;1944.552;10.238;1119.361;744.384;2602.209;487.529;20.553;3605.817;2245.095;8.125;2561.181;594.027;808.489;919.280;2728.247;2095.774;655.614;1762.856;361.289;3598.109;1974.340;1748.473;1238.663;5.245;2743.066;2035.314;2998.954;3377.071;-2.792;2128.110;0.398;2405.025;1722.706;1191.952;2750.371;2184.729;869.085;0.537;2876.034;3251.252;33.219;1913.902;1057.599;592.823;293.427;941.869;3600.728;602.772;1151.122;1.182;2122.338;691.105;2873.550;1859.661;1778.076;2945.836;3605.030;3602.154;1416.178;3598.183;-1.252;2867.240;2347.643;1889.597;1692.222;2764.644;2565.045;3273.467;260.263;272.377;2643.909;1244.419;1035.254;331.235;4.502;1513.790;2156.589;3126.747;3406.672;3601.067;1392.796;1566.533;831.666;3162.394;3233.579;3193.155;1.549;2384.628;3229.887;11.275;3594.909;1295.284;2527.185;21.363;3589.940;2230.149;3270.600;3583.501,1712.377;3596.807;2426.632;960.079;488.819;2485.108;3151.125;3582.171;2164.413;385.956;862.715;1740.169;287.585;943.165;2.879;3583.925;3594.978;1174.827;1537.861;2940.404;2366.585;2423.625;1401.653;2004.270;212.776;3381.997;2.503;195.674;3048.900;1885.703;2473.844;2124.480;2782.999;2287.223;693.774;3137.938;1149.036;3400.105;1173.637;3604.872;968.596;2162.010;304.246;430.125;2560.137;3190.848;-2.210;2151.257;1269.822;495.995;1769.131;6.853;3597.409;216.055;3337.428;2729.768;-7.044;1724.922;3596.506;874.672;1989.027;2069.875;1133.192;471.800;1816.577;1613.772;3283.321;2084.615;1464.564;645.061;1287.014;1945.406;2442.020;3577.256;790.294;2882.436;1563.699;2542.055;1.768;2740.297;3389.645;22.580;1267.175;949.968;2873.698;179.772;1270.785;2523.591;3190.970;623.262;1.428;737.239;2837.031;-5.774;2733.567;555.387;3076.018;3052.034;3605.561;1526.030
206,370.1302692890167,205,-561.2186266678486,561.2186266678486,0.1477761710393028,851.231;1595.375;1945.869;4.374;1125.043;737.608;2603.471;492.560;14.928;3599.136;2238.375;1.255;2554.366;599.683;804.484;912.348;2722.032;2099.196;651.584;1755.867;368.099;3596.509;1967.599;1742.992;1238.546;9.333;2750.023;2040.756;3005.717;3378.916;3.570;2131.327;-3.061;2411.445;1729.180;1185.712;2757.254;2187.262;862.728;-2.086;2880.688;3244.593;33.689;1909.825;1050.655;596.562;286.596;948.647;3606.174;609.713;1158.138;2.102;2129.284;684.174;2880.406;1862.501;1784.960;2939.201;3598.280;3595.865;1412.721;3602.964;5.183;2873.233;2340.968;1892.985;1687.002;2757.645;2569.795;3266.746;264.564;273.002;2645.386;1249.993;1042.113;337.593;5.816;1508.704;2160.285;3133.755;3407.945;3604.273;1385.917;1559.776;825.672;3168.919;3240.291;3186.177;-1.020;2379.196;3226.517;11.585;3601.566;1293.130;2521.047;26.519;3596.737;2226.059;3272.422;3590.242,1718.622;3590.559;2423.883;955.591;481.954;2490.893;3145.115;3587.725;2163.181;387.709;869.734;1745.696;281.469;938.531;2.622;3582.392;3601.824;1168.595;1532.759;2946.274;2369.729;2430.280;1394.677;1998.026;205.935;3376.182;4.580;202.570;3045.044;1881.249;2467.757;2128.751;2784.205;2291.851;687.173;3133.972;1155.894;3393.865;1180.430;3598.306;963.138;2155.120;302.031;433.787;2556.624;3196.543;3.486;2144.672;1262.953;502.996;1762.183;1.685;3602.304;221.093;3344.136;2723.437;-0.866;1718.984;3600.124;869.317;1995.951;2076.560;1136.808;476.926;1822.020;1620.322;3290.191;2083.187;1457.557;649.257;1283.983;1949.993;2448.405;3584.066;787.883;2889.286;1559.077;2537.335;-2.720;2746.906;3387.495;17.952;1271.383;956.702;2878.755;180.298;1277.788;2516.771;3197.714;623.040;-3.330;739.149;2830.688;0.756;2740.147;555.809;3082.931;3053.262;3598.859;1532.604
207,371.9846510887146,206,-561.0840828005018,561.0840828005018,0.17144243773183107,844.702;1589.011;1951.839;-1.547;1118.478;739.998;2607.179;486.737;20.880;3597.490;2244.204;7.272;2555.735;593.963;797.638;918.329;2727.095;2104.526;657.913;1755.645;367.747;3599.740;1973.620;1743.233;1245.056;7.233;2747.634;2034.651;3010.587;3385.684;-1.850;2132.464;-0.437;2416.831;1722.591;1178.779;2760.207;2194.055;856.172;2.748;2874.875;3245.747;27.806;1916.474;1053.396;603.147;291.729;947.557;3599.556;616.580;1157.032;-4.256;2125.517;689.230;2874.202;1856.795;1791.852;2932.377;3600.993;3598.581;1406.095;3596.812;11.381;2880.118;2337.417;1890.132;1693.632;2760.262;2576.235;3269.873;271.077;266.784;2638.661;1253.007;1036.801;331.485;-0.722;1513.047;2154.653;3132.729;3402.563;3597.819;1391.900;1553.197;827.612;3167.246;3235.172;3190.659;2.823;2374.205;3231.719;16.269;3596.959;1298.259;2524.932;19.975;3595.651;2219.226;3273.397;3583.986,1725.073;3586.646;2430.511;955.149;478.641;2497.620;3139.719;3594.496;2160.766;392.887;867.207;1739.616;274.658;937.527;-3.590;3584.208;3596.514;1161.847;1538.591;2950.294;2376.498;2436.849;1400.871;1997.511;211.904;3378.873;-0.602;206.614;3051.460;1874.577;2469.096;2122.243;2789.860;2290.965;680.231;3140.265;1154.791;3399.703;1182.101;3595.788;958.844;2148.314;295.248;440.616;2550.056;3199.519;2.232;2137.726;1268.057;502.066;1755.730;-4.902;3597.383;227.969;3351.051;2725.215;-0.499;1724.219;3597.689;875.822;2001.542;2082.920;1131.236;481.032;1824.476;1613.883;3292.497;2088.841;1458.503;644.148;1290.387;1943.521;2455.347;3590.938;794.572;2882.758;1558.350;2531.061;-9.042;2750.670;3393.628;11.093;1270.406;950.733;2884.226;173.891;1271.347;2510.709;3197.008;616.328;2.877;742.990;2834.026;1.857;2745.473;549.360;3077.169;3046.554;3601.877;1529.801
208,373.86742424964905,207,-561.1140072047738,561.1140072047738,0.18910996048760123,846.095;1582.841;1954.066;4.919;1116.663;734.269;2600.712;480.672;14.875;3594.226;2242.801;11.127;2562.352;587.263;801.019;913.988;2721.014;2098.605;657.850;1748.932;374.409;3606.356;1978.129;1736.760;1251.426;9.538;2752.979;2037.362;3016.182;3391.013;2.946;2138.324;2.645;2420.821;1725.453;1183.787;2765.221;2199.082;852.857;8.812;2881.289;3239.093;21.079;1912.498;1047.208;605.318;295.347;940.906;3593.822;615.789;1162.989;1.927;2121.394;684.487;2877.619;1862.749;1793.062;2937.906;3599.134;3605.208;1409.846;3596.058;5.634;2884.037;2331.392;1883.397;1692.917;2764.035;2569.904;3264.647;277.110;272.705;2644.876;1248.373;1039.963;335.352;-5.203;1517.828;2159.458;3139.227;3408.889;3597.721;1388.893;1552.639;821.170;3160.505;3240.791;3184.597;-1.891;2367.441;3238.538;9.791;3590.791;1292.596;2518.816;13.277;3602.336;2221.288;3267.266;3590.152,1722.986;3592.993;2428.905;950.668;472.109;2495.821;3139.736;3600.686;2167.174;390.651;872.306;1745.043;280.285;931.859;2.281;3590.002;3598.367;1161.221;1532.594;2943.940;2378.952;2442.349;1400.109;1991.833;216.199;3384.694;0.412;200.354;3058.345;1870.386;2462.900;2125.730;2785.748;2296.793;684.571;3134.598;1149.299;3404.275;1188.547;3601.421;964.692;2142.054;295.394;437.257;2550.632;3195.870;-2.565;2130.821;1262.488;508.493;1751.988;1.615;3602.309;228.040;3352.697;2730.148;-5.326;1722.100;3604.039;872.859;2008.248;2089.677;1136.670;487.210;1831.161;1607.095;3299.087;2090.278;1452.277;649.811;1291.428;1936.940;2450.429;3597.394;797.746;2882.094;1553.634;2527.257;-2.405;2757.337;3391.706;4.328;1273.751;952.708;2890.952;169.725;1273.111;2503.975;3190.445;609.989;3.773;744.808;2827.488;-3.479;2751.897;543.821;3078.135;3039.745;3595.962;1535.289
209,375.5711100101471,208,-561.1508172976943,561.1508172976943,0.1308529508501069,839.614;1582.150;1960.265;8.614;1123.106;729.368;2601.806;486.903;16.728;3589.101;2236.977;5.147;2567.453;580.449;794.957;918.120;2719.140;2103.123;664.268;1749.691;381.106;3599.899;1980.085;1739.424;1247.771;2.959;2750.266;2042.465;3022.972;3397.616;-1.991;2131.837;-3.524;2414.731;1729.527;1178.614;2771.994;2193.223;848.347;14.896;2877.038;3240.541;27.055;1908.831;1051.668;599.508;289.323;936.139;3594.265;622.367;1169.772;-1.004;2125.831;679.144;2883.858;1869.003;1798.626;2934.022;3594.054;3598.734;1403.344;3591.306;-1.077;2890.757;2325.072;1878.198;1688.297;2761.643;2572.178;3266.633;271.878;270.163;2648.453;1254.929;1038.626;331.602;1.167;1511.315;2158.320;3137.251;3408.137;3603.952;1394.124;1555.895;815.838;3159.143;3246.690;3184.332;3.471;2361.747;3242.099;16.274;3584.504;1296.288;2518.150;6.473;3599.098;2226.994;3268.206;3590.835,1729.337;3590.570;2435.013;950.155;465.557;2489.389;3136.093;3594.728;2173.896;384.327;878.866;1741.768;284.770;926.021;4.808;3596.784;3604.831;1156.420;1526.046;2938.696;2383.040;2448.238;1400.878;1985.033;210.875;3391.470;-0.940;205.372;3062.932;1863.640;2462.490;2130.939;2792.231;2292.650;687.750;3136.780;1149.382;3403.787;1190.973;3596.531;971.271;2145.739;299.305;434.073;2556.911;3202.175;3.906;2127.759;1257.981;502.808;1745.260;7.361;3596.153;233.554;3346.199;2735.065;1.043;1728.391;3597.868;871.755;2015.028;2096.314;1140.003;493.927;1826.423;1611.102;3294.372;2096.213;1452.539;645.999;1287.425;1937.625;2445.078;3604.110;802.408;2876.841;1560.078;2521.616;-1.615;2753.039;3385.049;-2.005;1267.274;948.257;2885.559;175.954;1272.046;2503.935;3194.026;614.253;-2.026;739.190;2824.576;2.627;2750.068;546.804;3083.837;3045.664;3600.676;1533.828
210,377.4292526245117,209,-561.2722194164566,561.2722194164566,0.18082412532165384,833.460;1588.614;1967.032;3.807;1129.119;733.844;2597.623;490.285;11.185;3589.804;2233.871;4.044;2562.336;583.129;789.067;913.377;2718.198;2097.414;669.312;1755.232;385.470;3600.850;1973.796;1746.010;1244.482;2.003;2754.178;2048.798;3028.378;3402.818;4.233;2126.033;2.785;2407.981;1733.362;1181.492;2770.456;2187.216;841.853;10.519;2878.399;3237.878;22.284;1908.453;1051.996;592.763;295.483;934.991;3599.307;626.725;1171.596;-6.713;2132.391;682.943;2888.996;1865.380;1796.609;2940.227;3599.026;3600.703;1396.620;3596.024;4.650;2888.336;2318.330;1884.324;1681.699;2767.946;2578.125;3260.557;265.170;275.359;2653.509;1252.618;1035.485;332.993;-0.134;1508.620;2161.177;3133.961;3414.273;3597.674;1395.740;1549.623;809.693;3165.645;3240.846;3178.061;2.994;2355.466;3235.925;17.391;3586.556;1290.506;2524.145;8.414;3601.324;2232.640;3261.956;3588.941,1724.638;3597.105;2441.766;943.700;471.191;2490.489;3142.548;3597.871;2174.472;389.556;875.194;1747.497;283.676;932.431;-1.374;3594.228;3598.413;1162.275;1519.987;2934.763;2376.704;2454.972;1405.093;1990.970;210.908;3397.760;-7.562;209.425;3069.197;1858.284;2468.560;2129.824;2788.919;2285.964;687.477;3141.296;1154.551;3397.199;1196.951;3590.913;967.415;2149.162;292.813;437.900;2559.967;3195.891;10.681;2133.785;1264.253;499.615;1745.910;1.603;3600.862;233.552;3341.710;2731.564;0.480;1734.854;3603.123;868.565;2009.183;2102.964;1146.270;488.309;1820.535;1617.705;3287.764;2102.944;1459.094;652.280;1281.164;1932.371;2440.879;3597.706;795.869;2873.510;1554.245;2526.697;0.917;2748.849;3378.502;3.856;1270.922;941.588;2891.437;182.722;1265.441;2497.596;3193.005;620.924;-6.892;745.635;2823.918;0.566;2743.551;547.271;3078.206;3046.635;3596.962;1527.195
211,379.2958195209503,210,-561.4911907601379,561.4911907601379,0.17456867661290484,838.353;1590.802;1973.644;2.484;1134.294;740.486;2591.002;484.849;4.504;3596.365;2240.081;-2.104;2563.927;589.434;783.242;919.116;2724.701;2090.764;664.843;1761.569;382.596;3596.203;1978.216;1751.023;1238.237;7.707;2747.729;2043.967;3034.132;3401.497;2.398;2119.598;1.664;2401.261;1739.871;1188.065;2764.612;2188.689;835.180;4.219;2878.020;3244.299;15.673;1912.766;1045.841;598.869;295.753;928.458;3600.609;620.975;1165.611;-0.273;2137.939;689.442;2886.959;1860.483;1790.086;2946.910;3605.592;3605.620;1395.522;3602.676;-0.563;2894.479;2316.739;1890.812;1675.078;2774.642;2575.281;3254.222;270.529;282.008;2660.159;1246.271;1038.421;339.459;-3.644;1502.130;2154.675;3138.597;3409.012;3595.857;1389.936;1555.576;803.002;3171.176;3234.150;3172.481;-3.400;2357.099;3230.340;11.055;3592.883;1284.751;2529.257;14.808;3595.098;2226.634;3268.356;3594.886,1722.993;3598.774;2447.899;946.172;477.806;2484.466;3149.271;3603.229;2169.608;395.714;868.575;1754.147;288.875;926.940;0.890;3599.695;3600.126;1164.902;1524.355;2940.981;2371.359;2461.709;1402.318;1993.619;212.067;3403.384;-1.263;203.234;3064.317;1852.025;2475.185;2136.301;2793.977;2283.821;683.277;3134.950;1155.123;3399.369;1202.803;3597.152;960.792;2142.802;291.940;441.583;2553.731;3189.964;15.936;2140.285;1261.184;505.694;1739.827;-0.566;3594.922;239.486;3335.235;2724.966;-5.195;1740.267;3597.783;861.958;2003.470;2109.618;1152.977;481.818;1814.045;1617.024;3290.647;2107.669;1460.076;657.068;1274.520;1925.698;2434.254;3600.749;789.314;2872.080;1549.009;2533.340;-3.413;2742.322;3372.197;0.108;1277.501;947.393;2897.828;186.549;1269.740;2491.191;3186.676;627.658;-0.437;750.487;2830.171;2.729;2748.369;553.255;3071.525;3053.096;3601.452;1520.813
212,381.007435798645,211,-561.5195732056386,561.5195732056386,0.2843259667172713,835.246;1584.611;1978.967;-3.681;1140.820;747.160;2594.749;479.156;-1.921;3602.829;2237.806;3.694;2570.200;595.986;786.528;923.578;2731.081;2096.931;658.262;1768.196;376.069;3599.637;1982.411;1746.525;1232.184;2.735;2741.527;2037.752;3027.835;3397.336;-3.885;2125.835;-4.116;2398.976;1746.446;1184.691;2770.852;2195.157;828.510;-2.440;2871.536;3250.823;9.023;1906.390;1039.242;605.505;302.213;930.339;3606.207;614.443;1159.071;1.038;2131.572;696.086;2880.529;1854.024;1795.438;2951.124;3599.393;3599.249;1398.809;3597.486;-6.529;2888.471;2323.185;1885.169;1680.653;2770.797;2581.294;3250.218;277.138;281.778;2655.771;1240.719;1031.947;346.118;2.528;1498.097;2151.274;3141.054;3402.529;3595.318;1383.379;1562.220;797.142;3169.618;3237.984;3165.854;2.853;2362.896;3235.636;6.169;3599.340;1290.927;2535.861;21.378;3588.670;2220.087;3274.567;3592.659,1716.491;3602.463;2453.604;948.889;484.417;2477.909;3144.633;3596.785;2163.018;389.871;862.679;1750.326;295.103;932.727;-3.875;3594.300;3606.289;1158.416;1530.935;2935.524;2377.635;2467.516;1408.772;1999.943;218.506;3409.995;-0.295;204.631;3069.646;1847.218;2481.527;2130.471;2791.600;2277.548;686.531;3141.121;1161.638;3398.238;1196.453;3603.572;955.452;2141.783;285.641;438.388;2547.080;3196.044;18.824;2137.751;1256.378;499.616;1745.699;-6.807;3599.500;246.129;3341.319;2729.525;0.665;1746.842;3595.404;867.519;1997.089;2110.791;1159.402;487.376;1807.973;1611.197;3284.478;2114.259;1465.295;651.419;1268.973;1932.019;2437.986;3606.374;788.208;2878.209;1542.402;2527.369;0.064;2744.821;3365.583;-5.277;1272.875;954.021;2892.247;182.841;1263.986;2484.532;3180.033;625.695;2.668;757.060;2824.222;-3.326;2754.968;546.854;3066.534;3055.331;3608.033;1523.939
213,382.83463048934937,212,-561.2958754662945,561.2958754662945,0.10844452501111083,840.729;1578.080;1974.541;2.563;1147.003;750.135;2598.848;472.598;3.122;3596.877;2238.248;7.059;2575.521;591.525;780.665;930.111;2730.679;2096.961;656.038;1774.754;376.041;3602.410;1976.575;1740.674;1236.243;-2.597;2737.766;2031.851;3021.496;3390.823;2.288;2125.117;2.008;2404.786;1743.168;1178.406;2770.548;2201.772;834.195;3.266;2873.930;3256.919;7.891;1904.572;1036.510;609.617;299.082;934.145;3599.785;617.093;1158.379;3.117;2125.703;695.474;2875.877;1859.893;1801.911;2946.755;3601.628;3600.441;1392.608;3603.240;-0.213;2888.595;2320.126;1887.673;1686.470;2775.454;2587.803;3255.352;280.914;277.446;2654.917;1244.721;1025.830;340.186;-0.768;1502.881;2153.683;3147.526;3396.464;3601.680;1387.157;1559.072;795.503;3172.177;3233.801;3159.454;1.820;2369.370;3234.775;-0.323;3599.215;1296.987;2530.532;17.358;3591.393;2213.506;3279.253;3586.325,1709.876;3596.093;2448.198;955.374;484.010;2471.703;3147.794;3596.541;2166.768;383.352;856.193;1753.496;301.707;930.057;2.292;3587.755;3600.163;1153.704;1534.804;2940.873;2380.033;2463.470;1404.192;1997.561;212.270;3407.005;-0.894;198.434;3063.544;1852.529;2480.688;2133.193;2785.141;2274.449;693.024;3137.785;1160.424;3404.644;1189.844;3597.782;960.259;2148.210;291.481;434.816;2552.822;3202.632;25.306;2131.825;1250.131;494.149;1752.287;-1.405;3599.919;242.884;3336.136;2724.109;1.073;1743.454;3589.173;864.017;1996.151;2104.424;1163.868;491.156;1813.151;1606.248;3285.622;2112.623;1471.656;655.481;1267.845;1929.137;2432.239;3600.384;794.023;2877.288;1541.215;2531.818;-4.743;2750.651;3370.513;1.059;1278.649;957.207;2894.901;185.581;1265.161;2490.095;3173.846;619.875;6.958;753.097;2829.575;2.839;2760.249;551.583;3069.377;3049.385;3602.118;1525.683
214,384.70535612106323,213,-561.1986632456772,561.1986632456772,0.1653239201005974,847.243;1582.632;1968.176;-0.968;1142.809;744.973;2605.110;467.564;9.125;3597.570;2244.650;12.337;2582.030;585.078;774.361;936.563;2734.577;2103.175;649.732;1781.246;369.664;3596.182;1970.503;1746.603;1230.294;3.545;2731.486;2025.337;3025.503;3384.260;-0.503;2125.700;2.711;2406.959;1736.821;1172.576;2776.616;2200.037;840.526;3.678;2879.150;3263.456;1.652;1898.776;1041.359;612.882;292.802;933.160;3600.472;611.562;1153.830;-2.994;2120.221;701.259;2869.845;1866.417;1805.376;2940.284;3607.728;3596.254;1397.754;3599.681;-0.983;2893.328;2326.022;1884.189;1681.799;2781.641;2584.801;3261.846;284.633;282.856;2649.333;1239.006;1020.079;334.581;-1.518;1496.918;2157.179;3145.110;3389.945;3597.070;1393.380;1562.245;801.671;3165.831;3238.520;3153.738;6.232;2363.520;3241.059;5.164;3595.801;1303.523;2529.311;23.309;3597.566;2212.191;3274.747;3586.104,1706.512;3599.921;2451.131;961.085;478.199;2474.024;3151.016;3594.038;2173.099;376.796;849.812;1747.614;296.192;935.901;8.456;3582.270;3598.503;1150.891;1531.915;2939.593;2374.584;2469.667;1399.108;1992.680;216.148;3411.013;4.895;204.387;3060.965;1858.923;2487.050;2129.544;2790.853;2268.216;693.291;3143.378;1156.686;3400.305;1186.687;3600.047;965.082;2145.117;297.698;441.176;2548.004;3198.838;20.617;2137.666;1256.252;496.133;1756.761;3.909;3606.114;236.467;3341.846;2728.726;-5.222;1749.563;3592.685;867.173;1991.410;2099.270;1170.209;495.877;1807.204;1599.752;3280.977;2116.744;1474.782;649.313;1261.455;1925.894;2435.393;3596.362;799.290;2870.884;1547.415;2537.505;1.596;2744.583;3376.824;4.402;1273.773;953.715;2889.524;179.250;1260.201;2486.680;3179.658;622.580;1.693;746.735;2834.881;0.666;2754.159;553.897;3064.658;3055.281;3596.053;1530.510
215,386.58572006225586,214,-561.2897731757291,561.2897731757291,0.17849364326749842,843.349;1587.438;1961.820;1.881;1145.104;739.246;2602.338;473.471;6.893;3593.370;2247.120;6.276;2588.527;589.619;768.139;933.220;2740.962;2100.644;655.492;1787.712;366.462;3592.522;1964.147;1753.084;1229.699;9.634;2731.198;2025.899;3031.899;3381.159;1.993;2119.428;-3.159;2400.840;1739.564;1178.266;2782.999;2194.045;840.837;9.547;2873.621;3269.325;-4.058;1903.952;1047.710;618.421;290.337;926.814;3601.021;617.504;1160.010;1.697;2125.738;698.123;2874.787;1867.899;1803.498;2936.393;3601.575;3601.483;1391.899;3604.592;4.141;2899.744;2321.123;1890.400;1677.654;2782.506;2589.764;3257.409;279.726;289.315;2642.877;1244.746;1021.247;330.263;4.302;1492.535;2151.265;3141.876;3385.564;3600.510;1398.777;1558.639;795.962;3168.957;3232.988;3156.859;0.145;2357.051;3236.566;1.040;3590.270;1298.233;2535.111;19.433;3602.563;2207.802;3274.497;3591.958,1700.316;3604.277;2457.423;966.754;482.048;2479.478;3157.263;3599.122;2168.062;381.847;843.321;1750.021;301.845;930.094;2.575;3584.345;3603.030;1153.301;1525.536;2945.440;2378.395;2471.290;1392.679;1986.253;222.396;3405.512;-0.612;209.038;3054.835;1853.366;2489.582;2129.629;2792.532;2274.253;699.473;3138.763;1150.407;3397.408;1180.443;3606.296;964.137;2147.215;302.640;435.991;2547.108;3193.385;23.904;2141.651;1253.443;490.419;1763.105;2.783;3599.981;240.821;3342.858;2734.325;-0.035;1749.696;3590.290;860.988;1997.629;2094.229;1176.657;489.655;1813.044;1593.246;3283.496;2111.127;1481.167;654.635;1266.363;1931.492;2429.892;3600.775;805.640;2875.986;1550.640;2531.922;1.941;2738.095;3371.672;-1.214;1279.166;947.556;2894.695;182.479;1266.222;2492.099;3181.368;628.705;-4.691;751.358;2841.298;-3.033;2758.790;559.999;3058.236;3051.219;3600.208;1524.914
216,388.2882845401764,215,-561.3197742867927,561.3197742867927,0.155660903137577,839.733;1591.995;1955.559;-1.670;1151.129;733.140;2596.127;469.587;2.082;3593.942;2253.131;-0.149;2586.253;588.565;761.699;928.623;2740.151;2094.456;659.989;1793.693;368.205;3593.576;1959.629;1752.239;1234.247;14.421;2724.981;2019.717;3037.901;3375.813;-3.761;2113.653;2.202;2404.066;1733.517;1184.235;2788.172;2188.343;845.083;4.422;2878.675;3275.028;1.765;1906.962;1053.641;612.712;284.206;920.518;3596.091;623.717;1166.326;-1.218;2124.310;693.668;2869.050;1874.108;1809.768;2930.061;3597.309;3601.302;1392.591;3598.511;-0.322;2906.136;2326.786;1892.330;1671.310;2788.766;2585.392;3262.032;273.675;295.762;2639.303;1249.747;1015.377;325.890;10.605;1486.169;2145.239;3135.551;3390.436;3605.493;1404.756;1562.189;796.156;3166.570;3237.347;3163.156;-1.210;2360.488;3231.955;6.967;3595.721;1294.640;2541.452;13.154;3596.454;2212.606;3280.002;3587.441,1705.861;3598.260;2463.144;962.350;476.823;2485.654;3160.560;3605.503;2171.567;381.237;846.313;1743.912;300.242;926.621;3.146;3589.788;3597.063;1155.018;1519.888;2939.854;2372.715;2475.863;1387.221;1989.030;223.424;3399.856;2.253;215.413;3048.740;1847.086;2495.565;2123.536;2798.469;2274.425;694.015;3134.828;1144.996;3393.931;1184.864;3600.357;957.845;2141.508;298.165;440.292;2541.375;3189.128;19.874;2147.910;1256.445;487.180;1759.469;-2.851;3601.823;235.730;3349.064;2730.250;-5.350;1755.761;3596.514;855.424;2000.138;2098.829;1174.866;485.488;1814.334;1591.796;3289.794;2107.145;1475.335;654.799;1271.799;1926.516;2435.579;3595.329;812.085;2873.296;1556.932;2534.445;2.220;2739.640;3370.401;1.998;1278.525;945.375;2900.524;177.448;1269.792;2486.789;3177.275;635.099;1.163;745.689;2846.245;2.969;2754.813;566.133;3057.718;3055.966;3596.012;1530.674
217,390.1305298805237,216,-561.3789392334518,561.3789392334518,0.18942594788718584,834.636;1596.380;1952.121;4.455;1157.473;727.063;2590.359;464.348;-4.244;3590.244;2250.631;-6.171;2580.004;582.485;764.312;923.499;2734.041;2089.514;655.371;1795.938;374.449;3587.952;1965.020;1746.056;1240.456;11.746;2719.982;2020.380;3037.619;3381.158;1.945;2111.767;-0.072;2410.104;1728.239;1190.462;2783.242;2192.489;843.024;-1.898;2884.231;3270.878;4.346;1904.347;1048.147;618.078;277.867;924.737;3601.972;629.146;1166.273;4.003;2118.242;687.356;2862.992;1880.384;1813.004;2933.448;3600.646;3606.848;1396.958;3603.259;-6.555;2912.288;2330.414;1887.195;1664.917;2794.578;2591.257;3268.334;267.297;301.538;2636.562;1250.113;1009.021;319.583;16.993;1482.604;2149.935;3139.777;3396.513;3599.361;1399.297;1568.123;795.727;3160.328;3239.835;3160.920;4.583;2360.508;3237.410;5.536;3601.993;1300.105;2535.664;16.092;3590.828;2218.932;3286.351;3581.131,1711.524;3594.561;2464.214;968.438;470.481;2479.797;3157.327;3599.491;2177.847;375.236;850.718;1746.154;306.397;920.492;0.639;3586.242;3593.873;1161.265;1514.300;2934.546;2366.515;2470.211;1384.152;1983.082;217.722;3393.494;1.898;216.784;3042.559;1844.930;2490.034;2129.615;2793.042;2268.766;699.304;3128.544;1138.677;3400.034;1180.357;3598.930;953.795;2137.212;304.062;445.764;2546.905;3195.176;22.990;2142.691;1250.626;481.976;1763.987;3.032;3596.785;229.422;3350.210;2724.658;0.211;1751.545;3598.743;849.111;2006.352;2093.751;1168.701;479.723;1819.104;1597.232;3285.099;2112.487;1469.240;658.827;1276.604;1920.182;2437.455;3594.214;816.436;2879.146;1562.886;2539.669;-3.570;2744.320;3376.218;3.399;1284.631;942.877;2906.885;171.261;1276.028;2485.927;3179.796;641.339;3.607;744.559;2852.563;6.926;2753.369;572.453;3062.293;3055.861;3594.600;1537.028
218,391.99697494506836,217,-561.5000122160523,561.5000122160523,0.1636998821155537,840.611;1602.637;1945.895;-1.156;1158.683;731.679;2588.508;469.778;1.670;3596.367;2249.331;-0.364;2574.068;577.867;758.460;929.259;2729.946;2095.447;649.113;1800.393;375.147;3593.416;1971.284;1741.696;1246.698;5.535;2724.338;2026.426;3031.800;3387.279;-2.936;2116.415;-4.922;2414.612;1728.396;1189.141;2777.333;2198.634;849.173;1.619;2883.653;3276.006;10.100;1898.143;1042.095;624.212;276.715;930.705;3597.320;635.095;1160.189;-1.604;2120.419;684.972;2868.812;1877.063;1807.033;2939.022;3605.730;3600.729;1403.057;3600.050;-0.771;2915.717;2335.274;1882.740;1660.173;2790.142;2588.769;3274.564;272.868;300.625;2630.350;1256.204;1005.146;316.994;11.623;1476.660;2156.180;3145.838;3397.820;3602.941;1403.419;1574.426;790.566;3154.104;3233.732;3166.346;8.866;2366.668;3243.637;-0.403;3596.985;1295.266;2531.217;21.460;3596.249;2221.813;3280.537;3580.274,1705.722;3588.681;2458.265;974.756;470.672;2473.489;3151.105;3601.282;2183.007;369.518;853.187;1751.709;304.951;923.935;-5.280;3580.014;3596.422;1155.707;1519.380;2940.424;2364.949;2463.934;1390.098;1980.706;211.725;3398.443;5.213;211.371;3036.234;1851.059;2484.224;2127.501;2786.807;2262.522;697.427;3131.050;1137.020;3406.351;1174.606;3604.264;959.228;2143.291;300.374;445.769;2553.208;3199.183;29.204;2146.876;1244.318;487.995;1770.247;-2.365;3601.375;227.901;3344.303;2718.371;4.929;1745.528;3593.302;852.603;2009.575;2087.473;1168.603;484.994;1816.387;1603.132;3278.839;2118.782;1473.239;652.903;1270.648;1915.575;2431.523;3600.289;810.853;2879.821;1563.606;2545.938;1.796;2750.580;3382.533;6.838;1280.251;949.013;2907.079;164.939;1282.017;2491.950;3173.682;635.698;8.877;738.463;2856.196;6.343;2747.364;567.830;3068.505;3053.455;3600.637;1539.120
219,393.8876874446869,218,-561.5127289933665,561.5127289933665,0.23164203243950773,835.632;1608.920;1940.018;3.443;1164.736;736.464;2586.129;475.831;1.808;3601.439;2255.411;-0.267;2570.549;583.225;752.503;934.003;2727.657;2101.689;650.946;1806.600;379.495;3599.660;1965.281;1736.336;1252.252;9.319;2718.449;2024.801;3029.904;3383.436;1.554;2122.628;1.103;2420.769;1722.397;1194.097;2783.107;2203.850;844.304;-4.281;2889.654;3270.452;6.097;1899.104;1035.893;618.994;274.679;935.160;3602.347;641.248;1164.857;3.744;2114.421;690.984;2871.695;1882.625;1806.926;2938.056;3599.800;3599.945;1397.164;3605.650;-3.605;2921.823;2330.197;1876.596;1654.078;2796.049;2582.646;3272.120;274.729;305.802;2624.114;1260.702;999.035;321.123;6.826;1482.147;2153.196;3146.893;3403.857;3599.914;1406.089;1580.399;794.705;3150.874;3229.197;3168.476;5.673;2370.637;3244.209;-4.529;3600.084;1289.991;2536.737;19.003;3592.946;2219.147;3276.800;3574.521,1700.143;3586.280;2452.307;973.179;476.110;2467.260;3156.816;3602.837;2184.701;363.899;851.162;1757.896;310.441;918.598;0.538;3573.810;3602.156;1156.248;1514.100;2937.088;2359.015;2462.807;1384.374;1978.549;211.684;3403.424;11.136;216.636;3030.606;1855.489;2489.263;2129.180;2780.632;2257.352;693.403;3127.365;1141.523;3411.407;1169.274;3598.712;956.239;2148.771;302.654;450.114;2557.148;3204.770;35.454;2142.158;1239.326;482.648;1776.160;-8.603;3597.199;230.030;3338.837;2713.562;-0.420;1749.657;3598.125;847.129;2015.262;2081.424;1174.587;491.015;1810.268;1609.181;3278.520;2115.972;1478.674;646.790;1273.796;1919.803;2425.335;3606.544;805.932;2880.359;1567.403;2552.212;-3.271;2754.747;3380.979;1.060;1277.111;955.212;2913.000;166.996;1287.479;2496.896;3171.648;630.643;3.428;743.742;2858.735;0.269;2752.257;564.993;3068.432;3047.330;3606.257;1535.685
220,395.61078667640686,219,-561.4235881563276,561.4235881563276,0.1994013171348675,840.763;1615.096;1933.832;-1.056;1170.674;742.592;2580.038;481.524;-1.822;3605.540;2259.645;-2.173;2564.426;577.755;746.288;939.935;2721.875;2104.374;645.036;1812.806;374.063;3605.757;1966.810;1732.142;1258.209;3.514;2723.713;2030.653;3035.513;3377.463;-2.572;2118.675;0.321;2416.670;1727.936;1200.267;2780.964;2210.000;849.670;0.940;2884.194;3264.391;10.087;1893.136;1039.301;623.560;268.780;929.378;3596.792;647.330;1159.592;5.319;2108.791;695.462;2876.200;1877.707;1801.127;2932.089;3602.189;3600.851;1402.477;3600.334;0.400;2917.784;2336.081;1870.462;1648.615;2796.500;2576.426;3277.935;280.803;311.980;2621.765;1254.754;1001.434;326.940;1.163;1476.498;2159.129;3152.758;3404.915;3604.718;1412.191;1576.139;788.724;3144.777;3234.887;3174.564;10.124;2376.752;3250.205;1.471;3605.783;1283.808;2542.910;12.905;3588.104;2213.119;3270.681;3580.224,1695.899;3590.905;2455.633;973.809;479.251;2464.270;3151.413;3596.871;2184.495;357.710;845.079;1763.779;313.443;913.568;-2.546;3574.119;3596.324;1150.335;1519.017;2941.680;2364.204;2458.852;1379.622;1983.351;215.915;3398.485;17.321;211.887;3035.334;1854.098;2486.761;2135.072;2785.199;2251.370;698.364;3121.471;1147.669;3411.526;1163.097;3600.647;961.644;2147.652;306.550;456.046;2552.161;3207.988;36.413;2136.213;1238.401;487.219;1777.867;-2.994;3601.890;224.162;3344.101;2714.690;0.579;1755.517;3602.058;850.692;2010.945;2077.861;1180.792;497.164;1804.162;1615.345;3279.721;2121.550;1475.117;640.569;1268.022;1925.787;2420.873;3601.489;810.798;2886.203;1561.582;2557.119;2.238;2760.866;3384.879;6.170;1272.066;955.975;2919.170;165.816;1282.017;2491.495;3165.758;625.345;1.253;749.851;2853.969;-5.814;2748.251;558.891;3074.454;3041.108;3600.406;1541.419
221,397.48041558265686,220,-561.2890439483906,561.2890439483906,0.16895616021288035,838.980;1620.579;1929.845;-1.026;1169.124;748.379;2573.925;476.336;4.016;3599.555;2262.512;-5.723;2560.870;583.086;743.044;946.056;2727.757;2108.797;640.168;1810.951;367.939;3599.864;1972.235;1726.051;1264.339;5.421;2721.621;2032.615;3038.730;3383.139;3.026;2122.833;-2.011;2410.594;1728.877;1206.437;2781.045;2206.374;853.435;-4.039;2884.102;3259.181;16.065;1891.413;1045.205;628.313;262.677;923.227;3596.374;651.332;1156.232;11.240;2112.295;690.957;2870.563;1882.840;1796.957;2936.552;3600.172;3597.536;1406.373;3603.722;-5.041;2917.765;2339.098;1864.337;1649.086;2790.936;2576.750;3284.056;280.965;317.590;2620.554;1248.619;999.741;321.266;6.752;1470.488;2163.739;3158.916;3398.992;3599.003;1416.138;1579.296;782.561;3146.575;3229.796;3173.170;16.221;2379.885;3245.210;3.888;3599.973;1282.321;2548.902;8.280;3593.633;2215.269;3267.457;3586.060,1697.970;3597.008;2449.909;968.635;485.255;2458.367;3155.139;3598.240;2190.242;351.544;841.404;1765.305;317.493;913.527;3.277;3568.778;3597.656;1148.013;1523.597;2944.803;2367.491;2462.805;1381.095;1989.463;216.837;3403.598;15.589;214.433;3036.087;1859.106;2492.398;2134.028;2790.948;2256.817;704.476;3127.309;1146.724;3405.759;1167.509;3604.954;963.535;2143.759;312.608;454.928;2546.473;3202.045;32.485;2141.766;1244.358;484.703;1783.137;-0.725;3601.448;218.127;3341.653;2720.236;2.554;1761.626;3596.914;856.148;2004.856;2073.039;1186.327;493.332;1798.004;1609.993;3274.031;2115.879;1480.856;642.104;1262.054;1920.304;2415.184;3600.905;806.172;2880.318;1566.983;2562.910;3.270;2765.354;3388.800;5.602;1265.999;950.081;2917.639;171.685;1275.923;2495.723;3171.022;630.272;-4.766;748.797;2847.863;0.017;2742.183;553.001;3080.578;3046.513;3596.492;1546.103
222,399.3616409301758,221,-561.3660888023935,561.3660888023935,0.14145997175525046,844.694;1621.102;1924.723;-0.017;1164.440;754.479;2569.753;480.318;4.605;3600.009;2266.922;0.182;2557.334;588.402;737.229;942.547;2733.542;2109.962;641.018;1815.768;368.607;3601.376;1977.973;1720.186;1267.966;1.099;2715.863;2037.650;3033.340;3384.547;2.074;2122.273;3.584;2407.133;1727.942;1208.934;2786.061;2200.813;850.818;0.243;2878.241;3257.152;10.480;1888.889;1043.385;634.370;264.483;917.783;3601.261;646.159;1151.523;7.745;2117.552;685.581;2864.927;1883.347;1791.432;2934.814;3605.322;3602.129;1411.722;3598.350;0.129;2918.935;2342.617;1864.558;1654.018;2784.971;2577.670;3288.755;286.427;317.843;2626.165;1249.400;1005.627;315.224;2.361;1465.925;2159.145;3156.180;3401.409;3602.634;1422.167;1585.258;776.822;3144.959;3224.831;3178.808;11.419;2385.542;3241.269;3.282;3600.076;1277.082;2551.685;12.073;3597.940;2221.083;3262.050;3589.705,1692.091;3598.884;2448.413;973.519;483.709;2461.664;3160.463;3594.625;2196.336;345.757;846.106;1771.165;323.525;919.477;1.893;3564.314;3602.558;1142.145;1529.214;2939.002;2361.625;2457.239;1387.011;1984.049;210.892;3403.233;21.237;209.663;3030.814;1865.171;2488.725;2136.338;2785.437;2257.400;698.793;3122.852;1140.878;3409.993;1162.230;3599.150;969.504;2149.238;309.056;460.816;2552.008;3206.379;37.728;2142.178;1239.758;490.368;1789.213;-3.974;3596.140;212.184;3340.062;2724.948;-1.511;1756.193;3595.028;862.230;2008.425;2067.030;1181.008;497.327;1792.794;1614.980;3271.000;2119.898;1479.762;636.596;1266.945;1915.071;2412.930;3604.969;800.139;2885.263;1563.527;2558.635;-2.552;2759.727;3394.784;10.180;1260.602;954.681;2922.428;168.924;1280.326;2500.046;3173.654;634.973;0.617;751.007;2852.693;-0.684;2739.028;552.402;3086.001;3048.977;3601.219;1551.446
223,401.06346321105957,222,-561.4345580758664,561.4345580758664,0.22406606470524618,848.496;1615.363;1920.792;-2.222;1169.312;760.458;2564.426;486.255;9.935;3596.274;2270.514;-4.377;2551.516;587.958;742.801;946.954;2733.130;2115.868;643.695;1810.109;364.446;3596.647;1974.291;1724.724;1262.149;3.100;2713.096;2036.344;3039.064;3388.097;-3.517;2117.437;-0.729;2402.423;1722.117;1214.846;2792.072;2203.690;856.432;-4.890;2873.476;3262.978;14.594;1887.271;1047.437;631.330;260.028;911.754;3606.683;640.176;1157.325;11.760;2122.239;679.610;2869.102;1877.748;1787.508;2928.889;3599.610;3596.393;1415.877;3601.337;-4.225;2924.636;2348.576;1858.906;1659.978;2787.061;2573.088;3294.524;292.441;323.353;2632.034;1243.716;1004.465;313.652;7.837;1460.021;2164.183;3150.331;3397.013;3597.929;1420.998;1581.726;770.847;3149.886;3218.895;3184.845;16.824;2389.682;3246.486;-2.591;3605.102;1282.865;2551.228;18.044;3592.560;2226.717;3256.047;3584.240,1696.558;3602.383;2442.562;967.844;477.884;2458.254;3165.671;3600.271;2191.433;348.932;841.525;1776.667;329.565;922.298;-3.616;3559.337;3596.944;1142.822;1524.601;2943.566;2365.353;2461.874;1382.192;1988.230;214.170;3397.334;16.475;215.055;3024.792;1859.917;2493.716;2142.254;2787.811;2255.551;702.382;3126.601;1141.317;3407.125;1165.861;3600.667;966.386;2155.097;314.055;466.867;2549.416;3202.608;33.159;2148.066;1244.351;485.222;1789.761;1.530;3601.618;215.346;3335.389;2730.711;-7.479;1759.812;3600.902;868.130;2002.786;2062.547;1185.615;491.749;1786.778;1612.365;3273.416;2120.036;1485.392;633.473;1262.346;1909.970;2418.466;3599.336;795.441;2885.713;1559.394;2563.525;1.974;2758.077;3396.744;6.155;1260.142;949.353;2926.721;163.482;1275.416;2494.433;3172.476;640.975;-3.437;745.375;2849.794;-1.536;2733.736;558.217;3092.026;3051.426;3601.665;1557.471
224,402.90868759155273,223,-561.4596922194819,561.4596922194819,0.14723651502007834,854.414;1611.702;1926.474;3.563;1175.073;759.446;2558.510;492.248;5.649;3600.228;2276.412;0.210;2556.902;582.156;741.667;941.850;2728.369;2112.311;637.909;1812.403;363.165;3600.943;1968.976;1730.218;1259.266;-1.359;2718.236;2042.116;3042.649;3382.338;2.077;2111.528;3.367;2398.395;1724.949;1218.594;2790.330;2198.932;862.421;-0.174;2867.722;3261.384;18.224;1881.408;1052.626;635.293;254.921;907.996;3600.885;634.219;1153.124;6.774;2118.471;681.953;2875.027;1872.374;1781.586;2925.815;3603.092;3600.754;1421.732;3606.190;0.542;2919.826;2353.693;1864.324;1664.057;2791.571;2567.170;3290.786;298.104;328.977;2637.835;1238.708;1009.079;307.873;8.693;1461.503;2160.579;3145.546;3391.074;3599.352;1415.443;1575.843;770.596;3155.644;3224.146;3184.414;15.176;2394.551;3241.606;1.124;3599.713;1283.313;2556.694;16.933;3596.591;2225.882;3256.024;3589.571,1691.836;3596.879;2446.360;973.019;472.321;2454.417;3168.603;3605.907;2196.011;349.235;835.641;1782.575;325.030;920.406;-2.403;3553.398;3593.018;1141.834;1521.285;2941.107;2362.303;2456.389;1379.972;1983.248;209.424;3393.434;21.969;209.921;3021.687;1862.117;2491.460;2148.255;2792.361;2249.691;707.031;3122.273;1146.969;3411.513;1160.750;3599.266;971.681;2161.096;319.388;462.468;2543.932;3204.148;38.524;2145.389;1239.671;486.999;1791.155;-3.062;3598.645;220.613;3329.490;2726.127;-1.735;1754.451;3600.148;862.757;2006.247;2056.613;1189.230;494.008;1791.690;1608.193;3279.298;2114.312;1483.249;638.672;1262.213;1915.214;2413.140;3601.840;789.951;2880.876;1561.257;2568.799;7.330;2763.726;3402.611;11.943;1265.962;951.616;2932.641;168.294;1280.440;2499.848;3174.708;636.215;-0.989;749.164;2844.625;3.992;2729.831;561.430;3096.275;3045.901;3597.797;1554.624
225,404.7787492275238,224,-561.5086506546808,561.5086506546808,0.14452380007956933,852.133;1607.082;1922.330;9.454;1181.011;753.686;2563.697;491.830;-0.166;3605.869;2281.079;0.127;2561.425;576.616;736.808;938.270;2722.480;2108.527;632.511;1807.082;357.565;3597.698;1967.837;1736.123;1254.460;3.788;2724.097;2042.744;3048.390;3385.069;-0.436;2115.759;8.500;2404.040;1730.786;1214.166;2784.564;2194.558;858.659;0.182;2872.533;3259.116;23.862;1880.306;1046.943;629.911;249.112;913.527;3598.757;638.028;1149.347;0.876;2112.620;683.859;2880.070;1877.049;1778.973;2928.416;3598.271;3597.424;1416.829;3600.506;1.854;2925.546;2349.162;1859.353;1660.138;2797.184;2569.085;3284.932;303.503;334.915;2635.476;1243.487;1005.167;308.463;4.624;1456.481;2165.609;3147.040;3388.943;3604.485;1409.831;1574.093;776.279;3152.315;3228.722;3184.361;14.369;2388.912;3237.021;-1.041;3600.789;1286.360;2554.898;12.905;3601.960;2231.658;3259.724;3587.585,1688.997;3601.322;2451.964;968.520;477.669;2448.607;3174.262;3600.313;2190.700;343.520;841.334;1778.049;320.501;920.993;3.376;3557.431;3590.883;1136.068;1515.485;2935.568;2365.810;2461.249;1385.172;1988.389;213.720;3388.841;19.743;209.653;3026.255;1860.081;2485.785;2144.874;2798.253;2246.259;704.484;3116.483;1143.654;3410.235;1156.910;3594.741;966.556;2157.746;325.313;465.287;2545.912;3209.617;33.478;2145.933;1241.803;484.677;1785.939;1.957;3592.804;215.415;3332.378;2731.676;1.707;1756.651;3605.436;859.522;2001.756;2052.680;1194.839;499.425;1791.960;1609.665;3284.089;2119.360;1477.426;643.151;1266.026;1921.036;2417.652;3596.458;784.018;2882.596;1566.969;2563.979;2.810;2763.672;3398.434;12.176;1261.261;957.155;2938.488;163.274;1284.154;2495.880;3180.535;636.385;-1.325;755.012;2848.738;-0.140;2735.442;564.462;3096.543;3039.990;3603.425;1555.607
226,406.4735383987427,225,-561.617164167523,561.617164167523,0.16853389819054798,851.632;1601.332;1927.671;5.178;1181.034;756.655;2568.469;486.506;1.061;3600.337;2286.517;0.816;2567.180;571.926;738.883;933.923;2726.299;2111.290;626.929;1811.648;351.701;3599.382;1973.485;1734.431;1249.163;3.329;2726.159;2048.216;3044.447;3390.697;-3.405;2116.791;7.690;2398.659;1736.183;1212.818;2778.686;2199.990;854.958;-3.887;2877.216;3253.343;29.286;1875.544;1046.761;633.901;244.814;915.486;3601.795;635.492;1143.649;-4.755;2106.891;679.657;2874.618;1879.758;1773.228;2934.197;3595.741;3602.375;1411.279;3600.621;2.451;2930.619;2353.986;1857.923;1654.337;2791.818;2563.644;3280.080;309.379;338.614;2640.164;1249.288;1010.345;307.375;-1.169;1450.970;2160.117;3152.554;3389.394;3598.870;1408.910;1579.792;779.548;3146.527;3231.735;3189.636;8.639;2385.147;3231.467;3.092;3599.312;1290.833;2560.585;16.032;3596.420;2228.558;3265.528;3581.937,1683.241;3600.223;2457.683;963.009;481.453;2442.850;3180.142;3597.776;2187.468;348.313;846.410;1783.104;317.611;915.305;5.194;3562.940;3596.355;1130.323;1516.980;2930.053;2360.588;2464.246;1391.035;1990.122;219.089;3391.285;20.036;204.839;3021.641;1865.519;2490.435;2142.629;2803.868;2251.835;699.252;3119.489;1142.259;3415.960;1160.561;3599.184;964.250;2155.827;327.135;465.292;2541.102;3204.318;28.162;2140.361;1247.325;490.262;1791.469;2.535;3588.485;209.928;3338.057;2736.683;0.985;1751.714;3599.955;854.722;1996.043;2055.597;1200.289;505.301;1792.891;1614.539;3278.735;2116.943;1472.933;639.104;1271.360;1926.801;2423.013;3595.266;783.337;2888.348;1562.089;2568.007;-2.853;2769.209;3392.615;6.513;1255.565;962.862;2937.223;162.518;1278.856;2490.132;3175.433;630.964;-6.539;760.731;2844.262;-5.697;2739.771;559.009;3090.862;3034.103;3598.727;1549.933
227,408.3008291721344,226,-561.6369703885169,561.6369703885169,0.1474448454859658,857.232;1606.341;1922.704;5.960;1176.045;761.567;2574.256;480.691;-2.952;3598.393;2281.014;2.931;2564.959;576.841;734.102;928.163;2721.021;2116.970;628.705;1817.390;346.852;3601.543;1975.661;1738.609;1254.283;-2.309;2731.876;2043.354;3041.957;3395.740;2.192;2121.151;2.161;2394.603;1739.967;1217.490;2775.661;2205.694;849.374;1.638;2882.500;3248.252;23.987;1879.494;1041.186;639.445;249.285;910.812;3596.971;630.805;1139.274;0.665;2101.238;673.895;2877.444;1885.471;1768.740;2939.120;3600.347;3597.005;1406.414;3596.102;7.320;2926.968;2359.608;1859.694;1648.721;2786.055;2558.049;3275.235;313.658;338.857;2634.784;1251.427;1016.159;301.679;2.150;1447.828;2163.967;3158.377;3383.863;3599.853;1414.552;1583.310;782.957;3140.684;3228.503;3185.048;3.597;2390.686;3237.009;1.910;3602.567;1285.528;2562.127;18.874;3599.909;2223.850;3265.188;3586.764,1677.667;3605.457;2463.522;967.296;475.974;2437.054;3185.920;3599.468;2186.091;345.420;848.061;1788.387;316.376;920.146;0.487;3567.409;3602.173;1135.590;1511.375;2924.239;2354.771;2459.699;1395.979;1985.266;224.205;3386.539;14.392;205.334;3020.215;1865.845;2496.026;2137.104;2799.032;2256.699;693.471;3114.059;1136.560;3419.826;1155.242;3604.865;966.205;2157.779;328.335;459.612;2546.603;3208.955;25.025;2137.218;1242.390;495.948;1797.098;-1.944;3593.011;214.923;3341.234;2742.490;-4.336;1746.041;3602.243;853.228;1998.173;2050.136;1195.729;503.195;1798.234;1609.565;3274.017;2114.951;1467.190;644.523;1277.174;1929.351;2428.509;3590.257;777.691;2894.188;1564.910;2573.765;1.872;2775.035;3392.134;2.188;1249.727;966.824;2938.973;168.038;1283.890;2487.054;3169.932;636.214;-0.903;765.369;2838.573;-0.206;2737.012;553.287;3090.273;3035.918;3600.120;1551.924
228,410.1696979999542,227,-561.7359557782817,561.7359557782817,0.23502013948312506,862.987;1609.301;1917.974;0.385;1181.275;767.309;2572.127;474.906;2.645;3593.187;2275.287;-2.642;2564.920;582.527;728.364;933.500;2720.093;2122.695;623.349;1817.756;341.114;3595.957;1980.890;1742.678;1255.455;2.950;2734.699;2047.944;3046.251;3395.102;3.338;2126.881;-3.616;2388.883;1734.769;1223.228;2773.897;2210.931;852.228;-2.173;2888.215;3243.955;23.207;1885.200;1036.079;639.174;254.996;906.845;3601.320;636.292;1134.646;4.425;2104.466;672.303;2872.447;1881.300;1763.005;2944.509;3603.282;3600.935;1411.927;3601.023;1.943;2930.732;2363.774;1854.173;1644.263;2781.787;2557.245;3270.299;308.248;344.413;2632.131;1246.511;1017.572;295.959;7.834;1442.143;2167.162;3159.429;3382.246;3605.085;1419.465;1588.192;777.482;3141.846;3222.819;3188.615;8.855;2388.313;3241.176;7.505;3607.801;1283.718;2557.901;13.304;3595.222;2228.257;3267.353;3588.533,1671.891;3599.869;2467.366;964.013;480.031;2431.321;3191.173;3604.890;2180.436;350.191;853.260;1783.145;312.097;914.838;-5.235;3571.439;3598.500;1131.104;1514.971;2928.523;2356.404;2465.082;1396.484;1985.120;229.946;3380.921;8.631;199.772;3025.652;1860.270;2501.809;2131.462;2795.760;2262.450;697.274;3115.785;1137.335;3414.586;1160.122;3599.295;960.722;2152.221;333.861;454.616;2551.143;3214.695;22.569;2131.656;1244.451;496.092;1802.518;-6.560;3598.658;210.254;3342.077;2738.060;0.987;1740.419;3607.236;847.570;1992.887;2054.212;1192.066;497.571;1804.004;1603.813;3279.353;2109.395;1465.265;650.270;1275.832;1934.993;2424.826;3587.470;781.265;2891.254;1570.593;2572.370;5.956;2774.774;3386.566;5.474;1250.911;970.704;2933.397;173.414;1289.295;2481.609;3169.517;641.224;-0.045;763.944;2833.607;-2.510;2742.507;558.240;3086.340;3037.054;3594.906;1549.008
229,412.0616841316223,228,-561.7772570587624,561.7772570587624,0.109504958664514,867.399;1614.936;1913.378;-2.966;1178.151;770.327;2567.399;471.694;1.815;3597.445;2277.144;2.357;2570.268;587.921;723.087;929.844;2724.409;2119.364;619.802;1822.692;336.923;3600.513;1975.694;1748.345;1252.403;2.594;2729.736;2043.421;3040.867;3391.509;0.381;2131.586;1.733;2384.757;1730.360;1219.409;2779.333;2206.857;852.411;-2.015;2888.312;3238.301;18.028;1885.842;1030.512;642.596;256.076;910.358;3597.348;635.245;1128.957;4.935;2109.810;670.997;2866.865;1880.621;1764.016;2947.865;3597.843;3599.073;1409.417;3599.708;-3.502;2936.066;2369.099;1858.610;1638.874;2776.686;2561.224;3264.627;306.352;347.155;2626.707;1240.950;1022.200;290.967;5.260;1443.228;2172.393;3164.628;3387.693;3599.788;1425.050;1583.072;780.143;3137.591;3224.235;3194.264;10.047;2387.549;3246.245;5.644;3602.236;1289.035;2562.497;16.678;3597.188;2233.449;3271.081;3593.230,1668.648;3598.045;2466.413;968.832;475.255;2434.969;3189.360;3599.719;2183.840;353.604;848.136;1784.564;317.587;909.994;-0.029;3573.871;3603.138;1126.169;1516.558;2928.589;2350.908;2460.984;1391.073;1979.530;234.147;3375.469;6.309;194.051;3028.374;1864.635;2502.688;2135.435;2790.176;2265.288;702.817;3120.358;1136.643;3416.332;1155.077;3601.795;958.548;2155.018;333.230;449.591;2551.664;3216.313;28.092;2135.694;1242.569;492.170;1804.471;-1.159;3603.559;211.959;3336.895;2740.247;3.144;1735.063;3601.750;846.637;1997.955;2049.642;1186.427;493.336;1808.937;1607.735;3281.961;2104.205;1470.367;654.634;1280.375;1938.339;2419.190;3592.073;786.875;2895.694;1572.580;2576.651;0.983;2769.356;3386.299;0.052;1256.427;966.191;2932.674;170.885;1292.559;2486.802;3169.271;637.300;-0.172;758.390;2838.867;2.451;2746.841;563.525;3090.949;3035.684;3599.892;1544.026
230,413.77775835990906,229,-561.7213499337884,561.7213499337884,0.2005733193971263,864.598;1620.573;1907.743;2.383;1172.575;775.745;2563.874;466.273;-1.237;3601.449;2272.536;7.871;2567.647;593.577;717.730;929.223;2729.829;2124.724;620.915;1817.300;341.432;3597.687;1980.808;1742.933;1257.875;-2.766;2725.280;2040.638;3035.231;3388.903;-5.153;2126.336;4.039;2380.128;1725.930;1215.048;2774.857;2212.322;857.136;3.491;2893.516;3232.642;12.410;1880.584;1030.751;645.975;258.956;915.769;3593.708;631.563;1126.530;-0.342;2105.442;665.450;2863.875;1886.161;1765.841;2948.020;3602.073;3603.535;1407.553;3595.363;1.916;2940.465;2374.768;1864.239;1633.204;2780.832;2555.976;3259.005;302.058;341.819;2630.830;1245.136;1017.456;291.952;-0.274;1448.645;2167.299;3170.287;3384.494;3596.903;1430.288;1578.176;785.292;3141.535;3228.981;3199.807;4.723;2392.985;3246.210;0.668;3597.203;1294.566;2557.985;11.962;3602.736;2229.697;3276.644;3598.865,1673.066;3602.607;2461.784;974.477;469.706;2433.408;3192.757;3603.986;2189.360;350.366;844.403;1789.826;313.482;904.640;-3.783;3568.350;3597.941;1120.519;1512.820;2931.683;2354.876;2455.605;1385.662;1973.918;239.738;3369.794;10.328;188.874;3022.908;1862.306;2497.488;2141.044;2790.038;2266.236;708.357;3121.145;1131.326;3421.620;1153.141;3603.156;963.998;2158.420;327.698;443.941;2546.477;3221.722;33.736;2130.325;1237.010;497.044;1799.802;-5.816;3598.186;206.675;3331.237;2745.477;4.737;1730.561;3599.130;841.417;2003.542;2044.607;1190.778;497.258;1812.621;1613.303;3281.246;2098.547;1474.466;657.881;1275.371;1932.996;2413.511;3597.698;791.591;2890.441;1576.849;2582.261;-3.686;2773.796;3391.478;-4.640;1252.773;971.440;2937.965;174.514;1298.072;2492.321;3163.730;632.742;-4.995;760.148;2844.073;0.945;2742.038;563.572;3096.577;3041.137;3596.413;1549.157
231,415.6348693370819,230,-561.7397589126051,561.7397589126051,0.11218316268724488,867.863;1623.611;1910.626;5.458;1172.963;770.541;2569.168;470.754;-1.202;3601.421;2276.873;4.229;2562.124;591.051;717.408;934.464;2732.262;2122.820;625.046;1815.377;346.933;3602.277;1981.396;1740.619;1258.336;2.287;2720.506;2045.816;3033.537;3383.398;0.083;2124.719;2.673;2384.711;1730.939;1209.487;2779.463;2209.235;852.161;2.801;2888.710;3236.047;13.977;1876.281;1036.127;643.692;253.505;921.197;3595.782;632.292;1130.437;-5.687;2109.776;664.453;2869.200;1885.894;1769.489;2952.901;3600.203;3598.204;1402.349;3600.457;-0.784;2945.906;2370.481;1868.327;1635.445;2777.534;2560.990;3261.990;307.110;346.503;2636.398;1241.895;1013.039;297.112;-2.274;1452.410;2161.970;3168.131;3379.177;3595.579;1426.701;1578.643;785.904;3147.095;3234.534;3196.432;2.032;2389.955;3240.744;4.599;3597.901;1298.906;2552.543;6.939;3597.775;2224.152;3282.272;3596.155,1677.992;3597.857;2466.193;979.448;464.295;2438.830;3198.248;3599.003;2194.599;345.012;849.288;1795.434;318.758;908.042;1.307;3564.762;3598.827;1122.406;1507.778;2926.608;2349.907;2453.423;1380.118;1971.986;236.353;3374.998;15.267;192.192;3018.733;1863.611;2498.293;2142.373;2795.178;2261.163;706.842;3115.811;1126.415;3416.859;1147.753;3597.892;962.842;2163.954;330.770;446.714;2540.874;3225.826;38.104;2134.227;1234.359;492.290;1794.242;-0.931;3602.121;202.284;3325.615;2750.839;-0.416;1735.788;3600.021;835.816;2007.866;2039.005;1190.487;501.543;1807.253;1608.808;3277.186;2096.962;1470.589;653.318;1277.230;1927.849;2408.131;3603.018;790.421;2886.135;1571.712;2587.415;1.200;2770.739;3397.006;0.730;1256.567;976.236;2943.558;180.053;1296.085;2496.686;3158.342;627.463;0.273;765.183;2849.437;-1.370;2744.588;558.448;3100.033;3046.761;3600.063;1553.966
232,417.5207624435425,231,-561.6644657608981,561.6644657608981,0.15965842467225994,872.914;1629.029;1912.964;7.633;1178.325;767.959;2564.411;466.188;4.168;3596.235;2282.378;3.600;2566.169;595.042;722.813;929.554;2727.016;2127.892;619.916;1810.884;343.330;3597.036;1976.045;1745.829;1252.958;-2.080;2725.890;2040.872;3029.568;3388.577;-2.019;2120.055;-2.136;2387.890;1725.722;1207.359;2774.540;2214.387;851.292;7.569;2893.337;3237.984;9.953;1879.088;1039.985;638.243;257.091;926.684;3600.450;637.726;1130.178;-0.468;2104.671;659.289;2867.611;1883.010;1774.988;2958.449;3603.867;3598.195;1397.952;3600.938;-1.771;2941.250;2364.978;1863.381;1630.310;2772.283;2565.411;3256.858;312.328;341.878;2635.900;1246.371;1007.520;302.643;2.573;1457.843;2167.144;3172.719;3384.436;3595.462;1421.203;1583.140;791.316;3152.365;3238.414;3200.553;5.845;2384.499;3237.203;-0.345;3595.399;1294.024;2550.188;7.063;3596.139;2226.223;3286.534;3599.904,1672.895;3600.852;2460.820;974.812;469.011;2435.230;3193.258;3602.818;2189.783;350.350;854.825;1790.723;317.893;902.831;-2.713;3559.300;3603.129;1117.107;1513.099;2931.829;2354.435;2458.484;1374.541;1967.058;241.186;3372.974;18.828;190.089;3018.538;1858.254;2503.473;2144.220;2800.709;2266.292;712.234;3121.077;1120.937;3411.659;1151.955;3596.095;957.742;2168.428;335.783;443.806;2540.063;3221.402;34.856;2138.992;1239.611;486.747;1799.431;2.329;3598.182;206.060;3330.121;2755.866;-5.367;1741.183;3605.368;839.210;2007.108;2043.363;1195.880;496.339;1802.182;1603.276;3282.576;2091.725;1475.878;658.232;1278.893;1931.027;2407.727;3600.799;793.342;2881.184;1566.632;2587.756;3.722;2775.430;3392.426;4.415;1258.509;974.356;2938.823;178.208;1293.327;2492.868;3153.550;622.218;-3.490;770.661;2844.487;2.905;2748.944;563.541;3099.497;3041.700;3595.723;1549.223
233,419.4121689796448,232,-561.3771229518727,561.3771229518727,0.14215393871922702,878.417;1625.301;1907.619;2.451;1181.040;762.558;2567.191;466.973;1.969;3592.301;2279.820;8.833;2565.331;600.498;719.509;924.220;2721.506;2133.163;614.439;1805.440;348.292;3595.946;1971.716;1743.642;1256.125;2.752;2730.476;2041.215;3024.111;3393.434;-0.358;2114.863;3.059;2382.688;1723.857;1201.968;2769.454;2219.359;856.611;11.145;2898.773;3232.639;4.520;1873.886;1045.443;635.587;256.766;932.176;3595.210;642.216;1125.273;-0.836;2099.458;653.825;2871.629;1888.276;1774.954;2963.977;3598.529;3602.104;1402.738;3604.782;3.469;2935.828;2359.992;1863.445;1625.416;2776.424;2568.667;3251.767;308.899;336.684;2641.160;1251.847;1003.182;298.986;-2.514;1463.364;2172.466;3178.205;3389.941;3600.811;1415.949;1588.574;795.404;3147.445;3240.968;3205.764;0.615;2383.154;3242.371;4.486;3590.071;1288.526;2544.772;1.687;3600.906;2230.913;3281.278;3605.335,1676.577;3596.946;2455.409;969.572;466.650;2439.463;3187.989;3598.244;2194.494;346.060;854.757;1787.813;322.986;906.627;1.729;3559.879;3597.887;1118.598;1518.546;2931.569;2353.845;2456.761;1370.971;1970.719;237.023;3376.107;23.448;184.728;3013.267;1857.079;2498.313;2138.961;2796.408;2268.415;708.495;3121.314;1117.347;3416.429;1156.097;3601.223;962.736;2165.312;330.695;438.482;2543.546;3216.702;34.788;2135.342;1241.796;491.080;1797.759;2.897;3594.272;211.514;3333.395;2761.341;-0.045;1744.169;3600.583;835.040;2001.770;2048.542;1192.377;499.631;1797.073;1598.521;3280.793;2087.776;1481.349;655.915;1284.296;1925.810;2402.559;3605.524;788.096;2880.505;1562.254;2593.055;0.304;2777.251;3390.539;0.740;1253.236;970.574;2939.450;172.803;1298.087;2494.252;3157.499;626.867;1.636;766.407;2842.166;-2.308;2754.420;559.038;3104.658;3045.640;3592.362;1543.745
234,421.11967182159424,233,-561.4331059863878,561.4331059863878,0.1559693544107281,881.037;1621.670;1904.878;-2.947;1185.487;757.604;2564.090;472.082;-3.337;3597.236;2282.128;5.462;2570.439;603.999;714.199;920.202;2722.855;2138.356;611.575;1800.755;351.888;3596.602;1966.547;1747.143;1254.251;6.857;2726.729;2046.419;3018.719;3388.518;-0.838;2117.585;2.528;2383.510;1718.922;1196.524;2769.235;2219.027;853.566;7.041;2901.348;3229.633;2.535;1868.430;1045.331;631.147;251.514;937.653;3598.971;637.774;1130.433;1.388;2097.708;658.415;2876.124;1890.931;1780.264;2967.585;3600.746;3597.310;1398.225;3599.484;6.804;2940.496;2355.521;1868.341;1628.967;2771.614;2574.053;3246.332;304.158;337.475;2646.294;1256.115;1006.144;297.089;1.215;1468.295;2171.415;3178.144;3390.337;3604.921;1411.037;1583.369;796.083;3152.090;3246.334;3202.673;-4.511;2378.246;3238.375;4.795;3589.502;1290.088;2545.098;-2.132;3604.222;2236.306;3282.324;3600.173,1676.010;3600.194;2451.109;965.147;468.717;2444.189;3183.155;3595.940;2196.055;341.266;858.189;1786.851;326.668;911.868;4.152;3564.239;3597.514;1117.210;1521.699;2926.787;2349.524;2461.193;1367.451;1975.595;231.909;3379.884;18.855;189.022;3017.935;1862.301;2493.672;2137.213;2791.563;2265.219;703.859;3125.847;1120.681;3421.171;1160.800;3601.009;961.282;2170.181;329.835;442.770;2545.277;3211.261;29.925;2136.480;1239.219;491.282;1800.432;5.409;3595.857;211.802;3338.445;2763.001;1.040;1739.343;3597.408;830.712;2000.008;2045.297;1187.190;494.806;1796.755;1600.693;3276.026;2087.741;1485.498;660.447;1289.307;1922.307;2397.525;3600.296;782.748;2885.721;1556.831;2595.009;-5.088;2772.759;3387.864;-2.788;1249.326;965.802;2940.679;172.551;1293.565;2498.540;3162.906;632.292;1.652;761.148;2837.032;2.327;2750.120;554.595;3103.028;3050.689;3597.528;1538.841
235,422.97804856300354,234,-561.4766468961367,561.4766468961367,0.13798215155101118,878.151;1617.036;1908.109;1.643;1188.111;756.326;2566.576;468.860;1.622;3595.865;2281.582;7.206;2568.159;603.228;713.398;924.982;2728.094;2143.764;606.248;1798.051;352.922;3601.726;1970.526;1743.346;1249.005;6.261;2721.864;2051.211;3019.268;3386.061;4.292;2112.471;6.268;2385.897;1717.003;1191.422;2774.449;2213.839;850.569;3.109;2896.635;3234.407;-2.701;1864.351;1041.133;636.038;248.174;942.410;3603.403;640.852;1135.828;-3.064;2102.624;662.867;2877.296;1888.450;1777.085;2972.376;3599.108;3600.658;1392.846;3599.654;5.923;2945.842;2353.237;1873.101;1633.025;2773.308;2571.158;3248.251;298.987;342.636;2651.690;1261.488;1009.867;291.800;-0.232;1466.366;2167.052;3173.155;3386.480;3599.710;1415.344;1578.543;791.364;3156.790;3244.513;3199.816;0.334;2373.139;3233.509;2.828;3590.790;1295.297;2540.175;2.908;3599.031;2237.497;3287.574;3598.488,1674.232;3605.359;2455.381;960.074;464.812;2449.295;3188.260;3591.138;2197.861;336.934;863.533;1783.146;332.019;917.242;8.832;3569.614;3602.200;1112.389;1527.035;2921.392;2344.194;2466.571;1371.453;1980.989;227.050;3385.237;13.533;193.497;3023.171;1858.098;2498.369;2133.374;2786.893;2259.903;698.714;3130.238;1125.973;3416.180;1156.482;3595.875;956.083;2175.055;334.042;447.647;2550.552;3210.511;24.527;2136.838;1244.379;492.491;1795.302;8.096;3601.158;216.757;3335.572;2759.930;-3.724;1744.109;3602.134;825.339;1994.831;2040.155;1185.722;499.551;1791.487;1604.472;3278.352;2093.007;1489.929;655.917;1285.683;1917.562;2401.510;3597.168;777.368;2890.258;1560.947;2600.090;0.038;2777.298;3382.546;2.358;1244.127;971.013;2935.711;177.726;1288.198;2493.315;3167.057;637.716;-3.229;765.505;2831.696;-0.819;2754.703;549.260;3097.793;3055.271;3593.642;1533.472
236,424.8656361103058,235,-561.399538083577,561.399538083577,0.12756296780260748,883.020;1622.149;1904.035;2.961;1183.647;751.327;2571.444;467.856;1.922;3600.894;2276.343;2.200;2562.953;608.402;717.193;925.318;2730.038;2143.421;607.368;1792.789;348.055;3596.654;1975.614;1738.372;1249.344;1.410;2723.699;2047.699;3024.387;3391.121;-0.017;2107.475;1.378;2380.728;1722.127;1196.213;2778.711;2214.444;845.289;7.716;2899.692;3234.711;1.988;1864.739;1045.651;633.866;242.901;939.354;3598.227;637.621;1140.694;1.784;2103.781;658.810;2882.538;1893.263;1781.257;2977.334;3598.364;3596.820;1389.682;3595.935;0.983;2941.763;2358.343;1868.323;1628.036;2778.489;2566.454;3243.928;303.929;342.106;2656.506;1257.726;1004.816;296.041;3.686;1469.506;2167.903;3177.152;3391.289;3597.225;1417.720;1579.352;786.033;3152.134;3239.910;3204.374;4.125;2378.168;3238.323;2.252;3595.871;1295.811;2534.983;0.510;3596.730;2232.322;3285.314;3602.857,1679.265;3600.234;2450.920;956.736;469.860;2453.867;3191.113;3591.533;2202.882;335.352;861.451;1788.201;336.630;919.173;6.202;3571.786;3597.539;1109.814;1531.133;2925.239;2345.923;2471.853;1369.610;1986.298;223.624;3390.069;9.168;198.827;3021.933;1852.790;2496.561;2138.317;2791.834;2256.076;699.346;3134.849;1131.251;3411.432;1161.336;3592.360;951.022;2170.575;334.709;452.977;2546.382;3214.632;24.359;2142.005;1247.222;487.285;1792.234;2.875;3605.200;213.396;3335.727;2754.649;0.091;1749.288;3606.576;821.337;1989.471;2044.889;1190.774;502.526;1786.217;1609.273;3273.948;2097.614;1495.079;653.059;1280.731;1912.595;2405.968;3596.543;773.442;2885.317;1556.150;2605.281;0.761;2775.514;3379.837;7.312;1240.395;966.741;2931.873;173.580;1283.894;2488.275;3163.761;642.909;0.790;769.625;2827.500;-1.695;2755.237;545.492;3097.191;3059.186;3588.487;1536.973
237,426.5758812427521,236,-561.4949063059996,561.4949063059996,0.18103628246185088,878.111;1623.957;1899.529;-1.730;1187.956;748.262;2566.520;472.936;-2.913;3606.153;2273.793;6.564;2558.223;605.099;712.056;920.905;2735.215;2138.871;611.844;1797.684;352.801;3598.279;1980.923;1733.069;1245.264;-1.042;2719.415;2043.963;3024.395;3387.522;-4.916;2110.753;-3.176;2376.542;1721.671;1195.112;2783.512;2219.015;850.069;12.992;2895.197;3229.776;-1.960;1859.708;1049.827;637.804;237.582;939.847;3599.195;642.737;1141.312;-0.879;2108.229;663.743;2879.769;1888.830;1786.526;2981.684;3603.503;3598.390;1386.869;3600.808;5.056;2938.383;2363.445;1867.964;1628.728;2783.787;2561.171;3240.559;309.223;347.241;2661.566;1253.194;1007.785;300.502;-1.396;1464.672;2162.870;3182.026;3392.963;3598.354;1422.883;1574.782;784.185;3152.403;3244.797;3207.563;-0.564;2383.101;3240.208;-2.911;3591.184;1292.523;2529.730;1.993;3598.803;2227.049;3283.083;3598.152,1679.853;3599.517;2447.206;961.806;465.868;2459.153;3192.926;3596.322;2208.189;335.888;859.064;1793.054;338.047;917.795;1.947;3567.049;3599.812;1104.598;1536.176;2929.966;2346.948;2470.016;1374.585;1991.125;228.253;3394.712;11.422;204.062;3026.820;1854.636;2491.649;2143.490;2796.477;2250.936;695.157;3139.750;1136.568;3408.408;1157.117;3597.017;945.996;2166.105;330.110;458.190;2541.398;3210.420;29.466;2137.042;1242.624;482.714;1787.030;-2.101;3600.289;217.815;3330.573;2749.332;-0.955;1750.563;3601.586;816.112;1991.246;2046.104;1195.636;507.589;1781.165;1614.545;3278.499;2102.856;1491.293;648.856;1275.722;1907.290;2401.006;3601.323;778.480;2881.409;1551.703;2610.533;-3.968;2771.121;3384.050;10.874;1235.721;971.180;2936.551;171.620;1280.831;2488.769;3158.732;638.865;-2.747;764.580;2824.010;-4.425;2751.497;544.185;3093.629;3064.338;3586.094;1533.243
238,428.42259764671326,237,-561.4287399607302,561.4287399607302,0.20398109099035946,882.946;1629.107;1902.224;-3.078;1182.950;743.081;2561.581;473.710;1.493;3601.074;2272.295;11.447;2562.287;601.891;714.483;925.860;2740.480;2143.502;613.913;1796.947;356.951;3603.091;1981.707;1733.333;1249.401;4.031;2714.201;2049.042;3023.846;3382.435;0.104;2115.927;1.836;2381.381;1716.770;1190.099;2788.585;2214.487;845.701;16.547;2891.210;3230.411;0.642;1854.457;1044.825;642.812;232.734;944.979;3595.495;645.345;1136.427;-5.846;2113.442;664.265;2874.595;1887.493;1787.359;2986.576;3599.272;3603.151;1381.712;3604.960;6.497;2943.203;2358.787;1873.012;1623.685;2789.042;2564.250;3235.390;305.354;347.866;2664.258;1252.319;1012.956;298.931;-0.023;1468.844;2157.611;3177.317;3387.877;3595.992;1428.142;1569.556;779.388;3157.091;3244.571;3212.126;-0.349;2381.636;3235.726;2.117;3586.164;1297.580;2524.461;-2.819;3603.930;2223.064;3288.172;3602.155,1674.966;3604.105;2450.292;958.921;460.669;2459.210;3189.560;3597.993;2213.282;330.756;863.984;1789.258;341.654;920.560;6.400;3569.722;3604.570;1103.642;1541.432;2935.111;2341.927;2474.902;1379.542;1995.930;232.896;3396.269;6.759;208.997;3032.072;1858.672;2487.178;2146.785;2793.713;2251.725;690.005;3144.550;1140.685;3403.228;1159.707;3598.940;941.542;2170.469;324.906;460.458;2539.985;3215.316;34.232;2139.504;1237.758;477.587;1783.327;-5.583;3604.549;212.917;3325.863;2745.884;2.727;1745.672;3601.867;813.244;1986.568;2046.779;1192.112;506.715;1776.694;1619.806;3273.948;2101.780;1496.181;644.136;1270.500;1902.123;2396.570;3598.868;783.437;2877.763;1556.458;2606.183;0.408;2765.922;3379.501;15.947;1240.675;968.880;2932.052;166.802;1285.620;2484.162;3163.667;638.128;0.905;759.344;2829.006;0.690;2746.355;549.237;3088.785;3069.588;3590.957;1528.038
239,430.2892255783081,238,-561.4036151773535,561.4036151773535,0.15994949260815217,882.728;1629.296;1907.349;1.981;1180.309;740.413;2566.426;468.655;-0.106;3598.999;2268.174;14.145;2558.067;596.760;718.938;931.014;2736.698;2139.406;608.976;1792.559;360.900;3598.658;1983.645;1733.011;1246.540;1.725;2717.845;2044.680;3028.893;3384.959;-1.896;2111.408;4.008;2384.197;1713.630;1186.061;2783.985;2211.546;840.543;14.977;2890.512;3234.373;1.280;1859.042;1043.498;638.157;229.521;943.754;3595.199;640.591;1141.184;-0.867;2109.394;661.826;2876.093;1892.147;1782.614;2991.746;3600.558;3598.144;1376.532;3600.003;11.572;2942.829;2359.948;1872.213;1619.316;2793.650;2559.374;3239.504;302.217;345.598;2667.941;1257.329;1017.091;303.811;-3.568;1466.847;2161.180;3174.802;3391.035;3600.882;1425.915;1574.168;784.272;3152.507;3248.114;3207.204;-4.730;2386.513;3239.560;2.758;3580.953;1302.491;2520.066;1.807;3599.670;2226.256;3284.747;3598.600,1671.445;3599.467;2455.199;963.163;464.420;2454.719;3184.417;3603.086;2218.310;331.537;860.263;1794.076;336.696;915.500;1.565;3564.846;3599.595;1098.614;1541.025;2940.096;2336.804;2479.105;1377.484;2001.042;238.063;3391.873;10.777;206.926;3027.896;1855.965;2491.780;2151.911;2798.280;2246.727;694.540;3139.647;1145.650;3407.157;1154.786;3594.151;944.708;2172.709;329.769;465.524;2534.886;3220.520;39.430;2135.524;1232.588;472.559;1784.357;-3.949;3600.030;207.713;3320.674;2740.971;-2.167;1740.574;3606.130;808.124;1981.834;2043.174;1196.644;511.586;1780.481;1620.287;3268.972;2097.020;1491.629;638.942;1274.745;1905.222;2391.418;3602.520;788.057;2872.615;1553.451;2609.456;4.002;2770.066;3384.152;21.160;1245.105;969.267;2936.992;162.744;1290.812;2479.909;3159.594;633.082;-3.859;757.228;2834.214;0.344;2741.157;554.427;3093.799;3074.770;3586.118;1531.778
240,431.9861304759979,239,-561.3097213683018,561.3097213683018,0.12524854351050857,883.786;1633.833;1904.171;1.330;1175.312;736.581;2564.538;464.536;-4.567;3601.809;2263.051;12.451;2553.036;598.380;724.051;936.121;2734.298;2140.561;604.189;1787.534;361.880;3596.794;1980.242;1737.164;1251.193;2.590;2718.942;2040.499;3033.104;3389.072;1.879;2113.506;4.094;2385.567;1718.581;1190.253;2781.628;2216.365;838.757;19.954;2895.380;3231.006;0.142;1859.027;1038.590;633.100;233.174;947.461;3599.956;636.269;1146.198;-2.490;2104.969;656.763;2880.920;1897.150;1785.884;2988.656;3605.543;3600.198;1375.692;3598.939;13.136;2947.554;2355.733;1869.959;1615.636;2795.045;2562.920;3244.500;301.029;340.816;2673.008;1257.121;1016.152;308.452;1.254;1469.740;2165.862;3174.621;3387.271;3596.221;1421.096;1573.684;781.003;3148.582;3243.382;3211.257;0.118;2384.877;3244.019;-1.904;3582.237;1307.445;2516.249;6.458;3601.751;2222.265;3282.861;3600.539,1675.602;3602.450;2451.786;958.863;461.920;2452.968;3189.211;3598.196;2216.380;330.647;865.184;1795.822;341.298;919.218;5.200;3568.231;3600.247;1100.574;1540.844;2937.174;2331.668;2477.771;1382.214;2005.584;234.922;3396.348;8.578;210.737;3023.512;1850.911;2496.921;2147.993;2793.899;2249.963;699.092;3143.966;1141.660;3407.286;1158.277;3598.858;945.191;2177.771;326.025;460.905;2536.669;3220.263;37.077;2134.795;1236.589;476.919;1781.179;1.104;3600.980;210.324;3318.689;2742.534;-0.324;1743.336;3601.287;804.647;1980.491;2038.090;1193.956;516.485;1776.666;1615.733;3271.288;2095.327;1492.874;633.773;1278.895;1903.461;2394.878;3597.568;783.742;2875.386;1549.243;2614.368;1.764;2770.565;3388.530;17.009;1240.795;964.256;2938.543;167.614;1286.823;2477.974;3158.395;633.837;0.535;754.235;2830.852;-1.536;2743.720;550.854;3096.068;3070.817;3587.551;1533.850
241,433.81488728523254,240,-561.1439452355744,561.1439452355744,0.1583650439540415,878.981;1629.616;1900.984;3.369;1170.543;731.551;2559.692;459.602;0.316;3597.331;2265.094;7.464;2548.010;603.170;729.109;933.370;2729.772;2136.260;599.104;1782.621;356.899;3592.043;1984.987;1732.490;1256.061;-1.598;2723.223;2035.460;3038.125;3394.143;2.157;2109.211;-0.272;2380.644;1717.320;1194.996;2776.611;2221.443;834.459;24.841;2900.483;3225.985;-4.839;1862.637;1042.760;630.365;238.149;944.114;3596.030;631.987;1151.293;0.368;2099.918;651.646;2885.849;1902.252;1790.642;2991.961;3600.733;3604.853;1371.189;3597.072;8.789;2943.305;2360.186;1865.097;1618.103;2799.787;2558.791;3248.607;305.488;343.272;2678.108;1261.577;1011.567;313.539;1.651;1465.415;2170.877;3179.046;3391.810;3599.543;1416.857;1570.050;783.909;3143.521;3243.167;3216.326;-1.477;2389.366;3249.107;0.744;3587.175;1312.393;2511.290;7.580;3597.095;2219.612;3277.963;3605.278,1680.678;3598.905;2446.982;960.244;458.970;2449.120;3188.619;3596.686;2220.576;335.557;864.274;1800.754;341.923;915.118;2.977;3571.947;3597.721;1096.336;1545.447;2937.350;2326.858;2482.502;1377.386;2008.445;237.557;3392.511;5.063;215.799;3018.525;1845.801;2501.450;2151.744;2797.493;2254.267;704.000;3140.403;1137.651;3412.048;1160.974;3603.397;949.386;2173.275;323.400;464.551;2532.197;3224.091;32.825;2139.533;1235.841;473.229;1776.154;1.942;3598.411;207.314;3313.700;2746.268;-5.139;1748.136;3602.921;799.993;1985.349;2042.671;1198.700;512.734;1771.685;1619.846;3266.558;2100.183;1496.925;634.358;1274.538;1901.742;2390.139;3596.657;787.567;2872.786;1544.261;2612.559;5.572;2770.492;3385.751;16.459;1244.774;965.500;2942.982;165.767;1286.124;2475.046;3153.781;632.635;-0.019;758.874;2833.127;3.208;2745.079;554.288;3101.085;3067.634;3584.717;1538.837
242,435.67250990867615,241,-561.2581448249867,561.2581448249867,0.14727708110516383,878.869;1626.644;1902.353;-1.279;1167.929;735.260;2554.762;460.076;2.426;3600.377;2270.024;2.401;2542.975;598.527;726.266;938.203;2734.278;2131.546;603.504;1782.820;352.555;3595.646;1988.397;1727.485;1253.717;2.375;2718.616;2037.164;3033.619;3389.558;-2.634;2113.566;-5.284;2380.086;1713.117;1192.278;2773.591;2223.054;839.321;21.111;2897.035;3230.303;0.000;1858.076;1047.238;634.934;234.174;940.134;3600.772;636.651;1146.870;0.286;2101.555;654.463;2888.766;1898.210;1786.155;2995.409;3604.245;3600.059;1375.989;3601.948;3.770;2947.326;2365.054;1860.981;1623.072;2804.833;2562.841;3253.629;303.455;348.245;2680.693;1256.854;1006.554;312.909;1.094;1460.449;2172.908;3180.639;3387.368;3604.298;1421.619;1574.528;779.125;3138.971;3238.295;3214.189;3.074;2394.408;3250.202;5.317;3592.126;1309.866;2515.526;2.881;3592.606;2224.266;3273.381;3600.434,1683.545;3602.087;2441.947;965.090;463.577;2444.140;3184.037;3596.841;2225.598;331.164;859.418;1805.768;338.082;919.509;4.650;3567.618;3593.013;1092.082;1550.482;2942.223;2330.006;2487.517;1375.471;2013.390;242.308;3397.310;9.842;214.460;3022.970;1849.489;2505.942;2148.318;2799.496;2249.615;700.921;3136.252;1142.105;3417.053;1156.121;3598.662;954.395;2176.881;318.695;468.990;2527.174;3228.997;37.402;2144.575;1231.182;468.251;1778.581;-2.857;3602.851;202.343;3309.527;2741.542;-0.496;1744.063;3598.444;802.876;1980.977;2039.253;1202.165;511.625;1766.624;1624.872;3261.914;2105.155;1500.623;629.521;1270.257;1896.783;2385.911;3599.874;792.509;2868.469;1540.052;2617.393;9.440;2765.595;3390.551;21.108;1248.157;960.938;2946.825;160.944;1282.607;2470.073;3155.211;627.694;-3.307;754.207;2837.931;0.527;2742.743;558.952;3105.967;3069.422;3582.721;1543.840
243,437.5560550689697,242,-561.4098051486376,561.4098051486376,0.11657714029928704,874.941;1628.882;1907.244;2.186;1172.520;740.210;2549.781;464.861;-0.849;3599.853;2265.514;0.107;2546.878;599.227;721.504;941.267;2738.699;2136.329;606.960;1787.670;354.795;3593.281;1987.420;1730.896;1248.800;7.347;2714.386;2034.751;3029.202;3387.552;0.653;2117.323;-0.519;2384.553;1717.635;1187.623;2776.470;2222.737;842.855;16.153;2892.963;3235.290;-1.649;1853.113;1042.680;636.359;238.595;936.360;3600.248;641.552;1143.864;-4.308;2106.354;659.195;2884.376;1893.250;1782.519;3000.007;3601.199;3599.986;1376.495;3602.606;-0.812;2952.247;2363.978;1857.482;1627.100;2801.094;2567.162;3254.288;307.617;353.262;2685.319;1258.873;1002.612;316.892;-3.736;1458.542;2169.708;3175.825;3382.901;3599.683;1420.820;1572.449;778.135;3143.334;3241.400;3209.394;-0.339;2394.669;3245.422;7.909;3596.547;1305.455;2520.248;-1.583;3590.620;2228.787;3277.907;3597.388,1678.693;3597.393;2445.774;969.723;460.566;2448.980;3180.658;3601.488;2221.077;334.588;860.291;1803.260;333.114;923.507;-0.163;3571.798;3597.288;1096.490;1545.979;2939.125;2333.578;2487.485;1375.754;2008.889;237.854;3393.352;5.311;218.463;3027.851;1853.384;2510.403;2143.392;2804.411;2254.090;705.710;3131.549;1145.962;3413.719;1158.734;3597.655;949.729;2172.558;321.302;466.042;2531.247;3227.821;33.562;2140.267;1232.380;464.462;1783.402;1.163;3600.051;206.534;3314.199;2736.612;1.080;1739.515;3596.393;798.915;1982.096;2035.837;1207.081;506.765;1764.553;1622.726;3266.564;2110.155;1495.895;634.166;1265.290;1900.037;2390.460;3595.125;791.446;2867.206;1543.281;2616.902;4.667;2770.198;3386.964;17.298;1243.542;965.524;2942.063;165.379;1282.586;2465.150;3159.491;623.144;1.464;749.469;2833.249;-4.313;2747.582;563.583;3102.886;3064.576;3587.587;1541.948
244,439.2596364021301,243,-561.2962239379694,561.2962239379694,0.08725033136838851,870.057;1624.615;1903.860;0.526;1177.297;737.489;2550.430;463.330;2.696;3603.267;2262.000;2.104;2546.498;603.173;724.065;938.437;2734.826;2136.536;606.171;1786.099;356.809;3597.604;1982.570;1735.781;1243.850;3.548;2718.173;2037.941;3025.213;3389.297;-2.955;2118.483;0.420;2384.004;1722.577;1183.476;2776.691;2227.569;847.308;18.815;2897.128;3234.429;-3.415;1856.111;1044.362;631.989;236.830;940.928;3598.774;642.876;1139.667;0.441;2101.867;657.994;2888.805;1894.174;1778.051;3004.203;3598.992;3601.649;1372.353;3598.073;1.461;2956.266;2367.459;1852.602;1630.483;2796.250;2570.942;3255.893;303.773;354.136;2685.536;1263.377;997.694;314.598;0.768;1462.095;2174.024;3179.722;3383.538;3600.280;1416.086;1567.580;777.157;3144.900;3238.047;3210.064;2.683;2399.111;3245.369;3.458;3594.807;1308.268;2518.650;3.073;3594.904;2233.735;3275.039;3597.650,1677.832;3595.825;2444.692;966.112;464.675;2448.803;3182.568;3597.169;2219.325;332.052;857.192;1798.486;335.096;928.215;3.098;3576.326;3601.036;1100.707;1543.107;2934.926;2338.490;2482.720;1375.585;2005.658;232.912;3389.976;4.493;215.533;3027.545;1856.931;2508.024;2139.502;2800.448;2257.903;708.092;3136.131;1142.090;3416.442;1162.961;3601.872;952.847;2172.117;316.647;462.845;2533.490;3223.015;30.302;2136.478;1237.132;468.916;1786.725;1.150;3595.380;210.608;3317.112;2740.571;4.382;1743.266;3591.880;803.458;1982.257;2031.229;1202.793;510.124;1761.733;1618.184;3270.163;2105.809;1499.517;635.179;1267.003;1902.002;2392.711;3596.324;786.787;2869.230;1548.156;2621.685;0.482;2768.321;3388.511;12.392;1238.588;961.958;2941.833;169.829;1277.764;2469.412;3164.428;626.301;4.145;750.789;2830.134;0.278;2750.105;559.002;3102.904;3060.866;3592.066;1537.769
245,441.10453605651855,244,-561.4370723506307,561.4370723506307,0.15777124256081074,874.749;1625.093;1901.330;-4.261;1172.893;733.945;2555.003;467.866;1.742;3598.515;2257.742;-2.556;2543.109;604.366;728.812;936.649;2738.275;2139.875;610.570;1790.107;361.629;3602.004;1979.986;1733.966;1241.874;-0.553;2714.345;2033.334;3028.841;3394.045;1.641;2113.701;-3.221;2388.742;1721.158;1188.020;2771.993;2231.281;843.544;23.252;2894.992;3239.092;1.023;1853.428;1048.922;628.480;241.496;937.767;3602.444;638.154;1143.336;-1.628;2097.811;655.654;2893.681;1896.252;1782.724;3009.061;3601.179;3602.119;1367.480;3595.068;-2.637;2961.096;2362.850;1855.625;1634.605;2797.898;2574.482;3260.703;298.915;349.479;2690.277;1268.050;1000.553;309.800;1.627;1458.319;2176.799;3175.367;3385.482;3598.038;1419.299;1568.421;773.079;3140.505;3238.115;3214.225;3.765;2402.684;3242.955;7.549;3594.474;1313.107;2514.087;6.386;3595.668;2229.474;3276.146;3594.877,1677.923;3600.023;2440.248;964.109;460.348;2446.038;3180.013;3599.421;2222.598;330.815;852.775;1801.625;333.112;924.159;-1.365;3572.289;3605.597;1104.075;1547.324;2939.374;2342.795;2486.869;1370.802;2010.096;233.470;3392.742;0.364;220.265;3023.166;1852.259;2512.524;2143.915;2796.393;2260.774;712.505;3133.079;1137.243;3421.220;1166.778;3598.732;955.839;2175.891;311.750;458.067;2529.599;3227.529;34.861;2136.033;1232.975;466.892;1782.215;-3.550;3598.831;206.682;3312.809;2736.230;0.088;1738.722;3596.192;802.860;1977.617;2035.816;1198.146;514.962;1756.917;1619.169;3269.943;2107.846;1504.383;639.036;1271.597;1903.824;2388.246;3600.677;791.187;2864.603;1543.944;2622.018;-4.289;2764.704;3383.941;12.534;1241.910;958.650;2943.111;166.545;1280.141;2466.451;3161.255;621.955;-0.005;754.066;2833.820;-0.453;2754.825;562.809;3107.639;3056.459;3596.675;1542.256
246,442.97451996803284,245,-561.4984049762551,561.4984049762551,0.19006361230322535,871.440;1629.813;1896.556;0.188;1175.621;729.575;2554.019;466.488;5.814;3595.339;2253.185;1.655;2546.962;599.701;727.829;941.286;2735.609;2144.361;615.370;1785.831;358.182;3597.357;1975.225;1736.634;1239.272;3.053;2714.714;2030.788;3033.127;3391.300;-2.027;2117.177;1.070;2385.386;1725.328;1183.531;2767.260;2235.718;847.964;19.075;2899.557;3242.644;2.564;1848.907;1048.252;623.959;240.773;932.968;3597.773;640.053;1139.480;1.727;2099.237;660.103;2890.452;1898.615;1780.284;3004.957;3605.463;3597.382;1371.209;3599.520;1.093;2964.745;2366.555;1851.205;1639.080;2793.460;2579.272;3265.253;303.281;353.404;2686.603;1266.700;996.362;313.087;-1.494;1457.271;2181.590;3178.457;3381.463;3602.604;1421.569;1570.225;768.243;3144.544;3234.250;3210.219;8.139;2407.501;3238.178;7.220;3599.179;1309.262;2517.472;2.880;3591.987;2233.623;3271.749;3596.984,1680.747;3604.674;2435.525;968.736;462.671;2448.298;3175.232;3604.178;2219.274;335.431;847.937;1805.431;328.340;919.871;-4.179;3567.800;3600.918;1099.478;1542.732;2944.218;2347.637;2490.532;1365.954;2010.404;236.731;3388.051;-4.475;222.902;3023.378;1849.366;2517.310;2139.766;2800.163;2263.184;717.357;3137.024;1141.480;3417.538;1162.175;3595.534;953.398;2175.148;315.820;462.661;2532.297;3230.884;33.650;2140.768;1228.566;462.133;1785.901;-0.393;3603.627;207.026;3316.752;2732.630;-3.185;1742.100;3600.837;807.590;1972.766;2033.322;1202.189;510.470;1752.096;1623.915;3273.946;2111.394;1500.847;643.695;1267.404;1899.101;2392.559;3596.878;795.631;2859.743;1547.571;2624.133;0.336;2762.180;3387.030;17.131;1246.485;962.151;2938.643;170.639;1284.884;2462.657;3157.883;617.470;-4.685;758.695;2833.717;-3.966;2752.581;567.476;3112.111;3051.624;3593.587;1545.688
247,444.8713147640228,246,-561.5409760567978,561.5409760567978,0.10918092879313235,867.411;1626.389;1900.995;0.644;1178.484;734.205;2549.325;461.786;10.458;3598.734;2257.753;-1.491;2551.743;601.211;725.090;939.100;2739.550;2139.862;619.573;1789.805;361.724;3598.468;1979.647;1741.060;1234.595;6.078;2719.248;2034.162;3030.567;3394.198;0.539;2119.335;-2.034;2383.516;1720.931;1178.971;2762.700;2233.686;846.257;14.295;2896.054;3238.420;-1.708;1848.254;1052.642;628.437;244.849;928.454;3600.455;644.108;1134.708;3.236;2103.106;664.872;2886.534;1893.989;1776.518;3006.268;3600.825;3596.381;1371.884;3603.256;-3.092;2967.985;2370.538;1852.366;1635.118;2797.445;2582.636;3261.073;306.148;356.359;2688.990;1262.721;995.854;317.582;2.753;1461.241;2177.464;3178.904;3379.319;3599.088;1423.387;1574.140;772.155;3149.186;3238.904;3205.500;7.034;2404.188;3233.634;2.554;3603.568;1306.838;2520.296;6.936;3587.237;2235.576;3275.486;3592.412,1685.478;3600.089;2438.538;972.837;466.649;2453.028;3170.453;3600.577;2222.267;332.468;851.309;1801.370;325.926;923.244;0.420;3563.086;3598.775;1095.080;1540.464;2948.812;2352.041;2486.388;1369.977;2014.912;240.488;3384.841;0.006;222.964;3028.038;1853.358;2512.938;2136.692;2802.394;2262.602;713.739;3139.621;1146.098;3421.429;1159.986;3599.956;948.764;2170.507;312.148;464.072;2529.103;3227.486;37.965;2136.893;1224.428;464.538;1790.300;-3.134;3599.260;209.468;3321.091;2731.862;1.397;1738.479;3598.136;810.537;1971.460;2033.799;1199.076;512.546;1747.553;1620.213;3269.930;2113.354;1502.716;640.702;1266.611;1898.252;2396.001;3601.247;795.490;2859.718;1544.036;2620.241;-2.300;2766.346;3384.229;16.721;1244.130;964.480;2934.588;175.401;1287.725;2459.877;3160.989;612.666;-0.364;754.258;2835.906;0.568;2749.999;563.763;3108.534;3050.570;3597.746;1541.292
248,446.5869767665863,247,-561.4993083265088,561.4993083265088,0.10789408854047852,870.576;1630.926;1897.580;2.348;1173.970;736.282;2544.554;462.439;5.944;3597.814;2260.935;2.829;2548.912;605.796;729.656;943.428;2737.270;2135.824;624.270;1785.676;357.578;3603.098;1977.889;1736.492;1229.828;1.527;2715.270;2038.604;3033.790;3390.333;2.855;2123.598;2.299;2378.886;1723.239;1181.529;2766.993;2237.995;849.997;13.068;2898.025;3235.887;2.708;1848.987;1057.361;633.047;241.496;923.800;3596.238;639.633;1135.850;-1.302;2102.539;660.439;2890.048;1897.831;1771.817;3001.734;3599.667;3600.579;1370.887;3598.766;1.270;2972.689;2374.749;1856.856;1630.383;2801.252;2587.334;3264.758;302.634;352.130;2690.420;1267.327;1000.214;322.345;6.273;1456.741;2180.205;3183.430;3383.891;3595.525;1418.811;1578.743;767.717;3145.178;3235.981;3209.017;2.443;2400.202;3237.007;1.105;3599.034;1311.428;2524.980;11.465;3591.809;2235.432;3271.018;3596.626,1690.253;3600.471;2434.697;977.579;462.432;2455.499;3165.680;3597.931;2226.947;327.777;855.466;1805.553;327.811;926.786;-2.193;3563.034;3598.913;1093.130;1535.901;2945.197;2352.643;2485.800;1371.854;2011.038;243.947;3380.395;0.229;218.851;3032.401;1849.958;2513.291;2139.858;2806.360;2267.245;710.120;3141.972;1149.492;3425.975;1156.657;3604.606;953.113;2172.919;314.660;461.636;2533.406;3231.147;37.329;2138.956;1228.510;463.757;1792.896;1.047;3602.350;204.971;3322.097;2736.460;-0.929;1734.809;3594.934;813.291;1967.133;2029.508;1203.216;516.374;1751.532;1616.680;3265.201;2109.164;1500.032;636.145;1261.962;1893.962;2398.738;3603.165;792.611;2855.410;1548.587;2624.530;1.070;2771.094;3385.946;12.110;1239.459;968.238;2938.584;179.500;1283.224;2462.789;3165.682;608.725;1.341;757.963;2831.429;3.119;2748.912;559.440;3112.599;3052.461;3602.125;1545.041
249,448.44876646995544,248,-561.6202261678167,561.6202261678167,0.1214879262623258,868.273;1629.114;1899.773;-0.934;1172.569;732.025;2546.983;460.474;4.018;3602.022;2259.924;-0.450;2550.663;602.674;730.644;939.806;2741.666;2137.581;620.916;1784.577;353.073;3599.345;1973.712;1734.314;1231.319;1.402;2715.386;2042.754;3038.456;3394.152;3.479;2128.301;1.505;2374.430;1719.666;1177.954;2763.047;2236.324;853.126;12.071;2902.095;3240.121;3.770;1849.824;1059.481;637.642;245.796;927.629;3597.073;635.858;1131.467;-4.049;2107.082;663.497;2885.592;1899.376;1769.512;2997.346;3599.831;3597.335;1375.270;3598.910;1.792;2976.420;2379.376;1861.384;1630.190;2798.063;2585.748;3268.502;303.270;355.897;2685.872;1268.541;997.223;319.141;10.351;1460.568;2184.290;3179.408;3385.397;3599.261;1421.053;1583.447;767.246;3148.548;3233.650;3213.639;-1.354;2397.226;3232.746;-3.498;3596.830;1309.594;2523.243;16.162;3591.725;2232.844;3274.473;3600.578,1686.047;3601.588;2438.411;979.819;459.770;2459.496;3161.092;3601.980;2230.161;323.183;852.778;1810.251;323.353;922.398;-1.676;3558.498;3601.792;1088.517;1531.265;2949.262;2357.206;2490.171;1367.530;2015.377;248.603;3375.739;-4.030;214.150;3031.561;1845.383;2516.699;2135.335;2801.941;2271.960;714.552;3146.597;1154.164;3422.129;1157.930;3600.306;949.085;2177.558;318.295;458.496;2528.912;3232.521;32.785;2143.523;1233.111;467.858;1797.537;3.867;3598.925;208.316;3326.686;2732.350;-0.548;1737.930;3597.455;817.942;1962.452;2025.073;1199.616;512.266;1755.828;1620.964;3263.908;2104.509;1495.485;640.429;1264.813;1889.255;2403.386;3599.230;795.533;2859.924;1552.225;2628.594;-0.892;2766.699;3389.682;7.866;1243.108;963.728;2937.682;184.177;1280.084;2459.419;3162.791;604.337;-2.946;762.132;2835.770;5.477;2744.301;558.727;3110.861;3048.685;3598.149;1541.494
250,450.33667635917664,249,-561.6992927631059,561.6992927631059,0.0949587093139521,871.649;1632.497;1897.439;3.072;1173.960;731.920;2551.187;464.683;0.728;3597.771;2263.712;1.436;2555.196;599.107;726.229;935.914;2737.592;2133.211;624.946;1788.372;355.902;3598.521;1976.056;1737.686;1232.227;3.576;2719.919;2039.516;3035.949;3392.866;-0.925;2124.803;-1.128;2373.906;1718.110;1178.420;2767.134;2231.915;850.464;10.378;2898.779;3236.138;5.024;1854.393;1055.687;639.835;243.587;925.132;3594.714;638.574;1127.619;0.371;2111.436;667.674;2884.591;1903.600;1765.262;2997.792;3603.547;3599.387;1379.937;3602.089;1.450;2973.178;2384.043;1858.901;1626.202;2802.107;2581.227;3268.549;307.019;353.192;2681.580;1266.823;999.377;317.330;6.024;1458.336;2181.410;3182.392;3386.347;3601.679;1425.040;1579.581;771.304;3145.946;3237.951;3215.718;2.925;2392.823;3233.076;0.798;3599.423;1307.709;2523.428;12.595;3592.332;2236.432;3274.617;3597.888,1684.390;3597.129;2442.315;977.532;462.992;2462.687;3159.423;3597.840;2226.557;320.151;848.397;1809.755;320.867;919.938;2.728;3561.458;3597.485;1092.209;1529.002;2947.037;2360.131;2485.962;1369.991;2013.684;245.826;3372.868;0.148;209.588;3035.235;1849.163;2512.445;2136.415;2799.840;2268.371;714.201;3145.933;1156.911;3418.229;1153.744;3599.574;945.774;2177.983;322.901;462.967;2527.173;3228.708;28.290;2144.270;1234.687;472.403;1801.100;7.950;3602.660;212.514;3330.522;2734.499;3.682;1733.524;3593.234;818.284;1964.264;2027.675;1195.440;510.563;1760.177;1618.375;3266.811;2103.884;1491.203;643.770;1268.647;1891.309;2406.445;3601.406;799.747;2862.076;1553.845;2626.199;-3.047;2767.064;3385.564;4.269;1242.727;959.405;2938.347;185.521;1282.351;2463.759;3167.085;603.784;1.213;764.373;2838.127;2.097;2739.634;554.295;3106.613;3052.820;3602.303;1537.460
251,452.04752922058105,250,-561.8384597762866,561.8384597762866,0.17646635164330404,867.189;1635.266;1900.371;7.670;1170.129;727.992;2552.210;469.295;-3.849;3599.905;2259.459;4.824;2550.932;594.708;725.200;938.927;2741.329;2136.899;621.830;1787.864;355.285;3598.212;1980.566;1738.240;1236.466;8.120;2716.114;2034.955;3032.396;3397.213;-5.476;2121.120;2.907;2378.350;1722.185;1174.459;2767.085;2227.431;846.003;5.854;2894.202;3240.230;7.908;1852.412;1051.160;642.411;239.074;929.553;3598.816;639.854;1123.737;-1.875;2116.051;671.479;2886.334;1899.575;1769.422;3001.786;3599.227;3603.271;1376.451;3598.063;-2.876;2977.345;2387.474;1854.593;1628.857;2801.905;2576.788;3264.236;311.613;357.484;2684.439;1262.300;996.174;321.555;1.451;1462.443;2177.064;3178.772;3382.003;3597.486;1429.547;1581.779;775.671;3150.116;3242.487;3211.252;-1.425;2397.158;3229.541;-2.591;3602.912;1308.177;2519.122;15.013;3588.108;2241.016;3278.775;3595.258,1680.624;3595.307;2446.862;973.224;458.620;2458.227;3163.168;3600.272;2230.542;324.434;844.060;1805.283;324.715;915.392;-0.456;3557.100;3596.472;1088.566;1524.998;2950.381;2356.144;2489.327;1365.776;2018.040;242.179;3368.308;1.721;211.501;3032.282;1849.596;2516.707;2139.346;2795.298;2267.331;709.957;3143.101;1161.452;3413.712;1149.132;3602.939;946.120;2181.937;327.410;467.202;2531.497;3233.094;32.423;2139.921;1230.219;468.941;1797.325;3.558;3598.809;212.311;3326.273;2735.518;-0.021;1731.046;3588.881;814.223;1959.890;2023.291;1190.830;506.071;1763.590;1621.616;3271.375;2099.603;1494.459;648.249;1273.245;1895.846;2403.396;3605.951;804.325;2866.567;1550.751;2630.568;1.170;2762.641;3389.698;-0.171;1241.474;963.145;2942.868;189.452;1286.898;2468.190;3166.160;599.279;-0.376;763.325;2842.647;-2.221;2738.272;558.591;3110.451;3051.103;3604.828;1533.386
252,453.89551997184753,251,-561.8660834140899,561.8660834140899,0.14523742045407603,869.750;1630.957;1896.056;3.927;1174.378;731.703;2547.935;465.852;0.455;3596.952;2259.075;0.601;2549.652;598.638;720.742;939.673;2737.175;2132.818;618.018;1783.408;353.157;3602.569;1985.060;1739.537;1241.036;4.640;2719.384;2031.398;3036.803;3401.787;-1.059;2124.264;-1.097;2375.544;1722.879;1178.753;2765.027;2231.690;841.425;1.271;2898.291;3236.510;4.104;1856.697;1047.029;637.991;242.994;926.096;3603.380;644.323;1122.879;2.182;2112.269;667.835;2890.748;1902.642;1772.778;2997.934;3597.134;3598.876;1380.731;3597.948;1.483;2973.219;2387.832;1850.039;1628.901;2806.360;2573.210;3265.464;307.714;355.578;2680.116;1263.398;1000.576;318.633;4.821;1458.432;2181.352;3183.103;3386.413;3601.732;1425.373;1586.122;779.689;3146.464;3239.009;3210.769;2.426;2399.877;3233.850;1.497;3598.514;1303.821;2517.093;10.650;3592.379;2245.537;3274.440;3599.283,1683.545;3597.118;2442.851;968.926;458.053;2453.995;3163.655;3596.840;2226.416;328.328;839.516;1803.320;329.259;911.305;-4.905;3553.162;3598.518;1084.071;1520.499;2946.447;2351.845;2487.193;1361.970;2021.909;243.135;3371.665;0.915;208.606;3027.783;1847.643;2518.386;2143.821;2791.098;2270.707;706.685;3138.619;1159.934;3417.839;1144.609;3599.030;950.559;2186.381;323.631;467.112;2535.094;3235.614;36.382;2142.937;1230.170;472.852;1800.856;-0.523;3596.570;210.814;3322.747;2739.916;-4.429;1726.548;3585.147;812.455;1955.502;2026.631;1190.218;505.012;1768.121;1618.031;3268.342;2096.244;1498.934;648.095;1276.522;1898.699;2398.911;3602.051;806.540;2870.998;1552.210;2628.254;-2.632;2759.517;3394.260;-4.724;1245.826;960.165;2947.372;186.794;1286.927;2472.768;3161.711;602.325;-2.363;767.779;2847.212;2.127;2734.080;557.639;3115.003;3055.239;3600.442;1537.498
253,455.76571822166443,252,-561.8421559939482,561.8421559939482,0.12956630572388764,874.202;1626.436;1899.840;-0.477;1171.362;736.130;2543.412;464.379;1.981;3597.730;2262.940;0.709;2550.906;602.717;718.831;944.094;2737.870;2130.487;613.524;1785.017;348.707;3598.493;1989.092;1735.121;1241.992;0.185;2721.073;2027.302;3033.417;3402.038;0.047;2120.251;2.498;2371.170;1718.703;1183.196;2760.602;2236.090;845.280;-3.265;2899.746;3237.127;8.433;1854.022;1051.380;635.201;241.148;921.608;3599.135;640.157;1118.997;5.827;2107.932;666.123;2893.744;1898.433;1775.565;3000.017;3601.302;3600.823;1385.160;3602.322;-1.468;2971.796;2392.194;1853.200;1633.312;2809.690;2570.140;3269.625;304.909;352.440;2678.201;1259.233;1004.556;319.796;4.659;1454.109;2180.665;3181.650;3384.831;3599.636;1427.256;1583.308;775.413;3142.038;3236.436;3214.737;6.884;2404.316;3237.658;4.905;3597.922;1307.518;2521.472;10.129;3595.468;2250.074;3274.499;3603.776,1687.880;3600.741;2438.342;973.087;453.633;2451.231;3168.037;3592.819;2221.923;332.327;839.765;1799.297;333.645;914.535;-0.631;3550.122;3602.882;1080.530;1517.996;2942.331;2347.319;2482.848;1358.427;2023.257;247.468;3376.092;-1.756;204.150;3023.988;1851.981;2520.662;2148.333;2786.854;2275.137;702.268;3134.193;1156.005;3422.173;1140.327;3603.194;954.985;2190.798;319.128;464.201;2537.796;3239.596;40.649;2147.298;1228.705;477.000;1805.191;-4.807;3592.453;206.387;3322.465;2744.403;-0.221;1722.032;3580.647;808.869;1951.433;2029.203;1187.669;509.312;1772.511;1613.548;3265.371;2094.459;1503.471;644.259;1280.817;1900.147;2394.475;3601.898;802.287;2873.737;1556.632;2624.036;1.483;2756.622;3398.564;-0.645;1248.925;963.109;2951.464;182.330;1288.802;2477.298;3157.357;606.524;1.926;764.337;2851.376;4.534;2732.498;559.795;3119.003;3056.527;3599.353;1541.144
254,457.46814703941345,253,-561.8519130688743,561.8519130688743,0.1304406909237348,875.152;1626.997;1903.272;0.451;1173.479;732.623;2543.532;468.587;4.280;3601.769;2267.404;-3.562;2555.297;599.471;715.596;948.222;2739.035;2131.406;616.717;1781.557;344.629;3600.731;1985.592;1737.655;1239.023;-0.222;2724.967;2030.515;3035.233;3401.297;0.028;2123.204;-1.151;2366.683;1714.227;1181.413;2756.785;2232.806;849.208;-0.056;2896.089;3240.535;12.089;1852.068;1053.283;630.835;245.268;918.546;3600.233;639.109;1114.540;8.816;2111.753;670.146;2890.277;1898.314;1771.465;3003.050;3599.593;3598.023;1382.099;3600.304;-4.720;2970.095;2396.663;1856.606;1636.368;2806.764;2574.327;3274.092;307.530;355.925;2680.819;1262.730;1007.526;320.053;0.509;1449.753;2176.973;3177.701;3386.308;3603.671;1430.252;1578.942;776.137;3139.018;3239.519;3210.852;5.804;2408.357;3239.684;1.654;3601.424;1306.897;2523.760;6.421;3598.555;2254.518;3270.919;3599.480,1683.645;3605.158;2439.751;976.916;449.197;2447.515;3172.390;3595.563;2217.789;328.069;835.407;1802.961;329.692;913.409;1.539;3545.796;3598.683;1076.086;1513.714;2945.971;2351.214;2483.659;1354.097;2019.832;251.954;3373.328;1.528;208.154;3027.185;1856.447;2524.823;2144.925;2787.740;2279.618;705.620;3138.226;1159.977;3418.314;1135.844;3599.703;955.113;2186.869;319.430;468.345;2541.597;3244.066;37.821;2149.950;1232.982;481.358;1808.728;-0.637;3596.652;209.747;3326.199;2744.725;2.638;1723.060;3576.942;813.199;1955.173;2025.357;1191.664;507.248;1768.661;1616.135;3268.586;2098.775;1500.669;648.545;1276.933;1895.855;2397.433;3598.350;803.677;2869.495;1561.118;2623.738;1.568;2760.686;3397.594;0.854;1245.470;967.535;2949.788;183.219;1284.471;2476.589;3159.994;602.497;1.977;766.689;2847.318;4.160;2728.106;556.902;3117.411;3052.161;3601.804;1538.869
255,459.300963640213,254,-561.962793797663,561.962793797663,0.09043918414166978,878.091;1623.773;1907.496;3.288;1169.566;736.383;2544.397;464.917;8.336;3597.495;2265.387;0.579;2553.952;601.665;719.680;944.619;2741.245;2135.565;613.425;1785.027;345.292;3599.803;1986.236;1741.092;1243.270;2.845;2722.313;2032.854;3039.148;3405.419;-4.087;2118.998;2.119;2370.168;1710.116;1184.307;2760.926;2228.782;845.332;-1.685;2898.932;3243.977;13.965;1854.769;1049.449;634.461;245.521;919.037;3600.086;642.491;1110.205;5.716;2115.159;668.244;2885.878;1894.194;1774.025;3007.423;3599.959;3601.278;1385.431;3601.011;-0.563;2967.212;2394.854;1859.444;1633.818;2810.633;2570.373;3272.168;303.285;353.285;2677.025;1266.929;1004.281;315.722;1.618;1452.004;2172.727;3173.579;3383.146;3599.659;1434.548;1580.632;779.200;3142.511;3235.415;3211.377;5.528;2405.043;3235.606;-0.512;3597.437;1308.223;2523.192;2.808;3600.022;2255.162;3274.795;3599.131,1681.437;3600.877;2443.699;972.891;452.442;2451.448;3173.553;3599.459;2213.357;331.653;838.688;1799.453;329.310;915.916;-0.476;3549.466;3601.997;1079.598;1517.762;2949.850;2350.362;2487.668;1349.670;2015.429;248.075;3377.252;-1.864;210.080;3031.321;1860.515;2528.596;2148.758;2784.336;2275.456;707.766;3135.288;1157.573;3420.248;1139.288;3599.283;950.887;2185.440;315.487;470.632;2546.007;3240.390;41.136;2145.846;1235.995;478.361;1805.278;-0.445;3599.725;208.707;3328.528;2740.533;0.230;1718.945;3579.870;810.083;1953.351;2028.872;1187.545;510.529;1772.558;1613.981;3272.980;2098.428;1503.838;645.814;1280.795;1899.266;2401.814;3594.705;799.656;2871.818;1557.965;2619.405;-2.044;2759.678;3393.310;-0.907;1249.104;970.867;2951.559;179.265;1287.089;2472.395;3156.651;605.946;-2.205;762.647;2848.745;-0.013;2730.263;555.314;3113.325;3050.655;3598.305;1534.502
256,461.159704208374,255,-561.9636807050143,561.9636807050143,0.14964658969570022,874.234;1619.426;1904.240;7.619;1165.199;732.758;2547.725;468.858;6.309;3595.570;2267.651;2.809;2552.863;605.963;724.059;940.380;2745.547;2139.844;609.079;1781.204;341.090;3595.871;1982.078;1738.532;1242.148;-1.323;2717.982;2029.748;3043.515;3409.794;-0.051;2115.775;5.162;2371.874;1712.894;1180.543;2764.311;2226.966;848.497;2.454;2896.515;3248.333;9.728;1857.101;1045.469;637.386;241.827;923.299;3596.600;645.775;1107.909;1.575;2113.155;663.931;2887.578;1890.097;1778.199;3004.414;3595.772;3598.505;1389.520;3596.792;2.972;2971.212;2398.564;1861.908;1638.059;2807.178;2571.577;3276.269;301.256;356.781;2680.695;1271.305;999.992;314.213;-2.476;1453.197;2169.564;3169.270;3382.887;3601.278;1438.935;1584.920;775.307;3144.356;3231.203;3215.222;2.321;2402.512;3231.667;-4.212;3594.641;1312.525;2519.994;6.621;3604.313;2259.371;3278.311;3602.184,1683.239;3598.676;2441.444;968.650;455.124;2448.715;3177.137;3603.820;2210.222;334.610;841.899;1796.208;332.934;911.664;-1.552;3549.865;3598.223;1080.528;1521.698;2949.727;2346.421;2489.132;1348.358;2013.050;246.090;3377.192;2.328;214.356;3027.774;1857.019;2532.956;2152.582;2780.266;2271.871;704.803;3136.015;1158.363;3420.127;1143.517;3603.351;947.265;2188.868;318.484;466.412;2549.044;3241.589;44.221;2148.684;1238.566;475.348;1803.124;-2.838;3601.974;204.452;3324.408;2736.566;-4.053;1715.410;3584.084;806.510;1949.166;2033.217;1185.666;508.040;1774.113;1618.135;3275.961;2098.062;1503.052;649.014;1283.793;1900.353;2400.447;3597.440;803.418;2875.304;1554.840;2618.381;1.622;2755.485;3388.995;1.356;1252.389;966.857;2955.281;179.272;1289.742;2475.774;3152.309;606.436;-0.998;764.841;2852.696;1.881;2734.274;551.258;3117.124;3054.392;3602.203;1536.308
257,463.0585718154907,256,-561.9832545372171,561.9832545372171,0.0967304424891871,870.829;1618.765;1900.067;3.606;1163.051;730.802;2545.258;469.063;2.448;3592.293;2269.864;0.056;2548.914;605.257;720.979;937.254;2749.899;2135.944;611.347;1784.631;336.745;3592.573;1985.965;1734.293;1238.249;2.093;2714.421;2025.445;3044.196;3414.122;2.263;2119.655;1.190;2369.742;1709.158;1180.016;2760.507;2224.602;847.441;-0.518;2898.261;3251.623;7.720;1852.925;1049.149;639.091;237.531;926.192;3600.672;650.068;1112.075;-2.631;2116.354;666.766;2883.491;1890.436;1782.523;3000.290;3599.069;3594.621;1385.961;3595.687;4.105;2975.412;2402.781;1866.132;1638.496;2810.966;2568.480;3280.613;297.807;361.010;2676.659;1268.188;1003.929;318.210;1.661;1449.740;2168.332;3172.160;3387.122;3598.313;1443.204;1583.317;771.428;3140.747;3226.954;3211.223;5.368;2406.598;3235.490;-0.011;3598.331;1313.441;2519.882;2.810;3600.136;2255.793;3276.305;3598.398,1679.120;3601.148;2437.205;971.095;452.608;2444.429;3181.443;3599.711;2213.467;330.875;845.188;1800.232;336.619;907.422;-1.033;3551.849;3599.139;1077.143;1517.898;2953.955;2348.780;2493.393;1352.513;2017.020;248.722;3373.060;-0.869;218.374;3029.354;1852.775;2537.219;2149.991;2784.195;2274.245;701.440;3140.233;1162.587;3415.974;1147.368;3599.445;943.001;2193.183;319.291;462.149;2544.976;3243.207;40.291;2152.757;1241.966;471.051;1806.270;1.218;3597.955;200.360;3327.789;2732.293;-0.280;1718.048;3588.433;810.520;1946.053;2029.652;1189.755;504.198;1770.641;1622.457;3274.899;2093.842;1498.822;653.309;1280.061;1896.339;2400.207;3601.729;807.681;2871.674;1557.326;2622.459;-2.033;2751.369;3387.004;-2.617;1256.631;962.561;2951.312;183.493;1288.707;2478.742;3149.014;602.346;-4.733;768.606;2852.428;5.782;2737.968;555.235;3116.819;3052.298;3598.414;1535.005
258,464.7758514881134,257,-561.9255064736948,561.9255064736948,0.14018284232818048,871.710;1622.894;1895.763;6.710;1158.867;726.578;2541.023;473.235;-1.826;3596.395;2274.094;2.306;2553.013;609.389;723.739;932.997;2754.205;2135.586;613.463;1780.791;335.813;3595.171;1982.167;1731.519;1233.971;-0.284;2710.146;2029.517;3048.392;3410.474;6.119;2120.032;0.134;2373.869;1704.896;1184.207;2757.118;2228.777;851.612;3.050;2902.483;3255.886;3.512;1848.639;1053.431;643.291;241.234;930.443;3597.113;646.404;1108.166;1.284;2112.342;663.000;2879.282;1886.312;1780.698;2995.997;3599.079;3598.270;1389.428;3593.464;7.675;2979.675;2398.674;1870.400;1640.778;2807.777;2572.270;3278.170;293.541;356.892;2674.380;1264.490;1008.223;322.503;1.274;1453.781;2172.520;3168.046;3384.246;3594.069;1447.463;1581.580;767.165;3136.476;3222.864;3212.535;2.680;2409.712;3238.322;-1.723;3594.505;1317.040;2524.084;5.142;3603.460;2255.384;3280.009;3602.305,1674.834;3598.809;2432.939;966.983;455.661;2440.121;3179.095;3602.680;2209.865;334.109;849.453;1804.173;333.039;903.416;-5.190;3556.075;3603.316;1072.883;1516.302;2958.180;2352.401;2490.448;1349.176;2013.866;244.635;3369.281;-5.046;221.394;3025.827;1848.506;2533.713;2153.453;2788.043;2272.534;697.192;3141.193;1159.153;3419.433;1151.657;3601.963;938.896;2197.444;315.149;457.852;2548.489;3239.470;35.998;2157.031;1238.246;470.058;1802.156;3.857;3597.136;204.387;3331.926;2729.306;-0.867;1714.110;3592.651;812.884;1943.616;2032.454;1189.841;508.173;1773.631;1626.581;3279.070;2090.028;1499.068;656.418;1283.636;1892.412;2404.355;3597.885;811.579;2875.474;1554.041;2620.023;1.991;2748.129;3382.842;1.319;1260.888;962.261;2947.028;182.233;1292.655;2476.730;3145.054;605.657;-0.621;772.890;2848.519;8.289;2742.248;559.529;3120.928;3048.076;3598.761;1538.424
259,466.62910747528076,258,-561.9464166776456,561.9464166776456,0.1100536587303252,875.827;1625.927;1893.693;6.854;1155.565;726.360;2537.182;472.016;1.815;3597.539;2271.435;-0.893;2550.873;612.774;723.517;929.726;2756.346;2132.068;615.460;1781.909;332.482;3599.293;1984.878;1727.329;1235.087;2.508;2710.176;2032.197;3046.031;3412.593;7.323;2123.902;-3.450;2377.569;1702.255;1181.582;2755.296;2230.608;849.391;1.651;2905.246;3258.958;3.768;1845.674;1052.547;647.551;245.089;933.389;3597.255;647.933;1108.204;-1.921;2113.268;663.953;2875.831;1884.480;1778.481;2996.218;3602.933;3597.159;1388.504;3596.556;5.958;2982.464;2396.460;1870.397;1636.765;2811.483;2569.523;3275.539;289.396;354.900;2670.358;1260.617;1009.797;319.437;4.630;1457.794;2171.495;3166.378;3382.875;3595.210;1445.694;1585.682;767.321;3137.984;3222.364;3208.734;6.537;2406.629;3235.206;1.067;3593.799;1316.465;2526.883;2.801;3600.571;2251.780;3284.220;3599.241,1670.925;3594.888;2428.677;966.094;459.812;2441.355;3174.906;3601.524;2210.084;337.946;853.664;1801.002;328.967;900.049;-1.159;3553.380;3599.463;1075.258;1512.192;2961.889;2348.402;2489.099;1352.160;2015.126;247.303;3365.135;-1.064;217.533;3024.321;1844.991;2535.911;2150.558;2785.780;2276.496;700.929;3137.359;1161.387;3423.647;1153.930;3598.634;934.730;2201.699;312.203;453.678;2548.491;3236.067;35.173;2160.744;1234.005;465.917;1798.766;6.522;3593.002;202.803;3336.176;2732.964;-4.507;1710.054;3590.183;815.925;1939.442;2031.644;1186.812;504.357;1777.841;1627.929;3276.528;2085.786;1495.716;653.575;1287.128;1895.597;2405.912;3601.696;815.390;2878.613;1557.671;2617.194;0.689;2743.907;3378.742;-1.546;1262.784;960.023;2949.319;186.056;1296.905;2473.764;3144.312;607.213;-0.803;771.817;2852.435;12.470;2746.251;557.310;3125.143;3048.251;3602.195;1535.154
260,468.49985909461975,259,-561.9842549606346,561.9842549606346,0.08160161846997609,879.891;1630.074;1896.345;3.041;1151.523;722.999;2540.752;468.208;3.506;3594.590;2271.865;2.880;2553.211;609.280;727.032;933.389;2757.266;2127.883;619.598;1781.996;329.317;3603.435;1983.347;1724.735;1237.857;-0.272;2711.899;2031.804;3047.471;3408.830;3.362;2120.455;0.619;2376.626;1698.293;1185.380;2751.189;2227.833;852.751;-2.039;2901.540;3259.261;7.793;1842.411;1056.487;644.042;241.409;931.075;3599.869;646.776;1104.698;-2.366;2116.863;667.806;2871.728;1888.417;1782.514;2993.069;3598.940;3601.179;1391.878;3600.722;1.844;2984.743;2393.836;1874.076;1635.902;2814.457;2572.918;3279.610;285.840;350.793;2671.973;1256.565;1007.625;323.125;8.060;1454.723;2174.016;3162.513;3386.348;3593.346;1449.212;1584.758;763.563;3134.088;3226.010;3212.573;10.693;2410.609;3235.736;4.280;3596.140;1312.879;2527.913;-0.773;3597.070;2247.856;3281.814;3598.779,1667.808;3598.823;2429.443;963.083;464.030;2438.486;3176.179;3598.724;2213.976;334.076;853.471;1803.767;325.371;903.116;1.980;3554.487;3601.073;1071.765;1514.830;2965.356;2352.063;2493.037;1355.159;2018.773;250.113;3361.221;-1.644;214.729;3028.383;1844.636;2532.063;2146.516;2789.738;2272.884;704.615;3141.016;1164.280;3420.957;1156.736;3596.841;932.708;2203.706;315.935;455.241;2545.174;3231.893;31.997;2162.143;1236.986;462.212;1801.318;2.585;3596.787;199.351;3339.668;2729.842;-0.508;1711.488;3594.126;820.041;1942.134;2030.392;1190.527;507.679;1775.478;1631.780;3274.590;2082.796;1499.188;657.223;1283.996;1891.741;2409.840;3598.828;817.578;2875.355;1561.623;2620.354;1.675;2745.927;3381.658;2.331;1266.801;955.877;2946.119;189.677;1293.620;2469.614;3147.325;604.311;-2.319;769.563;2849.707;9.600;2742.465;553.169;3122.001;3047.156;3598.188;1531.855
261,470.3939757347107,260,-562.029016512705,562.029016512705,0.11279818653507966,884.031;1628.303;1898.103;-0.758;1154.817;719.113;2538.607;470.622;0.081;3597.109;2275.694;-0.265;2555.170;606.332;723.183;930.974;2761.336;2123.885;617.697;1785.247;331.210;3599.405;1980.618;1721.567;1234.004;-4.346;2707.970;2028.022;3051.511;3410.827;5.549;2116.522;0.306;2379.534;1694.126;1189.181;2747.016;2227.763;856.040;1.605;2905.088;3263.152;5.946;1838.418;1060.616;644.065;241.672;928.198;3603.978;642.720;1107.637;1.675;2120.840;671.918;2868.267;1884.708;1786.359;2990.556;3601.070;3599.136;1396.016;3597.219;-2.313;2988.767;2389.805;1873.275;1639.896;2817.322;2576.816;3281.691;283.657;347.286;2676.020;1252.406;1011.401;327.127;7.535;1458.230;2178.116;3158.985;3383.772;3597.099;1452.431;1588.520;759.437;3130.532;3222.019;3216.327;14.687;2414.231;3231.806;3.404;3599.802;1308.752;2531.956;3.237;3596.633;2243.705;3285.530;3602.116,1665.363;3602.428;2432.345;959.072;468.085;2442.298;3179.644;3602.044;2218.017;333.738;849.924;1800.211;329.163;906.764;-0.667;3550.728;3600.248;1068.303;1518.584;2961.789;2349.056;2497.017;1359.206;2022.912;246.211;3364.718;0.907;217.939;3025.301;1840.616;2533.870;2143.680;2786.314;2269.516;701.021;3139.136;1168.268;3418.183;1157.281;3600.500;936.309;2207.477;316.531;459.163;2541.035;3235.418;35.817;2165.816;1240.765;464.259;1800.695;-1.566;3600.411;197.156;3337.131;2728.420;-1.575;1715.076;3598.134;816.960;1938.249;2027.475;1192.686;506.863;1772.038;1635.805;3278.562;2079.243;1503.315;655.333;1287.617;1894.735;2406.322;3601.411;814.320;2872.030;1557.761;2624.488;5.125;2742.324;3378.162;3.825;1266.108;954.036;2949.442;187.950;1290.572;2466.264;3143.288;608.259;0.143;765.684;2849.271;6.577;2740.738;554.059;3123.615;3051.139;3596.542;1527.728
262,472.1075885295868,261,-562.0559129418814,562.0559129418814,0.1479928205727259,880.551;1624.958;1894.345;1.991;1153.855;717.461;2542.279;471.678;-3.590;3595.452;2279.802;-4.348;2558.397;607.674;719.273;927.110;2765.054;2120.119;621.391;1781.523;329.146;3600.671;1976.565;1725.459;1233.366;-0.415;2704.315;2031.523;3055.608;3407.502;9.245;2118.744;-3.499;2378.374;1690.410;1192.927;2750.215;2223.795;859.942;-1.996;2908.935;3267.217;9.899;1841.315;1060.041;646.017;244.274;924.189;3600.143;639.538;1105.903;5.611;2123.340;675.980;2864.201;1884.099;1790.015;2986.496;3597.616;3597.095;1397.862;3596.141;1.106;2992.814;2385.897;1876.268;1643.942;2814.080;2580.911;3283.014;287.189;344.068;2672.421;1251.670;1015.257;330.045;11.522;1460.582;2181.875;3156.514;3387.556;3601.169;1456.001;1591.577;755.586;3133.985;3221.810;3215.629;17.905;2410.606;3227.684;2.419;3600.828;1304.760;2532.157;-0.450;3593.998;2246.910;3284.992;3598.295,1668.169;3598.879;2436.037;955.119;464.983;2446.092;3181.602;3598.146;2218.581;330.582;845.829;1803.655;326.180;910.714;-2.635;3553.846;3603.350;1067.293;1514.733;2960.708;2350.318;2497.395;1363.140;2026.664;247.235;3361.789;-2.243;215.554;3024.436;1836.609;2530.406;2139.605;2788.919;2269.478;698.134;3137.170;1169.718;3414.973;1161.235;3604.564;932.754;2210.078;318.687;460.506;2537.184;3239.494;33.388;2169.135;1244.853;468.237;1798.571;0.561;3601.232;193.148;3340.357;2725.688;1.397;1719.171;3600.505;819.455;1940.541;2031.434;1189.502;502.890;1768.787;1639.089;3281.455;2078.805;1499.627;659.013;1291.447;1894.050;2408.605;3600.333;810.612;2867.969;1553.840;2626.393;1.738;2738.506;3377.890;0.217;1269.360;951.161;2952.369;191.846;1289.852;2467.409;3139.827;612.343;-3.711;761.695;2849.377;2.963;2739.751;553.344;3120.188;3050.298;3599.145;1529.248
263,473.9672484397888,262,-561.9419970238225,561.9419970238225,0.10428123069581414,883.274;1623.310;1890.281;5.029;1151.768;714.017;2538.947;467.833;0.328;3591.539;2283.255;-0.567;2562.303;611.511;717.250;923.034;2769.081;2116.082;625.115;1777.483;333.124;3603.514;1972.479;1728.902;1229.788;1.298;2700.295;2032.481;3059.697;3403.446;5.366;2114.927;0.178;2380.947;1686.381;1196.970;2753.042;2219.942;863.514;0.501;2913.013;3264.134;11.544;1844.352;1060.263;650.025;240.651;924.572;3599.901;635.606;1101.896;4.113;2127.358;678.523;2860.116;1887.753;1794.044;2982.696;3600.782;3600.970;1401.849;3600.079;-2.216;2996.894;2381.840;1880.258;1644.641;2810.179;2584.944;3280.643;283.690;340.018;2673.615;1251.682;1019.302;326.321;15.539;1464.603;2185.949;3152.491;3390.735;3597.865;1459.960;1595.519;751.695;3132.000;3225.359;3216.335;21.938;2407.358;3228.002;-1.299;3596.865;1300.770;2528.405;0.885;3597.326;2250.836;3281.103;3599.357,1672.204;3600.785;2440.108;958.671;461.486;2446.052;3177.667;3599.736;2222.569;326.859;842.296;1800.177;327.754;914.171;1.195;3550.478;3599.459;1063.537;1512.303;2956.805;2353.983;2497.472;1359.829;2028.896;243.559;3358.369;1.548;211.531;3028.067;1833.275;2526.347;2140.824;2785.274;2265.528;694.215;3133.299;1165.820;3418.874;1165.315;3600.731;936.608;2206.215;314.827;458.818;2540.204;3243.576;35.552;2166.749;1241.372;469.527;1794.555;-2.578;3597.700;196.466;3336.787;2729.641;1.698;1717.131;3598.844;818.395;1937.838;2035.497;1185.453;505.293;1771.914;1637.227;3277.700;2075.684;1502.084;655.571;1287.887;1892.066;2409.438;3604.158;806.737;2863.899;1557.545;2623.300;4.201;2734.443;3381.833;0.833;1273.363;947.125;2951.769;188.945;1293.769;2470.940;3143.637;615.538;0.088;757.612;2853.262;-1.039;2742.954;551.603;3122.480;3053.896;3602.816;1532.864
264,475.84933376312256,263,-561.9675064959094,561.9675064959094,0.10393415079391605,879.499;1625.952;1890.542;9.021;1153.906;713.390;2538.285;471.147;0.668;3594.683;2279.739;2.910;2558.412;607.666;721.108;925.006;2765.872;2119.676;629.146;1781.160;332.469;3599.704;1974.713;1725.240;1232.201;4.868;2703.900;2036.420;3057.241;3399.898;2.325;2111.256;0.320;2377.612;1689.736;1197.669;2749.747;2223.438;867.504;-1.510;2911.581;3260.129;8.551;1846.037;1056.892;646.260;242.434;921.363;3603.029;639.242;1098.296;3.325;2124.239;674.679;2863.449;1885.476;1790.485;2984.939;3604.672;3599.512;1404.622;3603.962;1.249;2993.687;2385.043;1884.295;1642.341;2813.684;2587.212;3284.004;279.805;340.637;2673.505;1255.495;1016.829;328.084;12.181;1461.202;2184.416;3154.279;3387.263;3601.070;1456.213;1591.990;754.429;3128.218;3222.484;3220.280;18.461;2411.007;3231.915;1.340;3599.928;1303.764;2524.478;-0.494;3601.197;2252.274;3277.064;3599.189,1676.192;3598.964;2437.492;955.136;460.606;2442.551;3177.453;3597.762;2220.560;323.901;844.159;1796.375;330.753;918.174;5.058;3554.175;3599.751;1067.339;1508.362;2954.829;2351.837;2493.530;1358.508;2031.608;239.870;3361.428;0.920;207.637;3031.960;1837.043;2528.410;2144.750;2781.631;2261.590;692.936;3132.500;1164.828;3419.000;1162.151;3598.814;935.871;2207.728;310.998;461.531;2543.866;3244.163;31.865;2170.497;1243.782;473.310;1798.405;0.979;3601.220;193.477;3340.056;2733.480;5.385;1713.494;3598.061;820.431;1933.849;2033.439;1181.868;504.214;1768.283;1633.271;3274.681;2077.417;1505.756;658.020;1285.580;1895.013;2413.337;3600.390;802.718;2860.462;1558.927;2625.453;0.471;2736.527;3383.139;-1.051;1276.433;945.556;2951.159;187.371;1291.037;2474.921;3145.715;614.392;0.941;760.180;2850.209;2.527;2739.096;547.646;3124.714;3054.950;3598.993;1531.350
265,477.5527894496918,264,-562.0563958286821,562.0563958286821,0.11479536322552639,877.656;1629.900;1886.698;7.720;1150.026;716.909;2534.714;468.006;3.203;3598.643;2277.239;1.722;2554.529;610.838;724.773;928.162;2762.121;2123.403;628.813;1784.127;332.604;3601.137;1978.135;1722.542;1236.139;7.866;2706.299;2040.059;3055.039;3402.298;0.346;2110.784;2.835;2381.408;1692.330;1201.382;2753.411;2220.348;864.121;1.297;2910.443;3262.171;10.882;1849.105;1052.918;645.415;245.915;924.523;3599.274;636.287;1101.628;-0.304;2126.424;671.858;2866.980;1882.472;1792.554;2983.113;3600.872;3603.203;1404.310;3600.383;1.838;2991.375;2382.049;1887.212;1638.407;2817.529;2583.672;3285.102;275.893;336.909;2669.659;1254.959;1020.028;324.290;13.609;1461.869;2184.877;3157.737;3383.512;3597.733;1452.353;1593.341;752.110;3131.561;3225.291;3221.727;19.036;2408.205;3230.770;-2.179;3603.237;1307.674;2527.138;2.982;3597.507;2248.524;3278.240;3601.529,1673.019;3602.649;2433.644;957.554;456.701;2439.239;3173.722;3601.528;2223.288;327.628;847.379;1799.487;327.884;915.496;1.826;3551.805;3598.572;1071.187;1507.417;2958.629;2347.924;2495.390;1362.274;2028.653;240.098;3365.383;3.117;204.484;3028.234;1836.759;2526.461;2148.137;2778.876;2264.234;696.683;3128.594;1162.521;3422.229;1158.814;3600.356;935.246;2211.567;313.944;462.663;2543.386;3241.891;35.459;2174.485;1240.159;469.521;1797.736;-2.391;3598.462;189.530;3337.254;2732.228;2.164;1709.512;3601.944;816.587;1929.929;2033.861;1185.359;500.576;1771.510;1636.101;3270.818;2073.530;1503.321;655.387;1281.925;1898.970;2409.976;3600.754;806.149;2859.892;1558.976;2624.377;-3.375;2738.658;3385.775;2.629;1277.287;949.000;2955.052;191.062;1294.642;2471.546;3147.506;614.953;-2.342;764.005;2854.001;5.913;2739.154;551.031;3128.645;3058.476;3600.109;1535.120
266,479.41134452819824,265,-562.0345428295738,562.0345428295738,0.0623007863929238,874.814;1626.594;1889.925;5.999;1150.572;720.848;2538.187;465.785;1.379;3596.312;2273.339;-2.033;2550.983;614.759;722.316;925.752;2758.189;2125.625;632.036;1780.716;328.894;3597.932;1981.818;1719.217;1238.154;10.634;2709.829;2038.735;3051.788;3406.143;2.391;2111.483;0.464;2380.824;1695.966;1204.838;2756.769;2221.552;860.291;-2.268;2914.128;3259.782;7.943;1850.633;1053.345;641.800;249.816;920.828;3600.498;639.872;1103.265;2.073;2124.230;672.833;2870.548;1885.929;1796.120;2986.637;3598.043;3599.416;1407.581;3598.231;-1.529;2987.535;2383.716;1883.827;1640.200;2820.851;2580.678;3288.744;276.212;335.017;2666.053;1253.938;1016.524;321.240;17.379;1458.636;2188.228;3161.635;3387.246;3600.921;1448.634;1589.628;755.558;3132.458;3226.165;3225.243;16.829;2404.532;3234.504;1.608;3599.453;1311.406;2528.744;2.038;3595.327;2244.677;3275.042;3597.706,1669.223;3598.997;2430.812;956.828;455.511;2442.633;3170.136;3598.713;2223.324;331.338;847.692;1803.307;323.984;911.857;4.165;3554.736;3601.173;1074.896;1504.164;2962.359;2350.091;2498.241;1364.098;2024.739;243.689;3369.172;-0.186;208.100;3028.472;1833.291;2524.023;2145.125;2781.563;2261.168;699.101;3124.945;1162.804;3424.863;1161.482;3599.204;931.705;2209.466;317.825;466.533;2539.623;3242.121;35.128;2175.598;1238.412;466.458;1801.353;0.452;3601.379;185.606;3340.825;2728.553;-1.759;1710.750;3599.479;819.555;1933.177;2037.626;1187.887;496.651;1769.388;1639.859;3269.680;2072.013;1499.422;651.561;1284.740;1898.834;2413.371;3598.419;809.899;2861.679;1555.175;2628.213;0.366;2741.281;3382.153;-0.697;1273.459;952.936;2953.608;194.844;1298.058;2467.942;3144.528;618.800;1.042;761.406;2855.735;3.475;2736.995;554.672;3131.093;3055.804;3599.248;1534.603
267,481.2920958995819,266,-562.1358613818624,562.1358613818624,0.0991547638254934,878.271;1630.138;1890.065;9.649;1152.993;722.502;2542.000;467.466;-2.446;3599.999;2270.406;1.301;2553.346;618.597;725.854;921.896;2756.959;2129.477;629.292;1776.838;328.610;3597.132;1985.722;1715.327;1234.595;8.605;2706.697;2041.332;3047.901;3410.048;-0.357;2115.294;3.182;2384.631;1699.565;1201.617;2753.467;2220.840;856.384;1.377;2910.803;3261.942;4.219;1846.822;1057.052;638.123;253.731;921.016;3600.820;638.253;1101.266;-1.715;2127.735;669.139;2874.443;1889.725;1795.465;2990.529;3599.385;3598.885;1406.593;3595.373;0.706;2990.964;2380.183;1879.935;1636.537;2824.741;2577.864;3285.209;279.910;331.364;2669.197;1250.352;1013.704;324.410;14.644;1462.162;2184.651;3158.879;3388.681;3597.583;1444.817;1587.026;759.422;3136.245;3222.979;3229.127;13.158;2400.839;3231.510;-1.102;3598.198;1315.032;2524.998;5.738;3598.901;2240.774;3277.835;3596.533,1671.095;3600.866;2429.534;960.381;459.284;2446.526;3173.060;3600.916;2219.524;333.278;845.678;1804.913;320.108;911.309;0.800;3558.500;3597.532;1071.564;1507.695;2964.602;2352.327;2498.502;1367.937;2023.755;240.230;3372.985;-2.568;210.105;3024.734;1830.337;2520.521;2141.668;2785.120;2262.632;702.958;3122.110;1165.037;3421.229;1162.410;3602.587;927.849;2212.883;321.012;469.907;2535.925;3239.087;32.818;2172.320;1234.847;462.970;1805.187;0.196;3599.000;185.535;3344.469;2724.801;0.968;1713.668;3603.065;823.403;1931.702;2041.225;1184.539;493.409;1773.096;1640.482;3273.340;2068.242;1496.221;648.818;1288.594;1902.477;2414.919;3595.217;806.749;2865.520;1551.289;2624.760;-1.724;2739.860;3378.354;1.270;1270.706;949.660;2952.026;192.190;1297.127;2471.386;3140.798;622.651;-1.998;764.352;2857.762;-0.261;2738.366;556.008;3128.393;3059.406;3602.721;1530.804
268,482.9881112575531,267,-562.2174089743426,562.2174089743426,0.1261443021196174,874.599;1626.902;1893.819;12.060;1149.335;719.024;2544.542;463.805;0.923;3598.567;2267.846;0.437;2552.164;615.674;725.136;920.593;2754.720;2128.793;625.597;1778.645;325.013;3600.764;1985.311;1717.418;1238.000;10.738;2707.564;2037.705;3050.809;3407.277;-4.149;2111.673;-0.013;2386.046;1697.603;1197.874;2755.586;2217.064;856.861;-0.915;2910.248;3265.749;7.490;1850.263;1055.034;640.432;250.478;922.894;3599.835;635.180;1104.357;0.898;2130.809;672.269;2872.328;1886.638;1791.886;2991.801;3598.216;3601.011;1402.809;3598.331;-2.812;2990.791;2380.374;1881.516;1639.653;2826.590;2574.043;3288.852;277.556;334.849;2672.920;1254.103;1016.836;321.326;17.972;1465.863;2184.082;3158.305;3392.420;3600.062;1448.118;1590.352;760.621;3139.873;3226.644;3225.850;14.908;2400.499;3228.660;0.263;3596.736;1314.916;2523.950;6.542;3595.845;2243.192;3280.657;3598.476,1674.896;3601.557;2433.263;964.241;456.739;2447.679;3169.849;3597.726;2222.282;336.803;849.440;1801.354;323.209;907.573;-2.959;3555.376;3600.799;1068.211;1504.029;2967.578;2355.916;2502.279;1369.855;2024.899;242.084;3369.638;1.168;213.807;3024.834;1826.584;2516.681;2144.868;2781.713;2258.997;704.908;3125.451;1166.803;3423.736;1166.188;3598.915;931.357;2209.432;324.856;466.854;2538.514;3235.255;36.507;2168.477;1237.090;459.835;1808.965;-3.514;3602.483;183.447;3341.337;2723.317;-1.402;1710.433;3599.833;821.996;1927.975;2043.112;1188.004;496.675;1775.276;1644.117;3275.028;2065.063;1497.628;645.343;1285.091;1905.229;2416.045;3598.704;809.633;2864.926;1554.712;2627.684;0.638;2736.067;3381.579;-2.422;1269.498;947.837;2955.596;195.327;1293.700;2468.260;3144.377;619.102;1.106;761.553;2854.865;-3.824;2734.688;552.254;3124.567;3063.267;3599.088;1534.038
269,484.82930517196655,268,-562.191190310745,562.191190310745,0.08707118150808639,872.230;1628.008;1893.794;8.377;1147.441;715.488;2546.214;460.025;2.240;3601.308;2271.510;2.882;2555.571;612.568;722.212;923.484;2751.068;2132.434;622.016;1778.649;321.199;3598.101;1987.917;1714.169;1241.682;7.591;2711.279;2040.814;3047.760;3410.060;-0.451;2114.359;-3.276;2387.687;1701.197;1194.849;2751.990;2214.833;853.911;1.014;2906.527;3262.478;8.254;1847.560;1054.630;637.100;248.226;922.698;3603.448;638.598;1108.123;0.873;2128.966;672.647;2871.971;1886.925;1789.687;2995.036;3601.643;3598.368;1400.036;3601.411;0.717;2987.293;2383.412;1878.616;1636.840;2829.508;2577.432;3291.869;273.786;336.735;2675.524;1254.658;1013.689;320.807;15.754;1466.556;2180.353;3161.989;3389.235;3602.056;1445.330;1588.570;764.340;3143.378;3224.830;3227.212;13.718;2396.848;3225.174;3.421;3600.061;1318.465;2523.316;3.709;3596.234;2246.804;3284.440;3596.196,1676.429;3597.998;2433.091;966.848;453.518;2444.220;3173.104;3600.974;2221.266;334.728;853.105;1797.742;319.553;903.846;0.472;3551.709;3599.195;1071.036;1502.989;2971.366;2359.737;2504.323;1371.276;2028.563;245.758;3369.467;-0.596;216.448;3026.497;1828.616;2520.124;2142.076;2785.015;2262.446;708.666;3128.184;1163.092;3420.418;1164.879;3600.092;928.448;2211.651;328.119;466.535;2537.027;3231.439;38.982;2167.363;1240.836;462.581;1805.608;-0.218;3598.937;184.481;3340.368;2719.579;2.097;1709.141;3600.109;821.371;1930.018;2039.489;1185.708;498.808;1775.406;1641.029;3278.774;2061.493;1499.307;648.995;1286.444;1905.540;2412.349;3601.081;812.642;2865.514;1557.869;2627.899;-1.461;2739.375;3380.400;0.938;1273.107;950.927;2952.251;199.055;1289.980;2464.519;3146.437;615.410;1.662;758.934;2852.708;-0.131;2734.402;551.236;3121.244;3059.870;3600.364;1532.388
270,486.69566321372986,269,-562.1718349281637,562.1718349281637,0.10804365208864548,873.596;1624.526;1897.420;8.724;1149.503;718.722;2547.923;456.809;5.693;3597.663;2268.327;5.595;2553.811;614.006;723.604;926.880;2747.288;2132.483;618.646;1775.698;317.941;3599.590;1991.594;1712.891;1244.394;3.829;2714.847;2037.357;3045.133;3413.752;1.190;2115.971;0.369;2384.038;1703.553;1198.367;2754.273;2217.195;856.157;-2.486;2906.332;3259.473;11.940;1847.885;1058.307;636.578;245.137;919.000;3599.871;642.204;1111.761;3.908;2132.546;675.229;2875.400;1883.380;1793.330;2996.841;3598.107;3601.942;1403.493;3597.947;0.263;2983.547;2387.148;1875.111;1638.332;2833.261;2578.143;3294.567;270.314;333.386;2672.126;1251.644;1009.930;317.191;13.049;1462.909;2181.219;3165.093;3392.548;3601.632;1444.432;1584.916;765.301;3139.917;3221.111;3230.598;17.369;2399.474;3228.623;-0.249;3600.643;1322.236;2526.991;7.379;3592.598;2246.465;3284.110;3592.749,1676.377;3600.893;2429.664;963.539;456.372;2440.601;3176.630;3603.301;2217.587;335.245;856.447;1796.844;316.686;902.251;0.510;3553.933;3601.817;1072.868;1504.263;2972.702;2363.528;2507.702;1369.567;2025.424;242.350;3372.938;-3.165;220.186;3023.407;1825.840;2518.055;2138.462;2788.780;2265.994;708.344;3131.926;1159.310;3417.255;1168.169;3596.925;926.175;2208.729;331.871;470.230;2538.961;3227.647;35.506;2164.385;1244.120;458.943;1802.037;0.663;3600.461;187.963;3343.735;2715.791;-1.006;1712.466;3603.769;817.675;1933.671;2042.230;1182.129;502.316;1779.032;1644.525;3282.563;2057.724;1499.658;652.728;1289.846;1901.877;2414.589;3597.498;812.360;2869.193;1560.932;2625.510;2.022;2741.795;3383.395;4.416;1275.352;947.938;2948.491;201.800;1288.669;2462.413;3146.350;614.589;-1.907;762.612;2848.982;-1.336;2730.709;547.609;3119.569;3058.739;3596.887;1528.677
271,488.5836319923401,270,-562.1367336352539,562.1367336352539,0.09676491226980094,873.800;1621.539;1901.137;12.181;1153.187;719.194;2544.288;460.342;8.848;3596.558;2270.653;2.100;2555.672;613.176;727.235;930.170;2750.555;2129.151;619.560;1772.997;318.575;3603.224;1994.931;1709.639;1240.909;7.101;2711.557;2040.590;3043.208;3417.358;1.196;2115.901;-0.916;2380.695;1700.879;1200.794;2753.381;2213.734;853.575;-1.322;2909.298;3260.528;14.746;1844.241;1056.035;639.867;241.513;918.302;3601.183;640.816;1112.546;7.010;2136.288;674.804;2874.935;1879.639;1794.144;2995.637;3597.377;3598.924;1402.202;3598.807;-2.944;2985.399;2384.379;1878.463;1641.676;2831.647;2581.731;3297.833;266.594;335.404;2674.591;1247.986;1010.782;314.024;15.590;1459.726;2184.877;3161.832;3393.542;3598.159;1448.028;1585.857;762.398;3141.668;3217.980;3227.648;14.630;2396.553;3226.631;-2.170;3603.144;1322.739;2528.626;7.335;3589.707;2250.063;3287.653;3589.022,1673.276;3598.147;2432.767;960.045;454.889;2436.860;3180.355;3599.678;2219.356;338.125;853.659;1793.194;313.221;898.613;2.539;3552.800;3599.142;1076.241;1506.054;2976.365;2364.820;2511.024;1372.911;2028.750;239.085;3373.669;0.414;223.926;3026.640;1822.605;2520.257;2138.263;2789.311;2269.376;704.909;3130.534;1162.034;3413.546;1171.226;3599.493;927.612;2208.806;333.986;467.418;2542.632;3227.137;36.303;2161.173;1244.088;460.204;1798.419;-2.357;3601.847;191.701;3340.574;2713.059;1.315;1709.010;3600.823;814.474;1936.091;2044.520;1178.394;506.027;1776.725;1646.783;3286.261;2056.418;1496.231;654.691;1293.475;1904.591;2411.375;3599.108;815.880;2868.384;1564.557;2624.382;5.482;2738.444;3379.930;4.554;1271.915;951.359;2946.425;198.301;1292.255;2458.765;3149.947;611.106;1.142;763.552;2845.533;0.887;2732.267;546.551;3115.896;3055.137;3596.034;1525.198
272,490.3036675453186,271,-562.0841177218932,562.0841177218932,0.0780220711435689,877.039;1624.724;1898.353;8.942;1149.970;715.601;2547.631;463.328;5.769;3599.041;2274.242;-1.447;2552.110;616.555;730.916;927.187;2751.547;2127.158;623.183;1769.354;322.184;3599.731;1998.623;1713.163;1243.755;3.963;2707.966;2043.382;3039.594;3421.060;2.343;2112.436;1.096;2383.360;1697.362;1204.335;2756.650;2217.161;849.917;2.282;2905.937;3256.957;18.414;1843.013;1059.424;636.477;244.775;919.478;3599.034;644.250;1109.315;3.506;2133.131;671.186;2878.508;1883.010;1797.663;2999.113;3599.692;3600.060;1405.381;3598.876;0.529;2988.839;2382.838;1877.049;1638.469;2835.077;2580.854;3301.522;269.077;331.958;2677.853;1244.606;1007.356;316.868;18.198;1460.052;2182.400;3158.332;3394.993;3594.465;1444.978;1589.480;758.809;3138.677;3214.558;3231.123;11.572;2392.879;3229.851;0.829;3599.543;1326.348;2531.611;3.868;3587.962;2246.589;3287.246;3585.408,1676.729;3600.538;2436.426;956.989;458.405;2440.107;3177.907;3600.107;2222.808;334.526;850.809;1796.274;310.456;896.862;1.200;3554.335;3602.582;1072.862;1509.639;2973.807;2365.312;2514.715;1376.574;2028.412;235.425;3374.820;-0.476;226.838;3023.152;1819.610;2516.721;2136.417;2792.265;2266.332;707.844;3134.016;1165.639;3416.566;1174.899;3603.078;928.128;2205.201;333.010;464.213;2539.568;3223.697;38.586;2157.492;1247.688;463.716;1799.927;1.027;3598.705;188.810;3342.352;2712.282;-1.568;1711.323;3598.790;817.759;1939.438;2048.169;1181.612;509.736;1774.221;1649.291;3283.812;2059.886;1499.810;651.289;1290.166;1901.173;2409.198;3602.705;812.782;2864.827;1561.494;2620.756;2.422;2736.376;3376.281;1.049;1269.809;949.059;2949.659;201.364;1288.788;2455.933;3147.314;608.227;-1.483;761.658;2846.769;0.467;2729.198;542.926;3114.026;3058.283;3599.409;1521.959
273,492.156818151474,272,-562.102372026058,562.102372026058,0.12103630241524348,880.685;1621.426;1899.819;12.058;1152.192;718.556;2546.395;464.126;8.762;3597.358;2277.022;-0.500;2549.157;619.333;730.325;930.506;2754.175;2125.050;624.630;1770.577;324.996;3601.541;1999.084;1714.856;1241.761;4.503;2704.860;2044.366;3042.339;3420.919;0.140;2108.839;-2.225;2380.361;1693.772;1207.989;2760.283;2214.544;852.431;-0.721;2907.766;3258.287;20.819;1841.219;1059.100;638.805;248.338;916.677;3601.639;641.117;1106.812;6.015;2135.586;673.509;2876.779;1880.805;1801.045;2995.834;3601.849;3602.700;1402.233;3602.439;-1.033;2992.169;2386.278;1880.429;1641.767;2837.727;2584.102;3298.604;270.997;331.202;2674.501;1244.435;1007.617;313.488;20.884;1456.629;2183.138;3156.427;3391.575;3597.913;1443.337;1592.934;755.148;3140.022;3215.309;3229.628;14.966;2389.596;3227.600;-1.108;3599.528;1325.016;2535.236;1.931;3584.405;2245.861;3286.397;3581.768,1676.143;3597.547;2439.967;954.124;456.413;2443.001;3175.832;3602.096;2220.730;337.428;854.185;1795.339;311.166;896.114;-2.390;3550.781;3599.226;1074.600;1507.038;2970.534;2367.160;2518.336;1377.406;2026.045;237.027;3371.339;-2.348;224.187;3019.733;1823.154;2513.504;2139.105;2788.803;2264.898;705.399;3132.969;1162.354;3420.076;1172.559;3599.874;931.600;2202.219;329.429;460.720;2539.857;3227.025;42.188;2155.546;1244.510;466.869;1801.609;-2.148;3597.070;185.511;3344.609;2715.715;1.511;1709.250;3595.427;821.140;1936.275;2050.080;1179.621;512.659;1777.711;1646.064;3280.580;2062.113;1502.517;648.150;1291.298;1903.320;2405.670;3602.862;810.325;2863.520;1562.091;2621.377;-0.512;2732.769;3376.924;-2.548;1266.250;948.365;2953.077;201.963;1291.044;2452.309;3144.908;609.992;1.223;763.906;2850.355;0.584;2732.323;543.703;3116.957;3060.287;3603.011;1518.337
274,494.03958439826965,273,-562.0797109621008,562.0797109621008,0.13176186683563598,877.407;1619.455;1896.569;8.709;1155.519;715.239;2544.316;467.669;12.315;3593.853;2280.272;-3.819;2550.965;615.957;727.047;927.118;2757.747;2121.485;621.358;1773.728;327.412;3601.738;1995.773;1718.354;1240.407;0.984;2701.263;2040.994;3045.307;3422.556;-3.425;2106.352;-0.329;2383.351;1690.150;1207.908;2758.083;2211.179;855.913;-3.303;2904.936;3261.776;24.390;1842.282;1062.263;641.366;246.438;920.135;3598.597;640.831;1109.551;3.166;2138.955;676.042;2876.759;1877.731;1798.994;2992.461;3598.374;3599.273;1403.530;3599.579;-3.339;2995.664;2387.263;1882.885;1645.150;2835.251;2585.354;3301.912;267.540;327.847;2677.246;1241.006;1005.833;314.668;24.432;1453.245;2186.237;3153.011;3388.034;3599.558;1446.742;1593.470;751.883;3143.568;3211.915;3229.090;18.565;2386.393;3224.080;2.288;3602.989;1322.180;2534.231;0.554;3580.820;2247.509;3289.902;3578.164,1672.700;3593.989;2436.817;950.555;453.400;2440.107;3174.643;3598.697;2224.120;340.583;857.797;1795.057;314.698;892.572;0.490;3551.731;3601.069;1078.075;1503.458;2973.666;2363.641;2516.018;1374.142;2029.369;233.965;3370.361;1.097;220.732;3016.615;1820.553;2516.886;2142.676;2788.986;2268.332;701.840;3135.297;1164.878;3418.678;1175.827;3602.001;928.195;2205.349;326.785;463.167;2542.858;3227.648;43.495;2159.036;1241.983;464.018;1798.275;0.049;3600.528;188.680;3341.172;2712.450;-1.521;1705.693;3597.446;818.318;1932.758;2046.660;1182.388;514.356;1776.960;1649.233;3283.658;2058.735;1505.955;651.471;1289.708;1900.659;2402.052;3599.369;813.787;2866.956;1565.609;2624.846;-2.865;2733.611;3373.481;-0.078;1264.375;951.840;2950.140;205.310;1293.913;2455.033;3148.228;606.597;-1.743;767.468;2853.839;-2.872;2735.914;546.984;3120.548;3063.510;3599.807;1516.904
275,495.9321222305298,274,-562.1054758273578,562.1054758273578,0.11472414894042715,874.390;1616.272;1898.899;5.700;1158.775;716.262;2540.805;468.591;9.935;3596.147;2276.962;-0.390;2548.343;612.842;728.464;924.746;2761.324;2124.874;618.335;1773.465;325.089;3598.323;1992.536;1718.837;1237.073;-1.578;2698.239;2037.934;3048.522;3425.715;0.015;2107.833;2.860;2385.967;1688.093;1210.365;2757.284;2208.182;856.074;-0.093;2901.667;3265.184;27.302;1839.069;1064.362;639.700;242.913;918.498;3601.815;638.436;1110.308;2.734;2142.315;676.478;2873.335;1874.219;1802.294;2988.902;3598.845;3599.018;1406.999;3597.802;0.052;2999.117;2383.797;1879.643;1648.580;2838.649;2581.948;3304.503;264.993;329.337;2680.676;1239.134;1009.185;318.163;26.136;1456.205;2183.413;3149.514;3389.397;3600.288;1447.964;1596.717;750.198;3144.755;3208.563;3231.613;19.064;2382.864;3220.695;3.599;3600.218;1318.701;2533.787;3.132;3578.774;2250.943;3293.216;3576.599,1669.169;3596.596;2438.591;952.812;450.111;2443.249;3178.057;3601.190;2226.750;343.892;854.615;1798.289;318.202;889.391;-1.958;3548.696;3599.561;1081.655;1500.731;2976.486;2360.379;2519.007;1373.892;2032.943;236.983;3366.859;-0.629;223.762;3013.086;1817.270;2519.463;2140.546;2790.760;2268.088;704.523;3132.241;1168.264;3416.859;1172.790;3598.726;927.260;2207.754;330.194;465.221;2539.959;3231.116;46.183;2157.658;1240.006;465.226;1794.919;-3.064;3604.061;186.035;3337.662;2709.060;-4.622;1706.520;3600.965;814.771;1932.379;2043.138;1185.771;512.726;1775.773;1651.882;3287.084;2059.207;1502.867;654.367;1292.519;1903.861;2398.464;3600.044;816.891;2870.489;1567.596;2628.354;0.589;2730.372;3375.970;2.018;1267.813;955.125;2950.875;208.745;1297.109;2452.614;3144.879;604.586;-2.562;766.470;2856.460;0.548;2739.262;545.615;3118.431;3067.064;3596.997;1513.418
276,497.6421194076538,275,-562.0362657680605,562.0362657680605,0.10269208728936764,877.120;1617.667;1897.674;3.177;1162.285;713.323;2543.586;471.470;12.259;3599.630;2280.210;1.438;2551.709;609.315;725.167;927.921;2764.262;2123.887;619.892;1776.905;321.621;3600.081;1989.212;1722.271;1233.541;1.158;2695.903;2041.292;3045.300;3429.190;1.550;2104.732;-0.382;2383.416;1684.646;1213.718;2753.829;2205.088;859.513;-2.295;2898.134;3264.244;24.509;1835.540;1067.850;636.222;242.244;921.147;3598.632;634.940;1106.863;6.048;2145.789;679.921;2869.794;1870.755;1799.342;2985.515;3602.281;3599.668;1405.369;3600.874;-1.548;3002.630;2386.381;1882.835;1652.020;2835.787;2585.249;3307.931;263.344;330.012;2683.526;1235.684;1012.029;318.152;22.925;1453.101;2180.182;3145.970;3385.991;3602.329;1450.833;1593.740;746.736;3143.018;3208.221;3235.052;21.606;2383.160;3217.157;2.643;3600.008;1315.203;2537.213;6.637;3581.345;2248.586;3296.350;3573.671,1665.650;3593.772;2435.494;955.415;446.584;2443.266;3174.886;3603.283;2230.037;340.820;854.386;1801.817;315.033;890.538;0.792;3545.203;3602.802;1084.598;1497.297;2979.801;2360.798;2516.967;1373.614;2032.307;239.439;3363.442;-3.123;224.504;3015.311;1814.134;2522.639;2137.459;2794.103;2270.860;707.326;3134.771;1171.608;3418.086;1175.097;3598.025;927.458;2211.019;329.667;462.303;2540.669;3233.274;49.642;2160.802;1239.863;462.193;1793.689;-0.334;3600.751;182.545;3334.571;2707.264;-1.241;1705.061;3598.618;816.860;1935.788;2044.231;1183.696;509.888;1772.334;1648.633;3289.818;2061.182;1502.705;651.730;1291.632;1900.793;2396.551;3601.857;814.299;2867.670;1571.017;2631.137;3.241;2733.310;3378.405;5.287;1271.077;958.625;2947.572;212.286;1295.750;2449.147;3145.072;601.098;0.864;764.046;2854.810;1.868;2742.375;547.844;3117.643;3068.258;3598.149;1514.886
277,499.49205136299133,276,-562.037001226274,562.037001226274,0.09547141616125246,877.370;1621.102;1894.248;0.161;1165.780;714.894;2542.600;468.512;10.304;3601.945;2277.605;4.720;2548.663;605.993;721.698;925.125;2762.631;2127.098;623.289;1775.568;318.320;3600.800;1987.162;1719.541;1231.065;4.423;2699.156;2040.203;3046.022;3426.270;-0.584;2108.044;-2.151;2386.504;1685.600;1217.110;2756.605;2207.193;858.229;0.811;2900.033;3260.968;21.039;1837.005;1065.348;635.938;239.560;924.445;3596.405;638.237;1105.903;3.503;2149.164;682.390;2867.758;1872.114;1799.348;2987.900;3599.478;3602.854;1405.887;3604.345;1.479;2999.734;2383.654;1881.843;1649.132;2834.519;2584.334;3304.993;260.548;333.376;2683.826;1238.975;1008.927;321.298;19.605;1450.045;2183.187;3147.895;3386.900;3598.933;1448.311;1596.844;749.595;3146.349;3211.601;3235.017;18.387;2386.215;3215.827;0.352;3601.141;1312.290;2534.271;10.010;3583.539;2245.571;3294.011;3576.837,1662.913;3590.710;2433.652;958.726;447.387;2441.713;3171.534;3599.945;2226.917;343.657;857.461;1804.975;312.997;888.960;-2.379;3546.812;3599.514;1088.078;1497.715;2981.881;2364.087;2514.697;1370.196;2028.958;242.874;3360.792;0.204;226.552;3018.693;1817.351;2524.627;2140.013;2797.576;2272.548;704.849;3138.147;1168.462;3421.518;1172.764;3600.673;930.665;2208.370;327.926;464.519;2544.028;3230.913;46.861;2159.409;1236.534;458.721;1793.902;2.481;3599.572;182.675;3337.720;2703.845;0.970;1702.405;3596.206;816.522;1937.387;2043.373;1180.244;506.430;1775.448;1650.882;3289.014;2057.992;1499.332;651.807;1294.960;1899.307;2399.722;3598.570;816.449;2868.425;1574.092;2634.505;0.306;2730.973;3381.763;2.518;1268.093;961.571;2944.320;213.859;1298.976;2452.115;3142.182;602.063;0.078;761.144;2858.003;-0.457;2740.791;551.279;3120.202;3065.035;3601.409;1518.156
278,501.3721387386322,277,-562.1323707602444,562.1323707602444,0.07667035635138093,878.372;1619.663;1896.968;2.887;1165.659;718.251;2545.871;465.383;10.411;3598.654;2274.394;7.735;2545.309;602.532;724.386;927.927;2759.348;2129.983;621.407;1774.435;314.872;3597.576;1990.496;1717.402;1227.965;7.839;2699.090;2041.474;3042.690;3429.050;-0.006;2108.143;1.178;2387.045;1688.989;1213.832;2760.028;2210.188;855.007;0.679;2896.853;3262.769;18.243;1838.424;1062.269;632.650;236.125;921.532;3598.554;637.418;1109.197;0.613;2146.257;680.979;2870.928;1874.813;1800.461;2991.313;3600.260;3599.522;1402.513;3601.087;1.075;3002.059;2385.427;1878.783;1649.239;2831.686;2581.616;3304.310;257.112;336.840;2680.479;1240.786;1011.092;322.808;16.563;1450.214;2180.168;3151.047;3390.200;3597.688;1451.335;1593.958;752.824;3143.289;3210.345;3233.998;15.205;2389.655;3219.005;-3.069;3597.944;1315.349;2531.067;13.372;3580.532;2248.587;3291.516;3577.226,1663.540;3593.357;2436.898;961.649;444.350;2444.857;3174.244;3598.210;2223.708;346.039;854.627;1803.280;310.350;885.573;0.651;3549.571;3599.451;1090.039;1501.088;2983.114;2366.365;2517.172;1370.261;2026.050;243.672;3358.472;-0.691;229.965;3019.522;1819.637;2525.042;2138.611;2801.013;2269.472;707.942;3137.871;1169.599;3419.006;1169.408;3598.973;927.352;2205.353;331.253;464.316;2542.761;3227.606;45.591;2156.100;1239.780;456.726;1790.531;0.416;3597.919;180.824;3340.420;2704.498;3.261;1705.473;3598.982;815.089;1939.049;2040.977;1178.254;508.323;1777.640;1653.681;3292.249;2054.599;1497.520;655.106;1296.662;1900.321;2402.966;3599.376;819.813;2867.035;1577.227;2636.252;-3.111;2728.498;3385.207;-0.890;1269.996;959.059;2943.379;210.981;1296.573;2455.337;3145.120;604.458;-2.840;758.108;2855.316;1.718;2737.484;548.457;3116.941;3061.815;3598.286;1515.450
279,503.06883215904236,278,-562.1949850754295,562.1949850754295,0.0783138805623351,875.061;1616.332;1900.210;-0.077;1162.391;721.629;2549.292;461.986;13.521;3600.503;2271.492;6.137;2544.184;601.263;727.754;926.061;2755.925;2132.920;624.641;1771.119;311.458;3599.427;1993.763;1720.573;1231.102;11.219;2701.151;2044.783;3039.413;3426.834;-3.001;2105.190;-0.146;2387.072;1692.227;1210.473;2763.387;2207.013;851.620;1.134;2893.494;3266.123;19.789;1835.255;1059.178;632.902;238.649;922.970;3601.346;634.668;1111.759;-2.773;2143.174;684.186;2872.473;1878.066;1803.502;2991.029;3598.812;3598.746;1399.102;3601.153;-0.005;3005.440;2388.769;1876.846;1652.426;2834.536;2578.309;3305.937;260.050;340.252;2677.055;1244.127;1007.841;319.597;16.371;1453.531;2176.772;3151.551;3393.320;3597.031;1450.062;1591.079;756.167;3139.990;3213.521;3230.645;13.147;2390.111;3222.276;-0.031;3597.383;1318.701;2533.176;16.074;3577.232;2246.818;3291.609;3574.025,1660.352;3596.752;2436.330;958.730;447.517;2448.225;3172.019;3600.853;2220.292;347.850;854.386;1806.294;306.954;887.643;-1.083;3552.952;3600.421;1093.360;1501.854;2986.470;2369.747;2513.986;1373.483;2022.645;246.568;3355.092;-1.660;233.392;3022.253;1822.046;2521.732;2135.252;2804.425;2270.813;711.349;3134.542;1168.966;3421.354;1166.121;3598.951;923.950;2202.026;334.452;460.981;2542.128;3224.197;42.233;2158.707;1238.963;453.352;1793.183;3.599;3598.274;177.453;3343.817;2701.334;0.332;1708.847;3602.383;818.394;1942.371;2044.212;1174.893;505.552;1780.949;1657.077;3292.714;2051.288;1494.150;652.419;1297.787;1903.641;2406.382;3596.170;822.701;2863.675;1574.182;2632.985;-0.324;2729.054;3382.189;1.719;1270.553;955.878;2940.134;213.978;1295.365;2458.643;3148.523;607.808;0.319;761.304;2858.042;-0.355;2734.233;545.164;3116.320;3058.396;3600.335;1518.129
280,504.9142770767212,279,-562.2793644150445,562.2793644150445,0.10671779672414765,875.930;1613.030;1903.375;-2.863;1160.025;719.470;2548.102;460.468;10.372;3598.856;2268.677;4.094;2541.345;598.183;730.975;923.214;2758.389;2136.069;626.561;1767.808;309.865;3602.566;1995.914;1718.648;1233.508;10.830;2698.053;2043.598;3036.251;3427.440;0.230;2107.877;-1.471;2390.340;1692.625;1209.779;2763.194;2207.696;848.550;-1.974;2892.458;3269.475;23.055;1835.665;1056.621;635.718;237.148;926.282;3598.915;631.823;1113.942;-0.126;2140.488;681.797;2875.306;1875.143;1800.380;2993.956;3601.772;3600.840;1395.826;3600.277;-3.295;3008.529;2387.374;1873.652;1652.188;2837.298;2580.098;3304.291;259.188;341.844;2677.163;1247.420;1008.459;321.315;17.912;1456.796;2176.992;3154.717;3395.798;3596.664;1453.243;1587.818;758.922;3138.576;3211.284;3227.261;13.916;2391.608;3223.300;-1.070;3599.927;1320.052;2530.348;19.344;3574.334;2250.045;3288.438;3570.650,1663.254;3600.060;2435.428;956.237;445.624;2448.743;3175.182;3597.847;2218.669;350.811;857.580;1803.153;303.835;885.030;1.484;3554.970;3600.815;1091.391;1505.052;2985.732;2371.090;2511.327;1371.363;2019.762;249.239;3352.186;1.576;231.585;3025.406;1825.327;2518.759;2134.941;2805.734;2274.128;712.142;3137.376;1165.663;3418.607;1168.883;3602.238;920.835;2205.047;337.200;462.412;2545.368;3221.020;40.595;2157.414;1241.874;451.216;1792.712;2.694;3599.232;179.963;3345.605;2698.253;-0.125;1711.800;3599.539;820.847;1939.332;2041.668;1174.630;508.648;1782.314;1660.463;3295.934;2047.929;1493.738;653.445;1301.104;1906.690;2407.461;3595.536;826.045;2862.976;1571.169;2631.384;-0.208;2725.791;3384.655;-1.226;1273.830;952.498;2936.754;211.704;1292.091;2461.873;3151.779;611.154;0.490;759.624;2859.304;-3.674;2736.887;544.191;3115.152;3055.050;3597.603;1518.260
281,506.78520035743713,280,-562.1935597949206,562.1935597949206,0.06040317981316533,879.123;1613.353;1903.544;0.274;1156.744;721.867;2545.639;457.212;7.241;3596.145;2265.484;6.919;2543.572;601.088;731.049;920.068;2756.958;2139.386;623.540;1764.520;312.563;3599.370;1998.830;1715.404;1235.891;7.611;2699.814;2040.364;3034.548;3429.521;0.773;2111.040;1.673;2392.723;1695.499;1212.891;2766.050;2210.957;845.795;1.177;2892.796;3267.780;24.595;1838.807;1053.302;632.656;239.798;928.291;3601.426;632.659;1116.154;-0.093;2137.269;684.398;2878.599;1878.192;1802.548;2990.883;3598.642;3598.206;1396.802;3597.886;-0.151;3010.761;2384.119;1870.311;1648.941;2840.624;2583.140;3301.000;256.038;338.660;2676.136;1248.467;1007.965;322.863;15.029;1457.736;2175.890;3157.496;3397.790;3594.573;1450.485;1589.166;761.724;3135.993;3210.919;3229.786;17.149;2388.502;3226.562;1.608;3597.306;1323.288;2527.087;16.767;3577.238;2252.754;3285.094;3573.329,1661.566;3602.517;2438.542;952.934;443.075;2445.521;3177.967;3597.075;2218.675;348.441;860.906;1799.828;300.533;881.869;0.474;3558.222;3597.631;1090.695;1508.396;2988.895;2374.277;2508.140;1368.568;2018.173;246.017;3349.105;0.681;228.528;3024.815;1824.284;2515.423;2136.392;2808.775;2271.175;714.586;3140.532;1162.450;3421.046;1172.180;3599.077;917.607;2202.633;339.128;465.672;2548.704;3217.695;37.367;2154.154;1244.975;451.703;1790.267;5.260;3601.233;183.214;3348.747;2694.926;-2.582;1713.055;3600.246;820.560;1937.765;2044.657;1171.557;511.552;1785.341;1663.752;3296.694;2045.377;1493.253;656.719;1303.172;1909.621;2410.605;3592.609;828.969;2859.784;1568.117;2634.059;-1.250;2722.461;3385.588;1.341;1272.984;949.176;2933.461;209.562;1290.731;2465.209;3154.934;614.299;1.908;756.882;2862.320;-0.461;2734.021;541.082;3113.019;3052.237;3597.263;1515.215
282,508.4797661304474,281,-562.1948640404742,562.1948640404742,0.06757155906221615,882.398;1610.544;1906.691;-0.151;1158.173;725.139;2542.947;454.559;9.585;3594.638;2268.279;3.880;2546.840;603.629;733.900;916.842;2755.203;2138.353;626.186;1761.207;310.333;3601.257;2001.430;1715.730;1238.185;5.020;2703.047;2037.366;3031.350;3432.773;2.286;2114.082;0.316;2389.634;1694.027;1216.158;2768.174;2209.129;842.513;-0.860;2895.454;3264.943;26.137;1842.096;1052.260;633.609;241.723;925.118;3598.335;630.128;1119.188;0.403;2139.667;684.270;2879.098;1876.491;1805.066;2987.939;3600.323;3596.361;1395.080;3594.617;-1.173;3011.363;2384.263;1872.731;1650.195;2843.771;2585.766;3303.427;252.800;336.021;2673.314;1245.344;1011.154;326.115;18.004;1460.736;2172.702;3158.934;3401.045;3597.785;1447.583;1586.136;761.689;3132.789;3207.713;3232.186;20.269;2387.411;3226.908;4.102;3594.292;1320.834;2526.425;13.599;3578.699;2256.042;3282.041;3575.627,1658.408;3599.664;2439.409;950.698;445.685;2443.148;3181.161;3599.858;2215.497;345.174;857.968;1796.588;299.621;878.562;0.238;3560.390;3600.468;1088.218;1509.998;2990.202;2377.128;2508.884;1365.277;2015.047;243.975;3352.217;-2.336;225.226;3028.038;1821.044;2513.115;2134.944;2807.325;2271.416;716.983;3137.614;1161.889;3417.885;1171.856;3596.953;917.196;2205.655;342.389;468.981;2550.797;3214.511;37.700;2156.577;1248.280;448.655;1787.054;2.157;3600.405;183.858;3346.705;2695.446;0.576;1715.973;3603.444;817.630;1940.901;2045.002;1168.272;508.719;1782.449;1661.592;3299.932;2042.095;1490.035;659.740;1306.436;1912.900;2413.118;3589.356;832.264;2861.358;1570.274;2630.885;1.942;2721.251;3388.686;4.553;1276.141;948.254;2930.410;206.294;1293.911;2466.337;3156.200;617.526;-0.972;753.914;2865.604;-0.767;2730.732;543.393;3109.768;3049.310;3594.058;1512.009
283,510.307498216629,282,-562.185612440277,562.185612440277,0.06748700286321217,883.878;1608.069;1904.689;2.778;1158.547;726.829;2539.708;451.364;8.607;3592.451;2265.815;6.650;2548.026;606.743;737.127;913.567;2751.983;2137.378;627.508;1758.393;312.173;3600.023;2004.677;1712.562;1241.421;6.108;2706.223;2034.101;3029.624;3435.919;3.734;2114.652;-2.751;2391.725;1695.637;1219.232;2765.389;2212.130;839.322;-0.603;2898.682;3261.794;22.958;1845.293;1049.167;630.459;244.943;923.534;3595.942;633.263;1122.449;-1.002;2136.765;681.079;2882.292;1879.453;1808.310;2990.992;3598.466;3599.345;1397.171;3593.665;-0.013;3008.200;2381.151;1870.387;1647.504;2845.893;2585.368;3301.000;249.604;333.564;2676.398;1247.582;1009.384;329.057;15.090;1458.114;2175.685;3162.146;3404.300;3600.998;1444.323;1583.745;764.859;3129.687;3204.593;3230.621;17.610;2389.477;3230.080;1.111;3591.045;1322.078;2523.249;16.244;3581.899;2257.447;3278.782;3578.833,1660.991;3596.787;2436.317;947.818;448.615;2439.909;3183.270;3599.375;2214.989;347.148;859.532;1797.009;299.428;876.099;3.298;3563.600;3598.625;1091.177;1511.946;2992.232;2377.744;2505.716;1362.011;2017.969;240.747;3354.416;0.706;222.959;3029.476;1820.301;2512.982;2138.112;2806.607;2268.480;714.360;3134.895;1158.711;3418.504;1174.927;3599.735;919.585;2204.663;340.291;470.040;2553.991;3215.479;34.592;2154.616;1246.607;451.684;1783.783;3.329;3603.574;186.231;3348.242;2698.586;0.225;1719.151;3600.545;820.034;1938.215;2047.063;1170.676;509.151;1785.488;1658.938;3299.122;2040.237;1490.367;660.724;1304.625;1915.156;2416.107;3591.141;832.158;2863.237;1567.245;2632.367;0.572;2718.225;3386.141;1.935;1274.425;945.074;2931.590;203.046;1295.717;2469.528;3153.391;620.801;2.091;755.761;2867.785;1.383;2727.524;540.857;3111.060;3050.556;3596.570;1514.310
284,512.1598868370056,283,-562.1932892658676,562.1932892658676,0.08174689414071803,881.385;1610.436;1907.013;5.926;1161.704;727.153;2536.997;454.364;5.440;3589.255;2266.227;8.463;2545.321;604.607;734.546;910.609;2754.683;2134.232;624.546;1761.221;313.133;3600.926;2004.201;1714.971;1238.340;3.046;2703.258;2035.432;3026.441;3439.101;0.761;2117.808;0.239;2394.846;1693.038;1219.796;2762.186;2209.953;841.690;1.490;2897.700;3264.354;22.406;1842.620;1046.566;632.792;243.403;925.665;3598.808;636.109;1120.426;2.042;2139.443;682.285;2885.497;1877.006;1805.844;2990.236;3601.039;3602.022;1400.333;3594.464;-2.832;3010.911;2378.312;1868.657;1646.101;2848.740;2588.478;3304.033;246.367;335.852;2679.560;1246.615;1006.333;332.282;14.982;1454.940;2175.100;3159.294;3401.675;3599.058;1446.896;1585.166;762.719;3132.319;3201.359;3231.670;14.884;2392.662;3227.788;-2.021;3593.949;1319.355;2520.757;17.183;3584.024;2260.196;3281.338;3576.314,1663.709;3598.833;2439.313;944.602;451.827;2436.731;3186.425;3602.132;2213.789;347.747;860.091;1793.889;296.289;872.899;5.292;3566.416;3601.692;1088.427;1514.793;2995.407;2380.403;2505.749;1359.350;2020.220;237.508;3353.498;-0.190;225.868;3032.542;1817.253;2516.121;2140.554;2809.728;2265.447;711.148;3134.519;1155.857;3415.459;1178.147;3600.706;920.880;2207.039;342.765;471.883;2557.226;3212.537;31.497;2151.427;1249.097;450.141;1780.665;5.702;3600.441;189.424;3345.234;2695.638;2.937;1722.387;3599.580;817.189;1938.803;2044.226;1171.190;512.285;1784.014;1661.802;3301.933;2038.293;1492.337;663.763;1302.133;1917.999;2414.908;3588.522;831.623;2860.433;1570.144;2635.063;-2.334;2714.997;3382.955;1.525;1277.118;941.892;2928.456;199.832;1295.318;2472.508;3156.250;621.233;1.797;758.948;2870.943;-1.426;2725.526;537.795;3108.023;3053.617;3599.565;1511.363
285,514.0370893478394,284,-562.2022705349899,562.2022705349899,0.08931465918054161,883.501;1613.370;1904.009;9.116;1161.384;724.042;2539.741;453.938;5.185;3586.057;2263.437;5.498;2542.253;601.453;736.196;908.062;2752.647;2133.089;623.216;1760.456;314.210;3597.936;2002.754;1715.171;1239.126;5.435;2703.274;2032.420;3028.949;3438.266;-2.251;2116.121;0.433;2398.039;1696.082;1216.889;2762.382;2210.652;842.051;1.144;2899.801;3267.104;25.245;1845.437;1049.357;629.962;244.873;924.147;3600.468;639.211;1122.730;-0.824;2137.710;680.151;2886.993;1879.537;1808.324;2990.959;3598.288;3598.968;1403.532;3597.551;0.063;3008.944;2375.384;1865.531;1649.024;2845.811;2585.661;3306.130;248.169;337.198;2679.313;1248.699;1003.536;333.948;17.765;1451.892;2177.890;3160.775;3404.000;3599.317;1446.098;1582.697;765.279;3135.141;3202.191;3231.144;11.782;2393.214;3230.159;-5.066;3595.560;1322.211;2517.867;14.089;3585.303;2257.792;3279.036;3578.862,1666.803;3601.432;2441.990;947.463;454.063;2437.731;3189.236;3599.089;2216.855;344.912;862.925;1795.663;295.549;875.070;2.544;3565.999;3599.044;1088.918;1511.892;2994.403;2377.578;2508.760;1359.153;2023.158;235.793;3356.349;2.256;228.398;3034.599;1819.833;2514.002;2143.170;2807.173;2262.506;708.171;3137.515;1156.354;3417.165;1179.714;3598.006;924.016;2204.048;345.882;471.083;2554.897;3211.038;33.533;2148.504;1246.160;452.294;1782.182;3.006;3599.334;187.531;3342.403;2695.371;0.466;1719.914;3600.364;818.835;1939.594;2046.511;1168.794;514.033;1786.313;1664.372;3299.409;2040.859;1492.815;665.237;1299.383;1915.219;2413.146;3590.536;828.518;2863.037;1570.839;2638.062;0.585;2716.342;3381.474;-0.683;1274.163;939.697;2930.548;197.075;1294.006;2472.831;3155.451;620.924;1.654;756.144;2868.396;0.098;2722.442;534.626;3107.835;3056.345;3602.450;1514.287
286,515.7352962493896,285,-562.290995841369,562.290995841369,0.09139898436423809,885.500;1610.445;1906.115;8.914;1159.299;721.232;2541.032;453.108;7.552;3583.327;2265.911;2.924;2539.120;598.291;738.820;910.045;2754.727;2135.953;626.070;1763.343;311.168;3599.162;1999.656;1717.815;1237.165;2.905;2704.093;2034.114;3031.900;3440.621;0.730;2119.027;-1.728;2400.923;1696.292;1213.741;2763.781;2207.755;844.916;-1.920;2896.885;3270.039;28.276;1847.565;1047.388;631.286;245.301;926.910;3603.358;636.650;1124.678;0.096;2135.537;682.996;2886.612;1877.045;1805.329;2987.983;3601.181;3598.171;1400.612;3600.714;-0.110;3011.723;2377.991;1865.069;1652.172;2842.848;2587.837;3309.208;245.241;340.290;2677.190;1248.736;1006.392;331.729;19.860;1449.040;2177.819;3157.963;3401.270;3602.296;1448.467;1579.566;768.404;3133.046;3204.806;3228.056;14.660;2396.273;3228.615;-2.086;3598.519;1320.988;2514.756;13.619;3588.393;2260.632;3276.673;3576.982,1667.029;3598.436;2440.286;949.673;456.739;2437.604;3192.188;3600.507;2216.529;341.780;860.746;1796.706;292.498;874.314;-0.586;3565.954;3596.742;1085.896;1510.237;2991.426;2380.564;2510.083;1362.063;2020.244;237.109;3356.462;-0.097;225.732;3037.704;1817.119;2511.423;2140.220;2809.401;2259.350;710.352;3140.665;1159.398;3416.942;1177.953;3594.876;922.393;2201.573;347.790;474.131;2555.491;3207.933;34.039;2149.494;1248.627;449.565;1779.570;0.063;3601.932;184.790;3345.046;2693.750;-0.756;1722.690;3601.345;821.941;1942.686;2049.633;1165.673;512.839;1783.311;1667.506;3299.252;2043.999;1489.755;668.236;1302.296;1912.071;2416.202;3592.149;830.882;2860.172;1573.724;2635.725;1.489;2718.601;3384.475;2.330;1275.008;941.792;2928.708;199.792;1290.911;2469.998;3158.424;617.850;-1.363;753.279;2865.284;-2.027;2724.756;535.138;3110.055;3053.351;3599.472;1516.686
287,517.5801362991333,286,-562.2611666801503,562.2611666801503,0.07736216272936747,883.163;1612.417;1904.143;6.885;1162.189;723.088;2543.748;450.055;10.416;3583.528;2268.779;2.908;2537.464;598.238;736.277;907.194;2751.794;2133.126;627.553;1761.667;308.397;3602.105;1997.883;1716.169;1239.516;2.103;2707.144;2031.604;3035.010;3439.022;1.913;2122.118;1.171;2398.450;1699.258;1212.537;2766.835;2204.679;842.157;0.802;2899.719;3267.305;25.757;1850.410;1044.934;629.104;248.349;924.007;3600.333;639.315;1127.761;0.866;2138.419;680.603;2889.493;1876.217;1806.007;2989.325;3598.924;3600.382;1398.748;3598.368;-1.295;3009.399;2375.493;1862.082;1652.782;2845.162;2585.099;3308.034;245.024;337.596;2680.120;1251.497;1009.408;334.147;16.962;1451.880;2180.831;3160.804;3403.926;3599.369;1445.865;1576.441;771.524;3129.992;3207.202;3224.940;14.523;2397.041;3231.438;0.767;3599.725;1317.964;2511.630;11.313;3591.089;2259.791;3273.576;3579.860,1663.992;3600.952;2442.445;951.443;454.650;2434.634;3195.243;3600.134;2219.504;343.648;862.863;1793.821;289.660;871.439;-3.697;3562.942;3598.272;1083.286;1507.163;2993.804;2377.973;2513.011;1359.106;2017.442;235.858;3353.780;0.090;227.498;3040.716;1814.456;2514.357;2137.797;2806.735;2262.195;713.404;3138.421;1157.191;3414.843;1180.912;3596.060;925.274;2203.407;345.574;474.885;2558.458;3210.682;37.085;2146.963;1246.008;451.446;1782.421;-3.044;3599.184;186.641;3342.380;2693.840;1.998;1725.269;3598.368;820.863;1941.792;2048.132;1166.531;515.834;1784.998;1665.787;3302.144;2041.229;1488.285;668.444;1299.730;1913.970;2415.377;3595.220;828.705;2861.154;1576.249;2636.243;2.189;2721.384;3386.904;0.042;1277.773;939.101;2929.500;198.551;1293.043;2466.898;3157.783;617.800;1.472;753.751;2866.058;0.925;2726.839;537.345;3107.455;3051.291;3598.517;1515.649
288,519.4495940208435,287,-562.2784107682959,562.2784107682959,0.064212171620727,886.138;1615.170;1906.166;3.835;1159.677;726.120;2546.814;447.190;7.483;3580.556;2265.858;5.718;2540.453;595.851;739.011;909.733;2749.960;2136.016;627.602;1764.069;305.319;3599.176;1994.996;1717.873;1242.065;4.784;2706.242;2030.601;3037.251;3436.520;0.212;2124.584;1.624;2400.261;1702.326;1209.519;2769.925;2207.327;839.153;3.619;2899.626;3264.898;28.507;1852.795;1041.872;628.077;246.857;921.189;3600.014;642.021;1125.091;-2.132;2135.715;677.571;2886.617;1878.775;1808.579;2992.346;3597.156;3601.665;1401.529;3599.182;1.579;3006.450;2375.211;1858.993;1649.876;2845.611;2582.024;3305.227;247.838;339.644;2678.644;1249.224;1009.718;336.461;19.238;1450.978;2178.091;3163.471;3406.727;3598.559;1442.794;1579.099;774.522;3132.795;3210.254;3227.698;11.719;2394.156;3233.371;3.677;3596.797;1320.773;2508.581;8.401;3588.857;2261.700;3275.786;3582.734,1660.931;3598.290;2445.207;948.490;451.849;2435.008;3192.490;3600.676;2220.625;346.609;860.952;1793.652;292.198;868.504;-0.734;3565.653;3600.658;1086.241;1509.518;2996.403;2375.222;2510.548;1358.641;2014.766;232.840;3356.746;-2.831;230.502;3038.622;1813.765;2515.634;2139.170;2809.275;2265.048;716.394;3135.559;1156.961;3417.779;1179.652;3598.740;924.958;2206.300;342.768;476.226;2559.413;3211.541;34.935;2144.150;1246.305;448.680;1785.431;-0.615;3598.276;185.894;3344.351;2690.864;-0.884;1724.062;3601.177;818.128;1939.790;2045.302;1169.424;515.050;1787.485;1663.313;3304.750;2038.276;1485.251;665.442;1297.024;1916.952;2414.795;3592.916;830.467;2864.147;1573.611;2638.844;-0.718;2724.320;3384.080;-0.029;1278.341;939.310;2932.364;201.055;1295.176;2464.836;3154.767;620.569;-1.001;756.753;2868.979;2.235;2724.853;540.400;3104.400;3053.974;3599.981;1518.310
289,521.3426990509033,288,-562.3658349993021,562.3658349993021,0.08085410993174837,883.475;1612.543;1909.106;2.481;1161.529;723.859;2549.867;446.884;4.554;3582.221;2263.959;3.762;2539.676;593.690;737.247;907.091;2747.890;2137.955;629.301;1763.465;307.749;3599.741;1994.868;1714.995;1245.095;2.554;2705.462;2029.719;3039.971;3439.440;-2.766;2121.747;3.067;2403.269;1705.111;1207.162;2768.821;2204.943;836.200;1.303;2900.573;3267.383;28.817;1855.181;1044.343;630.826;244.085;921.091;3599.109;639.386;1127.695;0.324;2136.131;677.346;2888.795;1877.072;1811.395;2994.983;3596.326;3598.800;1400.271;3601.507;-0.189;3003.514;2372.259;1858.566;1651.354;2848.453;2579.370;3307.779;247.459;342.522;2681.543;1251.991;1012.101;334.118;19.435;1449.550;2178.010;3165.563;3409.268;3601.143;1442.412;1577.966;774.261;3134.716;3209.552;3226.300;11.635;2395.873;3231.874;5.797;3599.169;1319.337;2505.847;5.481;3586.986;2258.816;3277.359;3585.045,1660.262;3599.665;2442.339;949.274;448.819;2437.958;3193.075;3597.703;2223.614;345.282;857.941;1796.472;295.199;865.503;0.428;3566.066;3597.823;1086.315;1506.836;2999.060;2372.214;2509.859;1356.654;2015.962;234.135;3359.393;0.068;228.564;3038.268;1811.166;2518.334;2142.166;2808.244;2265.414;714.608;3132.844;1159.781;3417.395;1177.764;3600.902;922.786;2209.237;340.439;479.215;2556.585;3214.389;33.462;2146.879;1245.124;446.019;1784.528;1.240;3600.410;182.928;3341.484;2693.665;1.091;1721.628;3599.378;815.240;1936.855;2042.560;1172.376;517.765;1790.503;1665.160;3303.480;2035.227;1485.107;664.099;1294.139;1915.511;2411.821;3595.612;827.872;2861.522;1574.792;2641.703;-2.143;2727.354;3382.360;-2.722;1281.254;942.271;2935.409;203.897;1294.798;2463.104;3156.360;619.413;0.710;758.615;2869.396;4.962;2722.909;543.415;3104.076;3056.959;3602.961;1521.348
290,523.0509130954742,289,-562.4196088239526,562.4196088239526,0.09205820040111513,880.989;1615.311;1908.463;2.347;1162.942;721.814;2548.692;449.324;2.260;3585.190;2261.133;0.949;2542.025;590.709;739.604;909.575;2750.749;2139.248;632.269;1766.402;310.658;3599.867;1995.801;1712.138;1242.458;-0.237;2702.529;2032.639;3042.638;3439.437;0.082;2123.803;0.571;2403.571;1706.260;1204.189;2771.381;2202.562;838.479;2.101;2897.709;3270.355;26.444;1854.190;1045.900;633.834;241.283;923.998;3601.249;637.253;1127.672;-0.985;2137.236;674.752;2886.748;1878.943;1808.627;2992.500;3599.254;3601.294;1399.825;3598.670;-2.572;3003.522;2374.497;1855.816;1649.214;2847.536;2580.338;3305.101;250.108;340.769;2680.043;1251.232;1009.534;331.135;16.495;1446.588;2179.916;3167.904;3406.509;3598.522;1441.857;1580.763;771.541;3137.664;3211.992;3223.982;14.322;2397.810;3228.935;5.575;3602.162;1320.974;2507.474;7.129;3589.503;2255.876;3279.603;3585.683,1663.093;3598.582;2443.198;946.754;446.146;2440.975;3190.423;3600.029;2226.451;346.476;856.764;1799.479;298.094;868.346;-1.473;3563.140;3595.264;1084.324;1507.531;2996.179;2369.683;2512.790;1359.541;2018.920;237.092;3357.186;-0.216;225.588;3035.321;1813.122;2517.996;2140.223;2805.305;2262.759;711.644;3134.943;1162.784;3420.233;1174.913;3603.017;925.534;2207.969;337.453;481.473;2553.663;3216.643;36.345;2145.447;1242.212;447.801;1781.618;-1.415;3603.327;179.912;3340.268;2696.588;2.363;1718.637;3596.869;816.574;1934.071;2043.904;1174.418;520.707;1789.563;1668.115;3300.540;2037.160;1487.140;661.204;1293.447;1912.569;2408.930;3598.619;824.869;2862.826;1571.999;2644.688;0.754;2728.167;3385.246;0.145;1278.417;944.198;2938.320;206.903;1291.917;2460.136;3157.974;616.456;-1.680;756.925;2866.490;7.284;2725.839;542.394;3106.976;3059.975;3600.193;1522.805
291,524.9078397750854,290,-562.4752148396052,562.4752148396052,0.07838765199170204,883.366;1613.004;1911.346;0.081;1165.870;724.482;2551.374;452.284;1.031;3587.297;2261.230;-1.110;2544.969;587.754;736.857;912.484;2752.551;2141.845;629.491;1768.402;308.565;3602.628;1998.717;1714.741;1239.647;-3.141;2703.743;2032.834;3039.890;3442.297;-0.042;2121.131;-1.931;2400.863;1708.362;1205.064;2774.165;2199.649;841.126;-0.765;2895.251;3268.487;28.940;1851.269;1048.128;631.814;238.315;922.589;3598.513;634.529;1125.356;1.693;2140.151;677.474;2883.844;1876.067;1808.911;2995.253;3601.351;3599.175;1402.708;3596.684;0.283;3000.713;2377.270;1858.618;1651.836;2849.428;2577.737;3304.716;253.067;342.865;2682.698;1254.115;1007.413;328.849;14.748;1444.172;2177.108;3167.439;3403.878;3600.825;1439.720;1583.144;768.700;3137.408;3209.206;3225.927;15.479;2395.063;3225.971;3.755;3599.424;1318.647;2510.261;4.952;3586.637;2256.247;3282.552;3582.880,1661.377;3600.931;2445.794;947.027;447.791;2440.935;3187.647;3599.554;2227.627;348.872;859.430;1797.489;299.874;866.341;1.007;3563.517;3598.012;1086.945;1510.374;2995.085;2367.142;2512.497;1359.593;2018.598;234.951;3359.750;-2.030;227.324;3034.478;1810.514;2520.791;2142.720;2805.768;2265.334;709.538;3132.511;1160.620;3418.622;1174.852;3600.112;923.058;2210.723;339.855;479.041;2554.679;3219.214;36.109;2144.652;1244.218;445.077;1781.199;0.105;3600.462;181.835;3341.838;2695.722;-0.340;1715.668;3598.639;813.722;1931.094;2046.347;1177.337;523.629;1792.238;1665.631;3303.053;2035.447;1487.139;660.523;1292.415;1914.021;2405.995;3597.670;826.547;2865.623;1574.083;2646.625;-0.899;2729.234;3386.133;1.165;1278.947;947.072;2937.021;205.578;1294.357;2460.156;3155.906;615.234;1.018;758.689;2867.482;4.993;2725.336;544.221;3104.808;3062.235;3600.264;1519.996
292,526.7964007854462,291,-562.5098658587937,562.5098658587937,0.09182314057769257,886.261;1614.709;1914.020;2.912;1168.675;724.342;2553.460;452.091;3.766;3585.592;2261.956;1.734;2547.382;584.880;735.029;910.347;2750.371;2139.537;631.129;1769.635;305.672;3599.845;1999.339;1712.421;1237.768;-0.295;2706.595;2030.762;3039.045;3444.093;-2.224;2122.879;0.891;2402.707;1711.277;1202.322;2771.476;2197.645;838.817;-2.905;2897.810;3268.542;28.757;1849.912;1045.404;634.299;240.700;924.487;3600.583;636.968;1122.711;-0.285;2142.951;678.546;2881.596;1874.120;1806.345;2996.970;3599.093;3599.924;1400.522;3599.301;-0.480;2999.324;2379.212;1857.592;1650.310;2846.748;2577.863;3307.444;250.508;345.779;2680.883;1257.039;1010.175;328.722;12.600;1445.319;2179.050;3170.188;3404.903;3603.209;1438.531;1581.072;771.400;3134.582;3210.088;3223.277;13.208;2397.332;3225.952;0.856;3601.054;1315.762;2507.587;2.125;3586.771;2258.584;3281.141;3580.063,1658.476;3598.158;2442.982;944.224;450.609;2438.095;3189.417;3602.315;2224.844;351.792;862.365;1794.651;297.097;865.731;-1.628;3566.147;3596.557;1089.769;1507.902;2995.886;2369.779;2509.955;1356.756;2021.029;233.141;3358.838;0.656;230.094;3037.221;1812.845;2523.483;2141.597;2808.556;2264.920;711.974;3134.710;1157.809;3421.242;1177.675;3597.887;922.301;2213.638;342.638;481.358;2557.559;3216.567;37.495;2147.434;1241.419;442.149;1784.043;-2.520;3600.357;183.091;3344.737;2692.866;-0.527;1712.728;3601.509;815.927;1933.128;2049.268;1174.610;521.097;1794.367;1662.833;3305.403;2032.645;1489.949;663.218;1295.283;1916.620;2408.661;3594.890;824.315;2865.038;1576.999;2649.529;0.048;2732.110;3387.763;3.196;1281.781;949.054;2934.128;207.919;1297.249;2462.918;3158.656;616.545;1.888;761.589;2865.176;2.132;2725.016;547.103;3102.947;3059.474;3600.009;1521.394
293,528.5009546279907,292,-562.5150085190843,562.5150085190843,0.09711471844678929,885.280;1616.445;1916.801;5.799;1170.147;727.122;2551.137;454.876;5.815;3588.281;2263.121;-0.875;2550.247;587.399;736.787;909.599;2751.339;2142.102;633.781;1766.953;308.163;3601.976;2002.183;1711.240;1236.586;-0.287;2704.645;2031.964;3036.540;3446.790;0.426;2125.398;-0.941;2399.926;1713.850;1200.168;2773.663;2197.888;836.031;-0.289;2899.934;3265.713;31.539;1847.053;1043.163;635.647;238.221;921.707;3602.768;636.799;1125.109;1.904;2141.799;676.579;2881.684;1871.358;1804.119;2995.561;3597.052;3601.409;1402.944;3602.006;-1.179;3001.927;2381.712;1859.854;1652.713;2849.428;2580.311;3305.160;247.622;348.693;2679.522;1257.778;1013.084;326.047;15.243;1442.546;2176.890;3167.546;3407.385;3600.476;1435.676;1581.776;771.591;3137.204;3207.449;3220.403;15.982;2394.777;3223.162;-2.047;3601.158;1312.858;2509.462;0.670;3584.008;2261.456;3282.132;3577.244,1658.035;3598.171;2445.122;941.313;449.972;2438.517;3192.271;3599.603;2222.492;349.556;865.281;1791.785;294.338;862.908;0.887;3569.047;3598.938;1092.654;1509.829;2998.396;2370.598;2507.060;1353.945;2023.920;230.275;3361.125;0.465;232.699;3039.821;1815.131;2521.009;2142.101;2811.116;2266.999;710.977;3132.511;1155.168;3420.187;1180.377;3599.818;919.469;2213.443;345.518;478.840;2555.910;3213.666;34.813;2145.346;1241.165;443.629;1786.247;-0.103;3602.503;185.942;3346.821;2691.306;2.302;1713.910;3598.897;817.309;1931.003;2052.184;1172.517;519.292;1797.183;1659.926;3302.990;2030.514;1488.093;665.899;1298.026;1919.291;2411.035;3597.298;823.807;2862.260;1578.312;2652.445;-2.682;2730.001;3385.003;0.563;1283.789;948.574;2933.548;205.178;1299.686;2465.533;3161.547;618.982;3.442;764.269;2866.496;4.347;2722.183;545.627;3100.073;3057.486;3602.761;1518.951
294,530.3461437225342,293,-562.456986644363,562.456986644363,0.06130595477493058,887.932;1613.754;1919.572;3.765;1168.559;725.526;2553.775;452.400;8.561;3586.188;2265.943;-2.712;2550.407;584.981;739.607;912.137;2748.976;2140.397;631.422;1765.635;306.937;3599.617;2000.159;1713.926;1239.219;1.044;2706.840;2029.192;3037.101;3444.332;1.494;2123.602;1.463;2401.219;1716.104;1197.457;2771.417;2195.132;835.167;-2.631;2901.144;3266.043;29.882;1849.462;1044.744;632.913;236.803;922.228;3600.014;639.561;1127.204;1.214;2139.714;679.224;2884.384;1868.512;1805.547;2998.267;3599.039;3598.619;1400.856;3599.410;1.543;3004.753;2379.088;1860.236;1655.573;2852.127;2580.544;3306.798;249.119;347.929;2680.639;1255.261;1015.215;323.442;17.967;1444.323;2178.563;3165.181;3410.173;3601.233;1435.010;1579.034;773.857;3139.722;3205.147;3217.762;18.857;2396.435;3220.396;0.179;3598.407;1310.276;2507.132;3.449;3581.887;2261.588;3279.540;3574.365,1660.621;3600.969;2446.348;942.132;452.725;2441.186;3195.151;3599.830;2220.614;346.707;866.603;1791.303;291.463;863.058;2.867;3571.397;3600.633;1090.511;1512.667;2995.923;2373.253;2508.721;1355.915;2026.218;229.346;3363.165;-0.593;230.515;3039.535;1813.043;2518.146;2139.359;2812.926;2264.256;709.055;3135.220;1156.791;3417.756;1182.551;3598.591;916.670;2210.661;347.872;481.289;2553.163;3210.789;32.304;2142.499;1243.943;446.298;1788.733;1.352;3599.833;183.739;3349.604;2689.270;0.311;1716.697;3601.219;820.131;1932.739;2054.747;1170.196;522.000;1794.510;1662.338;3300.136;2033.205;1490.636;664.119;1297.309;1916.741;2413.662;3596.002;826.591;2859.530;1575.586;2652.890;0.025;2727.611;3383.406;1.871;1285.301;945.761;2935.202;207.505;1296.938;2465.218;3164.302;617.512;0.737;762.033;2863.731;1.616;2719.970;542.797;3100.253;3058.307;3600.046;1517.442
295,532.2167162895203,294,-562.4577967184769,562.4577967184769,0.07035145204876524,886.412;1611.744;1921.130;2.590;1171.039;724.357;2556.613;452.801;5.957;3583.479;2264.057;-0.005;2551.508;582.281;741.368;913.555;2748.641;2139.670;629.407;1765.808;309.483;3600.628;2002.177;1716.673;1237.969;-1.509;2704.902;2028.101;3036.380;3443.245;-0.482;2120.810;-0.423;2398.925;1718.910;1198.576;2773.908;2192.288;837.645;-0.014;2898.421;3268.325;30.658;1851.992;1042.183;630.152;235.625;921.720;3599.625;637.117;1128.244;-1.470;2142.110;678.316;2881.769;1870.349;1808.269;2999.229;3601.851;3600.513;1402.630;3600.529;0.009;3007.545;2376.380;1862.974;1657.450;2854.746;2578.151;3309.595;247.328;345.219;2683.428;1257.166;1013.873;320.664;20.743;1445.991;2176.074;3163.006;3407.543;3598.682;1437.753;1578.257;771.677;3141.718;3202.394;3218.733;21.689;2394.082;3219.621;1.021;3599.105;1312.605;2507.538;1.735;3579.286;2260.749;3282.094;3574.401,1658.891;3599.882;2448.840;944.364;451.550;2438.853;3197.975;3597.942;2223.335;345.061;869.244;1788.589;292.063;860.511;2.827;3573.404;3603.309;1092.201;1513.302;2997.774;2372.271;2506.767;1353.723;2025.489;226.674;3365.198;1.888;232.819;3041.884;1810.309;2515.847;2141.972;2815.627;2264.941;706.245;3133.729;1154.106;3414.940;1185.352;3598.430;913.899;2211.381;350.528;483.964;2555.330;3211.978;29.525;2140.755;1244.236;444.425;1790.307;2.711;3599.365;185.775;3349.488;2691.910;-1.394;1717.907;3599.160;817.838;1930.005;2052.760;1172.561;524.365;1795.138;1662.861;3302.641;2034.696;1493.454;666.878;1294.593;1915.194;2413.491;3593.408;827.867;2856.722;1577.746;2655.598;-0.995;2724.785;3380.782;-0.638;1288.093;944.324;2932.736;206.023;1297.950;2467.927;3167.143;620.233;-0.979;762.003;2865.428;0.642;2717.423;541.890;3098.162;3056.661;3600.729;1514.654
296,533.9154903888702,295,-562.4733091709359,562.4733091709359,0.06452604676272519,886.374;1613.306;1923.502;5.251;1173.832;726.157;2558.083;450.175;3.239;3585.366;2265.635;-0.452;2554.255;583.463;739.418;910.899;2745.895;2142.066;626.632;1763.100;310.458;3600.821;2000.525;1719.332;1239.108;0.975;2707.612;2025.346;3039.108;3445.304;-0.243;2122.491;1.801;2400.868;1721.718;1195.863;2771.970;2189.742;834.951;-0.657;2900.730;3265.705;33.403;1854.790;1039.524;630.384;238.091;919.085;3597.615;637.524;1130.998;0.994;2144.892;675.629;2880.775;1867.914;1810.594;2996.855;3599.261;3598.610;1405.380;3599.087;1.023;3005.819;2376.965;1862.432;1657.975;2857.391;2575.389;3310.258;249.551;346.593;2681.590;1259.934;1016.541;317.862;22.920;1445.243;2174.395;3165.708;3409.988;3600.614;1436.282;1575.512;774.343;3139.298;3205.058;3216.136;20.440;2392.621;3221.996;-1.625;3596.712;1310.522;2504.853;-1.027;3581.498;2263.410;3280.599;3577.112,1659.831;3598.965;2447.362;941.939;454.233;2437.080;3196.305;3600.341;2223.250;347.624;866.703;1785.858;289.888;859.472;0.114;3570.928;3600.598;1094.359;1511.897;2995.399;2369.583;2508.760;1352.147;2022.853;224.006;3367.979;4.662;235.429;3044.674;1812.954;2513.096;2144.385;2813.409;2267.668;708.352;3131.116;1153.501;3415.756;1184.272;3599.061;916.414;2209.520;353.333;486.766;2557.486;3214.590;31.782;2138.224;1241.525;441.663;1793.028;0.014;3601.726;184.274;3346.761;2690.540;1.231;1715.219;3600.896;818.503;1929.188;2055.410;1170.778;521.949;1797.859;1660.231;3303.737;2032.087;1490.852;666.133;1296.305;1917.738;2411.613;3595.456;825.206;2859.274;1580.005;2654.387;0.344;2727.068;3382.653;1.732;1288.842;946.816;2935.121;203.315;1300.663;2466.302;3165.221;618.339;1.638;764.708;2866.939;-2.017;2714.755;542.843;3097.006;3057.751;3602.695;1517.232
297,535.7587118148804,296,-562.4988747880818,562.4988747880818,0.09765675647146677,883.681;1614.610;1926.020;5.001;1171.441;723.580;2560.123;451.151;0.515;3588.100;2263.294;-0.876;2554.779;580.914;742.083;913.291;2744.031;2144.829;627.996;1761.317;313.062;3598.218;1997.794;1720.854;1241.824;-0.376;2706.684;2027.191;3041.886;3442.798;-2.854;2124.835;2.601;2399.845;1724.119;1195.594;2774.231;2187.912;836.124;1.806;2900.180;3267.812;32.994;1855.343;1036.762;627.771;240.857;921.099;3599.575;635.406;1133.770;-1.069;2142.981;672.858;2882.593;1865.318;1807.924;2994.096;3601.397;3596.715;1408.037;3601.602;-0.821;3008.211;2374.413;1859.767;1660.276;2859.817;2575.659;3308.015;252.246;344.277;2684.091;1260.538;1019.039;317.682;20.448;1447.615;2176.871;3163.668;3407.846;3598.237;1437.787;1575.874;774.070;3141.412;3206.228;3216.525;18.655;2390.167;3223.596;0.024;3598.223;1312.877;2503.231;-0.357;3584.244;2265.649;3278.054;3579.555,1662.019;3601.593;2449.879;944.435;456.117;2434.433;3194.563;3603.040;2222.377;348.827;864.721;1783.957;288.252;856.893;-2.344;3568.161;3599.356;1091.872;1509.188;2997.816;2372.131;2507.484;1353.952;2020.079;221.442;3367.923;6.795;234.060;3046.176;1810.498;2511.052;2143.775;2815.876;2270.259;706.780;3129.865;1151.258;3414.473;1186.911;3596.359;918.718;2210.470;354.155;487.653;2560.229;3217.075;34.365;2135.759;1239.744;439.086;1790.498;-2.470;3599.327;181.819;3344.627;2687.954;0.919;1715.826;3603.035;817.280;1928.016;2058.042;1172.585;521.487;1799.644;1659.980;3306.295;2030.398;1489.402;668.196;1298.083;1916.385;2409.619;3593.583;825.686;2860.961;1582.530;2651.712;2.840;2726.178;3385.392;4.486;1286.246;946.687;2932.897;200.579;1301.704;2466.439;3163.804;615.629;-0.231;765.868;2869.412;0.478;2715.355;542.600;3099.498;3055.082;3600.094;1518.698
298,537.6290783882141,297,-562.4673914083523,562.4673914083523,0.06575921463090426,881.721;1616.332;1928.726;3.089;1172.460;726.232;2562.838;450.229;-1.579;3590.774;2260.848;1.718;2557.451;578.597;741.714;914.599;2746.587;2143.375;630.684;1758.609;310.580;3600.166;2000.105;1718.709;1244.496;1.848;2704.285;2026.180;3039.726;3444.544;-0.203;2123.881;3.788;2397.407;1725.359;1197.957;2776.930;2185.208;834.217;-0.196;2897.510;3268.524;35.497;1852.830;1034.031;629.939;238.376;918.520;3597.777;632.702;1131.232;1.218;2140.388;674.871;2879.959;1867.686;1810.212;2994.753;3599.367;3594.060;1405.582;3599.223;1.818;3010.929;2376.976;1862.148;1657.659;2857.332;2573.103;3306.158;252.092;346.177;2681.682;1260.689;1016.650;320.331;18.289;1450.345;2174.238;3163.471;3405.869;3597.455;1438.466;1578.549;776.555;3141.845;3208.036;3214.071;15.949;2387.445;3222.937;-0.374;3596.814;1313.114;2500.645;2.268;3581.940;2268.374;3280.656;3582.091,1659.366;3599.661;2452.615;947.007;458.357;2434.810;3197.175;3600.545;2219.691;351.193;862.007;1781.245;290.364;854.166;-1.194;3567.476;3601.492;1089.147;1506.547;2996.677;2374.790;2506.538;1356.659;2017.347;221.686;3370.576;4.154;236.643;3043.760;1808.023;2513.329;2141.102;2818.608;2271.555;709.383;3130.628;1149.576;3411.789;1185.210;3593.726;916.181;2213.156;356.838;490.337;2562.945;3219.694;31.857;2134.990;1237.589;436.378;1788.598;0.030;3597.103;183.543;3346.420;2686.944;-1.704;1718.469;3600.511;819.852;1930.562;2058.412;1169.942;518.887;1797.143;1662.625;3309.033;2027.737;1486.704;670.905;1300.788;1918.999;2412.274;3591.609;828.286;2863.535;1585.205;2648.971;0.329;2727.971;3383.191;6.233;1287.306;949.357;2930.232;202.824;1304.190;2463.792;3161.112;612.891;-2.905;767.071;2871.598;-0.671;2713.071;545.194;3096.881;3052.343;3601.758;1517.037
299,539.5110456943512,298,-562.5369397128675,562.5369397128675,0.0692065495139787,879.038;1614.037;1931.268;1.578;1170.731;726.742;2561.496;452.515;1.011;3592.549;2258.149;0.442;2555.062;576.853;744.001;912.144;2748.361;2145.917;632.780;1756.076;312.683;3601.771;2002.195;1716.024;1242.982;-0.064;2705.324;2024.035;3038.433;3446.561;-0.621;2121.574;6.276;2399.711;1723.176;1200.233;2778.596;2186.539;832.880;-2.012;2895.658;3270.643;33.714;1851.493;1033.459;631.334;237.452;916.405;3600.156;629.989;1130.566;0.230;2137.688;672.712;2880.426;1865.756;1812.111;2993.550;3599.990;3596.423;1407.087;3601.568;-0.014;3011.002;2375.922;1862.855;1657.185;2859.633;2570.665;3308.679;249.620;345.823;2683.247;1258.052;1018.371;322.730;20.351;1448.871;2172.844;3161.206;3406.375;3598.411;1436.654;1579.939;776.772;3139.234;3205.578;3216.066;17.117;2389.801;3225.572;-2.702;3599.401;1315.735;2498.730;4.919;3580.422;2269.691;3282.088;3584.789,1660.442;3601.268;2454.580;948.896;456.504;2437.449;3197.647;3599.098;2221.324;352.144;859.554;1781.886;293.042;855.349;1.416;3564.941;3599.195;1086.446;1503.840;2994.072;2373.002;2509.169;1358.924;2015.716;224.317;3370.098;4.241;234.709;3041.147;1807.907;2511.030;2142.176;2816.934;2274.160;709.976;3128.040;1152.059;3410.524;1182.553;3595.707;916.826;2213.351;356.228;491.847;2561.409;3222.396;33.053;2137.442;1235.265;437.071;1790.332;-0.528;3595.292;181.196;3343.889;2689.559;0.619;1717.674;3598.154;817.848;1931.160;2060.395;1169.863;517.747;1798.390;1662.620;3311.177;2025.083;1485.869;671.892;1302.403;1917.911;2410.021;3594.170;826.191;2861.417;1587.270;2646.414;-2.188;2726.199;3383.547;5.064;1284.763;951.757;2932.534;201.069;1306.808;2464.281;3161.558;610.637;-0.395;764.529;2874.288;1.721;2710.560;547.901;3098.837;3054.600;3599.913;1515.372
300,541.2098965644836,299,-562.5230403153193,562.5230403153193,0.03441946311857312,880.781;1616.635;1930.021;2.608;1173.199;727.204;2563.569;450.247;3.379;3595.184;2260.717;3.001;2556.556;579.429;746.664;909.896;2745.810;2143.368;634.118;1753.416;314.530;3599.234;2004.851;1713.521;1245.279;2.448;2707.944;2021.391;3035.809;3449.212;-0.398;2118.927;3.735;2398.684;1720.540;1202.853;2776.030;2189.038;830.324;0.472;2898.106;3268.043;31.077;1854.033;1035.890;633.948;236.092;914.154;3597.687;631.362;1128.213;2.283;2140.034;670.053;2883.001;1867.979;1813.882;2996.147;3601.665;3598.937;1407.229;3599.272;2.119;3008.401;2378.096;1865.465;1654.582;2857.093;2572.913;3306.689;247.188;348.325;2680.804;1259.815;1015.972;321.146;17.755;1446.246;2173.987;3163.762;3408.965;3601.034;1434.031;1578.936;776.302;3137.953;3208.012;3218.690;14.560;2392.448;3228.250;-0.208;3597.035;1318.271;2501.286;4.802;3582.996;2268.757;3279.767;3587.461,1659.841;3598.804;2453.423;951.538;458.940;2439.671;3195.284;3599.219;2222.042;350.823;858.603;1784.488;292.768;855.118;0.113;3567.005;3599.419;1087.151;1502.028;2993.990;2373.860;2506.968;1356.682;2013.085;222.248;3372.567;6.075;234.603;3043.591;1810.504;2508.375;2144.685;2815.709;2276.827;708.587;3125.735;1153.208;3412.172;1180.023;3597.797;919.346;2210.918;354.112;490.480;2558.920;3224.290;32.933;2140.105;1232.600;438.572;1792.921;-0.638;3597.817;178.714;3343.619;2691.891;0.088;1715.162;3598.509;816.344;1932.999;2063.046;1169.424;515.120;1800.974;1660.082;3308.802;2022.454;1483.577;669.451;1303.824;1916.816;2408.996;3596.786;823.701;2859.432;1584.812;2644.032;0.176;2728.785;3382.045;6.450;1286.031;954.268;2935.001;199.255;1308.951;2466.821;3159.509;611.919;1.584;762.753;2874.741;2.075;2707.910;550.131;3100.840;3052.557;3601.238;1517.915
301,543.0516686439514,300,-562.5964547185298,562.5964547185298,0.07295544829710535,880.720;1617.779;1932.383;0.860;1171.920;729.740;2566.163;449.092;1.437;3597.726;2261.264;4.555;2559.110;578.566;747.048;911.944;2746.421;2144.527;631.929;1753.070;312.283;3601.187;2006.477;1714.361;1247.909;1.077;2706.728;2019.081;3033.174;3451.472;1.773;2119.949;4.055;2396.099;1720.086;1200.394;2775.806;2190.349;827.680;1.139;2896.756;3267.739;30.566;1852.292;1033.882;636.439;233.682;914.938;3597.988;629.491;1126.869;-0.077;2137.962;669.787;2881.291;1868.376;1814.217;2997.134;3599.154;3597.746;1404.863;3600.458;4.113;3008.676;2375.894;1867.035;1652.394;2858.285;2574.240;3304.707;244.581;350.964;2678.754;1262.312;1015.804;323.453;16.768;1447.888;2171.556;3164.816;3410.963;3598.994;1432.114;1581.420;778.854;3140.191;3208.651;3216.584;13.423;2390.975;3227.559;-1.103;3596.691;1320.663;2500.269;7.207;3582.824;2271.304;3281.659;3589.228,1657.561;3600.554;2455.858;953.827;460.998;2440.150;3196.324;3601.648;2219.614;353.393;856.102;1785.184;295.061;852.636;-2.463;3566.946;3601.889;1087.127;1499.522;2996.533;2371.509;2507.135;1357.764;2010.599;223.662;3371.006;3.718;237.117;3043.399;1808.905;2510.144;2146.904;2814.442;2275.049;710.626;3123.103;1150.716;3409.680;1180.108;3599.160;920.672;2212.880;353.703;488.670;2561.192;3226.902;30.524;2140.142;1230.889;436.498;1790.419;-2.076;3599.935;181.172;3341.303;2694.468;-2.424;1716.428;3601.055;813.760;1930.475;2061.698;1171.595;513.229;1803.393;1657.551;3310.668;2020.777;1481.122;669.018;1302.057;1919.348;2408.347;3597.302;822.541;2861.883;1586.897;2643.032;-0.297;2727.189;3379.441;4.320;1287.559;956.871;2936.425;196.664;1311.576;2465.146;3156.932;609.468;0.042;760.148;2877.324;2.128;2706.970;552.737;3098.744;3054.268;3599.475;1518.993
302,544.9242434501648,301,-562.6041260998315,562.6041260998315,0.06845799164130412,878.196;1619.785;1930.574;-1.720;1173.373;728.216;2566.557;451.419;0.385;3596.883;2263.415;3.841;2557.711;576.762;746.179;914.503;2744.897;2142.624;634.364;1750.781;312.976;3598.944;2008.933;1712.300;1250.261;1.163;2704.929;2021.430;3033.023;3451.968;0.126;2117.473;5.285;2395.837;1721.301;1202.392;2774.819;2192.895;829.854;-1.137;2895.364;3267.305;28.585;1853.397;1035.836;634.061;231.075;912.565;3596.661;630.522;1124.304;0.786;2139.738;668.030;2882.838;1870.869;1811.720;2999.532;3600.826;3600.234;1407.155;3598.635;1.712;3006.402;2376.481;1869.485;1654.418;2855.867;2576.414;3307.179;246.764;349.698;2680.138;1260.013;1013.313;321.740;16.919;1445.579;2172.105;3167.252;3408.666;3599.623;1430.903;1582.584;776.592;3142.681;3210.752;3218.534;12.830;2388.583;3229.841;1.117;3598.542;1322.775;2502.700;9.537;3581.617;2269.261;3281.420;3591.113,1659.752;3600.628;2458.293;956.018;463.544;2442.638;3194.265;3599.248;2221.729;351.865;854.137;1787.553;297.476;853.222;-0.093;3564.433;3599.565;1088.513;1496.911;2998.042;2368.905;2509.390;1359.136;2010.810;225.912;3373.386;4.895;234.886;3044.280;1810.681;2512.161;2149.470;2811.899;2276.654;708.265;3121.115;1152.772;3409.531;1177.652;3601.706;922.933;2212.632;351.786;486.470;2559.129;3228.891;32.869;2142.631;1232.671;438.030;1792.479;0.423;3602.270;179.190;3338.701;2697.030;-0.002;1715.432;3598.776;811.193;1928.022;2059.659;1173.933;512.136;1805.699;1655.796;3309.538;2018.372;1478.716;671.494;1299.608;1918.987;2405.794;3599.703;820.256;2863.830;1586.298;2640.612;-1.930;2729.330;3381.390;1.725;1287.017;958.224;2938.986;196.214;1309.970;2462.901;3158.457;609.087;-1.973;760.196;2878.941;3.992;2704.453;554.433;3100.457;3056.688;3601.611;1521.027
303,546.8183422088623,302,-562.6004920751429,562.6004920751429,0.05632523312702546,875.655;1622.114;1928.852;0.721;1175.868;726.339;2564.146;453.979;-0.147;3598.118;2263.031;3.631;2555.387;578.959;745.878;912.172;2745.227;2143.747;634.534;1748.322;315.461;3600.162;2011.273;1714.590;1252.815;-0.822;2702.715;2021.059;3034.489;3449.590;-2.403;2116.909;2.821;2398.310;1723.562;1204.232;2777.030;2190.790;830.580;1.036;2897.187;3265.825;26.087;1851.268;1034.248;632.132;230.778;911.101;3597.741;629.237;1125.102;-0.771;2142.289;666.100;2885.149;1869.417;1812.896;2998.496;3599.127;3601.094;1409.704;3601.035;-0.694;3007.095;2374.005;1870.882;1654.628;2854.086;2574.082;3309.118;244.856;349.964;2682.425;1257.923;1015.106;323.927;16.233;1447.395;2173.026;3168.260;3406.613;3601.598;1433.029;1580.351;776.848;3145.193;3208.788;3216.301;11.516;2389.455;3228.611;1.297;3597.282;1320.312;2501.465;11.237;3583.568;2268.793;3283.789;3591.834,1662.077;3598.155;2457.212;956.032;461.144;2440.482;3191.833;3600.511;2223.955;352.251;856.260;1785.453;299.618;850.824;-1.224;3564.491;3599.833;1088.402;1494.680;3000.586;2369.291;2507.283;1356.660;2010.613;225.373;3374.617;6.852;236.461;3046.789;1810.368;2510.380;2152.044;2812.224;2279.070;709.901;3122.535;1154.696;3407.131;1179.950;3599.255;921.341;2210.393;353.856;488.767;2560.991;3228.408;35.044;2142.357;1232.116;435.800;1791.718;-1.363;3599.832;180.686;3336.638;2694.840;0.893;1712.953;3600.091;808.660;1926.799;2060.762;1173.194;514.417;1807.994;1653.320;3311.932;2016.173;1477.351;670.364;1301.820;1918.627;2403.966;3597.365;817.696;2861.827;1588.733;2638.062;0.449;2728.452;3380.901;3.255;1289.517;960.672;2937.385;193.733;1312.163;2465.311;3160.970;606.617;0.470;762.435;2880.035;1.676;2706.267;552.487;3098.893;3055.896;3599.324;1519.195
304,548.5264179706573,303,-562.6290276503889,562.6290276503889,0.09372943970935865,875.455;1620.213;1931.099;0.664;1174.528;728.609;2565.749;456.347;1.959;3600.623;2260.651;1.712;2557.466;580.198;743.386;910.791;2747.689;2146.191;632.107;1748.459;317.915;3602.598;2011.833;1717.118;1250.437;1.576;2700.279;2023.472;3036.991;3447.051;-0.028;2114.602;4.139;2400.576;1721.610;1202.257;2779.562;2188.528;828.776;-0.935;2895.121;3263.328;27.337;1848.738;1034.859;633.186;228.305;913.542;3598.894;631.698;1126.187;1.508;2143.177;668.564;2882.873;1867.089;1815.379;2998.792;3598.152;3598.675;1411.950;3603.497;-3.002;3009.503;2374.359;1868.700;1652.232;2856.298;2571.747;3306.954;247.270;347.912;2681.306;1260.261;1017.119;325.729;13.832;1449.799;2170.592;3165.828;3407.264;3599.172;1435.410;1582.225;774.407;3147.745;3206.285;3213.855;9.042;2387.021;3226.106;3.460;3597.245;1320.552;2499.728;8.882;3581.249;2270.185;3286.333;3589.384,1664.620;3598.181;2456.784;953.630;458.826;2442.532;3193.893;3602.281;2223.578;354.580;858.472;1783.268;297.328;852.217;-0.559;3566.942;3602.087;1090.880;1497.021;3002.564;2371.655;2509.558;1356.310;2013.078;222.883;3372.205;4.479;238.856;3045.138;1812.390;2507.862;2150.215;2814.693;2276.949;712.308;3124.815;1157.222;3407.873;1181.830;3599.934;918.826;2207.858;352.969;486.348;2562.750;3226.655;32.791;2139.879;1234.114;437.907;1789.264;1.004;3599.756;183.175;3338.747;2693.426;-0.546;1713.011;3600.898;808.877;1928.545;2063.264;1175.522;516.951;1810.198;1654.597;3310.980;2017.327;1479.703;667.880;1299.899;1919.575;2405.683;3598.872;816.098;2859.310;1587.103;2638.977;-1.329;2725.958;3378.554;3.255;1288.813;963.009;2934.977;194.076;1312.440;2466.638;3160.120;605.739;-0.690;760.088;2877.808;-0.258;2708.742;549.975;3096.379;3058.102;3601.350;1516.884
305,550.3860378265381,304,-562.6025403306945,562.6025403306945,0.04455666204382623,873.012;1617.723;1931.779;-1.527;1172.118;728.549;2563.516;456.480;0.862;3598.561;2258.226;-0.779;2555.560;577.817;744.051;913.039;2747.894;2144.709;631.377;1750.772;318.553;3600.219;2009.462;1717.181;1249.179;0.162;2701.935;2025.760;3039.194;3446.895;-0.293;2112.642;4.890;2402.776;1723.047;1203.657;2781.486;2190.128;831.134;-0.716;2892.644;3264.854;29.643;1849.778;1037.107;630.847;226.301;914.310;3601.364;629.774;1128.612;3.814;2142.355;668.927;2884.186;1865.194;1817.493;2997.193;3600.556;3600.657;1414.443;3601.125;-0.614;3007.376;2375.947;1869.506;1654.310;2854.110;2573.150;3308.897;249.579;345.417;2683.428;1258.505;1015.286;323.333;16.111;1447.574;2168.698;3167.573;3404.830;3600.152;1437.500;1584.628;772.156;3147.015;3208.313;3216.185;11.166;2385.149;3227.266;3.375;3599.697;1322.758;2502.039;8.338;3578.928;2267.886;3287.363;3591.060,1666.764;3600.232;2459.202;951.728;458.282;2442.712;3191.620;3599.880;2225.998;353.413;860.980;1785.355;297.440;854.612;0.576;3564.778;3599.746;1088.738;1495.810;3000.840;2369.396;2508.304;1358.295;2011.914;220.773;3372.928;6.103;236.583;3044.927;1810.998;2509.654;2152.448;2813.746;2278.935;710.005;3127.136;1158.102;3410.318;1183.734;3600.808;919.914;2208.599;355.319;488.130;2560.834;3224.181;34.979;2138.789;1236.607;435.630;1789.980;-0.778;3600.365;181.251;3336.853;2691.315;1.647;1710.653;3598.505;806.451;1926.162;2062.220;1178.020;519.409;1807.844;1656.694;3312.855;2019.102;1482.202;668.576;1297.407;1921.524;2403.365;3600.854;816.825;2860.605;1587.005;2641.290;0.481;2727.537;3380.835;0.860;1291.093;962.074;2936.011;196.303;1310.493;2464.810;3162.220;608.014;0.511;761.674;2875.585;1.892;2707.541;547.506;3098.465;3060.596;3599.168;1519.195
306,552.2716369628906,305,-562.5947814541414,562.5947814541414,0.07700379478884146,873.805;1615.239;1931.399;0.430;1173.138;726.454;2561.059;455.451;2.962;3598.310;2258.947;1.359;2553.575;575.546;742.021;910.969;2750.226;2145.828;630.320;1753.153;316.275;3599.154;2007.480;1719.578;1250.530;-0.397;2703.905;2023.580;3041.671;3449.278;1.064;2110.272;2.480;2405.254;1720.690;1206.081;2783.658;2187.873;832.024;-2.728;2892.111;3266.583;31.628;1850.605;1036.464;629.530;228.319;914.640;3599.046;627.576;1130.310;1.801;2144.689;670.786;2882.929;1862.747;1819.965;2994.803;3599.120;3601.128;1416.502;3599.563;-1.546;3007.301;2378.392;1871.543;1656.066;2853.761;2571.004;3311.178;251.693;342.983;2685.646;1256.579;1017.256;323.809;14.288;1448.717;2166.487;3165.915;3405.752;3601.425;1439.963;1583.546;771.099;3144.634;3206.049;3218.472;13.618;2386.184;3225.761;5.785;3601.028;1320.782;2500.879;10.442;3578.530;2265.439;3289.548;3593.465,1664.717;3602.694;2457.436;954.087;460.358;2440.354;3193.477;3600.778;2227.044;355.676;859.025;1783.556;299.623;852.293;-1.817;3564.081;3599.639;1086.425;1495.494;2998.390;2369.676;2509.618;1360.520;2009.496;219.177;3375.149;3.891;237.860;3043.813;1808.567;2509.877;2153.360;2816.068;2281.307;711.740;3128.603;1155.757;3409.353;1186.136;3598.440;917.659;2210.778;357.793;490.509;2563.148;3225.847;34.054;2140.617;1234.247;433.150;1791.813;-0.500;3598.144;182.752;3336.051;2688.845;-0.341;1708.326;3600.759;804.736;1925.490;2063.145;1180.257;521.778;1806.715;1659.165;3315.318;2016.774;1484.610;666.305;1297.800;1923.981;2403.645;3598.484;819.259;2858.607;1587.930;2638.940;2.590;2728.706;3380.437;3.182;1293.573;959.766;2933.661;197.797;1312.861;2462.393;3161.767;610.463;-1.805;763.942;2877.516;-0.480;2709.812;549.680;3100.291;3058.677;3597.013;1516.864
307,553.9724264144897,306,-562.5469130243921,562.5469130243921,0.06299058060550962,875.484;1617.085;1933.337;2.382;1170.925;724.011;2562.253;457.781;0.992;3595.957;2256.566;0.410;2555.770;577.653;741.304;909.294;2748.238;2147.700;627.911;1754.469;318.150;3600.503;2005.095;1721.908;1248.382;1.787;2706.336;2021.156;3043.068;3450.263;-1.054;2112.393;0.074;2403.511;1722.642;1204.814;2781.425;2187.771;831.858;-0.372;2894.379;3264.395;31.765;1848.664;1036.105;628.028;230.732;912.306;3600.835;628.715;1132.736;3.704;2147.049;668.760;2880.794;1863.597;1822.269;2997.115;3596.997;3598.835;1418.936;3599.010;0.572;3005.002;2380.687;1873.972;1653.764;2851.725;2569.107;3313.630;249.576;345.224;2687.787;1258.430;1019.213;321.489;16.186;1446.455;2168.567;3168.082;3407.924;3603.642;1442.077;1581.142;773.310;3142.258;3206.714;3219.960;11.784;2388.594;3227.699;5.325;3598.672;1322.934;2498.550;8.124;3579.156;2265.363;3291.213;3591.390,1662.635;3600.342;2455.330;952.567;458.157;2437.898;3192.111;3598.879;2224.868;357.918;861.099;1781.803;298.317;850.104;0.274;3566.268;3601.120;1088.674;1497.569;3000.132;2368.811;2507.287;1358.196;2010.701;216.783;3377.592;3.528;240.151;3046.169;1806.108;2512.122;2155.717;2818.489;2283.559;709.503;3126.380;1153.310;3407.168;1188.593;3599.308;919.121;2208.628;356.472;492.638;2565.511;3223.702;34.625;2139.348;1234.551;431.219;1789.858;-1.581;3600.136;184.749;3338.103;2686.385;-0.142;1705.872;3600.202;802.707;1923.587;2060.849;1182.595;521.274;1804.384;1657.288;3317.622;2018.907;1487.009;664.566;1295.681;1926.437;2405.998;3596.235;819.467;2856.242;1590.338;2640.854;1.565;2726.987;3380.390;4.196;1292.941;957.369;2932.046;195.428;1315.076;2464.702;3163.083;612.832;0.409;766.377;2878.705;-0.792;2711.128;550.418;3102.372;3056.644;3596.274;1516.864
308,555.8180863857269,307,-562.5605465560137,562.5605465560137,0.07560857388607864,874.386;1615.062;1930.985;0.153;1168.827;721.597;2564.583;460.205;3.107;3596.912;2254.758;2.421;2558.183;576.152;738.934;907.134;2749.945;2150.105;625.954;1756.849;315.956;3598.586;2002.682;1724.327;1250.548;-0.432;2704.502;2023.259;3045.456;3448.242;1.174;2110.360;-2.326;2401.739;1720.392;1207.099;2783.691;2186.634;834.225;-0.703;2892.077;3266.674;29.403;1846.259;1038.469;625.635;233.161;914.446;3598.950;628.712;1132.733;1.375;2147.063;671.034;2878.393;1865.958;1820.391;2994.944;3599.089;3597.287;1417.081;3600.873;1.085;3007.265;2383.103;1876.387;1655.294;2849.518;2570.194;3315.974;250.731;343.322;2690.180;1260.643;1019.818;319.420;17.953;1444.456;2170.965;3166.013;3405.774;3601.291;1444.477;1578.987;771.082;3140.015;3209.009;3222.307;13.886;2387.525;3225.452;3.411;3599.226;1320.821;2496.761;10.175;3581.476;2263.047;3293.205;3588.980,1660.222;3599.364;2452.924;954.048;458.994;2435.754;3189.742;3601.125;2222.450;360.325;858.925;1779.408;295.955;852.230;-1.813;3564.597;3598.907;1090.867;1495.331;3002.192;2371.108;2508.413;1358.788;2008.421;219.038;3375.299;1.160;242.172;3044.789;1807.866;2514.466;2153.652;2818.451;2282.449;711.318;3127.633;1155.424;3409.238;1188.269;3599.424;916.997;2210.901;354.084;490.573;2567.801;3225.932;34.891;2141.111;1236.793;428.951;1792.164;0.747;3602.494;184.032;3340.516;2687.027;-2.197;1703.472;3601.312;805.031;1925.915;2058.464;1180.319;518.921;1801.959;1659.031;3320.020;2020.352;1484.787;662.533;1295.730;1928.844;2408.421;3595.579;821.814;2858.518;1590.004;2639.188;-0.007;2724.670;3382.642;2.037;1295.208;955.666;2929.652;197.542;1313.094;2463.065;3160.767;613.973;-1.214;768.522;2881.088;-1.247;2713.492;548.296;3104.784;3054.233;3598.380;1519.187
309,557.7024891376495,308,-562.5370671546856,562.5370671546856,0.06710299821789799,876.558;1616.120;1932.937;-1.738;1166.455;719.211;2565.691;462.350;0.792;3599.048;2252.485;4.004;2559.329;578.288;740.445;904.747;2752.305;2152.499;623.717;1759.231;318.207;3598.078;2000.571;1725.252;1249.449;-2.749;2702.156;2023.405;3047.503;3450.051;0.893;2108.476;-0.075;2399.504;1718.993;1209.070;2785.736;2184.287;835.792;1.583;2889.814;3268.680;27.829;1845.340;1040.707;627.811;234.750;916.829;3596.835;627.864;1134.782;-0.066;2148.838;670.494;2876.173;1863.841;1821.662;2993.205;3600.604;3599.526;1418.513;3598.704;3.120;3009.280;2383.329;1878.693;1653.347;2851.756;2570.822;3318.199;248.606;340.968;2692.482;1258.510;1022.159;320.659;15.847;1443.906;2170.998;3163.767;3403.698;3599.159;1445.369;1579.788;768.746;3139.870;3206.868;3224.700;15.294;2385.576;3224.418;1.184;3601.341;1322.734;2496.215;8.073;3583.868;2261.297;3295.580;3590.806,1661.304;3599.463;2453.976;951.897;457.420;2435.413;3191.815;3600.592;2224.210;360.708;860.688;1781.458;293.884;854.558;-0.914;3562.461;3600.331;1093.136;1495.991;3000.715;2372.227;2510.735;1357.149;2010.466;217.939;3373.526;-0.398;244.555;3043.273;1810.064;2512.528;2152.066;2816.509;2280.096;709.402;3129.989;1157.470;3407.192;1190.538;3601.251;914.610;2209.979;354.197;488.459;2569.431;3228.246;37.228;2138.882;1235.251;429.357;1791.370;-0.834;3600.224;186.343;3339.629;2686.711;0.076;1701.302;3599.145;803.863;1923.862;2060.014;1181.306;520.865;1803.084;1661.299;3319.169;2022.712;1486.335;664.818;1293.432;1927.137;2409.567;3597.562;819.873;2859.827;1587.762;2639.596;-2.371;2722.275;3380.495;0.923;1297.278;953.308;2928.416;198.938;1313.182;2463.211;3162.761;616.318;-0.390;766.837;2880.631;1.084;2715.722;545.913;3106.611;3054.221;3600.670;1517.288
310,559.4108846187592,309,-562.5029989083523,562.5029989083523,0.07238936058725175,878.900;1613.956;1931.086;0.492;1167.803;717.449;2567.922;463.907;2.215;3598.636;2250.688;1.755;2561.650;580.423;739.903;902.401;2750.435;2154.864;621.396;1757.071;318.499;3600.351;1998.244;1727.476;1247.172;-0.530;2703.573;2021.395;3049.853;3448.265;2.598;2108.685;-0.618;2397.143;1716.666;1211.193;2787.056;2185.256;836.041;-0.197;2891.478;3266.807;29.979;1843.234;1042.985;626.843;235.993;915.111;3598.138;629.857;1132.649;0.070;2149.628;672.588;2874.063;1861.549;1823.991;2990.862;3598.354;3599.325;1417.461;3597.059;2.120;3008.174;2385.516;1881.059;1655.480;2851.744;2573.136;3320.526;246.578;340.598;2694.780;1256.234;1024.507;318.461;18.005;1446.121;2169.368;3161.541;3405.898;3600.542;1444.251;1577.493;768.733;3137.586;3208.921;3225.998;17.599;2386.634;3222.137;-1.177;3599.113;1321.022;2493.971;7.213;3585.635;2263.517;3293.816;3589.321,1659.126;3601.651;2451.832;950.881;456.195;2433.130;3190.187;3602.338;2222.225;358.418;858.634;1780.335;291.530;852.756;-1.791;3564.567;3599.923;1095.499;1498.188;3002.979;2374.537;2508.766;1354.815;2009.091;215.643;3371.935;-2.388;246.893;3045.565;1808.611;2510.264;2151.681;2818.533;2280.717;711.492;3130.703;1159.719;3404.906;1192.530;3598.968;914.777;2211.874;356.036;490.623;2571.663;3226.292;36.805;2140.909;1233.310;427.125;1793.391;0.722;3601.187;185.404;3341.754;2684.445;-1.831;1698.994;3601.233;805.748;1925.323;2058.673;1179.379;520.358;1801.167;1659.307;3321.300;2021.400;1484.658;665.448;1295.039;1929.143;2411.856;3595.506;821.327;2860.105;1585.781;2637.362;-0.093;2723.858;3378.215;3.108;1299.633;951.198;2926.154;200.631;1314.039;2464.954;3165.110;618.680;-0.752;768.719;2879.631;0.256;2717.610;544.908;3104.509;3051.971;3598.554;1519.050
311,561.2446689605713,310,-562.4463875872314,562.4463875872314,0.06750490524693373,880.660;1611.636;1932.059;0.061;1167.963;715.154;2565.789;461.989;0.235;3596.455;2249.461;3.720;2563.595;579.028;741.329;900.098;2749.662;2156.556;619.061;1756.781;317.201;3598.876;1997.014;1726.900;1245.426;0.982;2704.325;2019.704;3051.753;3446.360;1.156;2110.919;0.331;2398.772;1716.165;1209.460;2789.330;2187.481;833.916;0.867;2893.408;3268.922;30.992;1840.918;1040.993;627.233;238.292;917.219;3600.107;627.596;1134.800;-2.197;2147.357;674.272;2872.211;1862.487;1825.397;2988.705;3597.483;3601.321;1417.255;3598.983;2.214;3010.242;2383.537;1879.368;1655.355;2849.795;2572.322;3319.761;248.339;340.561;2694.217;1258.315;1024.871;320.238;16.861;1448.290;2171.428;3163.328;3407.098;3599.339;1446.063;1576.732;770.771;3135.449;3207.894;3226.949;16.074;2384.418;3222.111;0.943;3597.322;1322.261;2491.648;5.076;3587.946;2262.061;3294.428;3590.602,1656.861;3599.502;2449.848;953.050;453.907;2431.244;3187.905;3600.160;2220.356;360.463;860.625;1778.614;292.435;850.724;0.335;3566.796;3597.769;1095.292;1500.410;3002.289;2373.382;2506.564;1354.650;2008.318;216.280;3369.751;-0.158;248.234;3044.969;1810.798;2510.099;2153.831;2820.859;2281.562;712.126;3130.149;1160.009;3407.055;1190.756;3598.560;913.505;2214.142;353.941;489.899;2573.995;3224.706;34.545;2142.932;1235.189;424.790;1791.954;1.957;3599.085;187.217;3343.928;2682.110;-0.233;1696.656;3602.143;804.603;1924.077;2056.372;1179.007;518.099;1803.152;1657.003;3323.629;2019.112;1485.992;666.188;1297.161;1931.421;2414.150;3593.229;823.628;2858.221;1583.959;2635.870;1.216;2722.692;3377.646;1.692;1300.247;949.048;2924.627;201.132;1316.324;2467.269;3163.302;621.017;-2.847;770.760;2881.892;-1.903;2719.924;547.025;3106.634;3049.940;3596.294;1521.106
312,563.1006691455841,311,-562.4864822847434,562.4864822847434,0.042883968409639775,878.738;1612.069;1934.002;-1.168;1165.857;713.193;2564.061;459.846;-1.830;3594.168;2251.486;2.756;2563.345;576.808;743.175;898.311;2751.194;2154.713;619.616;1755.765;318.538;3599.365;1998.947;1725.191;1246.999;1.789;2705.666;2017.422;3052.302;3447.215;-1.118;2113.226;1.237;2400.860;1717.700;1207.190;2787.630;2187.034;831.663;-0.069;2894.831;3269.192;29.138;1842.885;1039.515;625.949;238.044;918.265;3599.556;625.722;1136.244;-0.105;2146.490;672.189;2873.159;1862.088;1824.707;2988.430;3599.269;3599.150;1419.417;3601.027;0.050;3011.629;2381.317;1877.757;1656.308;2851.167;2570.854;3321.885;246.464;342.529;2692.937;1256.789;1025.633;320.972;18.444;1447.438;2170.277;3164.767;3408.513;3600.216;1445.494;1577.372;772.932;3133.267;3207.902;3229.175;15.865;2384.873;3224.132;2.485;3596.265;1324.407;2489.777;4.396;3589.479;2262.629;3296.465;3592.856,1655.080;3598.190;2448.330;955.316;452.169;2429.097;3187.192;3600.608;2221.978;359.153;859.764;1780.552;294.616;848.694;-1.087;3564.984;3597.487;1093.332;1498.863;3000.305;2371.360;2508.129;1355.961;2006.198;216.290;3371.057;1.328;246.086;3045.511;1813.046;2508.322;2156.134;2819.548;2283.795;710.364;3128.577;1158.138;3408.656;1192.064;3598.724;915.538;2213.137;355.205;492.017;2574.056;3225.869;36.558;2141.056;1233.449;422.570;1793.762;-0.255;3599.318;185.100;3342.029;2683.456;1.938;1694.432;3599.924;802.642;1924.224;2055.396;1180.861;517.025;1804.071;1655.513;3325.084;2017.572;1488.138;668.348;1295.272;1931.503;2413.096;3594.826;823.215;2857.307;1586.185;2633.620;-0.299;2724.654;3379.857;-0.342;1299.977;951.091;2926.575;198.917;1318.570;2468.508;3164.936;622.268;-0.622;773.027;2882.891;0.275;2719.530;548.641;3106.604;3050.713;3598.062;1523.318
313,564.976315498352,312,-562.5641498715313,562.5641498715313,0.07836805558710394,876.575;1609.872;1935.662;0.880;1164.557;714.652;2561.813;457.916;0.308;3595.416;2253.746;1.393;2564.989;574.532;745.437;896.076;2749.108;2152.516;621.618;1753.534;316.415;3601.187;2001.167;1725.226;1247.277;1.281;2707.909;2015.393;3050.152;3449.448;0.942;2112.952;0.095;2403.067;1715.590;1205.245;2785.706;2189.211;829.537;-2.164;2893.695;3271.355;27.634;1844.714;1037.455;623.706;237.423;918.755;3601.715;623.460;1137.094;-0.722;2144.259;673.546;2875.042;1859.872;1825.769;2989.742;3601.473;3599.493;1417.686;3598.906;-2.225;3009.634;2381.373;1875.542;1658.533;2849.160;2568.798;3322.978;244.440;344.736;2690.767;1258.791;1024.039;323.132;20.689;1446.385;2168.042;3163.070;3410.745;3602.128;1443.295;1579.521;775.208;3131.624;3207.242;3231.390;15.712;2386.301;3223.576;4.298;3597.873;1326.577;2489.217;6.267;3588.592;2264.822;3296.587;3593.756,1655.199;3596.859;2446.325;957.583;451.859;2430.890;3185.002;3599.239;2220.505;360.158;859.803;1782.317;296.834;848.632;-2.456;3562.826;3595.285;1093.333;1496.612;3002.118;2369.129;2506.174;1357.924;2003.925;218.489;3369.016;1.443;244.368;3043.529;1815.066;2510.357;2157.404;2820.536;2286.073;712.230;3126.333;1156.110;3410.904;1189.890;3600.893;917.770;2215.292;357.212;491.142;2571.915;3228.088;38.016;2143.036;1235.483;420.630;1795.086;-1.400;3598.458;183.506;3343.201;2683.122;1.947;1692.852;3601.009;800.728;1922.079;2053.165;1179.288;514.811;1806.282;1653.606;3326.798;2015.375;1486.062;666.316;1297.171;1933.604;2411.489;3597.068;823.753;2859.452;1587.131;2631.441;0.497;2726.907;3381.454;0.141;1297.754;953.361;2928.842;200.757;1318.687;2470.557;3163.279;621.039;0.108;770.984;2885.126;1.423;2718.229;546.650;3108.643;3048.631;3596.745;1525.561
314,566.6769986152649,313,-562.5821070212351,562.5821070212351,0.042743092357864554,874.339;1608.763;1937.466;2.764;1166.708;716.791;2560.023;456.962;-0.355;3597.577;2253.567;2.570;2562.851;572.314;743.298;897.234;2746.883;2151.039;623.853;1754.457;314.278;3599.030;2000.003;1723.052;1245.085;3.440;2706.289;2016.882;3051.896;3451.671;-0.505;2110.869;-2.092;2405.300;1717.566;1203.067;2783.861;2191.219;827.427;-0.038;2895.367;3273.537;29.824;1846.633;1035.646;624.207;235.234;916.634;3599.579;621.461;1134.947;0.286;2142.455;675.752;2877.259;1859.882;1823.594;2988.459;3599.500;3601.383;1419.762;3597.380;-0.139;3007.396;2380.111;1873.446;1660.781;2849.248;2569.924;3321.821;246.340;346.971;2688.521;1256.977;1024.160;325.369;18.834;1444.177;2166.125;3161.244;3408.909;3599.981;1445.180;1581.765;776.545;3133.730;3209.342;3229.319;13.520;2388.516;3225.652;2.316;3599.812;1326.263;2490.239;4.103;3590.651;2264.818;3294.406;3594.788,1657.369;3597.439;2448.352;959.120;454.039;2431.013;3182.761;3601.250;2218.483;358.202;857.641;1784.538;299.076;846.542;-0.284;3560.716;3594.574;1092.416;1494.360;3000.817;2367.037;2506.530;1359.398;2002.271;216.820;3370.028;2.896;242.230;3045.232;1813.303;2512.600;2156.275;2818.654;2287.760;711.063;3125.609;1158.093;3411.871;1188.477;3598.803;919.863;2215.377;355.077;489.758;2569.781;3229.823;40.075;2144.331;1233.810;420.859;1797.299;0.258;3600.599;181.471;3341.220;2683.829;1.993;1690.693;3600.553;798.613;1922.748;2053.921;1181.451;515.403;1805.932;1652.089;3325.295;2013.664;1486.833;664.090;1295.162;1932.705;2409.295;3598.788;824.593;2857.488;1589.280;2630.632;-0.471;2729.159;3383.480;2.340;1295.665;955.400;2930.770;199.095;1318.128;2469.678;3165.039;618.826;-0.058;768.912;2884.175;0.598;2716.024;548.695;3107.289;3050.466;3598.732;1526.342
315,568.5205833911896,314,-562.5986565711302,562.5986565711302,0.07197912569375504,873.026;1607.031;1939.659;4.972;1167.273;719.004;2557.889;454.798;-0.512;3599.161;2255.458;0.469;2562.823;570.253;744.909;899.051;2748.717;2152.944;622.837;1752.708;315.777;3597.356;1997.979;1720.847;1243.034;3.560;2707.764;2016.737;3049.980;3450.615;1.142;2112.942;0.051;2404.112;1718.032;1200.845;2781.656;2193.236;825.233;-0.404;2897.566;3275.245;31.264;1844.560;1033.447;622.551;236.540;918.398;3600.386;619.274;1136.650;-1.339;2140.253;677.511;2877.629;1857.886;1824.417;2986.415;3597.687;3599.294;1418.217;3599.398;-1.293;3008.596;2378.035;1871.228;1660.579;2849.258;2567.801;3319.667;248.539;347.007;2686.758;1257.696;1021.998;326.673;20.721;1443.149;2163.915;3163.323;3410.129;3600.506;1443.250;1583.924;778.588;3131.867;3207.582;3229.396;11.895;2388.067;3227.797;0.102;3602.023;1328.357;2488.223;2.249;3592.211;2266.967;3296.141;3596.736,1655.859;3599.416;2446.438;958.081;455.363;2428.882;3183.586;3602.411;2216.355;359.863;856.535;1783.600;298.097;844.738;-1.146;3558.594;3592.409;1090.241;1494.732;2998.765;2369.045;2508.680;1361.592;2000.072;218.151;3367.958;0.997;242.547;3045.002;1811.378;2513.404;2154.102;2817.734;2289.739;713.187;3126.627;1156.291;3413.933;1189.443;3598.201;921.939;2214.666;352.932;491.865;2571.518;3229.981;41.113;2142.219;1232.090;418.770;1795.715;0.926;3600.569;179.260;3342.102;2681.707;-0.012;1692.734;3602.269;800.697;1924.923;2052.481;1180.245;513.282;1803.770;1654.190;3326.793;2011.534;1484.750;663.879;1295.603;1934.659;2411.114;3600.906;826.769;2859.580;1590.541;2628.673;-0.991;2729.436;3385.644;4.226;1295.259;957.404;2930.479;200.876;1320.081;2467.504;3162.961;616.648;-1.338;769.950;2882.236;-1.236;2717.339;548.147;3109.272;3048.627;3600.247;1528.517
316,570.3872601985931,315,-562.5623192844149,562.5623192844149,0.06941823703311599,873.347;1607.911;1941.573;5.123;1169.251;720.585;2555.700;452.605;1.468;3598.054;2253.583;-1.584;2562.875;571.340;744.829;898.769;2750.881;2155.126;620.839;1754.552;314.467;3598.913;1999.798;1718.651;1242.388;3.338;2705.921;2018.597;3048.116;3448.674;3.025;2114.733;-0.074;2404.071;1717.648;1198.699;2783.508;2194.896;823.503;-1.770;2899.758;3277.334;31.134;1842.409;1031.261;623.519;238.596;920.481;3602.277;619.279;1138.811;0.711;2139.988;678.192;2877.757;1857.701;1826.117;2984.243;3596.091;3598.892;1416.090;3601.503;0.690;3010.507;2375.846;1869.152;1658.908;2851.387;2566.573;3317.473;250.160;347.082;2684.585;1256.533;1022.757;328.798;22.523;1441.062;2165.033;3165.501;3411.152;3600.057;1441.199;1586.049;778.195;3133.714;3205.409;3227.423;12.590;2385.981;3225.877;-1.590;3599.997;1326.707;2488.139;3.109;3590.227;2269.100;3298.292;3594.648,1654.030;3601.547;2444.308;955.954;453.256;2427.015;3182.661;3600.291;2214.330;362.036;858.567;1781.566;297.095;842.566;0.330;3560.062;3593.001;1088.240;1496.586;3000.816;2367.582;2507.600;1362.875;1999.806;220.295;3366.167;-1.165;244.213;3042.989;1813.216;2515.538;2151.938;2819.834;2289.431;712.328;3124.540;1154.119;3415.388;1191.378;3599.521;920.717;2216.679;352.467;492.725;2573.618;3231.940;39.068;2142.111;1234.116;420.329;1793.559;1.151;3598.705;180.604;3343.339;2679.605;-2.198;1694.456;3600.213;802.762;1925.914;2050.315;1178.331;511.280;1804.920;1652.518;3328.961;2010.087;1483.931;661.902;1297.644;1936.659;2413.294;3598.864;828.904;2858.672;1588.704;2630.701;1.145;2727.382;3383.977;2.749;1294.324;957.858;2932.462;201.588;1322.266;2467.192;3161.693;616.463;0.728;772.063;2884.213;0.822;2715.535;546.258;3108.933;3046.626;3598.748;1530.329
317,572.2807285785675,316,-562.6174710471648,562.6174710471648,0.04284248757970346,871.406;1607.041;1943.715;7.198;1167.655;718.710;2556.407;454.616;-0.460;3600.145;2255.447;0.461;2560.777;573.456;746.683;899.850;2749.659;2153.229;622.399;1752.677;316.526;3601.015;2001.948;1717.498;1240.304;1.241;2703.769;2016.624;3045.962;3450.249;1.180;2113.570;0.407;2401.985;1719.745;1199.053;2782.727;2193.157;821.705;0.318;2898.805;3278.255;29.087;1843.182;1033.100;621.454;236.592;918.644;3600.244;617.172;1140.393;0.417;2141.985;676.174;2879.862;1855.986;1824.162;2985.950;3598.139;3599.559;1413.925;3599.612;2.711;3010.802;2373.679;1870.377;1656.766;2851.091;2565.704;3316.661;249.746;349.174;2683.595;1257.213;1024.720;330.950;21.013;1439.195;2167.124;3164.671;3409.691;3601.183;1442.508;1585.162;776.194;3135.859;3205.608;3226.017;10.485;2386.289;3224.143;-1.320;3598.370;1328.738;2490.247;1.213;3592.143;2271.005;3298.934;3595.468,1654.580;3599.463;2446.195;953.787;451.679;2429.075;3184.228;3598.401;2216.350;360.777;860.724;1783.559;299.182;840.841;2.289;3562.156;3595.102;1089.799;1494.788;3002.829;2365.448;2505.831;1360.816;2000.647;219.309;3367.715;0.875;246.360;3044.948;1815.235;2517.465;2152.945;2818.276;2287.474;710.221;3123.073;1155.874;3415.702;1189.430;3601.655;918.678;2214.768;354.445;490.680;2571.604;3234.098;40.840;2142.291;1233.153;422.032;1791.602;-0.960;3598.369;182.387;3341.275;2681.491;-0.181;1692.579;3598.220;801.135;1927.165;2051.463;1180.267;511.388;1807.016;1650.567;3327.014;2008.734;1485.967;659.913;1296.240;1934.663;2412.962;3600.185;826.875;2856.647;1587.948;2632.805;-0.633;2728.385;3382.067;0.610;1292.248;959.972;2934.608;199.605;1324.097;2469.285;3162.036;614.436;1.940;774.049;2883.476;2.294;2713.394;545.533;3106.908;3047.985;3600.824;1528.696
318,573.9886412620544,317,-562.6341857882446,562.6341857882446,0.04614985780876403,873.269;1609.119;1945.827;6.183;1167.900;720.335;2554.618;452.703;0.435;3601.994;2257.546;2.519;2558.692;575.422;748.808;897.773;2747.681;2151.140;623.427;1750.586;315.349;3599.244;2004.002;1715.420;1238.227;1.938;2705.652;2014.492;3043.862;3452.357;2.099;2112.012;1.450;2402.422;1718.050;1201.092;2780.656;2195.148;823.666;0.768;2900.649;3276.194;26.951;1845.188;1031.571;623.473;236.106;916.774;3599.002;615.705;1141.162;1.484;2141.125;674.051;2881.706;1853.887;1825.422;2988.069;3599.801;3601.490;1414.319;3598.055;4.577;3008.721;2375.062;1870.470;1654.635;2849.012;2567.706;3314.824;247.905;347.992;2681.499;1255.148;1022.732;332.733;18.899;1439.994;2165.510;3166.621;3411.751;3599.120;1440.446;1587.177;777.510;3136.142;3203.753;3228.067;8.579;2388.367;3226.187;0.746;3599.802;1330.820;2492.323;3.176;3593.922;2269.706;3296.879;3597.547,1652.558;3599.951;2448.247;954.297;453.515;2429.040;3185.454;3598.367;2216.011;362.181;861.778;1785.369;298.748;842.251;0.483;3563.330;3596.872;1088.179;1494.787;3004.720;2363.835;2505.538;1362.133;2001.476;219.535;3369.829;0.441;248.499;3045.673;1817.333;2519.554;2153.218;2816.266;2285.353;710.561;3121.033;1154.252;3415.189;1190.561;3599.871;917.897;2215.250;352.571;491.374;2570.758;3236.206;42.667;2144.329;1233.304;423.685;1791.158;-1.247;3600.396;183.767;3339.963;2683.043;-0.912;1693.357;3599.094;802.678;1925.232;2052.498;1179.845;509.913;1808.506;1648.514;3325.999;2009.050;1484.505;657.876;1298.121;1935.056;2412.197;3600.399;825.014;2858.082;1585.854;2631.442;0.454;2730.313;3379.947;-1.356;1290.265;961.807;2935.371;201.019;1322.608;2467.741;3160.010;613.058;3.380;772.100;2885.350;2.612;2711.763;547.585;3108.375;3046.156;3600.127;1529.417
319,575.8474385738373,318,-562.6924480771438,562.6924480771438,0.048922511034791456,871.827;1608.744;1944.933;4.326;1166.554;722.020;2553.329;451.702;0.336;3599.962;2257.066;1.286;2558.737;575.268;747.635;895.788;2745.857;2151.013;625.283;1748.482;317.131;3600.777;2005.257;1713.971;1239.716;0.045;2704.723;2013.716;3043.437;3452.277;1.075;2109.966;-0.320;2400.467;1717.625;1203.199;2781.493;2195.351;825.650;-1.036;2899.792;3275.603;26.460;1844.137;1032.846;625.057;235.700;914.678;3599.958;614.127;1139.328;3.394;2142.631;674.415;2883.484;1853.371;1827.448;2987.775;3599.909;3599.479;1415.691;3599.388;2.733;3008.440;2373.985;1872.500;1655.892;2850.296;2569.800;3312.832;249.929;346.166;2681.852;1253.144;1024.281;332.131;19.662;1439.238;2164.213;3166.955;3413.665;3600.411;1439.805;1588.081;775.514;3138.093;3205.325;3229.465;10.005;2388.721;3225.921;2.039;3601.759;1330.109;2494.414;3.754;3592.194;2271.058;3295.805;3596.377,1653.777;3601.763;2450.130;956.312;455.600;2430.323;3187.344;3600.109;2217.845;361.233;860.738;1787.266;300.562;840.278;-1.325;3564.993;3598.808;1086.786;1492.900;3003.010;2362.016;2506.934;1360.800;2002.603;217.609;3371.925;1.504;247.621;3047.705;1819.445;2517.933;2155.264;2814.346;2286.952;711.406;3118.932;1154.106;3413.129;1189.237;3598.956;919.815;2215.684;354.147;493.284;2569.185;3235.724;44.729;2146.220;1231.262;421.668;1792.851;-0.908;3599.027;181.906;3337.881;2681.971;0.566;1691.555;3601.133;800.972;1923.391;2054.156;1179.082;511.022;1810.590;1646.437;3327.234;2006.992;1484.528;659.743;1297.783;1936.122;2410.182;3598.439;824.289;2859.966;1585.247;2629.374;0.428;2732.404;3381.226;0.597;1292.084;963.865;2937.170;199.079;1323.334;2468.302;3160.357;614.000;1.432;770.174;2887.008;0.846;2709.846;549.007;3109.665;3046.830;3600.246;1528.570
320,577.7243728637695,319,-562.7003444606444,562.7003444606444,0.07322613998696784,869.938;1607.806;1943.065;2.272;1168.567;724.088;2554.826;451.386;2.301;3599.759;2258.283;1.095;2560.497;573.254;746.516;897.169;2743.834;2152.042;627.356;1749.216;315.246;3599.184;2003.521;1715.735;1237.809;1.432;2706.220;2015.690;3045.389;3453.256;-0.971;2111.793;-2.372;2398.403;1719.305;1202.897;2782.699;2193.467;827.707;0.529;2901.747;3277.121;27.931;1842.144;1031.069;623.307;237.721;912.837;3601.089;615.664;1139.780;1.400;2144.680;676.288;2881.906;1855.087;1825.568;2985.810;3601.939;3597.970;1413.773;3598.947;4.040;3009.699;2375.927;1870.887;1657.896;2848.534;2571.875;3314.711;248.557;347.285;2680.527;1251.464;1025.643;332.898;19.410;1437.197;2165.952;3165.075;3411.924;3599.453;1441.191;1589.784;776.865;3136.878;3207.379;3228.059;11.121;2390.351;3224.590;4.087;3599.847;1328.443;2493.343;1.913;3592.618;2273.086;3294.075;3594.742,1651.948;3599.807;2448.400;954.392;455.285;2428.905;3189.421;3602.179;2215.865;362.913;858.690;1785.410;302.535;842.266;0.259;3562.975;3599.767;1084.728;1490.823;3001.698;2363.931;2508.981;1362.769;2000.576;219.597;3370.120;-0.466;245.710;3045.736;1817.565;2519.563;2153.352;2812.268;2288.962;713.449;3120.573;1152.162;3413.456;1187.186;3600.912;921.892;2217.718;352.194;495.228;2567.922;3237.732;45.385;2148.166;1233.042;423.533;1792.565;1.127;3600.990;179.831;3339.192;2683.992;1.594;1693.426;3599.213;802.953;1925.313;2056.141;1177.042;509.010;1808.773;1646.225;3329.226;2007.200;1482.507;658.241;1299.797;1938.167;2412.002;3600.370;824.955;2861.307;1584.360;2629.520;-1.581;2730.584;3383.243;-1.078;1290.269;962.942;2935.610;200.905;1325.097;2466.312;3158.348;611.987;2.004;769.993;2888.834;1.578;2711.745;550.396;3111.714;3044.919;3602.233;1530.587
321,579.4224851131439,320,-562.676111506981,562.676111506981,0.04068278949121425,868.630;1605.788;1944.866;2.208;1166.777;723.078;2556.835;453.263;0.408;3601.019;2259.369;2.694;2558.872;571.265;748.461;898.738;2745.718;2150.792;629.409;1751.113;313.647;3599.840;2005.102;1716.511;1239.488;3.336;2704.493;2016.812;3043.823;3455.265;0.772;2110.016;-0.402;2400.118;1718.045;1201.085;2784.263;2195.257;827.935;2.466;2899.892;3279.156;29.907;1843.802;1032.836;623.116;237.380;914.395;3599.128;613.748;1137.816;-0.616;2142.743;678.241;2882.857;1856.659;1823.593;2986.940;3600.345;3599.335;1412.007;3597.124;4.984;3011.406;2376.905;1871.847;1659.868;2850.117;2571.319;3316.716;250.296;349.269;2679.142;1250.923;1023.727;334.893;17.449;1438.853;2164.177;3163.024;3409.974;3597.617;1441.896;1591.668;775.092;3134.994;3206.621;3226.038;11.106;2392.070;3225.467;2.653;3599.482;1328.281;2493.675;3.619;3594.447;2275.124;3295.909;3593.773,1653.756;3599.887;2447.147;955.532;453.317;2430.151;3191.421;3600.365;2216.853;361.036;857.369;1783.694;302.322;842.930;-1.421;3562.122;3601.785;1084.990;1488.867;2999.699;2365.438;2510.719;1364.303;2000.899;221.415;3368.256;-1.017;244.023;3044.078;1817.257;2518.269;2151.804;2810.764;2290.995;713.822;3121.041;1153.586;3411.971;1187.381;3599.947;920.192;2216.772;351.032;495.393;2568.756;3239.541;45.464;2146.598;1232.722;422.649;1794.544;1.604;3599.581;178.636;3338.407;2684.720;2.731;1693.934;3598.720;803.729;1926.946;2058.191;1177.398;510.469;1808.944;1648.162;3328.427;2008.512;1481.372;656.387;1301.190;1937.469;2410.293;3600.183;823.015;2859.347;1583.156;2629.365;0.204;2731.045;3382.494;0.425;1288.222;964.276;2933.586;202.287;1323.122;2465.151;3160.149;610.604;0.384;767.986;2886.908;-0.397;2713.675;552.420;3112.588;3046.762;3600.310;1529.298
322,581.2652275562286,321,-562.7459273475744,562.7459273475744,0.06269725499628662,866.627;1604.642;1944.317;2.478;1166.600;721.096;2554.950;455.264;-1.245;3599.144;2261.335;1.182;2559.391;572.522;747.006;896.823;2746.604;2149.174;630.620;1750.169;315.088;3601.329;2005.708;1718.483;1239.971;1.520;2702.654;2015.636;3044.441;3456.776;0.501;2108.138;0.365;2402.035;1716.067;1202.967;2783.982;2194.480;829.883;1.432;2899.389;3280.032;28.215;1842.543;1034.848;621.435;237.474;913.606;3599.741;613.544;1136.693;0.569;2144.039;680.029;2884.842;1854.871;1824.741;2985.838;3599.132;3601.300;1413.918;3598.599;3.074;3013.418;2375.273;1872.780;1660.881;2851.823;2571.099;3318.731;248.727;348.115;2681.101;1248.938;1025.223;336.748;16.412;1440.828;2164.186;3161.072;3411.074;3599.089;1443.721;1589.794;773.076;3132.985;3204.906;3227.088;13.066;2394.086;3223.585;2.371;3598.843;1326.305;2495.040;5.497;3596.469;2273.908;3294.692;3591.884,1655.746;3601.021;2447.433;954.919;453.611;2432.128;3193.230;3599.173;2217.977;359.018;855.592;1783.969;300.474;842.007;0.462;3562.699;3599.854;1086.236;1487.202;2997.726;2363.619;2512.033;1363.400;2002.875;221.350;3367.850;0.850;245.656;3044.918;1817.156;2517.165;2153.272;2808.762;2292.882;712.942;3123.015;1155.573;3413.719;1189.039;3601.544;919.650;2218.444;350.957;493.701;2566.797;3238.057;47.441;2148.296;1230.776;422.807;1796.538;-0.238;3601.083;177.023;3336.457;2686.450;0.920;1692.430;3599.792;803.428;1925.299;2058.167;1179.203;512.474;1808.437;1649.994;3326.440;2006.638;1483.031;654.365;1302.497;1939.128;2408.429;3601.806;821.149;2858.535;1581.157;2627.409;0.557;2732.808;3380.512;-0.253;1289.554;962.448;2932.560;203.084;1322.867;2463.513;3161.249;612.351;-1.433;767.816;2885.286;-2.193;2713.898;553.865;3114.410;3047.365;3599.498;1527.326
323,583.1368839740753,322,-562.778172773417,562.778172773417,0.04633608929416036,867.333;1603.444;1945.415;3.673;1167.541;721.775;2556.130;456.535;0.639;3599.952;2263.213;-0.416;2561.241;574.093;746.870;895.231;2747.204;2149.930;632.298;1748.349;316.071;3599.403;2007.190;1720.205;1241.240;-0.380;2701.817;2013.678;3042.819;3458.671;-0.928;2106.290;-0.842;2400.706;1714.064;1203.442;2785.916;2196.071;830.581;-0.005;2897.964;3278.754;27.440;1840.972;1036.101;623.172;239.205;912.134;3601.115;615.092;1134.784;0.592;2143.313;681.925;2886.220;1855.964;1826.422;2987.430;3598.684;3599.536;1414.207;3600.416;1.253;3014.456;2376.421;1874.736;1660.261;2853.793;2572.801;3318.923;246.809;346.150;2682.510;1250.460;1025.287;335.140;15.534;1440.119;2162.683;3159.167;3412.732;3601.030;1443.115;1588.467;773.024;3134.033;3202.956;3226.427;14.172;2394.605;3221.589;0.996;3600.270;1324.799;2493.525;5.152;3598.309;2275.522;3293.715;3589.908,1657.563;3599.152;2445.737;952.993;451.710;2433.964;3195.227;3597.698;2219.904;357.961;857.354;1782.222;298.481;842.358;0.120;3564.657;3599.894;1088.192;1488.665;2999.539;2364.511;2510.195;1361.447;2004.623;220.068;3365.916;-0.528;247.644;3046.793;1818.479;2518.186;2151.674;2810.075;2291.144;711.034;3124.615;1155.276;3414.967;1191.010;3599.689;917.700;2220.371;352.747;491.717;2567.936;3237.099;45.742;2149.907;1230.761;424.623;1798.365;0.718;3599.235;178.919;3338.114;2687.407;-1.071;1693.892;3601.190;805.153;1923.345;2057.725;1178.616;514.096;1806.509;1651.968;3324.985;2007.745;1483.078;652.691;1303.198;1937.305;2409.768;3599.915;819.195;2856.626;1579.158;2627.754;-1.010;2734.160;3378.532;-1.385;1291.392;960.714;2930.737;205.048;1321.020;2463.889;3163.078;612.874;0.503;769.496;2883.917;-0.263;2712.112;552.737;3112.720;3045.474;3600.746;1525.811
324,584.8330678939819,323,-562.7804736990449,562.7804736990449,0.06185788195705455,869.261;1602.037;1945.851;1.803;1169.441;719.909;2555.111;458.486;0.473;3599.792;2261.388;-2.377;2563.214;573.530;748.436;894.265;2749.136;2151.867;630.464;1746.393;317.991;3600.297;2005.443;1718.583;1239.621;-0.076;2699.877;2015.500;3041.013;3456.889;0.934;2104.483;0.830;2401.238;1712.133;1201.952;2787.875;2198.028;832.464;-1.958;2898.831;3277.406;29.260;1839.016;1034.338;621.360;238.418;914.026;3599.306;617.016;1136.667;0.248;2141.794;680.361;2887.679;1855.853;1827.116;2985.603;3599.109;3600.568;1415.829;3602.368;1.781;3016.401;2374.514;1873.388;1658.338;2855.773;2570.912;3317.051;245.456;346.581;2684.466;1252.282;1026.843;333.692;17.436;1441.935;2164.530;3157.577;3410.888;3599.593;1445.031;1586.654;771.308;3135.012;3200.980;3224.506;16.116;2392.742;3219.618;1.557;3600.637;1322.856;2492.436;3.398;3600.280;2277.421;3295.541;3587.942,1659.266;3600.480;2444.626;953.885;449.869;2435.928;3196.866;3598.357;2221.589;356.627;857.652;1781.438;297.603;840.845;1.793;3565.492;3601.105;1087.206;1490.623;2997.904;2364.373;2511.949;1359.743;2006.591;218.294;3366.553;0.218;246.215;3045.434;1820.429;2516.269;2150.428;2809.199;2289.495;709.067;3126.552;1153.495;3416.916;1192.972;3600.681;916.804;2218.708;354.596;493.393;2566.326;3235.157;45.508;2148.045;1228.920;425.787;1797.525;-1.058;3599.069;180.321;3338.557;2689.345;0.674;1692.967;3599.369;804.369;1922.440;2059.498;1180.148;515.958;1808.027;1650.883;3323.059;2005.888;1484.950;652.813;1305.074;1935.746;2411.345;3600.496;817.221;2855.426;1577.210;2627.736;0.824;2732.325;3376.617;0.492;1293.236;958.746;2930.555;203.513;1322.845;2462.028;3164.761;614.804;0.224;768.578;2881.968;-0.233;2713.729;553.930;3114.425;3046.952;3598.883;1523.868
325,586.6612389087677,324,-562.7934093404172,562.7934093404172,0.05028837066152181,868.329;1600.108;1947.654;3.568;1167.776;719.583;2556.606;459.548;0.009;3598.941;2262.100;-0.525;2561.866;572.151;750.347;892.373;2749.482;2151.194;632.056;1744.845;319.941;3601.999;2007.123;1718.615;1241.353;1.622;2698.930;2014.147;3039.129;3457.473;-0.781;2102.737;-0.073;2401.141;1712.942;1202.257;2787.311;2199.754;830.737;-0.296;2900.448;3275.529;28.133;1839.512;1035.686;621.408;236.515;913.408;3599.852;615.475;1136.610;-1.169;2139.861;678.672;2889.610;1857.626;1825.773;2987.179;3601.007;3599.264;1417.657;3600.672;-0.112;3016.225;2373.560;1874.070;1659.486;2856.500;2569.145;3318.787;243.535;346.197;2686.237;1254.167;1028.693;335.452;18.939;1442.340;2165.670;3155.639;3412.036;3601.394;1444.954;1584.793;772.177;3133.361;3199.306;3224.395;17.478;2394.194;3218.751;-0.330;3598.852;1322.778;2490.515;4.246;3598.792;2279.157;3294.209;3588.636,1661.207;3599.745;2446.504;952.113;448.138;2437.881;3198.804;3598.356;2223.531;354.722;859.508;1783.296;299.302;838.915;3.476;3566.898;3599.259;1089.031;1489.395;2996.166;2366.062;2513.567;1357.822;2008.376;216.396;3368.425;1.988;245.448;3047.029;1822.052;2514.336;2152.250;2807.891;2287.556;707.135;3125.895;1152.940;3418.826;1193.104;3599.111;918.536;2216.769;356.471;494.452;2567.088;3236.138;47.069;2146.462;1226.972;424.401;1799.189;-1.614;3600.206;182.246;3336.767;2690.928;-0.166;1691.051;3599.402;802.535;1920.525;2061.429;1181.655;517.337;1809.729;1648.988;3321.112;2005.224;1486.900;650.923;1307.024;1933.810;2409.562;3600.470;816.749;2853.520;1576.874;2629.635;-0.043;2730.397;3377.361;1.191;1293.892;959.533;2931.797;201.600;1324.761;2463.791;3166.663;616.495;0.401;770.414;2880.849;0.705;2712.632;554.382;3113.681;3048.618;3599.081;1522.035
326,588.5142612457275,325,-562.7634710178227,562.7634710178227,0.053792384363707355,869.892;1601.577;1945.831;3.105;1169.564;718.056;2558.322;460.694;-1.097;3600.591;2260.323;1.167;2563.517;570.332;749.322;891.896;2751.042;2152.954;630.981;1746.429;320.412;3600.161;2005.362;1720.409;1239.578;3.374;2698.026;2015.174;3040.925;3458.384;0.601;2103.821;0.809;2402.597;1711.472;1203.910;2787.798;2197.997;831.735;1.277;2902.360;3277.199;26.262;1837.851;1034.288;619.731;238.230;914.860;3598.765;617.134;1137.133;0.691;2141.446;676.756;2888.513;1859.548;1827.511;2985.620;3599.191;3599.977;1419.416;3600.242;-0.286;3018.049;2371.733;1874.093;1657.835;2858.279;2567.626;3319.325;245.165;344.319;2687.860;1255.689;1030.612;333.754;17.349;1443.904;2167.566;3154.743;3413.547;3599.635;1446.727;1582.923;771.114;3131.459;3200.907;3222.774;15.833;2392.788;3220.468;0.312;3596.938;1320.945;2488.589;6.129;3600.080;2277.360;3295.150;3587.008,1659.948;3601.450;2444.809;953.026;449.860;2438.739;3198.148;3600.205;2224.009;355.755;859.646;1782.823;298.797;837.999;1.795;3568.762;3598.998;1087.419;1491.122;2994.799;2364.409;2514.922;1358.740;2009.334;214.470;3369.659;0.297;243.630;3048.815;1820.420;2513.000;2152.416;2809.708;2285.900;708.320;3127.606;1151.056;3417.053;1192.312;3598.524;916.915;2217.347;355.810;496.210;2567.771;3234.963;45.265;2147.512;1225.776;426.193;1800.895;0.248;3601.997;180.980;3338.309;2692.732;-1.474;1691.350;3601.271;804.054;1920.397;2061.710;1183.482;519.213;1807.970;1650.601;3321.214;2006.902;1488.265;650.979;1306.487;1933.562;2411.055;3598.682;818.603;2855.124;1575.026;2628.620;1.047;2729.173;3375.663;2.357;1295.778;957.722;2929.945;200.359;1326.563;2462.827;3165.094;618.242;-1.339;770.360;2878.955;-1.082;2714.206;556.265;3114.347;3048.461;3597.694;1520.163
327,590.3910412788391,326,-562.7234752497177,562.7234752497177,0.03712114037198215,871.706;1603.456;1943.932;1.349;1171.440;716.213;2560.206;458.860;0.736;3598.858;2258.449;2.830;2562.118;570.100;747.455;890.065;2749.217;2152.477;629.218;1744.618;321.754;3599.435;2003.724;1718.704;1239.996;5.253;2699.845;2016.904;3042.776;3460.251;1.357;2105.567;-0.998;2404.475;1713.267;1202.139;2786.111;2196.407;833.408;0.098;2904.252;3275.388;24.362;1839.463;1035.818;617.927;240.058;915.748;3596.916;619.025;1138.178;-0.065;2143.289;674.854;2890.252;1861.413;1825.854;2987.137;3600.068;3601.687;1418.186;3598.667;1.518;3016.672;2372.817;1872.268;1655.955;2860.116;2565.743;3317.518;244.044;344.996;2686.225;1257.315;1029.254;335.092;15.460;1442.109;2169.468;3156.561;3415.433;3600.144;1445.070;1581.030;772.958;3131.675;3199.328;3220.913;13.942;2394.579;3222.260;1.780;3598.623;1319.066;2488.972;7.980;3601.698;2275.472;3293.304;3588.771,1658.487;3599.711;2442.948;951.233;451.432;2437.109;3196.372;3599.328;2225.269;357.620;860.604;1784.517;297.089;839.522;-0.088;3570.567;3598.986;1088.844;1491.604;2995.206;2362.598;2513.586;1357.107;2008.983;212.963;3371.114;-0.401;243.501;3050.354;1819.817;2514.531;2154.222;2809.647;2285.342;708.959;3129.105;1150.519;3415.439;1194.076;3597.243;915.728;2215.733;353.950;497.949;2569.633;3234.446;44.863;2146.593;1227.433;428.019;1802.580;0.124;3600.185;181.154;3340.090;2691.028;0.354;1692.785;3599.734;805.550;1919.341;2061.993;1185.378;518.307;1807.192;1649.687;3322.892;2007.313;1488.473;650.357;1304.843;1933.862;2411.893;3597.147;819.649;2856.137;1573.440;2629.859;1.038;2730.903;3377.376;3.814;1294.674;956.718;2930.565;199.461;1325.481;2464.397;3164.451;620.108;0.407;772.007;2879.457;0.353;2716.068;556.796;3113.271;3046.652;3595.985;1521.140
328,592.0893676280975,327,-562.7974981206062,562.7974981206062,0.057932987857580616,871.527;1603.570;1944.794;-0.185;1172.330;717.612;2562.025;459.007;1.454;3600.513;2259.031;3.888;2562.246;568.267;745.587;888.255;2749.478;2150.722;629.718;1743.980;320.072;3599.678;2003.517;1720.340;1241.563;6.022;2698.942;2018.774;3041.408;3462.027;-0.151;2103.841;0.658;2406.179;1714.131;1203.598;2787.692;2196.205;835.274;-1.697;2902.998;3275.632;24.315;1838.551;1037.602;616.389;239.253;914.980;3596.931;618.735;1139.466;-0.718;2144.241;676.217;2888.688;1859.999;1824.081;2988.106;3601.484;3599.879;1416.342;3599.129;1.727;3017.992;2374.647;1871.155;1654.736;2860.002;2564.105;3315.866;244.965;345.859;2684.942;1259.179;1027.463;334.373;14.316;1440.237;2168.375;3157.421;3414.296;3601.477;1445.120;1581.268;772.487;3133.084;3198.039;3219.689;13.517;2395.934;3220.718;3.575;3600.487;1317.397;2490.158;7.946;3599.900;2276.381;3293.239;3588.169,1656.996;3598.338;2444.270;952.071;449.719;2437.743;3194.513;3601.094;2223.522;359.282;858.800;1782.878;297.814;841.384;-1.848;3568.978;3600.772;1087.516;1492.730;2993.437;2361.355;2515.328;1358.791;2007.433;214.684;3372.618;-0.793;241.705;3048.595;1817.987;2515.727;2152.780;2807.824;2287.142;710.662;3127.414;1148.824;3417.181;1192.362;3599.037;917.347;2217.158;352.168;497.383;2568.106;3236.259;46.644;2148.399;1229.208;429.827;1800.913;-1.466;3599.045;181.843;3341.913;2692.715;1.775;1694.641;3598.201;807.409;1921.057;2063.717;1183.703;516.494;1805.596;1647.931;3321.641;2005.573;1486.691;649.013;1306.611;1935.684;2410.340;3598.885;817.890;2854.451;1571.637;2628.165;-0.778;2731.346;3376.564;2.041;1293.312;958.271;2931.882;200.611;1323.696;2462.760;3162.631;621.181;-0.161;770.335;2880.908;0.069;2717.840;558.287;3115.082;3048.135;3597.714;1522.564
329,593.9332761764526,328,-562.751793360561,562.751793360561,0.0327696689645382,869.724;1603.786;1946.492;-0.517;1172.195;715.931;2560.337;460.241;-0.226;3599.088;2257.288;2.698;2560.444;568.970;746.956;887.249;2750.140;2152.263;631.525;1743.176;321.466;3601.041;2005.283;1718.653;1241.821;6.443;2697.336;2020.246;3041.348;3460.353;-1.384;2102.092;0.658;2408.015;1715.800;1202.094;2787.833;2197.944;834.694;0.063;2903.838;3277.265;22.826;1837.974;1038.516;614.619;240.988;916.776;3598.714;617.315;1141.285;0.948;2144.560;674.511;2890.380;1861.366;1822.367;2986.761;3599.750;3600.365;1417.985;3600.938;0.606;3019.545;2373.344;1869.337;1652.932;2861.765;2562.283;3314.340;243.821;347.677;2684.881;1259.879;1026.672;335.695;12.594;1439.172;2170.103;3157.802;3412.647;3599.735;1444.052;1582.071;770.782;3133.514;3196.210;3217.863;11.858;2394.694;3222.148;4.004;3599.688;1316.286;2491.981;9.425;3600.091;2277.937;3293.324;3589.788,1655.435;3597.295;2445.795;952.673;448.576;2436.011;3192.685;3599.357;2224.856;359.784;859.533;1784.482;299.628;839.959;-0.136;3569.637;3599.322;1088.575;1490.977;2994.576;2359.527;2513.870;1357.367;2009.203;214.928;3374.444;1.010;240.380;3050.168;1819.706;2517.520;2154.406;2809.160;2288.945;708.918;3128.503;1146.982;3418.737;1193.691;3600.128;919.130;2215.807;353.420;495.571;2569.638;3236.040;45.369;2150.106;1228.100;428.172;1802.488;0.223;3600.179;183.654;3340.278;2691.851;3.441;1693.186;3598.148;809.084;1922.561;2062.050;1184.019;515.267;1807.193;1646.086;3319.823;2003.754;1488.155;647.182;1308.384;1935.379;2408.550;3598.792;816.484;2852.610;1569.851;2626.621;0.285;2733.134;3377.572;3.365;1294.397;957.450;2930.128;198.822;1325.122;2464.412;3163.915;623.003;1.388;771.973;2879.486;-1.009;2716.176;560.121;3114.020;3046.681;3599.511;1520.995
330,595.8043644428253,329,-562.7596708445809,562.7596708445809,0.06123333426441679,870.912;1605.292;1947.480;-2.294;1170.429;717.445;2560.604;458.651;0.558;3600.548;2255.682;2.789;2559.691;567.426;745.318;885.458;2751.866;2153.065;631.295;1744.886;320.089;3599.316;2007.017;1718.902;1243.571;5.244;2698.893;2021.504;3041.721;3461.459;0.379;2103.544;-0.817;2409.832;1717.086;1200.314;2789.452;2197.696;833.022;0.953;2902.815;3278.525;21.553;1839.501;1036.821;615.938;242.767;917.069;3600.510;616.759;1143.000;-0.708;2142.793;675.896;2889.136;1862.875;1820.544;2988.424;3601.024;3599.430;1416.562;3599.581;1.600;3018.028;2374.753;1868.293;1654.313;2863.220;2560.805;3313.492;242.133;346.242;2683.109;1258.259;1024.992;337.499;10.796;1437.453;2169.471;3156.406;3410.843;3598.616;1442.258;1583.858;770.696;3135.031;3194.415;3216.052;12.544;2394.456;3223.317;5.790;3601.200;1317.958;2490.672;9.923;3601.360;2279.749;3293.656;3591.591,1653.623;3595.597;2447.563;950.909;446.882;2434.194;3193.221;3599.180;2223.755;361.549;861.226;1783.186;298.046;841.004;0.332;3571.387;3600.741;1090.265;1490.537;2995.530;2361.140;2512.173;1356.385;2008.666;214.328;3373.244;0.371;241.782;3050.014;1819.754;2518.878;2152.956;2810.501;2287.450;708.857;3130.301;1147.017;3418.198;1195.344;3601.722;917.409;2214.910;353.426;493.751;2571.453;3237.406;43.678;2149.024;1229.742;427.351;1800.773;1.463;3600.793;183.565;3341.537;2691.531;5.025;1694.593;3596.441;810.558;1924.371;2063.135;1182.387;513.788;1805.763;1645.511;3319.922;2004.916;1489.552;648.756;1309.435;1933.757;2410.256;3598.048;814.775;2850.841;1570.000;2627.810;-1.332;2733.036;3378.531;1.803;1292.889;958.712;2928.430;199.525;1323.540;2465.375;3165.687;623.281;1.249;773.769;2877.741;0.749;2717.685;558.764;3112.379;3045.107;3601.299;1522.615
331,597.6990633010864,330,-562.7724867402596,562.7724867402596,0.02135429863633658,871.035;1603.720;1946.209;-0.647;1169.987;718.721;2562.320;457.036;-0.084;3599.207;2255.252;1.045;2558.024;565.639;744.238;887.140;2750.843;2154.801;632.867;1746.320;318.303;3599.149;2006.010;1720.119;1242.140;5.412;2697.941;2023.284;3043.475;3462.222;-0.141;2102.079;0.868;2411.357;1718.867;1198.716;2791.240;2198.911;831.747;-0.502;2901.137;3280.271;23.249;1841.293;1035.031;614.233;241.232;916.618;3599.365;618.440;1142.046;0.681;2141.674;677.007;2889.958;1864.518;1818.742;2987.666;3600.657;3600.831;1415.878;3599.513;-0.108;3016.760;2374.292;1867.183;1656.098;2864.977;2559.029;3312.004;242.444;347.880;2681.566;1256.532;1026.240;337.207;9.503;1436.113;2169.310;3157.823;3409.166;3599.927;1443.621;1584.747;772.106;3136.807;3194.474;3216.930;14.288;2392.750;3221.631;4.825;3599.499;1319.286;2489.800;8.916;3599.644;2280.411;3292.015;3591.244,1654.722;3597.263;2449.365;949.840;448.000;2435.169;3193.969;3597.602;2222.019;359.907;863.025;1781.435;296.625;839.314;1.577;3573.189;3599.272;1091.939;1492.181;2993.785;2359.684;2510.445;1358.002;2009.388;212.566;3373.759;-0.472;240.058;3048.277;1818.102;2520.662;2154.529;2811.459;2286.981;708.446;3132.103;1145.362;3416.543;1193.805;3599.991;915.628;2216.585;355.179;495.232;2570.596;3235.794;41.898;2150.542;1228.740;425.627;1801.970;0.089;3599.063;181.894;3343.121;2689.802;3.586;1696.175;3598.089;811.965;1922.993;2061.431;1183.867;515.477;1803.980;1646.839;3321.283;2006.673;1491.314;647.676;1307.841;1935.274;2409.840;3596.287;816.432;2851.899;1571.728;2629.587;0.346;2734.775;3380.300;2.576;1291.714;956.993;2928.540;201.179;1323.875;2465.680;3167.467;625.000;-0.499;773.545;2875.940;0.597;2718.857;560.287;3110.585;3046.693;3599.635;1521.184
332,599.4104523658752,331,-562.8025020200002,562.8025020200002,0.053191357284690356,869.353;1605.384;1947.821;0.740;1170.360;719.715;2563.017;455.275;-1.713;3600.306;2256.980;2.282;2556.301;565.207;743.807;888.861;2751.794;2153.104;634.628;1744.742;318.423;3598.769;2007.270;1718.747;1240.407;6.900;2699.571;2024.998;3042.051;3463.911;-1.196;2103.698;1.590;2413.071;1720.311;1196.944;2789.560;2200.667;833.229;0.795;2902.539;3278.801;21.899;1843.059;1036.088;612.591;239.583;918.309;3600.577;619.964;1140.326;1.705;2140.344;675.427;2888.901;1863.357;1817.007;2989.375;3602.000;3599.225;1417.521;3598.001;0.874;3015.004;2375.677;1868.733;1655.042;2863.275;2557.255;3313.693;240.713;349.565;2681.064;1254.759;1024.519;335.801;7.743;1434.357;2167.866;3159.581;3407.568;3601.433;1441.983;1586.485;773.846;3135.887;3196.108;3218.142;12.693;2394.045;3223.226;3.714;3599.956;1321.046;2491.493;7.171;3599.414;2278.723;3290.243;3592.929,1656.474;3598.851;2451.056;950.805;449.675;2436.919;3195.697;3595.936;2223.567;358.240;864.634;1782.891;297.376;839.438;3.292;3572.697;3599.999;1090.387;1491.108;2992.013;2357.940;2511.225;1359.771;2010.252;211.467;3375.487;1.203;238.284;3046.888;1816.331;2521.873;2155.678;2809.805;2285.519;706.911;3133.768;1143.858;3417.979;1192.138;3600.726;916.189;2215.534;354.468;495.586;2568.867;3237.359;42.703;2148.951;1227.364;427.050;1803.526;-1.609;3599.982;180.164;3341.603;2691.270;5.189;1694.722;3597.199;813.664;1921.325;2062.662;1185.629;517.152;1803.723;1648.508;3319.575;2006.254;1493.083;645.926;1307.961;1933.795;2408.148;3597.124;816.032;2851.388;1570.641;2631.365;-0.076;2736.210;3382.066;0.988;1289.961;955.732;2930.266;201.083;1322.241;2466.504;3166.851;626.473;0.861;771.923;2876.316;-0.564;2717.673;561.805;3109.874;3048.459;3599.096;1519.866
333,601.2652862071991,332,-562.8040065452176,562.8040065452176,0.025984292311434776,870.923;1606.976;1949.569;1.641;1168.659;721.442;2561.886;453.519;-0.023;3600.195;2258.557;3.552;2557.520;566.643;745.513;888.855;2750.201;2151.976;633.213;1743.100;320.023;3600.363;2008.911;1717.177;1238.796;5.199;2701.317;2023.589;3040.334;3463.206;0.466;2105.435;0.724;2414.564;1722.040;1195.496;2787.960;2202.418;831.579;2.449;2904.279;3277.102;20.218;1844.559;1034.436;613.019;239.511;919.803;3598.907;621.704;1141.660;0.149;2138.611;673.679;2887.296;1861.630;1815.959;2990.933;3600.320;3599.455;1419.153;3599.259;2.415;3013.324;2374.058;1867.114;1653.314;2861.695;2558.842;3312.436;240.071;348.099;2679.461;1256.348;1022.977;337.427;7.529;1434.186;2166.124;3161.155;3409.179;3599.758;1440.235;1588.154;775.595;3134.244;3196.745;3216.598;11.023;2392.417;3224.945;2.014;3599.921;1322.802;2490.298;5.512;3600.253;2278.115;3288.678;3594.671,1657.635;3600.026;2451.849;950.793;448.231;2437.047;3194.583;3597.076;2222.006;359.821;866.383;1782.523;295.861;840.957;2.511;3574.184;3601.194;1090.980;1492.718;2990.883;2359.271;2509.797;1359.044;2011.975;209.737;3374.303;0.556;238.093;3045.465;1817.044;2520.366;2154.864;2811.257;2287.083;708.492;3133.218;1142.115;3419.692;1192.094;3599.873;917.873;2213.806;353.284;496.048;2570.097;3238.669;41.173;2147.206;1227.406;428.766;1801.878;-0.022;3600.958;181.789;3343.160;2690.054;3.917;1694.471;3597.647;811.983;1919.827;2064.065;1187.364;515.580;1802.139;1646.825;3319.350;2007.926;1494.720;645.877;1306.295;1933.871;2409.040;3598.827;814.900;2852.957;1572.049;2633.069;-0.736;2734.653;3383.473;-0.433;1288.206;956.599;2930.249;199.532;1323.331;2468.226;3165.206;626.019;1.437;770.303;2878.006;0.974;2719.273;560.290;3108.195;3049.012;3598.835;1521.098
334,603.1419739723206,333,-562.8071155908576,562.8071155908576,0.04391722792923976,869.822;1607.856;1948.165;0.199;1170.269;720.660;2562.493;452.016;0.739;3598.543;2257.057;1.910;2556.013;568.078;745.527;887.980;2748.488;2153.320;632.975;1741.376;321.504;3600.899;2008.757;1715.452;1237.087;6.610;2703.046;2023.412;3041.906;3461.526;0.152;2107.064;-0.956;2412.950;1723.772;1196.544;2786.321;2201.234;829.946;0.892;2906.001;3275.374;21.186;1846.262;1035.179;611.364;241.144;918.176;3599.900;623.435;1142.788;0.192;2139.801;672.053;2888.911;1862.557;1816.953;2989.821;3599.219;3600.773;1418.358;3600.944;0.852;3011.608;2372.550;1865.391;1654.335;2863.115;2560.404;3311.681;238.690;349.258;2679.055;1255.787;1024.508;338.038;6.592;1434.039;2167.698;3162.878;3410.894;3600.611;1439.150;1586.575;777.184;3132.556;3198.231;3214.890;9.471;2392.426;3226.309;3.341;3601.597;1322.533;2488.706;3.975;3598.656;2276.874;3286.953;3596.151,1657.631;3601.719;2450.218;952.476;449.633;2435.541;3192.993;3598.228;2220.507;360.990;864.979;1780.914;297.499;841.622;0.815;3572.617;3599.519;1089.329;1491.487;2989.857;2360.757;2511.306;1358.375;2012.607;208.022;3374.961;2.175;237.621;3047.060;1815.515;2521.354;2156.472;2810.195;2288.740;708.518;3131.527;1140.409;3418.055;1190.463;3600.704;919.563;2212.101;351.731;497.742;2571.309;3240.347;40.133;2148.521;1226.105;430.495;1800.442;0.114;3599.328;182.362;3341.875;2688.564;2.839;1696.093;3599.285;811.159;1921.383;2064.983;1186.210;513.876;1800.480;1645.179;3321.027;2009.646;1493.336;647.531;1307.777;1932.692;2408.328;3600.391;816.420;2854.305;1573.765;2631.822;0.822;2736.099;3385.140;1.078;1286.813;957.318;2930.423;197.813;1325.038;2466.711;3166.573;624.337;2.740;768.604;2877.104;0.280;2718.393;560.772;3109.645;3050.546;3597.741;1522.400
335,604.8381640911102,334,-562.838981717625,562.838981717625,0.045284036781575276,871.315;1606.229;1947.707;0.931;1169.511;720.498;2560.864;452.476;0.844;3599.037;2258.146;1.250;2557.182;566.467;746.383;886.327;2748.598;2154.192;631.353;1740.339;319.938;3599.247;2007.879;1716.658;1237.876;8.130;2703.252;2021.759;3041.596;3460.114;0.387;2108.272;0.488;2414.294;1724.296;1194.984;2785.033;2202.302;828.274;-0.713;2906.483;3275.287;20.039;1847.369;1034.090;611.701;240.581;918.910;3601.548;622.656;1141.381;-1.352;2138.794;672.994;2888.238;1861.343;1818.355;2991.195;3597.761;3599.177;1419.600;3599.978;-0.841;3011.439;2370.850;1865.130;1655.929;2863.334;2559.472;3313.088;240.167;350.796;2677.501;1257.403;1025.638;339.690;8.160;1435.679;2166.439;3162.154;3412.578;3600.457;1438.279;1585.429;778.745;3131.037;3196.865;3214.969;10.185;2390.848;3225.517;3.637;3600.071;1322.634;2487.536;5.350;3597.038;2278.419;3287.645;3596.238,1655.995;3600.099;2448.790;952.515;448.191;2436.582;3191.290;3599.608;2219.349;362.673;865.343;1780.514;298.269;840.119;-0.419;3573.873;3599.868;1089.620;1491.972;2991.473;2359.600;2511.861;1356.731;2014.256;207.044;3373.350;1.437;239.258;3047.582;1816.832;2522.805;2157.510;2810.164;2288.280;709.477;3130.054;1141.348;3419.006;1191.817;3599.216;921.167;2211.573;353.123;496.670;2572.050;3238.920;40.453;2148.303;1227.749;432.122;1798.816;-1.470;3599.890;183.997;3342.257;2690.021;1.155;1694.510;3600.991;809.494;1920.284;2063.385;1187.731;512.243;1801.111;1643.480;3321.329;2010.131;1494.807;647.168;1306.527;1934.293;2409.852;3599.117;816.318;2855.999;1575.284;2633.369;1.207;2734.959;3383.661;-0.153;1286.014;958.993;2932.038;197.194;1325.645;2465.068;3166.978;625.132;1.200;767.201;2878.682;-1.163;2719.008;559.248;3108.172;3052.173;3599.027;1523.931
336,606.6826877593994,335,-562.8631592428846,562.8631592428846,0.044952843840635026,870.220;1606.219;1949.046;1.849;1169.543;718.997;2559.332;453.783;-0.606;3600.672;2257.328;-0.339;2556.251;566.338;744.992;887.387;2750.032;2155.666;632.402;1741.457;321.043;3599.456;2009.451;1715.150;1238.429;8.281;2702.324;2022.266;3041.978;3458.567;-1.173;2109.898;0.263;2414.447;1725.886;1193.314;2785.125;2201.830;826.660;0.325;2907.330;3275.304;20.821;1846.018;1033.842;611.549;238.954;920.516;3599.998;623.335;1142.774;0.257;2137.745;673.861;2887.310;1861.335;1817.159;2991.356;3598.357;3599.931;1421.104;3601.567;0.196;3011.982;2369.232;1863.686;1655.969;2864.798;2558.851;3311.617;241.430;352.150;2678.704;1257.711;1025.895;341.353;7.325;1435.054;2165.689;3161.748;3412.468;3599.010;1439.701;1586.631;777.640;3132.096;3195.193;3213.610;9.891;2389.991;3224.087;3.520;3600.800;1321.930;2485.891;4.194;3595.794;2279.737;3289.105;3596.094,1657.479;3599.340;2449.185;950.975;447.129;2438.238;3190.799;3601.257;2220.923;362.205;866.443;1782.094;297.414;840.889;1.099;3574.250;3600.065;1089.288;1491.285;2991.096;2357.949;2513.504;1358.145;2015.748;205.604;3372.486;2.735;239.054;3046.149;1816.755;2521.408;2156.034;2809.884;2287.282;707.857;3131.229;1142.796;3420.504;1193.320;3600.275;922.000;2209.983;351.937;496.197;2570.496;3240.215;42.080;2146.709;1227.780;431.640;1798.288;0.028;3601.439;182.811;3341.084;2691.556;1.268;1693.827;3599.573;809.385;1921.608;2064.745;1189.289;511.999;1802.757;1643.551;3319.829;2008.529;1496.310;645.580;1305.861;1932.784;2408.363;3600.661;814.759;2854.696;1575.300;2633.521;-0.333;2733.675;3383.452;0.381;1284.366;959.103;2933.717;195.821;1326.871;2466.057;3166.204;623.684;-0.241;765.555;2877.755;0.458;2719.616;558.362;3108.620;3053.857;3600.679;1525.399
337,608.5522058010101,336,-562.880210557729,562.880210557729,0.057479575586024734,871.331;1605.450;1948.228;0.244;1168.694;719.856;2560.816;455.430;0.691;3599.162;2256.051;-1.103;2554.644;566.035;743.378;886.719;2748.847;2155.387;633.807;1740.164;322.670;3600.966;2011.107;1715.752;1240.026;6.717;2700.702;2023.678;3042.307;3456.912;0.390;2108.337;-1.027;2413.871;1727.317;1194.841;2786.720;2200.281;828.076;-0.884;2905.895;3276.889;19.588;1845.028;1035.455;613.123;240.038;919.030;3599.243;621.826;1141.750;0.467;2139.090;675.336;2888.915;1862.878;1818.527;2992.809;3599.724;3601.505;1422.748;3600.313;-1.290;3013.533;2369.952;1865.061;1654.925;2863.793;2557.223;3310.219;243.072;350.657;2680.342;1256.454;1027.295;340.421;8.770;1436.192;2165.798;3160.439;3412.186;3599.428;1438.552;1587.496;776.004;3133.735;3196.276;3213.873;8.317;2388.358;3222.794;5.136;3599.293;1320.311;2487.412;3.432;3596.736;2278.426;3288.256;3597.581,1658.749;3600.632;2450.806;952.301;445.936;2439.860;3192.150;3599.656;2222.209;363.299;868.082;1783.753;298.976;839.287;-0.159;3575.731;3601.666;1090.548;1489.655;2992.106;2356.698;2513.932;1356.802;2015.584;206.033;3374.075;4.099;239.225;3044.539;1818.347;2520.132;2157.611;2808.578;2285.687;706.204;3129.801;1142.459;3419.198;1191.941;3598.701;920.831;2208.348;353.488;494.590;2569.057;3240.719;40.669;2147.462;1226.182;431.775;1798.188;-0.808;3599.860;184.384;3339.444;2690.270;-0.310;1692.220;3600.937;807.821;1920.059;2065.653;1190.943;513.466;1804.115;1642.062;3319.912;2009.741;1497.964;643.943;1304.251;1931.679;2406.794;3599.156;815.985;2856.086;1576.434;2634.103;0.810;2732.074;3381.922;2.004;1285.824;960.691;2935.369;194.172;1328.241;2466.727;3164.606;625.220;-1.888;766.527;2879.223;-0.528;2718.001;559.932;3107.427;3055.513;3599.203;1523.783
338,610.247142791748,337,-562.8795292946752,562.8795292946752,0.03282241619992434,872.558;1604.095;1949.711;-0.365;1167.114;718.785;2559.430;454.257;-0.702;3600.065;2254.496;0.486;2555.792;564.447;741.794;888.040;2750.304;2154.169;632.563;1741.709;322.007;3599.421;2010.017;1715.010;1240.140;5.116;2699.838;2025.107;3043.116;3457.130;0.514;2108.608;0.557;2415.434;1728.948;1194.788;2788.332;2198.647;828.389;0.508;2904.365;3278.201;21.174;1843.470;1035.678;611.786;238.708;919.210;3600.337;621.062;1140.136;1.582;2140.221;676.970;2888.047;1861.314;1817.022;2991.546;3601.353;3599.957;1422.350;3598.896;-0.067;3013.491;2370.722;1864.281;1656.450;2865.192;2558.366;3308.626;244.651;351.199;2679.251;1254.832;1028.662;340.617;7.240;1434.738;2164.297;3161.041;3410.784;3600.299;1439.977;1589.093;775.032;3135.342;3195.517;3215.297;9.870;2388.230;3221.173;6.105;3599.943;1321.432;2486.978;1.827;3595.315;2279.875;3289.456;3599.053,1657.440;3599.442;2450.214;953.832;447.467;2440.438;3192.286;3600.285;2222.496;361.866;866.883;1784.727;299.003;838.582;-1.124;3576.738;3600.147;1092.170;1488.265;2990.923;2355.192;2515.439;1357.880;2015.137;204.445;3374.634;2.647;237.835;3045.099;1818.203;2521.650;2157.264;2806.964;2286.670;707.552;3129.561;1144.031;3417.753;1190.521;3599.026;919.211;2208.373;352.438;493.234;2567.517;3242.318;42.102;2148.380;1225.446;430.444;1799.623;-0.621;3600.953;183.911;3338.767;2689.240;0.525;1690.670;3599.988;808.117;1920.217;2065.673;1190.921;514.631;1805.074;1643.498;3320.051;2009.517;1498.381;644.964;1305.292;1931.040;2405.276;3598.407;817.596;2855.358;1578.053;2635.670;1.089;2733.497;3382.899;2.536;1286.576;960.142;2936.841;195.276;1328.818;2465.771;3162.971;623.892;-0.332;765.232;2877.792;0.695;2718.700;559.893;3107.814;3056.956;3599.909;1523.523
339,612.0764410495758,338,-562.9020826365976,562.9020826365976,0.044936690487617774,874.159;1604.064;1951.216;-0.494;1167.714;720.262;2557.927;455.489;0.759;3601.480;2255.821;0.025;2557.383;565.537;741.244;886.485;2751.495;2152.574;630.961;1741.546;321.666;3600.404;2011.552;1716.506;1240.560;4.514;2698.701;2024.188;3041.547;3458.114;-0.346;2107.517;0.506;2416.788;1730.397;1195.964;2789.484;2197.501;828.352;0.275;2902.833;3276.970;20.392;1841.868;1034.242;613.239;237.633;920.077;3599.152;620.228;1139.848;0.413;2141.819;676.613;2886.796;1859.821;1816.411;2992.784;3599.908;3600.286;1423.198;3598.592;-0.498;3015.061;2369.382;1865.728;1656.393;2865.113;2559.636;3308.062;246.217;349.911;2679.181;1253.867;1030.261;342.126;6.128;1436.084;2162.709;3159.544;3411.955;3598.793;1438.600;1587.844;773.473;3135.349;3194.079;3216.827;9.818;2386.867;3219.646;6.655;3599.866;1319.962;2488.341;2.428;3596.521;2281.485;3291.037;3597.659,1655.853;3598.885;2451.563;953.036;446.035;2442.019;3193.752;3598.878;2220.970;360.293;868.096;1783.503;297.458;837.002;0.429;3578.323;3600.515;1093.766;1489.756;2992.330;2353.580;2513.971;1356.344;2016.710;204.737;3376.108;1.087;239.370;3046.680;1819.619;2520.708;2157.307;2807.128;2285.140;707.135;3128.074;1144.650;3416.423;1188.956;3600.484;917.613;2209.753;353.877;491.628;2565.904;3241.249;43.335;2149.969;1223.861;431.983;1800.928;-2.044;3599.692;185.315;3340.250;2690.736;0.195;1689.079;3599.152;807.176;1918.716;2064.319;1192.073;516.142;1806.664;1642.578;3318.483;2010.448;1499.827;644.736;1306.888;1932.568;2406.530;3596.950;816.177;2853.785;1576.693;2637.284;-0.481;2732.613;3381.355;0.998;1288.160;958.621;2938.452;194.374;1330.401;2464.211;3164.372;625.358;0.909;766.638;2877.666;-0.096;2717.347;561.382;3106.251;3056.652;3601.494;1522.005
340,613.9321613311768,339,-562.9081668451471,562.9081668451471,0.04274522491584978,873.874;1602.516;1950.738;0.887;1166.891;718.933;2559.255;457.046;-0.164;3599.964;2257.250;1.108;2557.553;564.072;739.684;887.540;2752.825;2153.823;632.177;1742.850;320.111;3599.458;2010.879;1715.978;1242.120;5.847;2697.124;2025.717;3040.397;3459.684;1.036;2106.066;-0.685;2418.366;1731.446;1194.731;2791.040;2198.525;826.938;-1.179;2901.446;3278.446;21.574;1842.247;1032.978;611.945;236.297;921.641;3599.845;618.825;1141.088;-1.135;2140.984;678.078;2887.666;1860.934;1814.848;2994.341;3601.078;3599.200;1421.694;3597.085;0.947;3015.082;2367.802;1867.192;1657.909;2863.638;2558.320;3308.340;244.786;351.430;2679.080;1255.196;1029.551;343.710;4.647;1434.643;2161.121;3158.056;3410.425;3600.175;1440.033;1588.772;774.236;3136.860;3192.491;3215.487;8.326;2388.252;3218.081;5.149;3600.460;1318.371;2487.344;2.744;3598.067;2281.678;3292.588;3597.183,1654.280;3600.074;2451.998;954.310;446.941;2441.981;3192.220;3597.836;2219.389;361.365;869.272;1784.966;298.741;835.535;0.115;3578.983;3599.802;1094.828;1488.518;2993.551;2352.637;2512.401;1355.747;2015.732;206.258;3377.208;-0.428;239.530;3046.167;1818.528;2522.232;2157.998;2808.656;2283.653;705.590;3126.792;1146.204;3414.845;1187.378;3599.079;916.509;2211.340;354.916;490.619;2567.101;3242.733;41.847;2151.564;1223.351;431.725;1799.471;-0.521;3600.650;186.877;3341.007;2692.112;-1.098;1687.513;3600.509;805.766;1917.593;2065.278;1190.643;514.636;1808.225;1642.230;3318.878;2008.996;1498.882;645.339;1308.337;1933.975;2408.096;3595.901;817.302;2852.851;1578.011;2637.381;0.726;2732.091;3381.493;1.909;1288.170;960.002;2938.355;193.034;1329.531;2465.282;3164.477;625.483;-0.364;767.954;2879.189;-1.472;2716.565;562.634;3104.739;3056.619;3600.042;1520.692
341,615.8129749298096,340,-562.9076205412632,562.9076205412632,0.03619975844058907,873.088;1603.958;1952.250;2.062;1166.806;718.054;2560.096;458.546;-1.615;3600.672;2258.702;0.454;2556.779;563.119;740.762;888.740;2753.046;2155.333;633.719;1741.428;321.154;3600.675;2011.110;1717.330;1242.347;6.148;2696.383;2027.155;3038.859;3461.190;-0.362;2106.172;0.783;2419.347;1730.451;1193.237;2789.613;2200.077;825.376;0.303;2902.826;3277.476;22.942;1843.679;1033.470;610.491;234.738;922.026;3600.239;620.221;1139.582;0.334;2139.464;676.894;2888.312;1861.883;1813.323;2995.881;3600.056;3599.867;1422.644;3595.640;0.663;3013.556;2368.037;1866.734;1656.771;2862.077;2558.427;3309.876;244.904;351.866;2680.586;1256.568;1028.066;344.747;3.084;1433.500;2159.745;3159.508;3409.542;3599.797;1439.756;1590.196;775.181;3136.863;3192.398;3213.947;6.791;2387.171;3219.142;3.657;3598.937;1319.207;2488.826;1.281;3599.311;2280.314;3294.010;3598.705,1655.540;3600.864;2453.476;953.236;445.668;2443.486;3191.068;3597.248;2220.624;360.253;867.833;1786.503;300.206;835.586;-0.167;3579.455;3599.898;1095.266;1487.211;2992.036;2351.131;2513.753;1355.946;2016.523;205.107;3378.732;0.964;238.019;3044.694;1817.007;2522.117;2159.358;2807.204;2282.832;706.103;3125.236;1147.176;3416.207;1185.803;3600.260;917.729;2210.195;354.896;489.687;2565.631;3244.297;43.179;2150.677;1222.455;433.241;1800.769;-0.982;3599.451;187.993;3339.653;2693.677;0.421;1686.034;3599.039;804.205;1917.552;2066.820;1192.046;514.253;1809.510;1643.409;3317.388;2007.438;1500.204;643.812;1309.812;1932.601;2406.673;3597.288;815.933;2851.494;1579.070;2638.827;-0.593;2733.492;3382.769;0.554;1286.800;961.527;2939.872;191.566;1330.826;2463.787;3163.014;626.498;0.765;766.493;2878.494;0.038;2717.989;561.346;3104.470;3058.151;3600.868;1519.225
342,617.5173485279083,341,-562.9207767719846,562.9207767719846,0.04303560991024009,873.944;1602.588;1951.679;0.582;1165.396;716.544;2561.613;457.469;-0.143;3599.301;2260.210;-0.035;2557.828;561.590;742.294;889.695;2753.810;2155.431;633.213;1741.391;319.772;3599.359;2009.673;1716.620;1240.939;7.665;2695.983;2028.570;3040.059;3462.391;0.839;2107.649;-0.069;2417.978;1728.920;1191.837;2788.796;2201.410;824.431;-0.313;2904.371;3278.856;24.486;1845.214;1031.991;608.990;233.527;923.454;3601.720;618.805;1140.583;-0.794;2137.912;677.689;2886.815;1860.760;1811.974;2994.824;3601.378;3601.341;1421.790;3594.110;-0.826;3012.029;2367.405;1866.921;1658.231;2862.033;2559.778;3311.421;244.283;353.139;2681.944;1257.591;1026.776;346.205;4.160;1432.784;2158.712;3158.230;3408.544;3598.489;1440.925;1591.699;776.663;3135.364;3191.939;3215.320;7.218;2385.740;3220.665;4.807;3599.495;1320.680;2489.475;0.765;3597.911;2281.563;3295.075;3597.683,1655.702;3599.362;2452.115;952.109;445.772;2444.022;3190.361;3598.452;2221.119;358.793;867.495;1785.206;301.351;836.939;-0.698;3580.264;3599.545;1096.236;1488.272;2990.749;2351.607;2515.042;1357.381;2015.788;203.691;3377.317;-0.062;236.585;3043.299;1815.461;2521.778;2160.895;2805.845;2284.306;707.446;3124.991;1145.851;3417.137;1184.319;3600.216;918.907;2210.901;356.237;490.842;2564.450;3245.746;44.415;2150.945;1223.350;433.764;1800.497;-0.366;3600.115;186.926;3339.595;2694.849;0.056;1686.945;3599.779;802.653;1916.179;2066.819;1193.314;513.520;1808.328;1644.945;3318.385;2007.850;1498.990;644.903;1308.455;1931.794;2405.756;3596.076;817.058;2852.891;1580.602;2640.182;0.631;2734.490;3384.141;-0.759;1285.523;961.223;2940.730;190.642;1331.989;2462.401;3164.389;625.470;0.423;764.957;2878.076;0.268;2719.485;560.457;3105.849;3058.807;3599.514;1520.517
343,619.358071565628,342,-562.9392631612616,562.9392631612616,0.046734260984269194,875.449;1602.358;1953.085;-0.712;1163.874;715.023;2562.794;456.444;0.483;3598.738;2261.688;1.451;2558.296;561.788;743.654;891.178;2755.265;2153.946;633.371;1742.227;320.231;3600.626;2010.808;1717.955;1239.415;8.888;2697.270;2027.290;3039.064;3461.749;-0.375;2109.056;-1.118;2416.968;1728.124;1190.356;2787.825;2202.907;823.199;-0.274;2904.915;3278.403;24.422;1845.845;1030.562;609.562;234.445;922.143;3600.238;619.499;1139.597;0.322;2136.653;676.631;2885.881;1859.330;1810.692;2996.101;3599.992;3599.885;1423.216;3595.307;0.598;3012.384;2365.905;1865.466;1657.513;2863.424;2561.297;3312.946;242.783;353.611;2680.515;1259.093;1025.319;347.006;2.736;1433.894;2160.132;3157.952;3409.430;3599.937;1441.996;1590.405;778.086;3134.686;3190.573;3214.079;5.769;2387.072;3221.630;3.587;3598.214;1322.205;2490.845;-0.696;3599.250;2283.080;3294.206;3598.002,1654.281;3599.409;2452.613;950.603;444.294;2442.596;3191.819;3599.969;2219.650;357.999;868.006;1783.692;299.900;838.460;0.765;3579.381;3601.028;1094.768;1489.767;2992.068;2353.103;2515.891;1356.058;2017.265;204.860;3375.812;-1.552;237.560;3044.508;1814.619;2523.176;2159.466;2805.906;2284.016;708.768;3126.473;1144.475;3417.835;1185.719;3600.561;920.280;2210.262;355.215;492.358;2565.828;3244.766;45.255;2149.460;1222.423;434.958;1799.005;-0.924;3601.556;186.957;3341.043;2693.586;-0.659;1688.448;3600.317;804.057;1917.636;2065.838;1191.906;512.142;1806.812;1643.628;3318.663;2009.343;1497.735;646.345;1308.461;1930.734;2407.103;3597.348;815.792;2851.995;1581.789;2641.704;0.538;2733.094;3383.923;0.617;1284.063;961.763;2939.322;192.096;1333.505;2461.717;3165.910;623.959;1.799;765.212;2876.589;-0.731;2721.014;558.953;3104.432;3057.366;3599.782;1521.953
344,621.2296323776245,343,-562.9053377270543,562.9053377270543,0.036260989929408426,876.721;1601.272;1954.517;0.641;1162.384;716.321;2564.275;457.452;0.336;3599.709;2263.146;0.833;2556.838;560.558;744.309;892.596;2753.991;2152.469;634.679;1743.331;319.358;3599.967;2012.126;1716.623;1239.835;10.123;2695.955;2028.070;3038.847;3463.153;0.498;2107.899;0.294;2418.017;1727.912;1188.986;2788.308;2203.874;821.833;1.079;2905.603;3277.170;25.694;1847.274;1029.064;610.868;234.853;920.741;3599.444;618.190;1139.474;-0.804;2135.381;676.150;2885.131;1860.726;1809.211;2997.585;3600.719;3599.773;1424.524;3596.547;1.381;3012.999;2366.834;1866.785;1656.767;2862.333;2560.653;3311.803;242.229;354.932;2679.035;1260.384;1023.816;348.456;1.933;1432.494;2158.877;3157.377;3408.034;3601.292;1443.409;1589.410;777.663;3135.084;3189.070;3213.146;4.490;2388.278;3222.536;2.118;3597.363;1322.511;2489.477;0.714;3600.368;2284.530;3295.602;3596.728,1654.782;3598.097;2454.066;949.223;442.795;2441.838;3190.793;3601.402;2219.119;359.372;868.605;1782.371;298.502;839.914;-0.178;3579.714;3599.692;1094.611;1491.242;2991.278;2352.227;2515.783;1354.622;2018.723;205.806;3375.358;-0.150;236.795;3043.164;1815.811;2524.639;2158.422;2807.238;2285.472;707.690;3127.852;1142.971;3419.316;1186.749;3599.162;919.171;2208.804;356.565;493.313;2567.181;3244.763;46.710;2148.670;1223.868;433.586;1797.827;0.400;3600.114;188.384;3342.428;2692.404;0.779;1689.078;3598.909;805.250;1917.539;2067.275;1191.685;512.800;1805.926;1642.403;3317.645;2008.304;1499.005;645.875;1309.816;1931.848;2407.293;3598.814;814.307;2850.514;1582.372;2641.785;-0.832;2731.623;3385.363;1.280;1282.556;960.831;2938.008;190.787;1333.424;2463.161;3166.519;624.576;2.404;763.852;2876.499;0.552;2722.495;559.794;3103.571;3057.793;3600.973;1521.933
345,623.1272463798523,344,-562.869586709251,562.869586709251,0.03407317973936498,875.974;1599.852;1956.003;-0.527;1160.898;715.072;2562.947;458.913;-1.043;3601.059;2261.777;2.187;2556.825;561.129;745.759;893.913;2755.380;2153.771;636.159;1741.963;320.738;3600.245;2010.985;1715.179;1240.823;8.749;2694.474;2028.241;3037.406;3461.905;1.265;2106.461;0.755;2419.488;1726.503;1187.768;2787.022;2205.259;820.471;2.553;2904.236;3278.502;24.321;1847.725;1030.171;612.347;236.255;922.087;3599.897;616.709;1140.863;0.397;2133.903;674.701;2886.540;1859.797;1809.179;2999.059;3599.611;3600.410;1425.862;3598.023;2.338;3012.960;2365.719;1867.521;1656.318;2860.863;2560.510;3312.411;243.435;353.551;2680.233;1261.864;1022.349;347.139;0.473;1431.120;2157.509;3155.954;3408.370;3599.874;1442.052;1590.807;776.208;3134.374;3187.584;3213.969;4.536;2386.942;3224.000;3.470;3596.005;1323.922;2490.391;-0.106;3601.691;2285.865;3296.889;3598.081,1656.224;3596.871;2455.551;948.572;443.525;2443.133;3189.322;3599.997;2220.477;358.317;870.063;1783.558;298.646;840.957;0.714;3581.027;3599.421;1095.854;1490.126;2990.634;2350.796;2514.377;1353.239;2018.340;204.456;3374.057;0.892;236.039;3044.085;1817.287;2526.100;2159.139;2808.704;2286.695;706.254;3128.728;1144.069;3420.756;1186.684;3600.455;920.526;2207.352;358.039;491.977;2566.296;3245.883;45.500;2148.712;1225.249;432.352;1799.058;1.685;3600.215;189.746;3341.168;2690.945;1.283;1687.852;3598.656;804.859;1916.725;2068.474;1192.974;514.110;1807.137;1641.527;3316.176;2006.860;1500.484;644.445;1309.847;1930.421;2405.979;3600.156;813.092;2849.490;1581.007;2640.640;0.381;2732.918;3386.745;0.698;1281.228;962.257;2939.195;190.174;1331.977;2464.445;3167.347;623.779;1.042;763.670;2877.871;0.035;2721.554;559.549;3104.432;3058.852;3599.649;1520.527
346,624.8409821987152,345,-562.8917040283383,562.8917040283383,0.04668570985868684,877.341;1598.425;1956.868;-1.983;1159.538;716.409;2563.882;457.623;0.314;3599.669;2262.872;2.557;2558.251;559.715;746.721;895.375;2756.816;2152.946;634.915;1743.209;319.436;3598.874;2009.565;1716.429;1242.255;9.846;2695.499;2027.068;3037.351;3463.160;2.706;2107.598;-0.463;2420.872;1725.095;1186.316;2788.349;2204.007;819.007;1.806;2902.871;3279.775;25.278;1846.338;1029.170;613.807;236.017;923.143;3600.019;616.229;1140.595;-0.799;2132.753;676.087;2885.217;1858.490;1810.524;3000.021;3600.353;3599.203;1426.985;3598.002;3.786;3011.568;2367.073;1866.308;1657.455;2859.743;2559.666;3311.084;244.892;352.436;2678.942;1263.226;1020.951;345.683;-0.562;1429.970;2156.048;3154.518;3407.309;3600.075;1440.594;1592.267;776.592;3135.626;3187.248;3215.343;4.981;2385.542;3223.125;4.930;3597.299;1324.005;2491.627;-1.470;3600.273;2287.327;3298.340;3596.873,1655.142;3598.115;2454.575;947.133;444.946;2443.980;3187.967;3600.763;2219.581;359.641;868.792;1782.561;297.237;841.032;-0.517;3582.471;3599.458;1096.576;1491.487;2989.281;2351.049;2515.654;1354.622;2018.397;203.768;3372.630;-0.103;235.320;3042.954;1816.105;2525.170;2157.757;2810.163;2287.555;707.629;3128.471;1142.779;3422.216;1185.340;3599.178;919.238;2207.256;359.438;491.941;2565.901;3244.603;44.044;2148.337;1224.735;430.894;1798.010;3.145;3600.650;188.356;3342.547;2689.938;0.043;1689.182;3600.059;806.119;1918.109;2069.900;1192.038;513.332;1805.942;1642.683;3315.130;2005.476;1499.445;643.600;1311.271;1931.745;2407.292;3599.906;814.240;2850.366;1579.543;2639.196;-0.519;2734.337;3385.526;2.046;1280.433;961.317;2938.310;191.571;1332.813;2463.176;3165.999;624.218;-0.421;765.044;2876.644;-1.330;2722.761;558.554;3103.058;3057.551;3600.198;1521.773
347,626.6866607666016,346,-562.9065744061286,562.9065744061286,0.040193116149064526,878.716;1598.900;1957.858;-0.842;1160.640;717.558;2563.839;458.607;-0.081;3600.420;2264.285;1.235;2559.394;559.860;745.470;894.111;2758.263;2154.238;634.800;1742.468;319.957;3600.052;2008.178;1717.189;1243.505;9.130;2694.273;2028.393;3036.039;3463.575;2.238;2108.720;0.622;2422.081;1723.652;1186.388;2789.729;2202.571;817.972;0.449;2901.559;3278.817;24.916;1844.908;1030.307;615.012;234.611;924.226;3599.863;617.432;1139.187;0.347;2133.963;677.434;2883.938;1859.360;1811.857;2998.924;3599.348;3598.325;1425.627;3599.363;3.615;3012.891;2366.456;1864.870;1656.554;2861.092;2561.059;3310.472;245.022;351.019;2679.151;1262.013;1021.242;346.505;0.745;1431.337;2154.815;3153.071;3408.603;3600.528;1441.276;1591.774;775.286;3136.975;3185.907;3214.097;6.377;2384.581;3221.717;5.168;3598.714;1322.619;2490.861;-0.105;3599.338;2288.564;3299.713;3595.440,1653.867;3599.553;2453.167;946.555;445.649;2445.145;3189.214;3600.041;2220.711;358.344;867.362;1781.259;295.852;842.432;0.288;3583.455;3600.371;1095.193;1492.846;2987.899;2352.424;2517.094;1355.872;2019.780;205.027;3371.212;-1.403;233.900;3041.520;1814.686;2523.743;2156.312;2809.245;2286.190;709.060;3129.879;1141.374;3421.758;1184.346;3598.470;917.806;2208.635;360.842;493.343;2564.496;3245.734;43.465;2146.921;1223.337;431.139;1799.385;3.921;3599.327;187.036;3343.945;2691.247;-1.276;1690.625;3601.347;807.553;1919.542;2070.734;1190.610;514.737;1804.509;1644.116;3313.726;2004.101;1498.338;642.233;1312.184;1932.764;2408.433;3601.181;813.500;2851.791;1578.258;2637.895;0.727;2735.747;3384.365;2.941;1281.662;959.946;2936.898;193.009;1334.051;2462.092;3164.669;622.845;-0.168;763.888;2875.209;0.026;2724.171;557.125;3101.715;3056.113;3598.975;1522.634
348,628.5585827827454,347,-562.9442786355971,562.9442786355971,0.03384790867397876,877.427;1600.231;1956.511;0.335;1161.975;716.302;2565.167;460.009;-0.998;3600.190;2263.418;0.591;2558.784;559.055;744.050;893.790;2757.899;2155.548;636.181;1743.720;320.849;3600.811;2009.013;1718.590;1242.704;9.703;2692.945;2029.712;3036.487;3464.824;0.873;2107.376;0.520;2422.272;1724.449;1186.377;2789.066;2201.497;819.232;-0.853;2900.739;3280.037;23.556;1845.733;1031.721;613.704;233.192;925.384;3600.910;616.268;1137.824;-0.248;2135.132;678.760;2885.109;1860.754;1810.534;2999.405;3600.691;3599.504;1426.805;3599.792;2.376;3012.061;2365.248;1863.781;1657.915;2861.492;2559.990;3311.837;244.987;352.258;2680.534;1261.412;1022.621;347.656;0.017;1430.465;2156.002;3151.828;3407.850;3599.211;1442.175;1590.480;774.948;3138.396;3186.659;3212.702;5.039;2385.764;3220.372;5.025;3599.837;1321.676;2492.200;0.154;3599.820;2287.277;3299.085;3596.374,1655.032;3600.675;2451.998;947.881;446.251;2446.552;3188.574;3599.071;2222.082;357.469;866.746;1782.484;297.069;841.169;-1.076;3582.442;3599.017;1096.349;1491.597;2986.698;2351.333;2517.355;1354.836;2018.609;206.447;3371.822;-0.059;232.619;3042.732;1814.254;2524.982;2157.493;2807.851;2285.170;708.179;3129.150;1142.490;3422.729;1182.964;3597.161;918.306;2208.304;359.639;492.304;2563.103;3247.149;44.800;2147.865;1224.098;432.437;1800.605;2.565;3600.252;188.058;3342.770;2692.507;0.068;1689.524;3600.031;807.381;1918.825;2071.499;1190.559;514.454;1804.068;1644.756;3313.574;2005.126;1499.429;640.809;1313.338;1931.536;2407.134;3599.812;814.797;2853.085;1579.434;2639.139;-0.470;2737.173;3382.974;1.667;1283.081;961.260;2938.093;193.020;1334.938;2461.981;3163.329;621.420;0.947;762.534;2874.283;-0.209;2723.050;558.421;3102.230;3057.314;3600.232;1521.311
349,630.2601068019867,348,-562.9611780002921,562.9611780002921,0.0324362002165476,877.859;1601.340;1956.714;-0.654;1160.970;716.554;2563.892;460.295;0.336;3599.190;2264.527;-0.789;2559.993;559.719;743.592;893.852;2759.034;2154.780;636.882;1745.086;322.166;3599.459;2010.391;1719.670;1243.634;8.386;2693.050;2028.399;3035.193;3463.662;0.724;2108.236;-0.827;2423.643;1724.013;1187.092;2787.801;2200.847;820.430;0.413;2899.848;3279.177;22.832;1845.418;1030.667;613.877;231.800;924.109;3599.545;617.421;1136.431;0.948;2135.705;679.800;2885.018;1859.654;1809.303;3000.770;3600.004;3600.419;1428.181;3601.135;1.195;3012.719;2364.079;1863.929;1659.097;2861.105;2560.506;3313.075;243.699;352.004;2680.800;1260.033;1022.817;349.008;1.213;1430.126;2155.473;3151.419;3406.877;3600.229;1440.921;1590.748;774.709;3137.127;3186.529;3211.761;6.076;2385.517;3219.507;6.297;3601.232;1321.067;2491.920;0.683;3598.706;2287.810;3299.992;3595.806,1656.410;3599.349;2451.360;946.957;444.889;2447.953;3189.332;3599.894;2220.981;356.185;867.953;1782.533;296.608;842.041;0.224;3583.693;3600.034;1096.746;1491.608;2985.303;2351.051;2518.640;1353.915;2019.762;205.438;3370.699;-0.065;231.218;3042.208;1814.366;2525.407;2157.087;2807.113;2284.217;708.387;3130.125;1142.186;3423.561;1183.768;3598.448;917.139;2207.345;360.532;492.825;2562.312;3248.408;45.477;2146.592;1223.080;433.837;1800.522;1.358;3599.947;189.403;3343.522;2693.763;0.468;1689.004;3598.919;808.537;1919.957;2070.381;1189.859;514.812;1802.950;1643.786;3312.286;2005.930;1500.817;639.648;1313.828;1931.767;2407.265;3599.716;813.825;2852.088;1579.999;2640.540;0.459;2736.242;3383.703;0.267;1281.966;960.668;2938.881;194.098;1336.325;2461.338;3161.984;621.574;2.207;762.047;2873.184;-0.665;2723.871;557.404;3100.970;3058.363;3600.313;1520.130
350,632.1060094833374,349,-562.9609553210137,562.9609553210137,0.03756468767044804,879.147;1600.102;1957.738;-0.148;1160.819;716.130;2564.740;461.601;0.400;3600.504;2265.785;0.446;2561.332;560.978;743.286;892.505;2758.887;2156.042;635.821;1744.054;320.973;3600.133;2010.525;1719.210;1244.989;8.757;2691.744;2027.409;3033.813;3464.778;1.970;2107.499;0.353;2423.351;1722.657;1188.455;2789.066;2199.500;819.134;-0.737;2898.485;3280.415;24.150;1846.642;1029.836;615.217;232.692;924.445;3599.937;618.317;1137.440;0.242;2137.057;679.580;2884.912;1858.659;1809.162;2999.974;3598.843;3599.107;1427.881;3599.873;2.340;3014.076;2362.785;1865.282;1657.985;2862.325;2559.287;3311.946;242.327;352.558;2679.770;1260.604;1022.352;350.325;0.234;1429.696;2154.149;3150.231;3408.209;3601.136;1439.591;1589.514;776.055;3138.230;3185.191;3210.757;4.963;2384.196;3218.143;7.085;3599.916;1319.726;2493.256;-0.460;3599.223;2289.134;3300.808;3594.473,1655.159;3599.531;2452.667;946.461;445.659;2447.147;3188.637;3599.066;2219.605;357.379;868.798;1781.341;295.633;840.800;-0.319;3585.073;3601.393;1097.051;1492.789;2986.540;2350.903;2517.363;1352.634;2020.674;206.000;3371.561;-0.831;231.829;3041.377;1815.658;2526.734;2156.122;2808.422;2285.502;707.155;3129.267;1141.571;3422.246;1185.101;3599.694;915.801;2208.668;361.901;494.059;2563.554;3247.177;44.184;2147.298;1221.720;433.767;1799.221;1.781;3601.127;190.774;3344.757;2693.128;-0.361;1689.333;3599.845;808.913;1919.289;2069.005;1188.499;513.468;1804.147;1642.416;3313.491;2006.887;1501.733;640.839;1315.172;1933.112;2408.601;3599.267;812.630;2850.781;1579.984;2640.323;-0.364;2735.840;3382.382;-0.660;1283.212;961.433;2937.851;195.260;1335.101;2461.476;3160.809;622.836;0.955;763.353;2874.439;0.630;2722.996;558.121;3099.589;3057.132;3600.298;1519.175
351,633.9759321212769,350,-562.983638182649,562.983638182649,0.04773574345765142,880.512;1601.318;1957.035;-1.275;1160.644;717.459;2563.755;460.544;1.621;3599.404;2267.132;-0.358;2562.699;559.814;741.988;893.685;2760.205;2157.377;634.465;1743.003;319.684;3601.215;2011.576;1720.510;1246.350;7.459;2691.627;2026.121;3034.009;3463.853;0.984;2108.748;-0.705;2424.226;1721.443;1187.230;2788.939;2198.133;818.647;-0.195;2897.281;3279.338;24.162;1845.353;1028.488;616.526;234.018;925.781;3601.007;619.657;1136.300;-1.000;2138.336;680.904;2883.582;1859.926;1810.006;3001.269;3599.846;3598.702;1426.574;3600.825;1.561;3015.341;2364.055;1866.554;1656.725;2861.147;2560.548;3311.202;242.386;351.235;2678.417;1260.483;1021.013;349.042;1.459;1430.883;2152.784;3148.874;3409.210;3599.831;1438.241;1590.728;777.403;3137.323;3186.443;3209.404;6.138;2383.876;3216.877;5.828;3600.414;1318.465;2494.153;0.827;3597.968;2290.475;3302.155;3593.111,1653.812;3598.516;2453.189;947.723;445.593;2445.801;3189.931;3600.373;2218.283;358.740;867.620;1779.982;294.395;840.665;-1.122;3586.204;3600.112;1095.741;1494.136;2986.321;2352.237;2518.204;1353.922;2019.890;207.335;3371.135;-0.136;233.128;3040.030;1814.398;2525.710;2154.772;2809.530;2284.214;708.072;3130.288;1140.307;3420.941;1183.863;3600.494;914.544;2209.968;362.448;495.320;2564.910;3247.846;42.836;2147.126;1222.515;435.009;1797.858;3.100;3599.820;192.089;3346.119;2694.450;-0.173;1690.664;3600.204;809.628;1920.580;2069.963;1187.132;512.102;1802.896;1642.583;3314.851;2008.237;1500.421;642.191;1316.539;1934.445;2409.967;3600.544;813.839;2851.977;1578.666;2639.104;-0.299;2734.528;3381.132;0.583;1283.015;962.757;2936.498;196.616;1333.817;2460.142;3159.454;621.699;-0.394;762.459;2874.031;-0.089;2723.383;556.870;3098.282;3055.778;3601.608;1520.479
352,635.6673259735107,351,-562.9700535926357,562.9700535926357,0.021293565796776857,880.185;1602.656;1956.626;-0.008;1159.702;717.572;2564.913;459.231;0.592;3600.359;2268.136;-0.059;2561.857;558.480;742.178;894.798;2759.057;2157.407;635.472;1741.668;319.826;3599.923;2012.913;1719.494;1247.698;6.483;2692.903;2024.780;3035.267;3464.973;-0.309;2110.090;0.495;2425.534;1722.518;1185.967;2787.637;2198.000;819.239;-0.426;2897.985;3280.249;22.895;1846.321;1029.020;616.248;232.861;925.211;3599.724;620.988;1135.052;0.293;2138.524;679.896;2884.403;1860.209;1808.704;3002.425;3601.181;3597.488;1425.499;3599.666;1.802;3014.435;2363.989;1865.439;1657.642;2862.191;2559.304;3310.636;241.080;351.924;2677.864;1260.200;1020.962;349.626;1.289;1429.593;2153.853;3149.891;3407.986;3600.525;1437.234;1590.063;778.742;3138.491;3187.205;3208.077;5.757;2385.186;3216.252;4.538;3599.927;1317.120;2493.937;1.936;3598.197;2290.336;3300.917;3594.173,1653.010;3599.702;2452.002;949.044;446.859;2446.503;3190.471;3599.187;2218.276;357.713;866.413;1780.625;293.249;839.390;0.162;3587.526;3599.493;1096.821;1493.416;2985.045;2351.979;2517.667;1354.379;2021.052;207.290;3372.390;1.160;231.947;3040.753;1813.655;2525.025;2155.442;2809.432;2282.983;709.346;3131.426;1138.961;3420.953;1182.607;3599.220;913.868;2211.314;363.510;494.444;2563.960;3248.676;42.406;2146.595;1221.243;433.942;1799.012;2.214;3600.255;190.993;3347.170;2694.586;1.110;1689.925;3600.222;810.953;1919.632;2068.763;1186.166;511.959;1802.532;1641.875;3313.896;2007.073;1500.627;641.419;1317.863;1935.571;2410.452;3599.332;815.115;2853.092;1577.985;2640.077;1.008;2735.664;3382.240;0.518;1283.768;961.626;2937.348;197.384;1334.932;2458.822;3158.623;622.734;0.572;761.354;2873.201;1.018;2724.679;557.163;3097.096;3054.705;3600.311;1521.132
353,637.493325471878,352,-562.9885884535029,562.9885884535029,0.03385749011033158,880.547;1602.690;1955.381;-0.426;1160.890;718.607;2565.793;458.320;1.480;3599.200;2269.437;-1.247;2560.662;558.624;743.176;895.886;2759.789;2158.315;635.042;1742.350;321.047;3600.002;2012.464;1720.545;1247.549;5.179;2692.947;2025.709;3036.528;3464.373;-0.124;2109.599;-0.115;2424.274;1723.458;1186.893;2788.670;2196.811;820.062;-0.079;2896.905;3279.135;23.373;1845.242;1027.930;616.821;231.605;924.037;3599.868;622.190;1135.954;0.757;2139.815;680.351;2883.607;1861.406;1808.372;3003.494;3600.002;3598.737;1424.956;3600.327;0.515;3015.562;2364.444;1866.158;1658.459;2863.051;2559.823;3310.992;241.293;350.931;2678.633;1258.902;1021.195;348.741;2.524;1429.497;2153.167;3149.437;3406.811;3599.560;1438.403;1589.514;778.349;3138.174;3188.102;3208.937;6.977;2385.635;3214.987;3.426;3600.319;1316.339;2492.666;2.965;3596.990;2290.422;3301.296;3593.262,1654.160;3601.015;2453.228;949.040;447.767;2447.518;3191.773;3599.045;2217.604;356.518;867.663;1779.743;291.933;838.288;0.949;3588.362;3600.196;1096.165;1494.611;2983.721;2353.084;2518.492;1355.491;2022.360;208.414;3373.582;0.087;232.154;3039.598;1812.356;2523.719;2154.717;2809.414;2282.039;710.383;3132.747;1138.875;3419.664;1181.333;3598.760;912.563;2210.677;364.826;495.289;2563.446;3249.951;41.304;2145.308;1219.916;434.894;1798.396;1.004;3599.920;191.768;3348.368;2695.702;-0.057;1691.107;3601.511;810.321;1918.765;2067.682;1186.693;512.883;1801.355;1643.027;3313.814;2008.259;1501.081;642.443;1317.083;1934.550;2410.740;3599.055;816.278;2852.045;1576.738;2641.357;1.946;2734.537;3382.037;-0.460;1282.685;960.339;2936.432;198.671;1336.112;2459.172;3159.837;623.394;-0.470;760.068;2871.891;-0.151;2724.230;556.000;3098.050;3055.729;3599.148;1519.942
354,639.3442306518555,353,-563.0018282237393,563.0018282237393,0.044115017382740096,881.553;1603.086;1954.086;-0.099;1162.182;719.861;2567.086;457.052;1.067;3599.510;2269.580;-0.029;2561.896;557.353;741.905;895.029;2759.425;2159.609;633.821;1743.473;319.915;3600.232;2011.192;1721.842;1248.568;4.017;2692.440;2026.933;3037.827;3465.612;1.143;2109.834;-1.019;2423.235;1724.408;1185.678;2789.463;2195.508;818.791;-1.307;2895.681;3277.966;24.643;1844.748;1026.740;615.656;232.569;925.213;3600.098;623.492;1137.139;-0.338;2141.125;681.234;2882.318;1862.697;1809.401;3002.384;3600.160;3599.962;1423.671;3599.241;-0.447;3016.847;2365.600;1864.988;1659.749;2864.344;2559.648;3312.274;242.569;349.676;2677.764;1259.982;1022.474;347.448;1.519;1428.258;2152.768;3148.298;3407.875;3600.252;1439.675;1588.230;779.601;3139.315;3189.344;3210.222;8.264;2384.464;3213.681;4.609;3599.152;1315.049;2492.312;2.039;3595.811;2289.201;3302.167;3592.212,1653.268;3599.804;2452.148;947.834;448.957;2448.771;3192.062;3600.138;2218.304;356.385;868.882;1778.717;290.643;837.147;-0.116;3589.653;3599.775;1097.423;1495.583;2984.421;2352.246;2517.261;1354.387;2022.981;207.577;3372.359;-1.056;233.400;3040.717;1813.108;2523.148;2154.606;2810.691;2281.707;711.404;3132.045;1137.730;3418.434;1180.177;3599.951;911.259;2211.908;365.544;494.035;2562.575;3250.670;40.014;2146.519;1220.715;434.122;1798.375;1.844;3601.108;192.268;3349.611;2694.901;0.794;1690.270;3600.256;811.478;1917.472;2066.381;1185.490;514.048;1802.379;1644.331;3314.991;2008.029;1502.271;643.228;1318.274;1934.760;2411.028;3598.538;817.571;2850.747;1575.434;2642.225;0.687;2733.565;3382.969;-1.751;1283.828;959.482;2937.527;199.956;1335.479;2460.443;3161.138;624.632;-1.039;761.301;2872.900;-0.094;2725.490;555.776;3096.867;3054.629;3600.097;1520.972
355,641.2164514064789,354,-563.0003627650588,563.0003627650588,0.037665281869827864,882.807;1601.834;1955.170;-0.387;1161.125;720.717;2566.669;455.765;-0.183;3600.676;2270.780;0.861;2562.005;556.266;743.085;894.071;2758.280;2158.837;633.050;1744.476;321.067;3599.043;2012.287;1720.901;1247.405;2.855;2693.690;2025.752;3036.953;3464.504;0.048;2111.032;0.222;2423.540;1723.173;1185.489;2788.229;2196.493;818.613;-0.054;2894.424;3279.182;25.368;1845.893;1025.462;616.606;232.412;926.488;3599.508;622.522;1137.221;0.788;2139.923;679.992;2882.664;1861.529;1809.085;3003.579;3601.332;3601.115;1424.297;3599.878;0.753;3017.383;2364.397;1866.064;1661.021;2863.978;2558.615;3313.565;242.372;348.388;2677.836;1258.936;1021.759;348.291;1.195;1429.014;2153.560;3147.016;3409.156;3599.023;1438.459;1588.671;780.118;3138.087;3188.648;3211.435;8.254;2385.450;3214.741;3.637;3599.513;1316.201;2493.550;0.764;3597.024;2290.395;3300.968;3593.419,1652.304;3599.252;2451.959;948.836;450.244;2449.970;3193.257;3599.965;2219.553;355.163;870.167;1779.869;289.350;838.102;-0.113;3590.917;3600.623;1097.964;1496.720;2984.534;2352.101;2517.025;1353.155;2024.243;206.303;3371.078;0.178;234.074;3041.981;1814.377;2521.936;2155.022;2811.302;2280.458;712.681;3133.095;1137.166;3419.400;1179.668;3601.233;910.158;2212.262;366.781;492.813;2561.391;3251.935;39.467;2145.511;1219.568;432.884;1799.486;0.749;3599.890;193.162;3350.873;2695.453;1.582;1689.091;3599.491;812.479;1916.269;2065.198;1185.171;515.289;1802.302;1644.954;3313.800;2009.206;1503.559;643.487;1317.634;1933.583;2412.270;3599.636;816.440;2850.451;1574.159;2643.500;-0.530;2733.837;3381.925;-0.512;1285.113;958.239;2938.792;201.210;1336.558;2459.443;3160.961;625.920;0.213;761.166;2872.510;1.101;2724.649;554.518;3095.600;3053.454;3601.020;1521.236
356,642.9134795665741,355,-562.988188390085,562.988188390085,0.03966634925706598,884.079;1601.716;1956.435;-1.445;1159.905;721.973;2567.685;454.582;-1.334;3599.590;2269.629;2.105;2562.042;555.024;744.212;895.296;2759.460;2157.595;634.271;1743.367;322.128;3599.074;2013.532;1719.883;1246.244;4.012;2694.789;2024.812;3035.729;3463.301;-0.691;2112.223;1.137;2424.781;1723.490;1184.290;2786.959;2196.775;817.403;0.830;2893.152;3280.423;26.063;1844.883;1024.191;617.865;231.173;927.684;3598.266;622.293;1135.980;0.241;2138.798;678.831;2881.522;1860.357;1807.964;3004.848;3600.165;3599.896;1423.386;3601.093;2.003;3016.688;2363.454;1867.302;1660.150;2862.977;2557.362;3314.394;243.409;347.297;2676.595;1258.047;1020.506;347.129;-0.050;1429.871;2152.333;3146.661;3410.051;3598.751;1437.358;1589.917;779.468;3136.862;3187.399;3210.353;7.025;2386.709;3215.993;4.601;3598.290;1317.438;2494.471;-0.230;3598.233;2291.663;3301.526;3594.625,1651.064;3600.213;2453.156;949.179;451.162;2451.241;3194.527;3601.184;2219.122;354.192;870.504;1779.251;288.075;837.079;1.007;3591.433;3599.405;1097.252;1496.468;2983.307;2353.089;2518.250;1354.301;2025.490;205.502;3370.917;-0.073;235.278;3041.200;1813.929;2520.665;2153.800;2812.507;2279.196;713.948;3134.354;1135.918;3418.727;1178.420;3600.049;908.947;2211.149;368.049;492.957;2560.126;3253.204;38.228;2144.271;1218.305;433.455;1800.741;-0.268;3600.484;191.949;3352.083;2696.701;0.380;1690.192;3600.280;813.742;1917.169;2065.768;1183.930;516.562;1801.290;1646.176;3312.629;2009.951;1504.746;642.255;1318.855;1934.281;2413.540;3600.696;815.563;2849.304;1572.887;2644.610;0.338;2734.353;3380.755;0.610;1284.807;957.179;2939.745;202.411;1337.822;2458.199;3159.867;626.943;0.291;760.029;2871.272;0.177;2725.313;554.151;3094.332;3053.980;3599.886;1520.421
357,644.7524566650391,356,-562.9997522034894,562.9997522034894,0.037845148208861104,884.131;1600.960;1956.127;-0.230;1159.985;721.054;2566.790;455.720;-0.129;3600.381;2269.935;2.712;2563.238;555.901;743.278;894.470;2759.171;2157.834;634.892;1744.522;321.217;3600.235;2013.848;1720.812;1246.809;3.491;2693.677;2025.957;3034.587;3463.894;0.519;2111.039;0.348;2425.934;1722.311;1185.270;2787.878;2195.915;818.442;0.715;2891.915;3281.393;24.862;1843.687;1025.141;617.009;231.179;928.056;3599.329;622.213;1135.607;-0.656;2139.574;679.930;2881.186;1860.371;1806.716;3004.599;3600.527;3599.924;1424.423;3599.917;1.951;3017.877;2362.450;1868.238;1661.088;2861.733;2558.321;3315.063;242.350;347.185;2677.296;1256.942;1021.129;347.949;-0.390;1428.689;2152.874;3145.870;3408.912;3599.422;1437.882;1589.519;778.235;3137.296;3187.504;3211.288;5.954;2386.417;3215.162;3.643;3598.405;1316.878;2495.712;0.630;3599.379;2292.000;3300.635;3593.744,1649.889;3599.106;2452.675;947.975;450.030;2451.659;3193.717;3600.000;2217.894;353.552;871.714;1780.308;287.578;838.256;-0.064;3592.650;3600.347;1098.450;1497.273;2984.292;2351.915;2517.723;1353.407;2026.135;205.959;3369.727;-0.888;236.476;3042.198;1815.008;2521.679;2152.768;2813.345;2279.068;712.800;3135.058;1136.823;3419.722;1177.325;3600.765;908.020;2212.222;368.975;491.746;2558.879;3254.027;39.085;2144.847;1218.393;434.686;1801.056;-1.399;3599.937;193.072;3353.323;2697.956;1.385;1689.152;3599.136;814.071;1917.530;2064.625;1184.148;517.188;1802.100;1645.040;3311.468;2011.170;1505.794;641.319;1318.483;1935.496;2414.784;3599.486;814.334;2848.054;1573.041;2645.859;-0.775;2733.168;3379.511;-0.409;1285.989;957.163;2940.987;203.608;1337.100;2456.968;3158.660;627.964;0.620;759.154;2872.019;-1.035;2724.133;553.972;3093.633;3053.895;3600.899;1519.183
358,646.6166982650757,357,-562.9836455009929,562.9836455009929,0.02776334876989674,885.283;1600.128;1955.335;0.320;1160.804;721.997;2565.708;456.816;0.229;3599.299;2268.856;2.083;2564.206;556.730;743.000;894.566;2759.708;2156.684;633.746;1745.554;322.350;3599.529;2014.920;1721.383;1246.222;2.285;2692.475;2025.745;3034.455;3464.713;0.869;2109.977;0.304;2424.826;1723.354;1186.447;2788.911;2194.714;819.638;-0.344;2890.921;3282.409;25.494;1842.451;1025.692;616.988;230.050;926.868;3600.466;623.304;1136.495;0.519;2140.713;679.952;2882.359;1861.513;1807.551;3003.666;3599.527;3600.975;1425.580;3599.963;0.768;3018.274;2363.645;1868.078;1660.125;2860.512;2557.160;3313.878;243.477;346.120;2678.433;1257.889;1020.444;347.051;0.393;1427.504;2151.931;3147.021;3408.482;3600.335;1439.044;1590.451;777.163;3138.258;3188.688;3212.276;6.526;2385.223;3215.655;2.496;3598.210;1317.033;2495.553;0.807;3598.900;2291.218;3301.760;3593.632,1650.876;3598.373;2453.780;947.586;448.818;2452.842;3192.576;3599.892;2218.795;354.744;872.945;1781.534;288.678;839.442;-0.776;3593.475;3599.662;1099.603;1498.491;2983.774;2350.703;2518.526;1353.412;2025.068;205.174;3370.599;0.285;236.545;3041.104;1816.192;2522.306;2153.933;2812.306;2280.137;711.697;3133.889;1138.037;3420.919;1176.097;3600.038;906.876;2211.582;368.230;490.523;2557.684;3255.247;40.272;2145.740;1219.366;435.830;1800.024;-0.214;3600.196;194.273;3353.803;2697.482;0.896;1688.173;3598.483;812.880;1916.396;2063.556;1185.349;516.702;1801.120;1645.737;3311.499;2012.373;1504.730;640.419;1317.384;1934.377;2413.743;3599.797;813.198;2848.487;1572.037;2646.443;-0.283;2731.933;3380.073;-1.204;1285.205;958.352;2942.218;204.740;1335.946;2456.015;3157.426;627.253;-0.526;757.936;2871.178;0.136;2724.666;552.775;3094.703;3055.100;3599.925;1517.979
359,648.5077941417694,358,-563.0063132587646,563.0063132587646,0.02392068289338332,884.773;1601.275;1954.903;-0.480;1161.963;722.642;2564.509;457.391;-0.441;3600.209;2269.958;1.553;2563.466;557.865;743.737;893.453;2758.542;2156.560;633.887;1744.765;321.795;3600.590;2013.895;1720.212;1247.381;1.102;2691.484;2026.105;3035.556;3465.917;0.487;2109.114;-0.745;2425.772;1724.172;1187.607;2790.067;2194.664;820.791;0.572;2891.886;3282.559;24.355;1841.869;1024.654;618.145;230.790;925.953;3599.336;624.489;1136.451;0.210;2141.657;678.819;2883.426;1862.488;1806.577;3002.460;3600.428;3599.844;1424.577;3600.468;1.432;3019.464;2364.729;1866.923;1658.981;2861.415;2556.096;3312.689;243.046;344.941;2677.466;1256.745;1021.399;347.551;-0.404;1428.050;2153.053;3147.727;3407.322;3599.230;1438.753;1590.639;777.794;3139.467;3187.946;3212.551;5.550;2385.360;3214.695;1.758;3599.345;1315.885;2494.416;1.972;3599.965;2291.572;3300.752;3594.632,1652.065;3599.427;2453.049;948.746;447.971;2452.126;3191.410;3600.570;2217.721;355.700;872.052;1781.152;289.867;839.642;0.378;3592.406;3600.324;1098.680;1497.777;2982.869;2350.792;2517.432;1354.532;2026.066;203.972;3371.029;0.042;235.359;3039.942;1815.162;2523.494;2153.185;2811.095;2281.048;710.553;3132.765;1138.244;3421.746;1175.016;3599.305;907.986;2212.728;367.031;491.095;2558.554;3254.668;41.446;2146.946;1220.548;436.952;1799.108;-0.658;3599.204;193.630;3353.726;2697.176;-0.190;1689.199;3599.526;813.001;1916.877;2062.744;1184.631;515.507;1799.915;1644.628;3312.682;2011.249;1503.528;641.527;1318.241;1935.241;2413.790;3600.228;813.884;2849.676;1571.484;2645.283;0.887;2732.933;3381.230;-0.051;1284.039;959.568;2941.622;203.765;1334.960;2457.032;3157.334;626.057;0.194;756.752;2871.634;0.399;2725.857;553.705;3095.895;3054.649;3599.459;1518.893
360,650.2176821231842,359,-563.0020707835465,563.0020707835465,0.025952404515774033,883.619;1600.992;1953.774;0.571;1162.267;723.772;2565.586;456.260;0.650;3599.204;2271.080;0.449;2564.533;556.747;744.762;893.839;2758.016;2157.710;633.848;1744.036;320.708;3599.478;2012.786;1719.503;1247.407;1.796;2692.203;2027.178;3036.735;3466.602;-0.637;2110.098;0.347;2425.344;1723.181;1186.831;2791.223;2193.716;821.844;0.891;2891.465;3281.616;24.891;1842.852;1023.465;617.892;231.973;926.407;3599.119;623.533;1136.773;-0.938;2140.642;678.530;2882.368;1863.680;1805.427;3001.723;3599.963;3599.672;1423.384;3599.378;2.035;3020.583;2365.839;1867.362;1660.032;2862.591;2556.363;3313.398;241.980;343.741;2676.357;1255.759;1022.522;347.418;0.729;1429.216;2154.030;3146.621;3407.806;3598.084;1437.768;1589.612;778.967;3139.301;3189.020;3213.662;6.581;2384.284;3214.260;0.587;3600.539;1316.067;2493.362;1.827;3600.483;2292.682;3299.680;3594.264,1651.074;3600.039;2451.884;949.840;449.020;2450.994;3192.481;3599.469;2217.029;354.691;871.369;1780.000;289.115;839.306;-0.414;3593.200;3599.253;1097.971;1497.565;2983.971;2351.950;2516.248;1353.941;2027.241;204.053;3369.874;-1.007;235.976;3040.874;1814.282;2522.645;2152.212;2812.014;2279.945;711.580;3133.730;1137.195;3420.614;1175.124;3598.959;907.135;2213.397;367.767;491.246;2559.734;3254.215;40.391;2147.558;1219.681;435.916;1799.727;0.468;3600.308;192.673;3354.882;2696.028;0.869;1690.330;3600.262;814.111;1915.777;2063.838;1183.455;514.842;1798.712;1645.469;3313.426;2012.012;1502.596;642.722;1318.853;1935.540;2414.952;3599.133;815.028;2848.951;1572.570;2645.384;0.166;2733.119;3380.665;-0.058;1285.036;958.706;2940.466;204.678;1335.733;2458.197;3158.500;627.024;-0.179;757.766;2870.704;0.891;2725.998;552.805;3094.896;3053.484;3600.453;1520.080
361,652.0685701370239,360,-563.0130262920111,563.0130262920111,0.028550726150765655,882.718;1599.844;1954.868;0.675;1163.223;724.950;2564.965;456.949;0.123;3600.156;2270.078;-0.728;2563.431;555.647;745.901;893.999;2759.147;2157.025;634.970;1745.141;321.074;3600.083;2013.884;1720.252;1246.322;1.364;2691.355;2028.358;3036.429;3467.688;0.470;2109.153;1.204;2424.260;1724.037;1187.398;2790.317;2194.844;822.818;-0.051;2890.347;3280.751;25.862;1841.875;1022.318;618.949;231.034;925.350;3599.888;624.099;1135.630;0.106;2139.521;677.547;2881.247;1862.850;1805.757;3001.865;3600.909;3600.436;1424.184;3600.187;1.061;3021.653;2367.020;1868.519;1659.596;2863.050;2555.233;3312.439;243.044;343.676;2675.213;1256.643;1021.542;346.267;0.751;1429.768;2152.948;3146.505;3406.760;3599.102;1436.645;1590.735;778.722;3138.249;3188.772;3213.005;6.659;2383.777;3215.367;-0.596;3599.467;1316.661;2494.412;2.665;3599.333;2293.863;3300.787;3595.357,1651.931;3599.239;2452.981;949.165;447.915;2451.758;3191.884;3600.113;2218.058;355.634;870.204;1779.935;289.539;840.344;0.238;3594.043;3600.348;1096.816;1498.622;2984.159;2352.187;2517.314;1355.068;2028.298;202.926;3370.806;0.084;235.554;3039.875;1813.672;2522.385;2152.540;2811.060;2280.817;712.755;3132.847;1136.213;3421.610;1175.827;3600.091;907.829;2212.352;367.361;490.639;2559.975;3255.270;41.316;2146.530;1220.644;436.879;1798.650;-0.472;3599.238;193.648;3353.867;2697.032;1.191;1691.460;3599.182;813.295;1916.764;2065.018;1184.065;515.717;1798.759;1644.980;3313.841;2011.517;1501.429;642.017;1319.322;1935.317;2413.957;3599.942;813.932;2849.294;1571.683;2644.575;-0.992;2731.996;3381.188;-0.140;1284.072;959.791;2939.664;203.621;1334.639;2457.348;3158.646;628.067;0.944;757.045;2869.602;1.485;2727.140;553.263;3093.862;3054.448;3600.881;1519.900
362,653.9391667842865,361,-563.0115823573193,563.0115823573193,0.03202583243419344,882.339;1598.679;1954.900;-0.452;1162.164;725.676;2563.979;457.966;-0.542;3600.344;2271.050;0.192;2564.288;555.432;747.068;892.863;2759.719;2158.073;634.094;1746.224;320.045;3599.714;2014.828;1720.514;1246.348;0.221;2690.215;2029.466;3035.301;3468.475;0.826;2108.003;0.614;2423.108;1722.921;1188.540;2791.196;2195.996;821.793;1.010;2889.185;3281.885;25.062;1842.752;1021.425;619.328;230.682;926.201;3600.950;622.971;1136.664;-0.324;2138.368;678.602;2881.112;1861.715;1806.891;3000.836;3599.815;3599.905;1424.938;3599.209;-0.077;3022.787;2367.260;1869.678;1660.689;2863.336;2555.389;3312.975;243.388;342.548;2676.199;1255.832;1022.497;346.652;1.871;1430.909;2152.273;3145.370;3407.787;3598.092;1435.487;1589.956;778.056;3138.814;3187.685;3214.121;7.795;2382.632;3214.403;0.465;3598.956;1316.989;2495.573;3.227;3599.607;2294.968;3301.173;3596.129,1650.926;3600.289;2453.591;948.208;447.560;2452.049;3192.291;3601.124;2218.078;354.818;869.933;1780.259;288.983;839.224;-0.843;3594.445;3599.949;1095.856;1499.784;2985.295;2351.344;2516.588;1354.269;2028.216;201.792;3370.325;-0.140;236.641;3039.753;1814.758;2523.386;2153.247;2810.852;2281.698;713.108;3131.701;1137.305;3421.501;1176.977;3600.471;906.791;2213.319;368.424;491.148;2559.452;3254.365;41.784;2147.473;1219.900;436.362;1797.756;-0.246;3599.198;194.598;3354.533;2697.862;0.103;1691.994;3600.083;812.174;1915.754;2064.177;1184.694;516.356;1799.711;1644.188;3314.976;2010.759;1501.356;642.888;1318.197;1936.445;2413.500;3599.226;813.505;2849.804;1570.730;2643.453;0.025;2732.608;3380.067;-1.087;1285.070;960.816;2940.008;204.569;1333.631;2456.309;3159.707;629.229;0.115;758.097;2870.705;1.542;2727.804;552.402;3093.161;3054.190;3599.753;1520.476
363,655.6346485614777,362,-563.0000801739727,563.0000801739727,0.029238671037578122,881.214;1598.601;1955.965;-0.070;1162.878;724.689;2565.072;459.110;0.514;3599.242;2270.355;-0.672;2563.754;554.632;748.091;891.863;2758.888;2157.085;634.504;1747.367;321.149;3600.522;2015.941;1719.402;1245.249;-0.898;2689.065;2028.556;3036.189;3469.607;-0.263;2106.869;1.666;2421.959;1723.684;1188.747;2790.288;2195.139;820.893;2.150;2889.950;3282.999;24.278;1843.769;1021.986;618.385;229.780;925.202;3599.841;621.883;1137.646;-0.049;2138.191;677.610;2882.213;1862.643;1805.915;2999.711;3600.602;3600.666;1423.977;3599.955;-0.092;3022.599;2366.484;1870.391;1660.343;2864.460;2554.298;3314.083;242.868;343.003;2677.316;1256.102;1023.042;346.599;1.401;1430.071;2153.196;3144.941;3406.781;3597.068;1436.434;1589.152;776.924;3139.932;3186.542;3213.110;8.450;2383.121;3215.414;1.452;3597.967;1318.113;2494.693;2.114;3600.634;2294.103;3300.982;3597.261,1650.664;3599.251;2453.726;948.822;446.532;2453.171;3193.319;3600.019;2219.197;354.021;871.021;1781.383;290.034;838.235;0.193;3595.570;3600.488;1096.628;1499.182;2984.528;2350.227;2516.671;1353.215;2027.096;202.521;3371.339;0.805;237.247;3038.767;1813.770;2522.338;2154.374;2810.369;2281.158;712.037;3131.494;1138.174;3420.474;1176.835;3599.374;905.648;2212.445;367.786;490.034;2560.413;3255.426;41.313;2148.270;1218.822;435.258;1797.789;-0.278;3598.893;195.600;3353.566;2696.792;0.857;1691.470;3600.259;811.148;1914.663;2065.055;1185.712;517.487;1799.470;1645.280;3315.373;2011.802;1502.423;643.857;1317.123;1935.363;2412.701;3599.905;814.444;2848.744;1571.822;2644.363;-0.416;2731.588;3380.858;0.006;1285.587;960.247;2941.118;203.608;1334.645;2457.335;3160.844;630.231;-0.968;759.105;2870.334;2.633;2728.429;553.509;3094.063;3055.085;3599.659;1519.450
364,657.4744074344635,363,-563.024950969043,563.024950969043,0.03670731565341321,881.137;1599.549;1955.019;-0.899;1163.992;725.475;2566.183;458.229;-0.213;3599.232;2271.403;0.294;2564.846;555.560;747.121;891.176;2757.768;2156.103;633.414;1746.618;322.090;3599.432;2015.485;1719.690;1244.120;0.111;2688.668;2027.497;3037.312;3470.359;-0.116;2106.022;0.857;2420.888;1723.485;1189.289;2789.258;2194.019;821.944;1.346;2889.377;3281.999;23.181;1844.886;1023.099;619.356;228.800;924.077;3599.082;622.347;1138.570;-0.471;2139.277;677.995;2883.140;1863.728;1805.433;3000.742;3599.852;3599.573;1422.859;3601.053;-1.189;3023.691;2367.532;1869.469;1661.130;2865.586;2553.984;3315.201;243.876;342.201;2678.441;1255.006;1024.153;346.322;2.302;1429.247;2154.212;3146.028;3407.580;3597.824;1436.099;1588.033;776.057;3140.151;3187.286;3211.992;9.524;2382.053;3214.990;1.947;3599.025;1317.369;2493.571;1.611;3599.778;2293.016;3299.880;3596.350,1650.329;3600.228;2452.667;947.774;447.484;2453.308;3194.447;3599.829;2218.986;352.901;871.317;1782.136;289.276;839.005;-0.009;3594.811;3599.432;1097.678;1500.187;2984.028;2350.907;2516.203;1353.036;2027.200;201.450;3370.369;0.919;236.188;3039.440;1812.655;2521.345;2154.828;2809.267;2280.055;711.376;3132.558;1138.321;3419.347;1176.657;3599.927;905.720;2211.373;367.141;491.010;2561.496;3255.548;42.401;2147.238;1217.708;434.489;1798.758;-1.259;3599.986;194.566;3352.460;2697.320;-0.044;1691.820;3600.720;812.083;1913.682;2066.102;1185.870;518.596;1798.377;1644.781;3314.373;2012.931;1503.553;644.944;1316.017;1934.876;2413.701;3601.018;815.524;2849.615;1572.089;2645.344;0.592;2730.983;3381.757;-0.008;1285.822;959.137;2941.955;203.143;1335.686;2458.386;3160.561;629.210;0.089;758.976;2869.448;1.569;2727.343;552.635;3095.186;3055.529;3598.898;1518.462
365,659.3394348621368,364,-563.0346679085037,563.0346679085037,0.02927995728238713,880.096;1600.445;1955.370;0.150;1164.895;724.492;2565.459;459.119;-0.184;3598.663;2271.125;0.774;2564.266;556.668;746.012;890.095;2757.814;2155.053;634.010;1747.529;321.951;3599.277;2014.405;1719.046;1244.351;0.913;2689.548;2026.391;3037.237;3471.382;-0.099;2104.941;-0.148;2421.526;1722.594;1190.385;2788.249;2193.331;823.035;0.329;2890.404;3281.999;22.077;1845.580;1024.022;618.290;229.814;923.788;3599.302;621.490;1137.726;0.590;2140.350;679.073;2884.246;1863.803;1804.440;3000.821;3600.660;3599.715;1423.818;3600.006;-0.142;3022.938;2368.567;1868.867;1660.377;2864.944;2553.147;3316.297;242.828;343.213;2679.492;1253.956;1023.270;347.405;2.349;1428.143;2155.324;3146.693;3408.499;3598.919;1436.875;1587.629;774.979;3140.937;3188.106;3212.270;8.522;2382.908;3215.421;0.955;3600.067;1316.699;2493.454;2.641;3599.424;2291.907;3298.924;3596.909,1649.243;3599.846;2451.898;947.771;446.567;2452.274;3193.526;3600.068;2218.606;351.870;871.712;1783.225;290.319;838.704;-0.820;3595.365;3598.660;1098.685;1499.212;2985.093;2349.858;2515.111;1352.346;2026.188;202.034;3371.135;-0.092;236.016;3038.713;1812.165;2522.362;2155.563;2808.159;2280.767;710.577;3132.328;1139.410;3419.668;1177.727;3600.645;906.492;2212.142;366.043;491.422;2561.721;3255.371;41.837;2148.115;1218.486;433.971;1799.865;-0.184;3601.089;194.984;3352.710;2696.387;-1.125;1690.738;3599.657;812.179;1914.312;2065.114;1186.929;519.278;1797.322;1645.627;3313.875;2012.087;1502.667;643.966;1314.905;1935.761;2413.053;3599.949;816.632;2850.701;1573.162;2644.731;1.046;2732.050;3382.519;0.756;1284.758;958.597;2941.022;203.474;1335.172;2459.361;3160.819;629.260;-0.465;759.816;2868.342;0.726;2728.227;552.316;3096.077;3056.550;3597.852;1519.396
366,661.0326416492462,365,-563.0502885234207,563.0502885234207,0.02460582290410174,879.011;1601.526;1954.367;0.929;1164.475;724.902;2565.979;458.715;0.752;3599.665;2270.827;-0.266;2563.274;555.998;745.159;890.741;2756.835;2153.992;634.444;1746.667;322.874;3600.166;2015.426;1719.866;1243.351;1.487;2690.638;2025.291;3038.174;3471.997;-1.057;2105.960;0.806;2421.183;1722.544;1189.394;2787.154;2194.220;822.251;-0.723;2891.285;3281.918;22.026;1846.485;1024.156;617.269;228.821;922.738;3600.182;621.676;1138.667;0.615;2139.606;679.924;2885.117;1863.194;1803.609;3001.890;3599.665;3600.220;1424.010;3599.421;0.379;3021.870;2368.070;1867.790;1661.412;2864.312;2553.347;3317.288;242.070;344.304;2678.922;1252.890;1022.646;347.474;1.348;1427.081;2156.358;3147.418;3409.579;3599.855;1435.874;1588.552;775.989;3142.017;3189.002;3211.342;8.065;2383.767;3216.454;-0.105;3600.586;1317.725;2493.402;2.445;3598.383;2291.211;3298.698;3597.971,1650.262;3600.750;2452.400;946.779;445.677;2453.297;3193.643;3599.103;2219.626;350.809;872.777;1784.133;290.209;837.651;0.229;3596.387;3599.237;1098.911;1499.302;2984.167;2348.818;2514.326;1353.388;2025.272;202.865;3372.164;0.867;234.945;3039.710;1811.264;2522.493;2156.650;2808.202;2280.361;709.501;3131.631;1139.262;3419.050;1176.731;3599.601;905.446;2211.494;365.834;491.136;2560.649;3256.438;41.190;2147.822;1217.472;435.009;1799.351;-0.149;3600.108;194.805;3351.819;2695.435;-0.071;1690.385;3600.365;813.193;1913.586;2064.913;1188.002;520.362;1798.307;1645.992;3312.798;2012.163;1502.861;642.903;1315.732;1934.898;2411.979;3599.421;816.122;2849.795;1572.894;2645.716;0.167;2732.870;3383.228;-0.168;1283.782;959.545;2942.055;204.492;1336.180;2460.267;3161.892;630.097;0.465;760.126;2867.262;-0.350;2728.033;553.307;3095.474;3057.647;3597.972;1518.432
367,662.8587129116058,366,-563.0567493692176,563.0567493692176,0.03429260068871751,879.022;1600.989;1955.008;0.386;1164.563;725.123;2566.233;459.615;0.401;3600.746;2271.711;0.601;2563.691;555.601;744.401;890.247;2757.535;2153.727;633.421;1747.520;321.922;3600.663;2016.294;1720.936;1243.854;2.373;2690.180;2025.459;3037.455;3473.055;-0.010;2105.502;1.571;2420.132;1721.589;1188.950;2786.336;2195.151;821.491;0.267;2890.608;3281.470;22.933;1846.307;1023.653;617.517;227.760;923.321;3599.561;621.975;1138.579;-0.203;2139.871;680.803;2884.203;1862.128;1802.608;3002.779;3599.667;3600.237;1423.278;3599.169;-0.575;3022.099;2368.381;1868.485;1661.647;2864.071;2552.323;3316.468;243.045;345.204;2679.747;1253.037;1022.678;346.592;0.268;1426.498;2155.461;3148.104;3410.460;3600.925;1436.428;1589.470;776.685;3142.984;3188.437;3210.475;7.062;2384.564;3215.547;0.857;3599.557;1317.160;2492.566;1.397;3597.333;2290.214;3299.736;3598.382,1650.881;3599.739;2453.464;945.705;444.601;2454.283;3194.151;3599.711;2220.621;350.970;871.812;1784.292;291.080;838.578;0.559;3597.466;3600.303;1097.916;1500.256;2984.619;2347.760;2515.354;1354.311;2024.309;202.059;3371.835;0.156;234.908;3038.690;1810.203;2523.504;2156.513;2807.150;2281.365;710.448;3130.641;1140.253;3419.993;1177.360;3600.482;905.669;2212.444;364.785;490.542;2559.639;3257.067;42.226;2146.880;1217.302;436.088;1798.293;-1.054;3599.322;195.852;3350.744;2696.475;-0.062;1690.880;3599.379;812.208;1912.702;2063.897;1189.080;521.155;1798.811;1646.106;3313.339;2011.876;1503.428;642.005;1314.954;1935.079;2410.895;3599.800;815.059;2850.616;1571.946;2645.058;-0.833;2731.999;3382.195;-1.236;1282.704;960.622;2943.069;205.558;1337.094;2459.239;3161.119;629.190;0.838;759.070;2867.656;0.620;2729.057;552.912;3096.257;3058.732;3598.293;1518.446
368,664.7094345092773,367,-563.0503425300876,563.0503425300876,0.031324646685521505,878.074;1599.941;1955.307;-0.661;1163.523;724.095;2565.220;460.676;-0.644;3599.804;2272.770;0.741;2564.678;554.676;745.399;889.199;2758.547;2154.412;632.948;1748.578;321.032;3599.630;2016.369;1721.823;1243.106;3.348;2689.148;2026.491;3036.426;3473.617;0.047;2104.466;2.618;2420.995;1720.531;1189.458;2787.174;2196.195;822.341;1.157;2889.572;3282.500;22.543;1845.269;1024.691;616.628;227.017;924.336;3600.328;620.937;1139.604;-1.245;2138.852;680.119;2883.156;1861.542;1803.065;3002.186;3600.674;3599.201;1422.452;3599.829;0.307;3023.030;2369.422;1867.703;1661.625;2865.009;2553.340;3317.201;243.580;344.304;2680.786;1252.021;1023.695;346.260;-0.421;1427.452;2154.932;3147.127;3409.453;3599.912;1437.458;1588.568;775.670;3141.961;3187.390;3209.435;6.265;2383.851;3216.535;1.769;3599.610;1318.143;2492.581;1.712;3598.309;2291.156;3300.531;3599.369,1649.969;3599.906;2452.592;944.669;443.673;2453.362;3194.357;3600.731;2220.083;349.963;870.779;1783.486;290.234;839.541;0.089;3597.673;3599.562;1096.901;1501.142;2984.939;2348.563;2515.687;1355.318;2025.230;201.077;3370.826;-0.871;234.582;3037.933;1809.156;2524.562;2155.476;2806.260;2280.557;711.438;3131.653;1140.742;3421.019;1178.320;3599.767;905.008;2213.490;364.025;489.629;2558.712;3256.869;43.211;2147.588;1216.976;436.535;1798.516;-0.100;3599.325;195.087;3351.451;2697.424;-0.044;1691.928;3600.036;812.892;1913.728;2062.890;1189.334;521.043;1797.929;1647.146;3314.318;2010.916;1504.470;642.380;1314.218;1936.069;2411.572;3600.666;814.609;2850.910;1571.507;2644.010;0.179;2732.869;3381.128;-0.250;1283.357;961.262;2942.350;206.615;1337.518;2459.327;3160.776;628.129;1.235;758.782;2866.656;0.782;2729.465;552.030;3097.310;3058.461;3598.719;1519.436
369,666.5793800354004,368,-563.0502289354956,563.0502289354956,0.025891828073407272,877.087;1600.834;1956.336;0.158;1163.852;723.905;2564.259;461.528;0.336;3600.218;2273.573;-0.239;2565.685;553.635;744.694;888.536;2759.508;2153.433;633.662;1747.695;320.622;3599.937;2016.878;1722.822;1242.074;3.026;2688.299;2027.441;3036.847;3474.603;-0.667;2104.983;3.404;2421.952;1721.349;1189.242;2786.227;2197.034;823.384;1.717;2890.544;3281.798;21.513;1844.605;1025.518;615.585;226.292;924.701;3599.346;621.846;1139.156;-0.230;2139.225;679.082;2882.305;1860.507;1802.043;3001.162;3600.307;3599.339;1423.414;3600.784;0.196;3024.067;2370.376;1866.662;1660.602;2864.618;2554.165;3316.373;244.511;344.456;2681.671;1251.088;1024.725;347.211;0.484;1426.572;2155.497;3148.075;3408.430;3599.858;1438.243;1587.753;774.845;3141.212;3187.404;3209.302;5.255;2384.761;3217.364;2.240;3599.920;1319.191;2491.575;2.723;3598.502;2290.276;3301.146;3598.625,1648.960;3599.424;2452.094;943.712;444.139;2453.434;3193.344;3599.768;2220.039;348.942;869.837;1782.628;289.193;840.483;-0.877;3598.645;3600.227;1097.891;1500.977;2983.927;2347.672;2516.642;1356.353;2026.201;200.032;3371.506;0.104;233.572;3038.793;1809.699;2525.563;2155.274;2805.272;2281.465;712.442;3132.682;1139.742;3422.066;1178.107;3600.604;904.360;2213.439;364.120;488.584;2557.884;3257.646;44.249;2147.303;1216.004;437.308;1799.453;-0.840;3600.289;194.049;3352.389;2698.323;0.960;1691.084;3599.075;813.923;1914.734;2062.936;1189.193;522.039;1798.786;1646.295;3313.327;2011.768;1505.320;641.438;1315.167;1937.057;2412.283;3599.678;814.091;2849.902;1571.535;2644.543;-0.239;2733.866;3380.660;-0.205;1284.296;960.318;2942.979;205.717;1337.595;2458.478;3159.805;627.363;2.256;758.754;2865.675;1.760;2728.519;552.985;3097.312;3058.075;3599.747;1518.500
370,668.2756359577179,369,-563.0418252975652,563.0418252975652,0.02964920964593533,876.128;1600.951;1956.029;-0.264;1164.725;722.895;2565.120;461.734;1.086;3599.253;2272.658;-1.069;2566.405;553.775;744.075;888.617;2760.500;2154.273;632.677;1747.979;321.614;3600.386;2016.928;1722.013;1241.131;3.973;2687.271;2027.893;3037.857;3474.047;-0.452;2104.984;2.808;2421.106;1722.287;1189.794;2787.007;2196.247;824.152;0.736;2891.474;3281.012;20.554;1844.616;1026.492;614.834;227.244;923.879;3600.144;622.810;1140.104;0.174;2140.154;678.704;2882.789;1860.496;1802.705;3000.129;3599.316;3600.329;1423.186;3599.797;-0.775;3025.103;2369.387;1865.628;1661.439;2865.622;2554.036;3317.221;243.753;345.234;2682.696;1250.164;1025.761;346.228;1.508;1427.090;2156.516;3147.946;3407.691;3600.521;1439.269;1587.870;773.893;3140.666;3188.377;3210.299;6.083;2383.785;3218.134;1.430;3600.930;1319.547;2492.292;3.749;3597.606;2289.275;3302.127;3597.623,1649.612;3599.705;2451.082;942.728;443.454;2452.915;3194.280;3599.479;2221.048;347.912;870.756;1783.589;288.308;841.516;0.103;3599.384;3599.653;1098.914;1501.652;2984.517;2347.907;2517.496;1356.436;2027.228;198.998;3370.521;0.238;234.431;3039.767;1810.335;2524.704;2155.548;2804.454;2280.621;711.529;3133.706;1139.791;3421.290;1179.091;3599.728;904.571;2212.436;364.713;487.547;2556.946;3258.642;44.096;2146.289;1214.979;438.325;1799.061;0.061;3600.349;194.290;3353.117;2698.953;0.644;1691.634;3598.332;813.397;1915.066;2061.957;1190.165;523.073;1797.810;1646.869;3312.657;2012.792;1506.345;642.365;1314.215;1936.131;2413.140;3599.051;814.964;2849.094;1572.546;2645.561;-0.005;2733.003;3379.853;-0.795;1283.944;959.285;2943.923;204.749;1338.607;2458.119;3160.784;626.692;3.054;758.539;2864.641;2.316;2727.617;552.030;3097.637;3058.530;3600.504;1517.484
371,670.120306968689,370,-563.0497993995782,563.0497993995782,0.02522520497576762,876.721;1601.807;1955.072;0.577;1165.343;722.797;2566.128;461.372;1.752;3599.486;2273.325;-0.100;2567.369;553.568;743.372;889.591;2759.585;2155.285;632.331;1747.136;321.867;3600.945;2015.940;1722.113;1241.039;4.595;2687.001;2027.029;3038.798;3475.029;0.519;2105.965;1.804;2420.396;1721.378;1188.804;2787.596;2195.607;824.457;-0.280;2892.409;3280.012;20.931;1845.606;1026.802;613.871;228.018;922.872;3600.368;623.778;1141.032;0.250;2141.013;677.879;2883.667;1861.111;1802.025;2999.200;3599.495;3599.494;1424.164;3600.014;0.133;3026.053;2368.472;1864.791;1661.683;2866.461;2553.543;3316.286;242.758;346.144;2682.136;1251.040;1026.763;347.094;1.949;1428.071;2157.478;3148.296;3408.588;3599.958;1438.526;1586.890;774.698;3141.587;3189.386;3209.453;5.192;2382.911;3217.266;0.520;3599.973;1318.618;2493.291;3.450;3596.600;2289.662;3301.311;3596.602,1650.593;3598.953;2450.847;941.834;442.448;2451.954;3194.695;3600.187;2220.142;347.270;870.594;1782.622;289.088;841.936;-0.212;3600.359;3600.614;1098.694;1502.307;2984.729;2348.882;2517.201;1355.458;2028.212;198.887;3370.029;-0.442;233.486;3040.519;1809.367;2524.888;2156.502;2804.981;2281.476;710.567;3133.475;1139.185;3420.302;1180.061;3600.553;905.566;2211.550;363.844;488.506;2557.840;3257.775;44.438;2145.719;1214.223;439.345;1798.060;-0.427;3599.381;195.270;3354.040;2699.856;1.268;1692.628;3598.835;812.938;1916.033;2062.899;1189.459;522.752;1796.909;1645.884;3313.577;2013.287;1506.855;643.368;1314.771;1936.567;2414.087;3599.514;814.035;2849.005;1572.970;2645.518;-0.909;2732.041;3378.923;0.159;1283.058;958.852;2943.209;203.732;1338.783;2457.418;3161.286;625.869;4.062;757.622;2864.109;1.366;2727.861;552.091;3096.762;3057.583;3599.654;1517.096
372,671.9868800640106,371,-563.0501568969818,563.0501568969818,0.026896497695973694,875.843;1601.847;1954.079;-0.254;1166.327;721.999;2565.293;461.952;2.332;3598.723;2274.074;-0.575;2568.363;553.380;742.387;888.708;2759.284;2156.140;631.356;1747.241;320.902;3599.969;2014.965;1721.206;1240.356;3.755;2686.046;2026.032;3039.796;3475.969;1.501;2106.151;0.798;2421.297;1720.542;1189.389;2788.586;2196.558;825.439;-0.673;2893.392;3279.041;21.874;1846.541;1027.614;612.898;229.001;921.924;3599.521;624.353;1142.034;-0.536;2142.007;678.728;2884.663;1862.095;1802.828;2998.197;3598.747;3600.300;1425.143;3600.940;-0.283;3027.056;2367.523;1863.792;1660.762;2867.296;2554.499;3315.292;243.295;347.144;2682.985;1251.829;1027.715;347.337;2.925;1429.028;2158.475;3147.355;3408.785;3600.895;1439.303;1585.885;775.111;3141.791;3189.318;3210.240;5.866;2382.221;3216.286;-0.450;3600.391;1317.649;2492.378;4.340;3596.055;2288.870;3300.560;3595.601,1651.541;3599.900;2449.873;941.597;442.638;2450.950;3193.734;3600.105;2219.201;346.826;871.500;1782.296;288.225;841.151;0.617;3599.397;3599.703;1099.164;1503.294;2985.636;2348.741;2516.259;1355.341;2029.171;198.763;3370.310;0.472;233.253;3041.449;1810.173;2525.832;2155.883;2805.966;2282.476;709.569;3133.790;1140.122;3420.346;1181.066;3599.747;906.542;2210.757;362.843;489.411;2558.832;3256.775;43.469;2144.824;1214.860;439.072;1797.075;0.477;3600.235;194.651;3355.042;2699.293;0.383;1693.259;3599.820;813.826;1917.035;2062.390;1190.389;522.084;1797.040;1644.931;3313.390;2012.391;1506.588;644.065;1314.013;1937.530;2414.967;3600.491;814.896;2848.733;1572.048;2644.634;0.048;2731.108;3378.186;0.878;1282.080;957.874;2942.221;203.247;1337.868;2458.387;3161.182;626.610;3.140;756.704;2863.802;0.362;2726.920;552.274;3097.686;3058.225;3598.815;1516.117
373,673.8811140060425,372,-563.0606989669222,563.0606989669222,0.02289937328824714,876.686;1602.780;1953.713;-1.226;1166.688;722.631;2564.862;460.988;1.433;3599.590;2273.158;-0.175;2567.519;552.412;743.272;888.866;2758.336;2155.253;630.608;1748.157;321.369;3599.894;2015.857;1720.219;1239.805;2.872;2686.673;2025.828;3040.179;3476.649;1.426;2107.108;0.315;2422.264;1721.472;1189.058;2787.844;2197.542;826.399;0.241;2894.381;3279.581;22.862;1846.661;1028.597;612.159;228.279;920.951;3600.393;624.748;1141.397;0.397;2141.092;677.809;2885.420;1861.252;1802.958;2998.184;3599.690;3599.482;1424.410;3600.014;0.261;3026.705;2367.622;1862.937;1660.445;2868.264;2555.454;3314.782;244.268;348.089;2682.074;1250.894;1028.278;346.610;2.516;1428.239;2159.387;3147.557;3409.721;3599.988;1438.664;1586.452;775.924;3141.794;3189.165;3209.503;6.801;2383.152;3217.145;0.497;3600.147;1318.415;2491.816;3.871;3595.335;2288.646;3299.582;3596.292,1650.677;3600.450;2448.905;942.555;443.497;2451.639;3193.866;3599.262;2219.527;347.588;871.259;1783.179;288.997;840.803;0.384;3599.227;3599.093;1098.894;1502.596;2984.743;2347.840;2517.192;1356.293;2028.450;197.830;3371.277;0.981;232.320;3042.415;1810.323;2525.601;2156.821;2805.463;2281.913;709.876;3134.523;1139.298;3420.968;1180.268;3600.243;907.532;2209.810;363.700;489.966;2558.116;3256.677;43.788;2145.385;1214.105;438.143;1797.401;-0.069;3600.366;193.676;3354.161;2700.231;0.963;1692.340;3600.692;814.764;1917.962;2063.216;1189.780;521.343;1797.968;1645.120;3312.452;2011.445;1505.893;643.348;1314.754;1937.243;2414.434;3599.677;815.719;2849.681;1571.336;2644.147;-0.240;2732.001;3379.140;0.961;1281.104;957.708;2943.050;202.279;1338.619;2459.130;3160.230;625.689;2.735;757.591;2862.837;0.582;2726.104;551.351;3098.453;3057.433;3599.593;1516.843
374,675.5895209312439,373,-563.0517221003067,563.0517221003067,0.01748767482241609,875.855;1601.884;1952.807;-0.341;1166.381;721.705;2565.464;461.050;0.461;3600.141;2273.702;0.668;2568.267;551.440;744.245;889.402;2758.005;2154.999;631.380;1749.130;320.653;3600.305;2014.997;1721.079;1240.609;3.804;2687.085;2024.883;3041.111;3476.351;2.293;2108.051;-0.641;2423.239;1722.054;1188.103;2787.316;2198.490;825.802;0.759;2895.282;3280.539;22.045;1847.576;1029.564;611.193;229.167;921.609;3599.516;623.837;1140.512;-0.172;2140.120;676.989;2885.495;1861.244;1802.053;2998.894;3600.595;3599.151;1425.060;3600.142;1.087;3025.775;2366.819;1861.975;1661.374;2869.204;2555.595;3315.695;243.586;349.064;2682.619;1251.530;1027.805;347.501;1.568;1427.306;2159.888;3146.611;3410.458;3599.924;1439.417;1586.243;776.892;3140.843;3188.249;3208.617;5.939;2383.879;3217.834;1.129;3599.518;1317.928;2491.226;4.125;3596.154;2289.590;3298.874;3597.097,1651.365;3599.507;2448.454;942.186;444.440;2451.163;3193.638;3600.145;2220.308;348.526;872.028;1782.446;288.787;841.662;-0.329;3599.159;3598.492;1097.983;1501.632;2985.175;2347.396;2516.803;1356.191;2027.799;196.856;3370.900;0.859;232.372;3043.293;1810.948;2526.232;2156.568;2806.367;2281.437;709.637;3135.486;1138.425;3421.862;1180.969;3599.574;908.016;2208.938;363.862;490.898;2558.446;3256.117;42.957;2144.495;1214.067;437.240;1798.344;0.726;3599.470;192.802;3354.891;2699.360;1.092;1691.445;3599.777;815.733;1918.924;2064.122;1188.848;521.864;1798.394;1645.300;3311.528;2010.547;1506.746;642.386;1315.684;1936.361;2415.296;3600.277;816.639;2849.021;1572.211;2643.349;0.145;2732.457;3380.029;0.554;1280.128;956.927;2942.475;201.315;1339.528;2460.087;3160.846;624.715;3.346;758.557;2862.198;1.001;2725.389;550.378;3099.379;3056.465;3600.543;1516.922
375,677.448915719986,374,-563.0653066628277,563.0653066628277,0.024230407609773595,875.260;1602.513;1952.953;0.344;1167.316;721.398;2564.564;460.810;-0.404;3600.930;2274.559;0.082;2569.119;551.558;743.630;888.478;2758.173;2155.750;630.819;1748.580;320.176;3599.433;2015.616;1720.474;1241.558;4.549;2687.734;2024.765;3040.626;3475.413;2.756;2108.951;0.239;2424.085;1721.767;1187.154;2786.451;2198.837;824.856;0.211;2896.117;3281.219;21.274;1846.938;1028.890;611.852;229.681;922.554;3600.092;624.361;1141.302;-0.870;2139.962;677.302;2886.358;1861.969;1801.116;2998.820;3599.733;3599.009;1424.492;3600.632;1.034;3025.428;2365.878;1861.713;1661.336;2869.993;2555.789;3315.575;243.497;349.638;2681.815;1250.942;1028.633;348.145;0.674;1426.561;2160.674;3146.957;3411.410;3600.595;1438.559;1585.331;777.774;3141.586;3187.295;3207.715;5.023;2384.801;3216.958;1.093;3600.259;1316.993;2492.035;5.050;3597.101;2290.374;3298.067;3597.756,1651.788;3599.325;2447.511;943.025;445.265;2450.251;3192.701;3599.617;2219.610;349.485;871.129;1783.245;289.449;840.854;0.569;3600.030;3598.568;1097.025;1500.705;2985.480;2346.453;2515.906;1355.425;2028.670;195.895;3371.626;0.692;232.014;3044.251;1811.897;2527.181;2155.816;2806.061;2282.325;708.903;3134.927;1138.655;3422.821;1181.505;3599.968;908.960;2209.854;363.364;491.377;2559.325;3255.171;42.326;2145.380;1214.997;436.549;1797.977;0.684;3600.280;191.984;3355.272;2699.605;2.018;1690.488;3600.125;816.541;1918.147;2063.238;1188.725;520.933;1799.336;1644.395;3312.059;2009.589;1506.590;642.349;1316.550;1937.267;2414.444;3599.579;816.081;2849.803;1572.395;2642.399;-0.337;2733.385;3379.645;-0.379;1280.257;957.810;2943.337;200.537;1340.025;2460.891;3160.042;624.252;2.593;758.263;2863.088;1.702;2726.283;550.230;3099.975;3055.706;3599.728;1517.687
376,679.3319878578186,375,-563.0764121933196,563.0764121933196,0.03183360320085492,874.328;1601.696;1953.788;-0.549;1166.869;721.240;2563.628;461.327;0.352;3600.017;2273.887;-0.851;2568.297;550.761;743.270;888.475;2759.098;2156.684;631.708;1748.980;319.802;3598.735;2015.178;1721.047;1242.281;3.738;2688.664;2023.903;3040.283;3474.466;2.178;2109.843;0.418;2425.017;1721.108;1186.890;2785.533;2199.758;824.263;-0.636;2896.365;3282.079;21.624;1847.703;1029.249;611.405;228.896;923.380;3600.978;623.486;1140.485;0.023;2139.142;678.210;2886.464;1861.060;1801.299;2999.714;3600.385;3598.255;1423.989;3599.834;0.130;3024.686;2366.332;1861.000;1662.256;2870.352;2554.870;3316.408;244.330;350.237;2682.322;1250.066;1029.460;349.077;1.377;1427.232;2160.367;3146.107;3412.121;3599.702;1437.665;1585.997;778.691;3140.892;3186.362;3208.553;5.614;2385.466;3216.829;2.015;3599.595;1317.021;2492.867;5.984;3597.086;2289.864;3298.169;3598.691,1652.632;3598.558;2447.770;942.165;445.597;2451.110;3192.454;3600.234;2220.493;349.189;870.858;1784.186;290.381;840.169;0.036;3600.349;3599.438;1097.617;1499.765;2984.973;2345.602;2516.241;1356.181;2027.917;196.331;3372.562;1.570;232.028;3044.937;1812.818;2528.098;2156.641;2805.165;2281.628;709.500;3134.145;1139.522;3423.764;1180.620;3600.886;909.332;2210.094;362.445;490.549;2558.433;3255.957;43.172;2145.241;1215.239;437.404;1798.841;-0.220;3599.673;191.921;3355.357;2700.487;1.530;1689.591;3599.468;817.392;1918.304;2062.400;1187.848;520.490;1799.668;1645.167;3311.190;2009.132;1505.672;641.429;1317.485;1936.932;2413.928;3600.249;816.332;2850.626;1571.711;2642.753;-1.139;2734.290;3379.765;0.295;1280.556;958.727;2944.276;201.316;1340.910;2460.079;3159.101;623.354;1.832;759.149;2862.493;2.556;2725.438;551.112;3099.145;3055.726;3600.464;1517.602
377,681.0352847576141,376,-563.0902063628712,563.0902063628712,0.027252515165472172,873.611;1602.166;1953.134;-0.248;1167.591;720.334;2563.538;462.243;-0.253;3600.367;2274.752;0.003;2568.979;551.557;742.364;887.575;2759.814;2157.549;631.984;1749.888;318.893;3599.548;2015.964;1721.933;1243.198;3.315;2687.833;2024.753;3039.384;3474.728;1.262;2110.144;0.135;2425.584;1720.188;1186.762;2786.098;2199.005;823.399;0.258;2897.195;3281.242;20.790;1847.724;1029.906;610.550;227.971;923.881;3600.086;623.911;1141.111;-0.019;2139.936;679.133;2885.566;1860.155;1800.392;2999.472;3599.839;3599.057;1424.858;3599.761;-0.786;3025.435;2365.461;1861.574;1662.989;2871.238;2555.654;3317.086;243.469;351.153;2683.117;1249.149;1030.387;350.009;0.631;1426.392;2161.258;3145.961;3412.774;3599.657;1436.999;1585.144;778.266;3141.743;3186.603;3209.052;5.312;2384.915;3215.919;2.370;3599.796;1316.115;2493.779;6.692;3597.982;2289.295;3297.958;3598.536,1653.554;3599.360;2448.608;941.833;444.691;2451.322;3193.154;3599.346;2221.045;348.279;869.951;1784.385;291.280;841.061;-0.852;3599.446;3600.365;1096.757;1499.551;2984.056;2346.061;2517.154;1357.106;2028.256;196.635;3372.605;0.682;231.118;3044.075;1812.209;2528.660;2155.963;2804.239;2281.789;710.417;3134.926;1140.451;3422.914;1180.189;3600.005;908.524;2209.609;361.522;490.332;2557.571;3256.826;44.098;2144.415;1215.936;438.332;1798.118;-1.148;3600.549;192.823;3354.455;2701.418;2.394;1689.274;3599.971;816.916;1919.040;2063.095;1188.649;521.277;1799.755;1644.902;3311.014;2009.488;1505.944;641.187;1317.162;1936.082;2413.011;3599.381;815.427;2850.968;1572.553;2642.316;-0.237;2733.897;3378.859;-0.574;1281.345;959.613;2944.856;202.153;1340.226;2459.410;3159.220;622.463;0.907;758.382;2861.742;1.660;2725.677;551.488;3099.988;3056.633;3599.654;1516.692
378,682.8804636001587,377,-563.0858059682398,563.0858059682398,0.02463024661604015,873.523;1602.175;1952.227;-0.864;1167.881;719.419;2562.837;461.549;0.617;3599.601;2275.622;-0.061;2569.888;552.127;741.600;888.257;2760.233;2156.969;631.190;1750.676;319.683;3600.249;2016.765;1722.843;1243.058;2.419;2686.923;2025.589;3038.466;3475.517;0.564;2109.258;-0.535;2426.430;1719.269;1186.014;2787.003;2199.002;824.272;-0.285;2896.448;3280.380;19.888;1846.833;1030.809;609.639;228.183;924.765;3600.108;624.803;1140.412;-0.405;2140.108;680.031;2885.225;1860.406;1800.423;2998.584;3600.677;3599.970;1424.113;3598.881;0.079;3024.580;2366.151;1862.278;1663.860;2871.768;2556.537;3317.993;242.623;350.291;2684.003;1248.237;1030.948;349.399;1.401;1427.037;2162.175;3145.450;3411.911;3599.991;1436.098;1585.822;777.369;3141.179;3187.369;3209.953;6.188;2384.012;3215.528;3.164;3600.692;1316.217;2494.684;7.526;3597.634;2288.391;3298.840;3597.754,1652.938;3598.649;2447.896;940.947;444.028;2451.893;3192.329;3600.158;2221.806;347.360;869.606;1785.094;290.465;841.974;0.011;3599.261;3599.606;1097.595;1498.758;2984.912;2346.155;2516.844;1356.850;2028.081;195.760;3371.717;-0.212;231.542;3044.894;1811.324;2528.801;2155.054;2803.762;2280.903;711.330;3135.839;1141.255;3423.561;1179.364;3600.559;907.907;2210.484;360.651;489.435;2556.690;3257.707;44.509;2144.621;1216.846;439.106;1798.958;-0.312;3599.857;192.080;3355.334;2702.299;3.090;1688.376;3599.106;817.746;1919.939;2062.327;1187.871;522.188;1798.864;1645.756;3310.128;2009.032;1505.112;640.325;1316.266;1936.843;2413.768;3599.036;814.926;2850.624;1573.468;2643.169;-0.055;2733.397;3377.980;-0.360;1282.253;959.600;2945.680;203.067;1341.094;2458.502;3158.485;621.548;1.294;758.489;2861.430;2.055;2726.498;550.620;3100.328;3055.887;3600.398;1517.458
379,684.747308254242,378,-563.0611727065359,563.0611727065359,0.018382950374316784,872.643;1602.797;1951.422;-0.142;1167.045;719.491;2562.995;462.292;0.195;3599.680;2276.223;-0.754;2569.243;552.940;741.111;888.696;2759.402;2156.560;632.037;1751.459;320.579;3599.411;2016.013;1723.727;1243.503;1.515;2686.171;2025.036;3039.217;3476.376;-0.292;2109.124;0.334;2427.035;1719.812;1186.863;2786.763;2198.163;824.774;0.387;2895.574;3281.065;19.179;1847.572;1030.370;609.195;228.539;924.441;3599.770;624.292;1139.601;0.448;2140.842;679.726;2886.098;1860.069;1800.442;2999.236;3599.915;3599.543;1424.968;3598.991;-0.374;3024.840;2366.857;1863.174;1664.235;2870.923;2555.820;3318.793;242.001;350.200;2684.886;1247.339;1030.372;348.597;2.095;1426.202;2162.286;3146.083;3411.589;3599.505;1435.609;1585.294;776.588;3141.641;3188.261;3209.970;7.033;2383.142;3216.194;3.903;3599.833;1316.431;2495.577;6.801;3597.983;2287.546;3298.306;3598.588,1653.464;3598.419;2448.718;940.138;443.168;2452.409;3191.704;3599.394;2221.334;347.625;870.466;1785.985;290.891;841.558;0.314;3598.986;3600.318;1098.355;1497.867;2985.312;2345.352;2515.999;1355.973;2027.219;195.784;3372.318;0.563;231.262;3045.570;1811.756;2529.425;2155.812;2804.442;2281.412;710.626;3135.264;1142.040;3422.857;1180.041;3599.797;907.015;2210.011;360.979;488.941;2556.881;3258.408;43.775;2144.626;1217.444;439.195;1799.392;0.247;3600.455;192.786;3354.922;2701.594;3.980;1687.539;3598.729;818.609;1919.141;2062.768;1188.238;522.553;1799.255;1645.050;3310.466;2009.883;1505.935;639.564;1315.916;1936.092;2413.116;3598.167;814.399;2849.740;1574.256;2644.010;-0.764;2734.199;3378.473;0.502;1282.934;958.929;2946.544;202.418;1340.609;2459.168;3159.338;622.201;1.291;759.350;2862.293;1.438;2725.669;551.155;3099.466;3056.592;3599.881;1516.955
380,686.4396729469299,379,-563.0739978592853,563.0739978592853,0.009441684050697592,872.759;1603.675;1952.080;0.265;1167.776;720.304;2562.193;462.982;-0.183;3600.200;2277.063;0.071;2569.416;553.820;740.328;887.926;2760.158;2157.342;631.509;1751.087;319.887;3600.129;2016.834;1724.178;1243.446;0.904;2686.702;2024.250;3038.842;3475.574;0.469;2109.962;0.175;2426.186;1720.244;1186.126;2785.934;2198.668;823.997;-0.157;2896.257;3280.327;19.157;1848.073;1029.530;609.390;227.963;925.045;3600.039;625.105;1140.309;-0.210;2141.535;679.838;2886.470;1860.822;1799.591;2999.534;3600.291;3600.319;1424.552;3599.858;0.067;3025.614;2366.080;1862.411;1663.403;2871.738;2556.390;3318.998;242.816;350.987;2685.775;1247.636;1030.440;349.359;1.346;1426.965;2161.455;3146.227;3412.368;3600.322;1435.955;1584.599;777.396;3141.224;3189.147;3209.132;6.381;2383.810;3215.914;3.752;3599.976;1316.123;2494.786;6.394;3597.141;2286.712;3299.149;3598.620,1654.149;3599.252;2449.432;939.263;442.363;2453.285;3192.558;3599.023;2220.461;347.032;871.184;1785.223;290.152;840.688;1.090;3599.836;3599.670;1098.239;1498.583;2984.589;2346.205;2515.612;1355.117;2028.028;196.571;3371.978;0.112;232.069;3044.899;1810.969;2528.567;2155.288;2805.299;2282.227;711.294;3135.897;1141.319;3421.977;1180.923;3599.781;906.140;2210.162;361.801;489.763;2557.745;3259.204;42.891;2143.758;1216.592;439.783;1798.602;1.046;3599.663;193.529;3355.521;2701.447;3.163;1688.289;3599.491;819.214;1918.885;2062.017;1188.854;521.816;1799.548;1644.471;3311.337;2010.749;1505.181;640.385;1316.274;1936.135;2413.450;3598.862;815.236;2849.150;1573.679;2643.287;0.025;2733.365;3377.886;0.180;1282.135;958.073;2945.756;202.343;1341.426;2459.444;3159.926;622.053;0.874;759.711;2861.548;0.563;2726.332;550.361;3099.021;3057.003;3599.063;1516.752
381,688.263708114624,380,-563.0883499868597,563.0883499868597,0.030218351392501293,871.996;1602.852;1952.933;-0.441;1167.153;719.544;2563.021;463.212;-1.038;3601.014;2277.821;0.362;2568.604;553.473;741.132;888.669;2759.357;2156.593;632.310;1750.244;320.561;3599.554;2016.670;1725.038;1242.619;0.052;2685.896;2024.941;3037.984;3476.287;-0.281;2109.215;0.777;2426.911;1719.503;1186.840;2785.148;2199.395;824.553;0.649;2895.418;3281.102;18.312;1848.914;1030.323;610.238;228.806;925.898;3599.326;624.342;1139.482;-1.035;2140.705;680.673;2887.327;1860.004;1798.900;3000.392;3599.974;3599.489;1423.792;3599.175;0.770;3025.071;2366.513;1863.155;1664.176;2871.064;2555.587;3319.855;242.262;350.375;2685.657;1247.276;1029.641;348.706;0.676;1427.647;2161.975;3145.379;3412.816;3599.508;1435.113;1584.693;776.738;3140.383;3189.590;3209.216;5.573;2384.668;3216.746;2.920;3599.487;1316.966;2495.518;5.545;3597.953;2287.405;3298.353;3599.471,1655.017;3600.107;2450.241;939.955;441.537;2454.162;3192.614;3598.795;2221.115;346.167;870.396;1785.999;290.622;841.078;1.717;3600.271;3600.310;1097.388;1497.797;2985.302;2346.365;2516.367;1355.925;2027.272;195.808;3372.614;0.767;231.625;3045.498;1810.103;2528.358;2155.904;2804.647;2281.425;712.105;3135.247;1142.111;3421.532;1180.261;3600.562;906.897;2210.955;361.042;489.780;2557.006;3259.935;42.422;2143.380;1216.170;440.648;1799.389;1.824;3600.322;192.860;3355.129;2702.287;2.371;1687.710;3600.101;820.078;1919.365;2062.750;1188.030;522.615;1798.833;1644.501;3310.634;2010.067;1505.835;639.606;1317.123;1935.949;2413.491;3598.497;814.627;2849.906;1572.814;2642.451;-0.331;2734.120;3377.030;-0.665;1281.451;958.751;2945.917;203.046;1342.152;2458.626;3159.904;621.335;0.837;758.906;2860.678;0.567;2725.623;549.656;3099.717;3057.464;3599.768;1515.913
382,690.1127483844757,381,-563.0816299897681,563.0816299897681,0.019283085452275105,872.791;1602.790;1953.773;0.359;1166.299;719.062;2562.724;462.373;-0.227;3600.179;2277.023;0.418;2567.793;552.627;741.994;889.523;2758.746;2157.392;632.599;1750.615;320.800;3599.765;2016.842;1724.469;1243.438;-0.762;2686.564;2024.286;3038.180;3475.892;0.361;2109.608;1.223;2427.517;1720.154;1186.102;2785.302;2200.253;823.971;1.309;2895.374;3281.392;17.449;1849.085;1030.340;611.059;229.537;926.715;3600.025;624.715;1138.770;-0.241;2139.846;679.983;2887.199;1859.315;1798.220;3000.638;3600.786;3599.378;1424.040;3599.656;1.536;3024.220;2365.857;1862.568;1663.981;2871.847;2555.561;3319.725;242.339;349.713;2684.821;1246.775;1028.782;349.176;-0.178;1428.503;2161.897;3144.517;3413.507;3599.512;1434.250;1585.536;777.302;3140.702;3188.787;3208.516;5.393;2385.384;3217.477;2.131;3599.895;1317.305;2495.350;5.868;3598.572;2288.261;3297.902;3600.273,1655.869;3600.056;2450.801;940.573;442.237;2454.901;3192.138;3599.599;2221.679;345.748;869.705;1786.538;289.862;841.808;2.551;3599.477;3599.556;1096.923;1497.618;2985.829;2346.939;2517.161;1356.110;2027.160;194.999;3371.922;1.312;232.158;3046.314;1809.598;2527.531;2155.243;2805.154;2281.215;712.590;3134.630;1141.606;3421.870;1180.495;3599.763;907.508;2210.146;361.349;490.430;2556.993;3260.792;41.592;2142.535;1215.448;441.123;1799.381;2.648;3600.162;192.044;3355.601;2702.115;1.584;1687.857;3599.473;820.639;1920.211;2063.604;1187.292;522.229;1799.594;1643.668;3309.873;2010.457;1506.637;639.691;1317.952;1935.110;2414.243;3599.304;814.385;2850.439;1572.223;2642.999;0.185;2733.898;3377.362;0.158;1280.595;958.649;2946.587;202.250;1342.957;2458.790;3159.174;620.480;1.666;758.063;2860.130;-0.195;2725.678;548.800;3098.949;3056.690;3600.602;1515.337
383,691.9945549964905,382,-563.0751959378271,563.0751959378271,0.013372275806028146,872.564;1602.119;1953.193;-0.350;1165.491;718.429;2562.344;461.735;0.207;3599.662;2276.196;0.510;2567.041;551.898;742.719;889.948;2757.956;2156.762;632.132;1751.070;321.570;3599.878;2017.247;1724.965;1243.026;0.050;2687.296;2023.455;3038.977;3475.275;0.838;2110.065;0.430;2426.835;1720.276;1185.910;2784.680;2201.044;824.044;2.074;2896.144;3282.197;17.152;1849.805;1029.826;610.440;230.378;927.073;3600.723;625.208;1139.313;-0.204;2139.121;679.267;2887.959;1859.837;1798.947;3001.204;3600.019;3600.044;1424.870;3599.331;0.746;3023.420;2365.036;1861.787;1664.512;2871.577;2555.627;3319.655;243.129;349.420;2685.381;1247.539;1027.950;349.931;0.470;1428.999;2162.652;3143.762;3414.144;3598.775;1433.583;1586.360;777.116;3139.901;3189.465;3209.049;5.442;2385.307;3218.322;2.933;3600.249;1318.135;2495.818;5.086;3598.987;2287.753;3297.238;3600.139,1656.651;3599.519;2451.635;939.777;441.768;2455.495;3192.365;3600.119;2222.110;346.406;870.435;1786.653;290.059;841.733;2.657;3599.205;3599.878;1097.381;1497.653;2986.631;2346.268;2517.407;1355.668;2026.675;194.178;3372.154;1.013;232.995;3046.328;1809.890;2526.746;2155.893;2805.957;2280.881;711.812;3134.376;1140.961;3422.657;1181.222;3599.799;907.148;2209.428;362.085;489.638;2557.626;3261.480;40.810;2141.840;1214.634;441.756;1798.873;3.289;3599.758;192.562;3355.042;2701.342;0.744;1687.161;3599.930;820.297;1919.587;2064.076;1187.989;522.060;1798.976;1642.910;3309.650;2011.287;1507.467;639.636;1317.634;1934.289;2413.817;3599.766;815.184;2849.672;1571.405;2643.838;-0.344;2733.243;3377.781;0.122;1279.823;957.850;2947.430;201.482;1343.576;2458.697;3159.540;621.241;0.947;758.796;2860.444;0.579;2725.084;548.242;3098.684;3056.963;3599.843;1514.594
384,693.6959111690521,383,-563.109753264263,563.109753264263,0.03345014011918157,873.293;1601.308;1953.937;0.264;1164.852;719.226;2562.939;461.893;0.196;3600.299;2275.416;-0.303;2566.236;551.065;742.188;890.768;2758.745;2157.224;632.921;1751.893;320.764;3600.688;2016.441;1725.427;1243.780;0.010;2686.594;2024.169;3038.442;3476.050;1.652;2109.371;-0.299;2427.532;1719.484;1185.105;2785.468;2200.281;824.312;1.369;2895.377;3282.758;17.946;1849.092;1029.018;611.155;230.055;927.894;3599.913;624.493;1138.594;-0.618;2139.802;680.053;2887.172;1859.275;1798.946;3002.003;3600.500;3600.695;1424.237;3599.991;0.595;3024.138;2365.820;1862.556;1665.334;2871.215;2556.303;3318.857;243.964;350.188;2684.594;1246.750;1027.119;349.141;1.215;1429.119;2161.857;3143.928;3413.331;3599.487;1434.131;1587.173;776.619;3140.504;3188.679;3209.873;6.259;2386.104;3217.668;2.375;3599.492;1317.464;2496.629;4.268;3598.193;2288.528;3298.029;3599.336,1655.874;3598.695;2452.471;939.712;440.948;2454.949;3191.597;3600.746;2221.339;347.093;869.683;1785.847;289.397;842.466;1.847;3599.482;3600.692;1097.727;1498.309;2986.539;2346.912;2518.223;1356.465;2027.386;194.868;3372.913;0.193;233.116;3045.517;1809.111;2527.524;2155.132;2805.707;2281.526;712.267;3133.595;1141.119;3421.941;1180.428;3600.604;906.345;2210.039;362.294;489.189;2556.991;3262.294;40.639;2142.590;1215.356;442.583;1798.322;3.666;3600.543;193.324;3354.218;2701.956;1.320;1687.956;3599.121;821.053;1920.342;2064.481;1187.259;521.242;1798.295;1643.704;3310.430;2010.700;1506.722;640.417;1318.431;1935.056;2414.465;3600.301;814.418;2849.024;1570.922;2643.123;-1.156;2733.978;3377.285;-0.608;1280.370;958.649;2946.757;202.229;1342.774;2457.934;3160.203;620.750;0.116;758.763;2860.109;0.331;2725.874;548.751;3097.874;3057.774;3600.548;1515.381
385,695.5376772880554,384,-563.105077267656,563.105077267656,0.017256646144319147,873.851;1602.081;1953.354;0.530;1165.447;718.902;2563.753;461.145;-0.399;3599.691;2275.898;0.367;2565.414;550.312;741.393;891.556;2758.593;2156.452;633.723;1751.480;320.459;3599.904;2015.622;1726.229;1244.287;-0.554;2686.698;2024.911;3038.770;3475.916;1.460;2109.956;0.356;2428.163;1719.073;1184.299;2785.649;2199.609;825.094;1.087;2895.407;3281.996;18.769;1849.847;1029.378;611.603;229.294;928.706;3600.071;625.266;1138.686;0.168;2140.519;680.504;2887.229;1858.646;1798.143;3002.825;3600.179;3599.906;1424.784;3599.930;0.295;3024.163;2365.496;1862.544;1665.116;2870.430;2557.120;3319.357;243.218;351.009;2684.114;1247.467;1026.309;349.054;0.544;1428.320;2161.992;3144.715;3413.689;3599.842;1433.446;1587.752;775.811;3141.314;3188.116;3210.386;6.991;2386.923;3216.897;1.565;3600.245;1316.744;2497.448;5.070;3597.823;2288.462;3297.469;3599.858,1656.269;3599.319;2453.204;938.913;441.168;2455.712;3190.784;3599.945;2221.710;346.335;870.321;1785.382;288.658;841.841;1.752;3598.701;3599.952;1098.527;1499.114;2985.735;2346.195;2519.048;1356.945;2027.211;195.681;3373.734;-0.280;232.488;3045.758;1809.340;2527.950;2155.141;2804.904;2280.978;711.508;3133.161;1141.902;3421.159;1179.700;3599.999;905.570;2209.319;361.601;488.390;2556.219;3263.112;41.377;2142.064;1214.604;443.398;1798.946;2.868;3599.989;194.138;3354.894;2702.753;1.267;1687.818;3599.265;821.869;1920.754;2065.288;1187.762;521.783;1799.061;1643.328;3309.690;2011.222;1507.251;639.698;1319.150;1934.523;2414.179;3599.528;814.419;2848.208;1571.627;2643.735;-0.369;2733.284;3378.059;0.129;1279.622;957.957;2947.344;201.839;1342.612;2457.115;3161.016;621.473;-0.708;759.566;2859.306;-0.474;2725.220;547.957;3097.216;3058.598;3599.957;1514.675
386,697.398624420166,385,-563.120068714949,563.120068714949,0.017903989481176812,874.642;1602.018;1953.955;-0.077;1165.476;719.393;2563.592;460.765;0.369;3600.028;2275.271;0.684;2565.223;549.927;741.594;891.833;2757.868;2156.193;633.537;1750.682;319.752;3599.753;2014.817;1725.809;1244.082;0.218;2687.482;2024.333;3038.053;3475.381;1.905;2109.317;-0.320;2428.782;1719.732;1183.608;2784.877;2200.064;824.394;0.332;2894.849;3282.274;18.234;1850.593;1028.639;612.073;229.798;929.517;3599.773;624.918;1137.963;-0.107;2140.504;679.819;2887.624;1857.927;1797.642;3003.583;3600.173;3599.912;1425.536;3600.714;0.989;3024.452;2365.890;1863.315;1665.199;2869.619;2556.389;3320.069;243.083;350.953;2683.493;1248.098;1025.582;348.838;-0.029;1427.606;2161.408;3145.525;3413.994;3600.627;1432.799;1587.429;776.550;3140.828;3187.926;3210.259;6.336;2387.717;3217.429;1.361;3599.496;1317.360;2497.828;5.563;3598.591;2289.041;3296.812;3600.610,1655.570;3599.728;2453.676;939.440;441.917;2455.066;3189.973;3600.118;2221.087;347.020;869.715;1786.045;289.405;841.040;0.984;3597.942;3600.114;1097.796;1498.381;2986.208;2345.390;2518.887;1356.316;2026.418;195.270;3374.546;0.488;231.689;3045.034;1810.049;2528.745;2155.867;2804.260;2281.742;711.161;3132.372;1142.711;3421.900;1180.173;3599.484;906.332;2209.676;361.106;488.877;2556.886;3262.550;42.184;2142.442;1215.237;442.688;1798.230;2.063;3600.403;193.542;3354.155;2702.242;0.696;1687.048;3600.041;821.240;1920.652;2065.562;1187.701;521.110;1799.868;1642.582;3309.972;2010.475;1506.862;640.103;1318.745;1935.165;2413.385;3599.982;814.300;2848.888;1572.430;2643.408;0.318;2733.846;3378.867;0.753;1279.276;958.574;2948.021;201.062;1341.900;2457.300;3160.449;621.826;0.063;759.729;2860.074;0.185;2725.836;548.016;3097.758;3058.515;3599.898;1515.124
387,699.2919325828552,386,-563.1337181426522,563.1337181426522,0.026735609350914093,875.438;1601.959;1954.697;-0.777;1164.704;720.067;2562.817;459.981;0.704;3600.788;2275.978;-0.023;2565.951;550.592;742.250;891.115;2757.249;2156.807;632.768;1750.284;319.749;3600.369;2014.953;1725.404;1244.311;0.644;2688.277;2023.973;3037.258;3475.275;1.151;2110.039;0.389;2429.573;1719.019;1183.760;2784.145;2199.605;825.041;-0.454;2895.497;3282.285;18.865;1849.998;1027.881;612.860;230.585;929.751;3600.212;624.197;1137.189;-0.428;2139.832;679.836;2886.939;1857.140;1797.786;3004.081;3599.432;3600.397;1425.045;3599.966;1.636;3025.104;2366.671;1863.860;1664.450;2869.503;2556.967;3319.397;242.642;350.183;2682.703;1247.402;1026.123;349.544;0.723;1428.198;2160.646;3145.267;3414.775;3599.881;1432.006;1586.711;776.571;3140.042;3187.157;3209.478;6.157;2388.516;3218.091;1.423;3599.850;1318.089;2497.101;5.008;3599.295;2289.831;3296.037;3599.878,1654.776;3600.033;2452.975;939.984;442.704;2454.478;3190.283;3600.369;2220.295;346.779;868.952;1785.307;288.676;840.240;0.216;3598.668;3599.653;1097.004;1499.097;2986.971;2345.707;2518.145;1356.054;2026.828;195.045;3374.168;-0.111;232.311;3045.694;1809.417;2529.335;2155.228;2805.001;2281.538;711.917;3133.120;1141.999;3422.562;1180.894;3600.038;906.779;2210.445;361.882;489.659;2557.668;3261.801;41.608;2142.009;1215.243;441.979;1798.672;2.481;3599.649;192.771;3354.697;2702.178;-0.094;1687.199;3600.827;821.138;1921.426;2066.323;1186.924;520.420;1799.470;1641.814;3310.356;2009.703;1506.088;640.881;1319.463;1935.953;2414.118;3600.760;814.440;2848.373;1571.720;2642.740;0.816;2734.612;3378.247;1.019;1280.017;958.448;2947.281;201.026;1342.284;2457.594;3159.779;622.527;0.554;759.754;2860.525;0.347;2726.614;547.368;3097.010;3057.736;3600.485;1515.904
388,700.9987201690674,387,-563.1300081203476,563.1300081203476,0.02361339725194648,874.933;1602.713;1954.083;-0.019;1165.320;719.316;2562.054;460.538;0.906;3600.045;2276.525;-0.773;2566.735;550.912;741.498;890.411;2757.988;2156.336;632.005;1751.012;320.510;3599.688;2014.539;1724.635;1243.713;0.142;2687.714;2023.310;3037.757;3474.513;0.488;2109.908;-0.269;2429.076;1718.269;1183.092;2784.859;2198.831;825.820;0.152;2896.186;3281.556;19.210;1849.220;1028.574;612.278;231.307;930.344;3600.920;624.855;1137.905;0.310;2140.583;680.599;2887.622;1857.639;1798.522;3003.407;3599.046;3599.679;1424.320;3600.501;0.875;3024.358;2366.456;1863.133;1664.780;2870.157;2557.743;3319.927;241.901;350.610;2683.352;1246.661;1025.961;348.820;1.353;1427.595;2161.191;3144.535;3414.540;3600.054;1432.712;1587.405;775.809;3140.447;3186.378;3209.939;6.897;2388.931;3217.378;0.799;3600.594;1317.413;2496.317;5.057;3599.667;2289.178;3296.675;3599.160,1654.439;3599.286;2452.195;939.730;443.491;2454.296;3189.790;3599.878;2220.755;346.435;869.007;1785.462;288.157;840.313;-0.539;3599.088;3598.884;1097.663;1499.139;2987.077;2345.381;2517.365;1356.029;2026.287;195.657;3373.422;-0.445;233.086;3045.954;1810.118;2528.689;2154.455;2805.694;2280.887;711.470;3133.903;1142.676;3422.104;1181.588;3600.166;906.096;2211.165;361.613;489.156;2557.938;3261.395;40.923;2142.761;1215.602;441.196;1799.433;3.203;3600.282;191.985;3355.458;2701.417;0.259;1686.565;3600.109;821.861;1922.125;2065.671;1186.210;519.722;1798.793;1642.545;3311.083;2008.934;1505.344;641.613;1318.798;1935.673;2414.832;3600.021;815.208;2848.694;1572.393;2641.971;0.291;2734.623;3378.554;0.329;1280.372;957.808;2946.669;201.782;1342.085;2458.364;3159.027;621.775;-0.150;760.331;2859.854;-0.242;2727.397;547.688;3097.715;3057.381;3599.768;1516.597
389,702.8576257228851,388,-563.1317194127076,563.1317194127076,0.013961376397835573,874.584;1603.482;1954.417;0.463;1164.793;719.730;2562.557;459.957;1.615;3599.987;2277.290;-0.043;2566.529;551.671;741.600;889.642;2757.323;2155.573;632.372;1750.345;320.090;3600.246;2013.803;1725.208;1244.446;0.022;2688.384;2022.541;3038.377;3475.255;-0.211;2110.478;0.153;2428.315;1718.881;1183.767;2784.262;2199.264;825.320;-0.280;2896.835;3281.545;18.475;1849.541;1027.928;612.963;232.079;929.646;3600.170;625.462;1138.577;-0.222;2140.936;679.922;2888.384;1858.269;1797.971;3003.338;3599.771;3600.173;1424.620;3599.814;0.157;3024.737;2367.168;1863.289;1664.029;2869.474;2557.426;3319.219;242.250;349.953;2683.213;1246.148;1026.023;349.369;1.094;1428.077;2161.952;3145.270;3415.253;3600.279;1432.242;1586.709;776.477;3141.061;3186.709;3209.229;6.231;2389.673;3217.833;0.541;3599.891;1317.935;2496.388;5.108;3600.413;2288.469;3295.970;3599.694,1654.805;3599.939;2452.732;940.441;443.359;2453.539;3189.309;3599.139;2220.028;347.149;869.710;1784.778;288.257;839.608;0.121;3599.847;3599.341;1097.820;1498.406;2987.593;2345.940;2516.590;1355.275;2026.461;195.362;3373.507;0.286;233.830;3046.461;1809.410;2528.958;2154.149;2806.465;2281.622;711.334;3133.327;1142.981;3421.451;1182.302;3599.617;906.387;2211.791;360.881;488.414;2558.696;3261.091;40.157;2143.521;1215.286;441.415;1798.714;3.919;3599.678;192.566;3355.143;2700.649;-0.457;1687.193;3599.847;821.396;1921.404;2065.121;1186.810;518.951;1798.142;1642.078;3311.854;2009.505;1504.598;642.381;1319.426;1936.256;2415.396;3600.018;815.157;2847.958;1572.109;2642.533;-0.217;2735.159;3378.842;-0.431;1280.118;958.487;2946.600;202.296;1341.512;2459.007;3159.119;621.939;0.199;760.006;2860.202;0.474;2727.297;548.267;3097.741;3057.170;3599.646;1517.357
390,704.7370812892914,389,-563.1305735910449,563.1305735910449,0.02718723764376851,874.308;1603.923;1955.164;1.183;1164.249;720.156;2562.390;460.422;0.947;3600.397;2276.643;-0.292;2565.804;552.107;742.080;890.183;2757.192;2155.038;633.061;1749.624;320.498;3599.642;2014.489;1724.485;1243.791;-0.648;2689.085;2021.860;3037.733;3474.945;0.510;2111.044;0.099;2428.665;1719.577;1183.090;2783.520;2199.958;824.570;0.419;2896.124;3282.288;17.996;1849.823;1027.986;613.670;231.829;930.299;3599.808;624.868;1137.940;0.456;2140.298;679.225;2888.066;1857.645;1797.269;3004.074;3600.513;3599.568;1423.892;3600.119;0.350;3024.051;2367.305;1864.004;1663.593;2868.717;2556.692;3319.513;242.998;350.458;2682.480;1246.705;1025.282;348.692;0.348;1427.375;2161.343;3145.960;3415.013;3599.632;1431.906;1587.191;776.941;3141.638;3186.466;3208.512;5.761;2390.411;3218.561;-0.179;3599.764;1318.686;2497.099;5.806;3599.712;2289.009;3296.116;3600.388,1654.173;3599.278;2453.466;940.884;442.621;2454.023;3188.558;3599.437;2220.218;347.902;869.204;1785.480;288.990;840.305;-0.306;3600.606;3600.046;1098.357;1497.684;2987.019;2345.205;2517.116;1355.920;2026.492;194.627;3374.231;0.860;233.763;3045.745;1809.607;2529.701;2153.462;2805.881;2281.056;711.106;3132.651;1143.632;3422.175;1181.572;3600.351;907.050;2212.540;360.120;487.653;2558.160;3261.798;40.811;2143.986;1216.014;442.139;1798.562;3.226;3599.153;193.072;3354.551;2701.277;0.259;1686.524;3599.120;820.749;1921.752;2064.368;1187.479;518.379;1798.628;1642.040;3311.291;2008.908;1504.466;642.041;1319.906;1936.863;2415.014;3599.755;814.426;2848.536;1571.451;2643.192;-0.968;2735.877;3378.614;-0.970;1280.112;959.244;2947.341;202.820;1340.758;2458.306;3158.378;622.373;0.826;759.263;2860.919;1.179;2727.660;549.020;3097.254;3057.896;3600.381;1518.022
391,706.4428250789642,390,-563.134336386642,563.134336386642,0.017417674452277692,874.989;1604.660;1955.382;1.009;1164.492;719.486;2561.884;461.120;1.420;3599.705;2275.920;0.328;2565.384;552.198;742.726;890.919;2757.884;2155.678;632.452;1748.929;319.900;3599.834;2014.154;1723.914;1244.105;0.072;2688.491;2022.574;3036.989;3475.137;0.411;2110.317;-0.601;2428.007;1718.893;1182.728;2784.150;2200.509;825.209;-0.097;2895.406;3282.838;17.639;1849.100;1028.505;613.527;232.498;931.042;3600.107;625.564;1138.551;0.089;2140.497;678.527;2888.711;1858.351;1796.605;3003.738;3599.825;3600.224;1424.042;3599.816;-0.309;3023.691;2367.239;1864.590;1662.859;2868.887;2557.113;3318.811;243.579;349.796;2682.437;1247.438;1024.533;348.094;0.198;1427.715;2161.074;3146.564;3414.279;3600.106;1432.574;1587.918;776.244;3142.380;3186.168;3208.135;6.053;2390.125;3218.685;0.345;3600.127;1318.804;2497.846;5.587;3600.207;2288.589;3296.804;3599.707,1654.784;3599.410;2454.104;940.189;442.821;2454.727;3189.109;3600.170;2219.777;348.647;869.724;1785.116;288.420;840.999;0.343;3599.907;3600.793;1099.092;1498.258;2986.286;2345.554;2517.679;1356.589;2027.224;195.304;3373.736;0.230;234.487;3044.996;1809.258;2529.290;2152.719;2806.114;2280.624;710.372;3132.225;1144.378;3422.591;1181.522;3599.860;906.354;2211.989;359.558;486.910;2558.430;3262.544;40.350;2143.871;1215.360;442.865;1797.843;3.347;3599.758;193.808;3355.248;2701.978;-0.014;1687.050;3598.754;820.003;1921.185;2064.152;1188.216;517.967;1798.451;1641.947;3311.008;2009.586;1504.966;642.676;1319.354;1936.205;2415.699;3600.365;813.802;2848.069;1570.706;2643.939;-0.270;2735.166;3377.880;-0.247;1280.836;958.731;2947.355;203.409;1340.359;2457.577;3158.033;623.112;0.249;758.552;2861.047;0.609;2728.311;548.587;3096.560;3057.728;3600.097;1517.706
392,708.2851250171661,391,-563.1372752910977,563.1372752910977,0.02294685775981224,874.342;1604.291;1955.961;1.708;1165.085;720.119;2561.181;461.809;1.424;3600.046;2275.295;-0.016;2564.660;551.488;743.458;891.563;2758.614;2156.381;633.139;1748.563;319.174;3600.478;2014.857;1723.306;1244.825;0.388;2688.601;2023.093;3036.401;3474.472;-0.258;2109.912;0.111;2427.989;1718.168;1182.016;2784.380;2201.025;825.008;0.224;2894.671;3282.430;16.916;1848.659;1029.229;613.662;232.180;931.666;3599.659;625.010;1138.102;-0.579;2139.809;678.523;2888.348;1858.933;1795.917;3004.317;3599.973;3599.653;1423.511;3600.497;0.302;3024.317;2367.957;1865.298;1662.847;2868.308;2557.524;3318.945;243.788;349.967;2681.850;1248.176;1023.807;347.369;0.137;1428.099;2160.352;3145.913;3413.830;3600.687;1432.857;1588.649;776.146;3142.227;3185.445;3208.819;5.399;2389.568;3218.135;-0.353;3599.829;1318.181;2498.254;6.301;3599.545;2289.206;3297.540;3599.427,1655.515;3599.995;2454.188;939.491;442.263;2455.464;3189.825;3600.735;2220.432;348.116;869.078;1784.444;287.692;841.147;0.712;3599.620;3600.105;1098.546;1498.805;2985.549;2346.202;2518.333;1357.324;2027.785;195.873;3373.008;-0.387;234.242;3044.314;1808.545;2528.907;2152.130;2805.840;2279.953;710.913;3132.845;1143.788;3423.180;1180.842;3600.265;905.635;2211.391;360.191;487.332;2557.886;3263.264;39.728;2143.153;1215.099;443.309;1797.864;3.858;3600.452;193.373;3355.593;2702.594;-0.101;1687.778;3599.254;820.615;1921.759;2064.837;1188.086;518.614;1797.736;1642.661;3310.317;2009.379;1504.263;642.065;1320.036;1935.776;2415.108;3599.673;813.334;2848.422;1570.319;2643.417;-0.268;2735.685;3377.666;0.302;1280.317;958.922;2946.672;204.139;1339.679;2457.566;3158.690;623.066;-0.355;758.998;2860.333;0.060;2729.046;547.860;3095.824;3058.383;3599.990;1517.283
393,710.1541249752045,392,-563.13259026798,563.13259026798,0.01882298465755796,875.013;1603.973;1956.680;1.335;1164.387;720.046;2560.459;462.260;0.717;3600.423;2275.328;-0.399;2564.074;552.111;744.179;890.948;2758.397;2157.017;633.167;1747.849;319.456;3599.783;2015.395;1723.520;1244.266;0.208;2689.293;2022.549;3035.682;3473.765;0.362;2109.807;0.230;2428.647;1717.469;1182.210;2783.692;2201.742;824.335;-0.256;2894.374;3282.748;16.291;1849.219;1028.679;614.371;231.559;932.355;3600.145;624.525;1137.808;0.098;2139.098;677.821;2888.093;1858.290;1796.530;3005.038;3599.843;3600.042;1424.209;3599.946;0.554;3024.438;2368.010;1866.004;1662.496;2867.588;2556.875;3319.625;244.453;349.331;2682.268;1248.129;1023.203;347.922;0.602;1428.155;2159.919;3146.415;3414.463;3599.984;1432.162;1588.136;776.526;3141.534;3185.711;3208.448;4.676;2390.207;3218.822;0.023;3600.492;1318.853;2498.934;6.342;3599.683;2289.903;3297.319;3600.083,1655.628;3600.709;2454.874;940.056;441.775;2455.991;3189.192;3600.033;2220.291;347.405;869.569;1784.947;287.416;840.474;1.271;3600.131;3600.043;1098.366;1499.500;2985.327;2345.589;2519.019;1357.291;2027.225;195.275;3373.518;0.291;233.996;3044.834;1808.660;2529.572;2152.704;2805.489;2280.271;711.543;3132.193;1143.831;3423.900;1180.242;3599.676;905.968;2210.674;360.185;486.942;2557.172;3263.841;39.151;2142.437;1214.431;444.024;1798.049;3.238;3599.773;193.603;3356.257;2703.307;-0.768;1687.292;3599.969;820.677;1922.439;2064.591;1188.777;518.909;1798.351;1642.100;3309.593;2008.788;1504.593;641.403;1319.715;1936.453;2415.091;3599.542;812.639;2849.099;1569.610;2643.925;0.226;2736.379;3376.959;0.214;1280.975;958.376;2947.225;204.247;1339.736;2456.881;3158.160;623.745;0.339;758.340;2860.691;0.529;2728.444;547.785;3095.097;3059.072;3600.000;1516.568
394,711.8512229919434,393,-563.1429802976797,563.1429802976797,0.02367501973568356,875.706;1603.281;1957.312;1.047;1163.698;720.399;2559.809;462.963;0.201;3599.756;2274.652;0.293;2563.846;551.624;744.557;891.566;2759.054;2157.207;633.556;1748.261;319.770;3599.981;2014.801;1724.165;1244.908;-0.104;2688.664;2023.208;3034.984;3474.382;0.903;2109.109;0.072;2429.133;1716.806;1182.878;2784.162;2201.306;824.967;0.434;2893.673;3283.449;16.621;1848.579;1028.154;615.039;232.098;933.065;3599.493;625.102;1137.115;-0.162;2139.615;678.098;2887.393;1858.359;1795.890;3005.457;3600.535;3600.651;1424.499;3599.354;1.241;3025.135;2368.700;1866.717;1661.801;2866.983;2556.851;3319.105;243.878;348.621;2681.600;1248.670;1022.503;348.507;-0.053;1427.465;2159.221;3145.976;3413.885;3600.015;1432.191;1588.650;775.853;3141.885;3185.026;3208.973;3.961;2390.617;3218.669;-0.290;3599.807;1318.684;2499.648;5.664;3600.004;2290.618;3297.963;3599.705,1654.963;3600.027;2455.538;940.605;442.456;2455.380;3188.492;3600.225;2219.607;347.767;868.905;1785.475;286.874;839.780;0.588;3600.508;3600.693;1099.032;1499.699;2986.019;2346.015;2519.172;1356.689;2026.571;195.958;3373.496;-0.218;234.678;3045.401;1808.826;2530.284;2152.263;2804.789;2280.814;712.223;3131.769;1144.499;3424.435;1180.409;3598.979;906.566;2211.168;360.542;486.241;2557.548;3264.043;39.734;2142.995;1215.027;443.896;1797.361;2.527;3600.350;194.279;3355.605;2703.803;-0.092;1686.698;3600.635;819.991;1923.039;2064.171;1188.583;518.224;1797.767;1642.582;3309.932;2009.243;1503.920;641.824;1319.022;1937.140;2415.344;3600.070;812.146;2849.813;1570.024;2644.167;-0.334;2736.867;3376.554;0.827;1281.675;959.056;2947.186;204.905;1339.043;2456.376;3157.456;623.695;-0.036;757.684;2861.242;-0.153;2728.996;547.180;3094.383;3058.732;3600.696;1517.006
395,713.6886558532715,394,-563.1437551956724,563.1437551956724,0.028105659744507662,876.356;1602.963;1957.155;0.726;1163.082;721.090;2559.108;462.452;0.413;3600.191;2274.165;0.184;2564.518;551.103;744.937;891.142;2759.422;2157.896;632.890;1748.030;319.141;3599.963;2014.850;1724.865;1244.436;-0.766;2688.952;2022.700;3034.874;3473.879;0.451;2109.474;-0.527;2428.608;1716.263;1182.230;2783.934;2201.087;824.492;0.823;2894.000;3283.937;16.188;1848.214;1027.459;614.925;232.037;933.751;3600.004;625.788;1137.628;-0.058;2139.457;677.515;2886.881;1857.770;1796.526;3006.082;3599.898;3599.974;1425.169;3599.973;0.629;3024.780;2368.298;1866.981;1661.673;2866.426;2556.195;3318.424;244.533;348.061;2682.006;1248.759;1022.989;349.174;0.282;1428.065;2158.681;3145.560;3414.483;3600.011;1431.534;1589.126;776.071;3141.989;3184.861;3209.104;4.107;2389.959;3218.227;0.358;3599.817;1319.313;2499.471;5.569;3599.526;2291.078;3298.389;3600.081,1654.264;3600.231;2454.930;941.303;443.103;2454.911;3187.834;3599.684;2218.909;348.457;868.246;1785.401;287.537;839.077;-0.091;3599.831;3600.090;1098.515;1500.344;2986.624;2345.387;2519.643;1355.994;2026.055;196.214;3374.167;0.047;235.073;3046.100;1809.514;2530.956;2152.822;2804.888;2281.510;711.749;3131.086;1145.060;3425.117;1181.096;3598.279;907.265;2211.058;360.480;485.772;2558.233;3263.369;40.427;2143.429;1215.715;443.221;1796.658;1.824;3599.887;194.153;3354.926;2703.243;-0.533;1686.000;3601.329;819.289;1922.476;2063.479;1188.973;517.529;1798.420;1641.965;3310.623;2008.625;1503.509;642.497;1319.214;1937.691;2416.009;3600.715;812.817;2849.778;1570.241;2644.676;0.326;2737.248;3375.887;1.517;1282.365;959.708;2947.799;204.269;1339.136;2456.449;3157.001;624.353;-0.668;758.216;2861.939;0.069;2728.948;547.814;3093.751;3058.044;3600.038;1517.687
396,715.5533230304718,395,-563.1452938652761,563.1452938652761,0.022850979091954656,875.918;1602.283;1956.571;1.398;1162.477;720.573;2559.733;462.951;-0.230;3599.607;2274.409;-0.072;2565.208;550.417;745.618;891.731;2758.760;2157.364;633.456;1747.715;319.762;3600.561;2014.186;1725.553;1243.786;-0.098;2688.639;2022.060;3035.533;3474.000;0.695;2109.331;0.127;2427.924;1715.587;1181.552;2783.285;2200.992;823.906;1.237;2893.737;3284.621;16.856;1848.871;1027.898;614.739;232.610;933.970;3599.486;626.117;1138.283;-0.709;2138.783;676.859;2887.538;1858.086;1796.145;3006.771;3600.307;3600.097;1425.861;3600.130;0.084;3025.251;2368.104;1866.367;1662.342;2865.886;2555.527;3319.038;245.019;347.565;2682.685;1249.435;1023.416;348.536;-0.319;1427.677;2158.654;3145.694;3414.315;3600.386;1431.230;1588.482;776.541;3141.337;3185.502;3208.459;3.842;2390.087;3218.844;-0.276;3599.384;1319.978;2500.021;4.895;3600.184;2290.497;3297.762;3600.693,1654.840;3600.007;2455.401;940.816;443.204;2455.526;3187.383;3599.748;2218.460;348.525;868.686;1785.949;288.176;838.708;0.241;3599.504;3599.974;1099.078;1499.709;2986.432;2345.781;2520.324;1356.455;2026.629;196.833;3374.746;0.459;235.096;3045.596;1809.101;2530.427;2153.504;2804.219;2281.975;711.067;3130.693;1145.657;3424.517;1180.576;3598.721;907.644;2210.400;361.154;486.198;2557.824;3263.889;41.078;2143.341;1215.111;443.603;1797.124;1.193;3600.168;194.705;3354.375;2702.935;0.018;1686.008;3600.672;819.285;1921.791;2062.799;1189.654;517.769;1798.233;1641.368;3310.918;2009.236;1503.862;641.920;1318.684;1937.216;2415.359;3600.045;813.475;2850.443;1569.633;2645.339;0.268;2736.592;3376.408;1.039;1281.769;959.360;2948.253;204.236;1339.516;2455.799;3157.428;625.011;-0.056;758.894;2861.928;-0.551;2729.546;547.194;3094.171;3058.684;3599.691;1517.408
397,717.4306452274323,396,-563.1425476020006,563.1425476020006,0.019898395845366148,875.354;1602.849;1957.093;2.019;1162.918;720.876;2559.602;462.320;-0.245;3600.167;2274.780;0.430;2565.456;550.446;745.242;892.399;2758.489;2157.693;634.017;1747.047;320.436;3599.911;2014.729;1725.859;1244.340;0.453;2689.282;2021.390;3035.239;3473.342;0.579;2109.986;0.267;2428.478;1716.190;1180.870;2782.605;2201.644;823.229;0.615;2893.574;3284.110;16.414;1849.415;1028.309;614.806;231.952;933.537;3600.016;626.787;1137.691;-0.074;2138.327;677.245;2887.962;1857.481;1795.508;3007.427;3599.831;3599.582;1425.748;3600.584;-0.400;3024.597;2367.449;1865.734;1662.464;2865.246;2556.081;3319.705;244.749;348.208;2682.262;1249.202;1023.378;348.408;-0.031;1427.007;2159.156;3146.360;3414.931;3599.745;1430.562;1587.868;777.214;3141.816;3186.112;3207.780;3.174;2390.743;3218.256;-0.733;3599.413;1319.525;2499.783;5.280;3599.636;2290.097;3297.331;3600.041,1655.499;3600.401;2455.087;940.163;442.551;2456.055;3186.747;3599.839;2218.335;348.003;868.073;1786.625;288.404;839.324;0.876;3599.872;3599.628;1098.478;1499.029;2985.826;2345.152;2520.999;1356.248;2027.267;196.216;3375.028;1.108;234.434;3045.711;1809.332;2530.493;2153.778;2803.558;2281.334;711.658;3130.052;1146.334;3424.234;1180.087;3599.277;908.249;2209.984;361.118;486.869;2557.228;3264.350;41.757;2142.677;1215.261;444.258;1797.764;0.589;3600.762;194.049;3353.717;2703.496;0.391;1685.375;3600.048;819.914;1922.052;2062.243;1189.588;518.395;1798.852;1640.917;3310.379;2008.705;1504.428;641.243;1319.328;1937.851;2414.681;3599.808;812.911;2850.974;1569.763;2645.980;-0.313;2737.212;3377.063;0.533;1281.114;959.592;2948.923;203.857;1340.185;2456.297;3156.998;624.424;0.438;758.438;2861.673;0.085;2729.228;546.630;3093.853;3059.223;3600.155;1516.755
398,719.1369836330414,397,-563.1477313192856,563.1477313192856,0.009969924822943428,875.765;1603.450;1956.459;2.125;1163.571;721.404;2559.768;462.634;0.408;3599.701;2275.440;0.033;2566.084;550.037;744.821;892.885;2758.731;2158.326;634.136;1747.365;321.040;3600.051;2014.621;1726.502;1244.938;0.152;2688.747;2021.354;3034.921;3473.577;-0.075;2109.883;-0.203;2428.645;1715.633;1180.634;2782.981;2201.009;823.679;-0.032;2892.921;3283.454;15.956;1849.605;1027.949;614.158;231.540;934.077;3600.034;627.416;1137.958;0.108;2138.961;677.647;2888.491;1858.025;1794.850;3007.893;3600.334;3600.023;1425.766;3599.936;0.245;3024.899;2367.271;1865.634;1662.588;2865.541;2556.730;3319.841;244.096;347.858;2682.438;1249.258;1023.526;348.382;0.250;1426.374;2159.819;3146.276;3415.071;3600.211;1430.202;1587.976;776.920;3142.477;3185.854;3208.224;3.540;2390.178;3217.589;-0.127;3598.868;1318.870;2500.415;5.321;3599.300;2289.518;3297.108;3599.501,1655.796;3599.826;2454.447;940.585;443.133;2456.290;3187.133;3599.416;2217.949;347.742;868.443;1786.550;288.585;838.771;0.461;3599.554;3600.216;1099.078;1499.201;2985.549;2345.475;2521.518;1355.604;2027.061;196.611;3375.669;0.551;234.308;3046.320;1809.961;2529.892;2154.078;2803.373;2281.030;711.280;3129.511;1146.987;3423.576;1179.872;3598.655;907.659;2209.323;361.730;486.553;2556.725;3265.007;42.279;2142.535;1214.639;443.770;1797.727;-0.060;3600.146;193.520;3353.171;2703.077;-0.094;1684.771;3600.348;820.120;1921.767;2062.833;1189.249;518.820;1799.509;1640.473;3309.820;2009.186;1505.034;641.060;1319.886;1937.347;2415.107;3599.958;813.248;2850.424;1569.333;2646.642;0.290;2736.882;3377.549;1.163;1281.527;959.312;2949.140;203.219;1340.286;2455.907;3157.636;624.570;-0.064;758.899;2861.074;-0.268;2728.577;546.558;3093.293;3059.006;3599.722;1516.085
399,720.9844877719879,398,-563.1530590147372,563.1530590147372,0.024067589961685027,876.372;1603.946;1956.510;2.688;1163.348;722.057;2559.605;462.073;0.565;3600.095;2276.098;-0.594;2565.706;549.397;744.961;893.473;2759.367;2158.896;634.202;1747.306;321.028;3600.146;2015.131;1726.264;1244.389;0.595;2689.031;2021.927;3035.350;3473.075;-0.700;2110.472;0.404;2429.083;1715.936;1180.001;2782.967;2200.648;823.245;-0.688;2892.607;3283.728;16.553;1848.991;1027.300;614.681;231.319;934.732;3600.491;628.026;1137.544;-0.211;2138.839;677.050;2887.908;1858.500;1794.570;3007.449;3599.828;3600.462;1425.132;3600.273;0.625;3025.496;2367.780;1865.183;1662.067;2866.186;2557.344;3319.575;244.669;347.366;2681.809;1248.670;1023.071;347.740;-0.385;1426.351;2159.356;3146.532;3414.744;3599.651;1430.363;1588.590;777.530;3142.091;3185.718;3207.802;3.753;2389.550;3217.464;-0.429;3599.440;1319.318;2499.941;4.724;3598.700;2290.140;3297.732;3599.122,1655.775;3600.365;2453.872;941.132;443.142;2456.934;3187.782;3600.036;2217.300;347.842;868.338;1785.911;288.980;838.240;0.011;3598.930;3599.692;1098.587;1499.742;2984.902;2346.100;2520.990;1356.183;2027.698;196.059;3376.295;-0.091;233.760;3045.757;1809.459;2529.244;2153.483;2803.965;2280.540;711.771;3129.395;1146.432;3422.967;1179.227;3598.927;907.005;2209.903;362.358;486.729;2556.177;3265.650;41.711;2143.047;1214.111;443.747;1797.641;0.099;3599.778;193.969;3353.749;2703.682;0.360;1685.342;3599.943;820.720;1921.216;2062.405;1188.601;518.238;1799.898;1641.093;3310.406;2008.763;1504.411;641.581;1320.542;1937.871;2415.597;3600.450;813.858;2850.077;1568.684;2646.167;-0.014;2737.351;3377.847;0.877;1281.519;959.666;2948.709;203.825;1340.817;2455.996;3158.141;625.127;-0.570;759.511;2860.417;0.289;2729.127;545.970;3093.651;3058.680;3599.608;1516.457
400,722.852861404419,399,-563.1536396491946,563.1536396491946,0.01957074403555242,877.019;1604.553;1955.909;2.139;1163.973;722.700;2558.970;461.428;1.095;3600.699;2276.442;0.029;2565.149;549.938;744.358;892.907;2758.814;2158.370;633.578;1746.672;320.401;3600.006;2015.775;1725.638;1244.943;1.216;2689.661;2022.527;3035.934;3473.281;-0.073;2111.118;-0.032;2429.268;1715.400;1180.326;2782.378;2201.236;822.614;-0.082;2893.226;3283.108;15.985;1849.278;1026.741;615.325;231.932;934.165;3599.861;628.595;1137.408;0.244;2138.744;677.412;2887.790;1857.887;1794.282;3006.809;3600.106;3599.838;1424.975;3600.221;1.045;3026.071;2367.897;1864.542;1661.423;2866.826;2556.827;3318.939;245.182;346.726;2681.187;1249.283;1023.697;348.165;0.222;1426.921;2159.867;3147.165;3415.373;3600.222;1429.735;1589.189;778.178;3142.697;3186.350;3207.188;3.141;2389.970;3216.836;0.112;3599.861;1318.725;2499.481;5.321;3599.018;2290.771;3297.131;3599.624,1656.150;3599.769;2453.225;941.776;442.727;2456.407;3187.960;3600.589;2216.663;348.475;867.741;1785.265;289.618;837.608;-0.630;3599.498;3599.967;1097.949;1500.168;2984.353;2346.745;2521.561;1355.708;2028.325;196.335;3376.050;0.260;233.116;3046.276;1809.816;2529.723;2153.991;2804.506;2281.157;712.378;3128.761;1145.841;3423.203;1179.595;3598.734;907.544;2209.337;362.988;487.360;2556.790;3265.288;41.633;2142.533;1214.599;444.327;1797.008;-0.491;3599.984;194.585;3353.760;2703.276;-0.085;1685.944;3600.364;820.156;1921.825;2063.013;1187.993;517.591;1800.536;1640.489;3311.038;2008.123;1503.771;642.215;1321.170;1938.392;2415.128;3599.842;813.359;2849.451;1568.356;2645.931;-0.445;2737.936;3378.480;1.304;1280.892;960.302;2948.287;203.242;1341.349;2456.613;3158.775;625.745;0.054;758.915;2860.337;0.123;2728.536;545.511;3093.173;3058.042;3599.446;1517.080
401,724.7504215240479,400,-563.1562154265001,563.1562154265001,0.020150753646199546,877.033;1604.054;1956.184;2.279;1163.728;723.260;2558.466;461.134;0.732;3600.085;2275.961;-0.312;2564.702;549.519;744.865;892.308;2758.825;2157.788;633.452;1746.705;320.944;3600.585;2016.247;1725.019;1244.909;0.666;2689.654;2022.680;3036.215;3472.742;0.123;2111.380;-0.326;2428.855;1715.104;1180.335;2782.158;2201.730;822.565;0.285;2893.796;3283.180;15.526;1848.719;1027.231;615.552;232.243;933.610;3599.771;628.204;1136.804;-0.296;2138.123;678.034;2887.717;1858.096;1794.868;3006.958;3600.698;3599.743;1424.737;3599.696;1.029;3026.516;2367.281;1864.034;1661.799;2867.464;2557.242;3318.882;245.813;346.096;2681.515;1249.223;1024.315;348.610;0.671;1427.557;2160.487;3146.612;3415.468;3599.698;1429.269;1589.813;777.901;3142.245;3186.568;3207.048;3.613;2390.213;3217.257;-0.085;3599.957;1318.937;2499.357;5.437;3599.639;2291.374;3296.736;3600.058,1655.701;3600.065;2452.611;942.205;443.318;2455.871;3188.544;3599.972;2217.084;348.107;868.284;1785.346;289.056;837.096;-0.045;3599.988;3600.477;1098.447;1500.719;2983.752;2347.219;2522.122;1355.102;2028.918;196.424;3375.424;-0.185;233.509;3046.887;1810.434;2529.164;2153.424;2804.839;2280.703;711.970;3129.126;1145.228;3423.401;1179.919;3598.885;907.721;2208.983;362.793;486.941;2557.147;3265.864;41.822;2141.900;1214.005;443.805;1797.460;0.052;3600.598;194.325;3354.381;2702.669;-0.225;1685.507;3599.791;820.592;1922.360;2063.438;1187.704;517.798;1800.111;1640.687;3310.470;2007.764;1504.337;642.035;1321.385;1937.854;2415.735;3600.265;813.489;2848.819;1567.781;2646.543;0.158;2737.341;3378.019;1.307;1280.725;959.936;2948.887;202.964;1341.978;2456.371;3158.749;626.378;0.133;758.480;2860.449;-0.401;2727.998;545.181;3092.600;3057.445;3600.059;1516.672
402,726.4580624103546,401,-563.1522417933525,563.1522417933525,0.017312923132800303,876.602;1603.558;1956.633;1.699;1163.695;723.851;2557.845;461.469;0.319;3599.941;2275.345;0.003;2564.081;550.056;744.365;891.800;2759.405;2157.672;633.995;1746.489;320.900;3599.980;2016.814;1724.534;1245.492;0.347;2689.055;2023.294;3035.606;3473.339;0.493;2110.793;0.251;2428.235;1714.508;1180.945;2782.767;2201.545;823.171;-0.269;2893.294;3283.107;15.758;1848.093;1026.722;616.166;232.859;932.997;3600.261;627.751;1136.181;0.277;2138.457;678.657;2888.319;1858.640;1795.494;3006.361;3600.099;3600.069;1425.326;3599.086;0.417;3026.613;2367.877;1864.612;1661.544;2867.784;2556.700;3318.350;246.379;345.591;2680.957;1248.632;1023.841;349.206;1.281;1427.810;2159.965;3146.315;3414.949;3600.052;1429.669;1590.441;777.326;3142.779;3186.679;3207.359;3.988;2389.610;3216.907;0.295;3600.571;1318.402;2499.967;5.138;3599.061;2291.991;3297.300;3599.466,1655.084;3599.504;2453.167;941.723;443.065;2455.278;3188.278;3600.146;2216.503;348.679;867.872;1784.884;288.640;836.656;-0.269;3600.611;3599.888;1098.578;1500.152;2984.342;2346.900;2521.526;1354.526;2029.379;195.818;3374.859;0.316;234.113;3047.108;1810.346;2529.645;2152.923;2805.456;2280.756;712.415;3128.630;1145.747;3424.006;1180.432;3599.499;907.169;2209.521;363.352;486.329;2557.692;3265.379;41.216;2142.424;1214.478;444.105;1797.287;0.459;3600.001;194.922;3354.105;2702.042;0.379;1685.043;3599.380;820.621;1921.829;2063.431;1187.180;517.257;1800.035;1640.748;3310.813;2007.179;1504.081;642.508;1321.129;1938.447;2416.094;3599.728;812.884;2848.230;1567.170;2646.862;-0.292;2737.616;3377.397;0.697;1281.322;960.462;2949.421;203.402;1341.674;2456.950;3158.174;626.581;-0.085;758.712;2861.062;0.188;2727.651;544.865;3091.980;3056.866;3600.685;1517.198
403,728.310795545578,402,-563.1644372220934,563.1644372220934,0.013529455070657817,877.138;1603.122;1957.217;1.282;1164.275;724.288;2558.335;462.032;-0.285;3600.335;2275.880;-0.410;2563.864;550.526;744.250;891.704;2759.812;2157.950;634.610;1746.516;320.709;3600.077;2017.429;1724.994;1246.085;-0.189;2688.452;2023.838;3035.016;3473.938;-0.076;2110.296;0.660;2427.619;1713.890;1181.303;2782.688;2200.956;822.798;0.184;2892.688;3283.455;16.362;1847.783;1027.257;616.746;232.434;933.240;3599.691;627.140;1135.600;-0.117;2138.946;678.838;2888.186;1858.598;1795.428;3006.759;3599.793;3599.818;1424.766;3598.475;-0.040;3027.204;2367.876;1865.200;1660.999;2868.390;2556.486;3318.918;246.928;345.076;2680.924;1248.704;1024.361;349.759;1.154;1428.412;2159.414;3145.765;3415.396;3600.378;1429.425;1590.407;776.855;3143.134;3187.263;3207.966;3.441;2389.004;3216.336;0.501;3599.990;1317.924;2500.540;4.531;3598.823;2292.159;3297.733;3599.737,1655.674;3599.882;2453.772;942.201;442.499;2455.642;3188.862;3599.646;2216.354;348.243;867.262;1785.454;289.099;836.153;0.223;3600.039;3600.413;1097.990;1499.552;2984.359;2347.494;2522.098;1354.989;2028.994;195.228;3375.332;0.586;234.207;3046.577;1809.743;2529.119;2152.309;2804.950;2280.210;713.023;3128.016;1146.243;3423.459;1179.901;3600.096;907.379;2209.022;363.968;486.364;2557.142;3265.834;41.741;2142.193;1214.000;444.711;1796.994;-0.119;3600.238;195.491;3353.512;2702.631;-0.183;1684.712;3599.902;821.215;1921.244;2064.033;1186.606;517.401;1800.607;1640.224;3310.421;2007.359;1504.658;641.967;1321.718;1938.218;2415.533;3600.178;812.291;2848.718;1566.551;2646.333;0.034;2737.102;3376.781;0.160;1281.735;961.048;2950.031;202.934;1342.036;2456.364;3158.304;627.153;-0.128;758.122;2861.040;0.157;2727.043;544.259;3092.374;3057.410;3600.152;1516.657
404,730.1954064369202,403,-563.1741193094515,563.1741193094515,0.02175917743074094,877.174;1603.590;1956.897;0.903;1164.880;723.763;2558.072;462.637;0.297;3599.780;2276.484;0.143;2563.291;551.128;743.655;891.119;2760.412;2157.361;635.219;1747.109;321.161;3600.181;2017.963;1725.581;1246.118;0.348;2687.848;2024.441;3034.427;3474.445;0.269;2109.696;0.120;2428.072;1713.683;1181.898;2783.201;2200.349;823.308;-0.259;2892.164;3282.881;16.356;1847.190;1027.414;616.399;231.858;933.673;3599.812;626.543;1135.008;0.389;2139.549;679.433;2887.948;1858.086;1795.671;3007.186;3600.192;3600.360;1425.070;3598.841;-0.630;3027.807;2368.444;1865.747;1661.520;2868.476;2557.069;3319.459;246.466;345.486;2681.362;1248.117;1024.952;350.350;1.604;1427.920;2158.989;3145.203;3414.880;3599.796;1430.005;1589.830;776.252;3143.720;3186.690;3208.574;3.733;2389.260;3215.730;0.498;3600.204;1317.321;2501.083;4.553;3598.532;2291.614;3298.262;3599.172,1655.626;3599.508;2454.176;942.094;441.951;2455.362;3188.828;3599.980;2216.750;347.771;867.725;1786.056;288.781;835.673;-0.063;3599.934;3599.896;1097.617;1499.021;2984.035;2347.034;2522.219;1354.710;2028.394;194.843;3375.430;0.015;234.564;3045.996;1809.587;2529.649;2151.740;2804.629;2280.312;713.321;3128.088;1146.843;3422.968;1179.302;3600.635;906.799;2209.368;363.625;485.794;2556.556;3266.398;42.269;2142.762;1214.389;444.746;1797.577;-0.361;3600.124;195.872;3353.120;2703.000;0.330;1684.114;3600.377;821.818;1920.959;2064.459;1186.272;517.906;1801.210;1640.735;3309.855;2006.777;1505.107;641.363;1322.257;1937.887;2414.969;3599.780;811.807;2848.653;1566.134;2645.746;-0.464;2737.228;3376.240;-0.374;1282.336;961.244;2950.140;203.481;1341.469;2456.892;3157.751;626.572;-0.705;758.139;2861.080;-0.372;2727.309;544.738;3092.939;3057.949;3599.982;1516.068
405,731.8989591598511,404,-563.1632465206293,563.1632465206293,0.01724211870242067,877.756;1604.182;1956.309;1.413;1164.865;724.064;2558.642;462.329;0.643;3599.948;2276.776;0.021;2563.867;550.622;743.336;891.648;2759.943;2157.575;634.850;1746.607;320.582;3599.725;2017.476;1726.179;1246.629;-0.066;2687.316;2023.970;3034.880;3475.038;0.605;2109.843;-0.454;2428.262;1714.170;1181.392;2783.150;2199.830;823.014;-0.145;2891.793;3282.283;16.914;1847.682;1027.985;616.645;232.159;933.122;3599.714;627.067;1134.774;-0.024;2139.990;679.690;2887.401;1857.496;1795.105;3007.774;3599.739;3599.790;1425.622;3598.759;-0.062;3028.405;2368.074;1865.337;1662.046;2869.012;2556.531;3318.982;247.033;346.071;2680.815;1248.663;1024.709;349.782;1.091;1427.446;2159.377;3145.686;3414.835;3600.304;1429.644;1590.119;776.686;3144.184;3187.111;3208.689;4.164;2388.713;3215.298;-0.084;3599.681;1317.075;2500.658;4.032;3597.995;2291.810;3297.778;3598.803,1655.150;3598.938;2453.764;941.515;442.163;2455.940;3188.270;3600.553;2216.215;348.309;868.303;1785.572;288.193;836.224;0.379;3600.279;3600.296;1098.176;1499.570;2983.511;2346.643;2522.784;1355.241;2028.278;195.302;3374.856;-0.565;234.481;3046.472;1809.034;2529.904;2152.263;2805.018;2280.839;713.708;3127.616;1146.353;3423.499;1178.704;3600.066;907.006;2208.843;364.052;485.242;2555.985;3266.982;41.810;2142.360;1214.184;445.322;1797.530;0.181;3599.606;196.253;3353.674;2703.524;0.240;1683.534;3599.803;821.600;1921.426;2065.036;1186.776;517.412;1800.806;1640.174;3309.258;2007.018;1505.675;641.045;1322.845;1938.421;2415.467;3600.288;811.848;2848.262;1565.543;2646.232;0.069;2736.655;3376.219;0.151;1282.454;960.725;2950.722;203.469;1341.701;2456.373;3157.155;626.669;-0.129;758.153;2861.662;0.158;2726.759;544.352;3092.386;3058.347;3600.520;1515.939
406,733.737850189209,405,-563.1679074599609,563.1679074599609,0.014086822078689549,878.312;1604.553;1955.897;0.857;1165.354;724.642;2559.160;462.796;0.281;3600.500;2277.354;-0.439;2564.137;550.647;742.871;892.117;2760.010;2158.115;635.061;1746.142;320.808;3600.223;2017.344;1726.505;1247.214;-0.082;2686.777;2023.935;3034.602;3475.428;0.056;2109.909;0.105;2427.708;1713.859;1180.940;2782.949;2199.247;822.482;0.039;2891.215;3282.135;17.224;1847.778;1028.557;617.210;231.727;933.538;3599.777;626.728;1134.221;-0.512;2140.478;680.163;2886.815;1858.044;1794.519;3008.356;3600.092;3599.972;1425.095;3599.297;0.074;3028.167;2367.684;1865.836;1662.632;2869.591;2556.166;3319.394;246.843;345.580;2681.199;1249.133;1025.133;349.292;0.852;1427.424;2158.826;3145.231;3415.220;3599.925;1429.243;1589.698;777.110;3144.760;3187.419;3208.194;3.633;2388.160;3214.725;0.412;3599.701;1316.553;2500.990;4.002;3597.466;2292.308;3298.289;3599.162,1654.630;3599.421;2454.320;941.394;441.660;2456.492;3188.759;3600.002;2216.725;347.819;867.849;1785.488;288.485;836.811;-0.156;3599.736;3599.864;1097.697;1499.191;2984.003;2347.162;2522.999;1355.826;2027.716;194.832;3374.334;-0.000;233.908;3046.494;1808.447;2529.565;2151.966;2804.914;2280.272;714.287;3127.377;1146.176;3423.490;1178.697;3599.751;907.233;2209.314;364.519;485.513;2555.517;3267.302;41.291;2141.819;1214.449;445.841;1798.037;0.602;3599.984;196.797;3353.362;2704.109;-0.305;1684.083;3599.816;821.187;1920.888;2065.471;1186.211;517.581;1800.225;1640.289;3309.374;2007.592;1505.434;641.581;1322.659;1938.514;2415.707;3599.801;811.290;2848.827;1565.520;2645.906;-0.199;2737.099;3375.674;-0.272;1282.834;961.241;2950.373;204.040;1341.536;2456.287;3157.051;626.142;0.114;757.630;2861.137;0.227;2726.186;544.583;3092.313;3057.847;3600.039;1516.360
407,735.6073243618011,406,-563.1561643179225,563.1561643179225,0.013115976532320144,877.891;1605.122;1956.366;0.281;1164.934;724.969;2559.002;462.250;-0.285;3599.968;2277.640;0.119;2563.715;551.138;743.033;891.618;2759.465;2157.596;635.613;1745.573;320.339;3599.692;2016.820;1726.053;1247.714;0.479;2687.289;2023.403;3035.033;3475.982;0.095;2110.469;0.177;2428.208;1714.393;1181.379;2782.383;2198.671;823.007;0.503;2891.535;3281.637;16.678;1848.288;1028.404;617.560;232.276;932.999;3599.580;626.280;1133.648;0.038;2141.054;679.716;2886.253;1858.326;1794.896;3008.773;3600.610;3599.743;1425.380;3599.059;0.557;3028.584;2368.229;1865.710;1662.128;2869.095;2555.667;3319.188;246.852;345.092;2680.646;1248.706;1024.582;348.849;0.284;1426.897;2159.325;3145.772;3415.791;3600.122;1428.695;1589.125;777.667;3144.320;3187.892;3208.509;3.057;2388.657;3215.200;0.969;3599.950;1316.991;2500.439;4.550;3598.009;2292.883;3297.762;3599.733,1654.057;3599.119;2453.939;941.940;441.737;2455.981;3189.294;3600.196;2216.302;347.247;867.672;1784.939;287.937;837.240;0.080;3599.484;3599.345;1097.958;1499.393;2983.495;2346.812;2522.523;1356.146;2028.212;194.459;3373.757;-0.135;233.330;3047.053;1808.087;2530.093;2152.179;2805.473;2280.132;714.819;3127.934;1145.610;3423.955;1178.662;3600.212;906.727;2209.883;364.067;486.082;2556.044;3267.791;40.714;2141.581;1213.926;445.328;1798.614;1.172;3600.543;196.241;3353.897;2703.844;0.233;1684.530;3599.445;821.738;1921.347;2065.178;1185.633;517.979;1799.660;1640.786;3308.925;2007.119;1505.932;641.630;1323.141;1939.079;2416.272;3599.934;811.664;2848.494;1565.585;2645.358;0.282;2737.655;3376.162;0.251;1283.405;960.721;2949.841;204.594;1342.089;2456.672;3156.575;626.610;0.233;757.769;2860.918;0.665;2726.284;545.096;3091.923;3057.271;3600.063;1516.933
408,737.2960085868835,407,-563.1620743021988,563.1620743021988,0.014041056000215189,877.358;1605.435;1956.907;-0.289;1165.288;724.440;2558.452;462.127;0.202;3599.958;2277.165;-0.029;2563.871;551.672;742.785;891.052;2759.154;2158.099;635.295;1745.505;320.679;3599.732;2016.332;1726.104;1247.854;0.455;2687.824;2022.969;3035.049;3475.465;-0.418;2111.018;-0.170;2428.761;1713.864;1181.330;2781.820;2198.844;823.158;-0.005;2892.055;3281.808;16.322;1848.530;1027.859;617.037;232.218;933.485;3600.127;625.838;1133.159;-0.195;2140.913;679.173;2886.098;1857.784;1794.800;3009.011;3600.064;3599.358;1425.252;3599.612;0.437;3029.015;2367.993;1865.296;1662.652;2869.347;2556.145;3319.731;246.310;345.338;2680.813;1248.147;1025.005;349.367;0.544;1426.693;2159.876;3145.851;3416.311;3599.604;1428.162;1588.570;778.177;3143.764;3187.401;3208.030;3.405;2389.206;3214.929;1.538;3600.486;1316.673;2499.923;5.017;3598.577;2293.069;3297.279;3600.267,1653.505;3598.724;2453.384;942.509;442.293;2455.415;3189.827;3599.719;2215.762;346.716;867.145;1785.174;288.139;836.694;-0.447;3599.966;3598.930;1098.257;1498.849;2983.709;2346.699;2521.960;1355.609;2027.781;195.009;3374.179;0.045;233.131;3047.622;1808.579;2530.599;2151.732;2805.932;2279.631;714.633;3128.486;1145.567;3423.423;1179.208;3599.719;906.669;2210.402;363.504;486.502;2556.609;3267.247;40.970;2142.103;1214.252;444.765;1799.140;0.735;3600.003;195.758;3354.105;2703.328;0.554;1684.049;3599.931;822.061;1921.907;2064.619;1185.096;517.430;1799.430;1641.345;3309.457;2006.799;1505.460;642.176;1322.754;1939.408;2416.839;3600.345;812.226;2847.955;1566.140;2645.584;0.091;2738.196;3376.206;0.643;1283.973;961.073;2949.665;204.368;1342.564;2457.230;3157.014;626.112;0.061;758.326;2860.405;0.278;2725.926;545.659;3092.404;3056.702;3600.151;1517.462
409,739.1248714923859,408,-563.1625651397654,563.1625651397654,0.012868810648636207,877.350;1605.511;1957.464;-0.021;1164.752;723.896;2557.945;462.554;-0.081;3599.771;2276.615;0.099;2563.334;552.210;743.320;890.560;2759.681;2158.169;634.744;1746.023;321.189;3599.285;2015.793;1725.567;1247.461;0.926;2688.207;2023.481;3034.504;3474.983;0.112;2110.612;0.342;2429.104;1713.329;1181.870;2782.220;2198.333;823.697;0.349;2891.646;3282.355;16.847;1847.998;1027.596;616.866;231.718;934.004;3599.703;625.284;1133.672;0.255;2141.438;678.613;2885.552;1857.290;1795.341;3008.502;3600.091;3599.883;1424.723;3600.146;0.078;3029.568;2368.481;1865.812;1662.395;2869.454;2556.676;3319.636;246.139;344.803;2681.294;1247.595;1025.448;349.184;0.581;1426.236;2160.051;3146.079;3415.784;3599.500;1428.686;1588.856;777.658;3143.230;3186.843;3208.563;3.249;2389.719;3215.317;1.713;3599.954;1317.119;2499.367;4.483;3599.134;2293.482;3297.726;3599.770,1653.186;3599.101;2453.115;943.032;441.837;2455.128;3190.375;3599.968;2215.318;346.192;867.443;1785.709;287.964;836.752;0.056;3599.796;3599.419;1098.094;1499.323;2983.187;2346.184;2522.365;1355.978;2027.759;195.336;3374.702;-0.385;233.337;3047.191;1809.024;2530.669;2151.176;2805.527;2280.027;714.116;3128.903;1146.021;3422.867;1178.749;3600.181;906.122;2210.108;363.901;486.230;2556.442;3267.609;41.476;2142.628;1213.787;444.561;1798.796;0.199;3600.376;195.949;3354.175;2703.832;0.631;1683.686;3599.810;822.447;1921.896;2064.434;1185.395;517.320;1799.953;1641.903;3309.748;2006.282;1505.818;642.702;1322.200;1939.785;2416.600;3599.806;812.351;2847.468;1566.227;2645.062;-0.421;2737.790;3375.678;0.160;1284.482;960.972;2949.139;204.494;1342.065;2457.450;3156.549;626.459;-0.482;757.848;2860.540;-0.263;2726.418;545.379;3092.961;3057.032;3599.699;1517.315
410,740.9809625148773,409,-563.1794662810804,563.1794662810804,0.01634640812189278,877.074;1605.950;1957.091;0.164;1164.738;723.836;2558.330;462.258;0.406;3599.308;2276.112;-0.416;2563.654;551.713;743.863;891.040;2759.923;2157.791;634.211;1746.141;321.678;3599.802;2016.035;1725.624;1246.917;0.447;2688.051;2023.038;3034.258;3474.796;0.517;2110.743;-0.093;2428.609;1713.170;1181.927;2781.986;2198.149;824.245;-0.186;2891.124;3282.861;17.381;1847.661;1028.127;616.337;231.691;933.542;3600.192;625.708;1134.211;-0.021;2141.386;678.208;2885.105;1857.626;1795.882;3008.965;3600.474;3600.433;1424.173;3599.897;-0.465;3029.953;2368.586;1866.272;1662.764;2868.921;2557.207;3320.005;246.652;344.787;2681.683;1247.482;1024.999;348.645;1.118;1425.690;2160.007;3145.581;3415.436;3600.020;1428.823;1589.363;777.226;3142.772;3187.235;3209.097;3.784;2389.468;3215.593;1.228;3600.314;1317.666;2499.803;4.136;3598.671;2293.016;3297.947;3599.314,1652.655;3599.643;2452.877;943.554;441.905;2455.486;3190.881;3600.188;2214.771;346.291;867.969;1785.544;288.428;836.985;-0.182;3599.867;3599.939;1098.625;1499.815;2982.917;2346.682;2522.843;1356.507;2027.527;195.875;3375.212;0.139;233.877;3047.225;1808.546;2530.138;2150.755;2804.989;2279.558;713.732;3128.970;1146.392;3422.553;1178.203;3600.005;906.171;2210.558;363.385;485.694;2555.909;3268.107;41.952;2143.174;1213.241;444.259;1798.256;-0.310;3599.914;196.310;3354.709;2704.365;0.101;1683.558;3600.292;821.924;1922.324;2063.900;1185.861;516.785;1799.567;1642.434;3310.253;2006.788;1505.321;643.252;1321.655;1940.323;2417.097;3599.622;812.875;2847.968;1565.780;2645.426;0.103;2737.328;3375.306;-0.341;1284.691;960.488;2949.556;204.924;1342.165;2456.923;3156.002;626.762;0.030;757.412;2860.015;0.241;2725.951;545.762;3092.879;3057.262;3600.055;1517.835
411,742.8612580299377,410,-563.1753159120087,563.1753159120087,0.022162449036061387,877.497;1606.487;1956.756;-0.297;1164.882;724.356;2557.850;462.490;0.893;3598.854;2275.572;-0.267;2563.254;552.125;744.397;891.471;2760.448;2158.108;634.515;1746.561;322.218;3600.335;2016.567;1725.101;1246.923;-0.048;2687.523;2023.114;3033.854;3474.533;1.027;2110.683;-0.533;2428.216;1713.326;1182.445;2782.444;2198.595;824.752;-0.680;2891.411;3283.399;17.842;1847.128;1027.998;616.675;231.454;933.021;3599.859;625.734;1133.735;0.474;2140.988;677.794;2885.108;1858.148;1796.421;3009.051;3599.960;3599.955;1423.741;3600.136;-0.132;3030.294;2369.101;1866.803;1662.259;2868.436;2557.184;3319.526;247.192;345.162;2681.183;1247.255;1024.485;348.180;1.656;1425.229;2159.544;3145.050;3415.070;3600.531;1428.453;1589.902;776.694;3143.236;3187.721;3209.268;4.308;2388.950;3215.351;0.803;3600.034;1317.415;2500.304;4.032;3598.136;2293.528;3298.474;3598.778,1652.137;3599.303;2453.358;943.200;441.476;2455.709;3191.421;3599.680;2214.279;346.817;868.511;1786.048;288.045;837.367;0.225;3600.394;3600.480;1099.147;1499.409;2983.429;2346.296;2523.007;1356.222;2028.054;196.367;3375.192;0.109;234.408;3047.451;1808.390;2530.001;2150.220;2805.403;2279.035;713.196;3128.464;1146.173;3422.638;1178.083;3600.488;905.685;2210.663;362.992;485.201;2556.214;3268.580;41.506;2143.474;1212.731;444.706;1798.734;0.129;3599.872;196.844;3355.079;2704.362;-0.342;1683.777;3599.780;821.438;1922.858;2063.391;1185.464;516.777;1799.374;1642.384;3310.665;2007.296;1505.514;643.535;1321.586;1940.356;2417.599;3599.704;812.615;2847.629;1565.241;2645.956;-0.197;2736.799;3374.789;0.143;1284.872;959.998;2950.092;204.431;1342.099;2456.450;3155.466;627.277;0.058;757.524;2859.872;-0.124;2725.704;545.652;3092.387;3056.939;3600.589;1518.189
412,744.5570156574249,411,-563.1693933828885,563.1693933828885,0.014100879056456897,877.019;1606.040;1957.010;0.171;1164.549;723.876;2558.139;462.993;0.410;3598.324;2275.709;0.252;2563.712;552.514;744.049;890.989;2760.887;2158.630;634.050;1747.090;322.186;3599.859;2016.334;1724.615;1247.435;-0.498;2687.005;2023.381;3034.339;3475.040;0.753;2110.194;-0.031;2427.831;1713.119;1182.833;2782.973;2198.099;824.469;-0.194;2890.930;3283.921;17.885;1847.224;1027.557;617.200;231.967;933.278;3600.313;625.786;1134.116;0.140;2141.492;678.296;2884.597;1857.730;1796.551;3008.532;3599.684;3600.200;1423.661;3599.640;-0.081;3030.820;2368.679;1867.261;1662.543;2868.929;2556.668;3319.063;246.719;345.688;2681.471;1246.735;1024.889;348.599;2.143;1424.701;2159.026;3145.282;3415.415;3600.034;1428.955;1589.477;776.473;3143.766;3187.313;3209.788;4.445;2388.764;3214.828;1.099;3599.908;1316.897;2500.225;3.789;3598.304;2294.002;3298.717;3598.391,1651.674;3599.810;2453.165;942.833;440.996;2455.197;3191.419;3600.040;2213.747;346.353;868.956;1785.643;287.536;836.896;-0.046;3599.887;3599.992;1099.135;1499.892;2983.953;2346.713;2522.507;1356.489;2028.507;196.768;3374.862;-0.354;234.731;3046.956;1807.910;2529.482;2149.931;2805.054;2279.505;712.806;3128.871;1146.671;3422.123;1178.437;3599.995;905.153;2211.181;362.525;485.655;2556.135;3268.090;41.082;2143.984;1212.963;444.571;1798.533;-0.253;3600.371;197.294;3355.601;2704.507;0.074;1684.281;3600.215;821.013;1923.179;2062.859;1185.496;517.075;1799.829;1642.777;3311.192;2007.023;1505.893;644.059;1321.067;1940.874;2417.928;3599.276;813.052;2848.106;1565.695;2645.557;0.278;2736.969;3374.257;0.021;1285.388;959.466;2949.754;204.841;1341.637;2456.896;3155.810;627.784;-0.421;757.110;2860.356;-0.112;2726.210;545.191;3092.128;3056.511;3600.076;1518.215
413,746.3976147174835,412,-563.1640645384493,563.1640645384493,0.009752278744275387,876.510;1605.519;1957.524;-0.247;1164.033;723.473;2558.644;463.516;-0.094;3598.736;2276.004;0.545;2563.501;552.596;744.499;890.711;2760.455;2158.304;634.458;1746.760;321.989;3599.833;2015.949;1724.207;1247.882;0.011;2686.493;2023.894;3033.878;3475.533;0.291;2109.671;0.059;2428.287;1713.624;1182.445;2782.961;2198.323;823.972;0.150;2890.440;3284.443;17.377;1847.725;1028.007;617.723;232.400;933.780;3599.810;625.276;1133.702;-0.311;2141.099;677.886;2885.070;1857.579;1796.058;3008.499;3600.008;3599.738;1423.164;3599.329;0.365;3030.629;2368.183;1867.781;1663.028;2869.416;2556.144;3319.550;246.228;346.111;2681.161;1247.153;1025.319;348.691;1.929;1424.177;2159.444;3145.721;3415.008;3600.025;1429.434;1588.983;776.851;3143.906;3186.951;3209.410;3.945;2389.166;3215.266;1.612;3599.408;1317.319;2500.600;4.298;3598.793;2294.513;3298.252;3598.861,1651.221;3599.856;2453.654;943.288;440.486;2454.920;3191.122;3599.631;2214.111;346.157;868.524;1786.126;287.881;836.601;-0.262;3600.063;3600.054;1098.798;1499.432;2984.477;2346.238;2521.993;1355.995;2028.193;196.271;3374.347;0.138;234.447;3047.396;1807.450;2529.827;2150.372;2805.474;2279.109;713.243;3128.511;1147.124;3422.504;1178.946;3600.108;905.547;2211.703;362.996;485.301;2555.712;3267.575;41.478;2144.491;1213.472;444.061;1799.004;0.204;3599.915;196.902;3355.205;2704.787;0.357;1683.777;3599.851;821.415;1922.676;2062.663;1184.993;516.758;1799.970;1642.861;3310.883;2006.521;1506.411;643.896;1320.892;1941.164;2417.853;3598.908;812.584;2848.083;1566.116;2645.571;0.038;2737.480;3374.476;-0.464;1285.912;959.881;2950.224;204.690;1342.051;2457.209;3156.210;628.297;0.057;757.568;2860.879;0.397;2725.863;544.670;3091.885;3055.992;3600.098;1518.719
414,748.2624733448029,413,-563.1641476519711,563.1641476519711,0.011528686182244532,876.857;1605.208;1958.000;0.222;1164.373;723.581;2559.081;463.105;0.251;3599.237;2275.509;1.053;2563.000;552.094;745.011;891.200;2760.910;2157.822;634.962;1747.248;321.493;3599.396;2016.362;1723.695;1247.406;0.135;2686.919;2024.410;3033.395;3475.475;-0.222;2110.098;0.509;2427.898;1714.136;1181.935;2782.512;2198.807;823.471;0.640;2890.801;3284.951;16.872;1847.427;1027.538;617.281;231.927;934.295;3599.938;624.880;1133.524;0.155;2140.591;677.375;2884.780;1858.018;1795.545;3008.892;3600.516;3599.769;1422.649;3598.833;0.878;3030.142;2368.569;1868.235;1662.556;2868.966;2556.535;3319.617;245.747;346.036;2680.653;1247.630;1024.830;348.743;1.424;1423.688;2158.977;3145.246;3414.499;3599.849;1429.932;1589.433;777.360;3143.602;3186.794;3208.995;3.435;2389.677;3215.765;1.178;3599.637;1317.827;2500.170;4.760;3599.275;2294.893;3298.703;3599.360,1651.666;3600.356;2454.169;943.801;439.975;2455.380;3190.669;3599.193;2213.984;346.636;868.028;1786.585;288.390;837.027;0.234;3599.656;3599.863;1098.289;1499.292;2984.057;2346.519;2522.048;1356.390;2027.723;196.334;3374.817;0.078;234.439;3046.932;1806.937;2529.429;2150.016;2805.039;2278.850;713.269;3128.001;1146.820;3422.161;1178.469;3600.064;905.258;2212.191;362.611;484.808;2555.821;3268.012;41.989;2145.005;1213.873;444.133;1798.660;-0.251;3599.923;196.793;3355.257;2705.294;-0.076;1683.828;3600.037;821.058;1922.178;2063.122;1185.237;516.251;1800.474;1643.364;3311.287;2006.109;1505.932;644.063;1321.327;1940.706;2417.350;3599.397;812.936;2848.507;1566.413;2645.083;-0.284;2737.189;3374.974;0.025;1285.440;960.374;2950.658;204.190;1341.555;2456.886;3155.808;628.496;-0.271;757.097;2860.762;0.524;2726.319;544.957;3092.385;3056.448;3599.703;1519.234
415,750.155356168747,414,-563.1711283041391,563.1711283041391,0.01430338527496177,876.887;1605.624;1957.598;0.219;1164.831;724.036;2558.979;462.650;0.635;3598.975;2275.331;0.802;2563.028;551.984;745.140;891.407;2760.893;2158.209;634.666;1747.245;321.918;3599.737;2016.857;1723.412;1247.485;0.134;2687.060;2024.040;3032.992;3475.744;0.176;2110.503;0.230;2427.503;1713.817;1182.095;2782.192;2198.665;823.887;0.295;2891.301;3284.806;16.919;1847.330;1027.661;616.885;231.750;934.019;3600.280;624.431;1133.212;0.497;2140.389;677.254;2885.166;1858.449;1795.724;3008.791;3600.115;3600.128;1422.989;3598.763;0.556;3029.692;2368.720;1868.385;1662.394;2868.548;2556.935;3320.077;245.718;345.703;2680.411;1248.002;1025.008;348.954;1.557;1423.967;2159.075;3144.752;3414.507;3600.325;1429.558;1589.886;777.064;3143.124;3187.285;3209.368;3.352;2389.466;3215.751;0.972;3600.118;1317.807;2500.604;4.692;3598.931;2294.958;3298.834;3599.142,1651.249;3599.916;2454.035;944.303;440.420;2454.970;3190.260;3598.854;2214.224;346.401;867.528;1786.861;288.846;836.552;-0.128;3599.358;3599.413;1097.794;1498.886;2984.142;2346.169;2522.518;1356.453;2027.224;196.749;3375.295;-0.036;233.950;3047.006;1807.031;2529.764;2150.447;2804.536;2279.186;713.745;3127.712;1146.935;3422.544;1178.472;3599.579;905.722;2211.887;362.290;485.257;2556.317;3267.935;42.413;2144.826;1214.192;443.642;1798.656;-0.297;3600.324;196.302;3354.770;2705.063;-0.567;1683.366;3600.523;820.557;1922.354;2063.578;1185.421;515.976;1800.233;1643.481;3311.505;2005.714;1505.457;644.462;1321.125;1940.976;2416.940;3599.816;813.426;2849.010;1566.907;2644.637;0.198;2737.643;3375.474;0.480;1285.385;960.809;2950.469;203.683;1341.634;2456.835;3155.307;628.038;0.100;756.703;2860.412;0.245;2726.351;545.443;3092.677;3056.311;3599.313;1519.696
416,751.8635232448578,415,-563.17180286389,563.17180286389,0.007294578798221235,876.410;1606.119;1957.178;0.236;1165.327;724.409;2558.505;462.582;0.738;3599.241;2274.847;0.549;2563.499;552.422;744.664;891.004;2760.518;2158.703;634.183;1747.489;321.477;3599.809;2017.282;1722.975;1247.019;-0.055;2686.640;2023.622;3033.440;3475.325;0.025;2110.978;0.115;2427.012;1714.107;1182.470;2782.627;2198.181;823.609;0.058;2891.791;3284.417;16.476;1846.845;1027.241;616.473;232.154;934.397;3599.822;624.854;1133.649;0.239;2140.854;677.701;2885.063;1857.998;1796.074;3008.340;3599.984;3599.734;1423.168;3599.237;0.108;3029.893;2368.283;1867.907;1662.380;2868.137;2556.933;3320.433;246.135;345.980;2680.844;1247.578;1025.487;348.957;1.283;1423.529;2159.562;3145.104;3414.198;3599.878;1429.932;1590.267;776.687;3143.593;3187.290;3209.861;3.482;2389.648;3215.266;0.779;3599.736;1317.376;2500.317;5.159;3599.279;2294.476;3299.277;3598.730,1651.436;3599.596;2454.461;944.701;440.346;2455.128;3189.766;3599.299;2213.775;346.866;867.971;1787.340;289.323;836.980;-0.402;3599.544;3599.720;1098.119;1498.518;2983.738;2345.676;2522.386;1355.997;2027.564;196.290;3375.480;-0.094;233.540;3047.224;1807.518;2530.155;2150.757;2804.520;2279.659;713.325;3127.240;1147.423;3422.250;1178.030;3599.999;905.357;2212.324;361.808;484.813;2556.658;3268.367;42.894;2145.282;1214.684;443.869;1798.303;0.016;3599.867;196.726;3355.124;2705.192;-0.088;1682.870;3600.056;820.363;1921.876;2063.142;1185.385;515.501;1800.694;1643.029;3311.941;2005.220;1505.313;644.902;1321.421;1940.897;2416.563;3599.696;813.181;2848.761;1566.673;2644.921;-0.113;2737.277;3375.578;0.060;1285.815;961.146;2950.945;204.062;1341.170;2456.926;3155.417;628.506;-0.268;757.087;2860.889;0.586;2726.788;545.934;3092.961;3056.474;3599.762;1519.438
417,753.7101969718933,416,-563.1852860606614,563.1852860606614,0.013955608349632423,876.860;1605.882;1956.691;-0.236;1165.811;723.979;2558.856;462.813;0.279;3599.722;2275.261;0.122;2563.985;552.027;744.542;890.990;2760.033;2159.192;634.495;1747.969;320.991;3600.279;2016.815;1723.436;1246.538;0.413;2686.164;2023.942;3033.927;3475.797;-0.219;2111.407;-0.356;2427.472;1713.692;1182.007;2782.573;2198.593;823.135;-0.297;2892.153;3283.932;16.045;1847.279;1027.555;616.683;232.099;934.825;3599.739;624.948;1133.215;-0.243;2140.513;678.124;2885.535;1857.576;1795.620;3007.851;3600.372;3599.294;1422.702;3599.484;0.401;3030.370;2367.853;1867.419;1662.855;2868.590;2556.675;3320.907;245.707;346.462;2681.330;1247.465;1025.967;349.190;0.916;1423.935;2159.858;3144.642;3414.230;3599.989;1429.486;1589.818;777.142;3143.191;3187.750;3210.041;3.065;2389.178;3214.850;1.241;3600.014;1316.902;2499.837;5.641;3599.714;2294.662;3298.830;3599.017,1651.284;3599.993;2454.018;945.183;440.797;2455.273;3189.330;3599.036;2213.924;346.639;867.561;1786.943;289.813;836.630;0.065;3599.920;3599.441;1097.945;1498.033;2984.178;2345.827;2522.102;1356.387;2027.721;196.136;3375.853;-0.565;233.060;3047.705;1807.134;2530.640;2150.395;2804.052;2279.202;713.689;3126.924;1147.888;3422.680;1177.757;3599.812;905.789;2212.498;361.347;485.084;2556.469;3267.973;42.667;2145.708;1215.148;443.796;1798.724;0.338;3600.062;196.426;3355.460;2705.649;0.048;1682.446;3600.200;820.817;1922.228;2063.392;1184.906;515.065;1800.330;1642.543;3312.426;2004.751;1504.841;644.456;1321.904;1941.336;2417.032;3600.162;813.638;2849.187;1567.103;2644.489;0.257;2737.639;3375.521;0.288;1285.378;961.626;2950.555;204.272;1341.540;2457.405;3155.884;628.064;0.095;756.666;2860.509;0.127;2726.319;546.186;3092.832;3056.007;3599.837;1519.842
418,755.586216211319,417,-563.1814549983036,563.1814549983036,0.01433778599899648,877.329;1606.105;1956.288;-0.237;1165.882;724.135;2559.330;462.352;-0.135;3600.034;2275.504;-0.357;2564.157;551.720;744.708;890.528;2759.586;2159.299;634.227;1747.589;320.551;3599.827;2016.396;1723.797;1246.558;0.207;2686.310;2023.527;3034.291;3475.902;0.232;2111.885;0.100;2427.357;1713.236;1181.942;2782.173;2199.052;822.700;0.079;2892.205;3283.771;16.298;1847.748;1027.141;617.152;232.548;935.166;3599.416;624.535;1133.378;0.161;2140.054;677.750;2885.989;1857.096;1795.682;3007.554;3599.928;3599.633;1422.523;3599.957;-0.051;3030.819;2368.273;1867.223;1663.271;2868.958;2556.201;3321.284;246.000;346.893;2681.602;1247.276;1026.414;348.729;1.369;1424.199;2160.304;3144.646;3414.698;3600.407;1429.206;1589.513;777.608;3142.823;3188.105;3210.427;3.516;2389.094;3215.007;1.719;3600.430;1316.517;2499.574;5.247;3599.620;2294.217;3298.351;3599.491,1651.204;3600.466;2453.884;945.664;441.276;2455.744;3189.754;3598.572;2214.395;346.434;867.631;1787.370;290.252;836.155;0.188;3599.652;3598.979;1097.688;1498.126;2983.828;2345.637;2522.570;1356.855;2027.298;195.840;3376.329;-0.101;232.578;3047.556;1806.919;2530.256;2150.843;2803.575;2278.933;713.394;3126.449;1147.742;3423.159;1177.282;3599.987;905.717;2212.049;360.865;485.320;2556.008;3268.330;43.050;2145.835;1214.873;444.205;1799.158;-0.124;3599.615;196.180;3355.927;2706.130;-0.286;1682.009;3600.272;820.818;1921.941;2063.756;1185.094;514.633;1800.592;1642.357;3312.086;2004.425;1505.117;644.213;1321.803;1940.992;2417.000;3599.727;814.091;2849.559;1566.669;2644.083;0.446;2737.225;3375.354;0.448;1285.329;961.281;2950.792;203.826;1341.561;2456.997;3156.332;628.397;-0.283;756.188;2860.750;-0.065;2726.329;546.659;3093.287;3056.367;3599.393;1519.421
419,757.2823309898376,418,-563.1808569432915,563.1808569432915,0.01638008506496468,877.734;1606.570;1955.823;0.223;1166.341;724.598;2558.943;461.880;0.310;3600.499;2275.965;-0.240;2564.609;552.098;744.325;890.054;2759.114;2158.868;633.761;1747.119;320.078;3600.084;2016.384;1724.248;1246.135;-0.234;2686.773;2023.056;3034.714;3476.190;-0.072;2112.353;0.266;2427.787;1712.770;1181.646;2781.707;2199.509;822.236;-0.370;2892.668;3283.309;16.756;1848.139;1026.705;617.582;232.098;934.725;3599.767;624.987;1133.671;-0.011;2139.864;677.286;2885.703;1856.622;1795.263;3007.406;3599.955;3599.787;1422.059;3600.414;-0.277;3030.646;2368.737;1866.768;1663.706;2868.568;2556.515;3320.844;246.466;347.354;2681.780;1246.812;1026.886;349.188;1.755;1424.644;2160.767;3145.106;3415.170;3599.978;1428.739;1589.047;778.082;3142.354;3188.575;3209.983;3.919;2389.547;3214.617;1.564;3599.972;1316.116;2499.146;5.005;3599.166;2293.827;3297.877;3599.955,1650.741;3600.072;2453.421;946.074;441.750;2455.325;3190.202;3598.100;2213.967;345.978;867.179;1787.174;290.635;835.681;-0.259;3600.108;3598.506;1097.222;1497.676;2983.421;2346.094;2522.185;1356.506;2026.832;196.218;3376.776;0.016;232.106;3048.007;1806.510;2530.649;2150.484;2803.748;2279.294;713.849;3126.053;1147.301;3422.951;1177.655;3599.538;906.167;2212.264;361.050;485.784;2556.401;3267.884;42.614;2146.272;1215.305;443.754;1798.798;0.153;3599.856;195.715;3356.380;2705.775;0.102;1682.371;3600.708;820.359;1922.375;2063.407;1184.673;514.165;1800.169;1641.961;3312.544;2004.761;1504.662;644.670;1322.165;1941.446;2417.428;3600.104;814.564;2850.021;1566.895;2643.613;0.899;2737.661;3375.811;0.907;1285.483;961.734;2950.366;204.187;1342.008;2457.367;3156.390;628.041;0.129;756.000;2860.351;0.325;2726.500;547.108;3093.407;3055.937;3598.925;1519.865
420,759.1241669654846,419,-563.1833944428615,563.1833944428615,0.011388627909676605,878.005;1606.727;1955.368;-0.018;1166.618;724.235;2559.294;462.188;-0.083;3600.060;2276.427;0.042;2564.770;552.560;743.883;889.718;2758.660;2158.498;634.092;1746.938;320.441;3599.881;2016.086;1724.714;1246.533;0.165;2686.506;2022.936;3034.568;3476.649;-0.085;2112.105;-0.060;2428.249;1713.164;1182.075;2781.273;2199.584;822.567;0.027;2892.311;3283.241;17.215;1848.561;1027.135;618.047;231.677;934.333;3599.372;625.377;1133.222;-0.327;2140.129;677.279;2886.144;1856.264;1794.847;3007.858;3600.250;3599.386;1421.748;3599.978;0.154;3030.951;2368.433;1867.082;1664.145;2868.972;2556.091;3321.281;246.417;347.045;2682.133;1246.472;1027.289;349.576;2.167;1424.581;2161.171;3145.267;3415.497;3599.915;1428.291;1588.583;777.959;3142.664;3188.485;3209.544;3.686;2389.512;3214.231;1.450;3599.957;1315.671;2499.389;4.549;3599.515;2293.447;3297.444;3600.421,1651.085;3600.118;2453.486;946.093;441.870;2455.716;3189.788;3597.712;2214.361;345.514;866.814;1787.614;291.030;835.530;0.102;3600.044;3598.912;1096.791;1497.210;2983.818;2345.880;2522.417;1356.544;2026.368;196.041;3377.211;0.376;231.814;3048.348;1806.053;2530.555;2150.886;2803.334;2278.850;714.243;3125.593;1147.747;3423.120;1177.763;3599.530;906.532;2211.832;361.495;485.568;2555.962;3267.686;42.943;2145.853;1214.991;444.139;1799.247;-0.197;3600.302;195.804;3355.989;2706.178;-0.227;1681.936;3600.275;820.719;1922.734;2063.832;1184.981;514.303;1800.547;1641.498;3312.194;2004.321;1504.941;644.307;1322.439;1941.095;2417.506;3599.827;814.321;2850.477;1566.465;2643.848;0.642;2737.936;3375.403;0.993;1285.789;962.055;2950.783;203.837;1342.471;2457.326;3156.132;627.679;-0.020;755.580;2860.121;-0.116;2726.052;546.773;3092.958;3055.717;3599.245;1519.472
421,760.985110282898,420,-563.1772815996392,563.1772815996392,0.006370184208965772,878.456;1606.915;1955.240;-0.237;1166.284;724.582;2559.520;461.813;0.196;3600.063;2276.535;0.397;2565.096;552.309;744.266;890.003;2758.736;2158.128;633.973;1747.110;320.347;3600.243;2015.754;1724.952;1246.862;0.507;2686.721;2023.217;3034.511;3477.071;0.295;2112.316;0.282;2428.408;1713.587;1181.705;2781.149;2199.542;822.992;-0.018;2892.319;3283.037;17.673;1848.511;1026.958;618.171;231.414;933.882;3599.000;625.804;1132.845;0.106;2139.705;677.643;2885.809;1856.581;1794.400;3008.129;3599.856;3598.931;1421.304;3599.845;0.595;3031.240;2368.850;1866.883;1663.853;2869.291;2556.444;3321.423;246.821;346.594;2681.698;1246.421;1027.056;349.796;1.799;1425.026;2160.777;3144.967;3415.539;3599.947;1427.923;1588.835;778.347;3142.284;3188.866;3209.091;3.242;2389.743;3214.652;1.031;3600.127;1316.049;2499.256;4.098;3599.227;2293.882;3297.381;3600.005,1650.973;3599.706;2453.159;945.853;442.276;2455.544;3190.202;3598.116;2214.041;345.080;866.774;1787.227;290.597;835.509;-0.097;3599.619;3599.143;1096.765;1497.270;2984.164;2346.300;2522.050;1356.985;2026.698;196.480;3376.784;-0.017;232.130;3048.751;1805.596;2530.241;2150.559;2803.741;2278.426;714.695;3125.887;1147.418;3422.824;1177.368;3599.238;906.242;2212.215;361.951;485.933;2556.253;3268.084;42.509;2145.439;1214.543;444.238;1799.295;0.236;3599.930;195.808;3356.409;2706.362;0.146;1682.319;3599.876;820.946;1923.138;2063.642;1184.555;514.040;1800.122;1641.563;3312.275;2004.713;1504.728;644.645;1322.890;1941.461;2417.952;3600.245;814.661;2850.826;1566.145;2644.253;0.195;2738.349;3375.458;0.723;1286.234;962.020;2950.432;204.272;1342.929;2456.947;3155.681;627.228;0.221;755.795;2859.671;0.124;2726.134;546.321;3092.500;3055.272;3599.673;1519.728
422,762.6836726665497,421,-563.1849385941191,563.1849385941191,0.010628243724314057,878.468;1607.343;1954.801;0.177;1166.644;724.315;2559.906;461.439;0.468;3599.747;2276.894;-0.025;2565.541;552.147;743.869;889.807;2758.531;2157.682;633.938;1747.298;320.686;3599.824;2015.310;1725.389;1247.283;0.421;2686.316;2023.512;3034.925;3477.477;-0.095;2112.031;0.175;2428.448;1713.180;1182.023;2781.532;2199.104;823.442;-0.414;2892.000;3282.602;17.703;1848.267;1027.363;617.747;231.595;933.818;3599.373;626.001;1132.432;0.128;2140.049;678.090;2885.884;1856.749;1794.305;3008.291;3600.270;3599.179;1421.327;3599.723;0.271;3031.682;2368.771;1867.162;1664.271;2869.235;2556.769;3321.857;246.781;346.172;2681.938;1245.989;1027.462;349.387;2.160;1424.993;2161.184;3144.567;3415.151;3600.368;1427.681;1588.680;778.030;3142.000;3189.314;3209.477;3.510;2390.174;3214.268;0.892;3599.709;1315.627;2499.610;4.104;3598.964;2293.577;3296.964;3599.724,1650.585;3599.892;2452.726;946.228;442.724;2455.320;3190.506;3598.452;2214.131;344.635;867.103;1787.268;290.170;835.401;0.002;3599.513;3599.005;1097.202;1496.912;2984.594;2346.351;2522.243;1356.661;2026.612;196.573;3376.585;-0.147;232.559;3049.199;1805.319;2529.797;2150.703;2803.594;2278.009;715.009;3126.230;1147.289;3422.872;1176.995;3598.855;906.345;2212.459;362.113;485.773;2556.022;3268.409;42.641;2145.005;1214.100;443.845;1799.720;0.104;3600.262;195.372;3356.743;2706.762;0.305;1681.982;3599.675;821.385;1922.884;2063.778;1184.154;514.352;1799.845;1641.931;3311.897;2005.134;1505.097;644.520;1323.086;1941.784;2418.352;3599.856;815.062;2850.559;1566.502;2644.694;0.005;2738.201;3375.873;1.053;1286.678;961.597;2950.725;204.570;1343.217;2456.508;3155.354;627.325;-0.192;755.808;2859.721;-0.205;2725.789;546.135;3092.445;3054.883;3600.106;1519.554
423,764.5165541172028,422,-563.1866623230001,563.1866623230001,0.011252494838293485,878.887;1606.956;1954.427;0.583;1166.290;723.894;2560.345;461.541;0.121;3599.354;2276.552;-0.467;2565.422;551.713;743.891;889.774;2758.556;2157.264;634.358;1747.714;320.275;3600.091;2014.867;1725.768;1247.696;-0.008;2686.058;2023.212;3035.366;3477.829;0.280;2111.869;-0.253;2428.876;1713.495;1181.637;2781.550;2199.424;823.073;-0.075;2892.408;3282.728;17.271;1848.696;1027.693;617.360;231.244;934.227;3599.811;625.586;1131.995;0.556;2139.709;678.516;2886.228;1856.960;1793.873;3008.003;3599.928;3599.612;1421.720;3600.086;-0.155;3031.341;2368.340;1866.746;1664.698;2869.209;2556.436;3322.262;246.351;346.582;2682.227;1246.412;1027.413;349.787;2.586;1424.638;2161.328;3144.140;3414.785;3600.010;1428.075;1589.082;778.379;3141.675;3189.217;3209.507;3.883;2390.609;3214.537;0.459;3600.080;1315.510;2499.245;4.535;3598.530;2293.166;3296.570;3599.876,1650.750;3600.314;2452.669;946.606;442.818;2454.937;3190.107;3598.336;2214.557;344.702;867.154;1787.490;290.307;834.970;0.276;3599.397;3598.856;1097.643;1496.477;2984.952;2345.947;2522.663;1356.228;2026.194;197.000;3376.292;0.262;232.981;3049.520;1805.636;2529.481;2151.126;2803.292;2277.654;714.625;3125.938;1147.566;3423.304;1177.295;3598.416;906.776;2212.051;362.545;485.361;2556.369;3268.794;43.029;2144.565;1213.756;443.406;1800.099;-0.322;3599.906;194.984;3356.421;2706.376;-0.099;1681.573;3600.031;821.514;1923.192;2064.210;1184.277;514.779;1799.619;1642.310;3311.461;2005.024;1505.341;644.102;1323.489;1941.384;2418.503;3600.174;815.497;2850.667;1566.942;2645.137;-0.251;2737.777;3376.314;1.491;1286.449;961.351;2951.138;204.189;1343.611;2456.112;3155.764;627.553;0.177;756.225;2859.865;0.206;2725.442;545.707;3092.743;3054.706;3599.780;1519.212
424,766.3743853569031,423,-563.1878876901641,563.1878876901641,0.010267894900398299,879.311;1607.340;1954.690;0.920;1166.238;723.890;2560.740;461.167;-0.306;3599.703;2276.296;-0.069;2565.766;551.312;743.646;890.197;2758.976;2157.566;634.129;1747.512;320.415;3599.738;2014.432;1725.589;1247.558;-0.218;2686.190;2023.625;3035.633;3478.260;-0.116;2112.252;0.159;2428.952;1713.839;1181.226;2781.955;2199.072;823.109;0.317;2892.466;3282.478;17.155;1848.587;1027.774;616.936;231.554;934.637;3599.558;625.841;1131.609;0.495;2139.618;678.334;2885.849;1857.313;1793.508;3008.336;3600.202;3600.007;1421.328;3599.716;0.207;3031.022;2367.949;1866.967;1664.949;2869.632;2556.051;3322.174;246.017;346.420;2681.934;1246.591;1027.007;349.684;2.212;1424.550;2160.945;3144.176;3414.408;3599.799;1428.438;1589.502;778.616;3141.949;3189.115;3209.871;3.548;2390.425;3214.662;0.353;3599.712;1315.906;2498.987;4.549;3598.757;2293.217;3296.710;3600.251,1651.128;3599.908;2453.014;946.268;443.229;2455.280;3190.469;3598.742;2214.970;345.106;866.739;1787.891;289.944;835.247;-0.134;3599.811;3599.274;1097.364;1496.052;2985.069;2346.206;2523.042;1356.255;2025.983;196.607;3376.236;0.069;233.416;3049.201;1805.742;2529.050;2150.817;2803.077;2277.224;714.919;3126.277;1147.537;3423.161;1177.710;3598.025;906.654;2211.706;362.577;485.150;2556.675;3269.222;43.386;2144.142;1213.345;443.060;1800.527;-0.061;3600.239;194.554;3356.037;2706.213;0.070;1681.502;3600.387;821.377;1922.804;2064.642;1183.886;515.208;1799.339;1642.742;3311.127;2004.613;1505.738;644.210;1323.922;1940.969;2418.176;3599.856;815.529;2851.084;1567.194;2645.025;0.169;2738.059;3376.721;1.695;1286.503;961.703;2951.512;203.936;1344.043;2456.502;3156.018;627.160;-0.167;755.954;2859.743;0.240;2725.818;545.547;3093.169;3054.281;3600.113;1518.857
425,768.2471103668213,424,-563.1915127181644,563.1915127181644,0.010580472068593487,879.716;1607.009;1955.103;0.508;1165.960;723.909;2560.363;461.532;0.097;3600.107;2276.664;0.052;2566.123;551.353;743.236;890.032;2759.402;2157.511;633.722;1747.887;320.074;3599.639;2014.762;1725.188;1247.966;0.197;2685.783;2024.027;3035.224;3478.535;0.275;2111.855;-0.036;2429.366;1713.441;1181.543;2782.382;2198.941;823.419;-0.071;2892.061;3282.888;17.200;1848.190;1027.520;617.010;231.591;935.062;3599.965;625.527;1131.268;0.174;2139.642;678.736;2886.183;1857.633;1793.836;3008.759;3599.868;3600.413;1420.905;3599.373;0.629;3030.883;2368.309;1867.381;1665.351;2869.970;2555.919;3322.429;246.131;346.264;2681.511;1246.374;1026.801;350.077;2.445;1424.133;2160.608;3143.784;3414.594;3599.942;1428.067;1589.879;778.250;3142.370;3188.697;3210.278;3.595;2390.025;3214.261;0.597;3600.055;1315.726;2499.377;4.580;3598.383;2293.626;3297.110;3599.847,1650.736;3599.777;2453.430;945.846;442.911;2454.922;3190.212;3599.166;2214.855;345.468;866.566;1788.318;289.680;835.544;0.183;3600.236;3599.699;1097.255;1495.650;2985.488;2345.807;2522.639;1355.850;2026.334;196.195;3375.832;-0.281;233.598;3049.251;1806.157;2529.420;2150.411;2803.470;2276.827;715.317;3125.887;1147.951;3423.383;1178.128;3598.387;906.909;2212.116;362.344;484.730;2556.368;3268.917;43.325;2144.528;1213.733;443.328;1800.798;0.180;3599.917;194.680;3356.413;2706.604;-0.289;1681.093;3599.979;821.765;1922.378;2064.247;1183.783;514.839;1799.725;1642.645;3311.231;2004.186;1506.082;644.309;1323.918;1941.294;2418.298;3599.931;815.126;2851.470;1566.845;2644.769;-0.042;2738.479;3376.451;1.291;1286.906;962.127;2951.936;204.334;1343.918;2456.795;3155.613;627.266;0.060;756.358;2860.158;0.252;2726.239;545.167;3092.834;3053.877;3600.392;1519.115
426,769.9416315555573,425,-563.1918707646576,563.1918707646576,0.009227287827843086,880.104;1607.386;1954.963;0.511;1166.343;723.501;2560.308;461.142;0.008;3599.810;2277.080;-0.228;2566.528;551.757;743.636;889.779;2759.024;2157.878;633.303;1747.485;319.908;3599.914;2014.790;1725.000;1247.568;0.364;2686.151;2023.628;3035.529;3478.200;0.276;2112.220;-0.083;2429.511;1713.062;1181.253;2781.992;2199.098;823.264;-0.052;2892.432;3282.680;16.832;1848.403;1027.927;616.611;232.002;935.025;3600.075;625.912;1131.537;-0.233;2139.265;678.345;2886.566;1857.226;1794.187;3009.171;3600.149;3600.008;1420.784;3599.672;0.677;3030.474;2367.980;1867.085;1665.013;2869.608;2556.325;3322.841;246.240;345.880;2681.715;1245.999;1027.174;349.819;2.468;1424.496;2161.012;3144.169;3415.006;3600.351;1427.649;1589.507;778.575;3141.971;3189.014;3209.913;3.720;2390.419;3214.657;0.267;3600.013;1316.133;2499.295;4.730;3598.669;2293.284;3296.712;3600.116,1650.317;3600.153;2453.032;946.163;443.252;2454.504;3189.882;3599.381;2214.458;345.082;866.153;1788.512;289.372;835.163;0.559;3599.855;3599.352;1097.276;1495.278;2985.495;2346.161;2522.491;1356.103;2025.988;195.775;3376.182;0.120;233.233;3049.659;1805.781;2529.276;2149.993;2803.241;2277.078;715.734;3126.114;1147.650;3423.269;1178.333;3598.634;907.323;2212.250;361.943;485.075;2556.146;3268.519;42.915;2144.619;1213.822;443.294;1801.207;0.591;3600.245;194.275;3356.828;2706.655;0.108;1680.826;3600.171;822.184;1922.714;2064.093;1183.387;514.609;1799.405;1643.041;3311.002;2003.777;1505.741;643.908;1323.729;1941.696;2418.709;3600.191;815.498;2851.889;1566.683;2644.355;0.333;2738.892;3376.302;1.394;1286.754;962.033;2951.782;204.189;1344.266;2456.484;3155.293;627.659;0.347;756.105;2859.959;0.661;2726.574;545.222;3093.201;3053.500;3599.985;1519.530
427,771.7813174724579,426,-563.1880507355992,563.1880507355992,0.006166225412863014,880.500;1607.757;1955.302;0.597;1166.753;723.105;2559.921;460.861;0.090;3600.093;2277.279;0.147;2566.942;552.167;743.536;889.372;2759.078;2157.488;632.891;1747.263;319.832;3600.186;2015.177;1724.595;1247.291;0.270;2686.290;2023.267;3035.409;3477.792;-0.054;2112.566;0.095;2429.409;1713.296;1180.918;2782.015;2199.503;822.893;0.022;2892.813;3282.345;16.447;1848.308;1027.807;616.654;232.245;935.413;3599.754;626.303;1131.943;0.125;2138.881;678.086;2886.935;1856.829;1794.442;3008.781;3599.800;3600.094;1420.383;3600.080;0.374;3030.833;2367.577;1866.680;1664.612;2869.924;2556.735;3322.475;245.839;346.053;2681.444;1245.723;1027.579;350.114;2.091;1424.640;2161.409;3144.543;3415.301;3599.954;1427.391;1589.113;778.957;3142.125;3188.932;3209.555;3.322;2390.818;3214.452;0.010;3600.359;1316.126;2498.902;5.118;3599.071;2292.924;3296.468;3599.834,1649.985;3599.813;2452.641;946.239;443.347;2454.131;3190.197;3599.690;2214.053;345.346;866.493;1788.310;289.710;835.058;0.790;3599.915;3599.358;1097.648;1495.648;2985.861;2346.291;2522.095;1355.774;2026.343;195.501;3375.908;0.053;233.533;3049.926;1806.042;2529.296;2149.663;2803.617;2277.441;715.701;3126.515;1147.897;3422.867;1178.072;3599.041;907.015;2212.523;361.547;484.831;2556.539;3268.347;42.558;2145.016;1214.121;442.907;1800.838;0.843;3599.884;194.166;3357.235;2707.044;0.112;1681.129;3599.840;821.882;1922.561;2063.713;1183.461;514.203;1799.572;1643.017;3311.398;2003.857;1505.332;644.291;1323.324;1941.920;2419.106;3599.794;815.781;2851.937;1567.035;2644.066;0.289;2739.168;3375.945;1.001;1287.105;961.704;2951.653;204.502;1343.968;2456.855;3155.183;627.367;-0.041;756.281;2859.964;0.928;2726.920;545.540;3093.308;3053.090;3599.940;1519.942
428,773.6520359516144,427,-563.1978102913272,563.1978102913272,0.007470833108610861,880.185;1607.778;1955.689;0.281;1166.818;723.232;2560.018;460.556;-0.247;3600.157;2277.519;0.418;2567.304;552.307;743.920;888.979;2758.893;2157.797;632.627;1746.884;319.436;3599.796;2015.566;1724.731;1246.926;-0.074;2686.675;2022.880;3035.063;3478.010;0.155;2112.939;-0.132;2429.309;1712.998;1180.515;2781.655;2199.855;822.490;0.413;2893.213;3282.617;16.399;1848.694;1027.428;616.956;232.611;935.216;3600.075;626.392;1132.258;-0.214;2138.479;677.688;2886.799;1856.527;1794.090;3008.506;3599.591;3599.857;1420.150;3599.921;0.413;3030.480;2367.216;1866.382;1664.226;2870.247;2556.974;3322.129;246.200;346.442;2681.117;1246.085;1027.870;350.513;1.686;1424.323;2161.590;3144.941;3415.703;3599.822;1427.006;1588.732;779.362;3141.979;3189.281;3209.152;2.916;2391.153;3214.744;0.394;3599.971;1316.462;2498.496;4.785;3599.413;2293.242;3296.179;3600.057,1650.199;3599.833;2452.829;945.924;443.697;2454.308;3190.590;3600.092;2213.655;345.744;866.854;1787.918;289.346;834.664;0.410;3600.226;3599.722;1097.783;1495.563;2985.552;2346.003;2521.691;1355.373;2026.364;195.617;3376.235;-0.040;233.913;3049.699;1806.433;2529.680;2150.019;2804.021;2277.843;715.909;3126.203;1147.544;3422.465;1177.784;3599.412;906.627;2212.890;361.893;484.658;2556.687;3268.276;42.165;2145.328;1213.831;443.259;1800.620;0.570;3599.830;194.242;3357.263;2706.665;0.371;1681.506;3600.108;822.201;1922.193;2063.340;1183.143;513.835;1799.970;1642.623;3311.793;2003.621;1505.153;644.483;1323.659;1942.115;2419.195;3599.831;815.541;2851.544;1566.655;2644.192;-0.088;2739.556;3375.541;0.617;1287.446;962.035;2952.035;204.459;1343.620;2457.252;3155.502;627.572;-0.094;756.680;2860.335;0.575;2726.813;545.505;3093.557;3052.804;3600.170;1519.864
429,775.536723613739,428,-563.2028367166664,563.2028367166664,0.014682454007645564,880.456;1607.871;1955.313;-0.105;1167.139;722.872;2559.669;460.721;0.135;3599.768;2277.912;0.664;2567.701;552.575;743.602;888.596;2758.515;2158.176;632.254;1747.211;319.789;3599.948;2015.209;1725.069;1247.286;-0.436;2686.390;2022.525;3035.415;3477.680;-0.194;2112.780;0.161;2428.919;1712.603;1180.733;2781.943;2199.505;822.727;0.747;2893.361;3282.247;16.014;1848.432;1027.691;616.606;233.006;935.551;3599.727;626.729;1132.644;0.077;2138.820;677.962;2887.184;1856.751;1794.451;3008.319;3599.737;3600.189;1420.461;3600.287;0.124;3030.745;2366.823;1866.654;1663.864;2870.615;2557.349;3322.189;245.927;346.069;2681.501;1245.823;1028.263;350.227;1.736;1424.602;2161.967;3144.588;3415.971;3599.977;1426.904;1588.350;779.117;3142.270;3189.409;3209.500;3.209;2390.964;3214.395;0.434;3599.747;1316.101;2498.268;4.982;3599.809;2293.016;3295.800;3599.722,1650.542;3600.184;2452.999;945.762;444.053;2453.931;3190.573;3600.373;2213.922;346.093;866.871;1787.520;289.191;834.940;0.013;3599.851;3600.113;1097.394;1495.895;2985.929;2346.348;2521.772;1355.195;2026.712;195.889;3376.578;-0.373;234.311;3049.757;1806.816;2529.393;2149.691;2803.821;2278.240;715.539;3126.393;1147.902;3422.167;1178.173;3599.195;906.922;2212.548;361.547;485.015;2557.078;3267.886;42.515;2145.042;1214.185;442.917;1800.247;0.175;3600.208;194.617;3356.912;2706.604;0.008;1681.630;3600.399;821.876;1922.035;2063.371;1183.502;514.003;1800.238;1642.235;3312.156;2003.617;1504.766;644.849;1323.305;1941.734;2418.818;3600.039;815.200;2851.324;1567.007;2644.036;0.270;2739.271;3375.667;0.762;1287.079;962.356;2951.697;204.081;1343.247;2457.651;3155.895;627.207;-0.450;756.657;2860.421;0.178;2726.494;545.890;3093.950;3052.414;3599.802;1519.630
430,777.2421724796295,429,-563.1972021128737,563.1972021128737,0.009724604349101126,880.207;1607.491;1955.604;0.254;1166.766;722.482;2560.026;460.345;0.058;3599.842;2277.580;1.051;2568.000;552.199;743.934;888.740;2758.690;2158.143;631.931;1747.560;319.518;3599.801;2014.832;1724.753;1247.102;-0.055;2686.727;2022.139;3035.715;3477.353;0.176;2113.152;-0.209;2428.533;1712.449;1180.366;2781.666;2199.845;822.371;1.129;2893.720;3282.593;15.624;1848.792;1028.074;616.220;233.394;935.941;3599.589;626.354;1133.013;-0.264;2138.458;678.043;2886.847;1856.690;1794.413;3008.471;3599.738;3599.856;1420.838;3599.936;-0.135;3030.434;2366.495;1866.298;1663.495;2870.873;2557.490;3322.243;245.793;346.024;2681.773;1246.198;1027.906;349.853;1.361;1424.952;2161.713;3144.227;3416.282;3600.306;1427.106;1588.422;779.446;3141.896;3189.096;3209.523;2.843;2391.336;3214.740;0.055;3599.648;1316.435;2497.886;5.367;3600.138;2293.364;3295.990;3600.027,1650.179;3599.820;2452.645;945.389;443.994;2453.564;3190.822;3599.993;2213.753;345.952;866.500;1787.128;288.807;835.319;-0.290;3599.897;3599.747;1097.284;1496.285;2986.236;2346.667;2522.050;1355.562;2027.046;195.608;3376.202;0.003;234.281;3049.378;1806.548;2529.302;2149.311;2803.815;2278.611;715.894;3126.778;1147.555;3422.535;1178.379;3599.554;907.105;2212.767;361.602;485.405;2557.425;3267.662;42.290;2144.671;1214.559;442.528;1800.214;0.371;3599.871;194.275;3357.258;2706.302;-0.374;1682.014;3600.026;821.507;1922.411;2063.145;1183.420;514.243;1799.882;1642.559;3312.510;2003.238;1504.374;645.230;1322.952;1942.061;2418.819;3599.950;815.569;2851.685;1567.375;2643.652;0.578;2739.580;3376.020;0.767;1286.695;961.982;2951.309;204.400;1343.552;2457.703;3156.053;627.548;-0.072;756.980;2860.104;0.319;2726.874;545.517;3093.985;3052.087;3599.589;1520.009
431,779.0901906490326,430,-563.1987263653172,563.1987263653172,0.004972877816692116,879.831;1607.795;1955.351;-0.086;1166.979;722.111;2560.379;460.140;0.144;3600.132;2277.947;1.171;2568.364;552.481;744.198;889.088;2758.318;2157.771;632.149;1747.202;319.651;3600.127;2014.635;1725.083;1247.317;0.109;2686.468;2022.073;3035.452;3477.716;-0.034;2112.943;0.150;2428.389;1712.406;1180.438;2781.324;2200.211;822.679;1.172;2893.724;3282.925;15.351;1848.673;1028.332;615.834;233.436;935.937;3599.293;626.030;1133.326;0.042;2138.203;677.713;2887.165;1857.065;1794.060;3008.849;3600.114;3599.724;1420.737;3599.691;0.238;3030.763;2366.311;1866.170;1663.602;2870.510;2557.867;3322.619;245.416;346.252;2682.135;1245.956;1027.888;349.503;1.075;1424.633;2162.074;3144.559;3416.054;3599.935;1426.759;1588.051;779.629;3142.147;3189.463;3209.154;2.723;2391.245;3214.465;0.378;3599.906;1316.328;2498.191;5.572;3600.048;2293.002;3295.622;3600.235,1650.017;3600.106;2452.894;945.009;443.622;2453.536;3190.955;3599.774;2213.419;345.588;866.857;1787.118;289.024;835.278;0.064;3599.681;3599.759;1096.985;1496.056;2985.959;2347.021;2521.688;1355.404;2026.704;195.921;3376.214;0.018;233.949;3049.602;1806.173;2529.549;2149.549;2803.794;2278.330;716.114;3126.819;1147.819;3422.253;1178.086;3599.907;906.803;2213.146;361.492;485.147;2557.149;3267.954;41.967;2145.024;1214.651;442.819;1800.487;0.497;3599.934;194.088;3357.629;2706.632;-0.010;1682.204;3600.018;821.731;1922.122;2062.766;1183.044;513.889;1799.563;1642.620;3312.894;2003.564;1503.991;645.003;1322.711;1941.878;2419.013;3599.574;815.946;2852.016;1567.726;2643.413;0.489;2739.962;3376.247;0.393;1286.846;962.089;2951.196;204.783;1343.228;2457.379;3156.413;627.185;-0.018;757.362;2859.735;0.275;2727.134;545.259;3094.294;3052.043;3599.269;1520.324
432,780.9722440242767,431,-563.2080473700554,563.2080473700554,0.008032562496082887,880.159;1607.864;1955.044;0.247;1167.223;722.053;2560.732;460.419;0.485;3599.787;2278.224;0.903;2568.690;552.499;744.303;889.461;2757.952;2157.959;632.475;1746.938;319.333;3599.778;2014.281;1725.275;1247.243;0.027;2686.393;2021.756;3035.762;3478.093;-0.174;2112.659;0.134;2428.062;1712.039;1180.151;2781.223;2200.363;822.809;0.805;2893.360;3283.072;15.323;1848.709;1028.706;615.811;233.136;935.634;3599.645;625.684;1133.618;0.223;2138.176;677.597;2887.477;1857.356;1793.712;3009.217;3599.947;3600.031;1420.369;3599.439;0.006;3030.998;2365.966;1866.518;1663.948;2870.183;2557.731;3322.974;245.060;345.920;2682.479;1246.258;1028.207;349.125;1.297;1424.258;2162.231;3144.701;3416.383;3600.113;1426.960;1587.761;779.497;3142.411;3189.671;3209.270;2.822;2390.964;3214.144;0.031;3600.259;1316.388;2498.556;5.420;3599.723;2292.816;3295.266;3599.871,1650.350;3599.923;2453.263;944.631;443.787;2453.897;3190.587;3599.768;2213.732;345.283;867.110;1787.281;288.979;835.074;0.204;3599.654;3599.692;1097.277;1496.301;2985.617;2346.676;2521.504;1355.436;2026.365;195.576;3376.172;0.191;233.573;3049.853;1805.809;2529.923;2149.821;2803.426;2278.016;716.290;3126.468;1148.061;3422.582;1177.716;3600.211;906.540;2213.521;361.356;484.818;2556.784;3268.315;42.282;2145.393;1214.299;443.150;1800.860;0.134;3599.724;193.754;3358.007;2707.009;-0.029;1681.986;3600.354;822.069;1921.751;2062.390;1183.212;513.522;1799.637;1642.293;3312.697;2003.325;1503.851;644.687;1322.357;1941.546;2419.365;3599.792;816.074;2852.355;1567.835;2643.236;0.410;2740.109;3376.561;0.026;1287.004;962.224;2951.525;205.157;1342.963;2457.008;3156.786;627.364;-0.210;757.741;2860.077;0.318;2727.429;545.065;3094.643;3051.694;3598.894;1520.594
433,782.6733207702637,432,-563.2181095211483,563.2181095211483,0.006461329847340137,880.250;1607.517;1955.346;-0.009;1166.921;722.343;2561.103;460.168;0.259;3600.007;2278.450;1.255;2569.042;552.147;744.660;889.830;2757.673;2158.012;632.836;1746.572;318.965;3600.023;2013.909;1725.254;1247.593;0.366;2686.048;2022.091;3035.420;3478.456;0.175;2112.373;-0.181;2427.705;1711.803;1179.788;2780.879;2200.591;822.670;0.645;2892.990;3283.424;14.961;1849.072;1028.865;616.139;233.272;935.984;3599.338;625.313;1133.968;-0.119;2137.827;677.868;2887.206;1857.523;1793.342;3009.585;3600.289;3599.868;1420.175;3599.177;0.287;3031.364;2365.787;1866.888;1664.319;2869.812;2557.372;3323.235;245.136;345.942;2682.150;1246.628;1027.895;349.229;0.946;1423.952;2161.922;3144.420;3416.135;3600.043;1426.747;1587.454;779.854;3142.137;3190.014;3209.610;2.462;2390.636;3214.361;0.181;3599.903;1316.722;2498.924;5.778;3599.900;2293.079;3294.925;3600.000,1650.010;3600.010;2453.509;944.963;444.152;2453.957;3190.323;3600.115;2213.385;344.913;866.799;1786.925;288.693;834.707;-0.126;3599.328;3600.047;1097.088;1495.974;2985.345;2346.883;2521.827;1355.798;2025.997;195.913;3375.816;-0.033;233.205;3050.219;1805.442;2530.284;2150.187;2803.287;2278.244;716.656;3126.222;1147.735;3422.754;1177.353;3599.854;906.894;2213.731;361.718;484.614;2556.462;3268.451;42.170;2145.497;1213.932;442.857;1800.619;-0.184;3600.005;193.385;3357.960;2707.378;-0.021;1681.838;3600.013;821.732;1921.968;2062.498;1182.861;513.150;1799.324;1641.960;3312.878;2003.649;1503.549;645.036;1322.168;1941.896;2419.735;3600.097;816.435;2852.726;1568.198;2642.888;0.048;2740.468;3376.930;0.116;1287.369;962.565;2951.681;205.185;1342.596;2456.636;3156.509;627.682;0.136;757.763;2860.448;-0.037;2727.085;544.705;3094.290;3051.323;3599.220;1520.958
434,784.5149827003479,433,-563.2198453270495,563.2198453270495,0.012638632074327246,880.606;1607.514;1955.512;-0.138;1166.598;721.996;2561.191;459.858;0.029;3600.201;2278.793;1.583;2569.407;552.005;744.480;889.514;2757.977;2158.368;632.499;1746.743;318.847;3599.707;2013.548;1725.609;1247.914;0.713;2685.725;2021.833;3035.058;3478.169;-0.039;2112.320;0.139;2428.041;1711.442;1179.454;2781.226;2200.238;822.313;0.309;2892.975;3283.764;14.717;1848.944;1029.181;615.950;233.630;936.349;3599.615;625.268;1134.333;-0.014;2138.149;678.227;2887.125;1857.172;1793.475;3009.784;3599.961;3600.218;1419.841;3599.523;-0.033;3031.356;2365.428;1867.202;1664.665;2869.725;2557.640;3322.994;244.798;345.602;2682.227;1246.802;1027.898;349.318;0.704;1423.614;2161.848;3144.059;3416.476;3600.170;1426.398;1587.113;779.584;3141.789;3189.689;3209.953;2.174;2390.273;3214.061;0.162;3599.652;1316.469;2498.945;5.996;3600.259;2293.333;3294.682;3599.918,1649.659;3600.077;2453.189;945.298;444.409;2453.644;3190.107;3600.307;2213.121;345.072;866.979;1786.584;288.331;834.372;-0.176;3598.965;3599.857;1096.729;1496.289;2985.681;2346.693;2522.163;1356.053;2025.680;195.847;3375.458;-0.392;233.498;3050.512;1805.740;2530.055;2149.854;2803.581;2277.915;716.598;3126.564;1147.971;3422.477;1177.397;3600.075;906.638;2213.673;361.905;484.260;2556.664;3268.111;42.034;2145.611;1214.096;442.504;1800.439;0.119;3600.367;193.543;3358.297;2707.680;-0.356;1681.480;3599.992;821.376;1922.303;2062.666;1182.543;512.871;1799.650;1641.689;3313.135;2003.386;1503.612;645.382;1321.810;1942.168;2420.100;3599.791;816.784;2852.787;1568.489;2642.523;0.324;2740.545;3376.581;-0.220;1287.731;962.229;2951.350;205.241;1342.236;2456.656;3156.763;628.045;0.032;758.023;2860.813;0.169;2727.298;544.358;3094.110;3050.957;3599.481;1521.135
435,786.3715260028839,434,-563.2235351585334,563.2235351585334,0.008189121036882761,880.820;1607.172;1955.861;-0.007;1166.620;722.211;2560.889;460.197;-0.326;3599.860;2278.635;1.265;2569.115;551.678;744.285;889.773;2758.330;2158.587;632.821;1746.938;318.778;3600.022;2013.829;1725.952;1248.268;0.566;2685.369;2022.151;3034.709;3477.929;0.115;2111.969;0.100;2428.399;1711.151;1179.625;2781.136;2200.245;822.069;-0.045;2892.633;3283.562;14.923;1848.653;1029.511;616.271;233.352;936.641;3599.968;624.944;1134.003;-0.257;2138.092;678.587;2886.782;1857.013;1793.718;3010.136;3600.061;3599.894;1419.658;3599.875;-0.158;3031.678;2365.541;1867.554;1665.002;2869.741;2557.488;3323.313;244.828;345.807;2681.894;1247.024;1027.556;348.972;0.975;1423.758;2161.501;3143.715;3416.296;3599.829;1426.060;1587.369;779.244;3141.572;3189.343;3210.042;2.427;2390.139;3214.042;0.129;3599.935;1316.308;2499.283;5.927;3599.940;2293.689;3295.021;3600.214,1649.946;3599.823;2453.522;945.480;444.144;2453.979;3189.800;3599.959;2213.450;345.403;866.652;1786.780;288.548;834.016;0.164;3599.170;3600.193;1096.443;1495.964;2986.036;2346.341;2522.378;1355.821;2025.323;195.991;3375.710;-0.047;233.548;3050.869;1805.619;2530.159;2150.076;2803.929;2277.557;716.876;3126.277;1148.300;3422.167;1177.737;3599.934;906.954;2213.332;362.146;483.915;2556.390;3267.942;42.128;2145.286;1213.767;442.305;1800.787;0.016;3600.043;193.614;3358.006;2707.660;-0.016;1681.336;3600.128;821.703;1922.649;2063.019;1182.188;512.979;1800.006;1641.693;3312.791;2003.032;1503.961;645.054;1322.135;1941.875;2420.109;3600.083;816.525;2852.449;1568.288;2642.686;-0.008;2740.723;3376.418;0.112;1287.505;962.517;2951.600;204.893;1342.321;2456.957;3157.118;628.136;0.077;757.836;2860.766;-0.158;2726.960;544.416;3093.834;3050.693;3599.834;1520.795
436,788.0635776519775,435,-563.2292186035224,563.2292186035224,0.012117948057947352,880.670;1607.277;1955.591;0.335;1166.962;721.898;2561.177;460.524;0.011;3600.009;2278.311;1.031;2569.302;551.326;743.955;889.952;2758.678;2158.808;632.873;1747.285;319.107;3600.174;2013.506;1725.828;1247.936;0.269;2685.579;2022.480;3034.933;3477.657;-0.215;2112.251;-0.156;2428.493;1711.326;1179.284;2781.459;2199.920;821.720;-0.387;2892.916;3283.214;15.202;1848.339;1029.862;615.938;233.016;936.960;3600.318;625.132;1133.962;0.078;2138.348;678.748;2886.430;1857.110;1793.382;3010.151;3599.968;3599.981;1419.311;3600.199;0.050;3031.356;2365.203;1867.866;1665.354;2870.084;2557.819;3323.627;244.487;346.154;2682.145;1246.875;1027.473;349.144;0.966;1423.432;2161.201;3143.369;3416.254;3599.965;1426.400;1587.718;779.348;3141.227;3189.029;3210.356;2.749;2390.476;3214.095;-0.211;3600.237;1316.643;2498.962;6.113;3599.890;2293.655;3295.344;3599.876,1650.162;3600.108;2453.310;945.159;444.398;2454.325;3190.134;3600.063;2213.758;345.079;866.330;1787.021;288.219;834.280;0.403;3599.045;3599.872;1096.765;1495.881;2985.761;2346.634;2522.536;1355.472;2025.179;195.649;3375.412;-0.010;233.243;3050.610;1805.301;2529.818;2149.757;2803.746;2277.211;716.946;3126.586;1148.516;3421.823;1177.695;3599.832;906.643;2213.422;361.856;484.212;2556.041;3268.265;42.473;2144.937;1213.843;441.960;1801.111;-0.174;3600.165;193.270;3358.300;2707.994;0.098;1681.052;3599.929;821.980;1922.991;2063.346;1181.843;513.310;1799.785;1642.038;3312.735;2002.681;1504.047;645.255;1322.380;1941.556;2420.410;3600.333;816.799;2852.475;1568.611;2642.364;-0.060;2741.067;3376.525;0.104;1287.414;962.250;2951.344;204.961;1342.663;2457.304;3157.275;627.798;-0.248;757.711;2860.451;0.176;2727.201;544.525;3094.138;3050.360;3599.954;1520.788
437,789.8873314857483,436,-563.2286461186284,563.2286461186284,0.012416108587178927,880.357;1607.343;1955.363;0.676;1167.175;721.671;2560.916;460.855;0.136;3600.272;2278.637;0.728;2569.271;551.589;743.608;889.635;2758.978;2159.126;633.112;1747.455;319.142;3599.844;2013.613;1725.491;1248.204;-0.000;2685.340;2022.810;3034.670;3477.917;0.109;2111.988;0.153;2428.548;1710.995;1179.520;2781.801;2199.592;821.989;-0.061;2892.706;3283.052;15.232;1847.996;1030.175;616.170;233.274;936.972;3599.990;624.823;1133.789;0.166;2138.691;679.088;2886.500;1857.368;1793.577;3009.982;3599.872;3600.273;1418.969;3599.887;-0.278;3031.385;2365.362;1868.202;1665.524;2870.373;2558.158;3323.368;244.363;345.888;2681.881;1246.543;1027.793;348.890;1.297;1423.289;2161.242;3143.060;3416.581;3600.300;1426.441;1587.680;779.017;3141.523;3188.694;3210.701;3.066;2390.219;3213.757;-0.405;3599.918;1316.322;2499.008;6.181;3599.738;2293.980;3295.456;3599.572,1650.452;3599.776;2453.032;944.842;444.385;2454.185;3190.481;3600.309;2213.788;344.745;866.015;1787.344;287.880;834.621;0.093;3599.369;3599.819;1096.461;1495.694;2985.731;2346.822;2522.859;1355.760;2025.442;195.404;3375.068;-0.243;232.898;3050.273;1804.957;2530.089;2149.422;2803.405;2276.965;717.285;3126.700;1148.246;3421.910;1177.495;3600.155;906.378;2213.761;361.512;484.544;2555.724;3268.588;42.818;2145.065;1213.518;442.255;1801.437;0.137;3599.928;193.050;3358.610;2708.336;-0.058;1681.384;3600.252;822.254;1923.173;2063.054;1181.500;513.642;1799.446;1642.261;3312.666;2002.389;1504.382;645.435;1322.668;1941.855;2420.720;3599.996;816.627;2852.809;1568.306;2642.018;0.233;2741.411;3376.194;-0.187;1287.736;961.923;2951.001;205.299;1342.531;2457.226;3157.002;627.537;0.072;757.733;2860.124;0.060;2727.475;544.208;3094.386;3050.016;3600.121;1520.620
438,791.7383666038513,437,-563.2287053210484,563.2287053210484,0.006847398003584155,880.031;1607.676;1955.371;0.597;1167.325;721.951;2560.578;460.542;-0.061;3599.945;2278.501;0.389;2568.949;551.914;743.899;889.310;2758.691;2158.848;633.448;1747.133;318.910;3599.929;2013.888;1725.188;1248.021;-0.207;2685.648;2022.533;3034.885;3477.603;0.301;2112.183;-0.164;2428.881;1710.872;1179.826;2781.500;2199.902;822.316;-0.114;2893.025;3283.330;15.550;1848.059;1030.488;615.971;233.575;936.647;3600.052;624.566;1133.455;-0.128;2138.408;678.817;2886.349;1857.050;1793.887;3010.311;3600.199;3599.952;1419.150;3599.806;0.045;3031.105;2365.687;1867.906;1665.761;2870.064;2558.345;3323.588;244.041;345.717;2681.544;1246.210;1027.513;349.192;1.636;1423.610;2161.575;3143.357;3416.921;3599.985;1426.111;1587.369;778.953;3141.251;3188.692;3210.446;3.401;2390.519;3214.027;-0.074;3600.168;1316.571;2499.317;5.859;3599.416;2293.766;3295.129;3599.843,1650.790;3600.060;2453.184;945.122;444.055;2453.887;3190.454;3599.985;2214.104;344.794;865.707;1787.682;288.085;834.880;0.076;3599.677;3599.785;1096.243;1495.359;2985.551;2347.138;2523.199;1355.860;2025.199;195.069;3375.314;0.073;232.571;3050.487;1804.875;2530.361;2149.542;2803.070;2276.629;717.510;3126.412;1148.513;3422.244;1177.438;3599.887;906.670;2214.012;361.175;484.533;2555.390;3268.491;43.120;2145.167;1213.800;442.592;1801.777;-0.116;3600.202;192.787;3358.941;2708.646;0.012;1681.195;3599.934;822.590;1923.506;2062.884;1181.160;513.506;1799.203;1642.186;3312.334;2002.050;1504.481;645.139;1323.007;1942.070;2421.052;3600.003;816.317;2853.049;1568.015;2641.955;-0.003;2741.659;3376.101;0.110;1287.429;962.152;2951.247;205.162;1342.737;2456.912;3156.703;627.751;0.263;757.401;2860.164;0.292;2727.237;543.869;3094.722;3049.679;3599.797;1520.936
439,793.6105318069458,438,-563.2266659327745,563.2266659327745,0.010067482542918614,879.717;1607.993;1955.044;0.848;1167.000;721.873;2560.578;460.214;0.238;3599.860;2278.518;0.062;2569.134;551.883;744.183;889.241;2758.359;2158.541;633.192;1746.853;318.614;3600.152;2013.629;1725.451;1247.701;0.113;2685.950;2022.201;3035.177;3477.855;0.599;2112.476;0.104;2429.050;1710.829;1180.054;2781.258;2200.185;822.645;-0.272;2893.300;3283.663;15.242;1848.367;1030.799;615.676;233.859;936.339;3600.100;624.246;1133.676;0.175;2138.079;678.492;2886.665;1856.716;1794.218;3010.547;3599.901;3600.100;1419.475;3599.508;-0.158;3030.774;2365.996;1867.592;1665.897;2869.733;2558.052;3323.332;244.273;346.012;2681.630;1246.502;1027.201;348.895;1.964;1423.322;2161.900;3143.687;3417.250;3600.120;1425.817;1587.425;779.177;3141.420;3189.013;3210.691;3.735;2390.335;3214.190;0.182;3599.914;1316.901;2499.647;5.778;3599.139;2293.607;3294.801;3600.102,1650.541;3600.064;2453.510;945.442;444.312;2453.716;3190.137;3599.837;2214.428;345.088;866.009;1788.017;288.410;834.965;-0.238;3599.379;3599.486;1096.128;1495.158;2985.222;2346.820;2522.929;1356.168;2024.867;194.853;3375.632;0.331;232.302;3050.472;1804.881;2530.691;2149.865;2803.112;2276.716;717.206;3126.082;1148.343;3422.574;1177.110;3599.934;906.862;2214.294;361.089;484.447;2555.073;3268.812;43.440;2145.495;1213.547;442.373;1802.041;-0.414;3599.894;192.457;3358.702;2708.434;-0.297;1680.894;3600.147;822.414;1923.218;2062.566;1181.388;513.775;1799.349;1641.874;3312.028;2002.001;1504.808;644.821;1323.134;1941.816;2420.768;3600.050;816.626;2853.375;1567.770;2641.648;0.242;2741.991;3376.423;0.132;1287.574;961.847;2951.577;205.050;1342.457;2456.699;3156.379;628.068;-0.010;757.663;2860.478;0.068;2726.907;544.160;3095.055;3049.503;3599.509;1520.651
440,795.3063251972198,439,-563.2224012498176,563.2224012498176,0.0031741306655808468,879.390;1608.276;1954.815;0.572;1167.139;722.154;2560.828;459.892;0.082;3600.147;2278.821;-0.063;2569.454;551.729;744.279;888.927;2758.074;2158.793;632.894;1746.537;318.289;3599.841;2013.915;1725.776;1247.374;0.300;2686.273;2022.065;3035.091;3478.155;0.416;2112.803;0.150;2429.355;1711.136;1179.761;2780.938;2200.392;822.375;0.045;2893.619;3283.424;15.147;1848.629;1030.999;615.355;233.557;936.027;3599.813;624.364;1133.904;-0.021;2137.800;678.211;2886.431;1856.393;1794.040;3010.825;3600.063;3599.830;1419.206;3599.217;0.122;3030.484;2365.712;1867.288;1666.218;2869.530;2558.323;3323.601;244.409;346.328;2681.326;1246.756;1027.512;349.184;1.806;1423.177;2161.785;3143.984;3417.571;3599.853;1425.501;1587.475;779.502;3141.125;3189.341;3210.418;3.477;2390.543;3214.349;0.429;3600.074;1317.198;2499.621;6.077;3598.959;2293.876;3294.656;3600.042,1650.215;3599.748;2453.228;945.274;444.583;2453.395;3190.386;3599.709;2214.133;345.413;865.764;1787.815;288.614;834.650;0.040;3599.446;3599.697;1095.808;1494.859;2985.072;2346.673;2522.603;1355.870;2024.582;194.534;3375.890;0.469;231.977;3050.792;1805.201;2531.008;2150.182;2803.429;2276.950;717.482;3126.232;1148.022;3422.453;1177.381;3599.700;907.185;2214.619;361.404;484.760;2555.285;3268.509;43.466;2145.660;1213.844;442.051;1802.034;-0.097;3600.012;192.131;3358.381;2708.110;0.019;1680.580;3599.945;822.098;1923.211;2062.560;1181.138;513.461;1799.671;1641.548;3312.323;2001.700;1504.545;645.070;1323.391;1942.117;2420.458;3599.908;816.736;2853.512;1568.074;2641.344;-0.064;2742.310;3376.733;0.083;1287.885;962.148;2951.803;204.793;1342.752;2457.014;3156.079;627.783;0.130;757.981;2860.806;0.274;2726.703;544.480;3094.855;3049.180;3599.808;1520.940
441,797.144713640213,440,-563.2225804750693,563.2225804750693,0.009752108836791866,879.066;1608.597;1955.011;0.755;1167.320;722.475;2560.612;459.570;-0.070;3599.861;2278.523;0.080;2569.187;552.027;744.473;888.604;2757.797;2158.484;632.579;1746.223;317.992;3599.538;2013.631;1725.636;1247.059;0.605;2686.596;2022.219;3035.405;3478.426;0.105;2113.124;0.196;2429.126;1711.458;1179.902;2780.665;2200.648;822.658;0.033;2893.942;3283.326;14.838;1848.941;1030.690;615.032;233.654;935.705;3600.047;624.059;1134.190;0.042;2137.586;677.890;2886.112;1856.071;1793.747;3010.551;3600.285;3599.730;1419.105;3599.023;0.055;3030.207;2366.005;1866.973;1665.954;2869.212;2558.078;3323.292;244.717;346.536;2681.057;1246.447;1027.265;349.406;1.517;1422.868;2162.068;3144.306;3417.440;3599.825;1425.702;1587.790;779.826;3140.830;3189.648;3210.311;3.510;2390.860;3214.667;0.629;3600.371;1317.483;2499.307;6.289;3599.205;2293.574;3294.342;3600.350,1649.899;3599.473;2453.383;945.568;444.903;2453.075;3190.487;3599.981;2213.835;345.384;865.489;1787.546;288.926;834.907;-0.220;3599.513;3599.443;1095.903;1495.021;2984.756;2346.885;2522.487;1356.142;2024.297;194.504;3376.204;0.192;231.656;3050.862;1805.063;2531.009;2150.376;2803.553;2277.254;717.429;3126.545;1147.701;3422.360;1177.164;3600.009;907.306;2214.892;361.136;484.994;2555.544;3268.530;43.441;2145.910;1214.134;441.767;1801.858;0.000;3600.088;191.840;3358.264;2707.946;0.210;1680.838;3599.732;821.793;1923.440;2062.267;1181.148;513.288;1799.400;1641.750;3312.630;2001.723;1504.226;645.387;1323.112;1942.409;2420.674;3599.650;817.051;2853.769;1568.377;2641.024;0.162;2742.577;3377.050;-0.218;1287.716;962.051;2951.529;204.680;1343.029;2456.956;3155.762;627.503;-0.156;757.786;2860.541;0.577;2726.982;544.803;3095.082;3049.125;3600.060;1521.258
442,799.0112459659576,441,-563.2250981845859,563.2250981845859,0.008689272096073439,879.111;1608.810;1955.324;0.675;1167.629;722.435;2560.845;459.287;0.004;3600.065;2278.255;-0.209;2568.873;551.873;744.781;888.634;2757.650;2158.520;632.771;1745.912;318.194;3599.641;2013.861;1725.329;1247.255;0.330;2686.840;2022.511;3035.286;3478.314;-0.210;2113.251;0.434;2429.275;1711.447;1179.652;2780.352;2200.718;822.468;-0.058;2893.798;3283.050;14.522;1849.104;1030.729;615.263;233.367;935.927;3599.891;623.742;1133.907;0.343;2137.528;677.724;2885.800;1855.782;1793.590;3010.824;3599.984;3599.975;1418.795;3599.323;0.024;3030.477;2366.021;1867.247;1666.242;2869.408;2557.769;3323.026;244.446;346.792;2680.742;1246.183;1027.235;349.207;1.785;1422.961;2162.130;3144.555;3417.734;3600.089;1425.597;1587.721;780.040;3141.049;3189.438;3210.584;3.797;2390.905;3214.745;0.642;3600.068;1317.338;2499.278;6.602;3598.991;2293.846;3294.169;3600.059,1649.759;3599.717;2453.666;945.884;445.033;2453.326;3190.752;3599.877;2214.098;345.103;865.173;1787.818;289.244;834.750;0.062;3599.822;3599.719;1095.603;1494.740;2984.470;2346.817;2522.784;1356.431;2023.982;194.218;3376.518;0.442;231.344;3051.152;1805.013;2530.717;2150.683;2803.250;2276.974;717.689;3126.300;1147.929;3422.052;1176.857;3600.180;907.186;2214.653;360.895;484.694;2555.242;3268.654;43.751;2146.224;1214.299;441.693;1801.894;-0.297;3599.990;191.558;3357.959;2708.248;0.299;1680.627;3600.021;821.984;1923.312;2062.544;1180.854;512.979;1799.668;1642.054;3312.807;2001.420;1504.311;645.527;1322.857;1942.183;2420.394;3599.546;816.938;2853.539;1568.694;2640.708;-0.129;2742.736;3376.800;0.085;1287.860;962.350;2951.818;204.369;1342.736;2456.651;3156.052;627.220;0.145;757.477;2860.597;0.882;2726.705;545.095;3095.155;3049.368;3600.364;1521.419
443,800.8981237411499,442,-563.2258759951179,563.2258759951179,0.008420459615481548,878.966;1609.117;1955.204;0.976;1167.904;722.144;2561.151;458.979;-0.297;3599.810;2278.376;0.085;2569.000;552.122;744.484;888.932;2757.344;2158.316;632.505;1745.606;318.481;3599.489;2013.649;1725.087;1247.544;0.170;2687.135;2022.228;3035.576;3478.616;0.056;2113.526;0.147;2428.983;1711.746;1179.343;2780.360;2200.431;822.644;0.159;2893.952;3282.740;14.767;1849.410;1030.453;615.416;233.597;935.701;3599.624;624.013;1134.119;0.066;2137.823;677.442;2885.649;1855.542;1793.500;3010.835;3600.014;3600.281;1418.911;3599.046;-0.248;3030.659;2366.294;1867.083;1666.365;2869.391;2557.482;3322.805;244.140;347.100;2680.506;1245.977;1026.937;348.985;1.971;1422.706;2161.905;3144.864;3418.010;3599.923;1425.294;1587.438;780.346;3141.356;3189.364;3210.843;3.599;2391.154;3214.506;0.340;3599.898;1317.042;2499.055;6.318;3599.177;2293.650;3293.864;3600.082,1649.498;3599.725;2453.579;945.688;445.268;2453.048;3190.468;3600.113;2213.831;344.816;865.383;1787.583;289.084;834.965;-0.100;3600.098;3599.948;1095.499;1494.954;2984.429;2347.114;2522.866;1356.373;2023.793;193.921;3376.457;0.245;231.355;3051.383;1804.709;2530.406;2150.930;2803.315;2277.229;717.755;3126.415;1147.664;3421.948;1176.657;3599.882;906.881;2214.346;360.752;484.933;2555.423;3268.869;43.599;2146.301;1214.604;441.637;1801.593;-0.041;3600.290;191.746;3358.086;2708.125;0.137;1680.485;3599.882;821.699;1923.008;2062.819;1180.799;513.146;1799.569;1642.016;3313.113;2001.657;1504.251;645.833;1322.549;1942.459;2420.403;3599.241;817.197;2853.816;1568.996;2640.507;0.106;2743.028;3377.010;-0.006;1288.057;962.176;2951.947;204.160;1342.881;2456.831;3156.245;627.497;0.105;757.671;2860.897;0.766;2726.712;545.193;3094.856;3049.133;3600.068;1521.719
444,802.6020450592041,443,-563.2331126803596,563.2331126803596,0.008693654459377101,878.667;1609.361;1955.135;0.788;1168.209;721.839;2561.451;458.983;-0.006;3599.541;2278.669;-0.136;2569.187;552.397;744.645;888.659;2757.082;2158.018;632.226;1745.334;318.786;3599.779;2013.549;1725.371;1247.301;-0.131;2686.907;2021.988;3035.816;3478.867;-0.066;2113.583;-0.156;2428.902;1711.581;1179.569;2780.119;2200.136;822.869;-0.133;2894.099;3282.450;14.985;1849.684;1030.736;615.643;233.357;935.398;3599.494;624.085;1134.419;0.245;2138.122;677.137;2885.915;1855.240;1793.593;3010.540;3600.115;3599.993;1418.731;3599.063;0.040;3030.961;2366.031;1866.784;1666.166;2869.681;2557.324;3323.098;244.359;347.337;2680.790;1245.690;1027.214;349.264;2.272;1422.960;2162.200;3144.978;3418.246;3600.215;1425.406;1587.142;780.219;3141.202;3189.658;3211.147;3.823;2391.024;3214.661;0.104;3599.994;1317.117;2498.753;6.119;3599.469;2293.360;3293.566;3599.824,1649.774;3600.023;2453.870;945.861;444.984;2453.066;3190.757;3599.819;2213.843;344.514;865.392;1787.846;289.345;834.878;0.169;3599.807;3600.250;1095.318;1494.775;2984.134;2347.027;2523.157;1356.605;2024.053;193.616;3376.724;0.329;231.074;3051.105;1804.406;2530.109;2151.233;2803.028;2276.980;717.473;3126.131;1147.823;3421.648;1176.356;3600.067;906.984;2214.045;360.463;485.228;2555.199;3269.171;43.861;2146.014;1214.326;441.933;1801.858;-0.220;3600.004;191.968;3357.818;2708.385;-0.163;1680.247;3600.161;821.636;1922.704;2063.072;1181.090;513.437;1799.332;1641.738;3313.019;2001.939;1504.546;646.110;1322.440;1942.446;2420.116;3599.211;817.299;2854.120;1568.957;2640.563;0.162;2743.072;3376.913;-0.267;1287.776;961.977;2952.210;203.861;1343.182;2457.043;3156.444;627.766;0.082;757.457;2860.637;0.467;2726.417;545.409;3095.142;3049.404;3599.809;1521.456
445,804.4538807868958,444,-563.2331363757148,563.2331363757148,0.007069210053897372,878.710;1609.369;1954.842;0.492;1168.320;721.595;2561.278;458.892;0.056;3599.578;2278.970;-0.199;2569.483;552.348;744.365;888.378;2756.944;2157.748;631.970;1745.583;318.939;3600.075;2013.258;1725.646;1247.372;0.137;2686.622;2022.266;3036.110;3479.166;0.108;2113.341;0.116;2429.177;1711.289;1179.854;2780.403;2199.835;823.166;-0.117;2894.376;3282.149;15.147;1849.445;1030.998;615.920;233.572;935.251;3599.784;624.309;1134.195;0.026;2138.421;677.380;2886.176;1855.011;1793.347;3010.242;3599.842;3599.926;1418.446;3599.321;-0.015;3031.246;2366.200;1866.516;1666.422;2869.963;2557.083;3323.349;244.389;347.058;2680.966;1245.390;1027.504;349.177;2.571;1423.258;2162.380;3144.739;3418.081;3599.950;1425.453;1587.292;779.936;3140.917;3189.633;3211.448;4.121;2391.214;3214.390;0.376;3600.252;1316.830;2498.466;6.030;3599.770;2293.085;3293.275;3599.545,1650.057;3599.841;2453.593;946.122;444.719;2453.262;3190.569;3600.035;2214.004;344.239;865.105;1787.654;289.279;835.170;0.195;3599.889;3599.962;1095.025;1494.486;2984.380;2347.312;2523.424;1356.903;2024.141;193.315;3376.445;0.040;230.778;3051.156;1804.109;2529.858;2150.984;2802.844;2276.694;717.724;3126.335;1148.036;3421.850;1176.126;3600.274;907.240;2214.219;360.163;485.511;2554.921;3269.018;43.776;2145.734;1214.541;442.233;1802.155;0.050;3600.114;191.694;3358.099;2708.675;0.093;1679.949;3599.887;821.923;1922.982;2063.371;1180.818;513.205;1799.033;1641.908;3312.744;2001.663;1504.548;646.371;1322.642;1942.722;2420.393;3599.502;817.563;2854.384;1568.797;2640.272;0.282;2742.783;3376.620;0.011;1287.489;962.135;2952.075;204.112;1343.387;2456.807;3156.163;627.493;-0.200;757.160;2860.640;0.536;2726.651;545.134;3095.336;3049.246;3599.975;1521.450
446,806.335638999939,445,-563.2375526481144,563.2375526481144,0.008329101124807127,878.978;1609.163;1955.077;0.197;1168.603;721.808;2560.987;459.145;0.074;3599.863;2278.791;0.070;2569.385;552.635;744.158;888.089;2757.223;2157.460;631.768;1745.834;319.188;3600.220;2013.534;1725.673;1247.642;0.330;2686.595;2022.556;3036.078;3478.954;-0.146;2113.361;0.019;2428.977;1711.166;1179.759;2780.184;2200.046;822.939;0.142;2894.150;3282.011;15.314;1849.154;1030.752;616.214;233.293;935.011;3599.771;624.089;1134.407;-0.228;2138.602;677.568;2885.897;1854.722;1793.123;3010.436;3600.037;3600.124;1418.151;3599.615;-0.298;3031.522;2366.486;1866.701;1666.448;2870.254;2557.367;3323.178;244.676;347.184;2680.757;1245.094;1027.723;349.452;2.605;1423.530;2162.122;3144.515;3418.352;3599.871;1425.170;1587.014;779.904;3141.090;3189.347;3211.209;4.315;2391.505;3214.104;0.670;3599.979;1316.573;2498.185;6.296;3599.492;2293.271;3293.522;3599.604,1650.086;3600.070;2453.307;945.847;444.425;2453.541;3190.819;3599.800;2213.993;344.148;864.824;1787.675;288.997;834.917;-0.074;3600.173;3600.126;1095.301;1494.758;2984.655;2347.145;2523.192;1356.646;2024.391;193.409;3376.499;-0.065;230.803;3051.438;1804.308;2530.036;2151.106;2802.847;2276.895;717.991;3126.271;1148.037;3421.588;1176.390;3599.992;906.976;2214.125;360.299;485.421;2555.074;3269.185;44.039;2145.961;1214.436;442.051;1801.927;-0.105;3599.968;191.845;3357.852;2708.483;0.323;1680.208;3600.076;821.929;1923.063;2063.307;1180.991;513.431;1799.252;1642.195;3312.987;2001.618;1504.695;646.214;1322.464;1942.533;2420.148;3599.515;817.282;2854.117;1568.590;2640.214;-0.002;2742.749;3376.394;0.197;1287.732;962.425;2952.175;203.887;1343.315;2457.088;3156.436;627.266;0.080;757.377;2860.520;0.266;2726.779;545.307;3095.099;3049.482;3600.213;1521.370
447,808.0372533798218,446,-563.2364764015995,563.2364764015995,0.00808578451329817,879.263;1608.881;1955.340;-0.047;1168.730;721.579;2560.746;459.057;0.283;3600.022;2279.033;0.012;2569.629;552.810;744.076;887.938;2757.406;2157.732;631.482;1745.729;318.910;3599.942;2013.492;1725.420;1247.391;0.331;2686.668;2022.707;3036.329;3479.086;0.122;2113.643;-0.260;2429.178;1710.893;1179.477;2780.358;2200.328;822.687;-0.038;2894.410;3281.807;15.040;1848.913;1030.485;616.489;233.536;935.254;3600.050;623.841;1134.689;0.015;2138.641;677.791;2885.645;1854.591;1792.837;3010.170;3600.019;3599.864;1417.861;3599.834;-0.028;3031.812;2366.242;1866.439;1666.169;2870.489;2557.572;3322.895;244.524;347.075;2680.477;1245.213;1027.989;349.737;2.880;1423.812;2162.198;3144.231;3418.553;3600.078;1425.287;1586.838;780.182;3141.061;3189.445;3211.148;4.238;2391.453;3213.822;0.785;3600.080;1316.632;2498.204;6.585;3599.617;2293.554;3293.593;3599.430,1649.815;3599.822;2453.203;945.873;444.468;2453.264;3190.619;3599.981;2213.709;344.397;864.557;1787.393;288.734;834.860;-0.360;3599.916;3599.950;1095.049;1494.981;2984.944;2347.416;2522.905;1356.517;2024.351;193.539;3376.258;-0.334;231.084;3051.719;1804.246;2530.321;2150.829;2803.129;2277.181;718.278;3126.534;1147.760;3421.596;1176.674;3599.972;907.198;2214.379;360.408;485.537;2555.360;3268.908;43.776;2146.245;1214.675;442.161;1801.640;0.138;3600.030;192.130;3358.036;2708.198;0.106;1680.497;3600.011;821.664;1923.346;2063.026;1180.725;513.160;1799.038;1641.935;3313.275;2001.866;1504.414;646.494;1322.181;1942.803;2420.392;3599.766;817.383;2853.982;1568.812;2640.396;0.018;2743.028;3376.122;-0.018;1287.509;962.667;2951.893;203.948;1343.034;2457.362;3156.572;626.982;0.138;757.329;2860.235;0.447;2727.006;545.076;3095.014;3049.204;3599.951;1521.652
448,809.8771426677704,447,-563.2340542441525,563.2340542441525,0.008439340050285894,879.548;1609.137;1955.570;0.136;1168.458;721.353;2560.997;458.779;0.359;3600.180;2279.305;0.202;2569.898;553.060;744.348;887.919;2757.680;2157.998;631.201;1745.452;318.638;3599.880;2013.234;1725.672;1247.233;0.119;2686.945;2022.687;3036.070;3479.134;-0.009;2113.923;0.001;2428.903;1710.625;1179.193;2780.281;2200.282;822.411;-0.005;2894.684;3282.001;14.764;1849.140;1030.220;616.264;233.754;935.538;3599.884;623.599;1134.958;-0.244;2138.367;677.560;2885.363;1854.497;1792.552;3010.004;3599.757;3600.056;1417.625;3600.052;0.005;3031.682;2366.154;1866.522;1665.937;2870.442;2557.852;3322.846;244.252;347.320;2680.326;1245.332;1027.741;349.995;3.081;1423.969;2161.947;3144.468;3418.835;3599.905;1425.443;1586.817;780.466;3140.784;3189.704;3211.372;4.498;2391.228;3214.068;0.634;3599.846;1316.901;2497.952;6.853;3599.721;2293.817;3293.735;3599.165,1649.530;3600.003;2452.938;945.971;444.744;2453.016;3190.843;3600.243;2213.438;344.135;864.509;1787.118;288.450;834.746;-0.095;3599.943;3599.833;1094.806;1495.263;2984.900;2347.701;2522.867;1356.772;2024.586;193.817;3375.980;-0.061;231.152;3051.885;1803.969;2530.092;2150.559;2803.345;2277.392;718.561;3126.817;1147.476;3421.367;1176.833;3599.904;906.936;2214.439;360.635;485.817;2555.539;3269.114;43.500;2146.034;1214.417;442.042;1801.388;0.376;3600.293;191.894;3358.300;2708.172;-0.156;1680.776;3600.278;821.398;1923.585;2062.861;1180.484;512.998;1798.757;1642.170;3313.539;2002.149;1504.158;646.771;1321.896;1943.077;2420.652;3599.564;817.660;2853.983;1569.093;2640.131;0.236;2743.296;3375.838;-0.061;1287.777;962.415;2951.614;204.224;1343.141;2457.210;3156.768;626.737;0.229;757.271;2859.974;0.231;2727.200;544.793;3094.738;3048.982;3599.926;1521.906
449,811.7386310100555,448,-563.235686030428,563.235686030428,0.00849001042343023,879.525;1609.403;1955.666;0.399;1168.564;721.580;2561.265;458.819;0.237;3599.909;2279.540;-0.024;2569.968;552.802;744.225;887.653;2757.930;2158.072;631.399;1745.635;318.665;3600.137;2013.395;1725.516;1247.342;0.371;2687.207;2022.959;3035.819;3479.362;-0.278;2114.191;0.093;2429.003;1710.720;1178.928;2780.020;2200.108;822.139;-0.270;2894.960;3281.735;14.800;1849.371;1030.163;616.334;233.517;935.406;3600.025;623.535;1134.941;0.012;2138.092;677.703;2885.181;1854.224;1792.273;3010.231;3599.995;3599.828;1417.586;3599.852;0.031;3031.423;2365.886;1866.326;1666.170;2870.706;2558.071;3322.770;243.973;347.598;2680.147;1245.326;1027.747;350.263;2.828;1423.713;2161.705;3144.292;3419.076;3600.164;1425.717;1586.983;780.466;3140.915;3189.854;3211.121;4.277;2391.494;3213.878;0.373;3600.031;1316.681;2497.674;6.775;3599.507;2294.089;3293.920;3599.278,1649.295;3600.275;2452.659;946.234;444.972;2453.202;3191.100;3599.979;2213.549;343.868;864.237;1787.050;288.239;834.471;0.106;3599.924;3599.680;1094.809;1495.402;2984.637;2347.754;2523.045;1356.953;2024.419;194.087;3376.200;0.025;230.883;3051.934;1803.822;2530.137;2150.547;2803.162;2277.264;718.823;3127.092;1147.282;3421.139;1177.013;3599.637;906.808;2214.660;360.912;486.094;2555.412;3269.281;43.621;2145.769;1214.142;441.768;1801.452;0.154;3600.024;191.621;3358.162;2708.310;0.106;1680.858;3600.296;821.605;1923.797;2063.125;1180.350;513.202;1798.919;1642.350;3313.367;2002.007;1503.957;646.823;1322.133;1942.889;2420.782;3599.822;817.917;2853.721;1569.324;2640.230;0.513;2743.434;3375.676;0.211;1287.693;962.308;2951.511;204.045;1343.415;2457.364;3157.037;626.477;0.036;757.031;2859.716;-0.046;2727.475;544.943;3094.503;3048.863;3599.682;1521.738
450,813.4315176010132,449,-563.2363928036275,563.2363928036275,0.008207432407743097,879.376;1609.584;1955.930;0.238;1168.752;721.678;2561.252;458.988;0.501;3599.870;2279.813;-0.279;2569.755;552.897;744.125;887.379;2758.166;2157.848;631.452;1745.546;318.867;3599.903;2013.560;1725.313;1247.084;0.634;2687.401;2023.127;3035.557;3479.112;-0.038;2114.374;0.074;2428.979;1710.792;1178.864;2779.865;2200.327;821.914;-0.011;2894.941;3281.648;15.022;1849.132;1029.925;616.592;233.391;935.586;3599.797;623.310;1135.201;0.087;2137.875;677.478;2885.235;1853.951;1792.221;3010.339;3600.232;3599.953;1417.343;3600.109;-0.220;3031.658;2365.750;1866.193;1665.934;2870.906;2558.341;3323.016;243.770;347.462;2680.371;1245.063;1027.986;350.404;2.979;1423.477;2161.910;3144.132;3419.306;3599.924;1425.922;1586.719;780.586;3140.737;3189.655;3211.202;4.364;2391.447;3213.804;0.572;3600.293;1316.607;2497.543;6.569;3599.303;2293.931;3294.081;3599.527,1649.514;3600.021;2452.521;946.509;445.045;2453.075;3191.367;3599.915;2213.583;343.747;864.409;1787.049;288.371;834.346;-0.053;3599.887;3599.569;1094.547;1495.533;2984.372;2347.886;2523.181;1356.898;2024.149;194.116;3376.251;0.021;230.650;3051.668;1803.773;2530.239;2150.396;2802.903;2277.509;719.064;3127.254;1147.502;3420.883;1176.959;3599.689;906.639;2214.932;360.706;486.245;2555.510;3269.546;43.884;2145.917;1213.974;441.607;1801.247;-0.114;3599.934;191.452;3357.922;2708.164;0.199;1681.092;3600.029;821.396;1923.695;2063.209;1180.240;513.051;1799.116;1642.307;3313.551;2001.930;1503.958;647.030;1322.078;1942.668;2420.556;3599.930;817.968;2853.690;1569.574;2639.973;0.628;2743.683;3375.757;0.268;1287.652;962.358;2951.500;203.958;1343.242;2457.626;3157.311;626.240;-0.209;756.757;2859.775;0.089;2727.708;545.156;3094.754;3048.870;3599.484;1521.537
451,815.2598655223846,450,-563.233964172319,563.233964172319,0.005029259239040888,879.112;1609.326;1955.765;-0.028;1168.499;721.831;2561.040;458.728;0.262;3600.032;2280.053;-0.021;2569.598;552.638;744.374;887.135;2757.932;2158.098;631.711;1745.789;319.104;3599.812;2013.382;1725.047;1247.307;0.892;2687.665;2022.981;3035.776;3478.870;0.082;2114.639;-0.185;2429.192;1710.534;1178.659;2779.652;2200.594;821.734;0.046;2895.189;3281.555;15.289;1849.286;1029.826;616.861;233.577;935.739;3600.008;623.045;1135.414;-0.128;2137.608;677.733;2885.486;1853.710;1792.358;3010.373;3599.976;3600.078;1417.563;3600.043;0.030;3031.771;2365.486;1865.928;1666.187;2871.173;2558.119;3322.781;243.522;347.198;2680.631;1244.807;1028.248;350.392;3.243;1423.727;2162.176;3143.866;3419.560;3599.699;1425.664;1586.522;780.381;3140.473;3189.395;3211.455;4.628;2391.251;3214.061;0.839;3600.036;1316.773;2497.282;6.306;3599.557;2293.724;3293.819;3599.793,1649.780;3600.004;2452.259;946.344;445.305;2453.314;3191.617;3600.056;2213.845;343.507;864.194;1786.958;288.131;834.553;0.031;3600.080;3599.317;1094.280;1495.277;2984.192;2348.106;2523.446;1357.156;2024.368;193.857;3376.031;-0.070;230.389;3051.410;1803.511;2529.982;2150.239;2802.645;2277.398;719.329;3127.503;1147.263;3421.137;1177.216;3599.798;906.890;2214.675;360.448;486.510;2555.263;3269.516;44.128;2145.661;1213.728;441.394;1801.499;-0.045;3600.033;191.189;3357.654;2708.152;0.223;1681.329;3600.031;821.648;1923.908;2063.472;1179.980;513.294;1799.359;1642.054;3313.314;2001.668;1504.218;646.928;1322.327;1942.402;2420.341;3600.188;817.735;2853.828;1569.358;2639.751;0.887;2743.905;3376.020;0.438;1287.390;962.100;2951.584;203.695;1343.447;2457.830;3157.547;626.290;0.052;756.669;2859.949;-0.108;2727.875;544.928;3094.998;3048.642;3599.343;1521.295
452,817.1140692234039,451,-563.2360656632918,563.2360656632918,0.008528050318114684,878.847;1609.364;1955.504;-0.178;1168.704;721.837;2561.270;458.922;0.084;3600.105;2279.862;-0.184;2569.339;552.471;744.138;887.375;2758.135;2158.028;631.815;1746.053;319.020;3600.039;2013.257;1725.213;1247.263;1.118;2687.426;2022.895;3036.038;3479.123;-0.007;2114.439;0.059;2428.939;1710.737;1178.470;2779.903;2200.388;821.982;-0.205;2895.025;3281.808;15.263;1849.051;1029.569;616.635;233.475;935.500;3600.241;623.171;1135.201;0.108;2137.817;677.737;2885.748;1853.961;1792.542;3010.125;3600.183;3599.831;1417.824;3599.785;-0.141;3031.569;2365.668;1865.859;1666.144;2870.998;2558.057;3323.009;243.753;347.386;2680.894;1244.565;1028.136;350.133;3.048;1423.614;2162.022;3144.014;3419.307;3599.712;1425.889;1586.771;780.311;3140.706;3189.634;3211.553;4.845;2391.007;3213.862;0.926;3600.115;1316.520;2497.451;6.546;3599.309;2293.464;3294.055;3599.679,1649.843;3600.121;2452.469;946.541;445.150;2453.267;3191.550;3599.819;2213.737;343.744;864.342;1787.212;288.378;834.362;-0.220;3599.823;3599.556;1094.406;1495.026;2984.217;2348.003;2523.231;1357.388;2024.155;194.010;3376.282;0.180;230.578;3051.146;1803.248;2530.079;2150.489;2802.589;2277.634;719.095;3127.456;1147.472;3421.150;1177.009;3599.734;906.762;2214.845;360.391;486.344;2555.478;3269.762;43.948;2145.887;1213.951;441.136;1801.434;0.157;3599.845;191.235;3357.390;2707.894;-0.013;1681.591;3600.213;821.475;1923.659;2063.343;1180.207;513.441;1799.123;1642.301;3313.550;2001.872;1503.998;646.669;1322.213;1942.184;2420.079;3599.936;817.983;2854.088;1569.598;2639.490;0.653;2744.167;3376.285;0.463;1287.127;962.328;2951.328;203.865;1343.204;2458.092;3157.680;626.033;-0.119;756.838;2859.698;0.140;2728.135;545.090;3095.259;3048.898;3599.083;1521.515
453,818.994421005249,452,-563.2358672646762,563.2358672646762,0.004887391754224636,878.604;1609.160;1955.483;0.069;1168.478;721.586;2561.200;458.868;-0.081;3599.852;2279.607;0.002;2569.079;552.252;744.304;887.193;2758.366;2157.778;632.060;1746.292;319.271;3599.865;2013.002;1725.465;1247.015;0.875;2687.559;2023.132;3035.931;3478.998;-0.252;2114.579;-0.028;2429.011;1710.994;1178.717;2779.749;2200.479;822.241;-0.100;2894.816;3282.055;15.515;1849.160;1029.810;616.588;233.223;935.247;3599.988;622.948;1135.021;0.327;2137.652;677.494;2885.645;1853.782;1792.783;3009.869;3599.946;3599.777;1417.817;3599.999;-0.085;3031.788;2365.924;1865.619;1666.320;2871.076;2557.827;3323.261;243.600;347.418;2681.145;1244.306;1028.195;350.074;3.275;1423.396;2161.776;3144.062;3419.188;3599.962;1426.140;1586.929;780.061;3140.576;3189.403;3211.799;5.097;2391.256;3214.092;0.681;3600.003;1316.734;2497.214;6.344;3599.127;2293.314;3293.954;3599.886,1650.085;3599.881;2452.485;946.382;445.349;2453.402;3191.794;3599.889;2213.896;343.810;864.575;1787.466;288.519;834.154;0.015;3599.882;3599.333;1094.651;1494.849;2983.996;2348.242;2523.264;1357.222;2023.897;194.212;3376.468;0.228;230.710;3051.239;1803.401;2529.832;2150.700;2802.813;2277.423;718.849;3127.211;1147.684;3420.957;1176.754;3599.987;906.548;2214.632;360.137;486.138;2555.705;3270.019;43.813;2145.942;1213.744;440.881;1801.334;-0.030;3600.088;191.473;3357.386;2707.999;-0.155;1681.441;3599.965;821.515;1923.631;2063.489;1180.451;513.270;1798.900;1642.436;3313.502;2002.084;1504.086;646.790;1321.978;1941.926;2420.114;3599.893;818.140;2853.910;1569.757;2639.682;0.421;2743.996;3376.348;0.219;1287.006;962.169;2951.418;203.647;1343.223;2458.298;3157.847;625.945;0.071;757.094;2859.441;0.203;2727.990;545.346;3095.503;3048.958;3599.086;1521.351
454,820.6979508399963,453,-563.2337338539248,563.2337338539248,0.006070874007243083,878.360;1609.186;1955.243;0.121;1168.575;721.745;2561.427;458.622;0.162;3599.775;2279.615;-0.137;2569.237;552.066;744.503;886.961;2758.172;2157.763;631.825;1746.509;319.471;3599.690;2013.153;1725.591;1246.788;0.819;2687.671;2022.891;3036.133;3478.856;-0.011;2114.830;0.073;2428.800;1711.215;1178.583;2779.704;2200.379;822.078;0.144;2895.036;3282.273;15.538;1849.404;1030.013;616.362;232.968;935.057;3599.974;622.885;1135.267;0.245;2137.445;677.241;2885.854;1853.584;1793.038;3009.661;3600.023;3599.793;1417.570;3600.198;0.138;3032.031;2365.729;1865.364;1666.246;2871.283;2557.968;3323.513;243.637;347.482;2681.383;1244.127;1028.444;350.269;3.362;1423.559;2161.976;3143.827;3419.370;3599.930;1426.071;1587.140;780.276;3140.341;3189.595;3211.683;5.079;2391.188;3214.179;0.616;3600.002;1316.800;2496.963;6.366;3599.292;2293.128;3294.102;3600.136,1649.880;3600.061;2452.261;946.619;445.577;2453.207;3192.046;3599.669;2213.699;343.831;864.374;1787.634;288.769;834.000;-0.105;3599.756;3599.111;1094.440;1494.599;2983.752;2348.494;2523.464;1357.428;2023.976;194.208;3376.719;0.396;230.597;3051.135;1803.539;2529.590;2150.537;2802.581;2277.545;719.024;3126.969;1147.924;3420.704;1176.909;3599.985;906.766;2214.460;360.229;486.319;2555.947;3269.885;44.048;2145.791;1213.703;440.631;1801.083;-0.282;3599.924;191.544;3357.170;2708.015;0.091;1681.297;3600.075;821.269;1923.864;2063.455;1180.695;513.021;1798.748;1642.452;3313.731;2002.306;1503.922;647.036;1321.724;1941.976;2419.947;3599.764;818.387;2854.130;1570.009;2639.496;0.281;2744.075;3376.508;0.373;1286.855;962.333;2951.548;203.411;1343.408;2458.495;3158.054;626.138;-0.092;757.189;2859.478;-0.017;2727.782;545.577;3095.737;3049.157;3598.842;1521.572
455,822.5481979846954,454,-563.2353198106191,563.2353198106191,0.008019679532393992,878.110;1609.430;1955.417;0.273;1168.779;721.501;2561.194;458.373;0.257;3599.889;2279.851;-0.259;2569.010;552.307;744.751;886.745;2757.924;2157.520;631.909;1746.271;319.678;3599.916;2013.399;1725.356;1246.970;0.574;2687.917;2022.722;3036.379;3478.678;0.152;2115.058;-0.164;2429.018;1711.152;1178.763;2779.459;2200.616;821.848;-0.068;2895.285;3282.048;15.781;1849.258;1030.192;616.561;233.162;935.278;3600.205;623.096;1135.250;0.378;2137.538;676.990;2886.101;1853.336;1793.278;3009.827;3599.836;3599.608;1417.365;3599.961;0.130;3031.895;2365.481;1865.122;1666.483;2871.502;2557.726;3323.668;243.393;347.727;2681.210;1243.904;1028.628;350.506;3.605;1423.805;2162.225;3144.061;3419.618;3600.152;1425.830;1587.049;780.501;3140.563;3189.798;3211.924;5.247;2391.359;3214.106;0.379;3600.240;1316.570;2497.146;6.127;3599.079;2292.898;3293.865;3599.931,1649.938;3600.099;2452.385;946.516;445.812;2452.960;3192.068;3599.725;2213.752;343.601;864.125;1787.881;288.883;834.240;0.087;3599.968;3598.892;1094.192;1494.349;2983.992;2348.265;2523.229;1357.199;2024.079;193.964;3376.846;0.644;230.774;3051.376;1803.395;2529.680;2150.587;2802.806;2277.302;719.268;3126.747;1148.174;3420.859;1177.156;3600.220;907.015;2214.688;359.989;486.416;2556.191;3269.639;43.972;2145.955;1213.467;440.820;1801.279;-0.052;3600.140;191.301;3357.010;2707.772;0.003;1681.050;3600.154;821.489;1923.894;2063.211;1180.459;512.790;1798.976;1642.234;3313.818;2002.073;1504.096;646.876;1321.568;1942.196;2420.173;3599.639;818.407;2854.113;1570.240;2639.696;0.401;2744.320;3376.286;0.134;1286.611;962.562;2951.794;203.176;1343.656;2458.729;3157.813;625.942;0.123;757.175;2859.316;0.215;2727.888;545.528;3095.936;3048.919;3599.056;1521.818
456,824.4132282733917,455,-563.2356023535974,563.2356023535974,0.004481502885943573,878.038;1609.329;1955.180;0.317;1169.024;721.469;2561.277;458.329;0.491;3600.115;2280.089;-0.020;2569.243;552.172;744.528;886.967;2757.703;2157.489;631.682;1746.492;319.447;3600.111;2013.216;1725.572;1246.761;0.364;2687.721;2022.941;3036.625;3478.915;0.303;2114.899;0.037;2428.813;1711.269;1178.556;2779.680;2200.420;822.065;0.018;2895.506;3281.803;15.727;1849.015;1029.969;616.325;233.020;935.522;3599.993;623.339;1135.450;0.505;2137.778;677.158;2886.336;1853.490;1793.061;3009.590;3600.061;3599.846;1417.401;3599.739;-0.108;3031.692;2365.536;1864.880;1666.696;2871.271;2557.906;3323.649;243.303;347.725;2681.441;1243.673;1028.869;350.743;3.489;1423.612;2162.459;3144.223;3419.468;3599.918;1425.859;1587.288;780.742;3140.776;3190.037;3212.169;5.486;2391.142;3213.865;0.497;3600.006;1316.324;2496.933;6.134;3599.203;2292.653;3293.642;3599.701,1650.168;3599.861;2452.537;946.275;446.058;2452.727;3191.833;3599.798;2213.537;343.837;864.340;1787.817;289.116;834.476;-0.114;3600.060;3599.110;1094.375;1494.305;2984.228;2348.149;2523.004;1356.957;2023.863;193.999;3376.640;0.423;231.017;3051.582;1803.606;2529.915;2150.350;2802.754;2277.294;719.057;3126.959;1148.418;3420.699;1177.268;3599.987;906.970;2214.914;359.781;486.177;2556.438;3269.759;44.200;2146.197;1213.570;440.820;1801.191;-0.086;3599.961;191.470;3357.238;2707.667;-0.134;1680.805;3599.919;821.308;1923.657;2063.075;1180.549;513.011;1798.759;1641.989;3314.055;2002.274;1503.870;646.971;1321.340;1941.976;2420.145;3599.587;818.645;2853.961;1570.465;2639.939;0.637;2744.347;3376.511;-0.103;1286.366;962.807;2951.851;203.390;1343.609;2458.968;3157.825;625.699;-0.084;757.414;2859.095;0.009;2728.120;545.620;3096.180;3048.861;3598.887;1522.031
457,826.3018865585327,456,-563.2371059212429,563.2371059212429,0.005107782053244127,878.155;1609.536;1955.145;0.089;1168.995;721.700;2561.059;458.099;0.671;3599.897;2279.911;0.048;2569.301;552.177;744.360;887.154;2757.909;2157.696;631.750;1746.507;319.211;3599.882;2013.176;1725.619;1246.975;0.499;2687.757;2023.056;3036.532;3478.905;0.478;2115.107;-0.024;2428.933;1711.494;1178.482;2779.790;2200.249;822.183;-0.166;2895.497;3281.826;15.957;1848.830;1029.728;616.291;233.181;935.556;3600.027;623.493;1135.273;0.272;2137.869;677.379;2886.112;1853.481;1793.070;3009.709;3600.206;3599.861;1417.174;3599.853;0.104;3031.922;2365.732;1864.740;1666.484;2871.292;2557.971;3323.416;243.446;347.497;2681.300;1243.442;1028.684;350.634;3.277;1423.810;2162.343;3144.271;3419.378;3599.960;1425.705;1587.487;780.983;3140.583;3189.952;3212.035;5.342;2391.189;3213.845;0.589;3600.034;1316.149;2496.718;5.900;3598.982;2292.803;3293.776;3599.601,1649.965;3599.943;2452.308;946.123;445.914;2452.486;3192.042;3600.035;2213.299;343.911;864.367;1787.582;288.902;834.704;-0.070;3599.828;3599.350;1094.406;1494.445;2984.394;2348.381;2522.851;1357.109;2024.086;194.186;3376.400;0.186;231.100;3051.636;1803.382;2530.119;2150.109;2802.966;2277.501;719.242;3127.200;1148.220;3420.463;1177.339;3600.024;906.756;2215.145;359.990;486.243;2556.680;3269.930;43.988;2145.987;1213.370;441.048;1800.990;0.119;3600.145;191.678;3357.472;2707.715;0.097;1681.013;3599.808;821.431;1923.825;2063.064;1180.322;512.961;1798.519;1642.175;3314.284;2002.470;1503.635;647.206;1321.556;1942.179;2420.374;3599.796;818.624;2853.752;1570.268;2639.910;0.407;2744.542;3376.428;0.062;1286.306;962.760;2951.631;203.621;1343.772;2458.749;3157.647;625.468;0.098;757.437;2858.856;-0.177;2728.015;545.385;3095.977;3048.641;3599.114;1522.272
458,828.007604598999,457,-563.2377817681319,563.2377817681319,0.004832711814873661,877.929;1609.768;1954.947;-0.143;1169.201;721.917;2561.160;457.868;0.614;3600.058;2279.908;-0.159;2569.496;551.975;744.175;887.384;2757.937;2157.495;631.712;1746.473;318.990;3600.011;2012.955;1725.848;1246.759;0.693;2687.933;2023.276;3036.736;3479.122;0.269;2115.341;0.138;2429.159;1711.729;1178.272;2779.598;2200.016;822.416;0.043;2895.723;3281.597;16.184;1849.010;1029.776;616.064;232.956;935.325;3599.914;623.714;1135.038;0.038;2138.059;677.325;2885.879;1853.252;1792.842;3009.923;3600.000;3599.636;1416.945;3599.790;-0.028;3032.126;2365.968;1864.519;1666.695;2871.077;2557.906;3323.591;243.301;347.683;2681.114;1243.207;1028.747;350.860;3.453;1423.860;2162.134;3144.501;3419.152;3600.111;1425.780;1587.573;781.215;3140.351;3190.177;3211.819;5.562;2391.420;3214.030;0.820;3600.162;1316.300;2496.484;5.710;3598.745;2292.696;3293.686;3599.815,1649.731;3599.956;2452.071;945.911;445.682;2452.618;3192.259;3599.866;2213.138;343.689;864.143;1787.387;288.711;834.877;0.161;3599.748;3599.567;1094.630;1494.467;2984.232;2348.540;2522.620;1357.340;2024.031;193.972;3376.253;-0.016;230.876;3051.851;1803.145;2530.099;2150.177;2803.044;2277.311;719.469;3127.437;1148.123;3420.232;1177.129;3600.145;906.890;2215.378;359.939;486.452;2556.554;3270.165;43.758;2145.774;1213.264;441.255;1801.169;0.335;3599.931;191.462;3357.699;2707.924;0.292;1681.148;3599.649;821.633;1924.043;2063.276;1180.208;512.992;1798.284;1642.405;3314.347;2002.669;1503.398;647.051;1321.719;1942.390;2420.539;3600.032;818.699;2853.924;1570.451;2639.938;0.195;2744.751;3376.589;-0.085;1286.088;962.961;2951.469;203.826;1344.006;2458.561;3157.414;625.233;0.247;757.211;2858.621;0.049;2728.226;545.206;3095.758;3048.695;3599.339;1522.502
459,829.858678817749,458,-563.2406665384699,563.2406665384699,0.0034368715912926804,878.095;1609.998;1954.788;0.069;1169.432;721.869;2560.988;457.637;0.388;3599.855;2280.131;0.033;2569.394;552.192;744.185;887.176;2757.716;2157.303;631.485;1746.248;319.165;3599.945;2013.009;1725.856;1246.557;0.495;2688.163;2023.065;3036.832;3479.154;0.039;2115.555;-0.058;2429.027;1711.702;1178.316;2779.370;2199.858;822.482;-0.047;2895.950;3281.388;16.064;1849.200;1029.984;615.991;232.941;935.172;3600.099;623.939;1135.208;-0.107;2138.257;677.100;2886.060;1853.092;1792.748;3009.761;3599.954;3599.787;1416.726;3599.977;-0.110;3032.267;2365.860;1864.294;1666.770;2871.277;2557.692;3323.720;243.503;347.536;2681.033;1243.098;1028.961;351.057;3.361;1423.772;2162.349;3144.711;3419.364;3599.898;1425.555;1587.381;781.432;3140.336;3190.405;3211.914;5.727;2391.625;3214.142;0.629;3599.941;1316.181;2496.321;5.769;3598.901;2292.486;3293.458;3600.047,1649.519;3600.098;2451.925;946.089;445.881;2452.738;3192.170;3599.783;2213.193;343.714;864.074;1787.523;288.853;834.885;0.187;3599.944;3599.661;1094.558;1494.273;2984.394;2348.433;2522.612;1357.166;2024.002;193.870;3376.427;0.147;230.856;3052.083;1803.239;2529.873;2150.399;2803.269;2277.088;719.398;3127.280;1148.329;3420.025;1177.001;3599.928;907.030;2215.218;359.736;486.287;2556.551;3270.000;43.576;2145.941;1213.061;441.483;1800.991;0.210;3600.094;191.356;3357.879;2708.156;0.202;1680.938;3599.837;821.503;1923.869;2063.129;1180.317;512.766;1798.375;1642.243;3314.562;2002.841;1503.355;647.249;1321.529;1942.267;2420.761;3599.864;818.909;2854.133;1570.351;2640.159;0.134;2744.650;3376.398;0.113;1286.294;963.151;2951.681;203.636;1344.193;2458.502;3157.182;625.399;0.091;757.177;2858.690;0.036;2728.013;545.377;3095.592;3048.482;3599.532;1522.501
460,831.7387115955353,459,-563.242681291456,563.242681291456,0.004892189893853699,878.237;1610.163;1954.567;0.046;1169.600;721.656;2561.165;457.730;0.359;3600.034;2280.018;0.011;2569.566;552.294;743.965;887.223;2757.553;2157.388;631.587;1746.299;319.022;3600.163;2013.113;1726.057;1246.611;0.288;2687.971;2023.262;3036.793;3479.376;-0.170;2115.410;0.134;2429.235;1711.496;1178.101;2779.411;2199.659;822.670;0.126;2895.975;3281.163;15.873;1849.021;1030.212;616.129;232.942;934.974;3599.885;624.167;1135.059;0.090;2138.484;677.262;2886.198;1853.028;1792.526;3009.726;3600.173;3599.695;1416.829;3599.779;0.110;3032.491;2365.728;1864.075;1666.665;2871.502;2557.513;3323.764;243.443;347.337;2680.838;1243.257;1029.184;350.888;3.142;1423.991;2162.566;3144.526;3419.197;3599.938;1425.548;1587.201;781.239;3140.535;3190.588;3212.124;5.573;2391.689;3213.924;0.448;3599.943;1315.956;2496.506;5.867;3599.082;2292.605;3293.259;3599.860,1649.662;3599.878;2451.703;945.935;445.702;2452.958;3191.971;3599.980;2213.080;343.497;863.903;1787.314;288.665;835.106;0.327;3600.054;3599.884;1094.665;1494.300;2984.595;2348.622;2522.805;1357.351;2024.221;193.713;3376.221;0.089;230.637;3052.211;1803.024;2529.990;2150.238;2803.083;2276.889;719.571;3127.465;1148.483;3420.146;1176.776;3600.047;907.255;2215.059;359.562;486.175;2556.330;3270.181;43.429;2145.755;1212.836;441.710;1801.173;0.377;3600.004;191.217;3358.106;2708.376;0.376;1680.987;3599.644;821.721;1924.077;2063.346;1180.113;512.592;1798.236;1642.018;3314.348;2002.642;1503.528;647.125;1321.729;1942.421;2420.990;3600.070;818.702;2854.292;1570.143;2640.386;-0.084;2744.427;3376.235;-0.043;1286.163;962.955;2951.738;203.794;1344.390;2458.305;3157.361;625.235;0.039;756.957;2858.487;-0.126;2728.085;545.188;3095.401;3048.301;3599.756;1522.289
461,833.4390044212341,460,-563.2449439126465,563.2449439126465,0.005758884850699979,878.388;1610.380;1954.717;0.260;1169.813;721.449;2561.387;457.696;0.141;3599.852;2279.968;-0.187;2569.766;552.098;743.757;887.110;2757.745;2157.608;631.384;1746.233;318.827;3599.956;2013.129;1726.152;1246.522;0.472;2688.064;2023.131;3037.001;3479.312;0.042;2115.612;0.203;2429.206;1711.638;1177.880;2779.205;2199.436;822.462;-0.078;2896.192;3281.043;15.949;1849.216;1030.365;615.926;232.725;935.038;3599.950;624.359;1135.266;0.285;2138.523;677.266;2886.010;1852.809;1792.306;3009.934;3599.970;3599.907;1417.042;3599.971;0.001;3032.364;2365.508;1863.851;1666.842;2871.707;2557.506;3323.550;243.231;347.552;2681.033;1243.475;1029.313;350.875;2.953;1423.800;2162.475;3144.626;3419.370;3600.155;1425.547;1586.998;781.372;3140.578;3190.639;3211.935;5.701;2391.892;3213.764;0.226;3600.098;1315.835;2496.309;5.757;3599.047;2292.484;3293.419;3599.809,1649.449;3600.026;2451.484;945.713;445.766;2452.985;3191.950;3600.138;2213.252;343.425;863.686;1787.167;288.449;834.917;0.118;3599.836;3599.806;1094.456;1494.519;2984.396;2348.429;2523.028;1357.553;2024.417;193.925;3376.373;-0.094;230.535;3052.118;1803.128;2530.202;2150.347;2802.881;2277.090;719.455;3127.687;1148.309;3420.366;1176.981;3599.840;907.402;2214.838;359.767;486.390;2556.400;3270.074;43.640;2145.533;1212.850;441.516;1801.024;0.166;3600.180;190.995;3357.907;2708.201;0.198;1680.984;3599.858;821.568;1924.251;2063.328;1180.282;512.791;1798.413;1642.001;3314.410;2002.422;1503.384;647.294;1321.624;1942.306;2420.825;3599.900;818.903;2854.514;1570.351;2640.181;0.128;2744.632;3376.362;0.171;1286.368;962.732;2951.683;203.600;1344.610;2458.522;3157.513;625.022;-0.179;757.150;2858.549;0.054;2728.075;545.336;3095.204;3048.248;3599.574;1522.380
462,835.2854568958282,461,-563.2479128197022,563.2479128197022,0.005135221582557573,878.605;1610.215;1954.903;0.132;1169.979;721.496;2561.608;457.910;0.299;3599.946;2280.182;0.022;2569.934;551.882;743.537;887.322;2757.962;2157.576;631.500;1746.036;318.607;3600.088;2012.916;1726.347;1246.735;0.690;2687.857;2023.056;3036.797;3479.503;0.135;2115.427;-0.004;2429.061;1711.450;1177.692;2779.347;2199.217;822.295;-0.136;2895.992;3280.852;15.743;1849.382;1030.172;616.095;232.840;935.253;3600.060;624.332;1135.317;0.089;2138.738;677.479;2885.982;1852.996;1792.201;3010.153;3600.033;3600.116;1417.254;3600.189;-0.128;3032.547;2365.593;1864.045;1666.662;2871.773;2557.293;3323.754;243.427;347.691;2680.845;1243.695;1029.105;350.661;2.736;1423.585;2162.260;3144.487;3419.177;3600.031;1425.761;1586.780;781.184;3140.792;3190.426;3211.949;5.488;2391.690;3213.546;0.139;3599.891;1315.618;2496.496;5.971;3599.224;2292.693;3293.637;3599.594,1649.397;3599.879;2451.676;945.856;445.595;2452.780;3191.736;3599.928;2213.040;343.615;863.876;1786.951;288.232;834.702;-0.095;3599.825;3600.019;1094.618;1494.725;2984.467;2348.546;2522.876;1357.697;2024.211;194.144;3376.281;0.117;230.680;3051.902;1803.242;2530.422;2150.155;2803.079;2277.310;719.312;3127.804;1148.382;3420.184;1176.857;3599.957;907.280;2214.626;359.986;486.260;2556.611;3270.133;43.438;2145.619;1213.064;441.439;1800.807;0.323;3599.971;191.175;3357.838;2708.001;0.042;1681.132;3599.829;821.725;1924.434;2063.531;1180.269;512.596;1798.631;1641.804;3314.400;2002.265;1503.348;647.092;1321.473;1942.515;2420.673;3600.082;818.747;2854.368;1570.558;2639.969;-0.034;2744.464;3376.198;0.209;1286.265;962.924;2951.471;203.517;1344.400;2458.722;3157.730;624.816;0.023;757.171;2858.764;-0.136;2728.286;545.150;3094.985;3048.462;3599.772;1522.184
463,837.1553099155426,462,-563.247596150977,563.247596150977,0.005615665155751354,878.748;1610.394;1954.712;0.072;1170.041;721.300;2561.797;457.983;0.461;3600.075;2280.382;0.091;2570.147;551.666;743.331;887.533;2758.167;2157.373;631.323;1746.239;318.395;3599.928;2012.701;1726.563;1246.825;0.560;2687.748;2022.845;3036.800;3479.676;0.079;2115.505;-0.217;2428.848;1711.357;1177.492;2779.548;2199.023;822.373;0.071;2896.062;3280.674;15.887;1849.344;1030.131;615.897;233.046;935.462;3599.869;624.539;1135.521;-0.124;2138.903;677.686;2885.798;1852.986;1792.012;3010.247;3600.092;3599.923;1417.111;3599.995;0.066;3032.647;2365.562;1863.991;1666.452;2871.568;2557.499;3323.871;243.230;347.884;2681.019;1243.677;1028.898;350.749;2.609;1423.380;2162.292;3144.281;3419.012;3600.126;1425.904;1586.936;781.344;3140.809;3190.415;3212.158;5.598;2391.823;3213.347;0.174;3599.958;1315.427;2496.670;6.040;3599.409;2292.509;3293.729;3599.441,1649.579;3600.042;2451.762;945.885;445.741;2452.588;3191.586;3600.071;2212.882;343.791;864.078;1786.740;288.374;834.720;0.011;3599.635;3600.034;1094.414;1494.872;2984.645;2348.758;2522.665;1357.910;2024.004;194.343;3376.445;-0.042;230.892;3051.751;1803.116;2530.312;2149.939;2803.244;2277.455;719.101;3127.923;1148.594;3419.970;1176.896;3599.959;907.404;2214.645;359.863;486.382;2556.789;3270.330;43.264;2145.776;1213.118;441.281;1800.593;0.488;3600.111;191.266;3358.022;2707.789;-0.171;1681.345;3600.002;821.782;1924.640;2063.658;1180.115;512.399;1798.554;1641.620;3314.610;2002.455;1503.137;647.260;1321.263;1942.559;2420.699;3599.893;818.942;2854.169;1570.767;2639.856;0.142;2744.512;3376.365;0.287;1286.053;962.939;2951.255;203.619;1344.241;2458.908;3157.946;624.607;-0.124;757.065;2858.602;0.032;2728.502;545.005;3095.172;3048.545;3599.682;1522.364
464,838.848926782608,463,-563.2495808859919,563.2495808859919,0.0060802329819119125,878.556;1610.564;1954.599;0.005;1170.249;721.093;2561.781;458.170;0.258;3599.876;2280.520;-0.010;2570.212;551.731;743.153;887.606;2758.004;2157.162;631.518;1746.175;318.573;3600.070;2012.843;1726.752;1246.658;0.358;2687.562;2022.928;3036.974;3479.715;-0.120;2115.346;-0.019;2429.028;1711.562;1177.583;2779.347;2198.851;822.188;0.138;2896.218;3280.463;15.741;1849.548;1030.330;615.924;232.912;935.355;3599.906;624.750;1135.340;0.045;2139.018;677.596;2886.002;1852.999;1791.801;3010.455;3599.902;3599.801;1417.306;3599.981;0.076;3032.451;2365.357;1863.803;1666.642;2871.749;2557.500;3324.080;243.027;348.078;2681.040;1243.856;1028.993;350.950;2.404;1423.182;2162.457;3144.464;3419.170;3599.924;1425.725;1586.740;781.158;3141.016;3190.532;3211.977;5.411;2391.645;3213.167;-0.021;3599.934;1315.297;2496.881;5.895;3599.618;2292.468;3293.569;3599.635,1649.789;3600.242;2451.968;945.686;445.931;2452.788;3191.786;3599.872;2213.060;343.787;864.269;1786.923;288.583;834.516;0.108;3599.744;3600.210;1094.549;1494.668;2984.842;2348.603;2522.683;1357.753;2024.158;194.522;3376.655;0.132;231.104;3051.935;1803.286;2530.129;2150.114;2803.362;2277.263;718.890;3127.718;1148.806;3419.760;1177.071;3599.999;907.607;2214.438;360.039;486.185;2556.641;3270.541;43.261;2145.833;1212.913;441.460;1800.732;0.295;3600.037;191.474;3357.836;2707.944;0.009;1681.157;3600.204;821.989;1924.449;2063.716;1180.313;512.574;1798.755;1641.410;3314.439;2002.666;1503.288;647.060;1321.466;1942.353;2420.902;3599.948;818.883;2853.959;1570.695;2640.061;-0.012;2744.327;3376.161;0.269;1285.911;963.078;2951.448;203.413;1344.402;2459.028;3158.124;624.594;0.054;757.263;2858.403;-0.144;2728.306;545.038;3095.043;3048.569;3599.851;1522.163
465,840.674322605133,464,-563.2496137094189,563.2496137094189,0.005647021560850051,878.712;1610.767;1954.395;-0.190;1170.447;721.204;2561.983;458.112;0.270;3600.044;2280.725;0.152;2570.416;551.533;743.257;887.808;2757.977;2157.193;631.484;1746.370;318.507;3599.912;2012.655;1726.959;1246.452;0.363;2687.355;2023.131;3037.180;3479.918;0.073;2115.143;0.031;2428.898;1711.391;1177.411;2779.520;2198.644;822.384;0.126;2896.355;3280.256;15.916;1849.731;1030.538;615.775;233.092;935.152;3599.712;624.941;1135.150;-0.111;2139.222;677.589;2886.008;1853.201;1791.598;3010.311;3600.090;3599.839;1417.129;3599.796;0.273;3032.275;2365.528;1863.907;1666.848;2871.953;2557.325;3323.969;243.200;347.890;2680.900;1244.051;1029.192;350.764;2.196;1423.255;2162.658;3144.277;3418.977;3599.949;1425.899;1586.934;780.963;3141.193;3190.735;3212.131;5.280;2391.438;3212.963;-0.127;3599.738;1315.323;2496.776;5.705;3599.824;2292.631;3293.363;3599.523,1649.802;3600.043;2451.793;945.815;446.137;2452.961;3191.983;3600.014;2212.934;343.585;864.266;1786.760;288.449;834.594;-0.071;3599.615;3600.012;1094.730;1494.625;2985.048;2348.785;2522.782;1357.935;2024.310;194.331;3376.481;-0.050;231.190;3052.010;1803.085;2529.922;2149.963;2803.567;2277.071;718.703;3127.816;1148.765;3419.635;1176.873;3599.888;907.725;2214.431;360.205;486.213;2556.578;3270.744;43.060;2145.635;1212.756;441.343;1800.860;0.462;3600.209;191.330;3357.998;2708.124;-0.075;1681.222;3600.010;822.160;1924.562;2063.920;1180.118;512.418;1798.576;1641.507;3314.297;2002.872;1503.427;647.183;1321.637;1942.438;2421.109;3600.113;819.080;2854.044;1570.494;2640.184;-0.052;2744.135;3376.186;0.125;1286.102;962.879;2951.339;203.562;1344.597;2458.835;3157.965;624.393;-0.093;757.219;2858.204;0.036;2728.250;544.839;3094.862;3048.366;3600.058;1522.135
466,842.5232260227203,465,-563.250081672513,563.250081672513,0.0031280509543238767,878.556;1610.913;1954.484;0.002;1170.408;721.012;2562.103;457.926;0.465;3599.872;2280.762;-0.031;2570.477;551.666;743.358;887.691;2757.781;2157.010;631.601;1746.212;318.433;3600.093;2012.573;1727.069;1246.342;0.190;2687.364;2023.156;3037.177;3479.889;-0.001;2115.103;-0.127;2428.703;1711.291;1177.587;2779.453;2198.665;822.529;-0.072;2896.557;3280.113;15.727;1849.857;1030.665;615.578;233.282;935.222;3599.879;624.879;1135.109;0.078;2139.152;677.395;2886.179;1853.094;1791.613;3010.227;3600.057;3599.981;1417.294;3599.823;0.111;3032.080;2365.472;1863.833;1667.020;2871.887;2557.496;3324.131;243.036;347.870;2681.093;1243.866;1029.056;350.879;2.343;1423.142;2162.862;3144.417;3418.937;3599.802;1425.872;1586.789;780.777;3141.088;3190.908;3212.196;5.465;2391.566;3213.133;0.072;3599.899;1315.522;2496.953;5.804;3599.760;2292.437;3293.170;3599.605,1649.848;3599.959;2451.689;945.633;446.138;2452.801;3192.076;3600.031;2212.756;343.550;864.451;1786.836;288.513;834.785;0.114;3599.463;3599.988;1094.861;1494.455;2985.118;2348.782;2522.586;1357.834;2024.186;194.268;3376.401;0.050;231.046;3052.201;1803.134;2529.887;2149.992;2803.565;2277.113;718.513;3127.993;1148.890;3419.463;1176.902;3600.087;907.926;2214.556;360.017;486.046;2556.496;3270.751;43.108;2145.803;1212.729;441.202;1801.052;0.327;3600.016;191.341;3357.990;2707.994;0.117;1681.034;3599.934;822.308;1924.386;2063.860;1180.133;512.397;1798.606;1641.327;3314.276;2002.848;1503.534;647.174;1321.590;1942.390;2421.141;3599.917;819.077;2853.890;1570.642;2640.344;0.135;2744.272;3376.195;-0.076;1286.208;962.788;2951.378;203.627;1344.616;2458.900;3158.082;624.362;0.069;757.417;2858.243;-0.030;2728.396;544.952;3095.045;3048.287;3599.939;1522.215
467,844.4026393890381,466,-563.2505865206967,563.2505865206967,0.004377194150137307,878.711;1611.111;1954.369;0.092;1170.560;721.144;2562.093;457.726;0.544;3600.010;2280.938;0.059;2570.601;551.844;743.555;887.553;2757.606;2157.162;631.729;1746.030;318.253;3599.952;2012.630;1727.045;1246.325;0.173;2687.525;2023.155;3037.075;3479.890;-0.179;2115.292;0.045;2428.655;1711.113;1177.519;2779.358;2198.830;822.370;0.072;2896.716;3279.916;15.548;1849.833;1030.488;615.711;233.481;935.287;3600.076;625.066;1135.132;0.020;2139.016;677.195;2886.150;1853.144;1791.424;3010.180;3599.907;3600.177;1417.293;3599.955;0.140;3032.194;2365.280;1863.653;1666.868;2871.972;2557.662;3324.016;242.866;347.689;2680.919;1243.773;1029.152;351.066;2.344;1423.116;2163.042;3144.584;3419.118;3599.952;1425.677;1586.668;780.958;3141.259;3191.077;3212.058;5.380;2391.575;3212.991;0.052;3599.992;1315.415;2497.096;5.933;3599.852;2292.453;3292.974;3599.794,1649.798;3599.989;2451.499;945.539;446.324;2452.603;3192.096;3599.878;2212.562;343.740;864.650;1786.691;288.330;834.608;0.300;3599.655;3600.130;1095.054;1494.321;2985.295;2348.664;2522.385;1357.637;2024.347;194.076;3376.233;0.062;231.218;3052.401;1803.325;2529.951;2150.177;2803.760;2277.246;718.481;3128.012;1148.876;3419.416;1177.096;3599.919;907.800;2214.496;360.171;485.847;2556.691;3270.568;42.924;2145.972;1212.540;441.004;1801.039;0.209;3600.000;191.164;3358.124;2707.796;0.285;1680.884;3599.977;822.492;1924.188;2063.937;1179.946;512.222;1798.789;1641.127;3314.290;2002.775;1503.601;647.287;1321.739;1942.232;2421.322;3599.943;818.911;2853.692;1570.831;2640.542;-0.011;2744.092;3376.343;0.081;1286.403;962.920;2951.556;203.454;1344.698;2459.095;3158.278;624.553;0.187;757.613;2858.438;0.135;2728.388;544.828;3094.898;3048.091;3600.102;1522.152
468,846.1010022163391,467,-563.2558815767236,563.2558815767236,0.005845586702673617,878.587;1611.260;1954.214;0.039;1170.750;720.976;2562.064;457.881;0.622;3600.103;2281.133;0.126;2570.789;552.019;743.373;887.360;2757.778;2157.012;631.541;1746.198;318.063;3600.034;2012.475;1727.208;1246.504;-0.014;2687.367;2023.342;3037.234;3479.977;0.006;2115.283;-0.007;2428.464;1710.919;1177.682;2779.517;2198.665;822.355;-0.013;2896.904;3279.854;15.387;1849.641;1030.524;615.537;233.659;935.479;3599.907;625.077;1135.324;-0.101;2139.204;677.343;2885.964;1853.035;1791.462;3009.988;3599.992;3599.988;1417.441;3600.149;-0.049;3032.385;2365.353;1863.457;1666.674;2871.832;2557.857;3323.842;242.865;347.533;2681.098;1243.584;1029.341;351.067;2.294;1422.925;2163.203;3144.418;3419.156;3600.120;1425.797;1586.501;780.834;3141.287;3190.901;3212.245;5.495;2391.700;3212.798;0.122;3600.184;1315.221;2496.949;6.117;3600.037;2292.267;3293.070;3599.622,1649.628;3600.101;2451.379;945.353;446.238;2452.429;3191.923;3600.045;2212.373;343.622;864.787;1786.498;288.371;834.670;0.120;3599.722;3599.946;1094.894;1494.508;2985.131;2348.810;2522.517;1357.725;2024.345;194.241;3376.344;-0.127;231.086;3052.273;1803.364;2530.143;2150.010;2803.614;2277.440;718.291;3128.201;1148.746;3419.225;1177.096;3600.000;907.608;2214.324;360.068;485.942;2556.690;3270.711;43.076;2146.166;1212.605;440.882;1800.847;0.015;3600.153;191.328;3358.304;2707.928;0.260;1681.062;3600.153;822.321;1924.306;2064.093;1180.100;512.376;1798.722;1641.221;3314.481;2002.961;1503.413;647.479;1321.555;1942.364;2421.239;3599.965;818.993;2853.735;1570.978;2640.396;0.114;2743.938;3376.157;-0.020;1286.425;962.735;2951.383;203.560;1344.509;2458.963;3158.451;624.647;0.016;757.612;2858.357;-0.019;2728.306;545.015;3095.071;3048.207;3599.922;1522.005
469,847.9428074359894,468,-563.2549868240915,563.2549868240915,0.0057127748452195275,878.397;1611.448;1954.394;-0.128;1170.810;721.151;2562.161;457.743;0.440;3599.919;2280.979;0.313;2570.625;552.187;743.510;887.519;2757.629;2156.844;631.351;1746.057;317.873;3600.104;2012.564;1727.026;1246.334;0.160;2687.544;2023.505;3037.423;3480.166;0.029;2115.468;-0.048;2428.275;1711.096;1177.509;2779.504;2198.828;822.487;0.110;2896.977;3279.671;15.197;1849.664;1030.339;615.676;233.553;935.314;3599.904;625.260;1135.488;0.064;2139.191;677.177;2885.779;1852.845;1791.278;3009.826;3600.181;3600.059;1417.437;3599.971;0.091;3032.322;2365.483;1863.265;1666.481;2871.641;2557.717;3323.650;243.051;347.475;2680.991;1243.454;1029.161;351.245;2.106;1423.098;2163.036;3144.598;3418.975;3599.935;1425.888;1586.670;781.013;3141.123;3191.064;3212.089;5.309;2391.890;3212.961;0.264;3600.001;1315.364;2496.762;5.937;3599.901;2292.298;3293.224;3599.783,1649.813;3599.916;2451.559;945.350;446.060;2452.469;3191.731;3599.920;2212.180;343.784;864.976;1786.311;288.231;834.571;0.071;3599.900;3600.041;1095.076;1494.697;2984.941;2349.000;2522.367;1357.591;2024.533;194.331;3376.455;0.044;231.063;3052.121;1803.206;2530.046;2150.040;2803.763;2277.631;718.142;3128.069;1148.555;3419.222;1176.936;3600.175;907.416;2214.132;359.911;485.767;2556.843;3270.900;42.926;2146.126;1212.549;441.063;1800.654;0.052;3599.970;191.516;3358.496;2707.783;0.190;1681.252;3599.969;822.130;1924.329;2064.260;1180.277;512.199;1798.557;1641.322;3314.674;2003.154;1503.220;647.671;1321.375;1942.265;2421.231;3600.135;818.811;2853.569;1571.167;2640.558;-0.065;2743.747;3376.309;-0.207;1286.244;962.789;2951.511;203.407;1344.435;2458.790;3158.289;624.466;0.171;757.434;2858.174;0.118;2728.491;545.040;3094.980;3048.377;3600.039;1522.190
470,849.8027577400208,469,-563.256480868186,563.256480868186,0.004602100301098445,878.208;1611.304;1954.247;-0.006;1170.630;721.335;2561.979;457.623;0.556;3599.860;2280.800;0.137;2570.460;552.093;743.651;887.545;2757.715;2156.664;631.187;1746.202;317.964;3599.921;2012.681;1726.859;1246.429;0.014;2687.421;2023.691;3037.610;3480.355;0.179;2115.338;0.047;2428.085;1711.275;1177.686;2779.688;2198.974;822.674;-0.072;2897.162;3279.846;15.374;1849.480;1030.170;615.672;233.721;935.126;3600.082;625.238;1135.670;-0.037;2139.308;677.053;2885.941;1853.013;1791.447;3009.637;3600.017;3599.949;1417.621;3599.952;-0.086;3032.287;2365.669;1863.248;1666.292;2871.455;2557.666;3323.521;243.238;347.290;2681.126;1243.273;1029.053;351.090;2.226;1423.280;2162.887;3144.508;3418.793;3599.960;1426.071;1586.859;780.910;3141.296;3191.219;3211.975;5.442;2391.783;3213.080;0.450;3600.103;1315.378;2496.741;5.749;3599.714;2292.158;3293.412;3599.686,1649.942;3599.930;2451.747;945.530;445.874;2452.287;3191.574;3599.955;2212.014;343.972;864.910;1786.439;288.411;834.526;-0.113;3600.082;3600.195;1094.987;1494.764;2985.055;2349.171;2522.213;1357.524;2024.551;194.504;3376.641;0.012;231.246;3051.936;1803.025;2530.206;2149.994;2803.669;2277.819;717.973;3127.886;1148.450;3419.043;1177.105;3599.997;907.584;2213.986;359.760;485.683;2557.030;3270.735;42.947;2146.308;1212.732;440.983;1800.468;-0.127;3599.907;191.705;3358.339;2707.601;0.005;1681.424;3600.005;821.941;1924.157;2064.445;1180.465;512.016;1798.409;1641.149;3314.863;2003.332;1503.033;647.781;1321.187;1942.079;2421.047;3599.954;818.950;2853.726;1571.273;2640.597;0.071;2743.754;3376.496;-0.028;1286.055;962.973;2951.351;203.219;1344.256;2458.940;3158.116;624.438;0.009;757.250;2857.996;-0.033;2728.588;544.976;3095.145;3048.562;3599.912;1522.376
471,851.6945660114288,470,-563.2571528777648,563.2571528777648,0.004729417052651028,878.133;1611.122;1954.312;-0.028;1170.747;721.285;2561.794;457.800;0.387;3600.028;2280.876;0.054;2570.276;551.990;743.536;887.617;2757.895;2156.830;631.293;1746.199;317.786;3599.918;2012.864;1726.680;1246.601;-0.091;2687.373;2023.559;3037.462;3480.457;0.326;2115.156;-0.130;2428.165;1711.169;1177.702;2779.830;2198.814;822.644;0.046;2897.075;3280.024;15.435;1849.451;1029.997;615.845;233.906;935.263;3599.921;625.057;1135.610;-0.203;2139.491;677.124;2886.125;1853.180;1791.533;3009.590;3599.964;3600.102;1417.800;3599.976;0.001;3032.108;2365.656;1863.426;1666.158;2871.271;2557.825;3323.496;243.393;347.451;2681.013;1243.449;1028.876;351.009;2.091;1423.226;2163.046;3144.366;3418.873;3600.083;1426.063;1586.812;780.983;3141.388;3191.048;3211.976;5.384;2391.605;3213.154;0.322;3599.961;1315.217;2496.921;5.576;3599.696;2291.977;3293.584;3599.800,1650.123;3599.809;2451.933;945.714;445.690;2452.105;3191.389;3599.947;2212.137;344.146;865.056;1786.620;288.592;834.436;-0.079;3599.908;3600.019;1094.807;1494.594;2985.230;2348.998;2522.042;1357.386;2024.726;194.387;3376.826;0.056;231.373;3051.766;1803.103;2530.389;2150.164;2803.497;2277.971;717.788;3127.701;1148.626;3419.172;1177.274;3600.018;907.587;2214.142;359.576;485.545;2557.198;3270.606;43.106;2146.488;1212.917;440.972;1800.478;-0.018;3600.030;191.884;3358.156;2707.416;-0.008;1681.596;3600.059;821.929;1923.972;2064.292;1180.573;511.904;1798.568;1640.998;3315.004;2003.239;1502.873;647.608;1321.295;1941.907;2420.861;3599.936;818.798;2853.905;1571.102;2640.428;-0.090;2743.935;3376.678;0.028;1285.930;963.153;2951.171;203.074;1344.071;2459.124;3158.240;624.486;-0.087;757.217;2858.078;0.061;2728.754;545.157;3095.315;3048.669;3600.012;1522.426
472,853.4039309024811,471,-563.2570283325381,563.2570283325381,0.006259717419405649,878.259;1611.251;1954.465;0.149;1170.863;721.440;2561.658;457.697;0.443;3599.899;2280.730;-0.113;2570.154;552.164;743.356;887.442;2757.774;2157.009;631.159;1746.026;317.928;3600.078;2013.044;1726.497;1246.782;0.085;2687.534;2023.379;3037.565;3480.297;0.180;2115.241;0.041;2428.014;1711.160;1177.755;2779.702;2198.864;822.501;-0.089;2897.243;3280.023;15.348;1849.311;1029.840;616.026;233.966;935.271;3600.040;625.003;1135.772;-0.028;2139.556;677.302;2886.225;1853.270;1791.689;3009.680;3600.058;3599.938;1417.977;3600.151;-0.114;3031.930;2365.491;1863.359;1666.007;2871.236;2557.703;3323.321;243.553;347.300;2680.889;1243.568;1028.970;350.843;2.226;1423.394;2163.162;3144.337;3419.047;3599.938;1425.887;1586.795;780.847;3141.561;3191.135;3211.858;5.405;2391.592;3213.006;0.143;3600.024;1315.035;2497.007;5.668;3599.563;2292.065;3293.513;3599.942,1650.272;3599.972;2451.948;945.897;445.820;2452.166;3191.232;3600.116;2212.315;344.226;865.143;1786.798;288.645;834.258;0.079;3599.990;3599.918;1094.856;1494.655;2985.268;2348.836;2522.188;1357.208;2024.905;194.520;3376.996;-0.038;231.527;3051.836;1803.264;2530.332;2150.343;2803.390;2277.981;717.829;3127.534;1148.595;3419.349;1177.150;3599.864;907.452;2213.972;359.398;485.366;2557.254;3270.469;43.243;2146.533;1212.862;441.029;1800.328;-0.168;3599.981;191.995;3358.227;2707.522;-0.183;1681.496;3600.189;821.762;1923.842;2064.340;1180.751;511.738;1798.749;1640.856;3314.889;2003.108;1502.945;647.661;1321.166;1941.804;2420.817;3600.091;818.853;2853.830;1570.920;2640.572;0.070;2743.816;3376.563;0.178;1285.957;963.224;2951.323;202.906;1344.049;2459.004;3158.072;624.664;0.081;757.046;2858.254;-0.092;2728.637;545.330;3095.195;3048.814;3599.912;1522.297
473,855.2601954936981,472,-563.2551670619014,563.2551670619014,0.0055192004179373515,878.089;1611.307;1954.642;0.229;1170.707;721.354;2561.629;457.610;0.271;3599.779;2280.554;0.055;2569.982;552.299;743.327;887.477;2757.937;2156.890;631.330;1746.126;318.104;3599.936;2013.223;1726.326;1246.849;0.003;2687.431;2023.517;3037.396;3480.229;0.204;2115.203;0.000;2428.105;1711.328;1177.892;2779.811;2199.021;822.349;-0.252;2897.264;3280.119;15.176;1849.144;1029.976;616.144;233.803;935.104;3600.094;624.832;1135.607;0.123;2139.392;677.451;2886.392;1853.143;1791.564;3009.763;3599.893;3599.792;1417.986;3599.988;0.005;3031.752;2365.317;1863.516;1666.088;2871.408;2557.528;3323.484;243.384;347.450;2680.713;1243.452;1029.062;350.979;2.150;1423.235;2163.157;3144.244;3419.157;3600.102;1426.034;1586.958;780.670;3141.739;3191.100;3211.682;5.549;2391.758;3213.132;0.113;3600.117;1315.097;2496.972;5.844;3599.386;2292.241;3293.676;3599.806,1650.449;3599.883;2451.913;945.823;445.672;2452.319;3191.393;3599.943;2212.488;344.208;864.976;1786.957;288.734;834.373;0.243;3600.158;3600.000;1094.940;1494.482;2985.169;2348.679;2522.347;1357.029;2025.064;194.353;3376.907;0.132;231.419;3051.991;1803.433;2530.173;2150.522;2803.216;2277.809;717.996;3127.421;1148.763;3419.400;1177.277;3600.019;907.298;2214.018;359.528;485.251;2557.163;3270.535;43.420;2146.416;1212.745;441.203;1800.491;-0.011;3600.146;192.031;3358.069;2707.677;-0.017;1681.322;3600.016;821.922;1923.669;2064.466;1180.648;511.903;1798.920;1641.014;3314.732;2002.931;1503.116;647.489;1321.335;1941.628;2420.818;3599.931;818.682;2853.761;1571.049;2640.714;-0.054;2743.687;3376.460;0.038;1285.819;963.393;2951.496;202.742;1344.203;2459.122;3157.942;624.638;0.136;756.868;2858.359;0.077;2728.541;545.174;3095.103;3048.830;3600.084;1522.338
474,857.1406590938568,473,-563.2555320042488,563.2555320042488,0.004554807656508835,877.923;1611.144;1954.701;0.064;1170.533;721.190;2561.791;457.463;0.099;3599.934;2280.394;0.166;2569.924;552.164;743.497;887.310;2757.787;2156.719;631.258;1745.984;318.277;3599.765;2013.087;1726.284;1246.700;-0.030;2687.442;2023.355;3037.253;3480.397;0.338;2115.032;0.144;2428.236;1711.503;1178.065;2779.657;2199.196;822.515;-0.085;2897.097;3280.291;15.008;1849.293;1030.146;616.308;233.701;934.937;3599.924;624.692;1135.637;0.118;2139.218;677.284;2886.567;1852.969;1791.729;3009.913;3600.037;3599.906;1418.140;3599.844;-0.093;3031.593;2365.470;1863.690;1665.923;2871.321;2557.353;3323.605;243.513;347.306;2680.806;1243.304;1028.906;351.104;1.979;1423.078;2162.999;3144.413;3419.049;3599.942;1425.975;1586.967;780.498;3141.910;3190.949;3211.528;5.380;2391.695;3213.306;0.276;3599.948;1315.267;2497.138;5.808;3599.535;2292.342;3293.525;3599.975,1650.599;3599.769;2452.081;945.986;445.522;2452.493;3191.233;3599.913;2212.648;344.377;865.109;1787.131;288.907;834.359;0.248;3599.993;3600.144;1095.112;1494.356;2985.042;2348.505;2522.426;1357.069;2024.896;194.191;3377.071;0.306;231.248;3051.844;1803.307;2530.286;2150.697;2803.042;2277.851;717.863;3127.248;1148.931;3419.572;1177.112;3600.165;907.463;2214.189;359.367;485.078;2556.990;3270.367;43.588;2146.584;1212.912;441.122;1800.468;-0.130;3599.979;191.979;3358.097;2707.844;-0.065;1681.147;3599.952;821.800;1923.498;2064.296;1180.810;511.750;1799.095;1640.878;3314.696;2002.758;1503.244;647.408;1321.232;1941.667;2420.650;3599.970;818.806;2853.931;1570.901;2640.569;0.024;2743.783;3376.620;-0.129;1285.646;963.560;2951.671;202.572;1344.088;2458.961;3157.768;624.787;-0.030;756.716;2858.532;0.102;2728.664;545.258;3095.252;3049.001;3599.976;1522.309
475,858.8430106639862,474,-563.2539116320975,563.2539116320975,0.0034146928423345814,878.063;1611.306;1954.772;0.196;1170.662;721.022;2561.962;457.292;0.136;3600.102;2280.395;0.330;2569.838;552.322;743.639;887.461;2757.620;2156.798;631.090;1745.813;318.307;3599.761;2012.920;1726.121;1246.536;0.114;2687.610;2023.185;3037.393;3480.474;0.385;2115.157;0.025;2428.074;1711.559;1177.950;2779.486;2199.134;822.634;0.032;2897.250;3280.276;14.837;1849.461;1030.262;616.470;233.864;934.799;3599.912;624.850;1135.799;0.040;2139.244;677.115;2886.728;1852.897;1791.668;3010.082;3599.894;3600.072;1417.990;3599.723;0.072;3031.425;2365.400;1863.781;1665.754;2871.225;2557.316;3323.449;243.563;347.266;2680.645;1243.435;1028.735;351.274;1.806;1422.913;2163.164;3144.585;3419.215;3600.051;1425.811;1587.117;780.649;3142.080;3191.112;3211.359;5.217;2391.859;3213.163;0.130;3599.841;1315.399;2497.011;5.845;3599.696;2292.461;3293.354;3600.115,1650.450;3599.658;2452.231;945.955;445.673;2452.397;3191.124;3600.045;2212.490;344.546;865.237;1787.081;288.857;834.500;0.203;3600.015;3599.980;1095.116;1494.480;2985.209;2348.533;2522.264;1357.204;2024.912;194.019;3377.115;0.172;231.409;3051.958;1803.313;2530.444;2150.623;2803.189;2278.001;717.693;3127.178;1148.820;3419.568;1177.173;3600.011;907.402;2214.292;359.198;484.985;2557.096;3270.195;43.473;2146.739;1212.921;441.250;1800.303;0.024;3600.020;191.811;3358.251;2707.917;-0.099;1681.216;3599.971;821.644;1923.402;2064.128;1180.898;511.591;1798.947;1640.714;3314.861;2002.885;1503.080;647.567;1321.074;1941.833;2420.746;3600.048;818.945;2854.051;1570.740;2640.688;0.160;2743.951;3376.701;0.009;1285.496;963.673;2951.687;202.724;1344.229;2458.814;3157.606;624.654;-0.084;756.834;2858.402;0.267;2728.833;545.410;3095.097;3048.863;3600.075;1522.477
476,860.6878361701965,475,-563.2539053193415,563.2539053193415,0.003391463027671518,878.211;1611.306;1954.801;0.363;1170.531;721.175;2562.126;457.182;0.289;3599.944;2280.531;0.460;2569.990;552.163;743.790;887.628;2757.468;2156.648;631.147;1745.746;318.177;3599.917;2012.760;1726.258;1246.380;0.282;2687.619;2023.264;3037.311;3480.639;0.221;2115.047;-0.112;2427.921;1711.491;1177.805;2779.488;2199.286;822.797;-0.014;2897.105;3280.364;14.781;1849.618;1030.102;616.320;233.838;934.925;3599.779;624.986;1135.842;-0.125;2139.086;677.039;2886.884;1853.057;1791.503;3010.248;3600.050;3599.919;1418.139;3599.556;-0.085;3031.557;2365.556;1863.946;1665.707;2871.060;2557.252;3323.509;243.608;347.103;2680.586;1243.602;1028.572;351.119;1.650;1422.747;2163.270;3144.516;3419.074;3599.919;1425.647;1587.067;780.764;3142.059;3191.279;3211.409;5.127;2392.018;3213.262;-0.007;3599.904;1315.565;2497.156;6.000;3599.690;2292.494;3293.197;3599.959,1650.466;3599.821;2452.399;946.117;445.772;2452.232;3190.978;3599.901;2212.328;344.689;865.081;1786.959;288.725;834.343;0.259;3599.867;3600.033;1095.192;1494.403;2985.273;2348.690;2522.096;1357.086;2024.763;194.077;3377.272;0.187;231.331;3052.116;1803.148;2530.342;2150.646;2803.322;2278.154;717.705;3127.171;1148.692;3419.448;1177.216;3599.871;907.556;2214.456;359.159;484.845;2557.261;3270.062;43.356;2146.859;1213.036;441.087;1800.204;-0.035;3600.045;191.679;3358.298;2707.757;0.061;1681.073;3600.125;821.682;1923.242;2064.260;1180.738;511.427;1798.986;1640.546;3314.993;2002.837;1502.941;647.581;1321.181;1941.831;2420.855;3599.941;819.112;2854.110;1570.834;2640.852;0.319;2743.946;3376.866;0.155;1285.328;963.839;2951.618;202.586;1344.216;2458.959;3157.642;624.593;0.076;756.999;2858.454;0.211;2728.946;545.501;3095.220;3048.784;3599.917;1522.617
477,862.5606434345245,476,-563.254368099615,563.254368099615,0.0024820294630745338,878.066;1611.289;1954.963;0.361;1170.640;721.111;2562.279;457.084;0.212;3599.872;2280.587;0.554;2569.838;552.045;743.847;887.717;2757.488;2156.489;631.290;1745.591;318.026;3600.072;2012.627;1726.163;1246.228;0.207;2687.690;2023.182;3037.328;3480.685;0.063;2115.159;0.046;2427.967;1711.625;1177.675;2779.329;2199.398;822.784;-0.069;2897.030;3280.461;14.619;1849.783;1030.026;616.306;233.939;935.085;3599.910;624.852;1136.001;0.009;2138.995;676.974;2887.030;1853.084;1791.413;3010.303;3600.070;3599.975;1417.996;3599.642;-0.060;3031.698;2365.459;1863.829;1665.747;2871.078;2557.155;3323.453;243.457;347.216;2680.714;1243.561;1028.413;350.962;1.495;1422.583;2163.433;3144.528;3418.934;3599.998;1425.792;1587.184;780.863;3142.172;3191.216;3211.563;5.256;2392.182;3213.401;0.115;3600.063;1315.688;2497.019;6.165;3599.781;2292.333;3293.089;3600.034,1650.623;3599.979;2452.527;946.177;445.933;2452.290;3191.123;3599.860;2212.351;344.780;865.187;1786.830;288.561;834.318;0.421;3599.731;3599.912;1095.240;1494.273;2985.117;2348.802;2521.937;1357.241;2024.602;194.223;3377.394;0.340;231.208;3051.992;1803.037;2530.179;2150.794;2803.486;2278.076;717.564;3127.174;1148.531;3419.284;1177.374;3599.975;907.603;2214.500;359.301;484.990;2557.352;3270.127;43.193;2146.764;1212.887;440.927;1800.324;0.119;3599.902;191.515;3358.157;2707.597;0.136;1681.201;3599.975;821.843;1923.283;2064.367;1180.608;511.380;1799.146;1640.586;3315.105;2002.687;1503.059;647.449;1321.339;1941.670;2421.015;3600.085;819.198;2853.956;1570.995;2640.753;0.265;2744.058;3377.025;0.185;1285.162;963.690;2951.541;202.425;1344.057;2459.122;3157.801;624.726;-0.021;757.149;2858.400;0.074;2728.795;545.354;3095.384;3048.634;3599.840;1522.590
478,864.2535238265991,477,-563.2558089946729,563.2558089946729,0.0036785903024114035,878.160;1611.436;1954.882;0.216;1170.800;721.215;2562.442;457.011;0.129;3600.023;2280.746;0.499;2569.973;552.177;743.704;887.583;2757.335;2156.593;631.412;1745.434;317.864;3599.944;2012.767;1726.292;1246.068;0.323;2687.654;2023.337;3037.474;3480.840;-0.099;2115.057;-0.009;2427.905;1711.472;1177.593;2779.410;2199.244;822.628;0.085;2896.873;3280.306;14.601;1849.657;1029.986;616.463;233.847;935.084;3599.769;624.932;1135.911;-0.128;2139.146;677.114;2887.055;1853.234;1791.258;3010.326;3599.966;3599.998;1417.834;3599.563;0.074;3031.779;2365.593;1863.965;1665.906;2871.237;2557.309;3323.301;243.576;347.102;2680.561;1243.436;1028.541;351.065;1.337;1422.708;2163.291;3144.406;3418.995;3599.944;1425.665;1587.043;781.023;3142.060;3191.295;3211.412;5.119;2392.270;3213.348;0.276;3599.923;1315.583;2497.132;6.169;3599.649;2292.446;3293.203;3599.964,1650.704;3600.141;2452.471;946.057;446.092;2452.438;3191.285;3600.006;2212.199;344.626;865.031;1786.668;288.398;834.159;0.357;3599.816;3600.056;1095.083;1494.419;2985.217;2348.963;2521.776;1357.402;2024.623;194.081;3377.252;0.207;231.296;3051.851;1802.877;2530.031;2150.645;2803.648;2277.917;717.719;3127.300;1148.368;3419.121;1177.535;3599.939;907.446;2214.657;359.462;485.083;2557.367;3269.979;43.030;2146.607;1212.751;440.897;1800.286;0.278;3600.050;191.369;3358.312;2707.453;0.094;1681.358;3600.098;821.993;1923.441;2064.525;1180.448;511.228;1799.233;1640.639;3315.265;2002.732;1503.069;647.596;1321.498;1941.789;2421.177;3599.930;819.338;2853.801;1570.846;2640.655;0.106;2744.217;3376.890;0.295;1285.259;963.813;2951.381;202.481;1344.172;2459.277;3157.952;624.577;0.083;757.311;2858.243;-0.079;2728.903;545.195;3095.240;3048.472;3599.985;1522.726
479,866.0793282985687,478,-563.2557668882081,563.2557668882081,0.0037433876075438385,878.261;1611.288;1955.010;0.059;1170.890;721.075;2562.400;457.160;-0.028;3600.121;2280.896;0.343;2569.981;552.098;743.845;887.428;2757.364;2156.747;631.554;1745.320;317.709;3599.919;2012.864;1726.448;1245.908;0.358;2687.504;2023.335;3037.326;3480.751;0.048;2115.122;0.064;2428.058;1711.313;1177.438;2779.271;2199.334;822.479;0.143;2896.744;3280.238;14.748;1849.710;1030.139;616.487;233.691;935.236;3599.836;624.787;1135.773;-0.048;2139.030;677.191;2887.198;1853.109;1791.299;3010.481;3600.051;3599.878;1417.699;3599.698;0.149;3031.922;2365.458;1864.043;1666.065;2871.326;2557.429;3323.439;243.674;347.182;2680.491;1243.553;1028.661;351.219;1.236;1422.778;2163.294;3144.248;3419.145;3599.795;1425.523;1586.885;781.026;3141.908;3191.400;3211.533;5.210;2392.386;3213.398;0.433;3599.932;1315.730;2497.239;6.100;3599.788;2292.597;3293.136;3600.081,1650.841;3600.000;2452.315;945.900;446.107;2452.596;3191.364;3600.138;2212.277;344.472;864.881;1786.744;288.271;834.158;0.510;3599.960;3599.934;1094.932;1494.311;2985.323;2348.884;2521.651;1357.521;2024.489;193.922;3377.100;0.298;231.144;3051.996;1802.846;2530.148;2150.497;2803.715;2277.850;717.846;3127.450;1148.475;3419.135;1177.679;3600.081;907.480;2214.815;359.608;485.234;2557.213;3269.957;42.945;2146.460;1212.625;440.957;1800.439;0.388;3599.990;191.210;3358.408;2707.397;0.222;1681.315;3599.976;822.147;1923.599;2064.427;1180.316;511.313;1799.379;1640.512;3315.126;2002.578;1503.223;647.474;1321.656;1941.890;2421.303;3599.947;819.204;2853.824;1570.697;2640.498;-0.032;2744.375;3376.744;0.146;1285.409;963.823;2951.467;202.631;1344.316;2459.375;3158.000;624.552;0.053;757.463;2858.127;0.071;2728.767;545.036;3095.194;3048.334;3600.131;1522.585
480,867.9328107833862,479,-563.260307281827,563.260307281827,0.0033423227255462203,878.158;1611.341;1955.139;0.011;1170.855;721.222;2562.435;457.018;0.110;3599.973;2280.758;0.187;2569.833;551.950;743.713;887.525;2757.513;2156.844;631.709;1745.166;317.553;3600.068;2012.848;1726.509;1246.043;0.511;2687.645;2023.400;3037.207;3480.624;-0.015;2115.275;0.211;2428.076;1711.420;1177.435;2779.127;2199.464;822.535;-0.006;2896.856;3280.094;14.904;1849.785;1030.013;616.402;233.535;935.098;3599.979;624.639;1135.618;-0.073;2138.899;677.345;2887.049;1853.015;1791.171;3010.636;3600.032;3599.952;1417.684;3599.851;0.016;3031.877;2365.589;1864.089;1666.147;2871.184;2557.384;3323.386;243.828;347.335;2680.339;1243.708;1028.525;351.129;1.143;1422.682;2163.147;3144.350;3419.024;3599.940;1425.528;1587.031;781.169;3141.832;3191.554;3211.639;5.066;2392.540;3213.543;0.438;3600.080;1315.595;2497.094;5.958;3599.639;2292.746;3293.285;3599.934,1650.853;3600.046;2452.371;946.024;446.256;2452.672;3191.507;3599.987;2212.158;344.432;864.727;1786.612;288.298;834.034;0.375;3599.874;3599.968;1094.902;1494.353;2985.175;2348.968;2521.785;1357.676;2024.336;193.988;3377.109;0.251;230.994;3051.855;1802.715;2530.197;2150.564;2803.597;2277.961;717.996;3127.305;1148.377;3419.141;1177.533;3599.932;907.608;2214.766;359.696;485.390;2557.218;3270.107;43.019;2146.304;1212.470;440.819;1800.364;0.255;3600.115;191.075;3358.278;2707.272;0.081;1681.456;3600.070;822.147;1923.723;2064.570;1180.256;511.197;1799.263;1640.536;3315.012;2002.505;1503.094;647.385;1321.807;1942.021;2421.350;3600.089;819.319;2853.973;1570.637;2640.593;-0.036;2744.505;3376.853;0.287;1285.284;963.730;2951.457;202.680;1344.467;2459.233;3158.116;624.400;-0.097;757.334;2857.972;0.020;2728.626;545.139;3095.299;3048.423;3599.992;1522.601
481,869.8081021308899,480,-563.2617823221838,563.2617823221838,0.004351127707327029,878.129;1611.341;1955.002;0.025;1170.705;721.273;2562.295;456.866;0.179;3599.926;2280.646;0.134;2569.803;551.820;743.703;887.674;2757.413;2156.706;631.709;1745.275;317.461;3599.925;2012.699;1726.659;1246.177;0.597;2687.794;2023.529;3037.252;3480.735;0.023;2115.404;0.125;2428.156;1711.505;1177.582;2779.227;2199.612;822.685;-0.092;2896.992;3280.024;15.025;1849.885;1029.870;616.251;233.531;934.967;3600.129;624.653;1135.541;0.074;2138.760;677.429;2886.924;1852.864;1791.115;3010.628;3600.181;3600.102;1417.830;3599.722;-0.107;3031.901;2365.733;1864.175;1666.204;2871.033;2557.532;3323.316;243.696;347.279;2680.233;1243.568;1028.393;351.250;1.283;1422.556;2163.117;3144.491;3418.873;3599.963;1425.440;1587.161;781.276;3141.972;3191.695;3211.791;5.060;2392.670;3213.634;0.347;3599.963;1315.474;2497.189;5.805;3599.555;2292.644;3293.182;3600.018,1650.991;3599.912;2452.519;945.905;446.138;2452.532;3191.376;3599.995;2212.007;344.517;864.796;1786.481;288.188;834.173;0.349;3600.004;3600.105;1095.049;1494.431;2985.226;2349.035;2521.689;1357.595;2024.401;194.005;3376.975;0.118;231.071;3051.982;1802.676;2530.344;2150.534;2803.673;2278.112;717.916;3127.256;1148.475;3419.249;1177.472;3600.010;907.740;2214.659;359.826;485.273;2557.338;3270.249;43.030;2146.272;1212.385;440.933;1800.219;0.144;3599.971;191.149;3358.381;2707.120;0.181;1681.364;3599.927;822.031;1923.787;2064.685;1180.387;511.091;1799.112;1640.386;3315.118;2002.648;1502.955;647.490;1321.697;1942.077;2421.458;3599.945;819.229;2853.845;1570.780;2640.744;0.105;2744.435;3376.984;0.166;1285.155;963.581;2951.590;202.577;1344.439;2459.106;3158.261;624.284;0.049;757.367;2857.957;0.054;2728.717;545.010;3095.341;3048.518;3600.068;1522.747
482,871.507408618927,481,-563.2628027233045,563.2628027233045,0.0038572791082659673,877.984;1611.441;1954.859;-0.098;1170.610;721.157;2562.294;456.743;0.057;3599.871;2280.712;-0.013;2569.685;551.948;743.640;887.593;2757.503;2156.619;631.716;1745.213;317.591;3599.973;2012.651;1726.779;1246.280;0.484;2687.695;2023.473;3037.399;3480.881;-0.117;2115.546;-0.021;2428.284;1711.639;1177.697;2779.373;2199.522;822.724;0.037;2897.127;3279.877;15.105;1850.033;1029.962;616.352;233.660;934.820;3599.987;624.773;1135.423;-0.004;2138.854;677.556;2886.813;1852.723;1791.180;3010.643;3600.039;3599.957;1417.782;3599.746;0.036;3032.048;2365.634;1864.034;1666.350;2871.141;2557.405;3323.430;243.548;347.248;2680.088;1243.423;1028.360;351.387;1.433;1422.700;2163.242;3144.444;3418.857;3600.094;1425.508;1587.227;781.257;3142.118;3191.833;3211.843;5.184;2392.590;3213.781;0.229;3600.004;1315.360;2497.193;5.679;3599.467;2292.781;3293.042;3600.058,1651.141;3599.980;2452.417;945.771;445.995;2452.646;3191.477;3600.047;2212.036;344.372;864.699;1786.332;288.040;834.319;0.493;3600.152;3599.968;1095.129;1494.558;2985.363;2349.183;2521.720;1357.547;2024.548;193.876;3376.826;0.091;231.116;3052.122;1802.530;2530.213;2150.392;2803.738;2277.977;718.003;3127.396;1148.610;3419.114;1177.609;3600.016;907.886;2214.511;359.970;485.371;2557.212;3270.310;42.888;2146.126;1212.237;441.082;1800.099;0.183;3600.069;191.163;3358.394;2707.182;0.087;1681.463;3599.887;822.170;1923.935;2064.803;1180.248;511.231;1798.965;1640.295;3315.046;2002.700;1503.081;647.632;1321.708;1941.934;2421.606;3599.876;819.082;2853.712;1570.921;2640.893;-0.031;2744.294;3376.862;0.033;1285.051;963.443;2951.579;202.430;1344.585;2459.188;3158.411;624.137;0.129;757.261;2857.817;-0.079;2728.585;544.860;3095.196;3048.382;3599.985;1522.654
483,873.3485970497131,482,-563.2631965459041,563.2631965459041,0.003972563227328847,878.123;1611.586;1954.721;0.036;1170.732;721.015;2562.388;456.753;0.038;3599.759;2280.857;0.018;2569.612;552.089;743.509;887.642;2757.382;2156.475;631.573;1745.069;317.723;3600.031;2012.508;1726.925;1246.187;0.562;2687.789;2023.329;3037.542;3481.015;0.019;2115.415;-0.163;2428.166;1711.606;1177.575;2779.477;2199.384;822.859;-0.073;2896.994;3279.729;14.970;1850.149;1029.830;616.482;233.806;934.907;3599.970;624.919;1135.562;-0.103;2138.999;677.426;2886.941;1852.586;1791.324;3010.776;3599.971;3599.984;1417.723;3599.884;0.030;3032.192;2365.750;1864.171;1666.415;2871.210;2557.428;3323.295;243.436;347.386;2679.950;1243.276;1028.217;351.257;1.447;1422.670;2163.384;3144.586;3418.838;3599.959;1425.533;1587.087;781.392;3142.265;3191.725;3211.799;5.100;2392.682;3213.647;0.353;3599.958;1315.232;2497.333;5.774;3599.589;2292.681;3292.921;3599.918,1651.056;3600.102;2452.531;945.879;446.093;2452.512;3191.341;3599.912;2211.897;344.428;864.728;1786.204;288.089;834.302;0.393;3600.010;3600.082;1094.996;1494.704;2985.452;2349.304;2521.586;1357.580;2024.454;193.731;3376.921;-0.048;231.260;3052.151;1802.557;2530.238;2150.245;2803.877;2278.114;717.863;3127.297;1148.757;3419.076;1177.747;3599.878;908.031;2214.363;359.844;485.239;2557.338;3270.169;43.005;2146.231;1212.341;440.978;1799.954;0.042;3599.979;191.020;3358.251;2707.040;-0.057;1681.338;3600.016;822.081;1924.082;2064.943;1180.184;511.098;1798.995;1640.155;3315.188;2002.831;1502.987;647.780;1321.568;1941.802;2421.500;3599.831;819.182;2853.698;1571.069;2640.966;0.100;2744.420;3376.978;0.142;1285.016;963.508;2951.440;202.283;1344.488;2459.333;3158.556;623.990;0.054;757.161;2857.724;0.061;2728.707;544.938;3095.164;3048.436;3600.115;1522.768
484,875.2180273532867,483,-563.2628739999159,563.2628739999159,0.0037083817815685306,878.266;1611.641;1954.585;-0.039;1170.610;720.871;2562.249;456.894;0.090;3599.893;2281.001;-0.087;2569.752;552.232;743.365;887.502;2757.516;2156.606;631.607;1744.925;317.867;3599.916;2012.611;1726.841;1246.324;0.434;2687.650;2023.463;3037.405;3481.145;-0.072;2115.271;-0.025;2428.025;1711.464;1177.714;2779.620;2199.240;822.796;0.047;2896.854;3279.772;14.827;1850.010;1029.955;616.625;233.951;935.049;3600.031;624.877;1135.696;0.035;2139.144;677.528;2887.084;1852.723;1791.446;3010.638;3599.870;3600.090;1417.860;3600.029;-0.076;3032.208;2365.621;1864.279;1666.279;2871.351;2557.559;3323.155;243.332;347.247;2680.084;1243.178;1028.347;351.130;1.581;1422.807;2163.528;3144.483;3418.975;3600.010;1425.392;1586.946;781.252;3142.406;3191.583;3211.936;5.230;2392.543;3213.503;0.340;3599.873;1315.089;2497.477;5.906;3599.732;2292.774;3292.930;3599.775,1651.191;3599.969;2452.401;946.016;446.058;2452.504;3191.312;3600.037;2212.025;344.297;864.592;1786.321;287.953;834.219;0.252;3600.031;3599.960;1094.852;1494.837;2985.594;2349.439;2521.715;1357.446;2024.543;193.589;3376.810;0.088;231.346;3052.026;1802.441;2530.103;2150.101;2803.752;2278.161;717.940;3127.417;1148.901;3418.936;1177.891;3599.819;908.168;2214.239;359.701;485.126;2557.300;3270.026;43.088;2146.116;1212.305;441.093;1799.970;0.023;3600.112;191.053;3358.323;2707.162;0.068;1681.211;3600.144;822.128;1924.212;2065.087;1180.290;511.103;1799.118;1640.012;3315.073;2002.702;1503.118;647.861;1321.437;1941.661;2421.599;3599.963;819.057;2853.706;1570.978;2640.849;0.208;2744.335;3376.842;0.269;1285.156;963.400;2951.296;202.241;1344.367;2459.310;3158.637;624.026;-0.055;757.018;2857.848;-0.013;2728.821;544.870;3095.275;3048.304;3599.981;1522.629
485,877.1049551963806,484,-563.2610393252917,563.2610393252917,0.0038472693907611274,878.395;1611.771;1954.687;0.091;1170.710;720.781;2562.305;456.955;0.228;3599.819;2281.067;0.048;2569.639;552.301;743.255;887.514;2757.426;2156.642;631.736;1744.788;317.997;3600.050;2012.746;1726.748;1246.410;0.293;2687.704;2023.412;3037.378;3481.014;0.027;2115.282;0.002;2427.901;1711.440;1177.660;2779.525;2199.317;822.660;-0.055;2896.854;3279.643;14.737;1850.056;1030.057;616.711;233.858;935.004;3599.920;624.957;1135.745;0.062;2139.106;677.642;2887.191;1852.838;1791.311;3010.752;3599.955;3599.958;1417.999;3600.133;0.056;3032.108;2365.488;1864.284;1666.287;2871.383;2557.699;3323.286;243.191;347.208;2680.127;1243.292;1028.342;350.993;1.471;1422.738;2163.663;3144.437;3419.114;3600.147;1425.251;1586.806;781.220;3142.510;3191.676;3211.835;5.338;2392.577;3213.408;0.202;3599.947;1315.000;2497.575;6.020;3599.794;2292.713;3292.793;3599.763,1651.305;3600.076;2452.312;946.153;446.189;2452.501;3191.427;3599.928;2212.156;344.210;864.711;1786.453;287.845;834.079;0.355;3599.913;3599.880;1094.944;1494.938;2985.519;2349.323;2521.692;1357.305;2024.672;193.615;3376.888;0.227;231.296;3052.144;1802.572;2530.003;2150.184;2803.678;2278.099;717.829;3127.318;1148.973;3418.903;1177.949;3599.681;908.068;2214.099;359.623;484.986;2557.425;3270.131;43.067;2146.007;1212.171;441.035;1800.007;-0.113;3599.997;190.959;3358.391;2707.094;-0.043;1681.070;3600.022;822.256;1924.148;2065.216;1180.385;511.137;1799.258;1639.879;3314.960;2002.699;1503.223;647.731;1321.386;1941.520;2421.670;3600.096;819.079;2853.568;1571.079;2640.977;0.330;2744.196;3376.833;0.410;1285.201;963.527;2951.408;202.104;1344.424;2459.437;3158.775;624.129;0.078;756.950;2857.968;0.010;2728.710;544.945;3095.412;3048.259;3599.865;1522.531
486,878.8089599609375,485,-563.2623542761762,563.2623542761762,0.0035738480476925124,878.379;1611.901;1954.564;0.224;1170.794;720.652;2562.408;457.085;0.118;3599.818;2281.020;0.083;2569.514;552.208;743.117;887.628;2757.551;2156.531;631.670;1744.909;318.005;3599.942;2012.809;1726.818;1246.541;0.264;2687.625;2023.421;3037.342;3480.998;0.103;2115.178;-0.087;2427.763;1711.517;1177.562;2779.566;2199.203;822.649;0.055;2896.739;3279.666;14.687;1850.001;1029.940;616.596;233.728;935.118;3600.035;625.091;1135.879;0.068;2139.233;677.780;2887.109;1852.931;1791.184;3010.835;3600.086;3600.033;1418.123;3600.001;-0.029;3031.971;2365.567;1864.418;1666.217;2871.337;2557.837;3323.235;243.084;347.335;2680.200;1243.178;1028.213;351.124;1.342;1422.602;2163.581;3144.561;3419.016;3600.018;1425.361;1586.785;781.130;3142.647;3191.549;3211.800;5.209;2392.644;3213.275;0.068;3600.084;1314.866;2497.577;6.095;3599.670;2292.577;3292.918;3599.635,1651.429;3599.954;2452.431;946.030;446.063;2452.366;3191.330;3599.963;2212.180;344.303;864.844;1786.479;287.715;834.086;0.241;3599.971;3600.001;1095.056;1495.075;2985.428;2349.187;2521.813;1357.210;2024.810;193.750;3377.017;0.117;231.426;3052.017;1802.710;2530.127;2150.211;2803.541;2278.230;717.694;3127.443;1149.084;3418.772;1178.079;3599.658;907.931;2214.036;359.635;484.860;2557.554;3270.254;43.203;2146.033;1212.216;440.901;1799.888;-0.131;3600.084;191.086;3358.260;2706.964;0.084;1680.950;3599.915;822.152;1924.020;2065.195;1180.522;511.273;1799.394;1639.992;3314.925;2002.662;1503.321;647.699;1321.297;1941.467;2421.536;3599.966;818.945;2853.644;1571.211;2641.038;0.204;2744.113;3376.951;0.463;1285.080;963.412;2951.414;202.008;1344.297;2459.575;3158.862;624.020;0.014;757.050;2858.101;-0.122;2728.837;544.960;3095.551;3048.394;3599.916;1522.399
487,880.660177230835,486,-563.2608333955394,563.2608333955394,0.0018172699339440487,878.365;1612.032;1954.676;0.280;1170.745;720.522;2562.473;457.018;-0.002;3599.924;2281.128;0.200;2569.394;552.324;743.004;887.699;2757.433;2156.396;631.545;1744.806;317.920;3599.872;2012.686;1726.690;1246.674;0.234;2687.749;2023.292;3037.457;3481.124;0.089;2115.230;0.040;2427.626;1711.474;1177.476;2779.440;2199.318;822.640;0.161;2896.616;3279.779;14.817;1850.130;1029.827;616.686;233.823;935.063;3599.916;625.227;1136.016;-0.064;2139.189;677.811;2887.225;1852.822;1791.213;3010.964;3599.961;3599.968;1418.174;3599.893;0.080;3031.863;2365.650;1864.534;1666.087;2871.204;2557.773;3323.150;242.954;347.408;2680.085;1243.071;1028.081;351.242;1.226;1422.497;2163.702;3144.697;3419.096;3599.954;1425.260;1586.654;781.251;3142.783;3191.435;3211.912;5.073;2392.776;3213.337;-0.021;3599.955;1314.765;2497.708;5.963;3599.776;2292.451;3292.813;3599.756,1651.383;3599.965;2452.564;945.958;445.992;2452.234;3191.196;3600.014;2212.053;344.436;864.978;1786.610;287.579;834.180;0.224;3600.020;3600.084;1095.180;1495.198;2985.540;2349.064;2521.684;1357.078;2024.782;193.643;3376.937;0.218;231.366;3052.083;1802.712;2530.259;2150.326;2803.632;2278.364;717.567;3127.328;1149.062;3418.892;1178.206;3599.780;907.881;2214.164;359.502;484.754;2557.683;3270.155;43.112;2146.165;1212.347;440.964;1799.755;0.001;3599.963;191.046;3358.329;2706.828;0.130;1680.833;3600.016;822.023;1923.884;2065.063;1180.633;511.210;1799.514;1639.875;3315.055;2002.532;1503.219;647.824;1321.163;1941.581;2421.483;3599.915;818.886;2853.772;1571.321;2641.103;0.137;2744.238;3377.070;0.337;1284.985;963.289;2951.519;202.000;1344.176;2459.688;3158.752;624.132;-0.064;757.183;2858.238;0.003;2728.971;545.092;3095.466;3048.330;3599.853;1522.483
488,882.5422389507294,487,-563.2618530477472,563.2618530477472,0.003307272574290671,878.239;1611.911;1954.779;0.167;1170.614;720.390;2562.351;457.143;-0.135;3600.057;2281.260;0.330;2569.261;552.224;743.121;887.604;2757.511;2156.471;631.645;1744.898;318.049;3599.742;2012.650;1726.562;1246.741;0.107;2687.644;2023.303;3037.337;3481.048;-0.040;2115.102;0.155;2427.501;1711.346;1177.551;2779.556;2199.383;822.531;0.293;2896.484;3279.911;14.747;1850.056;1029.743;616.579;233.716;935.190;3599.956;625.139;1136.138;0.018;2139.065;677.711;2887.357;1852.944;1791.324;3010.855;3600.040;3599.966;1418.305;3599.963;0.149;3031.730;2365.549;1864.576;1665.954;2871.227;2557.874;3323.275;243.046;347.286;2680.211;1243.190;1028.061;351.333;1.094;1422.568;2163.831;3144.608;3418.980;3599.887;1425.341;1586.633;781.138;3142.694;3191.451;3212.044;4.941;2392.653;3213.468;0.052;3599.846;1314.865;2497.773;5.840;3599.909;2292.329;3292.917;3599.865,1651.513;3600.044;2452.696;946.074;445.861;2452.234;3191.250;3600.138;2212.134;344.482;865.109;1786.743;287.704;834.220;0.121;3599.900;3599.957;1095.073;1495.120;2985.416;2348.949;2521.791;1357.181;2024.900;193.672;3377.064;0.105;231.343;3051.957;1802.689;2530.186;2150.225;2803.513;2278.447;717.437;3127.199;1149.191;3418.808;1178.099;3599.903;907.750;2214.085;359.375;484.634;2557.578;3270.272;43.225;2146.123;1212.260;441.094;1799.770;-0.096;3599.975;191.173;3358.263;2706.925;0.015;1680.713;3600.015;821.890;1923.756;2065.120;1180.765;511.318;1799.644;1639.969;3315.060;2002.652;1503.280;647.706;1321.089;1941.474;2421.354;3599.971;818.806;2853.906;1571.229;2640.976;0.005;2744.148;3377.007;0.244;1284.854;963.208;2951.487;201.871;1344.045;2459.569;3158.619;624.259;0.063;757.057;2858.221;0.020;2729.067;545.223;3095.592;3048.458;3599.765;1522.365
489,884.2395803928375,488,-563.2639601947712,563.2639601947712,0.0034029782328540963,878.111;1612.023;1954.656;0.051;1170.735;720.296;2562.471;457.066;-0.017;3599.934;2281.382;0.216;2569.191;552.226;743.015;887.480;2757.397;2156.371;631.774;1744.868;318.153;3599.832;2012.768;1726.458;1246.640;0.127;2687.608;2023.191;3037.454;3481.170;0.067;2115.193;0.100;2427.615;1711.451;1177.435;2779.498;2199.314;822.420;0.247;2896.593;3279.830;14.649;1850.175;1029.614;616.670;233.681;935.088;3600.069;625.258;1136.142;-0.040;2139.155;677.581;2887.481;1852.918;1791.201;3010.755;3600.063;3599.848;1418.226;3599.916;0.096;3031.802;2365.419;1864.448;1666.039;2871.354;2557.752;3323.256;243.159;347.315;2680.188;1243.088;1028.186;351.234;0.983;1422.454;2163.961;3144.709;3419.096;3599.980;1425.251;1586.515;781.218;3142.807;3191.574;3211.935;4.921;2392.645;3213.396;0.177;3599.850;1314.750;2497.647;5.783;3599.989;2292.199;3292.798;3599.992,1651.643;3599.923;2452.806;946.200;445.731;2452.359;3191.341;3600.012;2212.263;344.609;865.063;1786.867;287.834;834.348;0.243;3599.879;3599.955;1094.944;1494.991;2985.286;2348.819;2521.904;1357.305;2024.969;193.545;3377.192;0.214;231.215;3051.842;1802.588;2530.068;2150.348;2803.383;2278.366;717.308;3127.068;1149.320;3418.905;1177.975;3600.033;907.858;2214.189;359.247;484.657;2557.450;3270.238;43.355;2146.212;1212.382;441.224;1799.897;-0.164;3600.029;191.149;3358.144;2707.042;0.118;1680.582;3599.888;822.001;1923.626;2065.176;1180.714;511.292;1799.775;1639.860;3314.953;2002.528;1503.409;647.576;1321.211;1941.345;2421.225;3600.082;818.677;2854.028;1571.144;2640.845;-0.108;2744.063;3377.130;0.115;1284.723;963.335;2951.615;201.740;1344.066;2459.568;3158.701;624.334;-0.025;756.929;2858.344;0.063;2729.188;545.233;3095.721;3048.561;3599.881;1522.259
490,886.0852568149567,489,-563.2664237575749,563.2664237575749,0.0028761325457301165,878.169;1612.145;1954.564;0.160;1170.847;720.170;2562.538;456.998;0.080;3599.877;2281.507;0.100;2569.065;552.332;742.905;887.601;2757.360;2156.247;631.818;1744.964;318.277;3599.959;2012.896;1726.330;1246.692;0.003;2687.654;2023.299;3037.466;3481.156;-0.035;2115.195;-0.016;2427.565;1711.447;1177.317;2779.394;2199.222;822.292;0.123;2896.704;3279.707;14.738;1850.187;1029.726;616.589;233.697;934.978;3599.950;625.374;1136.147;0.077;2139.256;677.624;2887.601;1852.999;1791.074;3010.865;3599.940;3599.964;1418.116;3600.028;-0.030;3031.805;2365.293;1864.439;1666.150;2871.458;2557.853;3323.266;243.038;347.428;2680.077;1242.987;1028.174;351.318;1.077;1422.327;2164.058;3144.615;3419.223;3600.107;1425.128;1586.398;781.125;3142.901;3191.625;3211.863;5.029;2392.652;3213.272;0.058;3599.972;1314.629;2497.720;5.677;3599.879;2292.114;3292.756;3599.916,1651.767;3599.994;2452.915;946.268;445.625;2452.487;3191.465;3599.949;2212.384;344.585;864.991;1786.967;287.939;834.452;0.190;3599.997;3599.976;1094.816;1494.938;2985.165;2348.848;2522.028;1357.428;2024.930;193.512;3377.301;0.198;231.102;3051.775;1802.489;2529.940;2150.272;2803.261;2278.245;717.236;3126.944;1149.446;3418.789;1177.851;3600.012;907.904;2214.082;359.120;484.783;2557.322;3270.358;43.472;2146.172;1212.387;441.349;1799.859;-0.050;3600.147;191.269;3358.225;2707.170;0.080;1680.533;3599.939;822.073;1923.590;2065.302;1180.801;511.324;1799.896;1639.886;3314.833;2002.433;1503.363;647.514;1321.236;1941.217;2421.112;3599.959;818.556;2854.078;1571.163;2640.855;0.014;2743.937;3377.086;0.107;1284.602;963.341;2951.715;201.617;1343.947;2459.529;3158.826;624.302;-0.018;756.806;2858.234;-0.049;2729.160;545.114;3095.840;3048.673;3599.792;1522.138
491,887.9565875530243,490,-563.268320807855,563.268320807855,0.0038192611953775176,878.050;1612.184;1954.674;0.044;1170.909;720.127;2562.657;456.904;0.030;3599.986;2281.629;-0.023;2568.943;552.226;742.988;887.547;2757.245;2156.292;631.941;1744.847;318.400;3600.063;2012.908;1726.204;1246.629;-0.121;2687.763;2023.424;3037.580;3481.274;0.039;2115.316;-0.121;2427.651;1711.570;1177.191;2779.270;2199.342;822.168;0.002;2896.804;3279.690;14.862;1850.210;1029.829;616.710;233.580;935.003;3600.038;625.495;1136.257;0.037;2139.139;677.506;2887.720;1852.888;1790.972;3010.958;3600.019;3599.969;1418.020;3599.956;0.004;3031.925;2365.167;1864.320;1666.274;2871.582;2557.741;3323.146;242.993;347.482;2679.956;1242.926;1028.281;351.202;0.998;1422.367;2164.089;3144.682;3419.336;3599.997;1425.002;1586.272;781.227;3143.015;3191.505;3211.740;5.150;2392.747;3213.312;0.025;3600.091;1314.622;2497.821;5.554;3599.763;2292.232;3292.635;3600.016,1651.781;3600.114;2452.805;946.392;445.730;2452.601;3191.590;3599.886;2212.490;344.463;864.867;1787.089;287.978;834.363;0.164;3600.111;3600.001;1094.773;1494.822;2985.138;2348.801;2522.018;1357.337;2025.051;193.412;3377.369;0.314;230.996;3051.850;1802.365;2529.819;2150.353;2803.269;2278.120;717.347;3126.981;1149.376;3418.791;1177.940;3599.913;908.023;2214.004;359.230;484.876;2557.203;3270.298;43.457;2146.049;1212.266;441.360;1799.978;0.054;3600.027;191.169;3358.113;2707.144;0.104;1680.494;3600.058;822.192;1923.664;2065.399;1180.690;511.438;1799.930;1639.961;3314.708;2002.326;1503.483;647.435;1321.349;1941.162;2421.177;3599.964;818.527;2854.159;1571.047;2640.930;-0.016;2744.016;3377.201;0.152;1284.606;963.289;2951.824;201.509;1344.065;2459.643;3158.802;624.280;0.055;756.709;2858.143;0.064;2729.038;544.990;3095.831;3048.573;3599.908;1522.034
492,889.6520190238953,491,-563.2709602940907,563.2709602940907,0.004032297376372665,877.930;1612.133;1954.586;-0.079;1170.801;720.009;2562.556;457.008;-0.052;3600.106;2281.705;0.071;2569.004;552.103;742.932;887.558;2757.323;2156.413;631.886;1744.953;318.491;3599.949;2012.790;1726.131;1246.745;-0.003;2687.648;2023.535;3037.621;3481.384;0.001;2115.288;-0.002;2427.535;1711.528;1177.094;2779.380;2199.251;822.230;0.039;2896.732;3279.805;14.818;1850.091;1029.736;616.677;233.698;935.123;3599.943;625.523;1136.379;-0.076;2139.082;677.486;2887.842;1852.989;1790.877;3010.850;3600.133;3600.074;1418.062;3599.909;-0.078;3031.838;2365.114;1864.364;1666.222;2871.608;2557.767;3323.038;243.003;347.363;2680.040;1242.807;1028.399;351.240;0.890;1422.278;2164.166;3144.568;3419.244;3599.929;1425.011;1586.355;781.124;3143.125;3191.391;3211.822;5.176;2392.648;3213.212;0.144;3599.975;1314.527;2497.936;5.510;3599.873;2292.198;3292.587;3599.919,1651.695;3599.997;2452.842;946.492;445.847;2452.574;3191.512;3599.993;2212.399;344.534;864.836;1787.193;288.097;834.272;0.044;3599.992;3600.121;1094.800;1494.720;2985.158;2348.898;2522.125;1357.443;2024.953;193.525;3377.489;0.203;231.003;3051.923;1802.301;2529.900;2150.267;2803.165;2278.161;717.246;3127.013;1149.481;3418.673;1177.826;3600.024;907.930;2214.113;359.150;484.758;2557.083;3270.181;43.567;2146.157;1212.189;441.432;1799.917;-0.055;3599.989;191.265;3358.218;2707.258;0.027;1680.375;3599.947;822.100;1923.549;2065.315;1180.746;511.319;1800.045;1640.079;3314.810;2002.317;1503.381;647.550;1321.297;1941.229;2421.291;3600.038;818.645;2854.281;1571.028;2640.859;-0.045;2743.954;3377.143;0.036;1284.694;963.407;2951.937;201.550;1344.021;2459.526;3158.682;624.400;-0.063;756.615;2858.037;0.029;2729.096;545.055;3095.787;3048.659;3600.031;1522.106
493,891.479948759079,492,-563.2702927979478,563.2702927979478,0.0029069519745625397,877.809;1612.244;1954.467;0.023;1170.705;719.919;2562.444;457.128;0.063;3599.991;2281.596;-0.005;2568.899;552.004;742.813;887.667;2757.441;2156.514;631.816;1745.074;318.497;3600.023;2012.679;1726.028;1246.822;-0.032;2687.528;2023.656;3037.736;3481.500;-0.097;2115.374;-0.048;2427.415;1711.620;1177.193;2779.489;2199.219;822.344;-0.065;2896.848;3279.862;14.853;1849.971;1029.616;616.560;233.818;935.066;3600.050;625.632;1136.500;0.039;2139.136;677.594;2887.952;1853.109;1790.757;3010.730;3600.020;3599.957;1418.007;3599.878;0.037;3031.718;2365.152;1864.254;1666.106;2871.693;2557.882;3322.922;242.886;347.446;2680.158;1242.686;1028.360;351.358;0.772;1422.167;2164.276;3144.452;3419.124;3599.957;1425.129;1586.474;781.010;3143.245;3191.289;3211.728;5.283;2392.763;3213.099;0.193;3600.049;1314.407;2497.866;5.392;3599.831;2292.083;3292.673;3599.801,1651.799;3599.977;2452.833;946.383;445.891;2452.456;3191.439;3600.064;2212.279;344.651;864.743;1787.126;288.198;834.159;-0.028;3599.948;3600.006;1094.711;1494.816;2985.060;2349.017;2522.012;1357.377;2024.886;193.640;3377.602;0.087;231.115;3051.812;1802.207;2529.816;2150.147;2803.277;2278.279;717.127;3127.131;1149.583;3418.552;1177.925;3599.933;907.814;2214.175;359.183;484.700;2557.198;3270.098;43.455;2146.274;1212.079;441.318;1799.798;0.053;3600.083;191.384;3358.251;2707.162;0.137;1680.482;3600.020;822.203;1923.615;2065.397;1180.725;511.324;1800.165;1640.183;3314.930;2002.385;1503.263;647.653;1321.410;1941.115;2421.402;3599.950;818.764;2854.176;1571.146;2640.898;0.068;2743.852;3377.235;0.082;1284.582;963.460;2951.824;201.434;1343.936;2459.632;3158.768;624.289;0.001;756.649;2857.918;-0.087;2729.213;544.992;3095.903;3048.726;3599.932;1522.001
494,893.3366463184357,493,-563.2695259171355,563.2695259171355,0.0022322028042492162,877.716;1612.136;1954.527;-0.053;1170.587;720.030;2562.546;457.176;0.008;3600.021;2281.595;-0.115;2568.793;551.888;742.903;887.784;2757.503;2156.614;631.927;1745.027;318.474;3599.968;2012.746;1725.923;1246.939;0.036;2687.481;2023.722;3037.632;3481.618;0.017;2115.347;0.056;2427.429;1711.705;1177.310;2779.540;2199.281;822.457;0.045;2896.774;3279.976;14.968;1849.957;1029.598;616.548;233.775;935.055;3599.949;625.526;1136.495;0.039;2139.026;677.489;2887.866;1853.060;1790.722;3010.704;3600.047;3599.971;1418.122;3599.763;0.055;3031.638;2365.268;1864.325;1666.005;2871.583;2557.804;3322.803;242.948;347.347;2680.154;1242.748;1028.454;351.454;0.861;1422.266;2164.164;3144.515;3419.032;3600.045;1425.092;1586.476;780.948;3143.187;3191.224;3211.826;5.176;2392.721;3213.206;0.306;3599.954;1314.467;2497.955;5.285;3599.833;2292.178;3292.788;3599.895,1651.715;3599.931;2452.947;946.454;446.001;2452.416;3191.415;3599.952;2212.218;344.561;864.841;1787.230;288.105;834.051;0.047;3600.012;3600.027;1094.817;1494.735;2985.168;2348.938;2521.982;1357.266;2024.954;193.694;3377.538;0.021;231.011;3051.703;1802.113;2529.929;2150.231;2803.341;2278.373;717.165;3127.040;1149.477;3418.623;1177.844;3600.033;907.748;2214.286;359.297;484.608;2557.208;3270.209;43.375;2146.283;1211.985;441.275;1799.800;0.058;3599.974;191.382;3358.332;2707.102;0.256;1680.500;3599.927;822.112;1923.515;2065.510;1180.836;511.390;1800.133;1640.075;3314.866;2002.501;1503.326;647.730;1321.521;1941.207;2421.305;3599.860;818.699;2854.169;1571.074;2640.786;-0.033;2743.961;3377.143;0.007;1284.677;963.349;2951.866;201.346;1343.824;2459.564;3158.668;624.379;0.112;756.750;2857.979;0.021;2729.130;544.934;3095.821;3048.835;3600.036;1521.884
495,895.2131838798523,494,-563.2705431695176,563.2705431695176,0.0035774138677684753,877.604;1612.091;1954.520;0.058;1170.592;719.944;2562.659;457.285;-0.016;3599.928;2281.483;-0.005;2568.685;551.821;742.888;887.893;2757.615;2156.550;631.846;1745.062;318.584;3600.041;2012.760;1726.014;1246.871;-0.057;2687.448;2023.616;3037.707;3481.535;0.059;2115.447;0.066;2427.322;1711.817;1177.208;2779.452;2199.225;822.354;-0.027;2896.871;3280.045;15.071;1850.060;1029.692;616.437;233.670;935.150;3600.037;625.598;1136.576;0.097;2139.091;677.495;2887.957;1853.163;1790.813;3010.777;3599.941;3600.069;1418.238;3599.875;-0.056;3031.523;2365.162;1864.244;1665.917;2871.469;2557.805;3322.907;242.891;347.438;2680.266;1242.858;1028.346;351.362;0.795;1422.155;2164.053;3144.611;3419.061;3600.147;1425.183;1586.582;780.948;3143.123;3191.334;3211.793;5.220;2392.730;3213.291;0.196;3599.968;1314.555;2497.873;5.182;3599.723;2292.075;3292.905;3599.857,1651.815;3599.839;2453.052;946.343;445.913;2452.490;3191.301;3599.906;2212.324;344.665;864.957;1787.345;288.122;834.145;-0.049;3600.107;3599.942;1094.933;1494.628;2985.278;2348.824;2521.960;1357.149;2024.846;193.644;3377.639;0.111;231.117;3051.711;1802.225;2530.030;2150.337;2803.349;2278.477;717.058;3127.058;1149.536;3418.730;1177.947;3599.945;907.853;2214.178;359.368;484.493;2557.279;3270.169;43.421;2146.187;1212.087;441.161;1799.778;-0.031;3599.937;191.409;3358.220;2706.991;0.153;1680.387;3599.894;822.004;1923.401;2065.486;1180.952;511.504;1800.235;1640.016;3314.891;2002.495;1503.388;647.618;1321.420;1941.111;2421.190;3599.967;818.670;2854.110;1571.182;2640.896;-0.042;2743.867;3377.250;-0.106;1284.599;963.420;2951.970;201.231;1343.838;2459.613;3158.574;624.441;0.063;756.864;2858.055;0.027;2729.204;544.861;3095.903;3048.950;3599.983;1521.975
496,896.9191601276398,495,-563.2709395021409,563.2709395021409,0.002934473609739758,877.691;1612.188;1954.410;0.066;1170.499;719.868;2562.567;457.258;0.063;3599.897;2281.383;-0.003;2568.788;551.927;742.781;887.788;2757.611;2156.438;631.734;1745.170;318.697;3599.935;2012.650;1726.127;1246.970;0.044;2687.336;2023.554;3037.782;3481.625;-0.004;2115.337;-0.037;2427.350;1711.929;1177.313;2779.534;2199.113;822.458;0.012;2896.981;3280.151;14.967;1849.976;1029.620;616.338;233.769;935.040;3599.949;625.710;1136.687;0.207;2139.203;677.388;2888.070;1853.170;1790.926;3010.668;3599.940;3599.964;1418.338;3599.963;-0.015;3031.553;2365.252;1864.141;1665.804;2871.453;2557.910;3322.902;242.995;347.365;2680.376;1242.760;1028.424;351.442;0.691;1422.185;2164.138;3144.516;3418.989;3600.037;1425.266;1586.673;780.837;3143.229;3191.421;3211.896;5.200;2392.840;3213.257;0.190;3600.054;1314.450;2497.809;5.077;3599.817;2291.964;3292.869;3599.752,1651.770;3599.824;2453.020;946.343;445.801;2452.390;3191.285;3599.996;2212.313;344.774;865.044;1787.439;288.232;834.049;-0.146;3599.997;3600.018;1094.975;1494.697;2985.391;2348.810;2521.890;1357.183;2024.732;193.754;3377.753;0.005;231.207;3051.683;1802.305;2529.962;2150.444;2803.444;2278.582;716.947;3126.969;1149.641;3418.656;1177.976;3600.024;907.864;2214.088;359.262;484.435;2557.391;3270.060;43.360;2146.287;1212.199;441.065;1799.669;0.033;3600.027;191.520;3358.130;2706.897;0.039;1680.374;3600.001;821.890;1923.366;2065.377;1181.064;511.412;1800.154;1639.904;3315.001;2002.602;1503.280;647.685;1321.313;1941.014;2421.205;3600.076;818.779;2854.213;1571.221;2640.921;0.066;2743.821;3377.186;0.004;1284.497;963.529;2951.887;201.139;1343.742;2459.713;3158.468;624.350;-0.049;756.903;2857.957;-0.076;2729.316;544.971;3096.010;3048.957;3600.027;1521.945
497,898.7647416591644,496,-563.2718922151987,563.2718922151987,0.0034561640562022415,877.600;1612.083;1954.359;-0.012;1170.574;719.910;2562.663;457.367;-0.043;3600.000;2281.465;0.095;2568.687;551.995;742.883;887.683;2757.716;2156.508;631.826;1745.272;318.806;3599.984;2012.751;1726.078;1247.074;-0.020;2687.240;2023.643;3037.687;3481.714;-0.114;2115.226;0.062;2427.243;1711.888;1177.379;2779.507;2199.172;822.401;0.116;2896.907;3280.263;14.862;1849.891;1029.666;616.424;233.696;934.988;3600.008;625.617;1136.797;0.160;2139.112;677.298;2888.175;1853.278;1790.861;3010.655;3599.935;3600.009;1418.444;3599.937;-0.080;3031.450;2365.235;1864.242;1665.813;2871.362;2558.021;3323.009;242.993;347.267;2680.487;1242.779;1028.533;351.551;0.581;1422.136;2164.054;3144.405;3419.095;3599.964;1425.217;1586.570;780.853;3143.336;3191.442;3211.902;5.091;2392.747;3213.148;0.197;3599.951;1314.343;2497.916;5.089;3599.923;2291.855;3292.975;3599.789,1651.878;3599.932;2453.128;946.359;445.890;2452.483;3191.389;3600.083;2212.401;344.689;865.143;1787.550;288.344;833.939;-0.038;3599.972;3600.095;1094.871;1494.590;2985.482;2348.831;2521.783;1357.081;2024.622;193.848;3377.863;-0.015;231.237;3051.573;1802.225;2530.020;2150.555;2803.553;2278.644;717.029;3126.859;1149.736;3418.548;1177.942;3599.923;907.756;2214.016;359.344;484.334;2557.362;3270.147;43.251;2146.394;1212.106;441.117;1799.577;-0.056;3599.933;191.626;3358.020;2706.789;-0.068;1680.471;3600.112;821.795;1923.257;2065.417;1181.175;511.505;1800.247;1639.994;3315.107;2002.714;1503.215;647.609;1321.383;1940.913;2421.098;3599.971;818.823;2854.147;1571.214;2640.819;-0.022;2743.928;3377.076;0.018;1284.584;963.641;2951.824;201.083;1343.631;2459.810;3158.558;624.404;0.043;756.993;2857.878;0.023;2729.221;545.078;3096.118;3049.065;3599.920;1521.835
498,900.6234633922577,497,-563.2719138578602,563.2719138578602,0.002824063082864853,877.697;1612.049;1954.254;-0.120;1170.682;720.017;2562.772;457.272;0.050;3599.998;2281.430;-0.004;2568.721;552.103;742.952;887.575;2757.612;2156.410;631.731;1745.171;318.913;3599.926;2012.726;1726.004;1246.998;-0.053;2687.331;2023.539;3037.788;3481.736;-0.018;2115.176;0.036;2427.136;1711.989;1177.442;2779.400;2199.241;822.482;0.044;2896.978;3280.197;14.839;1849.994;1029.747;616.533;233.772;934.884;3599.911;625.531;1136.901;0.057;2139.016;677.190;2888.283;1853.264;1790.963;3010.751;3600.039;3600.105;1418.416;3600.039;0.021;3031.457;2365.332;1864.331;1665.920;2871.462;2557.938;3322.974;243.099;347.158;2680.522;1242.683;1028.531;351.507;0.674;1422.237;2164.155;3144.471;3419.205;3599.921;1425.110;1586.488;780.945;3143.415;3191.549;3211.993;5.174;2392.755;3213.234;0.303;3599.921;1314.439;2497.829;5.087;3600.018;2291.751;3292.884;3599.897,1651.963;3600.020;2453.216;946.258;445.998;2452.586;3191.492;3599.977;2212.510;344.736;865.252;1787.656;288.397;833.962;0.044;3600.047;3599.989;1094.890;1494.632;2985.390;2348.843;2521.884;1357.105;2024.528;193.751;3377.833;0.090;231.338;3051.648;1802.194;2529.914;2150.665;2803.486;2278.544;716.932;3126.755;1149.657;3418.528;1177.835;3600.006;907.695;2213.908;359.253;484.244;2557.417;3270.251;43.335;2146.305;1212.004;441.122;1799.640;-0.021;3599.938;191.581;3357.975;2706.886;-0.003;1680.399;3600.017;821.686;1923.149;2065.524;1181.282;511.596;1800.153;1639.899;3315.129;2002.820;1503.316;647.700;1321.281;1940.803;2421.052;3599.950;818.751;2854.235;1571.114;2640.903;0.037;2743.848;3377.085;-0.071;1284.668;963.592;2951.928;200.976;1343.712;2459.749;3158.662;624.509;0.023;757.101;2857.953;0.094;2729.113;545.187;3096.199;3049.067;3599.936;1521.845
499,902.516902923584,498,-563.2744904952749,563.2744904952749,0.0037926641505726935,877.632;1611.944;1954.184;-0.091;1170.589;720.059;2562.714;457.332;0.091;3600.084;2281.325;-0.085;2568.620;552.013;743.057;887.661;2757.659;2156.479;631.777;1745.220;318.920;3600.027;2012.808;1725.924;1246.903;0.049;2687.268;2023.482;3037.863;3481.637;0.071;2115.077;-0.066;2427.060;1711.893;1177.418;2779.340;2199.347;822.490;-0.061;2897.074;3280.292;14.941;1850.039;1029.852;616.466;233.825;934.801;3600.001;625.425;1137.000;-0.045;2138.912;677.222;2888.377;1853.364;1791.069;3010.849;3599.951;3600.005;1418.520;3599.984;-0.075;3031.360;2365.323;1864.255;1665.926;2871.364;2557.987;3322.989;243.199;347.240;2680.621;1242.782;1028.428;351.402;0.671;1422.343;2164.161;3144.375;3419.266;3599.988;1425.017;1586.478;780.851;3143.313;3191.599;3212.099;5.276;2392.653;3213.324;0.394;3600.022;1314.532;2497.922;5.012;3599.916;2291.664;3292.956;3599.844,1652.056;3599.933;2453.322;946.152;445.900;2452.677;3191.395;3599.939;2212.582;344.834;865.279;1787.604;288.500;833.956;0.020;3599.951;3600.029;1094.815;1494.726;2985.487;2348.738;2521.989;1357.207;2024.622;193.732;3377.934;0.031;231.445;3051.548;1802.091;2529.993;2150.748;2803.380;2278.639;716.840;3126.655;1149.572;3418.630;1177.842;3600.112;907.787;2213.804;359.166;484.275;2557.491;3270.344;43.376;2146.238;1212.087;441.227;1799.541;-0.084;3600.024;191.683;3357.871;2706.945;-0.092;1680.491;3599.960;821.616;1923.155;2065.630;1181.390;511.702;1800.055;1639.803;3315.034;2002.922;1503.253;647.599;1321.190;1940.819;2420.947;3600.020;818.647;2854.339;1571.007;2640.874;-0.057;2743.822;3377.031;0.026;1284.568;963.489;2951.869;200.869;1343.619;2459.648;3158.674;624.616;0.028;757.191;2857.870;0.041;2729.022;545.238;3096.303;3049.171;3599.885;1521.771
500,904.226160287857,499,-563.2734010338993,563.2734010338993,0.003402581904090845,877.529;1611.958;1954.095;0.011;1170.547;719.959;2562.771;457.379;0.066;3599.982;2281.407;0.006;2568.595;551.927;743.076;887.617;2757.624;2156.404;631.859;1745.210;318.915;3600.106;2012.825;1725.823;1246.798;-0.003;2687.295;2023.382;3037.958;3481.543;0.134;2115.070;0.023;2426.978;1711.960;1177.316;2779.243;2199.305;822.397;-0.061;2897.179;3280.227;15.039;1850.141;1029.958;616.539;233.730;934.697;3600.086;625.417;1137.073;0.054;2139.003;677.169;2888.476;1853.330;1791.021;3010.941;3599.876;3600.008;1418.612;3600.084;0.008;3031.256;2365.222;1864.151;1665.863;2871.352;2557.973;3323.090;243.148;347.344;2680.711;1242.875;1028.482;351.345;0.601;1422.258;2164.154;3144.437;3419.357;3600.092;1425.061;1586.376;780.766;3143.216;3191.682;3211.999;5.335;2392.610;3213.423;0.308;3599.976;1314.612;2497.909;4.908;3599.866;2291.682;3292.936;3599.757,1652.160;3599.862;2453.244;946.058;445.833;2452.616;3191.302;3599.972;2212.624;344.911;865.212;1787.549;288.448;833.990;-0.024;3599.986;3599.951;1094.904;1494.637;2985.394;2348.635;2522.094;1357.279;2024.660;193.635;3377.949;-0.050;231.363;3051.445;1802.179;2530.082;2150.836;2803.276;2278.742;716.737;3126.724;1149.468;3418.735;1177.941;3600.016;907.891;2213.729;359.078;484.378;2557.590;3270.428;43.479;2146.135;1212.004;441.155;1799.616;-0.002;3599.926;191.638;3357.772;2706.946;0.008;1680.508;3599.985;821.701;1923.235;2065.731;1181.471;511.806;1800.006;1639.699;3314.930;2002.843;1503.347;647.507;1321.264;1940.845;2420.862;3600.119;818.722;2854.444;1571.027;2640.873;0.036;2743.719;3377.128;0.052;1284.471;963.387;2951.926;200.764;1343.667;2459.581;3158.573;624.644;0.128;757.254;2857.968;-0.055;2728.978;545.232;3096.395;3049.246;3599.982;1521.667
