eval,time_s,iter,obj,aep,rms_viol,x,y
1,0.0,0,-505.96430341191297,505.96430341191297,4.091969577291904,3481.307;1970.036;3501.664;2573.338;2511.824;777.922;3514.588;22.429;910.737;1565.250;2805.779;711.666;3106.776;3540.242;589.832;2150.402;32.350;1391.657;158.976;3443.951;1570.128;3416.318;2830.702;3118.641;623.396;269.815;2162.674;604.700;2640.169;1470.398;1900.472;3375.258;1878.106;389.496;569.604;1962.730;1887.855;2295.397;1445.384;2339.298;1428.840;2246.098;2762.658;644.306;1352.073;1809.119;2472.001;913.247;1997.067;2249.751;3223.804;1306.273;2295.205;689.207;1792.059;656.803;3306.179;1554.559;2988.677;1500.395;3256.803;1457.371;1192.228;2059.700;3043.597;3099.652;2144.477;304.782;2150.160;883.633;2637.336;3220.745;1853.042;2172.829;234.244;1944.269;465.072;2212.426;1309.141;2763.929;174.723;395.345;2462.484;1852.753;2057.909;3037.345;1755.856;2916.520;1836.877;3336.194;2400.940;535.417;1312.391;3116.790;1261.027;680.493;1701.437;1414.012;2228.148;1572.359,939.320;1484.900;1508.523;3248.719;3526.619;2244.848;299.463;2638.795;2443.267;2973.682;1250.825;211.968;2202.559;446.453;2734.306;2859.924;1471.056;3397.671;625.607;3393.309;1675.763;2746.777;2710.153;3532.356;3503.801;144.328;57.497;1955.845;121.959;2366.945;1925.649;2399.610;1588.827;980.897;3418.808;2621.770;22.766;357.580;2274.092;1036.933;1467.438;2813.512;1274.924;3332.911;2593.628;1986.935;651.473;1474.529;2746.374;3566.869;265.149;485.109;2664.161;3001.613;319.582;2985.905;2832.236;2477.597;1223.735;1600.346;1318.810;3025.678;1181.960;1161.270;3367.047;3311.954;3487.227;2907.176;312.896;327.278;2005.495;3082.262;3183.112;2292.655;3440.897;546.788;797.691;1196.983;924.498;1123.938;426.404;1351.225;107.186;1936.014;3404.982;1602.451;2246.952;2202.524;3360.165;2644.269;2969.355;1209.058;3266.873;666.753;1468.736;2654.827;1200.443;3190.083;3098.361;594.425
2,1.7128334045410156,1,-514.1470823756879,514.1470823756879,2.674870533174176,3465.307;1986.036;3517.664;2589.338;2495.824;793.922;3498.588;6.429;894.737;1581.250;2821.779;695.666;3122.776;3556.242;573.832;2134.402;16.350;1407.657;142.976;3459.951;1586.128;3432.318;2846.702;3134.641;639.396;285.815;2178.674;588.700;2656.169;1454.398;1916.472;3391.258;1862.106;373.496;553.604;1946.730;1903.855;2311.397;1429.384;2323.298;1412.840;2262.098;2746.658;660.306;1336.073;1793.119;2488.001;897.247;2013.067;2265.751;3207.804;1290.273;2311.205;705.207;1776.059;640.803;3290.179;1570.559;3004.677;1516.395;3272.803;1441.371;1176.228;2043.700;3027.597;3115.652;2128.477;288.782;2134.160;899.633;2621.336;3204.745;1837.042;2188.829;218.244;1928.269;481.072;2228.426;1325.141;2747.929;158.723;411.345;2446.484;1836.753;2041.909;3021.345;1739.856;2900.520;1820.877;3320.194;2384.940;519.417;1296.391;3132.790;1245.027;696.493;1685.437;1430.012;2244.148;1588.359,923.320;1468.900;1524.523;3232.719;3542.619;2228.848;283.463;2654.795;2427.267;2957.682;1266.825;227.968;2186.559;462.453;2750.306;2875.924;1455.056;3413.671;641.607;3409.309;1691.763;2762.777;2726.153;3548.356;3519.801;128.328;41.497;1971.845;137.959;2350.945;1909.649;2415.610;1604.827;996.897;3402.808;2605.770;6.766;373.580;2258.092;1020.933;1451.438;2829.512;1290.924;3316.911;2609.628;2002.935;667.473;1490.529;2762.374;3582.869;281.149;469.109;2648.161;3017.613;335.582;2969.905;2848.236;2493.597;1207.735;1616.346;1334.810;3041.678;1197.960;1177.270;3383.047;3295.954;3471.227;2891.176;296.896;311.278;1989.495;3098.262;3167.112;2308.655;3424.897;562.788;781.691;1180.983;908.498;1107.938;410.404;1367.225;91.186;1920.014;3388.982;1586.451;2230.952;2218.524;3344.165;2628.269;2953.355;1193.058;3250.873;682.753;1452.736;2638.827;1184.443;3174.083;3114.361;610.425
3,3.568537712097168,2,-518.0009236788758,518.0009236788758,1.3155932375651427,3477.678;1988.830;3533.988;2576.935;2510.664;809.694;3492.310;-9.567;878.411;1583.721;2837.290;679.438;3137.435;3566.329;566.921;2118.161;13.441;1405.307;146.352;3459.142;1601.955;3436.877;2837.925;3119.043;655.719;285.906;2194.708;587.388;2669.367;1456.958;1932.779;3407.584;1858.681;386.040;537.297;1940.380;1920.166;2316.182;1413.709;2309.659;1420.967;2278.372;2730.352;676.608;1322.567;1776.891;2479.150;911.979;2012.502;2269.449;3197.618;1275.410;2307.691;719.820;1791.519;626.525;3283.968;1571.940;3020.364;1500.601;3260.102;1437.040;1159.902;2041.148;3011.293;3131.975;2144.072;292.002;2127.841;907.996;2636.580;3219.802;1851.202;2174.047;203.196;1912.195;497.390;2232.867;1314.362;2749.382;147.007;403.624;2461.937;1820.680;2025.942;3005.160;1733.973;2884.657;1804.642;3319.692;2399.660;503.194;1280.928;3148.695;1237.311;701.770;1669.146;1446.269;2260.174;1572.962,907.280;1463.812;1508.882;3221.679;3558.894;2212.526;280.633;2670.862;2440.014;2956.249;1273.743;238.628;2191.595;465.238;2756.202;2891.770;1468.884;3423.031;631.642;3425.577;1707.914;2752.217;2736.477;3564.475;3535.925;117.991;25.225;1955.935;154.083;2366.704;1893.655;2399.990;1613.896;981.133;3386.482;2600.638;-6.011;373.342;2242.053;1005.379;1446.791;2819.074;1296.075;3300.890;2625.683;2019.190;662.823;1506.839;2762.501;3583.072;265.620;452.873;2643.634;3032.459;322.600;2954.465;2855.236;2495.488;1202.681;1602.133;1342.456;3026.580;1182.364;1193.593;3398.969;3279.791;3487.014;2900.627;287.341;295.004;2004.792;3113.005;3174.939;2304.474;3439.177;579.055;786.048;1196.833;922.470;1100.778;397.936;1379.957;74.873;1903.732;3372.788;1602.285;2215.497;2205.052;3329.283;2622.336;2940.937;1193.528;3264.930;699.080;1436.532;2632.582;1168.842;3184.436;3107.910;626.727
4,5.450301170349121,3,-520.2980226112772,520.2980226112772,0.40670388505470506,3462.681;1985.605;3532.046;2561.508;2524.049;822.271;3502.232;4.823;882.067;1586.137;2853.480;662.981;3150.197;3559.238;558.756;2115.804;5.714;1413.587;131.075;3474.933;1618.272;3444.281;2848.387;3104.558;664.283;275.082;2210.537;571.442;2672.373;1472.004;1947.052;3413.064;1852.314;402.333;531.919;1953.751;1906.526;2320.612;1397.277;2304.778;1430.439;2280.478;2714.082;680.837;1306.233;1765.499;2462.989;899.737;1996.697;2285.401;3199.451;1270.713;2310.765;735.914;1789.823;610.344;3284.071;1576.971;3036.521;1484.290;3261.818;1427.549;1147.750;2038.876;3009.426;3135.836;2129.876;277.597;2124.071;921.844;2652.591;3207.278;1863.918;2159.197;187.051;1906.027;511.162;2234.427;1328.761;2756.570;138.288;418.163;2476.494;1804.482;2024.481;2988.888;1725.238;2870.838;1788.210;3314.568;2406.759;489.221;1276.304;3164.515;1244.939;704.590;1652.736;1451.412;2276.468;1558.506,904.379;1456.767;1520.878;3206.577;3575.336;2197.680;274.182;2687.271;2439.203;2940.985;1263.280;249.568;2207.306;468.875;2754.135;2904.242;1481.470;3426.421;622.927;3418.570;1724.291;2736.327;2738.868;3570.089;3540.183;102.610;10.563;1956.850;155.120;2383.072;1885.835;2400.723;1615.181;979.732;3400.288;2595.431;9.284;381.831;2225.775;992.024;1442.168;2809.665;1303.748;3292.898;2639.955;2034.105;648.378;1509.692;2773.208;3598.858;267.113;450.553;2636.276;3048.694;306.294;2938.193;2861.629;2492.722;1206.710;1585.984;1327.638;3010.314;1168.595;1198.805;3408.100;3272.844;3473.644;2916.740;283.266;288.388;1993.269;3098.868;3181.737;2306.530;3424.358;595.194;773.094;1189.858;932.666;1097.786;404.117;1390.507;58.408;1887.435;3369.186;1598.669;2216.239;2188.932;3343.945;2621.317;2924.666;1184.072;3274.485;696.579;1444.790;2626.383;1173.030;3200.653;3111.876;622.451
5,7.382902145385742,4,-521.6742409783744,521.6742409783744,0.20101650827069387,3446.426;1971.515;3547.196;2565.088;2515.455;837.896;3516.254;8.205;895.379;1591.620;2869.739;675.535;3163.446;3562.662;547.017;2115.542;-8.942;1410.518;140.826;3491.065;1622.653;3447.390;2860.792;3103.472;664.655;269.451;2226.998;580.283;2686.062;1456.801;1962.880;3411.064;1866.925;388.213;530.614;1963.266;1890.820;2324.478;1385.555;2320.466;1414.846;2277.311;2697.783;677.479;1318.131;1752.599;2477.704;898.577;1996.229;2290.024;3183.955;1273.601;2324.651;742.818;1774.266;604.925;3276.023;1593.094;3050.020;1494.803;3276.003;1413.422;1139.216;2048.435;3003.335;3140.838;2142.642;264.398;2111.692;933.976;2648.512;3209.088;1848.771;2143.597;170.827;1920.086;495.715;2233.707;1345.049;2770.132;122.425;404.868;2461.139;1787.993;2008.593;2991.775;1709.074;2854.524;1790.828;3327.687;2399.747;503.780;1272.473;3180.933;1229.050;699.228;1653.507;1458.582;2290.400;1568.715,894.748;1450.366;1514.583;3220.265;3567.248;2185.219;262.969;2700.552;2455.151;2941.743;1247.031;235.622;2193.612;466.146;2742.261;2915.060;1490.245;3434.514;613.598;3434.237;1727.060;2720.208;2754.455;3564.248;3546.770;90.384;-5.853;1951.979;140.238;2371.170;1880.841;2385.085;1620.268;995.616;3401.231;2596.138;17.607;375.987;2225.131;975.810;1426.050;2814.525;1319.225;3285.720;2649.011;2050.098;640.068;1525.695;2772.150;3606.925;282.864;438.403;2632.385;3053.146;302.684;2934.324;2875.191;2508.657;1222.819;1600.252;1328.679;3004.048;1153.842;1213.398;3416.246;3270.262;3487.131;2932.882;273.516;303.516;1978.537;3082.961;3166.148;2322.478;3422.494;610.237;756.800;1174.001;946.831;1096.427;388.375;1376.383;69.991;1871.031;3353.139;1608.222;2200.535;2203.281;3355.310;2619.940;2911.289;1168.630;3273.152;710.908;1460.920;2616.641;1183.751;3207.977;3122.586;623.378
6,9.098029851913452,5,-523.5363676356624,523.5363676356624,0.28208794352541505,3450.186;1957.822;3553.004;2580.603;2526.625;848.655;3526.199;4.534;890.110;1593.277;2873.038;686.818;3179.005;3577.373;546.533;2118.612;6.875;1398.388;150.248;3500.989;1631.641;3463.493;2876.927;3093.454;675.610;285.047;2237.602;564.504;2697.738;1449.910;1967.655;3426.843;1877.526;376.717;526.730;1976.969;1898.320;2326.145;1392.576;2319.536;1416.205;2261.224;2692.226;667.481;1323.497;1763.604;2480.708;882.875;1985.207;2290.464;3167.557;1261.669;2328.065;747.912;1765.842;600.647;3284.130;1599.358;3064.196;1489.526;3268.677;1407.568;1141.890;2061.206;3000.591;3134.594;2142.716;272.512;2103.071;949.872;2664.101;3224.356;1859.048;2155.057;154.724;1933.349;490.165;2236.156;1360.056;2785.599;105.999;408.564;2453.756;1784.454;2007.754;3004.344;1692.601;2838.035;1775.762;3311.766;2415.811;506.578;1271.473;3195.448;1213.043;708.292;1638.364;1463.130;2303.777;1579.325,909.767;1458.818;1500.926;3235.900;3573.537;2179.049;255.334;2685.365;2464.611;2947.621;1249.119;234.242;2181.519;470.744;2748.098;2928.318;1474.732;3447.763;599.283;3449.528;1723.060;2736.164;2758.998;3578.288;3554.509;74.166;-18.584;1965.868;146.391;2368.088;1893.255;2385.732;1626.453;988.184;3410.076;2583.542;19.440;391.145;2222.285;970.888;1419.435;2798.569;1319.319;3283.565;2658.471;2036.909;655.484;1539.431;2778.961;3606.739;275.604;423.865;2629.574;3055.615;316.386;2936.196;2878.851;2510.284;1212.770;1606.557;1344.582;3001.116;1165.507;1229.518;3424.225;3262.608;3491.016;2932.547;257.489;303.054;1964.954;3070.781;3166.114;2330.942;3435.010;603.863;762.125;1171.735;931.919;1083.209;374.922;1390.139;83.958;1864.836;3347.074;1624.314;2216.495;2219.188;3371.535;2603.850;2927.204;1152.461;3274.179;706.448;1453.099;2610.545;1169.919;3209.492;3107.146;621.212
7,10.964076042175293,6,-525.384098700823,525.384098700823,0.22706628300968187,3465.875;1941.790;3568.905;2590.858;2539.564;841.122;3541.265;-0.934;875.408;1589.075;2870.772;671.034;3193.856;3575.724;558.110;2108.908;21.342;1410.651;159.190;3516.559;1634.942;3466.316;2889.391;3086.831;682.617;299.373;2252.112;571.563;2708.040;1464.422;1972.347;3415.162;1893.487;365.634;529.998;1981.697;1891.900;2338.493;1376.639;2332.356;1417.104;2257.664;2689.431;668.688;1312.859;1774.706;2487.858;882.698;1992.558;2295.255;3162.235;1245.360;2336.301;758.944;1750.701;593.887;3299.430;1598.774;3074.713;1484.335;3284.629;1396.115;1126.450;2048.293;3011.019;3144.883;2137.283;256.761;2090.649;966.274;2650.022;3239.857;1873.473;2169.987;138.790;1947.597;474.492;2251.418;1375.506;2798.164;102.659;394.244;2466.208;1776.388;2008.761;3009.845;1693.654;2823.061;1783.737;3309.278;2418.344;515.823;1256.827;3209.823;1197.036;693.215;1640.079;1463.832;2318.578;1564.055,898.053;1444.486;1485.366;3223.256;3557.662;2162.908;252.215;2670.110;2449.276;2934.707;1255.971;218.627;2168.812;479.922;2763.869;2937.932;1490.309;3463.284;614.509;3465.290;1712.565;2736.399;2743.068;3594.485;3565.957;57.675;-9.873;1982.245;131.787;2383.796;1905.641;2369.822;1642.587;980.319;3426.125;2588.458;5.040;407.432;2206.195;983.450;1411.297;2796.512;1323.390;3269.117;2642.889;2037.774;651.467;1555.528;2763.257;3612.729;259.791;439.740;2628.168;3043.754;331.748;2951.434;2894.449;2516.460;1226.288;1609.292;1336.057;3008.415;1149.680;1244.209;3430.359;3273.148;3498.795;2922.208;241.395;288.676;1948.647;3056.391;3151.429;2346.259;3450.598;593.217;774.325;1157.828;945.003;1067.911;381.235;1375.196;100.279;1855.261;3342.769;1640.248;2222.635;2234.146;3373.405;2601.198;2932.053;1135.971;3289.067;722.111;1465.868;2594.630;1174.881;3212.977;3106.858;605.118
8,12.860988140106201,7,-527.4292905303225,527.4292905303225,0.30360594133853097,3482.319;1953.753;3555.759;2575.298;2555.908;856.753;3557.652;-15.031;858.996;1576.133;2870.319;683.307;3210.208;3559.680;574.341;2119.693;11.584;1426.557;148.690;3531.403;1620.123;3467.993;2879.443;3102.748;670.731;284.168;2264.394;586.629;2724.250;1472.372;1976.564;3430.554;1888.729;349.384;531.976;1997.818;1876.198;2323.696;1367.251;2348.635;1421.464;2255.907;2684.814;653.114;1328.669;1764.699;2487.879;869.792;1976.995;2292.693;3175.173;1252.732;2332.265;750.748;1734.461;608.252;3315.208;1604.863;3089.001;1485.273;3274.328;1379.980;1111.247;2037.064;3023.412;3130.303;2141.122;243.531;2104.731;969.169;2662.552;3251.184;1870.676;2186.415;140.359;1938.016;487.563;2240.219;1391.580;2785.386;89.237;377.845;2481.651;1781.126;2006.941;3025.948;1703.855;2809.808;1769.954;3303.154;2425.594;523.382;1245.550;3226.194;1182.680;676.780;1626.223;1451.827;2320.793;1561.332,911.937;1450.428;1482.371;3227.948;3569.858;2161.046;236.441;2658.170;2456.201;2918.378;1270.837;202.167;2173.866;495.019;2780.060;2953.894;1496.184;3462.404;600.065;3456.409;1721.193;2732.745;2757.555;3610.661;3573.267;47.015;5.606;1969.560;147.057;2387.526;1921.086;2368.113;1639.604;994.501;3442.127;2594.721;-11.053;405.136;2202.989;968.292;1414.638;2804.501;1337.973;3255.592;2641.573;2036.028;666.898;1550.910;2771.274;3599.536;255.927;431.078;2616.172;3054.040;328.157;2944.493;2908.994;2507.282;1210.972;1612.129;1325.058;3021.938;1138.405;1260.621;3446.267;3258.504;3489.441;2906.005;226.401;300.918;1932.295;3053.514;3157.161;2330.363;3467.057;576.976;769.492;1141.540;961.352;1061.057;396.587;1365.095;88.263;1842.942;3344.906;1656.651;2224.167;2231.454;3389.356;2599.872;2920.978;1148.917;3304.550;729.023;1479.125;2579.618;1158.867;3201.340;3122.782;617.759
9,14.573632955551147,8,-528.6694143907205,528.6694143907205,0.23999631500093946,3498.048;1964.904;3570.829;2568.252;2568.125;860.279;3571.070;0.969;843.205;1591.552;2881.816;682.315;3206.618;3549.312;590.223;2135.168;23.004;1434.491;164.611;3523.936;1628.432;3463.200;2864.403;3118.919;654.439;272.953;2250.632;576.463;2737.618;1475.709;1986.958;3446.427;1884.900;359.266;547.944;1998.070;1871.516;2333.315;1363.814;2333.899;1406.162;2244.566;2673.299;638.882;1342.840;1750.644;2503.817;854.409;1967.926;2307.511;3167.892;1237.230;2348.084;761.260;1719.621;597.924;3331.431;1607.640;3105.373;1472.476;3259.395;1363.525;1099.600;2021.700;3009.159;3140.905;2129.923;227.832;2119.927;955.985;2659.338;3235.152;1883.894;2174.888;139.380;1921.794;479.981;2248.769;1407.803;2770.323;72.986;390.511;2498.096;1794.675;2009.303;3041.082;1708.546;2823.165;1783.161;3306.630;2436.865;507.457;1230.330;3219.206;1195.522;665.514;1609.864;1466.398;2332.307;1577.225,902.525;1465.571;1466.591;3212.070;3578.645;2176.549;223.568;2641.875;2446.820;2915.187;1286.844;187.013;2158.117;480.364;2793.090;2969.897;1507.606;3478.279;590.788;3471.479;1705.502;2721.407;2754.906;3597.392;3589.431;31.424;-9.658;1981.115;154.794;2390.200;1931.443;2382.916;1629.488;980.160;3439.976;2610.814;4.512;418.066;2200.888;952.308;1421.486;2806.679;1339.089;3253.086;2625.533;2033.365;683.106;1565.409;2772.952;3614.057;271.379;442.036;2599.896;3046.970;312.256;2957.993;2893.000;2498.953;1195.586;1628.104;1340.540;3013.071;1151.898;1270.414;3459.296;3253.718;3502.129;2893.557;213.140;317.088;1931.408;3069.594;3147.126;2325.604;3472.832;560.979;753.424;1141.876;947.002;1075.575;411.756;1379.460;74.951;1831.825;3332.282;1666.181;2215.474;2215.460;3375.685;2603.132;2912.379;1139.419;3293.000;736.866;1464.538;2570.094;1143.499;3214.911;3118.911;609.383
10,16.431655645370483,9,-530.2341152952483,530.2341152952483,0.15268556132913494,3489.983;1952.045;3585.572;2579.437;2584.411;876.293;3587.063;2.158;826.750;1575.981;2892.416;674.434;3221.686;3539.237;604.900;2120.470;7.702;1420.459;179.969;3539.465;1616.075;3474.110;2880.303;3128.246;665.837;286.908;2264.200;560.399;2724.132;1490.556;1987.073;3442.717;1897.271;350.692;535.754;1985.017;1855.410;2318.508;1349.929;2331.304;1412.301;2253.500;2660.206;629.069;1357.138;1747.940;2520.202;864.828;1966.768;2295.665;3151.734;1249.067;2364.431;777.166;1715.960;583.224;3336.963;1623.431;3120.117;1457.112;3272.869;1347.736;1115.381;2020.354;2992.849;3142.614;2140.592;217.568;2108.786;940.902;2644.643;3230.548;1868.424;2159.140;123.371;1928.896;467.112;2243.074;1406.043;2784.780;57.935;404.687;2511.304;1810.380;2025.063;3044.127;1693.867;2829.992;1792.934;3295.488;2434.544;515.673;1215.832;3228.960;1180.974;677.082;1619.879;1482.798;2339.427;1567.176,886.345;1451.632;1479.552;3215.000;3594.812;2174.231;236.390;2625.752;2430.630;2906.549;1299.178;186.024;2170.148;466.132;2779.932;2956.994;1521.770;3494.049;587.195;3478.821;1716.851;2714.723;2769.898;3608.206;3598.568;15.578;-0.226;1972.784;163.265;2399.705;1924.856;2392.092;1613.464;981.610;3455.659;2595.928;-7.028;434.382;2196.899;939.535;1430.027;2791.965;1350.444;3268.617;2612.405;2045.256;699.482;1581.791;2788.489;3599.197;257.037;457.381;2615.176;3031.933;327.056;2967.260;2890.625;2487.068;1202.774;1632.102;1328.071;3024.375;1167.429;1276.225;3444.896;3239.009;3517.903;2908.987;196.796;318.360;1945.445;3073.627;3162.624;2339.878;3456.915;572.600;741.671;1126.415;931.157;1065.240;397.290;1384.873;69.318;1825.259;3346.853;1651.472;2201.582;2199.855;3359.581;2598.598;2918.484;1127.144;3294.469;752.682;1448.602;2585.883;1132.746;3217.757;3106.048;596.705
11,18.271900415420532,10,-530.3670803653491,530.3670803653491,0.4254420900422745,3505.306;1936.294;3601.874;2595.688;2597.152;890.337;3583.448;-10.130;830.713;1582.643;2903.588;658.277;3227.084;3552.830;612.581;2124.272;17.965;1434.009;165.341;3555.552;1599.773;3475.841;2872.784;3116.511;668.145;271.152;2250.972;551.483;2738.741;1474.641;2002.652;3440.630;1912.278;335.119;548.912;1986.374;1848.192;2327.912;1353.700;2346.795;1412.414;2242.522;2671.052;613.025;1342.508;1731.860;2506.358;880.918;1980.429;2309.663;3137.206;1237.161;2364.735;764.238;1700.120;568.095;3343.771;1639.611;3105.497;1472.095;3275.561;1337.548;1104.087;2036.163;3007.318;3158.608;2127.128;201.336;2120.429;956.083;2657.775;3220.401;1880.752;2144.751;126.503;1938.487;455.634;2226.968;1420.490;2785.319;70.175;401.076;2496.714;1800.688;2025.368;3057.140;1709.654;2816.502;1777.425;3280.167;2443.475;530.558;1202.642;3217.904;1180.588;685.762;1631.798;1474.230;2355.572;1575.205,870.189;1452.892;1464.285;3211.393;3609.761;2158.312;242.122;2615.155;2421.774;2914.735;1287.598;200.241;2185.607;451.079;2763.925;2968.496;1537.969;3507.932;603.210;3465.195;1732.265;2699.658;2755.988;3620.267;3613.042;-0.211;0.199;1987.815;149.918;2383.837;1908.789;2377.176;1626.314;980.834;3470.921;2582.114;-11.479;428.544;2187.368;948.270;1446.108;2802.912;1348.162;3257.708;2622.131;2037.792;689.208;1596.256;2774.443;3587.848;244.559;453.900;2613.536;3015.529;317.985;2983.296;2890.955;2503.091;1193.561;1618.190;1341.159;3038.292;1154.580;1278.898;3433.394;3253.107;3530.954;2924.364;193.632;302.702;1947.439;3072.534;3153.067;2331.728;3453.350;588.840;725.397;1134.385;929.675;1074.299;381.872;1372.920;79.680;1809.881;3362.762;1663.847;2214.142;2184.051;3346.663;2612.630;2908.761;1112.939;3309.777;769.136;1432.292;2586.944;1120.049;3214.822;3121.406;583.009
12,20.128686904907227,11,-531.3055359967847,531.3055359967847,0.23104182836219767,3511.997;1950.839;3596.600;2609.476;2588.422;879.155;3598.612;4.988;815.228;1587.982;2887.749;664.419;3211.900;3537.556;625.255;2132.245;3.555;1447.678;154.249;3555.922;1601.664;3486.735;2857.505;3100.285;677.798;258.012;2234.662;562.709;2753.645;1466.284;2018.995;3456.558;1896.968;318.744;552.323;1986.244;1832.112;2343.248;1369.094;2341.062;1396.510;2256.163;2658.399;615.630;1356.395;1727.100;2490.462;865.355;1966.808;2313.619;3123.705;1243.362;2350.437;768.003;1711.935;552.557;3353.091;1645.457;3102.258;1475.858;3291.282;1321.533;1087.931;2050.536;3023.697;3144.738;2110.897;184.868;2136.699;941.721;2672.851;3233.809;1896.130;2128.511;123.996;1940.685;439.565;2226.233;1421.106;2786.374;74.407;416.895;2488.575;1811.027;2011.987;3073.396;1714.974;2800.565;1784.098;3263.821;2459.657;546.925;1188.298;3233.830;1195.283;701.936;1648.081;1462.164;2368.906;1560.177,870.819;1445.120;1450.289;3226.947;3598.716;2146.243;226.380;2601.417;2405.837;2930.783;1271.407;187.213;2170.723;434.668;2750.080;2984.752;1533.874;3494.748;610.272;3477.705;1737.303;2683.274;2764.803;3604.717;3600.812;2.408;-15.608;1989.358;164.892;2385.635;1892.840;2368.657;1614.770;996.881;3458.210;2587.787;4.234;421.676;2173.655;933.224;1440.857;2793.738;1364.160;3260.707;2609.181;2022.644;700.620;1591.830;2759.717;3601.742;259.519;437.882;2627.185;3029.175;302.092;2971.985;2891.148;2504.793;1209.048;1618.010;1346.006;3022.509;1162.389;1294.911;3448.852;3238.087;3520.963;2921.428;182.181;310.711;1931.546;3077.006;3167.713;2315.684;3464.197;591.864;715.265;1118.801;941.230;1059.698;391.100;1386.210;63.764;1821.231;3358.172;1677.675;2227.806;2198.763;3361.478;2625.457;2895.311;1096.689;3325.788;785.611;1445.213;2602.595;1116.382;3230.795;3112.187;596.870
13,21.81769561767578,12,-531.8308675337921,531.8308675337921,0.401558964858722,3501.755;1965.041;3609.293;2625.763;2574.845;862.912;3605.800;6.710;799.577;1574.733;2873.361;654.670;3196.410;3546.469;641.411;2130.164;7.767;1463.989;147.824;3571.675;1587.830;3502.896;2863.306;3084.671;665.413;254.138;2218.231;556.420;2769.789;1460.060;2033.275;3472.872;1880.624;308.355;562.548;2002.286;1816.883;2359.461;1376.278;2347.103;1385.172;2260.816;2672.958;627.385;1372.651;1740.136;2480.331;878.670;1950.479;2302.595;3127.874;1230.667;2345.859;752.614;1697.042;536.161;3357.111;1643.731;3086.348;1490.682;3305.938;1327.960;1074.039;2035.957;3036.861;3128.565;2095.604;169.662;2152.311;937.024;2689.225;3249.124;1911.995;2114.684;108.707;1956.180;423.173;2211.402;1435.725;2801.758;62.818;433.288;2502.065;1817.906;2001.412;3086.796;1705.183;2785.712;1798.147;3249.077;2463.495;551.665;1172.644;3242.113;1180.883;697.762;1664.544;1446.968;2385.228;1573.674,870.826;1460.748;1439.447;3243.124;3604.165;2157.693;214.200;2589.103;2402.540;2937.584;1276.994;202.025;2176.891;442.308;2764.198;2991.012;1527.107;3481.008;598.424;3492.771;1745.821;2676.179;2749.475;3614.296;3615.945;-13.454;-1.263;1973.410;156.158;2377.248;1881.907;2383.229;1611.046;992.132;3459.583;2602.022;-5.554;409.652;2187.940;947.879;1429.734;2777.952;1380.481;3274.272;2612.227;2037.210;700.355;1600.950;2751.062;3598.486;249.053;432.445;2630.243;3032.502;285.947;2960.501;2899.382;2510.934;1203.067;1603.379;1330.749;3016.586;1146.910;1282.242;3456.984;3222.286;3536.442;2928.888;191.921;307.818;1917.939;3091.067;3152.670;2300.268;3450.785;607.361;704.850;1110.210;944.603;1043.321;375.477;1382.068;50.724;1814.424;3371.625;1693.148;2224.408;2190.689;3353.362;2617.022;2879.048;1092.426;3342.236;789.354;1460.864;2601.276;1131.134;3239.184;3127.388;613.216
14,23.638956785202026,13,-532.0748862672066,532.0748862672066,0.43455934067809376,3515.231;1981.362;3593.827;2641.272;2558.533;877.572;3595.399;-8.753;783.998;1559.206;2881.398;669.873;3186.543;3552.761;628.131;2146.056;-1.937;1473.132;132.444;3587.952;1572.854;3519.346;2879.375;3068.311;680.922;243.894;2213.327;540.311;2772.021;1463.533;2049.321;3466.465;1894.602;302.993;549.285;2018.611;1822.113;2347.412;1361.070;2332.658;1368.942;2246.902;2659.148;617.031;1362.108;1751.596;2465.968;886.343;1934.273;2291.563;3143.930;1214.473;2330.733;740.790;1685.921;548.064;3368.904;1635.767;3084.471;1476.164;3312.462;1312.982;1084.884;2019.670;3044.785;3137.141;2109.785;182.828;2164.111;949.350;2705.624;3258.371;1899.593;2129.310;92.361;1960.795;408.031;2195.910;1452.080;2817.886;64.506;437.243;2518.386;1802.683;2015.362;3102.735;1699.220;2780.716;1791.146;3232.929;2479.042;550.532;1156.400;3227.428;1165.198;712.789;1669.204;1446.702;2383.212;1587.820,855.173;1465.886;1453.302;3258.301;3590.026;2167.356;207.226;2604.722;2390.723;2953.703;1263.018;197.566;2176.080;456.871;2750.375;2976.488;1511.037;3493.711;582.382;3505.582;1760.083;2660.058;2740.844;3599.618;3602.091;1.255;13.643;1983.594;166.724;2376.076;1865.675;2369.550;1626.466;978.809;3445.081;2586.005;5.420;423.836;2200.272;964.247;1445.338;2775.166;1379.766;3290.556;2627.864;2044.933;684.363;1617.120;2767.084;3593.062;233.111;443.554;2614.527;3019.254;275.691;2975.610;2888.617;2521.415;1194.029;1616.472;1338.341;3004.772;1131.067;1296.585;3471.233;3236.537;3545.978;2939.295;204.643;292.098;1908.479;3085.638;3140.869;2284.971;3465.179;595.070;720.611;1109.270;929.377;1032.577;359.115;1366.574;34.484;1798.306;3356.648;1693.475;2238.874;2203.429;3368.382;2632.895;2887.261;1101.878;3329.885;803.580;1446.562;2609.857;1116.987;3254.405;3122.669;610.431
15,25.48299503326416,14,-533.4590269313821,533.4590269313821,0.32224451461161735,3502.243;1984.056;3602.974;2657.563;2557.241;880.062;3610.951;4.861;770.591;1563.252;2886.567;667.703;3199.636;3537.865;639.811;2132.442;13.232;1457.328;116.040;3603.980;1586.135;3513.949;2882.887;3083.464;692.352;257.588;2227.709;545.128;2787.508;1474.300;2037.716;3479.719;1891.954;287.759;532.975;2024.076;1807.434;2361.854;1344.771;2316.407;1355.467;2241.247;2672.557;631.661;1370.900;1751.569;2479.793;873.012;1929.063;2275.338;3147.344;1223.111;2315.927;725.087;1690.184;542.537;3353.759;1645.155;3100.289;1487.265;3328.193;1311.501;1071.181;2029.145;3029.329;3148.946;2106.283;171.487;2148.879;933.805;2691.471;3245.545;1910.941;2145.670;77.693;1975.216;419.141;2210.149;1468.529;2802.624;48.674;426.687;2525.168;1817.701;2031.696;3116.929;1683.547;2796.524;1775.052;3244.006;2471.396;565.205;1139.955;3237.769;1153.017;699.482;1654.988;1462.079;2392.816;1575.913,870.355;1450.270;1469.500;3248.539;3604.757;2153.385;218.958;2598.471;2401.116;2969.837;1246.714;181.516;2191.283;443.036;2761.981;2973.945;1495.821;3507.661;595.460;3489.963;1745.719;2655.683;2724.999;3615.489;3609.613;6.586;8.911;1990.837;151.871;2383.412;1877.291;2353.388;1611.711;985.559;3456.799;2582.504;14.725;436.878;2189.288;954.098;1461.643;2790.362;1394.641;3306.386;2612.536;2060.893;696.564;1630.149;2771.271;3604.983;220.582;433.603;2598.276;3033.676;280.559;2962.301;2901.567;2516.781;1207.846;1604.169;1323.833;2988.564;1120.850;1287.289;3455.241;3249.560;3541.111;2955.461;189.386;307.578;1895.032;3092.494;3128.172;2269.916;3452.859;580.547;709.870;1123.568;912.980;1047.014;350.858;1381.230;32.813;1795.349;3352.696;1689.372;2224.965;2198.671;3383.916;2644.978;2890.643;1089.312;3322.862;789.324;1440.449;2594.407;1131.489;3268.713;3121.620;595.216
16,27.178359746932983,15,-533.8011920936027,533.8011920936027,0.3895753889646121,3490.574;1998.593;3595.790;2662.782;2573.014;865.057;3596.206;-3.590;773.633;1549.996;2902.305;654.305;3215.856;3552.321;628.800;2134.991;-0.825;1442.141;121.605;3603.890;1586.305;3514.467;2867.793;3095.482;684.658;270.452;2214.252;529.962;2801.017;1486.781;2033.474;3495.998;1876.118;289.825;534.772;2023.352;1791.073;2362.466;1332.056;2305.357;1359.687;2256.370;2687.427;647.967;1358.713;1766.569;2496.056;887.918;1928.025;2259.102;3134.052;1210.656;2304.079;708.810;1705.530;557.626;3339.649;1638.047;3116.526;1473.765;3329.958;1295.553;1064.590;2044.515;3016.028;3164.754;2121.749;181.453;2155.695;919.648;2680.145;3259.819;1897.278;2135.712;61.364;1991.449;406.622;2225.320;1478.682;2786.236;32.259;442.130;2533.116;1833.956;2023.109;3110.671;1688.815;2797.059;1778.294;3229.498;2475.070;552.602;1139.386;3240.337;1137.670;708.340;1664.506;1478.469;2408.989;1564.494,886.735;1464.787;1461.901;3263.185;3599.535;2141.780;203.234;2606.441;2393.225;2956.485;1230.281;170.249;2175.955;456.355;2757.377;2957.998;1479.464;3523.892;599.138;3485.553;1730.210;2643.224;2713.419;3613.963;3605.901;-0.375;-6.808;1983.532;135.871;2373.426;1893.246;2356.047;1595.352;970.470;3441.702;2585.161;4.902;442.985;2173.613;940.541;1469.592;2792.293;1411.002;3322.800;2600.771;2073.245;685.384;1645.836;2773.026;3621.196;235.216;417.600;2582.529;3049.077;296.577;2947.032;2887.988;2529.944;1194.902;1617.155;1339.294;3002.068;1130.630;1274.903;3453.591;3252.631;3525.050;2971.225;203.918;307.301;1903.340;3106.478;3143.678;2253.734;3466.291;569.567;714.647;1108.528;902.172;1062.635;335.395;1397.574;17.346;1810.754;3367.728;1704.823;2209.111;2213.160;3394.859;2660.388;2906.537;1104.490;3309.467;773.022;1425.764;2580.681;1119.668;3254.206;3106.389;607.400
17,29.044247150421143,16,-535.261696618279,535.261696618279,0.5551266544662782,3504.196;1983.514;3610.622;2678.293;2559.012;851.891;3604.549;-17.425;785.349;1537.972;2918.640;668.017;3229.051;3540.291;642.592;2135.739;-11.910;1426.409;105.770;3602.073;1602.325;3529.555;2866.590;3110.959;700.025;256.565;2226.304;541.376;2817.210;1502.577;2049.372;3497.868;1883.964;305.659;545.459;2035.712;1799.477;2346.519;1315.796;2319.012;1343.790;2240.805;2695.335;632.377;1342.464;1782.685;2512.177;898.412;1924.657;2247.271;3118.670;1194.401;2319.180;692.407;1692.727;571.176;3355.206;1651.843;3128.572;1457.660;3345.218;1283.514;1079.897;2060.352;3005.398;3179.011;2138.120;194.518;2141.282;916.753;2692.905;3248.235;1880.982;2119.759;53.526;1986.399;420.325;2211.358;1487.838;2770.022;46.699;427.309;2549.217;1824.465;2007.037;3118.456;1672.829;2781.106;1793.674;3214.937;2481.716;536.773;1149.641;3255.656;1121.296;720.711;1678.484;1494.531;2425.408;1554.558,889.227;1451.356;1475.522;3248.184;3596.973;2128.587;190.410;2591.633;2377.329;2940.200;1231.245;167.101;2160.643;445.425;2750.893;2972.312;1492.206;3525.392;614.859;3500.781;1746.146;2627.039;2729.037;3608.408;3591.431;-6.240;-20.007;1999.088;121.412;2388.836;1885.982;2341.212;1606.021;957.638;3456.839;2585.119;-10.911;459.057;2166.719;943.786;1485.710;2804.209;1425.859;3308.619;2614.271;2057.267;671.217;1660.353;2766.020;3607.060;249.921;424.231;2581.148;3061.730;309.396;2935.770;2901.076;2515.452;1178.644;1601.231;1336.289;3017.976;1122.865;1285.681;3454.510;3267.816;3514.906;2975.038;195.527;293.631;1887.489;3091.349;3159.903;2264.126;3476.292;553.402;703.311;1093.245;894.287;1078.482;319.007;1388.484;30.012;1824.936;3355.740;1715.491;2225.066;2229.495;3411.044;2663.647;2892.452;1107.931;3325.023;773.452;1409.430;2571.296;1103.799;3238.025;3090.347;623.393
18,30.936104774475098,17,-535.1427781085831,535.1427781085831,0.42587077620875113,3520.383;1995.971;3595.615;2694.460;2546.261;867.071;3595.660;-2.436;770.023;1540.765;2911.846;652.261;3213.582;3524.392;644.276;2151.634;3.932;1410.167;89.868;3617.703;1602.121;3514.967;2882.225;3127.313;684.548;240.257;2214.805;551.528;2810.451;1487.102;2065.046;3513.123;1899.886;321.949;561.589;2049.787;1810.813;2349.599;1307.497;2303.455;1328.799;2224.883;2679.853;618.545;1348.067;1781.612;2502.409;885.525;1940.198;2263.255;3134.144;1192.460;2304.291;696.939;1678.199;587.430;3364.943;1668.122;3134.388;1458.927;3333.680;1288.780;1092.388;2045.893;2989.224;3195.304;2122.400;210.788;2154.777;931.233;2709.162;3262.520;1865.382;2120.404;38.626;1970.364;424.842;2227.048;1503.201;2777.234;62.384;416.609;2542.550;1812.853;2022.222;3134.531;1674.590;2765.134;1799.146;3198.605;2497.780;520.425;1156.005;3241.204;1109.804;704.991;1663.084;1488.379;2415.472;1570.447,875.456;1461.502;1460.004;3232.399;3581.041;2112.307;174.299;2606.359;2361.967;2943.818;1246.997;182.782;2164.625;429.309;2735.521;2988.216;1485.187;3510.067;629.532;3513.832;1751.952;2610.769;2727.592;3599.772;3606.978;9.294;-5.159;1991.510;105.144;2376.083;1881.630;2324.924;1619.490;973.043;3467.985;2570.658;4.586;473.628;2150.866;927.984;1501.580;2804.307;1422.111;3292.773;2629.876;2052.768;667.042;1652.152;2768.818;3622.727;265.655;418.784;2572.117;3077.954;293.877;2919.563;2885.875;2508.646;1170.368;1590.878;1325.314;3005.657;1138.288;1270.187;3464.674;3284.064;3498.808;2990.926;192.888;277.461;1873.252;3104.227;3172.058;2264.729;3486.664;563.553;687.103;1108.067;878.205;1063.876;304.818;1401.842;37.911;1832.839;3339.653;1731.647;2232.101;2244.347;3421.732;2679.648;2883.113;1094.078;3325.809;789.193;1403.416;2555.191;1115.512;3251.251;3097.171;614.559
19,32.850202322006226,18,-535.4142803852333,535.4142803852333,0.4221765308847174,3530.157;1983.092;3590.802;2698.841;2561.090;861.503;3610.331;-5.457;760.874;1556.775;2898.304;637.717;3201.909;3512.529;629.639;2136.413;10.300;1394.474;75.862;3602.041;1598.594;3527.073;2870.804;3118.374;669.420;223.851;2221.309;535.741;2808.927;1490.200;2064.000;3518.079;1915.229;338.200;569.780;2035.494;1795.733;2358.908;1297.330;2303.618;1312.648;2209.824;2665.052;632.191;1363.579;1773.461;2511.602;869.497;1956.125;2265.199;3142.625;1199.350;2318.486;682.601;1693.786;585.278;3351.766;1661.757;3149.849;1474.704;3317.502;1288.565;1100.665;2053.239;2978.577;3211.691;2121.156;210.908;2142.971;947.554;2723.119;3272.664;1856.385;2136.097;23.391;1957.881;440.821;2234.700;1487.864;2784.835;63.003;401.840;2539.532;1827.460;2023.240;3150.406;1679.086;2770.011;1783.325;3197.825;2510.389;504.247;1159.696;3245.409;1123.063;710.304;1650.340;1472.843;2427.489;1584.334,889.725;1446.518;1460.129;3237.840;3594.185;2127.527;158.256;2592.572;2373.433;2955.146;1244.041;169.879;2178.266;413.069;2719.164;3000.149;1495.895;3525.468;645.584;3521.726;1750.836;2599.993;2742.565;3609.448;3617.508;9.204;7.656;2000.649;116.364;2359.843;1897.102;2320.063;1633.407;957.986;3467.755;2564.518;-5.640;470.080;2134.787;912.524;1485.926;2788.313;1436.745;3299.873;2621.709;2045.589;651.218;1661.949;2784.720;3618.215;277.804;427.856;2556.034;3068.988;288.595;2929.819;2883.036;2524.437;1182.886;1606.104;1321.215;2991.575;1127.012;1254.351;3460.089;3298.878;3495.608;2989.921;206.186;262.276;1856.940;3096.020;3180.029;2248.891;3481.557;578.229;671.100;1114.696;873.982;1063.918;316.314;1410.328;22.669;1848.159;3353.111;1748.029;2236.316;2259.473;3411.821;2678.258;2890.726;1109.777;3310.258;778.816;1413.830;2569.554;1114.812;3257.135;3081.335;629.992
20,34.572086572647095,19,-536.0769473432152,536.0769473432152,0.3149845663541208,3545.867;1990.814;3596.202;2714.819;2548.015;857.006;3595.602;6.015;774.966;1572.453;2912.446;633.622;3185.835;3500.118;640.917;2121.174;10.170;1378.633;61.803;3602.820;1590.290;3543.272;2886.179;3122.405;683.200;230.509;2237.137;525.398;2797.300;1505.279;2079.733;3502.597;1927.820;342.795;554.283;2023.697;1806.733;2346.076;1281.447;2317.431;1311.994;2213.215;2650.559;625.465;1349.017;1763.780;2527.403;853.115;1968.389;2262.079;3158.452;1184.225;2332.275;697.953;1683.379;569.312;3367.148;1677.066;3163.772;1476.531;3319.224;1285.294;1116.605;2069.115;2978.189;3209.838;2130.897;226.598;2126.834;962.862;2715.640;3259.369;1845.339;2146.929;9.700;1942.149;452.520;2220.754;1471.553;2770.213;48.445;385.591;2555.439;1815.777;2007.759;3165.420;1667.260;2783.769;1767.511;3183.806;2497.163;503.522;1143.743;3230.645;1132.877;695.152;1662.249;1477.870;2439.779;1581.437,877.333;1442.692;1445.007;3253.564;3579.553;2119.349;148.839;2602.637;2358.856;2939.839;1228.893;180.960;2193.752;405.666;2703.429;2985.550;1510.671;3531.181;644.573;3513.439;1739.086;2591.606;2758.892;3595.920;3602.484;-6.518;-1.501;1985.629;111.057;2372.733;1912.732;2304.074;1649.604;946.229;3482.071;2577.006;-16.822;485.345;2149.908;921.596;1483.022;2777.503;1451.923;3301.952;2606.079;2034.988;634.845;1646.067;2800.633;3611.838;262.817;443.908;2540.166;3065.537;301.300;2931.175;2873.307;2539.386;1182.426;1611.254;1337.045;3003.642;1142.504;1269.647;3475.827;3284.293;3484.089;3005.727;190.669;246.139;1840.622;3080.640;3196.102;2246.736;3497.374;562.782;661.591;1099.003;865.140;1078.671;313.179;1400.840;37.148;1864.228;3369.327;1764.420;2223.121;2246.196;3408.555;2687.656;2875.699;1122.136;3296.358;767.683;1428.706;2557.552;1098.861;3266.146;3066.791;624.826
21,36.44904589653015,20,-535.9723227846131,535.9723227846131,0.44126816909265903,3561.710;1975.524;3610.372;2724.178;2547.128;841.009;3589.135;-5.484;791.051;1585.195;2918.264;619.725;3194.755;3515.320;625.034;2111.091;-4.198;1386.094;72.402;3600.904;1592.048;3556.529;2873.994;3107.486;678.508;246.159;2253.448;509.423;2812.989;1494.238;2091.763;3513.453;1943.997;353.082;563.836;2014.795;1796.056;2360.901;1291.777;2311.527;1315.349;2200.699;2661.901;639.164;1333.946;1769.485;2512.546;864.740;1955.937;2255.403;3149.185;1167.897;2347.919;685.895;1673.438;576.174;3363.653;1684.151;3180.007;1470.802;3303.700;1269.307;1102.713;2076.045;2993.951;3224.666;2133.863;223.967;2111.290;979.087;2729.955;3243.300;1840.301;2133.497;10.263;1938.277;446.358;2231.496;1459.556;2756.127;32.213;374.579;2547.469;1799.599;2020.504;3170.930;1673.734;2774.011;1774.545;3196.556;2481.421;487.920;1137.368;3236.402;1145.784;710.532;1676.354;1462.865;2455.987;1597.092,876.451;1438.151;1455.624;3269.004;3588.882;2103.304;132.779;2606.660;2374.380;2928.731;1227.717;179.021;2209.303;404.747;2719.361;2973.125;1526.763;3546.978;658.693;3512.669;1742.582;2577.133;2771.039;3610.745;3615.695;8.517;-17.280;1980.433;125.275;2363.871;1898.163;2293.713;1656.033;954.002;3466.902;2562.189;-1.367;469.607;2146.769;912.026;1477.624;2784.770;1464.031;3317.171;2619.330;2039.007;649.107;1635.734;2812.993;3612.844;268.684;459.367;2529.990;3074.401;295.701;2916.105;2858.135;2551.205;1166.631;1618.890;1347.122;3019.329;1155.657;1267.524;3469.633;3270.130;3489.023;3008.890;205.085;230.057;1826.930;3067.007;3203.505;2230.881;3508.715;557.771;645.759;1107.859;855.408;1090.292;297.505;1416.337;33.136;1879.975;3357.848;1779.578;2231.967;2249.625;3421.061;2677.476;2877.124;1118.736;3280.627;751.629;1413.596;2541.513;1084.144;3282.192;3053.003;623.306
22,38.351561307907104,21,-536.0069123518258,536.0069123518258,0.32788957747073394,3566.059;1960.634;3594.586;2725.551;2562.885;839.754;3574.609;9.056;782.223;1571.013;2903.615;603.488;3179.698;3531.637;623.389;2120.531;10.642;1400.272;58.230;3605.389;1592.003;3553.509;2866.780;3115.440;664.390;262.286;2251.658;499.618;2829.309;1504.060;2104.337;3529.589;1950.652;360.151;577.981;2008.966;1779.987;2372.237;1280.258;2295.964;1308.260;2184.494;2675.771;626.081;1318.217;1757.731;2520.538;866.229;1967.744;2245.088;3157.066;1161.127;2346.039;671.087;1683.349;591.249;3349.546;1675.746;3196.341;1477.396;3294.683;1254.876;1115.891;2080.727;2997.745;3227.557;2136.618;228.939;2097.260;994.883;2739.984;3250.154;1851.176;2118.061;-5.356;1952.653;461.819;2232.549;1456.798;2753.869;20.289;384.782;2536.105;1790.532;2019.290;3186.904;1689.574;2758.144;1775.364;3209.728;2487.394;471.796;1151.445;3221.961;1130.015;718.677;1690.311;1453.439;2471.218;1608.164,883.214;1444.509;1470.334;3255.602;3595.867;2094.379;116.768;2620.711;2360.978;2916.308;1243.571;194.661;2225.427;420.597;2723.001;2988.397;1543.035;3561.677;643.094;3496.769;1758.217;2560.867;2786.738;3613.353;3603.517;-2.046;-1.656;1964.765;109.692;2375.617;1906.652;2277.599;1640.915;968.594;3479.517;2563.064;-14.386;455.289;2162.543;895.953;1462.821;2800.797;1475.111;3302.590;2635.389;2026.166;663.081;1650.051;2799.431;3600.817;284.253;447.534;2539.336;3061.589;311.386;2899.895;2841.871;2536.172;1150.328;1622.028;1332.171;3031.997;1146.692;1280.994;3474.016;3267.165;3484.820;3024.776;193.090;213.895;1814.069;3051.755;3189.562;2242.284;3518.276;562.844;660.081;1105.833;867.550;1106.459;287.308;1401.914;17.484;1866.101;3344.881;1795.057;2217.621;2234.036;3437.100;2661.404;2861.605;1103.154;3292.392;735.492;1428.236;2537.996;1068.328;3298.428;3036.843;639.196
23,40.065937519073486,22,-536.9213232727244,536.9213232727244,0.4252688939488108,3581.328;1950.575;3605.006;2741.414;2557.181;825.699;3583.299;-6.026;790.990;1558.219;2892.277;587.641;3165.947;3539.869;623.875;2105.040;0.422;1413.266;48.628;3589.872;1576.112;3568.438;2852.691;3131.482;680.238;252.494;2243.887;510.479;2824.679;1491.190;2120.530;3532.996;1936.011;344.414;562.161;2024.854;1765.487;2387.852;1264.132;2303.953;1321.752;2178.931;2690.363;632.112;1310.858;1749.599;2506.633;850.938;1981.902;2260.981;3172.753;1176.281;2330.568;665.442;1695.453;581.481;3363.936;1659.975;3190.212;1485.985;3309.880;1257.102;1101.468;2069.239;2982.099;3217.268;2120.689;244.924;2102.485;999.201;2733.840;3265.421;1867.241;2132.574;4.766;1937.650;473.346;2246.683;1440.992;2741.085;4.516;399.735;2550.774;1802.239;2030.970;3201.794;1679.776;2747.030;1760.468;3225.007;2476.078;485.700;1136.558;3216.298;1114.518;710.848;1704.038;1437.442;2482.243;1623.929,889.802;1458.546;1465.593;3258.172;3581.806;2085.239;101.123;2628.272;2369.173;2910.709;1238.758;210.595;2214.157;416.882;2725.156;2985.645;1546.391;3576.237;655.955;3511.648;1756.003;2569.477;2788.540;3598.062;3619.316;-13.448;-2.812;1948.440;120.397;2376.740;1919.266;2279.169;1635.439;954.261;3463.679;2547.515;-1.311;444.734;2167.209;889.203;1471.035;2786.689;1463.122;3314.712;2625.389;2031.577;679.072;1665.466;2811.657;3616.698;297.861;435.022;2526.338;3046.192;303.875;2888.481;2856.160;2547.698;1141.355;1627.552;1347.291;3017.392;1160.276;1296.183;3489.052;3260.565;3468.857;3017.108;206.232;197.569;1828.449;3035.448;3191.939;2227.908;3527.977;576.876;646.999;1094.813;883.670;1095.016;293.809;1406.450;1.818;1862.141;3330.306;1781.872;2225.557;2246.967;3449.518;2645.072;2876.157;1089.944;3308.265;736.034;1414.956;2538.691;1054.049;3285.575;3050.801;632.682
24,41.920576095581055,23,-537.6397690819563,537.6397690819563,0.43536744238289043,3569.689;1959.144;3595.781;2734.105;2546.669;822.302;3599.305;4.626;778.947;1542.239;2897.895;593.472;3152.748;3528.049;637.614;2115.802;-9.388;1398.440;32.607;3602.466;1591.786;3584.669;2853.684;3146.150;684.924;247.029;2244.957;505.336;2812.780;1505.165;2122.786;3545.002;1920.880;335.404;555.878;2039.434;1777.331;2377.915;1248.547;2319.298;1312.264;2194.114;2700.060;633.413;1297.536;1733.575;2519.877;858.871;1967.107;2264.283;3178.747;1176.223;2323.441;680.964;1682.210;565.416;3363.553;1644.179;3174.447;1470.124;3326.161;1241.308;1110.030;2055.014;2968.291;3201.186;2119.982;240.434;2087.694;998.088;2717.851;3281.712;1858.423;2146.191;13.908;1948.092;464.447;2232.777;1428.455;2753.905;-7.031;411.387;2566.825;1817.873;2025.059;3217.309;1675.485;2762.094;1744.804;3214.312;2491.607;497.591;1121.655;3231.821;1105.582;711.243;1688.577;1443.902;2468.024;1637.300,874.554;1442.748;1451.141;3253.877;3596.464;2069.849;88.378;2612.938;2365.051;2913.210;1230.929;226.302;2201.418;429.880;2721.174;2984.643;1553.383;3592.102;671.292;3527.374;1771.925;2585.509;2777.904;3582.249;3619.334;2.039;6.593;1953.034;125.866;2389.895;1928.896;2283.877;1623.286;952.255;3461.950;2532.401;9.064;457.620;2179.477;880.823;1485.094;2783.035;1476.923;3306.135;2609.543;2021.339;688.722;1670.329;2808.755;3615.772;283.135;419.468;2531.859;3029.891;293.196;2899.914;2844.493;2563.643;1147.269;1611.646;1358.787;3017.106;1145.782;1309.131;3505.316;3244.576;3466.476;3031.533;201.682;184.044;1823.104;3048.480;3206.637;2226.118;3543.974;593.106;632.124;1101.702;876.256;1083.381;278.133;1416.368;-13.820;1846.454;3314.133;1788.978;2236.332;2234.157;3460.700;2641.995;2864.737;1076.492;3305.711;722.574;1403.767;2539.985;1064.108;3271.545;3066.870;617.432
25,43.80200529098511,24,-538.3319771114243,538.3319771114243,0.3503891280533901,3583.427;1975.059;3580.961;2720.824;2561.402;809.171;3613.095;5.396;791.613;1552.949;2913.836;604.810;3137.358;3540.658;628.277;2127.142;6.244;1390.344;30.482;3594.783;1593.910;3598.902;2837.930;3160.303;691.393;231.161;2258.415;520.570;2827.980;1521.260;2125.276;3533.284;1924.408;319.379;548.897;2026.016;1763.813;2369.086;1234.287;2335.573;1297.181;2188.317;2716.099;649.311;1281.345;1717.264;2518.275;844.262;1952.399;2265.607;3163.018;1191.592;2338.997;696.155;1666.094;550.464;3379.248;1635.796;3170.299;1469.740;3341.340;1232.382;1125.784;2070.777;2980.731;3185.261;2122.681;224.967;2090.448;982.367;2702.356;3290.056;1871.387;2162.164;-1.475;1960.043;479.922;2216.621;1412.397;2738.337;8.191;398.084;2567.427;1833.043;2040.422;3211.190;1676.703;2751.348;1728.550;3204.935;2501.370;506.502;1105.442;3228.581;1089.708;713.064;1681.472;1459.855;2464.157;1628.887,858.276;1451.370;1466.610;3267.083;3611.324;2063.353;102.537;2601.133;2376.286;2929.139;1223.018;220.077;2209.783;444.911;2721.120;2970.279;1539.406;3597.102;665.696;3537.011;1771.615;2577.957;2761.841;3591.928;3614.042;6.449;-2.392;1964.457;111.986;2406.068;1914.144;2269.324;1638.748;967.531;3460.503;2520.546;-3.372;472.256;2166.346;896.440;1501.110;2769.670;1493.005;3292.060;2594.441;2036.807;674.923;1654.652;2799.687;3610.191;267.129;431.293;2547.826;3042.705;296.002;2915.266;2842.421;2559.030;1136.024;1603.759;1344.866;3029.535;1151.882;1299.384;3494.150;3252.352;3461.795;3023.045;185.755;196.256;1807.190;3039.006;3222.851;2217.668;3560.163;583.608;629.962;1086.029;877.002;1096.814;261.876;1432.233;1.043;1861.081;3322.987;1799.878;2221.298;2218.442;3448.843;2657.043;2878.237;1060.439;3290.100;706.427;1391.131;2549.648;1052.197;3286.000;3078.051;606.660
26,45.71880841255188,25,-539.3451234432171,539.3451234432171,0.43445171239361074,3579.343;1991.307;3578.387;2706.584;2574.702;801.475;3597.753;-5.246;794.029;1568.505;2901.418;604.358;3151.011;3556.605;638.521;2143.142;2.990;1374.409;14.723;3604.798;1589.649;3611.879;2827.068;3156.893;684.828;229.708;2242.711;536.643;2842.975;1536.490;2140.647;3547.382;1915.797;320.309;552.202;2024.648;1776.258;2363.988;1245.732;2349.237;1307.030;2176.581;2726.438;655.752;1265.188;1730.516;2505.727;828.030;1936.168;2265.077;3165.336;1180.103;2333.399;699.119;1649.832;537.817;3394.284;1646.916;3185.893;1467.039;3357.218;1242.130;1125.002;2079.963;2996.585;3171.807;2133.549;209.266;2105.553;994.036;2716.184;3299.889;1887.552;2151.400;-10.186;1951.119;480.843;2202.583;1413.512;2723.569;20.383;381.906;2583.164;1818.235;2025.778;3197.010;1660.952;2740.482;1714.331;3194.745;2515.278;495.756;1101.402;3212.844;1094.225;698.512;1665.533;1463.986;2465.989;1638.036,871.161;1460.810;1482.166;3283.111;3597.456;2077.711;115.594;2616.436;2362.243;2942.634;1230.980;233.391;2225.162;461.029;2709.447;2955.545;1553.526;3604.717;656.769;3553.003;1767.633;2563.585;2774.664;3607.377;3602.789;-8.077;-17.669;1949.067;122.264;2421.791;1899.453;2253.235;1649.278;952.737;3467.367;2532.454;-13.687;461.239;2174.558;890.865;1511.194;2775.919;1503.626;3276.172;2601.227;2052.377;658.995;1659.619;2783.661;3598.394;256.162;446.377;2545.253;3057.632;280.302;2931.329;2839.315;2566.052;1122.755;1606.468;1339.846;3015.219;1165.574;1283.460;3479.675;3241.707;3468.037;3008.490;187.809;207.456;1797.833;3050.193;3236.446;2213.616;3553.334;598.607;615.609;1081.967;879.633;1090.113;273.200;1418.326;-2.922;1855.523;3338.881;1811.231;2205.700;2215.773;3447.149;2658.761;2885.122;1075.601;3296.991;715.192;1375.040;2539.221;1054.803;3282.596;3075.246;591.033
27,47.451098918914795,26,-539.4638821720093,539.4638821720093,0.2778052027093294,3594.483;1976.485;3593.954;2720.960;2559.586;807.307;3595.466;9.773;804.911;1582.761;2915.589;620.166;3167.184;3571.292;629.652;2158.152;3.000;1362.560;0.895;3589.954;1599.062;3596.218;2814.749;3172.108;695.127;245.316;2227.313;522.365;2859.130;1522.998;2156.236;3561.648;1931.516;306.021;537.925;2011.864;1785.022;2349.121;1232.500;2337.154;1320.395;2161.957;2738.040;671.249;1262.762;1716.948;2512.029;829.528;1923.481;2256.767;3150.312;1193.944;2323.743;712.276;1634.477;523.030;3410.418;1662.992;3181.516;1453.126;3373.476;1258.060;1110.545;2095.980;3003.667;3185.255;2148.336;193.881;2121.739;978.857;2703.426;3284.331;1898.506;2166.665;5.600;1964.634;465.377;2215.848;1398.232;2707.539;9.822;365.616;2572.935;1802.607;2009.751;3196.100;1669.944;2745.317;1707.790;3205.967;2529.440;511.181;1100.973;3223.475;1106.850;694.308;1672.152;1467.834;2451.080;1624.957,858.527;1445.663;1492.719;3299.352;3582.864;2063.147;107.061;2631.436;2368.880;2957.551;1215.394;246.493;2214.303;446.515;2694.419;2939.366;1540.939;3589.627;672.236;3544.597;1754.122;2575.269;2783.628;3611.427;3608.915;2.996;-2.663;1962.418;108.337;2409.203;1913.475;2237.046;1660.243;946.737;3455.472;2542.856;1.903;473.570;2189.580;888.485;1518.325;2760.236;1502.885;3290.710;2591.399;2040.020;642.833;1653.117;2797.783;3611.535;264.777;430.886;2529.600;3055.732;274.196;2937.162;2855.004;2554.524;1137.709;1610.795;1354.361;2999.027;1152.562;1295.713;3489.987;3226.139;3454.279;3020.640;202.181;195.438;1807.437;3035.028;3221.218;2199.101;3567.463;583.231;599.683;1096.057;863.964;1076.256;278.294;1433.168;-5.167;1871.036;3355.090;1795.822;2208.403;2230.956;3462.719;2655.597;2897.062;1074.057;3311.873;725.064;1364.680;2551.990;1070.664;3289.318;3087.639;606.381
28,49.31465005874634,27,-539.9654195338516,539.9654195338516,0.3856589396235964,3610.568;1986.357;3609.982;2708.206;2574.101;791.771;3599.947;-2.486;789.591;1598.941;2931.065;634.367;3157.787;3570.238;613.735;2174.128;-11.779;1346.580;-15.129;3604.160;1604.095;3592.700;2827.186;3186.140;685.634;252.380;2231.876;520.431;2852.020;1530.008;2148.081;3548.643;1944.989;290.170;536.868;2010.282;1769.649;2335.090;1216.452;2338.935;1310.406;2167.610;2754.115;686.796;1264.116;1716.721;2496.495;839.086;1908.886;2249.058;3141.187;1198.124;2326.175;726.918;1641.737;506.827;3422.528;1648.292;3194.110;1454.860;3367.460;1243.805;1094.383;2086.883;3015.978;3170.060;2143.435;184.774;2137.987;990.347;2698.891;3297.681;1884.993;2181.899;-2.073;1949.403;462.273;2229.934;1382.131;2691.985;-1.031;350.651;2586.564;1806.784;2012.114;3205.496;1655.639;2760.932;1723.097;3222.012;2545.558;527.369;1103.915;3227.552;1105.092;710.166;1687.908;1452.743;2434.928;1608.872,849.665;1455.765;1501.406;3288.969;3597.938;2059.507;91.093;2618.573;2353.711;2973.569;1228.716;233.410;2227.296;453.324;2710.251;2948.179;1556.137;3604.649;662.384;3559.242;1755.212;2560.917;2798.674;3595.915;3597.552;-6.880;-7.656;1955.571;103.132;2407.665;1902.461;2223.886;1644.750;949.776;3449.649;2552.447;-3.966;458.549;2205.789;885.980;1502.635;2752.394;1511.933;3295.404;2575.393;2050.069;642.631;1666.995;2789.305;3598.143;250.991;430.418;2542.766;3039.921;258.471;2921.797;2869.299;2539.299;1122.883;1625.045;1369.072;2986.652;1137.214;1282.886;3504.900;3218.618;3467.724;3036.734;216.243;206.439;1803.446;3037.111;3219.408;2186.844;3583.526;594.401;613.965;1085.539;859.358;1091.355;265.192;1419.695;10.011;1864.505;3345.258;1784.607;2199.666;2219.772;3478.721;2639.872;2913.054;1071.991;3296.529;710.178;1379.855;2536.163;1085.933;3305.258;3078.988;595.980
29,51.201931953430176,28,-540.390595089766,540.390595089766,0.367297483821766,3595.346;2000.717;3596.041;2695.917;2577.890;806.618;3584.670;3.225;788.025;1602.755;2946.553;625.931;3171.853;3586.060;607.855;2159.823;3.723;1330.346;-0.032;3606.396;1619.620;3579.525;2842.702;3182.249;700.433;236.996;2247.335;516.719;2838.467;1518.623;2163.553;3563.970;1932.481;294.332;521.642;2025.801;1757.377;2350.453;1223.407;2337.498;1294.502;2183.501;2767.197;672.530;1248.336;1730.185;2508.255;823.477;1894.004;2262.462;3156.345;1193.430;2338.436;740.867;1627.668;499.545;3430.100;1657.630;3180.622;1454.768;3381.506;1243.255;1099.547;2085.979;3031.795;3179.704;2146.795;182.924;2124.635;997.778;2713.608;3307.111;1868.934;2172.282;-8.249;1959.698;476.377;2235.131;1366.629;2686.429;-16.783;334.892;2575.575;1821.753;2024.739;3189.770;1639.470;2776.094;1738.160;3206.887;2560.288;528.107;1089.009;3211.893;1089.258;713.788;1678.085;1467.835;2431.141;1603.255,861.599;1449.116;1516.971;3295.744;3606.010;2055.339;74.878;2604.679;2366.864;2989.401;1244.197;217.314;2232.619;467.944;2712.798;2956.838;1572.270;3615.418;647.321;3575.350;1756.814;2571.839;2814.841;3594.173;3601.841;7.680;6.053;1948.189;118.161;2415.242;1886.421;2233.307;1631.838;956.825;3448.386;2536.756;-2.493;442.817;2192.102;870.181;1492.881;2756.935;1527.553;3298.438;2566.069;2054.386;655.318;1683.097;2775.104;3598.112;261.929;434.564;2553.288;3042.848;242.412;2905.624;2874.942;2554.122;1107.096;1637.918;1375.356;2993.151;1121.833;1268.167;3518.726;3233.737;3477.318;3052.335;226.586;222.470;1795.262;3049.703;3234.974;2202.253;3586.320;609.129;608.286;1092.722;847.884;1103.104;249.928;1406.179;-2.688;1875.077;3329.352;1769.518;2200.402;2216.092;3479.907;2623.684;2929.279;1083.792;3294.394;701.421;1393.804;2531.622;1076.500;3311.341;3064.291;581.727
30,52.90897178649902,29,-540.7617969028449,540.7617969028449,0.4192155015974244,3597.975;2014.262;3591.614;2709.972;2588.837;805.484;3588.838;-11.842;772.444;1617.725;2935.299;610.178;3185.022;3594.678;610.212;2161.500;-0.746;1340.004;-6.889;3590.849;1612.602;3569.722;2827.881;3169.223;687.451;249.517;2233.708;500.870;2823.201;1507.494;2177.077;3579.215;1920.537;309.525;506.107;2010.804;1741.541;2335.037;1217.534;2353.239;1279.876;2198.187;2783.227;686.223;1235.461;1738.418;2511.109;828.765;1908.002;2278.572;3172.279;1184.711;2323.152;726.570;1628.670;514.248;3415.266;1673.346;3165.185;1458.807;3397.185;1228.050;1085.059;2100.961;3025.546;3195.593;2131.436;168.412;2135.797;998.474;2729.566;3321.403;1854.725;2181.090;7.283;1975.098;492.391;2219.584;1379.491;2696.406;-1.268;327.685;2587.308;1807.128;2012.070;3196.718;1644.720;2764.901;1735.485;3191.193;2571.157;513.552;1072.835;3197.167;1098.344;706.071;1662.725;1483.529;2445.459;1587.509,846.782;1464.434;1533.159;3289.974;3616.566;2070.805;67.274;2588.614;2356.181;2983.170;1232.160;225.917;2217.160;453.930;2718.257;2972.787;1575.989;3599.880;637.055;3591.377;1759.015;2557.358;2801.489;3609.449;3600.997;18.464;-8.476;1932.276;113.391;2430.074;1881.798;2221.230;1640.807;941.230;3432.662;2550.268;-15.949;450.087;2204.514;884.272;1482.886;2772.780;1543.751;3314.150;2550.404;2038.697;639.815;1699.247;2765.010;3601.525;250.181;419.443;2538.456;3033.851;239.330;2916.300;2859.158;2540.889;1102.144;1627.439;1359.919;2978.344;1105.657;1278.086;3503.577;3249.847;3492.228;3056.625;242.569;233.008;1779.344;3065.658;3225.655;2217.671;3602.093;603.560;616.495;1077.227;863.600;1102.434;233.756;1408.927;8.739;1876.838;3328.185;1783.802;2216.144;2231.529;3495.504;2631.619;2943.769;1099.840;3309.562;686.490;1381.953;2531.422;1091.327;3299.073;3048.120;589.441
31,54.756245851516724,30,-541.0381140972736,541.0381140972736,0.4932585026100062,3611.511;2006.775;3577.709;2701.444;2603.424;811.955;3583.754;3.259;785.418;1633.890;2941.459;623.385;3201.107;3605.284;611.490;2153.187;-13.713;1328.553;7.212;3592.965;1624.790;3585.103;2813.773;3184.726;675.851;263.791;2247.908;490.685;2836.356;1522.251;2164.157;3584.122;1934.698;305.370;501.643;2002.176;1754.543;2335.748;1217.567;2338.830;1292.077;2185.944;2770.684;700.610;1219.529;1722.768;2496.030;814.420;1893.421;2275.415;3187.862;1168.835;2336.669;741.359;1612.959;500.164;3412.232;1675.941;3180.190;1446.020;3413.011;1238.165;1069.570;2117.031;3040.701;3197.004;2129.107;152.273;2139.180;1014.206;2744.380;3306.838;1867.255;2196.857;6.998;1962.638;498.724;2222.639;1395.295;2682.655;-12.453;317.761;2576.920;1819.564;2025.207;3192.166;1659.915;2748.938;1719.856;3199.432;2563.830;502.077;1056.620;3181.073;1084.414;692.432;1646.689;1498.293;2461.592;1600.353,830.890;1463.409;1549.379;3305.598;3601.137;2085.993;71.178;2583.491;2367.559;2970.231;1216.763;215.078;2203.774;438.912;2723.822;2988.964;1563.902;3598.155;621.126;3607.570;1743.360;2550.421;2785.616;3611.240;3616.785;32.501;2.932;1922.244;97.824;2445.937;1894.144;2234.974;1627.859;925.074;3416.465;2538.622;-0.639;441.262;2193.638;892.646;1468.082;2779.764;1534.836;3325.445;2537.317;2036.658;646.374;1694.586;2751.046;3616.037;234.783;433.958;2549.355;3017.997;223.756;2911.531;2865.344;2549.532;1115.914;1641.606;1343.732;2964.362;1096.330;1293.812;3492.624;3254.654;3507.154;3049.605;230.754;220.160;1787.629;3050.615;3216.463;2233.757;3600.945;591.357;631.507;1088.287;864.982;1109.094;217.758;1399.239;15.174;1861.240;3340.631;1798.992;2224.905;2217.427;3511.556;2641.912;2928.796;1116.037;3322.109;700.120;1373.942;2529.868;1107.456;3304.975;3061.511;575.154
32,56.620296239852905,31,-541.3274673177096,541.3274673177096,0.3519582914610567,3598.239;2020.977;3592.329;2700.742;2619.521;827.793;3567.992;10.918;773.464;1620.875;2934.935;613.968;3216.358;3591.544;599.964;2137.295;1.280;1331.533;19.969;3589.353;1610.321;3596.717;2827.667;3197.893;688.908;249.980;2259.493;486.857;2852.422;1537.384;2167.765;3575.340;1920.702;290.222;485.850;1986.481;1753.555;2329.126;1207.983;2331.050;1276.712;2200.713;2784.223;697.878;1210.162;1733.537;2510.488;799.055;1898.469;2285.620;3176.290;1179.751;2352.721;754.502;1609.769;503.245;3413.442;1690.191;3191.143;1461.597;3399.476;1229.894;1064.682;2109.065;3027.077;3209.612;2135.888;139.025;2123.925;1000.123;2731.629;3312.170;1858.095;2212.994;-2.673;1971.468;485.314;2209.870;1382.499;2685.853;0.949;332.812;2591.460;1812.193;2011.955;3207.321;1662.061;2745.907;1727.534;3209.453;2548.053;516.376;1058.162;3165.551;1097.042;687.875;1660.245;1513.926;2467.681;1587.013,814.701;1470.283;1537.603;3294.082;3610.913;2102.150;86.109;2597.181;2353.312;2983.347;1227.164;199.547;2199.583;437.327;2715.414;3004.762;1552.063;3612.796;613.513;3604.081;1756.562;2538.460;2782.711;3595.732;3602.794;17.517;0.592;1912.768;81.650;2430.693;1899.190;2250.646;1639.867;928.375;3428.241;2553.008;-5.825;455.318;2177.892;908.518;1483.223;2778.791;1545.178;3310.521;2551.758;2021.879;639.255;1679.106;2734.946;3600.633;218.742;425.249;2562.909;3030.274;233.145;2895.882;2858.303;2554.612;1129.977;1626.685;1345.879;2950.231;1081.972;1290.433;3493.678;3244.247;3514.717;3045.867;232.908;231.724;1774.097;3053.921;3203.828;2237.929;3586.358;592.881;647.653;1076.157;851.428;1094.347;216.047;1412.828;30.387;1851.313;3355.602;1814.898;2215.319;2204.131;3500.527;2657.839;2929.318;1107.943;3322.628;716.205;1367.412;2526.262;1101.447;3320.730;3048.033;560.904
33,58.534156799316406,32,-541.7674222795116,541.7674222795116,0.4797378088901317,3608.839;2026.654;3608.406;2716.496;2608.344;813.656;3578.308;19.460;788.256;1610.465;2950.539;628.152;3222.665;3585.400;587.672;2149.889;4.468;1347.259;5.419;3600.964;1625.430;3586.623;2841.601;3193.373;704.594;263.871;2244.841;473.052;2867.920;1522.200;2183.532;3590.777;1931.802;305.311;482.443;1973.602;1737.872;2314.650;1222.444;2327.627;1260.988;2211.064;2769.914;683.538;1195.871;1735.778;2526.530;783.309;1886.475;2271.731;3188.315;1195.713;2343.605;739.177;1623.297;488.466;3429.161;1704.437;3176.164;1447.706;3406.885;1214.016;1074.707;2104.628;3041.568;3222.080;2151.709;122.991;2110.484;984.101;2744.691;3299.045;1842.188;2205.378;11.011;1987.134;469.347;2224.955;1384.460;2701.612;-10.397;348.624;2579.313;1797.425;1996.501;3196.990;1646.668;2760.846;1743.176;3194.383;2563.733;513.438;1058.533;3154.076;1108.707;693.043;1673.336;1506.130;2451.936;1571.515,817.378;1455.053;1532.121;3294.165;3599.550;2113.716;71.173;2613.208;2368.262;2998.906;1243.109;183.489;2186.654;435.926;2699.907;3002.855;1567.030;3599.217;617.738;3615.519;1745.022;2547.725;2796.239;3599.860;3597.190;29.416;-14.984;1896.871;76.983;2419.443;1914.710;2262.011;1655.863;939.693;3441.578;2562.883;-20.153;439.907;2161.734;918.659;1485.254;2793.346;1530.724;3294.436;2567.858;2032.581;623.407;1692.391;2746.483;3596.713;233.612;409.491;2548.463;3046.249;249.056;2879.724;2842.782;2567.244;1124.533;1618.407;1331.597;2934.209;1065.909;1304.904;3508.974;3228.432;3499.806;3061.580;248.642;247.678;1774.805;3042.285;3218.239;2224.802;3596.626;608.239;654.050;1087.410;866.728;1078.235;200.397;1398.068;43.407;1835.664;3343.574;1831.002;2199.978;2192.378;3497.105;2655.635;2913.553;1093.097;3338.334;732.119;1352.060;2512.962;1104.977;3312.985;3063.753;544.815
34,60.253772497177124,33,-542.3990711875866,542.3990711875866,0.4423116109346841,3594.091;2042.006;3596.383;2709.985;2594.300;820.232;3581.868;5.181;783.906;1597.943;2965.193;642.690;3215.737;3598.929;592.485;2139.776;-4.922;1342.557;-1.464;3588.113;1634.227;3586.124;2839.651;3208.635;720.124;260.318;2243.497;457.003;2882.984;1532.987;2189.995;3604.236;1935.941;297.971;466.907;1986.833;1732.557;2327.815;1207.076;2311.854;1252.570;2205.673;2756.481;685.301;1208.753;1722.116;2521.385;793.678;1900.185;2287.457;3196.443;1204.546;2327.821;726.255;1609.953;483.317;3419.644;1695.699;3173.208;1435.788;3418.960;1199.616;1059.955;2119.000;3055.361;3208.184;2136.194;117.621;2121.974;973.274;2760.680;3314.209;1846.201;2219.041;18.351;1994.525;458.418;2241.002;1383.580;2687.537;3.754;333.970;2580.139;1811.912;1980.492;3212.200;1631.047;2748.445;1758.911;3178.292;2568.344;525.743;1074.137;3157.704;1094.580;708.395;1683.616;1492.690;2450.709;1568.609,816.083;1469.581;1547.231;3309.597;3584.647;2099.064;55.069;2616.185;2382.669;3014.977;1249.885;167.742;2170.687;431.026;2687.949;2989.500;1582.890;3599.808;632.933;3599.987;1733.034;2561.731;2782.140;3601.950;3604.874;23.726;-7.085;1900.379;90.868;2412.619;1930.842;2277.929;1642.661;955.311;3430.903;2554.790;-4.939;434.790;2147.146;903.656;1470.508;2807.980;1545.343;3299.023;2583.696;2018.018;613.555;1707.192;2761.293;3612.423;249.693;413.199;2534.026;3033.251;236.742;2877.146;2828.340;2551.873;1108.762;1626.486;1317.429;2946.997;1062.195;1310.113;3525.089;3226.520;3483.981;3074.090;244.918;263.007;1773.451;3050.484;3217.972;2208.781;3612.547;623.019;669.537;1103.347;878.013;1062.240;195.006;1383.267;30.122;1848.229;3331.817;1822.884;2212.209;2191.208;3512.219;2640.026;2912.564;1077.826;3350.838;731.916;1366.227;2496.962;1089.668;3299.090;3069.597;535.615
35,62.12598371505737,34,-542.4645874497078,542.4645874497078,0.5085872068302518,3602.640;2057.924;3608.802;2694.626;2607.688;807.259;3597.415;9.240;799.574;1613.290;2950.846;642.885;3230.211;3614.792;604.430;2126.940;-18.876;1327.076;-9.565;3602.727;1648.147;3574.064;2855.280;3224.717;707.888;275.154;2251.432;443.118;2898.926;1538.158;2195.175;3592.580;1951.399;287.572;451.783;2002.402;1744.788;2339.537;1193.068;2316.384;1259.295;2217.432;2770.209;701.021;1216.991;1733.740;2506.569;806.987;1887.706;2289.325;3182.506;1203.871;2327.878;710.805;1594.188;495.845;3434.533;1679.844;3188.344;1419.959;3405.732;1203.084;1047.586;2103.586;3040.865;3223.466;2133.278;102.225;2134.691;971.209;2770.307;3301.680;1834.330;2227.280;15.574;1979.492;469.192;2230.136;1398.140;2687.079;-5.986;341.616;2564.846;1804.684;1989.982;3211.133;1641.813;2759.245;1746.704;3164.884;2567.228;511.565;1089.775;3169.462;1078.703;692.723;1699.340;1500.169;2459.916;1579.272,800.484;1469.368;1541.124;3324.425;3570.798;2105.713;46.577;2600.825;2367.002;3000.644;1236.249;151.815;2154.560;446.422;2687.285;2973.504;1570.065;3585.060;617.772;3594.697;1717.979;2577.773;2788.133;3613.741;3610.216;39.099;3.118;1885.099;106.079;2426.873;1946.983;2294.028;1636.244;941.039;3415.054;2549.180;1.789;433.981;2141.856;914.881;1474.020;2794.947;1560.549;3312.512;2595.986;2023.322;600.546;1722.468;2759.511;3614.709;260.760;425.821;2520.297;3018.896;222.776;2891.515;2842.629;2548.166;1110.970;1642.116;1326.023;2962.978;1046.681;1317.640;3537.591;3242.210;3482.053;3089.465;232.742;270.994;1757.718;3035.040;3226.924;2192.650;3599.040;615.183;685.647;1094.540;881.739;1046.237;179.752;1396.997;37.549;1864.030;3346.849;1836.208;2228.078;2177.419;3528.311;2623.911;2912.680;1092.069;3359.495;746.543;1351.324;2512.587;1102.356;3283.079;3074.344;520.630
36,64.01678204536438,35,-542.7461280147954,542.7461280147954,0.2352953451433392,3596.864;2042.833;3599.084;2679.885;2623.682;791.597;3613.156;24.651;803.471;1600.311;2957.082;627.478;3221.209;3599.351;620.248;2141.362;-3.375;1331.042;5.786;3607.881;1634.622;3580.498;2851.839;3229.127;719.911;284.541;2236.047;427.129;2902.187;1526.816;2210.661;3601.251;1967.372;271.725;436.077;2014.761;1759.585;2324.109;1178.713;2306.443;1275.030;2233.305;2785.163;710.891;1217.339;1718.886;2520.392;813.618;1902.478;2296.802;3190.282;1189.475;2312.641;705.859;1580.926;487.534;3450.107;1690.621;3182.636;1424.722;3418.796;1190.990;1031.844;2118.180;3039.476;3237.877;2132.203;86.152;2124.883;957.246;2755.869;3287.319;1818.446;2242.851;-0.146;1991.282;484.658;2235.587;1414.170;2699.906;0.784;354.435;2579.110;1818.366;1997.796;3226.442;1653.243;2775.052;1735.528;3150.148;2565.953;502.993;1094.135;3154.201;1062.621;687.105;1711.437;1493.173;2459.617;1572.470,784.413;1485.079;1551.483;3313.359;3584.817;2121.485;39.671;2610.692;2362.632;2984.750;1225.164;155.957;2154.769;432.579;2672.871;2979.772;1560.487;3598.533;629.646;3588.134;1733.258;2564.544;2803.881;3600.034;3594.633;26.218;-2.917;1869.935;117.424;2416.530;1961.560;2291.210;1651.498;947.542;3425.703;2533.431;12.442;449.199;2126.245;906.063;1458.745;2779.014;1546.914;3326.102;2590.889;2038.891;584.678;1735.260;2775.069;3604.786;274.337;410.982;2504.969;3030.672;215.600;2906.171;2830.486;2562.851;1095.759;1627.232;1341.272;2960.726;1051.172;1301.930;3523.257;3254.845;3479.768;3099.769;231.446;286.365;1747.584;3043.349;3242.699;2176.809;3588.073;630.751;673.255;1094.923;897.369;1060.316;165.778;1410.057;21.949;1848.999;3347.105;1851.676;2244.154;2162.766;3542.588;2621.013;2911.151;1084.115;3344.283;762.590;1362.526;2517.468;1088.315;3296.555;3083.394;505.872
37,65.93977975845337,36,-542.9931655266389,542.9931655266389,0.20064658110910039,3607.953;2039.396;3600.875;2677.366;2625.135;782.926;3597.891;11.453;802.657;1603.357;2958.667;612.719;3206.272;3597.871;610.846;2147.104;2.902;1345.505;-0.954;3592.256;1642.515;3596.230;2837.136;3241.277;733.257;300.322;2227.372;433.428;2887.818;1515.800;2226.625;3599.523;1969.416;258.661;429.160;2023.209;1745.586;2331.044;1192.835;2318.451;1270.100;2247.444;2797.891;722.739;1202.043;1708.766;2536.019;799.223;1905.261;2301.359;3204.308;1200.386;2319.383;691.465;1590.036;471.872;3443.848;1680.992;3176.691;1431.669;3434.546;1176.228;1024.036;2125.558;3044.448;3250.877;2135.678;75.084;2110.309;941.402;2756.579;3275.086;1816.577;2229.467;-5.207;1976.670;475.153;2225.771;1421.094;2685.275;-10.252;349.402;2591.011;1834.159;1982.925;3222.579;1638.544;2761.525;1739.383;3162.079;2564.075;514.997;1078.995;3155.535;1055.187;687.383;1696.556;1477.432;2454.191;1586.492,770.747;1487.228;1537.775;3298.985;3600.059;2132.171;53.701;2603.958;2362.749;2970.439;1225.989;145.666;2153.606;416.780;2656.984;2973.633;1551.457;3599.059;639.794;3602.014;1740.333;2575.624;2792.436;3584.105;3595.776;24.027;11.235;1865.006;133.314;2428.584;1974.701;2279.764;1639.669;962.763;3439.256;2542.459;8.087;464.693;2115.171;916.116;1455.813;2771.230;1547.129;3340.973;2579.157;2053.598;573.280;1750.971;2775.885;3594.282;259.783;395.343;2513.883;3023.798;230.586;2921.458;2818.794;2577.572;1091.730;1629.529;1332.799;2975.731;1066.128;1298.578;3528.450;3261.930;3483.846;3085.374;216.398;283.423;1750.441;3057.018;3258.771;2184.392;3599.556;620.539;669.509;1079.451;891.000;1075.379;154.161;1401.284;9.862;1835.649;3334.389;1867.740;2232.540;2176.224;3554.853;2614.808;2903.301;1069.355;3333.705;778.221;1370.530;2518.129;1085.805;3308.381;3095.373;505.188
38,67.66186428070068,37,-543.2635127628249,543.2635127628249,0.6444665718806944,3593.083;2047.601;3616.256;2671.617;2640.734;767.311;3600.970;18.962;796.988;1595.260;2944.498;622.478;3190.264;3609.275;595.149;2132.278;8.778;1361.223;-16.434;3604.670;1632.897;3612.216;2847.073;3254.012;718.640;297.159;2241.501;436.557;2897.535;1499.973;2232.819;3615.131;1954.596;268.011;427.938;2007.733;1760.095;2346.768;1205.057;2305.510;1254.445;2263.413;2783.622;708.131;1186.107;1723.594;2539.802;783.236;1894.047;2290.343;3189.307;1214.696;2335.082;704.484;1575.859;471.403;3428.476;1692.941;3162.423;1447.400;3424.733;1160.321;1039.275;2134.938;3029.173;3266.636;2150.580;59.227;2094.490;943.434;2772.178;3259.568;1831.822;2222.997;10.275;1974.977;489.040;2238.879;1436.394;2698.320;4.680;363.324;2606.744;1844.144;1967.010;3207.467;1622.569;2745.900;1755.066;3177.908;2561.207;500.719;1062.969;3170.971;1065.312;703.012;1680.657;1490.349;2440.276;1571.795,761.292;1486.995;1521.914;3283.034;3616.090;2147.939;40.186;2604.808;2356.263;2969.357;1210.616;156.918;2138.484;400.725;2672.604;2988.123;1535.664;3613.394;655.335;3615.854;1752.552;2560.240;2805.721;3583.854;3607.455;36.343;25.803;1860.284;127.555;2439.752;1961.160;2264.776;1652.412;950.544;3426.256;2558.221;-7.479;450.029;2099.485;905.386;1471.262;2756.158;1531.554;3356.986;2563.283;2039.443;562.928;1766.872;2762.361;3606.609;269.700;379.300;2498.439;3039.135;229.231;2907.967;2831.896;2593.528;1107.207;1615.277;1347.244;2966.503;1051.428;1299.289;3524.417;3256.305;3468.665;3099.638;230.571;297.756;1735.353;3064.441;3243.424;2199.813;3615.211;634.576;654.605;1090.849;875.381;1061.905;154.533;1413.431;15.067;1833.215;3349.932;1883.812;2247.133;2192.054;3541.386;2625.714;2890.322;1070.131;3348.844;768.247;1355.201;2502.527;1101.093;3293.499;3106.893;519.629
39,69.54485869407654,38,-543.6773460017516,543.6773460017516,0.11844086192669928,3578.338;2036.460;3601.820;2687.063;2632.834;751.612;3606.620;4.253;781.484;1579.822;2957.410;623.901;3200.648;3594.951;595.336;2146.229;-2.756;1371.191;-2.606;3597.612;1626.963;3597.579;2835.683;3268.506;703.850;282.109;2227.577;423.303;2889.135;1506.834;2223.615;3601.029;1962.921;283.127;423.135;1993.810;1749.181;2361.488;1213.515;2318.752;1258.281;2263.152;2792.667;718.553;1182.611;1737.553;2525.393;797.331;1909.370;2297.546;3204.021;1222.832;2346.853;693.465;1582.753;486.909;3440.561;1678.795;3164.016;1438.243;3422.845;1144.987;1046.004;2146.093;3016.400;3260.207;2156.171;52.168;2099.226;932.527;2766.331;3274.325;1818.292;2208.206;7.001;1960.184;478.167;2224.170;1422.093;2704.237;5.462;350.102;2602.420;1859.014;1977.350;3219.732;1616.983;2756.051;1766.935;3168.985;2545.579;515.363;1059.085;3159.934;1050.361;702.835;1685.617;1476.406;2449.984;1556.700,775.863;1479.024;1507.345;3279.375;3602.825;2151.771;27.829;2620.386;2342.517;2957.088;1200.533;171.638;2123.638;389.633;2676.815;2985.428;1539.939;3598.266;659.775;3600.474;1741.743;2545.109;2807.320;3581.035;3593.418;23.971;10.621;1844.650;122.837;2455.525;1973.352;2259.743;1657.138;963.866;3432.318;2549.454;6.326;437.236;2106.051;889.945;1464.052;2741.717;1519.157;3352.588;2562.106;2046.021;547.118;1781.956;2771.649;3595.744;258.534;385.283;2491.855;3043.555;213.773;2911.895;2828.904;2586.859;1103.685;1623.973;1360.677;2954.064;1038.437;1297.906;3539.079;3267.059;3472.964;3115.260;246.431;283.842;1735.435;3080.170;3236.491;2186.679;3600.228;648.120;638.903;1094.361;868.977;1064.075;169.947;1404.952;2.820;1848.360;3352.907;1887.300;2244.595;2206.979;3550.646;2616.879;2874.849;1058.554;3356.303;754.997;1358.991;2499.433;1102.265;3305.630;3122.742;506.278
40,71.4513635635376,39,-544.4578933311407,544.4578933311407,0.4346026487484657,3588.986;2049.479;3613.991;2679.136;2622.928;765.316;3592.071;-11.282;767.045;1568.939;2946.937;608.420;3211.200;3597.834;599.252;2152.507;11.405;1357.899;-9.309;3609.526;1642.345;3605.494;2850.073;3284.440;688.555;296.293;2236.833;407.456;2903.744;1491.943;2209.360;3602.194;1967.216;298.846;407.502;1988.018;1756.602;2348.307;1220.337;2334.629;1243.146;2277.787;2806.349;731.814;1195.480;1723.523;2540.240;785.989;1920.081;2313.195;3199.021;1235.278;2352.713;691.066;1567.577;481.795;3453.938;1669.767;3149.260;1452.740;3407.364;1142.944;1054.841;2138.567;3028.507;3267.325;2141.985;37.909;2093.743;916.722;2770.774;3280.194;1804.303;2222.978;2.487;1946.433;473.555;2208.215;1408.424;2690.941;-9.499;334.504;2616.590;1845.737;1989.164;3213.938;1619.154;2741.375;1782.620;3170.384;2539.460;507.225;1049.451;3145.308;1060.123;697.792;1679.371;1460.975;2465.611;1545.416,790.718;1470.339;1491.435;3264.253;3596.911;2136.922;42.526;2624.991;2339.423;2943.188;1216.010;187.131;2135.423;401.839;2677.483;2969.826;1555.546;3596.705;675.372;3608.643;1725.970;2551.421;2817.393;3565.413;3602.421;8.112;-2.588;1844.675;135.417;2448.964;1986.170;2275.016;1643.402;949.127;3417.341;2536.128;-2.499;431.248;2119.706;873.953;1478.844;2729.460;1533.393;3337.411;2577.646;2060.739;544.616;1797.717;2757.432;3580.404;247.153;385.420;2497.356;3058.906;223.286;2899.770;2814.234;2571.300;1089.561;1609.147;1376.574;2953.139;1049.396;1303.559;3555.028;3282.531;3487.727;3125.513;241.239;268.682;1721.195;3071.645;3247.480;2170.979;3608.052;638.110;641.653;1081.129;883.211;1050.073;159.303;1389.233;-13.032;1860.276;3343.831;1901.098;2250.814;2220.280;3565.676;2630.277;2882.644;1072.932;3347.622;739.535;1345.507;2499.492;1087.617;3320.681;3137.674;511.646
41,73.16681694984436,40,-544.8115362823177,544.8115362823177,0.4925821159661598,3604.758;2062.140;3599.744;2667.780;2613.873;781.148;3577.445;3.862;755.163;1581.343;2931.169;592.642;3196.187;3612.502;603.100;2160.196;18.241;1342.082;5.039;3594.599;1633.887;3603.185;2865.925;3274.700;672.737;295.735;2240.033;392.507;2888.694;1502.527;2193.531;3610.300;1981.952;314.767;392.777;2002.741;1742.520;2341.920;1206.355;2342.879;1238.302;2268.358;2796.315;731.119;1182.764;1727.670;2538.284;771.417;1908.351;2307.196;3202.473;1250.553;2368.234;696.747;1555.874;470.687;3442.040;1654.104;3164.279;1444.337;3420.531;1144.845;1070.509;2123.079;3037.948;3261.080;2154.354;22.360;2107.176;902.113;2761.332;3293.887;1808.058;2237.408;16.907;1959.400;487.767;2217.155;1404.454;2679.979;4.564;318.537;2632.131;1829.873;1976.667;3228.402;1634.349;2752.962;1797.825;3185.638;2554.124;491.562;1037.249;3134.398;1074.933;685.169;1663.793;1467.860;2451.488;1560.605,806.634;1483.531;1498.612;3248.348;3611.182;2139.998;28.350;2609.919;2333.780;2957.224;1230.196;202.919;2151.230;387.424;2680.348;2954.176;1570.541;3610.483;691.310;3605.517;1709.984;2558.832;2802.421;3566.568;3617.563;-7.878;8.999;1860.214;151.151;2433.302;1971.145;2260.707;1658.081;933.648;3401.522;2527.028;-17.022;415.603;2135.234;864.485;1476.189;2713.733;1525.179;3351.502;2592.313;2050.082;560.124;1783.225;2771.060;3586.046;261.042;399.203;2482.189;3049.719;208.992;2884.012;2828.090;2584.794;1096.478;1618.930;1362.812;2968.568;1059.104;1304.144;3550.726;3295.049;3497.149;3141.237;253.925;282.372;1722.801;3082.536;3242.898;2164.183;3598.090;628.977;626.276;1095.758;868.940;1034.194;174.339;1374.106;-2.127;1876.075;3356.793;1891.573;2264.795;2210.442;3556.140;2615.043;2898.335;1088.853;3362.378;723.564;1332.337;2495.985;1075.214;3306.316;3126.791;499.371
42,75.03586316108704,41,-544.8868430231287,544.8868430231287,0.23181505381108483,3591.754;2068.448;3610.428;2681.564;2627.737;795.778;3561.897;-4.131;739.382;1567.169;2939.107;606.109;3180.350;3597.677;603.525;2155.905;32.296;1342.535;4.661;3607.367;1618.221;3594.291;2879.440;3288.359;677.060;281.010;2248.110;405.402;2902.491;1514.634;2177.575;3595.370;1997.606;300.687;380.232;2017.034;1753.169;2326.646;1190.666;2358.386;1252.540;2255.154;2811.375;715.829;1167.046;1742.595;2548.022;775.927;1893.619;2317.525;3217.977;1246.984;2384.094;712.271;1540.105;461.793;3456.927;1668.830;3163.999;1456.553;3410.612;1130.458;1055.420;2132.049;3022.662;3245.450;2164.237;22.060;2108.733;888.081;2745.642;3309.552;1793.236;2224.982;6.529;1945.773;499.689;2218.731;1389.946;2694.339;-6.463;305.741;2625.415;1840.228;1978.399;3222.985;1622.001;2763.445;1794.648;3198.663;2568.645;505.405;1051.890;3118.669;1061.245;671.270;1656.679;1482.227;2457.557;1575.894,808.485;1472.386;1485.833;3260.473;3597.694;2154.087;13.098;2623.713;2318.932;2956.137;1223.261;188.719;2141.198;399.207;2668.036;2949.000;1572.462;3597.060;697.153;3590.262;1719.705;2543.523;2787.278;3551.352;3602.512;-1.965;-5.996;1867.967;145.134;2434.551;1984.501;2255.944;1647.765;938.751;3407.135;2539.747;-1.847;424.792;2150.112;877.047;1462.208;2709.607;1511.340;3367.385;2588.750;2063.870;548.065;1773.083;2786.563;3580.147;260.582;411.837;2484.592;3055.674;214.337;2898.105;2838.048;2588.325;1111.813;1617.447;1375.863;2968.607;1074.784;1290.097;3565.960;3310.863;3483.693;3137.161;240.407;294.324;1736.039;3082.818;3249.987;2179.191;3598.837;643.397;610.742;1082.820;868.154;1041.721;190.221;1365.018;11.191;1862.002;3358.032;1905.188;2279.904;2195.123;3571.329;2608.317;2897.892;1075.615;3347.892;720.778;1345.839;2497.159;1087.026;3310.701;3133.454;514.180
43,76.93422365188599,42,-544.754596904751,544.754596904751,0.3843541121205139,3601.912;2083.832;3598.262;2668.180;2643.549;795.252;3551.245;5.067;734.115;1551.372;2923.824;592.121;3174.194;3605.770;588.259;2140.335;48.134;1357.282;13.003;3595.105;1629.490;3579.908;2865.045;3276.391;663.546;284.619;2233.283;410.102;2914.892;1499.999;2176.495;3603.523;2012.597;293.567;393.060;2032.339;1756.582;2325.132;1189.675;2347.269;1264.970;2239.608;2824.201;699.916;1151.296;1752.070;2561.334;778.274;1878.034;2332.984;3221.759;1262.486;2397.216;697.447;1545.748;477.237;3461.370;1684.676;3179.463;1441.624;3425.209;1144.387;1050.410;2138.769;3029.520;3255.365;2159.207;9.820;2123.869;872.729;2738.493;3311.181;1801.328;2239.366;-9.185;1929.938;515.377;2222.914;1404.201;2710.181;7.515;289.992;2609.809;1855.306;1978.647;3237.883;1626.031;2748.194;1791.836;3214.423;2555.009;492.926;1067.736;3105.083;1046.292;681.912;1665.776;1496.973;2472.159;1564.847,793.279;1483.759;1499.975;3276.109;3592.602;2169.938;-1.961;2610.985;2303.099;2940.625;1208.839;186.746;2153.774;399.098;2656.122;2933.956;1587.586;3610.086;682.305;3576.120;1704.901;2549.882;2771.402;3565.632;3611.181;-5.976;-2.146;1876.326;132.223;2447.402;1995.272;2240.744;1637.848;925.181;3405.452;2524.512;-12.643;440.044;2149.799;891.544;1451.158;2724.982;1497.975;3379.615;2577.736;2055.210;559.620;1758.857;2802.456;3595.552;275.989;416.644;2499.936;3071.230;228.368;2893.782;2847.148;2573.807;1127.713;1632.941;1361.477;2981.248;1061.185;1288.704;3576.456;3297.342;3467.901;3121.913;229.295;279.301;1720.735;3094.869;3235.726;2174.013;3583.808;628.744;624.757;1083.688;873.085;1053.687;192.842;1349.344;19.817;1853.882;3355.369;1918.595;2264.580;2179.232;3583.141;2622.763;2911.335;1089.883;3347.545;706.339;1331.798;2511.164;1095.475;3324.870;3148.718;528.796
44,78.57098937034607,43,-544.1764455675595,544.1764455675595,0.31941770236735667,3593.247;2099.686;3606.748;2654.315;2659.459;810.759;3565.599;-3.401;718.569;1548.326;2924.197;579.154;3187.896;3592.918;595.105;2125.385;35.128;1372.841;-1.736;3608.477;1616.016;3564.066;2851.716;3260.807;677.614;269.243;2247.396;395.237;2930.079;1484.145;2191.217;3596.521;1997.706;283.874;379.039;2048.209;1751.332;2309.662;1183.655;2352.487;1280.504;2223.733;2810.056;707.570;1148.630;1767.711;2577.099;793.778;1862.364;2343.740;3232.106;1277.707;2412.979;681.616;1549.249;464.580;3476.714;1678.036;3177.764;1439.204;3416.943;1158.239;1035.051;2123.410;3036.052;3270.742;2174.223;-5.906;2139.748;884.737;2752.905;3296.051;1786.694;2238.840;4.610;1917.026;531.193;2229.186;1417.892;2698.649;1.435;283.353;2622.789;1841.049;1993.959;3225.874;1641.552;2749.124;1807.017;3229.672;2568.308;503.882;1083.455;3102.951;1035.772;697.174;1681.163;1481.772;2459.555;1549.989,802.590;1499.480;1498.374;3287.151;3580.888;2154.513;-11.460;2609.990;2318.568;2926.609;1193.362;172.188;2140.116;414.306;2645.301;2947.700;1601.800;3603.767;695.046;3560.288;1715.364;2542.876;2780.072;3561.928;3597.103;1.099;-11.227;1887.045;119.180;2462.870;1988.748;2253.898;1622.743;909.892;3420.754;2520.613;0.214;448.555;2134.334;876.705;1442.018;2737.915;1482.286;3369.980;2592.314;2070.562;554.492;1743.154;2804.522;3608.765;290.934;401.763;2492.363;3083.873;217.265;2908.754;2862.788;2559.259;1136.619;1628.302;1369.945;2996.738;1046.529;1276.099;3591.757;3311.757;3458.204;3132.734;213.647;288.211;1709.237;3079.855;3250.462;2184.749;3589.985;640.738;628.190;1083.002;888.635;1060.254;208.159;1339.202;4.651;1838.276;3366.710;1929.945;2262.308;2164.144;3579.572;2629.236;2896.359;1095.562;3336.417;690.510;1334.248;2500.218;1080.134;3323.954;3162.011;515.542
45,80.31601333618164,44,-544.6991929216709,544.6991929216709,0.3716801338516575,3607.930;2115.378;3595.271;2638.541;2670.983;809.943;3581.361;8.161;721.650;1563.059;2912.513;569.407;3173.597;3581.024;610.647;2110.811;34.621;1369.972;-11.711;3595.970;1601.983;3577.331;2860.942;3274.599;688.186;280.748;2262.503;385.086;2917.071;1494.902;2192.586;3611.234;1982.043;289.665;364.507;2064.077;1735.940;2295.062;1168.209;2342.162;1267.377;2236.735;2820.072;692.767;1134.451;1758.554;2591.893;780.296;1848.903;2359.317;3218.892;1262.813;2401.239;681.454;1564.682;450.966;3465.639;1664.649;3163.521;1439.791;3427.215;1153.264;1038.426;2136.364;3023.255;3257.189;2161.022;6.101;2150.720;900.166;2739.009;3307.536;1780.978;2228.556;14.403;1920.768;518.712;2214.416;1432.014;2683.068;-14.035;297.753;2616.693;1847.545;1979.902;3240.562;1657.349;2763.944;1822.842;3220.390;2584.063;510.834;1069.409;3118.378;1050.482;682.684;1696.847;1466.310;2444.232;1562.869,817.347;1484.155;1484.388;3299.892;3595.904;2149.345;3.838;2598.190;2323.861;2941.599;1177.532;179.359;2124.921;415.467;2659.662;2939.016;1617.589;3588.448;686.470;3555.816;1720.692;2556.432;2769.742;3577.119;3605.894;16.548;3.702;1902.714;103.497;2457.783;2002.869;2247.995;1638.172;923.716;3406.579;2519.934;-6.385;457.691;2121.853;860.871;1450.883;2753.634;1484.247;3384.683;2608.049;2059.395;545.288;1727.306;2789.175;3594.694;285.187;385.924;2493.873;3068.849;231.870;2922.149;2848.195;2547.869;1152.156;1622.476;1371.995;3012.583;1050.811;1291.180;3577.641;3298.835;3472.793;3146.809;213.468;277.586;1723.450;3094.449;3265.014;2198.273;3605.474;631.638;625.399;1098.109;879.052;1049.140;195.947;1346.687;-8.305;1845.925;3351.410;1945.279;2247.470;2175.342;3594.923;2614.089;2908.397;1080.700;3350.737;682.827;1338.727;2484.617;1090.434;3308.609;3171.898;522.334
46,82.07836627960205,45,-544.7488921108984,544.7488921108984,0.3911871236432127,3594.251;2116.916;3609.928;2651.680;2686.422;800.113;3596.708;-1.408;728.597;1574.379;2912.925;553.861;3177.321;3565.991;610.305;2095.533;23.560;1385.096;3.160;3604.315;1609.055;3584.609;2846.595;3286.856;673.174;291.960;2252.428;398.543;2929.620;1485.575;2207.794;3596.785;1979.150;274.454;353.108;2064.419;1749.592;2298.982;1165.468;2326.553;1252.342;2234.155;2822.695;701.800;1118.675;1766.985;2589.850;791.203;1835.436;2375.130;3233.244;1267.285;2402.079;685.519;1569.865;437.228;3475.381;1651.616;3150.854;1424.757;3412.635;1137.850;1043.931;2150.820;3037.059;3247.150;2175.150;14.671;2138.089;886.734;2732.883;3308.565;1788.553;2242.133;2.435;1909.034;528.126;2199.730;1417.645;2695.185;-0.344;284.079;2630.733;1835.400;1964.164;3239.979;1672.707;2752.136;1826.930;3234.555;2580.568;526.286;1067.853;3114.773;1044.635;679.579;1712.591;1462.490;2429.393;1548.743,812.077;1479.389;1468.616;3286.218;3607.701;2146.142;3.819;2602.179;2325.436;2950.152;1187.468;164.866;2109.927;430.099;2653.028;2931.375;1633.147;3580.428;700.291;3542.391;1708.049;2544.850;2754.338;3581.874;3594.604;2.806;17.897;1893.206;110.688;2443.106;2018.624;2258.082;1641.965;938.468;3404.163;2505.236;4.648;444.988;2130.982;845.375;1466.468;2757.496;1499.134;3398.178;2602.870;2052.405;559.197;1717.472;2791.806;3594.383;270.115;382.939;2487.163;3065.730;219.343;2921.338;2844.843;2557.817;1155.309;1612.926;1386.860;3025.044;1036.016;1306.082;3576.861;3290.882;3469.069;3162.386;198.480;265.488;1735.359;3083.199;3253.411;2214.001;3604.632;643.817;640.493;1090.587;893.865;1033.538;205.299;1332.394;-23.932;1840.803;3365.658;1960.807;2256.870;2162.087;3587.265;2625.733;2918.520;1067.528;3362.572;692.757;1323.496;2481.532;1077.799;3309.350;3187.478;537.547
47,83.85784363746643,46,-545.0085061103509,545.0085061103509,0.3322920490568354,3587.042;2117.352;3598.891;2667.098;2674.274;786.253;3609.913;13.510;726.800;1587.956;2900.527;549.614;3163.890;3579.331;622.913;2080.028;35.976;1399.813;0.499;3607.630;1595.150;3583.064;2831.045;3273.904;683.116;294.641;2266.855;385.316;2942.241;1485.133;2222.085;3592.080;1977.057;282.170;337.471;2070.431;1735.186;2297.743;1178.453;2326.565;1245.566;2220.204;2838.091;687.119;1127.123;1777.091;2575.026;806.518;1819.760;2390.680;3219.398;1253.387;2415.730;700.977;1583.633;421.508;3465.083;1640.795;3136.732;1412.028;3403.138;1136.818;1059.412;2166.088;3049.783;3261.001;2178.911;7.716;2122.904;871.129;2734.799;3310.927;1804.070;2235.584;-10.894;1898.008;542.670;2184.062;1428.886;2701.017;0.695;269.450;2640.512;1849.259;1970.537;3254.724;1667.902;2736.496;1811.841;3250.172;2587.135;516.236;1053.557;3129.496;1029.418;674.636;1727.348;1448.707;2413.610;1536.635,826.052;1477.895;1469.932;3270.497;3610.794;2146.702;12.849;2588.115;2316.538;2964.411;1180.980;149.457;2109.280;415.351;2667.739;2917.385;1645.002;3578.601;712.731;3551.283;1709.560;2530.093;2739.577;3590.237;3605.958;11.072;22.175;1878.278;101.444;2456.821;2008.801;2243.073;1643.939;954.079;3395.126;2489.462;-7.112;429.298;2146.218;856.004;1451.948;2744.701;1514.912;3387.311;2589.288;2051.829;544.628;1729.256;2796.719;3595.325;255.851;397.712;2502.227;3051.090;206.350;2935.474;2834.013;2567.669;1151.061;1622.180;1391.011;3034.347;1020.424;1301.427;3589.912;3278.912;3482.252;3176.819;190.798;251.774;1721.748;3088.685;3259.021;2229.237;3593.338;659.429;631.567;1101.050;908.311;1017.722;196.253;1342.223;-8.937;1834.497;3367.629;1946.919;2244.337;2147.926;3594.115;2640.173;2932.394;1052.682;3349.157;708.273;1326.852;2471.784;1067.571;3324.543;3197.357;522.873
48,85.49608826637268,47,-544.986343422329,544.986343422329,0.2903921265827535,3599.894;2127.915;3612.712;2659.069;2684.996;771.294;3594.996;3.607;717.328;1574.758;2892.688;564.865;3175.143;3594.454;632.425;2093.555;21.437;1385.731;-3.857;3592.547;1591.024;3597.826;2844.693;3287.998;698.102;279.320;2282.019;388.913;2935.243;1500.396;2215.850;3586.499;1972.251;267.032;321.679;2085.825;1721.388;2282.473;1170.739;2313.736;1254.927;2204.490;2824.039;688.812;1114.129;1778.142;2589.127;812.130;1804.213;2404.265;3232.712;1238.429;2422.377;704.774;1596.411;406.811;3468.954;1625.251;3150.045;1407.755;3387.928;1152.074;1055.047;2158.014;3035.421;3273.535;2164.760;1.515;2120.809;878.029;2749.672;3326.217;1791.714;2250.816;4.130;1882.411;556.577;2194.371;1414.546;2715.923;-10.459;277.439;2626.929;1858.412;1985.234;3255.154;1680.734;2733.701;1809.382;3239.504;2602.551;530.321;1053.010;3119.709;1014.201;688.669;1714.381;1459.535;2409.993;1546.210,828.267;1479.454;1456.301;3284.026;3595.851;2152.566;-0.765;2573.316;2305.591;2974.875;1196.171;133.940;2124.297;399.602;2682.711;2901.818;1630.704;3593.941;698.785;3562.884;1724.868;2537.516;2724.154;3575.520;3596.344;26.480;17.056;1862.539;116.120;2442.348;1993.335;2256.291;1633.455;969.818;3409.877;2475.858;7.566;441.646;2132.613;853.103;1439.300;2759.205;1511.423;3381.437;2601.591;2046.211;529.220;1744.589;2811.671;3580.537;255.873;413.461;2516.763;3036.479;190.757;2950.304;2846.471;2583.164;1135.712;1637.677;1405.964;3022.108;1011.176;1285.989;3605.585;3263.657;3471.857;3163.188;175.304;236.074;1736.044;3103.005;3271.891;2217.760;3605.513;675.208;616.448;1116.250;921.436;1001.924;210.392;1337.204;4.302;1848.461;3381.727;1931.241;2241.054;2159.594;3608.821;2631.284;2919.005;1037.385;3335.474;712.923;1312.365;2486.876;1053.103;3322.655;3187.264;508.239
49,87.2515561580658,48,-545.3604879320465,545.3604879320465,0.4429076767692478,3614.598;2125.391;3603.376;2671.342;2685.061;755.988;3599.252;-0.096;731.124;1581.122;2877.239;566.089;3190.667;3606.424;647.944;2108.787;5.753;1399.463;10.752;3602.389;1594.790;3584.165;2831.047;3291.483;684.502;278.076;2269.232;373.647;2950.080;1494.477;2229.862;3601.318;1986.388;252.921;335.569;2084.199;1733.525;2270.782;1184.818;2298.107;1259.606;2203.887;2810.390;703.624;1104.076;1793.495;2602.419;825.105;1788.670;2391.490;3226.111;1222.987;2432.563;694.171;1581.945;392.585;3462.123;1636.372;3165.700;1420.715;3372.434;1142.643;1041.662;2151.640;3019.935;3289.099;2155.706;-13.917;2113.441;893.467;2765.258;3311.715;1786.216;2240.081;-4.767;1866.777;569.551;2182.859;1422.513;2730.174;3.595;266.006;2640.939;1843.371;1998.260;3239.987;1691.176;2747.984;1794.282;3234.643;2618.223;545.781;1038.413;3125.177;1001.180;677.553;1716.923;1444.935;2423.149;1561.663,839.938;1466.052;1441.061;3298.694;3607.737;2138.034;-8.238;2558.519;2319.556;2986.044;1204.668;136.540;2140.013;392.996;2693.930;2900.483;1617.395;3595.592;684.413;3549.006;1725.580;2551.879;2708.494;3574.004;3611.198;37.108;1.645;1875.458;103.312;2446.609;1987.974;2247.301;1646.797;978.786;3417.247;2484.246;1.378;433.934;2120.319;838.272;1452.829;2752.224;1496.229;3395.897;2590.291;2061.405;516.348;1756.407;2811.140;3564.973;271.219;427.401;2521.936;3023.905;198.569;2966.013;2836.272;2577.073;1122.564;1623.673;1421.691;3032.150;995.827;1297.064;3615.745;3278.592;3460.110;3176.422;186.566;220.417;1749.858;3088.630;3256.695;2222.755;3590.926;682.085;629.879;1131.775;913.982;994.650;206.410;1328.288;9.471;1845.498;3397.411;1915.711;2226.338;2145.985;3594.242;2619.151;2932.011;1025.325;3319.932;697.861;1297.021;2498.914;1037.569;3316.009;3192.967;492.767
50,89.02662968635559,49,-545.8067322925982,545.8067322925982,0.5801942903373472,3599.698;2110.957;3596.498;2686.323;2669.756;750.605;3613.842;-14.480;746.772;1566.458;2861.752;580.551;3206.185;3591.843;662.858;2095.899;15.023;1410.886;-4.101;3609.047;1609.626;3595.687;2815.707;3276.729;672.049;292.348;2255.582;361.519;2936.789;1482.997;2245.484;3615.069;1990.785;266.711;346.872;2098.478;1719.023;2258.114;1169.753;2297.576;1244.324;2214.979;2808.325;698.193;1119.155;1787.066;2591.854;811.164;1790.359;2401.984;3210.859;1207.996;2447.471;679.403;1596.583;381.498;3477.161;1651.692;3154.616;1436.328;3356.836;1127.269;1026.937;2163.089;3031.206;3293.467;2141.454;0.903;2128.723;884.451;2780.957;3314.253;1800.953;2224.736;-12.552;1851.464;555.134;2178.803;1437.669;2745.816;-5.502;250.475;2648.340;1839.320;1998.433;3226.456;1679.321;2745.295;1781.969;3219.350;2630.657;548.144;1029.680;3140.567;1002.609;662.026;1732.069;1430.157;2437.866;1550.704,855.455;1467.713;1426.187;3311.842;3618.309;2144.517;6.804;2565.511;2334.081;2999.480;1197.713;124.928;2131.638;405.081;2686.463;2915.428;1625.447;3610.382;697.455;3533.440;1739.182;2567.473;2693.366;3588.626;3599.061;22.954;-13.647;1869.961;107.462;2461.662;1974.360;2246.818;1649.018;980.510;3432.501;2472.869;-11.380;419.243;2104.965;838.723;1467.416;2747.784;1499.595;3381.513;2604.858;2054.497;530.546;1756.142;2798.386;3563.657;258.995;414.147;2507.143;3038.460;212.280;2956.348;2820.796;2561.977;1131.504;1608.676;1422.123;3047.645;983.481;1308.957;3600.947;3280.672;3475.295;3171.531;199.940;232.704;1761.405;3086.968;3255.572;2228.225;3598.423;675.317;625.250;1117.549;924.164;979.502;191.632;1312.820;-5.049;1859.761;3388.762;1914.972;2239.776;2130.620;3586.846;2632.697;2919.276;1010.318;3334.027;689.269;1288.716;2483.972;1021.948;3300.604;3180.847;502.247
51,90.81442308425903,50,-546.2197514055949,546.2197514055949,0.3673118832232791,3604.270;2096.250;3609.516;2673.162;2679.322;765.478;3599.865;0.559;732.491;1571.845;2876.161;573.456;3207.635;3589.798;649.250;2102.271;27.361;1420.824;6.697;3594.324;1594.700;3597.152;2806.345;3286.068;677.182;307.284;2239.987;348.209;2943.984;1469.951;2248.963;3600.287;2003.461;257.316;360.241;2083.755;1703.986;2273.300;1181.741;2283.893;1251.853;2203.302;2793.379;712.030;1107.706;1777.944;2606.130;823.898;1805.131;2392.564;3219.126;1193.695;2435.530;663.994;1609.389;390.247;3490.453;1638.728;3147.444;1440.417;3354.366;1111.779;1035.333;2148.887;3046.580;3281.297;2156.271;-5.616;2115.189;874.749;2769.874;3327.637;1799.082;2233.114;2.441;1865.762;543.093;2193.984;1424.833;2732.045;-16.195;235.803;2663.688;1853.511;1983.288;3239.065;1694.046;2730.876;1771.566;3225.876;2641.428;563.055;1019.382;3130.745;987.592;675.115;1719.163;1435.433;2453.456;1538.049,871.063;1461.464;1412.667;3326.903;3603.242;2154.544;15.439;2580.702;2324.257;3015.070;1182.864;132.899;2116.319;420.433;2675.621;2929.877;1640.578;3599.546;683.827;3517.751;1731.457;2560.903;2705.583;3599.622;3610.231;8.750;0.120;1855.443;115.586;2456.027;1988.045;2262.025;1654.875;995.702;3447.744;2487.680;1.416;403.618;2092.256;824.449;1460.245;2734.478;1514.699;3395.119;2618.435;2039.339;533.855;1742.316;2782.863;3578.790;244.770;398.687;2517.215;3046.950;227.892;2942.764;2807.552;2563.085;1145.176;1595.972;1425.657;3037.004;995.619;1295.244;3604.032;3293.550;3467.444;3156.879;215.515;248.210;1746.359;3100.603;3255.147;2243.534;3590.493;660.046;610.647;1119.527;908.987;993.324;175.979;1297.216;-12.132;1857.219;3376.043;1928.683;2255.378;2136.935;3587.402;2618.549;2905.518;998.203;3320.851;674.333;1303.428;2488.559;1036.075;3309.197;3195.545;515.511
52,92.45851063728333,51,-546.2042861435373,546.2042861435373,0.3828951977469571,3590.163;2103.593;3595.565;2686.562;2666.961;769.577;3599.296;6.870;721.141;1557.041;2867.522;586.411;3221.388;3604.079;647.624;2097.638;13.158;1406.054;-6.144;3604.265;1579.424;3581.951;2811.780;3271.622;682.870;293.492;2250.477;332.946;2931.317;1454.617;2256.159;3610.079;2013.390;258.560;366.213;2080.772;1688.411;2265.536;1175.594;2271.228;1266.996;2217.986;2792.919;698.198;1116.923;1762.534;2606.063;838.928;1794.369;2406.707;3234.444;1201.153;2450.216;673.521;1624.223;375.559;3506.006;1645.347;3135.568;1455.652;3361.623;1096.575;1022.895;2158.636;3035.233;3295.022;2169.638;8.053;2119.908;859.572;2755.359;3315.102;1784.337;2223.135;-8.849;1858.469;557.779;2199.764;1431.739;2742.076;-1.098;231.180;2654.626;1868.707;1973.562;3253.356;1703.581;2716.716;1784.642;3234.923;2656.217;569.892;1034.522;3142.394;971.981;688.309;1733.580;1450.415;2446.667;1522.521,863.490;1465.728;1397.120;3318.981;3606.617;2162.910;0.910;2595.897;2319.059;3001.075;1195.873;118.158;2101.249;406.612;2664.464;2918.455;1631.450;3613.277;692.269;3531.714;1746.545;2559.530;2693.264;3584.602;3596.056;-6.566;-0.282;1839.895;130.656;2453.415;1983.092;2275.896;1664.534;1011.303;3463.300;2493.833;16.201;405.171;2076.990;821.946;1444.886;2746.826;1525.175;3386.059;2633.912;2034.614;541.766;1743.568;2792.995;3574.295;255.218;383.338;2529.623;3062.085;233.785;2927.199;2821.555;2550.526;1160.711;1580.435;1440.925;3021.540;981.095;1284.225;3614.947;3280.819;3468.982;3165.669;201.856;259.057;1752.894;3115.215;3270.133;2229.341;3594.033;645.322;595.508;1104.898;917.944;981.364;188.649;1301.535;2.499;1842.137;3382.202;1941.822;2270.163;2152.009;3572.282;2608.398;2915.158;982.756;3334.494;688.030;1319.056;2483.086;1024.822;3296.906;3210.963;531.027
53,94.22747826576233,52,-546.3955118564262,546.3955118564262,0.5111306834006355,3588.149;2088.965;3606.770;2688.775;2661.062;755.030;3585.841;-6.598;706.281;1541.455;2864.696;601.044;3211.133;3599.130;635.039;2112.546;26.161;1390.679;5.265;3609.527;1577.355;3589.172;2797.002;3270.234;697.688;281.015;2237.195;317.360;2921.569;1467.318;2271.441;3605.829;1999.419;270.196;381.372;2094.896;1684.624;2264.759;1163.383;2285.696;1259.747;2221.902;2778.429;684.134;1114.856;1773.358;2594.180;853.130;1779.620;2393.011;3249.755;1216.246;2465.718;669.430;1612.166;360.753;3511.742;1638.054;3149.780;1453.318;3376.957;1109.626;1036.808;2145.810;3047.944;3283.025;2156.238;8.612;2133.373;860.964;2741.972;3325.659;1795.939;2207.930;4.182;1846.627;546.260;2214.637;1419.453;2756.087;-3.120;219.439;2663.817;1866.397;1987.844;3242.796;1717.898;2722.828;1800.088;3250.303;2660.125;585.123;1022.983;3131.144;959.501;703.727;1746.218;1454.597;2460.819;1520.172,853.517;1458.112;1381.910;3332.009;3619.412;2178.267;-12.511;2586.002;2324.001;3013.981;1211.363;106.248;2109.819;399.608;2649.034;2925.277;1617.458;3600.314;701.175;3528.062;1750.619;2560.906;2694.595;3571.134;3597.581;7.291;-14.679;1853.651;144.572;2465.046;1994.213;2264.241;1649.812;1025.735;3478.853;2478.814;26.303;410.976;2061.713;806.857;1445.341;2735.518;1530.025;3370.887;2646.042;2049.205;555.671;1758.670;2783.742;3583.820;262.522;369.384;2545.102;3050.608;221.085;2913.095;2811.201;2536.626;1151.827;1566.267;1456.524;3024.181;982.574;1275.562;3601.173;3293.639;3474.343;3180.255;199.084;253.215;1763.250;3123.136;3275.174;2237.932;3609.297;650.970;580.484;1115.874;920.500;978.412;188.422;1286.460;3.652;1843.424;3367.506;1931.418;2258.912;2153.273;3581.011;2593.075;2916.887;972.229;3329.167;677.734;1314.070;2469.190;1010.730;3310.392;3224.426;543.884
54,96.13268613815308,53,-546.2485566854093,546.2485566854093,0.34168017896199515,3601.961;2085.419;3600.078;2694.827;2675.871;769.579;3594.576;7.188;690.765;1529.163;2879.381;587.096;3200.527;3584.741;623.370;2102.795;18.281;1376.591;18.411;3594.479;1587.634;3603.935;2801.840;3284.169;713.226;266.541;2241.885;302.491;2923.344;1453.389;2285.483;3590.817;1983.926;285.522;369.566;2109.448;1699.059;2271.534;1147.989;2300.677;1272.600;2208.140;2762.875;669.676;1117.047;1788.419;2608.141;856.687;1784.250;2378.017;3251.020;1225.720;2472.258;655.244;1600.312;345.826;3499.535;1649.070;3145.047;1438.142;3370.588;1124.296;1052.246;2160.495;3045.020;3271.334;2143.337;-5.455;2119.809;846.670;2732.575;3316.302;1784.252;2192.343;6.552;1860.704;559.609;2204.383;1404.034;2751.591;4.994;204.042;2678.283;1880.829;2001.778;3249.442;1733.083;2738.103;1815.544;3265.688;2675.224;591.389;1014.081;3128.374;946.292;692.075;1756.628;1468.873;2471.235;1505.464,854.864;1442.846;1394.907;3347.381;3604.665;2163.126;1.971;2600.162;2339.168;3005.601;1202.047;113.717;2099.874;410.300;2662.198;2940.276;1602.640;3591.145;686.889;3539.182;1736.780;2546.342;2709.290;3580.196;3611.748;-5.809;-0.142;1848.932;160.089;2450.133;2007.284;2277.577;1634.438;1013.934;3471.865;2477.219;13.303;395.977;2074.606;813.823;1434.137;2720.724;1516.150;3372.885;2660.206;2036.627;571.201;1747.530;2778.563;3599.183;249.308;364.704;2532.745;3063.587;235.629;2902.367;2825.152;2551.161;1165.970;1580.236;1445.767;3020.867;968.187;1290.010;3594.455;3281.344;3489.603;3169.955;195.789;238.119;1774.196;3109.847;3261.472;2244.640;3594.729;666.164;573.026;1103.492;931.071;963.918;201.992;1289.211;-11.314;1858.603;3353.582;1916.193;2270.986;2138.511;3592.698;2577.911;2932.024;986.249;3340.941;682.985;1302.682;2484.365;1006.275;3307.946;3221.276;554.870
55,97.84353947639465,54,-546.6870583718933,546.6870583718933,0.4745943589147307,3591.295;2098.683;3614.593;2710.024;2676.726;762.005;3609.702;1.641;701.643;1539.959;2882.403;600.862;3215.425;3592.792;638.264;2115.153;3.642;1386.217;16.571;3607.605;1573.857;3589.757;2788.988;3270.782;699.882;274.474;2253.336;308.853;2938.533;1446.994;2271.793;3585.333;1970.371;272.084;376.936;2124.475;1685.621;2286.075;1138.600;2290.328;1263.964;2192.705;2755.805;682.506;1102.290;1801.276;2623.585;870.092;1798.170;2364.983;3239.035;1211.244;2457.864;639.906;1613.873;357.912;3509.163;1634.353;3152.685;1428.078;3355.588;1114.919;1064.518;2161.590;3038.009;3284.902;2155.084;-15.895;2105.331;831.177;2728.209;3300.978;1794.984;2201.623;-7.014;1875.428;550.601;2201.018;1398.983;2736.925;-0.766;190.066;2663.449;1896.188;2010.901;3264.564;1748.617;2742.813;1802.909;3281.244;2690.762;601.401;1025.019;3142.464;954.152;677.162;1749.595;1454.768;2482.657;1499.914,870.035;1428.031;1406.136;3362.945;3597.453;2157.496;10.301;2597.029;2324.029;2994.430;1194.155;98.661;2085.808;425.343;2677.569;2954.721;1616.059;3602.011;671.753;3543.194;1721.717;2558.690;2699.096;3578.422;3615.439;-8.368;7.642;1835.538;145.418;2434.759;2022.725;2292.676;1642.364;1005.685;3456.727;2462.994;-2.155;405.745;2072.601;799.076;1448.611;2705.187;1530.955;3377.465;2652.701;2043.587;563.427;1732.153;2771.355;3612.371;233.868;377.163;2546.443;3078.914;251.006;2913.289;2840.523;2566.608;1176.113;1575.771;1430.921;3035.960;952.898;1278.215;3579.401;3295.519;3478.640;3160.767;204.951;252.781;1759.610;3094.433;3274.245;2229.853;3589.322;667.015;585.686;1088.075;946.378;975.437;189.209;1277.123;1.504;1874.018;3365.798;1900.743;2286.319;2153.063;3578.287;2563.648;2946.884;1000.518;3330.869;668.170;1287.353;2499.588;1001.587;3293.320;3207.128;540.619
56,99.70988607406616,55,-546.5341390531123,546.5341390531123,0.48667914512537985,3603.083;2084.526;3600.852;2718.070;2691.090;757.715;3595.432;-12.473;688.618;1542.596;2896.798;608.170;3210.587;3583.329;636.908;2117.512;-1.731;1372.626;6.562;3599.927;1565.491;3600.524;2802.131;3284.110;690.652;289.371;2238.951;295.860;2931.113;1436.913;2283.280;3595.267;1984.832;271.497;362.268;2136.801;1697.398;2286.615;1133.210;2291.544;1248.698;2194.623;2741.185;680.873;1086.793;1808.201;2633.305;856.359;1805.425;2349.797;3252.030;1196.706;2448.572;653.083;1627.727;352.680;3494.400;1628.722;3167.930;1442.524;3340.277;1128.916;1051.374;2148.165;3022.782;3299.872;2169.992;-1.054;2116.150;819.195;2742.919;3285.628;1808.113;2204.603;6.000;1890.802;539.449;2210.224;1411.028;2724.121;-15.847;175.638;2670.244;1891.959;1996.262;3280.083;1735.567;2755.220;1797.001;3277.937;2679.635;616.673;1024.960;3156.923;961.832;689.076;1734.404;1440.012;2498.020;1484.910,882.045;1441.687;1392.492;3374.011;3593.054;2153.433;-0.919;2612.115;2320.854;2985.644;1208.956;104.874;2072.551;436.594;2688.606;2969.480;1614.787;3617.337;658.246;3528.320;1710.958;2543.650;2683.790;3563.439;3600.583;-0.783;-4.057;1820.979;136.268;2448.578;2010.513;2303.902;1657.496;1020.335;3441.685;2447.539;9.765;412.824;2086.780;791.861;1464.077;2700.686;1525.265;3392.632;2667.072;2040.816;576.104;1718.193;2785.870;3618.839;237.727;391.918;2560.680;3080.136;259.681;2900.404;2842.621;2557.387;1161.420;1561.302;1444.551;3051.101;964.115;1262.844;3593.608;3294.589;3486.084;3145.501;220.216;249.764;1763.387;3105.190;3259.880;2239.181;3601.482;653.405;573.198;1090.255;932.719;962.202;174.675;1288.779;-9.946;1882.239;3377.735;1900.766;2273.091;2166.408;3564.742;2578.254;2933.696;996.504;3343.067;678.912;1271.881;2500.512;987.211;3304.558;3221.588;537.543
57,101.60566139221191,56,-546.480105080853,546.480105080853,0.554958885245724,3604.077;2099.273;3609.133;2733.249;2678.632;765.162;3598.917;1.877;675.767;1557.672;2885.152;599.916;3195.758;3577.510;622.627;2102.734;-16.260;1385.884;-8.491;3612.890;1550.426;3609.013;2815.034;3289.482;704.096;303.328;2225.469;288.138;2939.776;1421.630;2295.646;3597.846;1986.589;284.789;348.061;2124.907;1696.175;2301.660;1148.053;2280.040;1237.746;2196.441;2754.485;695.158;1071.303;1793.356;2627.016;846.590;1792.387;2357.504;3267.239;1181.596;2457.084;639.311;1639.535;366.574;3488.810;1614.034;3175.919;1448.387;3328.311;1142.190;1064.650;2132.857;3009.728;3289.272;2185.322;6.507;2111.182;831.228;2729.253;3297.566;1798.219;2213.432;-3.631;1898.189;524.203;2197.204;1396.524;2734.975;-1.545;161.099;2670.767;1906.490;1982.010;3295.523;1734.023;2740.824;1785.811;3291.732;2668.534;614.741;1009.924;3153.191;947.415;700.688;1719.816;1424.546;2504.001;1470.777,874.175;1457.033;1404.871;3382.218;3607.223;2145.525;-13.354;2626.266;2317.472;3000.629;1197.885;117.570;2086.910;424.900;2674.915;2971.242;1629.071;3603.861;642.970;3538.820;1702.686;2551.166;2669.700;3570.917;3612.390;-15.375;3.182;1805.598;121.227;2445.589;2016.853;2289.751;1655.641;1029.843;3427.083;2457.940;7.426;406.234;2102.216;779.872;1454.641;2715.460;1538.243;3403.022;2655.476;2026.089;561.913;1724.136;2771.038;3603.983;252.784;406.227;2550.349;3081.286;274.663;2913.980;2839.694;2553.218;1173.041;1566.538;1434.366;3039.967;952.498;1267.674;3581.609;3284.574;3501.133;3158.091;226.679;236.597;1755.501;3101.961;3269.028;2251.482;3614.304;665.688;567.213;1075.940;924.252;973.904;187.870;1303.811;0.508;1896.906;3363.451;1898.461;2265.672;2154.552;3555.755;2589.528;2936.135;996.458;3357.861;668.952;1276.770;2501.911;1000.886;3291.283;3211.923;524.194
58,103.31519818305969,57,-546.9573183731083,546.9573183731083,0.32884878360783415,3589.691;2087.687;3595.639;2748.540;2663.441;750.591;3610.691;5.488;688.895;1545.171;2898.531;613.853;3208.545;3562.378;627.821;2090.283;-1.268;1372.441;5.958;3599.046;1564.933;3594.871;2803.290;3296.511;716.258;318.515;2210.112;272.986;2951.350;1420.151;2289.118;3609.552;2001.448;297.296;332.657;2139.622;1702.529;2316.326;1151.855;2264.835;1225.382;2181.506;2769.816;709.835;1056.658;1806.766;2641.654;832.349;1807.066;2347.139;3257.641;1193.155;2472.262;645.995;1624.708;357.181;3503.454;1615.536;3161.260;1433.759;3342.733;1157.300;1051.448;2143.716;2994.397;3300.371;2192.781;2.777;2125.860;844.537;2713.871;3311.780;1812.760;2199.872;3.316;1909.160;508.747;2181.896;1381.218;2720.387;0.647;149.814;2685.652;1895.211;1994.272;3283.945;1719.335;2730.489;1770.599;3279.139;2666.884;618.848;1002.790;3143.064;960.451;688.708;1733.716;1437.869;2519.132;1484.140,876.298;1442.647;1393.420;3368.997;3595.815;2133.361;1.097;2631.886;2321.271;3007.730;1205.012;112.272;2102.261;412.265;2687.591;2976.872;1644.362;3596.522;655.260;3528.973;1687.852;2545.274;2658.495;3560.104;3600.238;-1.352;-11.228;1807.877;112.471;2438.624;2002.505;2284.627;1670.372;1030.504;3435.664;2446.142;19.417;395.295;2099.775;791.867;1454.819;2712.665;1551.787;3391.840;2640.252;2040.806;556.306;1732.512;2758.904;3610.344;264.650;391.688;2563.498;3095.828;265.397;2925.964;2824.663;2567.663;1166.470;1572.641;1443.703;3026.445;962.832;1279.281;3590.541;3270.428;3494.291;3149.256;241.679;243.070;1770.282;3116.669;3256.519;2238.944;3599.656;652.048;552.072;1062.720;909.375;986.983;183.495;1292.084;-8.377;1882.800;3375.883;1883.501;2276.546;2140.775;3570.051;2597.158;2949.863;981.678;3355.756;681.551;1284.442;2497.216;1012.371;3304.626;3224.265;538.071
59,105.17029762268066,58,-547.22749533524,547.22749533524,0.3142555082570953,3601.685;2089.285;3604.978;2735.184;2674.203;735.447;3596.254;17.245;704.108;1530.208;2887.676;600.387;3223.559;3574.492;642.687;2104.999;6.274;1365.470;0.731;3605.225;1580.067;3579.768;2807.497;3283.152;701.620;309.192;2195.636;258.169;2962.485;1434.694;2274.550;3594.690;2009.230;312.510;333.662;2154.980;1687.575;2331.197;1138.378;2249.544;1227.667;2166.746;2758.596;724.121;1044.092;1794.622;2650.010;817.783;1815.620;2357.544;3242.443;1190.265;2477.458;660.711;1638.275;342.046;3518.837;1630.357;3146.277;1418.449;3356.025;1165.906;1040.323;2141.593;3007.393;3285.704;2178.260;3.342;2141.255;834.628;2727.814;3327.095;1825.930;2184.533;-10.903;1924.138;510.398;2193.415;1390.965;2705.556;11.550;134.587;2699.719;1907.896;2008.497;3270.440;1703.938;2738.293;1759.726;3264.468;2681.806;603.917;1016.615;3157.918;975.697;673.427;1745.431;1452.594;2514.230;1469.611,861.489;1446.308;1396.400;3356.687;3607.053;2123.385;-3.709;2638.567;2325.910;3000.660;1195.423;121.321;2115.059;397.415;2701.840;2970.642;1639.146;3606.235;649.526;3518.418;1672.446;2530.609;2670.855;3566.894;3609.184;-11.225;-2.411;1822.561;112.381;2425.826;1988.030;2276.467;1685.098;1045.293;3436.443;2446.551;4.882;380.124;2085.828;779.478;1444.684;2717.008;1543.818;3402.837;2647.081;2038.352;541.510;1747.672;2749.104;3598.265;270.191;377.668;2552.893;3087.602;279.551;2911.470;2834.480;2583.041;1161.100;1587.749;1446.633;3038.686;949.693;1265.193;3589.222;3285.453;3508.136;3162.568;257.074;250.849;1785.199;3101.677;3248.990;2224.471;3602.530;646.240;537.396;1075.783;911.048;1000.257;196.745;1276.925;2.906;1872.832;3377.576;1869.473;2262.988;2139.427;3578.040;2611.699;2964.098;973.762;3342.434;695.118;1273.744;2490.069;998.429;3301.338;3211.384;532.438
60,107.04559683799744,59,-546.8783654462925,546.8783654462925,0.45508496184927927,3590.180;2084.398;3603.162;2748.268;2663.917;739.962;3588.938;4.839;700.128;1518.180;2873.034;585.085;3233.629;3587.186;634.536;2116.199;-6.920;1351.494;11.719;3618.206;1594.819;3591.121;2793.897;3296.776;713.384;319.427;2202.525;268.208;2947.878;1420.846;2287.161;3605.275;1997.006;302.613;319.043;2163.939;1678.977;2341.546;1150.059;2256.821;1212.824;2173.756;2743.553;709.391;1041.234;1793.905;2665.135;830.100;1801.113;2372.719;3252.166;1175.493;2476.332;676.076;1640.643;326.690;3512.318;1644.329;3157.777;1409.567;3361.128;1155.635;1027.788;2156.037;2994.598;3283.600;2184.446;-10.638;2130.632;849.489;2735.395;3329.174;1811.329;2169.145;3.598;1915.169;499.673;2178.614;1395.298;2716.854;-2.366;136.655;2708.302;1923.171;2023.840;3280.543;1696.121;2724.472;1746.140;3252.817;2693.905;616.357;1031.889;3147.400;962.697;675.687;1746.828;1453.325;2507.208;1478.132,865.718;1433.050;1410.998;3341.554;3600.336;2112.622;8.533;2624.233;2313.246;3015.254;1208.229;136.430;2102.532;412.050;2712.549;2985.532;1653.251;3591.729;648.489;3506.518;1684.867;2543.244;2657.587;3552.219;3596.506;1.889;-10.674;1809.430;125.230;2439.231;2001.864;2290.877;1671.893;1031.800;3422.364;2432.103;12.314;364.946;2070.505;794.210;1429.962;2732.024;1528.754;3388.443;2662.143;2024.032;532.937;1734.222;2763.365;3583.687;255.321;391.763;2565.264;3072.480;284.472;2925.130;2849.604;2576.736;1175.772;1601.333;1432.119;3024.419;934.621;1249.893;3590.672;3291.754;3494.678;3150.929;269.145;235.951;1800.398;3098.044;3263.648;2209.124;3617.060;639.031;522.137;1063.486;904.965;985.707;202.676;1289.143;-10.239;1880.893;3388.356;1856.286;2258.891;2153.930;3593.097;2597.474;2953.430;988.405;3356.945;709.353;1288.521;2488.967;1013.142;3314.562;3225.592;517.456
61,108.94415950775146,60,-547.0283128974384,547.0283128974384,0.404714574932664,3603.685;2072.278;3593.902;2759.476;2652.034;727.685;3598.062;-7.166;704.051;1508.022;2886.053;578.262;3223.120;3601.944;635.549;2130.234;-1.082;1353.075;26.888;3603.680;1589.646;3606.251;2807.735;3283.055;709.431;304.971;2194.877;254.330;2956.294;1407.741;2279.405;3590.595;2006.740;289.013;328.417;2167.579;1664.630;2356.385;1136.284;2269.165;1204.697;2188.551;2732.839;697.250;1026.391;1808.519;2679.771;844.760;1786.271;2362.833;3240.017;1182.554;2465.350;679.319;1653.383;316.230;3500.113;1659.519;3171.005;1417.348;3375.070;1169.138;1012.611;2162.450;2983.059;3287.720;2188.796;3.967;2133.960;859.712;2741.152;3330.012;1801.926;2156.392;1.505;1911.964;513.821;2180.560;1410.046;2704.206;-12.567;147.535;2694.089;1914.916;2022.039;3279.699;1682.194;2738.872;1740.103;3266.904;2707.911;602.818;1023.238;3158.041;974.715;688.920;1761.269;1459.223;2516.522;1466.681,851.355;1422.502;1398.757;3342.823;3614.759;2124.311;2.477;2608.967;2326.812;3027.480;1223.190;127.836;2092.603;414.227;2727.368;2974.128;1645.668;3578.875;662.254;3491.351;1683.209;2535.245;2662.519;3563.859;3608.595;7.001;3.726;1821.016;115.900;2452.034;2010.099;2277.810;1666.446;1041.103;3432.521;2443.821;2.715;364.784;2057.190;805.737;1415.689;2739.876;1532.487;3382.459;2673.876;2033.500;538.050;1719.816;2778.339;3568.628;246.203;395.267;2574.491;3075.090;275.055;2932.967;2855.681;2562.678;1163.527;1595.737;1443.552;3016.093;922.872;1237.593;3605.631;3291.752;3489.176;3162.609;279.584;228.765;1797.314;3096.868;3263.230;2204.303;3603.001;645.349;522.664;1076.047;916.698;977.236;217.479;1290.557;3.407;1866.491;3377.266;1857.814;2265.693;2154.824;3608.417;2591.022;2938.586;998.551;3361.851;696.477;1298.660;2474.058;1007.487;3328.313;3238.710;513.349
62,110.65465021133423,61,-547.2945147993182,547.2945147993182,0.38559835256054703,3610.457;2062.997;3608.419;2767.221;2651.882;715.484;3606.447;7.198;718.901;1496.644;2898.258;564.144;3212.223;3591.544;620.998;2143.280;8.519;1339.662;18.078;3596.399;1574.785;3602.892;2822.961;3277.224;714.129;312.170;2208.929;241.042;2963.721;1415.118;2278.570;3584.377;2021.751;279.097;339.934;2168.381;1659.409;2343.028;1124.233;2283.531;1189.652;2199.189;2727.998;684.275;1035.674;1822.669;2687.141;832.964;1795.481;2357.385;3226.307;1197.440;2450.279;667.022;1644.901;321.697;3505.628;1661.608;3163.878;1432.353;3389.695;1155.187;1001.650;2149.580;2982.574;3301.873;2201.385;-5.177;2126.756;872.645;2735.264;3318.817;1807.347;2165.552;-6.428;1926.515;501.372;2193.477;1398.005;2694.913;2.032;157.913;2688.314;1901.498;2007.537;3294.165;1667.792;2751.263;1729.798;3271.371;2708.519;595.349;1035.788;3162.786;988.969;675.135;1776.539;1469.151;2531.072;1453.219,836.217;1425.832;1386.786;3345.917;3601.042;2116.646;-12.087;2606.279;2311.963;3039.999;1221.146;139.083;2078.000;428.573;2713.362;2980.345;1630.647;3579.292;677.463;3499.098;1698.047;2548.804;2648.629;3578.804;3600.702;-7.265;-5.417;1835.838;109.454;2440.096;2023.312;2289.021;1658.672;1028.009;3419.044;2437.874;-12.136;379.097;2066.991;820.327;1430.344;2738.902;1519.180;3384.858;2688.617;2023.103;552.954;1725.180;2768.861;3581.007;255.290;394.817;2589.563;3089.103;261.569;2921.466;2846.144;2574.245;1163.613;1580.749;1457.820;3027.978;909.564;1249.422;3596.877;3287.658;3478.148;3177.246;265.741;214.954;1785.960;3095.297;3248.959;2218.387;3595.227;630.501;535.945;1063.071;931.796;977.131;217.031;1296.954;-7.764;1851.674;3391.899;1854.724;2251.621;2144.233;3603.905;2601.867;2925.186;1013.542;3347.599;702.776;1284.557;2488.853;993.022;3343.531;3225.530;527.980
63,112.51503252983093,62,-547.6149419295491,547.6149419295491,0.5114330816775076,3595.691;2076.182;3597.027;2771.489;2637.016;728.844;3591.752;-3.242;719.434;1481.550;2886.691;562.253;3215.771;3576.510;605.748;2132.361;-4.114;1350.376;31.747;3605.657;1571.307;3598.989;2836.340;3272.392;699.344;300.511;2221.917;239.203;2978.692;1405.240;2276.027;3589.462;2027.747;264.057;353.759;2183.220;1647.616;2329.705;1109.787;2270.417;1194.650;2201.100;2725.094;698.276;1050.680;1823.718;2680.693;820.973;1809.639;2366.804;3237.027;1189.457;2435.575;652.150;1630.724;335.194;3492.894;1647.347;3178.237;1433.176;3375.619;1145.481;1007.507;2136.955;2996.834;3316.542;2187.393;5.166;2137.898;882.918;2725.460;3332.924;1807.141;2151.871;6.626;1941.736;503.934;2207.867;1407.741;2708.254;9.717;146.785;2700.923;1900.974;2005.974;3293.104;1658.397;2761.665;1744.355;3263.685;2700.976;580.435;1035.713;3176.669;987.466;673.828;1766.588;1455.302;2546.216;1461.390,821.002;1412.634;1400.922;3331.232;3612.758;2101.916;1.882;2591.806;2310.589;3029.268;1235.376;153.236;2062.751;416.589;2698.206;2973.928;1624.523;3564.681;665.699;3500.731;1711.411;2553.372;2633.834;3572.048;3615.233;-20.134;7.408;1825.493;94.489;2451.942;2038.432;2304.118;1645.279;1034.084;3404.230;2422.964;1.572;367.227;2053.156;835.524;1428.185;2753.758;1527.793;3370.294;2703.862;2008.670;566.505;1720.999;2759.547;3567.890;268.411;380.507;2590.657;3104.121;246.467;2934.625;2857.294;2588.773;1149.161;1569.902;1454.529;3019.929;894.487;1238.074;3610.834;3296.263;3491.086;3192.259;254.488;201.730;1797.684;3100.378;3236.831;2233.605;3587.768;617.015;528.511;1059.813;946.174;989.407;231.878;1311.922;4.706;1854.162;3381.282;1840.913;2236.523;2132.637;3618.544;2588.716;2930.237;1026.802;3356.083;717.384;1274.290;2490.984;986.093;3355.948;3213.287;535.926
64,114.40267944335938,63,-547.4081343146955,547.4081343146955,0.2907262606805442,3594.721;2062.043;3610.600;2779.928;2646.686;739.469;3589.858;0.934;706.541;1473.105;2876.807;547.445;3201.464;3588.806;592.568;2117.401;9.904;1336.131;30.709;3592.821;1557.084;3612.625;2828.242;3286.328;702.284;285.987;2236.727;224.344;2991.416;1408.763;2290.840;3600.947;2040.249;265.615;340.785;2169.828;1632.603;2315.711;1112.089;2280.754;1188.715;2215.909;2739.230;691.413;1064.918;1821.330;2695.208;833.307;1801.785;2381.814;3223.048;1202.440;2423.962;665.565;1635.770;323.376;3492.421;1651.210;3185.093;1426.629;3362.199;1159.374;993.034;2123.163;2983.872;3329.428;2172.317;1.809;2124.500;871.113;2712.203;3345.792;1792.727;2162.258;-1.200;1953.955;518.668;2220.908;1422.750;2715.887;9.491;131.741;2701.083;1914.529;2020.426;3307.723;1644.603;2767.557;1759.447;3277.320;2686.078;569.209;1021.336;3191.844;1000.629;683.218;1776.659;1440.927;2547.670;1448.604,827.101;1425.164;1406.420;3328.072;3600.857;2086.702;0.149;2601.958;2311.302;3014.720;1250.565;168.268;2048.619;413.272;2692.549;2988.578;1609.910;3577.591;662.241;3515.594;1721.348;2568.044;2619.938;3585.002;3603.352;-6.244;0.922;1839.204;103.535;2438.066;2030.026;2295.864;1646.814;1045.902;3392.011;2421.695;5.463;380.359;2053.996;835.730;1420.733;2756.248;1535.287;3375.398;2694.261;1993.955;552.002;1734.355;2771.059;3580.684;278.570;392.802;2602.985;3090.339;245.299;2947.498;2871.157;2582.921;1156.916;1568.804;1441.586;3033.984;908.581;1251.163;3597.060;3283.973;3503.646;3200.499;239.435;190.659;1786.135;3094.588;3246.787;2236.825;3601.499;602.112;513.572;1047.020;938.439;1003.200;241.230;1318.377;-6.781;1868.786;3366.795;1825.802;2233.424;2146.990;3606.164;2582.556;2944.403;1018.235;3343.586;732.592;1260.827;2493.867;971.656;3371.063;3198.576;523.099
65,116.31714344024658,64,-547.952863645468,547.952863645468,0.4926590470964117,3604.753;2074.925;3598.159;2766.372;2651.366;732.345;3603.335;-11.520;718.849;1474.887;2862.049;552.856;3214.386;3603.105;604.118;2129.634;24.402;1349.422;16.599;3600.092;1544.025;3598.387;2813.458;3295.168;688.506;270.825;2246.611;210.875;2989.759;1395.246;2305.889;3615.923;2026.178;251.725;326.321;2178.321;1646.172;2301.361;1098.297;2267.722;1202.375;2203.112;2754.111;685.479;1052.641;1806.501;2709.389;848.314;1787.022;2396.520;3210.716;1190.586;2436.250;676.348;1621.146;325.155;3504.413;1664.343;3195.995;1439.686;3368.544;1146.948;986.083;2132.870;2973.797;3316.339;2163.325;-11.696;2136.639;862.038;2726.519;3360.879;1781.152;2150.346;-10.240;1941.432;517.683;2209.812;1434.255;2726.803;0.026;118.755;2687.244;1929.425;2035.253;3295.477;1658.606;2753.265;1765.858;3287.784;2698.195;578.371;1033.594;3205.468;987.236;669.473;1765.925;1425.832;2559.553;1457.614,840.080;1440.234;1393.229;3337.979;3612.792;2098.776;12.406;2593.729;2310.800;3026.849;1264.564;154.347;2061.689;426.020;2702.618;3002.606;1601.455;3576.986;676.925;3515.966;1716.649;2565.522;2634.019;3600.068;3609.719;8.033;-13.856;1842.060;90.534;2424.865;2035.858;2284.635;1632.173;1052.354;3405.150;2407.435;-8.640;390.632;2061.580;821.996;1408.466;2741.951;1549.520;3375.160;2694.290;2008.723;550.297;1748.344;2786.075;3569.488;272.251;381.454;2592.219;3101.769;231.854;2958.256;2856.833;2593.566;1143.182;1554.582;1455.753;3027.160;896.140;1249.878;3598.705;3277.859;3507.755;3186.491;234.465;204.723;1771.091;3103.596;3232.709;2227.480;3601.281;613.775;498.475;1058.282;932.213;990.875;228.707;1331.404;0.695;1854.049;3378.663;1838.225;2226.197;2134.343;3605.296;2568.616;2929.868;1007.048;3329.466;720.155;1249.121;2496.199;985.148;3386.105;3183.565;536.789
66,118.03564238548279,65,-548.3757076115062,548.3757076115062,0.42305900132804236,3590.956;2062.462;3610.215;2780.762;2649.973;746.599;3594.740;2.933;715.655;1489.449;2870.873;565.874;3200.467;3592.549;593.908;2143.974;17.030;1341.085;2.010;3614.957;1546.406;3598.611;2827.167;3280.540;693.001;270.069;2260.668;197.545;2975.054;1380.234;2320.965;3601.856;2039.656;241.844;311.191;2164.527;1660.622;2315.688;1094.377;2280.524;1198.131;2215.825;2769.255;685.934;1053.584;1803.311;2716.961;862.837;1772.833;2407.241;3223.768;1175.800;2432.308;662.974;1609.048;338.839;3489.990;1678.336;3182.963;1449.506;3354.249;1141.580;1000.231;2131.356;2984.492;3322.654;2176.554;2.831;2122.602;853.361;2712.481;3370.636;1766.889;2164.222;4.352;1927.716;503.396;2196.572;1421.386;2735.990;-14.810;132.190;2698.814;1932.780;2022.173;3302.038;1668.832;2758.570;1752.882;3300.948;2684.156;565.082;1025.224;3213.436;972.429;658.881;1775.373;1422.766;2545.933;1472.506,855.137;1436.765;1403.709;3345.649;3612.812;2113.748;5.160;2608.082;2314.552;3031.149;1279.574;141.944;2069.310;439.961;2706.150;2991.139;1586.553;3563.970;675.444;3530.119;1730.332;2576.493;2646.987;3587.881;3596.232;15.290;-0.861;1856.775;104.460;2430.635;2026.383;2269.984;1618.908;1067.206;3419.831;2420.497;3.708;377.547;2047.313;812.793;1393.998;2732.558;1535.017;3387.858;2684.927;2011.762;538.763;1733.940;2800.886;3558.385;257.399;373.011;2577.456;3115.437;230.438;2944.120;2864.230;2579.190;1146.158;1541.235;1444.541;3012.728;894.657;1263.466;3606.057;3263.934;3508.279;3197.456;246.331;203.423;1783.213;3090.622;3223.487;2213.042;3606.033;628.494;497.556;1072.529;945.111;975.844;228.267;1346.317;-10.724;1850.634;3393.101;1829.038;2212.333;2143.477;3591.392;2553.507;2918.755;992.146;3316.607;705.466;1261.151;2497.370;981.524;3401.263;3193.714;529.309
67,119.90532946586609,66,-548.8914737356217,548.8914737356217,0.2812963464589968,3582.892;2072.029;3601.095;2779.961;2635.269;761.564;3584.618;-1.564;715.915;1504.507;2884.515;580.902;3207.995;3586.209;579.004;2138.190;3.970;1355.121;-12.833;3603.029;1561.155;3605.231;2833.867;3265.836;702.171;255.941;2248.133;210.432;2962.161;1366.561;2335.899;3605.091;2027.392;227.021;297.822;2164.335;1675.368;2329.627;1108.460;2270.340;1210.096;2224.680;2784.285;674.771;1068.198;1799.746;2711.313;851.045;1762.529;2421.132;3237.920;1161.568;2418.037;648.600;1594.172;341.621;3496.236;1693.251;3167.955;1435.044;3367.336;1127.204;1014.999;2116.630;2999.280;3308.278;2190.862;3.163;2114.131;838.513;2697.913;3385.531;1777.894;2173.742;10.656;1916.046;488.494;2210.000;1406.679;2750.795;-0.416;122.875;2697.798;1934.658;2010.384;3288.185;1654.463;2748.022;1763.541;3286.563;2695.449;557.193;1036.848;3228.273;958.970;644.563;1763.136;1408.015;2558.001;1486.697,843.409;1436.782;1418.328;3359.816;3598.659;2115.089;-9.670;2621.151;2323.189;3045.733;1291.689;132.425;2057.679;425.524;2698.733;2987.303;1589.608;3577.074;680.572;3542.614;1716.816;2591.398;2635.922;3578.881;3605.135;1.868;-5.353;1852.814;112.036;2438.168;2040.695;2255.412;1629.898;1054.633;3419.483;2435.114;-4.482;363.152;2051.663;824.296;1404.361;2746.670;1524.327;3373.366;2697.302;2011.679;527.229;1731.592;2813.491;3552.787;266.531;360.728;2562.353;3103.236;216.173;2945.085;2850.238;2565.411;1159.014;1550.781;1429.621;3019.969;908.675;1250.206;3596.261;3249.664;3523.016;3212.360;260.325;192.184;1771.689;3098.024;3225.489;2225.300;3592.122;643.526;503.822;1078.647;931.360;987.855;242.901;1361.245;3.494;1852.208;3395.973;1821.525;2197.283;2134.195;3599.625;2548.664;2904.254;980.098;3330.432;698.619;1275.310;2490.094;992.364;3394.338;3202.584;516.140
68,121.79801988601685,67,-549.2166968127821,549.2166968127821,0.3496417111749176,3569.500;2084.234;3609.020;2791.331;2644.521;756.441;3596.648;-1.709;701.603;1519.587;2877.414;590.640;3222.356;3597.529;569.667;2152.326;-7.318;1365.843;1.261;3590.125;1550.624;3591.046;2821.289;3271.426;687.864;241.453;2233.165;221.804;2948.444;1351.560;2349.122;3611.842;2013.660;212.354;308.197;2149.831;1664.824;2344.535;1123.496;2281.704;1224.929;2223.926;2772.289;659.886;1071.339;1804.240;2725.703;836.163;1777.066;2418.171;3252.961;1149.854;2402.998;662.615;1581.564;326.970;3510.997;1678.718;3168.427;1444.567;3360.859;1112.678;1025.693;2117.818;3014.337;3318.587;2199.372;12.155;2100.509;823.577;2710.095;3386.140;1763.412;2188.591;-3.094;1913.484;499.918;2197.993;1405.995;2739.424;1.578;133.505;2684.140;1941.276;1996.647;3286.737;1667.768;2733.193;1778.173;3285.360;2707.786;542.392;1043.485;3232.923;944.135;648.790;1748.180;1402.257;2549.852;1501.429,834.465;1430.535;1405.433;3372.483;3607.796;2129.403;3.657;2613.709;2309.952;3060.019;1306.314;117.605;2042.869;411.817;2684.319;3000.939;1576.314;3588.503;666.148;3555.871;1729.602;2593.944;2643.916;3570.411;3603.543;-11.024;8.195;1857.536;125.016;2452.958;2026.587;2241.702;1616.344;1051.258;3433.163;2450.066;8.462;349.956;2037.069;812.128;1391.825;2751.291;1534.469;3381.957;2691.187;2016.509;539.302;1740.859;2826.918;3566.702;252.851;345.783;2547.604;3102.914;229.481;2959.335;2858.466;2563.533;1144.887;1542.080;1440.993;3007.143;903.497;1255.634;3609.757;3236.276;3510.634;3226.765;269.938;206.516;1782.677;3083.649;3211.306;2240.138;3604.657;654.752;491.810;1093.405;916.352;979.887;257.354;1374.359;2.242;1846.796;3392.967;1806.727;2182.780;2148.636;3604.237;2536.704;2889.228;992.647;3316.921;686.795;1288.761;2499.231;999.399;3407.847;3216.446;501.192
69,123.5067446231842,68,-549.7191501509067,549.7191501509067,0.5102884886939201,3582.725;2071.914;3595.212;2778.505;2631.424;741.934;3608.005;-15.297;703.556;1522.369;2871.947;582.661;3232.540;3611.774;582.403;2164.585;6.601;1374.990;2.529;3597.946;1563.630;3592.824;2807.455;3279.322;673.100;240.492;2222.923;208.803;2961.172;1351.448;2360.140;3597.390;2021.929;205.917;321.348;2157.358;1650.295;2347.182;1115.946;2284.939;1216.484;2210.964;2778.179;674.114;1085.939;1798.336;2739.994;844.749;1771.656;2420.493;3258.218;1135.357;2409.858;653.931;1587.088;314.786;3524.856;1676.297;3168.096;1430.648;3351.179;1098.182;1013.091;2130.578;3024.217;3312.320;2211.203;17.797;2098.062;816.442;2719.007;3382.424;1761.169;2187.623;2.243;1898.958;512.312;2205.063;1418.605;2739.478;6.045;147.897;2669.240;1942.568;1984.052;3273.113;1664.154;2738.909;1792.614;3275.258;2722.388;528.402;1034.985;3245.547;942.211;661.071;1743.902;1391.522;2561.467;1495.516,834.196;1415.802;1397.697;3364.020;3609.033;2143.713;-0.421;2624.596;2317.058;3075.014;1309.257;104.009;2031.094;409.116;2669.304;3015.198;1562.351;3602.393;668.005;3570.829;1740.860;2583.995;2657.263;3559.433;3617.458;1.757;8.580;1871.325;112.827;2442.578;2023.784;2226.744;1601.375;1065.047;3442.683;2438.945;-2.355;363.337;2022.189;820.496;1404.729;2756.192;1549.250;3384.019;2705.017;2013.407;525.972;1752.394;2816.672;3578.732;258.378;354.796;2545.349;3117.043;221.417;2947.268;2871.326;2574.287;1142.740;1555.297;1449.982;2995.059;916.696;1268.089;3596.156;3222.294;3496.612;3240.053;255.536;206.862;1769.598;3091.894;3207.076;2227.629;3590.963;643.677;505.447;1099.760;910.234;980.274;271.431;1388.594;6.005;1843.251;3378.414;1792.735;2195.385;2163.548;3618.345;2530.141;2888.158;982.624;3302.588;698.785;1274.929;2511.872;992.052;3419.660;3203.478;487.015
70,125.3624370098114,69,-550.1580805887093,550.1580805887093,0.40738494416744364,3597.557;2057.171;3607.944;2764.292;2642.902;729.000;3593.737;-0.927;692.935;1510.610;2857.374;568.190;3244.843;3597.383;577.538;2172.425;15.326;1360.844;-9.591;3598.742;1566.715;3590.615;2792.758;3294.053;659.967;226.366;2232.998;201.533;2953.435;1338.533;2354.091;3601.533;2028.134;191.297;307.224;2146.672;1647.018;2344.978;1103.756;2282.400;1203.083;2224.495;2767.936;675.738;1099.667;1799.463;2746.580;835.540;1772.763;2434.823;3249.266;1130.820;2410.042;664.763;1587.593;308.129;3525.388;1677.360;3153.628;1418.302;3337.488;1083.371;1020.704;2145.260;3010.338;3297.672;2198.586;3.839;2102.513;819.005;2733.701;3397.031;1773.544;2200.098;8.417;1884.041;516.795;2191.294;1415.066;2754.066;-2.553;138.648;2654.255;1928.532;1969.164;3286.273;1677.630;2725.023;1791.653;3260.490;2737.164;527.785;1049.395;3231.371;944.654;646.989;1757.168;1405.357;2575.214;1508.720,823.932;1430.401;1411.548;3378.211;3594.647;2156.334;11.562;2619.128;2305.056;3063.514;1322.941;115.105;2022.817;422.513;2671.384;3001.317;1575.445;3617.208;677.493;3580.623;1727.870;2590.216;2672.166;3573.948;3603.261;-11.087;-5.512;1858.463;97.955;2445.596;2009.486;2214.223;1596.211;1051.675;3428.179;2435.166;-1.359;377.806;2010.522;806.579;1395.021;2770.720;1540.703;3398.458;2692.050;2026.135;511.169;1767.130;2803.254;3584.264;248.337;341.752;2530.985;3130.014;230.866;2959.700;2861.227;2565.522;1128.521;1565.126;1438.756;3008.240;930.577;1253.480;3582.979;3236.899;3490.581;3233.618;254.289;217.981;1781.682;3077.289;3221.251;2219.087;3604.562;635.434;493.158;1108.443;898.562;967.005;284.310;1374.675;-7.997;1842.831;3363.855;1782.853;2209.988;2169.933;3604.088;2523.830;2899.226;970.719;3306.907;689.130;1280.583;2498.162;1006.382;3433.310;3193.577;497.126
71,127.24564051628113,70,-550.7436424463011,550.7436424463011,0.3966613695652489,3609.279;2059.759;3598.648;2765.961;2656.490;743.450;3606.135;0.186;678.326;1522.767;2863.067;580.364;3237.259;3598.960;563.460;2175.372;1.903;1347.161;4.427;3611.362;1575.083;3603.990;2805.816;3304.785;647.785;220.521;2227.484;212.987;2965.391;1323.680;2342.144;3605.125;2013.763;176.665;308.640;2133.023;1659.575;2356.781;1117.610;2276.912;1188.196;2236.559;2763.717;688.311;1106.544;1813.695;2736.175;848.650;1758.989;2420.496;3255.740;1144.716;2423.123;677.837;1573.094;301.321;3537.752;1691.169;3166.754;1403.580;3322.590;1068.744;1010.725;2133.388;2998.676;3296.187;2188.119;3.350;2090.594;805.344;2736.931;3400.903;1780.449;2208.231;-5.715;1896.837;528.035;2205.760;1402.232;2745.106;10.628;128.568;2660.425;1934.202;1965.656;3281.527;1691.726;2730.814;1780.392;3246.054;2748.506;513.465;1055.762;3223.696;958.534;643.094;1743.394;1414.728;2588.848;1510.212,837.744;1431.905;1426.444;3393.112;3607.096;2141.779;23.336;2604.605;2319.622;3074.548;1313.337;103.890;2008.166;437.147;2674.469;3012.361;1589.214;3603.029;668.778;3595.368;1740.606;2604.798;2685.442;3587.569;3606.439;1.341;3.787;1843.605;83.100;2459.624;1998.173;2199.805;1604.410;1064.451;3414.534;2421.028;-13.707;390.557;1997.900;799.095;1389.536;2785.264;1526.917;3413.341;2704.698;2014.272;504.175;1782.072;2788.388;3569.757;259.710;342.026;2527.520;3144.848;217.529;2952.591;2846.526;2566.211;1125.593;1566.932;1423.962;2994.644;921.382;1265.400;3568.448;3240.282;3476.778;3245.884;253.978;204.660;1772.461;3073.221;3232.439;2222.118;3595.581;620.741;502.223;1093.871;912.832;952.211;298.866;1360.591;5.302;1847.933;3375.526;1796.782;2214.420;2184.462;3613.342;2538.085;2886.987;955.904;3292.802;675.990;1268.435;2484.070;1020.806;3420.239;3178.978;485.000
72,128.9458944797516,71,-550.3482195688998,550.3482195688998,0.4892108789824957,3595.043;2064.327;3609.594;2780.336;2644.467;739.375;3594.656;-10.226;681.440;1509.019;2848.743;573.871;3251.704;3612.602;575.993;2189.893;-12.925;1355.408;9.368;3597.218;1585.841;3589.846;2792.453;3298.493;661.166;234.659;2241.174;227.222;2952.460;1311.401;2356.501;3595.971;2000.766;161.763;317.405;2142.702;1645.466;2346.666;1114.335;2262.320;1197.988;2223.085;2777.974;674.210;1092.613;1828.573;2723.794;836.848;1771.388;2410.466;3270.339;1130.729;2414.056;692.565;1560.323;315.241;3552.468;1680.310;3181.276;1391.345;3307.748;1076.362;996.085;2132.671;3011.784;3290.832;2173.895;17.631;2075.874;791.143;2750.599;3403.994;1766.338;2194.655;-9.203;1911.534;542.775;2207.949;1416.027;2730.558;-2.644;142.924;2675.029;1944.408;1979.891;3266.957;1682.954;2743.225;1765.698;3246.275;2763.241;500.052;1052.455;3235.088;948.450;628.680;1735.838;1429.266;2603.295;1523.795,852.361;1433.611;1421.563;3407.690;3620.660;2137.410;11.648;2616.727;2322.745;3089.230;1298.641;99.098;2021.331;450.619;2688.092;3026.923;1600.662;3600.024;654.298;3595.431;1737.468;2619.001;2672.037;3594.384;3612.852;0.742;17.122;1838.572;94.043;2474.498;1983.468;2185.502;1595.393;1055.945;3425.682;2430.746;0.513;381.460;1985.733;784.534;1374.976;2771.705;1529.530;3402.720;2717.180;2023.757;518.369;1778.426;2790.939;3555.491;245.665;339.785;2540.186;3150.258;218.193;2938.573;2857.855;2552.088;1114.107;1581.433;1434.877;2991.044;935.046;1267.690;3557.247;3240.588;3490.668;3259.778;240.391;190.740;1761.052;3072.500;3222.091;2235.618;3590.619;606.199;516.147;1091.864;909.226;951.256;290.010;1367.271;-1.202;1862.490;3367.578;1798.262;2202.340;2177.318;3600.987;2524.279;2900.860;965.393;3297.273;661.233;1254.425;2496.492;1013.225;3413.184;3164.084;476.539
73,130.7838933467865,72,-550.488931266042,550.488931266042,0.3337914341838579,3594.351;2060.824;3596.490;2795.182;2656.177;735.218;3589.591;3.537;682.226;1505.536;2848.539;559.306;3249.225;3598.623;566.383;2181.571;0.879;1342.564;22.608;3596.738;1572.096;3595.439;2802.083;3311.699;656.935;221.010;2255.566;214.089;2964.832;1302.594;2362.708;3609.755;2013.435;151.018;309.587;2129.515;1638.084;2331.990;1128.463;2275.987;1212.650;2235.800;2792.819;675.141;1102.945;1817.722;2709.034;822.110;1760.051;2395.986;3285.040;1140.079;2428.391;679.658;1573.914;301.685;3545.589;1691.461;3183.968;1397.813;3296.972;1086.669;1006.570;2128.846;3003.167;3292.710;2186.520;21.884;2066.988;798.943;2738.638;3405.979;1755.998;2187.065;5.136;1898.797;557.526;2205.804;1420.782;2742.634;-11.647;140.521;2671.290;1932.956;1975.052;3256.336;1671.569;2757.986;1763.182;3260.669;2753.886;503.674;1066.816;3224.027;933.802;614.848;1748.709;1437.903;2613.750;1509.871,838.985;1431.763;1433.430;3396.437;3606.724;2134.418;-1.531;2603.375;2324.241;3088.965;1311.496;113.392;2035.934;438.230;2675.593;3036.752;1590.149;3605.498;639.490;3609.627;1748.504;2608.341;2657.237;3583.455;3598.734;12.362;3.159;1844.708;82.138;2489.114;1996.602;2170.733;1609.758;1044.565;3414.973;2445.300;-9.291;373.214;1999.879;795.205;1360.157;2776.862;1515.242;3402.980;2704.146;2009.818;505.362;1763.975;2793.333;3544.674;230.853;325.276;2526.459;3164.474;204.932;2934.139;2870.912;2544.592;1099.413;1569.071;1423.379;3004.612;931.564;1272.091;3570.694;3244.469;3505.392;3255.687;254.225;175.911;1746.393;3070.843;3207.444;2250.403;3603.987;618.067;503.250;1089.292;923.222;962.323;301.020;1353.530;12.855;1876.810;3381.578;1807.816;2214.163;2164.379;3607.692;2530.822;2889.401;970.080;3287.114;673.593;1268.129;2484.515;998.631;3425.909;3175.082;463.085
74,132.64583802223206,73,-550.473662280287,550.473662280287,0.31813729237238636,3588.129;2074.014;3603.283;2787.686;2670.219;727.696;3600.919;-0.827;670.791;1519.518;2862.428;548.396;3255.800;3596.798;554.274;2167.007;-1.185;1355.427;11.139;3610.875;1559.729;3609.476;2810.431;3301.808;642.795;206.908;2267.778;225.463;2979.385;1309.343;2377.030;3595.944;2025.944;136.899;317.632;2117.202;1635.173;2317.270;1133.200;2289.751;1225.702;2247.049;2795.215;685.335;1090.991;1803.193;2695.027;815.230;1762.210;2407.247;3274.697;1134.142;2429.473;665.834;1579.626;288.981;3542.208;1696.221;3193.817;1403.170;3306.606;1072.632;999.704;2127.370;3015.570;3306.629;2177.177;16.727;2070.177;813.279;2731.952;3399.793;1741.432;2199.129;12.351;1909.112;571.860;2193.520;1406.500;2752.715;2.584;144.580;2657.215;1918.317;1986.192;3266.151;1685.287;2753.050;1750.693;3262.356;2742.210;517.239;1081.542;3237.844;928.319;625.343;1746.670;1430.881;2628.389;1497.106,850.592;1434.425;1436.350;3381.813;3594.814;2135.061;-2.901;2617.203;2321.553;3074.599;1324.970;103.284;2049.789;423.612;2660.902;3024.353;1604.102;3594.188;641.552;3611.444;1736.858;2593.689;2651.979;3568.981;3608.895;23.019;-8.416;1830.479;67.447;2498.850;1991.752;2181.246;1622.200;1033.998;3419.130;2460.088;3.082;387.472;2001.188;808.045;1348.798;2788.628;1501.643;3390.318;2717.079;1997.213;510.815;1769.499;2785.746;3557.781;237.947;324.063;2512.500;3179.230;219.038;2919.775;2857.295;2530.047;1086.044;1562.338;1409.675;2991.763;923.094;1266.448;3567.017;3257.667;3519.917;3241.202;245.419;161.131;1731.677;3062.112;3219.829;2251.759;3595.515;605.244;498.670;1087.356;935.197;976.970;315.455;1346.936;22.961;1877.168;3369.065;1801.312;2227.273;2152.398;3596.840;2545.353;2889.042;983.910;3301.017;660.522;1266.209;2474.963;1003.126;3421.885;3187.315;471.529
75,134.5387201309204,74,-551.1675267485949,551.1675267485949,0.31303443794973623,3592.316;2088.681;3596.779;2801.799;2659.934;713.607;3588.479;3.404;657.688;1508.295;2875.903;559.820;3269.228;3610.265;568.375;2173.578;10.584;1347.999;-1.891;3597.692;1573.715;3597.980;2824.960;3287.234;651.333;208.346;2282.441;212.573;2971.902;1295.246;2368.973;3586.422;2015.114;123.184;332.057;2130.796;1649.252;2330.187;1147.468;2303.216;1212.170;2240.179;2809.050;674.923;1104.542;1807.941;2680.331;801.257;1749.475;2400.323;3287.660;1146.265;2426.213;659.096;1566.160;276.805;3553.252;1710.372;3182.833;1416.714;3308.940;1075.263;986.361;2141.675;3029.982;3320.781;2190.983;2.269;2056.136;828.032;2717.461;3411.437;1754.340;2213.777;-1.395;1897.827;579.977;2178.850;1396.566;2761.411;-0.538;130.639;2644.675;1903.560;1981.033;3280.084;1672.541;2739.060;1744.311;3267.624;2731.175;505.626;1088.194;3229.375;914.286;611.991;1732.263;1416.383;2614.222;1484.044,842.435;1441.821;1435.073;3367.047;3595.217;2126.711;-17.247;2607.459;2320.548;3085.790;1331.970;90.528;2039.201;408.895;2671.247;3009.676;1600.360;3607.867;628.656;3597.493;1722.211;2602.156;2662.388;3581.133;3596.070;20.705;4.346;1840.942;73.350;2486.635;2002.092;2195.849;1613.613;1037.371;3433.196;2451.131;15.987;376.019;1996.617;820.492;1344.167;2795.520;1515.303;3394.581;2717.567;2011.135;503.776;1764.021;2800.053;3569.193;244.241;309.764;2504.738;3176.816;209.483;2930.646;2861.803;2515.476;1071.381;1570.755;1420.225;2984.302;908.577;1264.594;3579.382;3260.965;3534.243;3253.695;241.708;162.541;1716.902;3052.088;3222.723;2237.430;3582.965;617.183;484.427;1080.149;930.903;989.698;311.984;1336.089;14.459;1862.831;3358.028;1786.824;2220.208;2166.415;3604.932;2534.121;2899.862;973.392;3291.279;668.513;1279.922;2487.648;1011.125;3435.618;3201.763;485.792
76,136.24879550933838,75,-550.9717913945348,550.9717913945348,0.4105588907494873,3605.471;2077.136;3608.330;2812.224;2668.833;725.735;3574.122;-10.399;667.185;1520.950;2862.091;556.476;3283.802;3597.879;555.756;2167.509;-1.975;1352.701;10.006;3607.159;1567.420;3610.621;2828.457;3278.089;652.707;197.867;2279.468;225.792;2985.898;1306.504;2380.288;3592.974;2014.102;108.494;318.403;2138.365;1640.330;2328.304;1137.180;2293.819;1199.367;2225.839;2798.119;688.455;1104.359;1822.168;2666.370;813.697;1736.403;2412.427;3293.821;1133.055;2440.513;644.766;1577.899;281.584;3567.676;1718.992;3195.874;1431.341;3294.826;1061.072;988.266;2140.568;3038.964;3320.188;2178.502;-12.149;2069.571;842.630;2725.723;3415.934;1751.793;2202.043;8.538;1904.935;581.808;2189.476;1390.621;2749.311;-13.285;143.118;2631.470;1891.767;1966.632;3275.773;1664.157;2724.498;1758.314;3281.123;2744.064;494.662;1102.497;3240.431;899.724;597.729;1730.157;1421.612;2610.521;1487.129,856.155;1429.273;1420.716;3360.351;3608.597;2119.181;-3.173;2603.599;2332.241;3075.569;1320.143;75.882;2050.596;414.951;2672.366;2998.910;1614.395;3607.635;614.022;3583.011;1707.483;2588.650;2676.924;3568.832;3602.976;34.387;6.083;1828.076;68.045;2498.474;2003.171;2198.076;1627.470;1023.101;3420.843;2461.553;3.638;362.406;2010.061;806.764;1333.707;2781.793;1509.974;3380.691;2724.261;2014.746;517.655;1751.325;2808.538;3560.369;242.262;296.666;2490.290;3186.419;223.388;2917.796;2850.982;2500.764;1062.251;1585.151;1434.317;2970.914;917.465;1257.354;3593.954;3273.259;3547.789;3247.685;227.565;167.659;1724.588;3040.805;3226.284;2245.055;3596.819;618.852;497.789;1091.315;927.319;1001.992;301.269;1349.306;0.048;1869.009;3356.149;1797.983;2233.736;2161.222;3592.467;2545.531;2887.204;983.449;3304.161;662.708;1294.490;2475.525;1021.872;3447.976;3216.469;481.169
77,138.1063141822815,76,-550.2643204159303,550.2643204159303,0.4500756708069677,3591.694;2078.876;3594.603;2800.331;2683.297;740.219;3585.912;2.003;681.567;1527.953;2872.038;542.145;3298.442;3586.970;542.803;2153.175;-7.236;1366.831;23.677;3601.036;1566.816;3609.689;2824.048;3290.916;655.627;183.408;2268.998;236.457;2994.350;1296.241;2367.221;3599.558;1999.897;96.008;317.646;2150.646;1639.910;2328.774;1131.390;2308.017;1186.257;2232.644;2784.210;694.021;1095.828;1835.340;2679.052;812.155;1744.640;2426.995;3281.561;1126.053;2439.277;634.156;1566.585;267.530;3561.255;1705.442;3210.489;1419.226;3304.233;1046.564;1002.002;2154.097;3053.111;3333.052;2179.933;1.198;2076.116;856.035;2739.377;3403.440;1743.307;2193.509;22.161;1919.320;596.115;2176.349;1386.770;2756.522;-0.193;146.210;2618.401;1877.380;1958.226;3261.429;1676.921;2728.222;1772.973;3269.965;2758.616;480.305;1112.705;3228.474;891.583;583.254;1719.934;1414.604;2602.773;1472.968,863.036;1441.128;1407.272;3373.077;3595.639;2120.885;8.350;2589.824;2317.950;3061.101;1311.104;72.489;2058.522;428.929;2658.239;2987.481;1627.888;3619.754;599.777;3573.014;1711.652;2574.286;2674.661;3581.550;3616.072;48.577;13.701;1814.409;53.682;2488.768;1989.029;2210.048;1633.183;1011.644;3407.489;2474.788;-9.490;372.830;2024.540;820.383;1319.219;2794.887;1501.265;3366.098;2738.640;2006.324;527.331;1764.581;2822.865;3573.245;228.055;282.746;2477.125;3200.279;233.524;2903.672;2836.499;2488.189;1071.375;1571.168;1433.816;2984.582;931.711;1271.344;3581.100;3284.372;3561.841;3234.232;214.402;153.625;1714.728;3053.304;3240.216;2258.775;3609.561;605.863;511.384;1077.261;941.313;999.276;315.085;1336.307;1.278;1858.956;3370.095;1812.520;2248.359;2148.861;3587.994;2559.812;2899.885;972.870;3318.299;648.454;1305.617;2489.834;1008.008;3434.321;3206.241;495.361
78,139.9857692718506,77,-550.8917920312276,550.8917920312276,0.3075787560398599,3604.218;2092.853;3604.569;2790.633;2691.028;753.444;3600.304;-3.739;683.437;1518.487;2885.935;551.596;3289.272;3588.422;533.205;2139.345;6.700;1369.865;11.516;3612.648;1554.388;3595.614;2817.478;3304.992;669.918;168.825;2254.668;223.004;2982.030;1282.263;2376.816;3613.916;2002.464;83.696;303.545;2162.265;1626.105;2327.235;1117.087;2310.529;1192.092;2246.399;2769.605;696.745;1106.296;1821.353;2690.626;825.998;1730.789;2440.010;3287.327;1112.200;2426.900;619.845;1561.491;279.636;3546.948;1691.109;3222.080;1429.610;3295.008;1044.975;998.093;2144.045;3039.681;3343.674;2166.214;-0.498;2090.094;845.548;2739.615;3417.465;1754.280;2205.933;11.883;1914.808;591.523;2178.203;1400.746;2744.431;13.554;132.388;2631.979;1891.338;1971.765;3270.837;1681.745;2737.370;1771.218;3255.527;2761.803;489.893;1102.815;3221.995;877.203;581.588;1706.817;1424.541;2615.738;1463.124,849.204;1452.243;1419.314;3380.933;3605.627;2135.071;5.232;2591.595;2314.658;3050.771;1324.066;85.436;2072.779;418.928;2668.654;2977.141;1615.370;3605.636;601.462;3583.730;1725.799;2579.502;2688.245;3594.133;3602.753;34.622;-0.351;1827.501;60.553;2474.330;1987.669;2196.459;1620.813;997.678;3394.821;2462.797;3.683;367.290;2011.734;813.224;1332.420;2809.301;1513.547;3373.834;2735.313;2020.571;514.188;1751.467;2823.585;3562.633;218.674;287.787;2490.192;3189.054;235.584;2889.239;2823.085;2498.437;1059.924;1556.886;1423.243;2988.842;919.506;1262.415;3580.543;3295.335;3575.982;3246.528;226.699;150.116;1717.461;3067.449;3254.794;2273.302;3596.581;606.667;502.217;1075.715;952.136;1008.619;307.865;1333.071;5.336;1844.655;3376.218;1808.336;2236.774;2134.379;3597.883;2549.402;2896.394;958.696;3326.773;661.118;1292.668;2493.007;1014.345;3424.212;3192.581;494.779
79,141.88644862174988,78,-551.1891675460981,551.1891675460981,0.3066554772674426,3591.526;2080.960;3593.519;2799.225;2680.566;754.092;3589.893;9.245;677.310;1523.293;2873.008;565.350;3295.352;3600.920;521.931;2135.845;7.482;1355.750;0.557;3599.186;1549.680;3590.178;2831.478;3308.950;675.339;156.653;2240.112;210.835;2973.749;1292.305;2390.923;3600.786;2016.582;73.597;296.623;2176.161;1638.395;2341.321;1103.676;2308.724;1206.259;2249.966;2777.479;682.933;1093.468;1813.870;2702.591;839.612;1733.486;2430.923;3300.809;1120.767;2422.419;617.696;1547.246;268.426;3534.339;1684.519;3236.548;1415.854;3283.945;1046.226;983.831;2129.934;3025.508;3358.104;2162.587;5.332;2103.874;831.495;2728.152;3427.817;1740.476;2220.291;7.775;1917.833;577.767;2191.783;1390.860;2742.071;11.128;128.844;2645.409;1894.765;1983.550;3283.730;1686.945;2748.356;1768.391;3261.294;2774.188;504.291;1103.647;3212.251;876.951;586.821;1693.104;1438.898;2623.847;1476.542,835.829;1438.277;1433.192;3393.362;3599.126;2124.392;-8.031;2605.585;2312.114;3039.753;1317.706;76.254;2059.110;404.688;2681.296;2991.068;1604.436;3597.505;615.058;3598.072;1719.918;2576.468;2702.432;3606.183;3600.606;35.845;-14.704;1840.715;51.996;2460.833;1996.900;2208.443;1634.110;1005.180;3406.639;2471.391;-0.593;353.003;2018.983;803.958;1321.574;2819.957;1525.299;3387.725;2747.139;2024.367;517.940;1736.940;2809.549;3575.031;231.771;302.023;2503.345;3174.606;222.099;2875.092;2835.068;2512.173;1070.256;1563.513;1408.875;2981.175;906.176;1254.054;3567.590;3307.941;3566.861;3256.777;241.192;137.943;1731.554;3056.372;3267.990;2261.205;3601.727;599.095;505.392;1087.609;966.565;995.227;293.536;1327.407;19.556;1842.434;3362.395;1795.475;2234.415;2144.915;3612.279;2536.319;2882.183;944.199;3316.739;670.626;1306.122;2492.530;1003.842;3437.614;3195.344;504.114
80,143.6018693447113,79,-551.5667038477778,551.5667038477778,0.34366941043604937,3601.593;2068.377;3601.139;2813.221;2679.818;768.068;3580.926;-2.537;667.274;1537.522;2863.350;563.111;3307.238;3615.355;508.090;2149.686;-6.229;1356.126;-7.949;3608.870;1535.845;3602.746;2833.130;3299.016;661.913;143.512;2237.469;218.532;2985.781;1279.550;2390.429;3590.726;2010.817;60.368;295.135;2165.993;1652.850;2355.856;1116.778;2302.241;1193.614;2236.523;2783.566;669.723;1093.899;1802.894;2717.016;829.489;1719.665;2416.804;3315.118;1107.178;2436.197;631.760;1533.794;258.556;3547.295;1671.413;3233.040;1427.230;3293.796;1032.272;992.810;2141.407;3019.548;3368.770;2175.940;-2.728;2092.138;832.449;2713.908;3433.656;1746.927;2228.321;-6.443;1931.679;563.254;2184.994;1384.644;2728.801;1.403;142.861;2632.210;1902.784;1969.918;3298.070;1673.264;2734.375;1781.925;3274.392;2761.669;496.127;1100.782;3220.472;863.102;588.054;1703.998;1441.815;2610.544;1464.528,848.857;1425.160;1427.342;3383.329;3585.173;2137.711;1.912;2603.883;2307.216;3053.600;1311.938;62.138;2061.702;417.175;2680.764;3005.443;1596.968;3607.609;629.562;3607.298;1732.214;2588.880;2695.563;3592.859;3590.979;44.721;-1.448;1835.788;38.296;2473.197;2011.159;2196.098;1639.143;993.058;3406.969;2485.375;10.295;355.574;2005.682;789.696;1307.590;2807.032;1539.731;3400.033;2736.756;2021.368;531.027;1747.370;2795.023;3585.362;246.202;302.387;2511.819;3185.802;219.904;2868.243;2844.272;2502.000;1062.004;1550.583;1410.435;2967.492;919.621;1243.807;3579.880;3322.405;3579.416;3244.964;235.865;146.128;1736.694;3065.224;3254.643;2262.193;3588.787;612.993;491.519;1083.249;978.614;980.724;281.465;1341.544;10.690;1841.622;3370.681;1806.251;2220.544;2132.330;3598.945;2549.728;2868.641;932.669;3328.977;665.384;1296.955;2494.866;1015.887;3428.420;3183.250;490.109
81,145.47119855880737,80,-551.6671360680591,551.6671360680591,0.3472661559560236,3612.360;2079.832;3589.415;2806.077;2693.660;771.859;3566.664;4.900;657.579;1550.567;2849.175;575.473;3298.109;3603.674;504.191;2162.351;4.081;1364.601;5.763;3596.629;1549.607;3592.500;2820.927;3306.359;648.245;129.302;2248.196;215.608;2975.310;1265.759;2380.750;3602.560;1996.924;46.180;284.670;2169.007;1652.005;2369.408;1106.343;2292.643;1194.806;2233.586;2775.186;659.350;1081.868;1792.583;2730.732;837.798;1707.973;2407.106;3329.605;1093.073;2446.874;637.698;1546.015;244.797;3538.665;1657.006;3232.281;1414.417;3308.061;1034.835;985.995;2135.233;3005.381;3360.477;2164.064;10.449;2091.135;818.673;2700.115;3447.843;1734.039;2231.991;-12.348;1918.452;554.113;2180.882;1371.539;2742.447;14.279;139.572;2627.980;1915.607;1972.484;3306.405;1685.981;2730.786;1796.342;3288.826;2773.269;508.836;1114.894;3206.954;849.136;581.926;1718.310;1427.740;2620.110;1466.471,851.064;1435.784;1439.197;3396.966;3594.773;2150.768;-11.504;2589.742;2301.816;3059.756;1297.756;53.680;2065.678;414.456;2667.273;3000.441;1599.079;3611.169;620.870;3596.392;1722.461;2589.508;2688.804;3590.919;3576.745;30.974;-4.601;1847.779;50.031;2462.229;2025.639;2182.650;1646.952;978.779;3399.638;2474.060;2.328;365.338;1991.270;776.406;1311.597;2792.703;1528.899;3391.195;2722.445;2020.610;522.004;1744.186;2793.935;3578.184;260.473;288.586;2524.890;3195.818;233.458;2881.529;2836.896;2512.524;1047.856;1539.516;1418.751;2953.308;933.224;1229.552;3594.074;3312.590;3592.394;3257.507;243.550;160.202;1722.899;3079.055;3261.579;2251.123;3576.066;627.119;503.670;1070.119;966.223;989.054;290.424;1348.949;0.779;1849.057;3357.411;1818.297;2232.602;2143.673;3602.328;2551.939;2879.675;925.939;3343.361;675.993;1283.714;2500.292;1030.271;3440.670;3168.850;476.959
82,147.36656832695007,81,-552.011562350014,552.011562350014,0.4190671537632494,3598.554;2093.393;3602.823;2791.991;2708.036;760.846;3580.099;-6.711;649.807;1558.931;2855.303;588.923;3283.862;3591.520;491.095;2174.303;7.346;1377.858;4.632;3606.967;1547.141;3605.210;2806.576;3298.512;633.822;115.206;2234.302;201.803;2988.074;1270.901;2394.426;3598.683;1985.925;31.872;270.471;2156.472;1639.593;2383.792;1113.394;2278.396;1186.473;2220.009;2760.966;673.376;1095.555;1785.298;2744.424;829.680;1696.260;2393.488;3327.138;1083.051;2457.059;624.416;1553.312;258.421;3547.609;1657.219;3218.314;1402.090;3313.734;1022.770;999.410;2121.980;3013.852;3346.415;2173.970;-2.041;2105.187;804.499;2713.289;3458.895;1734.810;2246.047;1.152;1916.387;539.929;2186.392;1383.834;2728.918;28.478;128.938;2617.869;1911.957;1959.572;3320.579;1700.099;2716.749;1794.453;3278.184;2787.075;507.494;1127.521;3220.827;845.228;568.308;1731.108;1415.678;2632.299;1478.879,864.483;1446.249;1430.279;3385.582;3608.889;2142.209;0.214;2599.962;2302.163;3069.009;1311.069;39.529;2051.669;404.457;2652.872;2986.364;1613.156;3598.022;607.216;3608.017;1708.478;2576.193;2702.197;3600.924;3580.720;18.012;-3.950;1862.033;61.181;2450.597;2021.015;2195.659;1633.542;991.578;3412.978;2460.309;-3.441;359.869;1989.828;789.550;1324.856;2799.984;1532.644;3376.975;2730.777;2021.575;508.118;1730.622;2785.867;3581.437;267.364;300.684;2514.696;3185.440;221.981;2893.338;2822.733;2501.082;1050.665;1549.939;1429.301;2945.276;942.917;1215.574;3606.256;3298.361;3580.594;3271.731;229.947;174.196;1716.245;3093.028;3247.970;2248.346;3584.047;618.931;517.722;1068.496;969.040;980.746;277.225;1344.102;-13.078;1855.222;3369.834;1805.075;2240.295;2157.976;3615.048;2551.948;2878.160;911.829;3341.623;689.857;1271.736;2489.390;1023.679;3455.014;3180.909;462.594
83,149.07787680625916,82,-552.4505596095145,552.4505596095145,0.5266817712276377,3603.998;2081.348;3606.674;2803.326;2696.431;746.579;3576.936;5.805;657.952;1558.306;2842.053;603.274;3269.480;3601.972;502.983;2162.558;-4.356;1363.850;-8.973;3598.472;1539.697;3617.781;2819.077;3284.350;634.114;118.072;2227.625;190.705;3001.831;1257.466;2382.194;3611.771;1999.420;36.824;278.875;2169.210;1644.040;2386.468;1101.305;2267.376;1196.505;2233.581;2772.124;680.473;1109.801;1798.596;2748.192;842.359;1682.221;2406.160;3318.830;1096.174;2470.237;625.278;1556.702;252.599;3535.522;1643.261;3230.044;1408.201;3300.100;1009.584;990.806;2130.095;3010.331;3359.640;2163.809;-2.567;2111.160;790.097;2700.755;3446.876;1748.336;2260.442;-5.576;1902.886;544.760;2199.680;1370.027;2740.445;16.511;117.178;2630.751;1898.341;1946.225;3334.936;1709.352;2723.524;1808.296;3273.206;2776.731;493.521;1117.010;3210.542;854.196;553.954;1717.879;1429.576;2627.275;1474.790,852.076;1433.438;1416.158;3393.109;3619.958;2128.088;-9.026;2588.926;2306.228;3081.461;1318.084;26.594;2052.449;390.267;2663.928;2976.284;1601.359;3612.023;606.211;3595.480;1720.306;2587.297;2689.936;3587.345;3568.879;9.932;3.547;1863.018;72.377;2436.573;2034.088;2187.479;1646.426;998.706;3427.340;2445.928;10.531;371.827;2003.213;795.957;1339.216;2790.856;1546.166;3385.406;2725.959;2034.740;493.767;1733.709;2799.321;3567.413;281.413;307.205;2528.319;3190.771;210.263;2895.768;2834.758;2514.291;1064.703;1536.913;1443.230;2931.109;933.929;1206.499;3610.819;3299.225;3581.315;3285.888;236.751;188.591;1702.146;3083.881;3241.898;2261.825;3596.913;632.580;506.743;1054.997;955.347;966.599;288.236;1338.584;0.111;1842.467;3365.408;1815.032;2254.418;2152.608;3601.773;2539.243;2891.239;912.426;3355.411;701.323;1257.463;2478.660;1036.495;3441.063;3173.121;453.055
84,150.9341356754303,83,-552.6017795696137,552.6017795696137,0.3108064091220517,3596.345;2083.267;3593.105;2815.294;2695.047;732.216;3569.424;-0.242;672.076;1544.450;2833.553;597.455;3279.341;3598.646;516.340;2163.288;8.480;1360.438;4.411;3607.424;1525.891;3604.112;2808.002;3297.687;624.755;104.645;2220.856;176.485;3015.574;1268.176;2385.660;3598.308;1998.062;29.923;291.283;2183.452;1642.924;2399.755;1087.749;2259.461;1189.905;2240.199;2764.404;679.395;1102.621;1804.269;2736.949;856.643;1690.165;2394.129;3332.544;1085.658;2474.214;634.924;1568.722;239.228;3545.649;1651.828;3235.983;1397.422;3291.285;1009.274;998.784;2143.401;2996.636;3363.377;2149.684;11.317;2102.014;788.070;2706.487;3456.760;1762.091;2252.854;5.311;1888.627;554.508;2190.113;1362.357;2729.318;23.461;129.089;2637.482;1903.982;1951.314;3336.886;1716.088;2711.033;1798.132;3269.289;2790.286;480.857;1111.105;3206.989;841.677;564.943;1727.584;1433.881;2640.999;1474.738,863.696;1443.226;1424.208;3382.426;3606.150;2117.109;1.628;2600.204;2320.237;3095.205;1304.705;21.284;2039.460;403.323;2653.558;2963.576;1590.779;3613.142;594.611;3606.924;1709.849;2573.401;2702.120;3596.126;3582.433;-3.898;-6.846;1864.728;59.169;2449.675;2021.060;2194.129;1638.865;987.337;3415.324;2445.185;7.335;358.081;1995.528;796.473;1330.326;2804.407;1532.919;3395.162;2737.330;2034.307;504.552;1746.639;2797.234;3578.476;268.845;294.980;2526.921;3178.301;214.609;2882.253;2838.901;2501.439;1052.812;1537.375;1453.919;2916.802;945.528;1220.275;3596.971;3286.760;3591.037;3296.769;225.709;176.240;1713.951;3097.363;3229.126;2248.279;3609.757;625.040;518.260;1042.188;961.919;974.144;279.098;1350.676;14.021;1851.110;3361.032;1805.627;2252.601;2164.774;3598.878;2552.378;2880.661;921.330;3368.868;687.531;1258.964;2490.049;1026.380;3438.732;3185.269;465.372
85,152.8140881061554,84,-552.5822786929232,552.5822786929232,0.27602826533850305,3590.895;2093.924;3592.389;2802.840;2706.250;722.309;3581.128;-5.523;681.133;1530.156;2832.672;601.878;3278.125;3608.680;502.764;2175.814;-3.455;1357.907;0.353;3594.275;1511.602;3595.807;2799.466;3310.362;635.861;91.712;2234.153;187.273;3003.545;1273.295;2374.489;3600.002;1998.625;26.161;281.124;2178.413;1638.180;2401.219;1089.727;2264.417;1175.888;2252.708;2757.527;673.566;1088.778;1818.257;2722.863;868.193;1704.177;2403.050;3345.722;1097.050;2462.934;648.957;1555.296;225.205;3532.712;1644.206;3249.611;1410.678;3286.242;995.461;985.839;2137.740;2983.926;3373.572;2136.422;1.990;2091.124;777.803;2718.361;3468.935;1775.734;2265.548;10.180;1891.975;568.632;2201.810;1351.368;2737.594;35.803;126.705;2647.708;1890.392;1964.658;3329.652;1703.478;2705.861;1802.787;3283.101;2803.137;491.809;1124.408;3208.827;827.474;579.004;1722.179;1429.604;2636.085;1488.134,853.548;1450.096;1434.705;3368.802;3602.861;2103.275;2.615;2587.203;2313.108;3105.664;1313.148;7.469;2048.948;397.228;2645.801;2975.616;1601.282;3610.707;607.095;3606.431;1720.191;2567.245;2691.908;3586.735;3590.389;7.886;6.603;1850.986;61.978;2461.601;2021.730;2186.694;1629.902;973.165;3423.564;2448.541;-2.961;359.937;2007.808;783.276;1341.750;2793.619;1519.829;3408.484;2751.509;2047.868;503.389;1734.748;2810.112;3589.321;259.058;298.361;2535.035;3164.130;227.537;2895.507;2852.670;2507.219;1054.296;1523.593;1448.186;2913.323;947.732;1223.621;3598.780;3297.310;3578.438;3287.485;215.854;165.542;1723.262;3099.000;3220.829;2234.641;3596.288;635.710;515.797;1028.686;949.153;967.439;291.844;1364.844;5.607;1842.187;3347.190;1818.627;2253.579;2168.172;3609.698;2547.454;2893.519;918.353;3356.018;688.831;1262.706;2503.454;1038.369;3439.923;3174.701;466.436
86,154.51311445236206,85,-552.3426456941643,552.3426456941643,0.39181233413326516,3603.197;2089.991;3605.732;2788.689;2720.214;711.133;3582.051;7.958;689.025;1524.493;2822.585;614.487;3289.623;3595.099;489.511;2162.604;-10.178;1346.719;11.715;3598.552;1516.220;3607.159;2785.918;3324.286;649.985;78.386;2248.109;193.600;2990.052;1287.207;2361.087;3609.551;2009.013;15.800;290.063;2191.843;1624.233;2392.964;1077.252;2251.508;1167.838;2240.429;2769.975;659.602;1100.646;1808.482;2709.469;855.095;1713.648;2416.760;3334.659;1085.332;2476.573;659.944;1566.114;215.079;3524.313;1652.053;3248.606;1409.152;3274.266;981.229;988.272;2149.698;2996.667;3387.656;2145.657;-11.595;2077.002;763.707;2710.237;3456.277;1763.707;2253.864;2.137;1881.167;582.477;2215.902;1364.705;2744.183;22.623;140.363;2661.723;1900.990;1978.883;3315.648;1695.932;2719.547;1790.190;3277.511;2814.431;501.354;1138.489;3222.665;823.988;588.730;1709.994;1425.756;2647.609;1477.174,841.460;1452.046;1422.629;3360.669;3601.175;2093.063;-10.352;2579.117;2306.111;3117.898;1300.924;-6.761;2062.281;384.956;2636.436;2989.320;1605.795;3608.853;620.179;3592.627;1711.356;2553.713;2696.315;3583.643;3603.450;6.036;9.391;1837.453;75.662;2456.435;2010.737;2173.317;1642.886;959.913;3426.034;2450.759;10.065;350.865;2000.730;770.320;1355.740;2779.718;1507.664;3395.156;2765.679;2052.060;503.003;1745.992;2821.143;3601.019;261.015;284.815;2548.893;3175.203;241.693;2901.832;2843.199;2519.081;1067.259;1511.306;1462.030;2899.447;960.977;1213.718;3597.072;3311.407;3591.954;3296.232;203.805;178.224;1736.625;3085.785;3233.329;2220.444;3606.065;627.095;527.768;1014.533;935.069;953.771;300.315;1375.708;-8.325;1853.767;3343.084;1813.748;2263.355;2181.635;3596.175;2544.625;2907.473;932.166;3344.512;676.368;1249.245;2497.288;1052.264;3438.686;3167.561;479.006
87,156.35302686691284,86,-551.7160647309945,551.7160647309945,0.4627736846773369,3592.125;2076.160;3600.466;2775.291;2732.595;704.164;3595.834;21.766;675.516;1537.276;2808.549;628.607;3303.719;3595.354;477.432;2150.334;3.235;1351.669;0.836;3596.063;1529.622;3595.681;2787.348;3336.987;661.224;64.225;2261.021;184.528;2977.495;1277.524;2372.184;3597.066;1996.172;29.245;281.590;2205.332;1610.102;2405.471;1074.953;2265.080;1177.249;2226.522;2784.111;653.096;1113.679;1805.575;2695.619;865.542;1700.117;2430.239;3320.633;1079.876;2490.467;648.265;1560.684;201.040;3527.872;1639.126;3238.725;1406.093;3286.991;967.386;974.481;2163.223;2996.748;3399.332;2132.355;1.711;2062.795;749.942;2705.551;3467.851;1750.123;2264.721;15.245;1894.218;592.476;2203.012;1353.743;2758.124;30.793;127.499;2668.780;1896.208;1993.017;3321.895;1707.480;2714.984;1799.726;3263.872;2824.519;505.966;1152.650;3213.767;837.550;602.676;1697.219;1414.784;2661.691;1463.105,829.675;1438.237;1426.746;3374.322;3607.536;2079.543;3.161;2571.851;2292.160;3104.292;1313.589;-16.957;2075.360;395.197;2622.499;3001.916;1617.458;3615.436;613.207;3583.328;1720.705;2539.632;2682.780;3597.188;3617.291;-6.855;23.037;1835.018;64.402;2469.645;1996.661;2185.725;1656.676;969.603;3412.511;2442.616;-1.938;337.376;2014.156;775.300;1369.282;2767.229;1502.410;3403.936;2779.876;2064.250;516.788;1756.864;2810.116;3610.734;247.807;290.810;2562.417;3183.137;232.766;2897.048;2855.867;2526.307;1080.232;1497.468;1455.979;2889.777;947.327;1200.290;3598.874;3300.809;3605.531;3286.512;189.819;182.634;1750.512;3092.605;3234.882;2208.027;3598.400;639.771;541.885;1016.427;933.845;939.582;314.000;1362.614;-1.775;1851.403;3354.832;1800.035;2274.451;2169.939;3598.451;2557.833;2920.624;946.367;3331.069;662.270;1235.089;2510.826;1050.109;3434.307;3153.636;493.130
88,158.22016215324402,87,-552.1796028281517,552.1796028281517,0.3581993718488151,3601.279;2088.535;3587.076;2787.697;2720.137;717.552;3605.022;23.246;661.582;1546.473;2822.105;617.221;3317.577;3608.070;463.502;2136.253;3.062;1338.213;10.237;3609.162;1542.393;3603.773;2773.639;3325.215;675.263;50.058;2253.952;170.572;2963.570;1263.973;2385.231;3598.238;1982.077;16.433;267.714;2192.866;1619.191;2408.667;1088.731;2279.192;1163.792;2239.282;2770.926;655.117;1113.739;1793.932;2708.127;863.653;1707.829;2439.469;3321.731;1092.323;2504.236;634.216;1574.022;188.663;3541.710;1625.083;3224.989;1417.498;3273.729;964.358;983.984;2149.851;2983.900;3412.514;2139.124;-1.924;2071.923;761.081;2691.700;3456.225;1762.730;2275.276;26.056;1883.277;579.597;2214.252;1355.644;2770.296;19.739;139.541;2682.474;1909.141;1985.037;3328.166;1721.003;2718.874;1811.414;3253.821;2838.144;519.702;1143.290;3218.450;828.084;594.281;1683.181;1426.716;2651.735;1448.940,827.585;1446.382;1440.505;3363.247;3595.039;2067.279;-1.512;2563.261;2301.227;3117.122;1314.861;-3.569;2076.919;383.264;2634.237;3014.034;1603.780;3602.120;626.810;3596.410;1734.674;2548.870;2674.570;3609.254;3603.979;4.957;10.984;1848.495;65.153;2476.994;2006.914;2191.787;1644.951;958.222;3398.464;2455.994;-5.437;349.999;2022.067;761.747;1380.068;2778.750;1490.428;3417.738;2774.536;2051.909;505.113;1744.231;2796.243;3597.193;259.125;302.411;2550.301;3169.659;236.729;2910.028;2868.082;2539.268;1068.479;1483.907;1461.635;2903.086;948.806;1189.426;3612.684;3287.768;3605.634;3296.572;197.278;195.360;1740.801;3106.354;3221.139;2197.960;3610.531;636.133;532.578;1030.096;946.911;928.978;303.464;1352.634;10.212;1837.812;3342.347;1795.741;2260.879;2176.318;3595.700;2544.746;2910.505;940.559;3334.257;657.314;1232.060;2497.853;1036.845;3438.703;3159.259;486.154
89,160.11255645751953,88,-552.2256449168337,552.2256449168337,0.41618546596368405,3593.591;2095.612;3599.226;2782.793;2733.009;717.471;3591.458;27.998;656.395;1533.060;2815.282;603.228;3330.179;3595.502;451.156;2124.920;-10.641;1345.148;0.179;3598.182;1529.861;3608.211;2776.197;3338.111;687.087;53.980;2267.067;183.381;2975.958;1275.221;2399.205;3611.193;1981.763;22.223;257.137;2200.369;1609.614;2394.920;1085.509;2287.327;1155.949;2239.773;2772.507;657.954;1100.330;1783.358;2704.417;862.445;1718.208;2426.002;3332.931;1106.218;2518.290;620.506;1580.593;195.676;3531.397;1636.908;3238.059;1419.999;3273.101;966.709;997.497;2153.246;2997.214;3399.050;2150.886;-13.733;2084.787;775.055;2701.099;3469.203;1776.013;2261.849;38.267;1894.087;570.605;2211.303;1361.819;2780.426;6.524;151.992;2676.137;1921.011;1972.653;3314.905;1707.744;2731.402;1798.709;3264.147;2826.173;506.577;1129.419;3205.816;814.554;591.509;1684.966;1440.571;2637.876;1437.914,841.036;1434.384;1454.581;3351.130;3607.201;2053.269;-10.359;2549.415;2292.136;3107.055;1318.108;3.040;2064.970;393.525;2640.790;3003.315;1605.442;3593.892;636.963;3587.897;1748.008;2537.002;2661.381;3596.221;3604.429;6.259;-2.426;1836.356;52.565;2490.787;2019.646;2178.731;1645.360;948.021;3410.979;2469.981;-10.294;362.856;2035.354;764.556;1385.936;2770.929;1503.355;3407.878;2786.771;2037.877;501.580;1756.928;2783.983;3600.514;251.272;290.550;2537.459;3163.136;242.922;2924.086;2856.876;2526.321;1054.647;1473.503;1449.161;2905.355;951.313;1199.596;3599.648;3299.261;3592.398;3283.026;198.725;183.113;1753.927;3120.152;3226.121;2191.786;3597.315;623.755;542.952;1018.212;935.436;935.322;301.368;1366.023;-2.331;1824.209;3355.014;1783.999;2246.787;2186.014;3609.157;2554.613;2923.872;952.006;3347.429;643.931;1219.708;2489.074;1045.159;3451.150;3157.633;483.392
90,161.8207666873932,89,-551.6889849049869,551.6889849049869,0.40992885888335356,3604.448;2109.320;3598.540;2785.824;2740.771;704.787;3598.000;14.481;647.566;1525.637;2802.415;605.273;3317.615;3599.703;437.307;2136.791;-2.712;1335.596;12.405;3611.410;1536.323;3594.704;2783.517;3340.542;675.012;44.048;2255.300;175.219;2989.535;1288.914;2403.493;3598.305;1968.615;8.769;243.231;2213.639;1610.212;2394.336;1073.277;2277.733;1165.542;2226.616;2781.228;644.462;1089.084;1769.537;2693.141;848.758;1732.113;2427.533;3322.395;1094.327;2509.877;631.562;1594.265;209.435;3536.539;1635.989;3234.799;1406.320;3281.544;953.287;999.747;2160.896;3001.959;3403.907;2140.145;-0.504;2088.162;782.083;2714.842;3461.911;1785.221;2250.151;24.883;1901.211;557.125;2198.210;1375.401;2794.103;15.944;165.734;2688.584;1929.225;1984.119;3324.373;1719.170;2745.353;1784.704;3258.275;2812.422;494.254;1129.311;3219.154;805.415;605.046;1698.406;1451.631;2632.074;1424.094,854.933;1421.993;1442.450;3359.421;3594.451;2053.523;2.775;2536.800;2280.443;3093.856;1325.874;-7.496;2078.076;405.922;2652.905;3014.472;1592.309;3606.462;623.624;3575.948;1736.055;2524.927;2664.897;3583.124;3593.210;19.802;5.566;1844.206;65.184;2499.124;2008.277;2168.547;1632.231;961.318;3424.498;2458.919;3.360;376.002;2031.707;751.310;1397.073;2758.106;1504.974;3394.062;2798.539;2035.395;502.900;1768.577;2796.117;3613.744;254.136;277.950;2546.203;3175.450;230.081;2922.087;2858.752;2528.133;1042.291;1474.430;1462.276;2902.332;940.618;1189.774;3606.850;3311.729;3604.639;3269.181;200.711;193.336;1767.101;3107.363;3233.166;2205.279;3608.311;610.015;555.477;1005.117;923.527;947.701;288.040;1363.220;-16.330;1836.265;3368.680;1770.133;2257.970;2173.493;3597.073;2567.143;2932.243;963.823;3358.475;632.190;1206.096;2493.072;1058.404;3438.058;3146.002;471.249
91,163.68212223052979,90,-552.4726317165372,552.4726317165372,0.3485219626813484,3591.081;2110.229;3609.590;2778.400;2729.322;694.263;3610.432;9.739;659.120;1534.169;2797.908;592.493;3305.644;3613.165;428.360;2150.412;-5.974;1347.979;3.863;3600.174;1549.864;3599.208;2797.272;3353.672;661.132;30.745;2242.092;181.325;2978.487;1277.296;2391.519;3605.935;1980.738;-2.211;231.020;2223.857;1599.035;2401.281;1085.900;2290.440;1155.517;2227.461;2769.915;657.454;1101.781;1782.463;2706.532;841.328;1729.612;2415.362;3308.613;1080.501;2498.557;645.061;1581.630;203.651;3543.222;1645.338;3240.081;1393.061;3295.339;944.477;986.260;2149.654;3014.635;3392.640;2137.573;-4.097;2100.510;795.312;2727.576;3474.353;1797.937;2247.266;11.412;1889.210;544.361;2188.691;1364.356;2803.564;25.303;168.067;2689.328;1916.100;1975.415;3320.046;1708.135;2758.398;1790.089;3244.611;2798.458;493.144;1118.828;3227.680;818.257;595.158;1708.527;1438.602;2634.592;1436.122,843.032;1430.211;1452.146;3371.570;3586.410;2039.909;5.280;2523.227;2290.112;3102.325;1312.334;4.960;2089.207;393.932;2666.786;3025.929;1603.248;3597.219;630.562;3588.782;1747.595;2529.889;2651.492;3572.241;3604.823;7.100;-6.625;1856.096;56.595;2487.790;2019.544;2154.819;1618.354;949.055;3416.416;2459.013;0.524;389.952;2031.466;746.087;1395.363;2764.452;1492.732;3388.694;2792.882;2048.085;489.273;1781.951;2809.620;3602.398;241.235;287.252;2558.270;3162.990;216.168;2934.478;2871.527;2541.422;1054.612;1460.809;1450.997;2915.911;926.814;1176.923;3607.711;3324.059;3593.751;3277.873;214.327;183.721;1759.098;3106.872;3219.834;2195.689;3596.637;623.083;545.440;991.189;936.410;958.990;300.008;1376.507;-3.784;1833.873;3365.360;1783.405;2254.164;2159.636;3588.957;2565.030;2921.969;952.783;3353.091;619.958;1219.053;2480.208;1045.888;3444.024;3158.969;457.500
92,165.5641748905182,91,-552.4997793293526,552.4997793293526,0.4734355001077592,3602.521;2096.849;3596.269;2791.906;2715.509;707.423;3597.659;-3.879;645.699;1521.938;2810.582;593.011;3316.913;3600.917;441.414;2139.971;4.464;1361.316;-9.816;3607.648;1563.660;3612.270;2805.374;3342.635;667.116;16.832;2229.374;189.299;2985.835;1268.329;2403.434;3593.438;1994.525;8.322;217.160;2211.291;1607.801;2388.760;1099.086;2280.107;1141.768;2240.533;2759.509;647.886;1109.307;1794.597;2718.745;827.611;1716.173;2425.199;3318.226;1068.541;2509.667;642.678;1568.341;190.624;3556.772;1649.223;3229.968;1381.278;3302.156;947.827;984.078;2157.507;3010.826;3402.153;2149.804;2.705;2114.362;793.128;2715.676;3468.960;1811.831;2253.863;19.405;1899.102;556.137;2201.967;1350.519;2811.512;38.029;157.149;2680.400;1902.188;1967.194;3332.755;1717.847;2772.218;1803.205;3231.669;2810.385;506.537;1105.372;3215.131;807.667;583.496;1722.136;1424.862;2621.066;1448.981,855.386;1418.011;1441.282;3385.400;3572.958;2044.776;-7.379;2534.904;2278.798;3114.330;1309.993;-1.371;2076.098;402.354;2657.637;3039.578;1604.611;3608.841;628.118;3602.405;1745.626;2517.583;2647.367;3558.417;3594.546;11.847;1.875;1868.858;69.774;2474.060;2012.818;2167.832;1605.382;958.873;3411.120;2462.688;9.768;403.528;2025.060;732.568;1381.742;2774.649;1506.137;3398.802;2805.972;2060.663;487.254;1780.290;2822.413;3612.304;253.713;274.603;2559.603;3175.534;208.671;2924.685;2863.761;2555.351;1067.483;1472.624;1451.129;2911.230;912.865;1163.141;3619.857;3314.765;3585.026;3265.160;202.151;196.754;1750.709;3095.638;3206.282;2200.053;3607.454;634.813;532.314;999.485;946.428;945.595;287.522;1377.755;-7.922;1846.745;3378.246;1779.440;2266.985;2145.762;3578.967;2552.329;2931.329;945.567;3365.910;606.156;1215.228;2470.939;1045.592;3430.811;3153.332;469.985
93,167.47348523139954,92,-552.4030591255228,552.4030591255228,0.3633152412392081,3597.589;2098.642;3605.624;2789.623;2704.462;694.726;3599.728;-15.525;652.806;1525.363;2802.883;580.263;3328.203;3594.508;455.271;2127.595;18.227;1373.236;3.004;3594.695;1559.033;3599.471;2811.756;3353.778;665.980;3.172;2215.720;176.671;2999.439;1255.254;2413.807;3586.431;2008.155;18.793;226.874;2216.332;1594.472;2381.494;1112.966;2267.863;1127.860;2244.975;2745.749;634.830;1122.952;1781.615;2732.056;837.828;1702.811;2422.476;3306.733;1080.840;2523.078;634.048;1579.402;195.667;3570.628;1662.642;3242.902;1391.900;3315.410;934.470;987.568;2171.183;3023.743;3414.541;2139.200;-8.551;2128.273;803.124;2726.807;3456.796;1817.335;2267.508;7.657;1886.387;569.952;2197.055;1336.607;2798.165;51.824;143.416;2666.719;1891.316;1953.508;3346.590;1704.993;2784.862;1817.082;3221.597;2802.205;494.250;1091.521;3218.156;819.864;569.694;1709.582;1432.473;2632.684;1436.423,862.474;1406.970;1434.836;3399.230;3570.412;2032.773;4.756;2546.479;2291.157;3128.091;1321.433;1.876;2073.015;415.904;2668.764;3051.800;1618.024;3596.793;639.407;3611.715;1754.408;2527.853;2660.108;3552.259;3604.798;24.252;-10.732;1882.646;58.622;2471.713;1999.201;2175.074;1616.662;961.489;3403.319;2449.875;0.600;415.612;2011.446;718.856;1371.907;2788.352;1497.388;3408.664;2816.547;2074.334;475.653;1793.768;2815.138;3600.937;243.246;260.765;2573.121;3173.370;195.679;2930.162;2850.285;2549.278;1080.091;1476.576;1437.892;2917.604;898.948;1153.008;3606.670;3301.163;3572.305;3267.339;210.556;186.676;1762.538;3082.647;3208.240;2187.013;3596.744;648.604;544.026;992.575;959.959;954.772;274.759;1364.505;3.563;1837.998;3366.845;1790.721;2262.276;2133.025;3591.517;2540.094;2918.856;958.166;3379.761;613.606;1202.847;2457.217;1033.297;3418.455;3156.217;481.198
94,169.18695735931396,93,-552.2697042210624,552.2697042210624,0.3048774738117979,3608.765;2112.065;3595.720;2802.831;2690.774;696.556;3589.195;-2.236;640.244;1538.879;2815.864;566.939;3341.950;3605.811;445.086;2113.803;9.960;1360.041;0.843;3603.099;1545.664;3593.244;2798.688;3341.666;678.582;-0.788;2228.655;187.853;3001.473;1263.009;2403.058;3596.924;1998.224;31.078;219.481;2209.816;1606.592;2392.578;1120.381;2259.368;1114.987;2258.274;2731.891;646.559;1117.667;1792.081;2743.184;848.182;1696.660;2432.652;3315.482;1093.991;2536.825;620.401;1569.583;199.436;3584.388;1675.854;3255.905;1380.717;3329.087;943.366;975.030;2159.340;3012.789;3428.334;2151.726;4.028;2115.840;790.235;2738.000;3444.059;1804.085;2276.761;-2.790;1893.914;583.812;2209.050;1323.912;2784.356;40.412;142.581;2669.705;1902.813;1958.130;3339.202;1691.242;2787.050;1830.771;3207.913;2808.380;484.236;1099.476;3211.321;819.999;578.200;1715.002;1445.956;2625.362;1437.522,874.198;1411.360;1447.878;3387.259;3583.357;2023.259;6.376;2546.977;2280.036;3141.651;1335.184;-10.377;2081.536;415.063;2676.412;3065.322;1625.610;3594.559;652.161;3598.731;1767.911;2524.709;2660.461;3557.620;3605.718;13.024;1.915;1878.032;45.393;2481.899;1995.884;2185.377;1607.223;952.296;3416.153;2436.242;-13.005;429.387;2022.894;706.726;1359.014;2802.189;1486.231;3396.345;2820.304;2081.837;461.894;1785.496;2801.689;3588.370;240.424;248.418;2586.661;3160.301;206.780;2943.553;2863.199;2538.682;1091.725;1486.837;1424.326;2904.748;908.289;1164.905;3597.752;3312.381;3584.446;3269.459;200.000;195.823;1776.189;3068.832;3218.830;2174.469;3603.057;661.367;533.204;979.005;966.356;961.359;282.889;1375.863;9.462;1824.381;3370.805;1778.887;2248.720;2144.014;3604.117;2527.040;2905.866;946.045;3390.990;620.256;1212.807;2468.406;1019.540;3424.363;3147.752;469.479
95,171.05265855789185,94,-552.4504402044208,552.4504402044208,0.3928268235706699,3599.584;2125.341;3607.851;2812.037;2702.577;709.412;3575.727;5.583;626.495;1530.102;2814.025;573.837;3348.146;3602.485;442.561;2116.861;6.934;1364.653;-11.873;3597.855;1540.042;3586.440;2803.568;3352.136;671.005;-12.068;2239.581;196.373;2996.100;1250.560;2389.518;3607.389;1984.595;44.658;206.006;2199.629;1619.890;2380.256;1114.647;2272.283;1102.712;2272.059;2734.334;658.861;1130.817;1805.328;2734.383;837.456;1705.731;2419.342;3329.007;1086.664;2524.381;623.830;1556.695;186.048;3577.300;1664.685;3267.175;1391.521;3327.847;930.184;980.558;2158.534;3018.207;3431.673;2165.471;12.534;2110.496;780.405;2750.678;3456.588;1791.258;2288.059;10.331;1888.502;578.305;2202.235;1313.143;2790.184;33.117;129.712;2657.312;1913.086;1961.647;3344.244;1692.638;2800.273;1830.812;3219.741;2821.770;493.458;1090.711;3197.773;809.119;591.393;1704.813;1437.646;2612.186;1441.557,887.904;1424.841;1443.193;3382.309;3597.125;2009.661;-5.901;2553.739;2266.346;3152.928;1322.367;2.609;2074.592;428.125;2675.089;3079.111;1639.040;3607.298;665.915;3602.833;1781.707;2538.019;2672.413;3571.086;3592.644;-0.646;-3.543;1872.249;34.094;2487.687;1982.665;2198.828;1594.031;938.733;3402.965;2422.478;-0.534;434.083;2035.894;697.078;1357.996;2815.878;1496.335;3407.460;2820.679;2069.514;465.322;1771.940;2813.914;3574.705;253.583;235.266;2574.796;3169.499;219.833;2931.200;2861.460;2549.493;1080.429;1496.426;1432.141;2890.990;921.578;1173.164;3596.985;3302.698;3584.693;3281.995;210.824;209.278;1765.649;3079.671;3208.236;2183.178;3616.152;673.857;519.571;969.745;954.772;974.815;269.880;1375.804;18.797;1810.711;3377.376;1788.979;2255.803;2154.650;3592.610;2513.292;2892.688;933.334;3404.680;607.168;1200.428;2481.856;1006.713;3411.194;3161.047;456.068
96,172.94033312797546,95,-552.4243391514236,552.4243391514236,0.34981377692480004,3602.102;2121.343;3596.070;2804.313;2710.180;699.631;3587.588;-3.858;636.326;1523.458;2801.081;586.936;3334.969;3591.665;429.382;2129.429;19.132;1366.861;-0.009;3608.847;1527.182;3598.451;2816.977;3364.668;657.493;1.120;2240.404;183.231;2982.644;1261.012;2388.431;3600.688;1982.434;55.707;212.316;2212.010;1623.501;2392.439;1102.038;2280.866;1114.553;2284.764;2747.700;672.488;1142.165;1803.928;2746.550;824.084;1692.843;2421.328;3329.147;1073.386;2515.364;636.924;1548.809;196.926;3566.149;1662.014;3280.739;1381.202;3341.144;916.962;970.487;2170.873;3028.850;3418.488;2155.766;23.768;2097.377;780.519;2738.133;3470.208;1798.708;2285.333;-1.652;1876.945;565.215;2214.638;1319.915;2803.433;43.769;135.681;2666.987;1901.939;1975.030;3357.012;1701.849;2791.014;1817.980;3232.243;2809.247;481.402;1083.457;3205.027;819.801;586.468;1692.615;1447.242;2611.912;1445.657,889.021;1437.876;1456.357;3386.843;3593.128;1998.195;6.316;2540.818;2267.822;3141.816;1331.166;1.239;2087.750;416.212;2661.995;3092.366;1628.261;3595.135;678.942;3611.837;1779.473;2530.442;2659.569;3584.696;3605.522;-13.687;7.486;1885.391;23.535;2475.665;1989.653;2190.042;1581.487;925.066;3393.819;2409.072;-6.951;422.844;2039.628;706.793;1370.459;2823.419;1483.700;3401.741;2807.302;2081.474;453.558;1769.083;2827.531;3586.160;265.421;229.984;2561.418;3157.070;233.312;2918.901;2873.787;2555.742;1086.191;1486.021;1421.645;2900.016;932.978;1165.340;3609.957;3308.649;3596.242;3295.653;210.716;218.880;1773.247;3072.556;3194.752;2171.870;3603.436;683.880;506.031;981.763;950.898;975.762;264.540;1388.260;7.957;1798.381;3390.766;1777.075;2244.337;2168.245;3581.835;2523.909;2905.230;942.398;3396.160;610.102;1198.514;2494.428;993.095;3418.368;3148.629;447.557
97,174.6475338935852,96,-552.4824969279263,552.4824969279263,0.20936164943108415,3588.886;2133.633;3606.247;2794.723;2697.545;705.957;3590.739;7.008;632.697;1530.528;2801.110;574.917;3329.610;3578.947;423.092;2139.787;7.764;1358.977;12.745;3596.661;1513.527;3601.330;2826.947;3378.197;660.182;1.845;2230.216;176.567;2992.202;1266.543;2375.657;3587.643;1989.770;42.718;223.178;2214.299;1636.859;2404.654;1113.928;2278.719;1109.230;2272.715;2753.187;662.081;1132.148;1794.602;2747.886;810.423;1700.075;2410.620;3342.281;1067.335;2512.693;630.896;1537.197;189.134;3578.468;1674.171;3293.497;1393.121;3336.573;922.975;959.706;2157.853;3042.382;3411.956;2143.854;16.048;2102.927;792.395;2744.355;3461.321;1800.734;2298.242;-2.444;1863.361;570.417;2228.256;1313.522;2793.138;34.022;148.469;2658.240;1890.906;1987.911;3370.307;1700.102;2802.976;1811.682;3244.410;2806.549;468.190;1070.743;3214.568;833.356;594.915;1682.488;1444.571;2624.841;1432.382,876.993;1436.101;1450.384;3400.239;3602.294;2005.745;12.758;2527.289;2278.562;3142.808;1319.529;-0.378;2076.773;427.769;2648.410;3084.935;1627.813;3595.066;672.189;3599.323;1782.827;2541.933;2670.321;3592.758;3611.659;-1.029;-4.378;1898.012;12.660;2480.835;1976.949;2202.601;1583.145;912.369;3400.058;2395.780;3.504;430.572;2052.639;694.877;1382.936;2813.771;1495.266;3412.564;2793.619;2070.112;463.294;1756.640;2837.027;3595.688;252.524;242.196;2572.673;3145.857;246.684;2907.277;2863.885;2562.800;1099.583;1498.019;1419.701;2913.335;926.419;1151.919;3598.442;3318.439;3603.600;3284.994;224.015;205.940;1762.736;3075.224;3181.442;2180.926;3593.904;674.471;515.967;995.387;962.949;980.537;251.245;1400.067;-0.270;1797.722;3403.619;1783.893;2249.661;2180.324;3594.160;2512.727;2894.584;955.278;3408.178;603.303;1185.246;2503.148;991.334;3408.857;3136.252;434.247
98,176.4599690437317,97,-552.798867202696,552.798867202696,0.23818726573991109,3575.282;2129.112;3598.792;2806.951;2707.521;717.859;3601.581;-0.590;623.328;1517.952;2812.379;564.722;3329.899;3591.891;435.598;2152.464;-5.319;1345.807;25.755;3608.147;1499.970;3588.584;2835.560;3367.189;670.012;4.114;2241.523;186.344;3005.656;1253.505;2387.426;3600.692;1984.224;29.704;211.148;2211.254;1643.302;2393.491;1127.491;2291.177;1096.348;2262.474;2742.672;648.826;1119.286;1802.943;2761.178;798.710;1701.358;2422.324;3347.678;1080.281;2501.460;618.837;1523.724;198.997;3590.923;1687.720;3306.979;1406.628;3332.492;932.059;972.532;2147.306;3049.892;3398.715;2138.515;2.707;2115.563;804.201;2741.353;3473.432;1787.833;2287.034;9.412;1851.124;580.220;2236.876;1300.139;2782.565;20.539;161.401;2644.790;1888.036;2001.204;3361.896;1688.698;2816.538;1799.259;3232.036;2802.923;465.514;1082.209;3201.777;823.719;582.030;1693.051;1454.461;2618.032;1438.913,863.496;1448.261;1440.604;3397.822;3609.227;2018.506;5.896;2514.560;2266.383;3130.006;1308.781;11.906;2065.266;440.024;2660.839;3097.499;1615.514;3607.449;658.855;3593.084;1772.966;2531.749;2675.433;3605.931;3599.506;-1.726;2.536;1892.516;-0.842;2471.077;1979.313;2194.928;1596.184;919.278;3413.187;2401.740;3.442;443.976;2059.893;707.206;1396.510;2815.074;1506.607;3399.847;2781.309;2063.419;451.597;1754.920;2826.507;3584.085;242.897;230.725;2568.648;3133.558;238.259;2894.746;2874.280;2576.160;1113.211;1509.750;1408.316;2913.722;913.532;1145.910;3600.813;3305.324;3600.706;3274.223;219.287;197.871;1775.011;3088.529;3169.705;2168.392;3602.108;674.864;514.889;987.643;976.525;981.895;240.149;1390.219;10.690;1807.607;3416.675;1774.041;2258.390;2192.155;3601.850;2523.499;2888.484;957.994;3415.374;615.463;1184.823;2490.452;978.717;3416.592;3139.290;440.602
99,178.32385325431824,98,-552.5371060343136,552.5371060343136,0.4754930126847575,3566.584;2122.611;3610.370;2820.451;2708.289;719.767;3596.972;4.767;609.973;1505.023;2825.869;567.918;3320.351;3583.578;428.438;2145.224;4.611;1332.237;35.839;3602.444;1496.686;3577.424;2841.581;3373.375;682.645;-7.914;2236.476;185.885;3017.398;1260.213;2400.797;3613.155;1997.068;20.332;197.964;2197.986;1637.254;2390.332;1130.119;2278.560;1083.069;2265.653;2729.803;641.230;1106.699;1790.265;2759.784;806.828;1707.791;2432.586;3360.890;1075.391;2514.119;618.016;1535.633;187.318;3599.860;1695.796;3299.990;1414.311;3319.571;945.380;963.503;2138.970;3036.907;3385.494;2146.566;-10.837;2128.635;791.223;2745.073;3484.334;1780.739;2277.159;19.036;1863.158;589.345;2248.335;1287.736;2793.634;19.528;150.954;2644.226;1892.963;1999.844;3373.777;1681.462;2827.280;1808.276;3221.662;2815.892;469.787;1075.278;3203.203;835.770;583.770;1706.494;1467.898;2605.694;1426.166,874.339;1436.512;1449.391;3384.640;3596.274;2026.785;-7.334;2526.108;2259.492;3116.905;1316.037;-0.887;2077.448;431.272;2667.144;3087.404;1603.482;3598.436;646.009;3588.954;1784.360;2518.344;2688.208;3595.017;3605.559;9.630;12.203;1879.537;-14.229;2457.683;1991.804;2181.603;1607.604;923.102;3413.388;2414.867;10.123;456.752;2048.565;696.970;1407.395;2801.975;1509.180;3389.607;2768.459;2050.081;438.207;1767.777;2838.268;3594.733;232.178;243.498;2555.981;3131.436;230.521;2907.475;2867.409;2587.329;1119.623;1497.425;1420.463;2925.129;899.970;1139.704;3613.561;3310.029;3587.541;3278.774;207.183;209.503;1787.852;3087.049;3181.205;2180.661;3614.258;662.153;502.615;997.985;990.116;968.650;251.913;1394.918;13.563;1809.057;3425.686;1760.630;2245.721;2188.082;3590.856;2536.520;2900.914;971.246;3402.471;628.985;1197.889;2493.445;974.749;3429.679;3127.845;428.188
100,180.0249960422516,99,-553.3190326012161,553.3190326012161,0.28002729768514156,3553.342;2111.255;3599.904;2810.596;2721.302;706.758;3583.966;-7.107;621.258;1493.025;2815.254;555.635;3331.726;3595.942;415.436;2157.545;-6.277;1321.040;35.588;3613.609;1483.645;3588.488;2828.583;3368.194;669.858;4.878;2223.251;193.082;3022.004;1247.450;2390.003;3600.568;1985.520;14.485;195.718;2196.771;1624.002;2377.243;1140.971;2289.853;1091.132;2254.717;2741.519;653.993;1113.624;1800.789;2768.950;794.176;1721.065;2421.533;3366.493;1087.455;2501.789;605.782;1548.861;181.712;3587.464;1684.791;3312.261;1427.114;3325.841;957.991;950.502;2147.577;3049.342;3391.733;2159.858;1.854;2140.709;801.883;2741.798;3491.966;1767.479;2287.350;7.397;1856.091;576.474;2241.531;1294.624;2806.769;7.321;142.126;2632.308;1900.205;1986.743;3363.364;1694.197;2839.634;1820.842;3232.906;2828.277;482.977;1083.421;3190.750;827.145;581.729;1719.727;1481.285;2609.686;1427.273,862.216;1423.141;1461.990;3380.466;3598.484;2014.099;2.877;2515.508;2272.027;3103.628;1303.397;3.691;2069.959;437.456;2675.387;3095.791;1590.011;3608.962;633.475;3576.613;1792.513;2516.174;2675.843;3593.310;3595.232;2.619;0.137;1872.757;-3.629;2448.661;1980.464;2186.587;1619.768;912.759;3419.200;2412.687;-2.600;452.064;2042.283;709.647;1395.702;2792.253;1522.015;3376.213;2760.104;2056.274;437.563;1757.544;2849.294;3591.244;244.825;255.167;2542.980;3119.602;243.309;2920.108;2854.119;2600.466;1132.896;1507.377;1416.695;2938.487;887.518;1152.340;3601.890;3310.103;3574.947;3271.327;214.065;198.125;1796.144;3099.551;3194.187;2179.495;3601.714;648.654;493.364;986.636;1002.862;968.046;248.185;1382.421;0.721;1822.193;3412.885;1747.324;2255.562;2200.189;3603.715;2549.524;2901.983;979.819;3407.467;617.350;1206.383;2483.231;972.860;3439.323;3139.990;416.387
101,181.8675606250763,100,-553.9656957775021,553.9656957775021,0.35538344755366397,3540.385;2097.981;3600.409;2799.687;2716.567;693.951;3570.510;5.659;633.490;1505.729;2807.826;542.235;3322.873;3609.353;421.214;2145.093;6.301;1333.015;48.206;3600.881;1476.894;3600.513;2840.167;3355.317;664.134;-0.934;2229.508;180.007;3009.505;1254.235;2402.462;3595.799;1992.911;2.474;208.776;2209.631;1633.457;2388.373;1154.237;2300.266;1083.505;2244.201;2734.540;660.684;1100.776;1802.993;2762.649;783.354;1733.813;2408.397;3372.914;1093.716;2510.001;616.559;1540.007;169.053;3599.252;1685.820;3316.875;1420.095;3315.034;953.610;962.741;2160.792;3058.246;3403.920;2172.586;-8.032;2128.332;799.694;2754.565;3480.649;1760.275;2290.669;6.372;1843.011;586.890;2251.300;1287.234;2801.377;-5.987;129.553;2641.832;1887.189;1973.595;3375.727;1681.810;2827.837;1833.800;3246.270;2816.467;496.445;1070.353;3180.447;813.917;568.636;1713.673;1471.601;2622.860;1429.964,852.795;1428.552;1449.217;3391.585;3586.296;2025.965;-8.920;2502.166;2261.787;3093.199;1312.774;14.896;2056.707;424.667;2688.581;3108.995;1599.912;3596.729;645.422;3589.508;1805.740;2525.370;2686.964;3604.405;3607.497;10.824;1.090;1885.611;8.346;2438.324;1991.146;2199.726;1633.166;925.558;3406.138;2399.593;-8.619;439.494;2029.077;701.677;1382.321;2805.023;1513.055;3381.072;2747.472;2047.641;425.561;1768.389;2836.569;3581.294;258.136;242.746;2536.398;3125.473;230.889;2932.223;2842.126;2604.323;1137.260;1520.688;1429.524;2949.235;876.062;1165.629;3589.524;3297.274;3587.848;3284.318;206.810;192.045;1794.443;3106.179;3207.611;2169.030;3598.732;661.379;480.143;973.545;1015.227;960.363;235.953;1368.986;-12.734;1810.159;3400.333;1758.103;2248.256;2213.609;3607.500;2542.766;2889.091;967.141;3420.455;626.509;1217.824;2469.922;959.729;3426.535;3134.882;429.162
102,183.73199152946472,101,-554.3977563568383,554.3977563568383,0.42477058774343635,3529.929;2084.980;3613.175;2800.651;2727.275;701.862;3577.314;0.788;622.313;1513.452;2794.982;548.929;3309.631;3598.917;434.356;2147.981;11.995;1334.897;61.497;3607.530;1488.178;3613.878;2844.414;3343.074;664.719;8.867;2217.018;184.022;3020.836;1242.985;2394.814;3605.469;1980.260;-10.879;221.130;2222.558;1621.266;2376.734;1150.140;2313.564;1073.004;2256.272;2747.112;650.379;1106.424;1814.913;2749.481;770.178;1722.100;2419.488;3386.040;1081.046;2507.733;608.306;1545.468;155.658;3589.928;1697.568;3313.877;1432.007;3327.317;965.637;956.548;2173.983;3051.017;3417.232;2174.112;-0.166;2138.303;786.933;2747.542;3487.965;1772.904;2303.756;-6.499;1830.712;577.255;2238.457;1299.948;2813.644;4.570;116.206;2654.690;1900.040;1960.774;3380.592;1692.587;2815.018;1847.000;3259.636;2804.326;509.110;1069.864;3192.358;814.493;556.135;1719.815;1458.650;2619.149;1443.048,839.995;1415.617;1443.824;3380.010;3597.066;2034.105;2.530;2491.345;2251.469;3106.008;1301.251;4.323;2055.212;436.064;2701.704;3117.018;1604.043;3608.426;647.522;3588.663;1805.471;2538.389;2676.017;3594.277;3596.157;0.491;-11.939;1878.739;3.986;2425.039;1982.436;2190.683;1628.281;920.298;3395.635;2409.621;4.330;449.247;2039.358;713.371;1390.234;2800.914;1523.609;3394.128;2734.081;2035.820;434.560;1760.040;2833.922;3568.163;250.537;246.827;2548.713;3115.482;221.625;2943.652;2851.360;2593.148;1149.274;1514.760;1419.891;2956.476;873.224;1178.606;3596.845;3309.476;3600.901;3292.323;193.737;179.382;1782.608;3119.038;3199.145;2181.518;3609.133;650.997;486.187;960.591;1023.883;962.391;222.634;1363.473;0.099;1819.921;3389.811;1770.860;2260.960;2202.054;3597.818;2554.373;2876.071;954.498;3411.582;615.283;1231.164;2457.516;950.113;3413.609;3146.915;441.677
103,185.6259949207306,102,-554.2488634731143,554.2488634731143,0.5088993881820544,3516.692;2077.524;3600.659;2811.135;2717.026;690.604;3565.300;-12.137;619.633;1526.554;2795.637;553.083;3297.529;3606.018;428.724;2135.341;24.731;1325.854;70.696;3595.819;1499.831;3601.427;2857.449;3329.999;652.700;7.540;2204.814;171.341;3034.018;1230.919;2401.669;3611.900;1980.949;1.341;220.347;2223.335;1615.323;2385.267;1139.273;2313.392;1059.844;2269.027;2740.347;660.421;1098.744;1802.264;2741.047;781.115;1726.649;2408.053;3399.212;1085.151;2495.723;621.187;1558.203;160.312;3593.646;1710.822;3303.517;1445.015;3336.870;978.927;943.781;2178.345;3062.893;3428.882;2186.771;-11.369;2127.365;773.591;2760.474;3500.110;1778.304;2316.661;5.687;1839.337;583.554;2234.748;1312.459;2824.828;7.835;120.934;2662.676;1892.924;1948.923;3372.340;1692.094;2803.459;1840.298;3252.748;2798.475;497.114;1078.190;3205.665;827.230;542.971;1709.024;1445.297;2631.443;1453.194,851.801;1411.016;1431.388;3389.688;3589.415;2046.893;-7.648;2497.313;2256.306;3098.047;1308.007;-8.929;2057.112;448.080;2694.083;3130.180;1591.100;3617.562;634.935;3600.270;1793.003;2529.138;2669.428;3606.499;3586.432;-0.137;-1.509;1890.736;-9.062;2435.545;1969.355;2177.891;1625.400;931.306;3392.686;2411.606;15.373;439.495;2051.637;721.449;1402.974;2807.937;1514.329;3403.190;2722.057;2048.497;440.506;1766.435;2821.312;3554.804;261.558;243.093;2549.282;3102.384;209.235;2956.939;2845.869;2604.263;1141.789;1501.814;1431.693;2959.107;885.092;1178.737;3606.839;3305.389;3613.174;3305.236;185.378;191.433;1795.478;3109.574;3192.523;2176.684;3600.447;653.108;473.986;964.958;1021.635;949.514;223.864;1350.458;2.593;1832.903;3402.575;1771.608;2255.246;2193.533;3607.557;2565.946;2863.234;965.557;3401.278;602.005;1220.986;2454.153;951.080;3414.119;3135.042;438.975
104,187.33461332321167,103,-554.0333074518351,554.0333074518351,0.316020441494821,3525.314;2084.451;3600.584;2824.277;2704.338;678.043;3575.536;-0.429;630.994;1520.351;2798.248;565.710;3287.010;3594.583;434.383;2122.915;19.734;1312.847;58.069;3600.553;1513.024;3602.809;2864.684;3316.982;664.949;-5.327;2216.043;159.090;3042.810;1221.450;2413.577;3599.092;1973.947;9.194;215.542;2213.387;1627.097;2375.458;1127.868;2324.477;1048.241;2282.241;2748.641;647.926;1105.141;1799.226;2744.333;792.284;1736.944;2420.425;3402.306;1074.578;2482.751;616.149;1546.113;150.051;3606.304;1719.161;3316.252;1442.790;3343.095;984.133;952.075;2168.369;3055.734;3442.124;2175.777;-0.494;2117.671;764.129;2770.307;3487.427;1766.628;2329.277;-3.085;1852.380;572.281;2245.646;1324.124;2812.935;20.351;133.741;2674.936;1885.957;1961.052;3361.188;1681.978;2790.227;1827.878;3265.128;2805.800;494.503;1079.455;3211.923;815.899;536.208;1695.825;1435.057;2621.064;1457.393,856.005;1407.032;1439.502;3393.056;3579.080;2052.796;3.594;2509.994;2243.579;3105.571;1318.284;-0.525;2069.689;460.195;2681.194;3141.377;1581.519;3605.837;623.277;3609.662;1780.886;2516.003;2656.575;3595.128;3587.736;-11.471;-8.703;1903.525;-0.572;2424.727;1957.533;2166.495;1613.620;919.994;3379.762;2422.775;28.414;449.228;2062.963;733.901;1408.072;2820.317;1526.393;3394.815;2722.184;2058.522;428.747;1774.490;2820.638;3563.543;254.631;254.531;2537.254;3099.146;195.982;2969.148;2854.540;2615.886;1130.803;1496.515;1423.633;2971.860;898.332;1166.987;3597.190;3316.880;3600.853;3318.423;172.566;186.907;1792.754;3099.859;3181.865;2163.848;3609.036;642.958;464.709;977.720;1011.909;938.506;236.317;1348.618;10.565;1845.996;3401.829;1761.287;2261.000;2181.126;3595.017;2579.180;2870.859;957.867;3390.215;592.185;1210.722;2441.316;963.361;3426.115;3127.045;427.926
105,189.19127297401428,104,-554.2446167220621,554.2446167220621,0.45490673802232867,3538.375;2071.892;3610.708;2811.742;2716.653;688.833;3588.596;-7.631;619.475;1532.453;2785.521;553.564;3297.715;3591.005;447.360;2132.828;31.018;1325.250;45.645;3602.355;1523.288;3595.711;2877.646;3328.963;675.914;-3.901;2205.872;152.268;3040.361;1209.240;2422.779;3605.644;1986.157;16.001;227.851;2225.682;1620.189;2368.843;1140.562;2336.704;1059.843;2273.291;2738.011;647.142;1092.373;1796.251;2757.263;779.771;1746.575;2430.560;3391.337;1077.803;2472.273;606.869;1555.401;136.920;3594.696;1730.139;3328.468;1429.909;3356.084;977.279;939.777;2173.751;3068.353;3438.810;2187.934;11.690;2129.059;776.642;2763.489;3497.784;1766.355;2317.601;-15.964;1840.167;559.234;2258.208;1312.026;2813.865;32.653;138.784;2662.900;1891.799;1949.442;3348.049;1668.883;2777.203;1839.298;3254.912;2793.493;481.817;1066.550;3199.281;805.202;544.100;1707.959;1426.259;2633.404;1469.167,843.508;1395.079;1452.531;3406.010;3591.021;2041.879;0.141;2521.229;2239.571;3093.655;1312.733;11.615;2067.976;473.131;2669.334;3131.759;1587.496;3593.141;634.335;3622.490;1767.676;2502.781;2658.158;3605.699;3600.312;1.392;-1.104;1915.971;12.016;2413.040;1945.131;2165.009;1625.757;906.829;3387.446;2410.745;17.991;439.294;2069.301;746.226;1395.370;2817.137;1539.394;3391.732;2734.821;2070.265;415.957;1787.535;2833.295;3551.311;241.621;267.165;2545.648;3104.599;191.957;2978.800;2841.691;2603.475;1117.665;1509.003;1410.590;2985.059;888.394;1172.692;3584.126;3306.892;3605.011;3306.979;159.326;174.045;1781.031;3112.283;3168.720;2160.428;3596.458;651.918;451.627;966.618;1024.501;950.953;248.164;1335.747;1.466;1848.280;3414.625;1748.289;2273.397;2193.478;3586.127;2591.662;2883.789;970.382;3402.353;603.997;1222.290;2428.545;952.219;3438.446;3114.013;417.655
106,191.07096362113953,105,-553.904351112912,553.904351112912,0.2806614289313134,3550.873;2059.064;3598.467;2816.585;2705.405;677.357;3601.496;3.710;630.598;1524.791;2773.501;557.068;3310.772;3581.951;439.085;2145.787;19.210;1316.471;32.474;3590.992;1514.816;3607.124;2871.702;3339.577;674.691;8.880;2218.245;142.147;3049.346;1196.210;2435.818;3599.865;1999.317;28.953;227.570;2237.656;1608.443;2356.843;1141.958;2349.386;1065.839;2264.128;2750.373;635.489;1102.982;1807.920;2763.567;768.294;1759.613;2442.649;3378.275;1066.309;2484.309;612.751;1544.664;144.472;3581.830;1740.282;3339.837;1428.792;3345.255;987.263;948.293;2161.289;3071.679;3451.450;2179.620;0.229;2116.639;787.883;2750.846;3487.562;1754.033;2304.496;-3.856;1846.792;546.060;2270.022;1320.389;2802.356;22.429;151.376;2670.835;1904.033;1953.205;3334.908;1656.390;2780.565;1826.922;3243.779;2805.627;486.538;1065.583;3193.386;792.267;556.642;1699.462;1437.670;2627.235;1482.206,845.547;1387.997;1460.189;3415.114;3604.008;2028.808;-5.311;2534.340;2245.882;3084.736;1299.796;6.538;2079.976;485.617;2673.592;3125.926;1600.230;3590.433;622.422;3609.834;1762.214;2510.689;2657.897;3598.490;3613.319;-3.400;11.621;1926.712;18.882;2399.918;1951.368;2175.788;1638.908;895.887;3386.556;2421.091;6.303;435.651;2081.902;756.581;1387.787;2804.283;1533.939;3404.240;2741.835;2071.014;402.785;1775.674;2844.148;3549.126;232.809;280.329;2537.811;3098.556;179.721;2967.723;2829.623;2606.232;1111.780;1506.872;1406.690;2996.902;875.587;1184.265;3574.724;3307.952;3594.585;3295.807;146.147;164.789;1777.481;3119.696;3179.676;2147.876;3597.777;639.607;450.377;969.600;1037.678;958.398;261.280;1335.377;7.857;1839.874;3416.685;1735.791;2285.146;2194.032;3582.550;2580.740;2896.969;981.527;3390.791;601.396;1213.504;2437.269;939.363;3451.422;3107.855;430.292
107,192.9769172668457,106,-554.2086931565485,554.2086931565485,0.34606041975338914,3559.186;2069.944;3598.137;2828.512;2692.869;688.238;3609.610;-1.500;618.496;1530.882;2785.730;569.103;3307.144;3594.222;446.680;2152.040;12.652;1304.012;35.247;3602.934;1501.870;3597.425;2859.655;3350.189;662.940;19.542;2223.039;142.291;3062.289;1183.563;2429.345;3611.820;1987.746;19.070;214.829;2247.814;1595.357;2355.265;1154.656;2337.395;1058.404;2251.377;2754.448;636.115;1110.672;1820.953;2751.088;755.680;1747.226;2435.825;3365.396;1053.543;2497.409;613.018;1553.829;157.299;3571.687;1752.457;3327.788;1416.442;3350.595;1000.277;936.877;2148.190;3060.348;3447.094;2181.930;-1.268;2107.128;796.351;2737.942;3497.417;1746.772;2300.447;3.850;1851.217;535.300;2279.377;1333.344;2814.838;9.407;149.945;2683.772;1892.281;1965.556;3328.106;1643.823;2793.176;1814.208;3248.940;2818.272;476.107;1054.192;3197.656;799.891;569.737;1706.226;1450.741;2619.666;1472.868,857.563;1375.379;1465.309;3409.984;3592.919;2039.562;7.254;2545.812;2233.165;3074.018;1302.843;-1.356;2067.651;474.256;2686.348;3114.470;1610.960;3601.210;610.703;3598.322;1773.938;2498.812;2670.638;3606.787;3601.415;-11.168;-0.157;1939.713;9.398;2410.970;1939.121;2188.822;1629.213;907.387;3398.526;2430.270;-6.771;422.803;2070.064;769.598;1375.805;2815.089;1545.924;3391.928;2733.155;2083.810;414.126;1762.854;2831.764;3539.823;243.016;293.425;2549.559;3111.237;167.014;2954.956;2838.439;2593.535;1114.923;1519.273;1395.915;3007.337;862.580;1172.276;3586.570;3318.338;3605.182;3285.492;157.324;171.590;1764.737;3128.322;3189.009;2134.795;3610.382;626.597;456.765;958.830;1050.792;959.886;263.407;1347.668;-1.904;1827.548;3405.726;1748.168;2273.123;2205.029;3595.211;2568.064;2892.084;991.453;3402.281;590.020;1201.161;2425.345;926.479;3440.163;3118.543;436.687
108,194.696679353714,107,-553.303092517999,553.303092517999,0.31449403892599476,3571.981;2062.746;3609.135;2840.701;2680.330;677.270;3597.253;-0.691;608.415;1519.079;2777.741;557.458;3312.860;3593.419;459.431;2145.890;21.969;1293.602;22.846;3596.203;1490.004;3607.518;2846.864;3359.814;650.369;7.690;2235.374;132.593;3071.436;1172.886;2440.528;3599.665;1981.462;30.647;220.628;2260.780;1582.263;2342.515;1163.739;2339.804;1059.952;2255.854;2754.651;642.025;1102.222;1824.995;2746.997;744.997;1757.678;2445.720;3368.556;1053.711;2503.968;600.439;1566.753;148.083;3583.018;1739.797;3316.424;1428.344;3338.989;1011.207;927.733;2143.382;3071.354;3458.906;2183.957;6.903;2095.128;809.174;2750.204;3485.986;1756.937;2287.703;-5.135;1839.123;526.618;2292.287;1338.807;2804.507;20.588;138.185;2694.021;1898.698;1971.539;3315.998;1631.108;2802.190;1801.517;3261.237;2831.032;488.081;1044.956;3203.781;788.998;580.998;1718.198;1463.156;2608.888;1481.399,867.502;1362.891;1477.678;3422.080;3584.416;2040.148;1.396;2543.388;2226.386;3061.032;1298.742;10.625;2071.594;467.768;2695.096;3126.827;1601.435;3594.136;599.809;3588.739;1768.744;2489.797;2660.397;3618.188;3594.968;1.226;6.206;1930.266;21.061;2407.503;1947.880;2180.878;1620.484;906.884;3411.561;2437.735;-1.356;429.362;2073.976;765.275;1375.789;2806.250;1558.592;3380.747;2739.949;2091.899;403.546;1762.494;2836.482;3531.374;233.640;299.874;2542.555;3110.623;169.552;2945.194;2829.501;2590.536;1103.362;1509.852;1384.654;3020.191;861.886;1159.868;3584.399;3306.889;3593.960;3292.149;150.040;162.265;1776.582;3121.216;3197.409;2122.327;3599.113;618.468;444.467;967.951;1055.775;948.421;275.716;1337.430;6.239;1839.924;3402.353;1740.703;2270.082;2216.697;3590.928;2570.290;2903.666;985.123;3410.853;592.070;1210.462;2434.293;930.833;3451.579;3109.032;431.850
109,196.56269192695618,108,-553.4687309461892,553.4687309461892,0.2518195395382679,3581.891;2054.307;3597.943;2847.913;2668.088;664.329;3604.985;-6.443;620.053;1506.102;2766.032;551.230;3322.358;3605.163;448.541;2148.583;11.013;1302.840;12.185;3584.621;1477.625;3595.538;2838.409;3372.700;637.432;6.161;2233.282;119.707;3059.883;1159.965;2440.722;3596.637;1983.788;23.486;233.323;2257.986;1572.029;2350.786;1170.269;2327.556;1072.618;2243.841;2758.079;654.804;1089.469;1837.374;2749.892;734.400;1763.567;2458.137;3379.805;1066.402;2515.021;609.703;1575.149;141.056;3579.019;1748.641;3327.889;1440.613;3327.977;1024.148;917.573;2138.915;3084.054;3455.386;2171.682;-5.154;2095.191;821.857;2752.301;3496.440;1769.802;2292.233;1.483;1826.725;515.347;2303.906;1335.218;2810.246;17.067;125.728;2686.198;1910.580;1982.371;3313.672;1618.086;2814.696;1790.151;3249.850;2842.681;477.387;1044.543;3192.151;796.312;572.363;1712.206;1469.718;2596.571;1494.214,865.371;1350.073;1490.662;3434.772;3596.348;2030.530;-0.876;2531.115;2227.980;3050.402;1286.091;23.611;2067.470;479.811;2691.319;3115.993;1611.285;3604.597;586.899;3599.081;1779.384;2497.918;2666.554;3605.585;3601.064;-2.329;-4.113;1918.754;28.005;2398.453;1960.677;2191.265;1631.461;901.097;3400.692;2450.340;-10.680;441.558;2061.532;767.040;1363.255;2796.940;1550.676;3389.029;2750.163;2104.251;393.761;1770.258;2846.025;3543.685;220.790;287.926;2552.409;3122.187;163.222;2955.014;2818.411;2578.856;1092.171;1497.647;1371.719;3032.389;874.022;1147.001;3591.671;3293.978;3581.230;3304.946;155.713;170.761;1779.223;3133.601;3186.780;2109.558;3601.265;605.877;442.604;957.578;1045.235;960.305;272.298;1334.494;17.495;1840.779;3398.953;1729.816;2282.171;2218.747;3602.904;2559.634;2915.706;995.275;3421.668;584.844;1221.286;2446.728;943.548;3441.407;3098.518;444.126
110,198.45619654655457,109,-553.1961031456296,553.1961031456296,0.49514702241494907,3594.225;2055.060;3608.618;2860.481;2655.596;674.081;3598.192;6.112;611.251;1494.471;2776.932;538.779;3328.649;3594.302;443.463;2135.975;-1.870;1291.570;13.048;3595.497;1464.679;3584.297;2825.730;3364.363;647.437;2.344;2223.620;109.109;3060.957;1146.995;2453.315;3598.142;1995.750;12.857;229.953;2246.933;1561.832;2362.305;1158.057;2314.869;1083.457;2242.202;2745.890;642.893;1084.629;1837.185;2737.661;744.498;1774.450;2446.202;3367.760;1079.338;2527.913;622.526;1587.140;147.709;3590.494;1757.404;3328.573;1453.261;3327.858;1031.369;928.757;2151.468;3077.325;3464.389;2164.494;0.973;2089.618;833.089;2761.755;3503.279;1781.855;2280.111;-10.259;1838.699;514.562;2316.696;1322.916;2798.849;5.345;137.425;2697.315;1898.923;1995.254;3309.068;1611.510;2815.495;1799.031;3257.233;2849.305;483.080;1055.414;3201.627;783.877;560.343;1699.481;1480.734;2608.061;1483.758,877.692;1359.861;1500.836;3446.766;3605.537;2018.004;-12.852;2540.973;2215.355;3057.109;1278.228;35.652;2069.436;490.582;2700.959;3114.972;1618.098;3592.858;574.849;3596.557;1790.531;2489.128;2678.162;3601.190;3591.629;-9.076;-16.133;1921.790;34.693;2385.741;1973.645;2182.896;1638.684;913.544;3412.175;2438.479;-19.822;454.492;2069.899;779.648;1350.658;2785.037;1537.956;3377.643;2758.600;2115.604;381.025;1759.834;2851.971;3531.949;221.535;280.556;2564.926;3134.623;175.725;2942.967;2821.863;2588.153;1103.462;1508.549;1376.599;3027.605;885.803;1144.948;3600.795;3303.492;3574.879;3295.040;166.151;158.704;1766.697;3129.137;3197.814;2118.797;3590.053;592.961;451.581;948.776;1045.321;958.675;260.377;1343.449;5.601;1839.029;3386.465;1719.483;2277.756;2215.976;3611.029;2571.391;2913.221;982.966;3420.804;572.100;1209.338;2458.777;955.782;3452.314;3087.195;457.070
111,200.16136741638184,110,-553.4503817145476,553.4503817145476,0.37429260078048926,3606.624;2042.859;3597.566;2868.749;2665.330;677.282;3608.481;1.685;605.113;1487.384;2772.067;545.464;3316.146;3599.435;452.812;2145.310;-5.763;1294.267;1.110;3607.902;1456.464;3595.631;2837.632;3374.986;649.303;-5.094;2233.653;120.279;3072.517;1141.082;2463.057;3607.032;1991.084;7.083;218.118;2258.985;1573.228;2356.928;1146.489;2322.459;1080.766;2229.865;2755.070;637.703;1076.246;1848.434;2743.329;733.353;1774.443;2437.333;3370.871;1077.112;2523.886;628.987;1575.672;136.033;3588.081;1766.048;3323.406;1451.921;3318.209;1043.529;920.742;2162.182;3077.710;3475.854;2152.818;4.316;2078.620;843.882;2750.836;3502.573;1771.288;2284.374;1.002;1831.590;504.518;2306.177;1311.809;2796.538;-5.889;145.292;2708.643;1886.486;1992.955;3321.417;1613.284;2803.170;1797.231;3263.110;2837.410;474.425;1043.178;3191.218;786.131;571.346;1708.902;1472.229;2601.427;1488.344,889.930;1359.299;1500.421;3447.623;3593.955;2007.207;-0.442;2544.653;2212.905;3045.576;1267.230;25.589;2081.876;503.277;2688.890;3127.367;1605.957;3603.177;564.348;3608.729;1803.087;2501.200;2669.308;3592.106;3603.389;3.131;-4.006;1910.180;23.642;2374.398;1967.526;2170.683;1632.473;902.775;3419.655;2425.845;-7.445;455.324;2072.325;769.677;1359.360;2788.066;1527.223;3367.833;2771.338;2110.447;388.065;1767.480;2863.875;3541.490;231.919;291.264;2577.653;3124.587;187.780;2933.364;2811.430;2595.923;1092.922;1514.251;1367.789;3039.822;896.188;1156.486;3612.794;3310.251;3565.156;3283.486;155.932;146.011;1756.984;3116.512;3201.634;2129.485;3598.068;580.668;441.156;960.966;1032.774;965.231;271.791;1335.296;-7.267;1851.516;3395.103;1729.995;2289.946;2203.373;3598.819;2566.142;2908.595;977.644;3409.153;567.465;1197.384;2452.463;968.302;3445.369;3075.861;469.576
112,202.01435470581055,111,-553.4299407829276,553.4299407829276,0.4146896113966824,3600.828;2045.517;3604.778;2872.410;2658.202;666.574;3596.224;-9.923;594.513;1474.784;2759.693;534.389;3322.445;3589.329;443.837;2139.899;6.103;1306.105;-9.497;3596.731;1454.901;3607.156;2830.813;3364.225;660.202;-16.805;2221.787;132.868;3062.145;1151.889;2456.582;3594.757;1979.017;16.755;224.969;2269.072;1577.932;2344.400;1134.358;2333.783;1093.005;2222.515;2766.989;646.276;1063.652;1841.478;2755.616;744.829;1786.659;2425.102;3383.364;1088.607;2535.771;616.714;1584.655;145.227;3600.404;1755.644;3310.843;1439.858;3310.708;1054.565;908.859;2174.725;3089.790;3486.472;2140.010;-8.147;2090.934;832.438;2761.509;3498.874;1778.216;2289.758;7.899;1839.159;516.483;2306.035;1299.026;2784.333;6.173;141.581;2716.574;1886.845;2000.514;3333.037;1609.533;2791.537;1809.463;3261.952;2847.490;462.169;1042.310;3178.472;782.650;566.561;1703.021;1460.002;2612.796;1476.776,880.785;1346.877;1488.039;3452.761;3594.324;1996.109;-7.210;2532.309;2209.788;3038.303;1279.119;28.906;2081.465;515.474;2691.442;3138.508;1605.553;3604.843;570.328;3597.351;1815.936;2511.811;2675.551;3601.293;3593.063;-2.632;-5.280;1903.095;15.208;2380.614;1956.983;2158.022;1619.980;911.944;3409.046;2419.496;-0.069;457.303;2079.922;758.035;1355.587;2797.535;1524.256;3358.488;2759.888;2105.855;395.670;1766.142;2875.923;3542.211;243.493;279.575;2568.437;3113.033;200.523;2942.845;2798.686;2607.789;1080.692;1509.276;1371.341;3050.265;908.161;1169.269;3600.461;3322.718;3576.566;3291.614;164.692;147.063;1765.288;3114.812;3189.341;2142.003;3610.690;583.046;451.470;954.650;1034.152;974.821;260.645;1324.788;3.055;1852.850;3382.777;1734.077;2300.841;2211.872;3605.450;2556.803;2918.543;965.577;3420.983;567.834;1202.605;2452.991;980.506;3454.414;3063.132;462.106
113,203.892183303833,112,-553.7041603736691,553.7041603736691,0.45290086160560517,3589.371;2057.988;3613.498;2884.565;2648.239;669.298;3598.231;1.861;605.666;1463.138;2768.822;545.148;3310.519;3601.583;456.171;2127.393;18.150;1294.157;2.667;3584.162;1442.473;3600.484;2835.849;3374.984;648.163;-4.356;2209.449;121.103;3061.849;1162.789;2468.890;3604.557;1966.250;4.443;237.501;2281.555;1590.457;2355.953;1141.817;2325.237;1105.740;2234.303;2756.915;644.004;1073.025;1853.741;2749.741;737.034;1775.931;2435.802;3371.786;1098.519;2546.143;624.767;1572.796;140.801;3598.602;1743.087;3321.138;1448.448;3322.950;1062.041;896.120;2180.051;3102.560;3474.909;2151.893;2.683;2100.254;841.224;2750.553;3511.221;1787.316;2277.731;-4.157;1851.562;504.497;2293.600;1286.531;2790.059;-4.780;129.167;2729.184;1879.730;2012.598;3320.845;1621.798;2795.334;1799.776;3274.400;2836.162;454.281;1030.568;3189.507;793.252;554.071;1690.677;1471.961;2605.123;1488.284,868.141;1359.068;1497.195;3440.537;3606.470;1988.893;1.417;2519.985;2221.204;3050.530;1271.066;40.725;2069.131;504.509;2703.790;3128.522;1600.936;3592.799;558.419;3606.260;1805.565;2501.040;2668.431;3612.724;3593.870;-12.401;-13.297;1915.425;2.582;2371.547;1965.909;2145.290;1609.402;903.477;3416.665;2430.180;-9.357;467.927;2067.726;760.850;1349.263;2810.116;1513.239;3369.529;2770.231;2094.322;394.135;1753.713;2864.085;3532.710;255.808;269.477;2557.018;3103.318;204.715;2932.053;2808.760;2596.136;1092.811;1520.539;1359.930;3062.383;896.209;1180.580;3605.466;3310.947;3568.089;3297.933;177.275;159.381;1758.492;3105.712;3188.110;2146.371;3599.242;594.859;442.560;942.086;1044.387;987.450;249.726;1312.156;-7.383;1865.061;3391.656;1723.801;2297.857;2223.097;3605.056;2568.617;2906.333;959.941;3430.032;580.217;1214.923;2440.653;969.485;3464.312;3075.045;469.429
114,205.59271216392517,113,-553.7138846646742,553.7138846646742,0.3262217046073933,3598.795;2070.704;3601.374;2897.274;2658.187;663.205;3588.346;-7.378;609.573;1450.455;2779.196;540.397;3318.385;3601.644;458.281;2116.489;8.307;1283.593;6.602;3595.166;1434.971;3610.508;2835.361;3366.299;654.048;-2.501;2199.358;131.374;3073.987;1175.026;2460.610;3595.594;1972.653;2.492;243.245;2293.671;1599.924;2367.714;1131.736;2337.109;1097.771;2226.284;2744.333;651.337;1084.217;1847.220;2759.641;747.661;1779.709;2425.410;3374.432;1111.052;2540.494;617.808;1569.812;152.935;3610.350;1744.323;3315.169;1459.406;3334.990;1050.757;895.764;2168.129;3108.546;3462.414;2158.055;-3.782;2102.193;830.809;2757.779;3516.496;1782.270;2277.337;0.036;1851.101;504.250;2282.536;1283.221;2802.347;0.937;140.575;2718.530;1867.281;2024.834;3319.882;1614.956;2788.186;1810.353;3282.365;2845.419;441.817;1020.988;3188.784;781.722;541.403;1694.282;1484.394;2592.833;1477.668,860.432;1369.724;1487.663;3450.690;3594.529;1976.365;-9.873;2530.651;2211.249;3040.458;1275.474;53.103;2079.401;509.164;2697.001;3127.288;1613.150;3603.589;548.725;3599.955;1793.962;2511.634;2655.946;3600.590;3605.266;-0.333;-1.230;1906.620;-9.418;2379.943;1953.943;2142.928;1617.873;908.274;3428.812;2442.742;2.129;456.766;2078.521;772.329;1336.762;2810.099;1503.141;3370.223;2782.444;2081.737;406.268;1756.890;2875.443;3544.810;268.523;256.976;2555.604;3090.798;215.648;2919.473;2820.838;2597.425;1104.230;1509.656;1372.140;3075.061;898.091;1168.562;3595.211;3311.881;3579.590;3286.330;167.254;164.602;1746.860;3093.127;3176.534;2158.831;3603.398;585.231;453.442;940.549;1051.300;991.915;257.041;1320.346;4.167;1875.532;3382.821;1734.105;2307.917;2215.123;3592.973;2558.326;2916.547;947.946;3419.030;569.534;1223.210;2428.059;978.680;3476.140;3073.647;474.637
115,207.43295240402222,114,-553.9355995981509,553.9355995981509,0.5054138910792675,3611.338;2080.944;3600.207;2890.504;2670.752;651.004;3586.507;2.540;615.385;1456.798;2788.581;550.795;3314.387;3611.033;448.329;2123.892;-3.742;1291.965;-2.397;3605.892;1422.845;3598.414;2847.400;3374.320;649.882;4.625;2206.359;122.636;3072.402;1165.053;2459.287;3599.674;1966.002;-7.805;253.200;2290.843;1599.100;2379.820;1119.945;2349.712;1090.742;2214.482;2752.444;663.779;1096.144;1855.895;2772.030;758.473;1787.272;2419.933;3382.031;1105.931;2528.443;616.952;1567.845;165.322;3598.711;1733.379;3325.554;1468.934;3343.201;1040.707;907.192;2156.109;3120.768;3468.765;2147.883;-5.459;2090.073;827.184;2747.042;3513.230;1769.851;2289.397;-2.417;1856.563;492.673;2269.934;1273.227;2802.012;-0.115;153.063;2716.575;1878.170;2037.464;3325.637;1602.745;2775.721;1801.447;3290.932;2837.078;429.138;1008.441;3177.492;786.715;531.579;1703.664;1475.723;2584.965;1485.090,856.313;1380.722;1498.819;3449.120;3599.410;1963.843;0.271;2521.314;2198.923;3030.814;1263.506;41.658;2090.971;519.906;2706.599;3136.677;1607.125;3615.818;536.169;3611.414;1805.154;2524.083;2657.854;3599.900;3617.889;-3.081;2.697;1907.278;2.618;2368.074;1946.115;2133.762;1630.232;898.329;3417.323;2434.646;-0.756;444.399;2070.273;784.947;1336.577;2821.778;1490.592;3382.412;2770.940;2087.528;414.729;1768.668;2878.169;3557.425;281.165;258.386;2567.760;3095.020;228.066;2910.386;2828.069;2601.315;1094.455;1517.893;1364.671;3065.874;886.845;1169.817;3583.010;3307.144;3576.157;3290.231;159.939;176.501;1734.227;3080.464;3173.949;2157.419;3613.272;572.684;465.988;933.897;1062.469;1004.316;245.589;1332.418;-1.385;1873.615;3376.497;1746.652;2297.298;2202.651;3587.433;2545.992;2925.048;935.312;3408.175;577.680;1214.939;2431.320;971.402;3464.242;3084.445;466.343
116,209.30202865600586,115,-553.979982459819,553.979982459819,0.3972088992816059,3600.446;2088.227;3600.478;2901.762;2661.818;662.847;3580.683;6.451;603.203;1468.812;2801.060;563.324;3306.498;3599.661;456.141;2116.555;5.508;1290.952;-9.847;3598.108;1410.241;3600.896;2854.783;3380.333;638.134;3.864;2194.290;110.670;3063.322;1171.879;2447.978;3611.157;1975.575;3.337;265.689;2302.471;1609.909;2392.380;1123.202;2340.458;1098.437;2202.231;2743.934;674.650;1108.727;1856.782;2783.826;749.078;1775.808;2411.136;3379.115;1097.243;2538.566;605.396;1555.621;155.077;3601.253;1720.832;3315.094;1481.428;3355.640;1049.755;915.118;2151.127;3110.832;3469.886;2142.421;6.415;2097.171;832.448;2748.672;3525.461;1757.303;2301.921;-14.414;1868.929;480.167;2275.292;1260.952;2814.174;-5.822;161.260;2705.714;1890.718;2049.810;3337.745;1591.437;2771.736;1791.020;3279.209;2836.083;428.196;995.887;3165.594;794.558;534.916;1700.077;1487.021;2572.572;1482.640,844.761;1373.456;1503.788;3457.995;3610.640;1951.319;-8.656;2516.541;2186.670;3018.372;1250.930;30.551;2079.365;509.195;2719.093;3124.811;1595.397;3604.392;538.392;3600.616;1796.022;2514.065;2669.840;3595.490;3606.127;6.976;-8.281;1906.462;-3.872;2356.126;1934.537;2145.922;1642.782;908.577;3427.238;2446.139;7.236;451.476;2076.953;776.565;1346.084;2815.592;1498.094;3375.132;2766.269;2076.196;402.525;1779.386;2871.268;3550.540;292.097;270.666;2563.341;3107.360;217.984;2897.910;2837.339;2610.797;1102.807;1507.553;1371.712;3072.455;874.290;1164.465;3572.091;3315.588;3588.178;3278.151;171.927;164.939;1745.036;3071.576;3185.011;2169.364;3601.405;571.375;476.073;929.174;1074.955;1015.983;233.051;1334.407;7.868;1885.707;3364.146;1747.548;2284.761;2190.368;3599.479;2557.312;2923.178;930.547;3395.629;589.696;1202.515;2443.083;965.074;3473.078;3079.173;454.567
117,211.19252610206604,116,-553.7415431142836,553.7415431142836,0.32012221952815434,3602.377;2080.797;3600.312;2900.140;2659.087;675.320;3589.469;-0.191;599.629;1460.926;2813.553;573.615;3307.969;3595.553;444.128;2104.707;4.755;1278.937;2.249;3609.447;1397.801;3594.821;2843.736;3368.151;632.212;-7.894;2201.222;99.751;3075.393;1159.776;2457.635;3599.433;1987.967;8.546;255.627;2314.996;1622.372;2389.979;1135.479;2352.173;1088.075;2213.672;2732.331;663.981;1121.276;1868.257;2772.127;742.228;1763.298;2421.024;3387.235;1108.509;2529.488;617.009;1553.182;160.303;3613.403;1726.725;3326.596;1493.821;3344.804;1038.464;927.313;2163.129;3114.428;3479.211;2153.667;2.701;2087.115;821.204;2760.267;3526.205;1753.645;2292.472;-2.655;1877.056;473.962;2263.322;1251.409;2803.914;6.122;157.542;2716.502;1879.151;2038.843;3349.436;1578.925;2783.712;1796.141;3270.464;2847.762;440.004;997.446;3153.083;782.715;526.188;1711.963;1496.269;2579.277;1470.371,832.254;1384.031;1501.866;3446.330;3599.621;1963.063;-0.171;2504.388;2189.551;3013.463;1257.882;20.363;2070.549;508.092;2714.037;3132.513;1606.800;3604.375;550.197;3599.525;1783.690;2502.552;2669.541;3584.171;3598.913;8.039;1.784;1897.311;1.594;2344.976;1936.731;2147.053;1644.786;911.197;3433.639;2441.607;19.434;439.665;2068.099;788.409;1335.941;2824.088;1489.402;3386.400;2754.057;2072.917;393.033;1767.992;2868.719;3556.969;292.137;272.929;2573.863;3118.768;206.354;2898.671;2849.726;2598.737;1114.545;1519.538;1362.926;3060.521;864.278;1175.883;3582.415;3317.296;3593.033;3265.933;163.361;159.798;1756.636;3059.333;3197.510;2178.413;3606.149;564.665;468.401;916.878;1073.170;1005.659;221.711;1343.288;18.592;1874.668;3352.517;1737.742;2294.014;2200.079;3610.103;2568.218;2933.629;920.060;3385.138;598.814;1190.923;2453.968;976.022;3478.317;3090.893;465.881
118,212.89960479736328,117,-553.4280977028707,553.4280977028707,0.2703461406178934,3592.772;2068.946;3588.325;2911.824;2647.368;667.522;3578.504;-9.662;587.834;1454.971;2821.077;586.017;3295.962;3606.577;441.019;2113.480;16.667;1268.421;6.392;3600.432;1388.875;3606.617;2833.028;3359.988;635.232;2.601;2192.634;87.322;3077.755;1149.257;2450.428;3595.795;1994.359;20.629;246.775;2326.044;1633.895;2384.032;1147.878;2364.562;1075.723;2221.172;2727.640;651.630;1126.840;1857.232;2782.157;754.079;1751.426;2409.395;3375.670;1119.353;2517.123;629.071;1541.843;171.865;3604.666;1738.956;3329.987;1504.487;3352.082;1026.127;939.752;2173.583;3102.662;3491.585;2166.118;-9.094;2098.175;808.803;2772.716;3514.515;1758.894;2283.277;5.517;1887.228;461.702;2250.916;1239.031;2793.916;-0.950;145.320;2728.494;1869.168;2026.780;3357.387;1566.579;2791.077;1808.217;3281.771;2860.229;452.166;1009.506;3162.013;772.252;537.652;1720.637;1508.113;2575.983;1459.090,839.407;1378.078;1513.316;3433.932;3592.222;1955.382;-8.067;2491.907;2188.342;3002.231;1261.238;8.002;2081.207;518.929;2725.290;3141.209;1595.097;3594.255;541.367;3600.246;1771.505;2512.049;2658.965;3588.083;3603.564;-1.508;-1.739;1909.012;0.806;2347.039;1925.741;2135.690;1656.571;923.405;3442.014;2429.370;26.110;433.150;2078.388;776.314;1347.772;2836.416;1500.790;3398.813;2756.211;2061.001;384.112;1778.225;2880.791;3569.219;301.285;261.732;2586.170;3120.461;194.813;2888.521;2861.660;2595.728;1126.840;1518.096;1350.577;3051.357;869.381;1173.305;3594.828;3327.527;3581.542;3253.740;173.780;171.217;1768.149;3050.121;3185.625;2190.200;3599.168;552.376;480.380;928.998;1082.708;1009.692;213.553;1355.645;8.681;1868.487;3356.265;1749.071;2306.384;2192.550;3599.713;2560.238;2945.903;907.642;3394.177;587.462;1178.491;2444.928;966.164;3487.523;3101.555;478.318
119,214.7538194656372,118,-553.7543872780494,553.7543872780494,0.38529170558492665,3600.628;2080.611;3598.265;2923.548;2640.312;671.063;3590.047;2.352;598.447;1442.759;2816.774;582.239;3283.603;3595.225;452.212;2123.576;27.052;1257.872;5.383;3609.989;1381.774;3599.443;2820.803;3353.895;623.198;-8.304;2184.943;80.190;3087.751;1159.203;2459.593;3605.733;1984.801;32.763;258.662;2324.291;1627.971;2374.179;1146.003;2367.426;1065.247;2210.211;2739.483;661.202;1132.203;1845.429;2787.787;744.329;1741.159;2412.600;3364.385;1108.233;2505.317;617.641;1553.091;160.226;3595.882;1729.852;3318.624;1497.452;3363.772;1021.772;946.990;2162.361;3093.838;3498.854;2178.240;0.915;2109.042;810.692;2764.048;3523.992;1768.043;2271.369;-0.207;1877.102;452.903;2248.831;1248.851;2782.842;10.075;134.241;2717.296;1876.132;2023.275;3369.645;1570.577;2803.208;1819.843;3294.041;2871.785;454.118;1011.103;3153.404;778.562;526.317;1714.423;1520.185;2585.672;1448.282,829.220;1389.568;1501.558;3442.541;3579.973;1955.105;3.554;2480.273;2200.222;2998.193;1273.196;6.607;2089.431;508.311;2737.614;3133.448;1591.041;3585.394;545.068;3612.154;1778.650;2520.759;2660.251;3600.235;3600.105;9.910;-11.583;1920.160;-10.356;2337.484;1925.340;2123.460;1668.707;919.743;3447.388;2425.463;14.250;421.316;2067.930;772.867;1338.544;2848.730;1497.939;3408.739;2768.135;2048.883;379.540;1767.323;2877.226;3571.241;313.590;271.951;2575.655;3131.752;205.698;2876.181;2870.369;2606.454;1122.567;1513.223;1350.965;3039.539;880.807;1185.196;3606.275;3317.557;3589.630;3263.066;182.427;159.614;1763.282;3058.812;3179.681;2202.076;3589.233;540.915;488.648;933.205;1085.434;997.990;201.570;1353.586;-3.186;1859.088;3344.774;1761.426;2317.324;2202.335;3610.437;2548.238;2957.262;910.440;3406.467;575.671;1181.940;2433.138;954.408;3478.040;3093.990;481.588
120,216.6428301334381,119,-554.2872085348181,554.2872085348181,0.3955039098915335,3612.831;2073.027;3610.521;2935.780;2651.509;679.430;3594.564;-0.573;608.095;1431.964;2806.212;583.356;3285.569;3597.793;462.433;2112.028;39.035;1245.613;10.397;3599.213;1383.988;3605.650;2831.743;3363.476;627.941;2.300;2196.045;68.646;3100.013;1150.371;2449.214;3595.279;1972.534;23.563;251.677;2334.237;1626.921;2385.474;1138.456;2367.843;1067.831;2210.452;2742.079;652.333;1142.676;1856.630;2793.375;738.635;1743.454;2424.394;3375.267;1117.182;2494.712;626.185;1554.902;154.231;3584.860;1730.547;3307.702;1508.126;3353.527;1022.372;936.111;2163.814;3081.692;3487.148;2188.893;-1.476;2098.791;822.023;2754.438;3535.945;1769.692;2280.518;-11.740;1888.573;461.281;2249.980;1237.776;2778.425;-1.138;127.608;2714.225;1887.936;2015.499;3361.008;1566.982;2815.297;1832.147;3291.967;2875.997;442.394;1019.656;3163.702;788.451;516.064;1725.087;1529.537;2573.870;1437.022,838.453;1378.579;1500.868;3454.262;3587.995;1966.939;-1.543;2482.572;2210.311;2986.716;1276.904;3.141;2077.663;496.010;2749.903;3121.245;1599.174;3596.716;557.176;3617.957;1769.257;2509.347;2664.735;3591.199;3603.319;-1.361;0.069;1932.348;1.572;2325.217;1935.904;2128.893;1657.275;907.678;3459.506;2414.696;3.771;429.113;2064.044;771.324;1347.268;2843.253;1504.071;3398.471;2756.996;2055.590;388.351;1755.117;2888.946;3559.431;304.823;278.626;2585.582;3142.378;194.369;2866.991;2858.693;2594.714;1110.516;1503.439;1362.500;3029.687;875.911;1185.517;3597.225;3305.358;3601.536;3257.083;192.091;166.734;1754.866;3071.047;3190.052;2201.810;3598.711;552.218;477.295;934.222;1073.471;992.692;212.435;1341.597;4.052;1870.743;3335.826;1759.367;2328.263;2214.610;3601.001;2558.916;2969.604;903.973;3406.103;586.653;1193.562;2443.447;942.057;3489.780;3081.888;469.784
121,218.54897165298462,120,-554.6960452249893,554.6960452249893,0.398264460287391,3601.419;2072.672;3599.127;2942.337;2660.874;668.153;3586.178;-0.629;599.288;1440.430;2795.384;571.725;3292.162;3609.668;473.307;2107.740;50.355;1248.009;-1.238;3601.679;1395.289;3594.114;2843.799;3372.092;633.757;0.224;2192.962;56.728;3107.919;1150.909;2436.997;3602.485;1967.526;19.397;256.598;2322.460;1615.192;2397.170;1147.577;2366.603;1079.225;2222.110;2753.107;642.503;1131.317;1853.167;2781.959;746.958;1752.626;2416.540;3364.608;1106.277;2492.384;622.579;1554.184;142.897;3583.002;1725.697;3319.172;1498.332;3348.844;1033.667;933.661;2168.586;3077.539;3498.136;2180.517;-12.476;2094.196;825.129;2762.362;3543.989;1757.919;2292.681;-0.349;1886.995;466.180;2254.595;1227.076;2778.444;4.025;115.557;2705.860;1890.931;2017.925;3361.492;1556.131;2825.995;1839.927;3281.201;2886.661;442.291;1008.896;3175.284;800.667;522.390;1737.322;1539.886;2562.690;1442.457,831.164;1388.143;1511.257;3457.789;3581.372;1975.508;6.961;2471.525;2213.081;2997.311;1286.826;-1.496;2070.478;483.833;2742.421;3111.353;1596.099;3605.534;566.445;3606.251;1766.581;2514.167;2652.818;3580.661;3594.671;-11.955;-7.963;1928.320;-0.524;2313.802;1932.249;2117.976;1654.806;895.706;3464.778;2418.949;-8.013;439.838;2052.045;765.989;1357.316;2841.908;1492.602;3388.492;2758.311;2066.066;400.521;1761.848;2881.144;3561.978;314.865;288.715;2576.172;3154.222;186.924;2869.549;2854.672;2584.694;1103.380;1491.222;1371.608;3017.651;877.197;1196.691;3603.604;3294.716;3610.970;3252.737;204.304;159.384;1742.735;3072.424;3201.125;2191.598;3595.051;549.197;481.750;941.505;1073.725;980.625;211.282;1329.282;-7.314;1882.623;3323.672;1770.269;2340.115;2226.651;3603.048;2567.718;2981.065;914.931;3417.893;597.506;1199.243;2455.634;929.728;3491.125;3086.813;470.673
122,220.2650580406189,121,-554.7841662036935,554.7841662036935,0.3293680134172695,3598.879;2084.539;3595.758;2932.109;2649.429;657.060;3596.183;1.690;610.050;1451.922;2783.263;559.795;3303.221;3598.809;485.293;2119.535;62.366;1238.565;4.843;3608.359;1383.469;3600.129;2846.339;3378.877;645.789;-10.576;2204.840;48.512;3114.629;1143.815;2445.273;3605.528;1956.890;7.697;248.251;2318.775;1625.389;2386.238;1138.149;2377.108;1067.708;2234.349;2765.314;630.360;1142.314;1864.691;2791.711;758.995;1740.991;2427.728;3372.722;1112.298;2488.490;614.220;1560.417;150.780;3571.568;1737.495;3329.520;1508.366;3346.998;1022.009;943.980;2157.304;3084.637;3510.321;2168.418;-0.922;2082.188;836.536;2772.554;3555.332;1746.065;2299.661;-3.224;1893.099;478.169;2260.048;1235.640;2790.165;3.023;103.326;2717.329;1879.190;2006.026;3351.282;1543.929;2822.505;1830.330;3288.640;2897.075;444.075;1019.503;3172.734;792.872;511.411;1726.544;1548.755;2572.098;1430.939,841.469;1383.905;1509.364;3469.778;3591.661;1972.771;-4.120;2461.418;2225.060;2986.980;1298.991;-13.494;2058.653;471.907;2737.373;3100.462;1607.737;3597.376;556.188;3595.258;1754.674;2526.020;2641.115;3580.346;3605.637;-0.388;2.440;1917.071;-6.792;2324.055;1944.122;2128.153;1644.158;905.058;3453.119;2407.451;2.309;428.191;2045.884;760.578;1369.471;2853.828;1504.126;3392.657;2769.901;2076.823;390.406;1770.918;2876.726;3572.816;327.034;280.153;2568.362;3166.369;195.728;2881.329;2843.198;2592.020;1105.465;1479.013;1361.695;3015.549;889.153;1192.015;3592.097;3295.886;3599.182;3240.856;212.810;151.999;1752.365;3083.367;3191.065;2179.435;3606.868;551.170;493.623;940.786;1068.112;985.884;221.852;1321.289;3.395;1871.937;3312.273;1781.290;2331.936;2227.294;3591.694;2557.393;2969.586;903.616;3428.213;609.394;1206.181;2444.587;923.453;3501.902;3098.815;459.333
123,222.13238143920898,122,-555.0412338013948,555.0412338013948,0.3693189807600514,3604.556;2076.462;3605.455;2920.011;2653.075;666.405;3586.459;-10.066;600.104;1441.728;2780.318;547.598;3315.333;3607.517;482.621;2122.007;56.728;1237.717;-3.238;3596.702;1375.996;3610.149;2856.408;3385.190;653.107;0.077;2209.588;37.260;3126.615;1131.824;2444.679;3593.713;1953.319;13.833;251.615;2307.076;1636.495;2391.108;1135.488;2373.736;1076.942;2231.676;2770.129;639.014;1149.609;1861.925;2780.810;770.155;1742.035;2424.591;3361.370;1104.059;2499.894;602.276;1548.643;151.488;3582.424;1729.969;3338.663;1499.053;3339.285;1017.271;932.482;2147.656;3096.580;3513.349;2156.610;-6.911;2073.483;828.944;2770.448;3567.422;1733.872;2307.787;5.984;1904.984;489.993;2271.808;1247.427;2802.351;13.145;92.345;2729.488;1887.824;2012.026;3362.064;1555.040;2820.857;1830.760;3276.868;2909.203;442.976;1010.684;3160.903;780.841;502.898;1732.156;1560.809;2583.050;1439.482,830.097;1392.958;1497.628;3473.936;3602.310;1960.875;-4.299;2472.571;2214.574;2978.369;1310.045;-2.020;2050.177;464.822;2725.528;3111.614;1619.355;3585.335;562.319;3598.655;1751.465;2533.130;2647.275;3584.325;3616.995;0.609;3.780;1927.593;4.252;2336.154;1935.828;2140.263;1652.396;916.361;3441.298;2404.838;1.132;418.860;2057.492;764.671;1358.602;2850.090;1503.169;3404.323;2760.192;2065.176;400.017;1760.370;2887.785;3575.597;338.761;290.609;2571.838;3161.507;205.852;2893.493;2831.112;2603.972;1117.262;1489.267;1373.152;3026.614;890.684;1180.065;3581.355;3307.494;3591.729;3245.320;202.032;141.514;1756.919;3095.362;3195.398;2188.111;3600.072;562.618;487.798;935.882;1056.156;975.721;233.959;1310.454;13.371;1864.611;3300.101;1769.956;2320.080;2218.890;3601.580;2566.338;2965.227;902.813;3418.724;601.354;1218.154;2436.532;934.209;3514.042;3110.746;447.194
124,224.02616834640503,123,-555.2977433755415,555.2977433755415,0.36570740792063133,3593.418;2067.464;3594.511;2922.691;2642.443;677.625;3597.266;1.311;588.672;1432.479;2769.338;555.745;3307.250;3598.182;490.063;2120.967;45.504;1225.970;8.130;3601.625;1371.183;3598.929;2868.248;3397.119;642.700;5.395;2210.669;25.336;3126.381;1121.051;2432.954;3601.977;1964.208;23.603;263.351;2300.031;1647.558;2392.798;1146.796;2364.352;1068.811;2237.175;2781.886;645.931;1139.586;1850.263;2773.634;761.168;1753.536;2435.412;3365.570;1092.315;2495.343;591.220;1538.543;139.744;3582.950;1738.744;3350.668;1509.683;3350.819;1015.323;932.042;2141.291;3096.987;3524.324;2150.238;3.971;2066.750;817.946;2758.679;3568.105;1726.419;2319.747;-3.768;1916.705;493.431;2283.024;1238.031;2812.253;2.562;81.685;2736.474;1892.921;2005.612;3370.672;1565.997;2829.668;1821.946;3270.255;2899.942;450.489;1020.001;3153.421;778.221;513.486;1743.809;1562.870;2594.582;1431.044,823.850;1381.676;1507.931;3464.107;3614.390;1969.335;7.357;2462.165;2207.523;2968.999;1300.836;3.342;2061.571;476.107;2733.819;3100.419;1630.587;3595.349;574.100;3610.525;1763.042;2544.609;2659.179;3572.561;3605.202;-9.686;-4.411;1939.595;8.785;2325.619;1924.069;2135.333;1642.012;906.497;3432.858;2395.442;-9.741;407.122;2062.859;758.196;1368.967;2860.152;1505.530;3415.687;2763.102;2065.995;392.998;1748.323;2876.552;3563.808;336.056;302.664;2575.800;3157.494;194.206;2892.768;2822.654;2594.635;1129.224;1494.467;1363.414;3016.252;902.013;1173.823;3570.157;3316.016;3601.987;3254.519;212.654;129.562;1746.296;3100.089;3206.851;2179.813;3590.574;552.236;476.850;946.793;1065.037;986.394;229.693;1321.706;3.948;1868.585;3289.879;1777.900;2331.042;2212.176;3609.881;2555.433;2953.715;912.512;3428.555;589.592;1206.784;2447.349;924.620;3522.217;3122.873;452.875
125,225.73161482810974,124,-555.1686224749136,555.1686224749136,0.40975297353744977,3582.226;2065.955;3597.928;2912.293;2642.323;667.478;3609.206;3.946;598.460;1420.537;2757.305;554.441;3295.582;3594.456;480.377;2131.021;48.809;1235.951;-1.792;3612.995;1382.530;3604.928;2880.316;3409.200;630.705;16.254;2220.257;13.255;3138.052;1132.423;2425.467;3600.542;1976.226;11.995;253.859;2288.153;1637.702;2381.498;1158.838;2373.843;1076.363;2225.669;2793.947;656.477;1127.619;1859.171;2784.479;749.221;1744.893;2434.029;3360.196;1080.288;2483.518;580.282;1526.593;127.695;3594.593;1750.636;3362.243;1507.262;3362.868;1027.051;921.866;2129.421;3102.973;3514.318;2139.339;12.053;2054.893;805.929;2746.670;3556.667;1714.537;2331.758;-8.302;1928.396;482.116;2273.797;1227.292;2801.700;-2.169;74.179;2726.966;1904.668;2016.919;3359.819;1554.978;2841.567;1833.615;3277.425;2910.390;462.324;1008.820;3141.517;789.737;525.506;1755.654;1570.971;2605.956;1442.188,822.342;1383.467;1519.331;3454.999;3605.359;1981.123;18.161;2450.450;2218.224;2980.653;1311.892;9.930;2057.726;486.114;2745.737;3098.654;1632.414;3606.508;583.812;3605.392;1766.258;2535.158;2658.549;3582.233;3595.418;-0.713;-14.227;1950.895;9.978;2317.510;1920.179;2139.471;1642.149;894.900;3427.026;2406.231;-7.769;415.345;2051.296;746.431;1374.834;2854.486;1493.825;3405.571;2751.874;2077.564;402.161;1742.582;2864.606;3556.326;324.400;314.575;2587.611;3146.380;183.732;2881.114;2810.814;2582.706;1119.939;1486.536;1357.045;3027.764;894.418;1183.855;3562.279;3304.523;3607.969;3243.389;206.836;118.617;1738.376;3110.550;3210.266;2187.173;3601.300;546.414;467.179;957.376;1070.019;991.308;235.634;1314.212;-8.015;1879.804;3297.829;1779.517;2336.218;2223.098;3598.689;2556.895;2946.534;924.469;3440.521;583.076;1197.259;2459.194;912.969;3516.576;3127.379;464.426
126,227.58535385131836,125,-555.0189922156617,555.0189922156617,0.4028048555682192,3584.305;2054.938;3608.479;2906.254;2653.725;656.750;3600.743;-2.843;608.861;1408.801;2758.464;547.056;3303.807;3595.047;488.221;2140.596;39.830;1244.583;1.761;3602.072;1389.842;3595.354;2892.333;3419.517;623.690;26.555;2232.118;8.934;3148.871;1131.025;2413.636;3609.368;1987.634;3.160;242.044;2289.814;1626.098;2377.559;1167.579;2366.178;1082.612;2213.788;2793.641;647.078;1116.775;1853.991;2775.677;737.552;1755.312;2422.851;3370.051;1070.018;2476.206;582.204;1525.090;117.976;3602.943;1760.411;3353.966;1496.937;3368.459;1035.769;911.819;2129.757;3114.040;3503.871;2149.410;19.897;2044.485;816.902;2754.394;3544.841;1703.771;2335.442;3.270;1934.294;482.175;2269.719;1225.768;2799.940;-11.580;81.586;2732.597;1897.877;2025.349;3347.890;1562.382;2835.228;1841.380;3267.152;2916.310;453.616;1006.447;3140.179;797.352;531.006;1764.633;1582.805;2617.655;1448.272,816.903;1390.292;1531.130;3443.197;3608.484;1992.415;29.175;2438.727;2229.500;2971.232;1304.720;21.704;2046.459;483.758;2756.729;3100.356;1642.928;3596.708;594.797;3612.694;1775.362;2541.892;2646.992;3591.221;3586.100;-9.106;-2.602;1960.750;-1.484;2313.906;1931.254;2150.888;1650.971;892.111;3415.303;2405.274;3.089;409.215;2044.253;734.914;1368.437;2863.215;1495.910;3416.717;2757.330;2076.627;414.049;1731.484;2854.000;3546.343;312.663;325.706;2599.560;3134.423;180.669;2869.778;2805.979;2572.891;1127.359;1496.983;1347.482;3024.124;883.170;1189.255;3560.745;3294.616;3601.908;3235.495;195.781;106.640;1726.682;3111.026;3198.900;2198.763;3612.522;538.058;455.302;947.790;1080.934;980.695;246.754;1320.354;2.243;1891.615;3309.666;1768.144;2341.473;2216.146;3604.309;2562.519;2934.700;928.150;3449.828;592.078;1186.469;2470.939;921.092;3504.987;3135.357;456.684
127,229.4689598083496,126,-554.7377680285545,554.7377680285545,0.35126656979695486,3572.926;2043.694;3598.170;2894.580;2665.647;664.812;3603.431;-12.777;598.435;1411.571;2747.332;535.591;3296.742;3606.525;477.367;2152.398;51.156;1256.404;-9.565;3608.088;1389.975;3584.993;2903.258;3410.420;615.568;38.428;2242.665;-2.022;3147.487;1133.662;2407.607;3598.135;1993.160;-8.563;249.960;2297.130;1614.172;2389.060;1179.392;2354.411;1091.307;2203.096;2793.887;653.552;1104.981;1843.275;2786.540;726.204;1753.250;2429.321;3381.889;1059.893;2485.891;570.695;1536.503;106.952;3600.576;1771.505;3364.928;1507.282;3380.118;1047.122;899.984;2141.083;3115.368;3492.551;2138.104;27.748;2032.808;828.531;2744.017;3551.677;1692.823;2341.857;-5.418;1922.740;493.587;2266.555;1236.153;2811.527;0.012;92.775;2721.273;1886.861;2035.216;3338.060;1557.382;2844.183;1853.153;3274.791;2927.353;446.242;995.605;3132.003;794.946;542.226;1756.227;1587.265;2629.595;1455.525,828.394;1402.058;1543.069;3450.960;3605.644;2002.400;18.809;2443.718;2221.274;2960.048;1296.537;14.964;2035.570;495.074;2767.602;3108.197;1631.903;3586.058;585.599;3601.377;1764.261;2533.074;2635.208;3599.444;3595.676;1.969;7.529;1950.126;8.214;2325.037;1943.116;2141.187;1662.438;894.132;3425.991;2393.648;-8.300;420.560;2035.856;742.373;1377.786;2855.187;1486.820;3415.383;2751.259;2086.547;405.763;1736.876;2863.368;3542.280;304.459;337.574;2611.376;3141.476;178.800;2858.100;2816.040;2568.795;1136.422;1486.410;1347.864;3035.213;874.883;1177.909;3572.174;3305.194;3590.183;3223.696;184.193;105.309;1717.381;3099.456;3187.055;2210.548;3601.146;549.158;445.909;937.272;1092.849;972.042;258.677;1309.610;3.731;1903.567;3300.965;1756.457;2331.807;2204.498;3606.129;2574.253;2924.697;916.965;3450.166;581.749;1175.304;2473.884;932.641;3516.048;3124.432;449.952
128,231.16846919059753,127,-554.701857794526,554.701857794526,0.10872050476019923,3564.208;2050.418;3599.052;2901.913;2658.730;659.332;3592.751;-1.364;605.153;1418.977;2748.469;542.598;3289.642;3595.743;465.578;2143.325;46.836;1268.050;1.431;3599.056;1384.263;3595.985;2899.062;3398.647;603.985;49.610;2254.470;0.664;3137.386;1122.808;2405.986;3604.091;1983.090;2.171;239.502;2295.664;1603.543;2397.930;1190.025;2342.894;1080.088;2210.498;2803.499;665.216;1111.730;1852.227;2780.519;727.730;1742.043;2418.877;3393.757;1048.189;2475.509;580.426;1543.203;107.476;3589.243;1783.244;3376.023;1497.084;3379.852;1050.403;889.076;2149.031;3125.793;3495.674;2143.745;36.159;2035.215;830.677;2739.564;3562.431;1680.976;2346.388;-0.852;1916.842;489.068;2277.864;1227.418;2821.375;-3.412;85.586;2720.868;1893.117;2030.912;3327.121;1550.263;2855.771;1848.510;3267.166;2924.912;439.439;983.853;3142.945;804.993;534.653;1763.051;1576.077;2636.575;1459.848,817.830;1393.605;1553.469;3461.439;3594.281;2006.742;7.364;2438.408;2209.881;2968.893;1307.139;5.728;2045.259;506.779;2760.256;3119.925;1620.231;3592.353;596.584;3601.586;1753.465;2543.737;2623.731;3593.309;3587.350;1.744;4.432;1956.386;-1.825;2336.673;1936.719;2138.893;1654.167;905.690;3437.810;2395.159;2.070;428.209;2028.272;731.393;1384.784;2844.102;1497.809;3410.142;2739.573;2096.850;407.489;1748.015;2853.446;3545.256;292.855;331.211;2621.364;3153.156;190.252;2866.332;2827.860;2557.973;1125.579;1494.959;1336.359;3027.060;863.157;1187.417;3579.265;3300.527;3598.431;3211.860;172.320;93.950;1726.769;3087.573;3180.876;2222.303;3602.771;561.003;434.555;925.568;1099.646;960.867;265.579;1319.713;-3.899;1902.305;3308.434;1746.289;2320.160;2192.605;3594.614;2571.135;2929.612;905.319;3461.456;571.739;1184.891;2478.658;939.706;3518.191;3120.994;443.308
129,233.00658178329468,128,-555.1358480955414,555.1358480955414,0.4985128439204173,3552.683;2062.054;3608.669;2899.422;2648.237;670.718;3600.040;0.716;594.739;1409.969;2737.089;554.251;3278.157;3603.415;458.669;2132.796;35.562;1261.031;-3.485;3609.666;1372.661;3606.193;2910.005;3390.741;592.554;61.408;2243.514;-10.813;3147.027;1131.138;2417.466;3615.242;1971.552;-5.904;227.777;2284.746;1613.119;2409.612;1200.718;2349.575;1089.768;2220.803;2815.241;677.005;1103.316;1840.978;2791.401;721.303;1748.191;2429.505;3390.991;1042.720;2464.560;569.824;1532.784;114.414;3598.395;1786.975;3387.691;1485.682;3374.812;1040.575;878.038;2160.657;3136.931;3484.441;2149.398;47.775;2039.423;837.960;2745.720;3551.152;1669.806;2336.670;-10.460;1905.286;480.393;2267.096;1238.685;2833.091;6.126;97.004;2709.429;1904.713;2026.338;3338.048;1550.244;2844.568;1859.640;3255.496;2936.407;427.814;989.457;3137.827;796.620;525.352;1754.985;1582.360;2648.221;1452.669,821.904;1398.035;1546.348;3471.843;3604.878;2018.324;-3.918;2449.561;2198.188;2977.986;1318.748;-5.159;2039.731;518.556;2768.118;3112.203;1610.493;3583.990;608.156;3610.111;1742.344;2535.555;2611.933;3581.681;3584.437;6.802;-6.128;1952.553;-13.505;2348.437;1935.433;2149.564;1665.140;917.517;3447.783;2394.948;4.131;436.664;2016.607;719.981;1373.385;2832.597;1501.505;3398.708;2745.350;2086.177;396.159;1759.616;2863.261;3556.703;291.005;334.528;2633.040;3149.446;190.423;2861.147;2828.302;2568.837;1113.909;1485.865;1326.429;3020.053;870.717;1187.849;3590.894;3291.509;3588.045;3202.508;181.008;82.491;1738.252;3079.261;3170.190;2221.092;3611.950;567.459;424.173;930.247;1110.769;951.545;254.303;1328.187;6.910;1911.048;3319.538;1756.700;2308.412;2182.319;3599.379;2581.336;2919.210;893.510;3464.784;572.293;1177.244;2467.289;951.325;3529.564;3110.042;432.703
130,234.8751790523529,129,-555.0777317908612,555.0777317908612,0.2706179151605464,3541.835;2073.829;3597.354;2888.497;2657.170;660.403;3606.694;-8.464;605.449;1398.416;2744.506;547.928;3289.127;3597.784;468.531;2125.390;35.991;1265.987;-5.077;3601.019;1360.944;3595.373;2920.753;3379.125;603.112;57.901;2238.710;0.049;3157.669;1141.632;2409.391;3604.135;1959.802;3.779;231.819;2295.523;1602.053;2418.797;1212.339;2338.490;1101.322;2213.095;2805.137;666.360;1093.173;1849.842;2787.251;710.771;1749.212;2418.356;3400.294;1031.172;2452.842;575.391;1543.834;106.321;3596.200;1798.073;3399.407;1474.003;3384.766;1049.768;866.903;2150.086;3144.995;3486.879;2144.228;59.519;2028.063;827.653;2756.874;3558.645;1678.474;2325.204;0.405;1914.120;468.841;2277.072;1237.534;2824.351;16.394;87.863;2707.544;1895.248;2014.846;3338.328;1538.775;2853.686;1871.367;3247.300;2945.409;434.144;1000.563;3127.228;785.104;513.686;1743.471;1571.122;2659.676;1463.985,810.563;1409.564;1535.281;3483.528;3594.614;2007.774;-5.296;2460.791;2209.122;2973.557;1329.280;4.633;2028.216;515.386;2759.432;3100.603;1621.408;3595.093;615.437;3598.870;1730.607;2537.528;2618.533;3592.386;3595.862;-3.486;4.308;1941.035;-2.326;2348.853;1924.243;2161.243;1676.855;920.159;3439.393;2383.535;-7.136;447.235;2020.120;722.174;1367.259;2835.099;1512.556;3408.743;2747.351;2096.458;390.194;1749.918;2872.571;3568.463;301.415;344.852;2625.077;3138.011;201.744;2870.675;2821.676;2580.462;1123.952;1474.361;1314.939;3028.614;877.370;1176.452;3602.657;3279.855;3583.331;3193.381;192.284;89.643;1749.705;3087.401;3158.464;2212.463;3601.023;557.044;435.428;941.702;1099.656;939.891;242.617;1339.434;-1.981;1902.433;3331.278;1747.718;2313.146;2171.058;3610.046;2585.857;2915.101;884.356;3453.465;583.577;1188.062;2455.844;952.177;3539.729;3098.300;421.031
131,236.7651400566101,130,-554.9716162217355,554.9716162217355,0.2565059499332794,3551.843;2079.025;3603.371;2887.880;2668.684;670.332;3595.503;2.416;598.435;1408.595;2750.859;536.720;3300.742;3595.826;480.017;2136.543;46.855;1254.988;6.237;3605.339;1358.024;3598.350;2931.983;3369.223;592.586;46.488;2235.640;8.130;3146.673;1131.302;2417.440;3594.382;1948.192;0.392;242.655;2306.381;1600.492;2423.245;1202.804;2333.076;1092.538;2223.814;2795.410;673.405;1091.525;1860.868;2797.724;699.149;1760.639;2408.412;3392.165;1024.394;2442.105;566.259;1548.075;94.833;3584.853;1787.135;3390.294;1484.411;3396.328;1052.602;855.212;2147.366;3135.961;3497.595;2155.316;60.520;2036.838;816.001;2768.530;3569.086;1680.220;2314.282;-2.678;1905.310;457.221;2285.066;1246.830;2817.179;28.024;76.439;2717.154;1883.651;2003.250;3327.173;1528.486;2854.073;1868.167;3255.811;2937.769;445.093;1012.228;3138.200;774.874;502.037;1731.761;1573.512;2660.285;1475.516,816.673;1415.263;1539.431;3472.574;3602.779;2013.554;5.829;2468.180;2203.198;2968.521;1338.546;-2.914;2019.665;504.788;2770.041;3103.024;1632.779;3598.512;621.412;3600.182;1719.822;2528.405;2614.648;3599.404;3604.662;-14.458;5.157;1931.746;3.880;2359.464;1935.354;2168.944;1672.695;931.223;3432.924;2392.556;-4.382;458.840;2015.814;717.271;1356.018;2823.964;1503.195;3403.898;2757.480;2107.432;399.911;1756.541;2884.165;3579.528;290.896;353.845;2635.396;3126.657;200.195;2878.353;2832.436;2574.993;1121.130;1475.091;1323.875;3018.647;866.838;1176.268;3604.360;3276.715;3592.447;3201.457;185.896;100.568;1739.058;3078.071;3158.303;2201.879;3599.022;547.061;437.847;947.948;1099.704;928.691;240.869;1328.541;5.902;1890.850;3330.480;1737.407;2302.413;2159.379;3599.068;2575.133;2926.127;873.617;3458.662;594.392;1186.519;2444.378;963.486;3551.364;3089.197;410.068
132,238.47773361206055,131,-554.944095458761,554.944095458761,0.3394006491943432,3542.677;2070.457;3594.115;2878.545;2679.295;664.425;3596.200;0.973;587.315;1400.483;2740.361;546.570;3295.492;3606.762;472.238;2148.041;36.985;1265.919;-0.997;3595.637;1348.742;3608.775;2924.506;3379.145;593.989;46.755;2224.529;0.284;3152.349;1142.014;2424.285;3592.864;1954.659;3.125;254.142;2303.630;1608.244;2413.879;1195.689;2343.693;1081.427;2213.235;2804.605;665.972;1080.455;1865.403;2794.339;708.529;1752.083;2406.489;3380.682;1012.933;2451.303;555.213;1541.579;101.350;3595.150;1776.079;3384.586;1490.005;3407.970;1041.388;863.398;2155.210;3146.435;3497.295;2164.769;49.889;2026.518;806.590;2758.661;3564.797;1691.536;2325.449;-12.232;1912.289;445.615;2277.006;1258.369;2828.000;26.377;82.959;2717.944;1878.654;1995.377;3329.834;1536.272;2846.006;1857.783;3244.998;2948.127;445.804;1002.692;3149.655;784.803;510.916;1736.041;1583.376;2649.499;1481.247,817.407;1423.462;1550.831;3477.607;3593.766;2018.685;-0.163;2475.964;2193.411;2979.077;1327.688;-11.450;2029.365;512.275;2760.951;3097.121;1636.983;3589.033;617.091;3593.009;1714.067;2517.215;2622.222;3608.706;3595.503;-3.258;1.192;1940.823;-4.728;2360.475;1936.309;2173.639;1672.337;941.326;3443.739;2384.908;-2.821;448.031;2006.658;719.552;1344.439;2819.226;1512.967;3414.862;2768.995;2098.493;409.037;1747.039;2889.445;3573.322;279.767;343.793;2632.126;3119.133;190.262;2868.649;2821.915;2584.456;1110.990;1486.227;1313.523;3007.477;857.641;1165.975;3606.153;3270.091;3603.945;3191.769;196.183;97.836;1727.928;3067.646;3147.509;2212.915;3602.666;556.594;447.959;957.656;1100.200;939.052;240.943;1337.282;5.320;1899.933;3323.368;1726.074;2305.446;2148.402;3599.069;2580.534;2920.416;862.886;3469.072;584.377;1196.646;2443.888;962.851;3561.463;3095.945;399.594
133,240.3268404006958,132,-555.2316555600642,555.2316555600642,0.39193938274518797,3531.375;2059.032;3596.276;2867.175;2673.422;653.853;3607.183;-9.439;595.531;1410.421;2728.848;556.424;3285.204;3605.542;460.803;2141.679;25.556;1264.897;0.017;3605.742;1337.459;3598.205;2935.551;3389.141;584.963;57.079;2213.047;-10.638;3143.320;1151.901;2429.598;3603.663;1966.050;-7.896;265.220;2292.320;1619.226;2424.210;1206.463;2353.101;1071.927;2222.380;2816.086;668.326;1069.291;1854.483;2804.445;719.058;1747.672;2417.544;3389.209;1022.453;2441.758;565.989;1539.533;111.337;3605.841;1785.032;3384.411;1480.700;3412.666;1032.442;874.845;2166.647;3157.962;3486.153;2155.551;38.354;2033.129;795.395;2747.177;3560.875;1693.897;2336.110;-1.480;1902.612;452.560;2265.640;1257.064;2829.827;15.108;87.582;2706.704;1889.097;2004.488;3340.620;1525.797;2856.559;1850.208;3248.806;2938.782;435.549;991.943;3152.524;774.215;505.772;1746.851;1573.274;2638.409;1470.123,806.453;1414.154;1543.254;3485.948;3602.410;2008.789;8.301;2465.302;2202.151;2990.580;1316.129;-0.199;2035.923;523.392;2768.413;3086.226;1628.642;3577.587;606.161;3582.575;1724.453;2505.649;2632.117;3611.045;3595.435;-1.737;-10.013;1948.178;4.787;2356.030;1933.021;2162.833;1683.168;952.758;3447.469;2373.909;7.025;437.251;2015.201;730.848;1343.008;2830.372;1524.366;3414.022;2765.697;2104.371;398.745;1735.581;2899.954;3580.630;268.267;332.321;2620.799;3116.460;199.276;2858.095;2812.715;2594.187;1099.465;1491.220;1323.095;2996.621;867.905;1155.167;3594.894;3270.907;3600.198;3202.524;206.289;86.565;1718.625;3056.976;3155.236;2205.686;3592.047;567.691;439.599;946.769;1091.458;938.377;230.262;1347.572;-5.829;1908.881;3313.338;1720.444;2316.388;2156.260;3609.002;2591.682;2931.535;852.071;3479.525;586.207;1206.964;2454.515;972.526;3560.754;3085.632;398.591
134,242.2027416229248,133,-555.1668176617762,555.1668176617762,0.15999430293471043,3524.359;2052.107;3588.059;2855.925;2683.782;643.846;3597.380;0.792;588.033;1407.108;2728.449;546.925;3276.242;3594.299;451.314;2148.320;14.157;1265.816;4.294;3598.685;1326.019;3599.418;2945.960;3397.558;587.214;68.327;2203.640;-0.148;3153.870;1158.801;2439.353;3599.242;1972.469;1.945;255.482;2281.178;1610.118;2433.594;1217.316;2344.792;1078.142;2213.845;2821.798;657.620;1059.030;1844.118;2815.906;728.181;1751.421;2411.874;3399.975;1015.252;2452.121;566.614;1550.555;122.205;3595.805;1794.023;3395.213;1488.555;3423.544;1021.100;881.563;2175.308;3150.031;3493.498;2161.543;33.610;2025.786;805.893;2740.917;3553.455;1683.370;2346.730;0.284;1907.857;442.657;2254.341;1246.041;2820.909;11.391;98.542;2696.242;1899.402;1994.415;3351.820;1535.110;2848.581;1861.046;3243.908;2928.129;424.080;999.590;3143.279;774.689;515.234;1757.013;1563.206;2644.176;1469.237,812.698;1403.678;1552.508;3475.924;3601.996;2011.015;4.351;2456.149;2206.486;2980.567;1305.127;-0.270;2026.439;534.894;2759.310;3087.643;1624.947;3571.092;594.685;3591.979;1733.600;2515.337;2628.034;3599.825;3606.468;-7.542;0.719;1937.388;-3.600;2344.802;1927.699;2171.604;1674.948;948.449;3436.524;2383.935;-3.677;446.160;2026.534;722.060;1354.008;2824.015;1526.010;3425.054;2772.688;2111.448;387.349;1724.996;2893.849;3591.987;265.629;341.329;2616.351;3127.282;189.132;2846.608;2822.423;2605.189;1094.626;1499.172;1316.211;3001.519;876.874;1164.288;3598.034;3270.895;3589.149;3193.908;217.248;89.031;1711.823;3045.500;3148.724;2194.401;3596.273;563.250;439.755;950.133;1083.989;948.503;218.818;1340.240;3.648;1905.749;3323.896;1731.135;2319.200;2146.974;3598.403;2599.127;2927.143;857.241;3470.616;597.008;1196.253;2455.626;968.621;3571.889;3096.208;387.638
135,244.10670113563538,134,-555.6567782058647,555.6567782058647,0.38643280848545103,3535.114;2062.281;3579.423;2844.537;2695.200;652.993;3600.141;0.983;576.974;1395.931;2739.313;535.544;3285.194;3596.013;461.156;2158.428;17.619;1276.865;-5.566;3609.100;1327.875;3609.623;2944.744;3387.580;576.748;70.517;2192.262;-1.155;3161.308;1170.059;2449.365;3607.779;1969.052;-5.471;244.299;2287.731;1618.586;2444.858;1212.237;2350.594;1068.488;2204.682;2829.861;663.804;1047.618;1836.762;2808.382;719.509;1761.471;2414.554;3392.680;1016.960;2445.418;564.480;1542.763;111.554;3598.098;1784.253;3390.543;1478.979;3429.407;1010.318;883.062;2184.125;3139.606;3502.844;2153.597;41.756;2033.139;816.828;2730.705;3564.454;1691.980;2355.080;6.182;1897.961;431.263;2250.587;1253.896;2809.556;12.023;88.828;2698.840;1892.512;1988.965;3363.275;1545.385;2853.568;1855.909;3232.671;2918.405;434.130;991.073;3142.972;779.137;507.597;1758.383;1572.487;2655.432;1459.081,822.611;1399.736;1549.342;3465.019;3613.091;2022.190;-6.515;2466.918;2203.172;2972.105;1314.345;-3.317;2017.055;546.229;2750.367;3098.811;1635.985;3563.655;605.630;3603.351;1724.115;2526.719;2616.830;3589.559;3612.198;2.972;-1.648;1942.310;-2.617;2334.105;1916.454;2179.477;1682.232;937.247;3425.353;2377.659;4.895;436.305;2016.213;710.746;1363.012;2834.736;1537.154;3430.783;2783.051;2100.981;397.035;1730.232;2882.775;3589.429;276.525;352.559;2624.983;3135.376;178.315;2847.828;2813.976;2615.784;1083.507;1488.102;1304.974;3010.129;869.815;1175.647;3587.992;3259.715;3597.154;3182.601;218.113;78.240;1700.619;3034.561;3137.462;2183.277;3607.494;552.175;428.617;961.110;1072.828;938.720;207.561;1329.935;-2.315;1897.319;3329.768;1742.199;2330.400;2153.965;3588.742;2610.390;2916.375;868.468;3459.391;585.999;1185.433;2444.588;979.390;3582.935;3102.120;398.094
136,245.82208037376404,135,-555.7344377377642,555.7344377377642,0.3494500858157584,3534.801;2073.624;3590.218;2853.571;2687.192;642.820;3591.572;-8.389;585.347;1396.746;2743.220;541.831;3288.241;3603.444;471.713;2150.920;6.904;1270.095;4.815;3599.581;1338.972;3599.207;2933.760;3389.927;587.554;60.729;2180.855;0.375;3172.165;1167.933;2438.363;3597.581;1962.851;4.420;233.106;2296.925;1608.099;2456.176;1220.695;2344.645;1079.239;2193.507;2820.709;653.263;1038.980;1829.766;2799.314;710.283;1750.637;2425.639;3402.806;1027.295;2443.482;575.336;1552.386;102.230;3608.879;1782.572;3401.541;1467.655;3419.241;999.181;873.520;2173.302;3128.304;3514.159;2142.896;31.602;2044.381;824.119;2740.488;3563.456;1700.777;2365.986;-4.164;1906.720;425.426;2247.489;1243.994;2801.224;5.835;81.471;2689.968;1882.614;1998.749;3355.269;1554.039;2864.715;1865.950;3238.619;2908.025;434.998;982.761;3153.998;768.119;499.588;1747.453;1562.809;2664.633;1465.944,811.743;1410.435;1558.165;3455.293;3604.264;2014.625;4.184;2470.103;2214.066;2982.723;1316.980;3.843;2019.258;556.621;2739.150;3090.034;1646.909;3552.424;614.384;3613.210;1734.339;2519.849;2616.539;3582.607;3601.439;-4.926;-11.447;1931.620;1.572;2322.806;1923.512;2170.274;1693.424;943.884;3426.093;2367.163;-4.445;426.002;2009.664;717.724;1366.602;2843.358;1528.411;3421.901;2794.081;2109.947;407.553;1722.097;2871.391;3582.127;280.035;358.723;2631.660;3136.544;188.331;2858.950;2802.703;2624.946;1089.311;1478.230;1300.598;2999.192;880.715;1172.722;3580.085;3250.476;3608.162;3172.621;229.199;79.538;1711.376;3029.942;3128.761;2172.395;3598.601;559.248;419.166;960.154;1061.580;945.923;213.360;1340.638;-1.356;1907.923;3337.799;1732.788;2341.272;2158.096;3594.625;2621.577;2905.922;857.712;3466.763;579.679;1195.581;2454.152;968.781;3584.824;3099.608;405.946
137,247.695378780365,136,-556.0148081002576,556.0148081002576,0.3032519234420294,3532.817;2074.094;3582.068;2843.849;2696.622;644.833;3599.635;1.728;595.190;1386.951;2743.836;548.045;3299.142;3593.693;462.790;2142.211;12.794;1276.767;10.309;3608.952;1335.026;3606.905;2924.273;3379.103;582.579;66.434;2180.991;-10.402;3161.835;1156.894;2445.119;3605.864;1972.717;-4.915;235.926;2307.630;1614.588;2462.995;1210.188;2355.443;1072.524;2185.627;2829.219;663.496;1048.842;1818.906;2808.652;720.407;1758.979;2422.339;3413.706;1016.736;2440.346;565.342;1542.516;94.734;3598.236;1781.189;3411.052;1461.310;3425.291;988.039;883.679;2176.668;3138.231;3504.666;2147.628;23.528;2038.726;834.984;2742.328;3573.898;1692.410;2356.506;4.657;1917.469;434.924;2236.426;1252.052;2811.653;-5.311;89.526;2692.756;1892.700;2007.329;3358.301;1562.264;2875.404;1858.166;3233.990;2897.914;424.059;989.741;3163.710;774.711;510.186;1736.163;1572.828;2659.685;1473.378,808.108;1421.220;1568.914;3445.430;3601.998;2018.890;-2.115;2469.014;2205.172;2973.482;1307.131;3.072;2030.330;566.577;2743.703;3097.632;1643.065;3562.487;606.468;3603.448;1743.819;2515.583;2609.917;3584.530;3591.238;3.499;-0.850;1940.204;-8.964;2329.224;1934.178;2167.087;1688.959;954.005;3427.295;2355.866;3.057;435.096;2010.671;728.379;1355.979;2834.952;1523.858;3410.672;2805.392;2100.306;400.198;1732.569;2880.700;3571.049;269.241;359.343;2642.736;3125.518;191.962;2855.348;2800.747;2617.541;1085.249;1482.061;1290.532;3008.003;875.422;1177.983;3569.431;3255.333;3600.687;3182.103;236.805;70.048;1708.877;3040.827;3137.501;2181.242;3606.305;550.377;428.357;955.915;1057.472;946.350;203.558;1341.841;9.500;1897.955;3327.947;1738.284;2336.464;2147.143;3599.241;2615.984;2915.312;857.559;3477.727;583.800;1187.778;2444.368;960.627;3592.744;3110.042;417.095
138,249.58618807792664,137,-556.0238438686945,556.0238438686945,0.32218928877405284,3543.665;2071.300;3590.745;2839.747;2706.093;636.865;3610.217;-5.858;589.465;1375.771;2746.698;537.724;3308.881;3585.070;453.112;2152.604;23.869;1283.930;0.747;3599.848;1338.413;3599.010;2934.663;3385.505;582.881;56.763;2172.084;-0.521;3165.821;1156.526;2452.966;3598.360;1983.566;-8.748;226.521;2318.258;1607.869;2453.253;1212.181;2357.588;1062.501;2194.107;2839.800;664.437;1039.207;1826.910;2819.254;710.239;1748.492;2411.445;3403.975;1017.468;2431.583;572.308;1538.094;85.967;3597.374;1792.162;3422.063;1456.610;3414.733;995.334;877.504;2178.314;3140.019;3499.460;2137.140;33.808;2044.065;846.158;2731.749;3563.482;1703.009;2345.431;-5.135;1928.716;440.715;2227.956;1258.515;2805.431;5.221;100.433;2703.662;1902.462;2018.358;3350.614;1573.327;2874.009;1849.880;3244.669;2886.726;412.913;979.281;3173.821;785.358;521.151;1745.901;1577.903;2669.350;1464.847,809.821;1411.518;1558.829;3434.217;3595.799;2028.699;-12.169;2479.687;2206.226;2966.652;1301.574;-6.392;2026.633;557.171;2744.923;3107.235;1632.370;3571.209;603.005;3593.517;1748.437;2525.879;2620.173;3595.154;3598.711;2.971;-0.237;1930.924;1.477;2337.164;1945.107;2156.236;1692.664;950.562;3416.493;2363.254;-1.485;443.300;2006.353;726.081;1364.409;2843.279;1518.598;3402.643;2796.012;2090.114;389.165;1737.902;2877.264;3580.787;270.773;351.784;2633.784;3131.850;201.324;2845.960;2811.175;2628.180;1074.455;1475.087;1298.886;3018.729;864.399;1188.745;3578.594;3261.792;3590.238;3180.325;246.876;59.122;1699.900;3049.037;3148.669;2178.614;3603.848;541.776;438.728;957.965;1066.617;935.876;192.638;1344.135;4.134;1904.685;3336.820;1749.103;2329.435;2143.472;3608.737;2605.919;2905.654;863.882;3484.455;594.823;1179.903;2438.278;967.341;3599.533;3120.792;411.105
139,251.2938814163208,138,-556.3062242070368,556.3062242070368,0.3428968619214316,3549.703;2060.597;3601.504;2828.835;2717.173;647.041;3599.521;3.635;579.254;1376.825;2757.650;526.547;3319.923;3573.975;444.615;2156.025;34.806;1294.958;9.853;3602.511;1335.855;3606.796;2941.415;3393.354;572.028;67.274;2182.294;-8.049;3171.947;1146.074;2464.041;3608.675;1973.630;1.418;216.550;2307.530;1598.886;2454.316;1201.367;2368.469;1051.420;2204.781;2835.885;674.906;1046.498;1816.246;2830.424;713.340;1753.070;2400.525;3413.610;1006.886;2442.418;563.504;1544.127;75.003;3587.416;1787.294;3433.107;1466.819;3403.552;987.420;888.119;2167.626;3147.078;3488.851;2126.068;44.959;2033.875;857.337;2721.360;3558.151;1712.516;2353.657;0.057;1923.828;430.233;2233.427;1249.792;2798.439;12.568;94.512;2694.194;1913.587;2029.326;3349.210;1584.502;2863.514;1846.142;3249.518;2877.202;401.999;982.046;3184.785;796.514;531.564;1745.262;1587.676;2680.494;1474.025,820.717;1405.996;1551.156;3423.052;3604.546;2018.410;-1.543;2469.258;2216.971;2959.566;1290.766;4.443;2037.038;564.765;2755.719;3118.380;1621.905;3564.258;592.261;3590.427;1759.273;2536.926;2616.883;3588.871;3609.159;-7.571;-6.320;1936.740;-5.092;2348.222;1956.310;2148.374;1681.768;940.448;3411.030;2374.270;-12.088;451.123;2016.787;716.049;1375.503;2853.748;1529.144;3412.456;2785.743;2078.972;378.815;1729.857;2867.610;3591.920;265.427;361.176;2622.746;3142.833;212.459;2834.851;2822.127;2617.910;1063.390;1483.711;1307.394;3029.000;853.537;1199.848;3589.529;3272.806;3598.845;3173.198;257.170;47.987;1688.790;3060.060;3158.224;2186.270;3594.242;530.676;449.891;968.801;1077.509;924.701;181.437;1333.462;-4.767;1894.342;3347.709;1747.154;2318.570;2132.858;3598.019;2594.853;2896.697;874.910;3479.145;602.600;1168.825;2428.364;969.604;3589.283;3131.977;403.288
140,253.1454803943634,139,-556.1909153756098,556.1909153756098,0.2576576330669106,3540.824;2069.966;3592.114;2838.311;2710.999;649.451;3601.026;-1.766;578.768;1386.521;2749.656;521.208;3309.468;3583.564;433.838;2145.220;30.428;1306.093;0.129;3598.747;1325.034;3597.065;2951.813;3382.927;561.948;77.612;2181.639;1.990;3182.902;1135.323;2459.491;3600.736;1984.173;-6.933;226.637;2297.917;1609.363;2465.097;1196.039;2370.336;1055.404;2212.783;2846.558;678.941;1057.471;1817.922;2836.721;722.049;1757.938;2397.092;3405.120;1015.740;2453.025;553.041;1533.938;74.326;3590.768;1796.525;3443.380;1460.909;3402.621;976.426;899.172;2156.491;3136.381;3477.773;2132.652;35.908;2024.643;860.785;2726.275;3567.688;1708.201;2363.099;-2.121;1933.344;419.132;2244.360;1238.762;2800.773;5.734;104.723;2700.088;1908.683;2019.316;3359.981;1590.038;2870.586;1835.279;3257.267;2871.906;400.727;973.373;3175.650;793.247;522.445;1755.505;1595.039;2675.671;1463.342,831.601;1395.311;1560.483;3414.133;3594.173;2013.227;4.787;2464.331;2228.104;2969.178;1298.305;12.713;2048.069;554.428;2746.413;3114.351;1626.767;3553.287;594.295;3597.551;1770.414;2531.608;2626.410;3597.874;3613.171;2.336;4.017;1926.433;2.758;2353.911;1965.443;2154.051;1670.732;950.626;3400.093;2384.344;-1.908;462.133;2027.448;704.985;1374.836;2856.478;1531.961;3423.420;2774.635;2075.807;367.868;1718.864;2856.761;3590.051;274.852;350.595;2613.690;3150.146;204.396;2828.743;2820.155;2606.807;1052.425;1493.754;1310.682;3040.101;842.467;1210.711;3600.674;3269.671;3609.766;3183.842;248.995;45.990;1680.321;3059.522;3167.397;2187.939;3602.247;519.529;459.834;979.920;1088.649;934.180;172.331;1324.986;5.972;1883.788;3358.834;1757.028;2307.432;2141.506;3590.567;2587.882;2906.069;875.745;3489.579;611.375;1162.136;2419.919;958.768;3599.820;3141.304;413.924
141,255.0261037349701,140,-556.4517535889815,556.4517535889815,0.4270844825014512,3537.066;2062.692;3599.448;2846.000;2720.941;659.716;3606.689;7.398;568.022;1377.264;2741.641;511.738;3302.377;3583.282;423.549;2150.866;38.968;1312.036;-7.298;3609.372;1334.944;3600.910;2948.459;3377.124;552.124;69.783;2189.999;5.210;3182.143;1125.052;2451.858;3608.105;1983.531;3.288;226.388;2296.115;1614.584;2473.664;1185.754;2380.998;1060.518;2223.410;2844.524;687.534;1061.336;1807.958;2847.400;712.299;1765.532;2386.320;3410.620;1017.558;2445.895;542.579;1523.222;64.456;3586.481;1804.532;3439.332;1450.065;3407.760;980.142;907.696;2149.860;3126.150;3466.724;2135.575;27.062;2013.640;858.540;2737.075;3576.607;1717.785;2355.230;-7.561;1926.373;425.778;2249.389;1247.014;2811.578;11.513;99.106;2689.723;1915.798;2008.325;3370.677;1599.895;2881.432;1844.445;3267.229;2870.952;390.307;983.548;3184.779;783.032;525.878;1751.137;1586.607;2685.798;1463.591,840.606;1384.256;1559.046;3403.140;3602.481;2023.635;13.976;2453.484;2230.516;2959.097;1309.112;11.266;2049.590;543.736;2735.506;3120.568;1616.032;3560.168;604.211;3608.472;1769.745;2520.792;2637.419;3608.780;3602.535;-6.888;-3.489;1915.600;-7.007;2362.737;1976.433;2143.430;1661.022;961.666;3390.009;2392.149;-7.968;471.575;2038.517;694.719;1365.536;2867.148;1521.662;3423.890;2769.959;2083.177;370.654;1718.968;2845.687;3583.162;264.696;339.694;2606.289;3161.083;199.256;2839.009;2827.845;2596.453;1060.652;1504.722;1321.443;3050.766;837.727;1221.781;3605.908;3278.401;3615.590;3183.976;259.402;36.211;1669.962;3066.543;3178.303;2198.422;3592.361;522.120;470.488;970.303;1079.818;944.403;171.793;1329.042;1.451;1872.863;3352.030;1746.877;2314.390;2146.715;3596.886;2593.205;2897.964;865.157;3480.606;615.538;1172.348;2427.842;948.452;3596.038;3152.067;424.649
142,256.7266757488251,141,-555.8644677288784,555.8644677288784,0.19415379667599034,3547.684;2051.822;3589.311;2838.272;2729.589;670.686;3596.405;13.425;557.016;1380.470;2751.132;501.220;3310.860;3574.290;418.111;2143.004;49.476;1305.191;3.311;3599.973;1327.066;3606.716;2958.201;3387.097;543.174;76.558;2197.639;11.459;3192.740;1129.102;2461.965;3598.256;1987.777;-0.283;236.056;2292.163;1625.314;2484.572;1175.450;2376.001;1053.238;2234.385;2851.538;693.380;1070.027;1799.828;2838.762;701.410;1776.083;2384.562;3401.004;1007.145;2435.426;533.091;1512.211;53.504;3596.143;1794.041;3429.188;1456.954;3418.425;970.192;918.607;2142.358;3131.954;3466.609;2136.096;16.140;2022.533;865.895;2741.641;3583.865;1717.860;2344.335;3.161;1935.140;428.026;2253.955;1242.775;2803.055;5.011;88.281;2699.462;1925.746;2014.258;3381.579;1610.801;2892.452;1852.845;3256.673;2881.605;379.632;991.407;3181.335;773.264;536.569;1761.134;1575.711;2679.418;1465.415,851.403;1374.438;1548.366;3405.326;3594.112;2034.481;6.825;2448.579;2223.519;2966.718;1305.566;16.520;2059.610;547.933;2725.934;3128.190;1605.635;3569.805;594.403;3599.380;1776.006;2528.573;2631.296;3598.501;3602.884;1.909;2.643;1905.025;-1.603;2373.214;1985.971;2134.184;1665.303;958.953;3379.223;2383.006;2.316;471.330;2032.710;684.163;1369.996;2871.215;1525.140;3413.425;2759.567;2073.742;369.059;1712.448;2852.389;3593.588;266.935;329.086;2616.325;3156.693;202.702;2846.399;2817.749;2604.129;1051.711;1514.002;1311.058;3060.273;837.270;1225.722;3597.020;3269.625;3604.919;3194.505;265.969;25.311;1659.427;3077.408;3170.109;2188.034;3602.556;526.467;478.300;974.973;1085.049;955.062;182.355;1318.499;-7.143;1871.546;3361.165;1756.386;2308.690;2137.210;3607.248;2583.001;2900.874;869.610;3484.461;605.084;1168.226;2417.325;947.023;3593.471;3148.401;417.837
143,258.56646370887756,142,-556.2119640082611,556.2119640082611,0.25589651208090863,3538.052;2057.708;3599.107;2848.320;2740.414;661.516;3601.507;23.183;566.028;1369.841;2756.091;510.511;3302.212;3584.732;428.654;2132.640;45.576;1309.580;0.253;3592.680;1325.102;3597.734;2967.165;3387.905;532.304;66.070;2187.195;6.980;3192.723;1139.525;2452.180;3607.390;1978.549;-8.627;246.799;2281.444;1615.729;2479.023;1184.659;2386.403;1042.428;2229.268;2862.338;704.117;1060.556;1809.875;2830.955;694.831;1785.913;2391.875;3390.122;996.249;2445.686;522.223;1520.082;43.234;3587.511;1803.308;3439.378;1447.011;3408.423;976.846;915.598;2138.544;3121.480;3477.234;2128.384;17.140;2013.503;876.646;2731.295;3573.579;1727.822;2345.610;-2.758;1945.042;438.501;2263.824;1232.345;2808.529;15.496;85.976;2709.722;1935.840;2013.177;3371.322;1600.630;2898.559;1862.570;3256.487;2892.378;376.392;983.012;3171.866;782.906;526.648;1772.053;1575.953;2668.633;1455.493,856.644;1384.102;1546.150;3394.867;3603.418;2026.906;11.596;2437.969;2212.763;2969.875;1294.844;14.859;2051.379;537.785;2734.325;3117.874;1604.682;3561.911;583.499;3607.524;1765.776;2519.008;2641.427;3603.149;3596.573;-6.749;5.341;1894.212;7.908;2384.139;1978.234;2123.468;1656.213;948.882;3387.259;2393.002;-5.577;460.655;2043.103;687.078;1380.734;2861.066;1535.749;3405.689;2749.636;2082.817;371.252;1701.895;2853.390;3602.593;257.890;337.279;2606.330;3165.821;213.414;2836.420;2828.002;2598.057;1060.113;1520.237;1318.879;3058.845;829.116;1215.819;3605.493;3265.615;3599.510;3186.029;276.760;17.675;1663.284;3068.630;3159.406;2194.965;3596.207;537.163;488.468;964.792;1078.893;964.880;186.297;1314.298;1.886;1862.306;3368.601;1747.533;2318.786;2147.510;3599.365;2572.339;2911.447;863.694;3495.187;614.814;1176.090;2407.714;954.133;3587.386;3158.857;409.186
144,260.43173575401306,143,-556.7519106840791,556.7519106840791,0.32276486164068885,3528.749;2067.082;3598.527;2841.850;2750.029;653.829;3596.751;14.936;576.530;1377.172;2746.853;520.775;3291.534;3594.792;422.967;2121.771;35.451;1299.067;-9.872;3602.316;1316.065;3607.665;2977.914;3377.300;537.877;75.367;2186.608;-3.668;3183.418;1149.815;2442.541;3597.680;1987.799;1.773;251.629;2271.150;1619.461;2487.898;1195.334;2382.438;1049.401;2229.119;2854.029;705.744;1053.571;1801.367;2820.207;684.747;1796.760;2402.355;3390.560;1002.662;2450.007;512.875;1530.785;34.966;3596.911;1806.388;3445.890;1449.604;3400.667;966.493;905.776;2149.063;3116.830;3486.979;2117.767;6.916;2023.558;879.637;2738.557;3576.630;1717.355;2356.169;6.201;1934.532;448.222;2259.588;1221.686;2819.159;5.432;83.052;2701.954;1925.921;2023.186;3379.796;1603.845;2890.469;1864.801;3249.930;2882.975;365.928;993.352;3182.086;786.289;516.027;1767.893;1567.870;2669.944;1444.686,856.503;1379.122;1535.550;3391.631;3598.307;2036.484;1.158;2446.688;2208.660;2964.999;1304.186;11.413;2040.603;546.934;2733.958;3108.926;1594.435;3571.106;578.303;3604.245;1755.321;2527.773;2638.974;3593.151;3586.041;2.303;-5.000;1884.186;-1.455;2376.680;1981.678;2133.398;1652.220;945.001;3386.243;2394.616;1.507;462.187;2038.580;676.677;1384.816;2850.218;1545.684;3395.297;2739.104;2076.089;375.143;1698.123;2863.988;3613.047;247.713;327.663;2599.779;3156.317;203.986;2832.426;2825.152;2607.587;1070.708;1511.487;1309.971;3049.664;818.334;1205.680;3595.334;3276.111;3600.230;3195.698;286.828;7.235;1672.150;3074.655;3168.600;2205.618;3605.413;530.400;499.250;962.772;1069.745;954.697;196.656;1303.978;-5.312;1871.349;3361.345;1756.511;2315.506;2147.669;3608.841;2561.558;2903.847;873.257;3488.350;608.586;1170.362;2408.321;964.880;3597.880;3151.451;419.207
145,262.32541728019714,144,-557.2116672647144,557.2116672647144,0.33029984794699685,3521.260;2077.263;3608.506;2848.324;2760.812;643.127;3606.800;4.331;586.968;1369.290;2756.813;517.408;3297.815;3599.196;412.419;2129.454;43.319;1291.939;-0.429;3598.252;1326.277;3599.038;2980.096;3379.423;546.668;72.667;2191.312;5.741;3172.720;1140.931;2448.279;3595.550;1982.056;-1.368;241.506;2262.434;1609.760;2488.855;1205.341;2373.420;1039.378;2239.196;2843.575;715.966;1063.194;1807.208;2829.382;694.715;1786.915;2392.811;3400.902;995.753;2459.893;506.306;1530.915;44.489;3604.646;1816.453;3453.826;1439.486;3393.005;968.107;895.101;2156.371;3115.740;3497.176;2107.063;5.865;2018.730;889.969;2728.984;3566.172;1720.844;2353.991;-2.631;1928.210;459.004;2269.911;1217.755;2818.961;10.324;84.435;2693.920;1927.629;2033.963;3380.310;1594.941;2879.760;1854.319;3259.045;2876.782;357.070;988.989;3173.424;795.937;521.486;1759.779;1571.077;2659.989;1452.091,851.850;1369.379;1524.894;3382.549;3600.418;2029.042;-3.893;2444.203;2218.287;2975.012;1298.193;0.817;2030.249;541.800;2723.616;3098.211;1584.967;3561.822;587.359;3614.502;1744.552;2526.253;2649.015;3584.388;3596.165;-3.828;4.664;1888.833;5.945;2385.362;1990.888;2140.159;1649.146;955.267;3376.152;2405.080;-5.208;468.126;2044.673;666.960;1393.307;2857.339;1542.634;3384.486;2729.201;2071.017;364.995;1688.146;2857.876;3604.002;236.908;328.998;2589.123;3165.664;193.215;2842.565;2829.911;2601.670;1080.992;1519.875;1318.445;3040.243;813.675;1195.469;3591.511;3270.905;3609.423;3196.988;287.148;1.938;1682.500;3075.011;3166.915;2208.130;3597.561;540.247;490.414;954.391;1059.033;955.349;189.319;1303.714;4.441;1868.386;3366.588;1760.986;2324.764;2157.529;3599.553;2551.703;2897.552;864.408;3483.424;613.758;1180.667;2399.116;960.832;3605.437;3160.699;429.771
146,264.035395860672,145,-557.3005229160924,557.3005229160924,0.4705601077001458,3510.694;2067.591;3600.383;2858.868;2764.383;636.399;3597.383;13.577;580.262;1358.921;2749.306;527.659;3289.724;3609.396;418.007;2125.877;33.914;1297.930;3.604;3608.240;1329.717;3608.884;2971.685;3388.870;536.778;69.190;2180.960;-3.741;3162.077;1130.422;2457.410;3600.055;1991.735;-1.129;231.656;2253.561;1613.394;2499.143;1216.006;2379.909;1036.392;2247.830;2852.615;722.035;1073.844;1797.569;2839.985;705.433;1795.010;2382.215;3401.794;992.913;2470.439;495.750;1532.434;38.596;3597.082;1821.191;3464.392;1433.194;3382.421;958.632;903.252;2164.011;3105.346;3490.730;2113.522;8.342;2012.973;885.929;2720.919;3556.151;1711.315;2344.495;4.934;1922.430;451.006;2280.594;1209.394;2824.324;10.235;94.947;2684.681;1937.375;2034.279;3381.529;1584.490;2887.247;1860.512;3269.268;2872.630;346.667;998.928;3179.848;785.761;530.173;1749.201;1560.865;2649.433;1448.361,862.232;1379.321;1519.481;3372.210;3610.735;2018.587;6.467;2433.702;2216.659;2982.079;1293.303;-9.926;2037.701;531.311;2732.397;3087.636;1579.149;3560.753;597.045;3610.406;1745.957;2534.318;2652.119;3591.138;3606.656;-14.323;-3.305;1899.220;-3.024;2396.023;1983.973;2133.004;1638.620;965.601;3365.782;2409.742;-14.515;458.126;2054.060;656.303;1388.546;2855.966;1532.107;3394.262;2719.114;2081.214;354.385;1689.601;2847.337;3606.931;226.140;339.159;2586.311;3175.585;194.624;2834.717;2840.446;2591.094;1086.348;1510.589;1328.525;3050.595;803.163;1184.786;3601.132;3263.076;3599.856;3186.596;297.425;12.327;1693.206;3070.090;3176.993;2197.772;3593.246;550.148;479.726;944.060;1068.919;965.662;178.686;1314.005;-4.011;1878.738;3356.814;1754.281;2335.461;2149.132;3591.159;2541.339;2907.783;854.169;3482.141;624.316;1186.074;2388.501;950.288;3595.128;3170.965;438.784
147,265.88778495788574,146,-557.0583115716086,557.0583115716086,0.2915902027321396,3518.088;2063.144;3604.863;2855.464;2774.025;626.025;3604.652;5.855;589.140;1364.131;2739.868;526.297;3279.474;3599.523;414.977;2134.184;23.318;1288.920;-3.919;3601.889;1337.632;3599.993;2964.885;3379.928;533.219;77.144;2175.760;1.293;3160.074;1127.392;2467.539;3609.606;2001.715;-10.855;220.995;2262.851;1609.370;2507.469;1225.615;2381.283;1042.677;2237.546;2862.958;719.221;1065.213;1787.214;2845.972;714.014;1794.773;2373.050;3409.983;1002.569;2480.585;499.429;1522.463;28.069;3606.693;1825.649;3455.267;1422.664;3388.318;966.158;901.351;2174.593;3112.509;3481.660;2123.833;-1.806;2020.034;876.574;2712.388;3555.486;1701.286;2334.451;9.419;1912.915;448.908;2276.901;1218.597;2834.742;2.096;104.779;2674.047;1947.929;2041.025;3391.018;1579.236;2881.872;1850.690;3268.018;2882.916;342.543;990.445;3176.251;779.446;533.965;1754.243;1570.902;2643.871;1447.709,870.634;1389.247;1509.917;3362.901;3600.705;2010.447;3.856;2430.248;2206.322;2992.628;1300.004;-0.165;2028.113;537.712;2736.207;3092.642;1587.740;3571.096;590.950;3599.926;1752.861;2525.722;2642.025;3601.657;3598.474;-4.667;1.698;1909.436;5.441;2397.588;1973.420;2143.062;1635.928;961.722;3366.203;2419.383;-4.308;465.585;2062.928;646.261;1378.081;2846.018;1522.171;3386.946;2722.730;2074.349;344.427;1700.043;2845.163;3596.632;228.412;346.667;2595.125;3168.602;203.051;2834.042;2848.183;2584.776;1077.926;1512.682;1324.494;3051.834;808.253;1192.856;3603.937;3268.315;3606.048;3185.764;289.368;6.530;1703.333;3059.688;3172.108;2190.266;3603.357;542.688;479.411;953.382;1068.254;964.814;177.925;1309.303;4.950;1887.710;3366.558;1763.332;2334.700;2158.731;3600.208;2548.026;2915.024;850.129;3492.529;619.765;1191.649;2397.274;950.358;3585.198;3164.908;434.276
148,267.76697993278503,147,-556.9621195596444,556.9621195596444,0.3376942327508122,3509.418;2052.925;3595.211;2864.163;2779.741;615.404;3594.961;0.258;599.684;1356.915;2744.514;516.535;3269.898;3597.585;405.628;2125.595;13.208;1295.975;5.939;3610.570;1346.837;3605.781;2954.402;3371.245;541.882;68.528;2167.309;5.699;3150.513;1121.920;2478.083;3599.486;2011.987;-0.951;210.550;2271.269;1619.221;2497.600;1220.586;2391.664;1032.456;2246.443;2854.098;708.857;1072.844;1795.275;2855.065;712.423;1804.512;2362.569;3420.513;995.025;2475.831;490.866;1511.876;18.011;3596.792;1818.066;3449.406;1428.356;3398.491;974.454;911.182;2182.252;3122.865;3472.057;2132.053;7.668;2019.981;866.020;2718.229;3547.230;1691.029;2324.062;16.067;1902.413;457.970;2286.538;1229.176;2845.378;-5.141;113.898;2682.504;1938.757;2031.108;3401.586;1577.859;2891.543;1859.201;3258.571;2875.329;332.440;986.909;3183.287;783.406;523.834;1744.515;1572.607;2652.585;1457.813,877.968;1382.130;1503.370;3372.753;3593.457;2000.096;3.053;2420.220;2216.481;2983.582;1291.007;-2.097;2024.316;528.338;2726.015;3082.463;1578.016;3565.341;600.682;3604.386;1763.356;2533.664;2647.892;3602.218;3607.716;-4.734;-6.815;1917.020;-4.407;2407.574;1981.858;2152.550;1628.169;971.326;3356.473;2411.710;3.296;455.970;2053.181;636.617;1385.959;2856.149;1511.584;3379.991;2733.068;2084.458;353.614;1710.595;2838.452;3593.866;235.269;338.736;2586.644;3177.702;193.815;2844.263;2855.712;2574.315;1087.891;1522.933;1328.798;3057.735;818.418;1186.446;3600.926;3258.065;3610.571;3177.043;292.284;14.672;1713.903;3052.402;3182.197;2179.775;3596.609;552.017;470.330;946.153;1070.244;974.538;168.804;1319.131;3.837;1877.616;3357.461;1773.777;2344.034;2165.950;3610.697;2539.300;2905.744;840.208;3485.747;627.383;1181.490;2388.113;941.138;3579.127;3174.935;443.298
149,269.67173075675964,148,-556.9861033890902,556.9861033890902,0.2541162463066263,3518.672;2061.046;3603.373;2868.854;2782.869;612.443;3593.365;-10.133;598.104;1366.617;2735.385;513.313;3259.510;3593.944;413.665;2133.208;5.468;1285.811;-1.379;3602.046;1336.821;3599.204;2961.603;3380.001;552.367;73.217;2157.453;-0.180;3139.976;1132.040;2470.520;3592.485;2021.570;3.009;216.857;2261.345;1611.478;2496.402;1210.980;2401.642;1038.276;2248.946;2851.484;715.659;1063.008;1799.894;2845.585;703.504;1795.756;2369.628;3430.864;1005.044;2485.659;481.327;1518.728;7.460;3605.305;1828.125;3439.235;1438.020;3388.957;965.267;901.776;2192.581;3132.368;3461.519;2142.492;-1.272;2009.843;858.801;2708.464;3536.781;1681.028;2330.736;25.978;1898.281;447.917;2277.414;1239.738;2855.051;4.640;118.375;2690.472;1928.381;2020.588;3411.808;1578.016;2901.763;1868.697;3268.573;2871.560;323.303;996.500;3193.697;793.100;525.056;1734.158;1582.585;2647.936;1449.908,867.837;1391.362;1492.948;3373.066;3592.701;2007.575;-6.902;2427.086;2211.293;2973.335;1297.279;-2.769;2025.528;533.740;2720.886;3078.235;1567.540;3574.540;607.428;3595.936;1755.436;2523.857;2653.458;3592.525;3600.507;3.891;3.167;1907.368;4.297;2413.769;1983.800;2158.197;1636.217;971.039;3346.120;2421.086;1.671;448.502;2062.878;645.668;1376.322;2860.736;1515.117;3370.894;2733.326;2079.802;360.659;1718.355;2848.390;3584.019;225.746;328.782;2576.162;3178.418;189.704;2844.279;2846.061;2567.364;1098.389;1514.148;1339.019;3058.413;812.338;1177.300;3605.113;3265.166;3600.425;3185.967;301.223;9.070;1723.786;3062.536;3189.573;2187.995;3604.630;547.844;477.445;942.344;1060.133;966.229;169.425;1310.171;-5.675;1871.759;3357.004;1765.433;2338.622;2156.448;3606.375;2549.211;2895.390;849.236;3475.531;620.244;1183.827;2383.627;947.273;3576.149;3184.494;435.924
150,271.3847424983978,149,-557.1791212623413,557.1791212623413,0.33531498134839216,3521.352;2070.168;3607.906;2864.539;2773.965;612.434;3586.555;-0.215;600.671;1360.760;2725.988;522.835;3263.460;3603.597;423.866;2142.960;-4.930;1285.989;-8.396;3606.702;1326.324;3594.405;2953.254;3383.028;546.407;83.508;2166.336;-10.296;3131.969;1123.278;2465.322;3585.544;2015.907;-3.736;227.042;2256.994;1601.860;2486.596;1204.215;2412.127;1043.963;2258.952;2860.497;724.732;1061.383;1791.307;2852.321;693.094;1793.492;2379.334;3438.016;1011.820;2495.772;470.854;1528.635;-2.931;3605.666;1837.277;3431.433;1431.913;3381.786;955.387;908.284;2183.243;3142.731;3451.256;2150.748;-9.584;2010.115;848.418;2699.776;3534.003;1680.588;2340.790;36.371;1907.188;439.845;2274.779;1248.392;2849.072;-4.043;127.618;2683.468;1922.338;2010.136;3421.564;1587.955;2893.452;1878.665;3279.042;2861.276;333.111;1006.438;3192.433;792.344;516.658;1727.368;1578.769;2642.350;1439.606,868.777;1401.767;1483.289;3376.355;3600.426;2006.187;2.143;2433.977;2203.203;2968.899;1293.950;6.881;2015.594;541.933;2728.256;3084.419;1560.881;3578.362;597.690;3594.238;1760.825;2530.930;2643.472;3600.663;3602.047;-3.569;0.875;1898.342;-3.073;2419.507;1973.819;2168.463;1626.852;967.429;3355.470;2429.709;-7.533;438.546;2064.990;655.045;1376.105;2855.948;1506.667;3364.159;2723.479;2087.439;353.295;1715.933;2856.606;3591.055;235.273;337.910;2568.321;3168.302;199.376;2834.566;2850.442;2559.970;1104.317;1522.490;1344.477;3048.245;802.070;1181.497;3594.913;3273.781;3590.466;3195.251;293.176;4.646;1720.118;3055.454;3183.032;2190.833;3596.606;538.291;483.659;932.552;1057.647;974.926;160.905;1311.764;4.132;1869.027;3360.061;1773.508;2348.639;2147.309;3596.082;2558.615;2899.045;859.484;3483.548;609.883;1176.561;2378.514;953.444;3585.652;3192.924;425.729
151,273.255140542984,150,-557.0178706540541,557.0178706540541,0.29363644364047103,3531.428;2080.078;3598.043;2874.687;2763.693;602.674;3594.830;0.833;609.951;1364.657;2715.768;514.009;3273.573;3602.738;414.383;2133.547;-0.278;1280.491;1.522;3601.832;1316.289;3596.093;2962.539;3373.584;549.216;93.945;2176.691;-0.240;3123.576;1113.042;2465.896;3584.037;2025.975;5.846;235.801;2246.813;1611.725;2496.116;1194.555;2404.283;1052.780;2267.677;2870.103;733.371;1070.473;1794.302;2854.607;701.436;1802.884;2389.714;3435.902;1021.945;2493.016;461.617;1524.239;-4.466;3601.670;1829.707;3421.092;1441.872;3387.531;945.165;917.920;2176.724;3140.870;3442.771;2160.893;0.305;2020.266;848.460;2703.945;3534.096;1670.645;2343.908;27.848;1897.252;448.349;2284.808;1238.769;2858.677;-14.339;131.356;2674.607;1912.195;2009.204;3422.124;1598.387;2897.153;1877.529;3279.663;2851.949;329.982;1009.091;3183.369;782.166;506.303;1717.138;1568.566;2652.049;1429.163,876.585;1406.847;1481.486;3386.449;3610.755;1997.274;5.153;2444.172;2194.893;2964.939;1283.727;13.348;2005.191;549.158;2735.960;3093.239;1550.649;3580.705;592.277;3602.812;1751.158;2523.603;2639.033;3593.011;3598.151;-1.128;-6.615;1890.623;3.301;2414.873;1967.632;2178.698;1633.880;962.271;3363.312;2422.207;1.915;441.103;2066.289;665.289;1366.424;2848.125;1515.469;3353.854;2726.462;2096.144;343.254;1706.577;2864.788;3582.080;241.708;333.523;2574.663;3158.808;208.512;2829.470;2840.820;2568.515;1095.330;1530.735;1334.880;3040.782;801.851;1181.696;3599.490;3283.661;3599.745;3205.079;300.434;-5.243;1720.185;3055.578;3175.026;2200.585;3599.327;538.467;492.614;922.129;1050.899;974.911;152.096;1302.578;10.779;1859.082;3350.178;1771.171;2342.155;2155.758;3590.194;2568.233;2907.006;860.640;3492.584;604.207;1185.432;2368.463;963.281;3591.112;3197.142;415.292
152,275.14704036712646,151,-557.1839577442067,557.1839577442067,0.36775094748553705,3539.377;2087.161;3599.497;2884.276;2753.639;611.857;3592.748;-6.930;600.626;1356.991;2705.386;520.014;3276.645;3595.070;422.709;2127.411;-8.922;1270.442;-0.218;3606.369;1310.091;3606.188;2955.809;3383.333;539.328;87.806;2186.964;3.907;3123.082;1106.840;2476.011;3593.426;2036.297;1.251;238.405;2237.144;1618.791;2494.349;1184.233;2396.330;1043.422;2277.923;2861.414;724.852;1080.379;1784.222;2864.732;709.286;1813.202;2400.089;3427.895;1023.661;2500.766;451.309;1533.312;5.239;3591.560;1819.466;3413.964;1451.905;3397.744;953.213;924.133;2168.634;3132.322;3432.485;2152.208;1.342;2028.310;856.778;2694.945;3544.187;1660.278;2341.557;36.789;1889.053;439.976;2287.721;1234.715;2868.960;-4.706;138.900;2682.301;1913.352;2001.508;3431.505;1608.773;2902.221;1868.127;3289.383;2842.174;339.290;1016.535;3173.071;777.200;495.954;1706.948;1576.095;2660.790;1420.830,886.419;1397.727;1490.320;3384.131;3601.055;1987.687;-3.384;2437.003;2196.527;2956.332;1279.008;8.856;1994.889;559.365;2746.237;3103.455;1542.768;3570.794;582.102;3613.093;1759.490;2531.270;2628.975;3601.640;3606.713;-10.999;3.116;1894.342;-3.069;2405.541;1977.496;2186.430;1640.828;960.692;3360.557;2426.972;-1.330;431.585;2056.296;663.532;1356.832;2854.110;1512.423;3361.327;2727.938;2087.267;352.177;1714.627;2875.067;3591.393;246.555;339.248;2565.700;3149.984;200.031;2822.022;2844.741;2559.330;1086.278;1522.133;1340.231;3031.745;791.922;1171.584;3590.171;3274.465;3592.869;3196.968;310.488;4.691;1710.312;3054.648;3165.054;2210.542;3609.415;532.915;483.285;914.241;1060.602;984.128;162.094;1305.338;8.712;1857.742;3345.821;1762.648;2351.613;2152.941;3585.547;2577.918;2916.105;865.970;3495.359;594.310;1176.111;2377.067;973.635;3601.318;3188.032;417.852
153,276.8548529148102,152,-557.3948020598901,557.3948020598901,0.2090733510643425,3530.518;2097.341;3597.933;2886.255;2760.458;622.078;3602.413;2.462;590.357;1366.783;2712.763;529.881;3286.730;3602.433;427.558;2123.743;0.966;1261.370;-7.398;3596.364;1316.788;3597.541;2946.926;3375.759;548.429;78.834;2188.192;-2.574;3113.209;1116.239;2486.278;3603.691;2028.067;-7.976;228.628;2232.327;1622.180;2488.554;1189.723;2400.620;1035.421;2286.634;2851.172;714.605;1071.608;1790.708;2873.487;701.393;1806.194;2393.074;3437.535;1013.816;2491.214;441.407;1523.873;9.238;3590.381;1822.115;3423.662;1447.107;3390.657;950.996;914.258;2159.927;3141.076;3441.235;2142.797;-6.796;2020.111;866.761;2700.494;3535.852;1657.860;2351.410;41.022;1879.791;433.244;2293.905;1244.185;2879.167;4.681;129.222;2692.516;1912.995;2011.315;3426.430;1604.359;2893.222;1858.729;3293.885;2849.598;343.923;1026.075;3167.382;786.177;503.623;1704.580;1568.381;2651.049;1424.185,876.996;1397.913;1500.569;3387.431;3601.794;1978.497;1.977;2426.977;2205.987;2962.919;1269.153;7.317;1990.945;568.254;2742.292;3104.989;1550.468;3577.785;589.179;3604.026;1755.272;2531.881;2619.852;3599.927;3598.516;-1.927;1.285;1904.444;5.929;2395.299;1982.891;2190.904;1635.373;970.746;3368.261;2437.068;1.447;436.419;2051.760;653.549;1355.689;2864.266;1502.817;3366.182;2718.142;2077.871;358.974;1705.746;2872.595;3592.787;237.032;347.153;2557.898;3142.214;200.837;2830.561;2850.112;2549.105;1080.894;1524.112;1330.830;3021.512;800.747;1178.608;3585.637;3265.139;3600.617;3190.837;313.731;3.680;1719.588;3052.135;3174.641;2217.063;3600.417;522.773;483.199;904.952;1051.483;991.538;159.139;1304.512;-0.725;1848.962;3335.921;1752.793;2360.802;2162.020;3595.002;2584.203;2906.718;856.026;3485.944;586.781;1183.648;2387.063;967.133;3595.427;3193.113;424.576
154,278.7114791870117,153,-557.9270246050619,557.9270246050619,0.43226011818006926,3520.411;2107.041;3607.705;2876.549;2770.088;624.196;3592.841;5.157;580.699;1376.000;2722.906;538.418;3296.975;3609.523;418.711;2133.658;5.837;1251.424;2.302;3599.578;1326.789;3602.797;2949.677;3367.274;556.647;70.783;2194.747;3.213;3103.064;1107.422;2479.275;3594.146;2018.255;1.715;218.844;2241.502;1613.323;2496.117;1199.720;2393.312;1043.696;2278.502;2840.953;707.936;1064.726;1795.865;2872.984;711.202;1801.176;2393.565;3447.617;1017.706;2481.927;431.211;1521.601;-0.381;3600.334;1831.947;3432.746;1441.937;3381.469;941.056;909.298;2169.689;3151.232;3451.128;2132.584;2.511;2009.993;876.314;2710.083;3525.856;1665.037;2360.676;50.992;1889.009;441.228;2284.858;1234.859;2871.264;4.686;118.984;2685.013;1906.547;2021.199;3416.468;1596.512;2883.027;1868.291;3302.636;2844.599;333.995;1036.269;3176.984;780.861;513.468;1694.596;1558.502;2649.778;1433.883,866.846;1388.002;1491.363;3377.455;3610.510;1984.240;-7.416;2425.811;2196.527;2953.318;1260.295;-2.693;1989.668;578.381;2735.134;3114.931;1560.611;3587.701;597.454;3604.784;1763.043;2541.773;2610.090;3593.212;3608.062;-9.162;-8.632;1912.099;1.314;2404.195;1976.152;2181.600;1625.313;981.001;3358.497;2428.065;-8.354;435.908;2059.412;647.211;1346.867;2866.415;1512.117;3356.392;2726.965;2085.505;369.038;1695.736;2873.715;3601.942;242.685;357.255;2567.338;3139.632;210.475;2822.200;2840.425;2543.273;1090.741;1514.240;1339.400;3013.815;807.977;1188.723;3593.788;3271.766;3609.218;3199.410;304.235;-2.024;1727.292;3042.116;3171.087;2226.932;3608.647;532.340;483.749;895.659;1041.325;983.073;169.020;1294.507;-10.901;1838.952;3325.679;1754.546;2370.911;2171.697;3603.187;2594.183;2896.636;845.991;3479.019;577.102;1192.098;2396.769;972.187;3589.177;3203.177;417.220
155,280.5938127040863,154,-557.5302089782581,557.5302089782581,0.2985853959188132,3517.859;2108.547;3598.249;2883.762;2775.610;614.633;3583.433;-4.006;588.621;1372.644;2730.482;548.506;3307.082;3599.693;408.607;2141.751;-1.842;1241.252;3.650;3608.612;1336.765;3593.074;2959.599;3357.151;564.197;80.134;2184.949;4.501;3109.012;1097.377;2480.688;3586.268;2008.139;4.233;208.664;2251.080;1623.007;2503.370;1209.732;2403.000;1040.535;2268.655;2835.339;714.845;1074.058;1787.926;2882.686;720.982;1810.825;2391.016;3457.332;1027.578;2471.824;438.287;1511.685;1.203;3610.524;1834.712;3425.204;1448.999;3371.617;931.000;910.223;2179.242;3161.374;3456.080;2129.436;5.101;2001.955;886.390;2720.195;3525.707;1675.090;2351.031;53.081;1896.672;451.332;2292.765;1225.363;2862.614;-4.534;126.208;2684.965;1916.274;2025.094;3407.621;1604.514;2884.595;1877.411;3304.986;2834.594;324.279;1028.306;3170.343;770.844;517.061;1687.966;1548.316;2643.631;1425.814,857.952;1387.293;1496.284;3381.900;3601.263;1994.257;2.086;2415.934;2199.653;2953.223;1250.187;5.567;1999.529;588.570;2725.071;3124.193;1552.299;3586.038;606.518;3596.227;1753.933;2532.727;2608.462;3583.192;3601.954;-1.944;-0.862;1922.189;-8.666;2410.225;1982.658;2189.789;1617.821;972.520;3348.362;2424.174;0.718;445.748;2050.820;656.375;1356.609;2876.341;1504.681;3353.530;2736.945;2079.911;359.789;1704.442;2863.797;3593.003;252.470;367.177;2576.762;3148.683;202.463;2831.838;2840.557;2551.619;1092.108;1506.832;1330.475;3003.765;805.728;1192.848;3603.869;3265.133;3600.701;3206.037;294.075;4.859;1737.008;3048.447;3180.732;2217.434;3599.790;542.505;474.039;885.512;1048.731;976.317;173.972;1303.128;-1.185;1846.314;3317.138;1754.848;2378.673;2162.206;3611.109;2604.365;2886.440;851.760;3488.547;569.999;1184.684;2388.194;962.921;3598.197;3200.309;407.178
156,282.29928398132324,155,-557.5353780088188,557.5353780088188,0.3754252102743785,3508.079;2117.363;3605.392;2874.994;2785.529;622.437;3573.434;2.858;579.989;1381.288;2740.430;546.194;3315.842;3589.649;414.184;2132.168;6.303;1236.393;-3.940;3599.212;1330.597;3589.786;2955.998;3365.319;574.220;70.609;2175.085;-0.991;3099.511;1104.947;2470.854;3593.364;2006.228;-3.464;198.695;2261.190;1614.697;2493.563;1217.680;2411.250;1050.372;2258.602;2825.386;705.812;1064.888;1779.750;2885.612;712.264;1801.817;2400.621;3467.377;1023.555;2462.790;448.100;1516.288;-7.593;3602.145;1844.614;3434.311;1439.290;3363.559;931.341;900.491;2171.491;3152.281;3466.024;2120.539;-4.583;2004.808;896.523;2730.306;3517.003;1685.221;2350.801;62.922;1905.873;444.749;2297.228;1216.392;2852.596;4.845;117.332;2676.200;1922.653;2035.014;3397.552;1614.517;2894.257;1886.844;3314.585;2832.459;317.185;1018.683;3161.787;778.189;526.971;1685.665;1544.643;2634.162;1435.334,850.139;1395.962;1487.369;3372.710;3608.336;2003.362;-5.606;2414.835;2189.968;2945.891;1258.964;0.547;2009.006;588.300;2727.517;3114.643;1560.897;3585.329;616.157;3602.453;1750.264;2526.020;2598.631;3590.524;3610.919;-11.022;-9.243;1930.319;0.241;2420.198;1972.876;2180.812;1624.315;974.630;3338.226;2433.847;-7.703;437.512;2058.779;664.564;1359.930;2872.215;1496.794;3343.765;2727.670;2071.038;361.442;1694.898;2855.219;3600.220;262.513;376.295;2567.411;3158.701;211.707;2838.252;2830.697;2547.012;1101.944;1496.870;1336.614;2995.756;795.960;1187.704;3595.280;3274.748;3601.920;3215.957;297.462;12.760;1747.084;3058.430;3188.024;2223.668;3606.505;546.165;464.033;894.044;1039.886;966.321;183.918;1294.998;-0.411;1836.723;3326.765;1744.986;2388.704;2170.342;3601.366;2610.617;2885.024;842.713;3496.999;560.011;1194.325;2397.742;970.993;3605.516;3209.815;413.605
157,284.1361474990845,156,-557.399574673313,557.399574673313,0.23067768379770992,3512.429;2127.368;3599.350;2882.215;2776.694;617.876;3581.043;-5.162;577.293;1377.226;2748.720;537.106;3311.511;3591.304;407.208;2139.704;-1.771;1230.607;5.079;3601.309;1320.938;3598.936;2964.668;3360.010;569.327;66.454;2172.470;8.601;3105.257;1098.807;2476.481;3590.853;2008.855;5.170;190.372;2252.863;1618.385;2497.174;1221.935;2416.174;1048.144;2249.688;2824.147;714.355;1070.156;1788.640;2895.214;715.866;1801.546;2410.213;3469.625;1031.731;2456.026;455.975;1508.237;1.994;3603.761;1841.589;3437.525;1447.075;3368.675;921.695;891.452;2163.491;3156.631;3474.996;2110.717;1.187;2014.544;906.415;2727.821;3515.662;1692.210;2360.446;55.188;1897.041;450.893;2306.538;1208.071;2855.182;5.136;116.160;2666.207;1912.955;2034.967;3404.523;1612.276;2891.254;1896.878;3305.021;2825.133;307.598;1011.083;3151.805;770.862;535.644;1676.302;1535.840;2643.433;1431.625,846.397;1405.832;1489.068;3371.642;3600.969;2010.311;-1.377;2423.893;2187.004;2936.054;1254.948;-8.493;2005.082;595.363;2722.289;3116.365;1554.862;3595.091;626.192;3593.370;1740.411;2529.467;2597.716;3595.994;3601.723;-2.551;-1.739;1938.944;2.182;2428.128;1970.044;2186.087;1615.738;968.142;3345.072;2427.940;0.110;428.090;2068.744;674.369;1369.420;2863.123;1505.947;3342.721;2729.198;2071.315;354.800;1689.513;2863.213;3594.156;266.810;386.149;2573.933;3155.610;206.941;2835.737;2822.889;2556.544;1098.297;1490.199;1328.250;3002.653;787.970;1192.980;3586.714;3282.929;3611.637;3206.617;306.820;3.375;1754.487;3067.701;3180.107;2218.221;3598.803;538.226;455.876;889.666;1030.623;956.762;190.562;1293.141;5.730;1835.042;3321.795;1735.729;2381.033;2179.789;3592.692;2604.259;2876.049;845.841;3489.565;564.401;1192.648;2397.817;963.105;3600.444;3204.153;421.603
158,286.0008111000061,157,-557.4103637762988,557.4103637762988,0.2184201257147667,3504.465;2119.328;3590.338;2881.433;2776.236;612.136;3590.288;4.012;574.606;1385.914;2757.067;527.157;3305.372;3582.334;399.269;2147.103;2.255;1240.204;9.165;3596.769;1329.931;3606.781;2967.499;3365.835;567.814;57.364;2164.056;3.051;3112.115;1095.334;2472.452;3583.246;2007.211;14.136;180.485;2258.484;1622.651;2502.332;1229.798;2416.104;1047.780;2253.435;2817.688;706.142;1069.408;1779.465;2905.171;710.756;1805.679;2420.194;3478.190;1029.011;2446.162;465.725;1513.481;3.720;3596.626;1832.744;3444.979;1441.664;3378.386;913.496;884.753;2172.023;3147.822;3483.629;2104.685;2.002;2024.367;915.675;2734.852;3508.072;1684.984;2364.400;52.866;1887.675;460.456;2297.017;1198.220;2864.534;13.211;106.437;2656.350;1916.953;2028.083;3414.364;1621.879;2881.603;1896.677;3309.787;2830.234;297.900;1001.278;3141.887;761.789;542.454;1666.422;1532.205;2653.067;1437.815,855.823;1397.856;1498.043;3378.795;3602.555;2006.210;-6.472;2433.633;2185.236;2926.055;1246.251;0.898;1995.339;605.219;2726.159;3125.081;1559.574;3587.575;618.207;3594.876;1733.996;2520.143;2606.718;3605.170;3604.083;2.197;1.947;1931.735;-6.962;2420.779;1964.397;2195.887;1612.150;974.371;3352.223;2418.185;-5.069;420.824;2076.237;682.502;1379.405;2863.772;1515.691;3352.270;2720.005;2061.580;344.992;1686.551;2872.065;3600.767;271.831;380.170;2580.731;3146.696;197.133;2826.058;2817.425;2566.458;1089.590;1480.330;1318.467;2996.860;778.059;1183.488;3582.408;3284.225;3602.862;3196.815;316.466;1.900;1764.334;3077.647;3189.106;2227.259;3604.471;539.122;458.559;879.940;1032.440;963.378;193.898;1284.146;13.735;1844.488;3312.853;1725.756;2371.664;2180.615;3589.792;2594.481;2875.412;851.326;3498.142;561.065;1188.623;2389.659;971.938;3600.427;3196.372;431.133
159,287.89159989356995,158,-557.6544309523612,557.6544309523612,0.23453421425036908,3495.059;2110.210;3581.789;2889.836;2768.318;621.640;3589.407;-1.773;564.891;1395.802;2761.129;535.129;3299.681;3584.540;389.778;2138.212;-5.120;1249.657;0.699;3588.968;1330.003;3597.459;2977.200;3357.716;562.835;51.633;2172.738;2.396;3108.370;1085.674;2481.390;3573.653;2016.399;19.885;181.582;2266.553;1630.843;2511.897;1220.617;2406.423;1054.467;2263.119;2808.335;706.161;1070.745;1787.309;2912.659;719.790;1804.806;2428.406;3486.422;1019.312;2439.923;459.874;1523.236;-0.577;3605.587;1822.940;3454.338;1449.000;3371.101;921.071;881.696;2175.663;3141.554;3493.504;2095.498;5.737;2017.525;925.198;2729.717;3498.348;1679.212;2361.348;43.865;1894.156;470.239;2303.777;1201.505;2874.365;6.122;96.954;2649.733;1908.808;2037.154;3423.415;1626.581;2878.689;1888.925;3309.088;2823.623;304.443;1003.847;3144.708;752.239;552.257;1657.751;1525.480;2645.825;1428.894,856.528;1404.520;1505.739;3388.465;3605.610;1996.470;2.907;2436.932;2183.851;2916.159;1249.027;8.251;2000.426;614.546;2735.871;3116.107;1564.371;3580.510;608.351;3604.073;1742.854;2528.836;2607.479;3595.925;3595.502;-3.056;4.444;1921.909;1.181;2430.038;1973.412;2193.579;1619.816;964.984;3361.986;2424.222;0.266;422.354;2069.240;686.505;1388.144;2855.895;1512.024;3361.418;2712.603;2069.768;335.064;1678.140;2864.766;3601.903;264.093;373.215;2574.737;3136.801;200.588;2816.280;2826.882;2565.016;1081.786;1471.899;1311.596;3006.440;768.641;1185.493;3591.295;3293.642;3594.762;3198.097;312.110;-7.594;1755.799;3068.526;3198.165;2220.167;3595.564;548.243;466.223;886.547;1041.962;973.100;187.126;1292.970;11.603;1838.319;3317.105;1733.770;2362.996;2175.121;3598.766;2584.584;2885.057;861.100;3507.887;569.880;1178.926;2398.155;964.040;3609.909;3187.010;439.636
160,289.5980324745178,159,-557.7351789987681,557.7351789987681,0.441903782521648,3485.276;2101.467;3586.268;2881.437;2776.202;619.957;3598.702;-9.650;558.965;1389.693;2762.503;544.908;3289.963;3594.186;380.594;2128.527;3.683;1259.434;-9.110;3597.104;1320.955;3599.069;2968.567;3350.145;572.100;45.921;2182.468;-6.758;3099.719;1078.641;2490.932;3563.916;2007.002;11.227;187.700;2258.116;1621.749;2511.006;1211.491;2397.804;1045.108;2272.404;2798.568;709.357;1080.202;1795.714;2905.851;728.677;1795.338;2422.054;3481.371;1014.197;2431.175;450.239;1532.397;5.160;3609.829;1820.151;3464.155;1458.024;3361.353;912.763;872.039;2184.638;3150.851;3499.552;2096.232;-3.567;2009.042;929.448;2720.032;3491.895;1679.195;2370.802;42.412;1902.704;470.298;2313.519;1210.897;2884.244;9.360;99.574;2659.074;1902.343;2046.437;3433.175;1621.758;2869.249;1898.165;3318.484;2832.512;314.162;997.039;3136.331;744.124;562.113;1647.926;1515.916;2652.154;1434.302,846.915;1411.324;1496.379;3384.024;3613.780;2000.972;8.848;2428.295;2193.455;2922.954;1239.561;16.523;2009.968;624.386;2726.700;3106.290;1554.893;3571.518;611.576;3609.963;1746.588;2520.013;2606.426;3599.533;3604.103;-12.370;-4.673;1919.773;-5.551;2439.034;1981.364;2184.086;1610.547;955.265;3357.277;2430.911;-8.467;431.967;2059.736;676.924;1379.894;2865.404;1502.603;3354.475;2719.381;2079.426;339.072;1687.546;2855.199;3592.464;254.307;363.517;2566.286;3130.607;210.189;2824.492;2819.494;2555.936;1090.070;1479.742;1320.871;3015.012;775.024;1194.418;3584.413;3286.018;3586.747;3207.449;302.469;1.820;1747.035;3059.559;3207.865;2210.532;3594.744;558.044;476.003;889.468;1041.616;982.759;187.341;1293.498;2.017;1846.203;3326.145;1743.568;2364.652;2183.195;3608.457;2593.209;2880.627;868.806;3514.772;578.720;1171.951;2393.113;955.806;3600.383;3195.872;439.067
161,291.45214438438416,160,-557.7771982465681,557.7771982465681,0.3413535240332307,3492.700;2091.732;3577.034;2871.684;2785.931;626.632;3596.880;-0.276;561.966;1381.523;2772.070;554.496;3299.050;3588.245;389.517;2132.876;4.342;1263.740;-0.380;3606.819;1330.227;3608.315;2960.447;3356.997;581.837;37.826;2173.706;2.698;3090.030;1087.640;2482.007;3568.820;2015.125;1.504;178.507;2267.313;1616.724;2501.505;1203.422;2405.698;1036.030;2263.426;2788.875;699.927;1070.802;1796.187;2914.960;728.547;1798.801;2431.231;3490.328;1018.192;2421.413;441.193;1529.411;-3.959;3600.413;1810.759;3457.151;1448.820;3362.878;906.953;867.974;2193.499;3160.193;3490.751;2105.792;4.545;2018.297;920.050;2715.661;3500.002;1669.637;2365.262;50.859;1893.863;479.382;2318.603;1214.628;2890.807;2.350;109.113;2665.573;1893.048;2038.738;3432.299;1631.271;2859.572;1907.953;3328.239;2823.724;322.612;1006.519;3126.618;734.654;553.469;1656.168;1525.017;2661.662;1443.764,854.966;1401.883;1489.270;3374.420;3604.295;2003.370;2.491;2418.550;2198.181;2927.399;1248.134;21.662;2019.560;615.770;2734.855;3110.367;1545.651;3562.427;602.363;3600.509;1756.190;2516.929;2606.795;3607.768;3612.721;-3.145;3.931;1918.132;-11.231;2445.988;1973.639;2174.415;1619.475;948.173;3359.481;2440.499;0.322;428.527;2049.949;680.925;1377.990;2871.752;1492.874;3362.827;2710.092;2072.696;346.813;1695.480;2845.451;3601.079;261.137;353.706;2574.409;3121.227;207.362;2817.590;2810.392;2546.225;1081.803;1471.366;1329.371;3023.039;765.941;1185.519;3592.812;3276.300;3594.840;3201.204;310.240;6.016;1748.332;3056.176;3212.035;2207.256;3603.432;549.958;485.698;880.411;1050.803;991.466;177.804;1302.882;-7.766;1839.602;3318.285;1742.083;2374.162;2192.932;3600.164;2599.386;2879.489;878.432;3523.658;570.600;1162.268;2383.845;951.361;3602.561;3197.021;448.573
162,293.3285253047943,161,-557.8546668902253,557.8546668902253,0.25996833296018695,3498.839;2092.806;3574.959;2864.719;2788.671;632.547;3605.141;0.701;571.339;1371.848;2781.489;548.620;3306.494;3594.252;385.957;2140.051;7.921;1254.946;3.144;3599.251;1336.435;3599.895;2960.409;3348.583;583.918;47.060;2164.716;0.678;3090.812;1097.192;2480.095;3577.910;2013.484;-5.662;186.034;2264.829;1607.406;2508.819;1197.892;2413.921;1026.609;2256.234;2783.315;704.228;1063.556;1803.920;2909.099;719.235;1789.412;2439.090;3497.515;1027.743;2430.148;437.432;1533.198;4.703;3597.798;1819.617;3449.898;1440.990;3362.964;898.424;861.000;2186.532;3165.405;3486.952;2114.885;-4.412;2019.929;912.971;2721.468;3508.875;1674.790;2358.597;41.877;1885.248;486.266;2320.963;1207.114;2887.123;-7.043;109.573;2659.730;1892.026;2029.935;3440.285;1625.751;2849.825;1903.486;3323.900;2829.641;322.805;1010.031;3131.534;742.175;545.811;1652.068;1532.090;2655.318;1452.537,851.400;1399.945;1495.958;3379.035;3595.744;1996.250;-6.762;2409.309;2203.150;2936.920;1254.842;17.986;2017.905;613.622;2726.812;3105.146;1550.430;3571.772;603.807;3594.057;1750.289;2513.099;2616.276;3599.239;3603.885;4.378;-1.986;1909.329;-1.841;2453.662;1964.350;2180.702;1615.138;956.591;3350.161;2435.179;1.408;419.338;2053.093;680.896;1385.973;2866.943;1495.527;3367.878;2716.080;2077.027;350.212;1704.581;2848.827;3596.184;260.323;358.152;2574.503;3127.767;198.461;2824.825;2813.534;2550.472;1086.956;1472.423;1321.420;3019.265;769.329;1188.203;3585.483;3277.646;3590.187;3209.061;306.435;2.160;1756.159;3047.158;3221.371;2197.785;3595.260;557.612;484.166;872.374;1051.864;1000.935;171.412;1304.357;1.100;1833.467;3322.133;1741.940;2376.142;2202.508;3594.580;2601.073;2870.140;872.378;3514.252;560.920;1157.745;2388.430;947.179;3612.066;3188.849;442.632
163,295.23369908332825,162,-558.0211019604867,558.0211019604867,0.20049575383318785,3507.773;2097.857;3583.261;2864.856;2796.764;623.537;3595.984;2.866;580.406;1373.437;2791.165;556.414;3315.329;3600.166;394.873;2147.327;17.327;1261.203;4.054;3592.028;1344.012;3605.176;2969.554;3356.723;584.701;40.086;2161.592;-7.264;3097.814;1096.052;2486.096;3587.559;2019.671;1.134;189.220;2263.837;1597.803;2513.500;1207.108;2419.233;1033.088;2248.245;2773.787;711.111;1056.762;1813.500;2902.964;710.175;1780.452;2447.257;3494.293;1021.497;2427.638;427.953;1542.598;6.240;3590.278;1819.676;3443.571;1446.546;3371.266;905.803;851.426;2194.574;3159.349;3491.340;2109.913;3.421;2011.702;906.018;2712.225;3517.303;1666.429;2356.036;32.250;1892.070;487.807;2330.097;1197.548;2878.083;2.223;101.810;2650.324;1900.930;2032.764;3435.633;1620.414;2844.455;1912.073;3322.447;2839.154;331.864;1006.385;3129.914;736.181;536.536;1642.580;1541.562;2646.215;1462.123,858.152;1392.234;1503.490;3371.062;3591.744;1987.582;2.326;2411.963;2212.180;2930.761;1246.335;27.230;2008.605;616.308;2723.078;3113.039;1541.815;3569.545;597.874;3592.120;1754.078;2522.041;2625.886;3602.223;3601.093;1.688;4.096;1915.290;-3.298;2445.906;1973.177;2189.128;1621.028;948.071;3355.238;2431.541;-3.642;427.915;2045.760;690.185;1377.653;2857.818;1502.671;3377.309;2708.076;2069.884;341.047;1713.878;2851.388;3597.681;251.256;350.188;2583.871;3127.095;192.773;2816.192;2809.654;2544.850;1078.284;1472.352;1313.391;3023.120;760.755;1197.109;3592.847;3268.464;3599.206;3200.777;301.084;-7.177;1765.139;3054.748;3215.625;2189.119;3599.097;555.513;482.925;862.797;1060.785;998.893;162.502;1313.735;4.178;1834.710;3313.651;1733.315;2383.452;2211.842;3590.713;2591.886;2873.949;878.601;3513.694;568.654;1166.170;2382.435;956.488;3606.452;3196.808;442.611
164,296.9498291015625,163,-558.0478537207223,558.0478537207223,0.2757851243495801,3510.271;2100.178;3590.461;2874.164;2788.027;614.672;3598.671;-6.123;589.017;1382.394;2783.255;547.874;3308.803;3591.452;387.296;2138.607;8.244;1252.990;-4.445;3582.643;1351.435;3597.211;2960.441;3349.224;575.488;44.015;2168.638;1.747;3099.261;1087.409;2493.953;3580.614;2028.420;10.627;187.126;2254.531;1588.673;2522.943;1197.970;2427.734;1024.928;2257.130;2779.524;720.580;1064.996;1804.618;2893.602;718.355;1770.857;2456.592;3503.628;1012.010;2436.669;435.652;1534.638;14.750;3597.245;1827.819;3452.589;1455.098;3362.382;913.412;855.895;2204.071;3167.692;3500.774;2100.498;-2.221;2005.336;915.188;2720.783;3520.565;1672.191;2365.362;32.618;1896.563;479.000;2321.649;1201.026;2886.062;-0.280;92.268;2658.207;1892.075;2042.166;3444.745;1628.148;2849.559;1903.830;3314.821;2833.363;333.557;997.033;3138.460;726.758;533.172;1633.480;1533.024;2636.645;1471.552,849.273;1399.223;1512.734;3365.116;3599.727;1978.004;3.540;2402.754;2221.584;2921.370;1236.887;18.201;2013.765;625.519;2713.680;3104.114;1544.645;3571.269;607.019;3601.417;1763.441;2512.986;2630.846;3604.325;3609.218;-7.309;-4.730;1924.753;5.367;2436.395;1969.690;2198.596;1628.581;956.182;3352.900;2422.134;5.395;437.396;2036.331;696.988;1368.087;2865.600;1509.866;3377.307;2716.947;2062.985;331.602;1721.549;2843.830;3606.925;241.657;346.445;2576.336;3117.990;187.324;2824.614;2818.346;2552.562;1068.723;1481.250;1321.743;3032.096;751.207;1206.019;3597.067;3258.996;3608.639;3209.573;291.699;1.026;1759.772;3047.064;3224.058;2182.550;3595.651;564.561;480.816;854.254;1054.948;1006.128;171.470;1323.349;-4.212;1825.388;3318.924;1737.532;2383.158;2205.608;3581.319;2600.248;2865.551;869.794;3506.117;568.371;1175.699;2391.726;949.186;3598.126;3191.626;433.702
165,298.81464409828186,164,-557.643409009276,557.643409009276,0.32708100211681795,3519.599;2109.072;3599.864;2880.798;2791.580;618.282;3594.014;-0.402;584.087;1390.984;2779.982;555.012;3299.800;3581.930;395.087;2129.379;15.415;1261.709;-6.746;3589.972;1360.900;3603.733;2966.469;3339.857;566.511;53.379;2178.073;0.469;3108.536;1096.114;2503.393;3581.315;2037.821;14.348;196.426;2245.094;1597.771;2515.198;1189.641;2437.119;1015.490;2262.818;2788.108;730.132;1069.245;1809.192;2884.050;718.075;1763.084;2452.061;3502.264;1005.591;2446.055;427.078;1525.193;24.261;3604.726;1837.225;3449.549;1446.534;3364.706;922.867;847.099;2213.141;3177.192;3501.270;2105.432;-10.924;1995.933;921.868;2712.966;3529.625;1670.132;2358.209;32.049;1905.934;469.566;2312.154;1210.380;2877.824;-9.404;82.896;2667.104;1882.863;2048.791;3443.041;1619.347;2842.681;1894.631;3305.352;2825.491;342.358;987.481;3147.965;728.987;526.015;1630.464;1534.504;2627.083;1463.314,845.694;1390.296;1503.958;3371.869;3606.676;1986.835;3.767;2398.961;2212.726;2930.066;1235.532;10.775;2017.221;626.927;2708.566;3095.367;1553.965;3563.023;610.885;3603.851;1771.792;2508.316;2636.314;3613.653;3600.610;0.860;2.067;1927.925;1.306;2441.581;1978.640;2207.317;1637.759;964.905;3360.994;2427.886;13.802;431.363;2028.181;706.292;1359.562;2872.612;1519.323;3368.085;2718.140;2071.442;337.034;1721.102;2848.257;3598.168;232.588;337.451;2568.392;3108.640;177.940;2832.718;2810.613;2543.569;1075.466;1474.370;1331.249;3041.528;758.506;1202.212;3587.864;3252.325;3600.057;3218.448;291.690;7.703;1750.385;3039.654;3216.821;2174.096;3587.683;565.309;471.526;846.222;1045.919;996.986;176.050;1317.099;0.593;1815.933;3327.675;1729.230;2392.448;2196.198;3588.835;2608.800;2863.497;861.367;3514.471;577.366;1168.747;2400.025;955.420;3602.090;3182.968;442.687
166,300.70976972579956,165,-557.88482180763,557.88482180763,0.33297201609875654,3527.141;2102.931;3607.986;2873.493;2800.606;627.534;3600.493;3.306;575.155;1400.430;2784.623;556.150;3291.624;3573.571;399.386;2135.666;15.494;1255.839;2.401;3597.976;1359.084;3596.803;2971.038;3348.445;563.959;54.987;2179.997;-6.906;3100.035;1102.625;2501.003;3590.429;2030.540;11.275;202.611;2241.754;1600.218;2511.550;1194.932;2436.435;1017.843;2264.235;2793.354;723.082;1060.628;1806.825;2887.119;709.347;1767.015;2459.085;3510.123;1003.505;2451.224;429.886;1526.532;17.328;3596.641;1845.049;3446.879;1448.623;3373.714;931.390;848.985;2207.222;3169.948;3495.676;2114.226;-2.742;2000.154;924.519;2712.287;3538.999;1661.231;2362.077;22.931;1903.705;475.474;2316.603;1211.792;2869.423;-2.307;77.526;2671.618;1888.208;2043.634;3434.793;1611.460;2851.796;1885.759;3295.883;2816.509;351.811;995.115;3152.420;720.352;516.721;1638.928;1526.323;2621.643;1454.414,854.685;1396.179;1508.966;3374.635;3597.872;1982.507;0.994;2389.680;2203.840;2928.721;1244.067;12.871;2011.505;617.726;2717.063;3091.400;1562.536;3554.335;602.796;3595.038;1781.105;2516.573;2640.663;3612.346;3594.467;-6.526;8.898;1921.191;9.031;2450.836;1984.837;2200.712;1629.907;957.400;3370.309;2437.226;6.963;423.144;2019.164;706.009;1351.392;2864.148;1511.124;3376.063;2715.237;2064.040;328.696;1712.844;2857.525;3590.359;223.307;337.792;2562.267;3101.381;182.568;2826.347;2801.273;2534.165;1073.460;1465.453;1330.435;3033.411;760.007;1201.699;3578.399;3244.158;3607.568;3220.021;296.042;7.069;1742.366;3040.017;3207.428;2166.560;3578.255;573.590;462.067;852.545;1053.818;992.393;184.912;1316.298;-7.309;1820.191;3336.126;1737.956;2401.004;2187.077;3580.047;2602.961;2872.715;866.883;3509.729;586.813;1176.571;2408.654;956.801;3611.386;3191.491;436.486
167,302.41848373413086,166,-558.4681650331412,558.4681650331412,0.2740615491351782,3519.363;2111.987;3599.142;2880.518;2793.251;636.878;3609.754;-5.169;566.495;1392.302;2789.958;565.171;3297.978;3581.862;393.696;2144.871;7.247;1246.868;-3.529;3606.498;1350.043;3605.324;2962.798;3350.671;572.950;64.010;2177.839;1.876;3092.182;1111.743;2494.930;3589.652;2021.247;5.876;196.259;2248.464;1605.149;2518.854;1203.974;2427.317;1014.919;2255.548;2784.765;714.697;1051.459;1802.069;2893.425;717.730;1758.335;2468.008;3501.786;1012.509;2459.432;421.276;1527.591;14.079;3603.575;1845.689;3455.794;1456.777;3365.802;923.506;841.239;2198.292;3177.546;3486.396;2121.670;-3.760;2000.102;915.627;2703.256;3548.342;1669.804;2371.316;31.765;1899.318;473.735;2325.855;1203.083;2877.627;-8.069;86.267;2680.720;1897.466;2034.420;3443.779;1614.697;2844.497;1890.449;3296.103;2824.941;346.722;996.870;3161.607;714.575;507.325;1638.600;1519.311;2630.184;1445.465,856.368;1394.032;1500.003;3366.010;3604.802;1974.261;8.078;2381.694;2207.979;2937.498;1239.631;19.238;2020.080;624.051;2718.269;3099.737;1571.065;3545.396;595.694;3601.928;1773.499;2525.219;2649.801;3603.231;3602.914;1.117;2.335;1924.160;6.199;2460.093;1976.173;2202.667;1620.606;958.462;3361.584;2442.330;-2.089;418.788;2027.813;696.813;1342.508;2855.025;1509.022;3369.703;2712.388;2066.386;337.478;1721.798;2848.846;3593.331;213.913;338.606;2571.333;3107.652;191.370;2817.062;2806.832;2528.616;1072.459;1474.127;1334.747;3031.857;765.795;1192.503;3578.939;3234.805;3601.490;3216.981;305.015;-2.043;1733.006;3040.207;3199.062;2175.711;3587.242;564.662;460.258;861.803;1054.769;1000.338;177.195;1311.615;0.918;1829.431;3327.158;1747.286;2392.516;2178.247;3572.638;2593.747;2881.347;875.691;3505.007;591.524;1170.975;2417.437;965.955;3605.092;3200.785;427.905
168,304.2726318836212,167,-558.635932073922,558.635932073922,0.3857004393825504,3524.189;2119.211;3596.716;2881.941;2785.133;632.665;3600.802;3.273;557.745;1382.996;2781.393;559.940;3307.160;3584.022;401.924;2148.227;-1.416;1242.844;1.850;3597.851;1346.694;3597.644;2953.723;3359.142;567.311;62.221;2174.952;-1.565;3085.649;1119.674;2498.055;3580.610;2016.296;8.142;202.628;2255.721;1608.556;2524.401;1197.795;2426.307;1006.433;2263.423;2786.291;721.447;1053.436;1792.876;2884.629;726.401;1756.474;2459.133;3506.914;1006.870;2451.351;412.898;1519.582;16.069;3595.729;1842.720;3462.661;1450.832;3359.800;914.387;848.084;2197.336;3170.964;3489.967;2125.679;-0.182;2007.314;922.916;2700.236;3551.440;1678.454;2375.207;36.176;1907.438;464.871;2331.055;1202.085;2879.848;0.310;80.991;2690.055;1903.636;2032.364;3448.717;1623.797;2838.820;1887.935;3305.002;2834.252;344.878;1004.084;3170.145;720.164;512.612;1644.270;1510.043;2639.309;1441.254,863.087;1384.924;1501.068;3372.992;3611.568;1982.253;17.335;2388.889;2216.103;2946.788;1241.559;28.463;2011.117;632.049;2709.618;3108.590;1562.670;3553.143;604.320;3611.072;1764.448;2521.880;2640.997;3609.339;3610.655;-6.121;-6.917;1933.318;0.648;2451.813;1968.240;2211.800;1616.838;965.352;3352.780;2434.152;4.165;427.459;2036.604;690.074;1350.648;2862.847;1517.954;3362.342;2703.236;2075.422;344.893;1726.706;2839.610;3596.767;217.431;347.690;2579.882;3111.999;196.346;2816.849;2815.524;2537.208;1064.700;1482.074;1326.243;3040.598;756.857;1186.781;3570.019;3236.613;3609.579;3224.810;314.306;-8.169;1729.808;3049.336;3190.696;2172.607;3590.402;557.038;465.534;867.389;1045.726;993.575;168.840;1302.743;-6.721;1831.169;3317.917;1751.813;2384.556;2186.994;3563.401;2591.032;2889.119;867.619;3495.895;582.803;1165.100;2410.896;975.075;3597.518;3192.334;420.521
169,306.1529612541199,168,-558.6847941778974,558.6847941778974,0.22277357006102133,3531.411;2127.530;3604.293;2890.759;2788.528;625.518;3598.177;-0.606;549.117;1381.145;2788.940;551.083;3299.949;3580.377;411.125;2157.279;6.674;1234.215;-5.010;3603.506;1349.426;3599.625;2949.261;3364.618;567.774;53.692;2183.250;-1.175;3091.120;1111.953;2499.074;3588.825;2014.306;0.491;211.770;2247.405;1600.102;2517.709;1203.419;2428.526;1014.919;2255.758;2777.619;730.106;1045.576;1800.026;2878.598;719.307;1764.126;2457.891;3512.891;1000.255;2459.343;404.450;1512.046;7.199;3602.169;1850.975;3470.412;1442.583;3351.118;919.268;840.614;2188.734;3178.305;3490.758;2120.678;-9.046;2000.481;923.011;2700.155;3550.984;1686.782;2371.575;31.016;1916.484;468.149;2330.942;1210.609;2872.209;3.747;73.268;2686.597;1906.091;2031.131;3446.767;1617.177;2842.247;1881.182;3298.739;2840.719;351.347;1013.193;3176.021;711.301;518.432;1640.055;1503.661;2633.457;1449.466,856.674;1385.791;1492.769;3364.762;3602.688;1976.335;9.498;2397.544;2208.254;2947.996;1234.501;22.641;2010.572;633.276;2708.783;3102.042;1563.370;3562.374;613.228;3605.238;1767.203;2513.830;2646.194;3601.685;3601.965;1.586;1.607;1941.596;-7.320;2443.089;1976.508;2204.125;1615.698;974.353;3346.345;2442.333;-2.167;429.732;2032.706;692.321;1342.419;2862.113;1519.086;3354.974;2706.592;2067.448;348.705;1734.798;2841.259;3587.860;211.442;340.537;2572.819;3110.318;189.615;2823.969;2809.545;2531.444;1064.660;1484.560;1334.159;3049.051;750.357;1178.104;3561.163;3230.979;3602.620;3234.013;309.926;0.722;1730.202;3049.092;3181.581;2174.375;3597.189;563.280;456.790;863.536;1039.005;990.085;177.171;1310.749;1.374;1832.502;3325.097;1750.349;2392.654;2185.307;3558.906;2597.587;2886.343;858.557;3486.599;585.634;1173.857;2402.987;981.491;3598.059;3199.369;421.655
170,307.85569763183594,169,-558.5703783110978,558.5703783110978,0.2974049490261654,3523.633;2121.527;3597.581;2889.015;2791.387;617.214;3600.512;6.133;557.723;1374.712;2798.103;558.833;3305.917;3588.934;420.261;2165.636;13.911;1227.553;3.788;3596.905;1358.417;3607.917;2955.516;3372.197;568.544;54.504;2174.846;-8.736;3082.219;1105.949;2490.109;3596.389;2017.757;-8.581;219.379;2255.181;1593.123;2515.473;1211.655;2433.142;1013.800;2246.869;2768.403;723.474;1041.888;1806.126;2886.240;710.495;1772.114;2450.028;3521.903;1008.574;2466.165;396.094;1519.683;1.563;3593.629;1851.304;3471.757;1439.997;3342.296;910.549;835.310;2180.279;3175.214;3499.153;2129.461;-1.850;1991.967;914.379;2698.815;3547.101;1678.651;2363.329;29.621;1925.586;472.581;2337.716;1205.277;2863.791;-1.820;80.198;2685.984;1914.182;2022.443;3454.964;1617.912;2848.906;1889.448;3296.562;2835.006;342.945;1022.405;3183.623;717.053;509.561;1648.973;1511.362;2631.475;1441.925,865.365;1378.097;1495.277;3355.569;3595.092;1967.304;0.364;2406.731;2199.093;2953.413;1225.387;17.992;2001.867;642.229;2717.557;3093.051;1554.630;3558.959;609.188;3596.504;1758.330;2522.086;2655.217;3607.951;3595.696;8.353;6.389;1950.767;1.590;2433.891;1982.690;2195.318;1608.431;983.578;3347.534;2448.916;-2.206;420.886;2040.808;684.601;1343.267;2868.934;1517.274;3348.875;2697.692;2058.263;340.938;1743.926;2850.223;3578.765;216.014;331.387;2563.755;3119.205;197.538;2816.443;2816.989;2537.623;1073.670;1475.657;1343.200;3040.813;758.914;1169.864;3553.593;3235.341;3608.875;3234.462;318.534;-1.351;1732.710;3057.385;3188.312;2183.307;3606.314;554.748;447.605;870.609;1039.587;981.045;175.149;1306.133;3.572;1841.312;3331.592;1741.933;2397.727;2192.174;3557.110;2589.584;2879.307;849.439;3485.174;577.192;1179.644;2394.954;988.840;3606.205;3208.422;430.661
171,309.6933605670929,170,-558.6442188982994,558.6442188982994,0.22093753494649732,3528.255;2128.232;3598.984;2880.057;2800.348;620.590;3592.091;-1.476;550.085;1381.465;2801.152;567.099;3306.405;3581.820;419.111;2171.846;21.692;1236.017;3.773;3602.317;1366.029;3599.316;2957.167;3381.258;559.678;45.642;2182.501;0.114;3089.026;1097.969;2489.853;3592.969;2014.471;-0.205;211.358;2263.598;1584.060;2506.559;1220.610;2438.059;1004.944;2237.945;2759.675;722.069;1032.900;1811.819;2891.055;701.390;1764.321;2458.499;3530.950;1000.880;2461.953;403.797;1512.501;-7.195;3600.111;1842.422;3480.707;1445.479;3350.462;915.253;844.098;2173.383;3166.709;3508.283;2134.770;5.183;1982.845;908.432;2707.712;3538.126;1670.096;2364.028;30.001;1934.761;463.766;2346.628;1213.617;2854.754;6.798;71.882;2677.040;1915.483;2029.461;3463.248;1620.289;2841.449;1881.640;3288.706;2843.305;333.929;1015.077;3190.673;722.144;517.289;1640.749;1520.473;2638.506;1449.564,869.228;1378.170;1502.170;3348.956;3596.730;1972.968;-8.470;2404.492;2192.482;2961.756;1232.282;9.394;2001.330;635.765;2715.256;3099.955;1561.747;3553.986;601.020;3601.607;1753.296;2526.732;2647.387;3599.322;3598.926;0.106;0.010;1945.344;5.170;2435.375;1975.650;2197.306;1601.767;991.286;3356.419;2440.965;-10.559;412.309;2049.302;675.527;1351.950;2860.613;1509.158;3355.269;2696.333;2064.590;336.562;1738.596;2846.700;3586.272;224.994;339.005;2571.758;3111.064;206.548;2808.845;2813.327;2546.477;1076.156;1476.215;1338.695;3047.428;767.442;1160.729;3560.810;3244.317;3600.216;3225.798;311.592;5.526;1741.080;3048.818;3181.951;2184.163;3599.029;554.760;449.401;879.322;1031.403;974.007;183.801;1297.292;-1.127;1847.374;3338.464;1740.045;2389.543;2197.682;3566.002;2588.549;2887.516;850.943;3493.745;578.460;1171.131;2403.448;996.967;3597.640;3201.290;434.815
172,311.56007647514343,171,-558.8365810101253,558.8365810101253,0.21030984102224984,3536.566;2119.572;3591.116;2886.486;2794.173;612.268;3595.593;6.650;555.392;1380.330;2799.153;574.732;3315.127;3582.479;425.657;2176.733;28.577;1242.229;8.889;3595.549;1358.582;3602.600;2948.367;3381.707;555.526;44.165;2174.579;1.967;3081.525;1089.042;2481.136;3598.434;2023.193;0.127;206.524;2268.596;1581.878;2512.231;1229.718;2429.364;1012.190;2229.127;2755.643;713.283;1038.774;1820.701;2900.008;693.381;1755.307;2467.299;3536.434;994.829;2468.199;410.965;1519.140;1.566;3594.163;1847.784;3474.083;1454.409;3357.450;907.155;845.409;2181.921;3157.743;3512.548;2126.193;-1.788;1989.121;916.636;2715.982;3542.432;1661.536;2372.343;21.789;1932.520;471.229;2349.056;1205.752;2855.448;5.797;75.541;2671.358;1908.666;2038.419;3469.525;1629.185;2850.017;1889.632;3279.967;2837.697;324.819;1020.761;3183.950;713.419;512.301;1645.164;1516.463;2640.821;1452.112,876.822;1369.472;1494.086;3339.969;3591.060;1980.940;-0.058;2396.345;2187.114;2970.743;1236.937;0.304;2005.629;637.821;2721.194;3093.094;1558.082;3561.287;592.137;3607.091;1744.502;2535.579;2638.567;3593.362;3607.046;-5.224;-8.848;1948.210;-2.188;2433.564;1973.821;2205.781;1609.587;996.263;3349.994;2435.055;-1.765;408.727;2049.160;668.460;1353.597;2866.475;1500.867;3364.234;2687.976;2068.930;328.219;1744.643;2844.881;3590.202;228.821;347.023;2575.718;3103.929;203.879;2799.802;2822.087;2549.261;1068.018;1467.608;1346.804;3044.025;768.098;1168.577;3569.631;3242.201;3598.916;3223.304;317.298;1.352;1745.043;3052.528;3190.294;2191.385;3598.420;546.465;441.129;878.938;1023.548;967.617;192.377;1304.508;6.702;1839.872;3344.223;1748.148;2395.771;2190.790;3572.467;2579.748;2895.002;843.360;3493.823;586.802;1178.045;2412.387;1005.988;3591.508;3208.862;437.924
173,313.454208612442,172,-558.822443149372,558.822443149372,0.4182638974901435,3535.973;2110.566;3585.029;2895.329;2802.495;614.343;3589.562;15.556;553.280;1389.017;2807.336;567.215;3309.497;3574.425;418.863;2185.599;37.511;1251.161;17.727;3595.980;1365.204;3609.938;2939.326;3390.425;546.658;37.285;2173.128;-3.293;3074.033;1096.454;2472.164;3589.946;2032.189;7.957;215.120;2260.304;1584.438;2521.123;1236.015;2437.138;1011.720;2220.193;2755.917;705.952;1040.406;1829.226;2906.825;684.380;1746.256;2470.159;3545.343;985.913;2477.067;416.380;1522.912;2.391;3585.249;1845.120;3481.026;1445.899;3366.397;914.874;853.972;2177.117;3148.857;3521.384;2119.449;-10.492;1989.338;925.631;2724.562;3546.795;1654.324;2381.257;13.122;1932.584;479.827;2341.422;1198.286;2846.661;-0.793;67.029;2662.835;1899.837;2037.903;3477.715;1630.398;2859.041;1882.343;3287.526;2828.866;316.162;1012.745;3192.365;704.898;503.855;1652.574;1524.184;2632.006;1460.787,885.803;1371.318;1500.920;3330.933;3599.703;1989.943;1.971;2387.339;2178.804;2979.791;1245.819;-8.742;1996.903;629.268;2730.107;3098.573;1549.288;3553.009;583.258;3615.993;1736.397;2544.622;2629.855;3585.225;3609.594;-13.648;-0.529;1956.105;6.315;2424.821;1982.571;2214.794;1618.584;997.321;3341.111;2439.737;-7.235;399.864;2040.430;660.648;1351.356;2875.124;1491.902;3372.969;2682.852;2077.796;319.207;1749.540;2836.681;3582.692;220.846;356.018;2573.043;3094.999;209.600;2790.756;2831.104;2541.786;1064.253;1458.577;1348.901;3052.524;759.480;1177.234;3577.944;3234.458;3598.164;3231.833;314.918;1.107;1736.311;3059.872;3198.329;2183.148;3591.628;551.883;432.113;887.358;1014.606;958.681;201.407;1297.043;1.154;1830.890;3353.015;1757.128;2399.693;2198.420;3577.743;2570.712;2903.932;848.619;3502.171;580.182;1186.997;2421.107;997.792;3584.184;3217.552;446.543
174,315.16613388061523,173,-558.7425524796947,558.7425524796947,0.19222876098229905,3544.725;2104.469;3592.675;2893.263;2800.139;623.119;3580.711;17.266;544.951;1383.090;2806.760;558.435;3317.474;3565.493;427.444;2191.962;42.789;1260.143;14.050;3603.805;1373.938;3601.380;2937.773;3388.854;547.809;28.388;2181.461;5.028;3082.168;1091.605;2472.798;3597.138;2034.766;12.849;221.515;2264.801;1576.081;2518.022;1243.360;2432.590;1003.024;2212.357;2755.014;697.051;1048.614;1838.180;2915.110;679.077;1748.823;2461.939;3554.232;977.783;2470.011;407.819;1531.691;-4.139;3580.430;1836.340;3472.937;1436.935;3371.532;917.327;856.083;2185.278;3141.535;3529.588;2127.820;-1.999;1981.156;930.820;2730.177;3555.226;1646.084;2388.179;4.207;1941.224;479.366;2335.318;1203.362;2838.301;7.675;58.446;2655.434;1892.183;2029.172;3470.758;1631.588;2867.913;1888.546;3296.282;2835.276;307.619;1012.057;3190.531;712.216;496.139;1659.866;1530.376;2633.380;1467.733,894.730;1379.017;1509.811;3325.698;3597.220;1998.604;-4.997;2383.656;2169.893;2988.262;1252.059;-2.649;1992.858;628.278;2736.165;3107.394;1555.564;3544.053;587.422;3607.520;1730.439;2553.399;2622.248;3592.886;3600.913;-5.125;-1.716;1948.653;5.386;2425.988;1977.852;2220.441;1611.349;1006.069;3343.527;2431.322;0.245;395.475;2046.060;656.340;1359.981;2883.576;1488.586;3377.017;2690.509;2079.831;313.324;1741.349;2827.734;3590.095;229.125;362.545;2581.515;3086.431;201.382;2784.639;2825.904;2550.164;1055.495;1449.871;1341.136;3047.328;765.655;1171.375;3582.735;3242.964;3602.601;3236.416;306.184;9.198;1731.470;3052.572;3204.046;2185.370;3599.755;547.527;427.004;895.089;1006.200;951.751;206.880;1290.610;-4.874;1834.445;3344.595;1751.978;2391.051;2206.759;3586.501;2570.113;2901.680;840.150;3511.121;572.370;1188.304;2417.276;996.740;3586.432;3216.676;455.508
175,317.0194284915924,174,-558.9133243151041,558.9133243151041,0.1694758350200946,3537.957;2097.223;3601.522;2901.722;2792.160;618.311;3588.954;9.525;549.117;1374.902;2814.604;549.518;3326.305;3570.223;435.368;2184.805;50.678;1267.347;5.547;3595.310;1368.741;3598.582;2946.270;3393.919;556.053;30.032;2176.647;1.047;3088.095;1099.820;2481.395;3605.938;2027.006;4.726;219.027;2258.688;1582.435;2516.278;1235.484;2435.965;997.415;2217.196;2763.522;689.318;1056.123;1831.201;2922.028;678.002;1749.084;2453.466;3549.820;978.608;2470.133;404.202;1523.767;3.519;3588.136;1835.256;3480.262;1428.481;3363.197;909.937;864.374;2193.693;3132.714;3521.948;2135.833;-2.712;1989.350;929.281;2721.829;3548.895;1644.242;2381.243;-4.427;1939.113;484.642;2326.527;1212.121;2844.682;10.348;63.645;2663.350;1900.703;2021.433;3461.935;1635.761;2876.216;1896.753;3295.732;2828.426;299.845;1003.701;3185.515;706.134;490.024;1668.718;1522.180;2636.599;1460.018,889.646;1370.572;1503.747;3330.054;3603.202;1994.752;-1.382;2389.300;2167.000;2986.089;1245.519;4.959;1986.327;636.732;2731.186;3099.341;1560.688;3545.909;579.003;3599.914;1732.661;2545.522;2629.295;3590.808;3597.997;2.286;5.681;1939.799;4.507;2417.851;1983.636;2215.997;1610.783;1000.265;3336.501;2439.074;6.747;403.417;2038.403;663.301;1351.954;2892.397;1481.364;3385.729;2694.031;2071.542;321.349;1749.522;2819.289;3583.065;223.762;354.435;2575.828;3085.334;192.491;2792.412;2819.195;2544.938;1063.585;1457.513;1349.440;3038.718;767.238;1163.902;3590.952;3238.232;3594.855;3240.289;313.803;1.528;1726.076;3060.238;3212.781;2193.851;3608.268;539.803;434.350;886.812;1001.242;959.882;205.914;1295.753;3.487;1842.361;3344.146;1746.163;2384.856;2215.549;3595.301;2577.858;2894.361;845.807;3505.548;563.499;1188.636;2425.523;989.705;3595.145;3224.858;447.707
176,318.9023971557617,175,-559.3210282218754,559.3210282218754,0.3187836123833496,3545.564;2104.610;3594.520;2904.850;2783.588;609.607;3597.769;9.729;552.168;1382.911;2823.296;543.265;3334.134;3578.926;427.551;2176.019;59.493;1261.624;-3.287;3602.499;1360.025;3606.279;2946.444;3385.718;564.082;21.634;2167.973;-7.545;3095.249;1095.796;2485.945;3598.467;2018.497;11.672;225.633;2266.962;1591.148;2507.647;1234.018;2427.922;989.022;2225.483;2755.166;695.660;1053.905;1822.448;2914.144;686.557;1740.498;2461.658;3541.126;972.225;2461.693;398.187;1531.019;-2.909;3596.874;1843.765;3472.621;1436.267;3356.973;901.206;873.194;2185.810;3124.049;3521.084;2144.628;-0.494;1998.177;937.210;2712.991;3552.641;1652.750;2389.672;3.698;1930.462;490.278;2334.118;1208.416;2853.129;6.687;58.722;2671.961;1909.513;2012.778;3454.676;1644.451;2884.917;1893.277;3287.126;2829.068;294.338;994.868;3192.450;698.306;492.318;1677.216;1519.324;2643.627;1451.236,887.379;1378.068;1495.079;3338.652;3611.879;1986.554;-9.615;2381.312;2175.328;2977.664;1253.340;12.404;1993.087;630.071;2735.581;3093.077;1552.657;3544.554;585.196;3606.082;1741.287;2537.562;2638.068;3582.950;3604.280;2.303;-0.923;1930.977;-2.762;2411.170;1989.693;2207.595;1602.173;1007.660;3344.626;2445.275;5.179;411.985;2040.741;654.830;1359.134;2901.180;1474.739;3383.787;2702.624;2064.423;320.870;1757.895;2810.491;3574.288;223.195;360.495;2567.339;3078.308;199.440;2795.862;2810.822;2548.282;1067.244;1456.034;1344.640;3030.313;760.359;1156.826;3583.661;3242.648;3602.937;3231.960;313.650;-7.234;1718.282;3053.335;3205.344;2187.097;3600.182;548.098;438.337;881.236;1000.125;960.249;209.134;1288.244;-4.367;1850.885;3352.716;1753.699;2386.259;2224.383;3597.237;2586.449;2886.284;837.644;3507.616;568.881;1181.652;2434.000;980.997;3603.699;3217.684;449.205
177,320.81247425079346,176,-559.3130049404724,559.3130049404724,0.21798387970679453,3550.568;2097.446;3599.266;2897.069;2774.836;611.583;3597.980;1.828;546.763;1377.877;2822.327;544.025;3326.126;3578.259;435.459;2171.231;63.078;1261.888;-5.861;3600.460;1366.609;3600.044;2954.052;3389.091;557.129;12.932;2171.868;0.052;3103.920;1102.454;2493.324;3601.263;2020.797;4.714;221.618;2264.744;1599.940;2511.322;1225.968;2419.695;980.266;2233.926;2758.831;704.346;1062.302;1819.716;2905.516;680.717;1732.003;2464.300;3540.851;979.041;2467.795;389.520;1522.976;2.636;3595.379;1851.043;3474.585;1433.324;3361.194;895.422;881.917;2190.440;3131.615;3524.595;2137.190;-6.135;2000.901;931.482;2712.889;3561.169;1661.510;2387.180;8.660;1923.405;485.061;2341.940;1201.000;2851.035;14.975;63.426;2680.694;1910.651;2020.048;3449.111;1636.516;2884.589;1884.665;3293.590;2820.564;302.244;996.818;3201.110;692.719;497.956;1674.472;1526.304;2650.818;1452.780,878.847;1375.097;1493.939;3345.520;3603.534;1993.517;-1.438;2373.489;2182.896;2985.099;1261.610;14.608;1994.281;623.420;2741.073;3091.197;1544.522;3553.091;593.724;3606.363;1735.605;2534.471;2643.251;3584.329;3596.814;-5.605;-4.268;1936.802;5.414;2404.586;1981.799;2202.950;1599.615;1014.238;3345.899;2440.262;0.368;406.481;2033.813;646.388;1366.550;2892.944;1466.664;3376.115;2711.206;2071.053;329.420;1751.531;2803.502;3581.211;230.034;361.650;2573.396;3086.404;192.594;2787.884;2811.616;2539.982;1070.138;1448.405;1338.891;3028.837;751.701;1165.114;3575.296;3240.841;3606.566;3227.379;312.142;0.338;1709.857;3052.960;3197.037;2185.728;3601.112;554.461;431.820;875.311;993.726;965.630;217.672;1279.505;2.016;1843.677;3346.039;1753.714;2394.696;2233.140;3604.141;2593.668;2879.815;833.810;3501.177;569.180;1173.007;2440.116;983.183;3597.535;3214.354;448.008
178,322.53629970550537,177,-559.2925859940324,559.2925859940324,0.2929369538999169,3558.611;2091.587;3596.407;2904.154;2766.987;603.961;3591.010;-6.857;555.210;1383.823;2815.295;535.798;3317.576;3570.493;440.320;2175.833;55.529;1259.672;2.559;3608.308;1375.247;3604.800;2962.685;3391.397;551.135;15.990;2178.003;5.021;3096.490;1094.082;2500.737;3596.971;2014.569;10.143;230.086;2256.226;1600.864;2503.106;1217.276;2423.972;974.317;2242.628;2767.254;710.405;1070.888;1819.801;2909.850;672.150;1723.460;2460.620;3549.011;970.778;2475.513;388.510;1515.966;-3.953;3586.923;1845.441;3482.208;1425.101;3355.393;887.157;890.636;2193.212;3133.280;3533.148;2144.461;2.132;1993.930;939.358;2721.297;3561.331;1658.549;2378.742;0.455;1929.501;493.558;2342.786;1192.339;2842.882;7.127;55.379;2689.282;1918.794;2017.098;3457.489;1631.945;2890.679;1878.411;3301.039;2821.931;293.928;1004.558;3193.625;684.112;506.475;1682.141;1534.936;2642.597;1460.726,870.161;1381.881;1494.966;3347.282;3595.892;1986.101;-4.218;2379.834;2191.561;2991.953;1254.395;8.452;1985.794;614.867;2733.852;3082.722;1539.010;3560.174;586.225;3598.652;1727.043;2526.093;2639.293;3575.938;3604.188;2.215;4.065;1945.191;2.328;2412.938;1987.695;2211.203;1607.661;1006.236;3354.130;2432.897;-8.205;398.131;2025.291;645.544;1372.155;2884.400;1459.135;3371.623;2719.405;2068.226;334.864;1755.911;2794.880;3589.590;238.116;353.537;2581.424;3094.511;186.597;2779.375;2820.126;2539.985;1078.480;1439.719;1333.241;3027.300;742.979;1171.833;3582.942;3249.233;3598.135;3218.814;320.596;-1.577;1701.310;3045.573;3204.836;2194.142;3597.156;559.374;426.046;882.458;1002.131;973.309;226.394;1286.431;-5.699;1836.248;3351.015;1759.223;2399.315;2238.272;3611.791;2585.794;2887.843;834.531;3502.557;577.677;1174.659;2431.870;987.553;3601.410;3222.640;441.019
179,324.4111635684967,178,-559.1102187537629,559.1102187537629,0.16850237991919775,3561.033;2099.674;3588.682;2897.227;2775.055;595.960;3585.435;1.276;551.766;1392.028;2822.596;527.961;3318.166;3562.635;442.298;2168.005;46.940;1266.360;2.071;3600.095;1374.672;3596.755;2955.606;3399.755;556.691;9.600;2169.750;8.252;3088.118;1086.272;2492.612;3605.152;2006.032;17.959;238.274;2262.219;1595.491;2510.895;1225.246;2420.606;981.611;2235.219;2760.686;716.094;1063.927;1812.079;2914.083;672.442;1728.600;2468.931;3556.312;963.038;2484.136;382.601;1522.195;4.047;3584.354;1837.141;3474.821;1429.654;3363.576;878.754;893.199;2195.271;3138.132;3537.105;2150.414;-3.554;2001.551;947.615;2727.863;3569.757;1652.690;2370.481;-7.038;1921.602;500.817;2334.395;1187.948;2834.234;3.531;46.812;2695.918;1920.152;2011.273;3462.075;1639.412;2899.173;1886.019;3293.899;2829.734;291.441;1012.607;3195.910;681.272;515.137;1677.258;1530.820;2634.979;1457.847,863.925;1390.367;1486.844;3339.059;3599.030;1978.805;2.188;2373.002;2198.291;2998.309;1256.681;14.178;1981.564;606.499;2737.732;3080.791;1546.875;3567.871;578.417;3596.925;1720.690;2528.650;2633.341;3578.324;3597.080;-0.811;-1.369;1948.712;-5.871;2409.358;1979.653;2217.621;1602.989;1008.779;3362.554;2440.681;-2.105;403.856;2032.517;643.259;1380.659;2876.301;1451.713;3379.873;2713.579;2069.438;339.578;1757.621;2795.333;3596.418;232.284;354.026;2589.911;3102.327;194.573;2773.933;2822.224;2531.975;1073.550;1434.739;1341.228;3034.120;738.611;1166.510;3588.437;3242.976;3596.805;3210.338;327.579;-1.196;1709.492;3052.658;3210.239;2191.641;3591.257;551.031;433.139;874.364;1009.142;965.918;231.940;1294.741;1.637;1834.028;3351.212;1766.683;2398.410;2246.672;3603.435;2577.390;2896.446;826.150;3507.661;583.888;1166.482;2431.595;993.055;3598.681;3229.591;438.960
180,326.3091559410095,179,-559.4048358361067,559.4048358361067,0.20119031818571484,3569.126;2094.609;3595.196;2904.469;2771.520;602.173;3591.594;-0.528;543.486;1384.632;2822.953;521.524;3325.908;3566.880;437.462;2159.968;41.016;1258.339;0.441;3605.300;1368.156;3596.882;2960.131;3397.034;564.727;1.147;2172.559;0.680;3083.213;1087.720;2492.963;3597.887;1998.613;13.231;237.833;2268.398;1587.030;2514.191;1230.638;2412.179;980.596;2238.981;2767.275;708.131;1057.378;1803.551;2922.532;680.366;1726.587;2469.490;3560.530;963.671;2481.434;384.755;1530.702;6.391;3588.803;1833.059;3471.023;1438.021;3369.986;882.997;892.264;2203.581;3130.107;3537.458;2157.017;2.877;2002.369;948.191;2721.278;3565.329;1644.388;2375.892;0.600;1920.509;495.165;2337.687;1180.137;2839.921;5.886;51.680;2688.750;1928.235;2015.280;3455.884;1647.466;2904.986;1890.116;3289.965;2827.369;295.575;1012.947;3188.479;673.337;508.306;1675.334;1522.728;2630.896;1450.393,857.148;1383.633;1493.911;3346.879;3606.052;1974.071;-1.023;2364.470;2205.400;2990.477;1249.171;6.197;1986.252;607.963;2729.449;3072.782;1543.325;3561.333;573.868;3605.201;1728.063;2520.656;2641.557;3570.317;3604.089;-6.652;4.299;1941.631;1.950;2416.822;1985.591;2225.945;1609.910;1001.073;3368.487;2432.632;2.026;401.498;2039.476;634.917;1374.262;2872.864;1459.973;3388.311;2719.886;2061.099;333.650;1765.936;2798.884;3594.369;240.352;345.771;2598.364;3110.452;188.001;2765.772;2829.921;2538.707;1065.227;1426.446;1333.600;3025.966;730.310;1161.943;3596.322;3248.629;3594.692;3202.152;335.711;4.521;1703.568;3044.479;3218.515;2194.455;3598.692;557.481;440.936;876.373;1017.682;973.840;240.395;1302.667;-1.928;1841.588;3352.369;1758.789;2390.033;2240.394;3597.821;2573.075;2900.106;832.392;3499.336;586.115;1163.246;2438.548;1001.540;3606.829;3227.926;430.559
181,328.02249693870544,180,-559.5458968363569,559.5458968363569,0.29746313323688245,3561.121;2100.647;3587.173;2897.511;2779.406;610.269;3587.821;2.072;539.457;1376.173;2822.217;529.621;3334.399;3575.139;443.841;2152.343;32.601;1249.824;-7.577;3599.839;1360.793;3603.633;2952.212;3389.273;573.247;7.409;2164.500;-4.629;3074.836;1087.012;2484.682;3604.427;2006.703;8.776;246.023;2276.006;1594.052;2515.220;1229.853;2419.521;972.485;2231.612;2765.671;699.632;1048.928;1811.353;2918.434;680.641;1732.674;2464.684;3567.784;955.671;2489.442;376.485;1529.042;-1.600;3597.063;1825.017;3478.978;1442.382;3363.758;891.165;884.007;2195.492;3137.764;3529.858;2149.209;7.022;2010.537;956.426;2719.546;3557.177;1651.924;2384.255;-4.957;1913.397;502.810;2330.165;1180.002;2837.026;-2.232;59.098;2693.011;1920.224;2023.664;3456.399;1642.347;2897.599;1898.452;3282.920;2819.024;288.902;1021.230;3196.476;679.463;513.461;1683.606;1530.537;2638.934;1441.947,848.678;1390.305;1502.249;3350.963;3600.154;1980.994;-3.736;2359.325;2213.485;2985.806;1256.416;0.359;1994.648;604.928;2721.130;3079.025;1551.030;3568.219;566.026;3600.350;1735.686;2512.211;2648.426;3563.747;3612.123;1.271;6.244;1940.523;-0.966;2415.658;1977.772;2234.425;1608.053;1008.798;3376.914;2424.729;-4.815;407.425;2032.351;637.929;1380.908;2864.677;1468.507;3389.321;2713.209;2068.829;337.631;1762.409;2791.538;3602.214;233.498;345.756;2606.855;3102.842;190.972;2772.889;2838.117;2547.156;1073.122;1429.950;1325.094;3031.966;735.921;1153.559;3604.174;3240.825;3602.417;3193.720;329.273;3.662;1697.979;3037.205;3223.436;2202.764;3591.262;557.039;444.027;869.150;1010.236;969.274;243.930;1310.133;-7.814;1833.437;3344.061;1750.272;2381.971;2245.443;3605.355;2565.404;2908.125;826.283;3492.234;581.753;1154.924;2430.822;1008.962;3599.062;3226.110;427.988
182,329.8794949054718,181,-559.4335247224379,559.4335247224379,0.17284035681425666,3559.557;2093.700;3585.532;2897.525;2784.270;609.364;3588.920;-4.892;531.201;1367.688;2827.666;525.705;3337.861;3580.328;445.101;2155.985;33.619;1256.500;0.289;3597.121;1359.374;3595.888;2945.856;3395.842;578.375;3.936;2163.458;3.453;3080.203;1095.147;2489.796;3601.419;2004.607;16.657;253.104;2271.354;1594.719;2516.638;1237.251;2417.855;964.034;2223.249;2772.970;695.047;1055.292;1814.797;2922.590;687.444;1739.170;2472.490;3576.172;948.833;2485.078;368.641;1524.345;1.028;3604.529;1829.909;3482.751;1450.390;3371.601;898.573;876.842;2188.094;3141.975;3537.837;2151.195;-0.482;2009.731;964.009;2711.802;3555.291;1650.043;2391.927;0.955;1920.741;499.314;2323.735;1187.464;2844.858;4.358;51.218;2694.540;1918.763;2017.167;3448.812;1647.239;2905.511;1906.723;3274.504;2826.037;296.553;1014.592;3196.849;672.267;505.856;1677.519;1531.748;2631.636;1447.654,849.875;1392.892;1510.713;3351.245;3604.329;1988.641;4.386;2351.177;2217.405;2977.621;1249.467;-5.941;1996.163;612.965;2712.692;3086.752;1543.060;3560.775;569.175;3603.819;1729.628;2516.195;2644.515;3555.702;3604.341;2.471;13.524;1946.273;2.560;2419.722;1979.761;2231.516;1615.910;1015.189;3378.077;2422.488;2.921;415.560;2031.521;645.524;1388.560;2860.620;1463.828;3387.932;2704.816;2076.276;330.124;1770.537;2799.243;3594.648;228.214;344.513;2614.831;3107.469;191.934;2780.816;2835.932;2543.812;1074.728;1435.670;1318.375;3039.224;730.882;1160.275;3596.403;3237.154;3596.126;3186.039;331.452;-4.086;1689.615;3035.626;3215.859;2197.078;3584.846;549.719;435.859;876.740;1007.618;961.770;236.368;1302.776;0.276;1828.298;3347.425;1757.590;2373.665;2251.387;3600.085;2572.050;2916.239;831.633;3500.176;573.423;1146.718;2433.321;1002.945;3599.692;3234.337;419.942
183,331.76675844192505,182,-559.3632810194408,559.3632810194408,0.2383422183250716,3567.180;2098.909;3591.057;2893.540;2790.881;601.866;3580.722;2.722;538.942;1363.794;2835.918;517.520;3345.665;3588.609;436.902;2147.846;37.615;1249.703;3.461;3600.939;1354.892;3589.959;2941.818;3404.126;586.069;-4.314;2169.186;-3.737;3087.668;1103.552;2497.137;3593.265;2005.989;24.995;256.771;2278.931;1602.431;2524.851;1233.949;2416.549;956.684;2226.475;2765.047;688.700;1047.789;1810.717;2930.721;695.792;1731.275;2469.357;3581.690;956.776;2484.335;360.694;1518.018;-6.685;3612.862;1838.169;3474.786;1458.446;3375.486;890.997;868.660;2181.274;3135.341;3544.583;2159.197;-4.502;2015.938;957.124;2703.425;3547.073;1644.581;2388.426;9.114;1913.899;497.157;2327.534;1191.979;2848.383;-1.811;46.683;2686.545;1924.475;2013.686;3455.807;1655.183;2904.749;1900.931;3276.794;2828.859;293.728;1019.559;3197.323;664.233;500.321;1672.603;1535.011;2631.421;1449.212,857.487;1399.884;1516.127;3359.355;3596.225;1995.628;-0.205;2352.415;2209.789;2984.226;1249.838;2.219;1996.919;606.636;2704.282;3079.620;1540.045;3557.985;577.347;3598.648;1724.784;2518.708;2638.502;3552.628;3599.261;-3.820;21.747;1954.538;9.906;2427.906;1985.460;2226.773;1622.823;1010.697;3384.489;2421.414;1.710;409.496;2039.530;644.483;1394.875;2852.533;1455.674;3393.491;2710.506;2081.421;321.896;1778.223;2795.489;3601.164;220.627;352.165;2622.795;3100.847;183.859;2786.522;2843.721;2543.812;1067.800;1428.721;1314.969;3045.578;723.325;1166.368;3601.560;3244.580;3588.748;3180.510;339.407;4.009;1681.603;3027.579;3207.856;2199.476;3577.786;557.488;427.774;884.246;1004.102;956.883;235.755;1294.517;-1.153;1820.921;3355.374;1759.665;2367.287;2259.690;3599.163;2564.628;2920.135;839.890;3506.568;566.289;1140.326;2425.662;995.500;3597.980;3238.959;411.583
184,333.4718804359436,183,-559.5449917939619,559.5449917939619,0.20823736327181275,3565.649;2099.732;3599.293;2901.518;2783.416;609.761;3580.057;-2.755;534.011;1355.704;2837.725;517.950;3340.005;3595.404;430.700;2150.204;29.667;1245.670;11.076;3609.124;1346.679;3596.988;2945.092;3396.205;578.339;-0.160;2177.418;3.437;3083.575;1099.330;2505.192;3586.176;2000.870;17.748;248.847;2272.894;1610.679;2533.090;1241.251;2419.747;948.664;2233.619;2769.288;680.822;1049.745;1804.523;2937.720;702.847;1738.466;2461.178;3589.921;958.700;2476.772;362.445;1525.831;1.222;3605.807;1845.576;3477.358;1456.052;3380.180;882.673;867.495;2188.722;3127.206;3547.538;2162.978;3.552;2024.013;960.471;2697.067;3542.285;1652.481;2381.692;6.922;1905.640;489.121;2319.633;1184.131;2856.567;5.488;43.536;2678.300;1919.284;2021.136;3464.102;1647.976;2909.904;1892.800;3284.953;2821.771;295.603;1014.010;3189.655;669.215;507.444;1674.383;1542.430;2639.293;1441.186,865.810;1392.477;1524.324;3367.568;3595.956;1987.631;-8.277;2346.264;2201.474;2977.958;1242.858;1.367;1988.870;613.393;2706.591;3073.072;1538.657;3550.440;583.548;3590.424;1732.572;2526.688;2645.731;3560.703;3598.148;3.269;30.099;1946.656;10.125;2436.243;1993.492;2218.553;1628.806;1018.678;3378.668;2413.265;-5.075;417.191;2047.791;636.448;1394.867;2856.989;1451.603;3401.728;2708.842;2089.569;313.640;1779.923;2803.395;3599.877;228.494;346.317;2627.577;3093.412;178.933;2781.099;2851.799;2551.739;1059.952;1435.756;1307.647;3053.838;715.050;1173.959;3594.659;3252.881;3596.075;3172.403;344.625;-0.346;1675.579;3032.165;3200.536;2191.934;3585.807;565.221;423.579;892.382;1011.925;964.692;227.679;1291.451;5.746;1812.919;3362.975;1767.361;2359.019;2257.432;3598.743;2566.707;2928.282;847.304;3514.792;557.984;1132.059;2417.342;987.316;3589.858;3233.183;410.984
185,335.30985593795776,184,-559.6753982657497,559.6753982657497,0.2013913754042684,3564.079;2107.769;3607.575;2897.332;2775.173;604.393;3587.969;3.754;537.778;1348.516;2829.990;525.761;3331.910;3595.644;427.264;2156.583;35.319;1247.936;4.232;3601.376;1350.528;3600.451;2938.532;3389.675;570.178;5.212;2184.373;4.911;3091.200;1105.393;2505.747;3592.098;1994.113;10.189;255.503;2264.697;1614.821;2526.262;1248.934;2427.799;952.444;2226.143;2771.723;688.017;1057.013;1812.198;2930.835;695.726;1746.028;2453.725;3594.736;951.435;2484.239;356.048;1519.247;1.722;3598.335;1853.808;3471.644;1447.970;3372.842;875.981;866.744;2183.129;3131.253;3555.600;2155.078;-1.357;2031.968;964.462;2704.133;3549.518;1660.754;2389.431;-0.896;1903.877;484.404;2324.797;1191.852;2864.475;3.770;35.420;2670.243;1913.250;2029.396;3460.772;1639.779;2918.070;1884.944;3293.196;2826.042;303.703;1006.342;3193.471;661.320;499.769;1666.452;1550.686;2647.520;1443.601,860.631;1384.533;1518.820;3375.635;3596.601;1981.414;-0.547;2338.062;2208.273;2969.747;1234.625;-2.937;1989.055;620.861;2702.074;3080.740;1546.264;3542.329;591.713;3582.908;1725.287;2527.454;2638.953;3567.714;3604.869;9.870;38.305;1940.868;5.214;2434.238;1986.480;2210.279;1621.776;1026.323;3370.803;2419.501;2.702;409.429;2054.599;644.116;1386.977;2863.245;1456.042;3405.838;2716.476;2096.668;313.383;1773.112;2802.004;3607.266;235.971;339.029;2619.943;3100.877;172.608;2788.961;2844.205;2544.174;1067.629;1439.914;1315.507;3056.012;720.985;1178.558;3586.535;3260.390;3603.656;3178.558;336.664;-2.030;1681.105;3040.320;3192.637;2196.848;3590.395;558.407;431.382;887.680;1019.479;972.868;219.532;1283.334;12.144;1816.641;3364.386;1765.829;2359.217;2265.480;3606.307;2574.808;2922.389;839.714;3520.665;549.737;1134.648;2411.504;979.023;3587.794;3225.014;416.865
186,337.1764214038849,185,-559.7739787931268,559.7739787931268,0.16528901389355397,3556.097;2103.780;3600.468;2904.943;2779.026;609.310;3596.190;1.557;545.361;1340.533;2830.786;533.586;3327.440;3602.426;419.391;2162.998;27.876;1253.719;3.946;3595.544;1342.943;3606.915;2930.419;3383.111;576.150;13.327;2184.131;10.807;3087.684;1099.214;2513.016;3599.662;1986.529;17.857;254.495;2270.437;1617.588;2521.583;1257.102;2431.035;944.841;2231.461;2778.096;685.173;1057.292;1818.248;2936.117;689.773;1754.062;2450.837;3586.885;943.647;2478.427;347.927;1523.170;1.764;3592.691;1847.434;3474.728;1442.602;3380.711;872.850;874.663;2187.575;3125.664;3549.851;2160.452;-6.086;2026.901;972.533;2701.581;3557.668;1668.780;2385.670;-1.853;1905.973;476.323;2320.312;1190.123;2860.035;-4.250;27.751;2664.772;1906.374;2024.270;3464.156;1638.833;2926.295;1888.178;3294.958;2820.089;304.545;1012.511;3191.518;663.316;491.589;1673.978;1543.523;2640.150;1436.021,867.024;1380.944;1526.335;3368.139;3598.969;1973.276;-3.256;2329.871;2202.196;2964.789;1227.104;4.692;1981.091;628.884;2709.318;3079.106;1549.940;3534.578;584.099;3588.378;1727.314;2532.955;2646.297;3565.872;3597.046;2.466;40.757;1932.914;-2.852;2442.122;1986.673;2212.184;1628.506;1031.154;3362.588;2412.422;-2.601;412.883;2051.456;652.134;1394.237;2870.374;1463.383;3413.916;2709.612;2104.547;305.827;1776.766;2809.486;3599.530;243.123;331.824;2626.904;3108.734;164.697;2792.247;2850.097;2543.004;1072.635;1447.979;1308.805;3048.396;715.225;1186.417;3593.858;3259.777;3597.706;3184.989;329.369;4.150;1680.343;3037.546;3184.420;2189.384;3598.467;551.738;439.554;890.296;1027.525;981.081;212.290;1289.505;19.113;1824.646;3372.408;1773.561;2351.498;2263.357;3598.492;2573.140;2930.077;831.521;3528.289;552.017;1129.794;2418.244;970.791;3584.067;3232.468;424.988
187,339.0670590400696,186,-559.793633934461,559.793633934461,0.22827449243590178,3562.292;2095.785;3599.389;2912.579;2771.873;614.613;3595.640;0.530;545.407;1336.434;2838.510;531.301;3335.237;3604.952;411.285;2155.266;23.674;1261.730;11.619;3601.638;1346.334;3599.083;2923.558;3375.326;572.337;8.513;2192.003;5.004;3088.551;1092.348;2506.225;3592.840;1994.129;11.468;246.561;2266.114;1625.241;2529.127;1249.404;2423.120;937.758;2239.491;2786.154;677.178;1064.995;1810.421;2944.155;697.158;1761.533;2444.907;3588.587;949.540;2470.355;354.079;1530.068;7.562;3591.222;1841.232;3481.869;1449.610;3377.826;870.004;882.790;2195.289;3119.156;3557.086;2162.038;1.638;2019.339;965.194;2693.709;3555.453;1661.482;2393.373;6.048;1913.651;481.481;2313.587;1182.396;2854.116;2.521;19.778;2671.944;1898.265;2017.366;3460.560;1646.272;2922.485;1883.574;3299.047;2826.541;312.385;1005.139;3184.247;670.491;490.467;1674.159;1549.858;2641.373;1428.343,875.052;1372.934;1534.028;3366.819;3606.894;1975.292;2.690;2321.696;2194.132;2972.622;1219.397;-1.626;1981.018;625.803;2717.218;3071.202;1542.043;3541.694;577.883;3593.334;1719.733;2540.984;2639.214;3573.217;3600.443;-5.412;48.451;1935.678;2.874;2436.831;1979.058;2218.548;1636.603;1023.356;3354.412;2404.588;-7.854;420.819;2044.232;647.099;1401.522;2878.383;1471.459;3412.771;2701.499;2096.932;298.877;1784.775;2803.276;3593.447;235.583;339.527;2621.288;3102.910;156.561;2784.602;2847.457;2550.568;1080.070;1455.934;1305.603;3055.849;722.252;1194.546;3593.785;3257.779;3605.166;3190.621;322.812;-3.640;1672.476;3044.815;3176.245;2196.614;3606.636;543.654;443.262;884.147;1033.993;977.518;208.729;1283.321;24.586;1821.522;3375.156;1767.686;2354.465;2255.828;3603.258;2567.843;2938.111;836.974;3535.957;553.760;1127.165;2426.295;964.505;3591.535;3231.612;432.450
188,340.77448415756226,187,-560.0131125449486,560.0131125449486,0.18295694874994475,3570.297;2103.208;3593.046;2905.534;2779.074;622.577;3592.635;-6.755;538.149;1328.515;2843.958;539.008;3342.604;3597.110;403.179;2150.103;23.731;1257.299;5.575;3604.256;1338.958;3600.042;2931.154;3376.761;579.981;1.616;2184.442;1.066;3081.515;1084.295;2509.482;3597.927;1986.464;6.696;239.988;2273.528;1633.320;2524.548;1241.605;2428.067;940.731;2245.943;2784.838;679.287;1057.959;1802.437;2951.544;705.236;1754.435;2451.878;3595.731;946.378;2471.096;361.813;1538.124;0.248;3598.708;1848.833;3489.787;1457.669;3370.791;862.416;875.927;2187.576;3126.783;3564.216;2154.317;-1.871;2026.909;960.353;2685.655;3549.177;1665.017;2389.055;11.730;1906.362;488.221;2321.098;1175.119;2858.704;2.352;26.271;2680.004;1905.709;2009.396;3452.617;1653.290;2929.098;1891.098;3303.203;2818.733;305.655;1009.262;3190.702;675.942;482.791;1681.620;1544.378;2643.670;1420.266,872.386;1380.435;1527.304;3365.253;3599.315;1983.102;5.060;2325.340;2196.518;2966.597;1223.722;4.370;1988.561;618.432;2709.586;3070.439;1548.266;3549.761;583.812;3601.322;1725.198;2546.531;2646.615;3580.602;3608.235;1.785;40.679;1942.917;-0.410;2443.400;1974.032;2213.656;1628.994;1028.502;3352.614;2411.145;-0.076;414.070;2037.306;653.290;1407.602;2879.667;1466.075;3404.949;2707.307;2090.242;295.613;1777.828;2809.987;3600.033;241.945;332.098;2613.426;3096.395;163.962;2791.728;2841.140;2555.140;1072.778;1452.882;1310.102;3063.590;715.415;1187.212;3600.073;3249.886;3598.515;3198.614;314.946;2.109;1676.501;3051.281;3172.657;2189.741;3601.097;550.109;451.205;891.833;1026.627;983.217;200.879;1290.607;29.851;1829.278;3367.558;1759.703;2360.063;2253.385;3605.554;2559.883;2930.875;831.071;3529.678;549.709;1133.615;2420.230;962.156;3584.028;3237.161;430.192
189,342.6348295211792,188,-560.3137193578328,560.3137193578328,0.3728900210698012,3562.900;2108.047;3588.036;2898.838;2786.845;630.614;3600.244;1.010;545.800;1334.934;2837.025;531.667;3350.609;3601.892;396.481;2157.088;16.765;1262.365;-2.352;3599.499;1346.563;3607.380;2924.704;3384.502;588.010;-4.897;2177.586;8.386;3073.617;1085.978;2517.362;3605.809;1981.730;-0.221;246.015;2281.479;1625.711;2516.635;1233.972;2431.449;933.055;2238.998;2777.239;674.101;1049.961;1807.636;2959.563;698.133;1761.416;2459.879;3602.618;938.674;2478.927;354.592;1546.138;-7.769;3592.923;1844.050;3497.819;1450.867;3378.006;866.333;868.183;2183.923;3120.131;3563.450;2150.071;-7.913;2019.853;967.580;2680.736;3556.064;1661.778;2381.153;4.802;1907.102;480.560;2329.083;1173.235;2866.618;9.076;34.079;2672.890;1912.765;2010.814;3450.162;1660.182;2933.765;1899.125;3297.082;2814.486;312.313;1001.760;3198.140;683.849;487.787;1689.599;1538.162;2651.442;1427.158,864.512;1387.314;1519.875;3363.063;3605.062;1978.631;11.585;2332.574;2200.724;2960.511;1229.108;-0.584;1996.589;610.486;2702.295;3064.460;1549.715;3553.833;591.766;3609.369;1733.141;2554.373;2652.886;3573.439;3603.133;-1.995;33.190;1935.553;-8.287;2451.365;1966.318;2206.839;1628.245;1027.795;3351.118;2417.890;-5.288;407.583;2044.995;649.111;1415.250;2872.923;1458.337;3400.195;2709.555;2097.087;302.328;1769.902;2816.505;3607.879;239.426;336.465;2615.543;3088.462;170.817;2799.717;2835.235;2548.411;1079.085;1457.800;1318.015;3071.239;707.419;1181.292;3608.006;3241.959;3596.321;3206.661;306.909;6.614;1671.589;3059.165;3179.705;2181.792;3597.667;558.078;447.295;897.932;1018.843;975.617;195.158;1294.951;22.229;1835.428;3361.606;1751.658;2352.813;2260.942;3610.031;2551.855;2928.685;837.763;3521.768;556.816;1141.590;2413.424;954.462;3582.101;3229.884;437.926
190,344.5186731815338,189,-560.2512716249514,560.2512716249514,0.24822138977442088,3564.122;2102.290;3580.464;2904.742;2784.807;638.413;3601.188;0.684;553.176;1332.325;2841.340;529.573;3352.775;3609.373;394.732;2159.747;18.565;1258.041;1.224;3607.156;1345.688;3600.361;2927.437;3378.158;587.029;1.856;2174.482;2.441;3078.116;1093.564;2524.906;3598.366;1988.551;4.209;241.515;2288.695;1628.520;2519.472;1235.409;2424.723;926.124;2239.313;2769.969;681.314;1043.961;1802.140;2955.510;697.839;1759.358;2464.315;3596.774;936.218;2475.090;348.061;1546.082;-0.891;3594.130;1848.449;3491.223;1456.710;3385.367;860.030;860.714;2190.494;3112.616;3567.331;2157.584;-0.330;2023.134;974.989;2673.213;3563.611;1667.408;2382.985;7.907;1899.405;474.149;2322.622;1165.465;2874.496;7.157;41.005;2677.071;1906.008;2003.187;3457.896;1667.248;2941.612;1893.581;3304.154;2806.752;308.922;993.844;3190.593;683.833;480.528;1688.443;1530.250;2650.970;1428.175,866.107;1391.651;1525.609;3355.260;3598.229;1973.239;12.931;2340.248;2206.499;2966.271;1236.987;-7.721;1990.579;602.498;2696.062;3056.561;1556.350;3551.382;598.135;3602.368;1729.464;2561.860;2660.122;3579.430;3596.507;-9.321;27.904;1929.720;-1.302;2453.314;1958.419;2213.245;1633.803;1035.279;3343.668;2411.232;1.063;400.594;2052.184;655.883;1422.276;2870.572;1453.774;3396.324;2716.863;2102.034;304.901;1773.642;2823.761;3600.999;243.376;342.442;2608.746;3086.969;164.712;2802.029;2842.590;2555.664;1073.228;1450.768;1311.953;3078.177;701.644;1185.191;3600.872;3248.998;3598.111;3206.977;311.971;4.069;1674.987;3063.308;3173.871;2177.638;3602.990;564.292;440.951;905.239;1026.029;969.634;202.516;1300.573;29.297;1829.350;3368.364;1746.133;2345.019;2264.998;3602.270;2547.610;2927.058;831.364;3528.861;564.697;1134.236;2405.879;946.533;3574.855;3235.764;432.609
191,346.43449115753174,190,-560.2108329082718,560.2108329082718,0.24274539544301596,3558.720;2096.218;3572.594;2902.065;2786.091;640.751;3593.705;-4.373;547.514;1339.614;2835.099;528.553;3358.511;3602.212;387.604;2152.387;26.111;1250.689;-4.576;3600.983;1345.874;3602.266;2928.036;3385.093;586.018;-5.132;2169.504;-5.376;3083.370;1090.428;2522.068;3594.869;1995.142;-1.882;235.585;2289.584;1624.260;2525.807;1241.646;2417.120;918.756;2234.022;2765.924;678.430;1036.429;1794.968;2961.582;703.773;1757.571;2471.623;3601.550;929.275;2480.700;343.137;1552.740;-0.119;3599.788;1853.853;3492.335;1463.404;3390.182;865.417;857.465;2197.807;3117.846;3575.012;2165.182;1.130;2029.630;981.696;2667.438;3557.185;1675.232;2390.298;10.830;1897.630;466.358;2316.057;1158.110;2881.899;14.526;48.825;2683.744;1903.702;1996.428;3465.812;1675.134;2940.305;1890.515;3296.900;2804.683;304.973;992.196;3188.929;677.330;486.731;1695.496;1522.324;2648.248;1421.114,862.460;1384.295;1522.006;3348.810;3601.072;1980.818;5.456;2334.304;2199.586;2972.866;1244.894;-0.195;1992.329;609.862;2689.467;3063.330;1564.093;3543.864;603.612;3600.427;1722.687;2569.755;2667.411;3577.953;3603.060;-1.811;31.483;1921.896;-7.489;2458.108;1950.492;2210.006;1626.264;1042.497;3347.587;2405.914;-5.664;399.076;2060.067;661.847;1414.667;2864.890;1460.342;3403.886;2719.765;2094.732;312.560;1772.647;2816.364;3604.476;236.306;350.155;2602.010;3082.356;169.848;2808.343;2835.798;2561.683;1068.938;1458.410;1315.915;3071.601;706.803;1178.404;3603.680;3253.741;3605.590;3202.019;307.069;11.667;1682.754;3064.384;3177.065;2184.524;3597.855;567.807;433.093;897.710;1030.530;973.623;196.334;1294.643;37.117;1823.847;3375.978;1753.489;2350.731;2269.192;3604.278;2539.933;2934.669;828.974;3522.214;557.445;1127.627;2399.974;944.853;3571.387;3229.686;438.787
192,348.14997935295105,191,-560.1980252292374,560.1980252292374,0.2585111070549019,3551.109;2102.784;3567.597;2894.373;2793.704;633.356;3598.864;2.948;544.041;1344.741;2827.304;530.259;3366.284;3595.489;394.946;2159.423;19.378;1244.635;2.744;3603.675;1347.434;3606.096;2920.520;3389.914;593.460;1.522;2161.766;1.910;3076.229;1097.946;2527.967;3600.959;1989.238;5.473;242.910;2296.932;1616.544;2526.239;1236.554;2423.779;920.271;2226.262;2765.029;670.858;1028.989;1794.276;2969.353;696.783;1765.193;2479.461;3594.315;936.009;2486.880;335.390;1560.398;-5.723;3592.972;1846.567;3499.844;1458.991;3397.640;873.143;849.764;2190.993;3116.603;3573.639;2171.166;-2.108;2024.531;989.093;2674.811;3564.334;1673.220;2394.410;3.345;1904.880;458.699;2311.604;1164.923;2884.033;8.249;42.194;2676.332;1906.962;1988.668;3472.053;1681.547;2936.485;1897.308;3290.633;2811.934;312.440;984.646;3196.022;682.982;493.879;1689.161;1528.155;2654.267;1427.975,854.759;1391.064;1514.296;3345.846;3606.553;1985.295;3.502;2341.450;2192.274;2978.971;1240.674;2.279;1999.874;604.693;2688.151;3068.535;1560.960;3537.762;611.285;3607.741;1729.400;2565.892;2660.163;3570.312;3610.489;-2.827;24.063;1927.915;-3.590;2465.735;1944.374;2216.330;1624.961;1045.033;3355.297;2413.020;-3.340;392.462;2053.529;664.222;1407.700;2857.129;1456.038;3396.786;2727.358;2095.750;320.285;1765.117;2821.652;3600.782;242.395;343.163;2595.670;3074.621;177.349;2814.946;2840.414;2554.290;1061.407;1453.220;1322.819;3078.717;699.915;1171.832;3601.781;3258.331;3598.135;3209.086;313.117;8.644;1690.198;3056.849;3171.004;2186.422;3590.734;575.456;426.228;903.586;1036.438;979.560;202.896;1302.107;44.818;1827.697;3372.515;1751.208;2358.492;2261.759;3599.780;2538.938;2928.339;836.020;3517.129;559.946;1133.449;2405.850;937.260;3578.967;3225.039;435.578
193,350.020334482193,192,-560.2453057746226,560.2453057746226,0.206375826392909,3556.616;2109.800;3560.093;2888.041;2793.940;630.001;3606.149;1.897;544.474;1339.317;2829.876;522.808;3361.908;3593.360;400.921;2161.564;12.192;1242.345;-1.778;3596.455;1349.033;3598.576;2923.884;3395.123;596.083;8.788;2162.235;1.448;3081.582;1097.944;2521.693;3603.938;1989.725;13.253;237.461;2291.205;1614.033;2519.240;1243.700;2431.248;921.663;2229.633;2771.361;672.280;1030.838;1801.611;2966.405;694.933;1759.613;2485.673;3589.670;935.967;2479.905;338.273;1565.170;1.624;3599.425;1842.200;3507.505;1451.558;3405.416;878.119;845.462;2189.450;3109.098;3566.024;2175.878;-9.218;2028.320;983.633;2677.171;3572.108;1666.643;2388.384;6.788;1902.100;457.925;2313.262;1170.690;2877.425;0.521;34.442;2671.425;1900.901;1994.177;3466.939;1688.259;2933.815;1890.433;3285.712;2819.636;310.230;979.250;3189.060;678.703;489.728;1683.908;1525.767;2661.984;1430.553,853.615;1395.784;1515.352;3338.260;3599.091;1979.201;-3.970;2347.970;2184.596;2972.097;1237.455;3.799;1995.940;607.304;2680.741;3064.824;1561.243;3545.006;615.359;3601.528;1725.019;2572.049;2665.022;3576.132;3603.112;2.738;17.439;1932.846;3.995;2458.825;1951.479;2209.003;1619.592;1049.864;3349.963;2409.686;4.053;384.835;2060.297;671.843;1413.948;2855.993;1460.044;3393.012;2735.125;2088.764;312.928;1757.549;2828.104;3606.569;250.115;338.316;2587.960;3077.677;180.980;2822.696;2841.625;2560.827;1056.334;1447.877;1326.474;3077.162;692.427;1178.327;3594.356;3265.989;3601.643;3203.916;305.835;2.691;1687.479;3061.535;3178.401;2179.772;3598.102;570.920;432.526;903.578;1032.053;972.324;199.803;1309.679;38.061;1822.419;3378.733;1748.987;2352.465;2268.477;3592.481;2538.825;2921.765;831.519;3512.426;561.940;1127.708;2400.234;929.610;3574.004;3217.455;443.038
194,351.91569900512695,193,-560.5240272887794,560.5240272887794,0.28335399613589735,3564.180;2102.593;3566.935;2895.108;2787.513;622.445;3600.336;-5.549;552.021;1346.630;2823.429;515.106;3354.547;3598.660;407.358;2154.882;6.126;1234.791;-8.758;3602.541;1341.504;3601.520;2930.922;3387.747;589.083;9.107;2169.457;-5.032;3084.057;1104.251;2520.160;3596.629;1997.207;7.798;230.085;2290.105;1621.402;2511.563;1236.557;2437.089;914.141;2236.220;2764.063;679.820;1023.420;1809.075;2972.715;702.255;1757.110;2479.567;3595.309;928.688;2477.630;338.399;1557.688;-1.531;3607.103;1834.586;3500.595;1445.926;3410.681;872.283;852.587;2196.675;3113.247;3560.921;2168.555;-1.854;2035.652;990.982;2670.030;3570.180;1662.163;2393.528;13.088;1894.540;450.515;2320.823;1168.860;2884.820;3.480;39.560;2675.810;1907.378;2001.820;3472.646;1681.186;2941.268;1882.825;3293.116;2812.840;307.685;984.797;3181.357;686.081;482.121;1690.888;1523.241;2663.279;1424.147,848.805;1391.678;1522.819;3335.847;3596.823;1973.203;3.032;2349.923;2176.905;2964.430;1243.062;8.028;2000.287;614.399;2673.079;3071.496;1568.777;3538.163;622.959;3607.111;1720.248;2579.661;2671.245;3569.323;3598.692;-4.509;10.009;1926.020;-1.434;2464.219;1955.563;2201.286;1615.605;1042.372;3342.483;2402.380;0.598;392.058;2061.569;671.438;1420.619;2863.317;1467.255;3398.652;2742.828;2084.683;306.537;1764.117;2821.353;3599.573;251.022;337.275;2586.685;3070.693;188.407;2830.408;2835.477;2566.827;1062.382;1455.053;1319.009;3070.369;685.669;1172.359;3600.536;3272.818;3608.949;3210.561;299.735;-4.976;1694.441;3056.301;3182.414;2180.620;3605.427;573.628;438.423;896.209;1038.799;970.273;207.109;1305.036;45.139;1814.778;3371.614;1747.235;2344.803;2275.826;3594.005;2531.296;2928.183;838.537;3504.815;569.402;1120.052;2407.327;926.591;3577.969;3212.606;448.370
195,353.6256515979767,194,-560.4653126189163,560.4653126189163,0.22787302614713348,3570.025;2101.139;3574.477;2900.997;2780.735;614.778;3603.026;0.669;546.279;1350.604;2830.014;507.637;3347.302;3591.872;409.954;2155.654;13.085;1239.783;-1.523;3607.678;1342.198;3606.881;2936.788;3380.244;581.677;1.966;2176.707;2.179;3086.897;1108.724;2527.530;3600.663;2004.805;5.825;224.541;2282.853;1627.236;2517.033;1229.569;2438.724;913.761;2238.890;2756.629;687.236;1021.390;1815.632;2970.973;709.917;1760.247;2471.956;3602.895;931.626;2484.811;345.746;1550.986;-2.249;3599.789;1831.822;3500.961;1448.629;3404.799;864.682;859.251;2202.501;3119.779;3565.839;2168.719;0.193;2032.709;994.041;2664.149;3576.908;1654.605;2400.777;6.032;1887.151;448.928;2324.586;1161.451;2888.929;10.830;37.321;2677.365;1900.002;2006.588;3480.095;1673.549;2948.761;1875.494;3291.765;2806.387;300.175;977.951;3184.020;691.716;484.022;1697.876;1530.308;2670.469;1416.914,841.451;1395.933;1526.602;3335.845;3597.758;1980.329;-3.748;2347.855;2169.245;2965.948;1237.010;15.527;1999.467;614.531;2665.625;3074.484;1573.662;3540.841;629.905;3600.568;1727.202;2573.361;2675.135;3564.005;3593.030;-3.101;8.087;1921.348;0.911;2470.311;1953.366;2195.136;1622.777;1046.420;3342.499;2401.176;-5.760;396.403;2068.283;675.125;1426.722;2864.140;1460.289;3393.390;2750.033;2077.425;299.237;1758.215;2823.936;3599.684;254.342;344.492;2593.804;3065.706;196.077;2836.324;2827.910;2572.062;1069.994;1453.470;1319.345;3062.769;685.579;1164.781;3608.084;3280.419;3602.806;3216.871;304.823;-0.440;1701.820;3048.835;3178.084;2174.613;3598.838;567.637;445.858;890.854;1032.844;976.800;214.007;1297.792;45.218;1807.256;3364.933;1740.033;2340.528;2271.663;3593.253;2533.972;2935.390;832.351;3511.659;568.337;1124.440;2414.966;921.036;3571.215;3206.972;441.739
196,355.482031583786,195,-560.4486725666015,560.4486725666015,0.19019882853099446,3564.821;2096.932;3567.688;2904.172;2787.908;607.492;3596.139;0.640;551.866;1343.463;2826.658;503.253;3345.530;3588.262;417.406;2162.656;18.846;1239.842;2.863;3600.401;1349.514;3599.665;2929.755;3385.601;582.122;5.556;2180.393;2.238;3093.881;1102.010;2527.772;3606.635;2012.027;13.017;221.678;2277.918;1622.308;2509.721;1225.004;2446.167;920.477;2231.697;2749.084;683.542;1024.442;1823.208;2978.203;704.375;1753.992;2475.763;3595.939;924.441;2485.124;348.028;1555.420;4.673;3598.658;1824.537;3506.584;1441.237;3411.945;871.027;866.713;2195.748;3112.784;3572.480;2161.769;-5.813;2038.626;987.150;2670.636;3582.620;1660.468;2394.175;-0.149;1888.170;448.349;2327.987;1155.141;2884.158;6.370;30.018;2670.450;1902.193;2012.881;3487.711;1679.778;2949.069;1874.054;3284.393;2810.504;295.325;981.606;3177.563;695.852;489.369;1702.784;1537.851;2668.736;1423.212,845.345;1403.353;1521.510;3328.421;3604.981;1978.058;2.901;2354.879;2174.917;2958.771;1231.681;9.477;1999.787;620.520;2672.483;3081.929;1577.725;3542.574;624.442;3596.423;1734.683;2573.130;2667.861;3571.021;3599.420;3.792;0.783;1917.359;-4.782;2464.703;1960.634;2201.329;1616.194;1052.638;3349.659;2408.237;0.937;389.720;2074.110;667.762;1434.255;2865.167;1453.178;3385.880;2756.111;2070.841;291.669;1750.901;2819.579;3606.807;261.772;344.664;2600.041;3072.291;194.241;2830.251;2820.890;2577.223;1063.701;1447.434;1315.916;3056.213;678.468;1162.792;3601.202;3274.061;3596.020;3209.664;298.737;5.346;1695.996;3051.936;3184.641;2167.060;3602.983;566.781;440.566;896.731;1027.146;969.985;215.429;1303.916;39.428;1814.063;3368.894;1747.321;2340.752;2264.433;3600.588;2540.911;2930.193;827.628;3516.732;575.395;1118.158;2417.388;913.500;3566.410;3199.436;448.643
197,357.3772089481354,196,-560.4077849884552,560.4077849884552,0.38988907161181824,3557.413;2103.662;3560.161;2905.295;2789.957;603.453;3603.472;-6.283;558.429;1339.732;2819.387;495.867;3350.367;3581.953;424.611;2170.190;25.871;1232.724;-2.618;3602.960;1355.500;3594.373;2924.607;3379.347;587.952;6.520;2187.372;-4.218;3087.004;1107.720;2535.079;3614.103;2006.316;10.279;228.192;2270.497;1614.958;2505.615;1229.970;2445.058;916.956;2224.722;2744.817;681.072;1017.478;1830.680;2985.750;698.428;1761.037;2478.728;3589.502;930.222;2492.358;340.811;1562.563;10.831;3605.135;1816.990;3500.842;1436.750;3419.136;878.515;862.138;2188.893;3109.614;3565.644;2154.492;0.410;2046.079;983.840;2678.126;3576.740;1667.407;2387.075;-7.530;1881.708;441.156;2334.847;1148.353;2882.887;8.290;35.925;2662.939;1900.874;2020.348;3495.120;1685.255;2941.832;1866.732;3277.680;2817.058;301.926;977.625;3170.439;703.225;484.343;1696.572;1545.280;2661.468;1426.853,838.217;1396.459;1527.879;3321.420;3602.322;1982.931;-3.811;2347.996;2174.622;2963.824;1224.232;16.257;2007.156;627.944;2677.816;3083.221;1571.174;3549.239;617.272;3603.567;1728.489;2580.465;2666.842;3564.130;3606.247;-1.517;-6.768;1909.932;-12.166;2471.338;1964.041;2195.399;1614.784;1059.127;3343.084;2415.481;-4.341;396.382;2080.066;671.236;1429.172;2872.445;1460.282;3392.473;2759.147;2063.770;285.026;1743.911;2820.056;3600.178;269.328;337.334;2594.475;3078.596;187.050;2833.721;2814.132;2570.823;1057.322;1454.251;1308.653;3055.753;672.507;1155.560;3606.820;3269.280;3601.160;3211.301;291.337;1.152;1702.824;3056.789;3177.882;2159.497;3599.149;574.124;438.275;891.096;1034.303;962.785;208.497;1308.633;46.533;1819.934;3366.592;1754.025;2334.958;2269.729;3608.140;2533.830;2936.232;833.789;3509.565;568.897;1123.977;2421.144;906.154;3571.019;3192.200;454.732
198,359.09973788261414,197,-560.2758575087377,560.2758575087377,0.2646628286313134,3556.414;2109.131;3558.103;2912.399;2793.463;610.368;3603.785;0.578;558.988;1332.855;2818.488;488.422;3343.281;3575.577;431.244;2173.501;18.832;1238.232;-8.205;3598.609;1349.288;3597.309;2920.385;3373.650;594.966;8.778;2194.201;2.585;3087.793;1114.772;2528.516;3607.018;2004.139;10.230;221.444;2276.629;1613.361;2507.761;1223.374;2438.286;909.609;2226.992;2751.681;673.848;1010.034;1836.849;2990.053;691.507;1762.463;2471.915;3592.811;931.544;2499.565;347.489;1564.046;3.839;3598.772;1810.379;3506.344;1430.028;3423.402;882.503;856.986;2183.020;3116.272;3568.478;2149.271;-5.806;2053.543;989.905;2683.140;3580.402;1674.833;2393.947;-0.441;1875.737;434.328;2332.772;1141.479;2890.095;9.974;34.555;2657.301;1893.752;2019.412;3499.350;1691.883;2936.051;1859.699;3284.305;2811.694;308.033;971.687;3163.750;710.691;477.030;1702.899;1552.232;2668.088;1419.941,831.416;1393.021;1534.538;3315.295;3595.102;1982.074;-0.421;2340.523;2178.055;2960.154;1216.754;17.013;2014.520;634.709;2670.780;3076.102;1576.737;3556.688;624.157;3607.009;1721.435;2587.265;2673.969;3558.799;3599.231;4.187;-1.641;1902.434;-5.068;2467.315;1971.001;2188.052;1607.592;1055.147;3335.941;2410.350;2.556;403.584;2087.449;678.592;1436.132;2879.907;1462.925;3399.824;2766.493;2056.382;277.567;1744.505;2812.761;3596.740;263.875;330.061;2587.094;3071.679;179.745;2841.067;2813.330;2577.994;1064.085;1461.061;1313.356;3049.117;677.981;1150.498;3602.015;3275.149;3608.110;3218.172;284.002;6.974;1709.901;3064.176;3170.928;2159.728;3605.893;568.528;445.521;883.674;1027.612;968.683;201.021;1304.551;53.460;1827.364;3367.866;1752.407;2327.535;2265.978;3602.585;2527.546;2943.105;827.582;3502.847;561.441;1123.549;2428.508;899.568;3567.711;3185.031;459.351
199,360.95844197273254,198,-559.9242144368656,559.9242144368656,0.1683578809269713,3555.715;2116.444;3553.467;2919.784;2786.324;611.311;3601.452;-2.083;551.811;1337.918;2824.639;494.266;3339.929;3568.229;427.857;2180.690;11.792;1235.623;-1.224;3604.994;1353.873;3604.229;2913.078;3378.007;602.387;1.597;2201.582;1.943;3094.901;1122.197;2527.914;3600.503;1997.126;4.652;214.034;2270.278;1620.141;2500.854;1216.098;2444.946;902.207;2233.996;2759.002;666.417;1015.721;1844.228;2995.889;685.041;1755.322;2464.509;3599.967;924.314;2493.013;354.773;1569.763;1.849;3594.048;1803.022;3502.468;1422.648;3430.490;888.123;856.104;2175.674;3109.524;3575.754;2141.921;0.482;2048.784;983.192;2690.483;3574.234;1680.851;2399.022;3.478;1868.942;434.939;2337.082;1148.436;2885.879;17.113;41.263;2663.575;1886.333;2025.949;3506.179;1685.675;2931.971;1852.431;3289.957;2818.787;315.260;964.313;3156.379;718.067;483.666;1695.818;1559.601;2661.232;1412.560,824.047;1399.860;1541.560;3318.933;3596.220;1974.889;5.354;2340.806;2171.252;2953.309;1222.242;24.050;2021.187;631.541;2674.962;3075.801;1569.942;3551.345;620.765;3600.817;1722.626;2591.716;2667.845;3552.953;3603.946;-2.012;2.069;1905.856;-0.421;2474.396;1967.671;2183.889;1610.003;1062.015;3329.337;2404.467;0.664;399.842;2083.199;683.940;1432.598;2884.662;1470.141;3401.608;2770.772;2061.357;270.162;1737.357;2818.845;3593.697;268.962;322.687;2589.617;3077.406;177.540;2844.187;2814.907;2575.000;1064.498;1467.235;1306.411;3056.215;676.961;1143.216;3608.322;3270.774;3601.548;3216.712;281.004;0.010;1717.314;3071.617;3168.081;2152.614;3599.216;573.929;452.871;884.603;1021.403;964.009;196.168;1311.374;60.112;1821.608;3361.457;1757.810;2320.935;2258.678;3595.445;2523.633;2950.452;827.250;3495.833;563.231;1130.602;2422.731;892.169;3574.847;3177.623;454.492
200,362.8410313129425,199,-559.7948655542932,559.7948655542932,0.3164874358482662,3549.943;2115.066;3549.193;2924.990;2784.504;617.679;3600.262;1.618;544.762;1344.997;2823.730;491.309;3333.046;3561.442;434.923;2188.002;17.451;1228.405;4.564;3598.577;1360.279;3597.813;2912.807;3385.232;609.771;4.990;2208.601;-3.884;3090.278;1117.517;2534.288;3600.205;1991.662;11.132;218.685;2263.226;1615.580;2493.656;1209.050;2450.853;898.472;2227.508;2754.876;659.622;1019.766;1846.005;3002.581;678.038;1760.187;2458.891;3607.165;926.770;2498.317;356.402;1577.072;-3.410;3590.860;1799.482;3509.509;1415.378;3437.530;894.347;863.266;2171.457;3110.927;3580.819;2147.437;-2.654;2043.730;976.364;2696.115;3580.781;1674.984;2392.715;-2.149;1868.619;427.750;2344.340;1142.118;2878.641;10.921;35.486;2667.334;1889.213;2019.882;3513.532;1678.987;2925.302;1846.347;3291.490;2822.178;322.457;965.610;3160.953;724.484;479.675;1691.242;1566.923;2656.247;1406.429,829.402;1394.849;1535.016;3325.300;3603.214;1981.746;-0.467;2340.840;2163.929;2958.578;1227.937;31.150;2015.682;633.696;2671.412;3082.961;1562.586;3544.650;626.405;3606.805;1716.431;2598.418;2672.848;3545.996;3607.793;-8.666;-4.461;1903.209;-3.303;2471.034;1974.635;2189.559;1603.393;1060.156;3322.427;2397.154;-5.998;400.042;2089.812;684.723;1428.761;2879.721;1467.389;3404.430;2777.485;2067.078;273.532;1738.369;2813.196;3586.540;275.512;317.992;2585.056;3073.100;174.449;2849.887;2822.025;2569.715;1071.400;1460.956;1312.536;3050.336;669.761;1136.094;3609.982;3263.526;3595.733;3223.786;287.739;-7.339;1724.077;3068.696;3170.302;2150.415;3601.741;577.659;449.931;882.353;1017.526;956.836;201.830;1307.596;56.384;1823.861;3368.356;1760.639;2315.408;2262.603;3597.243;2516.466;2957.346;834.202;3489.676;556.372;1135.696;2425.650;896.247;3575.624;3183.559;461.063
201,364.7519793510437,200,-559.5960016973625,559.5960016973625,0.17071708576850728,3544.055;2108.650;3542.964;2928.338;2791.224;610.907;3594.892;6.967;551.092;1352.308;2830.849;498.085;3325.748;3566.599;432.406;2183.002;15.325;1234.074;3.109;3604.977;1363.214;3604.433;2919.152;3378.375;603.187;-1.883;2203.000;2.256;3096.788;1123.766;2541.254;3594.496;1984.824;4.479;225.895;2258.509;1622.439;2499.255;1201.740;2445.720;903.083;2232.656;2747.727;665.288;1012.866;1845.481;2995.992;684.035;1767.259;2465.456;3600.384;927.198;2504.330;351.169;1570.628;3.511;3583.767;1793.220;3516.819;1421.272;3431.889;887.392;870.174;2178.124;3103.949;3574.927;2142.885;-9.228;2046.045;969.924;2690.226;3588.055;1668.456;2385.548;1.548;1861.576;424.782;2351.376;1145.723;2882.029;12.195;42.038;2662.034;1895.594;2025.330;3520.762;1671.705;2931.637;1839.477;3284.542;2816.368;315.918;972.751;3168.074;718.678;472.654;1690.178;1562.865;2649.429;1403.533,836.550;1391.073;1529.173;3332.571;3600.343;1976.737;2.087;2334.045;2170.505;2951.728;1235.174;35.401;2008.437;626.757;2675.797;3089.754;1557.777;3537.373;620.019;3599.968;1723.141;2591.772;2678.993;3552.778;3601.037;-1.769;2.199;1908.801;0.533;2471.064;1968.335;2196.807;1596.107;1066.987;3317.292;2389.937;0.199;406.315;2084.965;677.770;1433.531;2872.496;1460.823;3411.572;2771.028;2074.027;278.262;1731.942;2817.951;3591.437;270.257;323.290;2591.924;3068.365;181.294;2844.067;2820.894;2562.727;1076.219;1456.920;1313.799;3053.229;675.220;1129.596;3602.919;3256.845;3597.809;3230.880;294.967;-1.037;1720.252;3072.808;3177.426;2149.815;3595.571;570.873;445.596;889.340;1024.171;951.851;198.335;1300.757;49.577;1830.125;3375.465;1767.806;2320.202;2259.844;3591.572;2521.761;2962.314;827.949;3494.170;553.624;1138.798;2418.906;899.801;3573.134;3179.588;457.862
202,366.4602701663971,201,-559.9197827932437,559.9197827932437,0.16844288261370857,3550.652;2107.474;3549.728;2935.420;2798.281;614.447;3593.484;1.418;547.482;1346.842;2827.206;505.153;3329.084;3559.833;430.527;2176.360;8.349;1240.574;-2.992;3600.453;1367.818;3598.419;2926.012;3378.140;596.866;4.843;2200.909;-2.745;3103.855;1118.208;2534.367;3587.401;1990.555;9.493;230.120;2264.178;1628.416;2505.652;1198.639;2440.787;907.979;2239.284;2753.429;671.288;1008.178;1840.408;3002.142;681.774;1767.963;2463.977;3604.441;920.817;2497.594;344.171;1564.864;9.077;3590.053;1786.228;3516.078;1419.460;3437.573;890.837;864.166;2181.820;3096.720;3581.494;2136.644;-2.366;2053.124;976.491;2683.661;3591.149;1663.243;2392.108;0.349;1864.209;417.803;2345.312;1147.124;2886.043;5.134;37.888;2667.053;1902.774;2018.733;3524.882;1676.419;2924.851;1845.966;3280.113;2810.968;314.697;975.529;3161.588;722.265;472.346;1683.410;1569.368;2655.364;1396.897,841.447;1383.942;1533.567;3339.835;3600.971;1983.037;5.692;2327.470;2172.676;2957.755;1234.217;28.792;2011.460;622.550;2669.103;3090.638;1560.487;3531.437;625.371;3599.664;1728.223;2588.884;2686.205;3558.411;3598.504;-3.918;4.197;1903.322;-5.722;2464.567;1961.138;2192.878;1593.175;1060.748;3310.764;2382.707;-5.239;399.626;2078.341;672.862;1427.771;2878.186;1458.226;3413.078;2764.130;2081.010;284.230;1726.984;2821.105;3585.622;277.130;330.361;2589.511;3061.206;188.537;2850.910;2813.818;2560.086;1083.135;1463.673;1320.501;3051.103;682.275;1122.911;3600.935;3257.171;3604.890;3238.132;301.920;3.372;1713.234;3066.099;3170.654;2156.892;3593.099;563.632;438.449;892.289;1018.114;958.648;203.464;1299.912;43.199;1835.145;3368.508;1764.145;2313.872;2254.060;3598.222;2518.159;2956.152;828.850;3501.189;546.672;1132.890;2412.508;905.824;3566.077;3185.759;450.758
203,368.3297870159149,202,-559.8583899722521,559.8583899722521,0.1381498036326078,3555.258;2102.197;3549.385;2934.606;2796.595;621.100;3600.162;-5.715;540.861;1339.860;2831.617;498.868;3322.151;3563.728;437.447;2173.874;14.322;1247.334;3.557;3598.453;1360.911;3595.851;2933.088;3377.005;596.197;5.817;2206.889;3.946;3108.860;1117.856;2528.594;3592.841;1997.685;16.557;227.246;2271.232;1624.846;2503.727;1201.984;2442.167;915.075;2235.128;2759.498;672.207;1002.419;1833.460;2998.850;674.959;1773.574;2470.002;3597.766;927.509;2495.362;348.922;1568.131;2.356;3595.609;1780.680;3521.750;1412.897;3432.860;894.679;870.246;2187.756;3097.832;3588.580;2142.651;3.031;2060.310;975.070;2682.331;3587.546;1669.995;2392.247;-6.201;1857.262;413.713;2339.210;1140.297;2890.503;1.651;30.807;2660.207;1901.466;2016.776;3531.950;1676.980;2926.927;1843.362;3287.016;2805.506;309.414;973.771;3164.989;718.155;466.969;1688.242;1566.421;2662.366;1389.737,835.254;1388.823;1527.313;3334.949;3594.019;1983.070;11.620;2334.151;2176.202;2957.356;1227.485;34.728;2018.020;615.516;2662.456;3095.073;1567.538;3532.401;632.227;3602.376;1735.338;2581.951;2690.570;3564.126;3595.427;-1.421;0.131;1900.998;0.913;2470.595;1961.286;2185.865;1599.280;1053.644;3317.341;2376.089;1.105;396.286;2071.438;679.468;1420.717;2875.060;1451.812;3418.913;2765.436;2087.994;277.828;1719.931;2828.148;3591.939;272.765;326.182;2595.023;3054.031;193.832;2857.483;2820.231;2555.054;1077.007;1470.474;1319.435;3057.953;678.937;1128.926;3604.193;3264.169;3599.196;3244.719;295.373;6.981;1711.969;3058.935;3164.327;2158.114;3587.016;561.131;441.423;899.195;1023.469;962.310;210.180;1306.749;48.498;1830.263;3365.809;1767.666;2306.874;2258.398;3594.524;2511.265;2958.692;825.116;3502.076;552.339;1125.744;2407.867;898.978;3561.405;3179.890;455.951
204,370.210595369339,203,-559.7451099727697,559.7451099727697,0.14574623840312428,3551.969;2095.358;3542.628;2927.920;2802.110;628.096;3596.347;0.965;541.181;1337.837;2838.653;493.019;3316.177;3564.370;443.968;2174.018;18.602;1253.451;1.076;3604.153;1367.619;3595.493;2936.484;3374.747;589.701;0.002;2210.377;9.534;3115.901;1124.740;2529.861;3587.357;2003.253;13.013;232.775;2266.885;1621.791;2496.818;1195.247;2449.071;922.217;2239.803;2764.804;678.941;1008.168;1835.748;2991.886;667.830;1780.557;2463.617;3595.064;933.275;2492.480;355.700;1566.473;-1.773;3590.311;1773.611;3528.830;1405.784;3427.592;887.820;875.362;2194.823;3092.543;3595.527;2140.367;-2.270;2055.903;968.119;2676.157;3594.225;1667.937;2398.044;0.643;1857.949;415.983;2332.111;1137.930;2884.025;6.968;26.930;2666.307;1894.600;2023.553;3539.054;1670.523;2925.039;1837.059;3293.121;2798.500;303.476;980.655;3163.956;711.139;459.915;1695.279;1572.255;2669.183;1389.553,828.857;1382.615;1532.556;3329.997;3597.887;1988.648;18.708;2334.538;2183.183;2964.023;1233.508;29.857;2011.883;617.044;2667.020;3088.381;1569.049;3526.542;626.968;3601.311;1733.600;2578.702;2696.811;3570.554;3600.788;-5.008;-4.871;1894.018;-0.170;2477.687;1961.018;2189.512;1606.338;1049.194;3316.254;2379.004;-1.964;389.447;2065.051;684.770;1413.805;2876.301;1458.556;3425.968;2758.769;2085.627;270.923;1712.800;2834.657;3598.816;274.629;321.430;2589.242;3053.382;200.631;2851.862;2816.483;2561.610;1082.599;1471.142;1312.664;3056.477;685.599;1134.046;3597.534;3270.515;3605.167;3250.388;291.588;2.230;1706.544;3061.213;3162.174;2163.606;3579.998;554.319;446.387;897.101;1017.078;958.473;203.963;1301.511;55.231;1823.324;3371.936;1774.592;2299.742;2261.595;3595.594;2505.453;2965.342;831.672;3500.349;548.766;1124.084;2401.599;901.261;3567.900;3172.888;455.361
205,372.1341710090637,204,-559.8139735902301,559.8139735902301,0.2507367361176272,3558.262;2090.365;3541.473;2933.507;2808.242;622.355;3602.261;-0.562;534.332;1344.025;2834.443;486.034;3317.881;3570.627;437.926;2180.926;12.601;1260.274;-5.855;3598.136;1361.911;3602.187;2943.411;3379.925;584.773;-6.912;2217.267;5.483;3111.331;1118.657;2536.663;3593.476;2010.245;7.256;238.661;2273.486;1614.847;2493.794;1201.502;2443.197;916.010;2233.252;2771.812;673.342;1001.656;1842.673;2996.956;672.802;1773.937;2458.466;3601.209;927.712;2485.688;355.681;1573.335;-2.474;3584.836;1766.536;3523.227;1410.271;3434.304;893.435;868.838;2188.392;3085.883;3590.278;2133.491;0.035;2061.794;973.459;2682.927;3601.081;1671.382;2404.850;3.010;1851.575;422.573;2333.566;1144.428;2886.935;13.652;30.331;2662.347;1888.989;2028.991;3535.899;1665.380;2918.171;1830.229;3299.923;2804.316;310.310;975.187;3157.393;717.482;466.389;1696.876;1579.222;2662.871;1382.729,821.829;1387.824;1527.957;3323.012;3604.847;1983.571;14.864;2336.756;2176.989;2963.192;1227.472;35.879;2017.439;610.707;2661.668;3081.323;1573.234;3533.255;632.332;3607.986;1737.558;2584.309;2695.012;3571.921;3607.795;1.769;1.955;1898.211;-4.893;2478.631;1954.609;2183.003;1613.424;1050.250;3322.881;2372.236;3.133;388.100;2057.997;691.776;1415.000;2882.964;1462.069;3420.818;2764.157;2092.232;263.864;1710.545;2829.447;3604.679;280.126;314.471;2595.411;3048.180;207.701;2853.326;2819.813;2567.910;1076.165;1476.078;1306.272;3063.301;681.277;1127.769;3598.073;3264.317;3600.603;3249.192;284.643;-4.714;1713.306;3068.066;3155.434;2157.765;3586.097;553.905;452.393;903.933;1016.363;951.516;209.663;1308.090;62.294;1816.245;3366.852;1770.683;2298.227;2268.540;3598.690;2498.602;2961.938;833.471;3493.431;554.731;1122.310;2408.365;894.613;3561.331;3173.367;462.092
206,373.8543119430542,205,-559.8736460761572,559.8736460761572,0.1934339505298152,3565.244;2096.655;3534.650;2940.470;2807.787;618.417;3595.721;-5.624;533.634;1339.623;2835.229;487.926;3313.304;3564.617;436.851;2182.537;5.619;1267.033;-0.939;3604.226;1356.546;3603.610;2949.689;3373.405;587.662;-0.907;2224.046;-0.823;3107.727;1112.882;2542.767;3599.061;2007.041;4.814;233.569;2269.266;1618.321;2500.274;1207.563;2445.884;909.138;2238.629;2770.322;674.808;1003.482;1837.465;3003.686;678.239;1768.743;2453.087;3604.766;921.783;2481.492;356.276;1568.233;4.066;3590.546;1760.533;3518.232;1411.650;3441.240;891.280;861.899;2184.432;3078.891;3585.918;2126.574;-6.481;2055.710;972.409;2685.654;3601.681;1678.134;2406.218;6.760;1857.800;429.581;2327.097;1151.428;2881.001;18.935;35.427;2656.714;1895.352;2035.707;3532.479;1671.027;2911.172;1836.467;3299.031;2808.854;310.634;973.656;3150.425;724.385;471.241;1690.334;1572.849;2663.766;1388.403,815.758;1391.397;1534.680;3318.456;3598.571;1977.367;11.290;2343.626;2171.524;2959.094;1221.590;38.157;2022.402;604.127;2668.242;3077.037;1580.149;3527.729;635.766;3601.318;1744.376;2581.398;2688.183;3578.773;3601.283;1.532;6.609;1905.050;1.755;2478.851;1947.677;2176.968;1610.608;1057.053;3329.830;2370.829;9.057;381.346;2051.192;688.486;1421.859;2889.898;1456.860;3426.108;2762.906;2097.801;256.866;1703.931;2835.280;3597.946;274.077;307.747;2602.129;3053.616;214.316;2846.856;2813.140;2574.040;1073.847;1469.699;1299.288;3068.242;682.982;1134.447;3604.482;3260.303;3605.748;3248.248;279.591;1.762;1708.249;3069.824;3152.979;2159.210;3591.144;548.425;446.361;908.534;1009.772;954.835;215.549;1314.994;60.974;1813.354;3362.796;1772.573;2293.438;2266.747;3591.882;2504.867;2955.049;826.799;3488.754;561.711;1115.447;2403.951;889.279;3567.190;3167.510;469.099
207,375.72423124313354,206,-559.9292984401334,559.9292984401334,0.0823909519818688,3560.281;2103.586;3529.614;2947.318;2800.991;624.876;3601.481;0.945;528.054;1332.757;2841.904;481.466;3307.024;3571.086;442.579;2188.772;11.402;1262.672;3.590;3598.289;1363.127;3596.869;2950.690;3378.910;580.890;0.484;2230.091;4.614;3114.407;1119.388;2537.566;3605.007;2000.238;11.373;226.687;2263.084;1612.850;2493.797;1201.056;2452.706;907.447;2245.474;2776.987;681.612;1005.739;1841.368;2997.633;672.117;1762.030;2446.195;3598.063;927.504;2487.196;363.074;1570.835;-1.905;3597.458;1766.519;3524.562;1404.946;3442.889;884.558;865.194;2189.121;3074.498;3592.324;2131.136;-0.079;2051.446;965.670;2682.428;3594.932;1684.797;2399.993;0.311;1864.717;436.545;2320.151;1146.460;2874.111;13.105;28.760;2663.204;1889.440;2029.339;3538.977;1664.337;2916.237;1833.394;3304.772;2804.469;304.916;980.253;3143.488;726.512;466.259;1683.500;1571.648;2669.584;1395.042,809.609;1398.085;1535.272;3312.119;3597.069;1983.664;4.457;2341.441;2175.857;2952.241;1220.170;39.417;2016.951;600.244;2674.897;3082.456;1586.384;3526.519;629.530;3601.829;1751.338;2586.826;2693.380;3575.088;3595.721;1.987;1.552;1907.557;-0.168;2473.287;1950.794;2180.900;1610.253;1063.929;3330.429;2374.616;2.862;386.555;2044.450;694.632;1425.594;2896.132;1454.030;3432.776;2769.489;2104.263;250.126;1697.353;2829.946;3597.540;267.380;306.338;2599.781;3060.076;209.496;2839.967;2813.200;2578.703;1080.077;1462.788;1293.870;3064.036;677.172;1140.421;3600.090;3254.930;3599.384;3241.506;273.013;0.561;1703.856;3064.350;3159.594;2152.805;3597.925;554.809;450.742;914.598;1011.984;948.527;209.536;1316.547;67.287;1806.637;3356.604;1778.197;2300.006;2272.842;3596.961;2502.086;2948.326;819.948;3492.011;567.989;1110.171;2400.514;885.879;3572.673;3173.874;466.787
208,377.6206293106079,207,-559.8216315481842,559.8216315481842,0.2206778098504502,3562.735;2110.492;3522.863;2950.785;2794.946;630.976;3605.080;-1.784;522.614;1327.439;2836.957;479.732;3312.334;3565.998;436.121;2184.976;6.899;1267.921;8.004;3592.590;1367.739;3597.042;2957.420;3385.741;574.980;-2.758;2236.841;-1.857;3120.807;1122.837;2531.541;3609.523;1999.452;5.652;222.417;2257.113;1606.511;2487.972;1196.020;2457.715;901.391;2243.746;2783.855;685.336;1009.925;1841.009;2992.049;665.972;1755.128;2444.962;3602.737;934.279;2494.052;366.905;1569.117;3.483;3602.079;1772.818;3521.058;1401.316;3445.689;878.046;865.082;2182.797;3074.753;3599.210;2137.069;2.961;2045.184;961.188;2675.992;3588.169;1691.690;2393.295;-6.522;1870.269;433.371;2319.526;1150.703;2880.450;18.532;28.434;2668.308;1884.855;2023.126;3535.273;1664.375;2912.593;1838.232;3298.227;2810.825;309.488;987.075;3141.440;728.964;472.326;1677.205;1577.310;2671.803;1401.384,811.329;1400.362;1533.177;3317.996;3600.972;1977.168;-2.446;2334.708;2182.551;2945.691;1213.491;32.828;2020.605;593.451;2669.116;3083.398;1582.992;3530.419;635.910;3599.899;1756.919;2581.240;2700.205;3579.190;3589.188;3.194;-3.789;1901.017;5.628;2479.215;1944.867;2184.287;1604.891;1069.365;3330.744;2368.928;-3.977;380.154;2038.093;692.440;1430.074;2890.160;1460.557;3426.542;2764.983;2107.811;255.652;1700.117;2834.825;3597.141;260.578;312.813;2603.757;3054.077;202.812;2834.844;2816.506;2585.482;1079.088;1465.529;1299.430;3057.233;678.336;1134.485;3593.434;3248.104;3597.176;3247.966;277.294;4.018;1697.544;3069.325;3166.362;2154.868;3604.799;560.344;444.064;921.427;1018.586;953.551;203.068;1310.074;73.802;1812.708;3349.761;1785.019;2306.811;2278.534;3600.843;2495.403;2947.449;821.481;3498.788;562.905;1103.732;2406.915;892.230;3579.518;3180.491;460.158
209,379.3448657989502,208,-559.8015044187222,559.8015044187222,0.1572151138905341,3564.518;2115.567;3516.286;2956.509;2788.214;634.668;3598.498;2.336;515.823;1329.362;2832.141;484.293;3319.119;3569.191;430.709;2178.793;10.563;1272.807;12.447;3598.773;1372.476;3603.170;2963.380;3379.672;572.992;3.784;2240.624;3.373;3127.001;1117.393;2533.246;3602.870;2003.575;8.878;215.707;2250.329;1599.726;2481.710;1191.033;2464.439;895.544;2249.689;2788.293;680.811;1016.669;1834.341;2985.343;670.421;1755.706;2439.769;3602.000;940.927;2489.262;371.576;1575.595;-2.463;3596.362;1776.056;3518.378;1394.985;3452.401;883.727;862.150;2184.699;3079.796;3601.062;2140.692;-2.112;2045.148;955.300;2681.893;3592.023;1688.825;2390.448;-0.212;1875.997;427.025;2316.319;1150.914;2875.814;12.230;22.075;2674.971;1878.214;2017.486;3539.300;1670.911;2918.753;1844.209;3296.883;2816.815;315.649;982.965;3147.674;723.292;475.450;1670.441;1582.060;2667.664;1395.950,817.956;1394.761;1539.688;3324.799;3606.294;1973.007;-3.973;2335.014;2179.762;2938.988;1209.905;38.684;2027.334;592.576;2664.593;3090.084;1579.091;3536.059;632.838;3593.708;1760.759;2574.527;2699.415;3585.659;3582.733;-3.470;2.678;1894.284;11.930;2485.992;1938.122;2186.732;1598.118;1063.778;3337.425;2374.265;1.339;373.327;2037.513;687.970;1423.727;2883.987;1467.386;3430.040;2758.228;2101.170;260.397;1693.611;2841.570;3603.170;256.867;316.321;2609.877;3059.027;208.969;2841.127;2815.225;2582.570;1072.505;1471.853;1305.156;3051.029;684.999;1128.923;3597.344;3253.998;3602.855;3242.623;284.019;-2.278;1703.341;3062.916;3161.190;2161.555;3599.102;554.638;440.240;915.378;1017.724;960.309;209.196;1304.597;67.466;1819.409;3346.014;1779.247;2313.452;2271.950;3596.268;2500.157;2953.938;828.041;3504.369;556.483;1097.306;2403.647;888.780;3579.869;3174.147;464.162
210,381.21425557136536,209,-559.7282253351095,559.7282253351095,0.11305674899347981,3571.089;2110.846;3509.820;2963.209;2792.018;641.341;3592.600;3.130;521.620;1323.294;2825.503;479.727;3314.430;3565.736;432.016;2172.060;4.794;1279.467;6.317;3605.186;1378.938;3597.477;2961.176;3382.231;575.543;-2.058;2247.302;0.382;3127.489;1123.559;2539.592;3597.073;2010.079;5.125;213.811;2244.902;1592.949;2475.267;1195.127;2470.349;889.142;2256.411;2794.877;685.254;1012.099;1828.681;2990.196;668.190;1762.165;2438.645;3602.795;947.706;2494.960;365.484;1582.009;1.941;3599.447;1769.737;3524.655;1388.302;3449.309;877.946;855.702;2191.070;3074.630;3596.266;2134.317;-2.022;2051.652;948.557;2675.715;3592.848;1694.468;2384.086;4.829;1881.392;433.191;2309.679;1157.495;2879.955;15.690;23.688;2678.492;1879.297;2021.626;3545.986;1674.007;2921.923;1850.888;3299.454;2810.723;309.203;986.565;3143.967;716.607;469.223;1663.660;1575.632;2674.018;1400.481,824.671;1388.041;1543.966;3331.400;3599.820;1977.521;1.819;2328.667;2185.454;2944.521;1215.545;45.409;2024.914;598.631;2659.045;3086.589;1585.607;3535.578;628.138;3595.013;1761.251;2580.178;2704.585;3587.953;3583.824;-0.260;0.004;1887.545;7.514;2490.307;1932.070;2192.671;1601.053;1069.525;3336.273;2380.308;-1.629;370.450;2031.006;694.266;1427.852;2885.350;1467.504;3425.918;2752.064;2101.924;258.998;1690.458;2847.949;3596.794;250.257;321.747;2616.572;3065.669;206.376;2836.625;2808.622;2588.477;1078.005;1478.230;1311.006;3045.116;691.788;1124.896;3603.562;3250.521;3601.269;3245.352;287.520;-0.420;1697.579;3056.486;3166.365;2159.673;3600.234;547.912;439.083;912.006;1011.583;960.236;208.771;1300.773;70.988;1821.171;3341.748;1780.962;2315.485;2274.089;3602.064;2496.340;2955.825;821.857;3499.288;561.143;1090.532;2397.955;895.153;3581.816;3175.836;457.915
211,383.09516954421997,210,-560.0129514712628,560.0129514712628,0.2482784828934132,3565.035;2109.176;3509.627;2962.505;2798.334;635.537;3597.183;-3.204;526.867;1317.100;2828.184;486.045;3319.158;3572.162;425.679;2168.675;10.694;1275.353;12.218;3599.553;1373.327;3603.432;2956.650;3377.178;570.815;2.498;2253.263;-5.000;3121.844;1121.073;2546.308;3596.243;2007.128;11.318;220.087;2239.572;1598.733;2480.845;1201.453;2465.400;882.421;2255.443;2789.232;679.051;1017.853;1829.836;2994.494;674.491;1766.121;2432.096;3596.333;942.084;2501.139;359.275;1575.880;8.296;3593.886;1774.861;3521.988;1393.781;3452.535;874.407;848.980;2196.785;3067.971;3591.731;2127.631;3.688;2045.779;952.316;2676.911;3593.336;1694.636;2377.377;1.776;1882.545;429.182;2303.593;1158.847;2886.569;11.767;21.911;2684.946;1885.623;2028.116;3551.945;1668.105;2928.520;1854.162;3293.033;2804.816;305.578;993.173;3137.660;722.568;472.735;1657.099;1573.885;2676.281;1405.382,831.367;1381.647;1549.825;3336.550;3600.890;1971.348;-0.125;2327.388;2192.134;2950.955;1222.231;44.404;2018.383;604.239;2658.895;3090.464;1580.871;3542.109;621.506;3600.409;1767.696;2574.108;2699.195;3594.380;3590.378;-5.687;-2.611;1881.750;1.003;2485.017;1936.852;2199.279;1594.990;1073.883;3334.949;2387.004;-7.955;364.086;2036.182;688.278;1421.913;2891.711;1473.846;3430.298;2745.400;2095.714;265.356;1695.568;2843.482;3602.290;256.087;328.423;2622.753;3072.237;211.353;2830.068;2802.245;2582.614;1072.079;1484.421;1317.604;3045.091;698.272;1118.804;3597.536;3250.004;3594.790;3244.184;294.064;-6.437;1696.364;3058.239;3167.808;2165.726;3606.129;542.326;432.602;905.686;1004.887;966.523;202.227;1294.395;64.746;1827.491;3336.583;1774.997;2322.019;2268.182;3608.751;2502.032;2955.960;824.999;3494.794;555.535;1095.266;2392.301;901.237;3575.294;3171.709;461.280
212,384.8011169433594,211,-560.1864945542143,560.1864945542143,0.24321295472909557,3569.663;2102.715;3503.126;2966.574;2794.531;628.900;3603.530;2.433;533.469;1323.242;2834.722;492.625;3325.755;3577.022;419.019;2174.008;16.495;1268.789;6.527;3599.715;1366.697;3608.568;2961.367;3383.209;577.233;-2.557;2259.528;0.782;3125.654;1114.845;2545.623;3602.376;2007.860;4.924;215.498;2245.433;1605.359;2487.434;1203.845;2458.802;875.740;2260.028;2782.608;672.445;1023.581;1823.528;3001.077;681.117;1759.981;2436.174;3601.284;935.876;2495.127;353.004;1569.235;10.377;3587.266;1779.792;3515.448;1400.406;3446.836;871.885;842.394;2203.257;3066.071;3585.921;2121.033;-0.432;2043.378;958.813;2677.778;3586.961;1688.971;2383.057;-0.561;1888.963;422.687;2308.319;1164.257;2893.242;18.025;28.395;2678.951;1892.286;2022.898;3557.735;1674.138;2922.827;1860.713;3287.654;2810.027;310.805;988.881;3131.028;729.215;476.785;1651.350;1575.238;2682.754;1411.971,833.670;1375.247;1556.464;3331.585;3605.642;1965.027;-6.653;2320.940;2192.520;2945.396;1217.440;50.790;2024.270;610.807;2652.405;3084.425;1574.660;3548.781;624.230;3594.348;1761.711;2579.818;2702.213;3589.237;3595.022;0.536;-9.089;1875.258;-4.538;2489.990;1930.685;2194.357;1591.373;1080.241;3329.475;2388.760;-1.675;370.109;2042.616;682.438;1416.341;2898.349;1474.040;3423.841;2748.009;2089.234;260.979;1702.174;2849.522;3597.628;258.489;333.817;2616.368;3074.216;205.234;2833.044;2808.433;2588.246;1073.573;1489.156;1323.959;3038.786;696.999;1123.511;3601.310;3243.558;3594.620;3238.323;289.279;-0.041;1701.545;3064.742;3164.755;2172.063;3600.374;548.552;435.201;902.275;998.298;969.483;195.694;1287.731;69.102;1833.634;3342.955;1768.451;2323.455;2270.950;3603.814;2496.693;2962.159;828.047;3490.762;552.003;1089.389;2398.475;907.861;3577.279;3177.594;455.471
213,386.6567430496216,212,-560.2283704553411,560.2283704553411,0.1734400340701737,3565.335;2103.682;3504.533;2973.076;2792.405;624.474;3600.601;-2.304;537.457;1323.313;2837.741;498.719;3331.294;3583.535;414.143;2173.721;22.922;1274.635;11.067;3597.860;1363.241;3602.342;2967.880;3378.061;576.572;2.570;2266.115;3.559;3127.045;1108.485;2550.526;3598.072;2014.208;0.979;209.098;2239.530;1610.137;2489.371;1210.195;2459.681;870.460;2264.572;2777.134;674.848;1030.002;1822.647;3006.343;682.288;1761.067;2431.115;3596.008;934.872;2497.513;346.903;1564.339;5.515;3593.282;1783.697;3516.133;1405.111;3441.684;865.631;836.089;2208.495;3059.664;3592.320;2114.645;5.466;2036.933;960.839;2683.472;3580.379;1691.396;2377.887;-6.576;1891.736;420.062;2303.991;1170.801;2898.833;15.781;25.637;2683.710;1896.783;2028.422;3552.845;1678.212;2927.666;1855.801;3281.363;2816.586;310.469;987.557;3125.420;729.113;483.065;1644.886;1568.869;2679.608;1409.330,839.772;1376.504;1562.489;3334.310;3599.288;1964.531;-1.053;2325.527;2193.638;2949.406;1221.818;56.275;2027.132;607.916;2653.290;3089.442;1576.967;3543.450;619.127;3600.045;1766.691;2574.271;2702.781;3592.092;3599.863;-3.424;-2.801;1874.505;1.504;2484.054;1929.537;2197.905;1584.911;1079.259;3335.824;2394.698;1.015;369.675;2036.882;676.096;1418.555;2901.745;1479.749;3424.434;2743.244;2094.319;259.264;1696.627;2844.660;3602.534;264.938;340.381;2612.890;3079.334;202.129;2835.097;2803.106;2589.554;1067.734;1495.664;1317.880;3033.324;702.612;1118.626;3606.821;3247.076;3600.902;3231.773;287.143;-0.192;1695.605;3067.897;3158.266;2175.252;3604.800;551.326;433.344;895.831;992.509;975.861;190.583;1281.172;66.009;1836.337;3341.496;1773.197;2319.008;2264.887;3597.585;2502.649;2964.353;834.500;3495.577;545.562;1091.545;2397.910;903.911;3580.725;3172.931;449.800
214,388.5418972969055,213,-560.2276038801467,560.2276038801467,0.16094488261968026,3568.374;2109.885;3510.761;2967.342;2786.375;627.371;3596.372;3.552;535.456;1321.507;2834.600;504.900;3326.163;3580.170;408.036;2167.364;17.235;1279.265;6.659;3604.094;1365.119;3597.485;2961.729;3373.821;571.809;-0.404;2272.451;-1.666;3120.706;1114.007;2547.435;3592.437;2008.353;4.395;211.842;2234.673;1607.058;2484.552;1216.653;2462.812;867.815;2270.853;2779.874;680.662;1023.830;1816.284;3011.151;677.163;1759.073;2437.293;3595.988;940.723;2503.890;340.403;1566.837;10.447;3596.830;1790.063;3521.933;1402.160;3436.141;859.235;841.056;2203.905;3065.379;3594.630;2120.493;0.601;2030.533;957.231;2677.744;3583.701;1685.132;2377.582;-0.304;1898.161;414.935;2309.995;1175.487;2904.924;10.203;19.951;2679.305;1902.447;2022.608;3558.160;1672.661;2932.798;1849.636;3287.384;2820.220;304.852;993.849;3127.298;724.028;479.686;1639.170;1563.739;2685.627;1406.048,844.569;1370.869;1568.837;3340.729;3595.494;1970.684;-5.341;2319.673;2198.513;2943.724;1227.554;51.055;2028.506;613.857;2646.958;3084.926;1570.621;3547.956;624.495;3600.120;1761.213;2580.256;2696.509;3585.813;3594.224;1.411;-3.807;1868.265;7.945;2488.189;1934.225;2193.504;1579.267;1085.500;3338.615;2388.787;-3.218;375.731;2042.141;678.660;1423.412;2898.560;1486.260;3418.305;2742.536;2089.087;265.616;1701.719;2850.521;3597.041;261.733;336.635;2606.535;3073.182;196.080;2841.507;2807.739;2595.875;1073.792;1490.632;1323.163;3026.845;704.968;1112.153;3600.517;3253.523;3606.855;3230.551;280.773;5.368;1701.397;3066.516;3151.714;2181.145;3598.676;557.628;426.934;889.291;998.207;975.499;186.994;1274.794;68.021;1830.094;3347.709;1774.455;2312.538;2270.092;3603.223;2498.265;2969.770;828.873;3502.060;539.004;1085.484;2393.021;910.108;3587.150;3175.017;443.488
215,390.44022154808044,214,-560.4332805166234,560.4332805166234,0.12576665552308797,3563.451;2104.261;3516.659;2972.020;2779.943;622.883;3597.559;-1.869;541.505;1327.791;2834.740;510.542;3319.828;3585.679;402.541;2163.450;17.064;1281.715;0.237;3599.098;1359.177;3596.347;2955.493;3369.214;577.933;5.649;2278.458;4.523;3116.464;1109.261;2541.053;3596.217;2014.281;10.675;217.357;2228.237;1600.949;2479.874;1223.155;2461.149;861.918;2264.823;2774.877;675.581;1017.372;1810.222;3017.568;681.722;1764.863;2442.159;3598.711;947.189;2510.386;343.853;1571.346;4.168;3598.676;1796.276;3527.814;1407.317;3442.365;865.121;837.116;2210.067;3060.021;3593.083;2116.895;-5.793;2024.136;952.803;2676.242;3589.626;1687.141;2383.743;0.830;1892.157;408.496;2314.885;1181.718;2911.395;3.750;13.761;2675.273;1907.484;2025.194;3552.324;1675.175;2938.967;1844.831;3293.768;2815.108;306.868;994.806;3121.047;723.130;474.826;1645.141;1557.779;2692.012;1399.768,848.580;1364.595;1571.201;3337.024;3597.235;1964.960;-0.074;2321.741;2204.949;2937.255;1226.445;57.117;2034.797;620.080;2640.866;3085.853;1565.323;3554.094;630.868;3596.913;1757.253;2584.020;2690.534;3582.869;3587.796;-4.341;-1.599;1861.841;12.779;2494.344;1940.373;2187.096;1584.958;1083.230;3340.872;2394.543;2.843;380.400;2048.222;684.770;1429.778;2892.207;1480.756;3418.800;2748.696;2083.341;263.963;1705.688;2855.335;3600.826;262.134;331.374;2600.035;3066.701;189.594;2847.998;2813.815;2601.819;1074.982;1489.227;1318.690;3021.026;711.294;1113.900;3599.762;3259.634;3600.704;3236.847;274.417;4.146;1704.920;3060.484;3145.833;2176.499;3600.130;564.127;429.734;882.781;993.971;974.279;193.109;1278.424;66.232;1835.672;3346.435;1780.792;2306.857;2275.703;3604.497;2492.035;2976.163;822.421;3506.791;542.757;1079.367;2397.798;911.032;3593.471;3179.121;447.648
216,392.1587233543396,215,-560.6705473040881,560.6705473040881,0.1816934802807174,3567.971;2100.228;3522.365;2970.997;2785.671;616.517;3603.833;-0.454;547.893;1330.032;2840.964;504.415;3319.346;3591.925;408.394;2168.748;10.866;1276.995;-6.009;3602.607;1363.918;3600.009;2949.804;3375.218;583.878;10.292;2273.065;-0.304;3114.642;1113.448;2546.865;3602.505;2009.907;13.263;211.326;2231.765;1596.007;2473.941;1221.221;2454.854;855.492;2262.939;2779.209;670.119;1011.540;1804.428;3017.967;677.437;1760.230;2448.434;3593.678;952.110;2512.780;350.177;1567.770;-1.942;3593.311;1791.162;3530.437;1403.070;3447.907;861.378;843.027;2206.138;3058.811;3588.566;2120.125;0.191;2030.041;958.883;2670.860;3594.629;1681.780;2379.047;3.826;1886.001;403.637;2321.270;1175.953;2916.282;-2.317;10.724;2669.013;1913.067;2020.857;3547.403;1681.332;2933.735;1850.764;3300.130;2810.666;313.176;989.764;3117.515;729.346;468.488;1649.811;1551.477;2688.426;1403.393,842.458;1364.773;1567.002;3330.719;3603.497;1963.798;-4.239;2316.227;2209.766;2931.848;1232.361;55.332;2041.240;614.341;2640.199;3080.068;1562.808;3560.521;637.255;3590.589;1750.938;2590.265;2684.847;3588.858;3582.886;1.046;-4.729;1866.800;19.081;2491.984;1934.300;2180.703;1582.268;1088.108;3334.801;2400.499;6.767;386.746;2050.811;691.191;1436.158;2886.556;1479.772;3412.603;2755.091;2076.987;259.007;1712.039;2861.717;3595.034;267.612;324.983;2593.992;3061.721;183.273;2852.723;2820.243;2608.113;1072.123;1483.395;1313.184;3026.739;705.405;1117.097;3594.800;3263.558;3598.685;3240.434;267.973;0.682;1710.259;3054.056;3141.049;2170.132;3606.391;568.100;434.936;888.228;999.487;968.062;199.545;1284.648;72.374;1830.436;3341.867;1775.349;2302.482;2282.053;3598.401;2485.601;2977.129;817.444;3513.165;548.369;1072.988;2404.124;913.087;3599.600;3185.464;453.899
217,394.01734352111816,216,-560.6953233444142,560.6953233444142,0.1837382211996952,3574.282;2104.303;3525.116;2977.151;2780.030;612.338;3597.826;4.362;545.683;1335.510;2844.856;504.631;3313.198;3598.313;402.563;2173.127;12.892;1279.907;-1.249;3605.627;1359.370;3606.297;2947.969;3381.049;586.132;4.612;2274.086;1.367;3108.616;1108.939;2553.148;3600.180;2005.038;7.505;216.318;2227.216;1593.987;2467.651;1227.237;2454.225;859.009;2268.463;2773.234;673.102;1005.487;1799.832;3023.679;683.508;1763.367;2454.335;3599.631;958.322;2516.742;351.424;1561.517;-7.403;3587.008;1795.657;3525.501;1408.860;3453.580;864.039;849.397;2200.600;3064.311;3594.363;2126.309;-5.150;2032.372;954.695;2664.515;3600.661;1675.465;2383.673;9.311;1890.190;407.880;2316.844;1170.641;2922.610;1.157;4.586;2662.631;1919.400;2015.719;3543.154;1677.318;2927.392;1857.116;3305.130;2804.366;310.591;983.443;3115.407;724.306;473.492;1655.773;1545.604;2682.373;1405.714,848.069;1370.933;1560.815;3324.440;3599.092;1968.399;0.246;2309.872;2213.843;2928.263;1226.696;49.654;2044.712;619.445;2636.748;3073.724;1561.373;3559.751;643.139;3592.110;1744.560;2590.867;2678.485;3586.025;3576.596;-2.205;1.367;1862.069;25.442;2498.074;1930.824;2174.987;1581.845;1082.649;3328.835;2404.674;6.255;381.097;2057.070;692.815;1440.010;2880.194;1473.687;3408.385;2761.408;2073.629;262.167;1717.999;2867.937;3590.419;261.485;322.737;2595.828;3059.601;187.867;2857.728;2826.634;2612.136;1077.865;1477.065;1315.256;3021.474;701.897;1123.034;3597.706;3269.384;3603.155;3246.470;262.189;6.421;1707.106;3050.989;3146.505;2171.853;3601.005;566.387;429.225;887.446;1005.714;962.077;205.867;1290.597;73.200;1825.919;3335.718;1780.418;2296.180;2288.278;3599.976;2480.517;2978.736;811.774;3519.335;543.239;1066.602;2410.087;919.309;3597.336;3191.797;459.795
218,395.8975522518158,217,-560.5612096819569,560.5612096819569,0.1471659267025883,3572.851;2098.877;3519.498;2982.331;2776.540;606.336;3594.958;9.264;542.293;1341.522;2838.950;510.434;3307.023;3603.234;397.121;2171.315;7.246;1286.109;2.581;3599.551;1353.867;3600.815;2948.969;3375.843;580.211;-0.988;2280.098;7.291;3102.774;1113.835;2556.624;3605.526;2010.870;1.602;222.487;2231.133;1592.930;2461.314;1231.788;2460.168;864.603;2274.595;2768.178;679.303;999.472;1793.617;3027.549;689.114;1762.514;2453.285;3605.571;964.259;2514.611;346.088;1555.815;-1.456;3591.439;1790.158;3531.010;1414.286;3449.443;867.743;845.898;2205.496;3069.335;3600.385;2126.102;-0.958;2028.165;948.686;2658.508;3596.009;1669.439;2379.551;5.295;1895.588;414.015;2310.700;1169.881;2928.807;5.556;4.456;2656.544;1913.526;2012.574;3549.150;1683.143;2923.216;1855.565;3302.133;2808.975;306.537;987.787;3113.344;718.732;479.386;1652.622;1539.716;2676.048;1411.897,854.363;1366.468;1555.658;3318.390;3599.636;1974.267;0.818;2306.871;2220.058;2922.050;1232.350;43.485;2049.098;624.573;2630.564;3067.502;1555.276;3555.336;644.299;3597.601;1739.504;2586.110;2682.271;3583.763;3579.089;1.579;-2.149;1856.732;29.732;2493.400;1935.614;2169.176;1575.684;1076.352;3322.515;2399.631;0.505;382.963;2063.066;697.804;1437.356;2875.426;1478.238;3411.502;2766.683;2067.679;256.205;1722.995;2873.389;3592.708;255.243;327.938;2600.786;3060.211;188.826;2857.092;2826.755;2607.544;1072.575;1470.928;1321.222;3025.798;701.965;1124.671;3602.353;3272.396;3598.153;3252.794;265.697;1.289;1713.158;3056.507;3147.504;2177.188;3598.018;561.012;422.994;881.661;1010.887;957.992;210.826;1287.573;79.036;1825.696;3329.401;1784.810;2292.998;2294.536;3603.366;2478.183;2984.874;806.842;3515.536;537.400;1065.214;2404.597;924.237;3603.321;3197.213;466.005
219,397.8158962726593,218,-560.5129855439285,560.5129855439285,0.21544862558321543,3578.589;2102.700;3521.597;2988.117;2770.913;611.233;3589.041;13.072;538.301;1347.790;2844.570;516.685;3300.765;3601.008;391.241;2177.180;11.391;1292.383;0.770;3604.962;1347.643;3598.200;2955.000;3369.738;584.898;-7.223;2285.853;13.554;3108.821;1107.898;2562.661;3599.662;2010.878;-4.614;228.671;2237.113;1599.018;2455.141;1237.529;2466.409;859.849;2268.761;2761.959;673.789;994.544;1795.504;3021.891;695.269;1756.421;2459.355;3599.860;970.485;2520.381;339.848;1549.562;-0.817;3586.747;1785.720;3526.333;1420.523;3443.634;873.925;843.715;2211.634;3070.861;3605.198;2131.612;-1.765;2021.977;943.008;2663.021;3601.925;1663.167;2374.177;10.948;1901.421;408.712;2304.425;1169.023;2934.521;11.580;10.448;2650.360;1909.256;2006.685;3555.178;1687.845;2927.837;1861.600;3298.081;2803.409;300.553;993.588;3110.952;713.072;474.987;1658.543;1533.508;2674.857;1418.163,859.484;1360.946;1560.236;3312.194;3603.542;1980.532;6.442;2309.337;2225.183;2915.880;1238.582;37.384;2043.367;628.426;2624.414;3062.814;1549.015;3560.884;650.306;3603.841;1734.907;2581.605;2688.155;3589.503;3585.235;-3.459;2.998;1857.873;24.527;2487.702;1941.768;2168.923;1569.626;1070.088;3317.246;2403.543;-5.656;385.348;2067.278;704.029;1431.498;2869.234;1475.732;3405.757;2772.770;2069.037;249.944;1728.553;2872.366;3598.835;252.383;333.778;2607.012;3054.119;192.904;2863.123;2831.658;2601.635;1066.618;1465.272;1323.627;3031.816;697.746;1130.764;3596.529;3266.571;3603.146;3258.990;260.088;-4.324;1718.819;3062.721;3152.245;2171.953;3600.789;557.478;416.712;875.777;1016.997;951.809;216.852;1291.452;73.126;1819.668;3323.116;1790.892;2287.378;2300.453;3600.578;2472.097;2982.612;801.646;3519.790;541.315;1061.102;2400.636;928.254;3597.831;3202.479;472.277
220,399.55369782447815,219,-560.6531647271931,560.6531647271931,0.1553644015571984,3584.686;2096.906;3515.693;2982.559;2776.405;615.567;3594.114;19.202;544.173;1343.026;2844.984;518.111;3295.724;3606.224;394.347;2172.155;5.577;1288.467;0.722;3601.109;1342.335;3600.740;2960.850;3375.259;582.739;-1.424;2292.041;11.435;3108.301;1109.508;2557.182;3594.308;2005.718;0.539;223.270;2243.112;1602.921;2451.508;1235.752;2469.382;860.312;2270.353;2763.538;671.791;989.401;1790.468;3027.638;691.975;1759.993;2456.522;3593.833;965.153;2526.580;338.535;1552.399;4.347;3590.741;1791.285;3520.171;1416.287;3449.589;878.969;838.425;2212.106;3065.843;3599.161;2128.088;3.950;2024.818;948.826;2662.245;3602.917;1667.583;2380.017;17.067;1897.711;412.275;2301.004;1162.973;2930.805;5.772;4.978;2644.192;1914.244;2012.696;3561.145;1691.227;2924.689;1856.677;3303.484;2797.312;306.385;987.699;3104.867;706.895;468.994;1654.450;1539.102;2680.848;1423.757,862.151;1354.825;1566.347;3306.745;3603.790;1986.720;0.799;2303.396;2220.364;2917.929;1235.527;31.265;2037.852;634.552;2624.893;3056.848;1548.640;3565.817;654.553;3600.081;1729.152;2575.661;2694.339;3589.873;3591.390;1.974;-2.440;1851.938;18.536;2482.602;1936.779;2174.772;1574.535;1063.865;3322.532;2409.670;0.159;391.368;2073.181;700.593;1437.419;2863.023;1471.072;3399.552;2778.840;2063.049;247.463;1733.682;2876.785;3601.414;257.390;332.196;2601.896;3054.928;189.312;2858.102;2836.794;2606.996;1072.019;1459.706;1317.604;3028.917;691.690;1126.453;3601.036;3260.930;3597.702;3253.314;253.889;1.585;1724.088;3066.755;3158.238;2166.567;3606.804;563.266;415.938;880.822;1012.522;945.919;221.147;1296.567;74.728;1814.446;3326.791;1796.739;2281.291;2306.447;3594.610;2466.345;2976.527;807.534;3525.935;547.440;1058.268;2406.569;934.081;3601.071;3208.617;467.762
221,401.4338867664337,220,-560.6163777524923,560.6163777524923,0.19820292419630267,3580.491;2097.211;3515.958;2988.187;2771.597;611.816;3589.611;24.911;538.940;1348.381;2839.261;518.263;3291.559;3600.338;400.406;2166.597;4.785;1293.672;-5.276;3605.999;1342.977;3605.355;2964.944;3373.079;588.508;-3.003;2297.215;16.313;3102.311;1104.029;2557.942;3598.786;2011.453;-2.215;228.692;2239.526;1597.121;2445.438;1236.113;2475.401;854.352;2268.974;2758.998;665.758;983.334;1784.355;3033.770;687.788;1754.055;2460.530;3598.026;962.750;2521.570;332.541;1548.620;0.528;3591.138;1785.684;3522.224;1420.130;3455.449;885.052;832.324;2213.542;3059.750;3599.406;2122.019;-1.650;2019.088;948.750;2668.222;3597.631;1668.341;2379.308;17.651;1903.634;417.530;2294.960;1167.947;2935.963;4.818;6.885;2639.782;1920.267;2016.822;3555.904;1697.273;2918.644;1854.879;3298.327;2793.145;311.707;989.810;3098.766;711.909;467.841;1651.060;1543.929;2684.005;1429.658,856.806;1348.744;1565.791;3300.620;3597.777;1992.871;-4.759;2297.525;2214.604;2912.117;1234.735;25.352;2042.842;638.931;2630.884;3057.694;1542.975;3571.590;649.010;3595.366;1723.245;2569.518;2691.056;3595.831;3597.225;2.613;-5.351;1845.794;12.384;2476.478;1942.320;2169.585;1572.539;1061.330;3317.239;2412.019;-4.525;387.085;2078.758;705.729;1433.773;2858.330;1476.936;3402.286;2785.005;2058.581;242.408;1739.791;2876.969;3598.997;262.953;330.564;2601.469;3060.264;195.011;2852.150;2838.912;2613.071;1077.596;1453.590;1319.883;3034.593;697.420;1120.376;3598.298;3262.296;3601.974;3256.627;256.191;3.594;1730.216;3060.905;3163.875;2170.951;3601.004;567.299;410.500;876.357;1007.891;939.893;227.057;1290.745;80.553;1808.412;3329.463;1800.613;2283.859;2312.549;3600.187;2471.649;2970.521;805.829;3523.719;546.254;1064.180;2407.819;940.139;3603.526;3214.788;467.407
222,403.3444344997406,221,-560.772465404124,560.772465404124,0.1982092925001558,3578.059;2101.814;3521.387;2990.837;2770.484;606.158;3589.978;19.604;543.152;1353.875;2837.941;521.672;3296.954;3599.448;399.875;2160.513;10.416;1299.521;0.522;3600.519;1338.234;3599.486;2970.961;3367.265;583.598;0.321;2292.419;10.962;3102.587;1099.215;2552.588;3602.683;2007.884;-4.718;230.466;2242.953;1598.724;2450.002;1230.376;2471.528;856.058;2274.723;2754.889;667.883;987.223;1789.490;3033.609;693.365;1758.970;2455.907;3603.239;967.205;2516.191;334.668;1545.358;-3.568;3595.230;1779.626;3528.162;1424.918;3458.689;879.574;837.895;2207.600;3064.395;3604.415;2126.216;-3.658;2023.552;952.812;2672.002;3600.333;1663.178;2383.153;11.884;1899.696;412.243;2297.031;1171.898;2942.004;8.643;1.883;2645.012;1915.406;2011.736;3553.765;1694.824;2914.231;1858.369;3292.256;2798.681;306.603;994.753;3094.193;708.279;462.031;1655.351;1538.388;2678.302;1424.495,862.350;1349.188;1566.662;3296.274;3599.259;1996.317;0.745;2291.573;2213.712;2915.335;1228.813;30.789;2044.510;638.199;2633.215;3062.782;1546.840;3571.300;643.979;3589.513;1717.163;2565.660;2695.860;3594.991;3597.339;-2.360;0.445;1842.050;11.461;2480.555;1938.111;2172.751;1571.528;1058.377;3313.001;2416.780;0.341;386.293;2084.656;700.060;1435.891;2861.555;1473.461;3406.635;2787.761;2052.635;244.606;1745.729;2882.860;3604.610;259.100;324.652;2595.804;3059.271;190.280;2854.232;2844.849;2609.680;1082.267;1451.686;1321.153;3032.879;693.678;1118.984;3603.853;3265.665;3596.846;3257.462;260.589;-1.926;1725.361;3057.287;3158.051;2176.848;3602.409;572.711;415.225;881.798;1013.684;944.737;222.147;1285.772;75.122;1802.716;3334.759;1803.231;2278.670;2311.739;3605.844;2475.651;2967.394;810.918;3522.936;551.564;1059.444;2410.249;935.420;3605.208;3219.117;464.606
223,405.05916714668274,222,-560.6698450299003,560.6698450299003,0.20475041724980203,3572.152;2106.464;3515.544;2996.436;2764.935;610.484;3594.376;14.241;538.238;1357.854;2841.014;517.862;3301.523;3604.980;396.519;2162.192;15.674;1294.244;0.196;3600.792;1342.554;3600.038;2971.904;3361.274;585.599;-1.177;2297.474;8.174;3103.639;1094.692;2557.985;3608.523;2007.830;0.832;236.029;2248.057;1603.103;2447.277;1224.354;2474.126;850.217;2270.833;2758.001;663.554;981.499;1791.002;3035.962;698.458;1757.124;2459.326;3600.147;962.591;2510.245;329.148;1539.405;2.246;3589.510;1781.056;3530.437;1427.918;3462.935;882.511;835.744;2201.840;3064.372;3608.480;2124.252;0.397;2022.308;958.234;2669.275;3595.158;1657.525;2378.601;5.849;1898.151;417.395;2293.441;1177.864;2942.482;14.563;-3.805;2648.807;1910.579;2017.128;3557.006;1699.661;2914.967;1853.363;3292.657;2794.859;307.834;1000.677;3095.220;704.212;467.081;1649.560;1541.961;2680.858;1428.884,867.788;1347.461;1567.385;3300.623;3598.347;1992.866;-2.391;2296.549;2207.912;2911.344;1223.348;28.875;2050.403;632.472;2638.729;3056.987;1541.591;3565.412;638.413;3594.971;1722.209;2559.899;2692.503;3600.706;3603.159;-0.855;1.654;1846.739;5.780;2476.573;1933.128;2167.101;1570.121;1063.343;3318.325;2411.174;-2.974;391.929;2079.362;704.237;1430.236;2867.408;1467.899;3409.045;2782.197;2057.907;243.785;1747.130;2887.887;3599.463;254.570;329.892;2601.006;3054.799;184.276;2848.624;2840.815;2614.721;1076.713;1457.377;1319.058;3037.765;697.680;1114.361;3598.339;3259.791;3591.489;3256.724;265.456;2.391;1720.070;3062.790;3163.634;2171.303;3597.080;567.076;411.163;882.529;1019.519;950.617;221.727;1279.776;78.787;1807.433;3329.190;1797.693;2284.189;2313.891;3600.279;2473.804;2961.441;814.312;3517.219;545.975;1064.507;2416.104;929.426;3599.326;3223.008;463.530
224,406.9203643798828,223,-560.817757853034,560.817757853034,0.23599768238639618,3574.763;2112.353;3514.776;3001.922;2770.168;606.971;3593.387;8.429;536.257;1363.549;2846.651;511.945;3296.521;3599.784;401.966;2168.051;17.400;1288.634;0.570;3604.257;1337.530;3605.397;2976.079;3364.429;591.391;2.887;2303.386;12.014;3108.449;1088.749;2554.321;3602.814;2012.176;-0.862;236.972;2242.474;1597.772;2441.489;1222.631;2479.836;844.735;2264.911;2753.616;657.918;975.949;1788.371;3041.499;696.374;1751.401;2464.707;3604.843;963.034;2514.827;327.529;1534.923;-0.210;3593.865;1786.284;3526.219;1424.906;3468.754;888.340;834.763;2201.874;3058.837;3602.770;2118.488;-5.038;2016.952;954.705;2674.806;3589.188;1662.649;2384.381;6.696;1894.748;417.423;2291.376;1174.054;2937.188;12.170;1.845;2654.178;1908.735;2021.868;3554.672;1705.116;2909.219;1857.074;3293.495;2789.100;303.097;996.875;3089.624;709.528;464.569;1644.774;1538.035;2685.863;1433.259,863.077;1341.604;1562.813;3305.632;3603.383;1992.683;-6.067;2294.078;2201.914;2916.991;1222.131;34.193;2048.016;629.901;2635.875;3061.392;1535.666;3569.804;632.425;3589.638;1727.945;2557.307;2686.902;3606.639;3598.707;4.974;-3.577;1841.526;0.440;2480.671;1927.183;2171.771;1574.753;1069.264;3322.354;2416.140;1.463;396.132;2079.873;702.313;1432.480;2870.060;1472.357;3414.834;2784.839;2056.630;249.561;1752.829;2882.422;3604.220;259.957;324.304;2596.515;3060.301;183.911;2844.831;2846.545;2609.751;1078.694;1462.046;1313.254;3032.266;692.286;1109.525;3597.576;3254.165;3585.544;3250.944;259.828;-3.006;1715.924;3059.707;3159.945;2166.066;3601.447;572.488;416.767;881.092;1014.579;956.424;215.953;1278.286;83.838;1803.077;3332.788;1802.989;2286.325;2319.760;3604.675;2467.998;2962.572;820.165;3516.364;549.127;1067.744;2422.045;931.241;3603.590;3218.501;469.319
225,408.80637288093567,224,-560.8634036891006,560.8634036891006,0.10489477673039689,3569.336;2106.955;3518.737;3007.426;2764.841;601.126;3598.932;2.519;532.088;1362.010;2852.556;506.027;3300.434;3596.418;396.838;2163.307;11.670;1293.800;0.235;3598.857;1331.634;3600.147;2970.349;3361.120;586.455;8.757;2302.493;17.786;3113.774;1090.732;2548.782;3597.533;2018.015;4.753;231.956;2236.538;1603.334;2446.028;1216.831;2475.320;849.720;2269.867;2753.652;663.123;970.378;1782.569;3047.421;701.973;1755.569;2459.149;3599.142;968.824;2510.440;332.633;1529.160;-0.218;3595.353;1781.421;3531.784;1430.616;3474.677;887.305;829.026;2196.315;3052.970;3598.079;2122.793;0.266;2022.198;949.155;2669.531;3593.256;1657.136;2389.983;10.002;1888.893;422.459;2297.142;1177.865;2940.440;6.340;-2.033;2651.134;1902.915;2020.552;3548.844;1708.965;2914.280;1862.848;3299.280;2794.068;305.762;991.691;3084.900;704.855;460.259;1650.235;1539.722;2680.613;1427.613,867.921;1337.786;1568.551;3300.721;3597.780;1986.890;-0.350;2299.022;2205.948;2921.050;1221.557;39.431;2053.440;625.162;2630.054;3059.943;1535.611;3564.309;627.084;3590.554;1724.118;2551.996;2685.078;3601.079;3599.594;-0.420;0.694;1845.344;-4.999;2486.543;1921.876;2167.905;1580.600;1069.506;3326.852;2411.707;-1.528;391.121;2085.624;696.670;1427.750;2875.882;1474.455;3416.434;2783.256;2052.969;243.965;1757.391;2884.653;3598.704;265.866;328.095;2595.221;3066.224;183.095;2846.702;2844.458;2605.439;1080.863;1464.958;1308.806;3026.475;696.556;1104.928;3602.501;3258.695;3583.930;3249.288;264.916;0.662;1710.076;3064.161;3157.285;2170.458;3602.622;570.275;413.213;881.242;1008.851;962.095;219.922;1272.913;82.937;1808.532;3328.072;1798.888;2280.743;2316.287;3599.520;2472.949;2967.181;818.885;3518.693;550.062;1073.158;2418.369;935.508;3603.073;3215.272;472.067
226,410.5132791996002,225,-560.9619476850467,560.9619476850467,0.14939799810992432,3563.462;2101.386;3523.700;3003.255;2759.668;606.061;3601.922;4.206;526.266;1356.382;2849.047;511.260;3305.284;3601.427;399.903;2167.659;7.186;1298.919;5.131;3603.978;1336.518;3597.373;2969.591;3363.694;587.666;4.057;2307.825;22.214;3108.378;1085.409;2553.997;3598.083;2017.172;2.323;236.729;2233.099;1603.837;2444.076;1212.682;2472.214;851.650;2271.277;2759.390;665.111;974.379;1786.051;3051.587;699.184;1751.355;2453.371;3599.479;966.098;2504.789;327.223;1523.279;-5.420;3601.096;1775.668;3537.304;1434.159;3480.390;892.008;829.965;2196.034;3049.158;3597.517;2128.508;-0.444;2017.383;954.600;2663.701;3590.215;1656.739;2395.462;15.701;1894.031;416.965;2293.426;1178.332;2945.965;3.081;2.229;2654.845;1902.913;2015.062;3544.661;1714.716;2920.081;1868.632;3297.466;2789.991;300.389;985.827;3079.074;699.704;460.215;1654.600;1534.039;2685.442;1425.284,873.557;1331.979;1563.826;3305.757;3602.121;1986.441;-1.003;2294.098;2210.102;2916.235;1227.296;33.994;2057.548;630.425;2628.225;3054.517;1530.416;3567.404;629.414;3585.958;1729.445;2557.646;2690.764;3598.391;3604.297;3.473;-4.815;1839.855;0.646;2481.168;1925.622;2166.040;1574.972;1066.586;3329.379;2414.924;-3.142;396.363;2088.792;701.638;1432.595;2871.212;1480.224;3410.738;2788.779;2047.242;239.938;1754.856;2890.260;3600.259;260.608;331.242;2589.758;3061.733;177.354;2842.142;2848.766;2610.617;1075.338;1459.255;1314.148;3031.332;691.547;1099.091;3597.018;3264.127;3589.581;3243.621;269.285;3.908;1715.516;3061.353;3162.757;2175.683;3599.198;575.528;407.577;886.913;1010.116;956.867;225.068;1277.207;88.642;1804.320;3323.225;1802.098;2275.051;2321.464;3598.803;2467.551;2971.179;823.670;3524.468;551.606;1068.302;2423.198;931.164;3601.815;3209.474;466.720
227,412.360515832901,226,-560.9423816632495,560.9423816632495,0.2110341046363192,3567.997;2106.884;3518.658;3008.073;2754.454;611.851;3596.249;-0.770;530.626;1361.321;2854.557;517.076;3299.684;3606.229;395.163;2163.220;12.320;1293.764;10.751;3605.496;1340.867;3597.572;2974.673;3358.502;582.210;-1.724;2313.071;27.999;3113.678;1087.427;2555.814;3595.611;2011.592;7.357;231.856;2238.214;1608.546;2438.362;1212.757;2477.839;847.427;2273.183;2754.258;670.821;979.467;1791.804;3046.187;702.487;1756.373;2457.968;3604.780;971.355;2502.480;321.566;1519.310;0.121;3599.636;1771.174;3532.787;1439.908;3475.561;886.464;824.389;2201.408;3054.757;3602.747;2123.954;-5.318;2012.977;949.113;2659.321;3589.205;1653.628;2398.745;21.521;1898.160;420.534;2288.008;1184.011;2947.633;0.071;-2.960;2660.390;1907.069;2019.438;3550.164;1709.324;2925.666;1873.538;3292.028;2786.392;294.620;984.353;3084.447;693.892;464.962;1656.313;1538.794;2680.606;1419.866,879.376;1335.590;1562.266;3309.174;3598.668;1991.887;-3.058;2290.247;2215.613;2920.719;1224.998;31.159;2051.963;636.244;2626.596;3048.805;1524.601;3572.111;624.255;3580.347;1729.203;2560.885;2696.426;3601.670;3598.913;5.436;-0.215;1837.224;0.954;2477.385;1931.286;2171.616;1569.143;1072.261;3335.100;2415.107;0.693;402.172;2083.468;696.515;1433.918;2874.195;1480.721;3404.977;2785.142;2052.468;243.759;1758.314;2885.510;3605.787;255.114;336.020;2595.111;3061.191;182.596;2836.358;2845.524;2605.557;1069.510;1459.513;1319.414;3029.011;691.740;1103.234;3592.957;3269.371;3592.541;3240.360;265.423;-0.057;1716.062;3056.215;3164.636;2170.850;3604.523;570.147;403.207;881.853;1005.747;957.346;219.569;1271.585;84.081;1808.533;3317.645;1807.843;2275.667;2316.681;3604.330;2463.585;2965.604;829.436;3530.221;545.955;1063.107;2421.182;934.154;3596.156;3213.048;471.295
228,414.2318551540375,227,-560.9627430910969,560.9627430910969,0.1759566024490458,3570.750;2109.112;3522.339;3003.694;2759.196;608.651;3600.197;-3.376;536.088;1355.905;2859.930;514.988;3295.547;3600.748;390.289;2164.882;9.101;1295.008;5.214;3599.924;1340.697;3603.156;2969.472;3363.931;586.827;2.494;2308.413;22.567;3114.780;1090.616;2550.745;3599.541;2007.144;5.911;226.127;2243.646;1603.229;2443.070;1207.244;2481.294;851.458;2267.637;2754.587;670.828;984.256;1795.255;3043.219;705.390;1755.506;2463.120;3599.517;968.723;2507.984;325.657;1524.615;-2.628;3598.724;1776.219;3532.021;1438.932;3471.520;881.621;827.318;2201.701;3054.680;3597.672;2127.802;0.166;2007.914;951.180;2660.686;3584.291;1659.039;2393.442;20.180;1893.204;415.251;2285.490;1187.073;2942.513;-3.491;1.756;2655.108;1907.142;2014.711;3554.923;1707.536;2931.339;1869.474;3286.295;2791.778;299.106;989.573;3083.486;691.091;460.004;1661.958;1542.001;2677.721;1416.277,876.697;1337.350;1566.618;3305.346;3599.846;1986.996;2.397;2295.184;2211.021;2923.911;1224.136;36.039;2048.172;641.401;2632.138;3054.224;1524.905;3567.105;629.668;3575.793;1728.430;2558.896;2693.492;3607.299;3600.050;-0.054;4.192;1842.688;-2.247;2480.036;1926.089;2176.581;1569.951;1068.207;3333.811;2420.734;-4.745;404.090;2082.454;700.004;1439.523;2869.800;1475.806;3407.114;2779.497;2050.933;244.331;1753.241;2879.844;3600.499;258.554;341.681;2590.721;3055.636;185.549;2841.480;2840.790;2600.234;1074.411;1463.823;1314.920;3024.242;686.207;1107.106;3588.855;3264.129;3587.870;3241.215;261.593;-5.768;1710.807;3061.700;3160.989;2175.945;3599.281;572.687;408.226;876.095;1000.018;962.132;217.439;1274.781;78.397;1813.887;3322.856;1813.574;2272.071;2311.199;3600.565;2463.121;2968.001;825.942;3526.445;540.898;1058.584;2416.381;938.055;3600.788;3209.697;466.461
229,416.12895345687866,228,-560.8575965940505,560.8575965940505,0.23371044280815512,3571.395;2104.044;3517.280;3006.642;2754.224;613.887;3605.275;2.193;531.490;1353.520;2854.604;516.286;3297.370;3603.723;389.550;2169.557;4.409;1294.451;4.104;3601.276;1345.555;3599.184;2964.282;3366.334;592.439;7.446;2313.267;22.650;3109.987;1085.540;2555.622;3605.167;2006.460;5.256;226.640;2249.087;1597.512;2447.567;1212.355;2483.563;846.025;2262.368;2759.198;665.537;978.894;1800.787;3042.881;699.902;1749.960;2468.829;3597.351;971.032;2512.957;321.344;1530.319;1.302;3604.238;1780.511;3526.513;1433.658;3471.983;883.895;830.941;2196.214;3059.233;3591.996;2123.186;0.821;2002.472;952.230;2655.352;3589.811;1660.568;2392.136;19.868;1887.620;409.920;2280.226;1192.277;2947.826;1.832;-0.937;2649.427;1901.915;2009.674;3559.687;1712.352;2926.916;1874.851;3290.419;2788.147;303.021;994.994;3084.864;695.848;464.995;1662.806;1544.408;2683.088;1421.131,872.573;1331.942;1561.431;3299.694;3605.426;1989.484;-0.316;2290.746;2206.067;2926.678;1218.706;38.899;2052.426;646.430;2627.157;3056.216;1521.585;3562.942;635.293;3572.908;1733.802;2557.759;2688.226;3601.958;3605.468;-4.162;5.227;1843.283;3.096;2478.156;1925.594;2173.201;1573.888;1063.061;3328.739;2426.365;0.103;409.036;2086.655;704.941;1442.559;2864.120;1479.982;3404.714;2778.095;2046.318;238.784;1748.495;2877.703;3604.415;253.151;342.292;2586.022;3049.920;190.447;2846.807;2846.273;2594.755;1075.019;1459.235;1309.669;3026.901;681.556;1101.761;3583.187;3258.435;3582.187;3246.814;255.974;-0.400;1706.928;3067.231;3155.591;2179.729;3603.339;568.849;403.227;879.830;1001.473;962.981;218.710;1271.659;76.038;1808.609;3317.822;1811.927;2277.042;2313.771;3605.799;2459.073;2972.674;830.791;3525.991;546.098;1052.968;2421.342;943.717;3606.477;3214.661;471.004
230,417.8485064506531,229,-560.9129446103461,560.9129446103461,0.10213237722216968,3576.884;2098.414;3512.622;3012.192;2758.963;609.797;3600.144;2.351;526.215;1348.968;2857.581;520.699;3292.188;3598.669;384.003;2164.368;8.897;1299.314;3.108;3600.004;1340.730;3599.207;2958.947;3371.438;588.567;4.468;2315.698;17.558;3105.123;1089.528;2550.975;3599.814;2010.432;-0.270;221.411;2246.275;1600.298;2453.048;1208.313;2478.329;850.977;2266.708;2764.241;668.958;975.736;1805.463;3048.331;704.266;1754.379;2465.786;3600.978;966.887;2509.034;325.593;1530.398;2.131;3598.991;1775.301;3531.174;1428.417;3476.919;878.917;836.516;2199.170;3054.295;3590.590;2117.572;-0.821;2004.377;949.228;2649.871;3593.373;1655.772;2395.168;24.669;1883.844;405.376;2274.752;1197.310;2945.134;1.173;3.930;2644.152;1906.321;2015.008;3565.160;1717.425;2927.554;1869.856;3285.598;2793.433;299.004;992.918;3080.933;691.176;470.611;1664.648;1549.976;2678.839;1426.441,877.869;1334.417;1561.405;3299.754;3600.132;1995.040;-5.632;2285.115;2211.196;2925.427;1213.082;33.435;2047.579;652.069;2621.556;3051.146;1516.005;3567.959;638.664;3574.380;1732.304;2563.260;2693.470;3597.303;3600.264;1.284;0.156;1837.988;5.469;2472.610;1920.182;2178.349;1578.132;1061.407;3328.889;2431.598;-3.764;414.647;2081.751;702.294;1448.143;2867.073;1481.945;3407.746;2783.400;2048.395;243.382;1753.689;2875.075;3599.726;247.699;336.832;2586.214;3045.301;196.082;2846.460;2847.143;2599.638;1080.490;1453.635;1304.036;3032.425;676.501;1106.833;3588.131;3253.706;3586.709;3243.219;250.303;0.985;1701.866;3063.518;3160.416;2174.848;3599.708;563.248;399.762;885.410;1004.356;957.484;216.434;1266.917;79.626;1803.672;3316.601;1812.022;2272.547;2313.377;3601.004;2453.474;2978.217;827.447;3531.438;548.169;1047.358;2426.995;938.620;3601.994;3209.826;466.136
231,419.72396206855774,230,-560.8253839924944,560.8253839924944,0.20959950235594557,3573.929;2102.766;3517.853;3008.322;2763.147;609.197;3594.919;6.127;520.677;1354.113;2862.151;526.259;3286.635;3602.255;379.670;2162.264;14.467;1300.229;-2.116;3605.325;1345.552;3594.272;2963.902;3366.870;583.036;-1.063;2311.372;21.781;3110.451;1095.072;2545.387;3598.720;2005.163;-5.839;223.264;2240.771;1605.517;2449.529;1210.308;2480.211;852.113;2272.207;2758.879;674.494;974.737;1810.979;3043.530;709.840;1759.809;2470.347;3606.506;972.319;2513.988;329.396;1526.111;-3.043;3593.384;1769.726;3535.221;1433.762;3471.587;873.319;839.694;2194.197;3059.474;3591.053;2112.867;-6.263;2009.886;943.703;2654.916;3598.899;1650.194;2389.819;30.261;1878.403;410.053;2279.919;1192.283;2950.194;6.634;6.205;2639.887;1911.819;2016.361;3561.335;1712.113;2922.873;1868.199;3287.521;2797.936;293.447;998.183;3086.352;685.942;471.919;1659.506;1545.158;2673.321;1421.116,883.232;1330.387;1556.014;3296.144;3600.244;2000.561;-0.330;2282.803;2213.463;2919.927;1212.335;37.406;2047.487;657.703;2616.280;3048.688;1514.913;3571.483;643.388;3572.033;1726.801;2558.213;2698.798;3600.233;3601.876;-0.726;-5.162;1832.600;1.812;2468.386;1918.734;2173.292;1578.299;1066.198;3323.410;2436.332;1.621;413.234;2086.751;696.770;1451.926;2863.945;1477.584;3413.271;2789.017;2043.269;238.285;1748.408;2880.444;3599.110;244.625;331.538;2590.294;3041.980;198.125;2851.214;2841.686;2596.704;1076.804;1452.314;1306.675;3035.638;681.390;1106.966;3588.753;3250.218;3586.085;3248.424;254.609;-3.454;1707.031;3068.933;3166.012;2178.045;3602.612;557.643;394.356;890.873;1009.317;959.493;221.816;1270.483;85.161;1805.627;3311.247;1806.717;2267.127;2318.802;3599.268;2448.940;2976.287;821.904;3526.819;553.233;1043.839;2424.130;934.717;3602.872;3214.483;460.567
232,421.6125223636627,231,-560.9776174426335,560.9776174426335,0.14686917483056813,3577.869;2100.575;3519.387;3013.465;2757.889;604.319;3599.679;0.937;525.126;1359.552;2867.639;522.944;3287.649;3603.637;382.690;2167.637;10.342;1305.656;2.933;3600.243;1341.235;3599.156;2960.166;3361.572;583.985;3.011;2316.705;16.933;3115.450;1093.597;2547.775;3603.788;2007.668;-0.511;228.552;2236.348;1602.864;2454.549;1212.027;2474.839;857.541;2272.286;2757.912;675.293;969.304;1815.660;3047.502;709.928;1755.228;2467.027;3601.286;968.746;2509.105;324.278;1526.545;1.859;3594.968;1765.198;3530.073;1438.281;3476.771;877.300;845.140;2194.278;3055.416;3585.715;2118.015;-1.291;2005.665;946.737;2651.455;3600.789;1644.827;2394.796;26.852;1882.549;405.013;2279.712;1186.732;2952.004;1.949;0.820;2634.519;1906.781;2011.042;3555.832;1716.163;2928.007;1873.395;3282.193;2801.967;295.444;993.579;3082.223;680.380;466.647;1664.771;1540.310;2676.579;1416.349,884.331;1332.043;1559.630;3290.644;3605.174;2000.515;-2.985;2282.442;2218.014;2923.382;1210.564;36.403;2046.937;655.310;2616.049;3054.001;1519.965;3571.449;648.662;3577.463;1721.316;2557.493;2701.206;3595.898;3596.901;-5.251;0.076;1836.659;6.561;2473.637;1915.416;2175.964;1583.733;1071.415;3319.696;2431.744;2.304;415.228;2092.267;695.472;1454.702;2858.697;1472.057;3414.280;2785.019;2037.899;233.218;1746.086;2884.951;3602.684;249.704;326.406;2585.261;3045.768;193.788;2856.502;2841.292;2601.953;1080.841;1446.905;1301.339;3030.483;686.917;1110.260;3593.792;3254.500;3591.183;3248.513;251.948;1.209;1710.116;3066.968;3165.316;2180.724;3602.575;552.824;395.041;893.684;1004.003;957.190;227.374;1265.158;80.800;1810.464;3306.249;1812.010;2261.575;2314.507;3595.100;2452.459;2971.268;818.779;3529.476;558.783;1038.497;2418.827;939.845;3599.287;3211.144;462.981
233,423.5239953994751,232,-561.0454284888868,561.0454284888868,0.1081509523718216,3574.248;2095.698;3524.502;3018.648;2753.696;601.855;3601.547;-2.192;530.386;1356.438;2863.080;520.333;3284.337;3600.115;386.851;2168.263;5.734;1300.619;3.569;3602.618;1335.791;3604.635;2964.489;3356.227;580.307;3.404;2312.213;14.714;3120.809;1088.424;2551.011;3598.794;2012.656;3.072;233.270;2240.313;1606.122;2454.386;1217.341;2474.654;861.068;2270.566;2763.212;672.119;968.004;1819.735;3051.543;706.235;1758.281;2461.963;3598.174;965.497;2504.861;318.921;1522.605;-0.074;3596.564;1759.731;3530.710;1434.431;3476.892;881.255;840.485;2188.923;3051.961;3584.699;2123.429;1.724;2004.939;949.580;2648.956;3599.502;1646.145;2399.270;21.933;1884.996;406.445;2284.772;1190.432;2947.246;-2.184;-3.549;2630.943;1904.988;2007.141;3553.538;1719.110;2928.506;1869.028;3282.883;2797.839;294.628;995.308;3078.540;675.158;462.622;1661.379;1539.142;2681.154;1419.140,882.678;1337.233;1565.067;3285.124;3600.138;1995.369;1.482;2277.755;2220.907;2918.279;1215.828;31.218;2041.647;650.004;2612.200;3055.744;1524.074;3566.244;643.756;3582.973;1725.885;2552.574;2706.033;3591.831;3595.142;-0.165;3.254;1836.101;7.071;2476.244;1920.429;2181.112;1580.678;1067.094;3317.522;2426.334;-2.306;409.932;2090.419;690.313;1449.577;2863.492;1477.193;3412.109;2783.603;2040.373;229.759;1751.163;2890.298;3597.498;255.161;331.654;2589.719;3046.406;190.301;2851.743;2843.439;2597.862;1080.179;1450.218;1296.518;3027.761;682.088;1105.067;3598.913;3259.927;3596.508;3253.541;255.770;-0.884;1705.072;3069.753;3160.504;2175.625;3597.221;557.238;400.145;898.524;998.641;962.374;224.097;1269.539;75.324;1805.285;3307.731;1811.823;2256.758;2317.060;3591.895;2457.814;2968.532;823.908;3534.217;559.879;1040.854;2415.514;945.339;3594.012;3215.475;465.759
234,425.2509081363678,233,-561.1225012138253,561.1225012138253,0.1702923696124026,3579.518;2100.730;3529.048;3020.575;2754.401;607.161;3596.849;2.992;525.599;1360.783;2857.756;525.468;3278.950;3594.728;382.787;2173.530;8.059;1295.198;-0.660;3598.572;1338.742;3599.806;2966.556;3356.788;583.495;-1.041;2311.649;9.500;3126.199;1082.963;2545.886;3601.316;2007.474;7.617;230.805;2245.700;1607.848;2459.250;1222.576;2477.272;856.913;2265.215;2760.735;667.667;966.377;1814.457;3051.492;710.937;1753.738;2466.484;3598.250;960.266;2509.436;315.177;1527.593;4.795;3601.099;1759.779;3536.038;1437.094;3471.752;876.248;835.119;2193.434;3055.067;3579.675;2126.110;0.525;2003.007;954.560;2644.334;3603.651;1645.652;2404.037;16.484;1879.829;411.655;2280.022;1191.522;2952.386;2.293;-1.342;2625.557;1910.277;2012.210;3557.413;1724.213;2933.501;1871.915;3287.055;2792.477;289.294;1000.611;3077.651;677.651;465.425;1665.002;1543.671;2676.812;1414.891,887.855;1342.641;1569.858;3287.586;3599.713;1993.242;-2.794;2282.659;2215.647;2922.906;1214.855;36.184;2046.708;645.193;2606.854;3055.553;1529.428;3570.576;638.347;3587.511;1722.064;2551.425;2703.275;3586.497;3600.109;-2.750;1.747;1840.565;12.339;2481.395;1915.719;2176.616;1575.688;1071.888;3319.096;2421.452;-7.203;413.070;2095.470;685.029;1444.275;2858.293;1476.748;3406.803;2785.530;2035.161;224.417;1756.620;2895.712;3601.284;259.454;333.710;2595.097;3051.715;195.342;2846.335;2839.044;2601.350;1079.317;1445.531;1297.381;3022.391;685.605;1101.459;3604.211;3254.990;3601.699;3258.742;260.490;-5.824;1703.534;3068.306;3165.356;2170.244;3601.843;552.774;394.988;893.399;993.843;967.745;227.688;1273.409;71.723;1809.183;3303.300;1807.072;2260.878;2312.053;3596.268;2463.119;2964.988;819.904;3530.829;565.046;1046.218;2410.754;950.447;3597.105;3220.898;471.108
235,427.13452100753784,234,-561.0509843415961,561.0509843415961,0.1700312934385744,3584.651;2104.279;3533.271;3015.639;2754.961;604.202;3591.623;2.056;521.584;1355.649;2854.199;528.745;3280.517;3595.858;384.823;2172.014;12.024;1297.180;3.856;3602.891;1334.566;3595.891;2962.285;3361.593;587.918;-6.204;2315.921;7.814;3126.223;1087.924;2547.939;3598.287;2007.669;5.297;225.489;2243.966;1612.841;2454.392;1225.246;2482.519;859.955;2265.602;2764.760;672.619;971.604;1810.015;3046.533;707.467;1758.412;2462.117;3597.624;961.346;2511.180;309.880;1522.481;0.435;3596.771;1762.831;3536.895;1432.316;3474.911;873.119;831.566;2189.638;3060.375;3575.954;2130.986;-4.094;1998.628;949.663;2640.359;3605.478;1650.887;2399.204;20.598;1884.523;415.449;2282.640;1196.691;2954.086;6.283;2.384;2629.478;1912.165;2009.916;3562.619;1721.601;2938.813;1867.132;3282.416;2797.149;289.506;996.174;3076.516;673.523;470.723;1660.269;1544.950;2673.443;1417.180,893.041;1337.701;1570.479;3292.785;3600.723;1998.246;0.131;2278.027;2211.226;2928.188;1220.098;31.957;2042.421;640.904;2601.450;3051.387;1524.706;3575.917;641.290;3582.693;1719.247;2556.678;2699.663;3591.167;3596.663;2.265;-3.539;1835.693;8.653;2476.869;1918.185;2180.952;1570.964;1067.455;3324.397;2425.691;-2.018;413.551;2093.816;686.256;1448.846;2856.547;1480.327;3401.542;2780.620;2036.724;229.303;1756.436;2890.823;3600.304;254.482;328.806;2590.621;3052.910;200.743;2846.373;2843.716;2606.179;1074.122;1440.209;1302.233;3025.016;684.031;1106.241;3599.117;3251.224;3597.030;3253.784;255.420;-0.668;1708.389;3070.515;3160.882;2164.848;3605.663;550.946;396.886;893.741;988.950;963.361;223.589;1271.751;76.084;1806.792;3308.529;1811.321;2262.292;2307.483;3601.628;2458.237;2965.100;823.284;3535.966;569.197;1044.370;2415.838;947.284;3593.100;3221.578;474.615
236,429.04468536376953,235,-561.0515958666851,561.0515958666851,0.11331166498332321,3588.933;2108.403;3528.881;3011.452;2751.504;598.964;3593.135;-2.222;526.413;1351.481;2856.999;523.887;3282.308;3598.885;382.322;2167.334;7.219;1299.953;2.197;3603.843;1330.044;3595.083;2956.974;3357.136;583.875;-1.151;2321.167;2.641;3126.044;1091.863;2548.543;3601.355;2004.963;1.380;220.442;2240.373;1608.552;2454.345;1229.018;2480.352;864.120;2267.340;2764.925;669.306;975.987;1812.537;3047.471;710.682;1763.072;2460.071;3594.611;966.530;2508.764;308.544;1524.613;-4.423;3599.901;1767.556;3539.542;1434.894;3478.853;868.828;830.819;2184.570;3057.631;3579.410;2135.148;1.050;1998.979;952.536;2645.531;3600.295;1647.381;2401.234;23.027;1886.000;410.416;2280.402;1192.353;2955.316;2.751;3.713;2625.331;1909.730;2005.977;3567.275;1716.982;2942.479;1862.228;3278.226;2801.995;293.797;1000.051;3081.367;668.398;469.447;1664.437;1540.395;2677.119;1412.725,898.403;1341.444;1575.670;3289.980;3595.578;1995.722;-3.792;2272.688;2216.272;2923.784;1224.780;26.916;2042.557;645.410;2599.205;3046.077;1519.421;3573.268;646.403;3587.390;1723.784;2556.309;2700.202;3591.448;3591.574;0.654;0.066;1830.379;13.642;2480.473;1913.695;2184.393;1565.627;1062.159;3323.290;2428.192;2.068;416.467;2088.735;690.453;1453.788;2861.139;1482.024;3403.103;2783.033;2041.823;227.568;1758.729;2894.389;3595.087;252.110;333.296;2586.877;3047.778;198.025;2851.303;2848.606;2610.649;1071.517;1435.621;1298.253;3028.458;678.803;1109.829;3602.354;3255.426;3601.451;3253.373;255.094;3.729;1713.118;3075.539;3156.820;2167.754;3600.543;556.026;392.175;898.701;984.305;958.802;227.989;1276.884;71.677;1801.765;3306.075;1816.574;2257.236;2302.681;3596.725;2455.544;2970.337;828.575;3538.677;567.805;1039.119;2414.026;951.651;3598.052;3220.479;469.678
237,430.7647240161896,236,-561.0380430181929,561.0380430181929,0.10743713613662438,3586.950;2108.016;3526.735;3015.040;2746.258;602.995;3589.210;2.662;525.605;1347.245;2861.743;519.927;3280.774;3595.738;377.197;2162.177;1.923;1295.244;-2.761;3599.334;1332.748;3596.985;2961.070;3351.979;578.644;-0.285;2323.581;-0.379;3131.108;1092.186;2552.919;3596.705;2009.334;1.176;217.131;2235.374;1613.008;2449.264;1234.274;2485.123;868.765;2272.379;2765.213;673.780;981.202;1813.864;3042.366;705.880;1768.135;2463.843;3599.598;971.839;2503.568;303.748;1521.649;0.513;3605.042;1762.854;3544.755;1439.687;3477.707;863.758;825.696;2180.216;3059.328;3578.850;2130.655;1.438;2004.157;948.940;2650.382;3598.068;1647.309;2403.237;25.264;1882.513;405.465;2283.750;1187.324;2951.863;6.584;-0.792;2629.587;1906.295;2000.847;3566.169;1712.684;2937.970;1866.162;3282.827;2805.843;290.736;1004.856;3086.666;663.215;464.962;1667.921;1545.073;2672.316;1407.446,894.162;1346.018;1580.826;3285.247;3598.067;1990.544;1.193;2272.951;2216.928;2919.849;1229.898;23.290;2040.690;640.873;2594.099;3041.969;1515.415;3568.778;649.987;3592.400;1728.118;2555.479;2705.382;3587.237;3590.345;-4.284;2.252;1835.024;10.540;2485.489;1908.993;2184.186;1562.269;1061.831;3327.156;2423.849;4.879;411.389;2083.538;690.105;1450.422;2866.039;1477.180;3404.014;2777.939;2046.346;231.100;1763.731;2891.960;3591.184;256.763;337.865;2588.659;3042.553;195.823;2856.601;2849.293;2608.185;1066.364;1439.685;1293.227;3033.441;674.549;1106.145;3599.385;3260.660;3602.457;3257.939;250.123;1.904;1708.457;3071.413;3152.134;2163.294;3596.037;560.315;392.458;903.316;979.204;962.857;229.834;1277.881;66.640;1799.290;3303.064;1816.553;2258.963;2297.384;3595.909;2459.257;2965.684;830.988;3540.921;562.764;1040.457;2411.891;953.335;3598.073;3225.558;473.793
238,432.63352632522583,237,-561.1755763066228,561.1755763066228,0.12767330267364782,3586.062;2102.890;3521.582;3019.897;2747.754;606.975;3584.358;0.606;528.561;1342.143;2863.999;518.924;3276.243;3600.769;378.202;2156.998;-0.648;1290.522;2.267;3604.087;1335.331;3592.762;2965.805;3351.075;575.037;-3.694;2328.570;3.671;3135.509;1087.402;2549.297;3591.677;2006.583;-3.734;212.056;2230.691;1617.991;2445.242;1237.452;2485.858;871.171;2273.616;2761.217;678.907;986.225;1817.376;3037.284;701.838;1773.364;2458.966;3604.292;976.816;2499.571;301.920;1516.664;-1.779;3600.262;1759.503;3548.295;1442.278;3482.716;865.546;820.541;2184.843;3055.454;3583.968;2135.516;-1.483;2007.703;950.644;2654.088;3596.924;1652.155;2408.331;30.374;1877.573;402.783;2288.943;1188.332;2946.711;9.997;3.996;2634.184;1901.439;1995.702;3571.186;1711.775;2936.618;1863.539;3288.066;2802.249;286.199;1000.881;3085.153;658.245;459.831;1672.778;1549.413;2674.396;1402.719,889.526;1341.620;1580.269;3282.456;3601.111;1994.113;0.485;2269.172;2212.606;2921.998;1233.945;21.251;2036.352;635.846;2589.486;3045.425;1511.276;3569.522;647.075;3592.677;1733.310;2560.440;2710.648;3588.000;3593.273;0.145;-2.454;1833.872;8.655;2485.213;1903.825;2179.428;1557.426;1058.295;3332.365;2426.254;4.199;414.452;2078.318;685.015;1446.623;2870.724;1480.457;3399.042;2775.884;2051.515;235.629;1768.720;2887.112;3594.251;259.914;335.432;2586.281;3039.997;199.889;2860.921;2849.725;2603.024;1071.341;1444.068;1288.087;3038.395;671.836;1111.132;3601.341;3265.416;3597.519;3253.529;245.168;-2.025;1711.643;3066.594;3147.140;2159.822;3596.896;563.804;397.484;908.419;973.942;960.344;224.896;1276.510;62.555;1794.327;3307.022;1815.169;2255.643;2295.259;3599.714;2456.273;2960.659;828.369;3546.028;557.763;1044.219;2416.318;949.390;3594.078;3230.724;478.951
239,434.52571296691895,238,-561.3130499239544,561.3130499239544,0.13163557179090177,3581.965;2097.746;3519.620;3025.099;2752.528;611.871;3589.244;-2.809;533.481;1336.941;2858.955;522.695;3281.217;3605.489;383.297;2161.640;-5.688;1291.752;-1.191;3599.349;1340.409;3597.693;2961.290;3346.217;580.018;1.232;2323.900;-1.266;3130.955;1086.651;2544.144;3586.664;2007.381;1.269;206.845;2235.029;1613.162;2449.329;1242.579;2480.934;866.173;2268.637;2764.921;675.382;985.288;1812.385;3041.371;696.679;1771.250;2463.438;3599.274;972.619;2494.488;306.894;1519.564;1.953;3602.500;1763.609;3552.578;1437.479;3487.266;860.776;823.610;2189.896;3050.307;3581.049;2137.775;3.402;2007.251;955.748;2659.240;3592.807;1657.357;2413.461;25.806;1876.105;397.731;2285.902;1192.919;2947.112;4.973;-0.405;2629.747;1906.315;1994.214;3575.786;1716.841;2941.581;1858.509;3291.985;2797.297;290.175;1004.854;3080.123;661.895;454.617;1677.917;1554.589;2677.805;1400.727,893.174;1338.298;1575.565;3277.329;3597.681;1999.177;2.407;2264.014;2217.263;2917.690;1233.534;16.264;2031.539;630.815;2593.186;3049.678;1506.133;3572.916;651.895;3596.345;1738.511;2564.929;2710.270;3593.090;3598.193;-2.075;1.546;1829.090;4.636;2481.419;1898.620;2181.618;1552.278;1053.145;3337.360;2431.360;-0.569;419.524;2073.098;679.825;1446.482;2871.343;1485.348;3393.846;2770.880;2048.116;240.550;1773.918;2885.616;3599.376;263.502;334.637;2581.168;3035.160;205.044;2865.825;2854.314;2606.683;1069.282;1448.865;1282.936;3043.582;667.480;1116.337;3596.567;3269.110;3598.452;3248.596;239.964;2.773;1716.782;3061.393;3141.946;2154.675;3601.512;568.700;400.255;913.547;970.499;955.223;220.389;1281.526;57.425;1789.372;3305.712;1819.794;2259.861;2290.607;3600.884;2451.558;2961.164;827.014;3551.242;562.396;1040.419;2413.139;953.412;3588.913;3235.940;483.971
240,436.2387354373932,239,-561.3654633305729,561.3654633305729,0.11462187100582323,3586.827;2093.316;3514.607;3030.248;2747.781;615.876;3594.230;2.091;538.576;1331.932;2861.889;527.137;3276.792;3600.534;380.650;2164.908;-0.753;1296.790;0.125;3596.209;1345.557;3600.233;2966.021;3341.064;577.588;5.351;2318.785;-5.885;3125.874;1081.735;2541.258;3581.535;2002.426;4.300;208.767;2231.012;1616.311;2454.443;1239.233;2475.814;865.757;2272.131;2769.995;676.232;990.234;1813.000;3046.480;691.515;1766.404;2460.806;3598.282;967.553;2489.326;311.107;1515.239;-1.288;3598.394;1761.430;3547.963;1432.339;3492.382;864.263;828.429;2192.629;3045.214;3585.007;2142.830;3.600;2012.251;960.654;2664.320;3595.500;1659.080;2418.602;20.665;1881.077;396.059;2290.713;1198.060;2942.143;-0.182;-3.036;2634.021;1901.825;1989.167;3580.867;1721.979;2946.733;1854.224;3296.806;2792.145;294.771;1006.721;3074.971;666.982;450.466;1674.600;1559.752;2682.865;1395.667,888.978;1343.213;1579.100;3272.248;3602.541;2004.009;1.115;2259.093;2217.353;2922.544;1228.519;20.363;2026.410;625.886;2589.236;3054.744;1510.158;3574.194;656.969;3599.191;1741.356;2570.067;2715.288;3596.777;3596.913;-2.992;4.703;1829.429;-0.480;2485.224;1897.202;2176.610;1547.236;1054.482;3342.487;2436.361;4.055;416.389;2068.271;683.894;1448.808;2876.252;1480.755;3391.076;2765.826;2052.808;238.419;1771.311;2880.564;3599.993;261.654;329.599;2581.619;3030.012;201.273;2870.972;2849.346;2602.646;1065.424;1453.728;1280.702;3048.271;662.424;1120.901;3600.659;3274.187;3601.558;3244.199;236.719;-1.184;1716.198;3056.387;3136.854;2149.562;3597.118;570.744;405.302;918.624;967.222;951.847;218.837;1284.955;52.288;1794.176;3300.771;1817.955;2255.214;2286.211;3596.269;2447.238;2956.318;821.965;3552.959;564.851;1041.777;2417.460;948.846;3589.241;3240.552;489.129
241,438.0967254638672,240,-561.3709177062818,561.3709177062818,0.15562110237059698,3581.919;2096.814;3518.876;3034.907;2751.173;620.667;3599.040;-0.770;534.898;1335.235;2866.907;522.180;3271.793;3598.709;375.625;2161.242;3.383;1293.614;-4.538;3595.722;1350.627;3605.234;2970.662;3344.216;572.605;8.243;2314.441;-0.983;3120.782;1076.643;2536.226;3585.887;1997.344;2.309;213.772;2225.953;1621.314;2451.230;1244.132;2474.404;870.714;2277.151;2775.112;671.266;995.345;1817.987;3051.587;686.437;1761.298;2455.784;3600.205;962.790;2490.502;306.362;1510.174;3.168;3593.614;1765.574;3551.362;1427.228;3497.321;869.314;824.516;2188.218;3040.158;3589.337;2146.113;-1.264;2008.005;964.864;2669.420;3600.525;1662.790;2414.479;15.792;1886.181;401.006;2295.675;1203.102;2937.080;-4.313;1.862;2632.227;1896.740;1990.297;3576.470;1723.936;2943.816;1849.153;3295.172;2787.676;299.304;1011.663;3069.884;668.884;455.335;1669.555;1561.645;2687.949;1395.071,883.901;1347.665;1574.203;3273.500;3598.525;2008.601;5.991;2255.561;2222.335;2918.150;1233.045;15.512;2022.716;629.501;2584.190;3050.131;1505.974;3569.641;661.021;3604.218;1745.963;2566.237;2719.039;3598.402;3601.780;1.716;0.336;1824.492;-5.592;2480.334;1898.314;2172.810;1542.147;1050.166;3343.510;2431.796;3.612;411.349;2064.711;680.269;1443.862;2881.355;1485.486;3394.115;2770.638;2057.881;233.480;1766.285;2881.965;3595.696;266.452;330.199;2585.916;3024.944;196.256;2875.726;2850.032;2601.960;1061.083;1448.994;1285.628;3053.364;666.709;1121.612;3598.803;3279.303;3599.001;3247.736;232.715;2.623;1721.151;3051.311;3141.347;2149.516;3592.885;575.750;401.452;923.437;962.180;946.804;223.801;1290.002;49.625;1789.593;3295.678;1822.882;2256.071;2291.102;3598.386;2442.165;2951.297;823.507;3548.272;559.967;1046.728;2422.498;949.753;3593.852;3244.161;488.479
242,439.97496008872986,241,-561.6241361245909,561.6241361245909,0.17347950175374324,3581.444;2095.039;3517.763;3039.956;2756.133;616.810;3604.059;2.830;537.723;1338.565;2871.497;519.045;3275.709;3600.170;376.297;2165.883;5.670;1292.473;0.302;3593.175;1348.119;3600.456;2966.833;3348.613;573.261;13.114;2313.621;1.543;3116.366;1071.577;2540.316;3590.557;1998.624;-2.462;215.475;2229.641;1617.289;2454.101;1246.483;2469.688;868.778;2274.856;2775.849;667.551;996.255;1817.737;3056.185;683.453;1756.290;2457.474;3598.960;957.840;2485.762;310.152;1514.112;2.281;3597.995;1768.990;3547.151;1423.529;3500.785;865.601;828.698;2192.463;3035.153;3585.690;2143.590;-4.554;2005.530;969.719;2667.132;3598.185;1667.773;2409.510;11.056;1885.389;402.881;2292.400;1200.067;2936.538;0.213;-0.338;2636.567;1897.951;1995.120;3579.399;1728.865;2940.276;1846.557;3290.219;2784.597;304.320;1016.697;3065.461;673.628;455.727;1670.221;1566.603;2685.930;1399.428,878.910;1345.208;1574.702;3274.741;3602.979;2004.145;2.326;2258.629;2218.873;2921.360;1229.770;14.148;2027.204;625.004;2587.011;3046.782;1509.485;3564.597;663.133;3600.588;1741.432;2563.413;2714.753;3603.344;3606.834;-2.609;-2.148;1828.483;-0.842;2480.648;1903.234;2172.407;1545.542;1053.794;3339.306;2433.969;-1.298;407.321;2068.661;676.546;1439.117;2878.989;1481.601;3399.103;2771.527;2055.610;237.479;1766.759;2877.452;3591.259;271.426;326.114;2581.817;3020.895;200.494;2877.075;2845.139;2604.065;1065.883;1448.753;1289.660;3050.885;669.775;1126.444;3598.614;3278.614;3603.845;3252.502;227.694;-1.250;1717.108;3053.453;3142.886;2144.619;3595.622;574.925;399.579;927.322;957.336;949.662;225.931;1288.939;54.121;1791.851;3298.764;1821.122;2261.001;2290.707;3603.331;2446.361;2955.848;820.134;3543.573;555.335;1045.966;2421.655;944.939;3598.899;3239.501;493.174
243,441.8805184364319,242,-561.5707753206323,561.5707753206323,0.1532859888744088,3577.258;2090.535;3515.453;3039.178;2752.230;611.857;3600.016;-1.407;540.661;1342.339;2873.878;523.346;3279.446;3605.044;381.081;2169.708;1.455;1287.585;-0.788;3597.954;1352.229;3601.173;2965.001;3344.622;578.044;16.210;2318.460;2.335;3118.999;1068.666;2539.858;3595.433;2003.503;0.692;211.797;2234.438;1612.351;2458.729;1242.070;2470.603;863.905;2271.445;2772.196;665.414;991.561;1812.935;3054.349;687.289;1753.125;2461.907;3594.260;960.600;2486.459;314.677;1518.958;-2.575;3600.613;1773.810;3542.622;1420.680;3497.296;863.064;823.987;2197.187;3034.451;3589.813;2138.667;0.102;2000.624;974.661;2671.525;3602.190;1663.414;2413.196;8.048;1880.596;399.126;2290.385;1195.742;2940.527;-3.102;3.627;2631.917;1902.563;1999.981;3582.480;1733.848;2935.327;1851.099;3292.746;2789.352;309.300;1019.688;3068.727;678.634;453.517;1674.997;1564.878;2681.685;1403.993,873.908;1340.283;1571.754;3269.891;3598.917;1999.259;-1.255;2254.245;2216.099;2921.490;1234.395;16.340;2032.197;620.128;2591.883;3041.832;1505.535;3560.055;658.355;3599.929;1746.136;2558.617;2710.540;3601.379;3602.119;1.232;2.666;1832.819;-2.966;2475.821;1899.546;2175.061;1549.569;1050.060;3343.289;2438.881;-6.304;407.024;2064.948;671.581;1434.110;2883.686;1484.975;3403.786;2775.745;2050.745;241.068;1765.876;2872.913;3595.995;266.671;330.779;2576.848;3019.104;205.430;2872.401;2848.675;2599.183;1068.319;1453.411;1287.919;3048.353;665.010;1131.391;3603.364;3281.551;3599.315;3248.004;223.351;2.541;1720.669;3057.770;3147.632;2142.001;3595.542;570.497;395.347;931.688;952.341;954.145;221.950;1284.143;57.952;1793.282;3303.566;1818.473;2266.003;2287.360;3598.827;2444.207;2960.745;816.836;3538.601;559.261;1050.833;2419.939;948.239;3598.348;3234.509;498.014
244,443.6098527908325,243,-561.6844787282505,561.6844787282505,0.13519752601397678,3581.854;2095.348;3519.654;3034.837;2755.868;608.988;3597.737;0.581;535.888;1339.876;2869.128;527.327;3277.451;3600.514;377.041;2174.625;4.984;1290.508;2.539;3602.793;1354.994;3597.922;2960.174;3349.279;573.820;11.571;2322.233;3.769;3123.879;1073.426;2544.386;3599.955;2007.513;-3.975;206.881;2233.179;1615.514;2461.731;1237.125;2465.885;863.943;2266.557;2767.386;670.118;986.650;1809.257;3049.521;692.175;1757.828;2466.838;3598.471;965.114;2481.848;319.626;1518.301;1.865;3595.950;1769.000;3537.996;1424.985;3499.833;864.258;822.634;2193.288;3038.437;3594.243;2141.743;-2.091;2003.414;972.527;2666.915;3598.594;1658.784;2412.057;12.136;1876.157;394.531;2295.057;1198.440;2945.443;1.499;8.537;2635.822;1907.067;2004.398;3580.978;1729.590;2938.457;1848.633;3294.916;2794.240;304.844;1024.410;3073.293;674.043;457.322;1672.690;1560.024;2676.748;1399.422,878.054;1343.479;1571.236;3273.793;3600.622;1998.322;-6.165;2258.831;2211.257;2918.195;1232.136;11.681;2033.727;624.174;2589.241;3046.308;1509.378;3564.602;662.612;3601.505;1743.466;2561.060;2705.604;3597.085;3597.164;5.039;-1.576;1830.577;1.693;2480.149;1904.295;2179.936;1552.976;1048.035;3338.849;2434.754;-2.068;411.161;2069.614;666.638;1438.130;2879.287;1480.870;3406.864;2771.095;2045.985;238.033;1770.669;2877.659;3598.597;262.772;326.947;2571.886;3023.873;210.377;2869.048;2851.303;2603.318;1063.936;1448.932;1290.870;3043.484;660.832;1126.955;3598.754;3276.752;3599.830;3243.941;218.905;-0.212;1716.161;3059.394;3143.064;2146.730;3600.386;573.701;390.411;933.202;956.663;953.479;226.429;1288.186;62.349;1789.015;3308.065;1823.189;2261.877;2282.458;3602.735;2439.882;2965.609;821.511;3542.736;564.177;1046.278;2415.956;953.126;3602.997;3229.847;494.120
245,445.48402547836304,244,-561.7455141603134,561.7455141603134,0.1817089388734785,3580.414;2093.653;3515.493;3038.705;2760.600;606.731;3602.332;-4.087;534.187;1338.021;2871.741;523.030;3282.075;3598.761;379.063;2179.003;0.525;1295.159;4.262;3598.277;1358.259;3602.003;2955.874;3354.101;573.850;15.457;2318.050;-0.804;3121.759;1074.162;2549.022;3604.618;2003.375;0.253;206.296;2237.631;1612.732;2466.576;1239.751;2461.298;868.481;2262.566;2768.497;666.463;989.620;1805.753;3053.422;689.100;1755.444;2463.099;3594.333;960.816;2476.963;317.380;1519.766;3.415;3597.587;1770.743;3540.660;1421.961;3504.627;859.655;818.057;2188.552;3034.044;3589.514;2145.014;2.224;1998.863;976.942;2663.488;3602.758;1658.921;2407.512;7.824;1880.250;398.909;2299.966;1193.866;2945.540;-1.381;13.317;2635.398;1906.798;2008.903;3585.744;1732.128;2942.292;1843.824;3290.207;2796.431;308.058;1022.024;3068.996;672.653;458.649;1670.318;1559.786;2673.597;1402.840,880.698;1348.284;1566.671;3274.209;3605.241;1994.033;-1.487;2259.050;2215.055;2913.409;1235.902;6.784;2030.943;627.794;2592.782;3048.425;1511.055;3569.505;663.006;3606.294;1740.292;2556.800;2702.141;3597.567;3596.082;1.620;2.084;1826.389;2.096;2480.755;1908.218;2183.586;1548.397;1043.215;3334.813;2430.891;0.435;407.056;2068.656;663.187;1441.643;2876.742;1483.580;3402.999;2769.549;2048.597;233.515;1774.393;2880.399;3594.095;260.069;329.312;2574.598;3027.720;213.942;2864.942;2849.488;2606.639;1067.421;1444.145;1294.954;3043.190;656.319;1122.511;3598.248;3274.237;3604.531;3241.270;214.129;3.444;1713.171;3054.689;3144.545;2150.724;3604.390;578.349;385.560;938.014;956.779;948.744;231.173;1292.207;58.136;1784.187;3308.175;1827.975;2259.015;2277.759;3598.122;2435.694;2969.674;826.375;3542.357;561.627;1044.041;2411.084;957.883;3598.478;3230.849;491.169
246,447.3707273006439,245,-561.7593985872008,561.7593985872008,0.15763767421097855,3575.762;2096.390;3510.657;3043.533;2764.738;602.148;3606.516;0.052;538.381;1333.256;2875.838;518.211;3286.638;3598.262;383.547;2183.846;-3.200;1293.135;0.965;3595.064;1353.621;3598.451;2957.962;3358.621;578.531;19.632;2313.209;-5.590;3117.130;1070.986;2553.874;3600.026;1998.536;4.348;210.637;2242.462;1607.978;2471.378;1243.662;2456.472;864.767;2257.764;2772.395;661.693;992.382;1800.965;3058.212;684.661;1751.317;2459.600;3594.176;956.038;2472.120;312.677;1515.820;6.915;3602.298;1766.184;3545.447;1417.203;3509.481;863.779;813.584;2192.435;3029.287;3591.097;2140.391;3.017;1994.035;981.062;2658.707;3598.156;1663.621;2412.105;2.977;1885.013;403.244;2298.515;1198.214;2941.981;1.195;12.033;2631.197;1902.452;2013.685;3590.565;1736.905;2947.069;1847.676;3285.549;2793.522;304.878;1017.762;3064.153;677.151;457.430;1671.073;1560.500;2669.285;1407.581,876.640;1348.604;1571.316;3278.799;3600.679;1989.187;0.419;2255.569;2219.290;2910.967;1240.704;4.986;2034.325;623.884;2591.097;3053.066;1515.805;3571.240;663.905;3602.158;1735.990;2554.563;2705.856;3602.103;3599.607;-2.844;-0.969;1830.822;3.377;2480.666;1909.060;2184.963;1547.864;1044.777;3339.142;2434.946;-3.544;402.220;2070.852;658.432;1440.494;2872.080;1488.019;3398.184;2772.128;2050.348;237.703;1772.599;2876.337;3596.073;264.693;332.901;2573.503;3023.994;218.352;2860.472;2844.720;2603.121;1066.253;1439.406;1290.490;3047.499;660.307;1126.738;3601.247;3272.568;3600.710;3238.442;209.475;-0.743;1708.419;3059.059;3149.246;2155.403;3600.164;583.095;380.805;934.195;955.907;944.381;229.968;1295.648;53.295;1788.552;3303.518;1824.380;2261.840;2272.899;3601.577;2439.195;2972.982;822.600;3537.880;556.926;1045.789;2409.797;961.879;3595.097;3229.670;495.431
247,449.2817072868347,246,-561.802329167074,561.802329167074,0.0896779737633161,3572.607;2093.251;3511.066;3047.854;2760.560;606.261;3602.137;-0.878;534.657;1334.201;2875.346;514.397;3291.112;3595.822;381.530;2184.097;1.104;1288.771;-3.796;3597.246;1349.045;3601.388;2953.508;3354.566;577.278;24.291;2314.265;-1.015;3118.355;1066.304;2554.681;3600.301;2002.089;4.045;206.824;2243.625;1608.375;2475.857;1247.671;2451.913;860.967;2257.410;2777.077;664.300;994.361;1801.791;3058.931;681.207;1747.101;2455.447;3589.560;955.023;2474.844;314.402;1519.258;3.149;3598.011;1767.944;3550.200;1412.424;3511.499;862.094;809.065;2197.207;3025.641;3586.652;2135.906;-1.092;1992.616;985.846;2656.983;3602.289;1668.301;2414.142;-0.867;1881.995;400.187;2299.763;1202.663;2944.960;-0.673;11.349;2635.463;1897.691;2018.505;3592.987;1737.397;2944.543;1848.822;3285.357;2797.679;301.295;1012.965;3061.716;681.626;452.776;1666.473;1564.876;2667.388;1405.617,872.155;1349.897;1568.364;3274.576;3599.507;1984.490;-0.274;2250.842;2217.340;2915.607;1244.990;1.821;2031.252;619.124;2586.756;3051.181;1512.516;3570.257;659.272;3598.441;1740.090;2558.918;2710.531;3598.966;3600.880;1.452;3.095;1835.020;3.620;2485.160;1906.624;2189.359;1543.844;1045.592;3343.903;2439.054;0.504;401.082;2066.307;655.454;1437.240;2874.403;1491.509;3396.973;2768.444;2053.317;242.495;1777.199;2872.153;3600.745;264.084;328.717;2568.881;3019.385;216.365;2855.665;2840.462;2598.529;1070.736;1441.686;1293.209;3051.208;661.626;1130.923;3599.148;3274.941;3599.375;3233.703;204.674;-2.963;1709.584;3063.710;3146.098;2152.226;3599.793;583.285;385.124;930.682;951.365;946.945;225.433;1293.052;48.883;1788.050;3303.496;1828.627;2265.535;2268.274;3598.974;2434.545;2977.261;825.635;3541.869;559.651;1043.864;2414.289;959.229;3590.735;3234.283;500.219
248,451.0146017074585,247,-561.8703620223343,561.8703620223343,0.15415040554268367,3576.110;2097.518;3510.645;3049.506;2764.587;610.838;3598.664;1.940;538.029;1329.751;2870.694;513.381;3287.431;3600.246;377.013;2183.153;-1.834;1291.285;0.589;3601.714;1344.282;3599.471;2957.675;3349.830;581.004;28.721;2318.798;1.021;3122.793;1064.570;2553.618;3596.453;1998.411;4.733;206.617;2241.309;1612.380;2479.973;1244.387;2447.302;856.239;2256.162;2781.818;664.441;989.873;1806.304;3056.739;684.781;1743.020;2454.129;3591.781;957.109;2477.281;317.802;1523.959;5.717;3594.702;1764.773;3548.579;1407.859;3514.302;858.237;806.321;2193.516;3021.349;3585.802;2133.665;-5.835;1988.664;989.720;2660.816;3603.112;1673.053;2418.636;0.846;1877.472;395.541;2304.427;1207.239;2949.351;-3.503;15.846;2636.403;1901.267;2022.220;3591.874;1737.172;2947.301;1845.501;3287.898;2796.625;296.584;1011.605;3057.423;685.814;456.078;1668.121;1560.616;2671.806;1401.156,871.360;1354.563;1569.105;3277.568;3601.012;1980.043;1.469;2246.887;2212.715;2920.146;1240.743;5.598;2026.547;615.509;2582.268;3051.296;1515.055;3566.081;654.530;3598.021;1744.819;2558.623;2715.252;3603.517;3596.492;-2.720;6.832;1839.551;-0.745;2488.524;1901.953;2185.054;1539.111;1050.247;3347.425;2442.583;-2.636;396.609;2063.730;650.975;1441.768;2874.654;1496.224;3401.308;2764.051;2049.561;247.257;1774.165;2874.596;3596.860;268.563;324.064;2564.544;3016.704;211.697;2850.990;2836.170;2593.796;1075.423;1446.331;1288.857;3047.496;666.175;1126.824;3603.496;3279.618;3603.478;3237.517;204.695;1.655;1708.634;3063.732;3143.523;2147.530;3597.175;587.864;389.365;935.249;946.600;943.188;221.331;1297.547;44.172;1783.432;3308.069;1833.280;2270.254;2265.950;3602.241;2434.979;2972.846;821.229;3542.216;555.751;1047.839;2418.752;962.940;3591.816;3233.415;500.889
249,452.90149450302124,248,-561.7901265030911,561.7901265030911,0.07912088642345615,3574.327;2093.225;3515.063;3045.523;2766.855;607.733;3599.768;0.662;542.699;1325.882;2870.740;508.789;3282.753;3598.140;373.340;2185.020;2.409;1295.898;-1.784;3597.700;1339.603;3602.872;2962.359;3348.725;584.878;24.802;2322.984;-0.692;3118.977;1059.972;2558.137;3593.042;2002.719;8.289;211.012;2236.686;1608.336;2476.454;1248.818;2449.784;856.356;2260.436;2786.534;660.029;994.149;1808.805;3061.071;680.743;1738.680;2449.523;3596.121;954.083;2473.026;313.543;1526.834;5.648;3596.483;1760.130;3551.335;1403.423;3518.951;862.687;801.683;2189.127;3024.427;3590.143;2137.862;-1.508;1983.975;993.009;2657.595;3598.754;1677.673;2421.858;-1.726;1881.370;398.664;2303.448;1211.733;2945.502;1.070;11.767;2633.034;1901.445;2018.672;3596.379;1741.617;2951.775;1840.839;3292.291;2792.038;297.547;1006.991;3052.786;690.465;451.954;1663.744;1556.144;2673.152;1398.314,867.044;1354.380;1564.800;3279.806;3599.285;1983.290;-2.920;2242.240;2215.431;2924.410;1240.210;1.361;2021.820;613.002;2577.677;3051.485;1510.721;3570.159;657.872;3601.937;1743.032;2563.209;2719.546;3599.237;3592.581;1.387;11.390;1835.931;2.657;2485.291;1900.478;2180.507;1541.021;1054.590;3350.464;2438.911;0.912;399.304;2066.664;649.224;1446.309;2878.482;1500.918;3396.962;2759.378;2044.876;251.880;1769.868;2871.233;3592.980;268.537;319.370;2561.151;3013.054;214.427;2852.129;2836.878;2594.289;1073.263;1447.021;1285.258;3050.975;661.789;1125.691;3598.938;3281.639;3599.113;3240.344;200.235;2.382;1704.667;3063.404;3140.077;2146.178;3601.475;592.364;393.565;938.239;945.895;938.533;222.439;1302.189;39.771;1778.738;3312.632;1837.981;2274.859;2270.130;3598.196;2430.444;2970.159;819.970;3546.668;556.698;1045.562;2423.207;958.681;3590.197;3237.930;502.472
250,454.8103754520416,249,-561.7280116024692,561.7280116024692,0.11006845464532937,3572.265;2093.076;3511.235;3042.985;2771.432;603.234;3604.287;-3.908;539.632;1322.030;2874.956;506.289;3285.709;3593.795;368.716;2189.169;-0.242;1293.389;1.506;3599.690;1340.513;3598.367;2963.211;3348.764;587.354;20.830;2319.245;3.153;3114.976;1055.469;2562.095;3596.968;1999.486;12.911;215.523;2238.750;1604.723;2480.797;1253.042;2446.655;860.463;2257.238;2789.993;655.389;990.749;1805.252;3065.697;677.581;1734.019;2450.411;3598.860;949.470;2468.464;309.715;1522.713;1.104;3600.889;1755.451;3551.106;1401.437;3523.475;867.004;797.662;2184.703;3028.451;3592.035;2142.507;1.992;1981.461;991.382;2660.562;3597.600;1675.765;2426.300;2.490;1885.423;403.215;2304.197;1207.968;2941.267;1.516;11.537;2628.413;1905.963;2020.419;3601.015;1746.139;2956.190;1843.828;3287.934;2787.729;301.719;1009.701;3048.125;689.068;456.406;1659.078;1560.322;2668.633;1402.621,862.477;1356.448;1560.141;3275.478;3602.385;1987.616;1.498;2237.665;2220.004;2929.029;1235.688;-2.811;2017.184;614.375;2573.009;3047.001;1506.341;3574.801;657.088;3598.330;1746.226;2567.314;2721.716;3602.031;3596.993;-2.237;15.838;1831.319;-1.709;2480.672;1896.140;2176.041;1536.586;1051.043;3355.044;2434.282;3.624;394.826;2062.216;653.536;1441.970;2883.125;1501.794;3399.447;2763.714;2049.092;248.673;1766.212;2866.613;3595.522;268.605;321.077;2565.631;3008.428;210.039;2856.531;2832.421;2589.885;1069.100;1451.545;1289.499;3049.413;660.425;1128.828;3596.194;3286.223;3599.082;3237.150;200.679;5.292;1709.086;3066.773;3144.535;2141.781;3597.238;588.348;392.764;941.702;941.481;942.837;226.770;1301.596;35.216;1781.888;3313.382;1838.187;2279.537;2274.459;3595.394;2429.541;2965.856;819.061;3542.754;558.572;1050.087;2427.876;955.733;3585.815;3242.446;506.922
251,456.5228066444397,250,-561.7347955290621,561.7347955290621,0.09864486190989329,3576.717;2094.079;3515.559;3038.434;2767.739;599.535;3600.198;0.338;535.063;1326.140;2876.108;510.178;3290.058;3591.770;365.263;2193.735;3.298;1297.834;4.342;3604.045;1342.518;3598.383;2964.866;3346.154;582.916;16.245;2314.865;1.016;3115.288;1059.401;2566.399;3601.249;2002.913;9.592;211.541;2240.487;1606.183;2479.140;1248.776;2449.143;857.942;2252.664;2787.609;659.115;986.437;1801.864;3063.250;681.897;1737.705;2454.895;3598.350;952.795;2469.084;313.696;1518.104;-3.231;3601.328;1751.187;3546.761;1405.717;3525.904;864.559;802.011;2180.164;3033.041;3596.566;2147.013;3.320;1984.765;986.874;2656.131;3601.473;1671.564;2430.924;-1.559;1882.647;405.032;2308.389;1203.474;2945.220;1.938;7.085;2632.487;1910.581;2016.399;3596.926;1743.815;2953.846;1843.510;3284.224;2789.510;297.565;1005.671;3050.692;684.696;461.012;1662.958;1556.486;2666.491;1399.455,862.241;1352.221;1557.807;3275.388;3597.962;1991.939;-1.995;2241.878;2216.539;2926.599;1238.870;1.380;2019.996;610.326;2568.926;3051.342;1510.545;3579.350;660.561;3593.746;1744.545;2563.662;2719.267;3598.390;3596.796;1.906;12.360;1826.697;2.284;2484.296;1899.551;2179.831;1537.224;1053.563;3359.204;2435.041;0.030;390.868;2064.619;649.728;1442.778;2878.858;1505.920;3403.883;2767.446;2047.897;248.913;1770.582;2869.957;3599.723;264.188;325.562;2568.238;3010.365;212.801;2852.898;2834.553;2589.104;1069.540;1448.561;1287.234;3044.881;659.594;1125.275;3598.689;3282.994;3603.152;3232.587;200.128;1.184;1705.856;3070.021;3144.836;2140.383;3600.679;585.144;388.249;944.318;945.340;939.189;231.370;1297.126;31.186;1782.048;3309.083;1834.196;2275.973;2274.017;3597.812;2428.140;2966.238;814.908;3538.172;563.106;1048.035;2429.938;951.174;3590.204;3241.213;503.250
252,458.29578924179077,251,-561.746920408704,561.746920408704,0.10397607935530831,3581.296;2089.658;3519.682;3035.836;2763.424;595.779;3597.606;0.791;538.063;1322.384;2879.949;506.090;3294.142;3587.276;368.903;2192.552;0.146;1298.755;4.322;3599.852;1338.193;3596.131;2961.080;3341.660;579.907;12.753;2310.318;-3.291;3111.297;1060.845;2570.971;3597.856;2007.423;5.091;210.231;2244.482;1602.815;2477.411;1251.935;2453.594;861.424;2249.897;2786.062;660.690;988.960;1797.333;3066.410;679.444;1741.566;2458.713;3593.965;957.095;2468.374;310.053;1513.821;1.150;3597.141;1754.190;3549.800;1403.739;3530.274;868.512;802.475;2176.632;3037.142;3598.145;2151.266;-0.938;1981.568;990.276;2652.778;3598.908;1675.029;2434.125;2.425;1885.783;400.766;2311.640;1206.460;2943.255;6.073;10.655;2636.396;1907.087;2011.839;3593.691;1746.647;2958.143;1839.368;3280.330;2793.984;293.494;1001.130;3051.407;680.657;457.327;1665.903;1553.477;2669.932;1394.997,866.697;1348.099;1553.322;3271.007;3601.663;1994.675;0.575;2237.974;2220.379;2930.587;1235.602;-1.366;2015.965;605.793;2569.209;3055.216;1506.407;3578.262;656.168;3596.911;1748.624;2567.993;2723.658;3600.804;3593.849;-0.503;16.519;1823.187;2.078;2487.275;1904.028;2184.340;1540.401;1049.244;3363.765;2431.524;-4.247;393.901;2060.352;645.241;1441.864;2880.697;1506.383;3399.707;2763.936;2052.111;253.255;1774.964;2867.589;3597.935;259.777;322.090;2572.373;3014.854;216.234;2848.370;2830.726;2585.010;1065.084;1451.719;1285.295;3040.631;655.121;1129.019;3601.459;3280.590;3599.178;3228.275;195.682;-3.309;1704.136;3065.571;3140.461;2136.406;3600.969;587.550;392.032;940.058;943.793;942.202;227.403;1301.248;26.628;1778.028;3312.344;1838.180;2275.037;2269.545;3602.302;2423.657;2961.841;819.315;3541.295;567.291;1044.796;2433.527;947.042;3593.163;3245.618;507.588
253,460.07896900177,252,-561.899950620093,561.899950620093,0.15432076259265887,3578.992;2086.100;3523.032;3034.537;2759.787;591.307;3601.359;-2.985;541.784;1325.218;2884.312;501.674;3290.159;3591.082;366.488;2188.961;-3.580;1296.389;-0.047;3600.797;1334.147;3600.466;2964.975;3342.606;583.842;16.299;2305.825;1.022;3106.937;1059.716;2569.515;3600.049;2008.060;9.042;213.733;2245.186;1598.336;2481.731;1248.884;2451.040;865.908;2253.373;2781.661;656.663;984.969;1800.974;3069.422;683.282;1737.613;2463.219;3590.536;953.047;2463.962;312.553;1517.406;-0.825;3595.732;1750.416;3545.990;1403.884;3534.684;869.938;806.790;2180.539;3041.082;3594.316;2155.769;1.216;1977.098;986.790;2656.436;3602.656;1672.452;2438.150;-0.434;1890.249;396.612;2307.479;1202.494;2947.214;1.877;6.956;2640.832;1906.829;2007.382;3589.865;1751.049;2955.518;1842.181;3282.527;2798.373;296.717;1003.350;3047.297;676.436;458.499;1669.874;1553.840;2666.211;1398.331,865.294;1349.767;1550.526;3275.045;3599.373;1990.290;-3.462;2240.849;2222.356;2927.780;1237.725;2.599;2014.332;608.327;2573.448;3057.792;1509.111;3580.987;658.207;3593.083;1744.367;2565.915;2719.740;3601.119;3597.881;2.939;20.659;1826.995;-2.227;2484.305;1900.621;2188.080;1544.881;1051.660;3365.289;2427.028;0.060;389.632;2064.396;648.807;1446.098;2876.745;1502.017;3402.737;2759.823;2047.972;257.785;1772.021;2871.839;3593.784;255.263;324.966;2576.651;3017.135;220.464;2848.308;2833.963;2589.166;1067.239;1447.781;1288.807;3036.105;650.649;1125.104;3597.270;3276.160;3596.965;3223.832;191.443;0.900;1703.370;3066.992;3141.594;2140.278;3605.089;584.103;390.121;935.815;948.056;938.321;230.638;1301.414;28.869;1777.290;3316.824;1842.561;2271.168;2271.291;3606.620;2426.200;2965.935;820.228;3537.728;564.177;1040.341;2429.310;951.183;3597.635;3241.856;504.606
254,461.73680448532104,253,-561.8042737589992,561.8042737589992,0.10151308024599573,3583.086;2081.912;3527.476;3038.831;2755.902;594.732;3597.746;1.151;541.368;1326.859;2880.053;503.440;3285.735;3592.705;364.498;2193.084;0.740;1297.559;-3.290;3603.092;1337.205;3599.205;2969.427;3338.343;588.253;12.375;2305.209;-0.665;3102.579;1063.218;2567.053;3600.556;2004.618;6.727;217.802;2240.816;1593.870;2479.234;1244.628;2446.827;862.610;2249.265;2785.889;652.201;980.571;1805.423;3066.144;679.466;1739.868;2460.136;3594.668;953.653;2468.183;315.381;1521.570;-0.068;3599.922;1749.809;3541.560;1404.441;3530.613;874.304;809.581;2176.407;3044.788;3598.420;2155.325;-2.609;1980.414;982.478;2656.571;3598.414;1675.299;2442.622;-1.065;1889.058;392.173;2311.568;1206.335;2950.823;4.041;3.006;2637.484;1903.116;2003.041;3586.410;1754.451;2951.565;1840.951;3286.932;2794.249;292.864;1000.695;3051.288;679.180;462.174;1674.257;1558.054;2670.313;1402.039,869.000;1349.211;1554.316;3272.315;3599.108;1993.373;0.412;2236.987;2219.480;2929.470;1233.456;6.658;2010.016;605.540;2573.972;3062.166;1509.545;3578.039;655.580;3596.516;1744.938;2568.549;2723.504;3599.866;3602.353;-0.942;16.903;1825.298;1.491;2488.079;1896.248;2189.127;1542.685;1047.681;3368.010;2429.916;-3.078;389.866;2061.985;650.540;1442.572;2874.348;1504.247;3399.808;2762.149;2051.020;255.739;1767.765;2869.119;3598.026;256.570;321.284;2581.099;3013.694;216.981;2848.563;2829.776;2586.409;1062.945;1451.760;1284.603;3039.445;653.549;1125.662;3600.915;3279.747;3600.485;3226.979;187.372;3.196;1699.189;3063.610;3141.844;2139.266;3600.792;579.983;393.783;938.439;944.810;941.950;227.597;1305.400;29.949;1781.657;3313.475;1839.095;2266.732;2272.404;3602.317;2428.941;2961.974;818.313;3540.750;564.854;1043.902;2431.953;947.333;3595.038;3243.036;508.062
255,463.5044732093811,254,-561.8254899651175,561.8254899651175,0.16401053167585278,3580.258;2085.891;3531.205;3043.258;2751.498;595.706;3599.344;2.169;537.334;1331.211;2880.790;499.279;3281.924;3595.534;368.775;2197.302;2.805;1293.311;0.935;3598.810;1334.017;3603.023;2970.459;3340.757;592.691;10.772;2301.828;1.589;3098.334;1058.933;2562.689;3604.886;2000.221;8.232;222.232;2239.449;1589.423;2482.870;1248.732;2442.413;864.881;2249.268;2788.895;647.753;979.700;1809.226;3070.340;675.054;1735.644;2455.762;3599.082;949.391;2470.478;313.508;1526.004;-3.761;3603.789;1745.746;3545.076;1400.113;3531.773;878.747;807.300;2172.266;3041.359;3600.266;2153.759;1.377;1982.583;986.452;2660.890;3599.102;1679.680;2438.901;-5.283;1893.279;395.428;2313.589;1204.599;2954.507;7.319;-1.412;2633.146;1898.714;2006.361;3582.030;1758.847;2947.147;1836.606;3284.046;2796.329;296.527;996.854;3047.406;683.556;458.390;1678.583;1562.220;2674.515;1405.293,864.871;1353.545;1551.852;3274.097;3603.386;1990.112;-0.467;2238.214;2223.622;2933.133;1229.455;2.653;2013.625;608.386;2578.306;3064.730;1506.092;3579.681;659.385;3599.918;1740.684;2567.758;2723.312;3596.945;3604.609;-3.380;12.498;1829.213;1.536;2484.072;1891.847;2184.894;1539.214;1047.322;3372.342;2432.205;0.418;390.610;2061.785;654.762;1438.332;2870.553;1500.162;3400.232;2766.056;2051.208;257.580;1769.855;2865.737;3596.509;252.371;317.965;2584.840;3009.412;220.944;2852.622;2830.252;2585.807;1066.335;1449.437;1287.861;3040.998;650.017;1121.363;3599.087;3283.848;3597.896;3223.993;182.942;1.565;1703.385;3059.210;3146.146;2141.142;3597.863;575.551;396.775;942.720;946.880;945.791;231.108;1304.155;34.254;1781.820;3311.740;1835.648;2270.653;2276.607;3598.973;2425.824;2960.706;814.884;3541.050;562.115;1042.474;2427.978;946.625;3592.151;3242.611;511.779
256,465.2897868156433,255,-561.6389936668986,561.6389936668986,0.1227894433050765,3576.862;2082.681;3530.380;3047.659;2747.684;599.695;3600.274;4.665;532.960;1332.022;2884.917;496.548;3285.905;3599.636;367.202;2201.683;1.904;1290.561;-2.585;3601.539;1329.667;3598.941;2972.200;3336.720;597.058;7.272;2305.511;0.450;3102.014;1055.346;2558.333;3600.769;1997.771;9.541;226.583;2235.225;1585.101;2487.199;1252.043;2438.030;860.855;2245.097;2793.151;643.666;975.595;1813.592;3072.851;671.075;1733.497;2456.882;3603.292;945.069;2474.776;309.203;1530.183;0.354;3599.601;1747.909;3548.968;1396.034;3532.661;882.675;810.042;2168.091;3037.001;3604.576;2149.595;2.718;1980.899;987.977;2664.853;3595.462;1683.504;2442.146;-1.070;1889.994;391.875;2317.832;1208.653;2950.296;10.135;2.165;2628.784;1896.754;2002.726;3578.477;1763.185;2942.841;1834.000;3280.308;2792.318;294.875;1000.672;3043.735;687.847;462.166;1682.936;1563.241;2672.706;1409.630,861.114;1352.910;1547.526;3271.730;3599.280;1994.047;0.592;2240.271;2222.268;2931.354;1225.359;-0.798;2017.499;604.626;2581.369;3069.060;1507.074;3579.425;662.760;3604.260;1742.394;2567.096;2726.670;3592.631;3600.410;0.724;13.924;1825.228;5.437;2481.431;1887.447;2180.622;1539.405;1045.216;3376.721;2435.833;-2.372;393.965;2061.300;650.872;1434.305;2866.183;1503.725;3396.491;2762.692;2050.671;253.805;1765.799;2864.100;3600.447;252.191;313.670;2581.493;3005.417;217.519;2856.817;2829.881;2587.883;1070.600;1452.577;1283.932;3043.231;646.877;1118.244;3602.565;3288.067;3601.465;3223.080;181.487;5.238;1707.542;3054.853;3148.569;2137.115;3597.854;571.157;397.598;947.114;950.588;942.507;235.280;1308.294;30.920;1779.070;3307.463;1834.763;2273.127;2280.994;3599.347;2429.905;2956.553;816.475;3545.090;566.185;1038.321;2429.986;950.331;3588.034;3246.845;515.438
257,467.0918436050415,256,-561.8020578759804,561.8020578759804,0.14576824383724724,3580.023;2079.585;3527.001;3051.725;2748.710;599.049;3604.395;1.232;529.062;1335.876;2886.841;492.753;3290.009;3603.843;371.339;2199.264;6.067;1286.270;-3.345;3598.005;1332.076;3599.369;2968.269;3340.626;594.169;10.739;2309.306;-3.194;3106.329;1058.591;2558.472;3603.414;2001.397;5.328;229.603;2237.099;1584.041;2491.049;1248.992;2435.504;864.275;2248.120;2790.002;645.762;971.287;1817.813;3073.825;670.371;1729.402;2456.104;3599.449;940.810;2478.201;311.313;1527.119;-2.637;3598.816;1750.078;3547.116;1394.932;3528.506;879.406;805.874;2171.117;3032.659;3600.688;2145.432;-1.336;1976.772;992.194;2668.150;3598.560;1679.986;2438.614;0.154;1891.543;395.688;2314.086;1207.293;2953.289;6.096;-1.628;2627.890;1898.609;2004.831;3582.299;1766.679;2938.488;1835.629;3275.981;2795.525;298.974;1004.979;3039.501;691.709;458.633;1679.441;1559.273;2668.476;1413.338,861.362;1349.666;1544.184;3267.584;3599.170;1996.784;-0.648;2244.437;2221.310;2927.088;1225.061;0.507;2015.908;607.359;2585.661;3066.130;1502.850;3583.538;666.693;3600.398;1740.175;2562.848;2723.271;3596.799;3601.576;1.127;16.267;1824.115;9.257;2477.781;1888.568;2180.598;1535.195;1048.913;3373.753;2435.081;1.683;389.849;2065.217;646.597;1429.964;2868.375;1500.623;3400.597;2766.830;2054.673;249.482;1763.173;2867.661;3603.905;249.611;316.170;2577.181;3001.181;216.403;2861.164;2833.194;2583.974;1072.132;1455.414;1287.262;3047.508;648.865;1122.161;3598.449;3285.015;3597.467;3218.842;178.499;9.124;1711.846;3056.256;3149.272;2132.775;3601.112;570.987;393.389;945.576;947.002;939.868;239.565;1312.635;29.074;1782.603;3310.416;1838.566;2270.441;2285.082;3602.959;2426.861;2960.115;814.159;3541.810;566.331;1035.637;2425.832;954.647;3584.952;3246.319;511.767
258,468.7508201599121,257,-561.9319677763664,561.9319677763664,0.10711776193498862,3584.285;2083.335;3522.893;3049.522;2752.896;603.044;3600.305;-3.036;531.047;1338.126;2884.218;496.807;3286.812;3599.706;368.530;2196.017;3.865;1289.885;0.814;3594.616;1328.737;3603.498;2963.976;3337.474;590.012;15.011;2309.184;0.974;3110.362;1062.563;2562.151;3599.546;1997.851;1.068;225.644;2233.316;1588.138;2495.339;1244.772;2431.587;860.210;2247.768;2785.781;649.972;967.082;1821.411;3069.650;674.521;1727.317;2460.133;3600.798;937.472;2480.507;315.323;1522.861;1.411;3595.651;1745.952;3542.909;1399.106;3532.310;875.141;809.904;2175.353;3029.939;3600.657;2149.275;1.075;1980.144;996.195;2671.223;3598.674;1676.329;2441.329;-2.646;1887.737;393.336;2311.814;1204.577;2957.504;1.805;2.108;2631.219;1902.833;2008.964;3581.892;1763.100;2941.080;1834.933;3279.250;2798.644;295.156;1009.116;3042.298;691.412;454.454;1683.268;1554.990;2664.172;1409.317,864.309;1345.614;1547.229;3263.767;3599.102;2000.193;-4.274;2248.715;2217.252;2924.871;1221.616;3.360;2019.913;611.483;2583.516;3065.594;1506.295;3587.759;670.966;3601.407;1736.115;2558.948;2722.219;3599.903;3598.625;-2.795;13.564;1823.946;5.416;2481.568;1891.931;2176.535;1538.229;1044.829;3370.483;2439.279;2.994;389.392;2061.990;648.286;1432.785;2870.286;1496.478;3404.645;2771.009;2050.916;245.254;1759.188;2865.071;3599.804;253.659;313.463;2573.185;2996.876;218.266;2864.818;2834.363;2587.464;1068.544;1459.355;1283.788;3044.519;648.379;1126.188;3598.626;3288.898;3600.517;3222.592;174.251;5.308;1709.900;3060.049;3153.221;2128.463;3598.981;567.621;390.428;941.465;943.157;943.475;240.390;1314.678;32.408;1786.711;3307.400;1834.707;2267.095;2287.189;3599.586;2429.150;2961.331;809.935;3538.192;570.164;1031.434;2424.735;953.354;3581.496;3242.345;509.838
259,470.5286056995392,258,-561.9849507139693,561.9849507139693,0.1033860955720582,3581.390;2087.566;3526.878;3048.864;2754.498;599.561;3601.055;0.511;534.916;1334.031;2880.116;500.602;3283.432;3600.301;364.824;2195.334;0.931;1292.054;3.127;3598.289;1331.636;3599.758;2967.574;3340.419;589.605;11.640;2313.340;1.374;3111.906;1066.694;2564.826;3596.718;1993.617;3.960;222.199;2229.595;1589.502;2495.032;1241.110;2427.893;858.753;2243.852;2786.148;650.231;965.719;1817.656;3068.188;673.944;1731.367;2463.176;3599.077;933.334;2477.194;314.290;1519.396;4.051;3595.664;1741.732;3546.625;1400.635;3531.866;876.344;812.463;2173.298;3033.886;3598.513;2151.289;-2.431;1976.143;999.661;2670.318;3602.525;1672.751;2445.450;1.283;1890.321;389.397;2315.580;1207.000;2953.989;0.002;3.756;2627.327;1903.980;2012.298;3577.935;1764.717;2945.252;1831.343;3283.397;2794.753;291.025;1007.186;3043.342;689.320;453.648;1680.059;1553.275;2661.752;1408.608,868.210;1349.146;1547.991;3267.782;3600.400;2003.681;-0.144;2251.414;2219.976;2928.896;1224.600;7.568;2016.378;615.523;2579.380;3064.732;1507.867;3583.869;674.234;3603.689;1732.622;2562.269;2726.355;3596.651;3597.552;0.797;17.287;1820.573;4.960;2479.494;1890.815;2172.286;1534.357;1048.612;3366.262;2438.040;-0.578;387.110;2058.404;644.519;1431.292;2874.151;1494.907;3405.693;2768.541;2053.445;241.077;1756.345;2864.601;3596.064;257.843;309.264;2570.764;2993.892;222.446;2866.270;2830.262;2584.424;1064.333;1455.936;1285.062;3048.222;644.245;1127.471;3594.970;3293.123;3604.180;3226.769;170.602;1.295;1708.850;3063.763;3149.641;2125.133;3602.981;571.614;386.504;939.451;939.092;942.813;236.296;1311.603;29.002;1790.815;3308.199;1830.484;2266.273;2287.934;3595.933;2433.272;2957.532;810.295;3541.416;574.403;1031.933;2427.981;957.363;3585.596;3241.994;505.796
260,472.3237986564636,259,-562.0932724277645,562.0932724277645,0.10620313270382063,3577.548;2084.982;3530.220;3049.462;2750.766;596.142;3597.153;1.818;531.232;1336.621;2877.643;504.057;3280.075;3603.834;362.034;2191.329;-2.778;1289.676;1.982;3602.464;1334.822;3598.841;2965.630;3336.633;585.597;7.554;2315.448;1.271;3115.704;1066.769;2565.867;3596.240;1996.886;7.559;218.721;2233.310;1592.859;2498.636;1236.947;2423.700;854.898;2242.747;2782.273;654.180;969.545;1813.686;3071.088;677.856;1735.330;2467.347;3602.969;929.350;2473.286;310.925;1515.559;2.279;3594.128;1737.518;3549.130;1404.524;3528.548;872.348;814.433;2176.572;3037.926;3602.257;2148.734;1.569;1979.607;1003.829;2673.784;3598.578;1676.437;2448.898;0.129;1886.395;385.330;2312.874;1210.184;2954.169;2.148;6.515;2627.547;1902.568;2011.801;3573.879;1762.308;2948.729;1835.379;3287.566;2793.821;286.865;1010.751;3047.422;685.441;450.815;1680.152;1549.202;2664.416;1407.161,864.258;1346.022;1551.793;3271.696;3596.362;1999.778;1.450;2254.964;2223.354;2932.891;1222.520;4.228;2014.757;618.140;2578.973;3068.596;1511.090;3579.709;674.321;3602.571;1736.588;2562.513;2723.012;3597.321;3601.598;-2.211;13.257;1816.921;1.081;2475.360;1886.893;2168.201;1537.635;1052.583;3369.822;2441.205;-0.698;384.538;2059.766;640.420;1427.220;2878.150;1490.939;3409.764;2767.817;2057.322;244.454;1759.770;2868.630;3598.557;262.037;311.269;2574.367;2989.773;219.315;2870.395;2826.081;2580.274;1063.376;1459.920;1288.966;3044.474;648.159;1123.814;3597.780;3296.118;3600.147;3227.109;174.176;5.098;1712.288;3061.691;3153.658;2122.992;3598.999;568.548;382.296;935.502;934.889;946.906;238.523;1315.379;28.389;1787.167;3304.797;1826.266;2270.376;2292.052;3599.670;2436.917;2959.652;806.195;3541.821;571.711;1036.033;2424.580;961.505;3588.424;3238.337;501.800
261,474.1294627189636,260,-562.2042964246027,562.2042964246027,0.09544171340224461,3578.251;2086.079;3534.219;3045.431;2753.857;595.147;3598.669;1.404;527.097;1338.819;2873.533;504.386;3283.822;3600.277;365.792;2187.160;1.068;1293.483;-1.939;3599.807;1330.897;3602.613;2962.945;3338.746;581.758;5.079;2312.524;-1.023;3119.237;1070.811;2569.901;3599.997;1997.235;5.391;214.601;2235.560;1595.670;2502.787;1233.256;2420.602;852.803;2246.703;2778.602;658.129;970.577;1815.587;3068.343;680.126;1737.963;2471.479;3599.045;925.356;2472.286;314.603;1511.501;-0.190;3590.042;1738.274;3552.065;1408.444;3524.651;869.062;818.387;2180.590;3041.597;3598.487;2152.513;0.655;1983.554;1007.751;2670.156;3601.103;1672.517;2452.902;-2.245;1882.587;388.814;2308.825;1214.317;2952.234;-1.796;9.885;2630.850;1902.991;2010.788;3569.708;1758.205;2951.107;1837.575;3285.511;2793.287;287.935;1012.555;3049.133;681.406;446.722;1676.440;1545.787;2661.479;1408.095,861.741;1343.527;1548.054;3269.550;3596.927;2003.354;-1.143;2253.602;2219.703;2929.454;1218.431;1.991;2018.724;615.415;2582.707;3064.809;1508.270;3581.953;678.357;3598.490;1734.208;2558.523;2721.332;3601.014;3598.611;1.394;11.695;1812.799;-2.182;2471.208;1885.272;2164.379;1535.817;1050.087;3372.427;2444.709;3.254;384.242;2063.808;637.573;1430.254;2882.012;1487.198;3413.026;2771.809;2056.188;243.177;1763.356;2872.799;3602.223;260.519;310.248;2572.827;2990.097;217.668;2866.927;2827.514;2578.551;1061.090;1462.891;1291.759;3042.381;649.072;1127.536;3601.447;3294.617;3599.593;3224.056;171.539;5.167;1716.432;3057.732;3157.719;2118.892;3598.355;564.731;384.309;931.421;934.488;949.627;239.250;1318.252;24.370;1790.437;3300.670;1822.476;2272.757;2292.368;3603.262;2434.857;2961.451;802.322;3545.650;575.315;1036.951;2420.873;960.581;3592.350;3241.944;504.056
262,475.78530764579773,261,-562.2980352927382,562.2980352927382,0.15873016074252247,3582.183;2082.259;3530.921;3048.769;2757.810;591.322;3602.697;-0.706;530.279;1334.852;2876.697;500.484;3287.660;3602.481;367.340;2183.100;-2.209;1296.419;1.910;3597.182;1326.779;3599.255;2958.900;3338.671;580.356;8.999;2308.461;-5.082;3116.852;1068.514;2574.022;3598.388;2000.170;4.162;218.052;2239.426;1599.748;2505.608;1236.618;2421.304;848.844;2250.770;2774.562;662.166;974.612;1819.621;3066.926;682.962;1734.184;2475.574;3596.162;928.610;2468.249;313.110;1508.920;3.605;3593.736;1742.290;3548.202;1409.673;3528.574;864.986;818.468;2184.638;3037.900;3596.240;2148.702;-3.260;1987.242;1011.072;2666.050;3597.847;1676.243;2456.568;-3.024;1880.946;385.497;2304.696;1218.435;2949.892;-5.170;7.373;2634.932;1906.342;2014.742;3572.417;1754.115;2955.166;1834.968;3281.617;2797.239;288.824;1016.382;3051.562;684.993;442.686;1679.963;1542.418;2657.400;1404.135,858.918;1345.815;1544.888;3267.540;3600.693;2004.709;0.743;2249.563;2215.594;2932.302;1221.068;1.022;2017.228;611.339;2586.821;3060.990;1511.796;3579.940;674.894;3599.146;1737.809;2559.056;2717.329;3597.085;3595.301;-1.886;8.424;1815.178;1.789;2474.734;1889.118;2167.923;1539.474;1046.030;3376.452;2448.798;0.734;388.268;2059.897;633.986;1434.320;2885.053;1483.134;3409.478;2768.756;2052.307;239.546;1767.464;2869.476;3598.430;260.137;306.279;2568.888;2994.051;214.113;2862.871;2824.729;2579.845;1064.646;1466.441;1287.769;3045.043;646.067;1131.650;3604.532;3298.402;3603.254;3227.790;174.264;1.610;1712.713;3058.158;3154.499;2114.761;3596.831;567.517;388.263;927.499;930.537;947.250;242.730;1314.990;24.660;1787.272;3302.648;1825.678;2272.997;2288.585;3600.965;2436.148;2965.499;805.845;3549.763;577.989;1033.156;2417.177;956.603;3589.845;3245.483;505.216
263,477.5587649345398,262,-562.3362710595186,562.3362710595186,0.11766338642297369,3583.347;2079.556;3526.959;3052.823;2761.240;594.943;3604.291;3.112;531.328;1332.244;2878.273;496.421;3290.921;3599.463;364.300;2182.538;-3.541;1300.334;3.512;3593.644;1324.029;3602.241;2957.429;3340.136;581.065;13.023;2308.602;-1.257;3113.690;1065.656;2576.335;3594.560;1996.893;8.129;216.517;2243.416;1597.925;2503.060;1240.248;2417.446;844.822;2249.304;2775.981;665.657;976.845;1823.518;3070.885;679.598;1730.224;2472.938;3595.099;929.607;2464.453;309.113;1512.194;6.891;3597.550;1741.726;3549.208;1406.080;3531.765;861.917;814.911;2183.513;3033.861;3592.881;2144.635;-0.653;1990.920;1007.488;2666.857;3595.210;1678.915;2460.636;0.938;1877.253;381.482;2303.118;1222.422;2953.786;-1.244;11.184;2631.769;1902.532;2018.811;3576.272;1757.423;2957.479;1838.767;3277.544;2795.488;284.993;1012.789;3047.690;689.034;439.289;1684.025;1545.889;2657.224;1405.403,860.960;1349.831;1548.640;3271.188;3602.889;2000.994;-3.134;2247.123;2211.504;2936.231;1217.447;4.737;2013.304;607.394;2584.905;3062.750;1515.844;3583.318;673.828;3600.576;1734.103;2563.017;2718.257;3597.414;3597.746;0.127;4.576;1819.178;2.321;2478.118;1893.065;2167.217;1543.541;1048.981;3373.069;2447.775;-3.235;387.522;2062.773;637.555;1432.534;2881.348;1479.052;3411.341;2764.794;2048.233;243.255;1771.554;2872.832;3598.643;263.954;302.513;2572.256;2997.312;215.014;2861.617;2820.695;2578.509;1068.581;1464.563;1289.265;3048.771;642.195;1133.774;3600.576;3302.467;3600.682;3231.702;170.540;4.798;1708.933;3054.397;3150.752;2111.679;3600.617;571.031;391.692;923.682;926.916;943.756;238.883;1314.524;28.621;1788.045;3305.782;1828.477;2269.036;2292.232;3600.496;2432.261;2967.759;806.890;3548.938;574.223;1029.092;2419.894;954.919;3585.834;3241.763;501.275
264,479.35013914108276,263,-562.3419449013342,562.3419449013342,0.10346413242574429,3586.781;2079.067;3530.198;3051.815;2764.911;591.296;3600.458;2.178;530.403;1328.551;2882.208;492.596;3287.170;3596.908;360.298;2180.297;0.370;1303.949;0.848;3597.092;1322.132;3598.641;2960.911;3343.540;580.393;11.859;2305.213;0.532;3109.694;1068.928;2580.303;3596.152;1993.035;11.203;219.827;2239.643;1601.454;2506.474;1243.188;2414.650;845.959;2252.897;2778.707;669.467;974.269;1826.798;3073.964;682.995;1729.682;2469.838;3598.242;933.425;2467.301;307.061;1510.030;4.208;3601.537;1738.093;3551.528;1403.949;3535.048;861.765;811.404;2180.944;3034.948;3595.807;2146.304;-2.917;1987.579;1008.061;2663.003;3591.234;1682.273;2457.940;1.452;1880.897;377.782;2304.481;1226.330;2953.670;2.183;7.891;2631.228;1898.996;2017.138;3573.541;1758.264;2960.927;1841.347;3278.282;2797.266;281.896;1008.788;3044.401;686.345;439.617;1685.270;1549.859;2653.384;1401.784,857.412;1352.686;1551.882;3275.212;3599.056;2001.160;0.119;2243.739;2209.825;2940.126;1213.804;8.744;2013.412;603.376;2584.466;3060.593;1512.815;3587.333;670.516;3596.823;1730.718;2566.374;2721.352;3593.578;3594.013;-2.419;0.678;1819.284;1.529;2475.122;1897.101;2163.609;1546.963;1051.436;3370.119;2451.585;0.428;383.610;2064.752;641.557;1435.595;2877.324;1475.554;3412.399;2761.055;2044.230;246.767;1775.460;2876.082;3594.884;260.170;298.605;2568.605;3000.311;216.147;2862.157;2823.944;2582.321;1065.778;1460.675;1292.946;3046.768;638.160;1133.451;3599.265;3304.806;3602.256;3235.352;167.269;1.290;1705.030;3057.445;3147.365;2109.381;3603.668;574.963;395.699;926.885;926.401;947.212;235.439;1310.588;32.630;1788.209;3309.768;1832.464;2265.105;2292.446;3604.311;2428.367;2965.384;810.174;3545.053;575.983;1026.007;2423.818;951.132;3582.885;3241.596;499.432
265,480.9990043640137,264,-562.4351921337767,562.4351921337767,0.09449522394349923,3582.993;2082.704;3533.945;3051.916;2768.898;594.815;3599.823;-1.626;527.641;1325.638;2879.320;494.727;3287.087;3600.638;358.550;2176.376;1.629;1300.138;3.578;3601.062;1320.289;3599.519;2963.916;3339.705;579.665;9.934;2307.984;-1.683;3107.305;1072.596;2577.526;3592.919;1991.271;9.746;218.206;2240.970;1605.325;2509.994;1239.702;2410.975;842.659;2256.455;2775.041;672.767;971.656;1826.852;3072.329;681.045;1726.082;2473.107;3601.269;930.430;2464.604;303.179;1506.128;1.926;3599.319;1740.292;3555.465;1407.767;3534.395;857.966;815.159;2184.482;3036.888;3599.691;2144.716;0.867;1990.301;1011.922;2666.145;3592.857;1681.833;2457.376;-2.272;1878.144;376.538;2301.015;1222.813;2957.538;0.467;4.130;2634.898;1902.724;2020.773;3569.592;1754.807;2957.728;1839.162;3282.090;2794.587;277.938;1012.141;3046.959;685.140;435.765;1688.224;1553.617;2649.428;1397.950,853.468;1349.241;1551.687;3278.927;3598.563;2004.868;2.394;2244.405;2213.539;2939.750;1210.141;5.107;2017.298;601.125;2587.775;3063.990;1515.230;3590.680;674.157;3600.604;1731.021;2563.688;2717.756;3589.615;3597.624;1.187;-3.302;1815.634;-2.364;2471.217;1894.421;2160.022;1550.669;1047.960;3370.183;2455.185;-1.305;386.839;2061.688;645.125;1439.428;2875.496;1472.566;3415.936;2762.950;2043.952;247.723;1775.050;2873.627;3591.180;256.757;301.777;2567.834;2996.547;212.278;2865.710;2824.353;2585.832;1061.838;1456.920;1295.456;3042.939;641.313;1130.512;3602.670;3307.093;3599.493;3239.330;170.206;-2.318;1706.581;3061.381;3150.391;2110.212;3599.821;577.797;393.485;926.752;922.733;946.133;238.079;1306.713;36.625;1784.349;3306.996;1828.857;2266.341;2294.005;3600.503;2430.696;2967.224;808.515;3541.067;579.463;1028.850;2420.254;947.257;3584.991;3242.613;495.513
266,482.76619696617126,265,-562.4535524889906,562.4535524889906,0.13394715287837083,3584.907;2079.264;3531.547;3055.710;2765.580;594.570;3602.622;2.071;523.761;1329.237;2875.588;491.428;3283.299;3603.976;362.354;2179.605;0.186;1296.190;-0.024;3599.589;1316.436;3602.913;2967.831;3342.963;583.525;13.233;2305.790;1.708;3111.069;1069.155;2579.595;3591.072;1995.085;13.519;214.330;2244.720;1601.728;2510.286;1237.901;2407.060;838.730;2253.185;2771.148;669.104;967.751;1823.056;3068.713;684.679;1729.055;2476.980;3597.532;926.724;2461.384;299.233;1509.693;5.463;3599.073;1739.852;3555.230;1406.687;3536.794;858.188;813.604;2181.115;3033.324;3602.964;2140.883;1.547;1986.674;1015.742;2664.704;3591.691;1678.141;2461.157;1.187;1874.577;376.735;2297.089;1226.322;2955.044;-3.267;2.943;2638.819;1906.651;2024.285;3572.793;1757.471;2961.115;1841.544;3281.132;2790.682;273.994;1013.407;3043.294;688.861;432.020;1691.608;1551.196;2652.544;1400.327,856.392;1347.544;1547.856;3282.875;3602.269;2002.381;-0.853;2248.267;2209.979;2942.718;1206.207;2.358;2014.290;604.757;2591.468;3067.923;1519.082;3594.535;676.305;3599.559;1727.208;2567.054;2720.567;3589.475;3601.047;2.116;-0.241;1814.905;1.126;2474.432;1898.008;2157.724;1554.596;1051.485;3366.397;2457.607;-3.625;383.343;2065.422;646.169;1436.109;2871.624;1468.649;3412.232;2759.228;2040.280;251.488;1778.583;2877.282;3592.216;259.185;304.493;2564.004;2998.548;216.013;2869.418;2828.027;2584.498;1065.360;1455.764;1299.303;3038.985;637.833;1126.674;3599.096;3304.123;3603.033;3238.393;166.510;1.430;1703.293;3057.618;3147.456;2114.075;3600.532;574.977;389.784;922.922;925.349;942.621;236.707;1309.881;40.316;1787.624;3309.969;1831.700;2262.725;2295.831;3603.214;2434.518;2963.675;804.816;3540.894;577.812;1025.086;2416.571;950.893;3588.872;3238.947;495.985
267,484.55019998550415,266,-562.3936135049878,562.3936135049878,0.10534144425941533,3588.457;2082.837;3527.706;3057.316;2761.776;598.351;3598.984;-0.142;520.175;1332.200;2871.784;492.363;3280.833;3600.223;360.899;2183.482;-0.870;1292.321;-3.690;3603.012;1320.125;3599.361;2971.748;3346.097;586.578;9.828;2302.326;1.073;3110.100;1067.192;2583.440;3594.514;1998.946;10.953;215.547;2242.182;1598.518;2513.892;1234.726;2403.150;835.028;2249.325;2767.331;665.285;963.862;1819.165;3071.422;688.568;1732.663;2480.487;3600.543;922.819;2465.051;299.616;1507.678;2.161;3602.380;1741.918;3551.781;1402.977;3540.636;861.882;816.908;2177.223;3035.028;3599.203;2138.224;2.993;1989.157;1016.990;2660.873;3595.381;1679.276;2461.382;0.935;1876.880;372.942;2300.477;1229.373;2956.266;0.223;6.693;2635.218;1910.395;2027.106;3576.671;1753.992;2960.995;1837.794;3284.789;2786.775;272.698;1016.802;3041.016;692.766;428.128;1688.956;1548.367;2655.724;1398.796,852.895;1350.100;1547.666;3286.618;3598.557;2005.989;2.083;2251.593;2208.287;2939.111;1209.185;-0.655;2016.630;608.658;2591.291;3071.835;1522.897;3591.150;680.154;3602.979;1728.130;2563.981;2724.403;3592.519;3603.365;-1.584;-1.745;1811.330;3.392;2472.604;1901.457;2153.879;1555.858;1054.455;3363.938;2455.220;0.106;380.425;2067.201;642.519;1432.271;2868.736;1468.129;3413.653;2762.431;2036.976;247.841;1782.185;2874.948;3595.898;262.843;302.440;2560.130;2995.041;216.771;2873.326;2831.337;2588.241;1063.104;1451.942;1296.974;3041.832;635.368;1122.762;3600.620;3307.874;3599.359;3241.951;168.374;0.467;1701.813;3054.271;3150.671;2112.060;3599.388;571.364;385.905;925.673;922.326;938.725;240.201;1306.915;40.924;1791.512;3306.355;1829.320;2265.817;2299.663;3599.884;2438.114;2959.797;802.649;3543.022;574.020;1025.063;2412.701;954.745;3592.788;3235.048;492.304
268,486.1917951107025,267,-562.410731374426,562.410731374426,0.12794638021346033,3591.447;2080.235;3525.039;3060.631;2761.480;599.820;3601.661;-2.708;517.559;1332.572;2870.902;496.100;3277.129;3600.152;359.018;2184.538;2.878;1290.105;-0.051;3599.371;1320.160;3600.047;2969.491;3349.863;586.683;12.732;2304.988;-2.692;3109.676;1064.850;2584.783;3598.348;1998.768;11.980;214.795;2238.978;1598.959;2510.890;1231.369;2405.380;832.802;2248.119;2766.949;665.752;964.063;1819.611;3068.894;689.509;1729.060;2482.195;3602.994;920.473;2468.699;297.277;1508.130;3.022;3598.702;1742.883;3552.715;1404.058;3541.397;859.523;820.730;2179.526;3032.189;3598.739;2135.477;-0.620;1987.394;1014.205;2663.060;3599.180;1675.596;2458.596;-0.860;1877.759;369.214;2298.434;1228.300;2959.950;-1.512;3.777;2633.010;1908.252;2030.213;3578.433;1756.646;2964.660;1840.885;3282.176;2786.684;269.041;1020.458;3039.578;694.521;427.576;1688.835;1545.081;2659.322;1402.415,854.569;1349.453;1550.848;3285.467;3600.896;2002.979;0.041;2254.985;2208.953;2939.240;1208.030;2.839;2016.616;611.622;2595.003;3074.052;1521.638;3590.684;683.843;3601.320;1724.621;2561.042;2724.312;3589.033;3599.756;0.250;-4.304;1814.719;-0.077;2475.620;1903.773;2150.063;1559.348;1058.186;3360.126;2458.949;1.351;383.232;2070.715;646.020;1431.325;2865.237;1465.206;3417.426;2765.791;2033.134;244.441;1785.943;2871.366;3592.486;266.639;306.104;2556.324;2991.324;217.424;2877.174;2833.015;2591.901;1059.732;1449.874;1294.216;3044.836;633.156;1122.569;3603.995;3310.195;3601.422;3245.786;165.032;0.654;1698.088;3050.744;3152.448;2108.703;3602.728;567.517;386.956;923.447;918.489;938.413;243.913;1308.224;44.695;1795.061;3304.379;1832.319;2267.236;2303.536;3602.536;2441.788;2959.934;798.850;3539.332;570.157;1023.610;2408.893;958.425;3592.717;3231.178;488.456
269,488.0469579696655,268,-562.4053813292978,562.4053813292978,0.16171834407127056,3588.471;2076.504;3521.299;3063.988;2764.294;602.347;3601.115;0.962;514.765;1334.055;2867.205;492.524;3280.483;3601.785;362.406;2181.207;1.696;1292.962;-2.755;3597.287;1322.453;3603.585;2965.720;3346.491;590.374;16.524;2301.277;0.624;3108.348;1061.093;2587.665;3602.178;2002.372;15.375;218.434;2241.850;1595.398;2514.503;1235.021;2408.963;829.033;2244.440;2765.162;662.087;967.296;1822.972;3072.561;685.889;1725.277;2485.950;3599.322;921.338;2470.994;300.955;1511.378;0.030;3597.218;1746.626;3556.438;1400.559;3544.228;859.238;824.551;2183.049;3028.401;3599.427;2131.695;-4.443;1990.976;1016.967;2662.204;3601.687;1678.810;2462.265;-4.400;1876.134;366.310;2294.827;1231.903;2957.326;-0.659;1.540;2635.285;1904.484;2034.014;3581.918;1760.410;2961.893;1842.566;3278.604;2790.385;272.230;1016.871;3035.826;698.263;425.030;1687.866;1548.693;2663.102;1400.791,851.062;1353.182;1547.934;3281.833;3604.178;1999.286;-3.556;2258.591;2205.366;2942.331;1207.975;1.576;2014.629;615.206;2598.819;3076.836;1518.289;3587.237;687.262;3597.743;1720.868;2563.042;2720.680;3592.628;3600.718;-3.342;-0.620;1812.134;-2.843;2479.381;1900.108;2151.437;1563.153;1057.376;3357.517;2462.704;-1.499;379.906;2069.150;647.266;1433.531;2867.941;1461.414;3419.217;2763.655;2033.983;245.078;1789.770;2867.562;3588.767;266.084;305.785;2552.821;2988.782;217.867;2878.131;2836.625;2591.825;1058.147;1453.505;1290.429;3044.396;629.883;1125.406;3600.425;3307.715;3599.302;3249.360;161.360;-2.718;1694.649;3047.107;3148.804;2110.135;3599.362;564.054;390.683;919.738;914.767;942.139;247.092;1311.584;43.227;1792.005;3307.837;1835.944;2270.438;2303.778;3599.620;2438.289;2959.121;795.194;3542.046;567.391;1019.935;2409.187;957.116;3593.082;3232.968;491.687
270,489.91479086875916,269,-562.3079622946716,562.3079622946716,0.09439533752203912,3589.762;2075.574;3522.753;3067.751;2767.662;599.947;3597.641;3.308;518.216;1337.762;2869.825;488.996;3278.209;3599.644;363.405;2178.076;-1.947;1295.907;0.179;3599.937;1318.984;3600.201;2963.108;3346.012;593.766;18.093;2297.953;0.683;3112.019;1057.332;2590.469;3600.805;2005.774;19.139;214.969;2240.980;1591.863;2517.684;1236.620;2412.744;825.389;2247.483;2763.850;658.808;970.341;1826.589;3072.370;682.838;1727.592;2484.433;3599.638;919.160;2472.248;299.960;1515.132;3.549;3597.090;1750.260;3558.956;1396.787;3544.264;862.840;826.777;2186.028;3024.613;3597.423;2127.915;-1.373;1988.210;1013.337;2659.963;3598.194;1675.719;2462.271;-0.742;1879.669;369.404;2291.395;1234.937;2953.592;-3.550;5.044;2632.173;1901.232;2037.805;3579.685;1762.060;2958.204;1839.323;3278.451;2793.958;272.837;1013.137;3032.592;701.929;427.407;1691.559;1546.553;2666.332;1397.085,847.379;1356.915;1544.215;3278.163;3600.741;2002.703;0.080;2257.716;2201.740;2943.634;1210.460;5.143;2010.918;618.523;2599.175;3073.371;1514.519;3585.220;684.088;3596.995;1720.363;2566.765;2717.523;3596.125;3603.802;-0.097;2.718;1808.392;0.639;2476.591;1897.164;2154.931;1566.781;1054.334;3360.470;2461.109;1.450;376.164;2066.459;647.420;1430.002;2871.687;1458.333;3417.691;2761.386;2036.598;248.652;1786.635;2865.042;3588.514;269.651;302.111;2553.188;2992.267;214.246;2881.134;2834.065;2588.270;1055.018;1457.270;1291.189;3041.195;633.104;1128.401;3598.937;3306.492;3602.760;3246.086;157.836;0.853;1690.890;3043.778;3145.394;2113.768;3598.660;566.558;394.307;915.958;911.769;945.579;243.454;1315.335;39.707;1788.974;3307.356;1839.205;2273.784;2300.233;3601.689;2434.528;2960.136;796.612;3545.155;563.672;1018.092;2412.716;953.544;3591.062;3236.317;495.297
271,491.81249952316284,270,-562.3256416352162,562.3256416352162,0.06880555090933892,3593.376;2078.893;3525.982;3070.685;2764.087;596.469;3600.721;0.356;515.656;1336.395;2866.798;488.976;3281.519;3601.766;367.056;2181.192;1.185;1298.531;-0.420;3596.485;1315.287;3599.138;2959.826;3349.531;597.493;19.896;2296.277;-2.796;3115.219;1058.037;2587.319;3599.369;2002.904;19.431;217.192;2244.592;1588.290;2514.484;1233.196;2412.638;822.115;2244.481;2760.183;656.117;966.792;1827.889;3069.118;679.120;1724.566;2487.677;3599.553;922.504;2475.492;296.958;1514.497;0.140;3600.686;1749.844;3557.941;1393.215;3547.715;866.580;826.978;2189.587;3022.284;3601.054;2124.175;1.518;1984.548;1009.713;2663.503;3594.463;1674.635;2465.635;-0.341;1876.671;373.034;2290.102;1238.655;2953.979;0.026;3.233;2628.456;1904.304;2041.554;3576.442;1765.618;2961.357;1838.282;3274.836;2791.300;271.341;1009.901;3031.028;705.669;431.053;1689.640;1543.252;2670.058;1400.425,844.962;1359.437;1540.479;3274.517;3601.329;2004.559;1.279;2260.887;2198.404;2947.242;1206.840;6.961;2013.234;622.149;2602.581;3069.638;1515.500;3587.355;684.479;3600.572;1716.944;2568.138;2717.843;3596.931;3600.272;-1.190;1.844;1808.008;-1.635;2477.526;1895.615;2155.353;1564.474;1057.322;3357.801;2460.434;4.445;374.077;2068.747;650.965;1426.987;2871.463;1454.760;3420.465;2758.427;2033.183;245.292;1782.977;2861.444;3592.054;273.277;302.270;2552.442;2993.229;210.529;2884.829;2831.281;2590.315;1058.461;1460.840;1294.457;3044.145;631.314;1131.718;3598.940;3302.824;3602.079;3245.083;154.159;1.251;1691.378;3047.051;3142.357;2117.505;3598.717;564.487;396.385;912.374;908.127;948.321;241.579;1314.470;41.865;1792.511;3303.756;1837.437;2270.315;2298.413;3598.584;2436.436;2956.586;797.536;3545.361;562.421;1014.423;2411.550;955.028;3594.341;3232.968;498.269
272,493.52549052238464,271,-562.3512514626838,562.3512514626838,0.10976647642806725,3597.041;2082.563;3529.498;3067.237;2764.853;598.049;3598.556;-0.515;518.104;1335.519;2866.675;492.548;3284.989;3598.190;363.622;2177.672;4.699;1295.701;-1.137;3598.658;1311.622;3596.365;2956.500;3348.378;594.139;20.313;2292.643;0.390;3118.162;1061.645;2583.646;3602.878;1999.553;15.854;214.384;2248.283;1591.847;2517.970;1236.447;2409.060;825.531;2247.793;2763.398;659.678;968.253;1824.320;3065.444;682.178;1721.240;2486.422;3602.948;925.060;2472.317;293.449;1510.878;-2.186;3597.584;1746.277;3554.317;1396.708;3551.398;863.070;823.700;2186.131;3025.716;3599.194;2126.621;2.808;1987.889;1013.164;2665.192;3597.640;1678.218;2463.333;-1.234;1873.012;369.583;2293.651;1235.545;2957.586;1.548;0.122;2631.981;1901.285;2038.872;3574.892;1762.782;2965.010;1835.005;3271.167;2794.675;267.709;1012.851;3034.596;702.389;427.626;1686.063;1539.561;2666.879;1397.131,848.544;1362.182;1543.612;3270.955;3599.252;2007.059;-1.445;2257.466;2195.982;2950.933;1207.290;9.578;2009.731;618.670;2600.174;3067.205;1511.909;3583.934;680.896;3604.119;1713.279;2571.717;2721.358;3600.120;3598.208;-3.296;4.188;1810.481;1.156;2481.137;1892.126;2158.934;1567.512;1053.950;3361.293;2456.894;2.207;371.384;2066.448;648.144;1430.370;2874.275;1451.129;3417.456;2754.766;2029.489;246.736;1785.994;2863.506;3593.129;274.259;298.958;2556.037;2996.789;208.644;2881.355;2827.612;2586.746;1054.939;1464.450;1298.108;3040.591;634.744;1128.212;3602.438;3302.478;3598.574;3241.479;156.636;-0.371;1687.956;3046.598;3140.109;2114.447;3599.445;561.503;399.459;914.901;910.197;951.988;239.239;1317.982;38.616;1791.998;3305.253;1839.266;2266.717;2294.773;3596.911;2438.601;2957.811;800.964;3548.945;565.939;1014.231;2410.534;951.554;3590.951;3234.412;501.913
273,495.3863503932953,272,-562.3952705811402,562.3952705811402,0.10599843659908192,3594.832;2083.395;3526.156;3065.227;2767.079;594.560;3601.917;-4.038;517.849;1339.078;2863.773;491.100;3281.643;3599.703;364.130;2175.221;2.320;1292.074;2.020;3596.678;1310.617;3599.285;2954.529;3351.142;594.121;23.891;2295.139;-1.414;3115.802;1062.234;2584.143;3599.441;2001.943;19.122;210.967;2251.798;1592.211;2518.159;1235.490;2406.558;824.206;2245.452;2766.234;658.950;969.202;1822.390;3067.669;683.616;1717.684;2488.176;3599.470;928.665;2468.673;289.812;1508.962;1.341;3594.943;1743.013;3556.640;1396.366;3554.442;863.931;820.061;2186.521;3028.175;3596.508;2124.126;-0.137;1987.961;1015.002;2661.878;3596.965;1679.143;2466.156;1.955;1870.630;366.538;2297.119;1236.459;2958.398;-0.097;3.432;2633.588;1899.665;2040.376;3578.430;1766.189;2968.657;1837.850;3268.436;2797.678;264.060;1010.139;3033.264;702.442;425.339;1684.915;1536.793;2669.290;1395.117,851.159;1360.379;1543.504;3273.117;3602.426;2009.625;1.059;2257.010;2192.391;2953.914;1209.968;6.146;2006.088;615.152;2598.183;3069.873;1511.328;3586.859;678.801;3600.835;1710.414;2574.756;2725.019;3603.759;3600.931;0.192;7.253;1814.096;-0.216;2479.528;1892.703;2156.953;1568.536;1057.351;3358.966;2458.930;-1.394;367.780;2062.943;645.822;1433.546;2876.961;1449.743;3420.703;2751.488;2026.544;250.219;1789.361;2867.112;3589.669;270.846;295.417;2554.823;2993.809;211.776;2879.213;2827.943;2583.138;1054.511;1465.619;1298.010;3037.328;638.179;1124.642;3599.586;3299.003;3601.385;3244.410;153.780;2.562;1689.225;3043.401;3142.657;2113.761;3603.024;557.883;402.443;912.442;907.616;953.777;236.585;1318.159;38.354;1789.456;3308.736;1842.863;2268.995;2296.904;3600.323;2435.093;2955.590;797.459;3545.984;569.460;1011.347;2413.933;948.758;3587.557;3234.206;504.594
274,497.2678282260895,273,-562.4254867124968,562.4254867124968,0.12480553593104245,3591.434;2086.498;3529.446;3066.053;2763.624;590.985;3599.103;-0.599;521.331;1335.849;2867.216;487.639;3284.300;3600.995;365.610;2178.382;-0.902;1290.200;5.544;3599.730;1313.717;3599.047;2952.826;3347.820;597.219;21.641;2296.951;1.643;3112.229;1059.007;2581.429;3597.472;1998.660;16.576;214.337;2251.843;1589.308;2520.404;1232.173;2404.026;821.913;2243.063;2769.816;656.047;971.695;1819.155;3071.001;680.949;1719.880;2484.685;3600.028;931.919;2465.248;287.143;1511.982;0.390;3597.618;1739.798;3560.139;1393.005;3551.102;866.955;823.052;2183.782;3031.634;3598.940;2125.448;-0.185;1984.638;1011.729;2665.127;3596.966;1676.753;2469.029;-1.301;1873.992;364.236;2299.942;1239.616;2955.592;2.861;7.035;2630.492;1896.434;2037.410;3576.034;1769.797;2969.492;1841.426;3271.371;2795.663;265.963;1006.623;3030.336;705.648;426.764;1681.380;1540.258;2672.399;1397.868,847.935;1363.885;1540.152;3276.679;3599.449;2008.929;1.032;2260.476;2190.047;2950.426;1206.948;2.534;2008.297;612.064;2601.519;3073.096;1514.198;3590.120;675.997;3598.418;1708.383;2578.310;2722.983;3600.455;3604.473;-1.874;3.844;1811.444;-3.464;2475.975;1889.225;2158.394;1565.039;1055.977;3361.030;2456.822;-4.982;370.646;2059.452;642.679;1433.276;2873.578;1449.019;3417.554;2748.286;2029.433;253.810;1787.557;2870.531;3587.613;271.622;297.429;2554.097;2996.644;215.236;2877.501;2824.511;2580.873;1057.943;1462.398;1294.915;3039.947;641.735;1123.213;3598.275;3295.997;3598.764;3243.125;157.081;-0.865;1692.633;3039.970;3146.239;2117.051;3599.593;554.263;403.845;910.730;904.067;951.281;239.636;1319.089;34.931;1789.877;3305.910;1840.531;2272.554;2293.944;3603.670;2436.264;2958.947;798.049;3547.330;568.945;1014.674;2417.547;951.845;3590.906;3237.688;508.062
275,499.1802361011505,274,-562.4811267490438,562.4811267490438,0.07561739969259323,3589.486;2089.596;3531.281;3069.434;2763.788;587.397;3602.020;-1.416;524.899;1335.201;2870.564;487.005;3287.529;3598.245;366.889;2179.344;-0.133;1286.680;3.198;3597.709;1316.821;3602.505;2949.309;3351.049;594.668;23.523;2300.348;-0.626;3115.232;1059.716;2580.013;3597.698;1995.112;18.838;211.860;2255.234;1587.491;2518.883;1228.602;2400.689;825.183;2240.897;2772.704;658.518;968.278;1816.577;3073.356;677.522;1723.335;2484.279;3598.334;929.898;2461.895;283.711;1512.443;1.444;3600.924;1736.828;3562.015;1393.800;3547.902;865.638;820.894;2185.651;3032.807;3596.315;2128.890;1.910;1983.518;1013.852;2667.537;3593.597;1673.231;2472.437;1.147;1876.431;365.725;2297.126;1236.527;2952.969;-0.222;10.284;2632.578;1899.018;2033.997;3575.744;1771.480;2972.771;1844.921;3268.183;2798.782;262.793;1007.978;3026.804;704.583;429.837;1677.867;1542.389;2669.907;1396.954,844.753;1366.941;1536.603;3275.049;3601.277;2011.150;-2.293;2263.703;2193.461;2948.425;1210.190;-1.036;2006.023;609.366;2601.506;3074.706;1511.653;3586.768;672.447;3601.635;1711.703;2576.312;2724.847;3600.775;3601.101;0.416;1.977;1807.906;-0.018;2474.137;1885.676;2161.483;1563.168;1058.817;3364.050;2453.447;-1.573;368.229;2055.921;639.129;1431.602;2876.596;1452.451;3414.285;2749.227;2032.990;254.389;1790.922;2867.963;3590.922;268.370;294.386;2557.192;2996.188;218.814;2874.662;2820.933;2577.366;1055.274;1461.002;1291.363;3041.695;639.418;1126.634;3597.645;3292.696;3595.480;3240.173;160.382;0.035;1695.352;3036.436;3149.823;2114.151;3600.471;550.812;407.357;914.182;902.929;954.492;243.200;1318.692;31.363;1786.961;3309.027;1837.451;2275.764;2290.463;3600.251;2434.962;2962.438;795.432;3550.547;572.385;1017.994;2418.929;951.341;3594.348;3241.270;510.910
276,500.89991569519043,275,-562.4408952444634,562.4408952444634,0.10546163088839743,3586.253;2086.592;3528.139;3072.974;2760.493;587.978;3600.279;0.254;522.011;1331.997;2872.744;484.106;3290.774;3601.556;365.190;2176.116;-3.507;1283.994;6.346;3594.283;1316.565;3599.669;2945.768;3352.271;592.675;26.936;2297.394;-3.330;3117.281;1062.124;2583.161;3600.039;1997.260;19.026;213.941;2258.733;1586.578;2515.923;1227.022;2402.741;827.606;2243.564;2775.864;661.267;965.137;1816.905;3074.894;674.587;1720.843;2487.121;3601.118;931.115;2458.357;286.196;1513.020;3.344;3598.663;1738.506;3565.340;1393.753;3547.439;864.063;819.904;2189.126;3036.033;3592.883;2132.352;-1.399;1986.162;1015.835;2664.463;3591.216;1670.486;2475.117;-2.013;1877.858;363.252;2293.624;1233.228;2951.349;-2.811;13.672;2635.684;1901.827;2032.335;3578.774;1773.901;2971.394;1848.463;3268.679;2802.109;264.557;1004.859;3024.320;701.743;433.358;1678.145;1545.528;2667.417;1397.451,844.739;1363.996;1536.162;3277.830;3597.953;2014.583;0.761;2260.759;2194.057;2949.028;1213.471;-2.779;2008.793;606.431;2598.064;3071.276;1514.871;3589.252;669.953;3598.727;1711.551;2573.923;2721.657;3600.244;3598.025;3.624;-0.730;1809.011;1.348;2477.275;1887.816;2165.010;1566.239;1061.774;3366.049;2455.773;0.833;364.729;2057.318;641.915;1434.999;2876.902;1453.584;3414.399;2751.921;2030.814;257.769;1790.171;2870.896;3594.398;264.850;297.546;2554.095;2999.399;217.648;2871.147;2820.895;2575.583;1053.071;1457.671;1293.818;3038.318;635.920;1130.121;3600.816;3289.167;3592.205;3236.760;163.166;1.264;1692.221;3038.032;3150.895;2111.280;3602.257;552.527;404.554;911.710;906.341;953.780;246.665;1315.233;29.591;1788.673;3311.922;1833.972;2273.034;2287.616;3601.023;2436.647;2965.972;798.022;3554.066;574.654;1014.718;2422.382;947.971;3592.314;3244.377;514.408
277,502.77377557754517,276,-562.4243294075873,562.4243294075873,0.11031381261675026,3582.822;2088.138;3530.722;3073.903;2762.935;591.182;3597.023;0.271;520.150;1333.039;2876.178;480.741;3288.290;3599.284;368.306;2176.332;-0.302;1285.387;3.099;3597.505;1319.898;3602.453;2948.522;3349.048;594.659;25.913;2294.087;0.001;3120.165;1059.254;2585.306;3603.496;1995.004;21.879;211.176;2255.621;1583.225;2518.899;1223.971;2399.422;826.066;2242.441;2777.686;658.054;961.648;1820.326;3078.320;671.285;1723.521;2484.127;3598.066;934.406;2461.614;289.660;1515.883;0.085;3601.600;1735.164;3568.783;1390.365;3550.538;867.340;817.943;2189.905;3034.002;3590.579;2135.183;-4.207;1987.344;1012.568;2667.421;3587.952;1667.041;2478.587;0.905;1879.192;366.361;2296.095;1232.064;2947.913;0.539;10.859;2632.532;1898.741;2029.308;3575.813;1771.059;2967.960;1845.672;3272.050;2801.385;267.825;1007.033;3027.167;703.105;431.204;1681.400;1549.018;2669.885;1400.852,848.101;1367.156;1534.426;3274.675;3599.410;2011.204;-2.305;2257.278;2197.419;2949.296;1216.969;0.549;2012.269;602.982;2597.575;3073.657;1515.851;3588.628;672.308;3596.196;1714.937;2576.979;2723.065;3603.344;3597.904;4.984;2.280;1808.490;1.807;2480.533;1884.823;2163.036;1563.261;1062.513;3369.487;2459.227;-1.400;361.433;2054.341;645.287;1438.422;2873.588;1450.306;3411.032;2755.374;2031.456;257.161;1787.109;2871.329;3597.806;261.698;297.266;2550.669;2997.905;214.912;2871.739;2824.070;2573.666;1049.681;1454.189;1290.639;3037.968;632.447;1133.506;3597.762;3286.097;3595.452;3235.622;165.929;-2.101;1695.166;3034.822;3147.642;2108.407;3599.126;549.814;407.310;914.220;909.834;950.390;245.638;1316.499;26.294;1790.005;3308.884;1830.470;2269.819;2290.390;3597.795;2433.261;2963.774;800.507;3557.536;578.060;1013.151;2424.934;944.488;3595.577;3245.900;517.916
278,504.66872453689575,277,-562.4400103776195,562.4400103776195,0.06612209053832567,3582.845;2085.011;3534.122;3070.588;2763.015;588.056;3599.591;-3.041;519.517;1330.557;2878.330;478.067;3291.020;3596.497;365.470;2173.095;0.898;1288.444;0.105;3600.238;1323.230;3599.359;2947.226;3349.592;591.475;22.541;2291.594;1.273;3116.961;1056.180;2588.709;3600.256;1997.164;19.362;213.902;2254.127;1586.275;2522.340;1227.188;2395.987;829.351;2245.590;2781.091;655.251;959.540;1818.338;3081.374;667.876;1720.385;2480.900;3596.592;937.863;2462.911;292.974;1512.575;-3.031;3598.301;1738.106;3570.400;1387.183;3553.962;870.209;818.659;2188.907;3037.330;3587.254;2138.620;-0.854;1990.212;1009.250;2664.198;3591.258;1663.637;2475.319;1.541;1882.585;368.474;2299.513;1228.671;2948.274;3.572;8.667;2630.314;1895.291;2026.241;3572.430;1773.116;2964.571;1847.237;3274.826;2804.692;271.250;1003.994;3030.359;706.319;432.680;1680.268;1552.481;2666.981;1404.256,846.531;1369.659;1531.056;3271.392;3601.026;2013.913;0.860;2255.862;2200.853;2945.985;1220.336;-0.390;2015.660;599.536;2595.708;3075.047;1518.055;3586.938;672.262;3596.848;1718.357;2574.038;2719.955;3600.178;3597.247;1.653;0.464;1805.120;-0.486;2478.234;1881.611;2160.079;1560.078;1059.393;3369.677;2457.755;1.679;364.313;2050.900;647.092;1441.888;2876.588;1451.384;3411.129;2758.824;2034.585;253.818;1784.468;2868.014;3598.344;258.639;295.815;2550.027;2998.063;211.495;2874.942;2825.407;2576.292;1046.712;1451.137;1287.301;3038.168;633.280;1135.633;3600.549;3282.653;3597.556;3232.512;165.902;0.754;1696.514;3037.521;3149.448;2104.964;3601.011;552.064;410.745;916.961;911.152;949.777;248.889;1313.410;22.840;1793.400;3305.501;1827.290;2270.919;2293.294;3597.595;2429.818;2966.648;803.184;3560.691;581.512;1016.091;2426.262;941.136;3598.813;3249.262;519.945
279,506.37432050704956,278,-562.4433413313637,562.4433413313637,0.12422947972837117,3586.105;2083.378;3532.163;3073.229;2766.040;591.009;3602.981;0.072;516.169;1333.858;2880.878;474.670;3288.270;3599.256;368.656;2176.094;0.955;1285.764;-3.306;3602.945;1320.442;3602.331;2948.045;3352.171;593.751;25.490;2294.649;-1.448;3119.600;1055.493;2591.818;3602.307;1999.687;22.643;210.723;2251.088;1583.523;2525.482;1230.539;2398.248;831.696;2242.430;2783.799;651.902;956.567;1821.019;3078.955;664.447;1717.015;2477.482;3594.398;934.788;2465.324;292.770;1509.161;0.258;3595.789;1738.824;3568.494;1384.773;3557.380;873.598;822.008;2192.250;3034.907;3583.829;2136.340;0.462;1986.903;1006.203;2664.737;3594.603;1660.414;2476.377;1.845;1885.565;371.850;2296.246;1227.018;2945.245;0.519;5.389;2627.081;1891.991;2029.378;3575.356;1776.461;2965.227;1844.070;3271.604;2805.854;271.218;1002.130;3027.225;709.727;435.398;1677.502;1553.483;2669.005;1407.683,843.239;1373.029;1527.629;3268.008;3597.803;2017.306;-1.258;2252.914;2198.008;2947.954;1223.514;-3.461;2017.394;600.609;2592.359;3071.968;1521.436;3589.888;675.593;3599.827;1716.232;2570.639;2723.181;3597.044;3600.014;3.146;3.705;1802.012;2.678;2479.947;1878.316;2156.683;1557.346;1062.664;3367.546;2455.835;2.518;367.153;2052.032;650.462;1443.203;2874.494;1448.557;3407.879;2761.901;2036.063;251.405;1787.240;2869.711;3601.640;255.253;299.129;2549.847;2994.778;208.736;2878.353;2822.190;2573.045;1049.524;1447.850;1285.580;3041.502;629.975;1138.932;3599.689;3279.805;3596.373;3229.097;162.562;2.667;1699.869;3036.718;3152.345;2102.073;3604.248;548.805;408.358;913.758;914.481;946.554;252.285;1313.469;20.034;1796.829;3302.562;1825.837;2267.692;2296.697;3595.712;2428.999;2968.400;799.894;3563.349;584.553;1012.995;2422.957;938.258;3601.517;3252.684;523.221
280,508.2286202907562,279,-562.4049591580643,562.4049591580643,0.08489682274530799,3584.171;2080.068;3534.781;3075.211;2762.815;594.002;3599.941;2.927;513.287;1336.615;2877.665;471.747;3284.993;3602.419;371.787;2179.069;3.857;1282.405;-0.332;3599.801;1318.012;3600.129;2950.765;3349.199;597.052;23.600;2293.877;1.495;3118.075;1052.181;2592.720;3599.358;2003.029;20.408;213.503;2253.541;1580.265;2528.844;1233.875;2395.802;828.552;2240.541;2783.361;653.387;953.198;1823.762;3081.671;661.566;1714.533;2477.525;3597.577;934.682;2464.540;289.485;1511.444;2.154;3598.443;1736.365;3571.686;1381.425;3556.372;875.212;823.240;2192.824;3031.765;3586.174;2133.022;1.015;1983.537;1003.246;2664.454;3592.099;1663.253;2479.313;-1.384;1888.525;368.831;2295.200;1229.490;2943.984;-0.856;2.128;2624.040;1891.396;2032.757;3576.863;1779.747;2967.890;1841.901;3271.178;2808.992;274.418;998.797;3024.390;713.109;432.143;1680.695;1554.855;2672.343;1406.101,840.998;1371.390;1527.102;3270.504;3600.552;2020.626;1.530;2251.225;2194.651;2951.091;1220.417;-0.214;2014.625;602.519;2594.146;3074.409;1524.665;3587.520;678.543;3603.179;1717.368;2573.147;2724.763;3598.085;3603.359;0.098;7.060;1798.772;0.721;2476.724;1881.065;2154.871;1560.549;1060.453;3370.644;2452.654;-0.551;364.277;2052.458;648.436;1440.353;2871.575;1445.191;3409.665;2759.805;2039.129;253.844;1785.029;2868.772;3598.825;257.918;296.417;2549.959;2991.834;207.565;2881.646;2821.693;2570.143;1052.806;1450.545;1286.135;3040.140;631.949;1137.774;3602.162;3282.747;3599.618;3232.270;159.220;0.716;1697.326;3033.410;3149.582;2104.236;3601.025;551.563;405.714;913.933;912.200;948.595;249.338;1316.683;16.861;1794.291;3300.164;1827.609;2268.801;2299.690;3598.888;2431.987;2965.278;802.366;3566.260;581.536;1010.673;2419.959;937.036;3598.363;3250.161;525.107
281,510.1067581176758,280,-562.4547401083794,562.4547401083794,0.07758590841318269,3580.878;2077.437;3538.089;3077.858;2760.839;593.418;3599.606;0.452;514.771;1336.307;2874.335;469.164;3282.885;3599.197;372.976;2180.777;2.131;1279.055;-0.319;3600.052;1314.899;3601.766;2950.969;3345.932;594.863;21.453;2297.103;1.622;3120.347;1052.310;2591.252;3600.064;2005.093;18.831;216.562;2255.228;1577.355;2526.486;1231.459;2398.222;829.192;2237.293;2785.717;652.998;950.366;1821.167;3084.889;663.872;1717.701;2480.580;3595.503;933.218;2467.246;290.231;1513.799;0.454;3597.844;1733.052;3575.032;1382.332;3557.812;872.337;820.296;2193.685;3032.638;3588.729;2133.534;-2.205;1983.801;1005.796;2664.450;3593.691;1664.236;2482.067;1.421;1891.510;367.193;2294.546;1232.755;2947.199;0.566;-0.115;2626.721;1894.636;2030.421;3574.541;1776.618;2968.525;1839.303;3273.178;2811.449;277.043;1001.068;3027.122;713.426;432.983;1677.821;1551.793;2673.735;1406.218,837.783;1368.271;1530.233;3272.489;3597.844;2018.712;3.382;2254.452;2191.685;2954.378;1220.503;0.262;2017.329;599.323;2591.003;3072.435;1527.919;3589.998;681.868;3600.585;1714.478;2570.675;2722.312;3600.864;3600.184;-3.200;4.245;1798.871;-2.564;2477.266;1883.663;2152.757;1560.127;1062.549;3367.515;2454.446;2.242;362.475;2055.560;649.616;1437.025;2873.136;1443.802;3412.958;2757.140;2041.691;256.985;1788.020;2871.953;3597.941;260.962;298.752;2546.724;2988.527;204.297;2884.996;2824.925;2566.813;1056.117;1452.889;1289.407;3036.991;632.245;1134.500;3598.929;3285.196;3600.946;3235.043;155.966;2.205;1697.733;3031.749;3152.566;2107.540;3599.263;554.511;402.393;915.975;909.286;951.663;251.685;1319.697;19.168;1795.733;3303.304;1824.570;2265.658;2300.444;3601.863;2429.589;2967.848;800.255;3563.131;578.464;1007.375;2416.675;940.201;3599.942;3246.871;528.013
282,511.8090581893921,281,-562.5544903537528,562.5544903537528,0.13661872833335617,3583.754;2080.499;3535.371;3081.136;2762.500;590.256;3602.529;-1.647;517.596;1339.419;2871.420;472.162;3286.006;3599.695;370.351;2182.863;0.340;1277.414;-2.724;3602.473;1311.596;3603.451;2947.747;3348.844;591.660;24.474;2295.780;-1.552;3123.614;1050.797;2588.053;3603.169;2002.676;21.965;214.215;2258.474;1578.931;2523.375;1229.166;2401.496;830.340;2240.181;2782.558;656.204;953.492;1824.274;3081.798;666.991;1715.668;2479.028;3592.247;929.968;2464.133;289.258;1511.116;-0.944;3601.031;1732.825;3573.975;1385.140;3554.726;869.044;818.389;2196.048;3029.461;3585.823;2130.353;0.726;1981.193;1003.747;2667.599;3590.740;1661.051;2485.296;-0.653;1888.431;370.338;2292.587;1235.914;2946.910;-2.618;-3.386;2629.478;1897.482;2033.376;3577.247;1774.651;2971.755;1840.236;3270.356;2810.153;275.461;1004.212;3024.848;712.038;436.149;1675.820;1550.722;2672.296;1407.004,838.877;1364.988;1533.000;3271.076;3596.964;2015.617;0.651;2257.125;2188.798;2951.345;1218.520;-0.957;2018.201;597.786;2591.628;3069.644;1524.955;3592.982;684.742;3597.613;1717.437;2572.618;2719.066;3597.763;3602.242;-0.148;3.741;1802.095;0.184;2479.917;1886.937;2152.856;1558.275;1064.614;3370.265;2451.268;2.233;359.263;2058.859;646.538;1434.050;2870.975;1444.362;3415.870;2753.858;2038.523;260.281;1785.033;2875.262;3601.015;264.233;300.320;2549.902;2988.249;201.278;2886.513;2826.895;2564.841;1057.908;1455.922;1292.648;3034.073;634.584;1131.190;3600.566;3285.769;3604.023;3232.013;153.200;5.454;1694.798;3028.857;3155.833;2110.850;3600.710;557.736;399.078;912.823;909.898;954.222;253.885;1322.993;17.061;1792.897;3301.264;1825.731;2262.616;2297.317;3598.965;2432.259;2970.557;797.248;3562.333;575.355;1005.490;2413.361;943.483;3601.597;3243.791;529.548
283,513.6477715969086,282,-562.586023711174,562.586023711174,0.10835075783544132,3584.386;2083.708;3535.458;3084.361;2765.610;592.980;3599.490;1.337;514.729;1337.334;2868.212;475.423;3283.246;3601.241;367.102;2179.684;-2.881;1278.046;0.307;3599.515;1309.848;3600.293;2949.831;3349.647;588.405;22.715;2295.344;1.377;3126.648;1053.621;2584.780;3600.184;1999.466;24.701;211.125;2256.472;1582.147;2520.210;1225.940;2403.947;833.425;2243.435;2779.316;659.477;956.719;1824.658;3083.891;670.258;1718.411;2481.367;3594.435;926.693;2465.981;290.950;1507.876;-4.041;3604.151;1729.933;3576.733;1388.386;3551.634;865.937;821.512;2196.635;3026.677;3588.691;2130.379;-0.474;1984.251;1006.888;2670.865;3587.478;1658.097;2482.281;2.349;1885.179;373.380;2295.418;1233.614;2945.958;-0.204;-0.562;2632.629;1900.708;2035.622;3579.726;1771.454;2969.106;1843.382;3273.438;2807.268;272.247;1007.333;3022.521;708.867;439.416;1677.244;1547.525;2675.444;1403.904,836.410;1362.101;1532.370;3268.178;3595.068;2017.303;-1.474;2260.369;2185.585;2949.998;1219.944;-1.507;2020.575;600.689;2589.910;3066.389;1526.545;3596.242;687.898;3600.243;1714.957;2571.952;2721.034;3600.303;3600.925;-1.064;0.757;1804.297;-2.315;2477.410;1886.018;2149.777;1555.093;1065.463;3367.776;2448.119;0.998;362.199;2057.738;645.754;1430.971;2874.138;1447.546;3419.119;2755.995;2039.420;258.846;1787.631;2877.404;3599.806;267.287;303.315;2552.680;2985.161;203.840;2889.110;2830.104;2561.677;1060.751;1459.111;1293.074;3036.180;637.699;1129.468;3600.895;3286.743;3600.881;3232.732;150.237;6.851;1697.396;3025.603;3158.652;2112.221;3598.600;560.896;398.035;909.585;912.722;957.460;256.064;1322.251;16.164;1796.004;3300.536;1822.564;2264.972;2298.128;3601.289;2430.240;2967.527;794.057;3559.282;575.210;1005.573;2410.579;944.074;3598.493;3240.632;526.404
284,515.5156712532043,283,-562.5505668601636,562.5505668601636,0.12076114124479378,3581.252;2081.806;3533.265;3086.958;2762.937;593.622;3600.375;-1.373;515.727;1340.346;2866.658;474.510;3284.416;3604.420;369.218;2180.551;0.174;1279.783;-1.712;3596.939;1309.618;3600.854;2949.029;3346.596;586.773;25.625;2292.235;0.658;3128.613;1051.248;2582.610;3601.925;2001.715;23.530;213.729;2259.314;1579.401;2520.958;1224.504;2407.146;831.018;2241.413;2777.647;660.664;955.357;1822.760;3083.657;668.308;1715.786;2478.948;3591.768;924.362;2464.350;294.127;1510.011;-0.940;3601.181;1732.790;3579.844;1386.979;3548.698;868.244;824.624;2199.772;3024.458;3591.404;2128.337;1.687;1985.185;1005.786;2669.677;3587.139;1656.876;2484.638;-0.255;1883.531;376.268;2295.600;1235.771;2942.807;-2.306;-1.242;2633.613;1900.985;2038.560;3576.933;1772.808;2967.842;1845.859;3271.733;2810.015;274.523;1005.538;3022.917;711.817;442.294;1674.524;1546.316;2677.712;1406.185,839.470;1358.904;1535.325;3265.296;3591.985;2014.242;1.347;2263.520;2186.355;2947.570;1218.141;1.487;2023.779;597.760;2586.821;3069.073;1529.637;3593.888;691.130;3603.161;1712.197;2568.988;2718.243;3599.530;3602.948;1.129;-2.307;1807.349;0.326;2477.812;1887.405;2146.544;1556.481;1063.976;3370.366;2445.387;-1.887;361.008;2060.648;642.668;1427.827;2873.352;1450.784;3422.215;2753.492;2040.363;261.373;1787.555;2880.335;3602.819;270.183;306.542;2555.776;2981.966;206.531;2892.320;2827.450;2558.751;1057.953;1456.761;1295.949;3038.477;635.416;1126.956;3599.002;3289.889;3598.913;3229.955;150.953;4.486;1698.696;3026.359;3161.874;2115.309;3595.926;558.493;394.965;906.708;915.793;959.926;259.258;1321.947;13.022;1798.898;3297.506;1820.812;2268.092;2295.282;3599.968;2432.172;2967.685;790.890;3556.224;574.077;1002.451;2407.459;946.951;3599.619;3237.634;528.374
285,517.413156747818,284,-562.5697775827562,562.5697775827562,0.07408187099363184,3580.893;2083.353;3530.525;3088.893;2761.409;591.055;3602.475;-1.026;518.430;1338.583;2866.349;476.783;3282.651;3602.308;368.377;2177.841;-0.894;1282.925;0.688;3599.255;1309.588;3599.262;2952.072;3348.970;584.366;28.791;2294.141;-0.966;3127.599;1053.944;2579.646;3599.262;1999.360;26.585;211.548;2262.393;1580.020;2518.350;1222.559;2409.248;833.077;2242.698;2774.564;662.907;957.850;1821.450;3084.931;667.169;1716.387;2475.778;3589.833;923.574;2461.206;295.232;1507.735;1.047;3601.871;1731.792;3582.693;1388.430;3545.528;868.551;823.776;2201.910;3025.388;3589.393;2129.321;-0.787;1985.877;1007.298;2672.457;3584.196;1658.352;2486.409;1.128;1882.201;375.178;2298.469;1233.911;2945.324;-0.168;1.735;2636.533;1900.949;2041.527;3577.021;1775.417;2970.663;1843.069;3269.602;2811.596;272.376;1002.409;3019.892;710.151;444.591;1672.373;1543.338;2680.876;1403.201,838.785;1356.551;1532.728;3265.252;3594.977;2011.812;-0.638;2266.196;2189.266;2950.538;1217.775;4.304;2020.845;595.666;2584.292;3072.121;1527.530;3590.727;688.674;3600.152;1714.075;2572.066;2721.033;3601.777;3599.890;-0.380;0.604;1810.243;1.138;2480.892;1888.855;2149.423;1554.231;1067.056;3367.777;2442.212;0.558;359.315;2059.918;641.346;1428.981;2876.023;1450.610;3419.898;2750.378;2040.400;261.783;1786.835;2878.414;3599.805;270.530;305.774;2558.971;2978.922;209.708;2894.825;2825.163;2556.586;1060.558;1457.782;1293.641;3041.641;632.312;1129.564;3602.056;3293.068;3601.169;3232.354;153.662;1.319;1701.652;3027.090;3160.239;2112.926;3598.938;560.536;395.423;903.747;913.224;963.089;256.349;1319.013;11.171;1796.802;3300.302;1823.283;2265.933;2292.119;3599.744;2433.423;2964.743;789.789;3559.151;577.171;1005.209;2404.321;949.388;3597.592;3237.430;526.196
286,519.1285629272461,285,-562.591956362686,562.591956362686,0.11370953980589686,3583.156;2081.188;3533.394;3086.349;2758.680;594.078;3599.552;1.947;515.471;1341.206;2869.416;473.754;3285.642;3599.372;369.455;2180.269;2.008;1284.030;-1.222;3596.373;1312.647;3600.270;2953.540;3351.967;581.535;26.266;2291.429;1.724;3124.504;1051.092;2576.783;3600.511;1996.264;24.451;213.959;2260.751;1577.410;2521.317;1225.432;2412.122;836.042;2243.658;2776.655;663.570;957.875;1824.344;3088.018;664.073;1713.437;2472.620;3592.837;925.997;2459.761;298.329;1505.030;1.314;3599.002;1734.792;3579.804;1385.400;3548.290;871.632;826.646;2205.026;3028.483;3586.740;2126.505;-3.900;1982.833;1004.251;2669.661;3586.911;1661.456;2489.522;-1.546;1885.248;378.092;2295.571;1235.386;2942.415;2.935;-0.363;2633.477;1897.893;2038.703;3580.108;1778.340;2967.875;1843.152;3266.561;2808.638;275.128;999.323;3022.895;713.077;447.714;1669.271;1546.253;2678.257;1406.047,836.918;1359.190;1535.419;3262.164;3594.800;2014.748;-3.677;2263.372;2192.384;2947.820;1220.859;1.361;2022.587;592.546;2587.346;3075.222;1524.672;3592.974;685.996;3597.573;1714.146;2573.251;2719.989;3599.748;3598.330;1.781;0.297;1808.542;-1.472;2479.230;1891.957;2152.433;1551.103;1069.031;3367.253;2443.783;-2.443;362.002;2060.593;644.209;1432.049;2873.197;1448.257;3420.596;2752.429;2037.317;264.791;1783.744;2877.991;3598.627;267.452;306.554;2559.257;2981.321;207.920;2892.025;2823.555;2558.940;1058.706;1454.720;1296.356;3044.791;629.148;1127.714;3599.172;3290.144;3603.142;3232.676;153.107;-1.847;1698.803;3030.132;3157.248;2109.881;3601.656;559.472;398.247;905.382;916.013;960.335;257.515;1315.991;8.103;1795.763;3298.266;1822.093;2263.094;2288.978;3602.781;2430.367;2967.552;792.626;3559.108;580.326;1007.882;2402.357;947.454;3600.567;3240.449;529.213
287,520.9898722171783,286,-562.5730352658585,562.5730352658585,0.07018143519885801,3585.724;2078.759;3536.509;3083.592;2755.588;594.063;3598.532;4.987;516.841;1343.990;2870.424;471.266;3283.912;3598.353;366.415;2177.862;1.330;1284.590;1.498;3598.525;1309.901;3602.617;2956.581;3351.507;578.442;23.454;2288.330;1.150;3121.740;1048.691;2578.545;3601.037;1998.802;21.551;216.761;2261.986;1574.805;2524.429;1225.001;2410.335;833.040;2246.705;2779.044;666.620;959.322;1822.401;3091.104;664.425;1713.624;2475.445;3595.857;928.971;2459.560;297.246;1506.470;-0.613;3598.184;1736.722;3578.953;1383.135;3547.588;871.280;829.744;2204.833;3030.528;3589.577;2123.411;-1.052;1985.302;1004.421;2667.791;3589.109;1664.523;2487.455;1.019;1886.719;375.890;2295.068;1238.455;2944.715;4.682;2.391;2633.215;1894.925;2041.299;3577.654;1776.726;2969.013;1840.953;3263.562;2806.994;277.708;996.389;3024.806;714.606;446.005;1672.135;1544.609;2680.601;1403.639,839.475;1361.038;1534.340;3264.273;3596.718;2015.620;-0.675;2261.820;2191.895;2945.176;1223.026;-0.360;2025.405;589.586;2589.452;3076.280;1527.405;3595.435;688.333;3595.462;1711.121;2570.629;2716.951;3602.498;3597.107;-1.017;-2.486;1810.092;1.459;2476.191;1890.230;2150.522;1552.262;1066.731;3367.813;2442.148;0.469;359.518;2057.623;646.932;1434.992;2870.211;1445.620;3423.633;2753.116;2035.578;264.601;1783.872;2880.428;3597.944;265.276;303.552;2562.097;2980.544;204.870;2889.636;2826.366;2561.907;1061.649;1453.516;1294.297;3042.606;631.781;1124.635;3600.977;3289.214;3600.185;3235.673;156.068;0.764;1697.795;3027.611;3158.865;2111.437;3598.830;556.414;397.859;908.435;913.433;957.352;260.482;1313.036;10.906;1797.513;3295.460;1824.841;2265.967;2285.878;3599.996;2432.784;2969.938;789.730;3556.466;578.165;1005.802;2405.148;944.461;3600.663;3238.023;531.668
288,522.8792924880981,287,-562.5920119464233,562.5920119464233,0.06628885574641045,3582.872;2075.696;3535.138;3086.414;2752.926;591.246;3600.598;3.428;519.845;1341.233;2867.535;473.035;3286.724;3601.257;368.923;2178.293;-1.623;1281.688;-0.597;3601.577;1312.043;3599.633;2953.711;3348.571;580.933;26.115;2287.524;-1.743;3124.494;1046.033;2578.518;3602.449;2001.781;24.222;219.131;2265.004;1573.584;2522.693;1224.910;2407.307;830.159;2244.216;2781.518;667.306;962.216;1825.393;3088.305;665.820;1716.371;2475.136;3598.922;926.777;2456.581;294.508;1505.576;0.246;3597.070;1734.419;3581.858;1380.718;3544.697;868.501;829.817;2203.718;3028.019;3587.780;2121.497;0.029;1985.324;1006.559;2666.588;3591.940;1661.765;2490.144;1.263;1884.620;372.846;2293.423;1236.516;2944.999;1.842;5.011;2635.151;1893.487;2043.656;3577.313;1775.844;2971.695;1843.938;3260.552;2809.879;275.466;993.626;3021.941;714.449;442.979;1675.214;1546.448;2683.584;1403.024,842.512;1364.053;1531.353;3266.447;3599.763;2012.813;1.513;2258.804;2194.882;2942.112;1224.847;2.114;2024.838;589.696;2589.267;3078.099;1524.743;3596.938;685.665;3598.302;1713.989;2571.374;2715.753;3599.525;3596.511;1.337;0.440;1813.096;2.941;2478.855;1887.841;2151.637;1549.305;1064.469;3366.158;2442.585;0.456;356.457;2054.790;644.016;1436.557;2872.044;1448.504;3421.228;2756.125;2038.516;267.187;1783.068;2883.493;3598.662;266.470;300.471;2559.506;2983.500;204.730;2886.580;2829.440;2559.317;1058.806;1450.816;1291.253;3039.551;629.765;1126.748;3598.333;3286.416;3600.194;3238.434;159.154;-0.705;1700.693;3024.571;3155.935;2109.168;3600.355;554.352;400.151;910.722;915.491;954.264;258.032;1315.990;8.038;1800.555;3297.923;1822.063;2265.536;2288.147;3602.254;2435.458;2969.637;792.403;3559.403;576.009;1002.866;2408.075;941.386;3597.757;3240.346;534.641
289,524.7981626987457,288,-562.6048261885496,562.6048261885496,0.09021139775312703,3583.386;2072.640;3532.605;3083.953;2755.491;589.104;3603.613;0.427;522.416;1340.414;2869.428;475.952;3285.579;3600.111;369.992;2176.002;-1.093;1284.532;1.218;3598.879;1310.755;3601.818;2954.591;3350.971;580.680;28.637;2284.635;1.103;3126.960;1043.020;2575.797;3599.485;2001.574;26.603;216.229;2268.056;1571.638;2522.895;1221.939;2409.300;828.380;2241.988;2778.570;664.604;962.355;1825.781;3086.412;667.979;1713.656;2477.670;3597.694;929.059;2453.543;297.191;1508.476;3.234;3599.731;1737.265;3579.647;1382.864;3547.438;865.671;827.277;2202.434;3026.921;3584.952;2124.253;1.798;1987.744;1005.646;2669.478;3591.148;1660.456;2489.571;-1.670;1881.997;374.681;2296.328;1233.565;2947.333;-0.415;7.988;2632.664;1896.149;2041.679;3579.367;1772.896;2972.509;1846.849;3258.396;2806.983;272.561;990.679;3023.564;711.530;440.602;1678.019;1548.959;2685.897;1400.292,844.637;1361.680;1533.287;3269.226;3602.099;2010.176;-0.486;2258.089;2197.014;2940.860;1227.781;-0.495;2023.035;592.257;2592.175;3080.848;1525.211;3594.076;682.805;3599.515;1716.727;2574.161;2713.603;3599.264;3599.477;3.484;1.935;1816.151;0.309;2481.877;1885.927;2154.565;1549.263;1066.945;3369.113;2439.650;-2.035;353.430;2052.785;641.017;1434.111;2873.525;1446.085;3418.729;2755.059;2039.912;270.223;1781.299;2886.547;3601.620;269.401;297.688;2561.480;2982.841;204.564;2884.772;2827.260;2556.283;1059.756;1447.865;1288.319;3036.555;630.620;1124.876;3597.032;3285.651;3600.036;3235.724;160.381;1.582;1703.362;3025.600;3155.265;2111.442;3602.986;555.951;397.246;913.723;918.496;951.622;255.517;1315.992;5.808;1802.044;3300.914;1823.556;2262.880;2285.995;3599.584;2438.423;2968.801;793.248;3562.151;573.284;1000.383;2406.238;938.951;3597.264;3241.215;537.660
290,526.5242800712585,289,-562.6661450857229,562.6661450857229,0.11072655634269582,3580.734;2075.362;3532.697;3083.869;2758.360;588.085;3600.965;-2.502;521.466;1343.295;2867.329;478.827;3283.678;3600.370;372.644;2173.090;1.320;1282.635;-1.307;3599.573;1312.901;3599.277;2956.474;3350.228;583.444;31.590;2284.229;2.446;3129.851;1044.542;2578.716;3600.598;1998.641;25.349;216.847;2266.457;1574.355;2520.122;1218.979;2411.472;825.443;2243.999;2779.814;661.605;959.414;1826.731;3089.094;665.681;1715.598;2475.130;3599.891;926.238;2455.963;295.872;1505.781;1.847;3598.689;1734.820;3582.075;1381.291;3549.206;868.272;829.264;2199.519;3024.095;3587.815;2125.580;0.287;1985.925;1005.259;2666.748;3588.226;1657.518;2488.011;-0.829;1884.244;375.151;2296.119;1235.867;2944.529;-3.081;7.572;2629.864;1898.914;2044.276;3581.960;1769.890;2975.416;1849.820;3260.409;2805.258;270.117;987.706;3020.972;714.191;443.081;1680.205;1546.231;2683.634;1402.792,843.213;1364.514;1532.079;3267.102;3599.284;2009.577;-2.325;2259.510;2199.964;2937.903;1230.794;-3.398;2025.909;590.824;2590.667;3083.822;1527.911;3595.831;684.982;3602.418;1714.656;2572.043;2715.906;3598.154;3602.275;0.874;0.794;1818.443;-2.336;2483.366;1888.796;2151.779;1546.362;1064.051;3367.567;2438.944;0.498;354.857;2054.171;641.583;1436.669;2871.574;1448.786;3419.546;2757.467;2042.667;270.117;1778.464;2889.437;3598.991;267.486;298.193;2560.920;2984.293;207.367;2882.134;2829.673;2553.330;1062.494;1444.853;1285.433;3033.795;628.133;1122.796;3599.797;3282.883;3602.950;3236.705;163.064;-0.385;1701.722;3027.747;3158.046;2110.391;3600.199;553.051;394.938;911.393;921.269;948.729;257.785;1313.134;3.165;1804.991;3298.182;1820.962;2262.757;2287.498;3598.826;2435.856;2971.722;794.919;3560.950;575.999;1000.747;2403.401;937.054;3600.134;3238.494;539.018
291,528.4018242359161,290,-562.6469165075029,562.6469165075029,0.10667811120354183,3579.990;2076.569;3531.009;3085.965;2760.951;590.243;3599.770;-0.160;519.529;1346.216;2870.043;481.294;3280.790;3599.168;370.081;2170.107;4.042;1285.231;-3.460;3599.181;1315.852;3600.239;2953.811;3352.968;580.666;31.890;2281.328;0.538;3131.242;1041.781;2580.408;3603.298;1997.691;27.765;214.403;2269.218;1571.785;2522.238;1219.943;2414.422;825.371;2242.347;2777.337;659.726;956.463;1829.589;3087.996;667.901;1713.093;2472.605;3599.429;927.978;2453.975;298.715;1507.603;-0.038;3601.528;1737.057;3582.279;1378.578;3551.748;870.081;827.354;2202.314;3026.417;3587.096;2124.904;-2.620;1988.746;1002.352;2664.456;3585.460;1656.118;2485.078;1.230;1887.162;378.012;2298.154;1233.069;2946.740;-0.211;5.134;2627.212;1896.107;2046.757;3584.917;1769.738;2973.040;1850.125;3257.589;2807.736;267.155;988.648;3023.499;716.699;440.744;1683.158;1548.233;2681.114;1403.119,843.776;1362.583;1534.899;3264.798;3596.710;2008.162;0.496;2257.175;2200.071;2934.957;1233.779;-0.597;2028.619;593.506;2593.304;3081.394;1525.727;3593.057;685.961;3599.998;1716.862;2569.119;2718.769;3600.891;3599.820;-2.094;-2.085;1819.369;0.388;2486.274;1891.769;2151.610;1545.219;1066.343;3369.336;2436.035;-1.850;356.333;2051.304;638.939;1434.516;2874.448;1450.032;3421.485;2760.239;2044.627;272.940;1781.016;2892.132;3601.169;269.723;301.088;2563.742;2982.568;210.340;2879.442;2829.859;2550.443;1060.608;1442.154;1287.712;3031.590;625.195;1125.227;3602.679;3280.040;3600.288;3233.901;166.029;0.722;1698.787;3026.695;3158.257;2107.589;3601.101;555.329;392.768;908.509;923.529;947.226;258.474;1310.803;3.277;1806.209;3299.942;1822.461;2265.559;2284.684;3601.465;2438.149;2973.754;797.382;3563.270;575.862;997.845;2402.454;934.116;3599.475;3235.536;541.899
292,530.3043427467346,291,-562.7223481048213,562.7223481048213,0.11805121588425838,3582.703;2078.141;3533.792;3084.814;2759.026;587.512;3601.361;-1.912;516.708;1345.104;2869.944;483.893;3283.483;3601.954;372.388;2171.385;4.037;1287.102;-0.610;3601.900;1313.797;3598.114;2955.945;3355.907;582.253;29.902;2283.475;-2.354;3132.460;1044.461;2579.727;3600.540;1999.392;30.689;213.485;2267.088;1574.482;2519.631;1217.480;2416.715;822.759;2245.068;2778.907;662.290;957.629;1827.889;3085.132;670.682;1710.957;2469.679;3602.192;925.512;2454.846;296.287;1505.151;-2.937;3600.451;1734.528;3580.578;1375.638;3554.263;870.315;829.953;2200.687;3028.854;3589.456;2122.025;0.131;1986.210;1004.452;2665.221;3583.904;1653.375;2484.871;4.038;1884.875;380.695;2295.931;1234.285;2945.585;0.389;2.209;2629.981;1897.390;2049.685;3582.481;1772.596;2974.330;1852.984;3254.762;2809.024;264.204;985.853;3021.736;719.286;439.754;1680.914;1547.292;2682.820;1405.810,840.967;1359.872;1537.744;3261.908;3596.621;2010.004;-1.376;2254.261;2197.396;2937.626;1234.031;1.048;2025.895;590.749;2590.647;3078.481;1523.001;3595.396;683.131;3597.082;1715.542;2571.892;2721.693;3598.895;3601.248;0.598;0.349;1820.420;-0.812;2485.258;1894.492;2152.395;1547.252;1069.265;3366.512;2437.515;0.120;359.229;2053.869;641.502;1436.880;2875.101;1449.493;3424.395;2763.066;2041.794;275.868;1783.941;2889.770;3603.387;266.947;303.411;2561.626;2985.326;212.951;2876.503;2826.990;2552.152;1058.670;1444.428;1290.260;3034.100;623.595;1128.154;3599.938;3277.105;3599.622;3235.743;163.650;-2.020;1696.053;3029.555;3155.463;2105.387;3603.572;552.987;395.570;905.587;925.299;949.916;255.641;1310.150;0.549;1806.305;3302.204;1822.218;2262.731;2287.046;3598.888;2435.366;2971.721;800.281;3560.742;578.468;998.530;2403.846;932.144;3602.277;3233.057;539.764
293,532.0188632011414,292,-562.7186151032663,562.7186151032663,0.05822566683028675,3584.755;2076.231;3536.700;3081.958;2756.151;584.679;3598.733;0.731;518.058;1346.511;2867.448;485.543;3285.256;3599.352;372.347;2168.845;1.318;1288.164;0.322;3599.431;1311.428;3600.471;2957.269;3354.539;584.964;27.122;2282.733;0.402;3129.817;1046.079;2582.400;3599.828;2002.203;28.689;215.602;2265.531;1572.428;2521.265;1214.689;2414.111;819.859;2247.965;2780.919;661.064;955.956;1830.431;3084.029;668.791;1708.713;2471.583;3599.444;925.153;2453.094;296.791;1507.496;-0.208;3598.274;1732.219;3579.627;1374.832;3556.809;868.001;832.855;2203.002;3031.741;3592.027;2119.483;-0.562;1984.817;1003.678;2666.005;3586.549;1650.711;2484.706;1.526;1882.500;379.297;2293.089;1236.398;2947.694;-0.084;4.193;2631.864;1898.450;2052.579;3579.586;1771.974;2972.739;1855.430;3255.312;2810.980;264.675;983.898;3020.201;722.179;437.555;1679.774;1544.561;2685.383;1403.421,841.401;1358.179;1535.430;3264.020;3597.060;2007.237;0.484;2256.013;2197.402;2940.164;1231.509;0.366;2027.521;588.763;2592.246;3078.977;1521.192;3598.285;682.428;3594.245;1712.684;2573.776;2720.301;3601.014;3602.649;1.701;2.152;1823.274;1.671;2487.625;1894.670;2155.143;1549.963;1070.266;3364.900;2435.346;-1.362;358.428;2056.770;644.331;1439.743;2872.319;1446.671;3425.124;2764.915;2039.078;278.705;1781.412;2886.919;3600.645;264.156;302.738;2563.878;2987.622;215.845;2873.743;2828.221;2553.019;1060.968;1446.378;1290.586;3035.419;620.736;1128.467;3599.335;3277.186;3599.994;3237.920;160.861;0.611;1695.503;3032.059;3154.776;2108.131;3600.823;550.204;397.102;903.167;928.133;950.010;255.092;1307.678;-2.235;1809.137;3301.422;1819.379;2261.648;2285.868;3600.736;2435.374;2972.534;802.353;3557.845;576.566;999.864;2401.077;934.602;3599.842;3230.160;537.325
294,533.882696390152,293,-562.6950123691425,562.6950123691425,0.0904517414811892,3582.114;2074.968;3534.291;3084.650;2755.210;586.371;3601.315;-0.634;515.308;1349.284;2864.803;488.310;3288.094;3601.906;369.602;2167.177;-0.077;1285.670;-0.987;3597.484;1308.582;3603.330;2954.499;3353.510;584.363;29.859;2283.315;-1.223;3132.523;1048.823;2584.979;3600.963;2002.703;31.362;212.819;2268.169;1574.926;2523.152;1215.144;2415.282;821.737;2249.528;2778.310;659.234;953.308;1832.776;3081.228;665.953;1705.907;2474.206;3599.084;922.348;2450.260;295.634;1504.954;2.469;3595.426;1733.807;3582.415;1377.592;3555.079;865.158;835.733;2204.619;3029.087;3589.516;2121.436;1.458;1981.996;1002.920;2663.352;3589.414;1647.841;2487.496;-0.932;1881.026;376.469;2290.214;1234.285;2944.986;-2.878;2.679;2633.757;1900.433;2052.965;3579.181;1773.840;2975.535;1858.202;3252.563;2813.823;265.256;986.544;3017.381;724.601;439.615;1677.673;1541.725;2682.615;1405.673,844.209;1360.812;1532.957;3261.239;3599.870;2009.745;-0.999;2253.348;2199.999;2941.847;1228.661;2.647;2028.789;590.172;2589.548;3078.076;1518.418;3599.789;684.701;3595.484;1711.768;2576.431;2722.702;3599.675;3599.883;0.090;4.735;1820.785;3.067;2484.954;1892.539;2158.017;1547.328;1072.928;3366.450;2433.150;1.369;356.098;2058.440;644.200;1439.581;2873.221;1443.794;3424.163;2767.750;2040.839;279.903;1780.352;2884.966;3598.765;262.990;302.835;2564.263;2990.478;217.964;2872.084;2830.788;2550.247;1058.276;1449.214;1287.904;3034.058;617.866;1131.231;3597.958;3279.963;3601.138;3235.483;157.984;-1.457;1698.242;3031.140;3151.976;2105.494;3600.463;552.563;399.865;901.879;925.666;952.680;252.295;1309.029;0.477;1812.015;3299.744;1816.512;2258.891;2288.486;3602.697;2436.911;2970.176;805.184;3559.401;573.761;998.585;2403.727;937.422;3598.293;3230.208;534.467
295,535.7711110115051,294,-562.6534418806859,562.6534418806859,0.06225064005739621,3584.103;2072.618;3536.536;3085.489;2756.190;583.738;3599.159;1.634;513.107;1351.015;2862.321;491.141;3287.421;3599.788;370.202;2164.523;2.605;1282.841;1.692;3600.125;1309.808;3600.832;2956.774;3351.701;581.652;27.954;2280.807;1.002;3133.265;1046.550;2585.237;3598.376;2000.129;29.299;210.583;2267.628;1574.363;2520.727;1212.409;2413.198;819.285;2246.836;2776.185;661.954;950.477;1830.564;3081.508;667.916;1708.070;2471.766;3601.317;921.686;2452.407;292.947;1503.762;3.602;3592.720;1731.410;3581.314;1376.493;3557.566;866.579;836.619;2207.418;3027.524;3591.968;2121.949;2.518;1980.481;1000.293;2665.942;3590.110;1648.480;2489.661;1.705;1883.668;374.148;2290.013;1236.655;2943.240;-0.492;4.268;2635.503;1898.965;2055.675;3576.521;1776.645;2976.357;1856.012;3253.218;2811.221;262.612;984.933;3018.174;727.273;441.925;1680.311;1538.910;2681.655;1403.036,845.225;1358.614;1534.239;3262.655;3601.968;2007.251;0.564;2255.918;2197.382;2940.102;1226.666;0.393;2031.414;592.929;2589.791;3080.661;1521.125;3602.510;687.522;3594.287;1709.003;2577.929;2721.071;3596.913;3602.073;-0.501;7.496;1823.286;2.078;2484.851;1894.911;2158.688;1548.308;1073.727;3364.304;2434.655;-0.183;353.460;2060.786;646.621;1436.833;2870.539;1444.547;3426.908;2767.158;2041.048;282.667;1779.125;2887.491;3598.945;260.439;305.509;2564.261;2989.328;220.684;2873.798;2831.046;2547.527;1058.459;1446.673;1289.340;3031.275;617.612;1132.506;3598.770;3282.807;3598.483;3236.853;155.985;0.747;1699.163;3028.364;3153.771;2107.505;3600.165;551.763;397.566;899.106;925.530;950.106;251.771;1306.552;-1.448;1814.498;3302.503;1814.128;2261.154;2290.903;3599.980;2439.687;2972.581;807.524;3556.913;570.928;995.808;2404.474;940.253;3598.522;3227.501;532.407
296,537.4829332828522,295,-562.6821200486484,562.6821200486484,0.07582601862893855,3586.851;2074.377;3539.288;3082.993;2753.472;584.824;3601.032;0.481;515.143;1348.329;2859.710;489.453;3284.736;3600.081;368.013;2161.798;-0.004;1280.034;1.357;3602.649;1312.087;3599.546;2959.551;3348.928;580.731;26.550;2282.568;-0.493;3131.110;1044.388;2587.961;3596.386;2002.221;27.071;213.005;2264.980;1571.688;2518.582;1213.374;2410.415;816.500;2244.810;2777.795;662.684;952.386;1827.777;3082.326;667.573;1710.844;2473.953;3598.702;921.983;2454.905;290.155;1506.330;1.234;3594.975;1729.221;3578.665;1374.079;3560.344;868.218;834.369;2205.040;3029.484;3593.851;2119.233;-0.176;1982.203;1002.818;2665.715;3589.447;1651.075;2488.998;1.032;1886.459;371.388;2292.728;1239.412;2945.816;1.057;7.032;2633.048;1896.202;2058.430;3573.742;1779.307;2973.956;1853.270;3255.724;2808.585;264.622;983.059;3020.745;730.080;439.747;1682.964;1541.415;2684.367;1400.445,843.191;1359.085;1531.550;3265.294;3599.502;2004.624;2.459;2254.309;2198.834;2942.495;1228.738;2.793;2029.075;591.632;2592.158;3078.676;1523.803;3601.876;690.308;3591.567;1706.535;2575.519;2723.562;3595.305;3599.708;-3.209;7.534;1823.640;4.439;2487.528;1892.979;2155.976;1548.883;1076.356;3361.519;2437.347;1.469;351.112;2058.248;649.407;1437.820;2870.660;1446.170;3429.066;2764.772;2038.424;280.236;1781.810;2885.319;3601.147;262.378;303.236;2561.527;2986.578;221.861;2876.568;2828.478;2547.522;1060.945;1448.343;1290.792;3033.559;615.269;1132.510;3601.493;3285.281;3600.977;3239.612;153.424;2.877;1697.208;3028.935;3152.964;2109.787;3599.420;553.382;397.965;900.893;922.817;947.546;251.046;1303.754;1.084;1817.157;3300.998;1814.382;2260.061;2293.690;3601.534;2437.252;2970.204;804.873;3554.246;568.235;992.998;2402.434;937.891;3595.984;3224.700;529.628
297,539.3309829235077,296,-562.7267979372123,562.7267979372123,0.0816697516729194,3589.622;2077.098;3539.702;3084.207;2753.329;587.517;3598.503;-2.133;516.343;1345.570;2861.208;492.015;3282.718;3602.595;365.268;2159.025;-2.620;1280.779;2.111;3601.607;1309.577;3601.471;2961.257;3346.155;578.013;28.728;2283.639;-0.666;3133.712;1046.320;2586.177;3598.832;2000.426;29.660;211.731;2262.213;1574.166;2516.293;1210.738;2407.770;816.961;2246.949;2775.157;665.396;955.060;1830.315;3085.037;670.193;1713.625;2476.342;3599.401;924.665;2457.669;292.149;1503.830;-1.412;3597.729;1726.485;3575.894;1376.632;3557.722;865.711;831.619;2202.777;3027.042;3595.975;2119.291;-2.268;1984.941;1005.570;2668.268;3586.731;1649.365;2486.288;3.628;1884.150;368.901;2295.504;1238.634;2947.978;-1.177;4.630;2635.716;1895.052;2056.299;3574.467;1777.554;2974.625;1853.886;3257.769;2810.934;262.166;981.303;3018.194;727.932;442.347;1684.464;1541.922;2686.526;1397.703,845.835;1361.732;1533.170;3267.047;3601.207;2001.889;0.075;2256.887;2196.319;2945.256;1226.421;4.297;2026.512;594.208;2594.340;3081.299;1525.566;3599.165;687.979;3593.529;1707.366;2578.038;2721.815;3597.980;3598.943;-0.605;4.863;1826.310;1.777;2488.621;1890.313;2157.915;1546.608;1074.049;3363.705;2440.108;3.104;348.446;2060.574;651.013;1437.456;2873.034;1444.377;3431.549;2762.022;2040.753;277.560;1780.866;2882.693;3598.491;265.123;300.497;2558.748;2986.448;224.586;2875.122;2831.156;2544.941;1058.307;1450.898;1289.435;3031.322;617.924;1129.806;3598.980;3286.388;3599.119;3238.378;151.242;0.492;1698.028;3026.235;3150.682;2112.060;3597.318;555.670;400.338;898.423;920.040;949.461;248.360;1305.126;2.760;1814.617;3303.205;1815.829;2261.179;2291.731;3599.194;2438.528;2967.450;807.107;3556.205;566.717;993.880;2403.782;936.661;3597.483;3221.950;531.282
298,541.2016203403473,297,-562.6951665184815,562.6951665184815,0.04081173382177432,3591.238;2075.967;3541.315;3086.542;2751.216;587.976;3598.176;0.447;519.034;1343.324;2858.557;492.589;3284.216;3600.098;367.496;2156.518;-0.311;1281.432;0.206;3599.001;1310.102;3598.992;2963.126;3344.662;580.305;26.835;2286.326;1.878;3135.304;1044.099;2583.470;3601.100;2002.430;32.040;210.482;2260.314;1572.444;2513.577;1209.548;2405.590;814.740;2244.552;2773.561;663.492;952.942;1830.221;3085.747;668.743;1715.379;2474.145;3601.118;922.711;2459.080;290.412;1504.392;0.690;3599.413;1724.442;3577.036;1375.345;3557.636;867.378;830.740;2201.245;3024.444;3598.659;2118.730;0.278;1983.079;1007.119;2670.915;3586.774;1651.132;2488.645;5.846;1881.576;367.505;2297.440;1241.261;2945.819;0.403;2.440;2634.896;1897.706;2058.651;3573.688;1779.699;2972.053;1852.742;3260.486;2809.858;261.709;978.596;3016.371;726.866;439.806;1686.401;1543.744;2688.430;1397.884,846.609;1360.389;1531.215;3264.847;3598.669;2002.121;0.771;2254.933;2198.261;2947.685;1223.693;6.843;2023.835;593.966;2597.062;3079.459;1523.366;3597.535;685.526;3591.336;1709.780;2580.755;2723.720;3600.211;3600.295;0.825;5.642;1824.286;0.218;2486.530;1887.861;2160.265;1543.903;1071.548;3365.798;2440.512;0.495;346.126;2058.274;648.460;1434.827;2874.643;1441.701;3429.046;2762.328;2043.329;276.342;1782.701;2879.990;3600.720;267.334;298.535;2557.245;2989.046;226.959;2872.584;2831.199;2543.618;1057.865;1453.449;1286.839;3033.543;618.909;1131.908;3597.420;3288.504;3596.527;3236.752;148.552;-2.042;1695.382;3026.412;3147.961;2113.848;3599.903;553.890;403.069;900.048;920.010;948.100;245.616;1307.822;0.675;1816.188;3305.910;1813.296;2258.709;2292.732;3601.012;2436.167;2964.711;809.739;3558.900;566.042;996.494;2406.478;934.068;3595.751;3223.949;533.420
299,543.0978608131409,298,-562.7285373171592,562.7285373171592,0.06924064676404029,3591.163;2073.365;3542.103;3089.204;2748.868;585.390;3600.300;-0.311;519.590;1340.687;2860.249;489.964;3285.878;3600.199;370.086;2158.246;1.096;1280.856;1.582;3600.822;1312.199;3598.246;2965.722;3343.308;582.080;24.170;2288.927;0.279;3132.814;1046.236;2585.747;3598.565;1999.835;30.998;212.042;2258.385;1569.835;2511.018;1211.837;2408.028;813.592;2242.294;2776.162;662.619;951.075;1829.189;3085.751;666.173;1713.560;2471.476;3598.590;924.761;2461.048;287.738;1506.480;2.577;3597.314;1726.598;3575.546;1372.687;3560.116;870.044;830.122;2203.799;3026.871;3598.198;2121.064;-1.166;1980.813;1004.919;2669.352;3588.700;1653.801;2488.040;5.837;1884.013;364.844;2295.324;1240.022;2943.148;2.970;4.397;2633.015;1897.232;2058.474;3576.038;1782.226;2971.712;1850.207;3263.162;2812.374;264.286;975.885;3018.053;728.487;437.141;1683.863;1546.420;2686.110;1400.451,847.216;1359.278;1528.571;3262.270;3599.879;2004.642;-1.813;2253.095;2195.963;2950.321;1221.664;4.331;2021.129;591.436;2595.185;3078.680;1520.731;3595.717;682.873;3588.883;1712.403;2583.453;2726.399;3600.198;3598.967;-1.180;3.201;1822.863;-0.371;2483.854;1885.258;2162.962;1541.191;1073.883;3368.381;2438.809;-2.214;348.480;2056.072;648.284;1432.119;2872.250;1439.011;3426.342;2761.175;2044.476;273.881;1785.345;2877.404;3601.727;265.137;300.544;2559.615;2991.703;229.007;2869.887;2828.961;2540.966;1056.300;1451.470;1284.135;3035.089;618.615;1134.590;3597.142;3291.187;3593.858;3238.131;150.772;0.488;1697.410;3026.869;3145.372;2111.251;3602.576;556.459;404.563;902.692;918.055;945.483;242.950;1310.344;-1.604;1817.519;3308.617;1810.808;2256.240;2294.061;3598.992;2433.563;2962.803;811.958;3561.575;568.675;999.204;2409.180;933.853;3598.308;3226.516;534.462
300,544.8128232955933,299,-562.7219218860816,562.7219218860816,0.0686419319195031,3593.699;2074.041;3539.548;3091.885;2746.219;584.061;3602.821;-2.200;517.014;1341.609;2859.377;487.727;3288.517;3601.813;371.567;2160.720;3.570;1278.244;-1.012;3598.447;1310.655;3600.676;2963.219;3345.703;584.483;26.561;2287.536;0.143;3134.748;1048.889;2588.243;3600.684;2002.071;33.249;209.512;2260.863;1568.549;2512.978;1210.825;2409.197;811.696;2240.144;2778.147;660.012;948.429;1831.555;3083.144;663.527;1710.953;2473.338;3596.919;922.408;2458.604;288.587;1504.166;5.051;3595.143;1729.196;3577.478;1370.973;3559.943;869.430;832.711;2201.474;3029.062;3595.594;2120.349;0.456;1982.618;1004.759;2666.716;3591.305;1651.972;2490.300;3.415;1885.261;363.739;2293.820;1237.710;2940.554;0.757;2.068;2635.035;1894.840;2056.096;3574.285;1780.231;2969.686;1852.585;3261.058;2814.976;265.237;974.077;3015.651;731.111;437.558;1681.442;1548.234;2683.898;1402.973,844.985;1361.871;1525.898;3259.843;3598.677;2006.770;0.736;2250.561;2198.066;2948.655;1223.267;1.734;2022.588;593.706;2592.557;3076.131;1518.052;3596.921;684.455;3591.160;1715.048;2581.526;2727.116;3600.908;3601.549;1.173;0.678;1820.239;1.674;2481.212;1882.628;2161.602;1538.510;1076.246;3369.753;2439.252;-0.145;349.627;2053.920;648.958;1432.626;2874.686;1440.135;3424.348;2763.750;2047.089;276.012;1787.908;2878.891;3599.257;262.600;303.121;2559.022;2991.781;231.566;2868.749;2828.904;2538.393;1053.735;1452.137;1281.452;3034.296;616.063;1135.731;3599.386;3288.740;3594.751;3236.105;150.029;1.060;1700.057;3024.424;3143.192;2108.582;3600.081;557.894;406.785;902.839;920.082;946.722;242.881;1312.852;0.840;1820.150;3306.690;1808.275;2258.548;2296.532;3601.317;2432.865;2965.084;809.506;3563.141;570.822;998.987;2411.054;931.633;3600.880;3228.977;531.922
301,546.6708838939667,300,-562.7677761156383,562.7677761156383,0.05804903391683141,3596.273;2072.843;3541.728;3093.898;2747.771;581.495;3600.334;0.256;518.763;1344.083;2856.870;485.339;3287.083;3599.298;371.993;2159.248;1.149;1275.621;0.276;3600.739;1308.145;3601.030;2961.954;3343.281;582.386;27.584;2288.837;-1.444;3136.115;1049.891;2590.523;3598.915;2001.440;35.673;208.432;2262.651;1569.654;2514.525;1212.525;2411.460;809.079;2237.677;2780.765;661.097;945.789;1831.919;3080.669;664.758;1712.091;2475.360;3599.255;923.931;2457.781;288.299;1501.779;3.822;3597.569;1730.093;3579.770;1372.410;3562.268;867.386;832.665;2200.210;3031.670;3592.962;2122.910;-1.669;1981.175;1007.264;2664.453;3593.269;1649.777;2492.214;5.359;1887.748;361.158;2293.208;1235.503;2938.218;1.024;4.161;2637.650;1892.309;2053.476;3571.914;1778.164;2972.118;1850.254;3258.471;2817.294;262.877;974.666;3017.642;733.737;435.105;1678.837;1550.753;2681.793;1405.498,846.989;1364.070;1523.710;3257.213;3601.151;2004.399;-0.902;2248.085;2200.424;2947.234;1225.704;3.475;2023.388;593.044;2590.238;3077.579;1516.452;3599.454;685.895;3593.792;1714.995;2580.031;2729.643;3598.336;3599.237;-0.486;1.951;1818.021;-0.008;2483.542;1882.669;2160.595;1536.114;1074.889;3367.235;2441.822;-0.042;347.080;2056.413;646.579;1435.196;2874.782;1442.250;3423.983;2765.242;2045.421;278.599;1786.950;2881.426;3596.887;260.158;301.239;2556.533;2989.420;229.491;2867.735;2827.316;2535.749;1052.617;1449.625;1281.923;3031.706;613.419;1136.674;3601.884;3286.483;3597.332;3238.575;152.092;0.138;1702.209;3026.564;3140.590;2106.805;3601.769;555.620;404.467;900.465;922.703;944.213;243.520;1313.631;1.783;1820.505;3305.020;1809.894;2256.297;2299.173;3599.000;2430.470;2967.634;808.211;3565.468;573.415;996.573;2411.318;933.704;3601.171;3231.440;534.296
302,548.5643570423126,301,-562.7933846372384,562.7933846372384,0.08188423993770189,3598.856;2075.370;3543.622;3096.436;2749.921;582.492;3598.133;-0.673;516.465;1343.225;2858.641;487.169;3284.745;3598.536;369.590;2156.691;-1.408;1273.172;0.652;3603.168;1306.976;3598.497;2960.062;3343.548;580.034;25.420;2286.315;1.102;3138.659;1052.417;2588.229;3600.953;1998.985;38.152;206.123;2265.044;1572.218;2517.021;1210.007;2409.003;808.238;2240.174;2778.643;661.551;948.036;1829.998;3079.928;667.308;1714.645;2474.288;3601.775;921.676;2458.977;286.066;1499.186;1.255;3600.126;1727.695;3577.235;1374.977;3559.893;864.809;830.844;2197.654;3030.156;3594.636;2124.755;0.752;1983.691;1009.875;2666.700;3591.045;1647.208;2490.014;6.848;1885.379;362.723;2295.741;1237.583;2940.024;-1.324;2.546;2640.266;1894.698;2053.142;3574.347;1775.571;2970.957;1852.409;3260.662;2815.851;260.273;977.218;3017.544;731.344;437.169;1679.493;1548.315;2679.273;1403.323,849.579;1362.148;1523.337;3259.054;3599.047;2001.860;1.523;2250.501;2198.370;2949.531;1228.300;1.354;2021.145;595.576;2589.880;3075.094;1518.800;3598.099;688.452;3596.409;1712.469;2577.712;2728.396;3597.456;3600.494;-3.062;-0.581;1818.294;-2.360;2483.593;1885.177;2158.277;1537.975;1077.387;3364.692;2443.063;2.118;349.400;2054.869;645.043;1432.804;2877.234;1439.742;3426.432;2766.220;2047.844;276.242;1789.478;2879.204;3595.362;262.479;303.261;2557.590;2986.820;231.351;2870.055;2829.278;2533.214;1050.054;1452.008;1284.430;3032.570;611.474;1134.290;3599.386;3288.922;3599.198;3241.093;154.598;2.433;1701.366;3025.563;3142.679;2108.639;3599.384;558.102;404.622;899.681;920.268;946.115;246.068;1313.394;3.101;1821.660;3303.494;1807.896;2254.383;2300.652;3600.182;2432.431;2967.612;808.306;3563.112;571.044;994.065;2410.330;936.278;3598.647;3229.130;531.839
303,550.4870271682739,302,-562.7575007869282,562.7575007869282,0.07582632026767867,3600.797;2077.620;3546.178;3098.320;2747.465;585.004;3596.293;1.694;514.949;1340.705;2856.252;485.741;3282.269;3600.062;367.137;2155.994;-0.024;1271.610;2.266;3600.813;1304.446;3596.765;2962.409;3345.955;580.551;22.858;2288.109;1.749;3141.142;1053.771;2586.082;3598.798;1997.366;40.382;203.620;2262.878;1574.718;2514.801;1207.873;2406.927;805.816;2242.663;2778.600;663.814;950.376;1832.374;3080.905;669.624;1717.170;2476.645;3599.353;923.482;2461.486;287.379;1497.142;-1.317;3602.663;1725.126;3575.719;1376.888;3557.574;863.068;828.317;2195.184;3027.802;3593.150;2122.491;-1.329;1985.372;1012.419;2668.883;3588.796;1647.061;2487.480;9.385;1883.244;365.264;2297.583;1240.140;2942.533;1.030;0.104;2642.057;1897.114;2051.760;3576.426;1773.293;2968.429;1854.663;3261.810;2813.995;257.691;976.289;3015.177;729.173;439.464;1677.112;1545.856;2681.663;1400.890,852.068;1362.450;1521.709;3261.412;3601.134;2001.230;3.623;2249.630;2199.159;2952.102;1226.651;3.133;2018.601;595.808;2592.335;3073.702;1520.388;3595.569;687.170;3598.876;1714.314;2575.361;2726.946;3599.707;3599.847;-0.940;-2.681;1815.974;0.154;2481.361;1883.205;2159.166;1540.356;1079.939;3362.134;2445.599;3.571;350.673;2052.385;642.499;1431.174;2879.744;1437.738;3424.255;2765.059;2049.551;273.708;1791.938;2876.637;3592.871;265.045;300.958;2555.169;2986.802;233.886;2869.840;2827.331;2534.888;1047.730;1454.440;1283.000;3035.093;613.353;1132.904;3600.014;3289.050;3601.644;3243.636;152.321;1.913;1698.944;3023.429;3141.162;2106.913;3598.567;560.341;407.136;902.168;917.802;948.177;247.335;1315.358;5.627;1819.298;3303.543;1810.327;2252.033;2298.692;3602.255;2430.138;2965.172;805.806;3562.367;569.250;995.514;2412.716;938.182;3596.776;3227.181;529.838
304,552.2075517177582,303,-562.7474480772387,562.7474480772387,0.07031360475790951,3599.379;2075.422;3546.246;3100.714;2745.383;584.700;3595.325;-0.112;513.092;1342.694;2856.630;488.048;3283.827;3600.042;364.829;2153.547;-1.642;1269.102;-0.182;3599.789;1306.245;3597.344;2964.586;3346.956;582.120;25.018;2290.490;0.471;3143.640;1051.421;2583.669;3600.623;1999.818;42.921;205.974;2261.185;1572.942;2512.282;1205.401;2404.541;803.269;2240.395;2776.785;661.416;948.472;1830.922;3082.960;668.095;1716.019;2478.323;3600.309;921.485;2464.021;289.886;1499.389;-0.003;3600.293;1723.288;3577.857;1374.660;3555.157;865.325;830.199;2194.329;3025.299;3595.016;2119.972;-0.071;1983.750;1011.067;2667.741;3591.012;1644.581;2489.867;11.778;1885.189;363.716;2300.093;1242.342;2940.129;-1.181;1.420;2639.961;1899.140;2054.232;3574.057;1775.634;2966.417;1855.524;3263.700;2811.478;259.037;978.042;3012.637;730.833;441.958;1675.754;1544.003;2684.082;1401.712,851.515;1360.003;1519.227;3262.612;3599.207;2000.122;5.861;2251.768;2201.602;2951.153;1225.701;4.750;2020.813;598.238;2592.198;3071.442;1518.000;3593.165;689.591;3601.072;1714.181;2572.824;2729.034;3602.198;3602.251;-2.103;-0.475;1813.436;-0.053;2478.823;1880.680;2156.697;1542.840;1081.932;3360.263;2443.565;2.744;352.794;2050.076;644.701;1429.138;2879.342;1435.294;3426.319;2767.481;2052.069;271.241;1794.194;2874.249;3590.560;267.521;300.225;2556.677;2984.374;236.437;2872.319;2829.721;2534.398;1045.916;1454.761;1282.641;3036.885;615.297;1130.471;3602.056;3291.022;3599.375;3244.786;149.780;-0.570;1701.260;3024.112;3143.470;2109.336;3598.378;562.499;409.060;900.485;915.595;946.958;249.700;1317.872;3.622;1821.598;3306.029;1808.111;2254.424;2300.959;3599.864;2431.954;2962.629;803.277;3560.056;566.918;997.710;2414.864;939.397;3598.140;3224.745;527.701
305,554.0811057090759,304,-562.7579986164681,562.7579986164681,0.06105644580263866,3599.018;2073.208;3545.367;3102.901;2744.332;583.177;3597.004;-1.544;515.426;1344.697;2854.203;488.694;3281.929;3602.163;367.221;2153.502;0.713;1267.156;-1.272;3602.000;1305.873;3599.521;2964.446;3348.389;584.572;25.236;2293.000;-1.123;3145.542;1050.382;2582.862;3601.101;2002.140;43.921;203.869;2262.742;1571.764;2509.871;1203.110;2402.165;800.829;2237.989;2779.043;659.196;947.590;1828.583;3080.726;665.628;1717.721;2480.760;3598.709;923.045;2465.964;290.045;1497.802;0.513;3599.522;1722.564;3578.927;1374.913;3555.162;865.038;828.965;2196.632;3027.135;3592.673;2120.712;1.626;1981.686;1011.257;2665.503;3591.539;1642.961;2492.129;13.860;1883.210;362.831;2298.917;1244.181;2939.226;0.427;3.690;2641.092;1900.023;2056.372;3575.784;1777.675;2965.048;1853.157;3261.399;2809.159;257.979;977.743;3014.133;733.039;439.837;1676.725;1541.749;2686.234;1400.906,852.783;1357.656;1516.709;3260.271;3600.782;2002.395;5.952;2254.177;2201.578;2949.448;1223.232;2.979;2020.429;598.995;2594.474;3073.287;1518.102;3591.378;689.099;3599.946;1715.005;2574.619;2727.296;3600.057;3600.147;0.191;0.325;1812.774;-1.561;2477.238;1881.736;2157.989;1545.350;1083.674;3359.365;2441.482;0.358;351.108;2051.768;642.606;1426.953;2876.893;1436.677;3427.627;2767.770;2052.727;272.130;1792.173;2875.779;3588.428;268.283;302.187;2559.052;2982.820;235.453;2873.930;2831.629;2532.055;1047.478;1456.737;1285.068;3034.788;614.691;1127.968;3599.651;3288.722;3599.627;3242.611;149.009;0.733;1699.307;3022.357;3145.486;2111.729;3600.666;561.045;407.689;898.039;916.200;949.308;248.419;1318.165;2.937;1819.699;3308.516;1809.640;2255.862;2299.077;3600.394;2429.634;2961.488;803.319;3561.262;567.500;995.782;2412.468;941.787;3595.807;3225.813;527.581
306,555.9823684692383,305,-562.7664918640894,562.7664918640894,0.07805546051852454,3599.249;2070.819;3543.040;3103.672;2744.195;580.729;3599.455;0.620;517.909;1346.358;2855.962;486.278;3284.278;3599.761;368.825;2151.139;1.690;1269.222;1.098;3599.701;1303.589;3601.980;2966.771;3350.838;587.061;27.569;2292.716;1.157;3143.289;1047.942;2585.119;3598.757;1999.940;44.636;205.364;2265.146;1569.320;2511.375;1200.898;2404.448;798.341;2238.575;2781.432;656.759;945.174;1826.112;3082.094;667.852;1715.323;2478.365;3597.694;921.660;2464.144;291.225;1499.935;-0.554;3599.851;1724.963;3580.800;1372.505;3556.757;867.447;831.343;2199.112;3029.475;3590.501;2123.117;-0.693;1979.219;1008.846;2663.025;3593.663;1645.078;2494.034;11.812;1885.515;364.963;2301.070;1246.632;2936.791;-0.636;6.074;2638.712;1898.467;2057.447;3575.257;1780.145;2967.434;1852.366;3258.940;2806.740;257.299;975.318;3016.541;734.531;441.608;1674.311;1542.794;2687.223;1403.309,850.935;1359.770;1518.909;3259.106;3599.437;2000.025;7.460;2255.510;2199.208;2947.614;1225.216;0.526;2020.695;599.249;2596.535;3071.391;1520.263;3592.872;686.912;3598.898;1712.670;2577.028;2726.120;3601.973;3602.320;-0.689;-1.753;1814.717;0.422;2478.073;1884.129;2160.381;1543.111;1086.134;3361.563;2439.014;-2.125;353.376;2051.379;643.241;1424.487;2878.507;1438.968;3425.308;2766.176;2051.280;271.504;1794.042;2873.495;3590.610;270.420;300.939;2561.538;2985.048;237.401;2873.548;2830.350;2529.878;1049.812;1454.455;1284.071;3036.903;617.106;1125.818;3600.199;3286.536;3598.149;3240.134;147.116;-1.661;1696.881;3024.434;3147.893;2111.722;3598.592;558.736;409.980;896.450;917.610;947.082;245.978;1316.520;0.508;1821.724;3309.441;1807.526;2258.305;2296.612;3602.349;2431.415;2961.041;804.471;3563.402;569.455;998.113;2413.452;941.689;3597.178;3223.654;529.956
307,557.6987752914429,306,-562.7396536754596,562.7396536754596,0.0688898149521471,3601.628;2073.022;3545.303;3106.076;2746.551;582.593;3597.812;2.812;518.292;1344.039;2855.546;487.997;3282.620;3599.715;366.630;2152.329;-0.494;1270.585;2.873;3601.505;1301.137;3599.668;2969.218;3350.550;584.805;25.447;2295.020;3.329;3145.289;1049.665;2582.824;3599.192;1997.742;42.295;203.139;2262.840;1570.885;2509.080;1198.450;2406.754;798.614;2240.892;2779.173;659.056;947.300;1823.657;3079.749;669.484;1716.244;2476.169;3599.905;919.398;2466.373;288.847;1498.002;-2.955;3602.232;1722.965;3582.860;1373.253;3559.061;865.940;831.643;2198.588;3027.267;3592.395;2124.143;0.662;1979.800;1010.580;2665.315;3591.340;1646.650;2492.007;13.938;1883.843;367.404;2302.650;1248.707;2935.911;0.802;3.969;2639.998;1900.776;2059.650;3572.910;1782.606;2965.820;1850.066;3261.019;2804.504;254.895;973.412;3014.865;732.161;443.840;1674.004;1540.418;2689.581;1401.381,848.509;1359.306;1518.056;3261.104;3601.023;1999.399;5.168;2254.349;2197.826;2945.182;1226.896;1.967;2022.771;596.894;2594.309;3068.955;1522.401;3595.294;688.930;3596.500;1714.320;2576.117;2728.444;3599.927;3600.306;1.485;0.509;1816.618;0.785;2475.785;1882.754;2158.437;1541.780;1087.973;3360.268;2438.354;0.139;355.053;2049.155;640.906;1424.428;2878.109;1441.389;3426.695;2768.347;2053.428;273.777;1792.405;2875.567;3593.052;272.628;298.550;2560.281;2984.970;237.928;2875.875;2832.540;2528.773;1052.264;1452.485;1285.708;3036.057;617.154;1127.248;3598.208;3285.666;3600.404;3239.767;146.938;0.240;1698.985;3022.065;3149.220;2110.041;3600.272;556.289;407.728;894.636;919.709;944.851;244.582;1318.044;-1.928;1824.099;3310.761;1805.270;2258.592;2298.316;3600.018;2432.980;2958.685;802.204;3565.846;571.662;1000.099;2415.365;939.377;3595.128;3225.601;530.959
308,559.5616788864136,307,-562.7564620261971,562.7564620261971,0.08362020403688417,3599.328;2071.505;3547.668;3103.933;2747.926;584.996;3600.036;4.191;519.676;1341.618;2857.763;485.964;3282.128;3602.060;364.921;2154.700;-2.863;1272.796;5.273;3599.470;1298.740;3601.558;2971.318;3352.872;583.723;23.141;2296.640;1.003;3143.574;1047.673;2580.708;3596.860;1997.318;39.870;200.765;2261.082;1569.120;2506.911;1199.903;2409.033;800.926;2243.053;2779.770;661.105;949.651;1824.633;3080.899;667.164;1714.172;2473.936;3598.581;921.723;2465.024;286.422;1495.988;-0.617;3600.194;1723.267;3580.694;1371.161;3561.466;866.721;829.479;2200.422;3028.669;3590.317;2126.521;1.452;1977.528;1008.737;2667.341;3591.144;1649.045;2490.919;12.116;1885.826;369.567;2304.093;1249.461;2934.905;3.112;6.278;2637.924;1900.864;2057.494;3574.915;1782.955;2967.998;1847.667;3259.146;2806.724;254.761;973.529;3014.006;733.120;445.031;1672.066;1540.599;2691.947;1402.877,850.183;1358.201;1519.728;3259.573;3603.402;2001.273;5.973;2251.966;2195.441;2947.449;1224.839;4.326;2020.452;594.633;2593.771;3067.706;1524.742;3593.157;686.757;3598.195;1716.716;2577.847;2730.869;3600.097;3598.570;1.188;1.927;1819.013;2.941;2473.860;1880.390;2159.807;1540.774;1086.750;3362.538;2439.509;-0.425;352.812;2050.362;638.860;1423.089;2880.186;1443.670;3424.451;2766.018;2054.655;271.607;1790.009;2873.955;3592.610;275.041;296.148;2560.936;2986.890;240.298;2874.362;2830.234;2531.094;1054.351;1454.063;1283.477;3038.375;619.480;1129.638;3595.958;3287.989;3601.023;3241.771;144.569;-0.690;1701.149;3024.120;3146.911;2107.722;3602.597;558.510;405.912;896.938;917.428;942.490;242.194;1320.421;0.243;1821.958;3313.149;1803.108;2260.618;2299.811;3600.023;2431.211;2956.266;804.367;3568.277;569.614;1002.508;2417.772;937.101;3597.068;3226.018;533.273
309,561.4451398849487,308,-562.7909753887318,562.7909753887318,0.06265736003153098,3599.847;2071.246;3546.029;3101.729;2750.002;584.437;3599.178;5.452;520.345;1340.370;2857.153;485.760;3284.035;3600.568;367.081;2157.078;-0.688;1275.172;4.013;3601.202;1297.931;3600.509;2971.845;3355.242;585.626;21.733;2296.143;-0.098;3143.464;1048.629;2582.180;3598.461;1996.228;41.828;199.095;2258.798;1569.838;2507.113;1201.947;2407.049;800.349;2245.285;2781.506;659.441;951.958;1826.928;3078.946;666.275;1714.963;2471.914;3600.638;921.405;2467.270;284.285;1498.036;0.852;3600.893;1720.952;3578.673;1369.374;3561.623;867.828;827.596;2199.171;3026.876;3588.161;2124.406;-0.832;1975.273;1007.006;2666.604;3588.981;1647.761;2491.155;14.202;1887.188;371.517;2302.185;1249.841;2934.183;0.890;5.546;2637.769;1902.981;2059.395;3572.887;1781.272;2970.221;1849.807;3257.795;2808.917;256.313;975.590;3014.065;734.905;442.753;1669.688;1538.906;2690.740;1404.915,851.875;1355.965;1522.090;3257.493;3601.126;2003.438;3.889;2250.855;2193.277;2949.070;1222.538;6.458;2018.208;596.292;2594.758;3066.662;1522.652;3594.617;685.432;3600.027;1716.625;2580.163;2732.422;3602.100;3599.779;0.772;3.279;1821.278;1.511;2471.481;1881.979;2160.816;1542.974;1088.937;3360.427;2441.853;-1.031;353.802;2050.238;640.387;1425.351;2878.279;1441.638;3426.274;2764.413;2052.638;270.391;1789.992;2872.775;3590.275;273.835;294.770;2558.705;2986.043;239.287;2872.161;2830.950;2532.844;1056.678;1456.247;1284.972;3040.652;619.786;1130.640;3595.820;3290.322;3602.090;3244.101;142.281;0.700;1699.260;3026.186;3145.001;2105.368;3600.393;560.182;407.740;895.569;915.185;943.943;240.348;1318.180;0.657;1820.355;3312.782;1802.783;2259.797;2298.867;3602.039;2428.840;2956.832;802.392;3566.638;567.237;1004.502;2416.306;939.329;3596.093;3223.737;531.192
310,563.1485252380371,309,-562.785708867012,562.785708867012,0.0654885224989756,3600.996;2070.741;3547.494;3099.442;2752.333;586.058;3597.022;3.205;522.659;1339.151;2855.046;487.982;3281.798;3599.526;369.441;2155.550;0.648;1273.913;1.951;3600.776;1296.284;3599.009;2974.155;3353.202;587.834;19.419;2298.384;1.113;3145.102;1050.944;2583.265;3600.298;1998.497;39.962;198.264;2257.002;1572.137;2509.424;1199.819;2404.696;799.957;2246.464;2779.273;661.059;951.363;1825.670;3080.775;664.856;1712.995;2473.861;3598.599;922.197;2469.525;281.941;1495.924;-0.831;3603.086;1719.084;3576.375;1371.587;3563.649;865.572;828.433;2200.833;3024.813;3590.355;2124.974;1.336;1976.251;1008.982;2668.612;3586.625;1647.070;2493.219;12.371;1884.924;373.868;2299.847;1252.125;2936.400;0.768;3.732;2640.036;1900.863;2061.594;3574.920;1783.293;2971.231;1848.768;3255.566;2806.832;254.523;977.946;3016.355;732.985;440.393;1670.812;1540.417;2688.845;1402.714,854.216;1353.603;1520.555;3255.159;3601.714;2005.797;1.556;2248.637;2195.443;2948.434;1224.108;4.409;2015.983;594.046;2597.075;3064.349;1522.769;3596.911;683.108;3597.802;1716.557;2579.377;2734.759;3599.848;3602.053;3.028;5.609;1822.813;-0.821;2472.732;1881.124;2162.995;1545.329;1087.553;3360.320;2442.687;1.123;356.123;2047.930;638.214;1427.575;2875.930;1439.690;3426.186;2765.741;2050.428;272.582;1788.070;2873.652;3592.176;271.509;296.414;2560.607;2983.958;236.988;2869.802;2833.217;2530.977;1054.771;1454.046;1282.784;3039.359;620.779;1132.873;3597.974;3288.814;3599.783;3246.406;142.683;-0.162;1700.138;3024.025;3146.073;2105.938;3599.864;557.920;410.021;897.120;917.321;942.354;242.284;1316.980;-1.379;1822.442;3313.833;1805.013;2258.427;2296.657;3599.919;2426.470;2954.854;802.168;3568.312;569.468;1004.943;2414.016;937.306;3598.384;3225.785;532.596
311,564.9920134544373,310,-562.8271399463206,562.8271399463206,0.08458184087212901,3603.143;2073.014;3545.531;3101.444;2752.996;585.237;3594.699;0.871;524.993;1337.184;2856.810;486.550;3282.777;3601.613;370.531;2157.765;-0.006;1273.783;2.533;3602.245;1293.998;3599.692;2972.894;3354.542;590.039;20.646;2296.331;2.424;3143.160;1051.230;2585.559;3598.506;1996.611;41.622;195.974;2259.224;1571.659;2510.043;1197.672;2405.659;800.182;2244.295;2779.640;659.712;953.492;1826.520;3081.935;664.931;1710.688;2474.726;3600.728;924.260;2467.445;279.862;1494.379;1.080;3601.289;1719.738;3574.186;1370.854;3561.882;863.906;826.271;2198.633;3026.778;3588.592;2126.950;1.437;1978.297;1008.798;2666.526;3584.799;1648.748;2491.122;11.978;1884.251;376.081;2297.724;1254.458;2934.520;-1.161;1.428;2639.485;1899.185;2059.548;3576.878;1783.756;2973.492;1850.793;3253.253;2808.129;252.217;976.098;3018.646;730.761;441.258;1669.175;1542.512;2687.327;1402.163,856.556;1355.752;1522.692;3253.274;3599.559;2004.276;-0.514;2246.304;2196.910;2950.631;1226.380;3.667;2013.651;592.133;2597.573;3066.366;1520.535;3595.406;680.783;3599.702;1718.839;2577.709;2736.348;3601.166;3599.981;4.265;4.343;1825.112;1.164;2475.019;1883.367;2165.327;1543.307;1089.556;3360.788;2444.927;-0.940;355.721;2049.701;635.913;1428.789;2876.239;1441.877;3423.957;2764.202;2048.099;274.880;1785.820;2871.723;3592.049;270.490;294.250;2562.873;2986.206;239.035;2867.471;2831.709;2528.724;1052.453;1454.267;1284.660;3038.685;618.665;1130.722;3596.108;3286.897;3598.957;3244.564;144.903;-2.424;1697.909;3024.603;3143.845;2103.687;3602.096;559.001;411.120;895.258;919.282;940.204;240.531;1315.650;0.575;1820.304;3311.573;1807.342;2256.131;2294.324;3601.516;2427.211;2956.851;804.308;3570.523;571.097;1006.977;2413.633;937.116;3599.884;3228.095;534.329
312,566.8616681098938,311,-562.7694350439602,562.7694350439602,0.07553814780841005,3601.071;2074.582;3543.241;3102.470;2755.078;586.022;3593.833;2.210;525.573;1335.366;2854.735;484.757;3285.000;3599.549;368.670;2156.392;2.177;1271.530;0.478;3600.305;1292.016;3600.879;2974.731;3352.875;587.912;22.837;2294.069;0.236;3145.168;1049.102;2586.531;3596.537;1994.485;43.752;196.724;2257.987;1569.622;2510.870;1197.976;2405.361;802.403;2246.276;2778.767;661.883;955.776;1828.544;3084.200;663.407;1710.737;2472.527;3602.139;922.400;2468.848;277.767;1496.285;1.233;3599.114;1717.853;3572.315;1369.377;3560.542;863.586;828.163;2199.854;3024.853;3589.040;2128.342;-0.543;1976.522;1006.892;2668.083;3583.377;1646.644;2492.991;10.413;1883.445;374.454;2298.369;1256.760;2932.245;-3.421;-0.878;2637.720;1901.150;2060.043;3579.164;1785.939;2975.464;1852.696;3252.671;2807.121;252.877;976.183;3016.567;728.513;443.465;1666.961;1540.407;2685.051;1400.455,855.132;1357.565;1520.878;3255.256;3601.060;2006.148;1.358;2244.258;2199.149;2952.451;1224.321;5.495;2013.960;591.174;2595.652;3064.316;1518.248;3593.153;679.656;3601.947;1719.996;2575.443;2735.616;3599.736;3597.933;2.044;2.097;1823.003;-0.702;2473.039;1881.929;2163.388;1541.540;1091.421;3359.304;2444.099;0.615;354.125;2047.565;633.704;1427.609;2878.450;1442.103;3424.476;2766.092;2050.154;272.907;1787.236;2869.437;3590.246;272.680;291.985;2561.562;2988.307;241.313;2866.168;2830.206;2530.893;1054.121;1456.468;1282.547;3040.915;620.861;1131.792;3597.651;3285.404;3600.374;3246.457;143.020;-0.223;1696.846;3022.744;3144.954;2101.539;3600.071;559.601;413.381;897.447;917.197;937.968;241.406;1317.857;2.709;1821.157;3313.095;1807.349;2258.219;2293.043;3599.636;2426.251;2954.738;803.612;3572.692;570.100;1009.276;2415.864;935.317;3601.964;3229.188;532.538
313,568.7586362361908,312,-562.7700243964325,562.7700243964325,0.06141643418796467,3599.002;2075.779;3543.801;3104.001;2754.677;588.238;3595.530;1.466;523.515;1333.111;2854.317;486.718;3284.960;3600.458;366.458;2154.797;0.478;1269.394;2.460;3602.295;1290.116;3598.665;2976.729;3350.706;585.785;22.361;2295.583;-1.460;3147.437;1049.587;2586.832;3594.384;1994.074;43.905;197.172;2258.869;1571.085;2509.236;1195.852;2403.263;802.217;2248.162;2776.610;663.734;957.357;1830.101;3083.155;665.217;1712.865;2472.856;3599.959;920.137;2467.422;275.583;1494.831;2.155;3600.457;1715.908;3574.158;1369.819;3558.384;861.651;826.158;2200.915;3022.607;3590.592;2129.102;0.930;1978.042;1009.034;2669.662;3585.138;1645.022;2491.417;10.928;1884.347;372.293;2300.478;1257.729;2931.037;-1.251;0.573;2638.699;1903.407;2059.431;3577.318;1786.593;2977.732;1853.278;3254.844;2807.764;252.673;974.121;3014.771;726.405;444.108;1668.713;1538.135;2687.068;1398.200,856.822;1359.331;1518.702;3257.461;3599.226;2004.450;2.897;2242.411;2201.255;2951.444;1224.567;7.720;2014.408;593.140;2593.706;3066.079;1518.430;3591.438;678.293;3602.112;1721.663;2577.540;2733.459;3597.848;3596.378;0.626;1.831;1822.624;1.200;2471.699;1880.117;2161.155;1539.605;1089.313;3357.055;2441.868;2.629;351.889;2046.726;631.441;1429.778;2880.122;1444.301;3424.791;2763.967;2052.287;271.523;1785.123;2867.551;3588.023;274.680;289.749;2563.661;2987.042;243.486;2867.193;2830.282;2531.781;1052.952;1456.148;1281.372;3042.201;622.309;1130.092;3599.495;3287.572;3602.266;3248.715;140.766;0.300;1698.535;3023.560;3146.916;2099.267;3600.279;561.418;412.824;898.907;915.162;935.689;239.352;1317.462;1.460;1820.811;3315.066;1805.154;2260.041;2294.928;3599.664;2428.445;2952.664;805.777;3574.412;569.953;1011.527;2415.276;937.259;3599.782;3227.548;530.832
314,570.472277879715,313,-562.7399174079351,562.7399174079351,0.05013865850557006,3600.867;2077.977;3541.835;3106.213;2756.424;587.182;3596.841;-0.665;521.272;1330.994;2856.502;488.795;3282.989;3600.572;367.642;2156.247;-1.735;1271.375;3.973;3600.282;1287.881;3599.737;2978.716;3348.565;583.635;22.713;2294.897;0.653;3149.672;1051.758;2584.775;3595.529;1991.942;46.072;194.991;2256.989;1573.269;2507.033;1193.764;2401.568;800.032;2246.086;2774.392;665.946;955.246;1832.325;3082.931;667.447;1714.400;2470.681;3600.111;919.550;2469.273;274.382;1492.616;0.045;3601.975;1713.904;3576.392;1371.984;3556.136;863.652;826.539;2203.103;3020.450;3588.543;2131.306;-0.421;1980.265;1011.256;2671.881;3586.865;1642.869;2493.389;12.846;1882.220;370.334;2301.267;1259.736;2928.991;-0.357;2.224;2639.197;1901.462;2061.433;3578.617;1788.683;2976.767;1851.119;3255.654;2805.597;250.540;971.926;3012.705;724.159;446.288;1666.622;1535.931;2689.063;1397.496,855.581;1361.367;1516.768;3255.548;3600.853;2006.159;0.931;2241.375;2203.495;2950.034;1226.471;5.660;2012.308;591.260;2591.891;3064.794;1516.326;3589.415;676.115;3599.985;1722.596;2579.750;2735.515;3599.811;3595.849;0.814;-0.338;1820.451;0.187;2469.558;1880.803;2162.067;1537.796;1090.339;3358.827;2441.740;0.513;350.396;2047.651;629.229;1431.988;2878.299;1442.172;3422.656;2765.627;2054.381;273.227;1783.738;2869.426;3589.998;275.241;290.181;2565.197;2989.156;243.864;2865.107;2828.100;2529.697;1055.039;1454.031;1279.441;3041.642;620.417;1132.222;3597.394;3285.613;3600.112;3247.164;142.606;0.943;1700.757;3023.638;3147.489;2097.327;3601.494;563.260;410.750;901.043;917.019;933.545;240.859;1316.628;-0.668;1818.864;3315.937;1806.462;2258.286;2293.000;3598.487;2429.434;2951.950;807.907;3576.641;572.143;1010.069;2417.317;935.208;3600.580;3229.693;532.952
315,572.3296475410461,314,-562.7225389543642,562.7225389543642,0.08380718532152433,3601.478;2077.114;3541.758;3106.906;2754.426;589.245;3595.682;1.405;520.291;1328.815;2854.924;488.004;3280.950;3598.912;369.775;2158.434;-0.018;1269.565;1.911;3601.914;1288.515;3601.575;2980.928;3346.515;585.287;20.566;2293.210;0.601;3151.737;1050.218;2586.595;3597.710;1993.753;46.007;195.643;2254.825;1571.664;2504.901;1195.469;2403.006;797.823;2244.220;2774.134;664.300;953.795;1834.504;3080.787;668.142;1715.585;2471.192;3600.935;920.325;2471.381;276.477;1494.451;-2.173;3600.560;1711.690;3577.952;1370.343;3555.609;861.683;826.366;2204.437;3020.657;3590.398;2130.454;-2.571;1981.877;1010.281;2671.689;3584.755;1644.930;2495.574;10.747;1880.001;372.263;2299.116;1261.950;2930.962;-1.254;0.323;2637.049;1901.446;2063.647;3577.180;1788.049;2974.634;1848.899;3257.816;2803.424;251.548;973.514;3014.582;723.640;445.025;1668.256;1534.522;2687.808;1395.602,857.592;1363.525;1514.563;3256.986;3599.062;2006.246;2.260;2239.194;2205.720;2947.894;1225.016;3.814;2014.339;593.096;2594.002;3062.659;1514.627;3591.021;677.977;3600.294;1724.773;2577.718;2734.831;3601.929;3597.821;-1.293;-2.268;1818.300;-1.433;2468.286;1878.675;2159.967;1535.601;1091.974;3357.648;2443.752;1.194;348.243;2045.520;627.006;1432.301;2878.892;1441.978;3420.527;2767.804;2056.445;271.440;1782.244;2868.230;3592.198;277.397;288.238;2564.130;2987.571;245.987;2866.855;2828.965;2529.372;1054.357;1454.336;1277.230;3043.750;620.692;1134.055;3595.176;3283.577;3599.409;3249.012;142.104;2.851;1702.533;3021.471;3149.620;2095.974;3599.381;563.641;409.615;903.260;915.530;931.335;243.051;1318.754;0.177;1820.910;3314.221;1805.151;2260.260;2294.917;3600.609;2431.408;2949.782;809.056;3578.796;571.127;1008.516;2416.343;933.363;3598.729;3231.829;532.821
316,574.2132875919342,315,-562.7202713700267,562.7202713700267,0.03886395444931952,3599.464;2076.566;3539.802;3105.217;2756.485;590.289;3596.285;0.758;522.082;1330.745;2852.970;485.879;3278.768;3600.119;371.954;2160.307;0.884;1267.679;-0.278;3600.060;1286.904;3599.614;2982.558;3347.218;587.313;22.121;2291.644;-1.176;3153.036;1048.113;2588.727;3599.905;1995.022;47.799;193.752;2255.839;1569.542;2506.796;1193.846;2401.183;798.498;2242.779;2774.716;662.299;955.673;1835.531;3081.723;668.573;1713.499;2469.911;3598.905;922.452;2473.551;274.605;1493.446;-0.233;3598.429;1709.588;3580.032;1368.420;3557.294;860.549;824.278;2206.597;3022.576;3589.229;2128.338;-0.484;1980.477;1009.704;2672.028;3584.345;1643.103;2497.641;12.667;1879.864;374.384;2297.044;1263.839;2933.032;-0.165;-1.771;2635.203;1899.595;2065.679;3579.207;1785.974;2976.406;1849.943;3255.912;2805.240;251.035;975.679;3016.742;725.574;443.079;1666.515;1532.499;2686.696;1394.496,859.754;1365.526;1513.389;3255.139;3600.463;2004.206;0.417;2238.642;2204.686;2947.057;1226.950;5.573;2013.121;592.061;2595.863;3064.182;1512.652;3592.186;676.119;3599.460;1726.617;2576.314;2732.685;3599.962;3596.938;0.723;-0.219;1818.362;0.676;2470.335;1878.072;2159.293;1534.652;1093.589;3355.519;2443.656;3.281;346.049;2047.160;626.475;1434.441;2876.821;1443.715;3418.874;2766.396;2055.234;272.889;1780.085;2866.480;3593.964;275.870;286.116;2566.197;2985.506;247.120;2868.569;2831.059;2527.374;1055.214;1452.325;1277.957;3045.341;622.117;1132.149;3596.837;3281.541;3601.389;3250.934;140.095;0.888;1701.427;3021.037;3151.665;2095.349;3600.709;561.514;411.655;903.814;915.886;929.315;242.730;1318.459;0.178;1819.302;3312.046;1807.216;2261.496;2295.933;3598.858;2429.417;2951.627;809.214;3580.805;571.932;1009.771;2414.209;934.380;3599.648;3233.176;534.925
317,576.12278175354,316,-562.7954405247544,562.7954405247544,0.06368954380083366,3601.107;2078.571;3537.645;3104.798;2756.529;592.393;3598.402;1.514;524.233;1329.283;2852.091;487.750;3279.962;3602.250;370.461;2162.394;-1.114;1269.080;1.251;3599.639;1286.237;3601.250;2984.538;3349.323;585.341;20.143;2289.502;-0.165;3155.047;1046.208;2587.619;3600.888;1993.212;49.938;192.204;2257.287;1570.965;2507.911;1191.950;2402.868;798.364;2243.272;2773.102;664.194;957.692;1833.771;3080.463;670.653;1711.362;2469.040;3597.096;924.616;2472.611;273.352;1491.342;0.340;3600.449;1709.240;3578.005;1366.286;3559.434;858.424;822.127;2206.148;3024.615;3587.116;2128.298;-0.721;1981.258;1007.769;2673.939;3582.282;1644.028;2495.682;10.769;1878.705;376.534;2298.329;1262.313;2935.158;1.938;0.260;2636.914;1901.412;2064.962;3581.236;1784.293;2975.600;1848.195;3254.637;2807.169;248.918;974.246;3018.694;725.962;443.318;1667.953;1534.306;2688.652;1392.367,861.530;1367.157;1512.373;3256.422;3598.660;2002.175;-1.684;2236.600;2205.452;2949.159;1228.849;3.744;2013.794;589.987;2596.070;3063.065;1514.704;3593.990;674.006;3601.051;1728.545;2575.170;2730.786;3599.603;3598.954;1.476;-0.464;1818.315;-0.282;2470.161;1879.948;2160.819;1532.533;1095.734;3353.597;2441.560;4.274;345.406;2048.506;624.501;1436.134;2877.377;1445.756;3416.728;2765.136;2057.043;274.987;1778.245;2868.313;3595.656;277.162;284.014;2568.327;2986.550;249.229;2866.853;2829.164;2528.935;1057.222;1453.373;1276.449;3047.426;624.255;1130.478;3598.261;3279.911;3599.904;3250.533;140.563;-0.890;1700.095;3021.929;3150.339;2093.612;3600.232;559.419;409.716;902.704;917.842;927.240;241.845;1316.364;-1.927;1818.646;3310.193;1806.383;2263.593;2293.915;3600.256;2428.437;2953.389;811.323;3582.959;573.057;1010.333;2412.379;932.407;3600.996;3232.645;537.089
318,577.8378000259399,317,-562.837954647106,562.837954647106,0.05303052163157939,3599.147;2080.692;3539.421;3105.610;2754.471;591.236;3600.298;-0.305;526.218;1330.194;2853.499;488.954;3281.969;3600.225;371.013;2164.491;0.737;1267.084;1.380;3600.893;1287.984;3599.887;2985.752;3347.450;584.358;18.469;2287.438;-2.198;3157.121;1045.496;2585.554;3598.864;1993.254;48.291;194.052;2255.295;1571.932;2509.896;1193.778;2401.966;799.522;2242.067;2771.408;665.798;959.708;1833.854;3078.376;668.730;1710.134;2471.065;3598.401;922.870;2474.582;271.269;1490.411;-0.535;3599.523;1707.336;3579.897;1364.631;3561.108;856.400;820.094;2204.101;3026.227;3585.318;2126.276;0.106;1979.204;1009.748;2674.005;3584.214;1642.036;2497.175;9.020;1880.298;375.141;2297.564;1263.232;2935.117;0.188;0.261;2639.021;1899.457;2066.896;3579.341;1782.174;2977.623;1849.937;3254.674;2809.061;248.192;972.173;3019.932;728.045;441.311;1666.033;1535.564;2686.819;1393.671,859.817;1367.271;1510.282;3257.803;3599.703;2000.849;0.223;2234.735;2206.601;2951.032;1230.973;4.711;2015.882;591.917;2594.008;3061.864;1516.627;3593.253;675.417;3599.090;1730.673;2573.068;2730.185;3599.698;3601.082;-0.498;1.318;1820.332;-1.275;2472.183;1878.245;2160.113;1530.471;1097.874;3352.476;2443.351;6.214;343.499;2046.855;624.970;1434.338;2875.576;1446.240;3415.912;2763.476;2059.156;273.218;1777.488;2866.458;3597.526;279.213;283.238;2566.502;2988.533;251.095;2868.669;2830.677;2526.935;1057.222;1455.471;1276.105;3045.818;622.395;1130.360;3600.357;3281.826;3601.714;3250.686;138.598;0.748;1702.125;3020.195;3148.344;2095.280;3601.278;557.506;409.259;900.827;915.921;925.972;243.830;1314.490;0.010;1817.414;3309.619;1804.307;2262.556;2292.236;3600.561;2430.439;2955.338;813.360;3584.317;570.990;1008.254;2411.332;934.302;3599.449;3230.560;537.385
319,579.7097730636597,318,-562.8700256184926,562.8700256184926,0.08409235131293062,3598.540;2079.159;3541.022;3106.643;2753.107;593.021;3599.323;-2.086;524.274;1332.173;2851.576;490.400;3281.381;3599.621;373.042;2166.492;-0.736;1265.772;-0.628;3601.716;1289.984;3601.778;2983.777;3345.736;586.148;17.670;2289.295;-0.242;3159.172;1047.486;2587.376;3600.152;1995.313;49.917;192.423;2256.765;1573.682;2508.750;1192.240;2399.902;801.597;2239.990;2773.292;664.013;957.889;1835.640;3080.382;666.684;1711.603;2473.071;3597.253;920.793;2476.009;270.890;1490.220;-2.408;3600.628;1705.349;3581.854;1366.476;3559.494;855.658;822.012;2201.995;3028.293;3583.577;2124.520;-0.444;1980.077;1011.797;2671.952;3585.024;1640.159;2499.053;10.829;1878.279;376.167;2298.234;1261.774;2934.823;-1.644;1.847;2639.952;1900.876;2067.801;3577.608;1780.132;2975.866;1851.767;3256.547;2810.982;246.275;972.685;3017.966;728.680;441.531;1664.695;1534.447;2688.561;1395.081,861.597;1369.311;1508.235;3255.870;3601.743;2002.792;0.197;2232.637;2208.677;2952.680;1230.168;2.770;2016.451;590.734;2595.832;3063.777;1514.782;3591.884;673.599;3601.066;1732.679;2571.537;2728.141;3601.307;3599.143;-1.663;-0.394;1818.459;0.683;2470.616;1876.616;2158.055;1532.377;1099.969;3350.404;2442.291;6.979;344.757;2044.784;623.279;1435.481;2876.771;1448.249;3414.882;2764.633;2058.652;272.225;1779.257;2864.390;3599.628;279.031;281.233;2567.541;2986.763;253.037;2870.410;2831.891;2525.586;1058.660;1457.437;1274.053;3046.872;623.511;1128.337;3602.195;3279.986;3599.957;3252.741;137.656;2.817;1700.236;3018.099;3150.311;2093.272;3599.269;555.409;411.272;902.738;914.172;924.056;245.912;1314.717;1.491;1819.437;3307.576;1805.714;2264.141;2293.057;3599.424;2429.170;2957.415;811.508;3585.831;572.759;1009.433;2409.652;932.767;3601.232;3230.973;535.558
320,581.6070246696472,319,-562.8956335966602,562.8956335966602,0.06029661709742115,3599.391;2077.343;3542.863;3104.638;2754.682;591.052;3600.361;-0.066;525.992;1330.714;2852.935;488.425;3280.764;3598.033;375.124;2168.518;0.370;1263.741;-0.475;3599.701;1292.053;3599.918;2981.698;3344.524;586.982;15.636;2287.577;0.321;3159.103;1047.527;2589.428;3601.852;1997.007;51.907;191.981;2258.825;1575.752;2506.707;1190.257;2401.578;802.869;2238.024;2774.732;663.125;959.585;1837.703;3079.869;666.805;1709.634;2475.153;3595.234;918.924;2477.929;269.844;1488.226;-0.410;3598.639;1706.119;3581.684;1365.354;3561.395;853.621;820.770;2200.632;3030.378;3582.749;2126.246;-2.303;1982.029;1013.817;2669.878;3587.028;1640.292;2497.571;11.322;1877.637;378.157;2296.242;1259.716;2936.848;0.343;1.424;2641.986;1901.577;2065.815;3578.518;1778.051;2975.156;1853.674;3258.612;2813.035;244.204;974.456;3017.820;727.325;439.501;1666.604;1536.394;2686.704;1393.110,859.731;1367.321;1509.726;3257.070;3599.818;2000.806;0.267;2232.880;2207.152;2954.697;1230.126;2.917;2014.567;592.384;2597.803;3065.853;1516.047;3589.842;674.463;3601.567;1731.178;2570.431;2726.111;3599.308;3600.089;0.210;-2.115;1820.224;0.616;2471.493;1878.584;2159.089;1534.447;1101.970;3348.319;2444.138;9.011;346.763;2045.484;625.210;1433.518;2874.801;1448.748;3416.873;2762.624;2060.643;270.181;1781.203;2862.344;3598.525;277.572;281.559;2568.939;2984.830;253.392;2868.814;2830.070;2527.367;1056.674;1459.213;1275.805;3048.871;625.207;1126.272;3600.254;3281.696;3600.663;3254.629;136.589;1.351;1698.166;3019.573;3152.265;2094.899;3599.445;555.077;413.044;900.871;912.102;926.040;245.394;1315.966;3.463;1818.472;3308.888;1807.256;2262.224;2291.231;3601.288;2430.506;2957.428;809.449;3583.880;571.388;1011.427;2407.585;934.640;3599.536;3228.995;533.483
321,583.3157141208649,320,-562.9257721751133,562.9257721751133,0.05531142930265906,3601.407;2079.095;3544.743;3104.373;2756.042;590.952;3598.467;0.042;526.927;1328.683;2851.726;489.808;3278.805;3598.425;376.362;2166.706;0.331;1264.851;1.465;3600.985;1294.018;3599.422;2980.004;3342.537;585.017;14.657;2285.601;-0.492;3160.909;1049.391;2588.309;3599.893;1998.774;49.977;190.125;2257.694;1577.799;2508.360;1188.205;2403.127;800.895;2237.432;2776.262;665.066;958.533;1835.814;3080.599;668.809;1710.714;2475.907;3597.071;920.622;2479.982;267.837;1486.178;0.859;3599.956;1708.119;3579.698;1367.306;3562.585;851.606;818.768;2198.604;3028.902;3584.741;2128.288;-0.318;1984.082;1015.563;2671.506;3585.309;1641.928;2495.539;9.376;1875.748;376.258;2298.174;1257.664;2938.106;1.702;3.409;2642.113;1903.591;2063.863;3580.430;1779.300;2974.631;1852.315;3260.671;2813.123;242.184;975.898;3019.783;725.298;438.511;1668.647;1538.138;2688.367;1391.154,861.450;1366.286;1511.433;3259.093;3598.370;1999.755;-1.337;2230.953;2205.217;2956.749;1228.170;0.960;2013.151;593.586;2598.611;3066.687;1518.032;3590.873;672.685;3600.072;1729.758;2572.395;2724.907;3600.506;3598.323;-1.558;-0.350;1821.644;-1.160;2473.460;1879.482;2161.110;1534.722;1103.529;3350.196;2442.673;7.321;348.792;2045.122;625.947;1431.574;2876.277;1450.333;3415.157;2761.841;2060.272;268.685;1783.138;2861.212;3596.885;278.748;283.489;2567.098;2986.705;255.380;2866.777;2831.023;2525.800;1054.626;1461.218;1277.408;3047.333;627.079;1124.659;3601.453;3282.578;3598.783;3252.701;138.504;0.080;1699.416;3018.365;3150.605;2093.322;3598.851;556.570;414.972;898.878;912.071;927.990;243.438;1317.988;3.795;1816.704;3310.917;1805.487;2263.663;2289.184;3601.479;2428.745;2956.154;808.984;3583.920;570.019;1011.951;2409.452;933.208;3601.383;3227.106;534.285
322,585.1735754013062,321,-562.9431711218158,562.9431711218158,0.03871344243948105,3600.028;2077.437;3542.939;3106.338;2754.359;592.557;3596.976;0.382;528.854;1329.789;2853.499;488.058;3280.024;3599.988;374.722;2164.710;-1.278;1266.239;0.193;3601.601;1292.126;3600.089;2979.154;3343.070;585.615;14.591;2284.406;0.121;3162.406;1051.374;2590.235;3600.049;2000.710;51.369;188.115;2258.534;1578.211;2510.015;1189.011;2405.057;802.608;2239.401;2774.374;666.138;959.617;1835.133;3082.579;670.126;1712.611;2477.812;3599.062;920.405;2479.500;265.986;1485.091;-0.399;3601.112;1706.246;3580.835;1369.284;3562.464;849.769;819.622;2197.795;3026.931;3583.072;2129.023;-0.652;1985.395;1017.557;2669.976;3586.401;1642.760;2494.430;11.142;1874.069;376.256;2298.606;1257.777;2936.498;0.616;2.071;2643.582;1905.608;2061.837;3582.402;1779.167;2972.799;1854.194;3261.293;2815.097;241.038;974.007;3018.003;723.376;436.568;1667.375;1537.278;2687.087;1389.185,860.814;1364.488;1513.450;3260.648;3600.078;1997.818;0.582;2229.637;2203.202;2958.761;1226.152;0.057;2011.148;593.217;2596.904;3065.533;1516.196;3592.839;672.526;3598.973;1727.771;2574.334;2726.270;3600.767;3599.141;0.212;0.777;1823.634;0.744;2475.431;1881.462;2162.858;1536.541;1102.818;3351.716;2440.796;6.201;350.779;2047.032;627.875;1430.947;2878.275;1448.401;3415.767;2760.134;2058.305;266.871;1785.163;2859.467;3596.300;276.824;285.510;2568.380;2987.129;253.560;2864.870;2829.086;2524.649;1053.593;1463.248;1279.379;3049.085;628.724;1126.358;3599.653;3284.042;3598.085;3251.375;140.375;-0.566;1698.193;3020.161;3148.594;2091.377;3600.792;558.525;416.429;897.104;910.990;929.884;241.410;1320.007;5.450;1814.714;3310.544;1805.783;2262.422;2287.184;3599.503;2429.777;2957.959;807.088;3582.036;569.866;1013.448;2410.106;934.238;3599.502;3226.188;532.493
323,587.0604336261749,322,-562.9387050241387,562.9387050241387,0.08726572137924078,3601.709;2079.068;3543.787;3107.940;2752.373;594.535;3595.140;1.250;527.360;1331.287;2851.647;489.576;3278.088;3598.116;376.117;2162.835;-3.259;1264.732;1.517;3599.708;1290.366;3600.666;2981.093;3341.450;585.428;12.649;2285.756;-1.224;3160.738;1049.487;2590.445;3600.112;1998.978;50.496;189.473;2256.683;1576.271;2512.003;1190.939;2403.118;800.827;2239.039;2772.394;667.818;957.720;1835.476;3084.583;668.399;1714.612;2476.315;3599.555;922.336;2481.351;267.804;1486.787;-2.215;3599.315;1704.412;3582.219;1367.744;3560.851;851.485;821.443;2196.023;3024.936;3584.140;2127.145;-0.014;1986.631;1015.793;2671.546;3585.623;1640.824;2495.873;11.044;1874.465;374.404;2300.548;1259.653;2934.512;-1.284;3.753;2641.710;1907.524;2063.663;3580.877;1781.036;2970.802;1852.468;3263.231;2813.733;242.883;972.011;3016.256;724.235;437.462;1666.160;1535.312;2688.877;1390.943,860.805;1366.073;1513.514;3260.086;3602.024;1996.187;0.116;2231.374;2203.913;2957.691;1224.146;-1.827;2009.253;595.156;2598.725;3067.051;1514.573;3593.291;670.826;3600.746;1725.771;2576.171;2728.179;3598.894;3601.096;-0.314;-0.940;1822.829;-0.637;2473.626;1883.174;2162.198;1535.748;1102.800;3353.511;2438.796;4.243;352.780;2048.850;626.017;1429.026;2878.386;1446.409;3417.598;2761.206;2058.997;264.947;1784.951;2857.824;3597.394;278.623;287.515;2570.310;2986.107;251.942;2864.725;2827.724;2526.351;1053.058;1465.009;1280.703;3050.749;630.693;1125.481;3598.479;3286.025;3599.358;3250.262;140.023;-2.414;1699.549;3020.635;3149.662;2093.058;3599.053;560.464;414.650;898.857;910.255;931.793;240.819;1321.901;6.220;1816.236;3312.285;1807.557;2264.095;2288.818;3598.788;2430.606;2956.071;808.283;3580.059;567.974;1011.606;2408.440;936.104;3599.667;3224.595;530.734
324,588.7713551521301,323,-562.9280680619845,562.9280680619845,0.05253840101746751,3599.926;2077.177;3545.717;3106.085;2753.755;595.240;3596.905;2.405;525.456;1329.474;2853.396;487.772;3276.709;3599.534;374.661;2163.561;-1.355;1265.660;-0.272;3600.346;1288.770;3598.851;2981.894;3341.377;585.488;11.014;2287.708;0.685;3158.792;1047.756;2592.279;3601.717;2000.754;48.593;191.399;2254.747;1574.467;2513.106;1192.619;2401.854;799.245;2240.284;2774.221;665.972;958.935;1836.839;3085.333;666.533;1713.336;2474.389;3601.375;923.347;2483.282;269.678;1488.313;-0.352;3597.362;1705.999;3584.069;1365.783;3562.295;853.371;821.711;2196.961;3026.580;3584.363;2128.093;-1.892;1984.731;1013.827;2670.018;3587.483;1642.395;2494.375;9.981;1876.398;374.469;2301.933;1261.627;2932.541;0.439;5.111;2640.009;1907.204;2063.699;3582.024;1780.921;2969.435;1851.540;3261.658;2815.325;244.856;973.698;3017.847;726.154;438.722;1664.457;1536.741;2688.032;1392.745,859.147;1364.848;1512.289;3258.177;3600.230;1997.956;-0.967;2230.701;2205.574;2955.973;1223.524;0.066;2010.177;594.731;2597.357;3065.155;1514.097;3592.244;672.728;3598.886;1724.005;2577.224;2730.110;3600.455;3599.383;-0.285;0.892;1820.940;0.932;2471.758;1883.289;2160.497;1535.332;1100.944;3351.873;2440.256;2.493;352.735;2047.118;624.657;1430.497;2880.275;1445.115;3419.563;2763.147;2058.642;263.028;1783.030;2856.110;3599.334;277.778;286.294;2568.727;2984.187;250.050;2866.566;2825.935;2528.270;1054.948;1463.860;1278.869;3052.710;632.666;1126.995;3599.964;3284.766;3601.245;3252.150;138.091;-0.494;1698.448;3022.507;3147.930;2091.486;3599.362;562.389;415.464;900.601;912.137;930.334;242.226;1323.609;4.319;1816.414;3313.434;1806.150;2265.933;2289.701;3600.543;2428.691;2955.163;806.414;3581.623;567.947;1012.770;2409.396;934.605;3599.575;3226.280;532.271
325,590.6194324493408,324,-562.9325084279769,562.9325084279769,0.04269971313630459,3599.382;2076.166;3547.669;3105.661;2751.900;597.152;3598.823;2.967;523.507;1327.729;2853.865;486.269;3274.984;3601.305;372.897;2165.333;-0.130;1266.150;1.230;3599.832;1286.913;3600.681;2983.720;3343.072;583.590;9.394;2289.571;0.238;3156.895;1046.704;2590.410;3599.850;2000.985;46.649;193.139;2252.905;1572.525;2512.436;1194.560;2400.315;797.307;2238.715;2775.956;665.751;958.596;1835.163;3087.082;664.614;1712.105;2472.490;3599.510;924.588;2481.693;271.361;1486.663;0.297;3597.447;1707.916;3585.237;1363.829;3564.227;855.280;823.611;2198.860;3028.342;3586.069;2126.427;-0.285;1983.188;1011.924;2671.607;3588.886;1644.196;2496.257;8.116;1878.328;372.599;2303.222;1263.581;2930.720;-0.792;7.024;2638.124;1905.369;2065.397;3580.163;1782.736;2968.061;1849.629;3260.101;2814.136;246.719;972.064;3019.519;728.103;440.282;1662.664;1538.441;2689.907;1394.635,857.207;1362.931;1511.076;3256.356;3600.127;1999.888;0.915;2232.495;2203.764;2957.586;1224.664;0.093;2011.715;596.423;2595.450;3063.777;1515.850;3590.328;674.337;3600.604;1723.913;2575.508;2732.059;3599.258;3599.200;-0.352;-0.499;1819.856;-0.452;2472.343;1881.424;2159.012;1533.626;1098.995;3350.825;2441.505;0.550;350.896;2048.301;622.888;1429.107;2879.699;1446.690;3420.415;2764.135;2057.293;264.801;1782.107;2857.970;3597.724;279.365;287.849;2566.795;2984.911;248.337;2868.491;2826.589;2526.528;1056.747;1461.943;1280.531;3052.440;630.830;1128.824;3601.720;3285.097;3599.560;3252.637;139.320;0.006;1700.293;3023.984;3146.090;2093.129;3600.605;564.330;413.590;899.573;914.030;929.002;244.053;1325.192;3.271;1814.527;3311.863;1804.401;2264.317;2291.555;3598.795;2429.790;2955.980;807.513;3580.020;566.140;1010.914;2408.383;936.113;3601.426;3225.409;534.154
326,592.4953744411469,325,-562.9515268557797,562.9515268557797,0.05773043645990259,3600.020;2075.107;3548.894;3104.543;2751.303;596.352;3600.188;1.092;522.591;1328.028;2853.362;486.649;3275.436;3599.507;370.986;2163.857;1.199;1264.280;2.336;3601.691;1285.093;3599.708;2983.674;3342.497;584.886;11.187;2288.519;-1.080;3157.612;1048.410;2589.931;3599.741;2002.693;47.073;191.912;2254.502;1572.824;2513.976;1193.323;2401.351;796.141;2236.982;2774.975;663.998;956.740;1834.379;3088.031;666.237;1711.406;2474.053;3599.058;922.995;2481.885;273.278;1485.167;0.758;3595.634;1709.213;3587.082;1363.587;3562.926;857.056;822.154;2200.376;3028.264;3585.098;2127.923;-0.596;1984.559;1012.180;2671.877;3590.792;1644.755;2496.406;8.310;1878.492;370.766;2302.271;1265.100;2929.524;0.632;5.709;2636.784;1904.940;2064.211;3578.403;1782.400;2969.089;1847.936;3261.582;2812.788;245.775;970.391;3020.991;728.831;441.052;1661.495;1538.405;2691.193;1393.154,858.416;1362.135;1509.230;3256.281;3598.752;1998.682;0.698;2233.491;2203.128;2957.573;1224.527;-0.695;2013.333;595.935;2594.376;3065.491;1515.159;3591.321;674.653;3602.041;1725.760;2575.853;2732.947;3598.380;3599.746;-2.157;-1.196;1818.029;-0.219;2473.593;1881.995;2159.050;1535.109;1099.329;3352.299;2441.314;0.020;349.108;2050.200;623.326;1429.205;2878.882;1447.769;3418.688;2765.548;2055.427;266.334;1782.827;2856.403;3597.898;281.179;286.556;2567.445;2986.794;249.758;2867.145;2828.353;2525.146;1055.669;1461.281;1282.424;3051.720;630.238;1127.080;3599.949;3283.380;3600.988;3251.195;138.959;-0.809;1701.148;3025.846;3144.445;2094.656;3599.165;564.924;414.505;897.761;913.584;930.212;242.257;1323.993;1.798;1812.609;3310.215;1802.484;2263.089;2289.811;3598.911;2431.648;2954.842;808.391;3579.990;564.240;1011.638;2410.175;937.248;3599.637;3226.736;535.550
327,594.4002096652985,326,-562.995340691652,562.995340691652,0.06368567778977614,3600.795;2073.279;3550.627;3102.728;2749.571;597.031;3602.067;-0.611;520.740;1326.298;2854.485;488.466;3273.626;3600.366;369.087;2165.325;-0.248;1263.027;4.169;3599.903;1283.972;3601.476;2981.873;3344.346;583.091;12.989;2286.765;0.649;3158.073;1048.533;2589.872;3598.338;2004.387;45.299;193.351;2256.037;1572.787;2515.848;1194.773;2399.820;794.398;2235.139;2776.038;665.029;954.870;1832.519;3086.452;664.825;1709.558;2473.691;3599.120;921.110;2480.197;274.609;1486.581;-0.006;3596.009;1711.086;3585.334;1362.494;3564.740;858.698;823.577;2200.983;3030.022;3586.938;2128.864;1.181;1983.284;1010.758;2672.285;3591.231;1644.941;2496.377;6.459;1880.149;369.082;2303.994;1264.460;2930.991;-0.981;7.431;2637.817;1904.206;2064.840;3576.658;1782.587;2970.959;1846.077;3262.575;2813.874;245.962;968.837;3019.843;730.688;442.913;1663.320;1540.247;2692.857;1391.379,856.960;1360.848;1509.609;3258.118;3600.175;1997.250;-1.039;2235.348;2204.702;2955.729;1224.248;1.062;2014.877;597.778;2592.565;3064.349;1516.803;3592.929;672.910;3600.293;1726.835;2574.009;2734.654;3596.544;3601.606;-0.323;0.604;1816.130;-1.909;2471.785;1882.305;2157.196;1533.755;1101.085;3354.176;2439.468;-1.785;347.363;2051.902;622.845;1428.151;2880.702;1446.259;3419.533;2767.363;2053.525;264.897;1784.639;2857.859;3596.248;283.069;288.029;2569.238;2985.472;250.559;2868.482;2826.554;2526.557;1057.057;1459.830;1282.522;3053.133;628.633;1127.804;3599.270;3285.132;3599.330;3249.398;137.170;0.958;1702.935;3027.537;3146.013;2094.571;3600.831;564.984;415.853;896.010;913.854;931.775;240.825;1322.137;-0.086;1814.009;3308.925;1800.614;2264.876;2291.352;3600.677;2433.176;2955.966;809.988;3578.155;562.337;1010.166;2408.684;939.120;3599.893;3224.915;534.103
328,596.114660024643,327,-563.001611255047,563.001611255047,0.03914726918847915,3598.992;2072.890;3551.517;3104.054;2747.918;595.438;3600.462;0.198;520.817;1328.088;2852.684;487.873;3274.224;3601.200;370.043;2163.666;-1.380;1263.292;3.216;3600.305;1285.762;3599.829;2982.247;3346.219;584.001;14.795;2286.304;-0.651;3159.826;1046.831;2590.983;3599.818;2003.898;46.182;191.743;2257.354;1570.969;2516.976;1193.142;2399.073;792.768;2236.649;2775.124;663.280;953.027;1834.162;3088.034;663.271;1711.060;2474.594;3600.851;920.442;2478.492;276.363;1488.181;1.469;3597.838;1711.272;3585.471;1361.907;3563.743;860.486;824.494;2202.820;3028.343;3586.130;2127.130;0.143;1981.722;1009.467;2673.868;3589.545;1643.115;2497.834;6.984;1881.111;367.227;2305.060;1262.814;2929.730;0.429;8.728;2636.154;1905.994;2066.446;3575.048;1780.764;2969.220;1847.281;3260.865;2815.721;244.421;969.497;3017.994;731.932;443.343;1661.934;1538.707;2694.527;1392.218,857.105;1359.008;1510.291;3259.371;3599.071;1995.410;0.563;2237.057;2203.197;2954.233;1222.424;0.610;2016.732;597.652;2594.169;3066.085;1518.353;3594.736;671.259;3599.674;1726.492;2572.187;2732.894;3598.109;3600.325;0.686;2.222;1817.533;-0.115;2473.069;1880.973;2157.193;1535.249;1102.573;3352.668;2437.611;-0.006;345.500;2053.769;624.665;1429.966;2880.150;1447.755;3421.358;2765.807;2051.781;263.103;1782.952;2858.318;3597.989;283.427;288.411;2570.762;2983.672;252.320;2869.189;2828.269;2525.040;1057.829;1457.993;1283.430;3054.973;630.013;1126.026;3600.628;3285.436;3599.004;3250.590;135.299;-0.209;1701.592;3025.796;3147.799;2096.369;3600.474;563.197;415.435;894.600;915.022;930.091;239.080;1320.271;1.423;1813.518;3307.073;1798.981;2266.040;2290.299;3600.623;2431.578;2957.809;809.444;3576.687;560.887;1008.504;2406.833;938.399;3601.331;3224.136;535.804
329,597.9773619174957,328,-563.009450301254,563.009450301254,0.04510903042861301,3599.355;2074.063;3550.747;3105.884;2746.821;593.687;3599.730;-1.542;519.334;1328.699;2853.306;486.091;3275.821;3599.428;370.673;2164.025;0.366;1261.537;1.453;3600.659;1284.370;3600.154;2980.465;3346.654;583.602;13.370;2285.359;0.976;3158.907;1048.467;2591.821;3601.560;2002.473;44.847;191.882;2256.039;1569.848;2516.173;1192.357;2400.794;793.832;2237.828;2773.307;664.135;952.051;1835.683;3089.863;661.633;1709.645;2476.364;3599.118;921.281;2477.335;274.932;1489.966;2.944;3598.782;1712.922;3583.787;1360.162;3565.282;859.897;826.261;2202.287;3029.468;3585.357;2125.333;-1.620;1982.957;1008.062;2675.645;3589.724;1642.820;2499.130;6.904;1882.678;368.415;2303.380;1263.359;2928.479;1.236;10.440;2637.389;1905.495;2068.217;3576.041;1779.270;2970.104;1848.813;3259.201;2817.552;242.750;971.202;3016.729;733.145;444.719;1660.105;1539.059;2693.007;1393.741,855.568;1357.241;1508.499;3258.469;3600.089;1996.754;-0.644;2238.825;2204.752;2952.667;1224.128;-1.168;2017.878;596.011;2592.838;3066.532;1516.616;3596.578;671.996;3598.022;1728.290;2571.643;2731.195;3599.702;3599.233;1.299;0.957;1817.980;-0.006;2472.165;1879.147;2157.999;1533.813;1101.343;3352.673;2438.894;-0.452;346.379;2052.315;623.200;1429.554;2878.398;1449.572;3423.065;2767.330;2053.454;264.730;1784.511;2860.122;3599.426;281.643;289.944;2570.148;2984.049;250.626;2867.490;2828.881;2523.244;1059.629;1456.150;1281.757;3053.206;628.925;1125.390;3599.432;3283.695;3600.500;3252.297;135.666;-0.313;1703.120;3023.956;3146.388;2094.772;3598.726;561.374;413.653;896.363;916.838;930.372;240.761;1320.465;-0.200;1815.159;3307.028;1797.278;2264.821;2288.538;3600.071;2432.541;2959.634;807.982;3578.316;562.509;1006.751;2408.402;940.049;3599.573;3225.873;537.518
330,599.8675646781921,329,-563.0232272652441,563.0232272652441,0.039293040021623545,3599.819;2075.864;3552.500;3107.643;2747.873;595.011;3600.513;0.168;517.750;1327.310;2854.933;487.756;3277.507;3598.735;368.962;2165.723;2.134;1263.126;2.801;3599.141;1285.941;3598.921;2981.439;3347.292;585.171;11.590;2287.120;0.090;3160.640;1050.134;2590.199;3599.837;2000.701;43.094;190.125;2257.744;1571.457;2514.382;1190.565;2399.953;792.855;2236.407;2771.503;663.413;953.633;1834.737;3091.655;663.364;1711.335;2474.738;3599.001;919.549;2475.535;273.122;1488.418;1.606;3599.039;1711.306;3582.102;1361.507;3566.965;858.111;824.540;2200.896;3027.929;3587.060;2126.313;0.042;1982.090;1009.828;2677.458;3588.967;1641.364;2498.047;8.498;1881.748;368.467;2302.288;1261.632;2927.632;2.240;9.268;2635.998;1907.158;2069.987;3577.755;1777.703;2971.493;1850.562;3257.381;2817.005;240.929;972.272;3014.988;731.433;446.179;1659.920;1537.314;2693.981;1393.765,857.230;1355.670;1510.205;3256.678;3601.883;1995.425;1.012;2240.603;2206.367;2952.775;1222.694;0.497;2016.191;597.546;2593.373;3068.309;1517.295;3595.466;670.320;3599.561;1729.022;2573.280;2732.685;3598.857;3600.357;0.018;-0.559;1819.573;0.309;2473.466;1880.482;2159.785;1535.545;1099.546;3354.450;2437.876;0.561;344.685;2051.164;622.280;1429.057;2876.790;1448.082;3421.341;2765.751;2055.068;263.815;1784.842;2859.873;3600.645;282.024;288.240;2571.889;2985.734;251.809;2865.821;2828.329;2521.417;1057.912;1455.601;1281.730;3051.933;627.306;1127.050;3598.704;3285.196;3599.112;3250.604;134.101;0.218;1701.640;3024.487;3144.665;2093.119;3600.378;562.520;411.964;897.146;918.297;931.199;239.151;1319.141;0.121;1813.660;3307.109;1795.500;2263.125;2287.163;3601.729;2434.027;2958.737;809.725;3580.081;564.287;1008.405;2407.358;941.798;3598.445;3227.146;536.378
331,601.7817828655243,330,-563.0709777924578,563.0709777924578,0.06842598707226644,3598.108;2075.030;3553.481;3106.115;2746.137;596.793;3602.190;0.298;516.155;1325.525;2853.356;487.001;3279.306;3600.438;370.223;2164.102;0.766;1261.657;1.239;3597.469;1285.259;3600.415;2982.920;3346.629;586.963;12.633;2288.920;-1.676;3159.440;1048.564;2591.832;3600.209;2002.210;43.416;191.483;2256.195;1570.309;2514.535;1191.332;2398.250;791.083;2237.905;2772.308;661.679;955.406;1836.204;3090.252;663.604;1710.761;2476.429;3600.659;921.055;2476.912;271.482;1486.700;-0.176;3597.303;1712.209;3581.133;1359.857;3568.418;857.466;823.120;2199.112;3028.968;3585.839;2124.591;-0.562;1980.349;1009.746;2675.760;3590.685;1643.003;2499.767;6.845;1883.420;367.103;2303.895;1263.257;2929.377;0.580;10.889;2634.260;1906.998;2071.789;3576.410;1775.911;2973.152;1849.016;3258.745;2816.691;242.338;970.525;3015.929;732.033;444.542;1659.518;1538.754;2695.753;1392.051,858.017;1353.877;1511.080;3258.337;3600.262;1993.702;-0.434;2238.915;2204.670;2954.499;1223.337;1.678;2015.071;595.914;2595.023;3067.837;1516.892;3596.769;671.743;3598.446;1727.643;2575.051;2731.228;3598.190;3601.996;1.673;1.125;1821.359;1.555;2475.248;1882.257;2159.999;1537.344;1099.332;3353.785;2439.589;-0.746;344.399;2052.733;623.889;1430.801;2874.999;1449.684;3421.221;2763.981;2053.390;265.493;1783.153;2861.436;3598.890;280.327;286.489;2570.357;2986.762;252.535;2864.042;2829.856;2522.841;1058.744;1453.896;1283.473;3053.485;628.149;1125.467;3596.979;3286.459;3600.817;3251.117;132.338;-1.516;1699.852;3026.184;3142.877;2091.500;3602.150;560.837;410.177;895.595;917.569;929.451;237.805;1317.358;-1.570;1812.176;3308.865;1793.702;2261.367;2288.287;3599.991;2435.797;2959.180;808.068;3579.468;563.788;1010.183;2406.144;940.596;3598.977;3225.586;538.024
332,603.497570514679,331,-563.0829766862608,563.0829766862608,0.03516548927927778,3597.465;2075.253;3555.167;3105.135;2744.868;597.542;3600.500;-0.533;517.584;1325.196;2851.650;485.765;3280.835;3600.557;368.760;2162.387;0.986;1259.924;1.529;3599.035;1283.622;3601.342;2984.490;3344.970;586.555;11.573;2288.702;-0.087;3159.275;1046.805;2593.128;3599.506;2003.495;45.083;190.692;2256.327;1568.557;2514.387;1190.162;2396.527;789.486;2237.848;2771.866;662.118;956.876;1837.956;3089.655;662.276;1712.304;2477.115;3599.718;921.215;2477.815;271.953;1485.335;1.493;3596.171;1713.831;3582.701;1359.353;3566.861;859.037;824.230;2199.518;3027.615;3586.117;2124.333;0.063;1978.588;1008.606;2675.852;3592.391;1642.002;2501.212;5.486;1885.194;365.351;2305.664;1264.307;2928.757;-0.291;10.788;2633.585;1908.543;2073.015;3574.648;1776.703;2973.961;1847.640;3259.510;2816.107;241.687;969.101;3014.380;732.474;443.172;1658.218;1537.873;2697.360;1390.274,856.495;1352.096;1512.755;3259.933;3601.713;1991.925;0.818;2240.369;2203.227;2953.039;1221.651;1.837;2015.678;597.024;2595.286;3069.473;1515.221;3598.194;673.036;3600.096;1725.886;2576.770;2729.501;3599.891;3600.308;1.911;0.744;1822.542;0.006;2475.453;1883.867;2161.634;1538.953;1100.707;3354.986;2438.416;0.883;342.743;2054.498;625.416;1431.855;2873.273;1448.492;3422.870;2762.243;2053.785;264.350;1781.699;2863.192;3597.270;280.691;286.494;2571.424;2985.566;250.861;2863.234;2831.512;2524.352;1060.321;1452.971;1285.249;3053.612;629.895;1123.696;3598.216;3288.192;3599.819;3249.552;130.568;0.121;1698.211;3027.959;3144.389;2092.349;3600.466;560.720;408.529;894.139;915.837;930.355;236.050;1317.170;0.127;1811.930;3310.642;1791.952;2259.589;2286.649;3600.500;2437.565;2957.811;806.927;3577.730;562.135;1010.366;2404.623;942.248;3600.020;3223.818;539.395
333,605.3660593032837,332,-563.0913733095306,563.0913733095306,0.05591009062224702,3595.764;2073.612;3556.807;3106.083;2744.456;596.027;3599.436;1.006;516.015;1326.322;2849.915;487.396;3282.297;3601.687;367.050;2161.715;-0.516;1258.183;3.222;3600.771;1281.952;3599.766;2983.045;3346.559;584.943;12.277;2287.000;-0.129;3160.969;1045.116;2594.823;3601.045;2005.225;46.836;189.000;2258.020;1566.968;2512.862;1190.088;2398.029;790.191;2236.838;2770.179;661.270;958.449;1839.698;3091.147;661.994;1713.810;2478.111;3599.463;922.383;2476.297;273.659;1487.014;2.515;3597.849;1712.303;3584.432;1361.040;3565.130;857.543;823.840;2200.962;3025.884;3584.543;2125.910;-0.724;1980.074;1006.912;2674.392;3590.721;1640.363;2502.228;6.951;1884.178;363.745;2304.443;1263.351;2929.928;-2.015;9.153;2635.162;1909.830;2071.861;3575.541;1778.382;2974.860;1845.902;3261.077;2817.688;239.971;970.685;3013.908;732.614;444.615;1659.893;1536.250;2697.012;1388.547,858.197;1351.475;1514.035;3261.219;3600.116;1990.560;0.528;2240.024;2204.726;2951.297;1221.907;2.359;2017.396;598.212;2593.788;3071.029;1513.492;3596.552;674.755;3601.685;1725.896;2575.622;2728.195;3598.340;3599.673;0.453;-0.626;1820.961;-0.749;2473.904;1885.273;2160.032;1538.346;1101.097;3355.302;2438.575;0.632;340.996;2055.192;623.784;1433.569;2874.002;1449.975;3422.960;2763.166;2055.472;265.914;1779.958;2864.944;3596.188;282.302;284.823;2572.914;2983.903;252.402;2864.897;2833.250;2522.730;1058.680;1451.254;1283.708;3051.922;628.411;1122.287;3599.944;3287.510;3601.430;3247.858;129.461;-0.639;1697.975;3026.394;3143.618;2090.689;3600.358;559.342;406.778;895.447;917.380;928.691;236.065;1318.875;0.268;1813.619;3309.792;1790.206;2260.400;2285.709;3599.321;2439.319;2958.891;808.361;3578.860;563.458;1009.001;2403.032;941.378;3598.860;3223.854;541.133
334,607.2614333629608,333,-563.07556185002,563.07556185002,0.03846584184439256,3597.377;2075.275;3558.520;3107.782;2744.567;597.116;3597.756;1.635;514.401;1324.676;2851.480;489.113;3280.656;3600.015;365.329;2160.020;0.693;1259.618;4.856;3600.791;1280.223;3598.040;2981.332;3348.209;583.221;10.591;2288.055;1.515;3161.385;1046.683;2593.646;3599.416;2003.666;48.470;187.277;2256.484;1568.603;2514.537;1188.420;2397.419;791.501;2238.527;2768.523;662.955;956.838;1838.325;3092.845;663.682;1715.519;2477.021;3598.320;920.730;2477.414;274.048;1485.933;0.958;3598.596;1710.587;3585.302;1362.769;3563.706;855.821;822.751;2199.284;3024.156;3586.212;2127.623;-1.112;1981.744;1008.553;2675.818;3589.955;1641.173;2500.548;8.657;1882.474;362.699;2303.234;1261.647;2931.623;-0.352;7.429;2636.866;1911.533;2070.159;3575.376;1776.907;2976.562;1845.550;3262.782;2816.037;238.275;970.842;3012.215;730.926;443.197;1661.559;1534.527;2695.340;1386.815,857.596;1353.098;1515.748;3262.870;3599.908;1992.126;-1.115;2241.594;2204.746;2949.618;1222.917;0.703;2018.693;597.001;2592.085;3069.585;1513.771;3597.497;676.476;3600.112;1724.369;2574.073;2726.937;3599.890;3600.506;-1.264;0.914;1819.555;0.865;2472.180;1885.191;2158.507;1536.693;1102.789;3353.715;2440.175;-1.021;342.094;2053.934;622.313;1434.774;2875.666;1448.841;3424.615;2764.866;2054.907;265.296;1780.532;2866.653;3597.541;281.276;286.387;2571.405;2985.530;250.862;2866.288;2832.546;2521.419;1058.972;1452.196;1282.543;3050.216;627.460;1120.751;3598.381;3288.300;3599.935;3248.523;130.726;0.908;1699.382;3025.507;3141.971;2088.970;3600.756;558.959;405.045;897.159;918.736;929.830;237.717;1318.106;-0.307;1815.134;3308.544;1788.502;2261.842;2287.332;3600.816;2438.543;2960.548;806.785;3579.832;564.925;1007.285;2404.692;940.619;3597.315;3225.190;540.869
335,608.9733912944794,334,-563.0492816997777,563.0492816997777,0.021553740947746806,3595.789;2076.453;3558.226;3106.792;2746.231;595.707;3597.715;2.970;512.882;1323.746;2852.891;490.774;3281.983;3600.396;363.876;2160.153;2.374;1260.872;3.247;3599.337;1280.856;3597.806;2982.434;3349.910;582.041;10.130;2287.582;0.902;3162.980;1046.424;2591.959;3600.108;2004.106;50.166;188.439;2255.129;1569.995;2513.976;1188.682;2399.047;792.967;2238.626;2770.054;664.583;955.812;1839.331;3091.317;664.787;1716.779;2478.635;3599.942;920.392;2479.028;275.490;1484.928;-0.460;3599.022;1709.227;3586.979;1364.182;3562.163;854.303;821.075;2198.551;3023.662;3587.176;2126.130;0.521;1980.187;1009.966;2676.695;3590.922;1639.756;2501.149;8.617;1880.969;361.054;2301.548;1260.003;2932.526;-0.247;5.720;2638.064;1912.795;2069.736;3573.777;1775.362;2974.938;1847.065;3262.309;2817.082;239.255;971.456;3012.157;729.985;441.523;1663.267;1533.917;2693.693;1385.716,858.981;1354.535;1516.634;3264.570;3601.121;1993.099;0.360;2240.197;2203.230;2950.732;1221.331;2.092;2019.203;595.373;2592.062;3069.507;1512.248;3599.003;678.065;3599.128;1723.869;2575.650;2727.399;3599.358;3599.102;0.241;2.589;1820.530;2.569;2472.391;1883.621;2158.962;1537.671;1102.765;3354.511;2441.651;0.471;341.507;2052.265;623.292;1436.440;2874.673;1448.051;3426.067;2765.235;2053.273;266.065;1778.910;2866.136;3598.470;279.620;285.235;2571.873;2987.188;249.668;2864.930;2831.428;2522.604;1057.353;1453.753;1282.101;3048.776;628.783;1121.624;3597.740;3289.967;3600.805;3250.173;129.199;1.144;1697.864;3026.911;3140.274;2089.669;3599.167;557.294;405.554;896.010;917.218;929.242;237.589;1319.679;0.987;1813.597;3309.901;1786.886;2260.286;2288.679;3599.390;2437.373;2958.943;805.106;3579.204;563.475;1008.616;2406.356;938.981;3598.731;3226.261;540.413
336,610.8309414386749,335,-563.0911221891934,563.0911221891934,0.03649410992424961,3595.701;2075.304;3559.584;3107.858;2747.759;594.037;3596.281;1.426;511.244;1323.074;2853.368;492.122;3281.153;3599.094;362.579;2160.886;2.901;1262.525;2.943;3600.887;1279.383;3596.319;2982.043;3348.426;580.385;8.559;2288.701;1.725;3164.632;1047.973;2590.497;3599.861;2005.706;49.286;186.992;2255.526;1571.562;2514.160;1187.095;2400.666;794.641;2239.960;2770.807;666.197;957.142;1839.072;3089.964;666.390;1717.959;2477.571;3601.323;920.341;2477.572;273.973;1483.268;0.986;3598.021;1707.890;3587.225;1365.656;3562.120;852.937;819.438;2197.952;3023.965;3587.885;2126.834;1.792;1980.939;1011.595;2678.346;3592.138;1638.082;2499.790;10.244;1880.930;361.533;2301.576;1258.405;2933.348;1.163;4.862;2639.713;1911.686;2068.126;3575.352;1773.682;2976.232;1848.671;3261.119;2818.734;237.830;969.834;3011.223;728.949;442.690;1662.180;1534.823;2692.168;1384.074,860.407;1354.032;1516.366;3263.156;3599.530;1994.734;-0.438;2238.787;2201.594;2952.276;1222.803;3.076;2017.592;593.691;2590.660;3069.966;1511.967;3600.681;676.620;3597.508;1725.488;2577.302;2728.979;3600.986;3600.562;-0.886;2.423;1820.764;2.475;2473.487;1881.996;2160.609;1536.931;1101.243;3356.164;2440.209;0.358;341.957;2050.711;621.745;1436.864;2875.904;1449.660;3424.518;2764.745;2054.658;267.716;1778.916;2864.844;3600.127;278.155;283.607;2570.363;2988.869;251.185;2863.260;2832.549;2521.676;1056.173;1452.368;1283.649;3047.137;630.076;1122.385;3598.201;3288.400;3599.230;3248.590;128.084;-0.413;1696.790;3027.886;3140.038;2089.064;3600.464;558.528;407.170;895.204;917.241;930.556;236.164;1320.329;-0.561;1811.949;3310.579;1785.926;2258.609;2287.088;3600.863;2435.708;2960.408;806.375;3580.831;562.046;1010.195;2407.983;937.297;3597.188;3227.922;542.011
337,612.7161998748779,336,-563.1141242613753,563.1141242613753,0.03272806765447146,3596.181;2074.927;3560.662;3107.020;2746.258;595.525;3597.571;1.087;509.582;1324.535;2854.912;490.819;3280.060;3599.880;361.699;2159.339;1.453;1263.183;4.431;3599.756;1277.755;3597.618;2983.561;3348.232;578.798;7.219;2287.199;0.646;3163.779;1048.196;2591.814;3600.121;2005.231;47.741;185.575;2257.136;1570.892;2515.769;1186.438;2399.498;793.231;2241.316;2769.209;667.626;958.790;1840.656;3088.495;665.423;1718.882;2478.788;3599.725;918.736;2475.918;272.321;1481.624;2.155;3599.551;1708.953;3586.237;1364.423;3563.718;852.537;818.157;2198.347;3025.576;3589.205;2125.804;3.438;1982.543;1012.176;2680.004;3590.671;1636.493;2498.737;10.354;1882.498;361.264;2302.956;1259.276;2934.773;2.313;6.212;2640.307;1912.691;2067.274;3574.607;1772.054;2977.553;1847.293;3259.510;2820.377;236.340;968.197;3012.711;730.533;441.149;1661.400;1536.300;2693.284;1382.669,859.869;1355.607;1514.815;3264.175;3600.272;1993.492;-1.551;2240.280;2199.932;2952.588;1224.346;2.715;2015.956;593.529;2591.502;3071.592;1513.369;3599.649;675.043;3596.773;1724.547;2578.308;2727.398;3599.935;3599.864;0.655;3.945;1822.387;1.874;2475.127;1882.607;2162.168;1535.314;1099.586;3357.798;2438.556;1.634;340.371;2052.273;622.814;1438.476;2874.355;1450.510;3423.580;2763.121;2054.824;268.275;1777.463;2865.574;3599.515;276.502;284.312;2571.928;2989.516;250.125;2861.695;2834.004;2520.651;1055.733;1450.741;1285.307;3046.094;631.689;1120.785;3599.686;3288.578;3599.315;3247.074;126.466;-1.568;1695.669;3029.429;3141.441;2089.163;3600.674;557.415;407.126;894.586;915.830;932.127;234.511;1319.593;0.418;1810.350;3309.012;1787.481;2256.953;2285.527;3600.037;2436.984;2962.025;807.981;3581.813;560.475;1011.151;2406.562;938.590;3598.011;3226.532;543.054
338,614.4171504974365,337,-563.1616665377402,563.1616665377402,0.04443408211895673,3595.203;2075.716;3561.941;3108.512;2747.551;594.944;3599.106;-0.515;508.830;1323.099;2856.540;492.204;3278.674;3600.105;360.153;2160.110;1.041;1261.771;5.969;3600.892;1276.701;3599.039;2982.042;3346.712;577.331;6.611;2285.674;-0.934;3165.264;1049.679;2593.304;3599.154;2006.371;47.371;184.128;2258.769;1572.056;2516.321;1184.839;2400.778;794.592;2242.131;2768.203;668.907;959.765;1839.472;3086.884;666.500;1720.249;2477.394;3598.814;919.302;2474.546;270.808;1480.160;3.409;3598.240;1710.491;3587.355;1365.704;3562.825;850.947;816.818;2196.858;3026.544;3590.808;2127.142;5.056;1981.800;1013.722;2678.694;3591.698;1634.855;2497.132;8.914;1881.255;359.687;2304.552;1257.754;2936.370;3.343;6.912;2641.892;1911.860;2065.933;3575.444;1770.802;2979.178;1846.251;3258.247;2821.391;234.709;966.925;3014.303;731.050;442.122;1662.690;1537.883;2691.813;1381.062,861.368;1354.465;1513.191;3265.726;3599.224;1994.412;0.023;2241.880;2200.280;2951.011;1225.981;1.112;2016.886;591.966;2589.980;3072.358;1514.600;3600.731;673.686;3595.250;1725.762;2576.891;2725.790;3600.535;3601.426;0.266;2.766;1821.380;0.268;2474.528;1881.204;2161.211;1533.715;1100.100;3359.369;2436.943;0.134;338.836;2052.688;621.313;1437.436;2875.307;1452.119;3421.967;2762.516;2056.415;269.835;1775.860;2867.182;3600.679;275.611;282.807;2573.296;2988.562;251.518;2860.881;2832.452;2520.556;1054.231;1449.249;1284.582;3044.480;633.326;1119.179;3601.320;3287.021;3598.296;3245.496;127.933;0.003;1694.101;3028.096;3143.067;2090.757;3599.143;556.123;405.567;896.153;917.360;930.857;235.519;1321.020;-0.980;1811.552;3309.001;1786.022;2258.449;2283.892;3601.417;2438.608;2963.555;809.479;3583.425;560.921;1009.652;2405.223;937.788;3598.575;3227.756;544.671
339,616.2564718723297,338,-563.173092317281,563.173092317281,0.0450222176764528,3596.609;2074.159;3563.543;3107.509;2746.279;596.366;3600.719;-1.338;507.247;1324.560;2855.393;493.737;3277.073;3601.503;359.877;2161.519;1.468;1263.144;5.396;3599.414;1275.457;3600.643;2980.735;3348.234;575.725;8.114;2284.108;0.576;3166.483;1048.395;2594.914;3600.716;2007.970;45.857;184.605;2260.179;1570.891;2517.571;1184.574;2399.380;793.252;2240.620;2767.069;670.468;958.317;1837.879;3087.675;666.462;1719.713;2475.977;3598.006;920.883;2472.997;272.136;1478.574;4.522;3599.662;1712.006;3585.869;1365.173;3564.346;852.256;816.914;2198.314;3028.136;3589.698;2128.216;4.004;1980.309;1012.260;2677.196;3590.228;1633.868;2498.124;8.983;1882.332;358.075;2306.169;1256.747;2936.237;1.847;8.363;2640.779;1910.434;2064.375;3573.947;1771.934;2978.638;1844.656;3256.647;2820.300;234.318;965.770;3015.918;732.625;440.629;1664.269;1539.476;2693.157;1382.319,862.252;1352.867;1512.234;3264.678;3600.428;1996.003;-0.250;2243.484;2198.749;2951.074;1224.899;-0.415;2018.358;593.335;2589.411;3071.107;1515.203;3599.183;672.100;3595.440;1724.543;2576.434;2726.731;3599.720;3600.320;-0.831;1.467;1819.896;-1.138;2473.082;1882.730;2162.625;1534.649;1100.890;3359.525;2435.409;-1.344;337.231;2054.181;619.832;1438.536;2876.893;1450.983;3420.535;2764.009;2057.880;269.510;1774.243;2868.519;3599.205;276.980;283.814;2572.734;2989.826;250.378;2860.866;2833.016;2518.977;1055.744;1448.467;1283.837;3042.883;632.521;1117.944;3599.767;3285.425;3599.627;3244.027;127.625;-0.527;1695.418;3029.391;3143.913;2092.374;3600.353;557.645;406.787;894.729;918.973;929.330;235.368;1322.586;0.468;1810.466;3307.466;1786.944;2258.997;2282.344;3600.031;2438.289;2963.254;811.043;3585.006;559.474;1008.039;2405.410;936.289;3600.158;3228.887;546.229
340,618.1252982616425,339,-563.1712109456726,563.1712109456726,0.03972397565105009,3595.287;2072.969;3565.004;3106.147;2745.446;595.150;3599.509;0.168;508.638;1324.643;2854.309;492.517;3278.472;3599.965;358.594;2160.030;2.960;1261.995;3.855;3600.224;1273.876;3599.514;2982.149;3346.892;574.183;8.988;2285.566;0.743;3164.995;1049.099;2596.509;3599.444;2008.150;44.266;186.162;2260.515;1569.313;2516.178;1183.529;2399.326;792.067;2239.052;2767.325;672.062;958.462;1836.303;3088.764;665.116;1718.337;2477.243;3598.902;922.296;2473.604;270.727;1477.901;6.094;3600.290;1713.596;3586.449;1363.627;3564.372;853.813;815.671;2199.371;3029.699;3591.136;2126.934;2.581;1981.742;1011.418;2675.613;3589.242;1634.859;2497.060;7.437;1883.883;356.484;2307.765;1258.156;2934.768;2.222;9.665;2640.305;1908.847;2065.714;3574.666;1773.496;2979.995;1843.196;3255.612;2818.870;235.643;964.236;3017.476;733.336;439.940;1662.770;1540.669;2694.506;1383.857,862.579;1351.557;1513.630;3263.222;3601.440;1995.088;-1.435;2244.894;2197.166;2951.918;1224.720;0.356;2016.986;593.548;2587.935;3072.581;1516.577;3598.355;671.207;3596.904;1723.174;2577.950;2728.171;3598.994;3599.417;0.643;-0.115;1821.287;0.317;2474.514;1884.322;2164.208;1536.007;1099.352;3360.704;2435.329;0.090;338.123;2055.771;620.755;1437.605;2875.630;1451.407;3421.480;2762.776;2057.182;270.883;1772.953;2867.437;3597.835;275.482;285.358;2573.534;2991.393;249.060;2859.315;2833.721;2517.728;1055.689;1446.900;1285.367;3041.412;631.251;1116.441;3600.511;3286.068;3601.171;3244.781;126.550;-0.432;1694.313;3030.952;3143.493;2093.465;3600.240;556.790;407.924;893.282;920.257;930.566;233.830;1324.146;0.704;1808.895;3308.963;1786.963;2257.761;2281.213;3599.846;2437.916;2961.908;811.929;3585.301;560.918;1007.868;2406.675;937.762;3601.346;3227.459;546.367
341,620.0247526168823,340,-563.1797437427192,563.1797437427192,0.05235360612363665,3596.589;2071.920;3565.229;3104.744;2743.921;593.624;3598.049;0.947;510.146;1323.216;2853.504;492.485;3279.959;3600.718;357.044;2161.219;4.371;1262.457;4.859;3601.761;1274.616;3598.370;2983.701;3345.907;572.624;7.470;2286.329;0.009;3164.124;1048.106;2597.986;3599.799;2006.701;42.706;187.445;2259.080;1568.474;2514.703;1184.576;2398.184;791.660;2237.889;2768.849;673.636;959.753;1837.581;3089.093;666.470;1717.212;2475.803;3600.451;921.815;2474.887;270.681;1479.277;4.612;3601.746;1712.420;3585.210;1362.202;3563.139;853.712;814.111;2200.422;3030.676;3592.574;2125.841;1.612;1980.959;1011.830;2674.227;3587.746;1634.848;2495.521;7.472;1885.176;357.385;2309.115;1258.431;2933.213;3.735;8.935;2641.363;1910.309;2067.093;3576.208;1772.098;2978.752;1844.343;3256.882;2818.129;237.006;962.900;3016.996;732.429;441.264;1663.004;1539.259;2693.474;1384.174,864.115;1349.994;1514.418;3262.325;3599.928;1993.687;0.052;2245.340;2197.306;2953.447;1223.244;1.096;2015.913;594.385;2586.381;3072.503;1518.131;3597.149;672.257;3598.466;1722.859;2578.848;2728.575;3597.457;3600.402;-0.076;-0.073;1822.763;0.314;2474.194;1885.867;2165.105;1537.571;1097.804;3361.467;2436.499;-0.854;337.245;2055.896;621.837;1436.120;2874.459;1452.943;3422.840;2761.357;2058.446;272.202;1771.412;2865.923;3596.270;275.764;285.371;2573.897;2992.915;250.468;2858.734;2835.263;2517.430;1054.184;1445.415;1286.261;3042.458;629.693;1117.846;3600.310;3287.565;3599.925;3244.577;124.996;-1.561;1692.758;3030.558;3142.153;2092.830;3601.227;555.507;407.227;892.144;919.169;929.286;232.921;1324.509;-0.595;1808.581;3310.178;1787.823;2256.308;2280.942;3601.296;2437.075;2962.106;813.329;3584.076;559.588;1009.349;2408.225;939.095;3599.825;3226.161;546.393
342,621.7356588840485,341,-563.1802593667288,563.1802593667288,0.03962116676688483,3597.281;2070.388;3564.863;3103.198;2742.385;594.863;3598.299;-0.099;510.796;1323.347;2854.894;493.950;3278.605;3599.450;357.281;2162.735;2.951;1263.965;4.469;3600.435;1275.136;3599.531;2983.911;3345.517;571.218;6.399;2287.824;1.078;3162.603;1049.582;2598.170;3601.286;2007.552;41.214;188.864;2258.384;1568.397;2514.669;1186.106;2396.651;790.156;2236.364;2769.761;672.808;958.304;1837.449;3090.609;664.979;1715.686;2476.698;3599.417;920.300;2474.915;272.131;1480.820;3.063;3600.255;1713.573;3584.117;1360.815;3564.537;853.859;815.476;2201.019;3032.167;3594.007;2124.309;3.065;1981.847;1010.409;2672.893;3589.207;1635.660;2496.289;6.019;1884.565;358.869;2307.723;1257.654;2934.582;2.928;10.419;2640.512;1908.994;2068.637;3577.503;1771.808;2977.586;1843.232;3258.170;2816.847;237.923;964.345;3015.781;733.856;442.734;1663.899;1540.352;2694.791;1385.609,862.692;1348.692;1514.479;3261.024;3600.338;1992.740;0.241;2246.833;2198.715;2952.016;1224.067;-0.335;2017.181;595.865;2587.619;3071.790;1519.510;3598.055;670.924;3599.815;1721.346;2577.492;2727.095;3595.919;3600.838;-0.910;-1.394;1823.428;-1.134;2472.771;1885.739;2163.652;1539.120;1097.937;3362.991;2435.060;0.447;338.622;2054.677;623.371;1434.802;2873.141;1452.176;3424.383;2762.649;2057.303;270.795;1772.416;2864.714;3596.925;276.199;286.866;2575.414;2991.480;249.081;2860.187;2834.455;2517.784;1054.582;1444.937;1285.128;3043.930;628.157;1119.288;3599.664;3289.047;3601.009;3243.084;123.617;-0.062;1691.285;3031.657;3143.605;2094.210;3599.725;553.968;405.783;892.208;918.065;930.625;234.359;1323.013;0.794;1810.049;3309.286;1789.348;2257.609;2282.376;3599.879;2435.552;2963.598;814.801;3582.555;560.700;1009.598;2406.757;940.538;3599.636;3224.701;544.891
343,623.5922031402588,342,-563.1943314124278,563.1943314124278,0.04940256687931135,3595.875;2071.623;3563.367;3101.767;2743.059;596.095;3597.329;1.151;509.340;1324.829;2856.410;492.637;3277.405;3600.505;356.407;2164.126;2.384;1264.520;2.975;3601.483;1273.851;3601.028;2985.377;3346.945;571.979;4.909;2286.430;-0.243;3161.091;1048.700;2598.862;3601.820;2006.109;42.341;187.584;2256.921;1566.924;2516.151;1187.629;2395.208;788.629;2236.923;2771.268;671.366;956.800;1838.918;3092.110;663.782;1714.173;2475.331;3600.530;918.837;2476.308;273.566;1482.281;1.899;3599.296;1712.280;3585.551;1359.290;3563.810;855.266;816.997;2199.574;3033.644;3593.627;2123.317;1.677;1981.933;1008.884;2673.415;3590.496;1637.158;2497.687;7.407;1886.027;360.361;2306.367;1259.118;2933.594;1.501;9.082;2639.007;1907.716;2068.750;3578.034;1773.227;2976.081;1841.729;3256.909;2818.132;239.430;965.817;3017.103;735.216;444.087;1665.195;1539.412;2693.465;1387.136,864.062;1349.971;1513.002;3259.504;3601.600;1994.204;-1.071;2245.823;2198.598;2950.843;1225.397;0.359;2018.699;594.428;2587.340;3070.296;1518.070;3599.561;672.285;3598.965;1719.823;2575.972;2728.005;3594.746;3599.350;0.558;0.081;1821.977;0.252;2473.969;1884.253;2162.181;1537.936;1098.611;3362.066;2435.546;-0.636;337.294;2053.246;624.775;1436.272;2871.622;1452.941;3425.905;2764.157;2055.795;270.690;1773.925;2866.043;3598.028;274.753;288.157;2574.541;2989.983;247.569;2861.712;2835.899;2516.315;1053.132;1443.486;1283.614;3045.429;626.811;1120.624;3598.197;3287.974;3599.576;3244.265;124.907;0.732;1692.706;3030.187;3142.767;2092.903;3600.477;552.484;404.296;893.701;919.448;929.187;235.850;1324.234;0.025;1811.498;3307.828;1789.965;2257.441;2283.854;3600.600;2434.745;2965.128;813.620;3581.185;562.213;1008.272;2406.375;939.176;3600.680;3226.126;543.826
344,625.4727253913879,343,-563.1654548243172,563.1654548243172,0.035162390771960254,3596.756;2070.327;3562.947;3102.984;2742.323;597.356;3595.868;-0.066;510.313;1325.288;2855.160;491.161;3275.929;3599.673;355.030;2165.618;0.949;1263.098;2.695;3600.211;1275.274;3599.708;2986.878;3347.466;570.560;4.088;2287.432;-0.869;3159.639;1047.270;2600.343;3600.361;2005.116;42.179;188.947;2255.427;1565.420;2517.074;1188.050;2393.713;787.367;2235.519;2772.734;672.683;955.857;1840.380;3091.034;662.515;1712.665;2473.828;3599.306;918.734;2475.163;272.383;1483.778;0.755;3599.529;1713.394;3585.369;1357.779;3562.840;856.763;818.499;2200.792;3034.506;3594.960;2121.878;1.510;1980.481;1007.508;2672.044;3590.179;1638.304;2498.438;6.824;1887.505;359.978;2307.687;1260.484;2932.375;0.086;9.400;2637.497;1908.219;2070.187;3576.916;1774.582;2976.264;1840.737;3257.496;2817.804;240.929;965.056;3017.990;734.598;443.276;1663.788;1537.969;2692.249;1388.606,863.666;1348.990;1513.503;3259.193;3600.173;1995.038;0.246;2246.983;2200.056;2949.578;1224.038;-1.047;2017.682;593.218;2585.914;3071.165;1516.874;3599.457;673.072;3600.137;1720.362;2576.110;2729.181;3593.708;3599.210;0.283;-0.067;1821.976;-0.501;2472.728;1884.053;2160.857;1537.586;1097.228;3363.455;2434.212;-1.346;338.213;2052.461;623.870;1435.077;2870.170;1454.057;3427.155;2763.796;2056.737;269.327;1773.658;2867.523;3599.296;274.026;289.589;2575.803;2988.592;246.568;2862.978;2834.918;2517.559;1052.987;1441.984;1283.079;3046.899;627.973;1121.946;3599.140;3288.889;3599.286;3245.329;125.562;-0.238;1693.624;3028.886;3144.111;2093.799;3599.196;552.950;402.802;895.044;920.576;929.548;237.243;1325.702;-1.429;1812.915;3308.979;1788.596;2257.072;2285.350;3599.315;2436.169;2963.991;814.919;3580.246;563.686;1008.634;2404.929;939.676;3599.329;3227.478;542.942
345,627.3793499469757,344,-563.1760736757961,563.1760736757961,0.04207813268904113,3598.169;2071.250;3561.521;3104.375;2740.861;595.949;3597.175;-1.229;511.668;1325.364;2854.437;489.935;3276.560;3600.926;356.453;2165.239;-0.538;1261.966;3.849;3600.707;1276.380;3600.478;2985.736;3346.081;571.586;5.403;2286.422;0.576;3159.740;1048.348;2600.038;3599.376;2005.892;43.441;188.437;2256.626;1565.381;2515.872;1188.878;2392.497;785.891;2234.464;2772.346;671.538;954.449;1839.453;3092.091;662.214;1713.725;2474.592;3599.574;918.188;2476.517;273.592;1483.093;0.194;3600.712;1714.497;3584.115;1357.649;3564.250;857.981;818.047;2199.462;3033.253;3594.608;2120.568;0.069;1981.839;1006.564;2671.549;3589.433;1637.401;2499.883;6.740;1886.289;358.543;2306.792;1260.562;2933.362;-1.397;10.769;2636.896;1909.625;2070.737;3575.518;1774.919;2974.922;1839.364;3258.945;2819.250;240.319;963.634;3016.809;735.809;441.816;1665.115;1537.842;2693.488;1388.389,864.387;1350.225;1512.064;3260.538;3599.001;1996.331;-0.588;2245.700;2201.250;2948.107;1223.050;0.262;2017.912;591.743;2587.115;3072.586;1515.987;3600.524;671.851;3598.747;1719.089;2577.533;2727.833;3595.147;3600.607;-0.821;-0.775;1820.592;0.702;2471.588;1882.638;2162.017;1536.496;1098.441;3364.021;2435.441;0.046;337.093;2051.036;623.494;1436.240;2869.739;1453.101;3425.915;2765.039;2057.967;270.702;1774.971;2868.446;3600.770;272.575;290.484;2574.494;2989.903;246.490;2861.706;2835.769;2516.296;1054.180;1441.459;1281.677;3045.602;628.229;1122.158;3599.506;3287.497;3597.996;3243.968;127.014;0.795;1693.607;3028.218;3144.563;2095.176;3600.280;551.910;403.842;894.578;922.049;928.438;236.336;1324.963;-0.061;1813.476;3310.141;1789.721;2255.725;2284.439;3600.396;2435.150;2965.140;813.645;3581.672;565.071;1010.055;2405.902;938.267;3598.256;3228.920;544.298
346,629.0947675704956,345,-563.1677304555914,563.1677304555914,0.0311297874426377,3599.529;2070.358;3562.557;3103.676;2741.440;594.971;3596.945;0.182;510.414;1323.938;2855.817;491.095;3277.806;3599.601;356.005;2166.645;0.632;1263.188;2.582;3599.754;1277.726;3599.190;2986.687;3346.833;571.134;4.190;2286.456;-0.052;3158.383;1049.653;2601.367;3599.673;2006.641;42.186;189.749;2255.417;1565.354;2514.485;1190.318;2393.743;786.752;2233.047;2773.672;672.301;955.372;1840.697;3093.527;662.416;1712.607;2473.420;3599.586;919.564;2477.927;272.465;1483.991;-1.231;3599.584;1713.200;3582.710;1356.600;3565.408;857.146;816.763;2198.259;3034.558;3595.949;2119.126;-1.060;1980.676;1005.326;2670.113;3588.615;1638.491;2499.923;5.382;1885.467;359.841;2305.681;1259.450;2931.974;-0.031;11.187;2638.206;1908.457;2072.104;3576.846;1774.325;2974.068;1839.220;3258.020;2819.986;240.445;962.363;3018.196;734.614;443.010;1665.500;1536.740;2692.194;1389.019,864.714;1349.623;1511.877;3259.138;3598.931;1997.750;0.293;2244.269;2202.472;2949.244;1223.025;0.065;2016.634;590.508;2585.833;3071.422;1515.490;3599.121;670.578;3597.608;1720.231;2578.915;2728.895;3596.252;3599.519;0.570;0.602;1819.569;0.310;2470.864;1883.005;2163.183;1535.073;1097.554;3362.814;2436.354;-0.864;336.674;2049.899;622.073;1435.503;2868.369;1454.196;3425.028;2765.061;2056.695;272.157;1773.857;2869.837;3600.381;272.767;289.213;2574.940;2990.911;247.745;2860.544;2836.173;2516.585;1055.543;1441.916;1280.806;3046.281;627.354;1123.562;3600.787;3286.261;3598.647;3245.125;127.210;-0.071;1692.885;3027.071;3143.230;2094.460;3599.906;550.783;402.957;895.735;923.465;927.021;236.867;1325.624;-0.857;1814.239;3309.016;1788.850;2256.877;2283.242;3599.429;2433.739;2966.352;813.947;3583.026;566.495;1011.501;2407.147;936.990;3599.219;3230.351;545.752
347,630.9645166397095,346,-563.2098213014887,563.2098213014887,0.04218407187426955,3600.971;2071.709;3563.570;3105.054;2740.134;593.571;3597.931;0.025;510.763;1324.586;2857.229;491.397;3279.229;3598.880;356.710;2166.037;0.048;1262.052;3.857;3600.825;1276.612;3599.698;2986.826;3347.693;572.042;2.914;2285.924;-1.323;3159.585;1051.092;2600.110;3598.394;2005.253;40.942;188.493;2255.402;1566.746;2515.411;1190.766;2395.160;786.507;2234.383;2772.982;672.279;954.466;1840.009;3094.078;663.827;1713.668;2474.304;3598.260;918.314;2479.170;271.032;1485.093;0.150;3600.138;1711.965;3581.344;1357.863;3566.524;855.742;817.267;2196.830;3033.396;3594.646;2117.681;0.294;1980.690;1006.650;2671.328;3589.977;1637.323;2498.576;4.813;1884.059;359.831;2304.253;1258.017;2932.117;-0.064;12.472;2639.632;1909.318;2073.135;3578.110;1772.907;2975.426;1838.855;3259.212;2821.394;239.045;962.260;3017.160;735.796;442.339;1664.464;1535.309;2690.840;1387.653,863.327;1350.156;1513.134;3258.366;3600.038;1999.179;-0.971;2243.668;2202.757;2948.947;1224.434;-1.193;2015.241;589.132;2584.416;3070.104;1516.670;3599.288;669.197;3596.938;1721.588;2578.181;2729.724;3597.569;3600.474;0.115;1.228;1820.146;-1.021;2472.046;1881.768;2162.621;1535.254;1098.549;3364.002;2435.071;0.430;338.062;2048.471;623.167;1434.694;2868.026;1455.629;3424.068;2764.696;2057.505;271.798;1775.132;2870.507;3600.801;271.480;289.947;2575.321;2992.028;246.704;2859.348;2835.005;2517.210;1056.755;1440.573;1279.387;3045.043;628.388;1124.948;3599.384;3286.649;3597.620;3245.960;125.907;1.143;1694.251;3025.652;3144.153;2093.039;3601.038;552.149;402.122;897.160;922.849;926.112;238.275;1324.322;0.355;1815.628;3307.656;1787.579;2255.533;2282.314;3600.170;2434.112;2967.789;814.013;3583.877;567.652;1010.598;2408.514;936.582;3600.457;3231.628;544.650
348,632.8641600608826,347,-563.2248645707111,563.2248645707111,0.03186582381503989,3600.296;2072.532;3564.977;3105.245;2740.987;592.268;3599.341;-0.941;511.682;1323.890;2858.572;490.126;3280.611;3599.917;357.183;2166.837;1.249;1260.664;3.359;3600.128;1277.636;3601.088;2988.170;3348.841;573.291;1.665;2284.530;0.016;3158.846;1051.024;2599.520;3599.335;2004.059;42.061;187.460;2256.629;1566.064;2515.298;1190.152;2394.172;787.648;2235.574;2774.043;671.970;955.826;1841.043;3092.747;664.971;1712.493;2473.012;3599.592;919.303;2477.834;269.620;1486.506;0.462;3598.753;1710.593;3580.969;1356.753;3565.182;854.687;816.018;2195.679;3034.225;3595.018;2118.024;0.844;1979.396;1007.436;2671.423;3591.394;1636.098;2499.785;3.476;1884.299;361.158;2303.059;1258.624;2932.544;-0.589;11.131;2641.040;1910.023;2074.523;3578.454;1771.831;2976.838;1840.243;3258.135;2822.615;237.829;960.894;3015.812;734.512;442.262;1665.005;1533.890;2689.438;1386.565,863.769;1348.817;1512.003;3259.052;3601.450;1998.248;0.256;2243.649;2204.104;2950.114;1225.858;0.151;2013.828;587.724;2583.136;3070.640;1515.349;3600.625;670.114;3595.642;1720.402;2576.786;2728.458;3596.461;3599.628;1.261;2.264;1821.534;0.319;2473.453;1880.399;2161.316;1536.605;1097.467;3362.835;2436.021;0.337;337.025;2049.424;624.489;1436.043;2866.633;1457.012;3425.327;2763.301;2057.860;273.095;1774.394;2871.901;3599.418;270.059;288.619;2576.629;2991.203;247.986;2859.922;2836.366;2515.905;1056.964;1439.149;1279.068;3045.135;627.087;1123.688;3598.954;3287.937;3598.978;3247.361;124.802;-0.126;1695.539;3024.274;3144.136;2091.904;3599.750;550.836;400.717;898.354;923.783;924.706;238.799;1324.198;-0.304;1815.814;3306.231;1787.388;2255.673;2283.569;3598.909;2435.354;2969.131;815.385;3582.667;568.904;1011.883;2407.467;937.026;3600.069;3232.756;545.779
349,634.5833461284637,348,-563.2610362990507,563.2610362990507,0.047482193456336294,3599.189;2073.512;3564.465;3106.587;2741.024;590.871;3600.742;0.346;513.051;1325.109;2857.339;488.772;3282.009;3601.257;358.555;2165.888;2.646;1261.888;4.686;3599.040;1276.776;3600.558;2987.047;3350.234;574.611;2.867;2283.122;-0.933;3158.268;1052.160;2598.479;3600.663;2004.652;43.336;186.074;2258.019;1565.387;2516.610;1188.772;2395.434;788.933;2236.878;2775.386;670.614;956.972;1840.499;3092.319;666.366;1711.118;2472.232;3600.954;920.603;2476.430;270.022;1485.444;0.347;3598.556;1710.425;3579.642;1355.694;3565.867;853.300;815.003;2195.354;3034.617;3593.662;2119.324;1.317;1978.711;1008.742;2672.716;3592.579;1634.699;2498.647;4.695;1885.649;361.963;2303.840;1257.414;2931.200;-1.229;9.789;2642.311;1908.688;2073.323;3579.825;1770.507;2978.093;1841.649;3256.743;2824.014;236.430;959.488;3015.931;733.952;441.000;1664.042;1533.065;2688.388;1385.173,865.032;1347.596;1510.641;3259.249;3600.204;1996.920;0.222;2244.272;2202.875;2951.315;1225.715;0.297;2014.992;588.174;2584.125;3069.284;1516.408;3599.512;668.753;3596.626;1721.169;2575.504;2727.060;3597.643;3600.964;0.275;0.953;1822.928;0.168;2474.788;1879.420;2162.603;1537.746;1098.777;3364.033;2434.670;1.607;335.638;2050.811;623.274;1435.025;2867.334;1458.412;3423.989;2761.908;2057.575;272.064;1773.080;2873.304;3599.886;271.205;287.234;2578.023;2992.533;249.389;2858.735;2836.648;2514.622;1058.337;1439.536;1280.411;3043.853;626.030;1122.290;3599.784;3286.624;3599.477;3246.048;126.076;-1.486;1694.784;3025.563;3145.506;2093.190;3600.921;551.834;399.343;897.182;924.929;923.413;237.523;1325.499;0.471;1814.446;3304.825;1786.018;2254.783;2282.216;3600.138;2436.745;2970.535;816.779;3583.926;567.660;1011.041;2406.074;936.731;3601.079;3231.533;547.121
350,636.4480690956116,349,-563.2520211553195,563.2520211553195,0.02752852445780191,3600.521;2074.883;3565.640;3106.008;2742.159;590.838;3599.492;-0.112;512.065;1323.798;2858.131;490.089;3281.862;3599.958;359.263;2166.666;1.518;1261.876;6.004;3600.374;1278.069;3599.661;2986.254;3350.696;575.971;1.652;2283.451;0.201;3159.574;1053.533;2597.105;3599.404;2003.456;44.689;185.164;2258.783;1566.718;2515.336;1188.215;2396.547;790.202;2238.183;2774.093;669.235;957.793;1840.453;3091.005;667.516;1711.898;2470.888;3599.674;919.975;2476.709;270.697;1484.582;-0.946;3597.792;1709.073;3578.275;1356.806;3567.169;851.982;813.631;2194.005;3033.340;3594.670;2118.371;2.155;1977.349;1010.125;2674.089;3592.953;1633.395;2497.274;5.969;1884.850;363.131;2302.528;1256.047;2932.077;0.114;9.743;2643.684;1909.425;2074.210;3578.635;1769.124;2977.925;1841.964;3257.693;2823.765;235.138;958.188;3015.274;732.635;440.650;1665.361;1531.831;2689.614;1383.818,866.414;1346.822;1510.076;3260.032;3600.121;1997.523;0.462;2242.935;2204.057;2952.213;1227.013;1.126;2016.366;589.413;2583.544;3067.977;1517.755;3598.300;668.248;3597.995;1722.158;2574.145;2726.109;3596.870;3600.115;-1.027;1.197;1823.638;0.034;2475.869;1878.072;2161.484;1536.448;1099.780;3363.712;2434.585;2.299;334.496;2050.994;622.473;1434.276;2867.557;1459.592;3422.770;2761.229;2058.921;272.437;1771.712;2874.005;3599.121;272.560;285.846;2579.370;2992.425;250.748;2860.019;2835.635;2513.241;1057.144;1439.492;1279.426;3043.798;624.662;1121.782;3600.613;3286.925;3600.834;3245.443;124.818;-0.197;1696.111;3026.896;3145.543;2093.577;3599.719;551.741;397.992;895.812;926.301;922.076;238.423;1324.259;-0.562;1814.202;3303.520;1784.631;2256.088;2281.341;3599.191;2438.087;2971.684;817.683;3583.783;566.353;1012.061;2404.720;935.381;3599.732;3230.384;548.482
351,638.2361357212067,350,-563.2505494687587,563.2505494687587,0.023614439496978543,3599.719;2076.156;3566.999;3104.681;2743.517;592.160;3599.792;-1.200;513.308;1322.779;2857.098;489.950;3282.817;3599.400;357.939;2165.362;2.634;1263.075;4.780;3600.238;1278.080;3598.311;2987.510;3351.550;574.857;1.951;2284.754;0.159;3160.939;1052.573;2597.076;3598.625;2002.115;45.878;186.298;2257.665;1566.363;2516.359;1186.878;2397.895;791.540;2239.379;2775.297;670.114;959.083;1841.786;3092.128;668.831;1713.168;2470.846;3599.818;921.273;2478.018;270.070;1483.240;0.308;3599.091;1707.966;3577.001;1356.601;3568.534;851.904;813.026;2195.013;3032.445;3595.867;2119.569;0.840;1975.987;1009.624;2673.069;3591.975;1633.063;2496.787;4.713;1886.128;361.830;2302.416;1257.114;2932.942;0.646;8.425;2643.292;1908.426;2072.950;3578.003;1767.755;2979.168;1841.694;3258.078;2824.934;236.004;956.826;3016.555;731.269;439.339;1665.244;1530.482;2690.316;1384.138,865.855;1348.144;1511.333;3261.377;3599.565;1998.864;-0.866;2241.569;2202.879;2953.559;1228.239;1.428;2017.638;588.160;2582.210;3066.661;1519.123;3598.361;669.476;3597.218;1723.511;2575.165;2727.225;3598.082;3599.316;0.249;2.529;1824.657;-0.088;2477.205;1876.715;2160.281;1535.084;1098.560;3362.390;2435.568;1.111;335.262;2050.597;623.357;1435.334;2866.633;1460.942;3423.057;2760.650;2057.912;273.760;1770.403;2874.383;3600.257;271.705;284.605;2578.112;2991.664;251.677;2861.177;2834.314;2514.124;1058.009;1438.185;1278.255;3042.778;625.752;1120.919;3599.377;3285.644;3599.854;3246.610;123.488;-0.351;1696.862;3027.762;3144.371;2094.100;3600.497;550.443;397.431;894.796;927.659;920.732;237.810;1322.938;0.640;1812.937;3302.839;1783.267;2254.891;2281.946;3600.079;2438.835;2972.748;816.519;3585.036;567.399;1013.386;2405.492;934.019;3600.346;3231.035;549.790
352,639.9424772262573,351,-563.2624513868798,563.2624513868798,0.03154142315148719,3600.757;2075.320;3565.871;3103.523;2742.836;591.950;3600.874;0.091;513.584;1323.115;2858.270;488.712;3281.526;3599.081;358.151;2164.865;3.298;1262.072;3.575;3598.989;1278.958;3597.199;2988.263;3352.877;576.069;2.593;2285.305;1.323;3159.988;1053.158;2597.757;3599.874;2001.012;47.219;185.567;2258.452;1565.804;2517.504;1187.350;2397.118;790.799;2240.706;2776.144;668.834;960.319;1842.124;3092.978;668.266;1712.103;2472.052;3600.894;921.181;2477.722;271.358;1484.192;-0.456;3600.063;1707.163;3577.561;1355.301;3569.829;853.071;814.057;2196.306;3033.146;3595.123;2118.762;-0.212;1975.366;1008.338;2673.296;3592.662;1633.012;2496.855;3.963;1887.120;362.723;2301.163;1258.389;2932.322;-0.457;7.123;2642.302;1908.806;2072.304;3579.243;1767.947;2980.354;1842.976;3257.197;2826.276;236.706;957.835;3017.667;731.306;438.011;1664.768;1531.285;2689.076;1385.306,864.767;1348.040;1512.656;3262.725;3598.583;1999.100;0.118;2240.507;2202.587;2953.842;1228.243;2.472;2018.398;586.908;2583.180;3065.469;1520.178;3597.163;669.492;3597.765;1723.479;2573.998;2726.398;3598.830;3600.432;0.187;2.905;1823.805;0.821;2478.063;1875.896;2158.945;1535.523;1099.289;3361.097;2434.548;-0.170;334.545;2051.806;624.688;1436.652;2867.110;1460.903;3424.194;2761.590;2056.579;274.993;1769.663;2873.475;3600.690;270.408;284.472;2578.826;2990.338;250.577;2862.455;2832.996;2515.436;1058.506;1436.985;1277.050;3044.073;626.801;1122.117;3600.530;3286.378;3600.413;3247.305;123.310;0.574;1695.700;3029.084;3145.059;2094.149;3600.468;549.131;398.275;895.177;927.346;920.369;239.095;1321.611;1.353;1812.114;3301.525;1783.678;2256.031;2283.176;3600.934;2439.716;2973.640;815.807;3584.242;566.235;1012.695;2404.499;933.831;3600.433;3229.835;549.008
353,641.7904706001282,352,-563.2535693884012,563.2535693884012,0.035588891006556794,3599.665;2076.194;3566.471;3104.662;2744.089;590.695;3599.648;-0.191;514.856;1324.410;2857.002;487.573;3280.202;3598.802;359.154;2165.796;4.580;1260.831;3.063;3599.546;1277.671;3598.212;2989.567;3354.190;574.848;1.363;2284.051;0.631;3159.190;1051.873;2596.468;3601.066;1999.699;46.036;186.533;2257.213;1564.502;2518.417;1188.608;2396.266;789.496;2239.455;2777.450;670.049;959.044;1840.880;3094.024;666.963;1710.792;2470.775;3599.633;922.387;2477.631;270.300;1485.380;0.622;3599.048;1708.418;3578.014;1353.990;3570.628;854.393;815.369;2197.630;3031.873;3596.195;2120.010;0.151;1976.573;1007.010;2674.594;3593.969;1634.302;2498.152;2.673;1888.436;362.025;2302.383;1259.349;2931.904;0.707;6.859;2640.993;1910.008;2073.581;3579.601;1769.238;2981.672;1841.722;3255.885;2825.052;237.514;956.716;3018.986;732.054;439.274;1663.468;1530.092;2688.306;1386.627,863.448;1347.467;1513.087;3261.972;3599.297;1997.913;-0.894;2241.746;2201.503;2952.555;1226.951;1.190;2017.266;586.250;2584.471;3066.475;1521.441;3598.376;668.254;3596.634;1722.191;2573.796;2727.660;3600.133;3601.294;1.055;2.102;1822.501;-0.462;2476.804;1874.590;2157.676;1534.322;1098.046;3362.237;2433.231;-1.491;333.247;2053.127;623.708;1435.451;2865.816;1462.088;3425.514;2760.350;2055.298;276.302;1768.357;2874.764;3599.408;270.142;285.756;2579.950;2989.118;249.267;2863.378;2831.984;2514.333;1059.807;1435.664;1278.218;3044.465;625.859;1122.019;3599.322;3285.365;3599.242;3246.114;124.589;-0.544;1696.980;3028.302;3146.366;2095.447;3599.220;549.960;397.013;896.463;928.636;919.675;240.388;1322.253;0.068;1813.387;3302.745;1782.490;2257.352;2284.500;3599.648;2441.008;2972.367;817.045;3583.590;567.246;1011.389;2405.605;932.653;3599.185;3231.059;550.263
354,643.6665575504303,353,-563.2491154915908,563.2491154915908,0.03844600414604236,3599.003;2077.365;3565.462;3105.938;2745.394;589.414;3599.849;-1.347;515.205;1325.514;2856.798;488.737;3280.706;3600.061;360.420;2165.705;5.878;1259.766;1.855;3600.786;1277.213;3597.339;2989.246;3353.293;574.091;0.297;2284.963;1.504;3160.426;1052.384;2595.435;3599.974;2000.378;46.919;186.462;2258.238;1564.282;2517.168;1187.397;2397.510;789.788;2238.303;2776.362;670.465;957.822;1839.578;3094.145;667.720;1711.083;2470.085;3599.150;921.661;2476.479;271.368;1484.866;-0.062;3600.159;1708.499;3577.625;1354.900;3571.785;855.675;815.952;2198.234;3031.805;3597.482;2121.286;-1.083;1977.549;1007.530;2675.508;3595.064;1633.227;2498.987;3.254;1887.395;363.166;2303.025;1258.213;2930.622;-0.191;5.606;2640.704;1910.238;2073.091;3578.786;1770.302;2981.525;1841.254;3254.644;2824.491;236.257;955.541;3019.213;730.876;439.102;1662.321;1529.008;2687.017;1387.730,863.374;1348.377;1511.838;3260.684;3598.051;1997.361;0.221;2242.947;2200.210;2951.902;1226.382;-0.056;2018.480;587.500;2584.036;3065.653;1520.604;3599.615;666.988;3595.413;1722.668;2572.703;2728.581;3601.434;3600.122;-0.006;0.823;1821.191;-0.506;2475.607;1874.555;2157.873;1533.270;1098.728;3363.311;2431.993;-0.330;333.881;2054.381;622.445;1434.154;2866.375;1461.074;3424.589;2761.411;2056.096;276.086;1767.125;2875.745;3600.432;271.349;286.880;2581.036;2990.156;248.493;2862.167;2833.115;2513.065;1060.270;1436.465;1279.518;3043.215;626.907;1120.875;3598.633;3284.089;3598.051;3244.809;125.739;0.372;1697.747;3029.390;3147.535;2096.684;3600.074;551.234;395.767;895.224;929.778;920.929;241.615;1323.509;-1.027;1812.414;3303.366;1781.612;2258.066;2283.286;3600.323;2442.318;2972.167;818.248;3584.846;566.148;1010.098;2406.485;933.734;3598.808;3232.158;550.052
355,645.5653080940247,354,-563.2619226203383,563.2619226203383,0.039348869174296676,3600.075;2076.581;3565.808;3105.134;2745.103;590.377;3600.133;-0.140;513.954;1324.481;2857.215;489.429;3280.483;3601.291;359.970;2166.934;5.852;1258.486;0.789;3599.659;1277.654;3598.186;2989.276;3354.047;574.998;-0.924;2285.245;1.623;3159.949;1051.859;2595.893;3599.513;2001.225;46.332;187.615;2257.981;1563.604;2516.619;1187.907;2397.428;788.727;2238.237;2776.601;669.576;956.720;1839.826;3092.888;668.107;1710.872;2470.633;3600.055;922.559;2476.625;272.569;1486.086;-1.166;3599.208;1709.666;3576.370;1354.636;3572.923;855.930;816.304;2197.295;3032.899;3598.725;2120.620;0.092;1976.448;1006.456;2675.608;3596.344;1634.216;2499.141;3.681;1887.805;362.107;2302.516;1257.133;2931.566;-0.560;5.914;2639.862;1908.981;2073.734;3579.805;1769.773;2981.543;1840.361;3255.632;2824.246;236.462;956.531;3020.370;731.955;438.453;1663.296;1530.124;2686.423;1388.859,862.948;1348.185;1512.453;3260.812;3599.050;1998.575;-0.305;2243.175;2198.917;2950.947;1225.941;-0.303;2019.475;587.202;2583.174;3064.637;1521.441;3598.410;668.036;3594.140;1721.687;2572.971;2728.894;3600.230;3601.262;0.577;1.932;1820.225;0.732;2476.450;1874.686;2156.683;1534.335;1099.823;3362.301;2431.742;-0.032;332.870;2055.172;623.473;1434.324;2865.505;1460.087;3425.143;2762.670;2055.050;274.956;1767.865;2876.444;3600.013;270.542;288.072;2579.974;2989.009;247.235;2863.364;2834.239;2512.595;1061.037;1435.514;1279.501;3043.772;625.752;1121.984;3599.360;3283.361;3598.506;3245.108;125.232;0.663;1697.391;3030.515;3146.948;2097.021;3601.322;550.434;394.664;894.901;931.028;919.996;241.186;1322.762;0.065;1811.845;3303.762;1780.348;2257.389;2283.868;3599.752;2442.678;2972.007;817.654;3586.134;565.110;1009.440;2405.335;932.727;3599.758;3233.387;550.482
356,647.2761113643646,355,-563.27811943347,563.27811943347,0.04093297754122152,3599.151;2075.411;3566.977;3106.284;2744.051;589.691;3598.928;-0.197;513.396;1324.879;2856.823;488.250;3281.673;3600.071;361.196;2167.369;6.988;1257.232;-0.475;3600.472;1276.432;3598.381;2989.607;3352.821;576.252;0.189;2286.490;2.858;3158.777;1053.039;2597.136;3600.593;2002.217;45.095;187.865;2257.811;1562.625;2515.372;1189.128;2398.618;789.392;2238.379;2776.467;668.362;956.641;1840.954;3093.300;666.978;1709.629;2470.555;3601.192;921.466;2475.396;271.624;1487.303;0.045;3599.957;1710.917;3577.487;1353.413;3572.929;857.163;817.547;2196.637;3034.154;3599.831;2121.416;-0.671;1975.189;1005.251;2674.378;3597.606;1635.362;2500.361;2.507;1886.780;363.276;2301.268;1258.339;2930.393;0.640;6.408;2640.332;1907.727;2074.945;3580.828;1768.603;2982.565;1840.015;3255.482;2823.080;235.386;956.928;3021.609;733.207;437.206;1662.110;1531.376;2685.174;1390.120,861.701;1349.417;1513.672;3259.574;3600.258;1999.846;-1.320;2242.058;2198.272;2951.795;1224.786;0.252;2018.384;588.092;2584.335;3063.385;1520.255;3599.059;668.727;3592.878;1722.760;2574.187;2730.123;3600.107;3600.294;1.822;1.295;1818.999;-0.239;2475.558;1875.923;2157.789;1535.578;1101.085;3363.206;2432.677;-0.906;334.101;2056.013;624.506;1433.419;2865.579;1459.849;3423.990;2763.914;2054.302;276.166;1766.796;2875.710;3601.174;269.295;289.341;2581.165;2989.975;245.962;2862.931;2833.142;2511.433;1062.291;1434.270;1280.442;3043.717;624.489;1123.249;3599.955;3282.149;3598.764;3244.268;123.999;-0.565;1696.151;3031.704;3145.787;2095.925;3600.126;549.192;394.602;894.079;932.264;920.967;239.979;1322.848;-0.471;1810.768;3302.899;1779.372;2256.137;2283.825;3599.828;2442.948;2971.514;816.443;3587.209;566.253;1010.540;2404.095;933.807;3601.012;3234.659;549.271
357,649.1342558860779,356,-563.2823319944973,563.2823319944973,0.052769922603291455,3597.911;2076.602;3568.225;3107.139;2743.886;590.862;3597.714;-0.821;512.172;1326.104;2855.600;489.311;3280.553;3599.317;360.134;2168.596;8.127;1256.250;0.617;3600.339;1276.271;3599.605;2990.832;3353.797;575.079;-0.994;2286.195;4.055;3157.560;1052.320;2596.181;3601.540;2001.023;43.840;189.091;2259.023;1561.383;2516.273;1190.048;2399.539;790.617;2237.166;2777.689;669.512;955.540;1841.603;3094.524;665.729;1708.387;2469.336;3599.992;920.939;2474.142;271.753;1488.556;-0.643;3598.965;1712.138;3578.133;1352.237;3574.147;857.148;818.324;2195.405;3035.351;3601.065;2122.296;0.405;1973.947;1004.007;2675.177;3598.810;1636.501;2499.365;3.632;1887.950;364.455;2302.267;1257.265;2929.950;1.437;7.616;2641.561;1906.472;2074.249;3582.066;1769.347;2983.807;1838.789;3254.257;2822.447;234.139;955.756;3022.864;734.463;438.360;1661.048;1532.607;2684.269;1391.271,860.458;1348.305;1514.896;3258.670;3599.116;2000.483;-0.121;2243.226;2198.193;2950.696;1225.903;-0.963;2019.292;589.333;2585.097;3062.397;1519.102;3600.180;667.559;3593.880;1722.406;2572.995;2731.220;3601.073;3600.927;0.914;0.138;1819.345;-1.471;2474.318;1875.099;2156.660;1534.534;1102.215;3362.443;2431.469;0.258;335.102;2057.224;623.868;1432.181;2864.608;1461.069;3424.770;2763.823;2055.420;276.091;1765.558;2876.759;3600.112;270.408;290.507;2582.417;2988.849;244.844;2864.069;2834.294;2512.549;1063.546;1433.185;1279.361;3044.917;625.181;1122.137;3601.187;3282.895;3597.582;3243.047;124.464;0.214;1697.152;3030.506;3146.977;2096.941;3599.599;550.111;393.380;894.417;931.977;922.191;241.177;1324.072;-0.841;1811.953;3303.069;1778.229;2256.310;2282.606;3601.042;2444.174;2970.452;817.565;3586.382;565.224;1009.573;2403.262;934.997;3599.831;3233.666;548.094
358,651.0184760093689,357,-563.2553251719954,563.2553251719954,0.03238342113402721,3598.767;2077.821;3568.187;3107.552;2745.082;590.956;3596.482;0.331;511.643;1325.437;2856.524;490.528;3279.584;3600.036;359.692;2168.473;7.226;1257.327;1.189;3601.525;1277.281;3599.014;2991.720;3354.986;574.055;-0.703;2285.123;5.223;3158.637;1053.445;2595.224;3600.341;1999.941;43.224;188.292;2258.342;1562.409;2515.932;1189.075;2400.710;791.793;2237.939;2777.686;670.318;954.309;1840.483;3094.507;666.356;1709.213;2468.180;3599.733;919.727;2474.655;270.684;1488.043;-0.287;3599.118;1711.043;3577.038;1353.367;3575.079;855.987;817.886;2194.167;3034.653;3599.891;2123.190;0.688;1974.820;1004.662;2676.170;3598.994;1636.833;2498.220;4.865;1887.358;364.898;2302.658;1256.096;2931.066;2.593;6.519;2642.555;1907.175;2073.074;3583.304;1768.823;2982.925;1837.753;3254.668;2821.939;233.150;955.444;3023.359;733.695;438.354;1662.019;1533.546;2683.350;1390.202,861.193;1348.772;1514.194;3257.843;3598.795;2001.254;-0.038;2242.784;2199.391;2949.511;1227.048;-0.115;2018.262;589.148;2583.919;3061.173;1517.953;3599.811;666.818;3594.734;1721.278;2573.936;2732.452;3599.932;3599.755;-0.201;-0.971;1818.148;-0.372;2473.312;1875.658;2155.544;1533.856;1102.358;3361.355;2431.264;-0.608;336.101;2056.135;622.657;1431.506;2865.792;1461.942;3424.391;2765.015;2056.644;277.236;1766.607;2877.962;3600.752;271.406;290.492;2582.716;2987.827;243.924;2863.780;2833.345;2511.503;1062.553;1432.148;1278.746;3044.571;624.213;1122.783;3600.027;3282.071;3597.973;3243.627;125.663;1.250;1697.315;3029.699;3146.838;2095.945;3600.451;550.835;393.481;893.285;933.143;922.600;241.762;1323.465;0.337;1813.055;3304.214;1777.502;2256.621;2283.052;3599.925;2443.903;2969.401;817.758;3587.399;565.340;1010.580;2403.845;933.929;3599.249;3234.632;548.283
359,652.9277329444885,358,-563.2491269881737,563.2491269881737,0.04478806209212583,3599.897;2078.605;3568.016;3108.739;2746.287;589.817;3595.428;-0.424;512.694;1324.271;2857.261;491.696;3279.439;3600.583;359.864;2167.358;8.322;1258.540;0.033;3600.430;1278.488;3597.982;2991.248;3354.106;574.572;-1.201;2284.227;6.440;3159.802;1054.583;2594.063;3599.949;2000.951;42.087;189.275;2257.166;1563.528;2514.807;1187.865;2401.921;792.758;2238.599;2776.558;669.746;953.121;1839.270;3095.672;667.494;1710.094;2469.197;3600.726;919.486;2475.387;271.709;1488.836;0.058;3600.294;1709.916;3575.824;1354.583;3576.284;854.770;816.694;2194.503;3034.089;3600.787;2124.387;-0.460;1975.905;1005.856;2677.281;3599.555;1638.024;2499.298;3.895;1886.187;365.853;2301.496;1254.935;2930.515;3.810;5.318;2641.781;1907.293;2072.129;3584.475;1769.819;2981.724;1836.558;3255.608;2820.746;232.091;956.620;3024.512;732.517;437.662;1662.789;1532.387;2682.143;1389.017,860.877;1347.613;1513.004;3257.200;3597.701;2000.298;-0.445;2243.219;2200.575;2950.645;1227.408;-0.150;2019.127;588.031;2584.952;3060.057;1516.795;3600.984;667.697;3595.937;1722.414;2573.246;2733.394;3600.268;3600.330;-1.414;0.139;1817.525;0.667;2472.198;1874.518;2155.233;1535.002;1103.471;3360.143;2430.900;0.292;337.251;2054.921;623.615;1430.458;2865.094;1461.569;3425.263;2766.131;2055.630;276.164;1767.327;2876.828;3601.597;271.461;289.726;2581.774;2987.281;243.749;2863.377;2834.298;2510.770;1062.883;1432.032;1277.548;3043.419;623.981;1123.960;3599.880;3283.232;3596.830;3244.823;125.414;2.349;1698.341;3028.585;3146.214;2096.891;3599.325;549.747;394.489;892.950;932.109;921.481;242.910;1324.307;0.661;1814.142;3305.421;1778.633;2257.791;2283.748;3600.786;2442.916;2968.191;816.687;3586.260;565.942;1009.799;2405.041;934.825;3598.684;3235.645;547.103
360,654.6480660438538,359,-563.2098409104966,563.2098409104966,0.03604516794756259,3598.989;2079.526;3566.886;3109.902;2745.861;588.897;3594.548;0.481;513.644;1324.508;2856.166;491.251;3278.409;3599.477;360.940;2166.213;8.755;1257.808;-1.052;3600.625;1277.683;3599.009;2990.261;3353.183;575.567;-0.046;2283.192;5.525;3160.988;1055.504;2594.574;3600.137;2001.831;43.149;188.241;2256.473;1564.623;2513.883;1187.099;2401.825;792.088;2238.717;2776.836;668.610;952.014;1838.200;3096.655;668.014;1711.277;2470.200;3599.691;918.632;2476.570;272.589;1487.742;-0.963;3599.659;1708.727;3576.488;1355.552;3576.745;854.972;816.726;2194.311;3032.925;3599.740;2125.009;-1.117;1977.092;1006.851;2676.453;3600.606;1637.215;2499.296;4.728;1885.056;364.758;2301.623;1254.677;2931.638;4.825;4.132;2640.802;1908.446;2070.938;3585.457;1771.012;2980.523;1837.049;3256.716;2821.221;233.159;957.043;3023.401;731.449;436.505;1663.084;1531.533;2682.080;1388.305,861.965;1348.429;1511.934;3258.281;3598.432;2001.381;0.636;2242.112;2200.410;2951.702;1226.253;0.673;2018.230;587.884;2584.683;3060.680;1516.897;3600.023;668.876;3595.211;1723.292;2574.181;2734.584;3601.130;3599.366;-0.315;-0.648;1816.353;1.347;2471.489;1873.486;2156.292;1534.135;1102.448;3360.980;2432.025;-0.711;337.558;2053.777;622.564;1430.021;2866.107;1460.472;3424.140;2767.307;2056.580;275.047;1768.370;2875.708;3600.444;271.661;288.566;2580.583;2988.409;244.894;2862.201;2833.406;2509.598;1062.225;1433.199;1276.508;3042.219;624.966;1125.064;3598.966;3282.259;3596.793;3245.389;126.522;2.829;1699.471;3028.498;3145.040;2096.032;3599.477;550.848;395.683;891.801;931.150;920.536;242.039;1325.200;-0.052;1813.536;3306.560;1779.305;2258.561;2284.916;3599.789;2441.742;2967.680;815.496;3586.940;567.112;1010.847;2406.242;935.109;3599.194;3236.585;546.002
361,656.5213623046875,360,-563.2367747443041,563.2367747443041,0.02465668624665682,3597.910;2078.697;3567.259;3109.209;2744.752;589.468;3595.651;-0.393;513.975;1323.484;2856.765;490.108;3279.500;3600.424;361.957;2165.654;7.755;1256.836;0.052;3599.557;1278.020;3600.173;2989.089;3352.937;576.670;0.809;2283.408;4.496;3160.110;1054.618;2595.718;3599.457;2002.866;42.936;187.096;2257.546;1563.636;2514.991;1186.120;2402.868;790.922;2239.807;2777.592;667.429;952.771;1838.725;3097.530;667.935;1710.306;2471.346;3599.908;919.624;2476.233;273.761;1487.702;0.177;3599.312;1709.709;3577.438;1354.701;3576.217;855.938;817.712;2195.275;3033.889;3599.401;2125.778;-0.004;1976.767;1006.030;2675.288;3599.471;1638.185;2498.596;3.813;1885.532;365.026;2300.667;1255.777;2931.496;3.984;4.896;2639.632;1908.238;2071.325;3585.116;1770.519;2980.017;1836.480;3257.799;2822.051;232.134;958.129;3023.725;732.317;435.517;1662.019;1532.186;2682.300;1387.153,862.671;1348.386;1510.760;3259.453;3597.544;2002.496;-0.353;2241.681;2199.275;2951.060;1227.280;-0.324;2019.327;586.732;2585.777;3060.767;1518.043;3599.485;667.954;3594.059;1724.452;2573.554;2733.567;3600.057;3600.499;0.466;0.470;1817.239;0.561;2472.576;1872.715;2157.263;1534.311;1103.556;3362.147;2431.544;0.355;336.921;2052.901;622.983;1429.174;2865.118;1461.588;3422.978;2766.328;2056.048;274.849;1767.301;2874.625;3600.276;270.522;287.383;2581.288;2989.423;245.760;2861.508;2833.486;2510.691;1061.529;1432.198;1275.502;3041.971;626.131;1124.099;3599.497;3281.131;3597.683;3244.316;125.448;1.684;1698.535;3027.484;3145.961;2095.192;3600.550;550.031;395.223;892.882;930.224;919.366;242.711;1326.153;-1.204;1813.140;3307.589;1778.174;2259.707;2283.973;3600.532;2442.333;2968.823;815.344;3586.119;566.838;1011.480;2406.757;934.736;3600.337;3235.914;546.658
362,658.416074514389,361,-563.2298609071001,563.2298609071001,0.02610978107912039,3597.583;2079.772;3568.401;3110.216;2743.588;590.549;3596.809;0.419;512.882;1322.459;2855.649;489.282;3278.710;3599.513;363.116;2165.267;6.605;1257.741;0.075;3600.171;1277.130;3601.226;2990.131;3354.050;576.111;1.857;2284.538;5.081;3159.212;1053.464;2595.090;3600.085;2001.762;41.811;188.143;2256.580;1562.485;2514.450;1187.070;2401.883;789.757;2238.697;2778.739;667.456;951.905;1837.622;3096.551;666.801;1710.763;2470.378;3599.429;920.783;2475.229;272.733;1488.587;0.157;3600.439;1710.813;3578.590;1353.552;3575.089;857.096;818.871;2195.780;3034.877;3598.413;2124.679;-0.681;1977.759;1004.877;2676.073;3598.327;1639.297;2499.695;2.977;1886.647;364.120;2301.609;1256.935;2932.550;2.838;6.047;2638.469;1909.117;2072.466;3583.978;1771.632;2979.265;1835.335;3257.237;2821.321;233.062;957.036;3024.419;733.466;436.285;1660.858;1533.326;2683.441;1388.177,861.685;1349.503;1511.236;3259.909;3598.187;2003.197;0.186;2242.145;2198.599;2952.069;1226.339;-0.283;2018.408;585.712;2586.291;3061.889;1519.125;3599.870;668.266;3593.938;1723.639;2574.638;2733.741;3600.744;3600.179;0.238;-0.195;1816.890;-0.539;2471.613;1871.579;2158.376;1533.202;1103.066;3361.640;2431.696;-0.476;338.016;2052.895;624.052;1428.936;2865.249;1462.191;3423.968;2766.593;2055.060;274.649;1768.314;2875.171;3599.333;269.641;288.208;2580.517;2988.631;244.823;2861.066;2832.415;2510.344;1060.568;1431.354;1276.457;3042.918;626.648;1124.838;3600.132;3280.630;3596.872;3244.701;125.993;0.876;1699.386;3026.647;3146.102;2095.648;3599.659;550.294;395.948;894.022;931.125;919.696;242.469;1325.066;-0.089;1814.244;3308.744;1779.096;2260.846;2284.507;3599.870;2441.279;2969.504;814.301;3585.255;567.915;1010.401;2407.744;933.613;3599.286;3236.863;547.140
363,660.122151851654,362,-563.2439536785657,563.2439536785657,0.042093550422267756,3598.665;2080.671;3568.571;3111.358;2742.540;589.525;3597.727;-0.492;511.735;1323.514;2854.816;490.339;3277.859;3600.314;362.473;2164.268;5.527;1258.832;1.116;3601.251;1275.994;3600.178;2989.837;3355.062;576.584;1.252;2285.642;6.160;3160.266;1054.000;2595.786;3601.200;2001.708;42.363;187.149;2257.483;1562.935;2513.331;1188.143;2400.990;789.595;2239.462;2778.078;666.462;950.768;1837.736;3095.409;666.325;1711.699;2469.328;3600.460;919.769;2474.085;273.710;1489.723;-0.773;3599.686;1710.001;3579.391;1354.051;3575.013;857.231;820.017;2194.686;3033.866;3597.779;2123.604;0.349;1976.769;1004.541;2675.238;3599.039;1638.250;2499.858;4.052;1887.156;362.981;2301.486;1256.196;2933.556;1.688;6.640;2638.576;1908.155;2073.518;3582.941;1772.290;2978.502;1836.255;3258.294;2822.179;232.207;956.762;3023.325;734.456;437.086;1660.801;1532.403;2683.353;1388.819,862.647;1348.717;1510.463;3258.824;3597.275;2004.275;-0.571;2243.272;2199.627;2950.992;1226.565;0.733;2019.376;586.759;2585.188;3060.854;1520.270;3600.992;669.381;3593.779;1723.804;2573.823;2734.330;3599.731;3601.212;-0.353;0.683;1815.778;0.478;2470.500;1872.353;2157.298;1533.319;1104.129;3360.545;2430.585;0.186;338.935;2053.533;625.144;1427.812;2866.336;1462.813;3424.264;2767.710;2056.097;273.570;1768.829;2876.299;3600.272;270.736;289.339;2581.233;2987.504;243.682;2862.183;2833.130;2509.225;1059.429;1430.401;1277.481;3041.895;625.562;1125.734;3599.030;3281.390;3597.971;3243.735;125.078;1.675;1700.267;3027.491;3146.790;2094.637;3600.709;549.845;394.846;893.008;932.264;918.648;243.562;1323.918;-0.683;1815.389;3307.967;1778.060;2259.826;2285.511;3600.904;2442.126;2970.634;815.364;3584.128;566.814;1009.256;2406.694;934.506;3598.249;3235.880;546.333
364,661.9761209487915,363,-563.2209974632774,563.2209974632774,0.019365971703907116,3599.797;2081.792;3567.513;3112.467;2743.411;588.475;3598.801;0.520;511.477;1323.897;2855.427;490.774;3278.805;3599.825;361.935;2163.342;4.969;1259.666;0.658;3600.171;1275.964;3601.231;2989.011;3354.169;576.931;1.559;2286.708;5.189;3161.244;1055.046;2594.829;3600.103;2001.952;43.475;186.084;2258.454;1563.829;2513.187;1187.122;2402.017;790.324;2239.857;2776.974;667.248;951.058;1836.661;3094.472;667.311;1712.105;2469.602;3599.474;918.719;2473.200;272.780;1489.144;0.282;3598.598;1710.641;3578.417;1354.969;3575.853;856.190;821.119;2194.139;3032.787;3596.702;2124.377;1.225;1977.042;1005.592;2675.647;3599.984;1637.681;2500.845;3.314;1886.097;361.978;2300.418;1255.199;2933.636;1.743;5.697;2639.482;1907.297;2073.205;3581.811;1771.768;2979.600;1836.186;3259.320;2821.310;231.125;956.872;3022.558;733.645;436.191;1659.757;1531.307;2682.583;1387.978,861.669;1347.721;1511.527;3258.599;3598.127;2005.318;0.493;2242.982;2199.358;2950.497;1227.089;-0.276;2018.974;587.504;2584.284;3061.229;1520.332;3599.999;668.556;3594.847;1724.780;2573.101;2733.855;3599.830;3600.393;0.717;1.417;1816.161;-0.281;2469.867;1873.187;2157.722;1534.344;1104.586;3361.568;2429.470;-0.169;340.060;2052.463;625.324;1426.706;2866.176;1462.048;3423.331;2767.114;2056.138;272.439;1769.925;2877.081;3600.023;270.895;289.405;2582.344;2988.085;242.759;2861.752;2834.247;2509.267;1058.474;1430.659;1278.110;3040.802;625.687;1125.370;3598.934;3282.509;3597.558;3242.627;124.060;2.589;1700.079;3026.392;3147.905;2093.509;3599.728;548.961;394.203;893.275;931.766;919.672;242.750;1323.461;0.184;1816.089;3308.778;1776.986;2260.286;2286.324;3599.909;2443.201;2969.831;816.037;3584.415;567.122;1009.479;2407.426;935.332;3598.669;3236.429;545.231
365,663.86248087883,364,-563.252363857711,563.252363857711,0.032851163514989144,3599.731;2082.891;3567.868;3112.157;2743.364;587.385;3599.862;0.535;512.466;1323.204;2856.455;489.773;3278.581;3600.859;361.146;2164.378;3.945;1260.114;1.231;3599.922;1275.870;3600.486;2987.907;3355.159;578.023;2.618;2287.679;4.079;3160.600;1055.243;2595.770;3599.552;2002.037;43.250;184.984;2259.366;1564.737;2514.260;1187.820;2402.765;789.399;2240.941;2776.820;666.248;951.978;1835.606;3095.223;668.409;1711.107;2470.642;3598.855;918.207;2474.046;272.273;1488.340;0.974;3598.063;1711.212;3579.193;1355.864;3575.284;855.423;821.969;2193.043;3032.811;3595.607;2123.889;0.810;1975.982;1005.358;2674.652;3600.680;1638.101;2499.885;2.331;1885.272;362.054;2299.316;1255.857;2934.720;1.217;6.549;2640.297;1906.205;2072.220;3581.401;1772.768;2980.373;1835.511;3260.408;2822.302;230.018;957.561;3023.564;734.540;435.089;1660.710;1531.134;2681.746;1386.874,860.909;1348.516;1510.714;3259.625;3597.220;2005.951;-0.371;2241.970;2200.245;2949.496;1228.178;-1.278;2019.537;586.489;2584.042;3061.503;1520.030;3600.434;667.761;3595.866;1723.737;2572.194;2732.760;3600.838;3599.910;-0.051;2.508;1817.098;-0.075;2470.739;1874.288;2156.828;1535.303;1105.669;3362.036;2429.489;0.790;341.152;2051.477;626.402;1427.536;2865.585;1463.093;3424.192;2766.606;2055.064;273.383;1770.487;2877.986;3601.065;269.887;288.380;2583.393;2987.169;241.682;2861.713;2834.645;2510.176;1058.878;1429.704;1278.704;3041.225;626.691;1124.277;3600.005;3281.601;3598.552;3241.736;122.963;2.548;1698.991;3025.798;3148.938;2092.400;3599.342;547.858;394.135;893.363;931.839;920.702;243.769;1322.422;0.623;1816.904;3307.735;1776.610;2261.354;2285.335;3600.458;2442.696;2970.709;815.050;3583.383;568.055;1009.965;2406.740;934.290;3599.760;3237.390;545.868
366,665.5671722888947,365,-563.3003233292904,563.3003233292904,0.0406688739058984,3598.754;2082.549;3568.530;3111.192;2744.272;586.285;3600.588;-0.489;513.555;1324.266;2857.549;488.800;3279.638;3599.840;362.202;2163.380;4.929;1259.094;0.231;3600.407;1274.796;3599.763;2986.941;3356.237;577.039;1.586;2286.649;4.502;3159.517;1056.316;2596.854;3599.865;2000.971;42.895;184.884;2260.459;1563.735;2515.359;1188.904;2403.312;790.327;2242.038;2777.885;666.241;951.815;1836.111;3094.158;667.493;1710.017;2471.714;3599.844;917.153;2473.020;271.375;1488.687;1.292;3598.979;1712.292;3580.265;1354.832;3576.329;855.012;822.967;2192.050;3033.881;3594.512;2124.924;-0.221;1974.906;1004.321;2673.581;3601.722;1639.175;2498.796;2.376;1886.287;363.122;2298.479;1255.353;2935.820;2.150;5.616;2641.383;1905.112;2071.125;3581.757;1772.436;2980.458;1834.429;3259.387;2823.398;229.139;958.304;3024.661;735.627;434.000;1659.781;1532.155;2680.661;1386.157,859.822;1347.818;1511.362;3258.678;3598.045;2005.024;0.536;2241.120;2199.257;2950.203;1227.429;-0.216;2018.515;586.871;2584.933;3060.459;1518.956;3599.989;666.882;3596.962;1722.854;2573.224;2732.480;3599.863;3600.848;0.155;1.720;1816.097;-1.135;2471.777;1875.389;2157.531;1536.162;1106.736;3361.186;2428.704;0.100;342.234;2052.509;625.677;1427.009;2866.643;1462.346;3423.229;2767.626;2053.968;272.410;1771.544;2876.976;3600.065;270.048;288.156;2584.431;2986.739;240.723;2861.098;2833.593;2511.249;1059.956;1430.726;1279.782;3042.302;627.462;1124.420;3600.995;3280.764;3598.997;3241.335;122.535;1.476;1697.898;3026.794;3148.031;2091.311;3600.099;548.342;395.112;893.154;930.785;921.800;242.919;1323.352;1.670;1815.914;3307.007;1775.736;2260.411;2285.994;3600.919;2441.697;2970.215;814.165;3582.311;569.145;1011.042;2405.659;934.937;3600.825;3236.557;544.814
367,667.4108679294586,366,-563.3064679331371,563.3064679331371,0.031990482975689655,3598.669;2081.597;3569.594;3110.718;2743.317;587.036;3600.952;0.482;514.071;1323.473;2858.421;489.315;3280.561;3600.454;361.427;2163.512;4.837;1258.017;0.290;3599.424;1274.008;3600.542;2985.867;3357.201;577.643;2.266;2287.515;3.546;3159.445;1055.663;2597.553;3599.367;2001.212;43.500;185.875;2260.405;1563.266;2515.460;1189.516;2402.478;789.551;2241.472;2777.094;665.676;950.884;1837.171;3093.774;666.425;1709.427;2472.721;3600.725;916.881;2473.789;272.241;1487.754;2.156;3600.009;1713.318;3581.210;1355.091;3575.486;855.935;822.770;2191.153;3033.952;3594.995;2125.792;-1.294;1973.826;1003.299;2673.028;3600.672;1640.190;2499.180;1.332;1887.178;362.192;2298.880;1256.302;2936.406;1.172;5.826;2641.162;1904.267;2071.295;3580.721;1773.360;2981.379;1833.476;3259.401;2822.803;229.508;959.371;3024.846;736.668;433.665;1660.612;1531.533;2680.470;1385.696,859.318;1346.771;1512.390;3259.398;3597.195;2005.929;1.434;2240.094;2199.329;2951.243;1227.672;0.554;2018.943;587.883;2583.963;3059.538;1519.658;3598.961;667.929;3598.039;1722.142;2574.108;2731.495;3600.512;3599.896;-0.868;2.572;1815.129;-0.150;2470.767;1876.266;2156.674;1537.162;1107.820;3360.157;2429.671;-0.261;342.807;2051.714;624.612;1425.973;2867.576;1461.276;3422.723;2768.565;2054.638;271.675;1770.635;2875.921;3599.659;271.095;287.173;2583.690;2986.617;239.760;2862.113;2832.595;2512.121;1060.061;1431.753;1280.398;3043.280;628.483;1125.321;3599.990;3281.579;3600.059;3242.330;121.474;0.483;1696.935;3027.815;3146.961;2090.925;3599.440;547.617;395.338;892.200;929.776;921.932;242.045;1322.603;0.861;1816.697;3308.007;1774.661;2260.312;2286.899;3599.889;2442.476;2969.156;813.089;3583.147;568.278;1011.479;2406.471;935.982;3599.803;3235.487;543.866
368,669.2765390872955,367,-563.302278911499,563.302278911499,0.016510029125703134,3599.704;2082.586;3568.836;3111.746;2743.103;587.350;3599.913;0.389;514.874;1322.762;2858.822;490.360;3279.667;3599.587;360.419;2162.842;5.543;1258.886;0.685;3600.188;1273.045;3599.625;2984.949;3356.452;576.643;1.372;2287.196;3.037;3160.405;1056.428;2596.586;3599.599;2000.396;42.531;184.993;2259.406;1564.296;2515.568;1188.735;2403.466;790.228;2242.434;2776.086;666.704;951.658;1837.073;3093.916;666.929;1710.376;2473.708;3599.707;915.846;2474.459;272.916;1486.698;1.689;3599.020;1712.392;3580.304;1356.130;3575.090;854.922;821.838;2190.272;3033.067;3595.792;2126.721;-0.304;1974.207;1004.264;2674.041;3600.310;1639.485;2498.240;1.862;1886.275;361.372;2297.943;1255.324;2936.717;1.013;4.941;2642.089;1905.063;2070.290;3581.596;1772.401;2981.012;1833.286;3260.389;2822.073;228.698;960.414;3024.622;736.014;433.222;1660.135;1530.484;2680.035;1384.650,860.217;1347.196;1512.180;3258.678;3597.644;2006.974;1.370;2241.058;2198.371;2952.150;1226.653;0.948;2018.006;588.818;2582.929;3058.543;1520.629;3599.848;668.729;3599.065;1721.089;2575.165;2731.158;3599.660;3599.977;0.092;1.888;1814.410;0.128;2469.754;1877.297;2157.567;1536.643;1108.770;3359.092;2430.443;0.764;343.776;2052.366;623.881;1425.709;2868.633;1460.328;3423.675;2769.610;2055.062;270.966;1770.551;2875.879;3599.170;272.147;286.159;2582.946;2987.577;238.748;2862.682;2833.188;2511.210;1059.164;1432.819;1281.446;3044.069;628.889;1124.444;3600.278;3281.470;3600.986;3243.108;121.638;0.063;1695.925;3028.697;3146.030;2091.534;3598.774;547.978;396.340;891.148;928.972;922.933;241.911;1321.568;1.421;1817.434;3307.840;1775.242;2259.288;2285.908;3600.322;2441.513;2968.767;812.158;3582.869;567.434;1010.828;2406.323;936.669;3599.461;3234.466;542.838
369,671.1720857620239,368,-563.360234054844,563.360234054844,0.026422227786596433,3600.280;2083.634;3567.852;3112.677;2742.722;586.415;3600.293;-0.605;515.909;1322.022;2859.852;489.609;3280.354;3600.078;359.372;2163.704;4.591;1259.249;-0.267;3599.853;1272.067;3599.099;2985.875;3355.462;577.553;1.701;2287.895;2.583;3159.741;1057.394;2595.556;3600.596;2001.159;41.484;185.753;2258.426;1565.014;2514.777;1188.078;2403.414;790.625;2242.674;2776.844;665.763;952.697;1837.728;3094.472;667.955;1709.577;2472.718;3600.292;914.794;2475.303;273.940;1486.523;1.208;3599.613;1713.192;3579.734;1356.965;3575.958;854.056;820.791;2191.079;3033.878;3596.821;2126.936;-0.205;1973.312;1005.212;2673.199;3599.426;1640.147;2497.235;0.885;1887.001;360.441;2297.819;1254.632;2937.673;0.100;5.903;2641.408;1904.072;2070.305;3582.263;1771.353;2981.929;1834.286;3261.266;2821.201;229.633;961.340;3025.484;735.110;434.198;1659.719;1530.663;2679.188;1383.716,859.390;1348.228;1513.171;3257.648;3598.655;2005.981;0.508;2242.073;2197.587;2952.055;1227.324;0.424;2018.001;589.022;2581.878;3059.377;1521.179;3600.446;669.741;3600.112;1720.071;2574.748;2730.428;3600.178;3600.770;-0.705;1.944;1815.416;-0.228;2470.361;1876.815;2156.687;1535.612;1108.027;3358.514;2431.467;0.846;344.794;2053.026;624.871;1426.221;2868.143;1461.087;3424.701;2768.901;2054.230;270.021;1771.389;2874.885;3599.029;271.971;286.517;2582.361;2986.648;237.742;2863.711;2832.662;2512.128;1058.162;1432.805;1281.045;3045.081;628.080;1124.513;3600.288;3282.486;3599.997;3244.142;120.658;-0.958;1694.893;3029.387;3146.916;2092.563;3599.666;548.779;395.450;890.139;927.980;923.582;242.678;1321.844;1.069;1816.445;3307.205;1774.484;2258.845;2286.853;3599.387;2441.196;2969.704;811.323;3581.843;567.833;1011.824;2407.138;937.708;3600.227;3233.426;541.788
370,672.8817300796509,369,-563.382975722828,563.382975722828,0.03454989880634168,3599.368;2084.601;3568.760;3113.491;2741.707;585.631;3600.427;0.321;515.302;1320.998;2860.295;489.528;3281.215;3601.018;359.228;2164.727;3.565;1259.097;0.717;3600.824;1272.113;3599.985;2985.335;3354.984;577.448;0.808;2288.918;1.566;3159.888;1057.862;2595.531;3599.618;2000.160;40.490;186.440;2258.631;1565.860;2513.753;1188.849;2402.407;789.723;2243.632;2776.678;666.099;953.733;1838.736;3093.524;668.258;1709.381;2472.710;3599.459;914.897;2474.390;273.311;1485.547;0.196;3600.630;1712.426;3580.677;1356.216;3575.307;853.115;819.762;2190.372;3034.798;3597.855;2125.943;-0.899;1972.345;1005.348;2672.864;3598.397;1639.231;2496.289;1.185;1887.648;361.347;2298.656;1255.541;2938.699;-0.924;6.862;2642.343;1904.370;2070.949;3581.555;1770.682;2982.958;1835.033;3260.487;2822.106;228.854;960.594;3024.659;735.985;434.967;1660.657;1529.857;2680.109;1383.621,859.331;1348.466;1512.340;3257.260;3599.691;2005.001;-0.490;2242.436;2197.612;2951.053;1228.327;1.008;2017.783;589.834;2581.521;3060.405;1522.198;3599.515;669.904;3600.967;1719.833;2573.833;2729.404;3599.362;3599.786;0.248;0.943;1815.748;0.681;2471.294;1877.185;2156.645;1535.343;1107.678;3357.501;2432.503;1.767;343.906;2054.047;624.568;1427.238;2867.302;1461.335;3423.871;2767.911;2053.695;270.887;1770.405;2875.695;3598.250;272.813;285.529;2581.341;2987.633;238.700;2863.496;2832.604;2511.363;1058.854;1433.449;1280.292;3044.599;627.054;1123.538;3599.327;3283.370;3600.635;3245.174;120.132;0.003;1694.778;3028.502;3147.046;2092.247;3600.694;549.790;394.419;890.236;928.120;922.692;241.805;1321.024;0.068;1815.450;3306.184;1773.615;2259.549;2286.441;3600.106;2442.178;2970.730;812.007;3582.423;568.140;1012.060;2406.225;938.466;3599.478;3232.825;542.420
371,674.7339191436768,370,-563.384369532142,563.384369532142,0.03074951052395293,3599.734;2083.970;3568.143;3113.412;2741.755;586.416;3601.397;-0.227;516.108;1320.042;2860.515;488.536;3282.229;3600.049;359.060;2164.524;2.593;1260.078;1.171;3599.880;1271.394;3600.942;2984.334;3355.939;578.375;1.774;2288.054;0.546;3158.961;1056.886;2596.037;3599.035;1999.893;41.265;185.482;2259.628;1564.923;2513.200;1187.914;2402.546;788.709;2243.652;2777.504;665.312;954.754;1839.722;3094.153;668.928;1708.390;2471.763;3599.536;915.867;2473.382;274.078;1484.965;1.150;3599.866;1713.324;3581.529;1355.796;3574.309;853.755;818.821;2191.361;3034.534;3597.154;2126.683;0.062;1973.221;1004.556;2673.398;3597.780;1639.096;2495.394;0.241;1888.653;361.292;2299.475;1256.556;2937.906;0.012;7.857;2641.631;1904.896;2070.093;3581.409;1770.849;2983.980;1836.034;3259.537;2823.121;227.896;959.613;3025.357;735.455;435.082;1660.003;1529.428;2680.916;1382.682,860.316;1349.461;1513.051;3258.236;3600.711;2004.000;0.480;2241.465;2196.617;2951.939;1227.495;1.382;2016.785;588.896;2582.469;3061.420;1521.968;3598.509;668.918;3600.873;1720.538;2574.793;2728.386;3599.668;3600.081;-0.197;-0.046;1816.713;0.019;2472.306;1878.180;2157.639;1536.261;1108.462;3358.431;2433.310;2.784;342.966;2054.679;623.820;1427.956;2867.721;1461.725;3422.858;2766.894;2052.765;270.485;1769.510;2874.800;3597.245;272.593;284.508;2582.175;2988.653;239.714;2862.498;2831.614;2512.065;1058.013;1434.363;1280.522;3045.511;628.011;1122.520;3600.176;3282.945;3599.874;3244.197;119.130;-0.719;1693.786;3029.426;3148.005;2091.251;3599.846;550.811;395.179;891.152;927.131;923.300;240.796;1320.376;0.452;1814.436;3305.939;1774.535;2258.682;2285.456;3600.138;2442.706;2970.687;813.010;3583.337;569.118;1013.046;2407.113;939.382;3599.972;3231.846;543.217
372,676.6139230728149,371,-563.403369212606,563.403369212606,0.044403567857790364,3598.772;2084.578;3567.298;3114.366;2740.820;587.241;3600.466;-0.459;517.095;1320.757;2861.483;488.090;3283.231;3600.458;358.130;2163.568;1.777;1259.233;1.296;3599.670;1270.400;3601.905;2983.428;3356.938;577.470;1.976;2288.337;-0.198;3159.763;1057.423;2597.005;3599.909;1998.929;40.448;185.454;2260.616;1564.661;2514.145;1187.687;2401.770;788.427;2244.543;2778.481;666.226;955.688;1838.785;3093.242;668.011;1707.435;2472.557;3598.848;915.232;2472.456;273.249;1483.978;1.093;3598.902;1714.006;3582.527;1354.849;3573.603;853.608;819.412;2191.357;3035.498;3596.274;2127.314;-0.245;1974.042;1005.119;2672.555;3597.729;1638.142;2494.423;-0.504;1888.026;362.168;2300.464;1257.225;2938.823;-0.380;8.853;2642.404;1905.876;2069.094;3580.444;1771.827;2983.247;1835.578;3258.534;2823.995;226.922;958.802;3024.393;736.382;435.567;1659.011;1530.402;2680.420;1381.722,859.515;1348.995;1512.300;3258.466;3599.835;2003.007;0.010;2242.338;2195.611;2952.751;1228.149;0.409;2015.915;589.756;2583.297;3062.403;1522.930;3598.358;668.529;3599.899;1719.604;2575.701;2727.550;3600.642;3600.980;-0.170;-0.737;1817.715;-0.957;2473.246;1879.002;2158.576;1537.232;1107.702;3358.729;2432.440;3.711;343.783;2055.669;624.748;1428.414;2868.699;1462.627;3422.605;2766.026;2053.719;269.508;1768.759;2874.084;3596.602;272.874;285.218;2582.934;2989.296;239.053;2861.668;2830.608;2512.654;1057.039;1433.934;1281.504;3045.299;628.744;1121.821;3599.626;3283.816;3600.309;3243.509;118.202;0.010;1692.845;3029.899;3148.997;2090.744;3600.481;550.046;395.140;890.395;926.194;924.291;240.235;1319.413;1.313;1813.763;3305.104;1775.532;2257.682;2284.489;3601.097;2443.687;2971.633;813.277;3582.788;568.347;1013.145;2406.391;940.380;3600.895;3230.843;542.362
373,678.518306016922,372,-563.3895932070197,563.3895932070197,0.032709793429957154,3598.631;2083.658;3566.319;3115.291;2740.572;586.700;3599.594;0.419;516.592;1321.214;2862.428;487.132;3283.325;3599.677;358.996;2162.623;2.696;1259.221;0.334;3600.460;1271.329;3600.951;2983.966;3357.920;577.815;1.308;2289.290;0.545;3159.031;1056.558;2596.150;3600.868;1999.289;39.922;184.860;2259.985;1563.727;2514.537;1186.736;2400.790;787.463;2245.272;2779.465;665.380;955.164;1838.922;3094.118;667.364;1707.205;2471.987;3599.269;916.054;2473.338;274.194;1484.666;0.132;3599.135;1714.984;3583.119;1353.862;3574.565;854.572;820.178;2190.468;3036.409;3595.534;2127.770;-1.131;1973.232;1004.162;2673.483;3596.799;1638.784;2495.308;0.439;1888.438;363.119;2301.296;1258.199;2938.077;0.497;8.249;2641.490;1905.818;2068.482;3581.319;1771.002;2982.288;1836.468;3259.166;2823.604;227.761;959.724;3024.054;735.680;435.185;1658.560;1530.966;2679.447;1382.674,858.933;1348.972;1513.139;3259.364;3599.034;2003.660;-0.948;2241.642;2196.464;2952.164;1229.064;-0.581;2016.194;588.837;2584.266;3062.434;1522.080;3597.476;669.049;3600.653;1720.522;2575.081;2727.408;3599.704;3600.064;0.640;0.207;1817.333;-0.034;2472.484;1878.051;2158.111;1536.462;1106.760;3357.958;2433.342;2.802;344.734;2054.772;625.725;1429.386;2867.839;1463.604;3423.022;2766.700;2053.847;270.397;1769.618;2873.113;3597.491;271.909;285.055;2582.074;2988.577;238.848;2861.973;2831.288;2513.629;1056.078;1432.964;1280.612;3046.067;629.172;1122.567;3600.461;3282.886;3599.434;3244.132;117.231;-0.125;1693.675;3028.950;3149.851;2089.804;3600.573;549.064;396.078;891.339;926.987;923.513;241.156;1319.929;0.427;1814.369;3304.205;1776.490;2257.062;2285.091;3600.175;2442.829;2972.612;812.326;3581.871;569.295;1013.720;2406.002;939.914;3599.951;3231.690;542.676
374,680.2333748340607,373,-563.3932889506365,563.3932889506365,0.017453948167332048,3599.270;2083.945;3565.648;3116.265;2740.492;587.552;3600.385;-0.296;516.581;1320.277;2863.256;486.259;3283.745;3600.432;358.369;2163.135;2.114;1260.144;-0.598;3599.580;1271.301;3600.323;2983.139;3357.327;578.611;2.216;2290.054;-0.332;3158.344;1056.774;2595.317;3599.958;1998.547;38.972;185.790;2259.047;1564.363;2513.632;1186.485;2400.666;786.663;2246.236;2779.899;665.030;955.110;1839.102;3093.840;666.994;1706.492;2472.484;3600.220;915.895;2474.213;274.068;1483.814;0.563;3599.827;1715.495;3583.803;1354.050;3575.224;854.033;819.550;2189.952;3036.343;3594.587;2128.727;-0.296;1972.833;1004.326;2674.434;3596.868;1639.744;2494.768;-0.222;1888.782;362.356;2301.339;1258.398;2938.638;-0.356;9.057;2641.253;1906.428;2067.520;3580.992;1770.298;2981.796;1837.223;3260.109;2824.423;228.731;960.696;3023.227;736.242;434.248;1658.111;1530.245;2678.518;1383.114,857.990;1349.733;1513.903;3258.655;3599.901;2002.855;-0.118;2241.869;2196.291;2952.312;1228.201;0.293;2015.914;588.077;2583.766;3063.308;1522.009;3598.329;670.009;3600.024;1719.932;2575.385;2726.590;3599.146;3599.430;0.269;-0.026;1817.797;0.335;2471.934;1878.338;2157.434;1537.385;1105.796;3356.994;2434.188;2.419;345.528;2055.437;626.508;1430.358;2867.277;1462.938;3423.976;2767.050;2052.905;270.835;1770.029;2873.906;3596.701;271.084;285.343;2581.168;2987.682;237.941;2862.873;2831.128;2513.655;1056.932;1432.851;1280.994;3047.013;628.357;1121.864;3599.598;3283.513;3600.254;3245.094;117.519;0.582;1693.468;3029.367;3148.952;2089.081;3599.636;548.254;395.360;891.632;926.495;923.949;241.000;1318.995;-0.158;1813.503;3303.269;1776.374;2256.119;2286.049;3599.689;2441.999;2972.555;811.357;3580.898;569.892;1014.252;2405.061;940.361;3600.357;3231.759;542.000
375,682.1004540920258,374,-563.4062610136749,563.4062610136749,0.017776414872905533,3600.094;2084.760;3566.353;3115.603;2739.634;586.618;3599.621;0.548;517.518;1319.637;2864.212;487.080;3282.829;3599.793;357.828;2162.301;1.169;1261.003;0.246;3600.302;1271.403;3599.518;2983.966;3358.098;577.744;1.394;2290.827;0.450;3159.192;1057.710;2596.175;3599.769;1997.609;39.552;185.300;2258.100;1565.310;2512.843;1186.014;2399.796;787.493;2247.197;2780.362;665.769;954.214;1840.039;3093.008;667.928;1707.248;2471.580;3599.421;914.968;2475.170;273.271;1483.305;-0.341;3600.122;1714.731;3582.991;1354.864;3575.845;853.246;818.638;2190.263;3035.420;3595.366;2127.974;0.632;1973.197;1005.238;2673.988;3597.753;1639.001;2493.822;0.561;1888.100;362.806;2302.267;1257.474;2939.544;0.265;9.955;2642.147;1905.566;2067.595;3581.823;1769.631;2980.860;1838.174;3261.019;2825.378;228.716;961.246;3022.286;735.461;433.287;1658.984;1529.566;2678.010;1382.251,857.458;1348.861;1514.828;3259.256;3600.783;2003.238;-0.051;2242.788;2196.395;2951.414;1227.726;0.093;2014.983;587.484;2582.987;3062.523;1521.110;3599.279;670.645;3600.125;1719.016;2576.234;2725.668;3599.235;3600.174;-0.636;-0.477;1818.268;-0.264;2471.028;1879.216;2156.489;1538.202;1104.853;3356.285;2435.027;1.675;346.482;2056.165;627.409;1430.600;2868.115;1462.143;3424.888;2767.891;2053.128;270.919;1769.723;2874.746;3596.810;270.934;286.280;2580.332;2986.723;236.982;2863.774;2830.212;2514.372;1056.236;1432.765;1281.696;3047.970;627.453;1121.545;3599.917;3284.298;3600.031;3245.684;117.838;1.357;1692.561;3030.192;3149.444;2088.159;3600.009;547.632;394.798;890.898;926.837;924.878;241.763;1319.843;0.651;1812.649;3302.318;1775.717;2255.481;2286.932;3599.367;2441.289;2971.673;810.629;3579.957;569.778;1015.197;2404.101;940.073;3599.575;3231.617;541.059
376,683.9955973625183,375,-563.4243253492244,563.4243253492244,0.035017795719239075,3599.373;2085.694;3567.273;3116.268;2740.313;587.048;3599.473;-0.139;518.395;1318.704;2863.439;487.982;3281.972;3599.526;356.905;2163.064;1.534;1261.604;-0.428;3601.037;1272.085;3599.461;2984.896;3358.431;576.933;0.625;2291.569;0.332;3160.134;1057.053;2595.379;3600.152;1998.139;40.476;185.872;2257.211;1565.269;2511.903;1185.086;2400.485;787.622;2246.554;2779.595;666.654;953.273;1839.349;3093.779;668.534;1708.186;2471.257;3598.584;915.182;2475.979;274.084;1482.984;0.170;3601.048;1713.943;3582.210;1355.805;3575.307;853.304;817.708;2191.183;3034.474;3596.305;2128.305;-0.137;1972.383;1006.183;2674.879;3596.872;1639.554;2493.397;1.246;1889.011;361.924;2303.212;1256.773;2938.784;-0.324;9.172;2642.127;1905.510;2068.282;3582.712;1768.705;2980.781;1837.417;3261.831;2824.718;229.074;961.000;3022.966;734.524;432.372;1659.827;1528.630;2678.783;1381.414,858.275;1349.733;1515.755;3260.172;3599.929;2002.350;0.782;2242.067;2197.294;2952.298;1226.828;0.492;2014.435;588.340;2583.830;3061.845;1521.921;3598.644;671.127;3601.041;1719.619;2577.151;2726.269;3600.115;3600.941;0.229;0.381;1818.232;0.231;2470.154;1879.971;2156.270;1537.315;1103.921;3355.640;2435.663;1.863;345.942;2056.285;626.577;1429.739;2869.027;1462.716;3424.038;2767.023;2052.366;270.004;1768.797;2873.939;3596.471;271.836;285.413;2580.447;2987.259;237.846;2863.007;2830.876;2515.179;1055.300;1433.663;1282.432;3048.918;628.306;1122.395;3600.528;3285.229;3600.890;3245.995;116.935;0.487;1691.803;3029.423;3149.843;2089.046;3600.718;548.513;394.055;889.974;925.925;925.141;240.964;1319.780;-0.251;1811.734;3303.192;1774.785;2256.385;2286.391;3600.194;2442.029;2970.859;810.716;3580.630;568.862;1016.145;2403.515;939.539;3599.256;3230.738;540.531
377,685.7054147720337,376,-563.4118554122181,563.4118554122181,0.023875595782642714,3599.273;2085.006;3566.497;3115.582;2740.080;586.471;3599.497;0.693;519.178;1317.802;2863.604;488.726;3282.668;3600.346;357.333;2163.985;1.275;1260.813;0.328;3600.227;1272.923;3599.083;2984.092;3359.330;577.778;-0.214;2290.673;-0.509;3160.898;1057.607;2594.525;3599.319;1999.057;41.407;185.399;2257.798;1566.083;2511.896;1185.015;2401.357;787.230;2245.770;2778.671;665.817;952.427;1839.385;3093.040;668.486;1708.881;2472.133;3599.417;915.497;2476.626;273.949;1483.409;0.332;3600.185;1713.676;3582.767;1356.556;3576.192;852.413;817.174;2190.431;3033.675;3596.934;2128.965;-0.565;1972.733;1006.792;2674.840;3596.569;1640.468;2493.847;1.637;1889.504;360.993;2302.547;1255.858;2939.631;0.488;8.266;2642.850;1905.622;2068.442;3583.643;1767.918;2980.069;1836.571;3262.758;2824.532;228.188;960.099;3022.693;733.745;431.440;1660.745;1527.773;2679.708;1380.502,857.414;1349.193;1515.024;3261.104;3599.599;2001.739;1.690;2242.757;2196.461;2953.228;1225.899;0.061;2015.104;589.265;2584.221;3061.384;1522.801;3598.920;672.041;3600.185;1719.103;2577.973;2725.386;3601.032;3600.107;-0.595;-0.415;1819.117;0.687;2469.253;1879.215;2155.587;1538.011;1104.775;3354.921;2435.561;0.961;346.531;2056.306;626.867;1428.809;2868.286;1461.841;3423.163;2766.357;2051.446;269.077;1768.438;2873.058;3597.371;272.744;285.364;2579.539;2987.893;238.168;2863.684;2830.578;2516.103;1055.837;1434.594;1283.354;3049.775;629.205;1123.324;3599.627;3286.129;3600.006;3246.656;117.747;1.264;1691.283;3029.734;3150.472;2089.976;3599.821;549.443;393.136;889.049;924.994;926.037;240.055;1320.667;0.501;1810.813;3304.090;1773.853;2256.549;2287.236;3600.642;2442.952;2969.932;809.833;3580.412;567.932;1016.958;2403.816;940.416;3598.356;3229.985;539.617
378,687.5616660118103,377,-563.4043191740832,563.4043191740832,0.012404564482335907,3600.159;2084.277;3565.696;3116.188;2740.957;585.965;3600.381;0.517;519.177;1318.519;2863.072;487.954;3281.921;3599.555;358.203;2163.428;0.401;1261.545;-0.157;3599.614;1272.358;3599.965;2984.679;3359.999;578.481;0.599;2289.772;0.285;3161.569;1056.852;2593.683;3598.437;1999.640;41.367;184.500;2258.648;1566.183;2512.764;1184.718;2402.236;786.342;2246.564;2777.794;664.963;953.006;1840.188;3092.405;667.727;1708.101;2472.204;3599.899;914.645;2475.777;273.053;1484.111;1.210;3600.102;1714.354;3583.616;1356.354;3577.044;851.573;817.272;2189.616;3033.067;3596.137;2129.846;0.317;1973.633;1006.966;2675.719;3595.764;1640.946;2494.465;2.497;1889.224;361.483;2301.924;1255.080;2939.288;0.181;8.925;2642.472;1904.730;2067.551;3584.549;1768.287;2980.941;1837.327;3262.058;2825.367;227.326;959.895;3023.538;734.142;430.945;1660.652;1526.877;2680.570;1380.343,857.598;1349.924;1514.174;3260.554;3600.361;2002.538;1.638;2241.897;2196.709;2953.894;1225.685;0.898;2014.216;589.126;2583.440;3060.482;1522.162;3598.158;671.246;3600.427;1719.970;2578.832;2726.227;3600.173;3599.593;0.096;0.295;1818.245;1.564;2469.884;1878.306;2156.400;1537.506;1104.205;3355.802;2436.453;0.293;345.664;2055.411;626.001;1429.281;2869.152;1461.452;3422.276;2767.061;2052.038;268.811;1769.155;2872.153;3597.425;273.239;284.574;2578.652;2988.773;239.034;2862.834;2829.695;2515.503;1055.131;1435.123;1282.653;3049.999;628.891;1124.080;3600.167;3286.459;3599.522;3245.819;117.710;0.889;1692.167;3028.868;3149.589;2089.446;3600.443;550.351;394.005;889.819;924.194;925.629;239.137;1321.097;-0.071;1809.896;3303.606;1774.495;2256.708;2287.241;3599.775;2442.168;2969.841;810.530;3581.228;568.405;1017.864;2404.714;939.625;3597.547;3230.852;538.947
379,689.4438238143921,378,-563.4205980632049,563.4205980632049,0.03220255161720889,3599.390;2084.881;3566.377;3116.714;2740.111;586.551;3599.601;-0.283;519.987;1319.378;2862.181;488.205;3281.039;3600.176;357.353;2162.613;-0.477;1260.676;0.396;3600.459;1273.155;3600.703;2985.561;3359.155;577.655;-0.029;2288.996;0.143;3162.463;1056.015;2592.784;3599.000;1998.891;40.584;184.699;2258.577;1566.396;2513.593;1183.878;2402.753;787.085;2247.351;2777.672;665.695;952.601;1839.401;3092.793;666.857;1707.445;2471.350;3599.272;913.742;2476.286;272.446;1485.002;0.473;3599.514;1715.072;3584.516;1355.491;3576.576;851.950;818.110;2190.413;3032.621;3596.399;2128.996;0.256;1973.174;1007.541;2676.491;3596.491;1640.110;2495.346;3.318;1890.065;362.166;2302.733;1255.527;2939.507;-0.440;9.543;2643.320;1903.847;2068.236;3584.811;1767.726;2981.228;1837.660;3261.855;2825.961;226.790;959.042;3023.665;735.026;431.818;1659.828;1527.634;2681.462;1380.177,858.276;1350.776;1513.287;3259.710;3599.683;2002.091;2.431;2241.237;2197.588;2953.139;1226.556;0.271;2014.728;589.930;2582.544;3059.577;1521.402;3597.264;670.770;3601.306;1720.861;2577.959;2726.850;3599.408;3598.726;-0.586;-0.386;1817.346;0.698;2470.686;1878.063;2155.544;1536.620;1103.376;3355.409;2435.935;0.733;344.838;2055.490;625.108;1428.873;2869.970;1462.301;3422.018;2767.940;2052.910;269.509;1768.599;2871.484;3596.563;274.123;283.677;2579.311;2988.013;239.926;2862.979;2828.843;2514.762;1054.265;1434.470;1282.233;3050.879;628.024;1123.428;3600.826;3287.086;3600.315;3246.473;117.072;0.027;1692.910;3028.132;3150.330;2088.627;3599.766;550.682;393.889;890.281;923.993;924.749;239.853;1321.764;-0.833;1810.599;3302.728;1775.081;2257.582;2286.427;3600.571;2442.735;2970.697;811.412;3580.379;568.473;1017.528;2405.392;939.015;3598.410;3231.338;539.405
380,691.1422326564789,379,-563.4036751988593,563.4036751988593,0.021611280944086656,3599.374;2084.212;3567.127;3115.851;2739.538;587.236;3600.089;0.559;519.810;1318.707;2862.434;487.374;3281.414;3600.993;356.693;2162.929;0.298;1261.153;0.774;3599.883;1274.042;3599.898;2985.470;3359.971;578.119;0.369;2288.145;-0.714;3161.848;1055.153;2592.429;3598.303;1999.082;40.301;184.078;2257.717;1565.547;2514.098;1184.669;2402.023;786.283;2247.861;2778.364;665.065;953.448;1840.046;3091.989;666.535;1708.184;2470.761;3600.125;914.393;2477.082;271.965;1484.904;1.223;3600.311;1714.235;3585.341;1355.835;3576.860;851.136;817.397;2190.989;3031.746;3595.579;2128.394;-0.389;1972.470;1006.713;2677.259;3595.835;1640.850;2495.960;3.294;1890.953;361.320;2302.270;1256.256;2940.364;0.410;10.132;2642.567;1904.507;2068.626;3583.966;1767.120;2981.733;1837.393;3262.675;2826.835;227.339;959.698;3024.408;735.281;431.657;1660.633;1527.163;2681.389;1379.318,859.066;1350.720;1513.798;3260.518;3600.185;2002.771;3.294;2240.366;2197.321;2953.872;1225.908;0.267;2014.014;589.161;2581.774;3060.010;1520.541;3597.230;671.542;3600.570;1720.560;2578.607;2726.280;3598.790;3598.988;0.210;0.426;1817.679;1.208;2469.916;1878.739;2156.177;1537.100;1103.600;3356.221;2436.744;0.277;344.157;2054.703;624.706;1429.657;2869.820;1461.916;3422.118;2767.288;2052.269;269.994;1768.384;2871.181;3596.171;273.631;283.029;2578.651;2988.785;239.821;2862.313;2828.276;2514.931;1054.819;1433.810;1281.409;3050.900;628.607;1124.204;3599.994;3287.951;3600.481;3245.807;116.193;0.754;1692.284;3028.911;3149.566;2087.860;3599.756;549.969;393.917;891.100;923.561;923.960;239.107;1322.635;0.024;1810.110;3303.336;1774.346;2257.520;2287.255;3599.856;2441.976;2970.027;810.723;3579.679;567.821;1018.363;2406.274;938.136;3598.471;3231.677;540.167
381,692.982049703598,380,-563.4164593824606,563.4164593824606,0.021591768225315933,3600.216;2084.898;3567.996;3115.869;2738.677;588.058;3600.793;0.546;518.961;1319.364;2863.200;486.509;3280.573;3600.151;357.387;2163.257;-0.239;1260.868;-0.023;3600.111;1274.919;3600.502;2986.247;3359.696;578.685;1.167;2287.822;0.069;3160.998;1054.284;2592.168;3599.075;1999.782;39.462;184.414;2256.934;1564.671;2513.790;1185.085;2401.162;785.420;2247.070;2777.546;664.761;952.739;1839.253;3092.763;665.676;1708.965;2469.896;3599.599;914.801;2477.942;271.197;1485.417;0.499;3600.097;1713.415;3584.667;1355.027;3577.525;850.930;818.130;2191.612;3031.915;3596.317;2127.528;0.391;1972.584;1005.844;2678.084;3594.970;1640.303;2496.826;2.440;1890.321;361.115;2303.003;1255.798;2941.164;-0.243;10.998;2642.332;1904.810;2069.486;3583.795;1767.973;2981.525;1838.242;3261.929;2826.539;228.195;960.555;3024.969;736.090;431.722;1661.312;1526.506;2681.968;1380.115,858.237;1349.886;1514.403;3261.275;3600.005;2002.002;3.758;2241.061;2196.517;2953.326;1225.114;-0.587;2013.150;589.699;2582.491;3060.820;1521.028;3598.030;671.334;3600.271;1719.724;2579.167;2726.985;3598.027;3599.845;-0.381;-0.121;1818.461;0.694;2469.044;1879.592;2156.753;1537.870;1104.426;3356.343;2436.762;-0.584;344.844;2054.562;625.423;1429.139;2868.994;1461.059;3422.974;2768.062;2051.418;269.283;1769.153;2871.960;3596.615;273.445;283.866;2577.922;2988.036;238.971;2862.992;2827.456;2514.768;1055.460;1434.375;1282.174;3050.132;628.124;1123.986;3600.462;3288.821;3599.727;3246.144;116.975;1.018;1691.509;3028.312;3149.747;2088.668;3599.102;549.444;394.746;890.492;922.707;924.754;239.555;1323.197;0.069;1810.839;3304.004;1775.160;2258.370;2288.084;3600.365;2441.104;2969.160;810.248;3578.812;566.954;1017.616;2405.764;938.902;3598.907;3230.842;539.360
382,694.8516178131104,381,-563.4189280360035,563.4189280360035,0.0229681332470288,3599.410;2084.087;3568.549;3115.086;2737.826;587.390;3599.971;-0.002;519.412;1318.743;2864.059;485.655;3280.831;3600.032;356.789;2162.430;0.532;1261.577;0.743;3600.947;1275.767;3599.811;2987.098;3360.355;577.869;0.387;2288.393;-0.103;3160.135;1054.636;2591.341;3599.703;1999.003;38.600;185.030;2256.131;1564.535;2514.277;1184.603;2401.334;784.659;2247.850;2778.329;665.540;953.415;1839.429;3093.559;666.153;1708.231;2469.044;3600.018;915.633;2477.285;270.767;1484.601;-0.040;3600.930;1712.627;3585.497;1354.166;3576.757;851.765;818.007;2192.466;3032.757;3596.888;2126.734;0.211;1971.750;1004.980;2678.946;3594.108;1640.919;2496.063;2.974;1891.103;361.867;2303.612;1256.624;2941.992;0.333;10.596;2641.497;1904.068;2069.924;3584.558;1768.787;2980.681;1837.995;3262.004;2827.366;229.049;959.767;3025.818;736.951;431.348;1662.090;1527.331;2681.140;1379.521,858.343;1349.056;1515.224;3260.921;3599.272;2001.533;2.985;2240.634;2197.232;2954.097;1225.454;-0.043;2012.660;588.967;2582.955;3060.390;1520.278;3597.752;670.507;3599.532;1720.310;2579.903;2727.409;3598.817;3600.210;0.258;-0.140;1818.585;-0.149;2468.329;1878.915;2157.539;1538.225;1103.744;3357.175;2436.089;0.126;345.685;2053.724;624.905;1428.323;2869.453;1461.689;3422.479;2768.470;2052.111;269.137;1769.996;2871.146;3595.787;273.430;283.408;2578.605;2988.482;238.685;2862.192;2828.279;2515.605;1054.843;1433.545;1281.405;3050.045;628.956;1124.811;3599.703;3288.405;3600.537;3245.314;116.483;0.185;1690.763;3027.459;3150.518;2088.045;3599.831;549.257;395.515;891.287;923.076;924.143;240.071;1324.049;-0.005;1810.078;3303.737;1775.534;2259.055;2287.678;3600.716;2440.759;2969.776;810.980;3579.354;567.551;1018.307;2406.486;938.488;3598.320;3231.333;539.064
383,696.74622797966,382,-563.4334543021447,563.4334543021447,0.025933516991283396,3599.863;2084.461;3568.657;3114.417;2738.602;588.139;3600.237;-0.828;519.644;1319.498;2863.699;486.298;3280.186;3599.425;356.054;2162.705;0.309;1260.865;-0.015;3600.186;1275.887;3600.327;2986.787;3361.170;577.273;0.821;2287.637;-0.055;3160.555;1055.013;2591.323;3600.541;1999.677;39.304;185.855;2256.806;1563.889;2515.113;1185.366;2400.908;785.398;2247.470;2778.691;665.000;953.672;1838.833;3093.158;665.534;1707.388;2468.627;3600.462;914.850;2477.552;269.948;1485.140;0.127;3600.204;1713.391;3585.453;1354.517;3577.537;851.652;818.777;2193.258;3032.226;3597.604;2127.274;-0.575;1970.900;1004.509;2678.610;3594.286;1640.217;2496.325;2.834;1891.578;361.186;2304.279;1256.029;2941.484;-0.338;9.784;2642.165;1903.224;2069.210;3585.380;1768.670;2981.124;1838.492;3261.194;2828.008;229.582;960.339;3025.763;736.714;430.562;1662.245;1527.083;2680.376;1379.720,857.637;1348.754;1514.977;3260.109;3600.050;2001.215;3.756;2239.881;2198.047;2953.664;1226.249;0.574;2012.635;589.733;2582.194;3059.567;1520.453;3598.304;671.128;3600.220;1720.894;2579.145;2728.240;3599.385;3599.553;-0.489;0.558;1817.767;-0.724;2467.487;1879.560;2156.749;1537.440;1104.477;3356.505;2435.254;0.867;345.156;2053.105;624.154;1427.822;2870.288;1462.020;3422.726;2769.303;2052.884;268.311;1770.780;2870.851;3595.058;274.259;283.331;2578.553;2987.738;238.622;2862.893;2828.635;2514.937;1054.018;1433.782;1281.505;3050.864;628.333;1124.927;3600.226;3288.350;3600.113;3246.040;115.735;-0.147;1691.381;3027.462;3150.073;2087.485;3600.642;550.056;395.771;890.644;923.547;923.567;240.506;1323.295;-0.454;1810.744;3302.951;1775.304;2258.618;2288.340;3599.896;2441.286;2969.813;811.754;3579.246;566.927;1018.344;2405.896;938.045;3597.937;3230.748;538.300
384,698.4602167606354,383,-563.4257573274247,563.4257573274247,0.025636265081474992,3599.349;2085.282;3569.473;3115.183;2739.136;587.371;3599.519;-0.042;518.841;1320.176;2863.158;487.068;3279.365;3599.222;355.432;2161.900;0.907;1260.844;-0.821;3600.417;1276.703;3599.601;2987.478;3361.702;577.749;0.055;2288.354;-0.304;3160.587;1054.310;2592.031;3600.111;1998.925;40.014;186.692;2256.041;1563.492;2514.442;1184.653;2400.086;785.830;2248.223;2779.416;664.199;952.878;1838.011;3093.966;664.711;1708.059;2467.833;3599.653;914.948;2478.371;270.751;1485.965;-0.686;3599.730;1712.792;3586.212;1354.748;3578.025;850.941;819.581;2192.489;3031.545;3598.434;2126.881;-0.780;1970.082;1003.731;2678.095;3594.540;1639.395;2496.021;3.257;1890.880;360.695;2303.773;1255.210;2940.670;0.404;9.168;2641.660;1903.374;2069.299;3586.214;1769.473;2980.345;1839.314;3261.816;2827.319;228.899;961.137;3024.972;735.904;431.360;1661.461;1526.287;2679.855;1380.536,857.344;1349.568;1514.158;3260.413;3599.322;2001.998;3.068;2239.529;2198.879;2952.852;1225.589;-0.195;2013.444;589.073;2582.864;3058.730;1521.248;3599.046;671.914;3600.808;1720.399;2578.599;2728.028;3599.438;3600.311;0.133;0.132;1817.092;0.066;2466.650;1880.235;2155.971;1536.642;1105.099;3355.736;2435.228;0.162;345.587;2053.386;624.930;1428.518;2871.045;1461.856;3423.535;2770.119;2052.205;268.809;1771.560;2871.592;3595.641;274.140;284.084;2577.792;2986.915;237.862;2863.695;2828.152;2514.323;1054.703;1433.068;1281.296;3050.891;627.578;1124.112;3600.706;3287.544;3599.870;3246.680;115.268;0.235;1692.199;3027.749;3150.762;2088.194;3599.867;549.536;396.575;889.961;924.368;922.767;241.328;1322.481;0.340;1811.531;3302.145;1776.019;2259.421;2288.279;3599.848;2440.522;2970.488;810.972;3578.533;567.712;1018.367;2405.090;937.244;3598.705;3231.471;538.865
385,700.3134233951569,384,-563.4236640415254,563.4236640415254,0.030109862233185843,3599.867;2085.668;3570.026;3115.977;2739.912;587.829;3599.785;-0.505;518.021;1319.565;2863.882;487.795;3278.563;3598.715;354.618;2161.202;0.425;1261.568;-0.057;3599.841;1277.075;3599.219;2988.266;3360.936;577.018;-0.361;2287.617;0.427;3161.379;1055.096;2591.252;3599.303;1998.552;39.427;185.952;2256.477;1564.291;2513.846;1183.837;2400.714;786.336;2248.905;2778.690;664.843;953.016;1837.997;3094.629;665.462;1708.871;2467.300;3599.612;914.497;2478.099;270.244;1485.258;0.017;3599.685;1711.976;3586.351;1355.553;3578.816;850.126;818.816;2193.004;3030.737;3598.866;2127.605;0.022;1970.749;1004.469;2678.692;3595.269;1638.571;2495.302;2.485;1890.069;359.897;2302.961;1254.797;2939.888;0.508;8.789;2642.406;1904.078;2068.515;3586.783;1769.222;2981.000;1839.565;3262.477;2826.984;228.115;961.474;3025.591;735.178;432.125;1660.830;1526.144;2680.617;1380.282,858.140;1349.843;1514.469;3259.663;3600.059;2001.237;3.480;2238.720;2199.665;2953.236;1226.359;0.504;2012.850;588.764;2582.163;3058.171;1520.567;3598.268;671.168;3601.601;1721.190;2577.787;2728.824;3598.647;3599.569;-0.583;-0.676;1816.673;-0.208;2467.393;1879.564;2155.263;1535.820;1104.314;3356.420;2435.823;0.619;344.800;2052.785;624.245;1429.337;2871.858;1462.640;3422.826;2769.458;2052.869;269.585;1770.929;2870.883;3595.081;274.890;283.315;2578.510;2986.741;238.654;2863.168;2827.341;2513.508;1053.921;1433.423;1280.551;3050.852;626.775;1124.277;3599.922;3288.095;3600.601;3246.527;114.582;-0.510;1692.738;3028.541;3150.007;2087.470;3600.400;550.328;396.191;889.890;924.289;921.952;240.973;1321.934;1.154;1810.790;3301.328;1775.463;2259.674;2289.057;3599.465;2441.084;2971.305;811.688;3579.246;568.115;1019.168;2405.424;937.225;3599.527;3232.286;539.570
386,702.1972413063049,385,-563.4312560174907,563.4312560174907,0.021826963158559726,3599.966;2085.375;3570.779;3116.497;2739.699;588.509;3600.485;0.166;518.422;1319.908;2863.117;487.449;3279.083;3599.455;353.959;2161.669;0.208;1262.043;0.360;3600.543;1277.445;3599.882;2988.901;3361.181;577.356;0.353;2288.252;-0.297;3161.374;1054.445;2590.443;3599.871;1997.813;38.811;185.388;2256.893;1563.602;2513.044;1183.681;2400.607;786.385;2249.491;2779.452;664.799;953.777;1837.689;3094.699;665.198;1708.602;2466.502;3600.238;914.757;2477.368;269.955;1485.752;0.111;3600.339;1711.492;3587.095;1355.229;3578.348;850.603;819.149;2193.799;3030.284;3598.090;2127.085;0.018;1970.206;1004.203;2679.493;3596.022;1637.884;2495.986;2.553;1890.387;360.485;2303.634;1255.510;2939.078;-0.173;9.435;2642.263;1904.335;2069.033;3586.155;1769.910;2981.156;1840.354;3261.773;2827.747;227.307;960.808;3025.106;734.521;432.912;1660.026;1525.468;2680.187;1380.955,858.061;1349.440;1515.240;3258.868;3600.673;2000.529;4.271;2238.166;2199.650;2953.837;1225.690;0.584;2012.475;589.519;2581.484;3058.312;1520.037;3597.631;670.392;3600.837;1721.330;2578.309;2728.445;3599.080;3600.079;0.080;-0.193;1817.314;-0.579;2467.051;1878.900;2155.922;1536.096;1104.502;3357.116;2435.039;1.321;345.310;2053.530;623.598;1428.610;2872.517;1463.441;3422.131;2768.676;2053.061;268.877;1770.128;2870.512;3594.320;275.681;283.091;2579.316;2987.500;238.859;2862.560;2826.657;2513.301;1053.555;1434.178;1281.259;3051.628;626.956;1124.863;3599.929;3288.896;3599.882;3245.737;113.779;0.205;1693.537;3028.774;3150.604;2087.774;3599.700;551.082;395.397;889.141;923.543;922.588;240.204;1322.405;0.566;1810.869;3301.081;1774.665;2260.170;2288.321;3600.078;2441.720;2971.579;812.427;3579.554;567.474;1019.912;2406.148;938.010;3600.218;3231.578;539.048
387,704.1060178279877,386,-563.4346007311431,563.4346007311431,0.02899968547727231,3600.707;2084.744;3571.438;3117.283;2739.231;589.069;3599.849;-0.445;517.662;1320.683;2862.918;486.776;3279.678;3600.136;354.493;2161.059;-0.559;1262.828;0.125;3599.833;1276.722;3600.675;2988.233;3360.472;578.113;1.108;2288.820;0.433;3161.809;1054.023;2590.966;3600.505;1998.502;39.188;184.706;2257.225;1563.213;2513.602;1184.077;2401.368;785.931;2248.779;2779.937;664.049;953.053;1837.163;3095.210;665.821;1707.839;2466.926;3599.499;913.999;2477.183;270.398;1486.496;0.063;3599.578;1712.168;3587.845;1355.719;3577.571;851.350;819.830;2193.743;3030.657;3597.447;2127.790;-0.372;1969.497;1003.653;2678.805;3596.816;1638.018;2496.776;1.787;1889.859;361.163;2302.897;1255.152;2938.331;-0.950;10.227;2641.651;1903.615;2068.989;3585.673;1770.569;2981.115;1841.128;3261.241;2827.310;226.563;961.182;3024.602;735.172;432.711;1659.227;1524.829;2679.416;1381.737,857.289;1348.920;1515.810;3258.070;3599.916;2001.283;3.775;2238.540;2198.900;2954.178;1225.520;-0.113;2013.001;589.832;2581.959;3057.920;1520.749;3598.335;670.421;3600.074;1721.629;2578.849;2728.688;3599.866;3600.717;-0.270;0.512;1816.563;0.184;2466.371;1879.663;2156.163;1536.823;1105.255;3357.450;2434.461;0.688;346.055;2052.858;623.366;1427.882;2872.452;1464.121;3421.821;2769.306;2053.699;268.199;1770.500;2870.238;3595.063;276.372;283.758;2579.792;2987.804;238.244;2863.069;2826.187;2513.140;1054.116;1434.928;1281.583;3050.949;626.633;1124.508;3599.851;3288.567;3599.424;3245.061;113.378;-0.302;1692.785;3029.071;3150.174;2088.331;3599.891;551.681;395.008;888.602;923.731;923.232;240.507;1321.807;-0.133;1811.555;3301.625;1774.043;2259.429;2287.580;3600.868;2441.775;2971.090;812.325;3579.083;566.752;1019.316;2406.139;938.235;3599.533;3231.878;538.261
388,705.8257057666779,387,-563.4196835584087,563.4196835584087,0.02262155673547612,3600.048;2084.393;3570.691;3117.944;2739.955;589.847;3600.032;0.235;517.187;1321.296;2862.221;486.005;3279.921;3600.910;354.397;2161.020;0.183;1262.377;0.808;3600.385;1275.945;3599.956;2988.948;3361.039;577.463;0.610;2288.162;0.210;3162.582;1053.275;2590.901;3599.889;1998.899;39.804;183.924;2257.996;1562.485;2514.200;1183.358;2402.035;785.188;2248.641;2779.665;664.749;953.495;1836.980;3094.481;666.566;1708.102;2466.283;3598.827;914.695;2476.418;269.750;1485.851;-0.405;3598.846;1711.551;3587.113;1356.157;3576.787;851.739;819.814;2194.343;3029.946;3596.698;2128.566;0.343;1970.209;1004.010;2678.875;3597.596;1637.273;2497.303;2.483;1889.374;360.507;2303.387;1254.564;2938.575;-0.202;10.965;2640.890;1904.362;2068.234;3586.434;1771.331;2981.845;1840.757;3260.464;2827.986;225.779;960.427;3024.020;734.452;432.873;1659.369;1524.062;2678.789;1381.587,857.983;1348.145;1516.506;3258.582;3599.924;2000.898;4.092;2239.223;2198.143;2954.779;1225.148;-0.851;2012.313;590.552;2582.248;3058.636;1520.042;3598.949;669.672;3599.774;1721.877;2579.582;2729.188;3600.629;3600.051;-0.161;0.192;1817.242;-0.031;2466.269;1880.114;2156.911;1536.689;1105.496;3358.221;2433.683;1.304;345.560;2053.526;622.599;1427.148;2873.193;1463.980;3421.054;2768.671;2054.479;267.444;1769.797;2870.915;3595.117;277.064;283.968;2580.555;2988.550;238.643;2862.360;2826.875;2512.499;1053.371;1435.422;1282.354;3050.285;627.379;1123.851;3599.147;3288.852;3600.100;3244.279;112.653;0.260;1692.361;3028.313;3150.910;2089.102;3600.455;552.451;394.235;888.947;923.068;923.968;239.825;1322.547;-0.129;1810.931;3302.029;1774.393;2259.074;2286.796;3600.131;2442.542;2970.315;813.071;3579.835;565.968;1018.640;2406.874;938.988;3598.764;3231.153;538.842
389,707.6952774524689,388,-563.4288032822071,563.4288032822071,0.025611310624652647,3599.311;2083.635;3570.433;3118.623;2739.377;590.344;3600.787;-0.137;516.544;1320.924;2861.738;485.353;3279.387;3600.165;355.105;2160.410;-0.415;1263.108;0.358;3599.876;1276.245;3600.081;2988.952;3360.406;578.075;1.295;2287.580;-0.527;3162.862;1052.513;2591.500;3600.071;1999.473;39.175;183.315;2258.476;1561.926;2513.632;1182.611;2401.599;784.426;2247.992;2779.078;664.089;953.423;1836.372;3095.136;666.596;1707.458;2466.378;3599.095;915.386;2475.856;270.398;1485.737;0.331;3599.488;1711.659;3587.179;1356.914;3576.520;851.030;819.200;2195.091;3029.875;3596.509;2129.259;0.337;1970.930;1003.497;2679.200;3597.066;1637.093;2498.059;1.975;1888.612;361.044;2302.791;1253.805;2938.545;-0.084;11.733;2640.116;1905.109;2067.786;3586.659;1772.050;2981.466;1841.438;3260.487;2828.580;225.438;960.940;3023.254;733.847;433.592;1659.000;1523.289;2679.362;1382.276,858.210;1347.581;1516.457;3259.272;3600.450;2000.327;4.845;2239.831;2198.476;2955.544;1224.394;-0.110;2011.651;590.318;2583.006;3059.402;1520.424;3599.676;668.937;3600.402;1722.198;2579.289;2728.492;3599.944;3600.482;-0.885;-0.532;1817.078;-0.386;2465.661;1879.446;2156.968;1537.405;1106.199;3358.762;2433.082;1.888;345.260;2053.050;622.275;1426.763;2872.899;1463.369;3420.818;2768.052;2054.064;266.672;1769.234;2870.189;3594.796;277.802;283.254;2580.922;2988.008;239.009;2862.141;2827.644;2513.172;1053.593;1436.185;1281.824;3050.998;628.149;1123.120;3598.474;3289.135;3600.280;3243.867;111.946;-0.383;1691.830;3027.606;3151.653;2089.865;3599.725;552.891;394.755;889.706;922.299;923.598;240.244;1322.840;0.617;1811.165;3301.308;1775.120;2259.724;2286.874;3600.360;2442.468;2969.758;813.224;3579.525;565.415;1018.865;2407.035;939.718;3599.270;3230.484;538.180
390,709.592013835907,389,-563.4113496836654,563.4113496836654,0.025837785419465964,3598.560;2084.169;3570.014;3119.270;2740.074;590.711;3600.087;0.226;515.871;1321.454;2862.388;485.931;3278.639;3600.741;355.824;2159.713;0.291;1263.365;0.469;3600.552;1276.657;3599.795;2989.688;3360.904;577.372;0.606;2286.826;0.175;3163.589;1053.001;2592.245;3599.750;1998.746;39.862;182.560;2259.063;1562.628;2512.964;1181.856;2401.374;784.848;2248.706;2778.359;664.426;952.712;1837.083;3095.608;667.328;1708.114;2465.640;3599.839;915.021;2475.152;270.515;1485.187;-0.199;3600.087;1710.938;3587.920;1357.659;3577.109;851.488;818.464;2194.693;3029.145;3597.206;2130.008;1.056;1971.676;1004.208;2679.114;3596.405;1636.401;2497.385;2.611;1887.922;360.962;2303.302;1253.044;2938.475;0.318;11.071;2639.586;1905.718;2067.046;3587.363;1771.759;2982.170;1840.984;3261.012;2829.334;224.988;961.463;3023.938;733.094;432.869;1659.672;1522.530;2678.647;1381.694,857.958;1348.159;1517.176;3259.330;3599.791;2000.784;4.868;2239.166;2199.213;2955.082;1224.236;0.297;2010.927;591.025;2582.538;3058.702;1519.791;3599.016;668.222;3601.030;1722.945;2578.544;2729.205;3599.803;3599.762;-0.173;-1.140;1816.340;0.335;2465.854;1879.471;2156.229;1536.730;1105.556;3359.363;2432.526;1.212;344.515;2053.422;621.580;1427.333;2873.615;1462.753;3421.463;2768.160;2054.315;266.372;1769.092;2869.535;3594.238;278.498;282.494;2581.587;2987.255;239.755;2862.850;2827.008;2513.911;1052.941;1436.341;1281.368;3051.758;628.640;1123.761;3598.691;3289.602;3599.627;3243.336;112.652;0.335;1691.132;3027.079;3152.267;2089.451;3600.269;553.641;394.269;890.455;921.662;922.860;240.971;1322.802;0.878;1810.445;3300.586;1775.283;2260.056;2287.562;3599.694;2442.038;2969.148;813.957;3579.242;565.246;1019.557;2406.299;939.150;3600.018;3231.124;537.572
391,711.2998723983765,390,-563.4158449646386,563.4158449646386,0.019144682901274374,3598.211;2084.556;3570.730;3120.015;2740.714;591.448;3599.645;-0.373;516.524;1320.736;2861.687;486.672;3278.338;3600.073;356.573;2160.439;0.802;1262.686;1.194;3600.564;1275.956;3599.146;2989.387;3360.211;577.953;-0.090;2286.109;0.550;3164.336;1053.735;2592.987;3600.420;1999.442;40.604;182.020;2259.765;1563.374;2513.669;1181.123;2402.089;785.304;2248.004;2777.612;663.710;951.977;1836.486;3094.910;666.754;1708.834;2466.256;3599.920;914.392;2475.818;271.248;1484.445;0.249;3599.913;1710.311;3588.202;1358.405;3577.640;850.795;817.722;2193.956;3028.407;3597.953;2130.168;0.496;1971.386;1004.955;2678.383;3596.477;1636.928;2497.935;2.417;1887.180;361.443;2302.587;1252.292;2939.206;0.978;10.397;2640.271;1905.991;2067.668;3587.158;1771.068;2981.645;1840.245;3261.752;2828.627;224.253;960.772;3024.684;733.436;432.144;1660.418;1522.569;2679.185;1380.951,857.250;1347.750;1516.528;3260.009;3599.066;2000.133;5.290;2239.848;2198.715;2954.641;1223.515;-0.201;2011.617;591.751;2583.246;3059.363;1520.497;3599.630;667.504;3600.307;1722.859;2577.806;2728.671;3600.506;3600.438;-0.395;-0.418;1816.757;-0.178;2466.564;1880.182;2156.214;1537.408;1106.258;3359.425;2432.201;1.870;344.721;2054.097;622.208;1426.622;2872.956;1463.321;3420.747;2767.477;2055.047;265.647;1768.359;2868.792;3593.498;279.245;282.120;2582.314;2987.658;239.381;2862.321;2826.402;2514.661;1052.644;1437.073;1282.066;3051.652;629.360;1123.057;3597.964;3288.955;3600.348;3242.599;112.115;0.468;1690.388;3027.769;3152.985;2090.170;3599.641;553.126;394.084;889.791;920.925;923.542;241.617;1322.079;0.255;1810.404;3301.244;1774.559;2259.457;2286.910;3600.371;2442.741;2968.405;813.772;3579.968;564.513;1018.959;2405.549;939.807;3599.682;3230.878;536.884
392,713.1540546417236,391,-563.409306207255,563.409306207255,0.016050275348045054,3598.320;2084.482;3570.201;3120.677;2740.304;590.768;3599.915;0.298;517.256;1320.346;2861.931;487.199;3278.950;3600.038;356.129;2160.595;0.736;1263.239;1.917;3599.875;1275.256;3599.782;2988.885;3360.524;577.493;-0.481;2285.926;-0.100;3164.896;1054.445;2592.788;3599.708;1999.248;40.628;181.296;2260.489;1563.939;2513.265;1180.527;2402.086;784.972;2248.376;2777.994;664.181;952.560;1837.145;3094.184;667.316;1709.516;2465.879;3600.555;914.454;2475.192;270.657;1483.779;0.857;3600.572;1709.581;3588.601;1358.699;3578.367;851.049;817.061;2193.485;3029.058;3597.550;2129.492;0.943;1972.033;1005.560;2678.309;3595.908;1636.232;2497.301;3.115;1886.515;362.168;2302.907;1251.611;2939.723;0.310;10.283;2640.979;1906.713;2067.122;3586.477;1770.404;2982.300;1840.301;3261.267;2829.085;223.802;960.079;3024.785;734.150;432.372;1660.287;1523.254;2678.742;1380.386,856.620;1347.082;1515.794;3259.334;3599.581;2000.361;6.016;2239.933;2198.035;2955.355;1222.858;0.380;2010.950;591.872;2583.197;3060.005;1521.063;3600.171;666.769;3599.965;1723.459;2578.430;2728.294;3600.509;3600.293;0.206;-0.025;1817.222;0.362;2465.988;1880.918;2156.916;1537.733;1106.647;3360.145;2431.490;2.448;345.436;2054.700;621.688;1426.089;2873.438;1462.658;3420.069;2766.741;2055.786;264.923;1768.031;2868.070;3593.732;279.674;281.407;2582.947;2988.368;239.920;2861.591;2825.669;2515.198;1053.289;1437.693;1282.803;3051.009;630.092;1123.042;3597.434;3288.250;3600.026;3241.867;111.439;-0.183;1689.766;3028.504;3153.573;2089.834;3599.957;553.656;394.375;889.603;920.228;924.239;240.919;1321.413;0.711;1809.690;3300.913;1773.995;2258.730;2286.227;3600.116;2443.374;2968.346;814.329;3580.449;564.135;1019.654;2405.860;940.472;3599.078;3230.199;536.156
393,715.0332953929901,392,-563.4340800525001,563.4340800525001,0.027488308678124938,3598.967;2085.178;3569.553;3121.396;2740.885;590.468;3600.621;-0.278;516.920;1321.022;2861.425;486.605;3279.648;3600.190;356.745;2161.267;0.063;1263.870;1.252;3599.173;1274.566;3600.500;2988.167;3361.214;577.926;0.219;2286.408;-0.779;3165.487;1053.882;2592.188;3599.990;1999.302;41.334;180.723;2261.212;1563.933;2512.562;1179.937;2402.747;785.670;2248.732;2777.421;663.917;953.276;1837.566;3094.312;667.707;1708.873;2465.522;3599.859;915.161;2474.510;270.348;1483.063;1.127;3599.891;1709.527;3589.036;1358.999;3578.432;850.405;816.637;2193.587;3029.319;3596.848;2130.118;0.291;1971.622;1005.249;2678.914;3596.585;1635.590;2497.686;2.690;1886.129;362.888;2302.640;1251.246;2939.890;-0.396;10.966;2641.696;1906.407;2066.403;3587.141;1770.909;2982.963;1840.993;3260.550;2829.744;223.881;960.455;3024.269;733.743;432.206;1659.812;1522.691;2678.027;1380.866,855.900;1346.432;1516.364;3259.501;3600.204;1999.693;6.581;2240.638;2197.312;2956.054;1222.899;0.475;2010.283;592.579;2583.726;3060.631;1521.595;3600.884;666.856;3600.361;1722.787;2578.569;2728.326;3599.849;3600.191;-0.377;-0.512;1817.938;-0.007;2466.324;1881.087;2157.611;1538.324;1107.276;3359.540;2431.532;2.339;345.576;2055.410;622.302;1426.080;2874.109;1461.935;3419.684;2766.635;2056.185;264.451;1767.540;2867.432;3593.063;280.300;281.955;2582.258;2988.868;239.400;2861.189;2826.258;2514.528;1053.995;1438.308;1283.277;3051.302;629.726;1122.566;3597.914;3288.315;3600.372;3242.256;111.839;0.066;1689.526;3028.260;3152.917;2090.400;3600.659;553.992;395.082;888.921;919.509;924.921;240.822;1320.739;1.408;1809.146;3300.213;1774.690;2258.108;2285.539;3600.581;2442.790;2969.044;813.708;3579.806;563.449;1019.138;2405.505;941.196;3599.613;3229.475;535.430
394,716.7341330051422,393,-563.4325221620593,563.4325221620593,0.019129947719715032,3599.280;2085.830;3570.156;3122.101;2740.485;590.979;3600.012;0.320;516.239;1320.745;2862.070;486.557;3280.276;3599.515;356.127;2161.896;0.702;1264.043;1.221;3599.741;1275.207;3599.869;2988.170;3360.738;577.480;0.011;2285.739;-0.118;3166.196;1054.311;2591.478;3600.189;1999.032;40.753;180.060;2261.302;1564.553;2512.983;1179.228;2402.117;786.167;2249.377;2776.718;663.276;953.800;1836.933;3093.704;668.411;1709.473;2465.852;3599.962;914.513;2474.412;269.955;1482.971;1.254;3600.138;1708.842;3588.702;1359.466;3579.086;849.744;815.944;2194.266;3028.640;3597.085;2129.542;-0.377;1972.283;1005.934;2678.301;3596.401;1635.004;2497.054;2.782;1886.295;363.492;2303.050;1250.584;2940.587;0.179;10.419;2641.905;1907.066;2066.495;3587.278;1770.224;2982.815;1841.347;3260.824;2830.101;223.239;961.048;3024.048;733.061;432.626;1660.393;1521.995;2677.890;1380.216,855.198;1345.720;1517.021;3259.003;3600.560;1998.988;7.260;2241.289;2196.980;2955.707;1222.229;-0.203;2009.746;592.772;2583.726;3061.270;1522.282;3600.207;666.213;3600.222;1722.094;2579.193;2727.636;3600.365;3600.699;0.144;0.054;1818.601;-0.704;2465.632;1881.774;2158.114;1539.026;1107.545;3360.044;2430.839;3.024;346.222;2056.093;622.511;1425.392;2874.556;1461.258;3420.166;2765.971;2056.640;263.747;1768.122;2867.954;3592.489;280.995;282.228;2582.833;2989.556;238.693;2860.516;2826.569;2514.780;1054.320;1438.602;1283.967;3050.657;630.304;1121.862;3597.893;3289.013;3599.881;3241.631;111.290;0.478;1688.867;3028.357;3153.562;2089.996;3600.000;554.603;395.254;888.846;918.956;925.622;240.189;1320.032;0.900;1809.452;3299.730;1774.560;2257.611;2285.011;3599.923;2443.113;2968.670;814.068;3579.185;563.254;1019.525;2405.486;941.816;3600.269;3228.824;534.759
395,718.5785608291626,394,-563.4279302999714,563.4279302999714,0.01536787889548793,3598.601;2085.183;3569.946;3122.650;2739.793;590.465;3599.822;0.773;515.974;1320.056;2862.458;485.890;3280.976;3599.478;355.599;2162.596;0.348;1263.458;0.587;3600.425;1274.603;3599.773;2988.830;3360.043;576.819;-0.578;2286.380;0.171;3166.159;1054.002;2590.946;3599.616;1998.363;41.357;180.667;2260.627;1565.225;2512.328;1179.646;2402.684;785.758;2249.648;2776.998;663.906;954.462;1836.756;3093.006;669.033;1709.538;2465.218;3600.354;914.870;2473.750;269.263;1482.289;0.573;3600.510;1708.142;3589.387;1358.795;3578.733;849.161;815.929;2193.609;3029.246;3597.305;2128.862;0.109;1972.278;1006.548;2678.914;3596.969;1635.653;2497.538;3.226;1885.655;364.187;2303.491;1251.235;2941.143;-0.184;9.750;2642.581;1907.310;2067.140;3586.752;1770.788;2982.151;1840.858;3260.677;2830.399;223.787;960.382;3023.359;732.392;433.297;1659.755;1522.414;2677.226;1380.109,855.836;1346.273;1516.546;3258.308;3599.884;1998.421;6.586;2240.834;2196.335;2956.332;1222.311;0.253;2009.057;592.134;2583.044;3060.736;1521.712;3599.671;666.791;3599.543;1722.399;2579.893;2727.259;3599.896;3600.025;0.806;-0.443;1818.094;-0.036;2465.951;1881.397;2158.800;1539.708;1106.927;3360.389;2431.330;2.388;346.901;2055.537;621.840;1425.703;2873.900;1460.555;3419.653;2765.896;2055.976;264.299;1768.816;2868.650;3593.112;280.345;281.878;2582.685;2990.259;238.106;2859.824;2827.248;2515.330;1053.651;1438.480;1284.085;3049.975;630.564;1122.338;3597.209;3288.471;3599.882;3241.968;111.952;-0.184;1688.704;3027.678;3153.040;2089.307;3599.961;553.987;394.575;889.512;919.430;925.527;239.501;1320.647;0.204;1808.793;3300.358;1774.851;2257.085;2285.473;3600.163;2442.686;2968.366;813.426;3579.796;563.930;1020.151;2406.171;941.304;3599.631;3229.439;535.184
396,720.4499769210815,395,-563.4501458469235,563.4501458469235,0.018114587830319773,3598.757;2085.089;3570.473;3122.822;2739.118;590.127;3599.944;0.140;515.534;1319.474;2861.833;485.307;3280.623;3599.405;356.228;2163.278;-0.224;1264.039;0.066;3599.922;1274.645;3599.828;2989.518;3360.318;577.458;0.024;2286.940;-0.243;3166.087;1053.514;2591.566;3600.124;1998.988;41.038;181.132;2261.069;1564.610;2511.641;1179.331;2402.840;785.076;2248.978;2776.352;663.348;955.022;1837.402;3093.409;668.604;1708.960;2464.647;3599.700;915.474;2473.416;268.910;1482.341;-0.120;3599.852;1708.344;3589.421;1358.126;3579.387;849.816;815.857;2193.407;3029.830;3597.895;2128.169;-0.387;1972.925;1006.440;2678.753;3597.369;1635.434;2498.201;3.029;1886.227;364.840;2302.831;1251.921;2940.942;0.314;10.242;2642.420;1907.915;2067.831;3586.561;1770.415;2982.730;1840.932;3260.110;2829.735;223.369;959.733;3022.913;732.497;433.137;1659.107;1522.994;2677.859;1380.168,856.401;1345.781;1515.886;3257.664;3600.453;1997.734;6.153;2240.188;2196.886;2956.145;1221.676;-0.027;2008.461;591.564;2583.580;3061.364;1521.138;3599.573;666.337;3599.790;1721.817;2579.967;2727.261;3600.416;3600.477;0.836;0.028;1817.441;0.044;2466.558;1881.930;2158.375;1540.393;1107.479;3359.759;2431.808;2.094;346.289;2056.199;622.188;1426.369;2873.236;1460.297;3418.967;2765.334;2056.524;264.758;1768.310;2868.929;3593.727;279.929;281.227;2582.239;2990.077;238.572;2859.952;2826.721;2514.696;1054.063;1437.934;1283.494;3049.685;630.006;1121.737;3597.352;3287.799;3600.555;3242.632;112.268;-0.404;1688.042;3027.990;3153.378;2089.605;3600.496;553.333;393.939;889.321;920.097;924.863;238.884;1320.533;-0.123;1808.977;3299.712;1774.433;2256.400;2286.143;3599.714;2443.038;2968.157;813.552;3580.393;564.607;1020.786;2405.726;940.963;3600.175;3229.773;535.793
397,722.3481709957123,396,-563.4542854993196,563.4542854993196,0.023981769113704733,3598.142;2085.648;3571.053;3123.460;2739.563;590.754;3600.566;-0.469;514.863;1319.156;2861.198;485.941;3281.201;3599.858;356.696;2163.764;0.289;1263.411;-0.406;3600.286;1275.118;3600.471;2989.132;3359.953;578.005;0.254;2286.542;0.321;3166.648;1053.315;2592.173;3600.555;1999.636;41.602;181.800;2261.683;1564.038;2511.044;1178.786;2402.193;785.061;2248.334;2775.960;662.718;954.472;1836.777;3094.077;667.969;1709.499;2463.972;3599.614;915.062;2473.871;269.355;1482.639;0.341;3599.764;1708.983;3590.057;1358.103;3579.507;849.567;816.467;2192.963;3029.803;3598.573;2128.456;0.164;1973.582;1005.841;2678.107;3597.331;1634.782;2498.856;2.363;1886.064;364.363;2302.299;1251.426;2941.525;-0.254;10.727;2641.793;1907.617;2068.299;3585.896;1770.421;2983.365;1841.383;3260.642;2829.159;222.766;959.874;3022.292;731.856;433.310;1659.666;1522.876;2677.928;1380.829,856.995;1345.110;1515.696;3257.126;3599.919;1997.563;5.699;2240.831;2196.448;2955.495;1220.997;-0.678;2009.042;592.193;2583.461;3062.028;1521.683;3598.973;666.841;3600.438;1721.140;2580.448;2726.599;3599.772;3600.295;1.035;-0.580;1816.826;-0.380;2465.975;1882.583;2157.900;1541.060;1108.119;3359.210;2431.176;1.453;345.625;2056.880;622.853;1426.945;2872.724;1459.847;3418.947;2764.715;2056.958;264.222;1767.831;2869.595;3593.389;280.511;281.872;2582.580;2990.039;237.961;2860.606;2827.218;2514.020;1053.875;1437.291;1284.000;3049.019;629.330;1121.065;3597.062;3288.247;3599.958;3242.570;112.923;0.257;1687.965;3028.493;3154.044;2090.260;3599.874;553.676;393.262;888.740;920.776;924.603;238.350;1319.883;-0.521;1809.289;3299.679;1773.764;2256.224;2285.575;3600.178;2443.707;2967.502;814.190;3580.175;564.829;1020.144;2405.062;941.553;3599.600;3229.164;536.423
398,724.0633578300476,397,-563.4430209635501,563.4430209635501,0.017809867008491763,3598.081;2085.023;3571.349;3123.833;2740.107;591.415;3599.945;0.087;514.499;1319.776;2860.548;485.405;3280.624;3600.172;357.340;2163.686;0.047;1262.853;0.236;3599.685;1275.518;3599.887;2989.682;3360.570;578.337;0.832;2286.682;-0.024;3166.022;1052.659;2592.835;3599.906;2000.246;41.232;181.382;2262.351;1563.374;2511.544;1178.126;2402.479;784.434;2247.677;2776.603;662.151;953.860;1836.133;3094.748;667.351;1708.903;2463.310;3599.034;915.683;2474.422;268.774;1483.179;0.270;3599.219;1709.647;3590.417;1357.690;3579.023;850.167;817.135;2193.549;3030.429;3599.218;2128.091;0.811;1973.856;1005.173;2677.443;3597.971;1634.191;2499.516;1.693;1886.702;364.649;2302.862;1251.723;2941.101;0.307;11.359;2641.125;1907.029;2068.920;3586.468;1771.072;2984.035;1841.010;3260.009;2829.177;222.098;960.346;3022.918;732.253;432.659;1659.286;1522.230;2677.487;1381.437,857.529;1344.521;1516.298;3257.729;3600.531;1996.921;5.036;2241.298;2196.734;2954.839;1220.736;-0.052;2008.483;592.431;2584.094;3062.690;1521.173;3599.112;666.207;3601.090;1721.414;2580.093;2726.948;3600.209;3599.796;0.512;0.008;1817.317;0.029;2466.451;1882.937;2158.520;1541.425;1108.490;3359.819;2430.532;1.023;345.006;2057.201;622.873;1426.531;2872.061;1460.494;3418.408;2764.047;2056.488;264.817;1767.290;2870.211;3592.730;279.977;282.512;2583.239;2989.458;237.344;2860.069;2827.095;2513.473;1053.303;1436.631;1283.598;3048.348;629.713;1120.412;3597.713;3287.840;3599.301;3241.927;112.641;-0.163;1687.312;3027.862;3154.609;2090.807;3599.870;553.041;392.820;889.357;921.436;925.159;238.980;1319.714;0.128;1809.902;3299.076;1773.951;2256.854;2284.926;3599.544;2444.237;2966.937;814.859;3579.522;565.449;1019.484;2404.493;942.197;3600.170;3228.997;537.092
399,725.9236903190613,398,-563.4584659223109,563.4584659223109,0.021941478819493883,3598.678;2084.376;3571.996;3123.239;2739.813;590.843;3600.169;0.573;514.090;1319.226;2859.927;485.188;3280.006;3600.815;357.983;2164.264;-0.595;1262.284;0.114;3600.097;1276.168;3600.381;2990.314;3360.327;578.986;0.976;2287.326;-0.633;3165.369;1052.285;2592.252;3599.760;2000.900;40.664;181.647;2261.915;1562.983;2510.966;1178.722;2401.891;783.776;2247.145;2777.220;661.506;953.276;1835.513;3094.387;666.702;1709.178;2462.825;3599.605;916.314;2475.056;268.130;1483.833;-0.361;3599.651;1709.622;3589.975;1357.063;3579.525;849.995;816.570;2194.023;3030.341;3599.823;2127.484;1.005;1973.249;1004.570;2677.908;3597.823;1634.695;2500.162;1.139;1886.242;365.098;2302.282;1252.299;2940.470;-0.235;12.013;2640.514;1907.607;2069.558;3585.902;1771.469;2984.693;1840.361;3260.316;2828.581;222.260;960.540;3023.546;732.464;432.008;1659.863;1522.264;2678.067;1382.062,856.918;1343.888;1516.955;3257.306;3600.070;1996.300;4.425;2240.763;2196.103;2954.378;1220.089;0.539;2007.966;591.830;2583.939;3062.399;1520.519;3599.748;666.493;3600.472;1720.829;2580.720;2727.581;3599.710;3600.395;1.061;-0.189;1817.962;0.338;2466.992;1883.583;2158.269;1542.074;1109.136;3359.518;2431.042;0.374;344.830;2057.770;623.505;1427.148;2871.440;1459.999;3419.021;2763.416;2055.837;265.451;1767.868;2870.862;3592.848;279.529;283.162;2583.697;2988.801;236.687;2860.275;2826.482;2513.816;1052.666;1436.302;1284.237;3048.273;629.113;1120.951;3598.140;3288.448;3599.616;3242.339;113.187;0.261;1686.669;3028.367;3154.028;2091.462;3600.471;552.769;392.179;888.831;921.706;925.814;238.499;1319.149;-0.040;1809.275;3299.633;1773.379;2257.066;2285.368;3599.663;2443.870;2966.286;814.400;3578.904;564.883;1019.908;2404.253;941.964;3599.664;3229.565;537.334
400,727.8084673881531,399,-563.4650081729617,563.4650081729617,0.01809597637331586,3599.322;2084.724;3572.642;3122.595;2739.181;590.215;3600.440;0.813;514.519;1318.930;2859.444;484.560;3280.148;3600.185;358.631;2164.885;0.007;1261.638;-0.376;3600.683;1276.639;3599.920;2989.878;3360.900;579.622;1.597;2287.153;-0.038;3164.748;1051.654;2592.606;3600.269;2001.466;41.122;181.030;2262.340;1563.100;2511.018;1179.303;2401.245;783.149;2247.190;2777.072;660.857;953.898;1834.926;3094.258;666.236;1709.635;2463.397;3600.224;915.938;2475.701;267.953;1484.209;0.241;3599.579;1709.227;3589.436;1356.550;3580.159;850.594;816.503;2194.265;3030.172;3599.226;2126.837;0.382;1973.693;1003.956;2677.410;3597.238;1634.110;2500.023;1.202;1885.601;365.521;2301.638;1252.946;2941.025;-0.035;12.635;2640.821;1908.252;2070.195;3585.258;1770.899;2984.633;1840.969;3260.938;2828.215;221.663;961.175;3023.639;733.098;431.361;1659.806;1522.824;2678.713;1382.529,856.632;1343.308;1516.390;3257.834;3600.549;1996.435;4.458;2240.176;2196.501;2953.764;1219.659;0.936;2008.337;591.279;2584.487;3062.974;1520.062;3600.396;666.383;3600.338;1720.183;2580.944;2727.019;3599.828;3599.926;0.439;0.329;1818.478;0.975;2466.405;1884.226;2158.081;1542.598;1109.784;3358.946;2431.487;0.809;345.100;2058.194;624.142;1427.466;2871.121;1459.464;3419.629;2762.787;2055.977;265.018;1767.548;2870.402;3592.243;279.592;283.385;2583.788;2988.920;236.063;2860.739;2826.958;2513.758;1053.272;1436.900;1283.949;3048.777;629.158;1120.441;3598.662;3288.071;3600.241;3242.279;112.617;0.419;1687.071;3028.860;3154.348;2091.142;3599.877;552.132;392.589;888.327;921.329;926.148;237.885;1318.510;0.139;1809.705;3299.057;1773.697;2256.811;2285.910;3600.140;2443.232;2966.212;813.808;3578.256;565.258;1020.378;2403.652;941.407;3600.205;3229.285;536.783
401,729.7184994220734,400,-563.4687849958804,563.4687849958804,0.018081565729053842,3599.818;2084.170;3572.877;3121.957;2739.468;590.711;3599.830;0.283;513.913;1318.335;2860.062;484.817;3280.265;3599.913;358.067;2165.519;0.361;1262.231;0.235;3600.090;1277.260;3600.456;2990.330;3361.446;579.325;1.124;2287.498;-0.386;3164.110;1051.510;2593.235;3599.743;2000.875;40.526;181.531;2262.838;1562.489;2510.660;1179.940;2401.145;783.126;2247.805;2777.691;660.287;954.449;1835.514;3093.634;666.566;1709.036;2462.787;3599.971;915.358;2475.136;268.559;1484.836;-0.252;3600.003;1709.833;3588.804;1355.922;3580.797;851.219;815.949;2194.471;3030.767;3599.593;2126.256;0.573;1973.183;1003.344;2676.786;3597.839;1634.239;2499.398;0.669;1886.187;366.151;2301.671;1252.534;2941.656;-0.632;12.897;2640.228;1907.642;2070.208;3584.887;1770.766;2984.335;1841.455;3261.475;2828.830;221.444;961.065;3023.057;733.621;430.795;1660.413;1523.460;2678.437;1383.158,856.005;1342.676;1516.903;3257.829;3600.073;1996.882;5.077;2240.749;2195.995;2953.665;1219.365;1.154;2008.836;591.882;2584.078;3062.826;1520.591;3600.373;665.767;3599.764;1719.565;2580.337;2727.260;3600.442;3600.463;-0.167;-0.149;1819.111;0.510;2465.788;1884.814;2157.456;1543.089;1109.580;3359.546;2430.876;1.194;345.727;2058.823;624.768;1426.850;2870.590;1459.441;3420.227;2762.155;2055.543;264.387;1766.920;2870.236;3592.601;280.215;283.974;2584.411;2988.305;235.426;2861.369;2826.531;2514.380;1053.700;1437.101;1283.975;3049.410;629.221;1120.439;3598.138;3288.679;3600.176;3241.657;111.986;0.743;1687.476;3029.467;3154.946;2091.409;3599.655;552.696;391.991;888.556;920.700;926.774;237.293;1318.410;-0.434;1809.134;3298.493;1773.090;2256.324;2286.545;3599.632;2443.788;2965.606;814.398;3577.710;564.651;1020.988;2403.014;942.021;3599.654;3228.658;536.147
402,731.4351332187653,401,-563.4684629452463,563.4684629452463,0.019823620527912283,3599.504;2084.439;3573.490;3121.691;2738.885;590.688;3600.133;-0.333;513.662;1317.708;2859.857;485.430;3280.863;3600.412;358.226;2166.043;-0.153;1262.216;0.675;3600.220;1277.882;3599.864;2990.683;3362.061;579.663;0.968;2286.913;0.171;3164.170;1050.906;2593.412;3599.149;2000.985;40.462;181.938;2262.938;1561.868;2510.046;1179.821;2400.596;782.521;2247.266;2777.744;659.836;954.084;1835.116;3093.572;666.015;1709.580;2462.405;3600.394;915.920;2474.810;268.669;1485.265;0.228;3600.619;1709.621;3588.588;1355.742;3580.409;851.840;815.324;2193.862;3030.864;3600.204;2125.661;0.209;1973.729;1003.038;2677.118;3597.263;1634.692;2499.637;0.046;1886.492;365.581;2302.187;1252.138;2942.117;-0.066;13.509;2639.611;1907.951;2070.815;3584.273;1771.369;2984.388;1840.876;3262.069;2828.375;220.889;960.453;3023.595;734.221;431.291;1661.040;1523.971;2678.972;1383.303,855.568;1342.129;1516.881;3258.440;3600.059;1996.274;5.396;2241.304;2195.375;2954.272;1218.748;0.549;2008.278;592.422;2584.648;3063.398;1521.201;3599.780;665.199;3600.087;1719.151;2579.720;2726.781;3599.883;3600.646;0.004;-0.744;1819.669;-0.081;2465.844;1885.423;2157.784;1543.686;1109.924;3360.007;2430.407;0.608;345.281;2059.445;624.783;1426.314;2869.978;1458.838;3419.741;2761.526;2054.955;263.965;1766.292;2869.644;3593.115;280.797;283.585;2584.678;2988.645;235.886;2861.055;2827.132;2514.904;1054.182;1437.706;1284.531;3050.000;629.833;1120.282;3597.643;3289.250;3599.709;3241.069;112.046;0.262;1686.940;3029.899;3155.354;2092.023;3599.445;553.191;391.519;887.967;920.107;927.190;236.699;1319.011;0.152;1808.594;3298.891;1772.614;2256.933;2286.411;3600.205;2444.383;2964.993;814.806;3577.454;564.106;1021.038;2402.565;942.547;3599.375;3228.073;535.790
403,733.3048005104065,402,-563.4849390233551,563.4849390233551,0.020209098206832705,3598.905;2083.841;3574.054;3121.086;2738.271;591.282;3600.406;0.255;514.146;1318.088;2860.175;484.927;3280.297;3599.888;357.665;2165.860;0.387;1262.784;0.265;3599.915;1278.299;3600.174;2990.098;3362.677;579.070;1.484;2286.296;-0.027;3163.580;1050.557;2594.013;3599.649;2001.583;39.860;181.549;2263.534;1561.311;2510.635;1180.405;2399.997;782.073;2247.566;2778.302;660.329;954.665;1835.032;3093.009;665.400;1709.091;2462.938;3599.799;915.573;2474.249;268.683;1484.750;0.590;3600.133;1710.210;3589.172;1355.207;3580.501;852.199;814.735;2194.399;3031.468;3599.638;2125.779;-0.382;1973.474;1002.431;2676.534;3597.737;1635.304;2499.091;0.518;1887.098;366.112;2302.798;1251.600;2942.712;0.204;13.046;2640.048;1907.474;2070.286;3584.556;1770.876;2983.788;1840.314;3261.494;2828.926;221.458;960.118;3024.208;734.832;430.722;1661.484;1524.579;2679.518;1382.734,855.891;1341.563;1516.387;3258.929;3599.657;1995.730;5.245;2240.874;2194.848;2954.889;1218.664;0.618;2007.664;592.040;2585.224;3063.965;1521.728;3599.860;664.595;3600.529;1718.954;2580.154;2726.173;3599.905;3600.047;-0.557;-0.156;1819.765;-0.632;2466.351;1886.041;2158.378;1543.291;1109.491;3360.187;2430.319;1.011;344.775;2059.871;624.288;1426.760;2870.559;1459.102;3419.603;2761.136;2055.442;263.676;1766.566;2869.033;3592.630;280.926;282.976;2584.268;2989.141;236.289;2860.522;2827.556;2515.143;1054.008;1437.749;1285.146;3050.597;630.448;1119.689;3598.215;3288.903;3600.157;3240.499;111.509;-0.348;1686.325;3030.475;3154.845;2091.702;3600.016;552.733;392.082;887.465;919.491;927.794;236.081;1318.505;0.429;1808.086;3298.381;1773.160;2256.401;2286.045;3600.736;2443.883;2965.498;814.726;3577.535;564.195;1021.638;2402.023;942.051;3599.922;3227.507;536.278
404,735.199408531189,403,-563.4888149171028,563.4888149171028,0.01755462386035641,3599.427;2084.228;3573.576;3120.826;2738.608;590.881;3599.829;0.316;513.651;1318.423;2860.158;484.602;3280.793;3599.439;357.421;2165.811;0.261;1262.267;-0.072;3600.479;1277.733;3600.130;2989.727;3362.454;579.217;0.920;2285.768;-0.585;3163.697;1051.084;2594.189;3599.490;2001.817;40.296;180.951;2263.095;1561.034;2510.704;1180.575;2400.534;781.826;2247.347;2777.920;659.932;954.717;1835.560;3092.821;665.750;1709.557;2463.288;3599.990;916.105;2474.427;268.091;1484.311;1.174;3599.766;1709.832;3588.911;1355.704;3581.024;851.778;814.248;2193.828;3031.494;3599.867;2125.768;0.195;1974.057;1002.828;2676.418;3597.539;1634.906;2499.354;0.293;1886.928;365.603;2302.560;1251.340;2943.122;0.133;12.610;2640.467;1907.753;2070.258;3584.769;1771.002;2984.063;1840.113;3261.810;2829.379;221.028;959.635;3023.988;734.581;430.267;1661.869;1524.582;2679.056;1382.226,856.189;1341.141;1516.803;3258.898;3600.225;1995.305;4.650;2240.525;2194.244;2954.667;1219.166;0.565;2007.644;591.464;2584.701;3064.571;1521.175;3600.418;664.982;3599.953;1718.362;2580.752;2725.570;3599.407;3600.301;0.024;0.085;1820.312;-0.048;2466.951;1886.484;2158.969;1543.856;1109.412;3360.762;2430.861;0.541;344.178;2060.472;624.852;1427.344;2870.047;1459.596;3419.468;2760.538;2054.982;264.244;1766.993;2869.584;3592.184;280.340;282.481;2583.682;2989.732;236.262;2859.942;2828.157;2514.577;1054.600;1437.162;1285.651;3050.063;630.185;1119.084;3598.060;3288.471;3599.636;3240.057;111.904;0.185;1686.079;3029.939;3154.494;2091.394;3600.594;552.136;391.726;887.930;919.978;927.327;235.500;1317.986;0.078;1807.482;3298.776;1772.658;2255.865;2285.776;3600.154;2444.084;2966.009;814.225;3576.949;564.729;1021.825;2402.570;941.587;3600.517;3227.393;536.881
405,736.9066960811615,404,-563.4884842917741,563.4884842917741,0.014555026678572799,3599.615;2084.468;3572.996;3120.399;2739.195;591.145;3600.337;-0.236;513.059;1318.940;2860.729;484.948;3281.386;3599.941;356.869;2166.387;-0.133;1261.915;-0.624;3599.926;1278.153;3599.556;2989.138;3363.024;579.118;1.464;2285.179;-0.012;3164.014;1051.676;2593.737;3600.064;2001.535;40.884;180.352;2263.673;1560.488;2511.184;1180.668;2400.946;781.276;2246.765;2778.238;659.342;954.143;1836.152;3093.368;665.243;1709.042;2462.754;3600.056;915.655;2473.848;268.641;1484.870;1.524;3599.288;1710.369;3589.256;1356.150;3580.805;852.201;814.772;2193.246;3031.948;3599.546;2126.350;-0.110;1973.639;1002.286;2676.787;3598.117;1635.419;2499.914;-0.284;1887.482;365.031;2302.727;1250.754;2943.663;-0.444;12.736;2639.906;1907.241;2069.700;3584.896;1770.553;2983.539;1840.593;3261.401;2829.950;220.436;960.198;3023.935;734.357;429.858;1662.458;1524.615;2678.463;1382.583,855.612;1341.714;1516.236;3259.433;3599.711;1995.838;4.273;2240.138;2194.762;2954.104;1219.089;-0.019;2008.227;591.902;2584.172;3064.384;1520.931;3599.868;665.479;3600.263;1718.823;2580.250;2725.316;3599.778;3599.904;-0.042;0.225;1819.740;-0.128;2466.581;1885.920;2158.454;1543.579;1109.991;3360.429;2430.570;-0.052;343.580;2059.982;625.231;1427.185;2870.406;1460.190;3420.031;2761.060;2055.520;263.996;1767.582;2869.365;3592.754;280.418;282.852;2583.549;2989.290;235.700;2860.486;2828.730;2514.674;1054.438;1436.615;1285.124;3050.381;629.677;1119.341;3597.817;3287.880;3599.935;3239.486;112.368;0.746;1686.561;3029.344;3154.306;2090.809;3600.055;552.549;391.323;888.522;920.492;926.734;235.994;1317.394;0.031;1807.978;3298.249;1772.087;2255.542;2286.354;3600.320;2444.264;2966.597;814.695;3576.696;565.301;1021.278;2402.615;940.995;3599.971;3227.972;536.601
406,738.7609708309174,405,-563.4974405175697,563.4974405175697,0.01772586740788879,3599.139;2084.992;3572.749;3120.918;2739.397;591.595;3599.870;0.263;512.639;1319.526;2860.959;485.505;3281.809;3600.076;356.283;2166.166;0.426;1261.348;-0.059;3600.154;1277.929;3599.051;2988.855;3363.137;578.547;0.975;2284.635;0.073;3164.591;1051.798;2593.384;3600.567;2001.726;40.915;179.775;2264.185;1561.029;2511.741;1181.164;2400.813;781.813;2247.237;2777.812;659.820;954.448;1836.426;3092.951;664.680;1709.074;2463.087;3600.549;915.078;2473.329;268.819;1485.026;1.043;3598.709;1710.550;3589.415;1356.707;3581.374;851.632;815.026;2193.052;3032.415;3599.916;2126.807;0.022;1973.764;1002.700;2677.358;3598.680;1635.059;2499.771;0.268;1888.032;364.510;2302.171;1250.171;2944.248;0.109;12.209;2640.378;1906.662;2069.122;3585.469;1769.990;2982.965;1841.126;3261.225;2830.478;219.851;960.330;3023.366;734.554;430.335;1662.805;1524.215;2678.013;1382.055,855.030;1341.681;1516.036;3259.471;3600.115;1995.340;3.695;2240.691;2194.442;2953.561;1219.623;-0.011;2008.561;591.495;2583.935;3064.914;1521.431;3600.285;665.892;3599.783;1718.311;2580.283;2724.740;3600.217;3600.345;0.379;0.777;1819.991;0.206;2467.042;1885.588;2158.198;1544.117;1110.160;3359.862;2430.110;-0.246;343.563;2060.407;625.811;1427.749;2869.934;1460.511;3420.615;2760.825;2055.092;263.928;1768.112;2869.853;3592.475;279.896;283.428;2584.098;2988.812;235.128;2860.618;2829.252;2514.169;1054.982;1436.046;1285.601;3050.017;629.092;1118.897;3597.265;3287.733;3600.511;3238.945;111.826;0.493;1686.990;3029.257;3154.876;2090.238;3600.436;552.037;391.445;888.804;920.179;926.951;235.821;1316.805;-0.395;1807.756;3297.683;1772.385;2254.996;2286.487;3599.905;2443.810;2967.180;814.228;3576.118;565.825;1021.123;2402.055;941.275;3600.048;3227.687;536.513
407,740.6452343463898,406,-563.5019170054031,563.5019170054031,0.015166249851462536,3599.694;2085.567;3572.964;3121.495;2739.939;591.203;3600.108;-0.103;512.624;1320.094;2860.996;485.902;3282.298;3599.598;355.999;2166.692;1.001;1260.770;-0.032;3600.356;1278.456;3599.428;2988.480;3362.643;578.044;0.722;2284.685;-0.296;3165.137;1052.318;2592.881;3600.029;2001.177;41.455;179.922;2264.607;1561.544;2511.418;1180.613;2401.361;782.284;2247.318;2777.256;660.301;954.031;1836.943;3093.451;664.161;1708.551;2463.356;3599.989;914.501;2473.289;268.525;1484.669;0.492;3598.175;1710.951;3588.852;1357.257;3580.931;851.091;815.594;2192.520;3032.973;3599.414;2127.165;-0.494;1973.241;1003.194;2677.886;3599.189;1634.513;2499.873;-0.093;1887.570;364.543;2301.984;1249.601;2944.635;0.055;11.640;2640.878;1906.319;2068.667;3586.009;1770.042;2982.461;1841.684;3260.793;2830.410;219.354;960.895;3022.796;734.298;430.909;1662.677;1524.405;2677.565;1382.256,854.795;1341.240;1515.476;3260.031;3599.977;1994.828;3.190;2241.269;2194.956;2952.986;1219.804;-0.562;2009.071;591.966;2583.830;3064.519;1520.897;3599.827;665.396;3600.280;1717.841;2579.798;2724.427;3599.664;3599.828;0.224;0.844;1819.705;-0.271;2466.564;1885.085;2157.633;1544.281;1110.632;3359.445;2429.536;0.126;344.106;2060.044;625.894;1427.740;2870.209;1461.064;3421.162;2761.226;2055.542;263.380;1768.686;2870.276;3592.008;280.285;283.931;2584.672;2988.237;234.643;2861.123;2829.039;2514.624;1054.664;1435.753;1285.759;3050.509;629.068;1118.433;3597.779;3288.083;3599.975;3239.373;112.276;0.165;1687.559;3028.714;3155.455;2089.690;3599.906;551.516;391.948;889.334;919.900;927.301;236.375;1317.144;0.165;1808.306;3297.313;1772.572;2255.501;2286.173;3599.560;2443.249;2967.393;814.055;3575.707;566.391;1020.697;2401.568;941.765;3600.450;3227.464;535.956
408,742.3454964160919,407,-563.5026914776793,563.5026914776793,0.015935876142424588,3599.469;2085.266;3572.454;3121.103;2740.464;591.353;3600.620;0.187;513.162;1319.653;2861.552;485.360;3282.843;3600.114;355.443;2167.146;1.127;1260.536;-0.468;3599.832;1278.826;3599.809;2987.936;3362.116;577.525;1.242;2284.147;0.191;3164.705;1051.806;2592.732;3599.712;2000.678;41.017;180.468;2264.192;1561.977;2511.259;1180.837;2401.471;782.593;2247.833;2777.671;660.797;953.668;1836.457;3092.982;663.651;1707.995;2462.983;3600.082;914.046;2473.837;268.672;1485.076;1.005;3597.620;1711.511;3589.290;1356.871;3580.903;850.545;815.188;2192.730;3032.449;3599.712;2127.642;-0.125;1972.702;1003.382;2678.421;3599.719;1634.992;2499.322;-0.396;1888.039;363.991;2302.487;1249.178;2944.969;-0.242;11.812;2641.423;1905.782;2068.120;3586.500;1770.593;2981.895;1842.251;3261.342;2830.954;219.811;961.384;3022.906;734.850;430.454;1663.170;1524.953;2677.993;1382.043,855.074;1341.784;1515.763;3260.601;3599.445;1995.310;3.514;2240.764;2195.457;2953.094;1220.353;-0.036;2009.549;591.968;2583.273;3064.013;1521.077;3599.311;665.939;3599.992;1718.366;2579.873;2724.930;3600.035;3599.276;-0.332;0.306;1819.148;0.257;2466.690;1884.519;2157.403;1543.735;1110.084;3359.913;2430.054;-0.400;343.634;2059.485;625.349;1427.445;2870.757;1460.983;3421.310;2761.784;2056.079;263.059;1768.348;2869.744;3592.539;280.791;283.395;2584.151;2988.692;235.188;2860.705;2828.718;2515.175;1054.119;1436.188;1285.225;3050.986;629.169;1118.950;3598.345;3288.504;3599.925;3239.936;112.786;-0.387;1688.069;3028.546;3155.009;2089.224;3600.004;552.037;392.515;889.901;919.341;926.781;236.113;1317.687;-0.046;1807.911;3297.271;1772.028;2255.735;2286.724;3600.053;2442.682;2966.863;813.500;3576.223;565.898;1021.246;2402.095;941.242;3599.910;3227.993;535.430
409,744.1864383220673,408,-563.5093465157768,563.5093465157768,0.015092381116317706,3599.920;2085.484;3571.898;3121.255;2741.024;590.811;3600.103;-0.312;513.570;1320.167;2861.843;484.835;3283.352;3599.737;354.973;2166.629;0.627;1260.283;0.053;3599.865;1278.289;3600.362;2987.983;3361.972;577.218;1.726;2283.596;-0.255;3165.209;1051.463;2592.663;3599.700;2001.170;41.477;180.020;2264.629;1562.388;2511.800;1180.360;2401.958;783.144;2248.375;2777.170;661.165;954.070;1836.382;3092.511;664.170;1707.443;2463.454;3599.750;913.519;2474.297;268.133;1484.568;1.540;3597.551;1711.265;3589.637;1357.406;3580.596;850.059;815.527;2193.253;3031.891;3599.777;2127.891;0.427;1973.172;1003.929;2678.843;3599.707;1634.505;2499.350;0.137;1887.624;363.513;2302.886;1248.671;2945.210;0.210;11.702;2641.914;1906.233;2067.590;3587.057;1770.974;2982.359;1842.812;3261.064;2831.506;219.520;961.525;3022.431;734.432;430.733;1662.685;1524.425;2677.484;1381.494,854.636;1341.730;1516.297;3260.660;3599.928;1994.930;3.034;2241.096;2194.994;2953.034;1220.913;0.081;2009.107;592.435;2582.916;3063.912;1520.642;3599.574;665.769;3600.397;1718.241;2579.348;2725.448;3600.464;3599.551;-0.028;0.327;1819.536;0.204;2467.230;1884.165;2156.936;1543.442;1110.371;3360.321;2429.783;0.124;343.821;2059.655;625.529;1427.199;2871.157;1460.492;3421.455;2761.344;2056.202;262.508;1768.549;2869.732;3592.408;281.304;283.301;2583.691;2988.294;235.146;2860.192;2829.088;2515.071;1053.791;1436.728;1285.268;3051.443;629.700;1118.549;3598.402;3289.059;3599.776;3240.292;113.244;0.141;1688.627;3028.802;3155.326;2089.232;3600.408;552.235;392.142;889.814;918.790;927.081;236.474;1317.454;0.109;1807.610;3296.733;1771.655;2255.952;2286.656;3600.554;2443.081;2966.802;813.938;3576.204;565.355;1021.141;2401.990;941.524;3599.883;3227.668;534.906
410,746.054224729538,409,-563.5270972582755,563.5270972582755,0.01437302703638473,3599.924;2084.979;3572.254;3120.727;2740.681;590.265;3600.081;0.180;514.111;1319.768;2862.359;484.286;3283.065;3600.214;355.450;2166.506;0.173;1260.013;0.033;3600.393;1278.212;3599.962;2987.496;3362.370;576.676;1.997;2283.126;0.203;3164.779;1051.978;2592.125;3599.587;2000.923;41.404;180.478;2264.154;1561.878;2512.294;1180.304;2402.388;782.696;2248.922;2776.628;661.599;954.607;1836.913;3091.967;664.630;1706.904;2464.001;3600.096;913.313;2474.842;268.564;1484.048;1.156;3597.922;1711.793;3589.198;1357.004;3580.930;850.520;815.269;2193.797;3032.335;3599.240;2127.359;-0.010;1973.379;1003.553;2679.385;3600.124;1634.807;2498.822;-0.042;1888.104;363.854;2303.431;1249.112;2945.750;-0.244;11.204;2642.351;1905.853;2067.060;3586.588;1770.442;2982.701;1842.520;3261.002;2831.505;220.005;961.026;3022.946;734.936;430.199;1662.904;1524.914;2677.974;1380.948,854.199;1341.227;1516.552;3261.193;3600.463;1994.939;2.930;2241.607;2194.449;2953.553;1221.415;-0.184;2009.579;591.973;2583.423;3064.427;1521.158;3600.083;666.016;3599.898;1717.739;2578.803;2724.938;3599.946;3600.081;-0.445;0.739;1820.077;-0.276;2467.671;1884.591;2157.401;1543.448;1110.520;3359.808;2430.115;0.426;344.328;2060.185;626.013;1426.659;2871.249;1459.948;3421.989;2760.809;2056.707;262.018;1768.014;2869.245;3591.891;281.831;282.939;2583.297;2987.813;235.038;2859.723;2829.498;2515.606;1054.057;1436.549;1285.805;3051.990;630.247;1118.008;3598.914;3289.591;3600.289;3239.952;112.742;-0.143;1689.138;3029.343;3155.851;2089.768;3599.892;551.844;391.728;889.282;918.241;927.621;236.835;1317.109;-0.203;1807.091;3296.308;1771.751;2255.419;2286.123;3600.035;2443.616;2966.926;813.560;3575.684;564.805;1021.459;2401.457;942.053;3600.263;3227.125;534.833
411,747.9474246501923,410,-563.5255807791982,563.5255807791982,0.02194249304226756,3600.448;2084.438;3572.364;3120.337;2740.994;590.016;3599.841;0.474;514.214;1319.275;2861.849;483.896;3283.559;3599.817;355.986;2165.993;-0.319;1260.491;-0.465;3600.217;1277.724;3600.119;2987.956;3361.847;577.134;1.513;2283.518;0.065;3164.555;1051.518;2591.588;3599.404;2001.447;40.946;181.014;2263.615;1561.337;2511.877;1180.261;2402.920;782.584;2248.424;2776.095;661.865;954.227;1836.422;3091.725;664.134;1707.228;2464.381;3600.318;913.835;2475.384;268.147;1483.527;1.316;3598.413;1711.719;3588.661;1356.857;3581.148;850.125;814.960;2194.336;3032.106;3599.710;2127.668;-0.541;1973.902;1003.563;2679.844;3599.721;1635.294;2499.281;-0.551;1887.665;363.356;2303.733;1249.630;2945.344;0.247;11.621;2641.862;1906.364;2067.527;3586.262;1770.849;2982.511;1842.005;3261.521;2831.488;220.535;960.501;3022.996;734.654;429.873;1663.413;1524.801;2678.044;1380.606,854.720;1340.741;1516.048;3261.177;3599.967;1995.457;2.431;2241.334;2193.915;2954.087;1220.907;0.317;2010.062;591.440;2583.773;3064.069;1521.507;3600.198;666.547;3599.359;1717.979;2579.263;2725.064;3600.377;3600.594;0.063;1.260;1819.861;0.219;2467.709;1884.104;2157.922;1543.955;1110.806;3360.009;2430.648;-0.070;343.840;2060.405;625.548;1426.897;2870.725;1459.441;3421.531;2760.874;2056.194;262.452;1767.501;2869.461;3592.366;281.351;282.444;2582.761;2988.286;235.558;2859.185;2830.035;2515.686;1053.549;1437.054;1285.945;3051.570;630.624;1118.254;3598.445;3289.583;3599.778;3240.469;113.158;-0.131;1689.671;3029.733;3155.404;2090.310;3599.619;551.596;392.116;888.789;918.624;927.629;236.317;1317.617;-0.712;1806.699;3296.833;1771.227;2255.881;2285.929;3600.302;2443.395;2966.408;813.024;3576.150;564.554;1021.649;2401.838;941.590;3599.751;3227.381;535.354
412,749.6549649238586,411,-563.5282960011682,563.5282960011682,0.0120439892740272,3599.968;2084.802;3572.873;3120.801;2741.466;590.477;3600.344;-0.012;513.806;1319.418;2862.219;484.378;3283.316;3599.896;355.604;2165.511;0.187;1261.021;0.006;3599.696;1278.058;3599.638;2987.926;3361.642;576.709;1.916;2283.787;-0.446;3164.701;1051.259;2591.060;3599.838;2001.172;40.419;180.998;2263.481;1561.751;2511.498;1179.769;2403.377;783.093;2248.698;2776.545;662.387;953.775;1836.293;3091.440;663.769;1706.801;2463.879;3599.803;913.602;2475.492;267.976;1483.687;0.900;3598.938;1712.174;3588.428;1357.307;3581.670;849.600;814.436;2194.847;3032.310;3600.153;2128.182;-0.064;1973.460;1004.078;2680.327;3600.087;1635.031;2498.895;-0.072;1887.945;363.547;2303.244;1249.144;2945.756;0.231;12.142;2642.330;1905.987;2067.163;3586.751;1770.738;2982.065;1842.450;3261.179;2831.114;220.088;960.854;3022.640;734.461;430.054;1663.059;1524.479;2677.625;1380.414,854.543;1341.092;1516.403;3261.314;3600.020;1995.976;1.900;2241.529;2193.588;2953.870;1220.726;0.221;2009.672;590.908;2584.203;3064.534;1521.903;3599.687;666.105;3599.383;1717.952;2579.484;2725.093;3599.940;3600.110;0.083;0.808;1819.757;0.091;2467.888;1883.577;2158.373;1543.582;1110.297;3360.528;2431.071;-0.438;343.837;2060.491;625.060;1427.420;2870.343;1459.757;3421.452;2761.006;2055.927;262.972;1767.442;2869.772;3592.803;280.831;282.536;2582.933;2988.756;235.542;2858.652;2829.546;2515.540;1053.719;1436.571;1285.463;3051.100;630.833;1118.719;3598.624;3289.089;3599.830;3240.054;113.224;-0.353;1689.688;3029.672;3155.545;2090.114;3600.088;551.081;392.643;889.180;918.963;927.385;236.540;1317.349;-0.195;1806.190;3296.625;1771.678;2256.300;2285.602;3599.836;2442.889;2965.965;812.703;3576.544;565.030;1022.170;2401.753;941.578;3599.744;3227.858;535.811
413,751.5037331581116,412,-563.5412455099298,563.5412455099298,0.016900435675606004,3599.682;2085.207;3573.396;3121.298;2741.020;590.872;3599.871;-0.524;514.124;1318.920;2862.268;484.063;3282.863;3600.381;355.114;2164.991;0.357;1261.485;0.323;3600.091;1277.716;3599.576;2987.505;3361.312;576.189;1.422;2284.303;0.036;3164.220;1051.762;2591.001;3599.439;2000.693;39.899;180.682;2263.026;1562.111;2511.897;1179.248;2403.740;782.684;2249.212;2777.042;662.908;954.277;1836.475;3091.419;664.075;1706.462;2464.108;3600.036;913.731;2475.326;268.456;1483.182;0.381;3599.402;1712.690;3588.072;1356.931;3581.709;850.019;813.911;2195.370;3032.821;3599.704;2128.621;-0.375;1973.081;1004.477;2680.842;3599.611;1634.977;2498.381;0.402;1888.363;363.980;2302.731;1249.392;2945.337;0.664;11.806;2642.821;1905.502;2066.646;3587.014;1770.244;2982.560;1842.378;3260.881;2830.643;220.403;960.457;3023.126;734.961;430.450;1662.541;1524.903;2678.085;1379.901,854.865;1340.620;1516.105;3260.844;3600.441;1996.500;1.451;2241.089;2193.074;2954.363;1221.201;-0.218;2010.031;590.467;2584.716;3065.051;1522.414;3599.179;665.699;3599.881;1718.461;2579.006;2724.629;3600.273;3599.743;-0.330;1.216;1820.255;-0.395;2468.397;1883.627;2158.894;1543.070;1110.384;3360.150;2431.483;0.060;344.332;2060.968;625.306;1427.623;2870.819;1460.254;3420.953;2760.500;2056.155;263.184;1766.968;2869.263;3592.441;280.370;282.026;2583.038;2989.272;236.046;2858.134;2829.327;2516.039;1053.338;1436.079;1285.422;3051.525;631.346;1119.141;3599.113;3288.573;3600.271;3239.802;112.713;0.034;1690.198;3030.170;3156.047;2089.632;3600.375;550.624;392.868;888.724;918.499;927.400;236.447;1316.834;0.149;1805.668;3296.146;1772.040;2256.325;2285.085;3600.143;2442.665;2966.452;812.481;3576.530;565.488;1022.694;2401.360;942.026;3600.237;3227.487;536.229
414,753.3816032409668,413,-563.5380230101307,563.5380230101307,0.0077297929859406886,3599.761;2084.812;3573.893;3121.212;2740.507;590.441;3599.889;-0.059;514.064;1318.590;2862.332;483.973;3282.352;3599.890;355.243;2165.236;0.310;1261.128;0.187;3600.121;1278.193;3600.059;2987.991;3360.837;576.395;1.329;2284.817;0.083;3163.706;1051.611;2590.594;3599.940;2000.269;39.385;181.168;2262.528;1561.698;2512.381;1179.702;2403.239;782.250;2248.922;2777.553;662.716;953.929;1835.985;3091.039;663.583;1706.555;2464.016;3599.972;914.229;2475.814;268.967;1483.594;-0.133;3599.913;1713.196;3587.713;1356.421;3582.190;850.102;813.479;2195.594;3033.335;3599.528;2128.142;0.082;1972.587;1004.006;2680.983;3599.099;1635.363;2498.599;0.047;1888.335;364.074;2302.217;1249.762;2945.793;0.227;12.276;2642.845;1905.863;2066.912;3586.520;1770.472;2982.191;1841.886;3261.360;2830.136;220.738;959.947;3023.581;735.464;430.644;1662.144;1525.413;2678.598;1380.323,854.384;1340.123;1516.480;3260.337;3599.966;1996.369;0.939;2240.579;2193.119;2953.936;1220.755;0.188;2010.489;589.960;2585.225;3064.867;1522.875;3599.013;665.266;3599.634;1718.692;2579.045;2724.796;3599.958;3600.158;0.149;1.725;1820.318;0.052;2468.123;1883.452;2158.563;1543.511;1109.897;3360.552;2431.966;-0.150;344.511;2061.473;625.808;1427.974;2870.366;1459.907;3421.381;2760.829;2055.658;263.533;1766.746;2869.113;3592.883;279.860;282.337;2583.525;2988.989;235.670;2858.366;2829.121;2516.535;1053.768;1435.758;1285.601;3051.103;630.946;1119.651;3599.617;3288.076;3599.837;3239.387;112.691;-0.457;1690.568;3030.630;3156.370;2090.073;3599.886;550.120;393.359;888.215;918.962;927.902;236.929;1316.811;0.040;1805.384;3296.273;1772.416;2256.816;2285.026;3599.759;2442.171;2966.180;812.002;3576.352;565.973;1022.804;2400.853;941.644;3600.078;3227.896;536.691
415,755.286417722702,414,-563.5442494094475,563.5442494094475,0.01497336523593311,3599.613;2084.324;3573.916;3121.507;2740.856;590.491;3599.856;-0.141;513.622;1318.187;2861.986;484.464;3282.592;3599.543;354.765;2164.769;0.766;1260.786;0.660;3600.226;1277.937;3599.615;2987.602;3360.364;575.964;0.837;2285.140;-0.057;3164.089;1052.067;2590.091;3600.029;1999.844;38.999;181.169;2262.929;1562.125;2511.912;1179.331;2403.306;782.654;2249.273;2777.379;663.130;954.242;1835.768;3090.540;663.600;1706.097;2463.559;3600.381;913.788;2475.527;269.261;1483.282;0.175;3600.420;1713.579;3588.186;1356.460;3582.696;849.984;813.309;2196.090;3033.564;3599.994;2128.531;0.234;1972.246;1004.241;2681.412;3598.606;1634.875;2498.284;0.066;1888.804;363.669;2301.964;1249.307;2945.956;0.462;12.238;2643.321;1905.547;2066.613;3586.176;1770.122;2982.638;1841.644;3261.538;2829.791;220.274;960.089;3023.626;735.842;431.139;1661.675;1525.400;2678.537;1380.312,854.512;1339.616;1516.018;3259.831;3599.981;1996.052;1.277;2241.019;2193.577;2953.446;1220.958;-0.147;2010.993;590.417;2584.835;3065.239;1523.334;3599.382;664.770;3600.064;1719.159;2578.645;2724.316;3600.313;3600.600;-0.056;2.096;1819.861;-0.245;2467.624;1882.969;2158.111;1543.120;1109.416;3361.055;2431.495;0.280;344.037;2061.975;625.380;1427.556;2870.729;1460.279;3421.016;2760.562;2056.007;263.056;1766.256;2868.909;3592.590;280.324;282.089;2584.031;2989.421;235.831;2858.491;2828.627;2516.147;1054.247;1435.291;1286.094;3050.659;630.830;1119.879;3599.960;3288.526;3600.179;3238.885;112.218;0.002;1691.055;3031.120;3156.870;2090.031;3599.734;550.584;392.891;888.053;919.073;927.787;236.641;1316.443;-0.379;1805.700;3295.936;1771.949;2256.728;2284.544;3600.117;2442.635;2966.036;812.483;3575.858;565.598;1023.043;2400.350;942.121;3599.642;3227.493;536.761
416,757.0013687610626,415,-563.5492566015193,563.5492566015193,0.017214421686247042,3599.652;2084.451;3574.320;3121.165;2741.083;590.123;3600.339;-0.407;514.000;1318.654;2862.449;484.945;3282.222;3599.894;354.423;2164.392;0.420;1260.343;0.865;3599.743;1277.620;3600.025;2987.138;3360.131;575.641;1.254;2284.681;-0.522;3164.147;1051.992;2590.220;3599.823;2000.188;38.634;180.706;2263.410;1562.590;2512.318;1179.409;2403.767;783.115;2249.333;2777.131;663.576;953.896;1835.336;3090.097;663.181;1705.604;2464.026;3599.901;913.563;2475.323;268.849;1483.103;0.654;3600.036;1714.062;3588.651;1356.935;3582.744;849.497;812.821;2196.282;3033.303;3600.185;2128.952;0.597;1971.754;1003.924;2681.058;3598.921;1634.514;2498.028;-0.414;1889.277;363.393;2301.509;1248.811;2946.431;-0.005;12.698;2643.811;1905.065;2066.181;3586.544;1769.661;2983.118;1841.286;3261.100;2829.793;219.779;960.575;3024.100;736.322;431.066;1662.039;1525.792;2678.131;1379.852,854.981;1339.370;1515.586;3260.015;3599.830;1996.154;0.826;2240.594;2194.050;2952.968;1221.436;0.307;2010.768;590.045;2584.348;3064.854;1522.932;3598.913;664.272;3600.238;1719.650;2578.176;2724.675;3599.839;3600.128;0.201;2.373;1819.428;0.196;2468.073;1882.954;2158.519;1542.647;1108.924;3361.522;2431.717;0.116;343.540;2062.474;624.938;1428.030;2870.578;1460.771;3420.559;2761.019;2056.098;263.515;1765.782;2869.384;3592.358;280.040;281.610;2583.946;2989.909;236.308;2858.011;2829.063;2515.653;1054.745;1434.796;1286.364;3050.177;630.347;1119.989;3600.446;3288.097;3600.529;3238.409;112.431;-0.274;1691.417;3031.570;3156.532;2089.719;3600.205;550.176;392.592;888.324;919.549;927.300;236.980;1315.952;0.085;1805.240;3295.451;1772.352;2256.517;2284.074;3600.252;2442.648;2966.511;812.968;3576.328;566.023;1023.525;2400.035;941.706;3600.056;3227.926;537.248
417,758.8666286468506,416,-563.5442337316955,563.5442337316955,0.012548298531143734,3600.122;2083.982;3574.625;3120.845;2741.222;590.534;3599.957;0.060;513.556;1319.107;2862.237;484.559;3282.049;3600.330;354.804;2163.939;-0.005;1259.855;0.435;3600.003;1277.211;3600.058;2987.557;3359.683;575.682;1.105;2284.286;-0.054;3163.703;1051.555;2590.692;3600.264;1999.949;38.567;180.508;2263.702;1562.164;2512.624;1179.802;2404.121;782.731;2249.712;2776.719;663.601;953.449;1835.504;3090.538;662.834;1705.172;2463.851;3599.840;913.586;2474.863;268.365;1483.562;0.467;3600.032;1714.156;3589.090;1356.574;3582.586;849.593;813.109;2196.585;3033.761;3599.721;2128.675;0.391;1971.510;1003.442;2681.526;3599.363;1634.962;2497.881;0.017;1889.381;363.718;2301.518;1248.971;2945.990;0.240;12.741;2643.565;1905.108;2066.452;3586.959;1770.098;2982.880;1840.809;3260.620;2830.266;219.697;960.559;3024.335;736.268;430.713;1662.500;1525.575;2677.661;1379.981,854.602;1339.766;1515.181;3259.686;3599.382;1996.633;1.032;2240.112;2194.385;2953.152;1221.205;0.186;2010.289;590.209;2584.545;3064.369;1522.446;3598.449;664.078;3600.644;1720.140;2578.600;2725.160;3599.904;3599.787;-0.251;1.898;1818.941;0.106;2467.790;1882.479;2158.130;1542.159;1108.627;3361.402;2432.191;-0.337;343.451;2062.022;624.452;1427.705;2871.035;1460.327;3420.117;2761.505;2056.461;263.496;1766.189;2868.951;3592.828;280.334;281.234;2583.666;2989.837;236.789;2857.588;2828.610;2515.780;1054.288;1435.109;1285.894;3050.609;630.268;1120.467;3599.976;3288.458;3600.057;3238.699;112.858;0.149;1691.901;3031.132;3156.072;2089.236;3599.867;550.614;393.053;888.806;919.148;927.323;236.552;1316.361;0.167;1805.196;3295.841;1772.810;2256.982;2284.418;3599.781;2442.190;2966.107;813.007;3576.760;566.435;1024.015;2400.493;941.405;3599.677;3228.399;536.885
418,760.7619688510895,417,-563.5457648252145,563.5457648252145,0.007905538155814905,3599.663;2083.622;3575.097;3120.372;2740.756;590.999;3599.905;0.332;513.908;1318.758;2862.695;484.155;3282.513;3599.884;354.883;2163.496;0.434;1260.282;-0.043;3600.407;1276.736;3599.691;2987.393;3359.203;576.127;0.842;2283.845;-0.025;3163.224;1051.237;2590.722;3599.805;2000.420;38.101;180.930;2263.252;1561.748;2513.091;1180.280;2403.781;782.485;2250.170;2777.012;663.154;953.886;1835.411;3090.355;662.357;1705.020;2464.308;3600.275;914.049;2475.293;268.672;1484.027;0.342;3599.812;1713.759;3589.568;1356.473;3582.710;849.207;812.687;2196.137;3033.954;3599.891;2128.201;-0.081;1971.289;1003.223;2681.501;3599.774;1635.424;2498.236;-0.029;1889.852;363.250;2301.073;1249.387;2946.073;0.644;12.957;2643.803;1904.638;2066.898;3586.791;1770.088;2982.408;1841.090;3261.055;2830.661;220.043;960.855;3024.808;735.998;430.238;1662.924;1525.518;2677.945;1379.553,854.147;1339.529;1515.641;3260.136;3599.519;1996.251;0.967;2239.657;2193.956;2953.620;1220.741;0.634;2010.233;589.793;2585.015;3064.711;1521.976;3598.122;664.528;3600.181;1720.102;2579.062;2724.881;3599.817;3599.810;0.125;2.064;1819.338;0.489;2468.081;1882.842;2158.572;1542.622;1108.466;3361.251;2432.662;0.101;343.051;2062.071;624.618;1428.022;2870.680;1459.876;3420.537;2761.266;2056.002;263.332;1766.356;2868.624;3593.016;279.906;280.894;2583.604;2990.264;236.561;2857.126;2828.835;2516.167;1054.641;1435.106;1286.174;3050.391;630.463;1120.303;3600.065;3288.922;3600.141;3239.134;112.436;-0.041;1691.607;3031.554;3155.606;2089.327;3600.039;550.330;393.462;888.700;918.710;927.707;236.072;1316.705;0.603;1804.726;3296.248;1772.809;2256.724;2284.839;3599.985;2441.721;2965.647;812.544;3576.639;566.025;1024.466;2400.829;941.651;3600.067;3228.258;536.737
419,762.4725790023804,418,-563.5583160640131,563.5583160640131,0.019221614507127248,3599.733;2083.155;3574.700;3119.911;2741.157;591.470;3600.353;-0.045;513.714;1318.319;2862.271;483.687;3282.910;3600.152;354.582;2163.026;0.064;1260.402;-0.516;3599.963;1277.053;3600.080;2987.805;3359.642;575.900;1.283;2283.374;-0.385;3162.758;1050.770;2591.143;3599.634;2000.503;38.475;181.399;2262.976;1561.277;2513.537;1180.045;2404.231;782.019;2249.741;2777.477;663.510;954.331;1835.778;3090.765;661.932;1704.557;2464.005;3599.906;914.522;2475.738;268.406;1483.664;0.793;3599.703;1714.212;3590.038;1356.687;3583.161;849.373;812.267;2196.033;3034.352;3599.925;2128.621;-0.524;1971.729;1002.758;2681.763;3600.245;1635.896;2498.704;-0.469;1890.323;362.817;2301.454;1249.800;2945.853;1.029;13.410;2643.346;1904.551;2066.453;3587.242;1770.540;2982.007;1840.636;3260.841;2830.733;220.512;960.463;3025.163;735.532;429.823;1663.393;1525.979;2677.503;1379.089,854.515;1339.086;1516.087;3260.609;3599.934;1995.785;0.513;2239.248;2193.484;2954.080;1220.267;0.396;2009.782;589.346;2585.478;3065.176;1521.528;3598.561;664.907;3599.733;1719.752;2579.536;2724.577;3600.178;3600.257;0.203;2.415;1819.786;0.160;2468.547;1882.570;2159.039;1542.746;1108.002;3361.545;2433.075;0.094;342.669;2062.488;625.043;1428.487;2870.237;1460.300;3420.226;2760.809;2055.556;263.750;1766.767;2868.875;3593.469;279.453;281.294;2583.769;2990.736;236.837;2856.652;2829.269;2515.852;1054.947;1434.645;1285.829;3050.597;630.927;1120.134;3599.806;3288.786;3599.749;3239.574;111.997;-0.491;1691.204;3031.234;3155.192;2089.233;3600.453;549.868;393.910;888.328;918.869;927.266;235.601;1317.143;0.768;1804.534;3296.143;1773.250;2257.141;2285.049;3600.443;2441.369;2965.955;812.132;3576.267;566.374;1024.936;2401.286;941.267;3599.821;3227.859;537.157
420,764.3260774612427,419,-563.5554964762516,563.5554964762516,0.012921240553446666,3599.331;2082.729;3574.243;3120.200;2741.598;591.611;3600.127;-0.444;514.139;1318.109;2862.244;483.365;3283.373;3599.800;355.029;2162.860;-0.326;1259.987;-0.121;3599.648;1276.610;3599.713;2987.847;3359.336;575.899;1.506;2283.571;0.036;3162.740;1050.424;2591.592;3599.910;2000.559;38.936;181.732;2263.399;1561.053;2513.365;1179.671;2404.666;782.300;2249.351;2777.595;663.703;954.793;1836.240;3090.524;661.574;1704.092;2464.284;3600.112;914.373;2475.525;267.954;1483.617;1.189;3600.141;1714.654;3590.504;1357.139;3582.859;848.926;812.373;2196.188;3034.657;3600.290;2129.053;-0.102;1971.301;1002.768;2681.994;3599.826;1636.235;2499.171;-0.098;1890.256;363.209;2301.035;1249.632;2945.447;1.492;12.983;2643.562;1904.528;2066.002;3587.667;1770.799;2982.396;1840.729;3260.396;2830.398;220.323;960.903;3024.918;735.125;429.359;1663.300;1526.299;2677.051;1379.083,854.334;1339.490;1516.211;3260.809;3600.397;1995.378;0.693;2238.811;2193.800;2954.404;1220.388;0.216;2009.517;589.317;2585.931;3065.022;1521.530;3598.380;664.611;3600.057;1720.166;2579.807;2724.150;3599.758;3599.902;-0.223;2.058;1819.952;-0.297;2468.413;1882.176;2158.833;1542.842;1108.219;3361.215;2433.110;0.407;343.100;2062.111;624.717;1428.362;2870.121;1460.349;3420.186;2760.462;2055.504;263.507;1767.181;2868.441;3593.244;279.556;280.849;2584.225;2990.687;237.289;2856.311;2828.983;2516.274;1054.663;1434.772;1285.422;3051.054;631.388;1119.885;3600.083;3289.162;3600.007;3240.014;111.555;-0.061;1690.792;3030.844;3155.523;2088.779;3600.009;549.467;394.370;888.742;918.427;927.499;235.680;1317.029;0.830;1804.676;3295.732;1773.275;2257.580;2284.672;3600.005;2440.931;2965.671;811.763;3576.026;566.535;1025.342;2401.085;941.651;3600.250;3227.991;536.798
421,766.2042393684387,420,-563.5573828674555,563.5573828674555,0.011727584086610218,3599.714;2082.273;3573.786;3119.855;2741.274;591.957;3599.873;-0.013;513.748;1318.474;2862.616;483.674;3283.061;3600.149;355.195;2162.411;0.105;1259.530;0.250;3600.000;1276.164;3600.148;2988.294;3359.318;575.452;1.919;2283.889;-0.140;3163.095;1050.811;2591.493;3600.156;2000.243;38.597;182.185;2263.652;1560.657;2513.753;1180.092;2404.516;781.907;2249.180;2777.980;664.151;954.533;1835.849;3090.140;661.123;1704.132;2464.578;3599.701;913.952;2475.239;267.498;1484.055;0.789;3600.594;1714.994;3590.603;1356.730;3583.303;849.303;812.817;2196.635;3034.279;3599.850;2128.758;0.287;1971.432;1002.408;2682.444;3599.370;1635.901;2498.968;0.034;1889.931;362.851;2301.414;1250.047;2945.842;1.062;12.928;2643.236;1904.692;2066.368;3587.259;1771.231;2982.149;1840.304;3260.350;2830.808;220.752;960.637;3024.468;735.537;429.036;1663.121;1526.563;2677.426;1378.644,853.899;1339.103;1515.771;3260.505;3599.974;1995.514;0.275;2238.432;2193.847;2954.428;1220.813;-0.155;2009.643;589.748;2585.583;3064.595;1521.133;3597.986;664.855;3600.230;1720.620;2579.382;2724.580;3599.659;3599.883;0.137;1.814;1819.831;0.104;2468.808;1881.721;2158.409;1542.452;1107.801;3361.626;2432.697;0.009;342.715;2062.218;624.317;1428.509;2870.490;1460.745;3420.609;2760.778;2055.076;263.101;1766.755;2868.381;3593.655;279.977;280.697;2584.425;2990.251;237.743;2856.481;2829.389;2516.368;1054.218;1434.373;1285.856;3051.274;631.084;1120.328;3599.690;3289.616;3600.391;3240.471;111.365;-0.019;1691.198;3030.389;3155.172;2088.770;3600.153;549.808;394.032;888.855;918.193;927.142;235.988;1316.586;0.391;1804.367;3295.292;1772.850;2258.035;2285.106;3599.978;2441.303;2965.996;812.169;3576.329;566.135;1025.751;2401.186;941.844;3599.845;3227.923;536.518
422,767.9103157520294,421,-563.562624649471,563.562624649471,0.013426888550925817,3599.657;2082.114;3573.837;3120.085;2741.379;592.393;3599.952;-0.144;513.311;1318.504;2863.038;483.292;3282.625;3599.913;355.295;2162.546;-0.107;1259.717;0.387;3600.438;1276.549;3599.924;2988.740;3359.498;575.274;1.508;2284.248;0.031;3162.695;1050.595;2591.132;3599.732;2000.023;38.439;181.894;2263.380;1560.272;2513.503;1179.713;2404.250;781.533;2249.611;2777.970;664.574;954.917;1836.199;3090.531;661.455;1703.907;2464.199;3599.826;914.212;2474.798;267.048;1483.726;0.428;3600.243;1714.710;3590.933;1356.293;3583.521;849.168;812.880;2196.942;3033.851;3600.225;2128.330;0.621;1971.136;1002.524;2682.887;3598.970;1635.522;2498.535;0.039;1890.063;363.241;2301.697;1250.064;2945.468;1.077;12.689;2643.368;1905.075;2066.784;3587.623;1770.940;2982.479;1840.631;3259.918;2830.750;220.761;960.230;3024.081;735.226;429.436;1663.389;1526.140;2677.768;1378.195,854.223;1338.672;1515.871;3260.726;3600.351;1995.105;-0.015;2238.851;2193.415;2954.620;1221.161;0.275;2009.208;589.776;2585.784;3064.966;1521.540;3598.276;664.424;3600.111;1720.400;2579.460;2724.492;3599.433;3600.305;0.493;1.372;1820.261;-0.081;2469.255;1881.317;2158.140;1542.548;1107.379;3362.071;2432.248;-0.234;343.047;2062.649;624.701;1428.175;2870.081;1461.069;3420.248;2760.352;2054.763;262.652;1766.335;2868.542;3594.018;280.177;280.370;2584.856;2989.946;238.155;2856.081;2829.262;2516.803;1054.386;1434.294;1285.608;3051.577;631.497;1119.992;3599.246;3290.067;3599.961;3240.274;110.990;-0.396;1691.593;3029.985;3155.592;2089.206;3599.828;549.736;393.596;889.242;917.754;926.794;235.612;1316.351;-0.053;1803.949;3294.846;1773.076;2258.453;2285.104;3600.356;2441.665;2966.366;812.608;3575.894;566.436;1026.198;2400.749;942.285;3599.753;3227.484;536.109
423,769.7548220157623,422,-563.5576617839679,563.5576617839679,0.013483362804279543,3599.282;2081.796;3574.242;3119.670;2741.606;592.834;3599.533;0.204;513.311;1318.933;2862.908;483.538;3282.182;3600.225;354.869;2162.241;-0.535;1260.087;0.428;3600.068;1276.440;3600.018;2989.178;3359.932;574.860;1.073;2284.623;0.313;3162.875;1050.162;2590.693;3599.533;2000.267;38.009;181.890;2262.945;1559.913;2513.897;1179.356;2404.458;781.123;2250.005;2778.388;665.015;954.611;1835.875;3090.211;661.875;1703.952;2463.760;3600.057;914.533;2475.180;266.609;1483.358;0.014;3599.878;1714.311;3591.371;1356.084;3583.313;849.482;812.700;2197.299;3033.412;3599.990;2127.942;0.634;1970.699;1002.190;2683.313;3598.955;1635.471;2498.093;0.435;1890.495;363.016;2302.131;1250.391;2945.768;1.341;13.119;2642.998;1904.960;2067.205;3588.006;1771.311;2982.918;1840.309;3259.516;2831.175;220.630;959.803;3024.490;734.921;429.840;1663.824;1525.705;2677.812;1377.762,854.651;1338.609;1515.761;3261.154;3600.036;1994.870;-0.437;2239.137;2193.456;2954.192;1221.513;-0.034;2008.893;589.366;2585.423;3065.118;1521.271;3597.869;664.019;3599.706;1720.490;2579.138;2724.860;3599.571;3599.923;0.190;1.718;1819.916;-0.368;2469.533;1880.877;2157.704;1542.206;1107.590;3362.356;2431.839;0.156;342.702;2063.018;624.318;1427.739;2869.999;1461.506;3419.820;2760.211;2055.113;263.035;1765.897;2868.973;3594.456;280.006;280.084;2584.717;2989.510;238.563;2855.722;2828.846;2516.845;1054.010;1433.911;1285.591;3052.012;631.837;1119.641;3599.489;3289.958;3600.033;3240.624;111.295;0.012;1691.970;3029.692;3155.961;2089.624;3600.039;550.119;393.157;889.681;918.030;926.356;235.998;1316.675;-0.482;1803.545;3294.429;1772.674;2258.892;2284.751;3599.947;2442.104;2966.014;813.044;3576.211;566.705;1026.015;2400.378;941.964;3600.100;3227.536;536.517
424,771.6254742145538,423,-563.5610368313589,563.5610368313589,0.013081529760380592,3599.146;2081.381;3573.877;3119.356;2741.799;592.946;3599.920;-0.164;512.891;1319.368;2863.303;483.141;3281.827;3599.812;354.437;2162.506;-0.132;1260.512;0.852;3599.985;1276.037;3600.441;2989.424;3360.229;575.163;0.975;2285.038;0.692;3162.474;1050.525;2590.916;3599.953;2000.554;37.581;181.512;2263.331;1559.482;2513.482;1179.317;2404.884;780.689;2250.430;2778.486;664.604;954.181;1836.286;3090.623;662.297;1703.530;2463.343;3599.656;914.119;2474.778;266.909;1483.737;-0.397;3599.776;1714.722;3591.483;1355.658;3583.721;849.912;813.122;2197.731;3033.789;3599.915;2128.260;1.008;1970.291;1001.762;2683.140;3599.082;1635.053;2498.144;0.081;1890.904;363.405;2302.025;1249.983;2945.351;0.927;13.426;2643.387;1904.535;2067.225;3588.409;1770.898;2983.334;1839.944;3259.111;2831.607;220.218;960.143;3024.904;735.336;430.267;1663.530;1525.732;2677.434;1377.786,854.282;1338.979;1515.336;3260.753;3599.784;1995.282;-0.019;2239.565;2193.819;2953.758;1221.945;-0.457;2009.308;589.775;2584.991;3064.706;1521.635;3597.552;663.585;3600.109;1720.913;2578.710;2725.254;3599.997;3600.244;-0.239;1.339;1819.491;0.038;2469.128;1880.483;2157.269;1541.775;1107.330;3362.785;2431.405;-0.057;342.273;2063.267;623.904;1427.306;2870.419;1461.937;3420.185;2760.544;2055.545;262.735;1765.532;2869.200;3594.794;280.430;280.134;2585.135;2989.077;238.240;2856.138;2828.527;2517.253;1053.625;1433.502;1286.000;3052.447;631.610;1119.410;3599.861;3290.162;3600.235;3240.213;111.206;0.029;1692.403;3029.275;3156.393;2089.829;3600.248;550.552;392.724;890.109;918.441;925.947;236.431;1316.300;-0.070;1803.684;3293.994;1772.251;2259.265;2284.320;3600.073;2442.530;2966.351;813.479;3576.206;566.286;1025.609;2399.946;942.228;3599.780;3227.901;536.226
425,773.5193140506744,424,-563.5653653265631,563.5653653265631,0.013415920212020186,3598.729;2080.956;3573.940;3119.005;2742.202;593.324;3600.327;-0.124;512.464;1319.277;2863.669;482.721;3282.118;3600.009;354.206;2162.796;0.094;1260.203;0.516;3600.168;1275.676;3600.056;2989.142;3359.874;575.582;1.370;2285.465;0.336;3162.055;1050.781;2590.569;3600.239;2000.974;37.788;181.918;2263.693;1559.062;2513.178;1179.396;2404.529;780.350;2250.043;2778.846;664.207;953.897;1836.171;3091.022;662.281;1703.127;2463.394;3599.951;914.015;2474.836;267.217;1484.142;0.013;3600.063;1715.149;3591.890;1355.282;3584.137;850.324;813.392;2197.460;3034.157;3600.294;2128.597;0.602;1970.677;1001.494;2682.748;3598.807;1635.138;2498.472;-0.344;1891.325;363.045;2302.097;1250.374;2945.090;0.660;13.840;2643.269;1904.108;2067.004;3588.061;1770.584;2983.636;1840.325;3259.488;2831.283;220.596;959.919;3024.588;735.216;430.695;1663.108;1526.141;2677.825;1378.056,854.301;1338.646;1514.997;3260.362;3600.074;1995.573;-0.058;2239.912;2193.440;2953.450;1221.669;-0.055;2009.469;589.743;2584.705;3065.074;1521.317;3597.489;663.912;3600.223;1720.544;2578.879;2724.897;3600.276;3599.942;0.127;0.916;1819.171;-0.254;2469.000;1880.861;2157.187;1542.121;1107.046;3362.470;2431.527;-0.456;341.908;2063.688;624.268;1427.553;2870.398;1461.694;3419.883;2760.463;2055.755;262.880;1765.924;2869.281;3595.036;280.534;280.552;2584.923;2989.182;237.912;2856.401;2828.813;2516.918;1053.976;1433.259;1286.112;3052.238;631.195;1118.989;3600.280;3289.816;3599.869;3240.380;110.802;0.046;1692.125;3029.634;3156.749;2090.208;3599.840;550.814;392.467;889.763;918.840;926.114;236.289;1315.882;0.143;1803.275;3294.312;1771.833;2258.974;2284.557;3599.772;2442.483;2965.982;813.236;3576.168;566.659;1025.705;2399.719;942.320;3599.897;3228.062;536.348
426,775.2292897701263,425,-563.5702937268148,563.5702937268148,0.014053191906140862,3598.920;2081.171;3574.286;3119.398;2741.811;592.940;3599.936;0.230;512.243;1318.909;2864.087;482.735;3282.357;3600.420;354.145;2163.211;-0.105;1260.489;0.676;3599.802;1275.266;3599.837;2988.728;3360.243;575.994;1.087;2285.105;0.587;3162.419;1051.129;2590.971;3599.859;2001.218;37.950;181.601;2264.104;1559.416;2513.399;1179.021;2404.784;779.966;2250.097;2778.596;663.833;953.529;1836.262;3090.669;662.687;1703.315;2463.783;3600.325;913.707;2474.525;267.465;1483.902;-0.010;3600.374;1715.111;3592.299;1355.667;3584.118;850.042;813.114;2197.055;3033.813;3599.892;2128.457;0.215;1970.960;1001.868;2682.329;3599.016;1634.789;2498.097;0.049;1891.156;362.681;2301.690;1250.077;2945.414;0.474;14.112;2643.663;1904.210;2066.604;3587.649;1770.195;2983.735;1840.744;3259.892;2831.580;220.212;960.291;3024.273;735.358;430.945;1663.024;1525.791;2677.734;1377.668,853.905;1339.045;1515.132;3260.540;3600.456;1995.205;-0.311;2239.671;2193.259;2953.179;1221.303;0.038;2009.215;589.354;2584.332;3065.452;1520.904;3597.406;664.065;3599.844;1720.190;2579.188;2724.506;3599.873;3600.310;0.285;0.656;1819.049;0.134;2469.391;1881.276;2157.280;1542.511;1107.451;3362.187;2431.695;-0.052;342.010;2064.053;624.668;1427.921;2870.056;1461.298;3419.468;2760.071;2055.427;262.563;1766.329;2869.689;3595.449;280.178;280.829;2584.630;2989.537;237.495;2856.307;2828.423;2516.627;1054.239;1433.652;1286.521;3051.925;630.794;1118.621;3599.882;3289.407;3600.171;3240.078;110.474;0.294;1691.710;3030.046;3156.761;2089.834;3600.190;551.009;392.112;889.365;919.252;926.519;236.163;1315.461;0.393;1803.028;3293.927;1771.980;2258.559;2284.515;3600.034;2442.797;2965.573;812.918;3575.842;567.016;1025.409;2399.809;941.932;3600.307;3228.473;536.675
427,777.08043384552,426,-563.5684123605457,563.5684123605457,0.004119723187105294,3598.520;2081.546;3574.694;3119.480;2741.970;592.528;3599.681;0.025;512.044;1318.500;2864.487;483.138;3282.079;3600.042;353.741;2162.819;0.280;1260.434;1.042;3600.191;1275.486;3599.902;2988.974;3360.072;575.614;0.678;2284.694;0.388;3162.730;1051.538;2590.596;3599.804;2001.227;37.551;181.480;2264.245;1559.811;2513.805;1179.253;2405.003;779.755;2250.496;2778.988;664.210;953.161;1836.219;3090.285;663.097;1703.717;2463.669;3599.928;913.362;2474.460;267.079;1484.037;0.021;3599.973;1714.848;3592.711;1356.024;3584.399;849.634;812.706;2196.646;3033.762;3600.079;2128.829;0.407;1970.665;1002.278;2682.694;3599.422;1635.142;2497.686;0.069;1891.547;362.389;2301.473;1249.669;2945.824;0.869;13.995;2644.070;1903.828;2066.193;3587.477;1769.797;2984.128;1840.472;3259.742;2831.222;219.803;959.939;3024.641;735.752;431.349;1663.399;1525.598;2677.765;1377.257,853.737;1338.859;1515.529;3260.935;3600.064;1994.793;0.074;2240.054;2192.855;2953.238;1221.615;-0.005;2008.902;589.077;2583.922;3065.496;1521.277;3597.806;663.725;3599.584;1719.900;2578.912;2724.450;3599.767;3599.954;-0.074;0.299;1819.440;-0.027;2469.790;1880.928;2157.318;1542.772;1107.125;3362.553;2431.313;0.167;341.847;2064.456;624.517;1427.594;2870.108;1461.564;3419.631;2759.660;2055.034;262.185;1766.743;2870.098;3595.862;280.459;280.819;2584.880;2989.337;237.499;2855.966;2828.119;2516.447;1054.642;1434.038;1286.746;3051.521;630.910;1118.355;3599.587;3289.764;3599.797;3239.793;110.069;0.452;1691.997;3030.364;3156.918;2090.169;3599.836;551.386;391.704;889.087;918.943;926.838;235.838;1315.804;0.679;1802.622;3293.663;1771.603;2258.683;2284.162;3600.176;2443.206;2965.475;813.205;3576.235;566.675;1025.250;2399.838;942.186;3599.928;3228.180;537.059
428,778.9618964195251,427,-563.5747450210897,563.5747450210897,0.010133598690925281,3598.473;2081.410;3574.543;3119.486;2742.368;592.136;3599.942;-0.303;512.400;1318.120;2864.467;483.279;3281.723;3599.895;353.817;2162.684;0.449;1260.041;0.684;3599.926;1275.191;3600.268;2988.836;3359.677;575.377;0.614;2284.938;-0.010;3162.605;1051.371;2590.228;3599.422;2001.478;37.426;181.848;2263.855;1559.495;2513.749;1179.499;2404.731;779.948;2250.259;2778.952;664.490;953.220;1835.846;3089.905;663.126;1703.694;2463.285;3599.955;912.999;2474.854;266.678;1483.652;0.321;3599.640;1715.167;3593.071;1355.996;3584.794;849.504;812.744;2196.904;3033.890;3600.213;2129.216;0.742;1970.966;1002.395;2683.075;3599.825;1634.780;2497.836;-0.283;1891.482;361.990;2301.742;1249.443;2945.856;0.941;14.125;2644.407;1903.594;2066.365;3587.858;1770.155;2984.533;1840.540;3260.061;2831.343;219.798;959.594;3024.848;735.829;431.075;1663.636;1525.338;2677.371;1377.332,853.341;1338.467;1515.813;3261.047;3600.078;1994.478;-0.200;2240.451;2192.528;2952.845;1221.268;-0.366;2008.516;588.686;2583.519;3065.864;1521.140;3598.209;664.089;3599.190;1719.499;2579.257;2724.695;3599.493;3600.081;0.285;0.559;1819.288;-0.124;2469.858;1880.984;2156.932;1543.159;1106.868;3362.421;2431.669;-0.166;341.466;2064.861;624.779;1427.876;2869.715;1461.227;3420.029;2759.432;2054.628;262.568;1766.895;2870.502;3595.804;280.117;281.214;2584.518;2988.938;237.105;2856.254;2828.488;2516.048;1055.048;1433.659;1287.143;3051.118;630.541;1117.967;3599.406;3290.070;3599.767;3240.157;110.461;0.065;1692.260;3030.048;3157.242;2090.373;3599.943;550.999;391.303;889.374;919.314;926.554;236.158;1315.971;0.295;1802.694;3294.041;1771.206;2259.055;2284.536;3599.787;2443.295;2965.083;812.874;3576.335;566.688;1024.852;2399.455;942.534;3600.000;3228.201;537.461
429,780.8686695098877,428,-563.5783299061474,563.5783299061474,0.011909115363515235,3598.336;2081.529;3574.464;3119.106;2742.680;592.280;3600.320;0.081;512.643;1318.159;2864.853;483.455;3281.326;3600.013;353.462;2162.297;0.432;1259.748;0.623;3599.902;1275.536;3599.909;2989.161;3359.555;574.992;0.963;2285.118;-0.398;3162.236;1051.662;2590.491;3599.103;2001.101;37.077;181.671;2263.932;1559.788;2514.105;1179.175;2405.117;779.566;2250.608;2779.331;664.842;952.876;1835.449;3090.148;663.092;1703.311;2463.230;3599.817;912.601;2475.121;266.457;1483.274;0.515;3599.501;1715.562;3593.424;1356.014;3585.081;849.744;813.009;2196.806;3034.273;3599.847;2129.612;1.072;1970.587;1002.371;2683.182;3600.134;1635.142;2497.464;0.049;1891.852;362.084;2302.121;1249.075;2946.113;0.579;14.511;2644.786;1903.201;2065.984;3588.246;1770.472;2984.356;1840.180;3260.392;2831.733;219.713;959.679;3025.239;736.217;431.076;1664.014;1525.720;2676.986;1376.950,852.944;1338.588;1515.519;3261.232;3599.873;1994.782;-0.454;2240.179;2192.133;2952.885;1221.643;0.012;2008.725;588.287;2583.148;3065.546;1521.028;3598.608;664.275;3598.794;1719.764;2579.053;2725.088;3599.869;3599.899;0.007;0.951;1819.630;0.195;2470.244;1880.656;2156.588;1542.803;1106.496;3362.065;2431.819;-0.016;341.829;2064.700;625.172;1428.210;2869.773;1461.592;3420.110;2759.754;2054.501;262.965;1767.107;2870.567;3596.190;279.720;281.156;2584.130;2988.596;236.970;2855.915;2828.407;2515.967;1055.176;1433.262;1286.843;3051.077;630.827;1118.246;3599.151;3289.691;3599.390;3240.547;110.144;-0.334;1692.632;3029.653;3156.871;2090.006;3600.313;550.608;391.499;889.761;919.682;926.160;236.552;1315.762;-0.054;1802.377;3294.142;1770.949;2258.991;2284.855;3600.135;2443.021;2965.466;812.564;3576.723;567.073;1025.120;2399.839;942.153;3599.752;3228.580;537.785
430,782.5851092338562,429,-563.5794984726164,563.5794984726164,0.011387771444393043,3598.694;2081.913;3574.131;3119.447;2742.384;591.917;3600.055;-0.189;513.002;1317.841;2865.087;483.782;3281.664;3600.300;353.729;2162.610;0.112;1260.099;0.981;3599.654;1275.547;3600.183;2988.790;3359.186;575.234;1.344;2284.742;-0.032;3161.864;1052.045;2590.850;3598.881;2001.316;37.384;181.297;2264.305;1559.952;2513.914;1178.809;2405.422;779.275;2250.281;2779.034;664.528;952.499;1835.064;3090.502;663.189;1703.146;2463.611;3600.025;912.911;2474.795;266.483;1483.611;0.897;3599.685;1715.774;3593.361;1356.393;3585.217;849.449;812.671;2196.425;3034.530;3599.741;2129.451;0.972;1970.843;1002.501;2682.809;3599.881;1634.841;2497.685;-0.177;1891.658;362.437;2301.757;1248.706;2946.269;0.189;14.903;2645.156;1903.207;2066.226;3588.169;1770.468;2984.660;1840.458;3260.782;2831.419;219.331;959.356;3025.215;736.493;430.722;1664.383;1526.040;2677.306;1376.743,853.157;1338.906;1515.132;3260.856;3600.041;1994.573;-0.084;2239.837;2192.105;2952.554;1221.833;-0.091;2009.108;587.994;2583.103;3065.902;1520.646;3598.936;663.910;3598.583;1719.955;2579.342;2724.764;3600.188;3600.276;0.124;0.708;1820.010;0.276;2470.550;1880.996;2156.956;1543.082;1106.818;3362.429;2432.145;-0.320;341.987;2064.974;624.873;1428.585;2869.405;1461.813;3419.736;2759.629;2054.272;263.322;1767.434;2870.922;3596.558;279.470;281.306;2583.807;2988.963;237.182;2855.526;2828.777;2515.584;1055.555;1432.946;1286.786;3050.695;630.468;1117.937;3598.767;3289.552;3599.559;3240.185;110.382;0.035;1692.293;3029.584;3156.892;2089.893;3599.996;550.269;391.224;889.410;920.018;925.789;236.312;1315.382;-0.373;1802.388;3294.381;1770.592;2258.656;2284.521;3600.299;2443.340;2965.704;812.879;3576.751;567.268;1025.329;2400.083;942.070;3599.391;3228.969;538.163
431,784.4547233581543,430,-563.5803206537995,563.5803206537995,0.01174377801390216,3598.801;2082.250;3574.397;3119.153;2742.013;591.939;3600.377;0.141;512.774;1317.459;2865.467;483.594;3281.987;3599.936;353.441;2162.817;-0.001;1260.483;1.040;3599.954;1275.923;3599.844;2988.467;3359.549;575.289;1.650;2284.357;-0.205;3161.479;1051.816;2591.157;3598.555;2000.973;37.257;180.912;2264.597;1560.287;2514.226;1179.180;2405.091;778.893;2250.557;2779.131;664.189;952.853;1835.262;3090.612;663.402;1703.241;2463.697;3600.404;913.235;2474.431;266.855;1483.985;0.654;3599.364;1715.923;3593.094;1356.765;3585.592;849.067;812.289;2196.048;3034.222;3599.370;2129.099;1.252;1971.156;1002.191;2682.828;3600.192;1635.083;2497.395;0.163;1892.020;362.817;2301.393;1248.326;2946.647;0.025;15.264;2645.198;1903.194;2065.979;3588.460;1770.135;2984.355;1840.837;3261.164;2831.735;218.966;959.723;3025.466;736.844;430.686;1664.765;1526.293;2677.633;1376.534,852.873;1339.288;1515.481;3261.214;3600.394;1994.196;0.096;2239.453;2192.419;2952.892;1221.491;0.208;2008.746;587.613;2583.472;3066.251;1520.261;3598.634;663.711;3598.925;1719.652;2579.713;2724.409;3599.838;3599.980;-0.216;0.420;1820.394;0.649;2470.839;1881.351;2157.301;1543.427;1106.611;3362.375;2432.528;0.047;342.251;2065.075;625.175;1428.970;2869.521;1461.476;3419.927;2759.257;2053.892;263.169;1767.816;2870.595;3596.569;279.103;280.942;2584.136;2988.977;236.884;2855.158;2828.461;2515.818;1055.928;1432.664;1286.487;3050.935;630.587;1117.719;3599.061;3289.778;3599.934;3240.027;110.079;0.162;1691.914;3029.948;3156.531;2089.516;3600.332;549.938;391.587;889.765;919.681;925.613;235.933;1315.104;-0.001;1802.015;3294.010;1770.962;2258.380;2284.866;3599.939;2442.973;2965.656;812.522;3576.386;567.517;1025.707;2400.056;942.306;3599.732;3229.218;537.856
432,786.3476164340973,431,-563.5824000836434,563.5824000836434,0.010670747150947924,3598.435;2082.614;3574.159;3118.825;2741.814;591.688;3600.024;-0.059;513.121;1317.657;2865.550;483.271;3282.332;3600.113;353.653;2163.168;-0.371;1260.216;0.675;3600.328;1276.223;3599.994;2988.102;3359.859;575.649;1.950;2284.119;0.107;3161.491;1051.446;2591.469;3598.453;2001.142;37.622;180.554;2264.972;1559.938;2514.015;1178.831;2404.760;779.139;2250.490;2779.430;663.836;953.231;1835.330;3090.966;663.774;1702.895;2463.464;3600.045;913.377;2474.064;266.938;1484.150;0.830;3599.592;1715.969;3593.460;1356.890;3585.957;849.177;812.054;2196.090;3033.846;3599.101;2128.722;0.958;1971.506;1002.549;2682.502;3599.848;1634.729;2497.438;0.372;1892.255;363.115;2301.378;1248.053;2946.931;-0.309;14.973;2645.264;1903.541;2066.201;3588.614;1770.477;2984.627;1841.216;3260.824;2832.110;218.762;959.438;3025.136;736.489;430.322;1664.723;1525.942;2677.945;1376.449,853.224;1339.624;1515.754;3261.514;3600.031;1993.836;0.445;2239.535;2192.288;2953.269;1221.122;0.531;2008.372;587.915;2583.850;3066.620;1520.451;3598.260;663.351;3599.302;1719.326;2580.090;2724.037;3600.152;3600.210;0.095;0.073;1820.737;0.957;2471.116;1881.715;2157.670;1543.774;1106.957;3362.716;2432.360;0.381;342.608;2064.734;625.511;1428.784;2869.869;1461.129;3419.588;2758.878;2053.933;262.797;1767.565;2870.220;3596.506;279.381;280.564;2583.864;2989.328;237.247;2854.786;2828.093;2516.183;1055.602;1433.020;1286.812;3051.288;630.957;1117.346;3598.710;3290.138;3600.306;3239.664;109.705;-0.150;1691.543;3030.325;3156.890;2089.515;3600.000;550.235;391.952;889.479;919.305;925.973;235.555;1315.396;0.080;1801.651;3293.646;1770.898;2258.005;2284.789;3600.175;2443.105;2965.311;812.223;3576.175;567.162;1026.056;2399.771;942.679;3599.948;3228.861;537.482
433,788.0567862987518,432,-563.5815486593625,563.5815486593625,0.006590799881441948,3598.636;2082.987;3574.377;3118.785;2741.448;592.035;3599.753;-0.040;512.783;1317.335;2865.849;482.903;3282.645;3599.815;353.974;2162.890;-0.035;1259.872;0.770;3599.988;1276.524;3600.036;2988.321;3359.719;575.973;1.651;2284.462;0.056;3161.840;1051.254;2591.805;3598.089;2000.794;37.957;180.228;2264.866;1560.260;2514.324;1178.483;2405.096;778.838;2250.693;2779.507;663.498;953.540;1835.325;3091.338;664.147;1703.039;2463.799;3599.907;913.044;2474.388;266.648;1483.791;0.498;3599.946;1715.607;3593.294;1357.250;3585.615;849.424;812.351;2196.348;3033.510;3599.192;2128.453;0.590;1971.164;1002.537;2682.219;3599.539;1634.677;2497.564;0.527;1891.917;362.769;2301.046;1248.389;2946.648;0.045;15.086;2644.917;1903.911;2066.396;3588.850;1770.330;2984.307;1841.370;3261.106;2832.341;218.641;959.683;3025.477;736.198;429.951;1664.367;1525.687;2678.276;1376.101,852.896;1339.993;1516.086;3261.865;3599.883;1994.104;0.178;2239.184;2191.929;2953.603;1221.344;0.210;2008.388;587.705;2584.166;3066.789;1520.101;3597.927;663.455;3599.668;1719.682;2579.780;2723.823;3599.859;3599.959;-0.247;0.394;1821.108;0.604;2471.463;1881.837;2157.993;1543.445;1107.312;3363.077;2432.623;0.727;342.973;2064.365;625.881;1428.431;2869.597;1461.413;3419.433;2758.635;2053.581;262.676;1767.788;2869.870;3596.845;279.062;280.220;2584.219;2989.447;237.068;2854.479;2828.083;2516.554;1055.246;1433.145;1287.157;3051.425;631.310;1117.237;3599.039;3290.509;3600.018;3239.610;109.333;-0.235;1691.238;3030.136;3157.092;2089.249;3599.784;549.894;392.303;889.135;918.982;926.344;235.592;1315.763;0.206;1801.796;3293.330;1770.554;2257.677;2284.431;3599.861;2443.294;2965.167;811.856;3575.809;567.413;1026.421;2399.869;942.900;3600.314;3228.502;537.147
434,789.9139924049377,433,-563.5874211835428,563.5874211835428,0.010869270620946572,3598.909;2082.860;3574.733;3118.483;2741.685;591.901;3599.999;-0.384;512.636;1317.666;2866.209;482.540;3282.300;3600.099;354.219;2162.537;0.223;1259.590;0.437;3600.207;1276.803;3600.390;2988.664;3359.739;576.260;1.976;2284.374;-0.223;3161.505;1050.894;2591.492;3598.424;2000.790;37.713;179.892;2264.719;1559.953;2514.573;1178.749;2405.371;778.497;2251.052;2779.150;663.134;953.271;1835.665;3091.703;664.201;1702.689;2463.459;3600.143;913.372;2474.585;266.995;1484.063;0.136;3600.181;1715.317;3593.481;1357.125;3585.377;849.786;812.207;2196.709;3033.833;3599.524;2128.257;0.593;1971.047;1002.182;2682.567;3599.413;1634.827;2497.306;0.208;1892.078;363.064;2300.684;1248.752;2946.293;-0.152;15.440;2644.555;1904.036;2066.755;3589.210;1770.563;2983.947;1841.428;3261.014;2832.632;218.366;960.044;3025.833;736.005;429.734;1664.013;1525.331;2677.936;1376.435,853.122;1340.102;1515.760;3261.985;3600.037;1994.340;0.364;2239.203;2192.222;2953.544;1221.357;-0.126;2008.723;587.360;2584.511;3066.835;1519.831;3597.610;663.102;3600.023;1719.844;2579.418;2724.022;3599.538;3599.902;0.023;0.084;1820.889;0.388;2471.167;1881.658;2157.669;1543.093;1107.378;3363.438;2432.570;0.764;342.864;2064.098;625.670;1428.493;2869.837;1461.076;3419.774;2758.940;2053.280;262.936;1767.519;2869.642;3597.047;278.894;279.936;2584.457;2989.099;237.120;2854.781;2827.757;2516.683;1054.973;1432.947;1287.351;3051.231;631.597;1116.940;3599.384;3290.253;3600.317;3239.307;109.421;0.117;1691.569;3029.895;3156.839;2089.559;3599.886;549.659;392.259;889.457;918.640;926.326;235.929;1316.079;0.496;1801.555;3292.968;1770.878;2258.018;2284.692;3599.613;2442.948;2964.826;812.157;3575.443;567.218;1026.703;2399.515;943.221;3600.023;3228.788;537.051
435,791.7952253818512,434,-563.587167908483,563.587167908483,0.009084164343929713,3598.571;2082.510;3575.090;3118.129;2741.349;591.576;3600.335;-0.042;512.969;1317.522;2866.542;482.296;3282.566;3600.050;354.573;2162.867;0.562;1259.243;0.422;3599.925;1276.458;3600.061;2989.020;3359.391;575.963;1.774;2284.644;0.121;3161.255;1050.942;2591.825;3598.519;2001.133;37.425;179.863;2265.046;1559.679;2514.227;1179.072;2405.726;778.143;2250.743;2779.000;662.928;953.556;1836.017;3091.404;663.992;1702.331;2463.480;3599.819;913.079;2474.251;266.790;1484.254;0.031;3599.834;1715.644;3593.835;1356.773;3585.027;850.144;812.476;2197.068;3034.190;3599.883;2127.905;0.940;1971.342;1001.853;2682.432;3599.755;1635.174;2497.582;-0.106;1892.390;363.409;2300.328;1249.086;2945.966;0.005;15.121;2644.255;1903.732;2067.114;3588.879;1770.215;2984.179;1841.103;3260.713;2832.456;218.634;959.805;3026.177;736.344;429.380;1663.722;1525.645;2678.246;1376.146,852.896;1340.437;1515.468;3261.645;3600.150;1994.695;0.716;2239.181;2192.269;2953.808;1221.042;0.198;2009.042;587.668;2584.451;3067.185;1520.135;3597.281;662.848;3600.223;1720.194;2579.606;2724.375;3599.840;3600.222;-0.296;-0.263;1820.553;0.041;2470.811;1881.313;2157.694;1542.938;1107.690;3363.796;2432.227;0.942;342.522;2063.746;625.680;1428.146;2870.185;1460.858;3419.579;2759.258;2053.618;262.602;1767.164;2869.289;3597.401;279.231;279.580;2584.269;2988.908;237.464;2855.100;2827.399;2517.028;1054.877;1433.288;1287.699;3051.552;631.952;1117.257;3599.225;3290.557;3600.011;3238.959;109.586;-0.080;1691.501;3030.219;3156.990;2089.877;3599.777;549.998;392.178;889.192;918.286;926.633;235.630;1316.427;0.181;1801.201;3293.146;1770.563;2257.704;2284.493;3599.933;2442.985;2964.468;812.477;3575.715;566.866;1026.711;2399.576;943.578;3599.774;3228.552;536.707
436,793.5002410411835,435,-563.5934872202283,563.5934872202283,0.013344645930580783,3598.564;2082.779;3574.790;3118.295;2741.635;591.225;3600.012;0.132;513.191;1317.186;2866.248;482.466;3282.893;3599.778;354.717;2162.888;0.669;1258.891;0.080;3600.235;1276.118;3600.343;2988.750;3359.045;576.279;1.441;2284.385;0.059;3161.536;1051.142;2591.971;3598.177;2001.426;37.737;180.199;2265.085;1559.529;2514.020;1178.906;2405.856;778.186;2250.406;2778.681;662.665;953.245;1835.955;3091.134;664.304;1702.074;2463.605;3600.071;913.363;2474.510;267.011;1483.955;-0.263;3599.530;1715.981;3594.017;1357.006;3585.360;849.992;812.224;2196.957;3034.111;3600.236;2128.200;0.622;1971.648;1002.062;2682.126;3599.891;1635.527;2497.930;-0.449;1892.219;363.092;2300.108;1249.053;2945.964;-0.058;14.823;2644.026;1903.870;2067.212;3589.149;1770.174;2984.516;1840.966;3261.004;2832.109;218.327;959.634;3026.249;736.062;429.111;1664.020;1525.378;2677.967;1376.318,853.052;1340.221;1515.154;3261.413;3599.809;1994.770;0.568;2239.522;2191.937;2953.475;1220.992;0.081;2009.394;587.947;2584.300;3067.372;1520.117;3597.608;663.172;3599.906;1719.968;2579.334;2724.157;3599.984;3600.528;0.006;0.027;1820.468;0.211;2470.536;1880.966;2157.438;1543.269;1108.041;3363.595;2432.537;0.602;342.273;2063.677;625.997;1427.978;2869.860;1461.095;3419.595;2759.324;2053.600;262.377;1766.859;2869.511;3597.720;279.276;279.806;2583.922;2988.939;237.195;2855.451;2827.704;2517.128;1055.218;1433.166;1287.367;3051.243;632.013;1116.935;3599.265;3290.876;3600.095;3239.254;109.929;0.175;1691.680;3029.928;3157.178;2090.229;3599.663;549.847;391.836;889.079;918.074;926.358;235.549;1316.752;-0.168;1801.397;3293.491;1770.216;2257.574;2284.804;3600.275;2443.289;2964.279;812.192;3575.429;566.516;1026.370;2399.910;943.917;3599.893;3228.557;536.689
437,795.3416013717651,436,-563.5984770937174,563.5984770937174,0.009402842507342947,3598.860;2083.009;3574.796;3118.624;2741.526;591.059;3599.987;-0.103;512.905;1317.133;2865.919;482.777;3282.969;3599.915;355.040;2163.208;1.006;1258.751;-0.264;3599.929;1275.780;3600.075;2989.009;3358.825;576.134;1.094;2284.683;-0.173;3161.880;1050.823;2592.250;3598.031;2001.516;38.083;180.052;2265.417;1559.835;2513.713;1178.567;2405.898;778.520;2250.544;2778.345;662.983;953.495;1835.741;3090.814;664.649;1702.228;2463.291;3599.918;913.662;2474.204;266.682;1483.617;0.072;3599.787;1715.701;3593.834;1357.268;3585.657;850.067;811.881;2196.741;3034.316;3599.961;2127.909;0.467;1971.993;1002.403;2682.351;3599.585;1635.219;2498.057;-0.113;1891.928;363.283;2300.193;1248.771;2946.291;-0.363;14.480;2644.357;1904.204;2067.537;3588.988;1770.423;2984.863;1841.298;3260.674;2832.163;218.258;959.294;3025.975;735.755;428.920;1663.736;1525.077;2677.892;1376.022,852.769;1340.474;1515.435;3261.227;3600.098;1994.473;0.234;2239.864;2191.591;2953.763;1220.653;0.151;2009.113;588.287;2583.978;3067.713;1520.304;3597.926;663.057;3600.131;1719.643;2579.628;2723.852;3600.300;3600.194;0.282;0.027;1820.787;0.026;2470.779;1881.295;2157.770;1543.610;1108.270;3363.263;2432.239;0.559;342.321;2064.011;626.338;1428.101;2869.540;1460.783;3419.280;2758.987;2053.350;262.161;1766.516;2869.819;3597.503;278.980;280.087;2583.858;2989.272;236.954;2855.197;2827.612;2516.817;1055.562;1433.432;1287.690;3051.040;632.272;1116.593;3598.983;3290.593;3599.956;3239.253;110.150;-0.127;1691.355;3030.240;3157.520;2090.572;3599.999;549.652;391.489;888.743;917.763;926.663;235.213;1317.098;0.020;1801.072;3293.329;1770.007;2257.254;2284.487;3599.952;2443.633;2964.057;812.210;3575.563;566.189;1026.032;2399.635;944.264;3600.125;3228.222;537.019
438,797.213428735733,437,-563.5996629461015,563.5996629461015,0.009751294290108991,3598.696;2082.761;3575.061;3118.318;2741.823;591.349;3600.258;0.183;513.205;1316.809;2865.584;482.866;3283.293;3600.247;354.729;2163.394;0.922;1258.599;0.050;3600.170;1275.637;3599.926;2989.237;3358.731;575.804;0.840;2284.396;0.142;3161.643;1050.853;2592.588;3597.713;2001.451;37.938;179.917;2265.115;1559.575;2513.954;1178.556;2406.205;778.555;2250.830;2778.640;663.307;953.822;1835.412;3090.474;664.725;1702.047;2462.972;3600.189;913.415;2474.438;266.342;1483.369;0.371;3599.537;1715.940;3594.069;1357.006;3585.881;849.747;811.548;2197.060;3034.297;3600.125;2127.800;0.759;1971.718;1002.431;2682.057;3599.888;1635.285;2497.759;0.047;1892.253;363.000;2299.997;1248.433;2946.631;-0.034;14.384;2644.677;1903.963;2067.359;3588.682;1770.502;2985.186;1841.093;3260.854;2832.475;218.000;958.963;3026.288;736.045;428.586;1664.031;1525.383;2678.188;1375.684,852.991;1340.204;1515.753;3261.552;3599.906;1994.713;-0.048;2239.810;2191.354;2954.086;1220.928;0.063;2009.184;588.225;2583.642;3067.478;1520.637;3598.018;663.205;3599.832;1719.863;2579.942;2723.645;3599.987;3599.913;0.343;0.345;1820.590;-0.297;2471.113;1881.150;2157.574;1543.418;1107.991;3363.548;2431.921;0.257;341.997;2064.134;626.044;1427.865;2869.514;1461.060;3418.941;2758.748;2053.556;262.377;1766.208;2870.031;3597.809;278.747;279.783;2583.528;2989.569;237.277;2854.991;2827.871;2517.015;1055.890;1433.284;1287.761;3051.340;632.606;1116.617;3598.894;3290.354;3599.718;3238.952;109.981;0.078;1691.403;3030.471;3157.618;2090.725;3600.293;549.707;391.172;888.799;918.032;926.395;234.878;1317.401;-0.291;1800.777;3293.591;1769.671;2257.394;2284.614;3600.098;2443.966;2963.768;812.536;3575.892;565.903;1026.284;2399.892;943.955;3599.796;3228.171;537.356
439,799.1086356639862,438,-563.6028113745897,563.6028113745897,0.00803894495725921,3598.368;2083.043;3574.751;3118.160;2742.149;591.034;3599.963;-0.118;513.539;1316.478;2865.445;483.193;3283.120;3599.924;354.879;2163.080;0.595;1258.923;-0.177;3599.924;1275.311;3599.615;2989.568;3358.582;575.469;0.536;2284.301;0.251;3161.455;1051.175;2592.600;3597.534;2001.130;38.254;180.234;2264.900;1559.347;2513.959;1178.267;2406.532;778.879;2251.162;2778.930;663.642;954.156;1835.639;3090.708;665.051;1701.727;2462.639;3599.873;913.719;2474.648;266.018;1483.093;0.549;3599.751;1715.696;3594.398;1356.686;3586.208;850.042;811.213;2197.312;3033.989;3599.931;2127.568;0.581;1971.980;1002.749;2682.176;3600.160;1634.974;2497.425;-0.192;1892.469;363.245;2299.678;1248.590;2946.489;0.229;14.071;2645.004;1904.116;2067.144;3588.975;1770.179;2985.518;1840.927;3260.649;2832.438;218.310;958.629;3026.040;735.741;428.333;1663.886;1525.605;2678.181;1375.409,853.321;1339.874;1516.087;3261.289;3600.214;1994.945;-0.286;2240.020;2191.037;2954.312;1220.781;0.379;2008.881;588.080;2583.358;3067.465;1520.956;3598.325;662.997;3599.678;1719.623;2580.268;2723.943;3600.148;3600.144;0.030;0.113;1820.892;0.026;2471.442;1881.448;2157.691;1543.256;1107.668;3363.577;2431.708;0.208;342.128;2064.445;626.254;1427.539;2869.813;1460.799;3418.613;2758.427;2053.377;262.142;1766.150;2870.343;3598.043;279.039;279.660;2583.419;2989.840;237.506;2854.662;2827.563;2516.752;1055.644;1433.592;1288.025;3051.664;632.855;1116.913;3599.183;3290.638;3600.024;3239.253;110.116;-0.218;1691.093;3030.801;3157.912;2091.052;3599.978;549.583;390.869;888.477;918.280;926.661;234.549;1317.140;0.009;1800.483;3293.444;1769.415;2257.093;2284.330;3599.893;2444.288;2963.435;812.851;3576.180;565.582;1026.592;2399.708;943.891;3599.959;3227.854;537.601
440,800.8175053596497,439,-563.6047724699863,563.6047724699863,0.009332073961513608,3598.055;2083.316;3575.038;3117.841;2742.052;590.707;3600.126;-0.056;513.868;1316.236;2865.755;483.521;3283.253;3599.936;354.580;2162.912;0.750;1259.049;0.099;3600.097;1275.278;3599.396;2989.685;3358.260;575.140;0.216;2284.613;-0.030;3161.136;1051.501;2592.288;3597.288;2000.803;38.050;180.561;2264.578;1559.664;2514.279;1178.567;2406.226;778.850;2251.483;2779.257;663.970;954.137;1835.386;3090.415;665.374;1701.398;2462.342;3599.932;913.424;2474.968;265.865;1483.250;0.804;3599.559;1715.697;3594.538;1356.619;3586.111;850.101;810.884;2197.637;3034.268;3600.208;2127.242;0.429;1971.668;1003.016;2682.496;3600.239;1634.773;2497.097;0.048;1892.794;362.977;2299.893;1248.282;2946.806;0.106;14.062;2645.333;1903.800;2066.823;3588.728;1770.105;2985.581;1841.210;3260.786;2832.756;218.638;958.483;3026.283;735.993;428.007;1663.586;1525.930;2678.477;1375.118,853.052;1339.615;1516.404;3260.998;3600.016;1994.635;0.031;2239.757;2191.129;2954.408;1220.483;0.690;2009.123;588.279;2583.054;3067.233;1521.284;3598.116;663.289;3599.976;1719.841;2580.003;2724.234;3599.850;3599.855;-0.295;0.325;1821.184;-0.151;2471.749;1881.581;2157.391;1542.941;1107.341;3363.332;2431.383;0.521;342.450;2064.755;625.953;1427.286;2870.135;1461.071;3418.828;2758.260;2053.054;261.817;1766.173;2870.044;3597.749;279.366;279.363;2583.700;2989.553;237.670;2854.891;2827.339;2517.052;1055.632;1433.875;1288.341;3051.993;632.690;1117.182;3599.508;3290.964;3600.352;3239.579;109.796;0.067;1690.992;3031.093;3158.239;2091.107;3599.850;549.900;390.605;888.198;917.977;926.957;234.464;1316.827;0.202;1800.169;3293.126;1769.117;2256.829;2284.271;3599.608;2444.543;2963.620;813.071;3575.967;565.445;1026.913;2399.384;943.934;3600.276;3227.528;537.319
441,802.6708087921143,440,-563.6071610833887,563.6071610833887,0.010505229341291104,3597.835;2083.147;3574.952;3117.831;2742.349;590.391;3600.378;-0.098;514.061;1316.519;2865.467;483.254;3283.067;3600.193;354.792;2162.696;1.024;1258.791;-0.114;3599.804;1275.178;3599.637;2989.896;3357.937;575.004;0.511;2284.412;-0.351;3160.830;1051.774;2592.016;3597.464;2000.601;38.292;180.390;2264.688;1559.449;2514.163;1178.391;2406.293;779.021;2251.528;2779.580;663.905;954.429;1835.561;3090.612;665.692;1701.075;2462.101;3600.126;913.154;2474.804;265.568;1483.565;1.114;3599.243;1715.998;3594.790;1356.309;3585.804;850.403;811.018;2197.909;3034.589;3599.901;2127.234;0.395;1971.795;1002.961;2682.769;3599.925;1634.478;2497.130;-0.192;1892.788;363.138;2300.176;1248.447;2946.618;-0.110;13.762;2645.352;1903.682;2066.501;3588.996;1770.362;2985.888;1841.528;3260.482;2833.060;218.960;958.514;3026.540;735.946;427.811;1663.279;1526.086;2678.196;1375.051,852.904;1339.827;1516.619;3260.699;3600.248;1994.312;0.150;2239.439;2191.417;2954.718;1220.162;0.948;2008.828;588.597;2583.286;3067.520;1521.050;3597.823;663.011;3600.294;1720.140;2580.307;2724.554;3599.953;3599.993;-0.024;0.032;1821.460;0.091;2471.636;1881.874;2157.599;1542.644;1107.049;3363.089;2431.588;0.816;342.398;2064.620;626.107;1427.238;2870.456;1461.388;3418.861;2757.992;2053.185;261.494;1766.489;2869.722;3597.427;279.675;279.042;2583.983;2989.238;237.987;2854.636;2827.021;2517.239;1055.338;1434.193;1288.650;3052.309;632.998;1116.986;3599.761;3291.279;3600.056;3239.870;109.541;-0.059;1690.682;3031.400;3158.563;2090.805;3600.102;550.221;390.906;887.975;917.655;927.249;234.158;1316.989;0.332;1799.871;3292.959;1769.368;2256.523;2284.068;3599.491;2444.268;2963.325;812.982;3575.648;565.514;1027.229;2399.243;944.245;3600.021;3227.267;536.998
442,804.5496938228607,441,-563.602795354472,563.602795354472,0.008081837832827348,3598.129;2083.361;3575.038;3118.067;2742.661;590.309;3600.072;0.203;513.930;1316.835;2865.152;482.946;3283.375;3599.913;355.106;2163.000;1.337;1258.477;-0.324;3599.895;1275.484;3599.932;2989.798;3357.644;575.284;0.790;2284.384;-0.057;3161.101;1051.680;2592.247;3597.776;2000.877;38.602;180.450;2264.990;1559.172;2513.927;1178.093;2406.272;779.277;2251.220;2779.569;663.616;954.161;1835.322;3090.922;665.414;1700.823;2462.318;3599.829;912.839;2474.991;265.292;1483.271;1.428;3599.457;1716.313;3594.665;1355.994;3585.488;850.648;811.328;2198.000;3034.900;3599.815;2126.940;0.085;1972.046;1002.891;2683.052;3599.934;1634.161;2497.437;0.079;1892.498;362.836;2299.950;1248.713;2946.355;0.160;13.447;2645.081;1903.974;2066.723;3588.753;1770.677;2985.774;1841.367;3260.318;2832.892;219.147;958.814;3026.234;735.653;427.921;1663.039;1526.278;2678.340;1375.359,852.594;1339.553;1516.388;3260.803;3599.952;1994.125;0.230;2239.126;2191.545;2954.639;1219.872;1.194;2008.641;588.842;2583.545;3067.836;1520.736;3597.544;663.289;3600.157;1720.380;2580.318;2724.506;3600.007;3600.276;-0.250;-0.208;1821.771;-0.044;2471.339;1882.188;2157.802;1542.871;1107.236;3363.062;2431.888;1.090;342.228;2064.320;626.356;1426.932;2870.195;1461.225;3418.757;2757.678;2053.245;261.272;1766.642;2869.564;3597.198;279.700;279.264;2584.256;2989.502;237.799;2854.498;2827.211;2516.948;1055.492;1434.483;1288.964;3052.201;632.750;1116.859;3600.075;3291.432;3600.048;3240.184;109.235;0.201;1690.420;3031.240;3158.801;2090.606;3599.819;550.351;391.174;887.680;917.476;927.564;233.865;1317.301;0.549;1800.163;3293.250;1769.269;2256.229;2284.367;3599.232;2443.993;2963.015;812.671;3575.437;565.824;1027.316;2399.526;944.519;3600.001;3227.007;536.745
443,806.4573936462402,442,-563.6020096436707,563.6020096436707,0.008556523750322294,3598.389;2083.659;3574.779;3118.220;2742.505;590.009;3599.797;0.256;514.231;1316.741;2864.898;483.163;3283.119;3599.940;355.089;2162.809;1.355;1258.593;-0.031;3600.198;1275.477;3599.644;2990.102;3357.918;575.150;0.521;2284.101;0.192;3161.407;1051.375;2592.518;3597.756;2000.601;38.727;180.168;2264.862;1558.866;2514.196;1177.785;2406.070;779.240;2251.220;2779.608;663.803;953.882;1835.016;3090.983;665.401;1701.014;2462.023;3599.998;913.075;2474.748;265.011;1483.272;1.157;3599.168;1716.049;3594.638;1355.955;3585.694;850.957;811.215;2197.764;3034.632;3600.062;2126.629;0.168;1972.329;1003.193;2683.362;3600.235;1634.306;2497.472;0.243;1892.749;362.547;2300.246;1249.018;2946.158;0.434;13.297;2644.772;1904.283;2067.031;3588.970;1770.981;2985.836;1841.060;3260.299;2832.589;219.449;958.583;3026.365;735.343;427.663;1662.929;1525.979;2678.627;1375.573,852.728;1339.830;1516.677;3260.965;3600.168;1993.818;-0.037;2238.856;2191.850;2954.356;1219.577;1.495;2008.383;588.551;2583.854;3067.961;1520.656;3597.236;663.235;3600.253;1720.689;2580.318;2724.792;3599.714;3599.991;0.025;0.085;1822.053;0.171;2471.063;1882.263;2157.561;1542.604;1106.950;3363.365;2431.631;0.887;341.926;2064.136;626.472;1427.192;2869.916;1461.078;3419.024;2757.462;2052.943;261.305;1766.371;2869.433;3596.901;279.405;279.061;2584.567;2989.222;237.698;2854.289;2827.412;2516.936;1055.472;1434.219;1288.898;3052.338;633.001;1116.555;3599.822;3291.730;3600.314;3240.464;108.946;-0.034;1690.492;3030.936;3159.085;2090.885;3599.963;550.070;391.098;887.961;917.437;927.337;233.852;1317.443;0.377;1800.400;3293.378;1769.076;2256.515;2284.670;3599.497;2444.120;2962.707;812.685;3575.526;565.914;1027.499;2399.280;944.377;3600.278;3226.794;536.995
444,808.1695346832275,443,-563.6100653307972,563.6100653307972,0.006640530484523582,3598.692;2083.954;3575.071;3117.927;2742.207;589.967;3599.980;-0.037;514.325;1316.773;2864.693;483.163;3282.867;3600.043;355.154;2162.577;1.130;1258.509;-0.147;3599.940;1275.261;3599.897;2990.366;3358.015;574.901;0.767;2284.374;0.110;3161.305;1051.293;2592.814;3597.463;2000.766;38.480;180.461;2264.562;1558.583;2514.492;1177.864;2405.768;778.941;2251.175;2779.881;664.052;954.002;1834.712;3091.069;665.354;1701.193;2462.213;3599.871;912.926;2475.043;264.708;1483.075;0.952;3599.383;1716.281;3594.346;1355.658;3585.890;851.262;811.415;2197.461;3034.845;3599.820;2126.322;-0.123;1972.595;1003.478;2683.216;3599.982;1634.047;2497.630;-0.011;1892.934;362.464;2300.550;1249.324;2946.354;0.149;13.497;2644.745;1904.215;2067.318;3588.682;1770.945;2986.132;1840.788;3260.540;2832.323;219.755;958.280;3026.144;735.571;427.785;1662.629;1526.217;2678.929;1375.323,852.452;1339.576;1516.790;3261.236;3600.114;1993.552;-0.297;2239.142;2191.647;2954.591;1219.519;1.205;2008.079;588.771;2583.680;3068.249;1520.739;3597.421;663.528;3599.959;1720.403;2580.338;2725.061;3599.892;3600.188;-0.047;0.201;1822.359;-0.104;2471.352;1882.555;2157.258;1542.817;1107.037;3363.078;2431.704;0.600;341.844;2064.430;626.772;1427.485;2870.137;1460.800;3419.328;2757.159;2052.788;261.010;1766.474;2869.670;3596.618;279.568;279.350;2584.285;2988.956;237.403;2854.004;2827.183;2516.659;1055.769;1434.398;1289.173;3052.226;632.772;1116.256;3599.927;3292.036;3600.029;3240.769;108.960;-0.136;1690.781;3031.100;3159.331;2091.176;3600.116;550.011;390.823;887.700;917.157;927.591;233.563;1317.334;0.076;1800.279;3293.565;1768.782;2256.351;2284.975;3599.799;2444.417;2962.719;812.403;3575.239;565.759;1027.211;2399.011;944.668;3599.988;3226.492;536.732
445,810.038458108902,444,-563.6202720257719,563.6202720257719,0.011873891089281465,3598.631;2083.684;3575.199;3118.129;2742.423;589.956;3600.270;-0.296;514.530;1316.486;2864.944;482.926;3283.115;3600.322;355.447;2162.658;1.168;1258.220;-0.231;3599.877;1275.249;3600.153;2990.139;3357.743;574.603;1.039;2284.671;-0.117;3161.014;1051.562;2592.549;3597.432;2000.574;38.266;180.752;2264.546;1558.551;2514.247;1178.157;2405.908;778.705;2251.180;2780.165;664.183;954.291;1834.466;3090.777;665.255;1700.902;2462.384;3600.070;912.642;2474.905;264.607;1482.786;1.007;3599.637;1716.579;3594.608;1355.427;3585.988;851.427;811.162;2197.606;3035.141;3599.666;2126.516;-0.277;1972.322;1003.272;2683.499;3600.035;1634.309;2497.430;-0.310;1893.216;362.751;2300.622;1249.388;2946.650;-0.129;13.463;2645.019;1903.976;2067.087;3588.471;1771.129;2986.345;1840.491;3260.253;2832.324;220.039;958.364;3026.407;735.850;427.494;1662.712;1526.513;2678.797;1375.039,852.162;1339.281;1516.549;3260.945;3599.853;1993.299;-0.008;2239.337;2191.605;2954.889;1219.710;0.969;2008.191;588.985;2583.614;3068.534;1520.899;3597.647;663.808;3600.171;1720.282;2580.059;2725.074;3599.699;3599.967;-0.103;-0.060;1822.497;-0.174;2471.621;1882.812;2156.958;1543.082;1106.840;3362.783;2431.990;0.379;342.127;2064.695;627.035;1427.785;2870.300;1461.052;3419.581;2756.991;2052.497;260.789;1766.248;2869.404;3596.319;279.510;279.180;2584.354;2988.665;237.658;2854.278;2826.962;2516.569;1055.742;1434.133;1289.471;3052.517;632.572;1116.328;3600.219;3292.270;3600.124;3241.053;108.699;0.145;1690.517;3031.366;3159.054;2091.158;3599.885;549.725;391.016;887.429;916.858;927.845;233.722;1317.041;0.288;1799.989;3293.311;1768.925;2256.068;2285.186;3599.909;2444.356;2963.011;812.108;3574.939;566.049;1027.456;2398.712;944.957;3600.159;3226.242;536.512
446,811.9466507434845,445,-563.6198950738761,563.6198950738761,0.008717993397291176,3598.853;2083.949;3575.488;3118.080;2742.710;589.680;3600.004;-0.016;514.816;1316.714;2865.237;483.208;3282.908;3600.036;355.694;2162.947;1.453;1258.300;0.054;3600.091;1275.536;3599.895;2989.897;3357.482;574.307;0.771;2284.964;0.157;3160.775;1051.856;2592.256;3597.716;2000.288;37.974;180.802;2264.762;1558.834;2514.487;1178.205;2405.922;778.969;2251.464;2780.458;664.473;954.062;1834.204;3090.543;664.968;1700.645;2462.330;3599.790;912.348;2474.852;264.460;1483.068;0.722;3599.925;1716.864;3594.722;1355.632;3585.732;851.146;811.193;2197.889;3035.368;3599.452;2126.742;0.008;1972.027;1003.463;2683.712;3600.112;1634.272;2497.139;-0.040;1893.257;363.021;2300.369;1249.102;2946.944;0.141;13.187;2645.313;1903.684;2066.800;3588.412;1770.847;2986.234;1840.654;3260.030;2832.578;219.770;958.650;3026.688;736.143;427.219;1662.463;1526.768;2678.546;1374.757,851.868;1338.988;1516.792;3260.668;3599.676;1993.474;-0.051;2239.615;2191.875;2954.622;1220.002;0.678;2008.463;589.277;2583.360;3068.259;1521.190;3597.919;663.550;3600.109;1720.085;2579.766;2725.359;3599.718;3600.094;-0.336;0.194;1822.709;-0.450;2471.350;1883.079;2156.663;1543.130;1106.650;3362.986;2431.708;0.087;342.421;2064.475;627.279;1427.515;2870.591;1461.329;3419.873;2757.272;2052.480;260.496;1766.518;2869.657;3596.560;279.797;279.448;2584.641;2988.370;237.381;2854.572;2826.670;2516.852;1056.018;1434.125;1289.276;3052.354;632.281;1116.082;3600.010;3292.550;3599.899;3240.856;108.410;0.428;1690.765;3031.113;3159.336;2090.876;3599.592;549.994;390.745;887.176;917.099;928.138;234.013;1316.752;0.026;1800.264;3293.018;1769.195;2256.007;2284.990;3600.143;2444.611;2963.010;812.357;3574.697;566.261;1027.198;2398.434;944.962;3599.955;3226.135;536.220
447,813.6666793823242,446,-563.6216956548103,563.6216956548103,0.00853504857842933,3598.584;2083.733;3575.679;3117.803;2742.485;589.892;3599.980;0.098;515.060;1316.942;2865.335;483.289;3283.083;3599.967;355.435;2162.822;1.635;1258.162;-0.031;3600.262;1275.278;3600.086;2990.135;3357.194;574.090;0.537;2284.855;-0.052;3160.858;1051.731;2592.509;3597.821;2000.343;38.227;180.555;2264.802;1559.019;2514.774;1178.052;2406.203;779.180;2251.753;2780.634;664.740;954.321;1833.916;3090.261;664.703;1700.562;2462.609;3599.929;912.153;2475.117;264.176;1482.900;0.928;3599.668;1717.026;3595.005;1355.831;3585.981;850.937;811.300;2198.179;3035.530;3599.171;2126.499;-0.018;1971.853;1003.705;2683.498;3600.382;1634.008;2496.926;0.038;1893.446;362.854;2300.083;1249.104;2947.148;0.336;12.898;2645.539;1903.481;2066.698;3588.627;1771.055;2985.974;1840.454;3259.782;2832.863;219.517;958.574;3026.973;736.384;427.106;1662.177;1527.024;2678.744;1374.533,851.670;1338.921;1517.074;3260.752;3599.947;1993.545;0.189;2239.388;2191.711;2954.720;1220.208;0.534;2008.242;589.096;2583.617;3068.346;1521.407;3598.085;663.353;3599.990;1719.874;2579.809;2725.127;3600.001;3599.832;-0.057;0.473;1822.996;-0.170;2471.139;1883.368;2156.848;1542.896;1106.364;3363.234;2431.490;0.361;342.494;2064.304;627.559;1427.385;2870.831;1461.585;3420.030;2757.076;2052.238;260.218;1766.319;2869.448;3596.395;279.782;279.342;2584.870;2988.563;237.171;2854.345;2826.800;2517.139;1056.307;1434.408;1289.055;3052.575;632.533;1115.794;3600.247;3292.360;3600.117;3240.738;108.122;0.223;1690.893;3030.935;3159.333;2090.586;3599.313;549.795;391.013;886.916;917.113;928.381;233.872;1317.011;0.086;1800.445;3292.728;1768.974;2255.729;2284.707;3599.865;2444.403;2963.261;812.177;3574.695;566.034;1026.958;2398.521;944.718;3600.187;3225.854;535.953
448,815.5268194675446,447,-563.6247963622934,563.6247963622934,0.006623730050821073,3598.800;2083.854;3575.455;3118.018;2742.216;589.675;3599.914;-0.012;514.992;1317.223;2865.139;483.419;3283.238;3600.028;355.296;2162.557;1.808;1257.928;-0.010;3599.987;1275.018;3599.933;2990.090;3356.946;574.213;0.278;2285.080;0.079;3161.136;1051.696;2592.552;3598.082;2000.584;38.357;180.311;2264.541;1559.287;2514.663;1177.785;2406.329;779.443;2252.015;2780.364;664.666;954.164;1833.744;3090.228;664.865;1700.805;2462.562;3600.164;912.273;2475.179;264.086;1482.665;1.074;3599.815;1716.777;3595.056;1356.112;3586.264;851.150;811.074;2198.372;3035.387;3599.045;2126.249;-0.235;1972.018;1003.988;2683.537;3600.111;1633.724;2496.996;0.229;1893.175;362.761;2299.928;1249.097;2947.136;0.156;12.759;2645.767;1903.606;2066.928;3588.906;1771.222;2985.690;1840.709;3259.500;2833.147;219.408;958.403;3026.876;736.237;426.916;1661.902;1526.980;2678.629;1374.751,851.822;1338.664;1516.815;3260.650;3600.193;1993.681;-0.027;2239.616;2191.544;2954.819;1220.004;0.355;2008.057;589.273;2583.399;3068.608;1521.383;3598.360;663.367;3599.849;1719.592;2580.066;2724.862;3600.228;3600.042;0.178;0.594;1823.081;0.068;2471.218;1883.652;2157.109;1543.169;1106.588;3363.077;2431.468;0.286;342.316;2064.566;627.836;1427.586;2870.795;1461.377;3419.808;2756.869;2052.204;260.247;1766.043;2869.703;3596.233;279.567;279.574;2584.711;2988.837;236.923;2854.150;2827.075;2516.887;1056.588;1434.309;1289.326;3052.321;632.311;1115.509;3599.981;3292.079;3599.923;3240.511;108.049;-0.052;1691.113;3031.162;3159.185;2090.407;3599.541;549.528;390.985;886.645;917.369;928.369;233.723;1317.013;-0.176;1800.603;3292.481;1769.225;2255.444;2284.431;3600.028;2444.553;2963.526;812.007;3574.961;566.250;1026.676;2398.462;944.945;3599.940;3225.613;536.170
449,817.4112758636475,448,-563.6324843622258,563.6324843622258,0.010814102416943838,3599.072;2083.594;3575.675;3117.757;2741.938;589.910;3600.170;0.238;515.251;1316.971;2865.064;483.151;3282.979;3600.275;355.023;2162.543;1.574;1258.176;-0.278;3600.180;1275.156;3600.167;2990.325;3356.999;574.436;0.507;2285.287;-0.181;3160.912;1051.434;2592.307;3598.334;2000.363;38.496;180.512;2264.264;1559.248;2514.544;1178.041;2406.161;779.189;2252.290;2780.542;664.442;953.912;1833.991;3089.969;664.611;1701.078;2462.801;3599.905;912.537;2475.452;264.352;1482.401;0.807;3600.073;1716.517;3594.789;1355.944;3586.433;850.925;810.797;2198.554;3035.124;3599.253;2125.976;-0.007;1971.826;1004.030;2683.809;3599.872;1633.921;2496.979;0.032;1893.429;362.488;2299.789;1249.361;2947.402;-0.115;12.615;2645.631;1903.527;2067.104;3588.682;1771.357;2985.412;1840.703;3259.755;2833.333;219.676;958.630;3027.112;736.329;426.641;1662.143;1527.226;2678.892;1374.989,851.605;1338.794;1517.034;3260.921;3599.939;1993.410;-0.304;2239.375;2191.268;2955.087;1219.730;0.597;2007.825;589.010;2583.649;3068.604;1521.124;3598.636;663.639;3599.574;1719.312;2580.344;2724.590;3599.961;3600.313;0.219;0.861;1823.355;0.294;2471.487;1883.425;2157.317;1543.448;1106.864;3362.807;2431.727;0.039;342.551;2064.677;628.116;1427.862;2870.523;1461.101;3420.069;2757.027;2051.931;260.482;1766.278;2869.946;3596.346;279.290;279.849;2584.646;2988.609;236.645;2854.403;2827.325;2516.883;1056.860;1434.092;1289.482;3052.363;632.222;1115.731;3600.069;3292.306;3600.120;3240.773;107.865;0.055;1690.957;3031.136;3158.910;2090.577;3599.795;549.249;391.250;886.372;917.131;928.617;233.691;1316.785;0.090;1800.783;3292.722;1769.503;2255.366;2284.685;3600.297;2444.281;2963.466;811.732;3574.698;565.984;1026.474;2398.730;945.222;3600.002;3225.335;536.095
450,819.1243431568146,449,-563.6293356904972,563.6293356904972,0.004494565617772404,3598.851;2083.839;3575.629;3117.974;2741.940;590.158;3599.946;0.066;515.035;1316.756;2864.829;483.226;3282.708;3600.014;354.759;2162.516;1.302;1258.445;-0.027;3599.941;1275.324;3599.938;2990.064;3356.734;574.205;0.762;2285.555;0.064;3161.126;1051.632;2592.404;3598.608;2000.621;38.728;180.768;2264.439;1559.512;2514.279;1177.804;2406.403;778.971;2252.192;2780.546;664.277;953.698;1833.772;3089.720;664.842;1700.867;2463.075;3599.788;912.302;2475.642;264.594;1482.126;0.557;3599.829;1716.737;3595.045;1356.191;3586.205;850.658;811.007;2198.312;3034.850;3599.009;2126.200;-0.176;1971.647;1004.294;2683.609;3600.011;1633.779;2496.712;-0.220;1893.274;362.539;2300.028;1249.136;2947.595;0.003;12.637;2645.878;1903.270;2066.846;3588.898;1771.100;2985.416;1840.965;3259.976;2833.094;219.642;958.900;3027.286;736.590;426.869;1662.158;1527.355;2679.165;1375.194,851.366;1338.532;1517.267;3261.000;3599.745;1993.170;-0.058;2239.603;2191.141;2954.881;1219.879;0.363;2007.955;589.243;2583.747;3068.343;1521.381;3598.825;663.516;3599.627;1719.071;2580.172;2724.334;3600.093;3600.068;-0.043;0.665;1823.486;0.131;2471.327;1883.624;2157.085;1543.643;1107.136;3362.580;2431.606;-0.041;342.824;2064.471;628.054;1427.646;2870.706;1460.856;3420.259;2757.294;2052.029;260.234;1766.505;2870.199;3596.616;279.505;280.118;2584.385;2988.393;236.440;2854.652;2827.334;2516.751;1056.666;1434.341;1289.542;3052.169;631.957;1115.607;3599.972;3292.490;3599.860;3240.616;108.104;0.031;1690.686;3030.869;3159.076;2090.847;3599.987;549.382;391.168;886.098;917.276;928.890;233.957;1316.513;-0.006;1801.054;3292.952;1769.750;2255.598;2284.656;3600.039;2444.359;2963.214;811.800;3574.542;565.723;1026.205;2398.565;945.489;3599.798;3225.098;535.828
451,820.9723105430603,450,-563.6324786342811,563.6324786342811,0.007486760886891538,3598.669;2084.094;3575.433;3117.770;2741.864;590.274;3599.731;-0.023;515.175;1316.489;2865.053;483.471;3282.631;3599.962;354.489;2162.260;1.503;1258.714;-0.104;3600.144;1275.132;3599.670;2990.134;3356.467;573.951;0.542;2285.358;0.059;3161.388;1051.834;2592.561;3598.581;2000.844;38.996;181.037;2264.193;1559.782;2514.304;1177.538;2406.624;779.203;2252.441;2780.308;664.525;953.740;1833.626;3089.451;665.109;1701.064;2463.263;3600.034;912.068;2475.908;264.826;1481.865;0.339;3600.061;1716.825;3594.972;1356.459;3586.464;850.509;810.787;2198.328;3034.580;3599.270;2126.101;-0.234;1971.894;1004.563;2683.532;3599.811;1633.835;2496.443;0.037;1893.093;362.282;2300.296;1248.952;2947.858;0.227;12.374;2646.139;1903.428;2066.598;3589.022;1770.830;2985.300;1841.217;3260.244;2833.273;219.895;959.014;3027.551;736.345;426.932;1661.922;1527.101;2679.358;1374.938,851.353;1338.715;1517.378;3261.236;3599.977;1993.280;0.103;2239.371;2191.004;2955.068;1219.859;0.567;2008.220;589.113;2583.517;3068.399;1521.371;3598.644;663.756;3599.884;1719.229;2580.269;2724.077;3599.889;3599.825;-0.225;0.420;1823.708;0.132;2471.522;1883.828;2156.945;1543.417;1107.157;3362.325;2431.852;0.220;342.793;2064.246;627.912;1427.775;2870.794;1460.689;3420.219;2757.089;2052.045;260.000;1766.307;2870.002;3596.401;279.448;279.884;2584.116;2988.423;236.661;2854.818;2827.588;2517.004;1056.878;1434.602;1289.292;3052.415;632.151;1115.357;3600.221;3292.450;3600.033;3240.852;107.887;-0.224;1690.429;3031.104;3159.100;2090.666;3600.181;549.223;391.411;885.886;917.053;928.985;233.771;1316.295;-0.089;1800.877;3293.115;1769.500;2255.368;2284.807;3599.871;2444.216;2962.945;811.555;3574.689;565.849;1026.430;2398.796;945.400;3599.547;3224.859;535.723
452,822.8356947898865,451,-563.6312180584114,563.6312180584114,0.007877488074682562,3598.843;2083.876;3575.172;3117.521;2742.105;590.017;3599.474;0.204;515.435;1316.531;2865.315;483.260;3282.412;3600.125;354.284;2162.357;1.279;1258.486;0.118;3600.386;1274.935;3599.607;2990.384;3356.244;573.715;0.279;2285.263;-0.032;3161.273;1052.096;2592.804;3598.506;2000.980;38.793;181.253;2263.995;1560.020;2514.468;1177.730;2406.390;779.067;2252.691;2780.521;664.291;953.996;1833.880;3089.453;665.317;1700.846;2463.038;3600.184;911.825;2476.066;264.716;1481.705;0.107;3599.868;1716.717;3594.776;1356.273;3586.671;850.736;810.968;2198.585;3034.784;3599.059;2126.305;0.023;1972.155;1004.421;2683.281;3600.038;1633.776;2496.286;0.177;1892.836;362.370;2300.291;1248.889;2947.646;0.247;12.441;2646.109;1903.686;2066.369;3589.276;1770.566;2985.077;1841.019;3260.503;2833.521;220.110;959.269;3027.770;736.143;427.136;1661.883;1527.337;2679.141;1374.758,851.604;1338.472;1517.127;3261.020;3600.189;1993.262;-0.109;2239.111;2191.253;2954.880;1220.118;0.504;2008.010;588.855;2583.255;3068.595;1521.115;3598.408;663.975;3600.083;1719.488;2580.504;2724.302;3599.642;3599.586;0.026;0.543;1823.891;-0.103;2471.784;1883.610;2156.696;1543.630;1106.902;3362.482;2432.115;0.153;342.559;2064.264;628.082;1428.033;2870.558;1460.942;3420.019;2757.223;2052.293;260.248;1766.541;2869.756;3596.606;279.193;279.649;2583.957;2988.182;236.906;2855.008;2827.842;2516.805;1056.998;1434.355;1289.495;3052.310;631.932;1115.591;3599.986;3292.563;3600.218;3241.111;107.624;0.031;1690.620;3031.244;3158.871;2090.404;3599.930;548.977;391.309;886.126;917.220;928.730;233.657;1316.423;0.162;1800.618;3292.868;1769.335;2255.104;2285.068;3599.860;2443.974;2963.172;811.566;3574.934;566.109;1026.693;2399.059;945.141;3599.787;3225.090;535.960
453,824.7275383472443,452,-563.6253778898904,563.6253778898904,0.004527640183423803,3599.099;2084.063;3574.917;3117.573;2741.859;590.060;3599.214;0.454;515.265;1316.283;2865.170;483.337;3282.154;3599.877;354.212;2162.104;1.023;1258.704;0.083;3600.157;1274.680;3599.353;2990.636;3356.158;573.505;0.029;2285.497;0.209;3161.517;1051.974;2592.641;3598.657;2001.233;38.599;181.457;2263.771;1560.216;2514.722;1177.508;2406.131;779.250;2252.948;2780.285;664.465;953.768;1834.026;3089.655;665.566;1701.093;2463.209;3599.932;912.045;2476.280;264.628;1481.450;-0.152;3600.108;1716.462;3594.521;1356.476;3586.915;850.694;811.216;2198.352;3034.601;3599.126;2126.071;-0.173;1972.415;1004.647;2683.376;3599.838;1633.523;2496.041;0.407;1892.588;362.181;2300.544;1249.134;2947.833;0.477;12.582;2645.863;1903.946;2066.569;3589.536;1770.399;2984.818;1840.972;3260.636;2833.631;220.321;959.043;3027.535;735.885;427.394;1661.828;1527.200;2679.374;1374.501,851.863;1338.425;1516.904;3261.234;3599.946;1993.009;0.075;2239.246;2191.068;2955.002;1219.951;0.256;2007.752;588.602;2583.355;3068.852;1521.196;3598.541;664.195;3600.096;1719.269;2580.760;2724.086;3599.518;3599.749;-0.022;0.321;1824.148;0.138;2471.809;1883.848;2156.940;1543.887;1106.882;3362.268;2432.293;0.357;342.637;2064.518;627.855;1428.225;2870.464;1460.788;3419.816;2756.974;2052.427;260.221;1766.406;2869.999;3596.448;279.036;279.750;2583.707;2988.409;236.717;2854.767;2828.102;2516.563;1057.171;1434.458;1289.753;3052.055;632.090;1115.363;3599.971;3292.801;3599.980;3241.301;107.615;-0.011;1690.385;3031.218;3159.072;2090.396;3599.690;548.743;391.419;886.058;917.403;928.829;233.436;1316.661;0.312;1800.489;3292.623;1769.576;2254.873;2285.090;3600.066;2443.727;2963.111;811.321;3574.957;566.192;1026.576;2399.235;945.302;3599.850;3224.873;536.169
454,826.4375817775726,453,-563.6270270536452,563.6270270536452,0.007655390205811466,3598.930;2084.149;3575.087;3117.337;2741.875;590.293;3599.399;0.219;515.229;1316.037;2865.263;483.587;3282.354;3600.070;353.963;2162.259;1.191;1258.932;0.293;3599.919;1274.610;3599.116;2990.798;3356.404;573.252;0.004;2285.255;0.001;3161.695;1051.857;2592.805;3598.417;2001.021;38.823;181.571;2263.994;1560.404;2514.972;1177.297;2405.900;779.377;2252.915;2780.208;664.656;953.951;1834.272;3089.505;665.394;1701.011;2463.025;3600.054;911.950;2476.051;264.870;1481.494;0.079;3600.346;1716.577;3594.614;1356.655;3587.139;850.448;810.999;2198.199;3034.380;3599.370;2126.127;0.045;1972.379;1004.747;2683.459;3599.587;1633.680;2495.898;0.247;1892.825;361.940;2300.628;1248.905;2948.031;0.235;12.341;2645.648;1903.806;2066.630;3589.314;1770.185;2985.009;1840.726;3260.557;2833.398;220.175;958.976;3027.744;735.916;427.620;1662.077;1527.090;2679.565;1374.249,852.107;1338.628;1516.660;3261.456;3600.093;1992.855;0.271;2239.125;2191.289;2955.227;1220.109;0.423;2007.950;588.469;2583.162;3068.707;1521.033;3598.300;664.127;3600.335;1719.430;2580.565;2723.987;3599.286;3599.614;-0.037;0.090;1823.973;0.131;2471.612;1883.696;2156.738;1543.716;1106.827;3362.480;2432.098;0.610;342.390;2064.647;627.602;1428.453;2870.698;1460.997;3419.742;2756.765;2052.677;260.165;1766.156;2869.942;3596.198;279.239;279.507;2583.932;2988.226;236.945;2854.996;2827.937;2516.405;1056.941;1434.383;1289.601;3052.245;632.281;1115.228;3599.830;3293.055;3600.195;3241.138;107.374;0.013;1690.588;3031.463;3159.321;2090.175;3599.910;548.683;391.172;886.272;917.163;928.598;233.281;1316.448;0.126;1800.316;3292.378;1769.361;2254.919;2285.253;3599.827;2443.917;2963.229;811.515;3575.202;566.009;1026.759;2399.022;945.162;3600.089;3224.780;536.422
455,828.2938795089722,454,-563.6321942528696,563.6321942528696,0.011091599520249342,3599.080;2084.393;3574.847;3117.565;2741.804;590.213;3599.179;-0.025;514.986;1316.216;2865.061;483.776;3282.216;3600.040;353.918;2162.073;0.956;1258.766;0.082;3600.124;1274.368;3599.116;2991.046;3356.241;573.006;-0.240;2285.325;-0.229;3161.943;1052.095;2592.824;3598.639;2000.772;39.071;181.328;2263.786;1560.651;2514.745;1177.048;2406.114;779.623;2253.154;2779.963;664.904;953.872;1834.308;3089.737;665.626;1701.213;2463.214;3599.965;911.945;2476.180;264.635;1481.257;0.023;3600.570;1716.337;3594.394;1356.902;3587.352;850.199;811.180;2197.956;3034.135;3599.448;2126.366;-0.044;1972.620;1004.993;2683.701;3599.337;1633.439;2495.651;0.480;1892.595;362.165;2300.866;1248.657;2947.802;0.430;12.101;2645.883;1904.043;2066.388;3589.525;1770.409;2984.834;1840.860;3260.643;2833.626;220.179;959.202;3027.515;735.678;427.869;1661.883;1526.845;2679.616;1374.000,852.302;1338.790;1516.411;3261.247;3599.903;1992.963;0.470;2239.243;2191.156;2955.474;1220.060;0.250;2007.726;588.681;2583.253;3068.853;1520.786;3598.404;663.883;3600.104;1719.613;2580.805;2724.223;3599.523;3599.853;-0.279;-0.158;1824.137;-0.080;2471.365;1883.908;2156.916;1543.590;1106.583;3362.262;2432.331;0.849;342.608;2064.408;627.365;1428.222;2870.947;1460.844;3419.496;2756.734;2052.927;259.921;1766.324;2869.700;3596.107;279.477;279.434;2583.751;2988.422;237.158;2854.777;2828.165;2516.158;1056.691;1434.619;1289.841;3052.094;632.528;1115.369;3600.038;3293.292;3599.983;3241.364;107.136;-0.204;1690.394;3031.226;3159.263;2089.926;3600.060;548.924;391.365;886.104;916.914;928.806;233.033;1316.688;0.123;1800.083;3292.546;1769.524;2254.686;2285.371;3599.995;2443.682;2963.005;811.427;3574.976;566.110;1026.955;2399.235;945.386;3599.867;3224.557;536.196
456,830.1713981628418,455,-563.6327218159,563.6327218159,0.009675304222300393,3598.996;2084.574;3575.013;3117.582;2741.586;590.030;3598.980;0.011;515.063;1316.310;2865.287;484.014;3281.987;3599.856;353.679;2162.246;1.088;1258.986;0.158;3600.191;1274.405;3598.894;2991.246;3356.440;572.760;-0.134;2285.107;0.004;3161.970;1052.311;2592.584;3598.883;2000.546;38.926;181.089;2263.643;1560.872;2514.973;1176.864;2405.888;779.414;2253.400;2780.149;665.147;954.110;1834.072;3089.522;665.870;1701.197;2462.982;3600.162;911.705;2475.958;264.447;1481.311;-0.051;3600.339;1716.225;3594.456;1357.079;3587.590;849.955;810.957;2197.822;3034.287;3599.530;2126.357;0.060;1972.599;1005.232;2683.947;3599.348;1633.379;2495.405;0.693;1892.738;362.396;2301.090;1248.415;2947.955;0.673;11.977;2646.114;1903.841;2066.147;3589.762;1770.639;2984.938;1841.102;3260.405;2833.867;219.939;959.079;3027.663;735.688;428.003;1661.719;1526.645;2679.502;1373.759,852.311;1339.032;1516.539;3261.171;3600.104;1992.742;0.714;2239.065;2190.967;2955.679;1219.961;0.454;2007.527;588.905;2583.028;3069.091;1520.965;3598.506;663.637;3600.308;1719.816;2580.884;2724.099;3599.711;3599.804;-0.066;-0.213;1824.375;0.093;2471.522;1884.013;2157.105;1543.360;1106.345;3362.368;2432.251;1.095;342.828;2064.416;627.135;1427.978;2871.174;1461.001;3419.292;2756.495;2053.082;259.676;1766.567;2869.456;3595.867;279.722;279.200;2583.782;2988.619;237.398;2854.635;2828.060;2516.355;1056.640;1434.843;1289.842;3052.316;632.760;1115.165;3600.245;3293.536;3600.077;3241.310;106.898;0.031;1690.162;3031.315;3159.500;2089.702;3599.894;549.166;391.535;886.313;916.669;928.889;232.792;1316.729;-0.058;1799.839;3292.314;1769.721;2254.543;2285.503;3600.221;2443.447;2963.231;811.642;3574.732;565.922;1027.199;2399.120;945.628;3600.043;3224.312;535.964
457,832.0754027366638,456,-563.633852625927,563.633852625927,0.005747886356722812,3599.130;2084.365;3575.081;3117.452;2741.346;589.804;3598.852;-0.109;515.222;1316.087;2865.151;484.065;3281.748;3599.924;353.768;2162.474;1.077;1259.220;0.000;3600.087;1274.628;3598.929;2991.477;3356.625;572.628;0.052;2285.313;-0.085;3161.766;1052.102;2592.810;3599.108;2000.306;38.850;181.268;2263.406;1560.829;2514.934;1176.852;2405.691;779.208;2253.502;2780.313;665.376;954.328;1833.983;3089.688;665.819;1701.430;2462.742;3599.940;911.904;2476.138;264.428;1481.440;-0.217;3600.122;1715.989;3594.365;1356.876;3587.828;849.719;810.778;2197.840;3034.521;3599.561;2126.132;0.117;1972.398;1005.054;2684.187;3599.298;1633.276;2495.260;0.504;1892.780;362.624;2301.164;1248.275;2948.190;0.610;11.773;2645.916;1903.987;2066.344;3589.985;1770.880;2984.717;1840.902;3260.455;2833.760;220.083;959.135;3027.816;735.797;428.119;1661.940;1526.605;2679.277;1373.923,852.085;1338.823;1516.752;3261.398;3599.912;1992.553;0.520;2239.293;2190.763;2955.884;1219.724;0.271;2007.333;588.744;2583.233;3068.900;1521.196;3598.697;663.648;3600.099;1719.591;2580.994;2724.226;3599.699;3600.017;0.099;0.019;1824.614;0.204;2471.304;1884.237;2157.311;1543.583;1106.221;3362.188;2432.139;0.887;342.987;2064.461;627.307;1427.915;2870.972;1460.777;3419.510;2756.624;2052.854;259.590;1766.507;2869.593;3595.951;279.589;279.360;2583.637;2988.399;237.185;2854.817;2828.161;2516.557;1056.866;1434.908;1289.719;3052.433;632.995;1115.380;3600.011;3293.778;3599.971;3241.524;107.060;-0.084;1690.251;3031.327;3159.310;2089.869;3600.065;549.006;391.652;886.532;916.560;928.982;232.985;1316.629;0.167;1799.925;3292.473;1769.951;2254.774;2285.740;3599.993;2443.220;2963.160;811.472;3574.525;565.686;1027.083;2398.919;945.842;3600.238;3224.084;535.871
458,833.7950785160065,457,-563.6360743260898,563.6360743260898,0.006527018457652901,3599.361;2084.145;3574.971;3117.630;2741.155;589.966;3599.072;0.120;515.014;1315.886;2865.287;484.147;3281.918;3600.153;353.767;2162.359;0.878;1259.437;-0.004;3599.857;1274.658;3598.901;2991.401;3356.432;572.790;0.275;2285.512;0.056;3161.917;1052.012;2592.841;3599.321;2000.423;38.953;181.143;2263.351;1561.012;2514.804;1176.627;2405.545;778.986;2253.457;2780.122;665.268;954.180;1833.779;3089.544;665.763;1701.372;2462.878;3599.927;911.928;2476.057;264.653;1481.232;0.013;3600.033;1715.955;3594.132;1357.049;3588.001;849.574;810.574;2198.072;3034.348;3599.792;2126.346;-0.112;1972.578;1005.186;2684.161;3599.100;1633.477;2495.242;0.518;1892.699;362.429;2300.935;1248.065;2947.995;0.395;11.926;2645.714;1904.192;2066.271;3589.901;1770.914;2984.592;1841.055;3260.680;2833.931;220.126;959.366;3027.852;735.607;427.900;1661.984;1526.373;2679.324;1374.011,852.250;1338.939;1516.651;3261.597;3599.965;1992.555;0.372;2239.103;2190.530;2955.752;1219.608;0.478;2007.418;588.537;2583.431;3069.109;1521.172;3598.490;663.849;3599.905;1719.730;2581.226;2724.131;3599.921;3600.219;-0.082;0.097;1824.828;0.436;2471.095;1884.339;2157.547;1543.683;1106.440;3362.136;2432.366;0.939;343.138;2064.231;627.103;1428.037;2870.884;1460.593;3419.412;2756.805;2052.807;259.684;1766.646;2869.401;3596.175;279.377;279.243;2583.403;2988.595;237.174;2854.673;2828.043;2516.444;1056.688;1434.849;1289.760;3052.216;633.231;1115.609;3599.963;3293.794;3600.179;3241.515;106.842;0.079;1690.026;3031.433;3159.242;2089.734;3600.296;548.891;391.885;886.647;916.337;929.076;232.777;1316.398;-0.036;1799.838;3292.696;1769.770;2254.839;2285.976;3600.045;2442.983;2962.954;811.238;3574.669;565.712;1027.268;2399.141;946.056;3600.009;3223.925;535.832
459,835.6614351272583,458,-563.6388147961654,563.6388147961654,0.004999543363531492,3599.185;2083.954;3574.742;3117.410;2741.375;589.741;3599.290;-0.049;515.236;1315.655;2865.516;484.375;3282.061;3599.941;353.548;2162.582;0.646;1259.391;-0.232;3599.689;1274.879;3598.692;2991.398;3356.646;572.576;0.474;2285.295;-0.077;3161.756;1052.187;2592.654;3599.553;2000.600;39.182;181.353;2263.570;1560.920;2515.012;1176.412;2405.317;779.144;2253.232;2779.896;665.444;954.386;1833.552;3089.320;665.883;1701.147;2462.677;3600.080;912.091;2476.269;264.508;1481.057;-0.027;3599.820;1716.143;3594.343;1357.001;3588.227;849.348;810.342;2198.016;3034.456;3600.025;2126.576;0.082;1972.441;1005.017;2684.385;3599.299;1633.708;2495.019;0.295;1892.917;362.633;2301.135;1247.833;2948.211;0.285;11.710;2645.892;1904.261;2066.044;3590.114;1770.886;2984.809;1840.848;3260.478;2834.118;219.946;959.458;3028.079;735.421;428.116;1662.211;1526.581;2679.098;1373.794,852.480;1338.722;1516.475;3261.828;3600.164;1992.328;0.153;2239.051;2190.749;2955.970;1219.823;0.267;2007.282;588.305;2583.641;3068.933;1521.382;3598.259;663.632;3599.930;1719.793;2581.249;2724.346;3599.752;3599.998;-0.041;0.166;1824.701;0.241;2471.281;1884.115;2157.364;1543.467;1106.243;3362.361;2432.387;0.736;342.927;2064.218;626.872;1428.185;2871.087;1460.789;3419.200;2756.604;2052.978;259.912;1766.460;2869.253;3596.406;279.209;279.014;2583.175;2988.422;237.395;2854.451;2828.268;2516.310;1056.762;1434.622;1289.535;3052.345;633.464;1115.507;3600.151;3293.570;3599.962;3241.727;106.999;0.073;1690.234;3031.207;3159.406;2089.568;3600.071;548.664;391.991;886.875;916.532;928.850;232.952;1316.524;0.067;1799.671;3292.652;1769.686;2255.061;2286.122;3599.937;2442.912;2963.152;811.396;3574.898;565.938;1027.496;2399.120;945.834;3599.967;3224.142;536.055
460,837.5592596530914,459,-563.641469762618,563.641469762618,0.00590777164194838,3599.286;2084.158;3574.542;3117.182;2741.479;589.583;3599.337;0.123;515.245;1315.445;2865.706;484.602;3282.287;3599.855;353.728;2162.543;0.796;1259.177;-0.086;3599.906;1275.092;3598.464;2991.215;3356.589;572.593;0.270;2285.071;0.135;3161.934;1052.032;2592.434;3599.560;2000.827;39.280;181.575;2263.382;1561.130;2515.239;1176.580;2405.089;779.301;2253.003;2779.668;665.384;954.214;1833.333;3089.106;665.766;1701.184;2462.870;3599.872;911.923;2476.496;264.650;1480.910;0.036;3599.892;1716.106;3594.391;1357.217;3588.455;849.119;810.116;2197.822;3034.244;3600.253;2126.510;-0.073;1972.221;1005.084;2684.383;3599.425;1633.936;2495.222;0.076;1892.821;362.440;2300.949;1247.625;2948.293;0.501;11.482;2645.685;1904.452;2066.206;3590.194;1770.743;2984.637;1840.625;3260.662;2833.906;219.720;959.682;3028.306;735.593;427.968;1662.437;1526.711;2679.164;1373.579,852.669;1338.927;1516.249;3262.052;3599.944;1992.323;0.106;2238.828;2190.973;2956.181;1220.021;0.421;2007.499;588.125;2583.865;3068.709;1521.195;3598.031;663.770;3600.151;1720.017;2581.050;2724.574;3599.526;3599.863;-0.056;0.038;1824.476;0.060;2471.479;1883.887;2157.146;1543.243;1106.071;3362.463;2432.609;0.602;342.699;2064.000;626.645;1428.408;2871.080;1460.901;3418.975;2756.817;2052.774;260.017;1766.235;2869.027;3596.635;279.320;278.786;2582.947;2988.581;237.623;2854.245;2828.233;2516.527;1056.549;1434.828;1289.309;3052.562;633.589;1115.726;3599.955;3293.468;3600.073;3241.955;106.945;-0.135;1690.294;3031.148;3159.187;2089.772;3599.904;548.441;392.215;886.988;916.480;928.625;232.853;1316.724;-0.097;1799.448;3292.863;1769.463;2255.265;2286.345;3600.131;2442.842;2962.954;811.211;3575.125;566.167;1027.725;2399.320;945.607;3600.154;3224.371;535.986
461,839.264990568161,460,-563.6443495538149,563.6443495538149,0.004484933531612803,3599.081;2084.099;3574.475;3117.091;2741.480;589.794;3599.515;-0.011;515.056;1315.586;2865.522;484.558;3282.139;3599.995;353.608;2162.725;0.660;1259.337;0.108;3600.058;1274.961;3598.670;2990.993;3356.552;572.403;0.259;2284.872;-0.034;3162.033;1052.239;2592.624;3599.736;2000.831;39.095;181.375;2263.572;1561.234;2515.415;1176.543;2405.193;779.100;2252.938;2779.859;665.172;954.056;1833.487;3089.231;665.546;1701.016;2462.900;3600.051;911.749;2476.376;264.661;1480.742;-0.124;3600.095;1716.076;3594.607;1357.110;3588.582;849.012;810.070;2197.622;3034.418;3600.044;2126.680;0.128;1972.357;1004.919;2684.169;3599.225;1634.022;2495.165;0.105;1892.610;362.575;2300.877;1247.538;2948.282;0.400;11.670;2645.690;1904.478;2066.114;3590.381;1770.527;2984.620;1840.621;3260.707;2834.002;219.495;959.548;3028.518;735.815;427.999;1662.522;1526.891;2679.382;1373.367,852.500;1339.119;1516.280;3262.141;3599.963;1992.541;-0.106;2238.770;2190.815;2956.384;1219.824;0.222;2007.305;588.310;2583.889;3068.513;1521.333;3597.897;663.561;3600.002;1720.144;2581.171;2724.610;3599.699;3600.000;-0.135;-0.111;1824.344;-0.162;2471.312;1883.753;2157.316;1543.028;1106.205;3362.683;2432.474;0.387;342.708;2063.790;626.498;1428.196;2871.295;1461.116;3418.777;2757.026;2052.588;259.807;1766.010;2868.860;3596.855;279.540;278.842;2583.069;2988.791;237.571;2854.022;2828.096;2516.748;1056.408;1435.047;1289.369;3052.699;633.768;1115.911;3599.954;3293.260;3599.902;3241.754;107.150;0.075;1690.086;3030.964;3159.026;2089.994;3600.005;548.633;392.432;886.842;916.669;928.751;232.818;1316.904;0.118;1799.570;3292.824;1769.633;2255.395;2286.187;3599.988;2442.702;2962.762;811.402;3575.302;565.989;1027.703;2399.528;945.463;3599.963;3224.550;535.769
462,841.1169259548187,461,-563.6494559353708,563.6494559353708,0.008214052650120514,3598.995;2084.170;3574.664;3117.226;2741.682;589.851;3599.732;-0.228;514.939;1315.659;2865.519;484.547;3282.333;3600.211;353.414;2162.924;0.448;1259.141;0.046;3600.005;1274.749;3598.821;2990.876;3356.339;572.199;0.468;2284.982;-0.236;3162.238;1052.387;2592.638;3599.668;2000.665;39.283;181.248;2263.653;1561.428;2515.290;1176.329;2405.386;779.153;2252.898;2780.018;665.364;953.956;1833.704;3089.436;665.590;1700.801;2462.694;3599.881;911.537;2476.307;264.448;1480.525;0.086;3600.258;1716.235;3594.709;1356.989;3588.383;849.209;810.126;2197.826;3034.590;3600.094;2126.827;0.174;1972.432;1005.094;2684.037;3599.006;1633.818;2495.081;-0.099;1892.411;362.709;2300.738;1247.410;2948.078;0.185;11.560;2645.717;1904.690;2065.973;3590.183;1770.535;2984.833;1840.788;3260.515;2834.215;219.528;959.337;3028.403;735.640;427.830;1662.491;1527.055;2679.207;1373.215,852.474;1339.197;1516.070;3261.962;3600.098;1992.687;0.100;2238.862;2190.655;2956.562;1219.866;0.273;2007.293;588.522;2583.914;3068.516;1521.511;3597.860;663.408;3600.099;1720.328;2580.981;2724.798;3599.895;3600.206;0.079;0.100;1824.338;0.043;2471.120;1883.637;2157.349;1542.833;1106.122;3362.800;2432.347;0.458;342.916;2063.608;626.647;1428.098;2871.505;1461.336;3418.602;2756.957;2052.777;259.594;1765.807;2868.645;3596.997;279.758;278.653;2583.274;2989.006;237.721;2853.825;2828.230;2516.968;1056.213;1435.227;1289.273;3052.916;633.986;1116.020;3599.931;3293.461;3600.048;3241.598;106.971;-0.081;1689.978;3030.860;3159.200;2089.981;3600.108;548.749;392.603;886.625;916.462;928.716;232.605;1316.735;-0.037;1799.359;3292.644;1769.550;2255.576;2285.970;3600.124;2442.895;2962.576;811.596;3575.283;565.789;1027.902;2399.679;945.571;3600.065;3224.416;535.556
463,842.9980847835541,462,-563.6473236279036,563.6473236279036,0.004228202818693835,3599.183;2083.961;3574.463;3117.031;2741.898;589.662;3599.936;-0.028;515.146;1315.871;2865.728;484.671;3282.542;3600.012;353.216;2163.139;0.345;1258.926;-0.127;3600.074;1274.744;3599.022;2990.763;3356.526;571.984;0.657;2284.791;-0.032;3162.056;1052.600;2592.545;3599.872;2000.853;39.469;181.048;2263.864;1561.223;2515.258;1176.244;2405.550;779.362;2252.994;2780.159;665.579;954.165;1833.836;3089.651;665.487;1700.586;2462.512;3600.037;911.323;2476.097;264.233;1480.717;0.272;3600.049;1716.447;3594.868;1356.776;3588.472;849.398;810.337;2198.033;3034.804;3599.959;2126.986;0.375;1972.229;1004.915;2684.173;3599.183;1633.650;2494.874;0.083;1892.612;362.904;2300.940;1247.197;2947.862;-0.021;11.501;2645.924;1904.486;2065.763;3590.007;1770.328;2985.049;1840.855;3260.301;2834.400;219.329;959.121;3028.198;735.445;427.617;1662.696;1526.871;2678.995;1373.001,852.678;1338.991;1515.857;3261.779;3599.899;1992.877;-0.002;2238.759;2190.457;2956.357;1220.076;0.142;2007.497;588.421;2583.703;3068.676;1521.722;3597.903;663.345;3599.895;1720.533;2580.767;2724.893;3600.035;3600.007;0.268;0.314;1824.130;0.101;2471.299;1883.425;2157.144;1542.629;1105.911;3363.010;2432.135;0.255;342.723;2063.748;626.452;1428.291;2871.558;1461.552;3418.388;2756.752;2052.992;259.787;1765.609;2868.767;3597.071;279.571;278.445;2583.437;2989.171;237.934;2853.918;2828.443;2516.925;1056.378;1435.024;1289.114;3052.921;634.112;1115.823;3599.760;3293.293;3600.016;3241.391;106.817;0.076;1690.184;3030.658;3159.415;2090.183;3599.997;548.555;392.399;886.810;916.580;928.505;232.527;1316.521;-0.247;1799.159;3292.680;1769.338;2255.775;2285.753;3599.923;2443.108;2962.780;811.812;3575.490;565.660;1027.985;2399.493;945.387;3599.877;3224.593;535.753
464,844.6993877887726,463,-563.6501014220339,563.6501014220339,0.0060422361697107145,3599.293;2083.998;3574.626;3116.837;2741.800;589.858;3600.057;0.016;515.142;1315.738;2865.588;484.470;3282.379;3600.002;353.393;2163.351;0.151;1258.892;0.073;3599.904;1274.825;3599.228;2990.968;3356.709;571.791;0.836;2284.881;0.030;3161.845;1052.746;2592.342;3600.059;2000.666;39.314;181.155;2263.859;1561.013;2515.447;1176.431;2405.737;779.166;2252.791;2780.368;665.761;954.003;1833.645;3089.863;665.279;1700.491;2462.301;3599.846;911.426;2476.013;264.342;1480.898;0.126;3600.145;1716.507;3594.948;1356.565;3588.359;849.609;810.525;2198.054;3035.009;3599.933;2126.783;0.484;1972.017;1004.706;2684.381;3599.032;1633.804;2494.696;0.124;1892.754;363.115;2301.148;1247.356;2947.657;-0.229;11.697;2645.737;1904.501;2065.924;3589.812;1770.519;2985.048;1840.652;3260.190;2834.594;219.489;958.922;3028.357;735.641;427.470;1662.902;1527.066;2678.823;1372.816,852.488;1339.044;1515.646;3261.934;3599.849;1993.088;-0.201;2238.879;2190.615;2956.264;1220.070;-0.067;2007.409;588.215;2583.686;3068.475;1521.915;3598.111;663.139;3599.838;1720.729;2580.609;2725.101;3599.855;3600.127;0.147;0.526;1823.923;-0.080;2471.121;1883.215;2156.973;1542.418;1105.806;3363.123;2431.941;0.043;342.709;2063.585;626.302;1428.109;2871.371;1461.760;3418.323;2756.913;2053.103;259.992;1765.397;2868.930;3597.278;279.415;278.460;2583.638;2988.983;237.913;2853.834;2828.558;2517.005;1056.582;1434.861;1289.314;3053.089;634.292;1115.979;3599.948;3293.102;3599.885;3241.274;106.778;-0.088;1690.392;3030.447;3159.449;2090.388;3600.145;548.405;392.234;886.911;916.786;928.335;232.731;1316.499;-0.051;1799.258;3292.887;1769.370;2255.986;2285.725;3600.073;2443.164;2962.940;812.009;3575.436;565.605;1027.801;2399.282;945.177;3599.808;3224.796;535.943
465,846.538872718811,464,-563.6528361911872,563.6528361911872,0.004553010225896763,3599.445;2084.200;3574.831;3116.812;2741.609;589.815;3599.972;-0.012;515.114;1315.541;2865.594;484.597;3282.181;3600.170;353.215;2163.352;-0.037;1259.087;0.013;3600.104;1274.638;3599.428;2990.871;3356.909;571.952;0.849;2284.844;-0.136;3162.013;1052.708;2592.134;3599.863;2000.765;39.185;180.960;2263.698;1561.185;2515.349;1176.349;2405.548;779.044;2252.942;2780.280;665.594;953.825;1833.538;3089.689;665.412;1700.675;2462.321;3600.007;911.605;2476.099;264.147;1480.704;-0.028;3600.025;1716.319;3595.151;1356.725;3588.160;849.498;810.337;2198.083;3034.829;3600.080;2126.579;0.346;1972.041;1004.851;2684.245;3598.924;1633.996;2494.524;0.316;1892.568;362.948;2301.240;1247.247;2947.813;-0.042;11.706;2645.818;1904.700;2066.083;3589.640;1770.347;2985.124;1840.835;3260.234;2834.786;219.689;958.736;3028.499;735.754;427.293;1663.101;1526.894;2678.995;1372.613,852.585;1339.179;1515.495;3262.140;3600.048;1993.113;-0.009;2239.040;2190.431;2956.452;1219.929;0.078;2007.208;588.007;2583.613;3068.296;1522.121;3598.301;663.193;3599.651;1720.564;2580.659;2725.275;3600.046;3599.968;-0.057;0.690;1823.804;0.107;2471.305;1883.066;2157.118;1542.322;1105.655;3362.931;2432.064;-0.151;342.529;2063.750;626.143;1428.291;2871.316;1461.716;3418.128;2757.084;2052.924;260.125;1765.350;2869.114;3597.324;279.209;278.384;2583.440;2988.779;237.873;2853.634;2828.404;2516.823;1056.790;1434.980;1289.284;3053.043;634.487;1115.935;3599.876;3292.898;3600.068;3241.464;106.979;0.092;1690.390;3030.572;3159.255;2090.595;3599.958;548.199;392.322;887.073;916.854;928.147;232.753;1316.694;0.055;1799.066;3293.065;1769.558;2256.155;2285.905;3599.944;2442.984;2962.809;811.854;3575.264;565.793;1027.751;2399.365;944.977;3599.993;3225.000;536.068
466,848.4010004997253,465,-563.6580085051673,563.6580085051673,0.007286693256430377,3599.648;2084.374;3574.813;3117.009;2741.431;589.630;3600.157;-0.195;514.928;1315.504;2865.782;484.406;3281.987;3599.980;353.401;2163.501;-0.074;1259.241;-0.105;3599.947;1274.564;3599.630;2990.691;3357.035;572.135;0.912;2285.039;0.050;3162.137;1052.576;2592.165;3599.988;2000.663;39.176;180.801;2263.832;1561.363;2515.149;1176.148;2405.731;778.883;2253.052;2780.206;665.393;953.626;1833.692;3089.782;665.587;1700.750;2462.239;3599.941;911.695;2476.043;264.165;1480.555;-0.222;3599.999;1716.287;3595.292;1356.848;3588.340;849.353;810.469;2197.949;3034.879;3599.887;2126.447;0.145;1972.186;1004.833;2684.048;3598.759;1633.819;2494.323;0.362;1892.372;363.113;2301.066;1247.062;2947.837;-0.027;11.891;2645.944;1904.836;2066.254;3589.829;1770.351;2985.012;1841.030;3260.119;2834.927;219.523;958.890;3028.549;735.678;427.424;1663.072;1526.725;2679.177;1372.668,852.403;1339.028;1515.308;3262.333;3599.969;1992.930;-0.124;2239.240;2190.232;2956.261;1219.926;-0.105;2007.093;587.952;2583.806;3068.438;1521.935;3598.505;663.281;3599.768;1720.361;2580.480;2725.194;3600.007;3600.154;0.118;0.685;1823.966;-0.009;2471.146;1883.205;2156.947;1542.478;1105.851;3362.727;2432.249;-0.032;342.701;2063.953;626.330;1428.378;2871.117;1461.579;3418.318;2757.273;2052.743;260.179;1765.529;2869.317;3597.433;279.270;278.581;2583.553;2988.575;237.673;2853.786;2828.203;2516.990;1056.845;1434.814;1289.470;3052.844;634.381;1115.748;3600.073;3292.904;3599.884;3241.603;107.183;0.038;1690.235;3030.390;3159.326;2090.540;3600.149;547.998;392.344;886.889;916.870;928.295;232.951;1316.561;-0.077;1799.229;3293.126;1769.761;2256.358;2285.883;3600.132;2442.791;2962.627;811.662;3575.061;565.622;1027.551;2399.173;945.155;3600.190;3225.092;535.891
467,850.2902371883392,466,-563.6608542209899,563.6608542209899,0.005994637638209974,3599.848;2084.252;3574.999;3117.210;2741.249;589.435;3599.971;-0.008;514.728;1315.318;2865.655;484.560;3281.914;3599.994;353.601;2163.694;0.120;1259.239;0.084;3599.877;1274.368;3599.829;2990.527;3356.841;572.077;1.105;2285.234;0.042;3162.335;1052.771;2592.354;3599.826;2000.856;39.015;180.921;2263.641;1561.563;2514.949;1176.014;2405.928;778.692;2252.863;2780.009;665.573;953.445;1833.499;3089.605;665.770;1700.707;2462.431;3600.090;911.509;2476.213;263.973;1480.358;-0.030;3600.191;1716.275;3595.100;1357.045;3588.352;849.155;810.374;2198.142;3034.846;3599.818;2126.631;-0.054;1972.043;1005.026;2684.215;3598.562;1633.640;2494.512;0.170;1892.172;363.151;2300.867;1246.862;2948.030;-0.190;11.783;2646.141;1905.025;2066.072;3589.646;1770.539;2985.205;1840.997;3260.304;2834.740;219.355;959.088;3028.356;735.873;427.242;1662.879;1526.531;2679.020;1372.477,852.203;1338.830;1515.262;3262.158;3600.121;1992.736;0.004;2239.420;2190.031;2956.294;1219.735;0.035;2006.913;588.031;2584.006;3068.636;1522.068;3598.698;663.477;3599.940;1720.184;2580.292;2725.307;3600.162;3600.164;0.093;0.514;1824.165;-0.142;2471.309;1883.403;2156.999;1542.676;1106.046;3362.534;2432.086;0.114;342.896;2064.153;626.529;1428.557;2870.917;1461.381;3418.472;2757.091;2052.544;259.989;1765.544;2869.495;3597.630;279.394;278.745;2583.715;2988.459;237.546;2853.820;2828.020;2516.902;1057.039;1434.874;1289.670;3052.643;634.185;1115.559;3599.905;3293.094;3599.863;3241.801;107.136;-0.096;1690.052;3030.550;3159.452;2090.735;3599.975;547.861;392.151;886.690;916.679;928.493;233.037;1316.363;0.100;1799.243;3293.322;1769.845;2256.208;2285.759;3599.954;2442.931;2962.741;811.466;3574.864;565.713;1027.369;2398.976;945.344;3600.004;3224.902;535.710
468,851.9959318637848,467,-563.657618335929,563.657618335929,0.0042179505743118835,3600.045;2084.387;3574.829;3117.390;2741.428;589.341;3600.076;-0.101;514.540;1315.481;2865.462;484.698;3281.956;3599.827;353.616;2163.624;0.314;1259.049;-0.033;3600.051;1274.195;3599.795;2990.334;3356.655;572.232;0.939;2285.417;0.139;3162.518;1052.944;2592.548;3599.982;2000.888;39.205;180.739;2263.745;1561.632;2515.004;1176.189;2406.105;778.857;2252.680;2779.885;665.594;953.250;1833.422;3089.712;665.729;1700.572;2462.491;3599.904;911.454;2476.026;264.064;1480.351;0.047;3600.086;1716.174;3594.906;1357.160;3588.545;849.086;810.352;2198.070;3034.662;3600.002;2126.825;0.068;1972.182;1005.099;2684.143;3598.372;1633.549;2494.688;-0.017;1891.981;362.979;2300.680;1246.870;2948.071;-0.007;11.590;2646.194;1905.218;2065.880;3589.483;1770.708;2985.387;1840.818;3260.415;2834.899;219.162;959.127;3028.293;735.786;427.106;1662.810;1526.342;2678.825;1372.619,852.201;1338.731;1515.070;3261.995;3599.937;1992.873;-0.171;2239.454;2190.028;2956.116;1219.914;-0.103;2007.084;587.850;2583.837;3068.498;1521.896;3598.711;663.464;3599.766;1720.338;2580.096;2725.501;3599.978;3599.975;0.261;0.681;1824.009;0.044;2471.497;1883.280;2156.813;1542.635;1106.046;3362.652;2431.901;-0.068;342.737;2064.151;626.460;1428.657;2870.753;1461.507;3418.385;2757.274;2052.467;260.154;1765.394;2869.688;3597.826;279.206;278.877;2583.787;2988.373;237.483;2854.012;2828.189;2516.709;1057.234;1434.688;1289.581;3052.446;633.989;1115.728;3599.732;3292.919;3599.715;3241.776;107.309;0.092;1690.236;3030.391;3159.266;2090.666;3600.102;547.668;391.955;886.814;916.858;928.349;233.224;1316.428;-0.032;1799.286;3293.433;1769.666;2256.109;2285.810;3600.068;2443.117;2962.935;811.612;3575.005;565.906;1027.179;2399.085;945.208;3600.009;3225.075;535.877
469,853.850649356842,468,-563.6562039073177,563.6562039073177,0.005446806601304848,3599.915;2084.564;3574.903;3117.324;2741.508;589.190;3599.913;0.069;514.390;1315.321;2865.431;484.889;3282.143;3599.991;353.735;2163.504;0.155;1259.205;0.114;3600.120;1274.326;3599.616;2990.494;3356.616;572.357;0.747;2285.605;-0.017;3162.506;1052.913;2592.469;3599.839;2000.986;39.229;180.755;2263.598;1561.659;2514.866;1176.307;2406.115;779.021;2252.604;2779.833;665.756;953.266;1833.253;3089.564;665.568;1700.389;2462.320;3599.962;911.483;2476.193;263.883;1480.513;0.122;3600.237;1715.984;3594.866;1357.113;3588.583;848.928;810.302;2197.983;3034.472;3600.172;2126.732;0.170;1971.999;1005.186;2684.081;3598.216;1633.540;2494.863;-0.081;1891.804;362.834;2300.529;1246.720;2948.193;-0.041;11.558;2646.245;1905.395;2066.056;3589.299;1770.786;2985.519;1840.667;3260.603;2834.743;218.989;958.944;3028.205;735.680;427.270;1662.977;1526.197;2678.833;1372.472,852.070;1338.558;1514.902;3261.838;3600.014;1992.966;-0.005;2239.299;2190.069;2956.018;1219.983;0.071;2007.258;587.659;2583.660;3068.315;1521.763;3598.691;663.633;3599.579;1720.468;2580.220;2725.662;3599.973;3599.983;0.450;0.872;1823.885;0.077;2471.645;1883.196;2156.621;1542.625;1105.929;3362.531;2431.968;-0.086;342.708;2064.300;626.390;1428.836;2870.622;1461.664;3418.276;2757.297;2052.323;260.266;1765.207;2869.821;3597.980;279.175;278.727;2583.608;2988.236;237.643;2854.200;2828.191;2516.769;1057.401;1434.534;1289.439;3052.566;633.825;1115.917;3599.601;3292.823;3599.891;3241.958;107.290;0.009;1690.404;3030.412;3159.137;2090.511;3599.948;547.487;391.772;886.849;916.994;928.179;233.106;1316.406;-0.183;1799.208;3293.611;1769.477;2256.198;2285.998;3599.904;2443.232;2963.117;811.754;3575.152;566.100;1027.331;2398.925;945.040;3599.931;3225.222;536.060
470,855.7291476726532,469,-563.6582278024002,563.6582278024002,0.003187938113251524,3600.076;2084.753;3574.734;3117.241;2741.345;589.224;3599.744;0.048;514.206;1315.134;2865.591;485.016;3282.012;3599.879;353.676;2163.317;-0.033;1259.039;-0.045;3600.004;1274.509;3599.693;2990.668;3356.470;572.180;0.558;2285.793;0.133;3162.685;1053.094;2592.473;3599.986;2000.832;39.412;180.939;2263.419;1561.837;2515.011;1176.131;2405.942;779.031;2252.450;2779.727;665.712;953.110;1833.080;3089.724;665.738;1700.569;2462.492;3599.800;911.304;2476.381;263.960;1480.398;-0.054;3600.059;1715.796;3594.716;1357.241;3588.746;848.749;810.172;2197.799;3034.282;3599.992;2126.766;-0.013;1971.852;1005.364;2683.901;3598.044;1633.648;2494.720;0.103;1891.623;362.651;2300.687;1246.535;2948.302;0.035;11.377;2646.426;1905.581;2065.961;3589.307;1770.637;2985.347;1840.480;3260.792;2834.910;219.158;959.097;3028.387;735.836;427.129;1663.123;1526.356;2679.003;1372.325,852.241;1338.702;1514.716;3262.007;3600.033;1992.838;-0.058;2239.111;2190.254;2956.101;1220.168;-0.025;2007.446;587.486;2583.576;3068.128;1521.576;3598.507;663.821;3599.749;1720.656;2580.041;2725.850;3599.828;3599.832;0.292;0.912;1823.700;-0.088;2471.833;1883.010;2156.432;1542.442;1105.743;3362.345;2432.152;0.093;342.676;2064.152;626.206;1429.020;2870.787;1461.853;3418.165;2757.450;2052.496;260.423;1765.335;2869.664;3597.945;278.998;278.539;2583.428;2988.049;237.829;2854.281;2828.366;2516.609;1057.229;1434.347;1289.400;3052.577;633.705;1116.106;3599.779;3292.665;3600.080;3242.147;107.116;-0.042;1690.589;3030.234;3159.138;2090.323;3600.060;547.329;391.784;887.008;917.134;927.993;233.281;1316.591;-0.001;1799.338;3293.539;1769.401;2256.383;2286.147;3599.904;2443.392;2963.069;811.591;3575.334;566.285;1027.503;2399.035;944.855;3600.106;3225.396;535.926
471,857.6322596073151,470,-563.6598594216599,563.6598594216599,0.004380205694959046,3599.947;2084.597;3574.880;3117.147;2741.480;589.404;3599.897;0.109;514.021;1314.988;2865.774;485.174;3282.033;3599.803;353.495;2163.131;0.074;1259.140;-0.121;3600.177;1274.607;3599.567;2990.852;3356.598;571.995;0.379;2285.932;-0.007;3162.594;1053.170;2592.292;3600.135;2000.649;39.393;181.044;2263.241;1561.943;2514.835;1176.301;2405.757;778.854;2252.620;2779.544;665.888;952.933;1833.193;3089.847;665.594;1700.528;2462.363;3599.658;911.118;2476.487;263.846;1480.546;-0.028;3599.921;1715.888;3594.886;1357.089;3588.892;848.611;810.101;2197.889;3034.414;3599.857;2126.939;-0.115;1971.672;1005.227;2684.081;3598.222;1633.830;2494.674;0.065;1891.581;362.466;2300.872;1246.400;2948.122;0.183;11.315;2646.601;1905.436;2065.860;3589.140;1770.520;2985.165;1840.294;3260.943;2834.781;219.332;959.182;3028.251;735.989;426.946;1663.307;1526.540;2678.873;1372.406,852.298;1338.605;1514.844;3261.854;3599.863;1993.014;0.077;2238.926;2190.391;2956.280;1220.157;0.073;2007.306;587.308;2583.397;3067.947;1521.420;3598.586;663.994;3599.598;1720.724;2580.199;2726.033;3599.989;3599.924;0.127;1.044;1823.516;0.075;2471.686;1882.831;2156.352;1542.348;1105.625;3362.449;2432.337;-0.052;342.507;2063.968;626.021;1428.950;2870.970;1461.699;3417.990;2757.634;2052.437;260.586;1765.518;2869.483;3598.113;278.951;278.629;2583.244;2988.178;237.708;2854.281;2828.197;2516.439;1057.062;1434.459;1289.219;3052.663;633.522;1116.292;3599.736;3292.687;3600.093;3242.249;107.032;0.129;1690.775;3030.073;3158.957;2090.146;3599.919;547.499;391.964;887.192;917.318;927.859;233.149;1316.703;-0.031;1799.494;3293.718;1769.337;2256.261;2286.331;3600.078;2443.214;2962.890;811.420;3575.488;566.464;1027.681;2399.218;944.670;3599.932;3225.581;535.749
472,859.3512814044952,471,-563.6636393469072,563.6636393469072,0.005423029159710543,3599.906;2084.449;3575.036;3116.969;2741.311;589.528;3600.071;-0.056;513.839;1314.869;2865.637;485.015;3282.181;3599.943;353.331;2163.135;-0.007;1259.316;0.048;3600.002;1274.786;3599.726;2990.846;3356.779;571.852;0.518;2286.109;-0.180;3162.426;1053.009;2592.128;3599.961;2000.803;39.243;181.212;2263.073;1561.805;2514.821;1176.176;2405.653;778.672;2252.800;2779.715;665.943;953.009;1833.038;3090.025;665.766;1700.373;2462.287;3599.622;911.169;2476.611;263.972;1480.375;0.100;3599.994;1716.066;3595.058;1356.908;3588.754;848.768;810.278;2198.029;3034.565;3599.739;2126.769;-0.109;1971.495;1005.051;2684.118;3598.215;1633.725;2494.498;0.210;1891.745;362.453;2301.035;1246.262;2948.000;0.030;11.472;2646.517;1905.273;2065.797;3589.278;1770.349;2984.988;1840.430;3260.856;2834.948;219.513;959.016;3028.116;736.163;427.092;1663.364;1526.658;2679.041;1372.249,852.132;1338.426;1514.962;3261.999;3599.684;1993.033;-0.010;2239.024;2190.218;2956.460;1220.030;-0.083;2007.302;587.423;2583.392;3067.896;1521.584;3598.754;664.153;3599.507;1720.566;2580.281;2725.944;3600.170;3600.103;-0.054;1.224;1823.648;-0.014;2471.651;1882.891;2156.478;1542.321;1105.640;3362.282;2432.285;0.087;342.681;2064.005;626.087;1428.772;2871.151;1461.783;3418.160;2757.535;2052.603;260.418;1765.692;2869.385;3598.250;279.115;278.771;2583.062;2988.186;237.558;2854.130;2828.312;2516.569;1056.925;1434.610;1289.296;3052.829;633.675;1116.178;3599.902;3292.528;3599.915;3242.295;106.853;-0.033;1690.813;3030.081;3159.060;2090.272;3600.077;547.657;392.007;887.119;917.366;927.994;233.171;1316.581;-0.063;1799.336;3293.784;1769.477;2256.418;2286.228;3600.188;2443.079;2963.010;811.241;3575.348;566.340;1027.672;2399.291;944.694;3599.878;3225.432;535.615
473,861.2227878570557,472,-563.6640218184881,563.6640218184881,0.004458802897630416,3600.077;2084.599;3575.090;3116.895;2741.209;589.697;3599.939;0.100;513.670;1315.030;2865.803;484.837;3282.010;3599.872;353.336;2162.969;0.157;1259.237;-0.079;3599.867;1274.937;3599.893;2990.962;3356.913;572.018;0.498;2285.955;-0.009;3162.254;1052.943;2592.286;3600.065;2000.699;39.120;181.062;2263.090;1561.799;2514.757;1176.147;2405.785;778.493;2252.711;2779.558;665.770;953.063;1832.975;3090.204;665.879;1700.363;2462.180;3599.791;911.008;2476.715;263.807;1480.213;-0.054;3600.142;1716.244;3594.896;1356.771;3588.921;848.918;810.456;2198.200;3034.737;3599.907;2126.860;0.064;1971.651;1004.873;2684.100;3598.054;1633.591;2494.622;0.312;1891.801;362.290;2301.012;1246.374;2947.979;-0.069;11.497;2646.342;1905.111;2065.628;3589.452;1770.171;2984.868;1840.580;3260.683;2835.097;219.672;959.086;3027.949;736.297;427.249;1663.289;1526.817;2679.210;1372.411,851.955;1338.263;1515.134;3262.035;3599.806;1992.890;-0.183;2238.996;2190.103;2956.518;1220.199;0.061;2007.128;587.559;2583.561;3068.066;1521.502;3598.866;664.007;3599.606;1720.420;2580.412;2726.013;3600.016;3600.045;-0.006;1.203;1823.812;-0.117;2471.814;1882.721;2156.655;1542.427;1105.590;3362.201;2432.312;0.224;342.663;2063.862;626.262;1428.909;2871.130;1461.618;3418.272;2757.454;2052.749;260.244;1765.871;2869.210;3598.417;278.973;278.948;2582.940;2988.284;237.380;2853.954;2828.476;2516.403;1056.984;1434.451;1289.131;3052.668;633.552;1116.105;3600.068;3292.698;3599.942;3242.462;106.677;-0.040;1690.972;3029.911;3159.225;2090.436;3599.979;547.704;392.179;887.212;917.205;927.967;233.016;1316.425;0.102;1799.506;3293.769;1769.654;2256.259;2286.382;3600.017;2442.903;2963.183;811.127;3575.171;566.489;1027.835;2399.434;944.856;3599.958;3225.276;535.438
474,863.123183965683,473,-563.6654044768868,563.6654044768868,0.003043547824128529,3599.946;2084.763;3574.997;3116.723;2741.152;589.622;3599.880;-0.035;513.540;1315.038;2865.826;484.991;3282.063;3599.874;353.169;2162.841;0.137;1259.331;0.081;3599.990;1275.090;3600.068;2991.135;3357.070;571.965;0.378;2285.898;-0.025;3162.406;1053.090;2592.254;3599.940;2000.817;38.968;180.896;2263.212;1561.781;2514.922;1176.261;2405.784;778.474;2252.539;2779.488;665.753;952.895;1832.803;3090.262;665.836;1700.530;2462.056;3599.966;910.834;2476.888;263.950;1480.311;0.095;3599.977;1716.120;3594.953;1356.932;3588.999;848.777;810.361;2198.376;3034.578;3600.035;2126.769;0.084;1971.588;1004.708;2684.033;3598.154;1633.417;2494.775;0.208;1891.632;362.116;2300.878;1246.206;2948.143;-0.043;11.634;2646.203;1905.267;2065.794;3589.316;1770.288;2984.695;1840.437;3260.828;2835.254;219.536;959.256;3028.075;736.144;427.404;1663.459;1526.956;2679.337;1372.343,851.843;1338.090;1515.001;3262.197;3599.748;1992.731;-0.019;2238.937;2190.203;2956.360;1220.239;-0.031;2007.239;587.395;2583.709;3068.204;1521.387;3599.037;663.833;3599.769;1720.275;2580.355;2725.906;3599.891;3599.919;-0.017;1.374;1823.926;0.048;2471.969;1882.780;2156.758;1542.599;1105.758;3362.364;2432.141;0.388;342.512;2064.009;626.412;1429.082;2870.968;1461.628;3418.445;2757.351;2052.594;260.331;1765.796;2869.179;3598.591;278.835;279.086;2583.102;2988.457;237.223;2853.826;2828.651;2516.231;1057.151;1434.281;1289.175;3052.493;633.417;1115.939;3599.958;3292.599;3600.097;3242.302;106.501;0.116;1691.104;3030.035;3159.388;2090.562;3600.103;547.534;392.098;887.102;917.369;927.808;233.011;1316.251;-0.011;1799.681;3293.599;1769.521;2256.127;2286.282;3599.984;2443.002;2963.302;811.293;3575.025;566.656;1027.892;2399.276;944.703;3600.124;3225.120;535.581
475,864.834282875061,474,-563.6695845131958,563.6695845131958,0.0069440728816886265,3600.088;2084.915;3574.828;3116.873;2741.319;589.465;3600.047;-0.204;513.522;1315.205;2865.733;485.080;3282.231;3599.706;353.327;2163.005;0.297;1259.185;-0.047;3599.863;1274.954;3599.993;2990.972;3356.913;572.084;0.544;2285.893;-0.165;3162.556;1053.254;2592.139;3600.072;2000.909;39.133;180.754;2263.380;1561.616;2514.781;1176.103;2405.951;778.637;2252.367;2779.403;665.687;953.038;1832.709;3090.420;665.683;1700.364;2462.135;3599.915;910.665;2476.732;263.809;1480.441;0.265;3599.835;1716.279;3594.873;1357.075;3589.164;848.607;810.516;2198.537;3034.564;3599.898;2126.934;0.005;1971.492;1004.729;2683.865;3598.323;1633.249;2494.945;0.039;1891.463;362.278;2300.709;1246.035;2948.022;-0.194;11.471;2646.362;1905.125;2065.646;3589.478;1770.452;2984.851;1840.591;3260.667;2835.172;219.365;959.424;3027.922;735.973;427.259;1663.374;1526.818;2679.175;1372.497,851.674;1337.936;1515.080;3262.043;3599.789;1992.569;-0.130;2239.085;2190.326;2956.209;1220.381;-0.181;2007.120;587.486;2583.793;3068.201;1521.219;3599.182;663.663;3599.934;1720.373;2580.191;2725.924;3599.915;3600.082;0.149;1.259;1823.773;-0.077;2472.107;1882.941;2156.892;1542.766;1105.911;3362.273;2432.013;0.259;342.509;2064.178;626.292;1429.239;2870.817;1461.761;3418.297;2757.186;2052.744;260.500;1765.721;2869.344;3598.650;278.863;279.242;2583.268;2988.629;237.134;2853.656;2828.791;2516.058;1057.323;1434.114;1289.339;3052.330;633.247;1115.771;3600.098;3292.431;3599.941;3242.147;106.602;-0.027;1691.002;3029.914;3159.551;2090.412;3599.992;547.390;391.943;887.081;917.529;927.892;233.177;1316.111;-0.179;1799.850;3293.551;1769.638;2255.973;2286.117;3600.122;2443.088;2963.472;811.461;3575.142;566.823;1027.726;2399.107;944.694;3599.965;3225.261;535.747
476,866.6882874965668,475,-563.6668852479655,563.6668852479655,0.004734114020809757,3600.256;2085.082;3574.661;3117.034;2741.269;589.297;3599.901;-0.044;513.371;1315.365;2865.568;485.234;3282.085;3599.727;353.490;2162.883;0.144;1259.019;0.087;3600.022;1274.787;3600.026;2991.120;3356.932;572.215;0.391;2286.030;-0.005;3162.723;1053.419;2592.294;3599.935;2000.747;39.025;180.587;2263.299;1561.780;2514.689;1175.996;2405.964;778.698;2252.308;2779.244;665.774;952.893;1832.752;3090.318;665.835;1700.488;2461.984;3600.057;910.635;2476.830;263.682;1480.280;0.119;3599.987;1716.134;3594.707;1357.243;3589.333;848.458;810.674;2198.401;3034.400;3600.007;2127.013;-0.158;1971.655;1004.893;2683.996;3598.175;1633.088;2494.927;0.172;1891.294;362.185;2300.644;1245.906;2947.957;-0.030;11.606;2646.280;1905.283;2065.695;3589.568;1770.607;2984.754;1840.453;3260.796;2835.323;219.411;959.587;3028.055;735.804;427.271;1663.214;1526.652;2679.056;1372.663,851.823;1338.011;1514.917;3261.901;3599.952;1992.684;0.015;2239.221;2190.485;2956.320;1220.241;-0.018;2006.969;587.651;2583.949;3068.204;1521.062;3599.081;663.629;3600.103;1720.535;2580.233;2726.089;3600.064;3599.969;0.005;1.121;1823.620;0.057;2471.953;1883.055;2156.732;1542.915;1106.077;3362.173;2431.856;0.154;342.422;2064.064;626.325;1429.097;2870.727;1461.730;3418.307;2757.344;2052.632;260.381;1765.607;2869.355;3598.710;279.021;279.374;2583.392;2988.491;236.971;2853.756;2828.952;2516.001;1057.171;1434.227;1289.508;3052.174;633.173;1115.790;3599.938;3292.407;3599.961;3242.263;106.637;0.117;1690.986;3029.747;3159.492;2090.505;3599.855;547.447;391.808;887.149;917.620;928.058;233.329;1316.058;-0.021;1800.017;3293.704;1769.499;2255.814;2286.201;3599.966;2443.203;2963.347;811.575;3575.144;566.895;1027.565;2399.132;944.565;3599.992;3225.406;535.620
477,868.5699107646942,476,-563.6680546315724,563.6680546315724,0.005461953973941193,3600.108;2084.949;3574.621;3117.120;2741.337;589.134;3599.936;0.027;513.492;1315.223;2865.426;485.099;3282.129;3599.874;353.636;2162.886;0.014;1258.872;-0.044;3600.093;1274.827;3600.171;2991.214;3356.774;572.353;0.387;2286.193;-0.001;3162.685;1053.266;2592.344;3599.841;2000.629;39.004;180.701;2263.157;1561.669;2514.544;1175.834;2406.113;778.559;2252.149;2779.287;665.937;952.897;1832.593;3090.470;665.743;1700.554;2462.077;3599.900;910.795;2476.987;263.519;1480.135;0.085;3600.098;1716.207;3594.768;1357.179;3589.284;848.315;810.829;2198.545;3034.363;3600.069;2127.100;-0.000;1971.595;1004.799;2684.157;3598.055;1633.208;2495.078;0.048;1891.180;362.134;2300.777;1245.891;2947.802;0.016;11.687;2646.123;1905.419;2065.837;3589.501;1770.772;2984.866;1840.300;3260.887;2835.370;219.566;959.482;3028.218;735.794;427.225;1663.248;1526.670;2678.958;1372.829,851.713;1338.108;1515.028;3262.049;3600.117;1992.829;-0.087;2239.369;2190.345;2956.482;1220.085;-0.079;2006.805;587.517;2583.964;3068.043;1521.182;3598.923;663.743;3599.959;1720.699;2580.395;2726.153;3600.115;3600.063;-0.135;1.241;1823.699;-0.066;2471.790;1883.063;2156.765;1543.080;1106.207;3362.318;2431.698;-0.009;342.583;2063.905;626.402;1428.933;2870.564;1461.740;3418.461;2757.274;2052.478;260.417;1765.572;2869.478;3598.870;278.863;279.530;2583.413;2988.497;236.835;2853.618;2828.845;2516.155;1057.062;1434.359;1289.606;3052.248;633.330;1115.804;3599.951;3292.501;3599.880;3242.303;106.514;-0.023;1690.825;3029.603;3159.639;2090.668;3599.690;547.398;391.651;887.305;917.779;928.223;233.492;1315.961;-0.027;1800.056;3293.869;1769.336;2255.968;2286.052;3600.012;2443.365;2963.184;811.429;3575.240;566.953;1027.416;2399.287;944.401;3600.128;3225.319;535.533
478,870.2713088989258,477,-563.6662701998977,563.6662701998977,0.004019990261313039,3599.978;2085.033;3574.614;3116.998;2741.199;589.140;3599.991;-0.001;513.353;1315.067;2865.309;484.941;3282.282;3600.034;353.734;2163.041;0.092;1258.711;-0.138;3599.959;1274.977;3600.013;2991.076;3356.615;572.514;0.418;2286.157;-0.106;3162.539;1053.367;2592.503;3599.979;2000.777;39.119;180.847;2262.996;1561.536;2514.551;1175.676;2406.008;778.400;2251.990;2779.168;665.786;953.017;1832.442;3090.631;665.789;1700.528;2462.236;3599.997;910.876;2477.149;263.665;1480.133;-0.057;3599.955;1716.340;3594.840;1357.061;3589.280;848.429;810.963;2198.706;3034.416;3599.914;2127.173;-0.130;1971.626;1004.642;2684.027;3598.066;1633.364;2495.162;-0.019;1891.138;362.003;2300.629;1246.045;2947.639;0.004;11.802;2645.982;1905.405;2065.739;3589.625;1770.860;2984.725;1840.354;3261.043;2835.528;219.713;959.558;3028.339;735.677;427.070;1663.267;1526.825;2679.107;1372.893,851.611;1338.124;1515.001;3262.208;3599.965;1992.990;0.058;2239.213;2190.352;2956.645;1219.923;0.048;2006.833;587.429;2584.123;3068.037;1521.245;3598.761;663.902;3600.067;1720.842;2580.538;2726.005;3599.958;3599.975;0.006;1.139;1823.831;0.054;2471.628;1883.218;2156.920;1543.242;1106.368;3362.239;2431.848;0.094;342.719;2063.745;626.296;1428.781;2870.642;1461.582;3418.313;2757.374;2052.612;260.276;1765.720;2869.325;3599.001;278.757;279.378;2583.255;2988.629;236.847;2853.638;2828.782;2516.313;1057.081;1434.520;1289.519;3052.406;633.481;1115.649;3600.104;3292.354;3600.021;3242.294;106.354;0.012;1690.969;3029.731;3159.645;2090.724;3599.540;547.546;391.803;887.150;917.759;928.367;233.426;1315.848;0.085;1800.060;3294.014;1769.259;2255.957;2285.950;3600.118;2443.220;2963.023;811.267;3575.399;566.968;1027.543;2399.443;944.250;3599.975;3225.163;535.375
479,872.112900018692,478,-563.6661703378477,563.6661703378477,0.00420885561126755,3599.990;2085.082;3574.616;3117.143;2741.041;588.991;3599.859;-0.135;513.378;1314.908;2865.151;484.961;3282.419;3599.894;353.687;2162.923;-0.060;1258.558;0.015;3600.091;1274.866;3599.939;2991.000;3356.462;572.519;0.266;2286.308;0.044;3162.665;1053.244;2592.491;3599.920;2000.923;39.040;180.988;2262.927;1561.608;2514.397;1175.517;2406.130;778.305;2251.914;2779.059;665.865;953.156;1832.295;3090.544;665.945;1700.662;2462.371;3600.064;911.030;2477.186;263.618;1479.979;0.087;3600.042;1716.237;3594.942;1357.200;3589.137;848.509;810.822;2198.672;3034.547;3599.938;2127.323;-0.055;1971.670;1004.756;2684.118;3597.972;1633.333;2495.184;0.114;1890.986;362.147;2300.749;1245.994;2947.572;0.006;11.960;2646.086;1905.551;2065.878;3589.538;1771.005;2984.753;1840.231;3261.089;2835.619;219.669;959.440;3028.463;735.582;427.217;1663.114;1526.849;2679.124;1372.834,851.737;1337.980;1515.131;3262.243;3599.989;1992.837;-0.053;2239.338;2190.198;2956.782;1219.985;-0.039;2006.691;587.297;2584.215;3068.192;1521.092;3598.728;664.039;3599.951;1720.998;2580.590;2725.847;3599.977;3600.128;0.157;1.270;1823.989;-0.082;2471.760;1883.375;2157.079;1543.398;1106.480;3362.084;2431.875;0.167;342.874;2063.883;626.442;1428.902;2870.498;1461.639;3418.156;2757.226;2052.574;260.418;1765.573;2869.381;3599.130;278.601;279.257;2583.318;2988.787;236.980;2853.484;2828.928;2516.234;1056.956;1434.388;1289.668;3052.296;633.593;1115.490;3599.962;3292.478;3600.054;3242.432;106.195;-0.142;1690.828;3029.875;3159.799;2090.793;3599.686;547.396;391.719;886.997;917.889;928.369;233.452;1316.000;-0.008;1799.906;3293.957;1769.321;2255.828;2285.793;3599.968;2443.363;2963.011;811.144;3575.552;567.113;1027.542;2399.378;944.394;3600.014;3225.005;535.505
480,873.9848985671997,479,-563.667454825663,563.667454825663,0.0038056980945881153,3600.022;2085.235;3574.768;3117.261;2740.911;589.131;3599.914;0.009;513.527;1314.907;2865.259;485.095;3282.553;3599.892;353.534;2162.776;0.036;1258.402;0.002;3600.008;1274.998;3599.954;2991.115;3356.308;572.395;0.193;2286.446;0.028;3162.702;1053.391;2592.352;3599.810;2000.798;38.890;181.143;2262.885;1561.762;2514.357;1175.473;2406.263;778.361;2252.057;2779.207;665.971;953.311;1832.139;3090.391;665.912;1700.527;2462.526;3599.914;910.888;2477.314;263.468;1479.965;0.209;3599.970;1716.372;3594.985;1357.254;3588.995;848.360;810.666;2198.520;3034.702;3599.988;2127.479;-0.137;1971.817;1004.910;2684.025;3597.828;1633.183;2495.032;0.172;1890.857;362.300;2300.863;1245.842;2947.723;-0.049;11.887;2646.240;1905.411;2065.731;3589.386;1771.144;2984.898;1840.282;3261.233;2835.726;219.519;959.327;3028.618;735.733;427.073;1662.958;1526.997;2679.274;1372.681,851.888;1337.824;1514.995;3262.118;3600.013;1992.743;-0.131;2239.206;2190.315;2956.781;1220.138;0.086;2006.804;587.141;2584.078;3068.321;1520.970;3598.732;664.159;3600.072;1721.155;2580.734;2725.753;3599.856;3599.987;0.097;1.133;1824.125;0.043;2471.915;1883.390;2157.167;1543.270;1106.434;3361.937;2432.019;0.319;343.010;2064.005;626.552;1429.053;2870.461;1461.788;3418.004;2757.076;2052.723;260.568;1765.698;2869.259;3599.065;278.448;279.103;2583.321;2988.941;237.134;2853.331;2829.084;2516.091;1056.801;1434.235;1289.799;3052.143;633.460;1115.364;3600.071;3292.333;3599.907;3242.587;106.042;-0.015;1690.859;3029.967;3159.952;2090.644;3599.842;547.262;391.806;886.850;917.866;928.400;233.308;1315.852;0.074;1799.749;3293.808;1769.202;2255.673;2285.666;3599.915;2443.319;2963.156;811.053;3575.708;567.266;1027.694;2399.265;944.358;3600.154;3224.945;535.644
481,875.8848218917847,480,-563.6719479087219,563.6719479087219,0.00488114298624405,3600.160;2085.301;3574.855;3117.215;2740.766;589.057;3600.054;-0.019;513.410;1315.025;2865.120;485.233;3282.461;3600.038;353.625;2162.636;-0.026;1258.254;-0.107;3600.149;1274.866;3600.100;2991.262;3356.160;572.342;0.057;2286.482;-0.065;3162.839;1053.339;2592.481;3599.957;2000.822;38.902;181.291;2262.737;1561.698;2514.217;1175.619;2406.399;778.217;2252.001;2779.112;666.057;953.199;1832.059;3090.465;665.765;1700.660;2462.628;3599.966;910.939;2477.466;263.430;1479.832;0.102;3600.090;1716.271;3595.126;1357.292;3589.108;848.454;810.774;2198.460;3034.716;3600.138;2127.608;0.001;1971.970;1004.807;2683.878;3597.945;1633.030;2495.112;0.036;1890.705;362.208;2300.773;1245.937;2947.675;0.026;11.789;2646.259;1905.484;2065.701;3589.233;1771.297;2984.768;1840.134;3261.385;2835.698;219.643;959.187;3028.485;735.796;427.044;1662.936;1527.120;2679.348;1372.768,851.982;1337.682;1514.842;3261.967;3599.938;1992.865;0.009;2239.100;2190.211;2956.899;1220.096;0.195;2006.954;587.111;2583.929;3068.193;1520.819;3598.881;664.311;3599.932;1721.036;2580.887;2725.886;3599.992;3600.084;0.211;1.125;1823.979;-0.014;2471.945;1883.537;2157.232;1543.130;1106.575;3361.784;2432.061;0.176;342.880;2064.155;626.703;1429.201;2870.410;1461.703;3418.094;2757.208;2052.603;260.694;1765.563;2869.398;3599.163;278.496;279.234;2583.200;2988.943;237.068;2853.408;2829.218;2515.938;1056.937;1434.211;1289.951;3052.078;633.309;1115.465;3599.963;3292.234;3599.919;3242.730;106.151;-0.026;1690.998;3030.117;3159.811;2090.732;3599.965;547.124;391.677;886.697;918.015;928.482;233.173;1315.915;-0.071;1799.836;3293.940;1769.052;2255.628;2285.542;3600.037;2443.185;2963.195;811.019;3575.566;567.278;1027.580;2399.385;944.210;3600.010;3225.088;535.796
482,877.5976977348328,481,-563.6740881338098,563.6740881338098,0.005374349526491734,3600.021;2085.295;3574.949;3117.355;2740.825;589.200;3599.921;-0.084;513.261;1314.962;2865.083;485.122;3282.602;3599.899;353.771;2162.766;0.116;1258.109;0.030;3600.022;1274.849;3599.961;2991.178;3356.035;572.195;-0.093;2286.365;0.069;3162.752;1053.382;2592.620;3600.085;2000.719;38.793;181.437;2262.635;1561.822;2514.068;1175.599;2406.548;778.167;2252.132;2779.256;666.205;953.196;1832.062;3090.548;665.626;1700.545;2462.527;3600.072;910.920;2477.570;263.367;1479.777;0.011;3599.952;1716.380;3594.986;1357.432;3589.257;848.341;810.849;2198.325;3034.860;3599.997;2127.757;-0.124;1971.843;1004.847;2683.728;3598.092;1632.985;2494.987;-0.097;1890.806;362.328;2300.895;1245.823;2947.798;0.174;11.641;2646.394;1905.370;2065.557;3589.283;1771.260;2984.631;1840.190;3261.396;2835.844;219.624;959.037;3028.336;735.920;426.899;1662.838;1527.266;2679.209;1372.639,851.838;1337.532;1514.949;3261.872;3600.040;1992.994;-0.107;2239.229;2190.063;2957.048;1220.182;0.230;2007.054;587.255;2583.826;3068.089;1520.756;3599.025;664.459;3599.802;1720.903;2580.883;2725.866;3600.137;3600.139;0.331;1.264;1824.015;-0.118;2472.058;1883.674;2157.366;1543.160;1106.714;3361.634;2432.188;0.034;342.999;2064.301;626.853;1429.151;2870.264;1461.782;3418.179;2757.248;2052.464;260.573;1765.553;2869.422;3599.311;278.617;279.374;2583.051;2989.040;236.966;2853.483;2829.247;2516.012;1057.085;1434.103;1289.975;3052.218;633.210;1115.590;3599.892;3292.371;3599.926;3242.869;106.275;-0.119;1690.865;3030.267;3159.703;2090.870;3600.110;547.135;391.592;886.550;917.984;928.629;233.054;1316.052;-0.004;1799.706;3294.029;1768.904;2255.493;2285.454;3600.026;2443.244;2963.331;810.872;3575.420;567.141;1027.553;2399.255;944.315;3600.003;3224.956;535.750
483,879.4587633609772,482,-563.6724942949356,563.6724942949356,0.005526993853539965,3599.981;2085.159;3574.827;3117.274;2740.962;589.117;3600.046;0.056;513.210;1314.994;2864.947;484.977;3282.744;3599.944;353.880;2162.718;0.253;1257.962;-0.081;3600.079;1274.734;3599.951;2991.317;3355.889;572.057;0.032;2286.493;-0.019;3162.664;1053.242;2592.666;3599.947;2000.860;38.648;181.584;2262.493;1561.691;2513.921;1175.510;2406.536;778.023;2251.999;2779.280;666.350;953.056;1831.919;3090.693;665.586;1700.456;2462.382;3599.935;911.056;2477.713;263.230;1479.912;0.019;3600.050;1716.520;3595.085;1357.293;3589.367;848.476;810.993;2198.440;3034.967;3600.088;2127.627;-0.017;1971.960;1004.763;2683.678;3597.964;1632.846;2495.116;0.038;1890.735;362.195;2301.041;1245.949;2947.669;0.074;11.726;2646.327;1905.494;2065.669;3589.175;1771.403;2984.633;1840.057;3261.317;2835.984;219.766;959.166;3028.192;735.783;426.804;1662.701;1527.414;2679.075;1372.721,851.737;1337.396;1515.049;3261.966;3599.930;1993.076;0.023;2239.371;2189.935;2957.069;1220.044;0.089;2006.915;587.401;2583.743;3067.945;1520.858;3598.896;664.605;3599.680;1720.758;2581.027;2726.007;3600.000;3600.284;0.192;1.182;1823.947;0.024;2471.921;1883.821;2157.513;1543.299;1106.861;3361.512;2432.334;-0.110;343.052;2064.283;626.891;1429.008;2870.378;1461.644;3418.291;2757.384;2052.452;260.428;1765.436;2869.296;3599.351;278.763;279.520;2582.904;2989.181;236.828;2853.607;2829.108;2516.064;1057.129;1434.239;1290.090;3052.201;633.275;1115.694;3599.798;3292.514;3600.070;3243.013;106.405;0.021;1690.735;3030.383;3159.607;2091.017;3599.974;547.277;391.723;886.409;918.069;928.776;232.908;1316.193;-0.136;1799.804;3294.174;1768.756;2255.406;2285.583;3599.916;2443.107;2963.192;810.725;3575.296;566.994;1027.414;2399.393;944.455;3600.111;3224.815;535.609
484,881.3383769989014,483,-563.6734966145182,563.6734966145182,0.005102704099567007,3599.864;2085.161;3574.958;3117.411;2741.106;589.248;3599.945;-0.069;513.068;1315.136;2864.928;484.833;3282.705;3599.835;354.019;2162.578;0.390;1257.874;-0.184;3599.948;1274.591;3599.921;2991.458;3355.756;571.914;0.005;2286.637;0.083;3162.522;1053.202;2592.670;3599.961;2000.771;38.507;181.726;2262.354;1561.609;2513.778;1175.374;2406.667;778.148;2252.089;2779.414;666.493;953.178;1831.793;3090.793;665.453;1700.313;2462.240;3600.020;910.955;2477.845;263.086;1479.786;-0.115;3599.919;1716.665;3595.227;1357.151;3589.454;848.620;811.113;2198.583;3035.110;3599.967;2127.504;-0.140;1971.998;1004.891;2683.580;3598.091;1632.709;2495.040;0.051;1890.802;362.319;2300.936;1246.080;2947.539;0.154;11.666;2646.459;1905.395;2065.628;3589.310;1771.527;2984.772;1840.171;3261.175;2835.960;219.909;959.049;3028.059;735.727;426.699;1662.558;1527.543;2678.936;1372.819,851.850;1337.251;1515.125;3261.826;3600.066;1993.218;-0.014;2239.513;2189.796;2956.984;1220.046;0.056;2006.773;587.455;2583.861;3068.057;1520.732;3598.943;664.702;3599.553;1720.714;2581.138;2726.139;3600.113;3600.164;0.215;1.048;1823.828;-0.047;2471.806;1883.959;2157.597;1543.215;1106.772;3361.370;2432.479;0.000;343.194;2064.319;627.009;1429.062;2870.512;1461.736;3418.155;2757.397;2052.592;260.441;1765.294;2869.164;3599.237;278.657;279.520;2582.765;2989.308;236.752;2853.477;2829.115;2515.933;1057.259;1434.141;1289.962;3052.071;633.406;1115.703;3599.892;3292.400;3599.933;3243.158;106.293;-0.095;1690.647;3030.280;3159.728;2090.938;3600.036;547.162;391.867;886.282;918.150;928.810;232.766;1316.324;-0.004;1799.743;3294.197;1768.792;2255.263;2285.590;3600.053;2442.964;2963.178;810.587;3575.344;567.104;1027.495;2399.525;944.593;3599.977;3224.861;535.584
485,883.2447447776794,484,-563.6745025975042,563.6745025975042,0.004128917948671791,3599.964;2085.023;3575.084;3117.373;2740.976;589.322;3600.048;0.019;513.062;1315.011;2864.796;484.698;3282.825;3599.939;354.158;2162.512;0.283;1257.922;-0.049;3600.037;1274.665;3600.038;2991.586;3355.876;571.932;-0.062;2286.757;0.083;3162.383;1053.065;2592.532;3600.056;2000.667;38.376;181.648;2262.218;1561.470;2513.895;1175.492;2406.791;778.023;2252.158;2779.536;666.507;953.287;1831.671;3090.899;665.321;1700.344;2462.179;3600.018;911.088;2477.925;263.032;1479.650;0.022;3599.986;1716.738;3595.211;1357.014;3589.593;848.727;811.176;2198.716;3035.198;3599.890;2127.364;-0.013;1971.865;1004.762;2683.709;3598.112;1632.829;2495.151;0.121;1890.937;362.277;2300.829;1246.221;2947.597;0.082;11.799;2646.350;1905.505;2065.688;3589.224;1771.654;2984.659;1840.061;3261.155;2835.850;219.828;958.911;3028.082;735.828;426.559;1662.533;1527.606;2679.046;1372.900,851.782;1337.110;1515.001;3261.922;3599.933;1993.126;-0.144;2239.425;2189.767;2956.844;1220.171;-0.082;2006.891;587.319;2584.000;3068.180;1520.590;3599.035;664.671;3599.446;1720.824;2581.200;2726.018;3599.992;3600.040;0.339;1.184;1823.940;0.024;2471.928;1883.834;2157.532;1543.335;1106.682;3361.363;2432.507;-0.089;343.314;2064.404;627.149;1429.199;2870.381;1461.873;3418.230;2757.262;2052.521;260.579;1765.259;2869.297;3599.373;278.517;279.401;2582.725;2989.176;236.613;2853.538;2829.250;2515.990;1057.394;1434.001;1290.063;3051.929;633.547;1115.619;3600.032;3292.262;3599.946;3243.169;106.153;0.009;1690.771;3030.142;3159.734;2090.895;3600.099;547.021;391.761;886.406;918.290;928.677;232.883;1316.408;-0.041;1799.626;3294.078;1768.661;2255.383;2285.453;3600.141;2442.974;2963.311;810.500;3575.341;567.228;1027.619;2399.609;944.480;3600.042;3224.949;535.721
486,884.9579694271088,485,-563.6746613438258,563.6746613438258,0.004772783350964371,3599.835;2085.135;3574.970;3117.473;2741.033;589.458;3599.916;0.071;513.122;1314.961;2864.658;484.562;3282.827;3599.960;354.030;2162.402;0.374;1257.936;0.006;3600.169;1274.539;3599.909;2991.498;3356.009;572.047;-0.198;2286.638;-0.047;3162.405;1052.953;2592.611;3599.934;2000.530;38.502;181.513;2262.086;1561.555;2514.028;1175.446;2406.671;777.957;2252.295;2779.674;666.387;953.254;1831.800;3091.000;665.183;1700.392;2462.047;3600.151;911.053;2477.808;263.127;1479.511;-0.049;3599.877;1716.645;3595.345;1357.121;3589.730;848.662;811.094;2198.600;3035.200;3599.853;2127.230;-0.094;1971.989;1004.884;2683.709;3598.243;1632.949;2495.031;0.257;1891.076;362.155;2300.953;1246.310;2947.474;0.217;11.673;2646.383;1905.640;2065.555;3589.351;1771.543;2984.546;1840.188;3261.216;2835.977;219.693;958.948;3028.088;735.697;426.684;1662.516;1527.473;2679.110;1372.774,851.912;1337.200;1515.022;3262.046;3599.986;1993.225;-0.017;2239.533;2189.637;2956.709;1220.050;0.049;2006.783;587.249;2584.138;3068.305;1520.513;3599.170;664.594;3599.562;1720.709;2581.084;2725.880;3600.023;3600.041;0.210;1.150;1824.078;-0.026;2471.997;1883.779;2157.656;1543.220;1106.787;3361.274;2432.641;0.036;343.243;2064.515;627.275;1429.252;2870.437;1462.001;3418.196;2757.127;2052.395;260.567;1765.123;2869.256;3599.489;278.445;279.296;2582.595;2989.234;236.578;2853.414;2829.144;2516.126;1057.284;1433.996;1290.192;3051.963;633.684;1115.483;3599.912;3292.250;3600.062;3243.083;106.158;-0.062;1690.656;3030.253;3159.843;2090.761;3599.971;546.921;391.857;886.541;918.165;928.589;232.840;1316.539;0.082;1799.491;3293.940;1768.740;2255.280;2285.564;3600.008;2443.058;2963.404;810.373;3575.206;567.132;1027.752;2399.745;944.595;3599.939;3225.009;535.665
487,886.8268139362335,486,-563.6732984827344,563.6732984827344,0.004678521694223224,3599.905;2085.019;3575.096;3117.348;2740.919;589.588;3599.873;0.184;512.994;1314.838;2864.522;484.425;3282.694;3600.092;354.126;2162.318;0.347;1257.971;-0.109;3600.048;1274.644;3599.997;2991.629;3356.124;572.182;-0.070;2286.616;0.074;3162.275;1052.818;2592.484;3600.038;2000.431;38.423;181.631;2261.951;1561.429;2513.992;1175.576;2406.537;777.823;2252.289;2779.792;666.251;953.121;1831.771;3091.134;665.046;1700.525;2461.911;3600.022;911.184;2477.938;263.262;1479.625;-0.178;3599.797;1716.517;3595.358;1357.004;3589.812;848.782;810.960;2198.492;3035.070;3599.967;2127.094;-0.179;1972.049;1004.768;2683.842;3598.153;1633.084;2495.151;0.175;1891.212;362.019;2301.049;1246.445;2947.398;0.149;11.600;2646.251;1905.767;2065.675;3589.289;1771.661;2984.410;1840.074;3261.350;2835.847;219.819;959.077;3028.220;735.684;426.784;1662.501;1527.498;2679.244;1372.906,851.824;1337.287;1515.155;3262.174;3600.109;1993.330;0.043;2239.417;2189.523;2956.832;1219.915;0.109;2006.697;587.187;2584.274;3068.183;1520.600;3599.178;664.725;3599.632;1720.576;2580.971;2725.982;3600.023;3599.936;0.077;1.035;1824.127;0.090;2471.879;1883.646;2157.528;1543.330;1106.922;3361.336;2432.630;-0.067;343.111;2064.390;627.408;1429.367;2870.314;1461.906;3418.329;2757.243;2052.259;260.484;1765.029;2869.128;3599.460;278.326;279.418;2582.467;2989.103;236.456;2853.543;2829.251;2516.159;1057.405;1433.900;1290.288;3052.096;633.638;1115.569;3600.010;3292.378;3599.974;3243.212;106.238;0.053;1690.783;3030.334;3159.713;2090.879;3599.883;546.950;391.981;886.672;918.121;928.455;232.966;1316.417;0.175;1799.571;3294.003;1768.662;2255.398;2285.699;3599.906;2442.928;2963.281;810.239;3575.077;567.001;1027.634;2399.858;944.521;3599.843;3224.882;535.557
488,888.7158894538879,487,-563.6757843547642,563.6757843547642,0.0035009464300982825,3599.784;2084.887;3575.227;3117.231;2740.795;589.687;3599.989;0.068;512.990;1314.729;2864.624;484.453;3282.716;3599.971;354.065;2162.187;0.473;1258.102;0.005;3599.926;1274.723;3600.127;2991.700;3356.253;572.105;0.039;2286.693;-0.040;3162.154;1052.829;2592.472;3599.994;2000.302;38.292;181.730;2261.945;1561.327;2513.865;1175.709;2406.428;777.740;2252.410;2779.925;666.278;953.087;1831.654;3091.033;664.929;1700.411;2461.782;3599.935;911.130;2478.034;263.324;1479.755;-0.056;3599.666;1716.643;3595.484;1356.876;3589.693;848.760;811.035;2198.619;3035.169;3599.981;2126.986;-0.052;1971.930;1004.648;2683.951;3598.241;1633.174;2495.039;0.051;1891.291;362.107;2301.181;1246.367;2947.527;0.044;11.708;2646.320;1905.850;2065.641;3589.158;1771.728;2984.293;1839.993;3261.416;2835.908;219.872;958.976;3028.315;735.810;426.668;1662.627;1527.627;2679.257;1372.972,851.733;1337.162;1515.282;3262.216;3599.985;1993.459;-0.060;2239.290;2189.628;2956.823;1219.819;-0.003;2006.569;587.058;2584.329;3068.050;1520.501;3599.058;664.697;3599.731;1720.484;2580.838;2726.108;3599.991;3600.012;-0.013;0.956;1824.141;-0.033;2471.748;1883.695;2157.531;1543.209;1106.836;3361.467;2432.729;-0.103;343.198;2064.257;627.341;1429.251;2870.403;1461.818;3418.410;2757.374;2052.165;260.456;1765.139;2869.002;3599.585;278.355;279.551;2582.485;2989.055;236.324;2853.537;2829.337;2516.287;1057.296;1433.783;1290.340;3052.219;633.554;1115.701;3600.123;3292.432;3600.080;3243.113;106.318;-0.036;1690.762;3030.421;3159.590;2090.800;3600.000;547.079;392.112;886.762;918.236;928.505;233.079;1316.327;0.124;1799.702;3294.088;1768.784;2255.364;2285.797;3599.978;2442.796;2963.165;810.237;3575.158;567.047;1027.746;2399.803;944.393;3599.873;3225.000;535.439
489,890.4222092628479,488,-563.679064816421,563.679064816421,0.005081891467380515,3599.653;2084.926;3575.272;3117.113;2740.916;589.606;3600.114;-0.063;513.057;1314.621;2864.706;484.578;3282.815;3599.894;353.953;2162.235;0.411;1258.016;-0.072;3599.958;1274.851;3600.011;2991.630;3356.150;571.981;0.117;2286.729;0.039;3162.161;1052.902;2592.359;3600.110;2000.383;38.382;181.851;2262.004;1561.381;2513.876;1175.640;2406.466;777.854;2252.306;2779.892;666.396;952.980;1831.524;3091.032;664.933;1700.296;2461.836;3599.903;911.081;2478.152;263.298;1479.792;0.039;3599.574;1716.751;3595.615;1356.960;3589.631;848.632;810.913;2198.644;3035.093;3600.109;2127.061;0.025;1971.800;1004.698;2683.932;3598.367;1633.073;2495.088;-0.079;1891.321;362.029;2301.301;1246.240;2947.638;-0.075;11.629;2646.439;1905.735;2065.541;3589.155;1771.849;2984.369;1839.967;3261.362;2835.942;219.809;959.083;3028.443;735.758;426.651;1662.757;1527.725;2679.153;1372.976,851.857;1337.037;1515.388;3262.344;3600.004;1993.337;-0.185;2239.285;2189.592;2956.927;1219.931;-0.095;2006.677;586.936;2584.239;3067.952;1520.576;3599.160;664.738;3599.861;1720.355;2580.707;2726.217;3599.863;3600.111;0.046;1.078;1824.268;-0.007;2471.868;1883.792;2157.475;1543.165;1106.882;3361.361;2432.788;0.019;343.105;2064.379;627.462;1429.365;2870.283;1461.833;3418.532;2757.311;2052.048;260.583;1765.097;2869.116;3599.607;278.231;279.671;2582.363;2988.932;236.383;2853.600;2829.466;2516.171;1057.170;1433.653;1290.468;3052.115;633.425;1115.641;3599.998;3292.531;3599.957;3243.184;106.233;0.077;1690.832;3030.371;3159.606;2090.909;3600.130;546.970;391.993;886.649;918.366;928.386;233.209;1316.198;0.002;1799.733;3294.216;1768.688;2255.429;2285.794;3600.007;2442.837;2963.149;810.314;3575.099;567.124;1027.664;2399.675;944.339;3600.001;3224.885;535.563
490,892.274257183075,489,-563.6795465841817,563.6795465841817,0.00435851381977491,3599.584;2084.853;3575.396;3116.988;2740.948;589.724;3599.994;0.042;513.182;1314.739;2864.624;484.699;3282.827;3599.817;353.826;2162.141;0.531;1257.890;0.046;3600.076;1274.734;3600.072;2991.744;3356.027;571.854;0.005;2286.845;-0.033;3162.266;1053.024;2592.353;3599.986;2000.355;38.278;181.912;2262.123;1561.505;2513.881;1175.553;2406.591;777.981;2252.416;2780.007;666.524;953.098;1831.580;3090.909;664.843;1700.170;2461.959;3599.849;910.955;2478.240;263.173;1479.692;0.096;3599.696;1716.836;3595.680;1357.014;3589.505;848.520;810.810;2198.627;3035.212;3599.991;2126.950;0.123;1971.749;1004.821;2683.989;3598.246;1632.946;2494.966;0.033;1891.398;362.151;2301.429;1246.123;2947.765;0.044;11.513;2646.567;1905.607;2065.414;3589.231;1771.737;2984.446;1840.051;3261.236;2836.067;219.683;959.010;3028.561;735.881;426.528;1662.641;1527.850;2679.236;1372.851,851.894;1336.950;1515.277;3262.291;3600.121;1993.225;-0.063;2239.409;2189.467;2957.009;1220.053;0.025;2006.778;587.045;2584.299;3068.055;1520.703;3599.139;664.613;3599.989;1720.429;2580.638;2726.111;3599.892;3599.989;-0.052;1.054;1824.315;-0.130;2471.973;1883.918;2157.588;1543.065;1106.759;3361.477;2432.664;0.135;343.022;2064.502;627.347;1429.258;2870.310;1461.958;3418.432;2757.186;2052.169;260.645;1764.971;2869.229;3599.732;278.344;279.579;2582.482;2989.032;236.508;2853.479;2829.588;2516.176;1057.223;1433.635;1290.596;3052.033;633.482;1115.521;3599.968;3292.637;3599.832;3243.062;106.106;-0.029;1690.716;3030.246;3159.731;2091.002;3600.012;546.999;391.865;886.527;918.448;928.495;233.314;1316.309;-0.126;1799.609;3294.109;1768.570;2255.305;2285.668;3600.132;2442.962;2963.035;810.440;3575.221;567.001;1027.539;2399.547;944.453;3600.107;3224.758;535.679
491,894.1546769142151,490,-563.6801061576296,563.6801061576296,0.0027369052187158753,3599.674;2084.815;3575.318;3117.072;2740.965;589.669;3600.018;-0.028;513.304;1314.662;2864.584;484.634;3282.946;3599.933;353.940;2162.259;0.579;1257.989;-0.007;3599.961;1274.654;3599.969;2991.648;3356.125;571.898;0.035;2286.727;-0.136;3162.318;1052.939;2592.461;3600.032;2000.465;38.365;181.795;2262.238;1561.511;2513.786;1175.429;2406.706;778.044;2252.404;2779.969;666.485;953.223;1831.645;3090.852;664.889;1700.045;2462.080;3599.787;911.028;2478.192;263.067;1479.571;0.163;3599.745;1716.930;3595.634;1356.961;3589.574;848.396;810.718;2198.543;3035.235;3599.931;2127.019;0.056;1971.646;1004.783;2683.892;3598.242;1633.000;2494.974;0.087;1891.281;362.271;2301.363;1246.049;2947.846;0.080;11.388;2646.625;1905.605;2065.323;3589.355;1771.659;2984.568;1840.176;3261.120;2836.137;219.574;959.102;3028.664;735.875;426.461;1662.745;1527.854;2679.335;1372.772,851.859;1337.059;1515.266;3262.360;3600.006;1993.107;0.021;2239.436;2189.345;2957.134;1220.128;0.012;2006.667;587.106;2584.423;3067.986;1520.793;3599.168;664.518;3599.992;1720.534;2580.700;2725.992;3600.011;3600.089;0.069;0.969;1824.427;-0.013;2472.006;1884.011;2157.713;1543.002;1106.859;3361.391;2432.759;0.073;343.122;2064.532;627.224;1429.148;2870.386;1461.884;3418.310;2757.163;2052.189;260.760;1764.889;2869.300;3599.829;278.437;279.603;2582.383;2989.109;236.632;2853.365;2829.517;2516.102;1057.263;1433.736;1290.626;3052.143;633.488;1115.522;3600.044;3292.520;3599.839;3243.023;106.221;-0.032;1690.594;3030.165;3159.630;2091.123;3600.075;547.034;391.849;886.408;918.391;928.526;233.255;1316.383;-0.009;1799.566;3294.112;1768.677;2255.340;2285.623;3600.015;2442.965;2963.146;810.473;3575.337;566.917;1027.432;2399.448;944.404;3599.988;3224.829;535.765
492,895.8523268699646,491,-563.6805497321243,563.6805497321243,0.0029563124138828603,3599.607;2084.698;3575.219;3116.960;2741.085;589.741;3600.133;0.059;513.428;1314.777;2864.464;484.557;3283.001;3600.035;353.842;2162.253;0.485;1257.920;-0.023;3600.005;1274.551;3600.080;2991.702;3356.118;571.839;0.037;2286.605;-0.016;3162.438;1052.833;2592.582;3599.928;2000.588;38.338;181.675;2262.342;1561.400;2513.905;1175.458;2406.822;777.964;2252.426;2780.086;666.572;953.176;1831.766;3090.734;664.778;1699.960;2462.168;3599.906;910.936;2478.114;262.944;1479.460;0.284;3599.647;1717.052;3595.577;1357.047;3589.694;848.281;810.596;2198.659;3035.152;3599.825;2127.140;0.160;1971.723;1004.895;2683.771;3598.309;1633.114;2495.024;-0.011;1891.388;362.192;2301.345;1245.932;2947.887;0.193;11.308;2646.666;1905.488;2065.203;3589.245;1771.538;2984.691;1840.081;3261.053;2836.103;219.467;958.986;3028.787;735.991;426.377;1662.859;1527.756;2679.224;1372.658,851.747;1337.064;1515.377;3262.475;3600.027;1993.084;0.048;2239.548;2189.221;2957.223;1220.200;0.057;2006.577;587.226;2584.314;3067.873;1520.915;3599.056;664.442;3600.110;1720.656;2580.582;2726.091;3600.056;3599.985;-0.027;0.847;1824.317;0.022;2472.123;1883.917;2157.609;1542.881;1106.770;3361.486;2432.662;-0.033;343.004;2064.470;627.110;1429.061;2870.502;1461.960;3418.257;2757.074;2052.285;260.653;1764.775;2869.189;3599.774;278.556;279.485;2582.331;2989.101;236.756;2853.246;2829.399;2516.214;1057.147;1433.858;1290.677;3052.266;633.606;1115.634;3599.930;3292.635;3599.917;3242.919;106.343;0.081;1690.472;3030.277;3159.526;2091.246;3599.973;547.155;391.741;886.346;918.270;928.643;233.136;1316.480;0.004;1799.449;3294.231;1768.564;2255.423;2285.580;3599.987;2443.077;2963.042;810.590;3575.448;566.795;1027.434;2399.354;944.506;3599.970;3224.816;535.676
493,897.690598487854,492,-563.6816246470967,563.6816246470967,0.004024236590520221,3599.720;2084.808;3575.099;3117.071;2740.991;589.628;3600.025;-0.035;513.363;1314.868;2864.343;484.673;3283.120;3599.923;353.923;2162.137;0.600;1258.001;0.074;3600.117;1274.431;3599.981;2991.594;3356.011;571.951;-0.080;2286.582;0.048;3162.558;1052.798;2592.606;3599.997;2000.707;38.452;181.556;2262.462;1561.484;2513.944;1175.343;2406.820;778.075;2252.528;2780.000;666.465;953.068;1831.842;3090.621;664.890;1700.044;2462.288;3600.024;910.866;2477.995;262.966;1479.342;0.218;3599.758;1716.953;3595.477;1357.166;3589.815;848.220;810.646;2198.639;3035.033;3599.914;2127.092;0.052;1971.842;1005.016;2683.705;3598.269;1633.004;2495.128;0.098;1891.278;362.188;2301.229;1245.816;2947.787;0.303;11.189;2646.762;1905.582;2065.247;3589.266;1771.485;2984.617;1840.193;3261.003;2836.206;219.348;958.896;3028.690;735.891;426.479;1662.757;1527.636;2679.333;1372.580,851.858;1337.173;1515.267;3262.369;3599.927;1992.966;0.152;2239.668;2189.100;2957.124;1220.088;0.136;2006.458;587.347;2584.418;3067.987;1520.817;3599.172;664.439;3600.001;1720.543;2580.662;2725.981;3600.156;3600.094;-0.120;0.728;1824.432;0.004;2472.030;1884.027;2157.720;1542.978;1106.884;3361.386;2432.549;0.082;343.080;2064.581;627.183;1428.942;2870.622;1461.845;3418.139;2756.956;2052.206;260.533;1764.655;2869.084;3599.890;278.677;279.589;2582.426;2989.217;236.654;2853.139;2829.311;2516.298;1057.031;1433.979;1290.796;3052.255;633.693;1115.527;3599.828;3292.753;3600.009;3242.820;106.253;-0.011;1690.351;3030.397;3159.614;2091.366;3599.998;547.237;391.739;886.228;918.150;928.764;233.015;1316.600;-0.040;1799.505;3294.238;1768.605;2255.323;2285.462;3600.099;2443.189;2962.954;810.516;3575.336;566.675;1027.317;2399.235;944.625;3599.924;3224.698;535.557
494,899.5635852813721,493,-563.6820828635148,563.6820828635148,0.0029853164962980955,3599.828;2084.898;3575.167;3117.188;2740.877;589.539;3599.946;0.044;513.473;1314.772;2864.271;484.709;3283.180;3599.841;353.839;2162.085;0.543;1257.898;0.125;3600.008;1274.483;3599.904;2991.629;3355.893;571.981;0.015;2286.688;0.019;3162.594;1052.760;2592.557;3599.992;2000.642;38.548;181.465;2262.571;1561.433;2513.879;1175.238;2406.714;778.077;2252.492;2779.944;666.501;953.174;1831.959;3090.710;665.005;1700.160;2462.363;3599.917;910.951;2477.878;262.853;1479.430;0.139;3599.755;1716.837;3595.588;1357.160;3589.893;848.108;810.546;2198.536;3034.971;3600.018;2126.976;0.100;1971.783;1005.122;2683.684;3598.384;1632.906;2495.244;0.017;1891.174;362.292;2301.157;1245.859;2947.862;0.196;11.138;2646.880;1905.573;2065.364;3589.157;1771.371;2984.716;1840.272;3260.890;2836.092;219.240;958.780;3028.745;735.938;426.597;1662.651;1527.562;2679.451;1372.465,851.753;1337.108;1515.354;3262.251;3600.009;1992.853;0.055;2239.712;2189.117;2957.007;1220.150;0.024;2006.348;587.370;2584.365;3067.993;1520.817;3599.186;664.330;3600.089;1720.504;2580.619;2725.904;3600.041;3600.032;-0.007;0.611;1824.542;-0.104;2472.085;1884.013;2157.693;1543.070;1106.885;3361.448;2432.478;0.136;343.190;2064.685;627.255;1428.897;2870.579;1461.796;3418.114;2756.840;2052.102;260.453;1764.756;2869.193;3599.991;278.724;279.701;2582.544;2989.214;236.558;2853.039;2829.330;2516.201;1056.921;1434.010;1290.865;3052.168;633.582;1115.497;3599.809;3292.870;3600.126;3242.734;106.166;-0.070;1690.353;3030.306;3159.730;2091.332;3600.044;547.272;391.625;886.217;918.070;928.862;233.068;1316.519;0.069;1799.616;3294.128;1768.705;2255.205;2285.454;3599.994;2443.296;2963.062;810.589;3575.255;566.709;1027.345;2399.118;944.716;3600.014;3224.603;535.471
495,901.4691119194031,494,-563.6840101139139,563.6840101139139,0.003535635706177272,3599.828;2084.814;3575.187;3117.295;2740.856;589.646;3599.907;-0.054;513.564;1314.661;2864.377;484.600;3283.282;3599.877;353.872;2162.193;0.637;1257.817;0.016;3600.056;1274.428;3599.933;2991.741;3355.776;571.878;-0.038;2286.796;-0.051;3162.553;1052.873;2592.454;3600.101;2000.574;38.660;181.534;2262.633;1561.326;2513.765;1175.123;2406.823;778.012;2252.603;2780.050;666.601;953.285;1832.004;3090.782;664.943;1700.066;2462.452;3599.906;911.063;2477.787;262.778;1479.325;0.029;3599.855;1716.865;3595.697;1357.049;3589.880;848.201;810.573;2198.559;3034.977;3600.107;2126.875;0.128;1971.674;1005.212;2683.731;3598.410;1632.816;2495.152;-0.011;1891.077;362.407;2301.269;1245.962;2947.750;0.124;11.024;2646.993;1905.461;2065.427;3589.152;1771.463;2984.763;1840.347;3260.774;2835.997;219.203;958.668;3028.804;735.886;426.704;1662.729;1527.545;2679.434;1372.349,851.840;1336.994;1515.326;3262.138;3599.929;1992.922;-0.057;2239.786;2189.014;2957.095;1220.265;-0.092;2006.402;587.448;2584.264;3067.883;1520.791;3599.280;664.214;3599.983;1720.561;2580.507;2725.983;3600.047;3600.061;0.015;0.660;1824.494;0.005;2472.199;1884.065;2157.686;1542.970;1106.961;3361.517;2432.366;0.030;343.302;2064.792;627.153;1428.783;2870.522;1461.886;3418.015;2756.750;2052.147;260.521;1764.670;2869.298;3600.106;278.792;279.700;2582.608;2989.200;236.609;2852.924;2829.398;2516.221;1056.805;1433.935;1290.978;3052.275;633.571;1115.542;3599.896;3292.889;3600.015;3242.619;106.274;0.041;1690.341;3030.241;3159.779;2091.432;3599.945;547.381;391.511;886.126;918.151;928.793;233.176;1316.599;-0.035;1799.525;3294.228;1768.643;2255.306;2285.346;3600.031;2443.409;2963.149;810.702;3575.340;566.614;1027.291;2399.040;944.689;3599.921;3224.562;535.558
496,903.1858711242676,495,-563.6865368277977,563.6865368277977,0.003010362915959456,3599.939;2084.706;3575.297;3117.274;2740.751;589.565;3600.012;-0.008;513.677;1314.549;2864.319;484.647;3283.390;3599.984;353.767;2162.305;0.699;1257.708;-0.093;3599.981;1274.325;3600.044;2991.828;3355.681;571.766;0.064;2286.752;0.050;3162.555;1052.978;2592.356;3599.993;2000.673;38.571;181.646;2262.743;1561.428;2513.664;1175.206;2406.927;777.900;2252.551;2780.033;666.701;953.386;1831.906;3090.714;664.853;1699.974;2462.558;3599.935;910.961;2477.741;262.682;1479.248;-0.085;3599.879;1716.976;3595.638;1356.968;3589.773;848.205;810.465;2198.449;3035.087;3599.996;2126.777;0.021;1971.678;1005.314;2683.842;3598.416;1632.705;2495.043;-0.101;1891.171;362.435;2301.277;1246.010;2947.751;0.011;11.025;2647.105;1905.376;2065.332;3589.042;1771.385;2984.846;1840.253;3260.671;2835.974;219.305;958.591;3028.909;735.994;426.800;1662.628;1527.656;2679.544;1372.422,851.947;1336.986;1515.219;3262.062;3600.030;1992.938;0.043;2239.678;2189.112;2957.206;1220.377;0.014;2006.472;587.363;2584.158;3067.859;1520.680;3599.183;664.194;3600.076;1720.673;2580.394;2726.094;3599.944;3599.952;-0.087;0.550;1824.383;0.002;2472.310;1883.957;2157.576;1542.858;1106.857;3361.411;2432.469;-0.020;343.202;2064.728;627.040;1428.860;2870.632;1461.998;3417.902;2756.852;2052.259;260.630;1764.691;2869.194;3599.999;278.870;279.589;2582.509;2989.108;236.720;2852.855;2829.336;2516.110;1056.736;1433.999;1290.890;3052.360;633.462;1115.652;3600.009;3292.796;3600.017;3242.716;106.357;0.001;1690.452;3030.270;3159.673;2091.330;3600.047;547.492;391.604;886.211;918.059;928.681;233.237;1316.695;0.052;1799.415;3294.133;1768.750;2255.277;2285.412;3599.980;2443.322;2963.261;810.706;3575.453;566.707;1027.402;2399.135;944.586;3600.019;3224.662;535.513
497,905.0496225357056,496,-563.6889496803677,563.6889496803677,0.003440503443989713,3599.846;2084.781;3575.385;3117.204;2740.834;589.649;3600.098;-0.111;513.639;1314.437;2864.417;484.750;3283.501;3600.046;353.835;2162.276;0.599;1257.810;0.011;3600.041;1274.426;3599.960;2991.777;3355.707;571.717;0.137;2286.714;-0.047;3162.450;1053.055;2592.330;3599.985;2000.775;38.658;181.599;2262.854;1561.328;2513.764;1175.135;2406.836;777.791;2252.442;2779.981;666.650;953.497;1831.849;3090.619;664.743;1699.864;2462.669;3600.036;910.914;2477.634;262.653;1479.155;0.018;3599.774;1717.083;3595.746;1356.927;3589.758;848.107;810.354;2198.363;3035.169;3599.973;2126.818;-0.086;1971.780;1005.401;2683.864;3598.523;1632.637;2494.949;0.007;1891.265;362.479;2301.201;1246.111;2947.775;0.032;11.050;2647.034;1905.305;2065.228;3588.982;1771.341;2984.955;1840.146;3260.582;2835.874;219.214;958.481;3029.021;736.001;426.750;1662.673;1527.737;2679.644;1372.330,852.057;1336.883;1515.180;3262.158;3600.019;1992.829;-0.014;2239.599;2189.068;2957.287;1220.465;-0.001;2006.375;587.252;2584.258;3067.958;1520.638;3599.164;664.086;3600.021;1720.664;2580.434;2726.000;3599.919;3600.018;0.006;0.549;1824.475;-0.051;2472.419;1884.020;2157.659;1542.811;1106.843;3361.490;2432.508;0.084;343.293;2064.816;627.044;1428.940;2870.666;1462.020;3417.801;2756.749;2052.224;260.721;1764.798;2869.093;3599.993;278.766;279.505;2582.589;2989.216;236.806;2852.745;2829.444;2516.098;1056.628;1433.904;1290.901;3052.378;633.550;1115.559;3600.024;3292.740;3600.047;3242.629;106.252;-0.106;1690.380;3030.364;3159.769;2091.351;3599.981;547.388;391.698;886.215;917.957;928.685;233.137;1316.599;0.063;1799.308;3294.040;1768.859;2255.350;2285.315;3600.072;2443.268;2963.370;810.729;3575.476;566.770;1027.512;2399.105;944.596;3599.939;3224.563;535.601
498,906.9238965511322,497,-563.6878493042997,563.6878493042997,0.0030163500626942527,3599.866;2084.827;3575.428;3117.126;2740.741;589.755;3600.010;-0.006;513.538;1314.511;2864.505;484.857;3283.605;3599.941;353.941;2162.345;0.649;1257.914;0.021;3599.938;1274.523;3600.005;2991.670;3355.809;571.681;0.240;2286.811;0.029;3162.426;1052.951;2592.224;3600.079;2000.884;38.764;181.632;2262.941;1561.224;2513.783;1175.153;2406.728;777.681;2252.338;2779.879;666.573;953.595;1831.745;3090.721;664.633;1699.759;2462.586;3599.937;910.808;2477.543;262.757;1479.258;0.067;3599.844;1717.180;3595.820;1356.979;3589.706;848.187;810.429;2198.383;3035.204;3599.985;2126.731;0.014;1971.693;1005.301;2683.896;3598.629;1632.529;2495.049;-0.014;1891.242;362.389;2301.099;1246.007;2947.794;-0.073;10.971;2646.947;1905.329;2065.317;3588.880;1771.398;2984.910;1840.243;3260.476;2835.973;219.131;958.527;3028.920;736.071;426.642;1662.762;1527.725;2679.568;1372.408,852.146;1336.774;1515.094;3262.129;3599.944;1992.785;-0.103;2239.657;2189.139;2957.183;1220.400;0.048;2006.480;587.163;2584.355;3068.067;1520.585;3599.269;664.048;3599.923;1720.564;2580.447;2725.917;3599.971;3600.106;0.079;0.650;1824.495;0.053;2472.452;1883.938;2157.575;1542.911;1106.944;3361.398;2432.477;0.055;343.272;2064.924;627.149;1429.048;2870.568;1461.920;3417.885;2756.776;2052.293;260.755;1764.705;2869.083;3600.064;278.660;279.534;2582.595;2989.313;236.732;2852.788;2829.553;2515.993;1056.690;1433.796;1290.805;3052.280;633.462;1115.453;3599.919;3292.634;3599.955;3242.571;106.149;-0.004;1690.466;3030.473;3159.871;2091.312;3600.083;547.280;391.640;886.276;918.052;928.584;233.049;1316.491;-0.032;1799.394;3293.936;1768.810;2255.259;2285.217;3599.972;2443.317;2963.471;810.724;3575.562;566.876;1027.492;2398.998;944.534;3599.916;3224.471;535.709
499,908.8281166553497,498,-563.6857584093268,563.6857584093268,0.0025755557989894954,3599.962;2084.932;3575.401;3117.225;2740.673;589.745;3599.904;0.052;513.431;1314.530;2864.425;484.965;3283.505;3599.842;353.842;2162.434;0.749;1258.017;0.058;3600.029;1274.470;3599.955;2991.767;3355.715;571.576;0.142;2286.913;0.120;3162.530;1053.023;2592.121;3599.981;2000.788;38.702;181.733;2262.841;1561.316;2513.878;1175.075;2406.707;777.747;2252.252;2779.772;666.677;953.496;1831.639;3090.828;664.720;1699.859;2462.481;3600.004;910.706;2477.645;262.664;1479.229;-0.032;3599.948;1717.088;3595.839;1357.084;3589.803;848.293;810.530;2198.279;3035.101;3600.088;2126.624;0.011;1971.792;1005.398;2684.000;3598.541;1632.459;2494.965;0.080;1891.137;362.283;2301.200;1245.900;2947.692;0.020;10.865;2646.865;1905.300;2065.293;3588.967;1771.504;2984.825;1840.175;3260.577;2836.080;219.229;958.430;3028.978;735.976;426.739;1662.668;1527.623;2679.496;1372.326,852.081;1336.854;1514.988;3262.025;3600.045;1992.883;-0.002;2239.573;2189.241;2957.125;1220.299;-0.039;2006.402;587.070;2584.260;3068.093;1520.481;3599.235;664.116;3599.847;1720.647;2580.551;2726.017;3600.076;3600.009;-0.011;0.677;1824.394;-0.028;2472.352;1884.015;2157.469;1542.820;1106.869;3361.457;2432.425;-0.048;343.332;2064.833;627.067;1429.011;2870.660;1461.928;3417.828;2756.879;2052.392;260.859;1764.795;2869.003;3599.966;278.735;279.589;2582.495;2989.238;236.687;2852.722;2829.465;2515.920;1056.593;1433.843;1290.897;3052.263;633.407;1115.548;3599.908;3292.700;3599.904;3242.663;106.115;0.050;1690.451;3030.380;3159.850;2091.208;3599.987;547.350;391.731;886.373;918.154;928.627;233.126;1316.387;-0.107;1799.492;3294.031;1768.720;2255.349;2285.311;3599.968;2443.334;2963.377;810.648;3575.668;566.982;1027.582;2399.084;944.429;3599.811;3224.568;535.619
500,910.5416162014008,499,-563.687627332889,563.687627332889,0.0028759371886695655,3599.861;2084.836;3575.312;3117.132;2740.771;589.847;3599.921;-0.040;513.329;1314.515;2864.525;484.889;3283.596;3599.944;353.898;2162.335;0.817;1257.941;-0.035;3599.968;1274.368;3600.057;2991.702;3355.657;571.471;0.197;2286.969;0.034;3162.437;1053.126;2592.019;3599.898;2000.874;38.768;181.838;2262.902;1561.224;2513.939;1175.175;2406.803;777.654;2252.353;2779.867;666.782;953.554;1831.629;3090.932;664.624;1699.776;2462.379;3600.108;910.602;2477.630;262.742;1479.328;0.055;3599.880;1717.186;3595.942;1356.984;3589.907;848.399;810.635;2198.376;3035.180;3599.993;2126.712;-0.085;1971.814;1005.309;2684.106;3598.442;1632.405;2494.861;-0.005;1891.159;362.201;2301.301;1245.988;2947.587;0.013;10.783;2646.949;1905.198;2065.190;3588.867;1771.510;2984.921;1840.211;3260.617;2836.169;219.333;958.335;3028.950;736.019;426.656;1662.657;1527.712;2679.393;1372.225,851.977;1336.759;1515.081;3261.930;3599.953;1992.988;-0.046;2239.468;2189.164;2957.098;1220.391;0.016;2006.473;587.170;2584.160;3068.185;1520.526;3599.132;664.194;3599.938;1720.751;2580.461;2726.071;3599.981;3599.917;-0.004;0.611;1824.312;-0.088;2472.443;1883.916;2157.562;1542.720;1106.766;3361.559;2432.493;0.008;343.232;2064.886;626.983;1428.935;2870.751;1462.031;3417.725;2756.955;2052.482;260.964;1764.698;2868.899;3600.002;278.776;279.489;2582.425;2989.338;236.786;2852.619;2829.412;2515.958;1056.651;1433.741;1290.802;3052.161;633.352;1115.650;3600.005;3292.603;3600.001;3242.605;106.014;-0.039;1690.553;3030.477;3159.896;2091.103;3600.040;547.419;391.712;886.476;918.259;928.526;233.029;1316.306;-0.005;1799.393;3293.953;1768.617;2255.307;2285.242;3600.060;2443.436;2963.435;810.750;3575.773;567.085;1027.686;2399.176;944.334;3599.890;3224.665;535.686
