eval,time_s,iter,obj,aep,rms_viol,x,y
1,0.0,0,-491.82952758291333,491.82952758291333,5.769607211201385,799.175;3134.636;744.189;3306.999;1758.280;2202.278;2757.268;1866.305;1068.482;675.796;290.669;2658.385;1588.713;569.916;3167.773;986.711;1491.246;1065.888;2263.636;2087.416;2159.745;956.949;1024.869;912.918;1179.230;518.991;596.206;3470.150;3456.816;678.293;87.504;736.400;2519.437;2806.253;82.559;2079.586;5.912;1855.701;2303.263;3548.248;932.751;2888.989;3133.739;3321.899;7.971;1690.158;3533.287;1436.201;2929.437;1967.243;2775.075;1745.752;104.802;311.492;401.234;904.482;3473.695;2274.358;2939.977;2037.895;2287.282;2922.849;3336.057;3285.456;2969.319;339.130;1299.774;127.833;1966.890;2866.114;184.114;679.204;1315.720;879.447;2862.315;1267.542;2299.960;1776.294;2100.599;3381.478;3396.744;402.093;3036.798;1245.701;362.978;1380.273;1837.277;3459.971;1337.445;44.530;3094.945;399.999;1722.021;3059.928;1853.057;1607.788;2881.715;73.409;2061.427;1480.981,3546.492;2885.046;194.264;685.720;1628.708;2530.591;1195.373;1295.940;3317.294;3433.070;1467.669;3234.856;1188.912;297.859;1896.183;2379.040;3214.743;3474.567;2771.758;2732.757;2556.177;2525.590;2762.393;3507.658;1345.372;298.996;862.706;797.338;1308.959;2917.131;216.346;1619.077;2927.414;951.258;228.244;871.588;306.254;2907.999;612.900;703.241;2932.711;2917.028;2121.746;3293.044;215.358;3473.988;2055.511;1089.065;2972.541;2373.902;3551.405;386.962;2091.307;1702.181;2348.175;870.693;112.068;1959.236;1312.957;3212.400;1653.644;1507.155;2278.460;1897.844;3460.360;2840.436;1788.104;760.108;2174.343;2694.873;2721.110;3576.614;786.592;1532.294;1525.859;1147.127;1315.199;1720.589;1951.525;954.829;483.709;1086.790;491.328;1143.721;2445.058;2164.828;3590.012;2019.293;1975.414;2312.458;2616.442;2216.929;2118.600;2178.016;1277.228;2798.575;2176.572;1113.231;884.272;256.558
2,1.698685884475708,1,-506.7505518198072,506.7505518198072,3.985326484816947,815.175;3150.636;760.189;3290.999;1742.280;2218.278;2741.268;1882.305;1084.482;659.796;306.669;2642.385;1604.713;585.916;3151.773;1002.711;1475.246;1081.888;2279.636;2071.416;2143.745;940.949;1008.869;896.918;1163.230;502.991;580.206;3454.150;3440.816;662.293;103.504;720.400;2535.437;2790.253;98.559;2095.586;-10.088;1871.701;2287.263;3564.248;948.751;2872.989;3149.739;3337.899;-8.029;1674.158;3549.287;1452.201;2945.437;1951.243;2791.075;1761.752;120.802;295.492;417.234;920.482;3489.695;2290.358;2955.977;2021.895;2303.282;2938.849;3320.057;3301.456;2985.319;355.130;1283.774;111.833;1982.890;2882.114;168.114;663.204;1331.720;895.447;2846.315;1283.542;2283.960;1792.294;2084.599;3397.478;3412.744;418.093;3020.798;1229.701;346.978;1364.273;1853.277;3443.971;1353.445;28.530;3110.945;415.999;1706.021;3043.928;1837.057;1591.788;2865.715;57.409;2045.427;1464.981,3562.492;2869.046;178.264;669.720;1612.708;2514.591;1211.373;1279.940;3301.294;3417.070;1451.669;3250.856;1172.912;313.859;1880.183;2363.040;3198.743;3490.567;2787.758;2716.757;2572.177;2541.590;2746.393;3491.658;1361.372;282.996;846.706;813.338;1324.959;2901.131;200.346;1603.077;2911.414;935.258;212.244;855.588;322.254;2923.999;596.900;687.241;2948.711;2901.028;2105.746;3309.044;199.358;3489.988;2071.511;1073.065;2988.541;2389.902;3567.405;370.962;2075.307;1718.181;2364.175;886.693;96.068;1943.236;1296.957;3196.400;1637.644;1491.155;2294.460;1881.844;3444.360;2824.436;1804.104;744.108;2190.343;2678.873;2737.110;3592.614;770.592;1516.294;1541.859;1163.127;1331.199;1736.589;1935.525;970.829;467.709;1070.790;475.328;1127.721;2461.058;2180.828;3574.012;2003.293;1959.414;2296.458;2600.442;2200.929;2102.600;2194.016;1293.228;2814.575;2192.572;1129.231;900.272;272.558
3,3.5421390533447266,2,-513.4083917421519,513.4083917421519,2.7038398396494796,831.440;3166.941;776.292;3276.062;1726.049;2234.507;2727.024;1898.614;1091.496;670.149;322.985;2657.970;1621.039;601.721;3135.614;1004.955;1464.656;1085.112;2295.702;2057.748;2127.454;931.690;1024.354;911.292;1147.497;487.031;563.883;3452.883;3424.543;646.900;118.925;727.896;2519.578;2795.546;114.826;2111.870;-25.010;1887.834;2271.101;3567.069;938.912;2856.664;3165.987;3354.022;-24.265;1677.345;3565.477;1465.529;2961.757;1963.463;2775.177;1772.945;108.729;279.690;433.560;921.791;3505.408;2296.534;2972.031;2035.341;2288.947;2955.032;3318.499;3317.518;3001.311;344.858;1267.526;112.811;1988.762;2895.451;159.049;647.236;1317.462;886.917;2830.129;1299.739;2299.568;1808.480;2100.097;3413.801;3413.998;431.579;3006.356;1213.539;330.663;1350.668;1852.468;3427.887;1369.576;13.092;3126.524;432.245;1690.663;3027.627;1820.750;1575.680;2866.756;41.659;2029.211;1448.656,3578.590;2880.028;175.950;683.805;1596.539;2498.719;1196.675;1263.809;3297.003;3412.100;1463.392;3240.183;1156.648;330.184;1878.117;2358.597;3209.821;3495.766;2795.609;2720.969;2588.082;2544.117;2761.697;3475.380;1377.543;266.716;852.158;820.407;1336.650;2908.485;187.754;1618.890;2912.103;919.295;196.015;839.636;338.196;2917.536;580.645;677.925;2945.537;2884.736;2089.605;3314.594;183.038;3479.449;2087.658;1088.818;3004.710;2385.415;3559.550;355.832;2072.522;1731.670;2348.888;888.289;81.110;1928.363;1312.067;3210.894;1621.470;1474.835;2283.338;1865.584;3458.259;2831.971;1797.974;728.157;2193.584;2662.927;2726.252;3602.716;776.694;1499.989;1558.156;1179.307;1324.419;1752.787;1948.675;959.655;451.424;1084.194;474.399;1111.411;2477.161;2194.888;3582.974;1987.030;1961.913;2281.580;2616.199;2195.695;2088.387;2210.238;1309.175;2814.178;2198.255;1114.129;916.379;258.165
4,5.408138990402222,3,-516.8243400668042,516.8243400668042,2.2704052276922484,817.415;3153.248;792.090;3259.805;1717.930;2250.897;2711.403;1914.754;1107.288;684.962;333.393;2659.301;1636.221;617.963;3130.172;994.691;1479.237;1087.016;2281.748;2041.627;2114.498;923.311;1036.736;926.989;1132.201;470.825;547.993;3467.364;3410.666;641.111;135.055;740.967;2506.125;2782.455;129.767;2128.049;-26.112;1872.843;2278.135;3574.579;951.620;2840.360;3168.331;3363.086;-40.511;1662.719;3569.745;1481.850;2978.109;1948.007;2788.756;1759.353;92.480;263.252;435.862;937.553;3510.540;2312.608;2988.218;2021.268;2278.338;2971.316;3334.451;3323.339;2996.799;357.750;1257.633;128.827;2004.640;2911.716;143.219;642.730;1309.355;871.037;2813.813;1315.929;2315.996;1814.754;2086.348;3398.329;3420.494;447.766;3020.985;1197.306;323.336;1334.358;1867.717;3424.415;1384.062;7.634;3128.621;447.875;1701.202;3028.452;1804.728;1578.185;2851.178;25.346;2012.909;1458.280,3594.948;2896.149;161.897;673.069;1592.774;2482.333;1203.579;1247.392;3295.685;3407.053;1479.037;3253.083;1144.940;346.636;1862.928;2357.474;3195.900;3504.087;2809.757;2737.041;2578.320;2548.568;2747.428;3458.918;1366.634;250.254;838.546;804.775;1349.651;2920.185;175.860;1635.291;2896.221;929.530;183.127;823.193;352.996;2927.959;567.667;677.742;2960.739;2868.306;2084.494;3299.176;167.253;3492.450;2094.687;1094.467;3021.112;2401.036;3575.501;371.777;2057.278;1733.514;2363.314;900.669;65.345;1942.856;1297.639;3202.924;1628.605;1458.371;2298.411;1875.718;3449.039;2817.312;1800.830;711.795;2209.273;2671.955;2719.740;3604.620;760.956;1483.529;1574.619;1195.743;1339.141;1755.902;1935.177;975.676;443.431;1098.355;458.366;1094.950;2480.715;2210.038;3591.349;1979.104;1952.840;2291.559;2601.342;2179.676;2072.856;2220.136;1325.619;2819.782;2182.684;1098.990;932.828;243.263
5,7.31776237487793,4,-520.4149819196549,520.4149819196549,1.8536504488174157,817.117;3154.503;777.642;3243.701;1704.075;2257.066;2705.727;1931.086;1092.319;675.524;349.576;2644.676;1632.579;624.365;3128.546;1009.419;1464.498;1094.610;2270.830;2032.409;2115.043;907.762;1052.405;932.055;1146.916;466.276;545.856;3477.805;3419.404;634.839;141.537;756.492;2489.796;2766.106;128.665;2144.460;-15.024;1887.117;2294.055;3578.131;938.976;2835.955;3160.532;3379.259;-39.046;1673.682;3566.639;1475.516;2979.952;1934.008;2789.951;1743.772;85.383;250.174;425.838;921.509;3518.503;2303.219;2986.577;2005.384;2294.106;2975.775;3350.112;3308.522;3012.749;346.957;1272.627;144.609;2019.752;2928.130;131.106;637.387;1324.412;854.705;2809.382;1332.355;2328.858;1823.418;2070.809;3394.538;3436.640;460.425;3037.383;1180.913;324.653;1318.609;1880.031;3440.027;1394.665;-8.469;3114.288;460.803;1697.418;3031.723;1788.415;1562.684;2858.381;9.355;1996.505;1462.626,3596.895;2894.976;145.526;686.850;1592.550;2481.193;1187.597;1231.143;3287.053;3396.355;1495.233;3244.890;1145.669;353.504;1851.143;2355.996;3179.883;3513.667;2824.826;2736.384;2578.028;2547.627;2737.924;3459.149;1382.226;252.973;831.984;805.635;1334.750;2936.257;160.768;1650.293;2910.315;920.378;194.876;806.787;359.296;2944.158;572.191;662.809;2971.477;2866.387;2080.622;3284.662;158.125;3506.148;2085.961;1078.755;3026.820;2385.825;3564.713;364.253;2040.941;1747.647;2366.184;916.969;48.965;1928.199;1300.877;3186.894;1613.291;1459.154;2314.757;1859.653;3464.754;2802.022;1812.754;695.776;2225.681;2688.062;2726.048;3614.295;748.511;1467.143;1578.707;1212.206;1351.260;1760.274;1946.246;977.489;427.554;1086.554;468.114;1078.485;2488.013;2225.442;3606.503;1994.762;1937.699;2297.350;2585.091;2175.708;2087.574;2224.884;1341.870;2804.083;2168.436;1113.843;949.232;237.675
6,9.036670684814453,5,-523.2754089109042,523.2754089109042,1.2483793640000695,823.797;3170.441;765.585;3257.070;1693.401;2263.387;2707.055;1935.793;1076.290;659.735;349.626;2633.940;1646.756;631.988;3132.528;1017.518;1448.267;1104.762;2279.989;2026.871;2107.270;896.853;1067.839;931.894;1149.693;461.233;561.341;3483.920;3434.932;650.462;155.265;743.486;2473.999;2778.601;115.215;2146.840;-1.648;1903.294;2286.067;3572.662;954.499;2832.485;3147.834;3385.768;-31.173;1688.485;3582.616;1459.729;2981.624;1943.824;2784.813;1741.006;101.041;236.061;441.764;906.584;3534.583;2298.531;3002.448;1997.967;2286.945;2972.202;3351.605;3302.302;3009.265;353.689;1260.144;138.719;2010.015;2929.950;144.691;629.342;1308.792;841.125;2804.399;1336.873;2319.677;1812.709;2061.625;3388.875;3442.823;476.758;3023.004;1176.221;308.603;1303.234;1870.669;3426.580;1410.928;-1.167;3126.960;450.935;1712.234;3042.702;1788.094;1572.531;2865.795;-4.182;1995.294;1478.423,3606.691;2879.655;131.248;674.122;1584.435;2483.077;1175.145;1226.332;3283.810;3403.716;1493.895;3228.775;1137.809;352.804;1837.568;2365.660;3164.457;3514.781;2810.914;2737.235;2579.714;2546.281;2747.750;3457.274;1378.789;264.309;842.271;809.335;1318.356;2952.712;144.371;1663.666;2906.233;904.731;211.179;802.332;361.501;2955.543;558.558;664.851;2958.215;2872.369;2071.233;3294.894;159.099;3493.339;2101.800;1070.616;3030.598;2371.281;3577.188;376.393;2025.535;1731.896;2350.769;915.355;42.435;1939.233;1284.801;3200.370;1597.488;1475.164;2325.722;1858.629;3461.532;2800.249;1828.741;688.790;2234.664;2691.734;2710.259;3601.340;748.330;1480.387;1582.350;1212.780;1364.321;1771.950;1931.095;977.169;413.307;1090.886;458.822;1074.068;2504.185;2230.766;3600.428;1981.252;1921.261;2313.309;2579.290;2176.449;2102.459;2218.654;1344.963;2787.624;2182.844;1104.593;954.149;221.552
7,10.919341802597046,6,-525.3428754969153,525.3428754969153,1.0399101596793012,834.054;3177.595;780.085;3266.574;1678.427;2271.905;2723.039;1934.991;1070.962;643.347;333.684;2617.817;1632.243;638.831;3129.081;1002.672;1432.045;1107.018;2265.066;2013.884;2116.604;911.515;1071.920;933.877;1164.408;453.651;577.798;3492.009;3451.279;636.484;170.393;754.223;2467.706;2766.925;130.213;2145.381;9.129;1918.554;2270.359;3581.889;969.786;2832.792;3141.525;3401.890;-46.470;1673.209;3586.364;1471.935;2980.021;1927.786;2768.720;1756.804;116.201;220.332;447.386;890.203;3551.068;2304.134;3014.829;2012.142;2295.404;2980.590;3336.220;3301.896;3023.770;337.863;1256.684;143.360;2026.043;2915.898;160.750;620.718;1320.317;827.741;2795.913;1338.297;2303.461;1821.554;2075.221;3400.750;3427.414;464.520;3012.987;1169.809;305.403;1311.108;1885.032;3425.141;1419.182;-14.141;3143.292;434.781;1696.371;3057.503;1795.425;1560.063;2852.367;9.963;2000.054;1483.232,3616.676;2863.309;131.466;687.223;1594.859;2487.926;1170.072;1218.098;3270.519;3399.195;1480.145;3229.033;1153.238;348.644;1843.664;2350.885;3148.527;3530.302;2821.454;2736.108;2565.811;2554.613;2763.820;3452.387;1363.956;256.926;858.475;819.183;1302.975;2946.764;128.546;1680.023;2890.358;888.551;227.567;796.741;371.609;2968.946;542.218;650.416;2954.467;2882.706;2083.463;3311.033;143.418;3506.360;2103.762;1054.639;3043.245;2387.271;3566.066;361.083;2016.565;1715.510;2347.736;928.947;37.102;1930.756;1282.892;3214.734;1582.222;1479.689;2341.515;1853.541;3470.272;2815.816;1815.185;678.177;2218.595;2692.056;2724.809;3591.715;759.262;1489.484;1577.399;1217.550;1348.576;1783.539;1927.453;977.493;404.098;1075.389;443.122;1069.768;2507.422;2246.899;3584.283;1975.923;1935.474;2329.779;2588.716;2171.695;2087.174;2232.093;1354.988;2771.838;2181.179;1094.938;958.457;229.141
8,12.828818082809448,7,-526.6548092621724,526.6548092621724,0.7052704556740974,823.615;3183.233;784.013;3250.782;1663.690;2269.060;2739.516;1934.716;1057.893;639.239;333.408;2601.519;1645.537;652.478;3113.488;1015.290;1420.754;1122.899;2262.105;2002.839;2102.254;912.360;1081.273;919.574;1180.662;442.097;592.927;3508.164;3447.250;643.009;186.004;770.067;2483.302;2750.989;124.326;2136.697;-2.234;1913.990;2284.552;3598.105;957.400;2842.306;3154.861;3416.108;-40.936;1656.857;3584.477;1467.685;2966.469;1926.403;2779.401;1773.250;108.092;203.909;440.078;874.387;3565.890;2289.532;3007.224;2001.556;2311.048;2991.895;3350.373;3310.633;3033.062;346.467;1243.055;157.842;2035.459;2926.738;145.788;625.925;1310.824;841.867;2786.971;1332.934;2295.795;1807.783;2086.799;3390.463;3425.607;448.385;3027.844;1170.237;308.730;1295.789;1901.432;3428.271;1431.806;-3.579;3156.146;448.867;1694.136;3059.383;1799.561;1546.834;2836.486;20.002;2006.626;1467.222,3622.155;2874.589;119.774;702.409;1582.460;2474.050;1184.660;1209.865;3265.746;3384.485;1495.743;3242.604;1138.151;332.769;1827.646;2359.305;3132.105;3515.789;2837.301;2749.513;2581.338;2539.217;2779.448;3466.841;1374.754;266.340;843.869;815.276;1297.164;2930.808;112.916;1678.301;2873.904;874.189;242.472;789.757;384.936;2954.854;525.752;654.917;2969.350;2869.596;2077.449;3306.267;137.998;3522.668;2107.344;1055.372;3058.857;2388.001;3580.940;344.646;2028.362;1701.115;2348.313;945.313;25.570;1943.227;1279.728;3211.235;1566.569;1480.663;2341.983;1867.180;3454.693;2811.729;1830.288;671.281;2213.656;2707.945;2741.181;3597.073;775.531;1500.561;1569.813;1228.443;1352.168;1799.009;1911.635;966.252;419.514;1085.979;426.663;1054.631;2507.169;2242.181;3567.823;1964.369;1933.155;2345.880;2573.957;2157.650;2081.656;2247.911;1368.462;2772.426;2190.985;1078.835;963.973;245.316
9,14.539095640182495,8,-528.5170973262246,528.5170973262246,0.48645440875130835,835.909;3167.761;797.349;3253.541;1663.168;2281.494;2754.048;1925.371;1070.102;623.398;317.907;2607.831;1661.564;648.951;3114.877;1029.829;1425.492;1137.226;2269.761;2014.612;2092.037;901.606;1093.905;919.718;1173.329;452.183;606.544;3498.192;3449.706;651.311;202.413;755.234;2489.603;2751.131;108.862;2129.696;-3.660;1900.458;2300.163;3614.397;942.336;2829.558;3142.065;3431.236;-27.615;1641.807;3595.072;1452.341;2964.079;1922.666;2783.196;1770.238;97.524;206.759;431.356;881.008;3581.104;2305.166;2995.121;1986.986;2295.757;3004.905;3351.011;3294.640;3026.725;331.089;1232.362;142.045;2039.930;2931.499;130.302;613.696;1318.342;858.253;2774.727;1320.087;2311.446;1802.198;2072.401;3391.937;3409.964;438.814;3020.069;1164.079;309.354;1279.875;1907.895;3444.347;1446.953;11.126;3172.458;460.505;1678.241;3071.762;1810.071;1561.974;2822.624;14.387;2017.414;1466.052,3606.430;2860.361;103.486;688.613;1595.228;2458.376;1170.719;1204.809;3279.605;3368.131;1508.376;3228.618;1142.226;341.806;1811.814;2370.710;3116.135;3527.168;2842.990;2743.355;2591.156;2543.701;2795.363;3453.624;1387.814;266.885;841.793;827.824;1281.969;2918.036;96.550;1678.015;2885.953;858.310;258.669;776.692;393.588;2940.800;534.086;665.787;2985.316;2860.681;2091.335;3290.937;138.205;3521.067;2102.897;1040.627;3072.911;2386.201;3588.828;340.289;2013.844;1705.419;2346.862;938.671;9.326;1950.630;1283.288;3227.164;1581.665;1484.593;2356.380;1851.493;3466.966;2827.711;1822.195;685.436;2213.414;2709.515;2731.411;3613.056;762.217;1494.755;1555.629;1232.751;1337.245;1789.093;1903.641;968.224;405.121;1080.781;434.277;1048.333;2514.178;2248.396;3581.250;1979.853;1944.712;2353.779;2563.288;2146.580;2096.175;2261.512;1381.518;2757.038;2185.416;1092.847;958.167;237.723
10,16.405198097229004,9,-529.5847807048153,529.5847807048153,0.29997888326602823,836.404;3181.747;792.097;3260.166;1647.188;2297.656;2743.466;1909.986;1086.390;609.227;301.463;2592.128;1650.063;664.479;3099.087;1042.842;1440.258;1136.740;2285.927;1999.564;2106.946;885.355;1110.036;903.756;1188.599;449.154;600.636;3512.461;3465.602;635.470;205.587;766.929;2505.051;2735.119;104.107;2113.776;12.009;1916.056;2315.557;3607.193;941.326;2844.087;3155.045;3446.815;-15.416;1636.676;3607.986;1438.702;2979.890;1913.606;2768.490;1783.236;113.374;211.084;427.922;895.180;3565.928;2321.412;3009.933;1970.644;2281.465;3021.198;3342.468;3291.856;3042.134;344.484;1216.122;127.925;2038.740;2915.540;113.858;606.394;1325.516;844.580;2772.942;1331.020;2310.416;1789.755;2080.776;3375.931;3400.935;422.605;3034.456;1149.573;295.141;1287.319;1923.689;3448.177;1436.769;-4.011;3159.798;476.273;1692.829;3088.036;1826.298;1546.799;2806.275;28.769;2030.694;1476.264,3603.415;2856.572;87.458;697.434;1591.464;2443.454;1164.402;1211.795;3295.977;3363.415;1493.194;3243.378;1128.231;337.483;1807.817;2385.818;3103.566;3540.492;2858.449;2727.452;2605.894;2529.747;2808.539;3437.794;1404.074;274.750;827.794;813.855;1266.908;2923.264;96.100;1692.748;2878.630;858.995;264.032;763.532;395.724;2927.054;518.771;682.024;2970.049;2875.606;2078.867;3292.687;122.859;3532.302;2109.449;1054.187;3077.294;2388.106;3604.803;325.509;2019.049;1718.716;2352.586;936.752;-7.097;1937.907;1283.546;3240.327;1594.259;1486.764;2372.122;1845.083;3457.259;2836.064;1834.543;701.820;2212.369;2698.960;2746.013;3600.304;745.867;1491.579;1543.296;1238.780;1333.608;1773.477;1904.837;981.607;408.803;1069.038;422.788;1039.704;2503.629;2238.812;3593.195;1985.540;1935.461;2369.063;2547.260;2133.557;2112.463;2267.873;1372.054;2770.259;2169.464;1085.531;956.955;231.336
11,18.297070503234863,10,-531.417888721214,531.417888721214,0.4641636970881308,851.365;3195.152;807.911;3275.953;1633.511;2288.601;2727.863;1905.505;1081.185;592.865;309.235;2594.140;1663.391;674.032;3094.557;1027.354;1454.628;1145.222;2298.910;2012.829;2123.135;899.243;1103.402;901.464;1203.384;459.539;587.378;3513.227;3450.169;619.199;204.196;761.884;2518.078;2726.755;110.613;2120.545;28.278;1912.654;2311.809;3592.199;957.329;2832.795;3154.855;3463.071;-18.045;1623.194;3613.901;1422.347;2991.395;1898.302;2754.091;1790.199;124.977;195.424;416.451;893.860;3557.685;2334.609;3026.224;1954.825;2286.049;3037.300;3326.339;3285.262;3041.955;346.180;1204.225;111.567;2052.818;2913.211;98.731;590.401;1341.664;838.891;2757.048;1341.572;2294.986;1805.490;2096.684;3383.377;3415.509;417.985;3019.654;1133.179;297.554;1279.668;1939.417;3454.323;1421.869;3.901;3168.926;479.414;1682.713;3103.008;1832.442;1544.198;2797.857;13.396;2021.975;1491.619,3615.864;2871.335;95.171;683.725;1579.821;2427.363;1179.769;1227.845;3281.749;3350.917;1479.123;3259.662;1117.449;349.606;1793.429;2370.731;3095.033;3543.144;2844.230;2742.479;2591.210;2545.304;2793.180;3448.522;1419.880;290.828;811.437;819.158;1282.516;2939.191;99.503;1706.810;2874.862;842.995;256.256;749.720;400.917;2935.328;512.022;686.157;2977.092;2870.370;2075.111;3278.729;109.369;3547.861;2097.073;1070.048;3084.843;2400.722;3614.529;336.980;2003.600;1703.379;2360.821;923.313;7.351;1953.433;1270.945;3252.816;1608.994;1491.703;2360.302;1850.695;3446.004;2821.604;1845.425;718.273;2223.608;2714.331;2753.400;3585.969;729.614;1507.542;1527.845;1222.973;1344.237;1758.734;1890.472;995.615;424.114;1084.825;406.558;1050.417;2513.954;2222.639;3608.836;1982.358;1950.806;2354.646;2562.319;2145.458;2106.683;2281.886;1379.758;2781.323;2155.398;1069.569;941.731;215.432
12,20.21978235244751,11,-532.2173248138821,532.2173248138821,0.12655006386910375,866.957;3208.082;797.352;3291.214;1638.617;2295.787;2711.439;1905.726;1095.371;577.357;294.316;2594.729;1654.660;689.965;3080.792;1017.503;1470.415;1158.743;2284.430;2027.244;2110.469;913.295;1093.645;887.913;1219.652;444.957;572.090;3497.171;3463.375;607.222;200.070;776.300;2534.145;2718.429;102.383;2116.358;43.556;1913.874;2314.918;3608.168;963.517;2845.793;3166.973;3474.902;-3.622;1606.930;3598.288;1407.673;2994.386;1885.422;2751.734;1805.471;116.714;209.144;401.049;909.010;3559.120;2349.436;3036.570;1966.350;2296.701;3044.749;3340.866;3284.640;3057.615;354.702;1201.940;101.149;2067.675;2900.745;84.364;574.364;1350.996;823.551;2763.319;1330.227;2293.351;1800.646;2087.652;3399.297;3413.514;420.252;3023.560;1122.087;297.344;1293.952;1955.302;3456.652;1405.482;3.482;3174.156;474.841;1670.616;3092.066;1844.181;1556.646;2803.829;11.702;2032.476;1478.654,3601.017;2887.034;86.855;667.593;1578.549;2418.656;1189.554;1215.222;3288.533;3365.999;1463.519;3274.308;1101.206;334.554;1778.606;2359.429;3110.252;3529.430;2847.382;2754.093;2584.060;2556.770;2779.488;3437.305;1435.775;285.800;796.083;835.234;1295.458;2950.598;99.642;1723.167;2859.289;828.215;249.142;763.319;417.021;2922.141;495.968;670.104;2991.876;2879.846;2086.351;3292.695;97.746;3564.103;2111.229;1070.959;3100.836;2399.553;3598.935;328.003;1989.623;1715.134;2348.637;907.054;7.354;1941.697;1255.668;3250.129;1619.861;1477.522;2357.055;1843.933;3455.767;2807.965;1829.922;719.628;2235.658;2698.993;2769.298;3596.560;716.769;1502.926;1512.001;1228.113;1359.810;1773.236;1905.340;1011.931;410.888;1100.351;403.616;1065.204;2529.626;2225.862;3593.576;1976.841;1938.323;2338.511;2572.719;2155.152;2093.051;2290.976;1395.781;2772.155;2168.310;1057.145;955.565;205.315
13,21.937322854995728,12,-532.9433924822912,532.9433924822912,0.35758052049990247,883.377;3194.009;812.627;3277.864;1624.544;2283.230;2714.571;1889.726;1110.039;560.964;296.374;2608.685;1668.976;698.422;3095.989;1030.804;1477.630;1143.176;2272.606;2018.884;2124.272;898.637;1108.796;873.371;1211.654;428.772;581.548;3495.208;3464.032;621.518;213.789;792.301;2536.957;2712.603;105.002;2132.112;40.897;1897.977;2317.962;3612.104;974.283;2861.791;3183.256;3490.897;-14.072;1613.030;3609.350;1419.117;3010.342;1899.704;2735.694;1791.342;100.929;198.485;384.737;894.606;3544.544;2354.023;3021.943;1962.237;2312.563;3054.969;3356.980;3294.112;3073.648;370.761;1189.317;85.097;2058.541;2891.114;70.002;581.670;1366.685;807.967;2749.807;1324.550;2277.461;1813.568;2072.796;3389.551;3429.373;404.384;3008.035;1110.019;281.361;1303.557;1971.523;3446.323;1389.928;4.315;3158.632;490.752;1668.453;3076.276;1859.509;1544.945;2796.492;-3.776;2017.386;1479.350,3600.779;2872.573;76.063;671.558;1594.588;2402.530;1205.714;1199.582;3303.832;3354.716;1467.387;3259.563;1084.746;346.172;1762.305;2369.960;3096.146;3544.958;2863.451;2743.375;2598.356;2561.183;2790.875;3421.176;1451.893;269.704;779.674;839.143;1283.928;2966.161;84.964;1709.857;2865.268;819.631;249.835;776.358;429.036;2905.821;503.433;663.895;2983.518;2895.989;2102.514;3308.744;112.578;3579.241;2096.428;1055.779;3117.170;2415.142;3594.587;325.333;1985.062;1730.473;2332.387;914.203;-6.268;1926.793;1239.868;3265.314;1604.504;1491.735;2373.041;1859.074;3471.911;2798.561;1815.330;704.144;2250.502;2687.134;2783.239;3612.633;718.911;1486.900;1527.551;1243.308;1344.539;1766.392;1912.879;1013.131;396.377;1100.968;419.113;1081.501;2525.955;2233.088;3596.077;1961.832;1952.942;2351.558;2560.884;2155.233;2076.813;2275.538;1397.705;2786.389;2152.645;1071.324;948.707;189.153
14,23.816534280776978,13,-533.086552322524,533.086552322524,0.32260730933431,870.418;3184.136;823.373;3261.990;1638.951;2297.525;2729.046;1873.371;1126.412;567.731;311.140;2593.301;1684.582;686.674;3084.609;1047.032;1493.434;1127.024;2258.551;2004.337;2127.904;894.241;1113.320;888.372;1195.538;437.469;597.726;3492.634;3479.381;616.216;227.906;777.784;2552.570;2699.335;89.620;2145.281;28.336;1911.701;2333.992;3607.415;959.558;2875.950;3168.595;3507.210;0.863;1597.899;3596.271;1404.036;3023.283;1911.734;2743.746;1775.042;84.544;183.162;397.365;895.959;3528.753;2368.725;3037.057;1946.250;2299.121;3039.991;3368.911;3310.294;3076.697;379.166;1181.957;68.662;2042.718;2874.922;53.638;565.882;1383.012;806.218;2733.694;1309.735;2289.873;1829.654;2056.473;3399.696;3443.974;412.016;3017.478;1111.466;266.365;1317.654;1982.237;3437.688;1400.984;20.287;3173.250;504.891;1656.743;3068.778;1874.169;1528.784;2780.368;-16.212;2031.539;1490.132,3614.384;2881.719;89.118;675.507;1599.784;2391.488;1214.674;1186.456;3294.956;3340.195;1452.713;3248.997;1070.444;362.101;1758.213;2358.589;3110.505;3547.500;2873.477;2727.362;2607.739;2575.999;2806.149;3408.027;1454.930;253.327;769.262;841.412;1267.956;2982.546;69.179;1694.568;2852.325;803.853;265.446;792.479;431.396;2919.182;514.377;660.212;2967.397;2909.069;2089.839;3320.523;124.531;3595.641;2101.422;1041.527;3131.015;2431.216;3595.150;340.633;1999.719;1744.648;2319.265;899.666;8.553;1910.525;1224.237;3250.473;1617.624;1478.150;2382.797;1855.018;3484.295;2782.394;1828.803;716.733;2236.861;2671.621;2799.569;3600.938;732.521;1500.352;1541.419;1257.101;1328.351;1750.810;1928.905;1026.538;381.892;1085.043;430.477;1097.643;2534.985;2242.996;3594.693;1972.312;1941.995;2355.360;2575.874;2170.701;2087.531;2259.174;1412.666;2802.736;2161.186;1087.248;950.319;174.804
15,25.723975896835327,14,-534.1577681094375,534.1577681094375,0.2352162706721508,856.151;3195.534;836.504;3253.790;1641.837;2313.654;2716.850;1861.917;1125.593;554.576;300.188;2578.671;1674.570;699.552;3085.437;1056.916;1478.026;1141.004;2242.232;1988.329;2120.842;887.550;1110.674;884.755;1179.642;453.507;583.017;3489.114;3470.188;600.619;243.792;773.522;2568.883;2683.041;95.242;2159.078;42.767;1919.688;2321.454;3598.128;967.752;2882.931;3154.399;3523.659;-11.403;1581.506;3606.140;1391.671;3039.382;1926.110;2729.423;1765.581;93.353;166.965;410.577;911.075;3540.550;2384.946;3047.148;1951.982;2314.317;3053.686;3383.513;3306.083;3090.993;376.232;1197.939;67.094;2052.710;2860.049;41.572;569.997;1392.420;790.389;2718.505;1321.916;2295.815;1814.839;2053.635;3415.530;3429.668;426.532;3017.023;1096.220;275.943;1329.918;1997.380;3452.919;1416.583;5.327;3178.547;507.468;1640.495;3084.335;1890.520;1521.658;2764.692;-0.282;2042.567;1506.346,3598.966;2888.232;73.702;662.341;1585.239;2406.051;1199.951;1201.654;3297.178;3324.627;1437.309;3234.402;1054.338;377.349;1743.576;2368.750;3098.933;3562.766;2886.968;2718.319;2593.760;2591.788;2815.241;3417.623;1442.890;239.201;753.158;839.603;1262.077;2967.672;63.749;1709.863;2868.091;796.991;257.415;790.807;447.234;2908.919;501.497;660.102;2958.437;2902.967;2098.169;3324.960;112.935;3587.260;2117.062;1025.626;3147.058;2421.763;3579.995;357.033;2015.495;1737.742;2316.702;894.200;5.512;1923.813;1239.559;3260.464;1633.922;1485.976;2386.410;1858.768;3500.566;2794.037;1814.115;727.999;2222.567;2658.288;2794.090;3597.363;748.847;1515.668;1535.690;1272.662;1311.916;1735.158;1925.744;1012.048;366.646;1092.243;416.222;1084.150;2540.072;2259.183;3610.563;1958.537;1955.832;2342.750;2591.576;2156.225;2075.836;2242.723;1428.642;2818.911;2174.276;1078.221;965.759;161.539
16,27.436328172683716,15,-535.1777649502569,535.1777649502569,0.4859781118948329,840.050;3211.750;821.510;3269.174;1626.158;2298.356;2700.660;1875.393;1137.788;539.047;289.993;2592.592;1659.558;715.589;3077.315;1073.076;1487.564;1157.267;2227.004;1995.677;2105.218;877.120;1094.633;875.261;1192.203;449.083;574.458;3474.184;3454.289;596.879;258.587;757.512;2568.878;2671.648;111.321;2174.402;27.565;1929.960;2305.323;3600.627;983.886;2867.531;3138.488;3530.905;-20.777;1594.158;3619.177;1404.008;3055.721;1917.903;2713.481;1780.120;84.374;179.298;398.043;895.709;3526.128;2369.439;3033.619;1937.931;2328.811;3061.081;3370.024;3320.233;3076.717;360.349;1185.817;57.637;2068.888;2852.474;26.357;555.041;1378.082;804.087;2733.655;1305.999;2296.818;1827.297;2037.810;3431.898;3443.884;426.406;3001.815;1110.346;272.935;1313.950;1981.874;3441.381;1401.900;12.978;3194.451;520.081;1655.769;3098.587;1905.699;1537.406;2757.731;-8.347;2058.303;1522.749,3599.611;2904.318;57.496;646.061;1573.886;2392.414;1185.218;1209.771;3313.110;3339.703;1424.494;3218.545;1041.099;377.140;1750.721;2384.931;3114.172;3577.317;2903.273;2733.934;2577.462;2587.600;2799.288;3404.392;1458.764;250.283;755.819;844.266;1277.787;2966.043;77.227;1702.958;2884.336;780.952;242.148;805.993;452.864;2892.736;485.289;667.521;2974.207;2887.003;2113.914;3309.316;97.155;3600.778;2110.001;1022.606;3162.872;2405.964;3571.125;372.964;2031.891;1742.415;2331.239;878.189;-10.417;1910.919;1225.846;3245.066;1628.347;1501.551;2370.610;1846.094;3516.622;2805.822;1806.043;744.171;2236.587;2642.017;2804.571;3581.436;737.042;1505.579;1551.374;1257.222;1303.680;1746.324;1910.072;1026.290;355.936;1107.227;426.859;1067.843;2524.481;2243.832;3597.474;1945.614;1949.156;2328.006;2607.982;2140.656;2091.433;2254.072;1445.027;2830.662;2165.626;1077.234;981.915;145.876
17,29.301262855529785,16,-535.649777392534,535.649777392534,0.31341341315641746,844.127;3228.166;808.397;3264.009;1610.502;2296.484;2695.043;1874.614;1153.175;533.388;285.437;2605.024;1648.050;730.136;3088.524;1084.009;1497.956;1160.046;2211.353;2011.747;2089.003;892.736;1092.066;859.293;1192.525;434.972;562.271;3458.011;3463.189;580.922;274.924;761.164;2553.151;2680.811;100.133;2190.776;25.760;1930.362;2288.934;3615.989;987.794;2879.925;3154.246;3543.375;-5.344;1589.254;3603.523;1391.470;3053.939;1902.246;2701.000;1779.952;92.271;171.233;406.264;907.676;3531.072;2373.369;3042.508;1945.133;2334.603;3052.043;3385.055;3304.352;3087.973;370.711;1171.276;47.307;2082.195;2836.540;11.012;540.537;1390.456;790.823;2733.536;1305.709;2286.033;1825.041;2049.154;3444.271;3459.692;433.707;2988.246;1114.757;257.076;1301.772;1983.860;3457.342;1392.420;2.702;3190.929;536.323;1658.322;3082.690;1914.659;1541.991;2742.828;3.684;2068.874;1529.245,3612.048;2901.030;41.318;630.012;1565.693;2392.556;1168.864;1225.441;3302.288;3345.533;1408.238;3202.323;1025.160;391.685;1739.403;2398.888;3113.090;3591.052;2908.961;2726.890;2578.668;2582.096;2804.614;3408.714;1463.934;254.538;741.304;852.741;1286.048;2957.040;74.172;1700.876;2890.868;765.046;254.447;822.206;462.146;2905.724;469.074;677.774;2981.911;2898.394;2097.997;3310.609;80.874;3605.734;2116.340;1007.442;3178.084;2390.439;3555.379;360.087;2032.475;1730.430;2320.304;865.364;4.481;1896.873;1229.890;3254.735;1614.562;1517.432;2375.436;1830.035;3529.860;2792.529;1812.628;751.698;2234.154;2642.168;2811.917;3587.249;722.249;1512.256;1547.858;1268.266;1293.889;1759.067;1919.344;1036.643;368.637;1112.453;413.888;1063.821;2535.144;2233.239;3604.627;1961.573;1933.753;2312.274;2608.923;2156.107;2104.666;2270.145;1455.827;2816.762;2173.690;1092.801;997.815;129.691
18,31.19182252883911,17,-535.725335022419,535.725335022419,0.2960684563450813,828.407;3239.407;793.470;3249.148;1596.784;2307.125;2678.984;1858.873;1169.505;520.342;301.134;2621.271;1663.763;744.831;3104.664;1098.811;1482.115;1156.221;2195.044;2006.939;2104.423;877.578;1105.326;873.271;1208.151;450.779;575.764;3471.783;3449.177;569.037;262.733;745.350;2536.863;2696.943;104.410;2176.586;10.522;1914.371;2303.028;3600.609;978.785;2895.799;3166.495;3559.625;-0.594;1601.416;3611.210;1398.999;3044.928;1891.837;2715.668;1789.789;108.298;155.179;390.652;894.235;3517.223;2389.166;3057.890;1956.010;2322.437;3035.936;3401.315;3299.419;3104.171;355.474;1155.735;61.989;2098.285;2828.594;-5.172;541.899;1378.826;805.851;2748.568;1317.951;2301.256;1811.934;2034.803;3430.624;3476.060;417.963;2999.105;1098.858;271.264;1316.407;1998.707;3460.200;1379.879;-12.653;3180.601;548.797;1643.842;3073.461;1930.789;1527.920;2726.656;-8.714;2053.642;1515.177,3597.037;2915.162;26.735;644.076;1563.718;2408.175;1153.486;1237.753;3315.565;3359.021;1394.953;3206.143;1009.988;386.377;1747.799;2402.549;3117.692;3607.083;2916.030;2737.590;2564.400;2566.100;2792.948;3393.095;1452.640;247.872;746.985;837.312;1275.501;2970.706;89.977;1716.220;2888.690;778.914;246.239;807.452;478.069;2891.828;453.700;693.504;2983.899;2891.859;2095.346;3294.732;64.526;3590.213;2100.649;991.569;3194.105;2374.309;3541.026;354.748;2048.118;1714.265;2332.289;878.510;5.305;1887.294;1215.357;3268.711;1602.722;1533.804;2367.252;1824.645;3545.951;2805.348;1827.097;742.301;2247.709;2636.059;2806.131;3601.827;705.918;1496.805;1533.658;1257.981;1308.783;1773.757;1906.285;1052.692;352.872;1128.351;397.620;1073.151;2549.727;2242.525;3598.520;1965.446;1917.987;2306.557;2624.392;2145.450;2117.980;2273.555;1445.656;2818.649;2189.631;1109.059;1014.181;118.484
19,33.110668897628784,18,-536.7587283490445,536.7587283490445,0.2880421981396856,822.492;3227.660;778.650;3261.505;1583.018;2313.949;2666.183;1865.561;1184.587;534.458;313.737;2633.778;1671.646;760.724;3120.410;1114.987;1475.855;1140.651;2209.645;1993.903;2095.059;863.894;1102.701;863.146;1213.132;454.368;584.847;3478.576;3433.247;552.846;259.781;739.563;2523.378;2710.234;93.785;2168.984;-2.810;1918.047;2318.144;3600.768;994.220;2910.421;3166.114;3575.161;-0.140;1586.955;3598.294;1383.743;3056.245;1906.929;2731.297;1774.214;95.565;139.538;404.787;881.484;3500.978;2403.553;3072.922;1972.175;2306.224;3025.538;3416.180;3297.757;3119.868;368.753;1142.825;49.171;2110.620;2822.072;-5.536;526.149;1392.093;811.693;2757.153;1303.353;2317.532;1826.854;2024.665;3434.317;3481.448;403.597;2984.586;1096.092;262.268;1321.761;1994.817;3461.428;1363.687;3.032;3194.461;537.221;1628.315;3068.847;1941.303;1539.080;2711.449;4.978;2037.343;1513.008,3604.754;2915.507;11.958;634.829;1576.093;2417.493;1137.678;1223.852;3331.713;3345.989;1379.158;3222.078;1011.408;402.006;1732.272;2418.197;3107.174;3596.953;2901.426;2734.675;2549.791;2568.113;2778.102;3377.300;1464.718;231.913;731.865;849.841;1286.757;2986.981;77.855;1714.014;2903.086;766.153;260.774;794.220;494.403;2904.260;462.979;681.726;2983.535;2875.875;2097.896;3284.482;56.589;3589.885;2085.623;1006.414;3202.757;2376.118;3555.211;367.514;2063.501;1725.625;2347.729;891.372;-4.815;1876.798;1213.174;3283.236;1602.272;1542.429;2355.463;1824.459;3556.078;2794.593;1814.052;758.052;2232.042;2651.538;2821.835;3617.647;690.474;1484.764;1543.031;1270.029;1324.661;1758.929;1915.186;1044.958;339.441;1119.402;390.183;1057.786;2536.780;2253.982;3604.757;1964.509;1930.579;2310.014;2629.027;2132.626;2128.741;2274.865;1432.015;2827.103;2177.287;1124.118;1006.532;119.993
20,34.82754564285278,19,-537.200380843271,537.200380843271,0.3804751576523582,836.240;3211.485;762.487;3246.565;1598.217;2329.580;2654.880;1851.554;1171.906;548.194;298.420;2624.614;1683.125;776.806;3109.342;1103.964;1464.600;1151.642;2223.900;1977.655;2103.742;848.136;1118.334;865.489;1225.049;469.406;600.542;3474.819;3445.084;541.121;246.426;730.052;2507.624;2698.838;99.655;2179.991;7.382;1932.296;2334.009;3614.700;1000.240;2926.739;3155.437;3590.208;-15.256;1601.261;3611.677;1375.890;3072.430;1892.192;2745.539;1771.477;79.774;124.020;398.935;865.376;3484.929;2419.519;3064.241;1988.463;2290.123;3031.439;3432.158;3293.183;3133.876;358.126;1157.796;32.935;2101.482;2806.024;4.785;517.267;1378.841;804.438;2744.116;1296.185;2332.520;1819.061;2025.764;3449.877;3474.624;419.081;2970.093;1080.356;253.978;1320.881;1978.882;3463.040;1377.964;0.652;3210.723;552.787;1612.951;3055.384;1957.415;1525.370;2702.841;9.907;2022.790;1497.912,3596.118;2931.385;1.760;619.647;1560.229;2432.919;1148.825;1216.722;3342.144;3329.795;1386.122;3231.585;996.330;416.532;1717.288;2433.995;3091.035;3611.870;2895.000;2723.300;2536.000;2583.995;2762.514;3386.186;1480.724;216.737;718.335;840.062;1271.350;2977.935;86.287;1729.788;2919.388;753.008;272.992;778.610;481.416;2890.604;450.435;695.553;2993.220;2884.349;2100.507;3297.397;40.639;3577.053;2078.139;991.589;3193.181;2364.526;3542.927;353.919;2077.887;1741.106;2338.919;907.581;8.259;1892.390;1227.003;3272.729;1618.181;1537.536;2339.292;1838.221;3571.312;2808.973;1797.872;773.464;2220.766;2653.902;2838.174;3602.228;692.600;1476.015;1527.917;1284.971;1311.015;1772.398;1899.914;1055.213;348.799;1103.575;384.513;1062.633;2521.636;2269.735;3589.539;1952.572;1946.760;2294.400;2614.888;2118.692;2121.501;2277.937;1417.180;2843.184;2192.624;1118.283;1020.292;135.747
21,36.70680332183838,20,-537.9172156508074,537.9172156508074,0.30706810537198664,834.440;3224.800;763.451;3242.943;1596.775;2341.713;2664.903;1866.862;1186.375;564.390;285.759;2608.711;1668.169;793.176;3104.799;1112.115;1474.615;1136.856;2212.805;1961.594;2117.907;840.248;1126.863;881.357;1216.751;485.489;585.134;3489.759;3460.175;524.954;231.273;742.686;2505.742;2713.765;93.143;2193.389;20.329;1944.359;2341.482;3599.867;995.359;2928.286;3147.105;3604.163;-0.633;1614.446;3601.026;1359.830;3078.851;1906.553;2759.434;1755.758;64.468;111.190;403.366;849.035;3498.690;2434.856;3078.855;1990.364;2273.752;3040.029;3422.437;3294.522;3149.697;352.680;1150.757;23.577;2085.756;2801.816;-10.703;501.170;1394.124;788.600;2729.590;1283.811;2331.744;1803.649;2041.681;3461.614;3459.621;409.097;2953.823;1093.209;252.122;1305.054;1979.415;3470.000;1364.955;0.918;3226.218;565.178;1626.053;3044.844;1966.739;1509.115;2694.757;-2.775;2006.627;1512.100,3611.249;2942.451;-13.895;603.339;1553.860;2449.065;1156.133;1219.848;3342.612;3339.463;1371.125;3220.183;996.286;419.046;1727.212;2450.349;3074.929;3596.878;2909.434;2707.125;2520.070;2600.327;2764.680;3375.975;1469.335;231.121;733.921;855.139;1282.431;2982.530;97.136;1723.217;2925.035;764.128;268.822;773.230;465.623;2901.424;434.218;682.627;2977.828;2900.431;2090.288;3283.397;24.667;3592.178;2090.516;982.580;3208.845;2379.981;3557.581;337.712;2088.749;1746.751;2322.897;902.967;-3.939;1907.328;1214.537;3263.194;1609.565;1532.456;2349.983;1844.919;3587.250;2816.716;1801.362;759.282;2204.762;2638.423;2830.034;3598.300;708.392;1490.952;1517.611;1300.931;1295.371;1788.639;1891.399;1070.812;364.088;1087.340;371.515;1047.169;2508.063;2254.784;3595.004;1949.739;1934.621;2278.105;2627.859;2132.799;2105.444;2266.965;1432.839;2841.768;2198.201;1107.966;1006.529;142.111
22,38.61104679107666,21,-538.697940399913,538.697940399913,0.36204683978388735,821.769;3216.984;756.438;3249.931;1603.030;2357.903;2651.460;1872.283;1200.458;570.609;292.280;2620.815;1658.383;793.462;3088.811;1128.176;1458.902;1137.705;2227.056;1975.640;2103.283;825.238;1139.411;896.442;1201.039;488.283;581.062;3506.060;3446.198;531.157;214.959;730.835;2519.664;2729.834;108.522;2204.255;22.392;1932.603;2329.000;3598.196;980.203;2941.538;3135.851;3594.262;6.835;1630.184;3611.208;1370.090;3064.603;1922.671;2744.634;1740.051;67.367;95.514;407.524;833.495;3514.299;2447.420;3068.211;1975.239;2266.686;3055.884;3423.832;3309.459;3165.584;337.678;1134.960;8.140;2069.618;2787.147;4.231;486.663;1394.569;788.942;2727.030;1298.406;2331.435;1815.185;2040.948;3467.151;3443.361;396.101;2941.204;1094.987;265.979;1288.820;1978.685;3473.204;1375.601;-8.618;3237.104;549.936;1616.026;3033.315;1952.854;1523.338;2709.476;-18.450;2021.118;1523.541,3596.185;2940.060;1.593;614.732;1546.398;2434.071;1171.665;1203.959;3358.554;3355.554;1371.634;3235.685;980.857;403.208;1713.011;2466.721;3058.582;3607.952;2925.712;2691.819;2533.788;2596.755;2764.594;3359.971;1480.870;247.381;749.797;866.888;1298.158;2966.850;82.589;1737.767;2936.977;755.675;283.500;757.232;450.714;2901.294;418.052;668.560;2985.045;2916.659;2075.320;3298.411;9.083;3599.890;2106.486;966.849;3223.224;2396.224;3573.839;349.484;2104.871;1730.961;2331.511;887.058;10.976;1899.475;1199.732;3247.093;1621.233;1545.953;2348.978;1843.029;3577.932;2832.763;1811.688;743.834;2189.409;2624.002;2814.097;3585.599;724.336;1475.623;1501.484;1294.851;1297.880;1774.926;1907.122;1087.017;349.674;1098.222;355.299;1057.885;2523.866;2241.417;3607.643;1948.965;1918.561;2291.541;2640.084;2117.294;2117.451;2264.467;1447.657;2831.406;2211.627;1091.906;1019.847;158.017
23,40.319912910461426,22,-539.5066993685091,539.5066993685091,0.23288611568506984,805.575;3231.676;772.161;3265.955;1619.038;2370.809;2635.231;1888.162;1216.714;555.223;276.947;2616.772;1650.730;808.542;3072.480;1142.612;1443.643;1123.039;2212.263;1991.475;2087.112;838.358;1123.960;909.177;1216.494;473.012;567.660;3519.840;3431.212;536.276;227.396;714.773;2535.892;2746.091;94.015;2188.409;6.787;1916.652;2341.289;3595.307;989.110;2957.739;3151.454;3603.967;8.867;1618.533;3596.134;1376.858;3048.445;1938.400;2728.613;1723.899;78.980;105.101;423.202;840.225;3530.314;2463.588;3082.591;1989.074;2250.662;3072.143;3439.546;3295.420;3151.722;352.994;1128.042;3.317;2053.739;2784.519;14.552;475.160;1380.674;798.085;2711.190;1283.449;2346.983;1801.487;2056.234;3451.817;3444.103;410.208;2925.159;1092.356;282.130;1272.789;1994.401;3457.621;1390.135;6.988;3253.032;533.629;1602.773;3019.726;1938.432;1537.792;2720.348;-2.856;2026.636;1518.448,3598.954;2925.006;5.613;611.401;1562.056;2426.222;1157.603;1215.998;3360.146;3371.386;1357.751;3231.456;980.753;389.026;1728.245;2482.287;3047.848;3595.392;2914.149;2706.899;2522.175;2582.231;2748.685;3354.219;1494.200;242.492;742.915;879.324;1288.539;2980.995;66.557;1726.718;2928.323;742.136;299.766;741.178;454.637;2916.981;424.255;681.606;3001.064;2911.808;2088.169;3314.526;3.187;3615.811;2090.905;979.615;3231.144;2394.405;3590.043;334.299;2090.312;1737.078;2316.041;874.572;13.956;1883.440;1198.403;3261.778;1637.055;1531.651;2364.779;1827.402;3581.961;2818.891;1827.326;748.884;2173.097;2608.096;2828.372;3596.822;713.087;1480.847;1485.189;1279.041;1288.443;1768.984;1923.431;1076.790;333.411;1087.140;363.923;1073.802;2540.198;2225.494;3591.855;1964.572;1922.349;2307.661;2653.507;2101.013;2129.334;2272.871;1435.952;2846.465;2208.503;1101.987;1005.269;143.055
24,42.18014121055603,23,-540.4764972143741,540.4764972143741,0.37413077239007236,810.298;3239.496;787.940;3279.077;1635.281;2386.753;2637.003;1889.645;1228.235;538.923;284.568;2622.194;1666.341;812.822;3060.027;1146.197;1455.739;1107.210;2207.171;1992.388;2091.893;832.800;1110.789;925.222;1214.651;477.102;582.927;3509.228;3414.943;541.879;213.420;720.963;2547.355;2756.233;78.985;2178.159;21.539;1900.640;2356.273;3608.700;982.710;2947.784;3147.099;3588.413;8.626;1603.410;3602.349;1361.072;3052.150;1949.536;2733.077;1707.739;63.302;93.931;439.516;825.372;3542.245;2466.977;3098.834;2003.915;2253.111;3088.385;3440.787;3280.721;3162.615;366.515;1134.939;-12.531;2044.209;2798.226;7.766;459.234;1395.712;783.131;2694.951;1267.962;2337.838;1785.266;2072.511;3465.934;3444.269;414.530;2914.374;1108.169;278.243;1265.062;1984.107;3453.369;1397.589;4.097;3269.172;528.047;1586.588;3035.049;1942.504;1546.400;2705.528;-3.333;2032.001;1507.850,3603.981;2908.723;-7.781;595.676;1572.253;2410.294;1172.054;1202.714;3351.070;3368.214;1341.527;3236.330;994.748;375.907;1720.771;2472.311;3037.932;3608.648;2923.075;2706.105;2537.503;2596.753;2733.881;3338.696;1478.896;227.770;735.912;891.786;1301.191;2997.032;81.464;1711.560;2912.276;753.889;301.908;725.697;470.509;2932.929;419.204;697.678;3013.660;2907.811;2097.774;3324.245;-12.772;3600.420;2080.490;993.697;3239.562;2383.408;3600.561;341.750;2098.317;1728.774;2303.256;889.532;5.882;1884.721;1186.442;3260.063;1640.992;1515.441;2378.768;1840.872;3597.906;2811.390;1814.346;745.648;2174.557;2619.913;2822.811;3611.947;697.693;1495.917;1469.927;1290.479;1272.423;1782.677;1919.190;1060.714;328.065;1071.730;359.764;1068.742;2538.810;2231.310;3596.505;1950.441;1938.269;2322.367;2660.175;2091.067;2145.396;2288.912;1449.230;2861.411;2192.608;1108.024;989.749;127.199
25,44.068936824798584,24,-540.6798401259962,540.6798401259962,0.44278465116158766,826.127;3224.421;773.966;3265.353;1628.056;2403.022;2652.481;1903.896;1216.095;529.241;281.348;2638.090;1658.012;802.028;3075.283;1161.377;1444.370;1115.969;2218.837;1976.743;2107.154;848.271;1094.805;919.256;1226.294;463.212;572.983;3493.811;3409.157;557.789;222.777;705.484;2539.288;2741.424;62.731;2178.111;37.780;1914.378;2367.776;3595.009;998.489;2945.210;3147.933;3598.243;21.469;1606.022;3617.224;1373.148;3066.023;1947.924;2718.436;1721.815;69.391;98.062;450.879;827.701;3557.747;2481.703;3088.216;1998.674;2260.726;3080.525;3456.457;3272.482;3178.214;351.485;1150.922;2.845;2032.811;2784.636;-8.001;444.580;1388.740;794.785;2684.007;1256.544;2351.696;1791.189;2061.651;3481.219;3442.129;398.833;2929.752;1096.504;266.669;1250.070;1999.000;3437.464;1381.795;-10.353;3266.062;535.030;1600.337;3051.173;1931.925;1562.434;2689.320;8.930;2017.720;1491.871,3605.237;2896.440;5.953;606.957;1558.001;2405.814;1178.297;1186.962;3339.288;3353.015;1353.102;3252.072;980.271;360.426;1705.275;2486.171;3035.240;3600.253;2907.895;2698.693;2543.864;2582.425;2746.865;3322.615;1489.343;240.724;720.009;880.054;1285.881;2983.804;76.187;1722.034;2896.204;738.145;286.272;717.476;486.145;2944.043;403.266;686.733;3005.079;2923.164;2113.317;3310.997;-3.040;3601.683;2067.500;1009.705;3255.583;2398.735;3613.913;327.205;2083.446;1714.820;2318.652;897.108;-9.754;1871.497;1200.741;3260.618;1656.877;1502.368;2388.001;1841.661;3613.926;2826.110;1798.231;729.881;2165.058;2627.081;2837.235;3596.919;710.310;1483.038;1472.776;1301.638;1257.525;1770.151;1924.461;1073.464;322.692;1067.480;343.886;1057.050;2538.719;2223.218;3591.022;1964.132;1948.365;2335.151;2645.856;2083.890;2159.748;2278.896;1451.899;2859.342;2198.805;1122.942;1000.746;141.679
26,45.98381948471069,25,-540.590863707459,540.590863707459,0.38763827881639434,842.033;3236.798;757.897;3250.637;1641.378;2419.330;2662.007;1915.109;1200.045;513.356;297.122;2642.349;1642.140;815.979;3078.459;1177.539;1456.247;1102.473;2223.153;1960.810;2123.176;857.601;1102.332;931.761;1224.288;478.548;556.933;3489.186;3400.826;561.734;212.815;693.997;2524.686;2731.528;47.450;2166.784;47.971;1930.492;2383.858;3605.224;1014.774;2930.691;3146.682;3606.839;37.181;1621.764;3602.146;1371.559;3081.574;1936.150;2702.431;1735.314;54.720;112.189;466.975;843.263;3544.311;2497.260;3073.270;1983.013;2276.209;3092.934;3469.581;3258.023;3194.494;336.848;1152.891;10.941;2016.856;2799.218;6.087;448.550;1394.570;779.751;2686.034;1240.673;2342.699;1792.707;2053.380;3473.146;3458.011;383.442;2943.776;1108.600;281.326;1234.187;2007.811;3444.762;1366.633;4.802;3251.535;522.057;1607.673;3056.523;1915.848;1576.685;2673.222;5.473;2015.372;1476.570,3620.996;2880.349;-7.546;605.468;1544.179;2421.209;1163.247;1192.041;3354.692;3366.067;1368.764;3267.267;964.172;375.801;1713.659;2486.953;3051.078;3612.238;2892.082;2683.113;2528.476;2594.284;2746.056;3306.358;1505.207;231.548;730.980;883.020;1269.817;2967.982;83.608;1707.686;2879.943;750.913;287.791;702.350;488.168;2959.993;398.144;670.858;2989.942;2939.340;2120.620;3297.995;-5.327;3602.047;2051.353;1023.356;3256.474;2411.754;3598.470;311.006;2090.940;1726.496;2321.934;908.916;5.770;1855.360;1216.883;3276.306;1642.518;1517.428;2384.370;1826.782;3598.840;2819.037;1811.874;719.815;2178.348;2624.358;2852.883;3600.227;695.829;1467.116;1462.137;1317.735;1272.313;1783.189;1938.204;1081.273;306.840;1063.901;356.784;1041.584;2524.093;2238.002;3575.333;1968.511;1934.383;2351.304;2661.236;2076.698;2146.522;2281.833;1437.559;2874.675;2191.022;1139.114;1014.954;139.062
27,47.69924354553223,26,-540.701448348683,540.701448348683,0.1534776741085416,846.601;3251.897;758.209;3234.600;1656.750;2429.578;2676.506;1929.022;1195.641;497.379;307.784;2643.670;1657.144;831.726;3093.490;1188.556;1441.917;1086.363;2239.046;1952.815;2110.946;842.348;1100.456;947.862;1209.898;493.665;557.197;3504.564;3415.628;546.010;225.578;692.649;2533.216;2715.501;50.388;2182.209;32.597;1935.865;2376.976;3590.065;1029.609;2935.492;3130.826;3591.280;21.897;1617.658;3602.046;1360.430;3093.350;1951.636;2688.365;1723.016;38.577;96.628;478.777;832.128;3553.891;2513.407;3088.109;1989.368;2277.191;3083.220;3455.073;3272.273;3202.450;349.475;1143.665;26.732;2009.157;2810.342;1.063;459.630;1379.220;769.169;2670.368;1224.495;2326.686;1786.705;2037.765;3457.878;3474.104;368.271;2945.884;1122.657;282.404;1218.250;2006.460;3451.676;1370.317;19.543;3259.405;506.462;1620.334;3056.703;1899.929;1591.453;2660.234;-8.990;1999.656;1472.939,3605.522;2894.150;4.440;620.545;1542.379;2425.397;1147.114;1178.734;3368.615;3352.153;1358.962;3256.760;957.981;364.022;1704.962;2471.731;3065.675;3597.967;2902.394;2693.337;2514.259;2608.435;2730.839;3309.211;1518.102;244.223;721.531;867.232;1265.139;2980.078;68.015;1721.702;2886.858;739.118;302.810;698.718;472.681;2970.192;382.479;678.514;2976.144;2948.171;2105.104;3281.968;10.420;3589.842;2043.148;1009.222;3272.317;2424.527;3596.984;313.080;2075.595;1711.411;2320.276;924.574;8.712;1839.771;1232.830;3287.357;1640.639;1521.581;2371.184;1840.215;3601.857;2833.159;1804.951;734.709;2194.266;2610.288;2839.550;3590.642;705.452;1468.041;1446.076;1322.236;1288.500;1799.001;1953.627;1073.592;310.216;1048.123;342.664;1025.331;2524.356;2228.514;3590.189;1979.645;1921.237;2346.115;2654.819;2090.603;2159.625;2296.726;1431.022;2860.853;2175.733;1131.134;1001.279;140.537
28,49.57560896873474,27,-540.9833359392584,540.9833359392584,0.37133326295263275,862.227;3268.115;774.001;3218.970;1642.557;2443.763;2678.121;1913.717;1210.843;483.178;307.274;2659.537;1647.297;816.033;3079.903;1174.116;1426.004;1089.711;2250.094;1937.534;2119.874;828.002;1115.567;933.220;1193.740;508.914;543.543;3489.699;3431.805;529.859;241.702;708.158;2518.503;2699.765;35.088;2198.074;22.767;1951.777;2388.800;3604.192;1042.533;2951.239;3142.991;3599.332;8.716;1633.365;3613.240;1374.610;3106.860;1942.917;2672.255;1725.325;24.299;81.494;494.543;832.875;3569.696;2501.562;3078.051;1973.660;2291.578;3098.745;3468.804;3288.006;3218.386;338.015;1159.043;25.628;1994.714;2809.186;-8.778;445.262;1363.505;771.526;2676.106;1221.027;2310.443;1802.521;2021.624;3471.695;3477.362;368.904;2961.169;1124.844;298.070;1202.019;2016.218;3436.306;1384.847;16.113;3243.950;491.071;1605.986;3041.031;1914.489;1596.948;2666.945;6.579;2008.868;1488.283,3598.075;2903.410;-9.829;609.734;1557.917;2420.410;1143.742;1189.696;3354.230;3362.869;1372.886;3240.760;945.018;376.950;1718.706;2463.111;3081.593;3609.182;2889.394;2680.037;2524.214;2623.747;2719.075;3317.119;1505.493;234.830;710.164;851.462;1279.357;2989.865;61.116;1736.885;2883.763;748.920;288.779;682.879;484.496;2971.421;383.207;690.380;2991.105;2963.551;2090.955;3278.405;10.328;3585.822;2055.236;997.025;3270.834;2440.109;3607.929;327.968;2060.015;1695.665;2336.005;937.121;1.514;1849.177;1221.825;3302.196;1630.342;1507.195;2381.769;1853.418;3612.825;2840.354;1794.676;728.391;2186.910;2594.408;2824.348;3578.559;703.950;1453.024;1445.795;1337.674;1291.646;1786.467;1969.849;1077.292;321.975;1031.867;327.601;1012.466;2526.534;2239.871;3604.259;1983.013;1923.483;2330.284;2668.996;2106.030;2145.078;2298.409;1415.243;2872.131;2178.951;1146.203;987.273;124.747
29,51.4795606136322,28,-541.3670406574315,541.3670406574315,0.20533306294961995,850.536;3253.676;789.283;3202.740;1644.032;2435.151;2693.326;1928.578;1214.593;483.456;292.445;2675.710;1640.843;810.380;3075.557;1158.024;1415.104;1105.573;2252.761;1926.195;2130.571;811.928;1131.454;919.075;1177.906;523.283;527.400;3496.746;3447.842;515.208;257.882;695.642;2502.728;2712.074;27.188;2206.271;18.823;1960.619;2373.997;3598.482;1043.351;2956.675;3156.694;3602.086;-7.320;1626.416;3598.150;1359.655;3093.484;1958.064;2658.214;1725.792;37.448;66.855;479.733;817.160;3584.704;2491.982;3090.908;1979.949;2279.051;3095.407;3478.728;3282.585;3234.154;322.258;1171.660;10.029;1978.626;2793.645;6.631;429.278;1378.169;785.376;2663.083;1235.881;2305.767;1804.427;2007.550;3467.617;3491.836;374.057;2976.267;1138.925;313.555;1208.270;2000.444;3423.674;1400.812;0.490;3258.004;506.176;1591.645;3055.654;1905.982;1585.022;2655.460;11.488;1997.632;1501.094,3608.460;2919.183;5.155;594.783;1571.094;2404.538;1146.461;1205.736;3338.058;3347.868;1371.955;3253.694;957.877;392.455;1703.408;2475.485;3072.239;3594.049;2873.891;2664.087;2540.203;2638.067;2732.315;3333.065;1510.089;247.814;721.092;864.596;1265.780;3005.376;45.200;1729.431;2898.985;764.783;274.675;683.562;472.402;2965.142;367.433;675.546;3007.135;2952.948;2102.264;3290.545;24.868;3601.587;2071.304;1011.825;3261.254;2424.749;3592.807;339.354;2052.719;1709.952;2345.185;953.152;-8.994;1842.378;1235.727;3314.429;1621.556;1492.436;2367.565;1846.236;3597.450;2824.720;1778.660;741.550;2171.068;2609.963;2838.566;3593.993;691.684;1462.804;1460.767;1323.213;1276.657;1773.690;1984.974;1061.999;319.780;1015.625;311.671;996.366;2541.724;2255.887;3591.809;1967.242;1939.293;2316.069;2653.979;2091.986;2156.548;2313.389;1423.800;2878.769;2194.805;1162.198;971.257;110.671
30,53.186867475509644,29,-541.6805127488599,541.6805127488599,0.4720490846823959,857.906;3244.162;801.996;3205.700;1659.601;2420.497;2682.258;1942.429;1229.845;467.771;306.875;2687.063;1625.415;815.472;3059.704;1171.846;1413.207;1102.163;2268.528;1911.059;2115.510;796.304;1117.167;906.581;1190.258;538.960;516.751;3486.678;3461.098;503.840;257.330;682.560;2517.178;2724.234;42.575;2215.484;4.559;1955.241;2385.379;3613.565;1033.654;2942.707;3170.408;3586.641;-15.763;1616.831;3606.381;1347.548;3077.787;1951.720;2644.422;1709.984;27.449;65.645;464.394;810.318;3600.228;2479.111;3106.045;1966.997;2290.180;3109.406;3494.489;3298.297;3227.823;328.800;1157.290;-5.997;1989.016;2808.832;6.212;413.081;1394.124;769.891;2667.548;1252.055;2319.689;1815.051;2012.261;3451.774;3506.978;389.912;2985.411;1123.949;316.685;1194.052;2008.327;3407.616;1415.887;-15.674;3273.874;522.182;1575.742;3048.879;1890.052;1600.285;2639.423;-1.841;2013.187;1517.185,3595.712;2909.582;11.996;608.222;1587.118;2389.753;1162.297;1208.686;3326.320;3352.772;1386.139;3261.511;973.958;407.678;1714.338;2460.193;3056.448;3591.418;2889.249;2678.903;2549.645;2654.140;2718.717;3338.703;1495.269;232.474;737.085;863.385;1249.850;3021.337;32.918;1743.052;2883.702;755.477;259.959;668.909;462.803;2949.256;358.084;660.346;3012.821;2945.919;2118.297;3306.580;38.122;3615.387;2087.451;996.698;3275.936;2408.824;3601.748;355.389;2042.942;1702.806;2358.750;968.252;6.681;1857.998;1225.674;3330.489;1637.109;1490.972;2351.424;1830.321;3605.796;2811.618;1763.076;757.654;2166.334;2614.207;2842.793;3609.542;675.689;1477.602;1454.856;1321.317;1261.159;1757.764;1972.194;1048.694;308.257;999.494;295.844;1004.624;2526.350;2242.414;3601.606;1951.523;1951.887;2329.788;2641.873;2076.175;2172.585;2299.661;1408.082;2894.666;2211.031;1170.221;955.108;94.532
31,55.04755258560181,30,-541.9319723134431,541.9319723134431,0.29660896306993995,842.623;3257.406;796.043;3204.238;1647.125;2433.277;2694.260;1943.099;1241.099;466.673;291.563;2674.450;1638.055;825.495;3057.355;1181.870;1398.387;1117.244;2259.233;1920.566;2128.328;782.357;1121.524;892.896;1183.662;547.217;529.255;3473.421;3468.419;518.553;269.658;666.478;2532.562;2736.758;36.576;2201.693;5.434;1942.764;2386.957;3599.616;1017.712;2937.530;3185.856;3593.248;-0.056;1617.773;3592.059;1360.310;3090.650;1938.335;2635.867;1703.462;34.212;50.070;450.388;794.930;3616.205;2493.489;3099.143;1966.136;2298.228;3124.667;3502.985;3289.677;3215.916;333.211;1165.343;4.556;1973.721;2813.258;-8.139;397.315;1388.213;783.236;2672.334;1258.701;2326.399;1804.601;2028.072;3457.605;3495.221;378.831;2987.102;1108.783;301.162;1180.314;2022.051;3420.999;1403.229;-1.550;3275.028;531.057;1585.718;3058.099;1891.328;1615.086;2641.620;9.264;2016.092;1528.371,3608.256;2918.027;6.688;604.671;1591.711;2393.988;1161.920;1222.715;3318.495;3342.975;1402.221;3246.221;978.183;418.829;1705.736;2456.470;3046.404;3577.820;2900.654;2685.489;2546.666;2652.506;2729.074;3349.964;1492.727;219.137;739.135;848.021;1257.241;3008.920;20.180;1731.822;2873.690;760.664;273.980;669.159;465.182;2938.510;353.404;645.070;3027.832;2945.154;2113.398;3318.870;40.787;3600.575;2099.657;989.472;3291.427;2409.511;3601.174;352.613;2029.232;1706.441;2374.728;982.150;7.607;1846.349;1214.158;3346.375;1653.046;1476.156;2335.878;1834.293;3606.570;2822.456;1769.422;743.293;2150.657;2612.889;2856.765;3595.324;667.996;1479.694;1455.182;1307.374;1245.183;1771.152;1981.896;1058.303;322.889;993.110;279.854;1013.620;2536.707;2234.885;3592.350;1938.042;1965.224;2321.591;2640.566;2060.410;2172.445;2313.931;1404.958;2898.581;2214.109;1180.745;961.330;82.918
32,56.931981801986694,31,-542.4824557783137,542.4824557783137,0.33817891060180255,826.534;3273.344;804.124;3219.710;1632.258;2433.626;2678.860;1927.663;1256.906;480.081;275.662;2658.628;1626.336;841.417;3045.433;1197.575;1412.839;1130.253;2243.935;1936.500;2137.366;766.401;1109.599;906.155;1167.798;532.245;539.156;3457.830;3481.827;520.161;284.005;659.072;2548.349;2721.884;43.335;2189.978;-10.163;1926.753;2380.979;3594.396;1002.912;2921.725;3172.551;3607.934;-11.463;1602.758;3606.298;1376.307;3078.498;1922.312;2649.285;1718.902;30.948;33.909;436.642;808.064;3600.526;2509.571;3084.055;1981.756;2283.130;3140.759;3487.605;3288.720;3200.650;320.507;1150.622;8.482;1959.202;2827.355;6.881;381.134;1372.765;797.608;2688.164;1269.765;2323.684;1819.307;2044.249;3473.311;3481.217;391.564;2971.321;1112.537;310.623;1186.394;2015.262;3422.249;1387.560;0.173;3289.101;544.948;1596.551;3043.412;1906.446;1605.284;2656.866;10.854;2031.826;1514.772,3601.683;2932.043;-6.316;588.965;1607.308;2379.887;1148.185;1225.459;3302.869;3353.867;1390.101;3249.436;986.165;410.965;1691.637;2468.922;3061.164;3561.958;2909.019;2698.909;2532.690;2640.168;2745.034;3365.880;1476.941;215.088;725.194;852.448;1270.766;3017.041;5.846;1717.884;2857.744;766.842;264.872;653.550;480.826;2953.789;337.947;654.339;3019.830;2960.872;2115.736;3330.994;54.697;3605.992;2096.626;992.539;3280.221;2422.259;3611.041;342.835;2013.889;1708.038;2379.600;966.873;-0.709;1833.411;1198.156;3336.738;1667.532;1490.750;2334.054;1841.990;3594.907;2819.958;1783.020;733.996;2161.906;2627.815;2872.084;3587.035;656.880;1495.346;1461.807;1315.360;1244.107;1761.429;1984.525;1043.970;307.489;1004.950;280.767;1029.443;2521.734;2230.252;3606.240;1931.039;1978.138;2313.577;2628.179;2047.323;2160.993;2329.862;1392.608;2883.956;2199.283;1196.611;962.703;85.680
33,58.84409689903259,32,-542.9384777802413,542.9384777802413,0.2850020211799223,828.434;3262.846;819.964;3223.426;1622.812;2418.487;2689.910;1911.857;1256.383;489.696;288.387;2672.247;1628.745;831.299;3030.499;1184.815;1428.899;1144.159;2258.919;1943.869;2121.873;750.276;1117.540;919.199;1170.330;544.774;524.009;3473.225;3466.216;504.475;298.724;659.852;2564.040;2711.166;27.846;2175.794;5.164;1913.323;2365.147;3598.054;986.862;2936.145;3184.169;3592.450;3.330;1586.802;3599.267;1367.511;3086.259;1933.980;2649.626;1720.141;15.159;19.527;420.935;793.980;3601.626;2525.749;3085.003;1994.625;2267.046;3155.840;3489.223;3275.343;3185.875;304.478;1164.580;-6.458;1943.260;2812.063;-3.785;370.187;1383.933;791.690;2675.840;1285.724;2330.066;1835.408;2059.265;3487.604;3496.376;407.578;2956.756;1098.048;326.537;1200.993;1999.416;3437.528;1399.415;-13.537;3305.070;555.796;1582.750;3033.116;1901.760;1589.372;2643.296;-4.304;2047.981;1499.192,3586.109;2948.094;8.636;573.453;1621.543;2394.153;1160.077;1209.835;3288.619;3369.826;1375.610;3265.066;973.072;396.188;1695.283;2467.954;3072.488;3576.582;2922.849;2714.658;2521.269;2626.478;2758.824;3359.737;1464.736;230.702;709.283;837.137;1279.840;3032.301;-7.203;1732.520;2854.396;782.668;264.849;637.888;479.466;2962.354;334.332;669.948;3006.065;2950.869;2130.179;3315.567;39.240;3594.026;2108.178;977.617;3265.509;2436.390;3595.425;327.233;2026.862;1722.610;2364.650;970.622;4.608;1817.404;1182.061;3320.825;1656.379;1477.435;2349.723;1827.618;3609.893;2804.884;1777.916;723.210;2173.077;2613.681;2858.757;3597.714;669.544;1483.263;1477.630;1330.339;1256.383;1759.479;2000.197;1059.263;291.350;1000.594;295.796;1021.403;2506.161;2232.168;3592.668;1915.303;1994.075;2328.814;2612.162;2031.356;2150.175;2339.563;1383.323;2888.568;2183.343;1211.984;978.346;72.457
34,60.55846309661865,33,-542.9561060197489,542.9561060197489,0.4898006193379005,823.398;3265.682;833.104;3218.263;1635.937;2402.424;2704.907;1925.583;1271.516;474.740;292.374;2686.317;1643.011;846.134;3014.394;1169.406;1418.421;1137.813;2274.913;1929.477;2111.134;753.098;1105.700;930.388;1160.716;536.472;534.784;3486.411;3470.845;509.906;313.965;670.078;2579.810;2726.417;41.133;2191.178;-7.430;1898.363;2349.695;3613.547;999.261;2952.114;3200.121;3592.224;6.854;1590.723;3611.135;1351.851;3072.561;1923.924;2633.925;1734.525;2.747;31.244;418.281;778.023;3593.831;2530.306;3072.624;1999.012;2264.652;3148.141;3503.657;3285.953;3201.125;290.805;1178.542;0.812;1952.495;2796.595;7.555;354.652;1390.426;780.922;2660.891;1301.026;2314.400;1831.488;2071.820;3475.399;3485.211;395.422;2967.250;1103.891;326.920;1217.080;1994.970;3453.430;1388.194;0.774;3318.770;541.639;1566.724;3047.354;1885.993;1587.559;2651.475;8.036;2051.233;1501.699,3592.952;2945.881;22.509;558.663;1632.143;2384.420;1172.414;1194.572;3275.828;3380.271;1382.182;3255.468;957.072;410.087;1710.364;2454.266;3083.249;3581.259;2907.572;2723.161;2536.558;2611.512;2745.442;3346.156;1448.760;224.468;693.148;834.859;1264.987;3048.172;-23.143;1747.988;2840.026;772.342;251.025;622.698;495.199;2976.778;349.916;681.510;2991.094;2952.211;2144.752;3327.997;37.961;3608.545;2098.410;982.363;3273.795;2450.213;3587.222;311.350;2012.929;1706.982;2378.837;985.228;-10.687;1803.039;1171.615;3333.321;1649.359;1491.290;2356.498;1814.336;3596.827;2788.781;1762.172;707.310;2188.997;2598.483;2872.100;3608.399;660.806;1490.445;1466.513;1343.377;1272.340;1743.784;2015.949;1075.384;294.458;984.827;281.255;1034.793;2504.866;2247.889;3606.052;1910.599;2010.056;2324.178;2627.391;2042.978;2134.236;2324.214;1389.296;2903.972;2197.733;1227.861;973.885;56.458
35,62.4328830242157,34,-543.5512518538096,543.5512518538096,0.31477601472587624,807.676;3275.373;848.679;3233.463;1651.793;2395.456;2690.561;1919.565;1287.268;459.614;304.519;2699.169;1628.175;851.428;3020.097;1162.278;1430.880;1149.789;2266.591;1926.954;2118.806;738.307;1121.296;946.279;1174.086;528.865;549.228;3500.675;3481.657;501.921;301.778;654.551;2591.192;2724.178;38.701;2207.272;4.959;1887.435;2361.043;3598.334;986.327;2951.510;3197.182;3600.673;3.373;1575.808;3597.516;1358.407;3085.939;1913.038;2621.629;1744.033;-10.733;43.131;434.010;772.614;3594.762;2518.622;3087.919;1985.757;2261.761;3160.265;3498.089;3270.780;3188.664;304.351;1166.161;-14.076;1967.805;2806.684;-5.069;341.051;1393.210;795.805;2673.092;1303.242;2326.181;1843.002;2062.063;3460.781;3473.917;380.380;2978.093;1088.336;311.192;1202.822;2000.672;3455.570;1394.224;-5.953;3333.822;549.223;1553.350;3061.628;1881.934;1589.738;2665.372;-1.937;2049.210;1514.357,3588.177;2958.009;16.883;543.481;1648.009;2368.653;1188.297;1178.474;3287.664;3395.997;1369.122;3259.152;946.379;411.735;1695.888;2468.226;3099.164;3589.706;2904.132;2707.854;2549.964;2626.543;2734.848;3358.490;1462.587;210.484;697.856;850.273;1279.562;3059.398;-8.005;1754.270;2853.057;764.932;265.945;635.183;506.245;2992.625;357.363;666.481;2975.181;2942.074;2160.818;3340.370;47.897;3595.442;2100.888;998.064;3259.223;2460.005;3597.965;295.605;1999.173;1696.071;2363.147;977.165;4.607;1806.014;1156.515;3336.393;1663.821;1479.439;2369.916;1828.812;3607.593;2799.736;1760.087;692.595;2205.086;2584.037;2858.841;3593.053;646.017;1505.912;1472.323;1327.801;1288.234;1739.624;2015.559;1062.453;280.869;971.286;274.265;1034.493;2520.597;2233.915;3592.193;1895.164;1996.390;2313.566;2631.922;2055.484;2139.948;2321.507;1373.835;2891.012;2198.006;1240.581;958.462;44.770
36,64.33276081085205,35,-544.160312778296,544.160312778296,0.3644684877482645,808.799;3266.133;864.761;3239.040;1643.653;2379.992;2690.876;1928.727;1293.654;443.545;296.860;2684.414;1641.816;836.018;3010.412;1151.273;1446.713;1165.703;2278.739;1942.319;2104.239;723.395;1124.407;932.401;1189.995;543.456;536.071;3516.343;3489.824;487.927;286.092;654.336;2607.102;2738.749;26.226;2219.123;3.082;1902.307;2346.139;3590.765;981.944;2949.141;3183.138;3616.453;17.591;1565.787;3592.984;1360.377;3101.897;1898.889;2630.560;1730.952;4.670;40.941;435.635;777.518;3606.258;2527.740;3103.769;2000.398;2246.050;3175.214;3512.112;3276.366;3184.174;294.350;1150.208;-0.327;1967.886;2819.276;0.484;331.565;1408.899;782.169;2659.182;1287.787;2337.669;1858.029;2047.547;3470.869;3488.513;370.287;2962.828;1076.473;309.946;1192.632;1986.608;3465.286;1379.036;5.073;3346.661;549.032;1568.422;3063.088;1879.170;1574.099;2681.210;11.361;2062.047;1507.492,3572.437;2973.875;31.969;556.288;1657.548;2352.839;1176.092;1165.612;3273.661;3412.096;1380.661;3244.683;930.496;396.118;1701.001;2456.305;3112.009;3603.831;2888.780;2722.925;2535.520;2640.578;2726.057;3370.099;1478.067;221.727;713.311;840.295;1292.121;3069.846;-11.361;1739.657;2838.873;753.665;282.005;650.199;496.230;3007.425;371.349;652.813;2966.952;2954.640;2157.288;3332.433;62.944;3594.940;2116.486;1006.498;3268.587;2475.838;3613.681;279.698;1983.278;1681.657;2358.829;962.893;1.031;1790.628;1143.013;3350.885;1672.095;1464.806;2384.653;1814.769;3593.637;2790.471;1774.843;694.588;2221.021;2590.966;2872.716;3598.069;660.379;1521.984;1487.857;1311.802;1302.925;1748.208;2023.635;1051.210;265.680;955.286;282.462;1047.571;2525.082;2246.191;3605.473;1880.984;1987.537;2297.677;2624.457;2071.330;2124.597;2335.755;1386.874;2875.168;2212.201;1256.537;966.871;57.484
37,66.25776958465576,36,-544.7842052137769,544.7842052137769,0.4558226795570654,819.052;3281.554;864.172;3223.723;1627.859;2388.830;2675.371;1930.457;1309.408;428.258;281.748;2668.736;1649.434;836.087;3025.577;1166.022;1443.517;1150.940;2294.153;1927.794;2109.921;735.579;1116.132;920.625;1193.054;529.911;520.875;3514.988;3485.135;475.664;298.065;669.824;2620.487;2730.581;10.342;2205.422;17.889;1918.340;2360.734;3604.246;967.247;2933.567;3167.230;3601.315;2.832;1580.840;3608.529;1375.005;3117.939;1886.246;2646.305;1715.292;8.227;25.254;429.891;763.590;3620.591;2518.468;3099.347;1988.188;2257.089;3163.962;3497.759;3291.537;3169.889;300.794;1149.938;8.678;1953.448;2805.291;-14.314;344.095;1410.109;788.192;2673.377;1272.887;2337.944;1844.692;2062.732;3463.215;3473.587;385.193;2969.435;1067.934;313.044;1178.899;2000.363;3451.213;1378.996;-8.503;3353.574;564.359;1572.724;3078.715;1890.584;1577.489;2695.156;2.242;2047.649;1521.996,3586.045;2979.059;20.339;570.051;1658.081;2344.911;1161.220;1169.931;3288.632;3401.749;1396.544;3258.975;942.081;402.750;1713.217;2468.934;3098.885;3589.140;2883.542;2719.654;2538.873;2651.557;2740.654;3355.232;1491.618;222.915;700.268;840.465;1283.650;3070.701;3.771;1750.801;2847.870;768.830;272.606;637.849;482.595;3020.382;365.914;659.495;2979.338;2970.523;2141.642;3317.925;47.986;3608.175;2102.625;993.133;3253.708;2465.479;3598.701;288.666;1987.631;1684.860;2353.714;972.519;5.719;1777.581;1127.108;3342.538;1687.448;1472.495;2398.996;1818.109;3602.682;2803.973;1762.765;710.237;2213.433;2594.967;2859.034;3613.474;647.779;1519.338;1502.239;1298.669;1290.879;1742.103;2039.419;1037.930;249.629;965.860;284.172;1032.333;2527.737;2251.726;3592.881;1895.640;1973.154;2309.131;2619.672;2086.991;2128.133;2351.330;1380.245;2882.906;2200.659;1245.428;952.110;42.974
38,67.98294854164124,37,-545.0287326512707,545.0287326512707,0.3117000758102918,826.084;3270.915;857.759;3208.243;1632.685;2404.609;2681.276;1945.699;1310.771;412.344;265.863;2682.127;1665.127;820.787;3039.673;1165.801;1432.759;1163.060;2283.309;1917.818;2095.108;751.379;1109.745;904.743;1198.206;543.887;504.866;3527.621;3500.352;459.794;282.924;685.335;2629.657;2745.046;13.149;2189.814;18.123;1934.015;2355.375;3591.122;952.279;2932.841;3156.226;3608.913;-8.122;1566.628;3610.923;1391.007;3103.939;1897.340;2653.587;1723.847;5.396;32.259;419.727;775.834;3604.992;2531.811;3113.694;1998.745;2249.465;3149.178;3505.046;3282.071;3159.933;311.536;1134.557;23.955;1964.918;2806.300;0.875;360.010;1396.577;789.297;2670.796;1265.848;2353.015;1850.521;2067.161;3478.544;3483.981;399.949;2954.652;1052.245;319.688;1163.250;2013.447;3435.245;1394.320;6.485;3369.315;550.119;1563.941;3076.622;1875.332;1589.718;2705.295;-13.267;2057.542;1506.731,3601.423;2988.770;19.732;555.357;1642.666;2359.574;1145.318;1171.147;3304.552;3388.622;1395.778;3273.194;946.340;388.905;1700.194;2454.429;3084.974;3587.117;2877.368;2734.106;2527.005;2647.608;2754.596;3347.894;1503.020;207.461;711.380;825.712;1287.751;3068.581;14.851;1735.677;2861.813;784.857;286.792;622.950;469.162;3036.309;350.211;671.291;2987.663;2956.482;2135.916;3301.993;32.053;3592.875;2108.380;977.676;3269.040;2451.794;3598.490;300.941;2002.888;1700.508;2344.176;957.730;-4.500;1787.068;1111.092;3327.988;1693.718;1462.272;2384.774;1802.702;3590.352;2819.519;1754.902;701.168;2198.299;2610.658;2853.335;3598.680;645.732;1514.477;1488.494;1308.932;1304.684;1757.701;2053.823;1052.375;247.169;981.581;269.466;1016.955;2530.345;2237.743;3601.647;1911.645;1987.996;2324.973;2603.972;2072.332;2114.025;2367.344;1364.527;2898.330;2185.064;1230.353;937.391;35.877
39,69.86926054954529,38,-545.9245299523577,545.9245299523577,0.3416607817237602,840.951;3275.567;873.200;3221.890;1639.493;2407.530;2694.930;1961.112;1317.271;401.891;265.613;2682.569;1669.396;805.514;3037.054;1150.240;1447.824;1162.248;2283.186;1926.499;2090.399;738.846;1094.136;904.073;1205.204;540.761;499.666;3541.196;3491.776;470.871;289.377;671.871;2645.409;2759.527;3.082;2178.427;27.353;1939.931;2360.150;3601.091;966.958;2942.875;3165.467;3595.860;6.780;1571.346;3596.508;1377.878;3098.945;1897.793;2638.414;1739.487;-0.432;25.866;421.267;766.644;3595.486;2534.926;3128.199;2006.788;2253.207;3133.195;3520.066;3295.042;3174.421;296.130;1127.941;9.890;1980.764;2791.753;1.518;345.595;1408.499;800.652;2657.969;1281.034;2338.433;1835.909;2068.911;3473.504;3486.193;385.510;2941.252;1061.387;332.543;1177.520;2002.460;3434.725;1408.801;-4.298;3377.089;537.959;1557.576;3083.739;1860.478;1575.085;2720.186;2.085;2050.727;1492.411,3614.341;3004.554;30.811;545.266;1628.869;2349.977;1157.771;1165.343;3297.309;3402.183;1381.040;3261.554;931.142;374.264;1684.310;2446.465;3099.911;3571.905;2891.964;2747.153;2530.693;2662.822;2742.181;3361.093;1518.817;193.465;726.876;840.322;1303.411;3084.208;1.145;1742.635;2852.449;784.878;302.643;629.177;464.721;3025.438;354.716;656.075;2973.007;2941.000;2122.350;3313.525;27.255;3591.291;2093.767;989.888;3276.623;2452.804;3610.935;285.760;1997.640;1691.373;2349.553;941.916;10.697;1802.560;1112.968;3342.798;1678.126;1476.779;2399.754;1792.140;3603.679;2805.490;1766.455;689.022;2211.423;2596.546;2868.477;3592.871;630.551;1498.877;1492.296;1313.914;1293.631;1772.747;2038.493;1037.728;231.883;994.444;253.484;1030.446;2522.039;2250.944;3615.194;1920.152;1981.543;2316.984;2616.364;2073.381;2125.852;2357.200;1358.826;2884.356;2198.221;1218.711;934.081;50.857
40,71.7827935218811,39,-546.2229509220726,546.2229509220726,0.38745432412228425,825.536;3260.882;879.229;3230.989;1654.468;2404.144;2710.792;1962.779;1315.868;411.408;250.158;2681.239;1684.880;792.362;3022.677;1146.086;1463.475;1151.530;2298.576;1932.358;2100.475;751.229;1106.570;907.774;1190.166;551.867;514.502;3557.103;3503.704;456.530;297.261;659.012;2638.594;2744.532;14.973;2192.509;13.161;1954.871;2351.103;3614.221;954.686;2957.887;3151.922;3603.140;-5.384;1586.212;3610.510;1392.051;3110.414;1882.191;2651.648;1753.133;-0.957;10.352;426.876;751.344;3607.088;2550.492;3118.409;1991.301;2239.016;3147.100;3507.261;3282.827;3169.228;309.411;1112.383;21.595;1969.388;2801.104;-7.332;331.751;1394.183;816.468;2672.615;1290.247;2348.257;1845.318;2084.487;3461.171;3471.603;380.023;2928.978;1071.752;317.925;1165.184;2017.685;3429.902;1393.664;8.824;3392.789;551.859;1573.016;3068.671;1844.589;1572.276;2732.571;6.473;2065.543;1476.493,3602.108;3018.517;16.248;534.834;1631.235;2334.262;1172.070;1149.776;3286.524;3402.344;1391.121;3245.721;917.263;371.680;1696.441;2430.763;3107.352;3555.927;2907.887;2761.926;2546.049;2673.138;2754.177;3376.979;1534.151;177.618;742.633;842.461;1318.497;3097.460;-12.946;1736.657;2838.302;770.201;292.945;632.434;480.098;3009.907;367.932;640.093;2986.829;2928.127;2136.577;3327.398;25.256;3586.210;2077.813;1005.392;3289.793;2437.730;3596.352;269.931;2008.029;1675.957;2363.532;929.018;14.038;1817.889;1097.589;3335.645;1674.168;1486.624;2414.360;1805.355;3611.384;2795.124;1782.003;702.056;2213.514;2594.229;2867.733;3593.743;614.569;1482.894;1478.146;1329.048;1277.862;1775.270;2031.524;1033.499;217.175;1006.453;257.255;1021.260;2528.899;2239.101;3600.144;1911.564;1981.908;2301.477;2630.506;2077.771;2141.104;2347.756;1356.726;2874.612;2210.083;1208.695;948.979;66.700
41,73.49215483665466,40,-545.9905303080325,545.9905303080325,0.1991769224057777,809.592;3245.534;866.206;3216.091;1670.416;2418.996;2698.093;1947.425;1331.415;427.116;236.035;2665.820;1699.640;783.601;3031.602;1159.228;1448.490;1139.009;2308.846;1948.003;2086.040;745.302;1122.407;922.633;1198.439;539.415;528.834;3565.740;3512.981;440.736;312.532;673.026;2648.901;2730.198;-0.090;2208.393;27.254;1942.419;2343.625;3599.558;939.164;2973.815;3163.338;3596.098;-5.174;1602.153;3604.210;1400.453;3101.388;1867.224;2665.230;1738.998;14.380;-5.399;412.782;749.917;3594.195;2536.165;3133.146;1994.806;2253.974;3158.948;3510.849;3297.879;3184.368;323.350;1097.319;15.189;1982.919;2814.412;7.500;315.855;1405.351;804.484;2688.538;1305.521;2364.004;1830.152;2081.330;3445.835;3473.130;390.867;2943.181;1080.870;305.501;1149.457;2011.504;3414.345;1384.400;3.865;3402.983;541.907;1584.515;3052.805;1832.358;1587.715;2717.134;17.876;2051.925;1465.067,3587.498;3004.528;0.320;548.956;1615.683;2342.702;1157.505;1133.895;3301.611;3416.191;1406.335;3246.851;920.570;356.890;1683.798;2441.493;3092.026;3568.260;2911.774;2759.265;2561.973;2688.884;2739.755;3363.130;1527.109;188.031;753.923;834.633;1333.489;3094.042;1.051;1746.884;2853.645;754.276;277.710;648.044;473.664;3018.083;352.980;624.652;2988.995;2916.500;2151.995;3341.097;11.274;3572.950;2081.636;1016.052;3299.657;2421.909;3603.946;261.852;1998.634;1667.589;2349.873;943.819;-0.508;1833.079;1082.925;3344.656;1662.159;1502.105;2403.218;1793.946;3595.937;2809.813;1774.728;717.899;2228.860;2607.057;2852.386;3607.882;626.939;1494.909;1464.772;1317.692;1268.589;1788.230;2044.076;1048.323;207.106;992.259;272.679;1010.305;2543.523;2223.296;3606.981;1926.863;1994.842;2307.285;2642.056;2091.970;2156.135;2361.965;1341.617;2887.450;2194.937;1192.970;937.180;54.470
42,75.36407113075256,41,-545.8325276199005,545.8325276199005,0.2881649452741517,802.456;3236.739;857.279;3207.648;1681.710;2405.414;2709.307;1932.672;1331.402;424.834;222.412;2658.878;1715.372;776.109;3017.590;1144.450;1446.364;1135.395;2323.979;1937.117;2097.611;755.394;1134.870;938.025;1183.898;524.695;544.386;3551.793;3497.542;428.075;328.460;663.533;2664.589;2741.701;13.496;2208.009;12.857;1956.398;2358.234;3596.164;946.493;2980.903;3176.979;3603.324;5.934;1599.333;3593.236;1392.586;3116.363;1856.755;2669.595;1730.525;5.020;8.857;397.967;734.372;3598.133;2526.113;3119.322;1986.853;2267.269;3164.083;3523.543;3309.099;3199.525;318.341;1092.086;5.514;1986.407;2800.053;-5.765;309.944;1414.155;818.360;2693.453;1321.250;2353.196;1815.174;2095.314;3460.833;3484.598;376.492;2958.349;1066.092;298.272;1151.091;1996.385;3428.182;1396.115;9.892;3400.884;526.688;1579.805;3057.492;1827.453;1582.795;2703.990;32.868;2064.336;1477.925,3575.146;3015.496;-14.472;533.700;1608.622;2358.331;1142.141;1145.623;3311.772;3431.446;1422.151;3261.377;906.637;371.824;1697.824;2429.300;3094.655;3581.462;2897.968;2751.570;2575.933;2702.667;2726.792;3347.312;1511.579;203.605;739.998;849.188;1319.069;3078.806;-7.363;1762.618;2848.923;764.496;262.379;651.221;488.958;3022.661;354.467;635.156;2983.516;2931.015;2159.531;3332.785;-4.432;3587.709;2096.244;1004.417;3286.112;2420.466;3593.696;259.949;1983.321;1652.261;2356.641;950.848;-8.762;1818.658;1069.192;3332.362;1676.984;1517.906;2416.023;1779.140;3603.872;2824.435;1781.628;707.789;2222.037;2597.570;2842.261;3592.985;616.266;1503.003;1448.968;1301.930;1281.597;1778.112;2053.336;1062.778;191.634;981.948;262.965;1020.309;2557.845;2216.137;3592.547;1919.648;2010.464;2302.755;2645.552;2089.673;2145.779;2348.932;1329.494;2903.242;2183.793;1177.190;922.419;39.014
43,77.26782774925232,42,-546.2685297162984,546.2685297162984,0.27801306792812325,790.718;3251.414;841.879;3222.607;1666.501;2419.332;2720.287;1946.682;1315.935;412.272;210.162;2672.202;1702.810;791.088;3032.168;1151.792;1460.914;1150.915;2309.811;1927.769;2082.629;771.041;1121.585;923.173;1196.579;540.027;529.599;3566.976;3507.271;412.438;334.410;649.874;2652.686;2755.878;1.256;2196.711;5.605;1963.564;2374.037;3581.143;962.112;2981.276;3162.272;3588.939;-1.264;1612.662;3607.489;1377.259;3103.708;1866.733;2654.849;1742.261;-10.159;10.886;382.299;748.942;3613.133;2516.843;3111.254;2001.598;2282.750;3175.367;3539.264;3294.445;3192.017;333.684;1106.250;20.327;1978.836;2815.228;-3.767;297.538;1429.218;804.351;2681.206;1336.628;2366.047;1813.469;2109.902;3455.681;3469.399;378.867;2945.713;1053.261;288.348;1135.800;1983.603;3442.381;1411.825;4.016;3413.253;521.015;1584.506;3067.394;1841.822;1581.996;2714.077;19.450;2056.165;1470.198,3585.254;3030.316;0.759;522.281;1596.937;2362.926;1130.613;1131.341;3300.859;3416.342;1408.624;3247.625;890.835;375.975;1711.144;2429.010;3104.267;3594.748;2904.473;2765.940;2561.765;2687.966;2711.961;3351.323;1522.360;190.263;754.240;863.499;1326.743;3091.795;7.183;1751.215;2836.893;750.755;251.354;657.406;484.646;3038.220;363.755;637.811;2998.990;2936.953;2144.332;3347.817;6.998;3576.833;2081.524;1014.699;3300.038;2432.309;3581.661;244.484;1997.553;1661.064;2349.436;936.207;6.543;1829.658;1059.344;3347.266;1674.451;1505.151;2429.465;1793.716;3600.663;2820.820;1796.842;692.588;2223.228;2611.016;2851.373;3606.054;606.251;1490.570;1434.294;1286.190;1289.810;1788.239;2041.678;1070.274;175.903;996.574;277.613;1036.010;2556.217;2200.538;3602.385;1926.423;2026.335;2313.405;2661.081;2104.575;2146.340;2361.538;1344.756;2894.134;2193.463;1163.510;933.654;43.942
44,78.97301506996155,43,-546.6686732899755,546.6686732899755,0.4303295913368931,780.601;3260.638;856.274;3209.239;1664.128;2408.824;2710.052;1948.416;1322.328;396.757;194.482;2687.996;1714.054;786.135;3045.571;1166.669;1466.880;1149.564;2322.053;1940.862;2066.872;771.396;1114.337;908.095;1184.221;531.256;520.024;3562.693;3501.281;397.883;349.976;635.119;2665.282;2771.667;-7.833;2211.574;1.883;1978.787;2377.260;3572.758;977.145;2996.787;3146.474;3601.965;1.194;1597.649;3593.363;1377.427;3115.690;1852.799;2639.052;1735.965;5.004;25.997;394.474;735.468;3598.183;2501.215;3099.142;2016.627;2295.354;3181.606;3553.915;3307.930;3176.412;348.288;1109.065;25.922;1994.174;2803.060;-14.461;311.333;1419.166;801.081;2693.386;1324.885;2361.454;1812.646;2095.834;3468.322;3483.266;393.968;2956.755;1068.474;272.682;1124.807;1975.582;3444.084;1426.587;19.145;3429.003;505.454;1573.357;3078.088;1827.582;1567.196;2729.485;19.242;2049.417;1485.075,3578.718;3016.388;7.151;532.036;1611.387;2351.626;1114.917;1132.388;3298.109;3402.217;1392.911;3233.963;876.544;391.386;1726.516;2422.441;3089.866;3608.137;2890.208;2781.720;2559.466;2676.469;2698.240;3366.028;1532.397;177.450;748.885;853.887;1327.685;3107.046;2.259;1762.475;2851.419;742.635;235.926;643.413;497.719;3037.057;359.401;622.533;2995.807;2924.210;2142.449;3363.678;-7.143;3581.558;2069.278;1000.117;3314.983;2424.564;3570.473;255.486;1988.646;1674.597;2349.533;945.427;-7.093;1843.300;1054.979;3363.052;1689.336;1509.814;2445.140;1780.942;3610.424;2805.585;1782.298;677.551;2238.649;2596.580;2867.021;3610.302;590.578;1484.110;1447.540;1277.927;1274.824;1773.105;2029.090;1066.208;189.902;1010.159;265.561;1025.606;2571.570;2196.625;3616.689;1941.331;2023.798;2298.142;2676.728;2090.359;2161.676;2358.922;1357.689;2894.870;2186.736;1178.263;919.779;29.656
45,80.82873630523682,44,-547.0663496647799,547.0663496647799,0.291466988428269,795.439;3274.532;856.896;3210.773;1649.966;2420.604;2694.491;1963.376;1313.026;380.893;206.217;2699.317;1714.113;801.501;3060.220;1166.795;1474.266;1164.166;2315.468;1956.583;2054.116;756.218;1098.854;894.152;1187.707;543.549;504.522;3549.196;3486.106;383.505;343.074;624.470;2680.909;2765.812;6.450;2207.659;2.911;1985.747;2366.401;3558.995;987.564;3007.415;3136.571;3615.054;-14.135;1608.111;3596.619;1392.213;3131.364;1852.751;2631.349;1751.316;5.059;20.368;410.078;742.074;3595.286;2496.832;3114.151;2012.100;2284.357;3197.153;3540.683;3303.161;3175.984;334.598;1124.483;10.932;2008.249;2789.368;0.779;326.618;1403.527;786.028;2688.351;1311.495;2350.179;1827.967;2096.522;3484.029;3497.011;398.115;2943.379;1054.237;283.597;1131.751;1990.737;3459.535;1439.362;5.925;3444.048;490.658;1557.784;3093.740;1839.966;1551.553;2716.734;4.541;2034.139;1479.500,3563.178;3027.612;4.171;516.943;1626.917;2338.786;1127.549;1122.029;3285.166;3409.018;1401.996;3240.749;862.947;379.810;1716.857;2406.890;3103.835;3593.339;2905.058;2769.758;2560.617;2662.954;2711.415;3353.470;1534.303;162.795;734.118;838.278;1340.027;3118.046;7.816;1748.023;2838.761;757.094;249.088;652.961;513.466;3050.081;369.872;634.023;3010.455;2930.987;2127.661;3353.805;2.896;3596.065;2078.234;988.938;3330.822;2439.294;3585.689;242.639;1975.165;1690.375;2338.549;930.717;2.623;1859.078;1039.466;3349.841;1676.573;1500.222;2448.756;1794.003;3595.362;2800.565;1766.474;690.250;2230.639;2598.125;2881.375;3596.416;603.415;1499.400;1435.587;1262.676;1288.585;1771.429;2041.308;1081.462;180.957;999.583;279.011;1040.026;2558.644;2194.169;3601.614;1926.688;2008.501;2311.648;2674.540;2092.725;2176.939;2365.268;1348.349;2879.507;2201.294;1193.991;904.035;37.275
46,82.71208000183105,45,-547.7094829167515,547.7094829167515,0.3504818779472252,810.701;3290.207;872.033;3216.961;1640.814;2434.903;2678.669;1955.050;1314.337;379.994;221.035;2714.974;1699.760;816.299;3069.804;1182.118;1459.227;1178.013;2300.693;1942.445;2049.967;760.913;1083.287;878.539;1201.899;558.079;489.734;3561.864;3500.505;369.387;328.905;609.066;2676.659;2779.739;7.163;2220.930;-11.753;2001.237;2350.828;3568.772;980.060;2994.493;3127.214;3599.793;0.237;1616.631;3611.607;1407.589;3122.368;1868.180;2621.453;1766.233;-9.522;15.016;400.233;743.913;3598.631;2511.363;3123.265;2027.317;2268.710;3212.307;3530.587;3291.013;3190.881;319.857;1111.446;12.911;1995.959;2800.046;5.044;313.024;1390.059;779.545;2700.869;1296.081;2364.134;1831.453;2111.328;3484.089;3492.935;411.934;2927.954;1039.365;291.963;1124.201;2000.993;3470.733;1439.399;-6.358;3456.213;503.599;1567.025;3080.489;1850.277;1537.023;2717.621;-11.226;2048.773;1470.307,3548.124;3019.014;14.143;510.027;1633.873;2343.981;1120.340;1106.397;3269.724;3424.250;1389.717;3251.065;848.308;365.005;1707.231;2412.696;3103.773;3582.498;2906.917;2779.832;2575.855;2647.206;2727.128;3366.193;1546.970;171.334;744.914;832.350;1324.963;3120.508;15.343;1755.159;2833.568;772.364;249.866;638.107;501.026;3065.430;367.897;624.100;3024.295;2946.171;2116.398;3353.882;-7.650;3584.406;2068.956;999.874;3327.723;2426.490;3601.204;227.646;1988.899;1695.759;2329.869;915.126;-4.292;1846.455;1034.325;3360.544;1679.587;1486.921;2442.854;1804.911;3593.930;2815.409;1769.243;705.581;2244.661;2583.384;2874.261;3603.462;618.412;1514.913;1448.088;1247.519;1279.701;1785.553;2056.063;1091.921;167.970;1013.716;291.317;1052.569;2544.452;2178.891;3597.879;1930.560;1997.564;2325.364;2685.626;2077.644;2189.115;2371.248;1361.641;2874.991;2210.135;1209.590;897.435;23.864
47,84.62621688842773,46,-548.1359859092736,548.1359859092736,0.1687465591000668,798.018;3305.662;887.773;3232.373;1653.769;2421.812;2684.196;1965.430;1329.691;378.154;235.146;2725.440;1684.000;803.417;3085.321;1197.790;1443.451;1192.840;2303.550;1952.995;2034.994;747.295;1068.218;876.100;1217.650;551.727;477.391;3547.059;3489.546;377.127;341.110;594.575;2687.631;2794.592;-6.034;2213.783;3.253;1988.109;2335.120;3584.321;964.990;2978.807;3141.184;3605.933;13.499;1631.716;3601.428;1395.085;3132.075;1882.282;2605.871;1776.021;3.730;30.295;387.180;730.049;3588.790;2527.100;3134.522;2042.770;2254.417;3199.601;3517.231;3293.033;3204.553;317.575;1100.916;-1.445;2002.483;2815.046;-2.106;298.313;1397.846;790.816;2714.352;1310.590;2352.476;1816.214;2122.103;3498.207;3508.131;396.809;2916.297;1024.456;306.889;1108.702;1986.168;3478.023;1424.276;8.106;3443.172;503.874;1581.348;3064.836;1865.389;1539.044;2732.587;3.015;2041.970;1484.881,3563.080;3032.468;29.290;496.963;1648.732;2359.435;1105.678;1116.286;3284.951;3425.405;1375.921;3266.519;832.582;353.998;1719.649;2427.156;3088.863;3586.929;2897.355;2794.596;2584.821;2634.237;2742.954;3371.433;1531.705;158.837;744.008;841.866;1316.556;3105.272;7.638;1751.243;2842.237;787.906;236.283;622.965;486.657;3066.941;352.459;610.740;3024.171;2931.186;2108.307;3340.581;7.300;3598.266;2079.464;1014.398;3342.664;2429.028;3601.278;212.125;1974.561;1709.532;2314.316;905.036;-6.129;1832.267;1022.752;3372.859;1676.409;1476.226;2457.523;1802.981;3604.803;2830.981;1754.790;721.388;2230.944;2571.977;2862.056;3589.845;626.994;1529.223;1463.538;1257.667;1268.589;1797.147;2041.944;1087.293;180.425;1004.278;294.095;1040.596;2529.195;2192.533;3601.163;1939.797;1997.156;2340.668;2701.187;2062.349;2175.219;2355.900;1362.267;2861.091;2205.240;1224.674;904.971;10.458
48,86.34098839759827,47,-548.4516744159865,548.4516744159865,0.354822589238368,783.285;3321.446;897.320;3247.912;1669.430;2406.887;2698.199;1951.512;1344.636;367.737;226.825;2740.715;1669.533;788.399;3083.877;1211.122;1430.442;1180.816;2289.146;1952.196;2019.236;731.673;1076.134;866.255;1210.462;565.414;490.763;3538.429;3502.154;363.935;356.103;608.757;2702.725;2782.727;7.755;2198.313;4.904;1980.550;2343.432;3584.476;977.743;2966.143;3156.572;3596.200;-0.390;1632.935;3605.403;1409.653;3147.108;1897.257;2605.184;1791.256;-4.207;21.270;401.030;728.886;3601.626;2540.577;3141.807;2049.242;2243.557;3204.951;3531.879;3307.657;3191.216;332.155;1088.265;11.178;2010.273;2827.940;2.352;284.498;1383.217;779.596;2707.062;1315.767;2341.445;1803.909;2110.982;3500.806;3509.517;381.937;2905.664;1031.610;295.601;1093.096;1973.346;3493.021;1436.065;0.972;3427.700;488.919;1582.377;3051.284;1852.408;1554.419;2722.936;9.697;2056.635;1496.031,3562.795;3019.970;17.391;500.500;1634.398;2351.356;1098.547;1103.446;3295.240;3410.682;1369.209;3282.292;844.296;347.844;1704.951;2414.850;3073.695;3575.349;2883.528;2808.493;2600.321;2644.228;2742.809;3373.167;1536.344;173.119;758.823;840.968;1328.169;3113.140;22.587;1736.237;2849.418;774.625;221.676;607.821;496.971;3082.294;342.536;597.985;3037.979;2941.677;2122.237;3355.301;-6.932;3613.227;2094.925;1028.654;3330.393;2415.451;3608.357;204.496;1984.210;1695.181;2329.228;891.130;9.011;1834.857;1008.110;3386.665;1691.443;1491.364;2442.997;1788.462;3593.136;2843.092;1768.351;715.704;2229.056;2587.034;2868.307;3603.417;613.165;1515.133;1452.513;1271.906;1281.477;1812.764;2052.467;1071.873;167.963;1018.174;296.936;1034.122;2515.252;2182.219;3616.054;1929.814;2011.842;2332.300;2687.940;2047.762;2188.801;2367.029;1347.049;2854.554;2217.549;1227.489;916.306;-4.883
49,88.21534872055054,48,-548.1188599136979,548.1188599136979,0.32774502221433577,771.547;3337.091;893.589;3239.849;1658.455;2391.167;2686.656;1966.189;1358.861;382.500;237.974;2727.039;1653.866;802.618;3068.533;1197.123;1417.955;1166.240;2273.917;1965.802;2016.882;725.852;1064.455;881.141;1225.525;552.788;484.002;3548.467;3493.813;348.494;342.504;595.507;2688.947;2795.932;22.137;2183.452;16.701;1994.015;2358.916;3598.448;968.068;2979.827;3171.970;3584.635;-14.908;1648.153;3591.059;1424.062;3132.706;1883.716;2590.062;1796.447;10.227;7.251;416.681;743.886;3614.368;2555.675;3126.819;2034.585;2227.994;3220.370;3543.708;3322.349;3205.518;318.998;1072.637;-3.133;1995.786;2843.562;4.560;268.849;1384.373;764.081;2691.604;1330.072;2330.298;1818.174;2126.044;3515.365;3495.885;366.402;2893.042;1044.988;280.023;1106.362;1987.819;3508.753;1421.892;-5.829;3411.945;473.189;1567.566;3059.959;1866.271;1570.159;2709.313;0.728;2055.739;1497.210,3572.609;3034.069;5.718;485.391;1623.065;2335.880;1113.063;1087.920;3310.612;3399.501;1357.477;3271.612;829.352;362.491;1689.261;2429.799;3059.422;3587.101;2867.919;2824.156;2609.710;2639.999;2732.241;3388.528;1547.582;160.009;745.228;856.313;1313.260;3102.295;7.887;1727.421;2864.862;784.075;236.660;593.990;512.228;3098.044;327.493;582.389;3052.590;2956.927;2137.879;3342.116;1.300;3598.326;2110.635;1044.123;3326.579;2399.878;3593.178;193.553;1997.109;1680.495;2344.702;901.016;15.766;1848.907;992.403;3371.635;1679.192;1506.827;2432.618;1800.555;3608.240;2858.255;1783.969;703.350;2224.698;2576.411;2853.403;3589.493;626.188;1499.551;1441.233;1287.537;1296.959;1814.220;2067.941;1084.664;152.818;1003.988;312.292;1047.679;2499.799;2167.099;3601.442;1914.298;2027.507;2346.270;2672.507;2032.159;2174.620;2366.777;1333.181;2867.905;2233.048;1242.594;929.066;9.951
50,90.11565732955933,49,-548.4310762868197,548.4310762868197,0.25422580571985276,756.014;3342.374;878.855;3224.546;1648.470;2404.519;2701.787;1960.747;1373.710;398.184;234.295;2726.310;1645.641;812.688;3076.072;1181.640;1425.257;1151.778;2288.758;1981.437;2001.614;738.563;1078.073;896.759;1241.022;538.222;473.423;3562.617;3484.595;355.989;354.378;580.265;2673.327;2782.955;16.910;2167.755;2.498;1982.207;2371.855;3613.539;954.330;2979.588;3183.983;3599.380;-0.567;1634.909;3576.740;1411.482;3118.584;1868.925;2575.316;1781.431;23.388;0.541;408.511;755.105;3599.154;2569.166;3111.120;2023.161;2230.512;3208.180;3548.573;3337.623;3218.796;304.702;1056.903;6.068;2009.824;2859.021;-10.657;253.155;1399.473;762.802;2675.889;1316.484;2345.214;1833.672;2118.388;3531.042;3490.477;361.247;2907.826;1058.003;273.585;1104.455;2001.595;3524.269;1406.402;9.194;3398.772;476.873;1580.791;3074.249;1881.597;1576.179;2693.961;10.260;2060.999;1512.321,3587.472;3044.232;19.395;498.318;1609.145;2336.634;1128.676;1085.115;3317.007;3409.564;1372.677;3284.581;822.658;350.051;1676.824;2431.332;3065.399;3595.287;2853.864;2839.037;2596.530;2628.052;2723.559;3398.917;1563.065;151.104;741.970;845.902;1314.764;3086.800;-2.239;1742.038;2874.685;770.687;233.691;578.340;500.518;3109.223;338.576;569.051;3067.777;2954.560;2147.870;3339.178;0.911;3597.061;2123.228;1051.680;3340.325;2396.219;3586.045;178.119;1982.829;1665.432;2332.243;886.787;0.755;1864.384;984.464;3367.731;1664.495;1494.825;2446.524;1811.146;3595.518;2863.399;1795.374;707.382;2239.918;2590.465;2866.215;3595.039;635.203;1484.493;1455.727;1282.432;1283.198;1801.620;2056.066;1079.017;167.064;1014.034;298.079;1063.253;2514.450;2156.791;3604.915;1918.131;2022.421;2334.702;2667.689;2039.167;2163.605;2352.560;1345.843;2853.075;2224.801;1228.632;916.160;2.656
51,92.03710579872131,50,-548.3934145503995,548.3934145503995,0.4819368734287642,741.717;3352.522;892.049;3211.657;1653.387;2415.827;2707.243;1975.627;1372.093;413.678;249.431;2712.333;1633.083;816.204;3061.346;1166.210;1411.013;1136.135;2300.014;1975.959;2013.238;725.362;1085.235;911.938;1240.347;523.435;457.930;3570.374;3471.831;340.807;367.586;564.613;2659.861;2786.854;1.770;2152.815;11.093;1968.112;2384.924;3598.885;969.144;2993.282;3199.528;3610.680;5.515;1620.437;3561.240;1418.450;3104.450;1859.859;2560.044;1769.195;12.228;-14.564;421.527;768.753;3607.981;2563.979;3103.198;2017.349;2244.063;3222.403;3563.916;3323.981;3220.421;318.969;1044.536;-5.479;1997.884;2874.603;3.920;237.516;1409.393;770.682;2669.728;1327.471;2360.370;1847.526;2127.879;3546.479;3475.130;350.311;2920.216;1071.653;263.558;1116.954;2014.390;3539.432;1391.660;1.453;3383.180;489.463;1583.048;3072.877;1893.519;1590.588;2702.621;13.742;2045.807;1527.720,3602.000;3059.051;31.414;494.969;1623.250;2330.058;1117.441;1096.810;3303.360;3425.037;1386.300;3274.186;808.055;336.683;1662.025;2419.969;3052.036;3610.700;2844.778;2831.791;2590.913;2643.056;2737.876;3414.203;1568.932;153.505;727.597;856.330;1301.136;3100.169;-16.411;1727.240;2861.345;771.543;245.071;563.666;486.479;3121.337;352.629;572.424;3053.868;2962.615;2163.311;3334.577;-8.370;3610.156;2114.557;1039.206;3351.019;2411.337;3595.224;170.390;1991.761;1650.276;2330.152;895.326;-7.557;1852.722;969.400;3373.841;1676.011;1503.415;2462.122;1797.388;3602.775;2848.438;1781.171;699.019;2231.013;2605.048;2862.832;3584.932;620.678;1493.103;1446.927;1268.290;1270.541;1786.396;2063.944;1084.507;156.545;1007.316;284.259;1078.881;2521.922;2142.804;3599.826;1908.771;2013.960;2347.663;2653.211;2045.496;2154.656;2343.849;1361.251;2866.269;2237.982;1226.085;928.416;-11.280
52,93.75853037834167,51,-548.518017070332,548.518017070332,0.4050974386742423,753.066;3367.938;907.266;3224.280;1639.382;2430.773;2706.798;1990.679;1386.435;405.785;264.940;2696.809;1622.414;831.031;3047.863;1154.033;1397.343;1148.657;2312.112;1984.360;2003.560;712.271;1070.204;918.064;1251.584;507.879;442.281;3585.510;3486.985;333.015;383.092;551.598;2673.900;2772.324;-12.756;2139.775;-3.193;1961.802;2387.031;3604.646;965.912;2998.194;3214.014;3596.018;18.930;1605.029;3548.314;1403.669;3115.621;1871.866;2573.670;1783.881;-1.799;0.455;424.768;779.222;3595.052;2556.550;3115.151;2031.429;2259.387;3227.939;3573.990;3333.797;3206.660;330.711;1029.408;4.991;2006.719;2869.724;-5.132;224.501;1395.147;757.990;2658.770;1342.936;2346.599;1848.386;2117.591;3534.197;3482.375;365.221;2907.697;1058.004;277.597;1128.043;2005.918;3554.890;1376.868;-13.697;3376.571;483.870;1596.913;3087.892;1908.125;1588.656;2690.921;-1.463;2030.320;1514.042,3616.707;3073.114;45.950;509.772;1623.539;2323.806;1102.126;1112.277;3287.945;3440.692;1374.291;3283.510;795.440;323.925;1675.088;2404.644;3054.543;3595.933;2833.885;2846.178;2605.961;2637.247;2751.766;3401.236;1554.074;168.793;714.461;869.210;1312.610;3115.068;-2.127;1720.693;2845.785;786.569;231.370;548.045;490.052;3116.829;338.440;557.315;3068.142;2977.988;2149.520;3349.520;6.594;3596.764;2113.655;1025.692;3336.227;2404.080;3610.602;155.071;2006.788;1660.566;2315.268;881.549;4.102;1837.250;978.514;3387.856;1691.187;1491.698;2450.130;1781.859;3591.164;2859.712;1790.594;713.968;2243.566;2608.832;2851.355;3599.031;613.094;1482.809;1432.044;1282.247;1280.969;1786.815;2056.241;1069.741;169.384;1021.746;295.986;1090.516;2536.014;2155.264;3604.345;1895.673;2027.341;2357.220;2667.420;2060.263;2142.053;2358.956;1371.884;2854.074;2235.413;1213.914;913.327;3.320
53,95.63845825195312,52,-548.8173839800419,548.8173839800419,0.5040844418094853,742.256;3382.948;919.152;3213.391;1623.851;2445.545;2718.860;1983.608;1401.614;390.524;278.192;2690.215;1636.939;820.295;3033.136;1138.560;1406.217;1164.151;2302.946;1969.701;1994.817;696.745;1055.104;905.545;1265.063;493.062;447.544;3587.147;3497.577;345.176;398.455;542.906;2682.259;2756.844;2.283;2130.369;7.305;1976.843;2372.404;3616.292;951.028;3013.391;3208.549;3600.775;12.352;1604.246;3561.055;1393.716;3102.028;1887.343;2588.920;1789.761;-12.222;-5.676;423.597;769.339;3591.591;2541.221;3130.631;2026.654;2274.932;3214.327;3589.061;3349.186;3221.490;316.640;1018.529;-10.024;2020.569;2854.877;-18.813;227.825;1379.571;766.663;2671.336;1340.396;2331.081;1834.498;2130.281;3539.977;3473.583;380.011;2892.205;1044.864;293.107;1143.433;1997.642;3563.874;1380.209;0.654;3375.584;498.807;1611.822;3103.229;1894.938;1598.665;2705.954;-13.150;2042.453;1516.589,3601.687;3069.006;59.400;505.812;1638.578;2336.982;1097.837;1111.497;3290.193;3454.019;1376.182;3269.008;801.055;337.257;1688.670;2417.928;3039.796;3580.875;2818.444;2843.662;2619.040;2650.511;2767.326;3409.479;1545.093;179.013;729.054;879.413;1298.016;3101.521;-11.628;1722.920;2857.515;777.323;217.783;556.145;475.781;3131.697;322.926;565.128;3060.298;2990.573;2160.604;3365.053;1.670;3595.684;2098.552;1010.584;3336.170;2391.269;3596.276;156.207;2000.870;1646.255;2299.682;892.794;-8.333;1831.406;982.252;3403.413;1678.808;1505.553;2448.519;1767.932;3600.815;2874.990;1803.093;729.535;2234.188;2597.748;2835.893;3600.375;604.079;1485.243;1417.273;1270.054;1292.119;1775.919;2040.907;1063.590;178.059;1010.820;285.704;1084.676;2536.490;2144.169;3595.962;1880.731;2013.332;2366.791;2677.175;2061.712;2156.821;2359.207;1386.843;2847.287;2250.418;1199.544;906.223;0.948
54,97.53673434257507,53,-548.6067760020705,548.6067760020705,0.3637774956023182,726.934;3394.341;934.255;3199.933;1608.298;2434.982;2705.964;1972.590;1417.163;383.106;293.689;2698.877;1646.719;829.547;3030.758;1135.027;1391.812;1162.662;2317.740;1983.778;1979.559;681.139;1048.460;919.514;1280.348;478.415;434.421;3602.221;3511.938;331.310;413.666;527.579;2696.607;2741.982;8.665;2115.023;-6.933;1988.473;2385.968;3601.424;940.524;3002.784;3193.960;3591.343;-1.447;1589.135;3576.288;1379.888;3102.094;1902.584;2586.331;1804.995;2.888;5.915;437.317;754.046;3594.198;2546.157;3145.341;2011.526;2289.880;3227.558;3604.523;3344.795;3229.187;319.532;1003.131;1.269;2006.444;2842.100;-4.044;219.095;1365.843;781.967;2686.806;1354.170;2316.148;1848.804;2115.863;3526.454;3487.953;390.575;2876.867;1058.848;308.066;1152.757;2012.575;3577.258;1365.562;-8.848;3360.581;507.105;1627.322;3118.294;1881.099;1613.998;2718.770;1.188;2055.248;1501.510,3590.550;3054.364;74.548;491.156;1653.947;2322.453;1083.901;1124.606;3303.514;3460.956;1361.206;3282.490;786.245;324.784;1681.655;2430.291;3024.374;3567.056;2811.643;2850.531;2633.806;2651.165;2782.393;3424.127;1558.902;192.117;735.744;894.799;1284.813;3099.314;2.417;1710.151;2865.144;791.569;230.390;559.652;470.981;3145.489;312.365;567.466;3064.007;2987.362;2148.900;3372.007;-9.276;3604.124;2111.895;1022.954;3348.387;2403.798;3600.493;141.039;1992.584;1638.767;2287.708;903.711;6.048;1816.389;967.627;3400.031;1693.397;1520.520;2463.206;1782.098;3608.445;2890.249;1818.482;733.065;2224.053;2582.338;2824.588;3615.468;618.331;1500.311;1424.725;1255.271;1289.049;1760.656;2026.736;1048.343;193.368;998.436;270.546;1069.405;2521.599;2158.953;3609.066;1865.214;2005.178;2382.151;2672.685;2063.816;2142.988;2366.014;1376.333;2861.237;2263.636;1212.780;897.743;14.688
55,99.23922634124756,54,-548.5612448657574,548.5612448657574,0.3107601937285717,711.537;3409.659;920.609;3184.526;1596.041;2436.728;2690.686;1986.003;1414.207;397.498;308.664;2684.446;1647.332;844.864;3044.483;1127.229;1384.112;1149.273;2333.262;1977.031;1965.112;668.252;1033.541;934.880;1295.908;463.439;432.607;3587.625;3513.065;323.514;429.224;514.167;2712.106;2750.980;-2.132;2100.416;5.869;1982.382;2400.960;3590.657;954.047;3015.763;3178.448;3603.844;12.058;1579.965;3574.871;1389.906;3086.966;1918.143;2591.949;1819.538;3.123;0.974;451.349;743.780;3579.309;2561.263;3137.842;1997.970;2295.712;3238.629;3592.748;3358.904;3230.126;316.285;989.665;-7.836;1991.076;2829.766;-1.885;203.815;1350.882;796.461;2681.748;1352.359;2310.451;1838.682;2100.363;3540.881;3503.393;383.405;2874.421;1044.819;321.749;1151.001;2005.880;3592.716;1377.366;4.185;3347.044;493.577;1630.578;3132.975;1895.549;1621.848;2714.880;-7.838;2046.902;1506.270,3587.338;3065.397;59.496;501.768;1642.147;2335.003;1097.348;1109.893;3318.959;3452.288;1348.625;3279.893;773.599;339.765;1666.397;2418.283;3010.532;3575.776;2826.354;2838.311;2649.278;2665.586;2797.875;3439.652;1544.692;207.576;720.959;880.403;1278.039;3113.276;-9.839;1724.758;2851.665;783.910;226.166;556.751;455.835;3135.638;297.054;553.130;3078.365;3002.498;2133.494;3386.557;5.563;3591.189;2126.297;1027.871;3333.929;2419.138;3614.043;150.046;2007.464;1628.222;2272.680;914.311;-6.887;1816.655;981.215;3388.951;1684.386;1534.640;2464.245;1768.871;3593.393;2878.696;1805.721;747.764;2237.038;2572.242;2838.026;3600.730;603.896;1514.500;1439.995;1262.554;1274.138;1768.943;2011.241;1059.380;208.931;1005.628;255.849;1077.298;2531.365;2148.172;3594.051;1878.974;2020.116;2368.704;2657.845;2077.214;2153.931;2380.937;1390.818;2851.423;2275.044;1199.226;882.441;1.743
56,101.09886765480042,55,-548.7992633811816,548.7992633811816,0.1695660299682964,701.063;3422.164;914.561;3174.902;1583.120;2449.533;2704.556;2000.772;1427.395;404.316;319.449;2688.969;1632.259;848.243;3030.149;1139.885;1368.867;1139.054;2323.950;1975.568;1973.857;661.265;1021.241;949.958;1291.901;458.581;444.889;3578.978;3508.784;308.875;431.935;498.922;2714.212;2764.819;1.171;2103.551;2.813;1994.195;2388.354;3588.184;957.884;3029.612;3188.518;3592.271;2.292;1569.614;3588.497;1405.165;3098.911;1929.564;2577.533;1809.732;0.418;0.101;436.803;728.701;3569.783;2554.688;3133.509;2010.196;2282.092;3253.979;3597.279;3344.897;3215.185;304.996;1003.071;5.971;1989.880;2814.514;4.076;193.539;1362.274;805.489;2690.017;1362.005;2303.450;1825.566;2092.626;3553.754;3512.777;368.545;2873.165;1030.150;328.818;1135.911;2010.087;3591.315;1391.381;7.921;3358.175;499.002;1641.186;3122.363;1903.731;1635.212;2726.148;6.455;2046.349;1520.467,3575.664;3051.959;58.241;495.161;1630.284;2350.366;1112.190;1096.075;3305.291;3439.193;1361.225;3266.603;767.621;332.930;1654.303;2416.060;2995.705;3590.927;2840.193;2839.033;2640.451;2668.690;2807.034;3444.137;1534.730;220.695;709.921;870.073;1265.695;3099.476;3.167;1738.396;2861.750;768.858;211.081;571.149;446.302;3126.032;281.640;541.197;3093.671;3016.812;2141.686;3402.021;2.117;3605.199;2141.306;1015.905;3318.922;2434.074;3599.344;161.559;1993.962;1642.540;2258.004;899.435;4.659;1829.228;994.822;3403.660;1669.387;1530.130;2449.354;1776.202;3599.010;2880.227;1791.162;736.903;2230.191;2578.495;2850.292;3596.088;591.895;1502.260;1444.509;1277.590;1258.630;1783.398;1999.479;1073.767;219.340;1020.857;246.270;1089.672;2546.590;2143.502;3602.534;1885.780;2026.007;2355.146;2642.345;2092.635;2169.032;2395.529;1394.386;2855.756;2260.309;1184.774;883.596;-10.571
57,102.98478055000305,56,-549.1013356974964,549.1013356974964,0.36151970675236417,685.911;3431.392;899.549;3188.602;1595.213;2464.859;2719.415;2001.732;1442.733;389.754;312.905;2703.921;1626.156;856.453;3015.073;1143.408;1354.311;1150.998;2326.516;1990.101;1960.380;649.132;1006.108;960.563;1279.945;472.583;430.681;3589.707;3522.293;308.984;445.046;510.673;2717.632;2780.115;-13.328;2089.558;-4.929;2007.322;2397.214;3595.359;972.257;3015.830;3175.213;3605.880;-9.018;1554.323;3603.563;1392.380;3112.878;1934.967;2564.871;1821.229;-12.081;11.670;421.396;739.670;3555.745;2552.386;3144.369;1997.362;2273.936;3263.636;3583.694;3351.539;3200.490;289.726;1005.100;6.811;1975.851;2799.777;0.323;203.785;1376.324;816.252;2703.340;1376.328;2288.262;1835.107;2104.990;3554.739;3512.285;364.336;2858.148;1022.062;316.912;1122.552;2025.186;3605.368;1404.302;-0.849;3373.484;514.166;1641.880;3108.708;1894.474;1650.596;2741.469;-2.958;2061.195;1514.060,3560.379;3036.587;49.003;485.899;1644.156;2348.880;1099.097;1087.591;3306.189;3423.967;1352.627;3280.825;780.873;344.701;1642.668;2428.849;2980.339;3585.438;2826.575;2824.217;2633.118;2664.541;2795.720;3459.079;1522.030;228.366;694.778;856.969;1277.781;3097.738;-0.297;1753.814;2876.760;777.891;196.336;556.765;431.037;3140.773;291.626;555.517;3098.082;3004.155;2148.955;3417.353;8.844;3592.269;2153.584;1000.563;3332.746;2428.372;3595.185;150.185;1978.770;1631.510;2245.161;886.752;-6.301;1842.930;982.155;3412.030;1673.494;1544.853;2433.948;1764.281;3591.460;2893.104;1805.452;750.069;2244.728;2563.853;2839.438;3610.270;600.088;1486.926;1439.336;1267.058;1270.337;1790.285;1991.118;1088.843;205.248;1034.807;255.135;1076.382;2546.281;2133.007;3595.118;1879.922;2033.796;2339.736;2656.708;2107.980;2177.966;2410.897;1381.507;2870.903;2265.052;1173.874;889.263;3.976
58,104.67994260787964,57,-549.3411890278924,549.3411890278924,0.40611609231165596,682.174;3430.635;885.379;3176.527;1610.528;2480.309;2706.405;2016.344;1432.066;374.771;297.786;2713.722;1612.166;871.528;3012.158;1158.118;1352.874;1136.488;2336.996;1976.144;1973.662;664.012;1015.192;973.204;1264.629;458.472;442.860;3604.886;3508.164;295.782;460.227;520.591;2702.846;2768.960;-1.779;2098.059;9.662;1992.475;2412.038;3581.513;959.693;3028.050;3168.950;3593.551;5.938;1551.009;3618.133;1386.320;3117.320;1949.514;2549.531;1812.569;2.750;-2.065;421.532;725.553;3557.248;2537.495;3129.710;2012.203;2288.802;3251.610;3580.103;3366.220;3186.342;303.349;1020.140;-0.652;1985.816;2784.355;-14.528;213.708;1380.019;802.059;2718.554;1362.842;2273.927;1842.537;2091.098;3569.046;3525.579;353.860;2869.866;1006.897;301.621;1120.785;2011.140;3591.902;1392.533;12.107;3387.536;513.683;1626.849;3093.551;1886.698;1640.878;2748.041;9.136;2076.141;1524.046,3552.181;3021.956;45.860;500.691;1630.347;2334.189;1108.398;1072.392;3291.909;3425.486;1366.807;3295.466;767.283;334.710;1654.042;2425.554;2991.586;3599.878;2835.435;2808.778;2618.123;2649.856;2780.432;3447.887;1506.862;214.958;679.323;844.756;1266.529;3084.137;-8.395;1760.283;2873.021;767.479;193.159;541.874;428.367;3149.270;300.960;545.334;3113.098;3006.599;2137.241;3421.872;18.784;3605.132;2167.420;994.786;3330.360;2415.744;3605.136;162.487;1970.694;1643.943;2259.847;891.180;6.905;1858.261;994.249;3397.767;1658.772;1558.699;2423.016;1749.749;3605.472;2878.511;1793.717;765.395;2235.869;2575.753;2854.202;3603.208;591.609;1492.653;1424.241;1281.423;1285.640;1805.428;2005.047;1088.601;192.659;1045.807;240.313;1082.229;2540.794;2147.037;3609.742;1893.574;2019.456;2325.080;2662.277;2094.241;2193.106;2422.936;1367.234;2885.622;2275.623;1158.627;878.538;-1.721
59,106.5198929309845,58,-549.3525491549892,549.3525491549892,0.5014820040425673,695.605;3445.577;870.547;3168.192;1623.865;2476.964;2705.070;2031.732;1417.899;359.554;284.633;2704.958;1596.945;884.347;2998.025;1173.454;1367.413;1121.441;2351.740;1981.418;1961.728;670.157;1000.954;988.495;1249.414;450.879;457.121;3590.953;3508.873;299.720;473.137;514.627;2687.521;2757.667;13.398;2083.414;-1.070;2003.955;2426.740;3579.720;944.393;3042.950;3183.329;3600.196;-3.505;1565.322;3603.181;1371.312;3116.385;1964.847;2562.095;1827.211;-0.752;1.587;436.514;712.237;3550.698;2523.013;3137.515;2001.865;2304.043;3237.948;3593.965;3374.769;3187.292;299.388;1026.518;10.891;1991.331;2769.540;0.166;228.916;1395.081;786.712;2730.507;1377.207;2258.551;1827.992;2086.514;3584.073;3540.867;368.489;2859.086;991.662;286.584;1135.358;2018.778;3604.068;1406.528;26.947;3400.009;498.802;1611.556;3108.009;1872.490;1642.491;2756.679;10.128;2063.955;1509.259,3537.033;3035.642;60.687;492.771;1615.357;2319.333;1120.260;1063.707;3280.184;3431.901;1382.175;3281.434;781.003;348.547;1669.223;2440.482;3003.921;3615.265;2835.404;2804.729;2631.559;2664.720;2765.022;3432.797;1520.073;199.771;663.955;858.591;1280.966;3098.419;-22.557;1746.989;2887.991;752.459;207.756;526.509;443.233;3148.082;316.146;552.551;3125.676;2992.110;2121.972;3409.694;5.136;3604.255;2168.656;981.155;3339.131;2429.979;3596.601;148.557;1956.035;1650.526;2273.661;905.294;0.011;1873.645;981.001;3384.790;1658.251;1566.302;2409.914;1734.626;3614.496;2883.210;1801.739;762.877;2248.522;2590.961;2841.109;3616.101;576.516;1478.029;1409.295;1281.674;1300.010;1794.300;2020.175;1077.275;192.465;1061.050;225.031;1097.331;2555.625;2162.009;3599.562;1890.074;2004.073;2328.980;2677.322;2079.288;2185.723;2408.117;1351.861;2877.661;2270.671;1143.228;863.314;1.749
60,108.39328980445862,59,-549.7830183775018,549.7830183775018,0.3873626818179786,695.164;3441.864;884.205;3179.632;1637.230;2462.375;2717.842;2039.209;1402.695;347.662;298.263;2711.781;1610.373;884.211;2993.083;1158.969;1382.715;1131.553;2366.059;1967.314;1975.495;658.828;985.953;978.025;1242.986;437.510;443.468;3597.268;3522.226;286.287;460.065;528.326;2699.297;2761.513;0.502;2068.978;12.141;2019.107;2440.734;3589.910;953.734;3057.608;3179.626;3599.326;9.751;1580.499;3596.454;1380.667;3131.272;1979.394;2553.003;1838.108;-8.705;16.311;449.198;725.179;3565.450;2537.544;3131.562;2004.407;2298.890;3224.722;3608.977;3389.808;3172.469;311.102;1014.410;-2.390;1977.488;2757.425;1.831;218.551;1382.229;771.634;2717.329;1374.775;2270.098;1839.254;2072.493;3586.586;3550.510;383.456;2843.949;987.497;276.682;1150.709;2004.251;3591.550;1393.214;15.328;3414.844;489.162;1606.710;3120.714;1857.148;1629.133;2754.503;-4.571;2049.164;1509.925,3541.818;3030.557;74.875;506.539;1625.182;2311.322;1105.807;1077.861;3292.645;3446.896;1375.220;3285.900;768.555;337.008;1678.248;2432.472;2990.763;3604.400;2820.807;2819.636;2619.385;2679.726;2763.975;3436.690;1507.981;184.422;674.418;873.842;1269.455;3112.198;-7.761;1749.151;2890.118;737.517;223.065;514.241;453.098;3162.958;305.600;540.715;3111.179;2995.474;2133.216;3394.460;-10.145;3598.570;2153.678;995.872;3325.126;2438.196;3608.960;134.413;1943.420;1665.607;2278.410;892.160;-2.149;1874.851;967.397;3369.644;1671.792;1553.642;2403.355;1720.616;3600.108;2884.115;1787.830;748.270;2244.239;2599.993;2849.567;3601.954;583.538;1464.796;1416.849;1295.137;1287.913;1779.864;2011.256;1064.602;179.460;1076.426;229.988;1091.030;2543.033;2177.278;3612.289;1902.432;2012.118;2343.786;2676.433;2077.460;2171.473;2410.095;1336.986;2862.941;2285.432;1130.621;852.203;-12.350
61,110.28709483146667,60,-549.4975925303108,549.4975925303108,0.4080227257193249,680.533;3456.482;895.599;3194.610;1649.596;2448.907;2703.428;2053.168;1401.941;332.480;285.209;2726.831;1596.800;897.949;2989.760;1162.091;1377.863;1146.105;2352.324;1952.021;1990.771;664.820;989.774;982.058;1252.727;450.529;454.679;3603.345;3507.613;301.063;447.198;543.501;2698.037;2774.482;-8.899;2065.817;5.077;2008.321;2455.052;3576.492;946.060;3072.493;3175.555;3614.023;7.539;1594.948;3597.665;1395.770;3146.405;1965.417;2542.429;1825.044;5.722;31.628;457.723;737.284;3571.592;2549.519;3145.732;2001.019;2312.420;3238.743;3594.557;3398.538;3157.236;303.925;1000.836;-7.001;1992.160;2770.019;5.403;227.276;1386.705;756.661;2725.265;1386.213;2268.877;1826.754;2057.850;3601.106;3548.647;369.442;2855.419;972.618;261.764;1138.073;2005.371;3580.098;1405.042;11.042;3406.518;478.824;1592.021;3110.835;1842.769;1637.480;2769.452;7.208;2037.893;1524.258,3545.661;3030.512;60.867;500.693;1615.419;2325.430;1105.130;1090.286;3307.866;3432.633;1371.110;3272.366;753.731;351.005;1667.447;2444.961;2976.739;3591.826;2813.231;2806.028;2633.960;2693.409;2768.224;3448.484;1519.116;187.030;661.576;861.708;1254.295;3113.034;6.157;1734.524;2900.079;737.118;235.077;506.570;456.544;3176.299;318.849;550.007;3109.362;2982.676;2119.151;3380.980;0.910;3613.118;2164.507;1007.606;3339.032;2453.115;3594.906;122.010;1930.409;1680.937;2290.420;886.559;11.045;1888.767;981.651;3355.973;1665.448;1565.082;2417.631;1721.762;3612.946;2897.775;1776.619;760.443;2238.087;2612.061;2859.345;3611.784;579.462;1449.603;1430.199;1282.098;1274.943;1792.248;1996.638;1049.363;164.341;1066.138;215.484;1104.229;2527.959;2163.194;3599.415;1901.470;1999.556;2356.998;2666.436;2085.412;2181.644;2422.621;1350.411;2866.733;2272.362;1141.642;837.033;1.634
62,111.99001240730286,61,-549.9316516943438,549.9316516943438,0.253180983534045,665.941;3471.713;910.081;3202.992;1664.777;2462.031;2716.683;2040.437;1391.622;323.089;283.209;2720.200;1586.815;884.530;3003.890;1162.746;1388.287;1149.439;2361.400;1951.871;1988.458;666.633;975.186;967.936;1243.744;461.025;441.319;3588.711;3519.414;299.804;438.082;543.430;2712.751;2759.746;5.489;2050.908;-9.536;1995.592;2443.712;3590.500;960.194;3070.508;3160.593;3599.408;-4.585;1583.722;3598.590;1393.535;3147.892;1977.840;2551.123;1837.488;19.055;17.940;471.616;752.308;3586.553;2539.985;3160.061;2015.690;2318.050;3247.940;3596.938;3410.916;3144.466;297.306;986.125;7.863;1983.301;2755.838;10.207;215.326;1378.852;742.261;2719.991;1372.307;2282.652;1814.776;2050.090;3595.353;3533.703;376.067;2858.816;964.596;274.754;1139.915;1991.904;3582.706;1419.758;-3.924;3420.034;467.597;1583.367;3109.872;1828.009;1652.165;2768.415;-4.014;2052.415;1534.169,3531.269;3045.431;72.903;485.698;1601.142;2339.395;1094.110;1083.643;3307.986;3428.623;1356.281;3257.897;740.766;348.906;1652.328;2450.654;2965.201;3601.642;2819.071;2810.849;2639.795;2680.033;2783.126;3458.438;1534.141;175.639;669.237;863.017;1245.677;3127.903;-5.990;1745.686;2888.687;723.682;246.728;516.209;442.969;3162.699;314.809;565.019;3094.807;2967.495;2104.785;3394.876;-6.453;3598.894;2179.380;1019.315;3339.614;2440.058;3582.788;135.038;1942.007;1667.853;2276.952;872.337;-3.881;1900.799;969.352;3369.156;1651.590;1550.616;2403.300;1736.690;3599.248;2912.938;1790.188;748.249;2252.977;2615.169;2844.653;3602.251;570.259;1453.207;1417.487;1267.586;1267.219;1798.964;1982.873;1063.896;179.256;1055.789;214.444;1113.495;2512.909;2168.396;3598.873;1916.374;1984.828;2372.217;2680.584;2074.330;2172.224;2437.818;1364.896;2881.238;2258.783;1141.302;847.544;-8.939
63,113.84760046005249,62,-550.4634893165606,550.4634893165606,0.25408728568691674,651.482;3458.524;908.098;3218.010;1678.924;2456.272;2716.836;2025.328;1404.967;308.350;295.668;2734.329;1597.164;897.787;3015.278;1148.054;1388.109;1164.280;2346.914;1950.684;1976.670;681.436;983.830;953.115;1228.755;447.161;444.895;3600.541;3528.863;313.260;452.626;555.326;2727.522;2746.134;-4.826;2038.079;4.310;2009.623;2457.990;3580.641;971.019;3084.917;3147.753;3606.758;9.242;1568.651;3612.490;1395.197;3162.379;1979.059;2542.056;1846.036;8.039;8.890;457.917;766.700;3591.362;2549.456;3175.300;2006.030;2304.027;3262.975;3603.140;3396.486;3132.399;282.368;995.366;-2.504;1977.124;2763.913;-4.066;208.526;1364.779;751.369;2711.075;1361.396;2297.536;1803.097;2064.639;3580.447;3527.736;362.547;2844.508;974.929;284.321;1129.054;1997.457;3597.606;1431.308;2.836;3431.951;481.626;1595.434;3122.375;1834.775;1638.257;2758.046;3.935;2064.335;1544.307,3544.018;3035.816;64.055;496.454;1586.264;2353.377;1108.276;1090.097;3294.327;3414.923;1342.060;3271.940;725.611;334.584;1644.944;2464.937;2950.080;3588.908;2804.278;2802.806;2632.610;2679.474;2792.601;3473.500;1525.308;190.004;671.065;848.992;1230.863;3129.385;6.307;1757.774;2897.192;735.701;236.572;501.953;427.823;3173.746;329.264;558.722;3107.128;2970.598;2098.647;3403.727;4.269;3590.084;2178.301;1027.240;3354.424;2441.500;3572.136;122.164;1927.996;1676.336;2275.062;886.089;-6.766;1889.191;972.688;3384.182;1636.374;1559.075;2402.895;1743.677;3593.295;2905.411;1805.062;761.420;2256.359;2600.650;2840.952;3602.633;584.868;1455.702;1430.919;1262.806;1252.266;1813.910;1996.028;1072.267;181.385;1040.791;212.208;1100.120;2523.174;2154.522;3603.926;1924.521;1969.760;2360.873;2667.145;2086.660;2184.689;2451.418;1354.676;2892.449;2269.643;1154.909;842.733;4.145
64,115.72915387153625,63,-550.4115221277748,550.4115221277748,0.2824981627333917,664.022;3467.834;897.912;3219.463;1690.013;2469.971;2710.100;2012.578;1418.004;295.622;281.052;2746.556;1582.755;912.703;3000.526;1161.055;1373.455;1155.339;2334.265;1940.981;1974.862;667.089;997.828;962.303;1236.571;443.800;459.732;3611.056;3514.857;323.969;466.293;570.305;2716.954;2749.499;-15.493;2022.979;9.531;2023.739;2460.643;3576.442;985.852;3093.589;3161.682;3593.547;4.390;1554.811;3598.068;1410.043;3176.747;1964.587;2556.730;1861.018;8.691;3.223;443.099;752.753;3602.941;2561.186;3164.977;1995.966;2289.081;3276.173;3588.612;3409.642;3117.515;268.387;1010.371;7.542;1990.859;2778.510;6.785;200.965;1368.593;739.001;2725.773;1346.343;2283.756;1817.771;2074.042;3593.035;3514.880;360.939;2857.601;964.829;270.042;1113.995;1990.082;3596.439;1417.001;17.497;3417.942;489.122;1610.450;3137.413;1849.421;1650.925;2743.014;17.934;2079.406;1529.791,3547.372;3027.044;55.162;504.504;1594.807;2340.150;1111.197;1075.301;3282.901;3410.262;1355.778;3281.969;738.426;319.539;1657.769;2480.099;2954.023;3602.765;2791.949;2812.584;2637.888;2685.957;2779.304;3459.718;1511.604;204.030;658.084;858.164;1230.231;3131.431;4.499;1745.467;2912.062;721.088;221.540;511.765;412.667;3182.607;332.880;568.250;3094.056;2959.234;2083.950;3418.680;18.524;3578.370;2191.052;1037.187;3357.136;2427.307;3558.839;108.178;1941.579;1681.580;2288.619;901.223;-4.774;1874.366;986.284;3399.048;1643.395;1574.051;2413.079;1729.415;3590.811;2891.978;1811.787;750.539;2270.783;2607.130;2854.989;3593.467;571.724;1442.241;1426.859;1277.036;1266.449;1809.300;2011.177;1058.977;181.368;1038.036;197.762;1087.974;2538.151;2167.049;3589.733;1938.124;1956.033;2345.848;2676.930;2072.299;2170.863;2464.706;1339.907;2905.056;2255.916;1140.790;827.924;15.419
65,117.66133737564087,64,-550.7962097394466,550.7962097394466,0.4038459399650248,678.854;3482.563;882.921;3205.853;1676.594;2474.654;2698.887;2007.645;1433.111;289.737;283.850;2760.114;1577.652;927.535;3006.291;1172.193;1359.596;1140.519;2322.945;1955.128;1960.423;654.615;1012.614;968.394;1248.019;457.937;457.339;3596.789;3510.550;309.378;460.776;569.047;2728.567;2764.307;-1.024;2011.078;-4.081;2015.957;2474.597;3591.046;1001.040;3108.528;3163.474;3581.509;-9.384;1541.412;3604.083;1424.426;3165.868;1949.416;2571.255;1876.206;-2.280;-11.611;428.974;744.001;3597.506;2548.376;3157.321;1980.972;2280.860;3267.605;3584.894;3417.659;3117.106;282.776;1022.359;4.835;2005.888;2767.861;-7.004;186.045;1381.784;746.074;2737.646;1331.190;2269.929;1831.555;2088.891;3604.685;3514.435;346.504;2867.343;975.482;256.488;1099.947;2004.559;3610.267;1411.666;25.623;3404.558;504.009;1625.495;3133.784;1838.155;1643.242;2731.149;7.369;2091.123;1514.622,3533.299;3013.344;68.406;511.963;1592.373;2338.792;1125.762;1062.788;3292.682;3424.438;1370.340;3281.748;748.859;304.538;1647.631;2466.803;2968.873;3614.988;2806.157;2826.577;2623.564;2700.488;2764.209;3451.086;1515.919;219.178;669.200;844.891;1244.778;3145.612;-8.978;1752.122;2898.366;709.703;207.809;498.414;416.741;3169.568;322.610;564.138;3079.889;2972.639;2093.800;3427.922;4.075;3590.164;2177.141;1043.452;3347.504;2442.096;3544.607;93.141;1956.504;1668.364;2301.413;903.472;-2.154;1881.413;985.705;3410.887;1640.093;1578.826;2416.632;1730.763;3605.308;2902.071;1814.277;747.252;2255.991;2621.787;2858.866;3606.149;574.336;1443.536;1413.249;1291.018;1279.099;1799.953;2021.682;1047.444;183.603;1049.845;182.628;1072.906;2551.976;2172.858;3602.980;1928.809;1963.343;2335.003;2685.554;2057.990;2183.458;2479.519;1327.178;2891.367;2242.318;1132.950;812.925;30.454
66,119.37832474708557,65,-550.7503879217165,550.7503879217165,0.3962897817589187,689.854;3481.408;895.133;3218.013;1686.194;2460.148;2684.239;2011.823;1420.982;274.927;270.305;2775.128;1579.039;915.380;2994.688;1163.329;1371.433;1152.074;2308.068;1943.080;1945.293;643.341;1027.520;953.806;1239.212;469.912;445.774;3600.646;3497.946;302.901;447.405;572.029;2718.588;2778.972;-5.793;2024.299;5.936;2015.142;2461.072;3578.780;1015.645;3113.218;3161.644;3573.392;4.989;1554.974;3610.663;1432.696;3179.576;1956.604;2585.803;1871.846;-16.706;2.588;428.677;740.874;3602.825;2554.527;3142.837;1989.985;2294.357;3253.525;3571.077;3412.211;3102.439;296.933;1037.195;-2.032;2013.731;2781.604;6.361;175.112;1371.515;731.763;2751.776;1326.969;2261.187;1845.215;2095.455;3591.064;3522.382;358.050;2882.159;986.266;242.624;1085.604;1991.491;3600.885;1424.107;27.269;3398.525;493.206;1615.849;3119.778;1851.696;1636.099;2717.644;20.939;2093.941;1502.863,3546.299;2999.568;54.198;526.819;1577.687;2352.852;1118.895;1054.846;3307.339;3426.217;1368.371;3296.244;745.018;302.539;1662.099;2475.462;2973.373;3601.292;2820.246;2825.829;2609.346;2715.621;2754.362;3462.422;1529.623;231.869;659.620;830.373;1238.135;3155.106;4.875;1738.747;2905.528;698.184;192.967;494.486;405.663;3171.328;333.467;550.105;3083.888;2966.401;2108.196;3418.004;-8.726;3605.052;2172.962;1058.287;3360.233;2445.410;3557.648;80.501;1969.673;1681.908;2316.139;890.298;-3.629;1867.640;998.075;3397.958;1625.335;1580.403;2431.249;1730.891;3596.972;2888.010;1813.279;734.775;2252.002;2633.811;2873.116;3592.433;578.788;1457.889;1422.351;1283.843;1292.147;1810.406;2026.856;1034.473;178.009;1050.706;167.616;1063.645;2553.520;2158.650;3615.392;1913.878;1977.686;2322.006;2672.094;2060.385;2198.027;2466.940;1315.780;2876.307;2234.756;1145.773;803.271;41.468
67,121.26508331298828,66,-550.9574615343215,550.9574615343215,0.3028442790562065,704.799;3491.049;907.544;3213.575;1701.096;2473.370;2698.433;1997.106;1408.605;260.889;274.251;2760.990;1593.755;922.706;3006.302;1173.936;1362.697;1166.341;2292.953;1955.445;1954.374;628.425;1021.456;943.806;1224.377;455.879;431.077;3589.801;3482.950;290.518;460.864;557.501;2732.131;2765.964;4.502;2030.649;-0.817;2021.240;2450.299;3588.348;1008.318;3127.755;3147.358;3586.904;-0.668;1566.415;3596.135;1447.532;3194.512;1947.851;2600.901;1882.503;-2.056;3.329;414.278;754.840;3617.447;2568.039;3157.122;1994.488;2280.932;3257.326;3576.732;3425.704;3097.098;294.940;1049.726;-9.701;2001.806;2772.058;-0.186;189.441;1356.678;742.777;2765.760;1312.276;2268.042;1833.860;2110.273;3603.887;3507.928;373.008;2872.573;1001.206;234.039;1073.627;1996.382;3603.424;1437.868;15.904;3413.004;481.575;1611.552;3131.757;1855.202;1649.990;2731.930;7.360;2108.559;1489.221,3555.818;2984.506;39.330;540.513;1562.721;2339.438;1104.553;1065.361;3304.459;3412.539;1354.753;3310.342;734.975;288.126;1669.972;2490.205;2979.872;3594.740;2833.843;2828.113;2620.259;2730.748;2740.756;3473.583;1515.391;242.559;666.288;815.327;1226.202;3167.982;10.944;1752.764;2920.014;708.721;203.474;491.985;391.020;3185.917;319.538;535.506;3071.612;2973.870;2123.181;3403.092;4.661;3590.962;2159.521;1073.398;3374.355;2443.895;3572.620;66.686;1983.996;1696.092;2303.928;875.590;8.157;1852.580;984.166;3400.620;1637.632;1567.032;2417.497;1717.222;3582.989;2873.753;1804.165;749.212;2250.248;2619.274;2888.179;3605.609;593.107;1444.631;1409.216;1298.037;1290.924;1825.317;2039.582;1048.114;166.311;1036.045;152.841;1051.533;2563.884;2145.143;3600.993;1917.348;1991.514;2307.448;2676.411;2047.151;2212.604;2477.915;1302.998;2878.634;2248.965;1160.578;816.845;55.428
68,123.1723268032074,67,-551.7082318927803,551.7082318927803,0.3908513054436167,693.246;3505.373;922.452;3199.293;1706.544;2488.124;2710.888;1994.551;1393.724;246.959;283.236;2749.119;1607.837;908.275;2997.750;1188.796;1376.626;1180.687;2304.736;1942.960;1941.767;639.854;1035.627;931.626;1216.725;440.885;421.767;3598.177;3493.711;275.627;475.809;558.712;2729.548;2762.400;16.151;2030.942;-15.596;2006.959;2436.671;3603.203;993.590;3140.130;3156.162;3588.634;5.080;1579.886;3594.325;1442.488;3185.026;1961.174;2609.780;1889.048;3.529;1.679;415.339;747.434;3603.088;2582.987;3167.082;2009.216;2266.116;3269.239;3562.602;3440.676;3110.536;305.565;1064.679;4.919;1995.696;2759.678;-11.646;194.287;1356.181;729.257;2766.396;1307.654;2282.695;1844.376;2119.546;3590.570;3515.222;377.194;2858.242;998.926;225.998;1058.693;1982.278;3617.268;1425.480;1.074;3421.112;494.625;1623.022;3121.145;1840.840;1636.922;2744.756;-6.960;2122.804;1476.217,3569.800;2971.963;39.673;555.200;1548.352;2353.445;1116.819;1051.408;3289.738;3418.734;1339.776;3300.189;720.138;291.031;1678.737;2501.454;2994.617;3602.356;2820.135;2842.827;2634.604;2740.655;2729.560;3488.499;1522.632;228.829;681.066;801.871;1237.087;3178.063;0.644;1767.270;2924.240;718.725;190.771;483.706;405.187;3200.946;330.099;520.470;3084.715;2988.645;2110.589;3408.510;17.691;3587.790;2147.515;1088.486;3389.393;2434.146;3582.664;53.182;1970.643;1704.484;2288.991;878.504;1.669;1838.120;969.220;3415.218;1650.476;1552.028;2422.863;1714.151;3589.649;2858.958;1818.784;737.204;2251.164;2631.252;2889.237;3596.028;604.647;1430.307;1423.109;1312.990;1277.533;1824.855;2025.626;1063.050;158.513;1021.888;140.359;1036.585;2572.171;2156.042;3604.541;1931.757;1996.572;2318.168;2662.252;2037.140;2225.284;2481.949;1288.628;2864.294;2250.266;1175.599;812.127;67.395
69,124.87828207015991,68,-551.9803176502219,551.9803176502219,0.38322264509781223,681.354;3519.594;928.929;3185.279;1699.022;2483.027;2718.004;1994.562;1388.229;232.171;289.944;2752.918;1610.766;907.365;2984.213;1203.602;1383.023;1173.768;2315.153;1948.138;1932.993;646.293;1025.422;928.575;1224.506;448.843;430.685;3594.760;3488.771;269.738;466.775;549.594;2732.910;2767.197;2.888;2044.561;-1.718;2001.255;2425.208;3598.718;989.110;3148.873;3149.645;3601.664;16.462;1571.947;3599.289;1453.863;3181.493;1967.788;2612.984;1889.361;3.065;-11.435;429.363;735.174;3590.887;2591.464;3178.231;2003.456;2253.056;3283.997;3575.679;3450.991;3122.911;318.604;1065.044;-0.144;1987.419;2755.419;2.531;207.969;1350.105;716.693;2752.085;1297.761;2296.241;1854.883;2133.390;3591.667;3529.595;368.694;2851.988;984.398;238.697;1056.335;1990.521;3602.767;1412.062;-11.265;3408.523;481.563;1614.487;3132.402;1838.475;1645.574;2759.684;5.618;2134.617;1464.615,3584.789;2959.584;28.766;565.831;1544.605;2367.299;1128.677;1039.508;3281.922;3404.394;1345.289;3309.383;728.998;300.643;1665.878;2514.880;3009.326;3606.528;2821.422;2852.597;2621.625;2737.680;2715.619;3475.761;1513.896;229.901;669.846;787.140;1238.082;3191.671;-13.575;1768.499;2938.481;733.509;195.565;498.210;414.567;3215.560;318.115;507.517;3074.484;2984.271;2096.035;3413.260;11.530;3600.492;2160.845;1103.338;3378.509;2432.448;3590.450;41.401;1980.575;1717.214;2279.788;864.278;-12.401;1848.496;956.107;3410.664;1636.926;1548.488;2432.828;1728.211;3604.305;2862.932;1820.137;737.752;2249.122;2629.324;2892.631;3608.435;590.484;1415.614;1423.186;1326.460;1287.456;1830.333;2022.533;1054.669;171.732;1012.142;127.548;1041.773;2558.130;2169.944;3597.968;1920.876;1985.274;2332.466;2662.839;2038.563;2216.052;2481.601;1273.629;2860.128;2263.722;1188.304;798.568;78.042
70,126.7456283569336,69,-551.4942246537676,551.4942246537676,0.3763831723785258,691.370;3534.559;941.303;3170.438;1685.373;2468.471;2703.505;1980.322;1401.736;242.083;304.545;2767.488;1597.580;893.717;2969.525;1218.584;1370.655;1181.302;2329.038;1961.645;1918.723;660.889;1038.107;913.933;1210.211;445.455;445.443;3608.702;3499.951;255.078;475.160;563.405;2720.777;2781.335;13.366;2059.349;-3.472;1986.956;2439.383;3584.326;999.287;3135.741;3134.949;3588.516;2.330;1557.234;3613.549;1452.495;3195.466;1982.485;2612.578;1903.462;-5.082;2.737;415.356;748.822;3589.162;2600.186;3193.008;1990.284;2238.148;3277.889;3589.876;3440.755;3134.429;304.509;1052.357;-13.982;1972.720;2759.452;6.526;194.152;1364.053;703.127;2738.099;1311.472;2290.013;1869.604;2148.323;3604.641;3544.031;354.341;2866.029;969.888;253.479;1042.804;2002.603;3593.972;1425.028;2.901;3422.372;491.361;1599.804;3118.639;1824.036;1636.748;2774.460;7.046;2120.995;1478.423,3591.082;2944.975;39.410;580.317;1551.093;2370.618;1141.097;1029.841;3290.750;3392.594;1331.023;3295.694;716.176;315.422;1652.207;2501.395;3021.532;3592.203;2810.602;2840.789;2632.351;2737.762;2700.687;3485.302;1499.209;216.108;678.743;776.702;1252.597;3177.270;-0.514;1765.387;2926.098;727.896;181.367;485.106;424.951;3203.296;304.643;513.169;3087.588;2997.678;2082.450;3427.913;25.646;3613.215;2175.754;1118.328;3383.988;2419.636;3579.287;26.547;1971.884;1703.180;2286.284;850.284;1.564;1854.531;941.345;3408.193;1645.556;1533.956;2446.701;1743.151;3601.352;2870.712;1834.542;728.147;2262.993;2637.490;2906.658;3597.699;590.931;1424.687;1411.873;1341.384;1302.188;1816.207;2010.993;1065.836;174.493;1015.691;113.360;1029.687;2560.802;2184.565;3591.133;1917.009;1970.538;2328.174;2648.593;2053.126;2204.271;2496.130;1258.628;2873.799;2252.194;1202.926;812.481;92.812
71,128.6390790939331,70,-551.6495343692966,551.6495343692966,0.46885732037667793,677.955;3549.283;955.984;3159.086;1670.474;2459.344;2690.445;1970.419;1409.696;229.370;291.267;2780.846;1584.605;897.347;2976.211;1210.943;1355.818;1193.489;2341.032;1976.384;1905.618;649.410;1052.731;915.420;1198.936;451.977;460.267;3594.720;3485.840;248.210;460.980;560.698;2734.114;2795.635;7.920;2061.081;7.574;1972.027;2442.749;3573.067;1014.037;3143.012;3120.627;3599.018;-11.406;1567.784;3599.793;1466.904;3210.096;1984.956;2597.999;1916.870;8.981;-6.895;405.789;736.074;3597.606;2614.825;3191.417;1975.524;2234.703;3291.923;3597.536;3449.093;3120.427;308.996;1037.515;0.167;1963.394;2774.063;-6.724;205.345;1356.549;702.114;2723.661;1318.532;2304.227;1871.037;2140.005;3619.500;3540.831;346.836;2878.896;981.224;250.440;1055.960;2017.434;3587.576;1422.187;5.607;3423.979;505.423;1591.506;3113.945;1836.647;1651.049;2768.254;1.974;2133.294;1490.301,3605.055;2958.359;36.140;570.684;1538.208;2361.281;1128.155;1019.881;3303.708;3377.781;1342.579;3309.383;726.941;310.346;1666.124;2486.787;3012.548;3604.436;2819.622;2837.246;2621.269;2723.921;2712.006;3480.117;1499.725;229.412;690.210;788.003;1238.996;3163.015;-9.343;1778.202;2938.061;741.899;195.902;472.233;434.223;3189.909;289.781;515.619;3099.757;2985.888;2094.692;3438.039;11.104;3598.945;2175.152;1115.427;3369.979;2434.157;3564.491;30.131;1985.168;1689.956;2300.903;835.854;-4.660;1848.541;950.297;3394.373;1645.806;1519.430;2432.656;1735.373;3615.327;2885.029;1823.228;715.056;2248.507;2644.137;2899.717;3609.471;576.803;1410.710;1421.272;1331.209;1316.898;1813.340;2021.435;1080.373;188.984;1025.306;98.480;1043.271;2546.543;2187.752;3605.309;1903.676;1969.579;2315.533;2661.239;2066.389;2217.292;2482.841;1268.907;2878.520;2243.764;1190.480;805.846;91.379
72,130.33991956710815,71,-551.1826243380785,551.1826243380785,0.5060877972460498,664.076;3563.213;968.437;3171.773;1665.604;2444.823;2702.764;1955.710;1424.330;239.067;303.424;2776.289;1597.100;911.507;2965.226;1222.588;1343.772;1179.651;2328.179;1990.813;1891.649;637.261;1040.632;926.075;1210.239;466.460;454.880;3605.259;3480.477;234.286;472.688;547.050;2736.275;2781.536;22.300;2048.855;-5.431;1985.452;2429.931;3572.131;1003.463;3129.616;3132.260;3613.363;-25.385;1561.783;3592.656;1462.869;3205.529;1986.926;2584.385;1902.748;3.707;6.545;414.815;721.424;3597.357;2612.970;3177.437;1977.775;2247.229;3306.774;3611.983;3435.476;3110.775;294.681;1048.049;-2.070;1950.928;2763.703;1.993;219.179;1369.085;716.493;2728.521;1304.211;2296.315;1861.242;2152.990;3606.306;3555.026;332.200;2893.629;995.928;262.610;1068.376;2014.254;3601.264;1434.145;-7.974;3428.138;512.274;1577.552;3128.188;1845.666;1652.081;2767.935;-12.610;2147.808;1504.452,3592.575;2972.441;48.962;579.263;1527.883;2346.591;1113.806;1005.209;3318.535;3380.665;1350.730;3319.246;734.696;319.089;1656.803;2500.387;2997.869;3591.858;2807.108;2823.923;2633.689;2709.920;2722.444;3466.804;1514.009;235.894;704.722;802.763;1225.197;3153.615;4.856;1783.410;2934.923;728.714;198.196;457.471;419.841;3177.510;275.184;520.672;3090.722;2972.644;2104.105;3452.229;7.404;3594.693;2161.880;1107.062;3359.659;2437.349;3574.760;23.134;1976.509;1685.163;2315.767;846.347;2.054;1834.025;939.057;3408.264;1644.079;1529.370;2445.024;1740.354;3601.220;2873.033;1836.764;703.982;2245.548;2657.787;2885.420;3596.106;585.071;1398.326;1435.921;1316.923;1304.551;1804.957;2036.153;1095.067;203.260;1010.913;111.342;1040.483;2547.582;2202.214;3593.364;1917.653;1955.356;2300.745;2657.540;2052.396;2203.451;2495.656;1276.849;2893.052;2252.979;1177.066;817.041;78.886
73,132.19467115402222,72,-551.1673945007251,551.1673945007251,0.39097867541477666,649.282;3552.356;982.934;3161.322;1651.605;2454.424;2692.461;1967.047;1434.624;253.705;297.193;2790.119;1591.364;898.007;2950.521;1226.743;1329.793;1190.270;2313.540;1977.061;1905.467;650.877;1053.107;939.633;1216.504;481.316;457.520;3593.637;3494.490;219.457;464.545;560.629;2721.872;2778.422;30.642;2059.080;-17.698;1977.797;2440.294;3582.787;1011.470;3121.318;3136.989;3599.210;-11.351;1547.224;3578.300;1475.842;3217.940;2000.334;2583.708;1901.002;16.916;-1.016;428.586;733.023;3611.498;2598.931;3187.276;1964.553;2261.512;3317.515;3599.319;3422.003;3096.882;287.248;1037.577;10.853;1951.538;2776.287;-4.368;207.307;1355.374;703.326;2743.058;1310.180;2283.925;1869.784;2140.243;3594.581;3543.362;338.841;2908.497;1010.763;249.025;1072.921;2028.010;3606.703;1448.590;4.744;3442.615;498.258;1562.761;3141.072;1859.880;1666.318;2753.631;-0.027;2136.174;1516.930,3578.256;2981.384;63.736;573.607;1539.366;2334.763;1099.587;1013.433;3309.380;3376.324;1347.107;3309.533;720.808;306.434;1668.848;2510.596;2999.211;3589.693;2796.302;2837.810;2620.075;2723.035;2709.353;3480.895;1502.165;243.684;706.243;814.780;1239.469;3138.973;6.484;1797.957;2940.201;714.592;198.158;445.737;407.113;3190.451;283.621;506.428;3082.810;2984.034;2118.006;3465.635;5.517;3603.934;2169.954;1117.761;3371.626;2440.995;3570.772;8.878;1962.046;1679.253;2329.747;860.332;-9.796;1822.599;946.415;3420.350;1658.477;1542.304;2439.849;1726.211;3602.658;2858.716;1836.010;689.277;2246.305;2644.609;2896.941;3603.737;576.537;1409.902;1428.133;1327.541;1296.904;1794.210;2024.482;1080.878;212.791;1022.325;120.482;1026.346;2561.932;2207.158;3600.420;1930.476;1940.570;2287.811;2665.272;2058.771;2207.842;2502.540;1264.927;2906.748;2238.862;1162.820;802.946;87.926
74,134.0734419822693,73,-551.6003167265724,551.6003167265724,0.5391382635726091,636.854;3565.426;980.104;3165.824;1636.924;2449.743;2678.479;1958.286;1446.031;268.221;282.829;2803.333;1584.557;900.089;2963.565;1213.230;1342.613;1178.968;2303.004;1978.773;1919.816;648.707;1057.768;926.495;1205.499;469.265;470.858;3598.223;3509.213;217.137;476.886;575.398;2707.294;2792.117;42.922;2045.767;-3.961;1980.841;2426.097;3597.426;1025.806;3106.742;3149.968;3599.115;1.157;1534.808;3571.867;1489.771;3207.516;1987.287;2571.771;1915.087;3.817;9.919;415.544;720.715;3597.493;2609.449;3174.665;1971.180;2275.491;3331.964;3586.854;3407.728;3110.605;290.291;1051.447;7.511;1951.864;2788.136;-18.810;192.734;1358.795;696.698;2743.949;1316.874;2296.070;1883.822;2131.487;3582.247;3533.449;334.109;2921.432;1006.700;256.007;1058.917;2026.993;3617.852;1463.326;4.289;3433.827;483.537;1551.400;3128.092;1874.674;1668.650;2765.707;6.374;2146.699;1530.350,3589.580;2995.662;59.817;559.237;1553.942;2325.655;1084.823;1006.127;3302.653;3388.207;1359.027;3304.325;733.214;319.521;1655.633;2523.772;3002.362;3600.414;2807.428;2852.122;2618.946;2710.650;2717.018;3477.421;1487.484;258.218;720.197;824.226;1243.299;3125.795;-5.368;1784.461;2925.913;700.331;197.260;450.578;392.577;3185.112;280.031;491.694;3068.248;2998.001;2109.196;3454.809;-1.468;3617.748;2184.480;1104.565;3384.522;2442.438;3556.536;-5.921;1972.266;1692.197;2341.809;851.703;4.195;1836.425;960.966;3412.860;1652.962;1530.556;2426.451;1739.387;3613.287;2861.223;1850.207;675.507;2248.952;2654.103;2911.550;3593.979;562.011;1424.170;1423.435;1333.788;1311.064;1779.621;2011.190;1075.205;200.496;1022.527;109.436;1038.682;2555.122;2193.198;3614.898;1917.834;1933.100;2286.351;2679.822;2049.761;2200.384;2491.339;1250.233;2900.111;2224.069;1152.248;792.666;102.443
75,135.98200798034668,74,-552.3345458196131,552.3345458196131,0.3270268583971835,644.681;3576.730;967.162;3152.728;1647.353;2463.637;2689.762;1971.207;1434.942;263.018;268.063;2802.186;1570.252;904.339;2975.573;1199.059;1356.405;1191.697;2315.862;1965.263;1930.785;662.477;1072.143;912.456;1218.142;476.782;461.242;3612.227;3514.907;204.807;468.976;584.247;2701.804;2783.842;31.570;2057.940;-4.333;1995.195;2428.877;3586.432;1013.566;3117.970;3137.076;3603.974;5.715;1522.163;3557.585;1476.182;3194.364;1972.706;2585.252;1912.464;4.248;1.979;400.859;719.663;3592.366;2605.212;3187.128;1985.652;2265.984;3346.606;3584.918;3392.988;3125.069;277.098;1042.673;-3.298;1966.202;2776.238;-4.687;191.952;1370.198;704.970;2733.315;1303.452;2282.197;1898.568;2118.240;3571.216;3545.403;348.266;2912.006;1020.522;258.517;1049.812;2012.942;3603.645;1476.387;3.860;3447.475;493.871;1550.084;3117.093;1876.491;1657.353;2760.981;-2.035;2134.990;1516.863,3602.534;3007.321;45.725;544.478;1551.058;2339.772;1095.799;1015.392;3288.393;3402.803;1373.480;3316.416;743.830;313.632;1667.386;2510.194;3016.793;3613.291;2821.945;2866.434;2605.241;2697.614;2731.358;3485.845;1499.268;246.642;733.630;810.234;1253.553;3139.212;6.303;1770.044;2914.265;712.727;204.252;438.070;403.858;3199.335;294.132;504.979;3053.477;2990.314;2095.016;3440.893;-9.766;3603.618;2184.931;1090.148;3390.316;2448.812;3567.504;-1.302;1973.141;1706.832;2335.124;839.171;4.379;1824.359;957.220;3398.861;1638.835;1516.029;2427.365;1731.378;3600.020;2875.231;1848.410;684.293;2244.211;2640.214;2898.051;3602.992;548.135;1412.979;1409.859;1321.399;1319.994;1773.599;2021.293;1062.996;185.832;1009.740;95.643;1026.485;2568.448;2183.236;3601.890;1928.413;1929.968;2273.847;2669.377;2063.207;2211.646;2494.803;1236.950;2885.621;2218.827;1161.115;779.019;117.191
76,137.68931341171265,75,-552.9202207857124,552.9202207857124,0.36460063320046876,647.073;3586.805;952.572;3138.731;1659.741;2459.332;2688.593;1985.356;1421.131;255.588;255.187;2788.224;1584.260;918.632;2990.167;1212.373;1368.370;1199.903;2321.785;1952.865;1919.186;676.001;1060.444;905.849;1204.799;472.909;475.410;3598.298;3506.147;218.730;481.992;596.826;2715.648;2794.626;16.977;2054.821;9.440;1983.449;2416.062;3598.294;1021.484;3131.267;3124.964;3590.406;16.683;1507.642;3568.715;1469.899;3207.832;1963.662;2592.035;1926.694;8.790;0.836;386.416;726.983;3603.761;2590.923;3198.300;2000.377;2279.872;3360.771;3598.887;3404.932;3112.574;267.682;1049.521;10.088;1979.643;2761.766;-5.637;177.844;1356.634;719.162;2720.591;1317.155;2270.520;1885.371;2131.401;3584.857;3537.546;334.711;2899.863;1008.314;270.790;1043.800;1998.583;3589.973;1465.494;-10.397;3458.943;503.900;1536.157;3128.738;1862.745;1671.123;2774.722;-1.534;2130.408;1511.454,3615.959;3000.541;31.811;555.318;1564.789;2349.780;1084.946;1029.599;3300.059;3417.517;1388.204;3303.909;731.958;315.030;1658.613;2502.235;3012.025;3599.170;2829.544;2858.510;2610.824;2683.789;2725.804;3495.591;1492.465;257.859;737.399;796.700;1257.756;3128.043;-4.807;1758.408;2899.884;700.312;203.460;424.195;416.792;3210.921;305.735;497.170;3042.789;2982.502;2107.802;3452.948;1.749;3594.664;2177.847;1094.678;3402.444;2438.519;3557.371;11.004;1971.579;1694.255;2348.002;824.718;-6.266;1828.723;960.397;3411.405;1645.397;1501.435;2441.701;1740.873;3607.930;2864.753;1834.512;670.762;2237.435;2652.132;2906.319;3609.154;557.803;1412.604;1423.031;1307.520;1309.489;1786.971;2007.526;1060.690;176.570;1022.619;81.350;1025.864;2558.113;2196.340;3607.155;1926.543;1919.478;2287.822;2658.306;2077.588;2224.436;2508.652;1222.434;2888.469;2205.409;1148.159;787.840;107.670
77,139.55409145355225,76,-552.8122099257578,552.8122099257578,0.3487948953936928,632.889;3600.720;938.323;3152.025;1648.518;2461.204;2702.432;1994.665;1434.131;269.105;264.522;2779.700;1589.658;933.305;3003.694;1222.480;1361.661;1212.179;2336.085;1947.733;1933.023;689.750;1048.168;919.942;1190.711;486.189;489.849;3592.968;3493.939;233.184;481.765;585.870;2730.108;2790.313;4.726;2042.191;18.928;1986.819;2406.733;3596.015;1010.737;3125.021;3117.738;3598.773;6.280;1515.044;3581.054;1462.598;3222.424;1949.217;2592.069;1933.826;-5.351;-5.602;388.500;726.364;3601.135;2576.282;3184.990;1999.508;2294.080;3374.269;3612.523;3397.816;3098.198;253.204;1038.049;2.737;1969.776;2747.094;-6.891;163.787;1343.282;732.970;2706.820;1328.162;2267.115;1892.533;2123.687;3597.843;3527.880;323.289;2900.796;998.651;256.644;1057.355;1989.662;3592.591;1457.433;2.145;3473.407;518.401;1523.356;3142.626;1851.862;1680.056;2783.452;-15.746;2143.061;1525.434,3601.873;3013.950;17.770;569.230;1578.864;2339.134;1091.738;1032.456;3312.776;3421.042;1401.645;3302.866;735.560;302.906;1647.009;2515.472;2998.051;3598.821;2816.223;2852.709;2624.534;2670.277;2720.047;3510.082;1486.220;271.481;724.330;806.791;1244.694;3124.167;-9.837;1744.330;2908.367;686.256;192.774;409.619;413.184;3199.897;320.291;503.986;3054.538;2996.246;2106.657;3467.522;2.938;3590.013;2164.123;1108.402;3417.002;2427.657;3543.148;24.078;1957.436;1679.771;2362.612;837.302;7.403;1823.634;947.601;3425.177;1659.761;1507.423;2453.582;1755.308;3594.173;2850.324;1826.832;677.025;2247.542;2640.181;2913.084;3594.905;555.280;1398.380;1435.129;1315.987;1295.860;1774.439;1999.486;1064.727;164.218;1036.704;67.402;1012.689;2543.823;2209.114;3597.921;1913.436;1905.119;2283.591;2664.931;2092.120;2210.534;2523.301;1208.012;2902.604;2196.346;1133.847;789.966;113.059
78,141.44852232933044,77,-552.1472402655147,552.1472402655147,0.34356483388934206,624.171;3597.120;948.144;3140.912;1655.365;2475.082;2712.845;2009.084;1448.688;283.545;251.630;2793.853;1588.381;926.696;3018.146;1235.443;1363.215;1198.069;2335.956;1933.443;1925.316;679.497;1053.102;911.568;1176.102;472.512;480.456;3587.033;3479.469;221.365;469.471;598.479;2717.097;2781.995;-7.948;2055.040;32.941;2000.945;2392.401;3609.768;996.256;3110.888;3103.403;3588.613;13.116;1529.184;3567.957;1471.792;3236.830;1946.892;2577.811;1921.598;6.656;8.603;402.720;712.134;3586.857;2588.371;3197.022;2001.007;2282.775;3388.474;3606.727;3411.874;3083.762;263.653;1050.650;11.569;1983.084;2755.029;-12.276;155.888;1355.201;719.311;2692.211;1324.456;2252.859;1891.923;2136.555;3587.572;3542.034;333.261;2888.266;1012.156;254.342;1071.910;1975.647;3603.940;1464.224;12.536;3464.630;506.135;1534.661;3155.812;1837.465;1691.977;2797.865;-2.110;2157.583;1514.186,3607.757;3001.546;3.165;555.450;1593.237;2343.085;1106.046;1046.732;3327.053;3406.984;1399.123;3307.068;749.380;288.449;1633.035;2506.738;3009.482;3589.560;2814.773;2838.481;2638.411;2683.859;2706.098;3497.077;1472.142;278.976;709.960;797.888;1241.948;3130.563;4.347;1729.707;2922.646;699.245;181.300;418.650;427.164;3208.236;307.136;517.287;3063.626;3010.854;2092.728;3459.880;-10.270;3603.340;2149.799;1094.979;3431.635;2426.218;3556.813;10.759;1942.809;1692.298;2377.255;851.845;-5.500;1810.298;933.088;3411.995;1646.255;1520.668;2451.044;1769.091;3598.070;2835.746;1839.492;687.336;2233.711;2652.719;2906.926;3603.812;569.422;1383.813;1449.660;1330.394;1308.941;1781.960;2011.571;1051.623;178.328;1023.532;57.116;998.108;2555.974;2223.218;3594.464;1918.780;1919.143;2269.437;2674.976;2079.467;2204.463;2510.538;1193.393;2893.739;2210.182;1146.801;775.886;100.432
79,143.36584877967834,78,-552.7164997424717,552.7164997424717,0.1740211490475101,634.014;3585.223;946.383;3146.392;1666.160;2488.273;2700.134;2008.268;1455.103;271.546;237.421;2787.892;1574.209;930.551;3032.602;1229.124;1375.369;1199.337;2349.740;1945.137;1930.520;689.704;1067.112;899.380;1186.438;482.686;471.780;3586.024;3490.389;221.232;454.988;611.713;2715.994;2794.435;5.373;2066.129;21.798;1990.595;2392.867;3596.026;986.682;3121.881;3099.488;3601.375;-0.257;1522.224;3560.243;1457.872;3229.008;1941.660;2578.874;1925.006;6.931;2.885;402.019;723.226;3589.190;2602.861;3189.918;2014.371;2268.908;3401.946;3592.444;3424.670;3095.485;277.936;1061.756;-1.744;1978.744;2758.881;1.849;143.030;1369.677;717.340;2681.888;1334.754;2242.632;1879.462;2125.274;3575.898;3545.879;335.246;2902.192;1020.994;242.157;1063.263;1981.569;3590.680;1452.993;23.599;3477.136;497.512;1525.131;3143.581;1837.372;1678.470;2805.485;4.499;2155.040;1503.333,3595.643;2998.955;1.005;552.942;1591.849;2348.937;1116.838;1034.160;3315.460;3394.058;1385.658;3321.309;763.946;283.777;1621.952;2492.856;3013.324;3599.751;2811.621;2843.239;2625.727;2697.903;2718.471;3502.192;1485.457;266.008;702.624;783.724;1255.516;3117.493;2.947;1716.375;2930.441;703.643;182.919;425.621;438.004;3197.663;295.010;531.737;3077.595;3010.147;2093.796;3449.663;3.284;3597.128;2159.288;1082.030;3421.043;2440.288;3569.264;-2.204;1952.101;1701.416;2372.553;857.309;2.024;1795.841;930.393;3409.075;1642.335;1509.856;2439.147;1756.370;3611.308;2833.613;1841.525;701.755;2231.113;2650.897;2920.747;3603.899;556.533;1379.276;1464.035;1316.954;1305.388;1796.265;2021.108;1037.089;182.015;1014.949;52.388;985.730;2566.549;2234.148;3591.809;1933.065;1922.083;2261.618;2661.170;2074.284;2218.256;2519.203;1204.292;2897.903;2205.633;1158.852;763.307;86.213
80,145.07978200912476,79,-552.577198410573,552.577198410573,0.5505532994591215,639.543;3570.861;960.436;3136.441;1680.379;2475.930;2713.133;2005.341;1454.484;259.293;223.749;2792.697;1560.049;916.551;3026.319;1233.591;1361.347;1199.350;2363.927;1933.543;1916.524;690.309;1056.325;909.764;1179.411;497.053;457.456;3599.556;3489.300;207.606;441.672;625.029;2706.610;2780.561;18.571;2053.189;34.709;2003.556;2406.817;3608.176;974.475;3110.850;3112.631;3613.869;-14.726;1529.062;3545.953;1467.593;3223.473;1955.513;2576.122;1918.043;-6.474;-4.665;406.572;737.629;3587.000;2607.807;3201.645;2028.798;2270.436;3407.561;3602.778;3439.076;3090.551;292.395;1076.126;-16.235;1992.680;2755.029;-1.002;129.038;1381.640;705.928;2667.525;1329.345;2228.566;1865.002;2116.039;3561.514;3554.575;323.601;2914.366;1035.297;227.953;1050.047;1967.942;3603.794;1438.626;35.480;3489.742;496.864;1523.215;3156.978;1835.278;1683.653;2819.098;-2.304;2141.704;1496.632,3584.076;3013.028;-12.040;540.661;1605.226;2335.001;1104.411;1024.760;3321.014;3390.155;1386.838;3307.383;776.795;269.936;1635.097;2478.794;3000.453;3613.780;2798.002;2829.162;2633.423;2704.732;2732.309;3497.235;1483.667;279.230;714.728;770.056;1269.262;3130.247;13.497;1724.452;2916.810;713.318;168.755;411.633;451.987;3183.279;299.967;546.245;3091.965;3010.370;2079.950;3460.724;5.277;3605.886;2173.638;1095.132;3432.110;2454.049;3583.724;-16.670;1938.421;1695.318;2384.895;871.123;-5.224;1807.555;916.271;3421.634;1638.338;1496.130;2424.800;1742.725;3598.882;2819.549;1827.429;688.218;2221.299;2637.403;2929.948;3590.168;543.272;1369.952;1475.356;1318.362;1319.091;1791.279;2029.114;1049.162;195.483;1023.881;38.158;971.281;2559.196;2220.332;3604.927;1945.699;1935.434;2247.347;2671.049;2087.773;2232.733;2533.322;1192.107;2912.106;2218.885;1145.297;773.329;100.061
81,146.96126532554626,80,-552.9568709839854,552.9568709839854,0.3388367292858922,625.712;3559.649;972.724;3122.427;1669.240;2475.698;2702.166;1991.869;1442.827;245.079;211.463;2799.860;1552.821;909.461;3024.501;1247.743;1370.780;1210.939;2351.479;1946.040;1908.043;676.210;1068.557;923.855;1192.869;502.564;457.352;3613.901;3475.663;203.891;438.104;612.904;2699.432;2779.610;6.364;2064.343;45.307;1999.823;2421.003;3595.221;960.071;3097.542;3125.550;3599.969;-1.640;1517.839;3534.287;1455.687;3209.274;1958.325;2585.589;1930.940;6.941;7.377;392.655;749.317;3573.682;2613.016;3215.685;2042.234;2257.704;3394.565;3593.310;3445.340;3104.106;283.081;1068.581;-3.915;1990.408;2768.682;-13.226;123.893;1382.248;719.583;2678.275;1315.155;2229.359;1866.123;2128.167;3572.931;3568.348;332.769;2928.715;1030.922;241.160;1035.860;1955.745;3607.145;1442.878;26.119;3502.872;510.796;1509.085;3168.281;1849.145;1695.768;2807.242;7.583;2133.137;1482.672,3571.189;3009.067;1.778;544.858;1619.234;2344.476;1090.021;1010.463;3310.441;3404.073;1400.783;3311.715;791.024;255.863;1622.298;2479.239;2987.635;3600.059;2783.591;2833.339;2629.198;2718.960;2723.212;3509.926;1497.492;290.279;708.679;772.693;1283.432;3143.568;3.105;1710.958;2927.912;727.487;172.838;417.267;465.560;3180.663;287.918;533.026;3092.444;3024.346;2068.707;3447.362;-5.732;3593.187;2162.765;1084.946;3432.748;2445.613;3597.620;-2.818;1924.393;1706.091;2372.251;857.950;6.986;1804.544;906.965;3411.953;1650.816;1481.769;2434.919;1742.780;3610.081;2819.539;1815.536;690.028;2207.061;2647.649;2943.573;3600.367;529.462;1355.656;1489.165;1305.018;1332.749;1784.047;2015.260;1063.349;205.695;1015.597;23.667;972.189;2572.897;2227.843;3590.957;1958.221;1949.874;2235.237;2657.877;2100.709;2224.702;2534.647;1204.012;2921.925;2208.255;1145.736;787.283;110.184
82,148.86944770812988,81,-552.6175580960299,552.6175580960299,0.27845220377535107,622.132;3573.087;986.973;3119.070;1662.731;2463.218;2688.058;1996.116;1451.039;244.957;197.514;2813.137;1566.638;896.788;3020.264;1235.409;1358.261;1201.847;2337.442;1944.808;1902.425;663.604;1080.303;937.965;1203.161;493.625;470.236;3603.408;3469.767;190.177;424.936;604.425;2685.259;2767.349;19.305;2051.136;35.659;1991.217;2434.974;3590.695;946.183;3085.701;3139.866;3596.586;-13.044;1529.166;3520.766;1441.355;3208.018;1971.308;2590.374;1938.105;19.171;-6.203;390.081;736.516;3559.505;2622.914;3223.602;2054.074;2253.198;3397.040;3604.227;3442.776;3105.639;288.203;1055.392;7.562;1998.012;2783.061;-0.038;134.316;1368.236;733.433;2692.301;1312.668;2243.019;1856.905;2115.149;3581.588;3582.146;346.936;2943.101;1042.211;250.522;1048.749;1952.182;3602.338;1448.301;11.867;3493.187;500.449;1500.182;3157.773;1862.473;1710.114;2796.041;-5.092;2122.366;1496.291,3584.557;3022.860;11.853;557.864;1620.739;2330.851;1078.681;998.198;3323.984;3405.347;1387.526;3299.297;801.174;268.911;1631.463;2490.776;2989.317;3587.242;2793.830;2819.587;2615.103;2708.917;2732.656;3496.468;1508.964;276.526;720.996;781.896;1271.719;3156.598;9.493;1720.398;2940.715;732.122;163.649;404.269;478.973;3192.174;274.871;541.186;3105.792;3011.460;2082.448;3458.173;6.915;3605.941;2149.162;1072.685;3420.621;2458.816;3609.108;0.135;1914.829;1693.997;2365.994;847.586;2.280;1791.562;903.085;3421.759;1663.664;1489.692;2424.671;1752.763;3599.142;2833.305;1801.423;684.935;2219.761;2661.925;2930.100;3588.245;527.665;1364.331;1499.939;1315.515;1328.962;1789.075;2001.011;1069.158;213.543;1001.498;12.570;978.280;2564.828;2215.011;3601.945;1946.318;1949.030;2241.008;2670.271;2112.565;2214.084;2521.480;1196.573;2935.126;2196.514;1132.835;794.139;117.583
83,150.57263612747192,82,-552.976347302494,552.976347302494,0.24990282674083786,609.869;3572.720;978.401;3105.570;1648.615;2476.965;2678.624;2006.271;1465.212;247.872;183.566;2799.710;1576.833;901.447;3034.183;1247.037;1370.259;1215.398;2349.782;1932.214;1910.629;653.832;1067.165;926.953;1193.231;488.733;463.507;3602.682;3481.946;184.932;437.477;617.751;2695.754;2780.540;15.501;2040.449;24.917;2004.914;2440.297;3591.839;935.881;3071.478;3133.242;3608.276;-3.181;1516.373;3531.670;1437.958;3220.779;1961.995;2576.694;1952.239;22.872;2.433;397.236;726.054;3555.742;2637.088;3210.416;2049.127;2239.203;3406.630;3591.745;3429.493;3109.285;279.772;1041.755;7.904;2011.366;2779.744;2.646;120.466;1363.773;734.524;2684.568;1300.934;2253.159;1868.320;2115.324;3594.030;3594.650;357.855;2944.773;1056.260;239.619;1038.377;1938.887;3593.993;1439.357;1.668;3506.043;512.366;1500.885;3168.520;1855.668;1722.445;2781.906;7.759;2136.162;1484.691,3576.550;3034.385;4.580;544.240;1634.513;2323.196;1064.415;984.103;3312.674;3419.278;1394.235;3301.239;807.578;280.514;1618.212;2504.476;2982.048;3573.470;2781.509;2811.350;2624.500;2717.609;2746.269;3503.071;1522.012;266.699;735.312;768.938;1284.249;3170.838;-3.279;1722.746;2928.528;745.651;177.258;398.144;492.724;3179.157;287.669;550.110;3101.835;3003.696;2084.512;3471.318;-6.310;3594.884;2141.297;1074.407;3431.820;2462.274;3596.111;8.821;1926.659;1707.025;2363.213;841.140;10.608;1779.277;916.458;3435.980;1678.006;1484.843;2435.475;1761.961;3602.194;2837.624;1799.190;697.915;2228.785;2670.949;2916.306;3582.902;539.838;1360.216;1489.115;1325.328;1335.932;1775.214;2004.476;1056.105;227.589;988.415;-1.212;964.463;2567.210;2203.266;3613.142;1959.332;1941.462;2228.079;2663.850;2124.817;2200.959;2532.260;1195.061;2946.936;2190.989;1120.090;807.179;105.513
84,152.44044256210327,83,-553.3091877920672,553.3091877920672,0.2558814994786261,595.620;3586.108;986.334;3114.033;1640.139;2491.302;2667.945;2019.166;1453.466;261.874;174.277;2790.244;1584.023;907.727;3028.673;1236.857;1379.527;1212.359;2356.975;1918.071;1924.670;641.634;1056.977;938.879;1179.137;475.697;458.304;3590.382;3481.318;170.921;449.584;623.716;2688.013;2793.585;8.102;2026.737;10.738;2018.900;2454.302;3603.689;922.224;3064.543;3145.790;3595.547;8.095;1521.445;3525.788;1441.637;3234.049;1947.850;2562.413;1953.064;10.521;14.933;384.414;735.235;3569.623;2644.624;3219.778;2061.417;2251.137;3420.787;3600.265;3441.645;3095.644;290.925;1029.846;-4.659;2022.021;2792.576;-9.484;118.172;1376.329;740.446;2670.939;1288.774;2267.146;1856.084;2107.314;3587.635;3581.845;372.020;2952.018;1046.829;233.321;1044.362;1926.269;3604.913;1425.229;5.452;3500.597;524.356;1514.709;3157.226;1867.338;1724.961;2769.204;1.535;2148.197;1485.228,3562.722;3042.680;-5.910;549.009;1648.467;2335.619;1056.040;982.459;3298.444;3418.617;1388.920;3314.947;821.633;288.209;1611.889;2517.031;2995.593;3581.718;2767.443;2798.527;2635.727;2731.399;2749.809;3517.114;1511.408;264.205;724.577;754.664;1286.378;3180.104;-9.508;1732.644;2919.360;734.243;190.659;384.354;482.614;3191.139;297.080;537.286;3089.402;3017.030;2070.915;3485.589;-0.468;3601.544;2154.654;1072.755;3446.008;2448.596;3590.323;22.849;1939.943;1694.044;2371.685;827.108;-2.967;1793.157;930.771;3449.190;1692.371;1470.797;2449.687;1748.355;3588.876;2851.583;1787.471;707.897;2233.430;2685.068;2901.996;3596.313;526.820;1356.760;1474.902;1314.952;1349.183;1760.906;2017.345;1067.255;239.241;1000.881;-6.668;959.184;2553.929;2216.222;3599.813;1973.552;1954.151;2213.817;2660.267;2138.980;2211.002;2518.867;1207.684;2957.380;2176.935;1132.976;794.725;91.269
85,154.33619713783264,84,-553.9861763879703,553.9861763879703,0.4615552346768059,600.361;3599.593;973.759;3128.095;1626.073;2484.008;2660.627;2032.298;1461.451;262.698;160.282;2784.736;1597.517;921.746;3042.437;1248.659;1383.306;1203.813;2371.005;1904.032;1925.646;627.417;1042.971;927.332;1171.847;461.438;444.298;3600.110;3494.773;181.267;463.750;637.659;2698.857;2780.734;-2.514;2028.762;-2.133;2014.619;2452.705;3617.477;934.759;3077.487;3136.733;3586.608;18.883;1507.727;3538.773;1455.521;3222.269;1959.478;2550.098;1966.878;21.316;28.530;371.762;749.285;3582.514;2631.906;3206.765;2048.535;2238.602;3434.799;3587.519;3435.685;3088.499;277.542;1026.828;2.253;2010.193;2780.340;2.942;114.956;1389.457;726.664;2674.161;1277.507;2281.428;1869.726;2093.241;3573.640;3568.301;386.330;2966.071;1043.555;243.775;1033.770;1938.758;3591.230;1411.996;-8.427;3514.165;526.197;1524.091;3169.593;1876.122;1738.773;2781.185;-12.313;2151.742;1475.277,3570.990;3056.694;7.601;562.600;1662.234;2337.756;1042.117;970.814;3306.253;3404.962;1375.604;3316.928;811.473;298.696;1625.163;2503.580;3009.804;3577.418;2777.110;2784.591;2622.224;2732.262;2762.820;3507.340;1515.145;274.989;719.124;767.875;1289.937;3180.439;4.378;1745.560;2927.868;720.072;178.570;381.221;468.489;3191.868;283.599;542.418;3100.196;3024.813;2059.908;3498.457;-8.137;3615.560;2168.867;1086.457;3432.320;2445.397;3582.237;12.355;1951.945;1680.559;2358.074;838.586;4.391;1782.007;919.429;3435.911;1680.345;1472.486;2443.569;1736.155;3602.321;2839.565;1773.310;695.721;2247.255;2672.129;2914.363;3610.567;536.946;1370.398;1483.444;1301.235;1363.447;1767.832;2018.747;1057.776;225.925;987.609;6.825;949.033;2563.749;2230.058;3610.560;1962.179;1941.020;2224.838;2672.378;2143.123;2225.015;2530.763;1199.916;2971.531;2185.515;1135.574;790.834;100.308
86,156.04082345962524,85,-553.8161192157945,553.8161192157945,0.3127979425200976,588.364;3613.159;973.724;3120.001;1632.125;2488.801;2674.247;2018.874;1473.490;265.674;172.604;2794.042;1584.426;929.346;3047.251;1240.370;1369.575;1217.436;2379.055;1889.773;1939.383;623.803;1029.740;919.718;1173.186;447.175;436.247;3588.192;3507.735;194.475;477.364;632.616;2689.822;2772.108;3.241;2035.967;7.440;2021.176;2438.936;3604.413;926.845;3089.444;3147.832;3575.915;32.883;1519.145;3549.624;1469.747;3232.533;1968.997;2554.514;1975.312;8.168;42.747;361.348;752.455;3596.640;2644.416;3214.692;2036.852;2240.390;3449.041;3597.459;3421.724;3075.473;271.513;1040.530;-11.368;2022.806;2771.552;-6.531;101.155;1398.398;717.333;2661.594;1263.393;2294.916;1869.182;2091.097;3567.319;3554.114;379.439;2956.561;1030.534;234.153;1025.987;1952.931;3599.869;1425.392;0.146;3522.404;538.212;1523.681;3158.827;1889.470;1752.409;2772.107;0.597;2165.039;1462.923,3584.655;3068.715;4.089;569.262;1669.670;2346.110;1053.773;957.558;3296.278;3398.860;1375.580;3310.371;797.858;312.747;1616.394;2506.449;3004.155;3563.525;2785.347;2794.661;2609.583;2718.406;2776.872;3494.402;1521.705;280.434;732.441;764.488;1277.015;3167.466;-0.075;1732.217;2922.305;711.503;176.931;393.345;459.921;3179.027;270.519;529.373;3114.011;3013.374;2054.365;3512.554;3.368;3604.136;2171.479;1100.697;3424.117;2458.331;3570.262;0.371;1966.089;1666.762;2343.972;834.237;-7.903;1781.802;924.396;3425.214;1671.571;1468.694;2430.919;1748.476;3603.052;2829.305;1786.319;681.683;2237.398;2674.498;2928.256;3598.731;550.294;1377.375;1493.351;1287.132;1351.668;1774.617;2032.349;1044.312;222.661;982.470;13.921;952.001;2577.666;2239.789;3602.488;1949.450;1930.659;2234.924;2659.271;2129.393;2215.867;2536.864;1212.942;2984.388;2198.602;1149.047;776.928;111.638
87,157.89644289016724,86,-553.9296719865986,553.9296719865986,0.45295587543520954,593.471;3599.587;987.108;3130.538;1619.697;2502.247;2688.225;2025.717;1459.794;251.845;170.464;2781.646;1588.218;915.988;3039.314;1245.686;1381.384;1231.444;2392.691;1880.050;1925.762;637.420;1016.078;905.757;1186.821;455.052;423.063;3598.691;3495.399;202.771;491.003;640.015;2702.539;2758.159;-10.154;2049.903;2.060;2034.659;2448.818;3603.932;936.673;3103.240;3158.389;3585.052;45.125;1533.236;3547.488;1482.033;3222.819;1982.948;2568.196;1962.010;12.050;55.716;369.386;749.796;3609.608;2632.078;3228.230;2026.725;2227.386;3462.982;3609.582;3413.437;3067.867;285.031;1050.208;-0.080;2023.671;2757.861;4.600;113.044;1385.245;704.024;2668.888;1264.902;2309.093;1859.565;2078.225;3553.733;3540.000;392.246;2964.068;1040.674;220.153;1012.507;1967.092;3594.742;1438.342;-9.678;3533.815;524.703;1509.842;3169.886;1903.637;1743.016;2783.063;-6.873;2151.579;1461.003,3588.229;3082.762;-7.326;582.422;1679.384;2332.516;1064.808;969.336;3309.400;3398.851;1389.388;3321.890;808.020;316.528;1604.643;2519.692;3009.344;3549.497;2773.009;2808.005;2623.408;2711.365;2790.664;3502.553;1512.762;266.637;744.384;776.205;1289.995;3162.916;0.684;1718.045;2936.061;697.798;177.156;381.029;457.332;3164.872;256.635;517.449;3121.392;2999.525;2067.270;3508.179;4.621;3614.650;2163.124;1112.934;3412.396;2444.494;3556.175;6.305;1956.218;1652.822;2355.104;841.973;4.574;1793.254;911.919;3416.237;1664.384;1481.301;2418.771;1735.901;3615.290;2836.187;1799.889;668.207;2249.238;2684.796;2922.760;3609.509;552.295;1363.958;1506.963;1289.721;1342.382;1762.351;2046.527;1036.624;219.537;989.308;6.904;938.785;2588.841;2236.363;3593.933;1959.609;1931.615;2241.849;2645.666;2116.782;2207.895;2530.540;1205.786;2994.995;2198.933;1136.973;762.816;124.747
88,159.77438497543335,87,-553.5614809567812,553.5614809567812,0.35220573583847425,579.888;3596.064;978.478;3122.461;1631.273;2492.527;2676.422;2012.199;1466.019;259.098;172.668;2794.962;1587.321;903.101;3025.413;1259.395;1371.948;1239.124;2385.111;1866.574;1914.857;649.435;1003.301;911.581;1200.965;443.191;430.637;3609.536;3481.318;216.709;504.945;626.265;2690.376;2768.436;3.177;2041.929;15.330;2042.947;2462.427;3597.417;949.157;3090.310;3172.397;3598.978;35.625;1545.569;3535.522;1487.265;3235.417;1992.395;2576.981;1952.828;-0.908;68.389;383.311;763.321;3596.452;2634.766;3228.213;2039.738;2235.429;3476.922;3596.449;3400.130;3054.793;294.956;1062.674;-12.657;2010.727;2770.704;-7.889;100.023;1371.133;715.681;2682.789;1251.397;2322.228;1845.597;2091.857;3564.722;3550.404;381.621;2950.775;1035.967;206.078;998.436;1954.629;3608.276;1425.156;2.995;3547.781;512.879;1521.369;3182.932;1916.950;1747.783;2769.714;5.052;2160.469;1474.795,3576.171;3095.311;6.000;596.545;1669.424;2344.597;1052.053;959.207;3320.662;3390.094;1378.630;3335.941;795.051;303.600;1590.585;2508.346;3023.037;3561.126;2761.223;2802.279;2625.743;2697.869;2782.478;3499.768;1501.437;258.777;757.988;790.089;1279.080;3152.209;12.587;1717.196;2949.673;683.697;168.789;367.349;470.776;3152.942;269.413;503.536;3123.889;2999.666;2081.262;3494.793;-9.072;3601.341;2157.297;1126.742;3420.980;2443.488;3555.918;-3.972;1967.494;1664.290;2366.370;829.024;-7.037;1786.174;918.783;3404.005;1675.834;1495.358;2424.919;1745.261;3603.005;2823.852;1810.391;672.640;2262.014;2675.292;2920.802;3597.461;539.439;1349.920;1521.043;1302.929;1328.413;1748.369;2060.693;1030.597;233.015;1003.205;-6.997;931.243;2602.851;2222.544;3606.030;1949.261;1919.645;2255.749;2658.035;2103.364;2194.309;2541.916;1192.419;2983.100;2185.172;1140.499;749.642;116.335
89,161.67823934555054,88,-553.7990991429162,553.7990991429162,0.2690609826457269,567.612;3590.193;969.467;3131.286;1643.124;2478.929;2662.924;2017.230;1474.599;255.593;186.296;2808.734;1574.321;896.251;3012.506;1269.330;1375.212;1225.706;2397.714;1859.869;1917.136;662.497;992.572;903.429;1209.082;437.148;419.234;3596.059;3494.011;227.709;505.104;613.455;2698.938;2767.590;15.342;2028.618;2.456;2029.644;2451.895;3585.138;936.454;3083.670;3183.133;3612.212;21.762;1556.067;3548.857;1501.073;3249.464;1983.443;2563.337;1963.065;4.369;79.109;394.678;758.986;3591.409;2642.317;3215.806;2028.241;2222.768;3470.807;3588.333;3405.174;3040.760;283.759;1076.698;-0.141;2023.179;2778.159;4.525;86.537;1373.365;716.412;2695.815;1240.538;2321.642;1835.147;2102.305;3562.364;3564.124;377.989;2955.303;1022.163;200.491;985.022;1964.665;3596.176;1423.398;-2.168;3561.122;498.915;1532.843;3192.635;1921.502;1761.584;2760.629;-3.059;2173.232;1486.165,3562.320;3108.980;-5.176;602.170;1670.699;2357.470;1047.459;970.948;3317.570;3376.191;1372.314;3322.888;793.891;308.206;1594.826;2507.485;3037.112;3560.708;2769.123;2788.547;2626.915;2706.216;2793.504;3497.079;1513.463;272.026;748.782;788.425;1289.977;3155.091;-0.141;1703.741;2962.051;669.850;155.014;353.627;463.108;3146.673;267.112;516.099;3129.673;2986.976;2070.487;3507.275;1.892;3610.047;2171.024;1119.383;3433.394;2442.603;3542.803;9.195;1966.226;1675.440;2358.689;841.260;4.771;1781.694;930.291;3390.003;1687.350;1489.665;2437.244;1734.954;3594.713;2834.844;1820.599;659.033;2250.449;2664.386;2933.423;3605.398;529.653;1355.154;1510.023;1290.138;1331.512;1752.162;2065.677;1017.371;221.751;1016.801;5.343;917.375;2591.051;2220.342;3594.979;1938.840;1932.092;2247.764;2666.434;2089.778;2181.537;2536.357;1204.229;2995.762;2191.958;1154.027;735.777;114.067
90,163.38748025894165,89,-554.4829663257917,554.4829663257917,0.23971788262009297,562.502;3598.795;969.755;3144.414;1653.886;2469.652;2661.905;2004.216;1476.979;242.816;200.312;2796.562;1587.273;902.446;3023.363;1255.971;1362.603;1222.631;2403.055;1853.335;1926.013;669.700;1001.047;903.509;1197.159;424.071;408.921;3592.657;3507.118;241.201;515.799;611.231;2694.527;2780.798;3.057;2019.097;-1.733;2040.166;2438.360;3573.993;944.390;3096.630;3194.859;3598.793;34.241;1546.499;3561.043;1499.732;3241.725;1972.598;2561.960;1975.929;13.522;70.014;408.040;748.659;3599.198;2654.988;3202.136;2024.366;2210.503;3458.807;3575.490;3401.948;3053.632;279.940;1090.423;-2.196;2036.842;2774.861;2.406;73.231;1363.223;707.167;2700.958;1234.518;2318.508;1836.428;2095.523;3553.410;3576.840;367.552;2963.186;1029.124;188.068;986.158;1974.850;3598.770;1410.016;-2.537;3564.372;485.649;1545.946;3183.718;1935.219;1775.364;2767.926;-2.105;2181.985;1493.561,3573.959;3120.671;5.280;591.031;1657.051;2364.016;1047.720;959.071;3317.048;3386.500;1358.598;3318.464;780.458;305.754;1608.389;2493.936;3025.420;3573.508;2782.933;2780.121;2624.381;2694.914;2807.408;3483.416;1500.051;285.095;735.660;796.602;1277.726;3141.402;-6.255;1698.461;2975.754;673.144;168.720;364.178;450.578;3159.981;254.393;505.387;3143.433;2984.238;2057.445;3519.604;-11.782;3597.933;2180.563;1105.569;3420.318;2443.822;3556.026;-2.817;1952.575;1688.471;2372.245;845.096;1.632;1767.971;917.387;3385.985;1674.151;1476.812;2424.037;1746.695;3606.362;2844.547;1832.580;647.927;2254.180;2650.597;2946.022;3592.888;540.629;1368.443;1497.308;1297.854;1341.780;1765.897;2052.332;1030.817;225.356;1006.139;8.347;930.327;2577.689;2228.667;3606.720;1925.554;1919.886;2234.922;2662.287;2077.382;2194.719;2547.920;1218.032;3009.115;2204.442;1166.126;733.754;127.664
91,165.2551565170288,90,-554.7766813704983,554.7766813704983,0.5209993025660892,548.864;3612.479;983.303;3132.876;1646.741;2455.916;2653.617;2015.454;1489.180;228.955;213.663;2784.146;1601.105;916.099;3034.263;1264.230;1361.593;1212.508;2392.397;1840.801;1927.021;659.255;990.121;917.060;1201.677;414.096;395.100;3603.181;3517.363;255.190;528.137;623.031;2682.001;2774.613;0.391;2006.104;3.841;2053.938;2443.627;3561.591;933.470;3105.410;3182.024;3593.417;38.225;1533.122;3549.238;1499.597;3231.622;1973.052;2569.738;1989.632;26.105;56.211;421.460;739.417;3612.971;2664.593;3203.642;2010.790;2206.620;3452.846;3586.419;3388.769;3064.474;268.339;1081.962;-5.363;2050.788;2767.124;-10.766;77.912;1349.372;720.562;2689.593;1222.462;2331.808;1823.202;2085.049;3539.610;3566.877;380.709;2974.885;1037.868;175.004;972.930;1987.044;3612.062;1414.021;-15.416;3556.231;492.568;1536.360;3196.510;1930.360;1784.536;2781.306;-15.204;2170.010;1498.293,3577.199;3134.584;-2.957;580.218;1643.051;2371.867;1034.627;970.493;3303.616;3373.936;1347.849;3305.695;772.432;292.102;1610.338;2480.415;3024.136;3586.700;2777.877;2786.657;2628.351;2687.340;2817.374;3493.333;1511.034;293.545;742.495;810.310;1287.835;3127.674;7.043;1686.838;2989.368;660.576;171.642;354.138;436.678;3173.319;257.043;498.507;3134.042;2970.590;2064.248;3531.526;-12.717;3596.950;2177.209;1093.262;3415.595;2445.692;3564.641;7.214;1943.716;1702.303;2363.435;834.283;-10.142;1779.554;928.719;3399.529;1684.741;1473.947;2413.705;1757.388;3595.832;2858.119;1821.042;657.049;2241.152;2636.590;2959.886;3602.093;554.490;1371.236;1484.710;1288.542;1335.324;1760.886;2053.016;1037.824;223.940;1004.024;7.472;937.597;2569.816;2242.458;3594.794;1911.577;1931.458;2236.976;2674.127;2072.298;2182.801;2561.810;1212.652;2996.827;2216.796;1180.041;720.494;118.237
92,167.14644193649292,91,-554.7994396418474,554.7994396418474,0.34446479092400045,556.924;3599.372;970.672;3146.170;1633.116;2468.387;2666.971;2022.324;1503.026;214.993;202.789;2770.276;1590.835;929.351;3026.620;1255.628;1348.442;1199.251;2378.913;1826.901;1940.321;663.237;1003.381;919.879;1214.838;427.134;388.397;3590.225;3507.955;254.470;527.233;614.854;2668.257;2761.026;11.839;1997.037;-9.440;2054.725;2456.894;3547.707;919.707;3119.038;3194.436;3595.855;28.336;1520.290;3561.782;1513.126;3225.159;1980.278;2583.461;2003.585;39.435;43.182;435.303;743.900;3600.632;2678.012;3217.035;2017.433;2219.933;3444.636;3574.007;3375.194;3064.630;281.516;1074.727;0.195;2057.980;2753.458;1.415;91.386;1336.259;718.697;2680.151;1208.592;2319.098;1809.272;2074.324;3550.914;3579.499;391.677;2962.417;1035.547;161.115;972.887;1989.257;3599.691;1427.494;-2.053;3569.120;482.699;1524.895;3210.280;1922.299;1796.042;2793.246;-1.876;2156.135;1511.610,3585.569;3148.350;-12.715;592.514;1629.092;2385.572;1028.904;984.178;3301.223;3360.036;1347.082;3291.863;759.873;282.171;1603.998;2466.509;3034.248;3600.614;2773.248;2800.343;2615.970;2673.636;2831.170;3491.065;1507.945;307.199;729.119;817.114;1284.852;3139.103;8.225;1672.997;3002.502;646.712;172.427;340.991;423.465;3187.247;270.156;485.144;3120.280;2961.307;2053.562;3545.242;-8.769;3592.085;2188.110;1095.224;3402.531;2439.940;3578.392;12.645;1932.735;1712.910;2375.948;824.613;2.899;1793.091;927.542;3394.355;1698.011;1461.902;2400.261;1747.646;3591.623;2871.765;1807.429;644.302;2227.231;2625.519;2961.673;3615.435;541.689;1357.832;1474.013;1283.731;1322.210;1754.018;2042.024;1051.359;237.501;1013.365;-4.977;950.746;2556.146;2243.847;3595.666;1899.133;1945.306;2224.839;2687.926;2085.538;2179.012;2575.736;1199.265;2985.707;2213.086;1186.850;707.309;123.624
93,169.06936597824097,92,-555.0729023322385,555.0729023322385,0.3187923181008597,570.556;3591.214;976.031;3159.400;1619.377;2457.373;2658.458;2010.166;1491.019;205.208;215.322;2780.115;1601.934;942.920;3039.923;1267.574;1335.325;1186.019;2365.046;1825.575;1932.068;676.826;996.148;933.056;1228.454;414.536;392.552;3581.633;3520.849;262.960;513.891;614.502;2657.117;2769.973;23.204;2009.600;3.371;2041.491;2449.719;3560.885;906.890;3107.755;3194.949;3608.855;15.001;1533.478;3568.941;1526.159;3234.977;1993.517;2590.840;1992.157;26.940;30.098;443.842;757.501;3595.537;2666.120;3206.115;2030.794;2207.833;3457.639;3577.921;3361.370;3077.658;269.656;1087.055;-11.931;2065.880;2765.055;-6.141;95.037;1337.782;731.827;2692.551;1194.679;2331.256;1821.082;2086.300;3538.426;3574.151;379.468;2974.164;1021.986;148.660;959.665;1995.872;3603.100;1417.058;6.259;3582.960;469.498;1530.872;3198.813;1935.068;1783.191;2807.070;-3.133;2144.200;1525.491,3599.207;3139.391;0.618;597.473;1640.782;2378.798;1015.281;982.382;3314.634;3364.745;1354.650;3284.367;746.024;289.552;1617.258;2453.272;3021.102;3614.441;2786.338;2803.877;2605.621;2681.872;2843.892;3477.507;1494.502;297.005;716.517;829.383;1271.387;3129.002;-3.215;1665.033;3016.111;650.930;171.086;347.331;435.318;3182.551;257.604;471.515;3122.866;2966.760;2039.912;3559.034;-0.951;3584.649;2201.610;1083.741;3390.849;2438.654;3589.064;-0.523;1918.954;1700.318;2387.132;837.855;-2.451;1780.510;914.067;3399.565;1685.705;1474.110;2413.326;1760.874;3600.877;2858.848;1802.531;654.471;2227.997;2619.473;2975.023;3602.913;548.229;1356.140;1483.238;1270.134;1334.047;1766.992;2028.252;1065.184;228.488;1000.138;8.327;964.285;2547.455;2245.268;3584.954;1885.333;1940.710;2218.172;2701.415;2080.209;2191.927;2563.855;1211.167;2997.389;2226.446;1176.302;717.146;120.676
94,170.78258752822876,93,-555.211468397973,555.211468397973,0.3465805851351363,580.753;3601.521;988.884;3171.899;1630.821;2469.634;2645.380;2022.284;1501.749;214.998;213.919;2791.510;1613.701;935.397;3048.654;1262.285;1321.638;1179.152;2376.380;1837.834;1918.825;669.185;998.613;942.192;1218.812;415.870;379.296;3590.120;3520.863;251.514;523.738;601.095;2643.377;2760.090;10.649;2022.876;5.590;2049.013;2462.250;3558.399;895.360;3116.897;3181.612;3596.699;17.227;1541.438;3577.162;1514.626;3221.850;1983.071;2579.704;1983.987;13.373;16.847;443.180;769.868;3603.166;2662.819;3216.100;2042.032;2215.982;3459.244;3568.234;3366.526;3087.861;256.753;1074.784;1.217;2052.811;2753.751;5.079;85.067;1349.284;729.748;2706.135;1204.274;2330.194;1812.696;2100.052;3545.304;3576.933;382.991;2969.113;1008.809;148.151;962.720;1982.800;3591.775;1415.364;4.007;3595.345;481.898;1522.198;3208.442;1944.183;1769.410;2815.433;4.887;2133.616;1513.946,3613.050;3142.562;1.439;611.025;1629.159;2389.821;1001.914;972.148;3302.448;3353.247;1366.760;3295.762;738.942;303.163;1605.589;2465.215;3024.449;3602.819;2779.525;2805.607;2616.641;2669.219;2840.968;3466.925;1504.490;283.861;729.401;816.609;1266.266;3139.033;-14.211;1676.673;3003.136;637.906;180.104;334.387;447.791;3182.280;255.288;457.693;3134.377;2980.328;2051.317;3570.411;-3.494;3598.006;2200.845;1096.677;3380.648;2428.497;3591.807;-14.208;1930.039;1693.396;2381.275;825.340;5.336;1779.686;926.035;3391.470;1678.607;1468.968;2404.760;1754.137;3588.358;2865.654;1815.638;641.803;2237.490;2605.891;2988.712;3598.393;560.525;1342.876;1496.136;1264.225;1321.136;1779.848;2039.515;1062.531;214.956;988.516;7.674;977.025;2543.505;2231.788;3597.801;1896.852;1932.909;2231.596;2697.401;2066.646;2197.045;2575.880;1223.303;3000.890;2223.198;1188.712;704.674;134.099
95,172.66656255722046,94,-555.0131759076737,555.0131759076737,0.3495435243810951,568.839;3614.159;978.304;3163.656;1636.199;2466.437;2638.413;2023.080;1514.870;228.300;226.240;2802.855;1602.379;948.147;3062.042;1275.264;1307.926;1192.389;2389.003;1824.621;1929.605;681.329;1012.040;955.733;1231.554;424.237;366.608;3578.216;3530.090;239.455;510.955;602.453;2654.489;2769.192;21.662;2036.649;-4.520;2057.215;2463.390;3570.542;881.684;3124.280;3169.910;3600.115;3.908;1554.718;3563.951;1525.878;3226.946;1969.413;2566.675;1970.946;13.762;3.158;456.422;775.721;3590.855;2675.950;3229.724;2031.201;2228.531;3472.333;3581.281;3379.526;3075.256;266.357;1080.637;8.621;2062.339;2757.179;-6.169;71.429;1355.069;739.257;2697.868;1197.231;2328.483;1809.492;2092.405;3535.188;3578.326;395.443;2976.477;995.029;134.943;951.905;1995.278;3595.695;1427.208;15.024;3608.671;476.678;1508.660;3201.061;1933.182;1757.475;2804.457;-5.261;2146.367;1502.816,3600.699;3154.394;3.608;602.347;1624.932;2377.891;1012.867;958.493;3289.819;3355.899;1380.380;3308.127;743.285;315.406;1611.430;2476.773;3020.092;3599.138;2766.006;2811.950;2624.356;2673.070;2842.646;3475.530;1491.694;276.088;735.990;802.929;1253.466;3136.441;-0.969;1689.467;3006.861;633.766;169.614;345.358;444.062;3174.157;242.356;462.393;3148.083;2969.002;2064.568;3579.849;6.989;3608.672;2214.087;1110.300;3367.151;2414.908;3588.947;-1.866;1929.820;1680.237;2394.386;831.755;-7.268;1790.979;928.633;3377.894;1665.470;1481.813;2409.935;1745.918;3599.671;2879.067;1815.618;641.301;2251.065;2615.875;2976.447;3588.675;549.689;1354.402;1485.903;1250.699;1329.868;1792.226;2029.125;1051.622;210.375;997.283;7.590;977.188;2530.030;2225.153;3611.057;1901.964;1921.804;2224.085;2709.271;2066.325;2193.126;2567.236;1221.987;2994.550;2232.800;1177.285;707.399;145.657
96,174.57314491271973,95,-555.0242948960357,555.0242948960357,0.3217653190933897,555.454;3601.113;983.711;3160.500;1624.293;2477.707;2651.431;2015.949;1516.692;229.885;239.244;2815.054;1612.092;956.306;3072.252;1263.138;1310.851;1180.239;2381.829;1816.750;1939.790;693.933;1002.116;943.100;1219.000;437.777;376.648;3564.611;3517.859;250.925;497.402;589.201;2662.446;2756.210;9.717;2025.244;8.571;2043.993;2476.115;3581.559;893.255;3137.788;3169.530;3611.919;12.016;1546.038;3572.667;1536.398;3240.325;1955.940;2552.955;1982.992;0.572;-7.911;467.967;789.194;3599.435;2688.370;3217.511;2042.110;2222.536;3485.957;3584.855;3391.545;3075.408;274.313;1088.662;-3.890;2075.918;2744.236;4.216;58.201;1368.501;752.828;2684.330;1204.565;2338.600;1822.473;2078.914;3548.170;3565.464;382.189;2989.930;987.432;122.291;964.447;2008.921;3589.581;1438.280;4.334;3595.885;485.113;1505.297;3188.127;1946.111;1770.233;2816.444;-3.660;2135.791;1494.364,3604.804;3166.990;-8.839;588.864;1613.138;2364.753;1026.086;945.232;3295.633;3368.613;1394.072;3296.948;756.635;328.885;1601.176;2490.379;3033.326;3609.540;2752.280;2799.417;2612.103;2660.971;2833.975;3482.615;1487.877;262.924;741.770;807.176;1239.812;3148.405;-4.453;1702.704;3018.255;646.965;181.066;357.536;430.624;3183.783;246.343;473.565;3148.366;2955.518;2052.575;3567.221;3.976;3596.643;2210.017;1121.269;3380.048;2427.892;3579.371;-3.181;1942.951;1670.055;2397.115;820.407;3.562;1778.899;916.190;3390.114;1677.448;1471.431;2421.956;1758.849;3608.132;2891.210;1828.899;653.729;2264.499;2625.740;2963.948;3600.390;561.180;1341.763;1498.499;1247.199;1317.016;1800.965;2021.421;1064.309;218.247;1010.834;5.993;987.291;2519.361;2234.149;3598.517;1915.308;1908.166;2221.528;2722.658;2057.241;2179.687;2554.805;1209.391;2981.070;2245.598;1174.017;694.105;132.644
97,176.2809133529663,96,-554.7916950675506,554.7916950675506,0.2527108439230303,562.014;3599.132;970.469;3147.573;1613.012;2480.041;2645.460;2006.161;1526.747;241.059;230.632;2802.214;1600.529;969.789;3084.677;1250.739;1302.311;1191.043;2390.343;1828.695;1953.172;706.632;1014.548;929.762;1230.311;442.074;364.595;3574.460;3504.271;243.456;489.423;577.244;2669.042;2764.440;12.436;2034.240;9.971;2031.542;2463.771;3594.674;880.947;3139.262;3181.620;3598.973;-0.622;1556.804;3562.441;1547.600;3253.636;1965.946;2563.015;1979.111;-10.393;4.929;481.044;780.210;3596.268;2701.893;3224.625;2055.666;2209.475;3499.366;3597.126;3383.533;3086.339;261.402;1102.139;5.891;2066.866;2737.638;0.251;44.757;1357.063;759.430;2671.122;1208.612;2352.104;1830.099;2072.922;3561.274;3551.817;392.392;3003.622;974.045;113.756;972.279;2021.645;3600.352;1425.671;15.907;3600.498;472.197;1516.653;3174.869;1940.081;1758.583;2804.650;9.566;2144.077;1507.192,3592.994;3156.822;3.860;578.875;1605.200;2352.214;1019.375;936.860;3308.524;3382.270;1400.808;3307.366;759.767;339.537;1589.370;2502.992;3038.898;3596.949;2755.709;2785.784;2615.223;2648.523;2846.925;3496.060;1491.630;251.077;748.755;796.334;1230.520;3143.736;4.997;1713.029;3031.623;659.081;192.567;350.918;421.683;3170.588;258.488;484.195;3158.412;2959.129;2039.044;3577.257;-8.850;3596.032;2223.169;1130.711;3374.774;2433.170;3592.593;6.320;1946.563;1682.639;2408.601;806.897;-7.713;1788.819;902.546;3382.100;1687.616;1484.390;2435.351;1761.226;3595.010;2884.359;1834.488;667.127;2264.390;2639.153;2958.123;3598.150;549.049;1345.486;1487.625;1234.588;1317.970;1812.709;2008.449;1077.927;231.680;1010.765;-7.245;1000.817;2508.097;2228.321;3604.840;1913.808;1907.591;2208.493;2731.729;2058.312;2186.832;2543.608;1195.758;2975.617;2233.827;1161.342;695.128;122.157
98,178.14927792549133,97,-555.515532590844,555.515532590844,0.4227062826110572,549.768;3608.489;973.990;3151.144;1599.479;2487.475;2652.085;2019.043;1540.168;227.967;217.218;2788.832;1612.682;973.905;3098.158;1261.809;1313.505;1196.360;2380.605;1842.262;1940.190;720.036;1009.121;924.739;1236.394;429.672;375.433;3587.037;3511.723;256.557;480.994;588.109;2682.399;2753.465;19.038;2045.222;-1.885;2038.346;2451.692;3607.634;876.953;3126.402;3195.195;3594.694;4.462;1545.201;3555.400;1556.932;3241.979;1979.348;2575.529;1969.609;2.574;7.291;470.405;778.691;3606.661;2690.523;3237.733;2047.304;2210.260;3489.817;3610.700;3371.481;3099.820;248.379;1090.657;-4.467;2053.631;2749.744;-12.961;54.849;1343.548;771.658;2663.933;1221.949;2365.326;1831.727;2085.787;3551.005;3551.147;383.598;3007.462;970.001;100.401;959.812;2014.058;3613.836;1437.961;29.275;3597.310;483.369;1504.052;3183.801;1927.447;1756.076;2793.457;0.596;2133.597;1496.252,3590.101;3165.754;11.836;567.658;1592.013;2340.324;1006.160;928.259;3299.930;3370.143;1390.839;3320.461;746.568;329.007;1599.293;2504.238;3050.311;3599.491;2743.465;2798.784;2601.993;2641.031;2838.096;3509.508;1504.908;244.261;735.667;809.222;1242.559;3130.391;-1.527;1700.103;3040.213;654.050;186.606;338.453;430.129;3172.906;246.116;471.556;3162.204;2946.095;2046.634;3589.950;2.560;3608.006;2234.489;1143.380;3362.359;2446.030;3603.594;-1.818;1959.022;1696.239;2421.390;818.488;4.891;1778.351;889.411;3392.140;1700.394;1496.097;2434.080;1772.444;3604.688;2892.086;1842.010;680.763;2264.238;2651.156;2965.476;3611.206;558.955;1337.848;1481.183;1221.576;1309.081;1824.744;2013.564;1080.705;241.853;998.108;5.668;1011.106;2508.563;2241.122;3596.272;1902.127;1894.519;2194.878;2745.187;2053.316;2193.447;2530.242;1206.147;2962.370;2220.617;1170.359;683.615;109.292
99,180.0458128452301,98,-555.4851240422456,555.4851240422456,0.26339183023158996,536.304;3595.968;962.352;3138.555;1586.757;2479.852;2643.424;2032.587;1529.410;225.141;227.093;2798.381;1607.523;974.720;3085.635;1256.541;1317.972;1205.252;2367.187;1850.380;1931.628;709.044;997.640;937.196;1241.872;426.467;365.442;3600.570;3512.623;255.605;468.675;575.994;2676.428;2748.265;6.517;2033.454;8.278;2042.671;2464.324;3594.735;864.965;3127.688;3185.311;3604.864;11.787;1556.187;3567.893;1570.326;3251.330;1991.925;2567.199;1980.287;6.432;-2.904;483.206;777.054;3594.050;2694.305;3226.781;2043.573;2223.386;3488.901;3598.695;3383.590;3108.779;260.114;1100.180;5.855;2040.504;2763.221;-2.515;43.176;1346.409;759.118;2675.139;1211.215;2357.861;1844.885;2097.309;3560.565;3548.598;375.472;2995.896;982.470;88.210;971.498;2015.295;3601.769;1431.758;19.251;3591.272;482.315;1501.368;3171.213;1938.649;1762.251;2805.042;11.239;2120.153;1482.806,3577.947;3152.638;1.809;578.182;1578.437;2353.163;996.700;914.897;3286.835;3371.516;1400.901;3317.240;740.371;341.890;1586.309;2517.031;3063.801;3605.229;2730.565;2795.128;2608.523;2627.671;2824.712;3515.973;1518.197;230.936;734.982;821.106;1246.852;3139.488;-14.817;1710.635;3030.572;640.960;199.430;324.910;443.490;3186.013;258.554;484.213;3149.608;2957.392;2035.167;3603.243;-2.252;3597.310;2222.304;1156.850;3371.969;2433.802;3604.157;10.729;1972.554;1687.102;2428.561;807.846;12.442;1790.350;881.834;3379.846;1713.906;1508.360;2447.222;1785.932;3597.673;2905.110;1854.693;677.640;2273.417;2640.626;2975.680;3598.775;546.496;1324.487;1467.850;1228.627;1321.013;1813.333;2026.848;1068.511;229.955;994.047;-4.326;1009.008;2495.405;2229.905;3603.161;1888.647;1892.165;2193.300;2733.749;2066.497;2206.657;2540.481;1194.163;2972.296;2209.322;1183.725;671.829;95.751
100,181.75085473060608,99,-555.5355323017346,555.5355323017346,0.308205238298278,545.829;3601.155;972.551;3136.049;1574.628;2492.985;2641.870;2029.266;1516.328;214.343;215.499;2809.293;1609.210;981.495;3075.135;1245.033;1331.121;1218.537;2378.982;1858.650;1920.459;718.235;1007.058;926.930;1233.433;426.944;376.130;3612.787;3524.750;243.487;455.226;563.134;2663.464;2760.747;-6.801;2041.741;7.592;2055.440;2473.635;3584.535;852.569;3140.814;3172.984;3593.603;23.813;1564.469;3581.383;1582.995;3240.821;1987.336;2564.498;1993.405;17.797;5.026;490.339;790.131;3601.007;2707.221;3213.966;2038.703;2218.628;3500.834;3589.026;3380.695;3118.093;271.783;1112.433;13.421;2040.097;2767.855;-9.028;33.381;1355.070;746.709;2687.915;1204.218;2364.356;1837.973;2100.900;3551.740;3561.735;369.192;2997.744;972.746;74.751;978.398;2028.203;3600.160;1426.708;22.391;3599.904;470.189;1503.291;3158.035;1949.504;1749.947;2793.361;22.603;2108.164;1469.739,3565.207;3149.142;9.637;570.865;1570.108;2356.569;989.617;901.397;3295.326;3378.905;1414.291;3307.038;751.704;354.671;1577.841;2529.955;3073.678;3592.312;2738.436;2783.372;2618.716;2637.218;2813.018;3529.243;1510.099;218.272;741.052;833.719;1256.826;3128.222;-2.219;1723.395;3018.418;636.796;196.997;311.430;456.161;3178.074;268.289;493.634;3161.689;2968.847;2024.562;3593.625;0.634;3608.647;2210.420;1163.877;3383.318;2433.087;3591.208;9.390;1964.703;1678.209;2415.977;796.724;19.035;1803.366;889.321;3379.073;1725.207;1503.930;2457.534;1799.365;3608.950;2895.305;1842.344;665.000;2260.547;2650.895;2989.052;3597.503;537.731;1329.256;1456.643;1232.144;1321.936;1824.011;2024.346;1055.494;216.517;980.895;-5.123;1020.038;2501.337;2216.669;3591.230;1875.375;1904.788;2205.277;2724.352;2059.169;2212.621;2551.703;1202.140;2984.658;2196.532;1186.002;683.289;87.635
101,183.60190320014954,100,-555.4211721927292,555.4211721927292,0.3289767114580092,558.290;3600.230;963.647;3147.661;1586.550;2504.605;2628.721;2016.111;1528.978;201.448;211.499;2819.956;1596.680;994.727;3067.530;1250.518;1319.736;1232.004;2392.370;1871.901;1907.122;705.614;1020.365;913.715;1220.398;438.968;385.265;3600.545;3512.383;251.026;441.972;551.307;2653.847;2774.127;5.238;2031.933;15.418;2042.799;2471.683;3576.502;852.016;3151.398;3179.471;3604.276;12.318;1551.802;3587.490;1592.818;3248.572;2000.095;2576.871;2006.801;29.799;14.004;491.520;780.415;3589.612;2720.585;3215.903;2051.751;2230.277;3514.248;3593.149;3368.228;3106.932;262.473;1125.401;0.731;2027.094;2755.867;3.260;24.088;1362.933;755.839;2676.697;1213.870;2377.498;1825.279;2089.199;3562.394;3575.046;381.409;3009.001;983.848;61.852;965.906;2040.297;3597.722;1420.910;14.031;3587.115;457.610;1490.522;3145.894;1962.867;1736.973;2780.590;21.038;2101.558;1461.270,3553.868;3148.758;22.898;557.785;1559.729;2347.642;976.453;904.875;3305.909;3392.122;1406.983;3318.156;744.646;360.444;1584.801;2521.861;3086.230;3582.743;2744.586;2770.104;2631.857;2649.838;2813.479;3542.177;1522.661;208.124;728.128;833.660;1244.075;3121.065;4.036;1736.560;3011.292;647.858;184.220;312.638;469.282;3174.064;277.764;484.811;3162.291;2970.241;2035.011;3600.899;-12.344;3601.778;2221.142;1152.422;3396.387;2445.806;3600.444;10.620;1966.116;1665.365;2402.732;789.561;12.257;1797.066;892.795;3366.240;1719.772;1516.079;2452.920;1787.528;3596.985;2905.181;1853.341;675.221;2272.570;2664.054;2996.695;3604.650;535.870;1333.980;1458.598;1244.815;1309.563;1837.367;2011.266;1056.876;222.081;967.436;-7.011;1031.914;2514.431;2215.507;3598.015;1887.018;1897.420;2196.722;2735.128;2045.919;2201.460;2540.164;1206.786;2973.607;2183.203;1198.435;696.460;74.644
102,185.47906684875488,101,-555.926156777814,555.926156777814,0.28895816466847984,556.601;3610.689;975.062;3160.964;1588.681;2501.415;2628.587;2015.907;1540.591;188.454;222.424;2808.959;1584.201;982.930;3079.014;1237.941;1306.627;1229.266;2404.102;1859.489;1919.145;712.188;1026.586;900.717;1207.086;426.213;398.511;3589.766;3523.556;239.078;454.072;538.027;2663.609;2787.148;0.597;2020.997;2.518;2052.666;2458.994;3573.539;864.771;3163.807;3192.488;3593.485;24.080;1547.572;3600.088;1593.244;3247.703;1993.701;2587.945;2020.085;18.408;27.237;478.531;768.810;3594.832;2721.720;3204.043;2050.992;2218.462;3525.099;3580.723;3376.814;3114.202;266.754;1136.441;-11.798;2023.417;2759.074;11.040;31.850;1350.101;744.308;2688.792;1226.883;2388.403;1815.534;2076.958;3553.259;3587.360;393.772;2996.366;981.689;49.016;974.149;2031.211;3585.310;1432.309;26.637;3581.362;470.018;1478.760;3134.027;1975.567;1729.585;2770.483;8.061;2088.418;1473.680,3566.425;3158.110;29.523;568.772;1546.451;2334.804;985.759;914.308;3293.240;3383.834;1400.765;3330.394;731.827;361.792;1597.888;2530.146;3081.479;3593.746;2731.585;2783.131;2618.810;2641.610;2826.346;3554.923;1534.649;202.159;714.843;838.020;1240.901;3133.694;-6.233;1727.922;3024.123;636.162;194.392;320.004;472.834;3161.154;271.412;473.309;3154.898;2958.373;2027.731;3588.683;-0.020;3589.978;2229.928;1159.723;3387.912;2457.564;3610.992;-1.719;1979.029;1676.861;2414.830;776.876;-0.907;1784.181;902.835;3353.591;1732.149;1512.521;2465.316;1774.513;3602.157;2903.495;1865.636;688.031;2273.845;2670.141;2984.053;3595.315;543.489;1331.921;1446.619;1234.452;1296.186;1829.155;2011.030;1053.014;221.467;966.427;5.981;1045.211;2508.448;2217.606;3600.307;1900.312;1887.366;2183.712;2747.956;2035.398;2188.140;2547.216;1194.110;2986.030;2184.436;1192.017;709.312;63.247
103,187.38554167747498,102,-555.7257085813378,555.7257085813378,0.4395960605977343,543.809;3597.955;983.903;3149.509;1575.931;2512.474;2616.081;2028.531;1532.493;189.585;235.690;2814.529;1596.454;980.259;3092.299;1224.685;1315.530;1217.626;2409.659;1856.272;1926.273;723.378;1016.252;906.729;1193.762;413.044;404.077;3601.756;3531.807;225.846;467.367;548.764;2654.078;2793.414;-12.393;2007.740;11.108;2041.038;2465.014;3560.499;857.522;3175.369;3181.443;3582.974;37.355;1559.031;3613.403;1605.129;3260.547;1980.584;2575.864;2030.738;5.180;16.180;465.921;781.269;3607.924;2730.851;3214.198;2063.916;2205.247;3514.894;3569.118;3389.986;3108.845;279.817;1123.678;-1.280;2035.843;2763.150;3.103;18.982;1347.470;731.272;2694.349;1240.226;2378.000;1816.320;2089.512;3540.063;3598.331;381.395;3006.931;969.272;55.061;985.417;2018.047;3575.735;1445.564;39.956;3568.614;460.952;1491.314;3120.777;1963.445;1737.001;2783.245;-5.173;2084.090;1467.255,3577.121;3147.149;20.568;570.073;1540.109;2321.553;998.893;927.356;3300.476;3371.085;1413.525;3343.619;718.482;348.904;1609.216;2517.862;3093.445;3588.836;2743.684;2786.381;2615.150;2653.582;2814.210;3568.233;1544.288;214.853;703.011;825.103;1228.390;3146.709;5.992;1721.355;3016.966;648.051;189.336;332.599;461.295;3171.737;258.609;460.058;3167.863;2945.183;2015.223;3600.883;-9.082;3602.055;2241.884;1147.420;3375.550;2470.326;3598.119;-15.002;1992.366;1674.603;2410.080;786.845;-5.438;1771.560;916.027;3340.271;1720.349;1499.459;2453.144;1771.088;3596.841;2890.453;1853.955;700.139;2275.609;2658.106;2982.847;3582.622;555.410;1344.870;1454.558;1229.470;1283.737;1840.057;2023.181;1065.783;211.733;975.438;6.676;1033.570;2520.788;2205.378;3613.337;1912.371;1899.710;2170.362;2760.546;2039.278;2198.785;2558.570;1182.230;2976.398;2192.059;1179.510;717.291;50.794
104,189.09390568733215,103,-555.8438337892892,555.8438337892892,0.2840346523001056,552.471;3597.813;990.465;3140.762;1579.788;2500.691;2603.335;2023.599;1538.715;202.296;231.259;2826.757;1608.703;991.633;3086.238;1220.632;1309.171;1230.015;2421.734;1852.912;1913.618;711.271;1028.285;898.349;1186.881;409.101;394.186;3592.492;3544.439;232.207;472.429;537.902;2650.102;2799.371;-1.941;2003.373;0.396;2044.497;2469.085;3571.982;844.689;3188.600;3190.213;3594.160;30.490;1572.078;3601.165;1596.997;3254.377;1993.177;2578.292;2033.652;9.029;6.076;456.099;772.010;3596.330;2742.253;3226.918;2056.940;2215.421;3527.024;3581.151;3390.120;3095.820;291.214;1131.705;8.147;2026.811;2750.441;-10.003;6.301;1360.098;734.109;2683.767;1234.362;2389.490;1804.487;2087.938;3534.004;3587.103;382.817;3019.283;964.237;47.191;973.400;2028.791;3587.424;1452.296;30.924;3579.952;471.091;1493.309;3127.236;1972.873;1724.610;2777.829;6.912;2071.564;1454.318,3567.758;3133.948;13.890;581.898;1551.090;2308.318;987.524;916.671;3313.562;3383.208;1421.137;3341.494;705.330;358.445;1622.441;2504.594;3106.174;3590.238;2751.895;2785.584;2627.768;2665.031;2820.942;3580.301;1540.892;203.089;707.972;811.900;1240.877;3140.050;12.902;1730.276;3003.897;661.125;189.814;322.644;473.442;3159.556;245.601;460.967;3161.080;2949.119;2027.632;3597.320;1.972;3613.343;2229.448;1157.706;3383.797;2457.372;3599.897;-2.222;1989.156;1677.451;2397.467;774.254;7.268;1777.534;908.482;3340.283;1731.734;1490.330;2456.488;1760.840;3609.373;2900.001;1866.042;707.470;2287.367;2667.348;2977.662;3589.241;568.518;1356.781;1441.829;1216.438;1271.240;1853.141;2010.921;1053.550;199.781;962.998;-5.540;1042.380;2532.513;2217.681;3600.835;1904.615;1887.448;2181.055;2761.166;2026.770;2211.826;2571.317;1186.908;2983.582;2180.189;1190.811;704.563;37.540
105,190.9600441455841,104,-555.9754928358274,555.9754928358274,0.2376959004512092,542.400;3608.717;978.363;3147.030;1592.679;2506.617;2611.188;2032.341;1526.223;190.301;218.617;2814.586;1621.846;984.104;3076.814;1231.501;1310.660;1238.358;2432.254;1843.931;1912.553;703.041;1039.112;901.788;1191.180;420.158;381.611;3594.609;3554.608;244.581;483.096;527.899;2661.913;2787.628;0.426;1990.425;-3.405;2047.379;2481.984;3573.398;831.645;3180.090;3195.803;3606.964;20.879;1585.327;3600.747;1584.018;3253.028;1995.372;2591.058;2023.866;0.048;-3.641;444.231;783.952;3586.324;2731.693;3220.451;2056.642;2207.678;3535.310;3592.184;3377.805;3098.277;284.623;1120.980;-2.419;2032.940;2737.203;-0.684;15.033;1353.045;744.927;2685.259;1243.718;2397.582;1791.543;2097.612;3533.357;3598.830;370.581;3031.219;951.256;59.497;960.993;2037.547;3600.609;1455.257;33.536;3588.423;482.739;1482.317;3122.093;1966.309;1713.689;2786.773;2.993;2067.297;1462.683,3579.332;3123.695;19.713;592.801;1539.400;2295.427;974.527;927.110;3310.120;3374.438;1433.211;3350.400;708.967;371.237;1628.939;2512.584;3097.114;3603.032;2759.060;2784.407;2629.609;2677.347;2813.221;3592.395;1553.530;190.318;706.554;799.269;1248.465;3130.894;6.835;1717.525;3015.099;672.913;202.450;309.641;478.370;3148.025;232.406;456.038;3167.794;2942.961;2038.003;3588.826;7.510;3600.621;2220.324;1163.171;3371.166;2454.073;3610.680;0.781;2001.383;1690.397;2391.831;764.989;8.837;1773.593;911.178;3350.075;1743.732;1478.951;2457.086;1770.393;3599.198;2905.452;1879.231;720.043;2274.882;2680.437;2990.107;3602.257;575.224;1349.351;1439.275;1222.753;1277.658;1865.173;2000.790;1045.229;186.624;971.575;4.895;1046.449;2522.170;2220.208;3594.734;1892.015;1875.310;2187.795;2771.124;2013.612;2222.440;2559.146;1174.132;2996.153;2191.629;1179.335;693.205;40.865
106,192.85532879829407,105,-556.0411859356435,556.0411859356435,0.3708125767098265,553.600;3596.437;980.144;3159.934;1601.860;2498.440;2599.646;2020.415;1535.213;178.830;226.071;2802.464;1614.462;996.369;3078.074;1230.604;1298.623;1248.205;2421.099;1846.914;1911.350;710.438;1036.662;914.071;1178.542;418.893;369.088;3593.120;3566.969;237.704;475.376;529.579;2675.046;2774.575;-11.718;1988.694;8.295;2034.694;2491.225;3568.053;818.800;3185.945;3208.445;3594.919;28.975;1586.568;3590.920;1593.496;3240.182;1991.252;2595.905;2019.652;11.488;8.698;431.101;793.599;3576.577;2743.125;3219.444;2068.709;2216.798;3545.224;3604.014;3368.910;3111.157;276.958;1128.682;9.791;2043.456;2727.938;8.280;24.812;1361.850;753.893;2697.907;1243.774;2410.462;1799.078;2086.028;3522.415;3609.198;374.636;3020.006;938.631;71.182;947.935;2044.429;3590.185;1467.178;21.425;3601.408;476.828;1487.822;3120.511;1975.203;1725.995;2794.469;-8.371;2078.294;1466.187,3583.405;3136.099;7.613;605.901;1537.351;2297.889;965.348;931.385;3302.339;3378.622;1421.012;3339.500;721.781;360.652;1617.573;2502.598;3085.127;3604.310;2748.177;2787.726;2629.565;2667.934;2825.676;3590.889;1566.692;197.616;693.720;797.752;1255.025;3143.004;-5.889;1714.404;3020.403;661.859;215.617;296.480;474.214;3153.785;242.290;443.562;3172.595;2954.319;2028.396;3576.072;-4.025;3598.859;2232.277;1175.747;3358.161;2453.651;3599.220;-6.938;1993.907;1697.591;2396.703;772.336;-3.461;1786.360;898.822;3350.288;1735.467;1482.851;2467.435;1758.599;3610.076;2898.636;1888.089;733.221;2279.714;2692.629;2979.253;3612.377;563.827;1342.336;1427.189;1221.077;1285.829;1854.030;2011.244;1055.207;177.600;977.949;7.748;1034.004;2530.002;2222.707;3598.612;1902.756;1869.899;2197.999;2784.188;2000.555;2212.187;2546.191;1168.724;2993.997;2189.658;1179.984;680.695;50.593
107,194.77407336235046,106,-556.007209199128,556.007209199128,0.30134650280022923,566.406;3604.255;991.724;3148.244;1611.900;2508.992;2586.770;2018.952;1523.376;166.185;223.636;2805.367;1601.803;985.497;3066.687;1243.352;1309.301;1261.142;2408.829;1834.357;1915.502;698.469;1031.251;927.162;1169.620;412.888;380.688;3605.104;3580.060;225.004;483.859;517.168;2669.685;2786.379;-0.225;1998.572;6.260;2044.734;2478.985;3580.053;809.921;3173.787;3215.458;3587.924;34.735;1598.236;3592.732;1606.479;3244.658;1981.363;2608.772;2007.269;3.550;21.801;428.924;805.851;3564.702;2755.284;3232.083;2058.092;2229.756;3554.236;3592.729;3381.166;3122.679;264.280;1136.787;2.191;2056.065;2714.965;20.778;19.307;1374.771;741.322;2711.034;1254.567;2399.880;1793.127;2095.195;3524.936;3597.022;373.537;3007.088;933.490;82.875;945.185;2044.949;3578.281;1479.428;8.433;3592.122;463.952;1475.711;3107.733;1964.083;1736.846;2783.008;3.878;2091.331;1472.075,3571.804;3127.914;18.533;619.042;1524.896;2309.224;975.865;942.693;3289.414;3368.535;1408.718;3326.480;734.837;348.805;1604.967;2513.476;3072.031;3593.110;2737.353;2781.358;2629.680;2654.944;2832.170;3603.054;1578.895;203.024;683.083;797.454;1267.189;3156.075;-3.352;1702.785;3026.204;654.183;227.947;289.266;461.380;3165.761;234.303;434.514;3185.292;2967.076;2015.818;3587.310;2.813;3608.570;2244.882;1165.421;3346.207;2448.493;3608.324;3.460;2002.987;1688.739;2406.774;760.508;-11.111;1798.335;885.708;3363.032;1735.253;1495.638;2478.774;1745.582;3598.372;2911.184;1898.646;734.748;2292.268;2705.392;2966.263;3600.125;551.130;1329.423;1425.387;1233.751;1298.769;1840.970;2021.636;1044.831;189.052;990.585;-2.331;1045.054;2520.577;2216.378;3611.053;1915.672;1874.764;2210.777;2782.926;2002.602;2201.530;2536.869;1156.172;2987.216;2181.023;1191.625;669.026;63.266
108,196.49192667007446,107,-556.3541136630746,556.3541136630746,0.28009236524842224,554.705;3592.610;997.192;3159.345;1599.801;2496.451;2574.971;2006.558;1511.497;173.806;218.573;2793.356;1605.436;973.477;3079.297;1256.083;1297.083;1274.215;2395.962;1837.919;1927.738;685.542;1018.624;939.424;1156.920;417.507;391.615;3592.622;3568.227;229.921;475.815;504.107;2682.068;2798.434;12.110;1988.001;-6.469;2057.518;2466.038;3593.090;797.263;3160.764;3203.768;3594.299;22.096;1611.261;3580.859;1601.187;3257.358;1991.063;2615.459;2019.527;15.318;20.222;440.704;798.462;3576.867;2763.254;3220.866;2045.121;2240.061;3567.131;3586.674;3394.189;3111.398;251.207;1149.675;-2.727;2047.111;2713.453;30.504;6.574;1383.072;747.958;2724.120;1242.279;2386.979;1805.825;2083.455;3537.715;3584.322;362.535;3015.600;945.614;71.836;953.952;2057.541;3587.416;1492.467;-3.779;3603.877;470.096;1462.779;3118.507;1976.191;1724.687;2769.990;5.065;2082.886;1459.579,3580.764;3119.842;6.442;608.764;1537.160;2297.939;971.737;946.954;3276.978;3380.603;1396.495;3338.241;746.750;352.806;1609.026;2525.152;3082.530;3605.352;2749.383;2793.173;2625.483;2647.676;2843.249;3611.456;1589.006;210.247;673.989;784.708;1277.391;3159.718;-9.429;1689.854;3014.005;664.722;226.261;292.453;468.137;3154.179;221.446;445.539;3192.736;2955.527;2022.700;3599.237;-7.865;3598.484;2255.253;1168.850;3344.422;2453.696;3596.628;9.096;1993.400;1698.694;2394.418;748.138;1.477;1808.969;896.873;3375.208;1722.759;1488.204;2466.594;1751.864;3601.350;2915.071;1890.868;742.606;2281.582;2696.446;2966.714;3602.258;538.344;1330.547;1429.350;1235.402;1292.011;1844.941;2010.816;1032.580;196.204;1000.955;7.562;1044.576;2507.650;2216.224;3599.058;1918.570;1864.011;2223.212;2795.196;2014.922;2213.279;2547.812;1143.652;2974.375;2168.227;1204.558;656.057;51.834
109,198.37323307991028,108,-556.6746241492267,556.6746241492267,0.2893377790066426,548.282;3598.912;1009.945;3153.535;1588.269;2492.366;2586.041;2017.920;1504.831;161.846;205.813;2804.120;1614.984;960.768;3091.318;1265.332;1288.765;1270.249;2382.958;1849.437;1917.686;687.095;1030.736;952.172;1168.116;430.237;397.956;3585.217;3564.118;218.065;487.738;513.374;2674.801;2786.805;4.985;1975.086;1.356;2069.215;2467.605;3598.181;802.875;3170.906;3191.249;3585.371;27.360;1610.867;3591.257;1591.005;3266.116;1995.547;2618.836;2032.354;18.237;17.469;428.622;808.109;3586.283;2751.139;3231.209;2045.741;2247.761;3576.322;3592.951;3393.207;3099.147;260.824;1146.970;5.930;2034.544;2725.606;19.475;13.819;1370.834;737.052;2720.575;1253.823;2387.361;1794.011;2094.157;3548.201;3582.453;349.607;3024.814;936.769;72.497;941.559;2053.214;3599.789;1505.406;-5.330;3593.996;476.824;1469.607;3119.456;1977.425;1724.819;2760.832;-5.072;2087.958;1470.480,3593.630;3132.248;17.563;596.765;1531.274;2285.394;983.326;934.932;3281.269;3381.400;1408.354;3331.378;757.655;344.408;1603.793;2515.759;3080.513;3596.263;2756.207;2797.775;2615.504;2657.794;2831.494;3598.815;1577.158;198.575;662.241;786.127;1290.195;3172.329;3.213;1700.293;3026.026;677.634;215.973;304.101;465.308;3141.694;208.587;457.927;3184.938;2942.563;2035.461;3612.193;4.249;3588.912;2255.102;1158.300;3332.295;2450.816;3605.110;-2.193;1982.025;1693.619;2406.162;750.991;11.109;1800.187;887.880;3380.141;1724.691;1476.064;2453.600;1756.506;3612.974;2910.407;1902.601;755.142;2275.896;2688.598;2960.685;3599.946;543.618;1341.915;1442.091;1223.987;1279.231;1854.749;1998.105;1043.405;183.718;1012.870;-4.552;1032.445;2498.980;2228.878;3595.684;1912.378;1875.516;2212.223;2794.066;2006.391;2224.728;2551.664;1130.956;2982.538;2180.252;1193.865;646.453;39.042
110,200.277930021286,109,-557.0028421143329,557.0028421143329,0.329680832547825,536.498;3605.037;1018.085;3165.004;1597.041;2503.096;2577.861;2007.905;1508.022;149.172;216.176;2795.106;1627.743;947.805;3101.797;1277.800;1276.349;1282.067;2370.293;1839.168;1926.037;699.461;1028.133;945.434;1157.666;421.623;410.332;3590.220;3571.989;219.026;500.552;514.804;2669.346;2793.146;0.697;1962.410;-10.260;2066.869;2455.980;3588.740;790.828;3170.882;3203.321;3597.770;38.370;1621.667;3604.018;1592.033;3255.339;1985.359;2607.817;2045.325;26.046;13.491;416.192;820.922;3599.090;2739.480;3243.494;2056.575;2258.621;3565.021;3580.545;3380.953;3103.404;272.818;1155.819;-6.326;2021.586;2738.521;6.601;26.399;1358.050;724.966;2731.593;1246.092;2377.370;1792.850;2106.146;3559.522;3569.839;336.731;3012.683;945.379;66.975;929.167;2040.525;3612.734;1517.922;7.039;3601.790;464.914;1459.204;3107.118;1969.375;1736.937;2771.259;6.448;2100.603;1482.621,3592.702;3144.998;18.765;590.953;1543.292;2281.593;972.200;947.034;3279.117;3393.071;1405.249;3342.592;745.846;331.835;1615.948;2503.083;3083.118;3595.802;2744.558;2785.534;2621.397;2646.982;2842.824;3595.225;1568.831;208.241;673.495;778.176;1303.081;3182.216;-1.970;1689.867;3018.953;668.437;204.289;291.554;455.335;3140.202;217.941;446.028;3172.171;2949.829;2040.713;3599.918;6.292;3599.979;2243.548;1169.786;3326.641;2462.352;3596.870;8.825;1993.334;1704.701;2418.046;741.792;13.299;1789.943;897.384;3382.298;1713.016;1483.324;2464.016;1769.177;3600.707;2922.740;1893.988;767.927;2269.254;2701.026;2947.967;3612.147;555.288;1346.899;1444.160;1212.206;1269.956;1867.432;2003.867;1049.366;170.764;1002.647;6.095;1044.410;2509.533;2235.708;3606.692;1899.650;1863.633;2204.159;2782.038;1994.045;2237.184;2539.193;1131.385;2988.624;2170.545;1193.039;648.924;33.350
111,201.98443222045898,110,-556.7109043205355,556.7109043205355,0.24050074433685972,523.663;3592.877;1005.825;3163.657;1585.087;2492.876;2589.238;2006.700;1520.027;159.623;228.449;2806.906;1623.304;954.089;3111.647;1285.667;1286.274;1272.245;2379.225;1827.646;1936.846;690.992;1024.922;933.043;1166.930;432.735;398.037;3582.023;3561.557;231.290;489.228;503.389;2681.471;2805.750;12.687;1973.767;1.725;2054.842;2446.150;3599.158;800.174;3181.837;3193.933;3600.577;26.308;1618.680;3593.641;1604.564;3266.617;1997.372;2595.006;2035.604;14.171;0.863;405.026;832.883;3592.644;2728.897;3235.940;2061.355;2271.449;3575.987;3588.806;3384.824;3091.576;265.946;1146.073;4.479;2010.950;2732.098;-1.474;14.637;1355.520;734.028;2735.175;1233.470;2364.586;1804.633;2094.893;3562.417;3578.570;335.394;3001.131;958.038;54.320;922.793;2048.629;3600.793;1529.062;17.371;3607.857;476.544;1471.417;3108.956;1981.711;1729.931;2781.154;-3.046;2089.204;1479.112,3587.684;3157.496;7.099;578.345;1534.958;2269.255;965.906;951.538;3291.007;3405.819;1415.007;3352.777;742.156;319.072;1627.915;2499.036;3070.927;3587.245;2755.016;2779.643;2631.514;2634.703;2852.292;3590.146;1577.939;221.017;668.826;788.588;1292.536;3184.478;-9.125;1679.022;3027.006;677.574;216.396;301.109;442.546;3152.345;218.041;443.623;3160.442;2938.548;2029.520;3599.849;-5.795;3609.637;2248.816;1158.655;3314.447;2474.948;3593.007;-2.865;2005.490;1695.414;2416.561;753.375;0.797;1777.140;888.477;3393.599;1701.214;1495.893;2471.054;1765.598;3597.268;2911.091;1905.442;771.544;2264.568;2691.717;2959.311;3600.150;564.387;1334.720;1433.553;1223.527;1257.240;1863.635;2015.694;1062.022;182.772;1009.093;4.025;1056.126;2522.227;2247.136;3596.160;1906.638;1856.564;2193.063;2792.857;1996.331;2226.939;2541.392;1136.623;2977.870;2176.670;1187.801;636.528;38.823
112,203.85434198379517,111,-556.7822977998416,556.7822977998416,0.318151197945449,535.405;3599.766;1011.102;3160.213;1572.533;2501.737;2595.160;2018.892;1532.800;152.020;240.899;2818.992;1621.092;956.573;3124.368;1297.418;1275.160;1261.760;2391.897;1815.023;1949.340;702.887;1012.402;928.154;1178.852;426.542;387.762;3593.857;3572.838;219.248;495.158;511.861;2672.802;2809.381;8.720;1973.055;2.508;2061.456;2433.545;3603.225;793.379;3177.633;3202.948;3590.048;31.839;1606.730;3585.824;1593.577;3255.256;1986.786;2585.690;2038.959;23.090;-4.985;400.377;845.018;3599.412;2740.814;3225.805;2072.761;2259.596;3564.883;3599.896;3396.331;3103.095;256.095;1133.470;1.772;1999.736;2723.630;-12.466;24.005;1366.749;722.141;2747.601;1241.804;2353.208;1817.441;2102.747;3556.859;3581.817;342.264;2992.191;948.615;51.114;934.324;2037.515;3601.416;1529.960;6.334;3595.414;465.835;1460.119;3120.972;1976.045;1740.349;2792.343;-7.295;2092.292;1491.405,3599.099;3168.017;8.165;573.565;1542.418;2260.985;977.571;964.075;3303.702;3394.624;1403.044;3356.017;734.619;306.486;1620.264;2503.904;3067.520;3599.451;2747.212;2767.554;2644.253;2627.717;2857.546;3592.832;1589.809;232.411;681.020;800.990;1284.177;3196.647;2.941;1689.828;3033.236;666.687;217.111;293.735;429.869;3165.001;230.180;440.885;3169.578;2945.906;2040.854;3607.223;-0.300;3597.345;2261.413;1146.567;3301.631;2464.084;3599.096;-7.311;1995.934;1700.735;2426.313;741.901;-5.338;1764.320;880.026;3381.445;1689.753;1493.249;2482.871;1754.672;3607.484;2921.301;1894.383;759.591;2277.004;2700.405;2952.455;3607.042;552.625;1323.350;1421.190;1221.178;1265.224;1851.146;2028.503;1063.048;182.343;1021.618;1.997;1064.703;2513.792;2259.904;3605.050;1914.967;1864.538;2180.473;2796.110;1985.844;2214.355;2529.757;1149.005;2974.488;2188.442;1175.515;645.456;28.653
113,205.7515902519226,112,-557.026435947628,557.026435947628,0.39177966750916227,539.477;3611.584;1023.614;3167.796;1579.909;2512.452;2605.964;2015.541;1544.838;139.442;229.484;2814.467;1608.637;944.287;3137.171;1287.853;1263.583;1265.116;2403.436;1825.251;1939.655;712.777;999.815;940.150;1168.432;414.014;393.244;3606.343;3585.515;223.155;507.706;524.486;2670.089;2800.584;-3.555;1960.761;-6.541;2068.456;2420.787;3590.837;804.505;3165.625;3215.354;3600.275;35.411;1594.547;3596.704;1580.949;3254.043;1988.948;2573.157;2051.364;11.946;7.273;387.944;838.500;3607.460;2753.567;3233.529;2085.447;2252.050;3554.571;3597.166;3385.165;3103.617;267.990;1120.692;5.236;1987.007;2735.193;-0.646;36.324;1356.505;725.795;2739.969;1254.305;2364.713;1828.870;2104.646;3544.316;3584.717;330.792;2979.548;960.018;62.652;925.709;2026.295;3597.390;1529.234;-2.694;3595.423;455.086;1448.754;3133.096;1965.980;1729.231;2781.229;4.978;2104.633;1503.853,3607.587;3180.601;18.990;561.711;1532.379;2272.773;990.315;955.317;3315.385;3381.929;1411.679;3368.483;742.946;294.134;1629.577;2491.523;3055.020;3612.156;2758.043;2779.142;2633.277;2639.804;2847.867;3592.679;1594.283;243.915;669.249;789.524;1271.772;3185.859;7.829;1702.408;3026.834;657.771;205.759;297.278;419.583;3177.746;220.816;431.156;3182.155;2934.570;2053.520;3599.864;-11.869;3595.017;2272.238;1133.809;3289.093;2471.472;3611.648;4.933;1983.271;1688.421;2414.241;733.266;5.318;1751.977;891.968;3368.681;1677.167;1480.828;2478.681;1766.788;3596.415;2913.705;1883.006;771.779;2288.948;2691.066;2964.358;3597.318;561.209;1322.498;1411.712;1233.468;1276.387;1844.552;2030.033;1051.965;180.489;1034.226;10.574;1052.411;2525.373;2266.582;3594.705;1905.075;1853.868;2171.344;2808.352;1997.680;2202.035;2530.039;1161.781;2961.981;2178.807;1180.817;635.896;16.643
114,207.4551248550415,113,-556.9854955855202,556.9854955855202,0.4269207888759536,540.043;3599.620;1031.704;3155.660;1570.329;2515.913;2612.727;2026.441;1540.358;139.080;230.838;2802.010;1619.797;933.727;3131.858;1299.822;1255.418;1253.679;2414.945;1837.866;1927.405;718.269;1000.128;931.010;1161.516;417.312;402.629;3595.026;3597.014;212.588;512.746;532.723;2677.401;2808.268;-15.508;1958.301;5.336;2059.689;2412.150;3598.606;817.124;3173.446;3213.425;3593.721;26.757;1605.707;3600.505;1570.577;3261.344;1977.733;2583.016;2060.644;-0.606;-1.548;394.791;837.112;3617.913;2763.053;3243.956;2098.162;2243.927;3548.542;3609.312;3376.842;3114.494;267.250;1108.119;-5.252;1989.534;2726.477;-0.680;34.015;1343.943;737.286;2750.335;1266.753;2356.147;1840.046;2116.248;3547.586;3572.420;338.089;2974.896;950.040;68.318;913.645;2027.049;3609.330;1541.534;6.468;3604.395;458.145;1449.930;3122.204;1972.503;1716.559;2791.675;-2.887;2098.360;1514.722,3595.270;3171.902;24.017;549.209;1542.249;2282.062;982.873;943.228;3327.947;3384.590;1415.254;3367.203;738.822;303.975;1621.985;2491.083;3042.415;3600.894;2753.132;2791.835;2621.510;2651.726;2835.462;3580.286;1606.594;256.316;656.722;776.857;1273.842;3188.161;15.521;1713.129;3038.976;667.534;193.097;290.503;406.962;3169.528;225.718;418.635;3188.226;2942.161;2047.277;3608.428;-0.212;3589.824;2284.748;1124.549;3278.901;2468.039;3599.853;3.161;1971.431;1697.971;2419.115;745.218;-5.271;1763.157;904.449;3379.886;1664.504;1479.906;2486.749;1770.779;3594.196;2901.451;1873.551;783.416;2301.657;2678.634;2974.875;3605.186;550.503;1310.219;1422.887;1224.117;1288.852;1837.388;2018.356;1058.998;192.675;1046.957;0.361;1043.285;2529.627;2278.894;3599.378;1892.492;1841.324;2182.160;2797.005;1995.062;2210.655;2518.451;1169.100;2949.780;2174.908;1168.481;645.194;3.949
115,209.30989003181458,114,-557.3270743054486,557.3270743054486,0.44719017344309736,528.397;3595.853;1039.999;3166.298;1574.112;2528.035;2625.180;2029.193;1548.255;136.450;241.925;2794.554;1611.673;923.087;3126.049;1312.462;1243.573;1262.352;2425.375;1828.251;1938.974;730.593;987.832;932.929;1165.547;417.503;391.975;3586.884;3606.945;222.462;519.582;544.853;2666.504;2816.794;-3.471;1947.258;1.147;2047.217;2422.905;3590.174;829.265;3185.919;3223.123;3605.300;17.274;1616.281;3604.596;1582.047;3251.245;1965.967;2592.808;2071.889;-9.976;-10.262;393.513;837.116;3605.670;2757.549;3231.906;2104.941;2253.617;3538.040;3597.408;3384.478;3121.231;256.104;1095.810;6.185;1985.905;2729.869;-12.398;33.502;1332.400;725.742;2762.506;1262.864;2360.560;1852.568;2111.014;3557.251;3579.796;350.567;2963.029;959.666;56.179;901.036;2018.964;3598.305;1530.567;18.857;3593.487;455.257;1445.774;3129.527;1960.583;1725.897;2786.501;-0.316;2091.454;1523.085,3603.873;3159.689;11.738;536.769;1551.343;2294.413;992.620;951.819;3316.410;3379.315;1426.580;3355.009;726.419;314.683;1609.499;2503.126;3031.243;3604.499;2763.826;2786.621;2632.084;2655.275;2846.510;3574.328;1594.791;267.097;656.943;768.124;1261.698;3176.053;5.902;1705.984;3048.251;657.586;183.313;301.920;408.600;3161.657;238.106;414.407;3198.775;2954.316;2052.979;3596.243;-5.068;3601.506;2296.631;1112.709;3290.707;2455.964;3599.967;-7.551;1959.156;1686.691;2413.762;753.300;1.782;1772.524;916.009;3391.163;1658.108;1468.401;2489.580;1772.250;3603.800;2889.115;1881.239;794.342;2305.312;2671.217;2987.183;3598.986;543.783;1297.771;1411.187;1235.752;1277.756;1825.082;2028.161;1071.468;189.527;1037.815;-11.387;1030.925;2541.672;2267.312;3611.735;1890.434;1852.207;2174.929;2795.821;1993.936;2216.542;2505.814;1181.499;2955.186;2163.851;1172.275;634.177;-6.558
116,211.18599247932434,115,-557.2245451450133,557.2245451450133,0.4208024969891861,517.528;3595.110;1052.419;3177.125;1563.472;2517.069;2613.915;2041.522;1559.209;144.517;230.921;2802.996;1620.232;910.677;3137.889;1301.720;1237.643;1274.758;2421.432;1819.022;1942.557;722.482;993.427;920.909;1153.513;405.357;379.617;3590.026;3595.531;234.732;531.987;543.138;2654.005;2829.239;-5.985;1934.835;8.212;2044.020;2411.583;3582.425;835.621;3189.865;3211.459;3593.998;29.401;1627.811;3592.330;1591.571;3250.980;1953.474;2605.313;2084.455;2.157;1.710;405.543;849.329;3597.278;2759.369;3220.218;2117.260;2266.078;3525.506;3602.547;3386.825;3110.349;243.956;1095.733;15.402;1998.158;2741.208;-0.501;21.213;1335.309;736.532;2774.005;1270.421;2372.804;1864.104;2123.256;3569.749;3581.456;360.247;2966.288;951.998;55.251;890.708;2006.566;3597.603;1530.932;8.726;3590.161;442.927;1457.118;3141.772;1948.238;1734.143;2775.142;-9.378;2079.063;1533.288,3615.840;3147.781;22.980;524.523;1539.270;2307.027;1004.849;948.551;3304.074;3368.615;1414.892;3358.760;735.745;305.871;1597.355;2509.512;3041.418;3616.705;2776.219;2781.148;2626.622;2647.135;2858.433;3561.955;1601.834;276.872;652.458;772.991;1272.706;3186.394;-3.558;1717.620;3051.501;646.433;172.648;314.476;396.584;3171.394;233.039;423.334;3210.796;2948.826;2061.067;3602.375;-14.452;3596.841;2309.225;1108.917;3284.609;2468.253;3600.521;4.086;1946.610;1680.398;2409.033;765.468;1.889;1762.351;925.223;3403.607;1664.229;1456.697;2501.784;1776.978;3602.001;2884.158;1893.462;785.153;2293.003;2659.240;2981.196;3586.819;531.381;1309.829;1399.164;1236.276;1288.776;1812.591;2037.396;1063.556;180.883;1034.031;0.875;1019.788;2553.408;2277.554;3600.870;1901.572;1864.747;2162.522;2808.007;2006.182;2228.561;2493.535;1184.145;2944.874;2151.308;1176.727;621.640;5.328
117,213.08800220489502,116,-557.2361247231213,557.2361247231213,0.39451908515243705,506.183;3606.385;1053.041;3165.177;1565.176;2517.717;2616.909;2052.517;1547.152;132.713;228.413;2814.675;1608.541;906.189;3126.874;1301.487;1225.784;1269.487;2409.153;1806.731;1930.468;710.097;997.699;930.269;1161.864;413.303;373.683;3602.194;3605.392;223.478;544.365;530.987;2641.971;2818.520;2.521;1923.137;-2.191;2056.120;2421.738;3592.145;847.680;3179.421;3222.875;3599.399;22.186;1640.297;3588.781;1580.710;3263.146;1962.654;2605.931;2088.424;-2.708;9.523;395.750;861.882;3602.434;2771.555;3224.129;2106.984;2277.129;3514.732;3602.801;3398.749;3098.014;255.936;1107.422;23.773;2007.434;2753.622;8.261;22.762;1347.495;736.648;2762.045;1259.530;2365.410;1855.880;2130.686;3569.969;3592.136;372.390;2978.508;939.627;48.739;900.479;1995.169;3608.720;1518.742;-3.398;3584.803;446.335;1446.381;3133.756;1955.491;1746.510;2762.644;2.716;2088.345;1523.149,3603.945;3135.320;20.155;512.527;1536.778;2319.586;1007.825;936.629;3291.955;3357.100;1415.193;3349.731;727.000;317.966;1584.871;2509.063;3035.529;3605.224;2786.665;2768.922;2638.869;2634.818;2854.008;3566.049;1613.626;289.223;662.386;760.878;1284.772;3198.854;8.051;1721.157;3039.684;633.930;181.669;316.726;384.071;3177.716;244.570;435.683;3223.151;2958.806;2073.391;3603.448;-3.247;3605.924;2300.304;1096.951;3291.476;2457.915;3612.708;1.897;1957.188;1669.289;2396.759;756.779;-9.732;1769.939;937.639;3412.971;1676.491;1444.405;2514.234;1772.558;3614.017;2895.210;1884.438;772.989;2290.141;2670.843;2970.810;3595.621;518.835;1320.572;1405.482;1245.204;1300.818;1809.577;2049.819;1051.711;191.864;1038.800;-2.794;1028.631;2565.916;2290.012;3599.754;1890.393;1858.791;2162.070;2820.285;2018.489;2219.765;2481.090;1172.385;2934.044;2138.850;1165.295;628.923;-6.083
118,214.7968008518219,117,-556.784942487669,556.784942487669,0.41040308174716067,493.727;3595.206;1049.126;3154.521;1577.369;2529.895;2625.101;2041.482;1541.878;120.321;218.313;2827.052;1602.986;908.310;3128.428;1293.624;1236.259;1277.407;2396.779;1818.214;1919.281;700.694;986.346;920.181;1173.559;409.131;361.423;3613.652;3617.599;234.301;553.929;536.638;2629.501;2828.499;-7.631;1910.665;9.181;2066.683;2432.838;3604.533;859.582;3191.112;3213.100;3611.418;12.325;1628.514;3576.892;1590.129;3270.865;1974.277;2614.966;2097.947;2.207;6.075;403.068;874.361;3591.714;2761.178;3235.302;2116.728;2265.349;3502.381;3607.079;3411.052;3085.529;263.045;1096.660;35.896;1995.559;2756.093;12.846;13.187;1359.433;733.770;2750.209;1252.552;2376.325;1852.564;2142.974;3568.492;3581.004;367.062;2990.999;928.968;36.456;901.084;1982.714;3597.202;1513.180;8.039;3575.084;454.550;1454.766;3143.968;1966.405;1735.909;2759.419;-0.766;2100.650;1531.257,3595.167;3138.816;8.415;519.209;1525.418;2323.687;995.714;926.567;3279.650;3344.636;1403.815;3354.663;717.227;311.830;1587.531;2496.915;3045.923;3595.410;2799.056;2780.552;2640.313;2635.514;2865.050;3577.578;1625.545;298.541;650.611;754.300;1297.197;3208.568;1.489;1709.111;3027.227;637.409;171.220;307.705;380.882;3168.400;256.621;437.639;3214.391;2967.349;2075.011;3592.665;5.957;3594.266;2304.608;1085.228;3303.488;2456.436;3601.446;-3.650;1969.086;1680.690;2399.566;757.645;2.022;1761.819;937.736;3425.235;1665.195;1432.003;2504.339;1784.656;3602.110;2884.003;1888.156;774.295;2287.923;2665.800;2981.787;3606.597;517.478;1317.540;1417.757;1255.110;1306.936;1810.445;2061.713;1054.694;191.397;1026.777;0.179;1040.953;2560.088;2287.117;3605.587;1891.648;1864.310;2174.125;2822.657;2010.492;2231.566;2490.340;1181.767;2921.664;2126.924;1176.141;619.140;4.625
119,216.6615605354309,118,-557.1953825308858,557.1953825308858,0.2594361276224957,485.338;3597.112;1059.373;3157.372;1567.223;2540.772;2637.376;2036.830;1553.367;128.785;230.025;2821.824;1593.095;910.189;3125.065;1305.098;1225.748;1265.899;2392.136;1830.380;1906.977;711.705;975.310;912.554;1172.612;420.050;369.392;3601.792;3605.959;229.423;544.953;544.567;2640.966;2817.497;3.880;1921.260;-0.087;2058.130;2443.859;3593.388;848.855;3200.432;3206.617;3599.702;-0.012;1617.891;3584.734;1600.455;3259.914;1977.153;2603.301;2086.437;-6.426;-5.146;405.648;878.848;3595.433;2772.099;3224.431;2107.416;2261.737;3500.779;3595.031;3417.105;3096.858;272.245;1092.933;24.140;1991.376;2745.082;1.317;0.948;1349.565;744.747;2754.441;1262.831;2380.015;1864.551;2147.155;3580.565;3591.400;378.582;2983.179;916.827;24.465;889.013;1988.704;3598.696;1524.836;1.169;3584.528;466.821;1444.597;3137.863;1978.539;1724.459;2749.527;-12.109;2090.506;1536.847,3602.349;3128.317;-3.714;530.241;1518.988;2313.212;1004.383;938.541;3274.746;3356.347;1407.861;3366.848;705.116;318.199;1579.586;2495.858;3035.818;3598.067;2811.236;2792.550;2634.819;2643.218;2872.233;3585.640;1614.417;299.661;646.587;743.391;1302.090;3196.901;0.603;1700.865;3022.793;625.935;158.865;316.090;390.925;3179.335;248.761;433.876;3220.380;2955.404;2085.673;3602.397;-4.283;3594.424;2293.706;1072.839;3293.325;2457.916;3595.991;4.949;1975.879;1687.759;2399.606;767.692;4.526;1773.110;926.130;3435.986;1672.790;1427.472;2511.471;1774.716;3600.303;2892.848;1900.322;762.861;2289.802;2677.423;2993.270;3594.983;522.159;1327.145;1415.757;1267.409;1298.637;1798.435;2067.188;1052.619;182.678;1029.526;-6.259;1046.385;2548.546;2290.922;3593.701;1897.284;1875.981;2175.038;2818.200;2018.517;2220.666;2484.181;1171.719;2909.753;2128.661;1188.275;623.432;6.135
120,218.55135989189148,119,-557.8943451412126,557.8943451412126,0.42098013114878136,473.854;3608.703;1069.997;3162.092;1566.822;2553.093;2638.738;2038.708;1560.206;126.857;220.487;2811.761;1582.959;909.655;3134.071;1302.664;1232.626;1266.831;2392.417;1842.676;1905.899;720.742;964.745;900.576;1176.283;411.210;366.225;3598.131;3594.917;226.345;542.801;556.507;2636.345;2810.834;6.499;1926.031;-2.094;2053.622;2454.632;3593.514;841.587;3211.714;3198.164;3598.791;-10.507;1608.223;3587.472;1612.746;3247.805;1975.040;2606.656;2079.267;5.150;6.110;393.862;886.933;3602.239;2767.009;3232.716;2095.629;2251.681;3511.076;3595.471;3415.211;3105.492;282.163;1085.033;24.853;1996.714;2736.087;-8.678;4.267;1340.608;753.241;2754.553;1255.435;2391.516;1872.776;2138.893;3589.825;3590.787;368.753;2991.073;906.203;13.739;879.653;1999.908;3606.721;1533.852;-4.929;3587.687;464.338;1448.566;3143.766;1987.839;1712.274;2737.267;-0.806;2087.424;1548.992,3601.312;3139.729;6.030;542.264;1528.104;2323.181;1010.713;936.427;3265.286;3360.498;1396.292;3359.267;702.061;310.219;1589.363;2494.421;3041.742;3607.157;2823.420;2780.667;2631.070;2654.202;2884.272;3581.440;1606.892;311.401;635.389;751.913;1290.447;3193.157;10.988;1689.645;3032.588;613.755;146.794;304.298;389.446;3191.657;238.763;441.196;3208.940;2948.899;2076.354;3591.755;6.217;3603.563;2282.711;1075.179;3281.858;2456.702;3606.688;-6.460;1964.265;1699.871;2392.761;758.879;-6.435;1762.230;913.777;3425.329;1664.472;1439.281;2520.366;1762.956;3600.940;2898.546;1912.605;767.562;2297.285;2683.357;2990.564;3603.944;530.478;1339.364;1427.135;1256.751;1309.038;1802.244;2057.245;1064.377;194.345;1035.520;5.611;1053.833;2538.445;2302.458;3602.356;1909.270;1864.561;2184.879;2806.200;2027.640;2213.146;2495.089;1159.577;2921.749;2117.985;1193.908;635.383;8.854
121,220.47353982925415,120,-558.0022016970073,558.0022016970073,0.43564249422489115,485.156;3598.260;1082.202;3170.766;1577.913;2562.581;2640.249;2050.655;1553.487;125.355;208.356;2799.580;1571.042;897.698;3122.795;1312.066;1220.711;1277.086;2403.670;1843.269;1913.091;711.848;976.084;888.489;1164.345;422.419;354.265;3608.525;3593.193;214.324;553.942;568.130;2626.457;2804.082;7.937;1927.817;9.439;2059.160;2466.890;3600.201;850.108;3202.658;3209.795;3609.162;-22.336;1598.646;3575.670;1621.087;3258.821;1972.586;2617.980;2068.897;14.473;-4.749;381.562;875.169;3590.319;2778.501;3244.461;2087.621;2254.002;3523.052;3606.623;3403.473;3101.639;294.322;1073.060;32.366;2008.664;2747.149;2.728;11.750;1329.441;741.799;2742.569;1267.214;2394.534;1865.577;2127.443;3599.318;3580.906;380.423;2988.730;917.780;19.009;890.114;1998.706;3595.126;1546.041;6.917;3599.728;476.007;1436.727;3132.287;1975.990;1710.378;2741.440;-4.289;2098.733;1539.154,3591.222;3139.188;0.313;532.132;1516.898;2334.130;1020.730;928.413;3274.979;3372.325;1387.159;3363.475;700.271;298.201;1593.368;2483.403;3038.527;3595.938;2815.470;2777.213;2630.842;2643.382;2896.449;3583.423;1610.316;300.139;640.240;753.508;1279.021;3182.710;23.209;1700.184;3044.772;623.928;158.793;301.780;401.245;3180.594;226.537;431.280;3216.182;2941.923;2064.895;3602.601;-5.770;3592.259;2289.158;1068.133;3272.105;2458.567;3596.625;5.131;1959.349;1692.442;2403.839;770.357;4.276;1758.256;905.656;3415.267;1656.913;1450.302;2532.549;1765.781;3595.144;2887.522;1920.607;779.060;2294.019;2680.893;2985.935;3593.016;519.662;1336.925;1420.046;1254.905;1320.896;1793.553;2047.556;1054.392;201.590;1025.741;4.839;1061.662;2541.035;2302.513;3613.342;1898.412;1861.881;2194.730;2795.201;2039.512;2201.497;2501.898;1150.659;2926.199;2124.844;1205.189;626.650;17.556
122,222.18760108947754,121,-557.985082308706,557.985082308706,0.3616713092959651,487.588;3594.780;1072.468;3181.882;1570.324;2553.672;2651.835;2062.456;1564.732;116.154;214.005;2809.307;1581.287;904.498;3130.634;1305.936;1222.160;1265.681;2392.429;1842.910;1920.654;706.410;987.880;883.487;1153.437;415.257;361.002;3598.094;3601.296;205.891;565.362;570.265;2623.496;2792.546;-3.445;1931.007;15.774;2054.334;2473.924;3611.910;838.334;3206.779;3216.539;3598.521;-10.563;1607.478;3583.181;1632.376;3251.618;1960.729;2607.593;2079.292;5.167;3.128;374.659;875.244;3584.765;2771.273;3233.306;2077.997;2243.069;3524.085;3595.309;3399.585;3109.109;298.929;1080.573;20.648;2005.723;2750.794;-0.015;23.461;1319.165;751.255;2745.981;1262.887;2385.243;1876.594;2133.926;3598.186;3592.108;383.028;2978.165;915.181;24.630;885.321;2004.447;3601.405;1552.879;11.121;3611.950;472.112;1430.071;3141.845;1971.240;1712.846;2753.393;4.005;2091.653;1548.303,3601.987;3150.911;-11.378;520.612;1527.631;2344.493;1029.929;936.499;3285.898;3370.811;1398.660;3360.212;688.321;285.990;1605.155;2481.711;3050.438;3598.496;2805.019;2775.052;2638.435;2654.046;2885.011;3571.589;1598.769;301.296;652.252;765.400;1271.761;3172.220;35.139;1702.938;3039.566;614.845;161.970;292.910;397.533;3184.172;228.537;442.269;3205.606;2951.708;2052.784;3593.163;-7.565;3580.082;2301.142;1074.360;3271.076;2449.396;3586.177;-1.822;1947.934;1702.436;2411.062;762.580;-1.882;1749.395;897.945;3426.309;1645.013;1456.712;2543.897;1754.092;3606.135;2897.921;1917.286;767.730;2283.059;2669.912;2973.927;3601.181;530.566;1347.922;1412.564;1250.037;1312.364;1803.428;2041.206;1042.590;190.200;1013.582;14.885;1049.819;2529.332;2312.969;3602.100;1909.458;1857.109;2183.837;2803.282;2051.743;2203.693;2491.291;1157.959;2928.915;2134.574;1193.682;625.100;29.602
123,224.0670702457428,122,-557.9269801504814,557.9269801504814,0.32641088480389235,499.128;3606.464;1082.546;3170.089;1580.706;2551.037;2642.295;2074.613;1555.132;104.087;203.448;2821.371;1590.157;893.212;3128.606;1293.960;1233.392;1267.281;2393.342;1831.066;1932.577;694.450;996.863;880.431;1141.430;403.414;372.869;3604.625;3609.761;196.474;577.534;558.681;2624.523;2780.590;7.586;1919.450;17.983;2043.104;2462.570;3600.190;828.268;3195.246;3206.563;3593.143;-2.471;1619.139;3585.589;1622.051;3261.420;1972.018;2605.899;2091.333;-5.633;1.671;386.132;864.939;3578.173;2761.794;3221.919;2089.270;2232.214;3535.236;3595.715;3404.052;3098.339;310.395;1092.590;8.958;1993.856;2752.162;3.792;12.106;1307.109;741.084;2753.582;1272.756;2396.891;1885.538;2141.733;3591.236;3604.145;387.146;2988.486;921.745;12.793;895.821;1994.665;3606.648;1560.775;10.151;3600.484;460.883;1438.635;3132.844;1960.639;1717.848;2758.209;11.795;2080.778;1560.380,3591.443;3155.166;0.287;529.578;1538.325;2346.787;1042.009;926.494;3275.179;3380.799;1407.232;3348.380;683.542;294.284;1596.904;2493.540;3056.714;3592.643;2792.924;2786.874;2626.554;2652.226;2895.053;3581.337;1599.012;309.536;663.830;773.967;1263.468;3183.059;23.672;1710.008;3050.741;604.280;162.312;280.980;386.096;3195.549;217.239;450.101;3193.533;2962.059;2042.006;3597.928;-5.444;3589.939;2307.475;1062.650;3259.238;2437.417;3596.020;6.819;1936.510;1693.181;2420.821;773.028;0.785;1737.772;885.972;3424.299;1633.586;1467.689;2534.809;1742.137;3595.057;2909.991;1908.682;755.854;2294.368;2680.910;2961.729;3604.070;531.218;1359.661;1423.790;1238.085;1305.606;1812.352;2052.654;1032.740;199.055;1023.787;7.916;1051.746;2517.466;2307.575;3594.199;1920.738;1845.373;2175.880;2815.322;2063.501;2215.000;2499.449;1169.721;2931.095;2124.302;1181.990;618.881;18.369
124,225.9792778491974,123,-558.5050287475742,558.5050287475742,0.19729702130821286,489.670;3596.005;1071.930;3172.621;1592.340;2562.758;2630.375;2067.214;1551.166;106.294;191.888;2810.523;1602.143;898.744;3117.052;1282.963;1244.925;1255.757;2381.831;1826.032;1933.727;702.895;986.613;868.765;1137.373;412.645;379.340;3595.839;3598.030;186.181;567.391;552.265;2636.153;2769.540;0.338;1930.129;6.227;2030.999;2467.239;3594.316;832.886;3184.344;3205.255;3602.139;8.806;1610.129;3597.414;1610.003;3263.685;1960.607;2617.489;2081.313;5.748;12.809;393.035;853.173;3589.117;2749.762;3210.506;2078.533;2240.251;3547.101;3593.930;3392.548;3104.736;302.116;1094.956;-2.375;2005.302;2763.711;-5.549;11.535;1310.883;747.853;2765.543;1266.046;2408.619;1886.659;2130.207;3602.920;3599.031;376.880;2977.913;926.663;2.158;903.826;2006.356;3596.235;1551.762;-1.534;3596.958;461.879;1432.234;3142.357;1964.716;1729.127;2750.862;3.846;2086.030;1565.097,3600.754;3167.033;4.053;541.576;1528.075;2335.124;1031.301;934.143;3284.124;3390.963;1400.060;3359.017;693.232;306.257;1594.356;2504.464;3068.347;3603.755;2781.788;2787.770;2624.164;2642.372;2907.083;3592.125;1610.542;298.535;665.277;785.795;1264.692;3181.731;11.618;1721.957;3062.296;615.588;162.978;291.652;396.730;3185.813;205.183;438.403;3181.914;2950.310;2029.920;3609.205;-2.077;3586.338;2297.010;1067.423;3247.155;2449.196;3596.235;11.657;1924.952;1699.438;2422.172;784.972;-1.277;1725.978;873.917;3432.875;1622.397;1479.231;2523.963;1752.488;3604.334;2900.803;1919.876;765.006;2282.603;2692.890;2968.673;3592.477;519.467;1371.689;1413.801;1243.165;1294.579;1817.667;2043.160;1022.053;189.057;1027.791;16.508;1040.099;2505.747;2295.669;3604.533;1931.144;1833.242;2187.580;2826.899;2054.506;2203.635;2511.415;1180.883;2941.514;2131.563;1180.664;606.970;7.564
125,227.68985390663147,124,-558.24338724177,558.24338724177,0.31495380291867947,500.348;3602.046;1077.746;3167.607;1604.383;2569.301;2625.337;2074.440;1539.476;99.458;194.785;2812.030;1592.113;889.130;3127.314;1272.131;1248.685;1260.862;2379.035;1826.888;1932.159;703.094;994.795;859.702;1133.619;418.607;371.567;3589.309;3599.484;179.531;570.089;563.806;2625.128;2780.609;10.797;1938.666;0.504;2018.915;2455.818;3595.985;822.943;3186.438;3215.699;3600.816;-0.668;1620.082;3603.503;1603.431;3270.307;1955.778;2628.080;2070.709;-0.926;10.400;392.435;862.567;3578.752;2741.846;3220.109;2089.261;2229.746;3537.636;3584.043;3397.153;3093.934;305.603;1084.851;7.572;2010.165;2774.893;5.653;0.185;1303.028;737.863;2766.645;1274.827;2418.187;1898.212;2125.198;3613.889;3609.934;387.774;2988.882;933.666;-6.473;892.330;2004.050;3590.802;1541.288;-0.868;3604.648;470.514;1420.411;3131.125;1955.824;1729.461;2762.053;-8.041;2087.829;1572.622,3593.634;3163.929;1.686;535.711;1534.154;2336.416;1024.902;929.515;3295.981;3402.869;1394.008;3368.100;694.244;309.538;1605.878;2515.810;3080.121;3593.596;2787.710;2786.711;2622.944;2653.166;2904.632;3603.049;1621.587;289.309;672.517;782.262;1273.736;3186.181;2.272;1732.890;3072.981;620.325;163.630;289.787;397.578;3177.302;195.258;432.748;3182.131;2954.293;2028.860;3598.054;-1.806;3593.837;2307.239;1069.815;3239.706;2451.575;3606.976;20.290;1914.094;1688.375;2433.755;775.194;6.297;1713.963;865.341;3441.118;1610.384;1470.548;2514.051;1747.519;3595.854;2902.218;1912.260;767.923;2280.076;2687.158;2964.616;3588.898;507.622;1383.110;1422.787;1248.284;1285.965;1829.508;2053.221;1010.355;177.382;1039.610;27.676;1036.050;2515.490;2284.868;3595.608;1937.146;1823.002;2192.926;2833.670;2043.237;2209.715;2509.142;1175.172;2940.145;2143.323;1169.092;611.899;-0.881
126,229.5637013912201,125,-558.4292049953984,558.4292049953984,0.2965578538178563,492.418;3596.387;1089.517;3157.694;1613.792;2570.550;2636.848;2072.077;1530.604;110.945;203.617;2821.552;1599.658;877.549;3118.781;1281.058;1237.930;1270.153;2389.714;1826.153;1935.787;691.639;1006.467;871.122;1145.318;429.771;381.797;3599.417;3593.470;190.276;581.603;553.665;2614.784;2791.491;4.811;1950.370;-11.115;2017.136;2448.105;3607.100;811.022;3176.808;3204.596;3603.125;-1.078;1630.493;3592.663;1594.114;3281.932;1952.601;2632.828;2080.698;5.209;-1.188;381.327;857.347;3586.355;2730.057;3230.300;2099.203;2236.191;3547.180;3595.324;3388.075;3104.215;305.475;1077.084;-2.050;2010.074;2782.012;-4.856;-11.505;1291.179;725.928;2776.244;1263.328;2428.204;1888.830;2136.036;3602.310;3598.569;399.736;2980.943;945.494;4.817;894.610;1994.135;3602.164;1529.364;3.715;3594.273;482.382;1425.832;3125.037;1944.144;1726.826;2751.804;2.656;2076.865;1573.932,3604.024;3160.830;4.604;546.814;1545.739;2347.196;1034.957;917.900;3285.601;3410.874;1404.722;3379.929;682.524;298.159;1600.083;2507.571;3092.054;3603.279;2779.376;2783.733;2624.851;2648.105;2913.838;3592.495;1613.880;280.022;661.069;788.145;1262.185;3176.970;-2.648;1722.436;3084.924;612.349;172.312;278.063;406.275;3165.427;206.040;426.523;3170.924;2963.570;2026.790;3599.091;-4.387;3598.786;2297.335;1059.338;3231.352;2452.584;3595.636;9.004;1912.246;1680.380;2445.622;764.370;-5.318;1719.027;853.499;3452.977;1598.441;1478.417;2523.304;1758.406;3602.397;2913.488;1900.560;779.508;2279.732;2695.902;2953.002;3592.623;515.350;1393.601;1431.881;1259.425;1297.117;1823.288;2065.123;1018.186;187.795;1040.389;16.443;1046.397;2507.805;2273.456;3600.683;1927.298;1833.751;2203.131;2822.960;2031.762;2221.211;2497.654;1172.136;2938.647;2132.921;1158.999;622.907;10.008
127,231.4637393951416,126,-558.3915380409563,558.3915380409563,0.3779810510541222,481.079;3604.085;1098.361;3145.873;1610.039;2582.175;2632.071;2062.958;1539.967;101.829;212.756;2810.439;1611.307;869.207;3107.614;1290.767;1240.763;1266.309;2383.103;1832.327;1926.421;684.412;995.657;882.933;1140.531;426.330;393.150;3611.266;3582.507;202.152;587.085;550.673;2603.168;2786.759;-4.983;1942.261;0.173;2027.026;2450.477;3596.047;803.946;3188.019;3197.991;3591.552;4.368;1641.356;3588.432;1589.045;3271.462;1962.949;2644.430;2090.753;15.483;-5.599;370.377;847.236;3595.913;2734.738;3242.028;2102.429;2225.406;3558.379;3602.607;3396.492;3103.090;294.321;1069.896;2.560;2004.363;2774.435;2.879;-0.089;1283.107;730.989;2765.511;1269.357;2440.040;1878.382;2147.282;3597.746;3600.795;390.918;2979.061;937.098;-2.963;889.766;1989.586;3612.362;1537.197;-6.597;3598.938;473.872;1437.231;3136.315;1936.947;1718.844;2739.938;-1.153;2077.793;1563.968,3598.510;3171.933;-5.999;557.995;1554.257;2359.023;1032.591;905.984;3273.742;3401.383;1416.582;3386.147;673.714;297.752;1606.589;2517.575;3103.984;3596.564;2767.601;2783.386;2618.632;2636.491;2918.046;3595.030;1621.874;290.255;660.570;799.805;1262.475;3186.654;7.733;1711.576;3088.246;601.426;170.191;268.602;398.475;3163.547;201.959;434.619;3159.128;2974.758;2017.900;3596.329;5.274;3610.348;2295.426;1063.134;3220.386;2452.456;3601.829;13.610;1900.751;1690.645;2455.991;753.589;3.493;1729.771;841.541;3444.730;1603.258;1489.205;2521.220;1755.003;3595.152;2924.857;1909.666;781.808;2277.251;2707.018;2945.564;3604.266;525.422;1383.424;1441.125;1248.426;1286.220;1813.712;2077.038;1029.973;194.883;1046.483;12.725;1056.254;2496.527;2282.620;3611.966;1927.098;1832.565;2214.201;2814.325;2020.464;2215.159;2502.675;1178.594;2948.660;2121.167;1147.273;620.939;2.745
128,233.1697108745575,127,-558.3405171959727,558.3405171959727,0.47091498676323634,469.431;3614.583;1099.341;3134.642;1621.170;2579.717;2622.589;2051.661;1532.298;90.846;224.463;2815.542;1620.312;879.571;3116.961;1302.568;1229.244;1277.815;2394.168;1828.409;1915.154;693.817;987.017;874.626;1150.073;420.827;382.509;3618.433;3592.350;214.017;576.085;561.006;2592.863;2775.121;4.842;1930.643;-2.812;2038.163;2455.290;3588.468;799.106;3198.719;3207.099;3602.241;6.385;1644.577;3576.892;1577.406;3259.639;1962.784;2644.134;2080.503;27.297;5.181;381.141;841.478;3607.714;2723.334;3232.955;2097.058;2215.682;3554.853;3605.979;3408.248;3092.140;282.465;1058.227;12.854;2014.860;2785.878;-7.108;4.919;1288.854;721.910;2774.193;1280.926;2449.623;1889.381;2138.149;3587.343;3590.827;381.718;2967.555;930.526;5.236;890.655;1998.203;3601.014;1538.725;4.638;3599.164;462.172;1433.555;3127.347;1948.301;1730.004;2744.968;-10.769;2089.392;1552.179,3609.697;3181.749;5.330;569.722;1566.017;2365.825;1044.116;894.082;3275.994;3412.265;1408.093;3397.424;662.280;296.129;1595.235;2506.427;3115.873;3590.151;2767.228;2776.603;2626.688;2644.458;2907.408;3586.568;1633.456;301.303;648.979;791.810;1251.179;3176.537;4.536;1699.886;3099.693;596.185;173.037;274.366;406.440;3173.478;211.066;423.684;3147.484;2986.408;2022.286;3584.944;-5.030;3598.908;2306.833;1051.889;3209.002;2456.654;3607.525;3.412;1898.963;1687.758;2467.618;764.904;6.857;1741.617;832.364;3432.982;1600.808;1478.053;2509.668;1743.610;3606.313;2933.604;1901.469;793.260;2272.614;2718.667;2944.111;3596.685;515.356;1383.058;1430.386;1237.406;1292.946;1819.509;2081.763;1041.872;185.187;1055.760;1.289;1061.392;2484.670;2271.681;3600.714;1931.068;1842.302;2226.038;2809.975;2029.099;2206.049;2491.474;1167.041;2937.519;2113.233;1157.639;616.420;-8.685
129,235.02419018745422,128,-558.5254977499562,558.5254977499562,0.27663471304309845,458.109;3603.135;1108.132;3141.744;1632.675;2590.171;2613.122;2062.786;1543.356;100.227;236.282;2826.805;1610.064;884.007;3128.674;1293.134;1230.812;1269.281;2405.791;1821.352;1906.019;701.601;975.482;865.929;1148.805;409.241;391.471;3606.954;3599.107;221.175;567.341;572.764;2581.107;2782.918;-3.418;1921.066;7.497;2029.439;2443.788;3598.605;789.885;3189.901;3197.312;3606.370;-4.108;1633.243;3587.402;1588.362;3250.626;1964.114;2633.179;2085.075;19.404;0.148;385.590;852.705;3601.853;2721.576;3227.229;2107.184;2204.257;3565.691;3594.481;3398.752;3102.428;289.892;1046.576;2.319;2025.041;2775.890;-1.429;-4.521;1298.701;732.048;2765.940;1291.324;2461.265;1883.707;2146.104;3594.866;3579.154;370.163;2977.792;920.221;0.641;879.195;2009.868;3594.544;1528.305;6.750;3610.649;451.995;1444.010;3132.821;1939.467;1726.879;2735.773;0.553;2089.111;1560.936,3599.973;3171.425;12.787;561.113;1559.143;2374.787;1040.349;902.557;3286.457;3416.623;1412.361;3386.610;660.391;284.611;1603.941;2510.671;3110.933;3600.724;2755.859;2784.458;2616.873;2655.935;2895.686;3574.983;1644.942;312.995;654.574;780.145;1240.104;3164.792;14.516;1693.790;3111.463;606.913;163.964;281.394;418.122;3162.961;207.461;430.693;3150.758;2976.100;2033.872;3573.140;2.111;3600.892;2314.856;1040.086;3220.225;2455.433;3597.078;-7.986;1887.436;1695.880;2458.125;759.070;-4.563;1750.288;841.356;3440.573;1603.951;1469.689;2501.311;1750.491;3596.142;2933.963;1889.795;783.135;2280.654;2728.229;2955.606;3605.821;505.850;1371.981;1438.834;1237.318;1282.066;1811.624;2070.788;1039.795;194.926;1067.481;5.334;1072.785;2494.593;2268.447;3597.232;1919.544;1853.614;2215.483;2821.474;2040.787;2200.168;2481.417;1168.850;2944.190;2123.784;1165.321;605.309;2.107
130,236.90543580055237,129,-558.6582063952893,558.6582063952893,0.3960623014819635,455.504;3596.313;1118.814;3130.524;1624.367;2601.771;2601.451;2053.115;1542.894;93.675;248.063;2838.556;1612.673;872.772;3134.654;1301.111;1221.486;1257.948;2404.292;1832.203;1894.488;713.217;963.713;854.288;1157.575;419.345;385.576;3599.706;3587.956;219.731;557.434;583.523;2576.001;2781.935;6.228;1931.505;-1.241;2029.773;2440.769;3602.083;778.239;3178.598;3188.431;3595.222;7.223;1643.671;3598.732;1580.247;3244.797;1953.083;2621.469;2074.198;9.004;10.119;392.914;864.187;3612.158;2710.676;3238.561;2118.888;2192.492;3556.076;3586.520;3400.965;3093.541;301.211;1037.023;-9.054;2020.972;2773.359;-10.629;5.806;1310.388;743.744;2776.871;1286.838;2473.008;1892.665;2157.697;3606.424;3577.010;360.758;2968.340;929.907;-10.886;874.024;2007.190;3598.115;1536.418;12.316;3599.702;446.331;1432.832;3141.975;1947.347;1736.771;2724.116;-5.876;2099.476;1550.814,3608.063;3181.116;18.711;549.887;1556.327;2386.395;1029.163;906.993;3295.835;3405.490;1423.485;3382.081;670.975;281.694;1593.606;2521.994;3104.411;3593.672;2752.068;2790.300;2618.642;2646.581;2886.198;3584.531;1655.279;324.683;665.003;787.436;1248.789;3154.577;5.222;1682.307;3117.224;596.815;154.629;271.766;407.675;3173.467;218.027;442.285;3161.699;2966.266;2025.327;3566.762;-9.032;3592.276;2303.637;1028.361;3218.501;2444.237;3586.067;2.923;1875.666;1684.625;2460.670;747.795;2.205;1744.238;835.336;3446.594;1615.060;1470.427;2512.563;1761.399;3605.370;2923.345;1900.376;781.013;2291.585;2739.416;2953.553;3596.791;494.194;1360.396;1427.928;1248.780;1287.411;1822.336;2074.103;1028.567;185.292;1078.879;10.042;1061.641;2501.756;2278.498;3607.295;1929.236;1843.133;2211.272;2831.918;2051.880;2188.935;2471.212;1180.315;2948.095;2114.123;1156.688;593.822;-4.537
131,238.81339406967163,130,-558.2872302963112,558.2872302963112,0.24317202125514323,444.094;3600.004;1107.682;3120.395;1634.055;2607.821;2590.127;2053.217;1531.565;92.814;238.281;2829.195;1601.764;874.298;3128.733;1310.170;1232.604;1248.399;2415.580;1841.626;1904.471;705.274;953.289;843.260;1169.165;426.484;395.490;3604.510;3578.467;230.706;545.947;595.155;2587.127;2771.531;-4.332;1942.914;1.632;2018.363;2449.374;3591.199;781.902;3166.912;3176.874;3586.912;14.065;1654.091;3607.314;1570.251;3255.974;1941.404;2611.984;2083.823;-2.007;7.590;404.444;875.847;3601.542;2715.507;3249.923;2130.602;2180.772;3548.756;3581.483;3391.186;3104.358;311.758;1025.999;1.455;2031.908;2775.910;0.453;0.321;1321.377;751.736;2784.378;1275.975;2482.592;1904.260;2148.763;3597.187;3585.616;349.851;2960.989;919.562;-0.359;870.253;1995.970;3609.477;1546.682;1.281;3604.045;457.166;1424.506;3135.932;1958.507;1726.083;2715.875;3.899;2093.335;1545.360,3597.730;3175.090;29.433;538.559;1544.902;2382.860;1020.090;917.985;3307.416;3408.783;1435.129;3393.020;661.939;270.483;1601.088;2515.508;3092.915;3593.444;2761.610;2790.917;2629.384;2645.621;2897.246;3584.363;1644.082;318.244;671.555;777.653;1239.528;3142.955;13.616;1672.608;3106.317;606.941;165.987;260.266;415.941;3178.433;208.274;451.361;3158.522;2970.390;2018.330;3575.824;-3.948;3586.165;2294.530;1022.017;3228.196;2437.401;3589.729;-2.532;1881.892;1672.971;2450.123;741.791;-7.223;1733.347;826.545;3458.007;1607.729;1481.227;2522.169;1773.003;3595.251;2911.711;1911.772;791.632;2289.428;2730.392;2963.031;3604.376;483.412;1348.685;1418.444;1259.797;1285.986;1824.380;2085.425;1039.054;181.266;1075.135;21.202;1056.730;2512.859;2289.251;3596.882;1924.791;1841.108;2208.395;2823.894;2046.723;2178.509;2468.625;1176.350;2959.288;2121.072;1145.936;600.767;5.896
132,240.52474975585938,131,-558.3097141572646,558.3097141572646,0.2684232059479424,432.521;3607.853;1115.240;3130.818;1644.434;2619.259;2598.534;2041.959;1539.385;103.448;227.386;2824.201;1611.987;867.273;3117.563;1311.044;1225.355;1258.918;2410.834;1853.156;1894.813;693.783;963.530;848.404;1163.829;437.901;391.759;3595.671;3588.591;242.292;541.985;593.731;2577.563;2759.988;-5.497;1954.010;-7.624;2027.823;2460.553;3581.912;771.456;3177.769;3187.421;3585.317;19.877;1642.993;3596.965;1558.670;3245.412;1950.377;2622.781;2092.208;8.548;-3.785;396.224;865.494;3598.249;2705.237;3244.785;2123.245;2185.931;3537.288;3570.109;3401.600;3106.885;301.239;1015.350;-4.875;2042.585;2764.793;-1.549;-5.621;1332.889;755.709;2792.510;1285.445;2482.246;1894.460;2156.509;3597.292;3576.038;338.646;2966.784;930.629;4.335;858.856;1984.336;3600.104;1535.489;0.358;3601.121;468.784;1421.780;3124.511;1970.118;1733.447;2705.209;9.835;2082.129;1533.932,3600.227;3170.550;19.706;532.884;1549.541;2372.566;1010.168;912.469;3297.041;3399.157;1431.964;3384.723;657.973;261.398;1593.607;2525.484;3091.940;3604.684;2773.172;2802.275;2626.148;2656.781;2888.446;3595.297;1633.896;323.861;677.655;769.700;1235.537;3147.204;6.192;1675.454;3095.437;597.087;173.724;248.941;408.646;3176.274;198.895;460.805;3166.342;2960.489;2006.882;3578.736;6.474;3597.068;2283.608;1015.721;3239.027;2427.736;3601.112;-1.791;1891.511;1682.195;2458.494;737.429;1.062;1740.902;836.939;3469.538;1596.247;1492.844;2533.649;1778.237;3602.512;2900.198;1916.613;792.373;2278.327;2718.895;2968.229;3609.982;491.562;1339.581;1424.923;1270.864;1297.233;1813.908;2082.906;1040.244;191.360;1064.171;11.907;1047.342;2503.667;2279.758;3602.823;1934.075;1852.278;2197.456;2813.703;2035.721;2189.637;2475.919;1165.640;2956.343;2111.438;1134.413;611.946;-0.377
133,242.39179873466492,132,-558.8756821016154,558.8756821016154,0.3410884168089916,425.261;3596.843;1123.632;3141.196;1635.436;2620.782;2609.949;2036.714;1550.645;92.806;221.835;2823.702;1622.467;856.487;3120.891;1321.130;1215.024;1250.992;2421.715;1843.886;1889.692;703.409;957.946;838.239;1174.374;448.125;402.845;3596.277;3591.324;233.000;530.821;585.062;2566.344;2764.782;5.445;1965.259;2.593;2033.101;2464.651;3585.170;780.422;3184.331;3189.512;3595.732;12.425;1634.313;3599.480;1549.814;3240.659;1961.141;2620.441;2081.536;4.913;0.744;385.969;873.614;3601.686;2694.919;3233.731;2114.021;2175.540;3533.687;3576.218;3401.589;3118.046;306.630;1005.923;2.961;2053.633;2770.821;-6.903;5.440;1323.534;766.603;2801.861;1296.900;2493.044;1891.447;2148.399;3607.968;3571.777;327.145;2956.420;924.018;-3.268;867.955;1994.356;3603.374;1530.975;-10.444;3591.319;478.935;1432.818;3119.273;1976.429;1735.125;2712.771;4.534;2086.538;1538.065,3607.927;3159.301;8.662;522.533;1540.913;2361.870;998.677;902.508;3293.454;3406.789;1441.176;3378.904;647.976;249.970;1604.553;2536.215;3089.521;3594.675;2776.407;2792.708;2616.438;2656.284;2887.185;3584.818;1623.003;315.978;678.751;758.303;1224.228;3136.064;-4.038;1684.052;3088.776;603.215;179.943;257.369;419.325;3165.678;203.265;450.795;3177.742;2948.978;2017.643;3589.764;-1.076;3588.726;2273.265;1008.606;3250.243;2438.267;3599.039;-7.973;1893.968;1676.573;2457.684;737.311;2.583;1741.110;848.464;3459.473;1585.258;1483.941;2542.614;1774.461;3598.194;2888.607;1917.543;802.388;2282.690;2727.570;2979.593;3598.747;500.492;1346.445;1435.795;1279.449;1286.738;1824.310;2071.737;1041.105;181.286;1052.612;6.172;1054.743;2511.236;2277.409;3614.090;1923.926;1860.374;2206.717;2810.765;2042.743;2184.272;2465.101;1168.296;2967.536;2121.481;1134.866;601.158;4.989
134,244.28763842582703,133,-558.8959223901188,558.8959223901188,0.38661745692458016,434.734;3603.728;1117.643;3138.585;1640.494;2629.265;2619.533;2034.575;1561.006;82.873;232.265;2829.504;1631.257;845.122;3131.718;1310.256;1205.159;1256.784;2428.396;1841.509;1896.257;714.629;947.805;830.890;1166.996;450.939;413.993;3607.111;3600.144;225.633;541.637;584.924;2556.017;2775.800;1.265;1976.077;7.782;2043.103;2453.506;3575.654;772.779;3175.948;3198.732;3606.825;16.197;1623.831;3607.082;1553.482;3250.635;1971.270;2629.821;2085.590;-6.151;11.614;377.468;872.730;3610.306;2683.447;3228.498;2121.206;2177.610;3537.767;3586.895;3412.668;3109.748;317.814;1016.713;-4.645;2043.945;2759.730;3.247;3.156;1312.204;770.746;2791.616;1308.429;2482.825;1902.481;2137.011;3597.883;3560.961;317.928;2967.091;914.491;6.478;861.514;1995.548;3592.892;1520.972;0.525;3599.082;471.085;1426.218;3107.979;1987.713;1725.623;2723.987;-6.755;2076.157;1545.904,3596.914;3147.783;-2.531;533.267;1550.940;2350.393;990.466;891.122;3282.507;3398.567;1430.927;3367.589;636.549;257.907;1609.478;2541.142;3100.672;3604.876;2787.129;2781.458;2605.605;2645.081;2898.235;3574.433;1618.094;326.406;689.939;748.726;1229.649;3135.280;6.605;1695.365;3078.582;614.306;170.446;268.620;412.771;3175.989;192.078;440.424;3180.901;2938.641;2011.387;3601.117;-12.359;3578.528;2282.899;997.259;3260.107;2432.671;3609.496;3.209;1883.070;1670.667;2446.471;748.501;6.893;1729.986;850.862;3465.357;1574.535;1493.630;2549.359;1763.190;3609.044;2898.348;1928.171;791.324;2293.187;2738.902;2970.631;3595.455;492.730;1357.152;1447.275;1268.993;1297.032;1813.363;2080.209;1029.891;169.824;1062.972;17.144;1066.104;2522.128;2288.577;3604.338;1933.287;1871.356;2196.920;2821.933;2054.043;2194.510;2472.243;1157.280;2971.157;2126.829;1127.980;589.667;15.139
135,246.2054045200348,134,-558.8943689015757,558.8943689015757,0.2561459759354807,424.802;3597.018;1106.381;3135.760;1630.039;2620.063;2624.548;2023.458;1556.929;75.953;243.154;2840.689;1626.243;851.575;3143.158;1299.717;1201.261;1248.690;2439.390;1832.607;1906.310;706.692;956.299;840.835;1167.804;461.908;409.914;3597.537;3589.736;229.875;544.980;592.736;2544.666;2787.247;12.186;1976.779;-0.711;2034.823;2442.234;3565.071;761.741;3173.679;3204.311;3596.074;5.067;1632.958;3596.232;1560.305;3246.214;1960.134;2634.889;2096.122;2.786;13.762;388.143;862.357;3599.342;2687.178;3235.521;2111.932;2181.984;3530.740;3592.550;3402.244;3115.602;322.616;1018.482;5.707;2055.090;2768.124;-4.204;2.445;1315.574;760.638;2800.191;1316.937;2478.949;1913.006;2131.455;3602.118;3549.522;318.537;2974.601;924.070;-3.412;852.024;2006.567;3602.441;1515.090;-0.902;3601.897;477.796;1433.696;3096.820;1985.882;1716.127;2724.315;-3.129;2086.440;1557.000,3595.199;3157.219;-6.062;544.019;1549.345;2359.368;1000.348;882.564;3291.963;3387.237;1421.495;3363.470;625.379;251.104;1603.745;2549.861;3107.874;3594.890;2779.190;2773.859;2610.023;2653.475;2901.781;3582.963;1628.738;325.226;700.374;757.906;1219.511;3143.945;-2.853;1692.624;3081.502;612.368;159.160;279.999;421.776;3185.415;185.710;429.005;3188.303;2940.039;2021.207;3612.240;-1.619;3589.215;2294.203;1007.935;3249.550;2443.847;3598.861;3.391;1872.186;1681.142;2437.639;758.721;-3.278;1737.417;840.351;3454.873;1570.970;1499.295;2540.747;1770.611;3598.740;2891.067;1917.437;782.812;2282.015;2749.091;2962.540;3587.709;481.416;1368.571;1448.414;1269.852;1287.792;1815.487;2070.545;1026.359;158.398;1067.562;28.588;1061.673;2532.297;2298.789;3608.294;1923.470;1882.802;2187.524;2826.651;2063.834;2205.619;2461.264;1146.603;2962.628;2137.484;1134.172;585.113;5.467
136,247.92106437683105,135,-558.7177971552626,558.7177971552626,0.2892711298280283,431.778;3606.962;1095.771;3124.746;1633.136;2622.483;2613.565;2032.011;1566.417;65.580;252.838;2846.813;1624.788;847.078;3154.567;1290.050;1190.126;1237.551;2428.686;1821.388;1896.249;703.166;966.102;830.157;1177.976;452.356;418.842;3604.010;3579.387;218.798;556.053;593.831;2554.328;2778.333;2.080;1965.695;2.337;2024.002;2448.388;3567.743;770.690;3162.984;3193.826;3595.449;15.089;1641.790;3605.384;1571.490;3255.133;1958.974;2624.104;2105.330;3.762;2.763;390.602;852.702;3605.041;2681.068;3246.378;2122.215;2193.091;3541.616;3602.298;3407.294;3105.456;333.749;1029.514;7.833;2057.614;2778.755;6.517;-8.513;1306.021;751.248;2811.472;1326.862;2467.901;1909.846;2125.079;3593.880;3559.368;329.338;2969.337;914.130;5.516;862.931;2002.301;3593.380;1520.527;1.615;3590.843;468.039;1424.648;3100.451;1975.025;1726.744;2714.521;7.570;2097.788;1567.853,3604.914;3164.068;4.888;543.565;1540.268;2369.816;994.613;888.541;3284.284;3395.762;1413.244;3352.968;614.044;256.316;1592.552;2539.073;3119.073;3603.312;2789.909;2772.648;2618.621;2657.033;2891.442;3579.601;1618.454;331.323;694.825;748.503;1229.632;3154.943;7.683;1703.434;3071.336;622.967;169.643;290.270;422.561;3196.347;174.554;437.743;3199.546;2929.809;2012.954;3601.313;-9.610;3583.457;2305.503;998.220;3253.625;2445.894;3602.139;5.996;1865.226;1670.733;2426.477;756.889;4.979;1726.653;830.336;3461.758;1561.078;1508.246;2532.299;1763.558;3601.766;2881.963;1922.467;774.838;2280.062;2739.241;2951.273;3578.782;476.991;1379.670;1437.986;1259.970;1296.034;1818.927;2077.517;1016.774;148.802;1071.445;39.009;1072.029;2543.357;2310.055;3602.487;1932.592;1889.326;2176.379;2837.772;2057.440;2211.595;2449.880;1150.496;2967.484;2131.703;1145.327;574.171;13.680
137,249.80186438560486,136,-558.6514084425,558.6514084425,0.3692908467508438,422.560;3599.028;1106.031;3135.380;1644.156;2629.700;2619.952;2041.581;1556.399;75.807;246.371;2857.955;1613.726;857.610;3146.919;1278.810;1183.407;1226.816;2436.277;1826.763;1906.120;707.526;956.811;839.786;1167.138;455.310;411.849;3595.472;3589.742;216.728;548.164;604.892;2546.954;2772.515;5.371;1973.363;11.006;2034.353;2442.476;3578.646;765.746;3155.028;3199.377;3601.001;9.650;1632.396;3597.421;1562.861;3266.350;1957.355;2615.451;2116.549;9.116;-8.033;389.426;841.559;3616.142;2669.926;3235.641;2117.328;2188.036;3541.654;3592.996;3414.994;3095.513;332.728;1023.145;-2.915;2056.388;2769.966;-0.174;1.606;1295.474;762.006;2807.058;1318.155;2475.862;1898.799;2135.907;3583.523;3548.439;340.477;2979.917;923.264;-1.895;870.788;2004.454;3602.560;1510.082;-8.382;3591.831;472.335;1414.032;3092.159;1984.761;1719.097;2706.174;-2.236;2088.936;1577.573,3598.523;3175.202;1.294;532.800;1529.090;2360.722;984.000;899.676;3292.255;3394.292;1421.832;3342.143;619.627;245.884;1601.226;2545.299;3113.483;3597.881;2797.502;2761.685;2629.836;2646.885;2881.411;3568.673;1615.077;321.034;684.178;758.526;1239.282;3145.627;5.219;1712.376;3082.134;612.612;163.489;279.782;411.846;3186.707;181.127;448.598;3210.151;2938.475;2016.391;3605.841;-1.356;3572.350;2316.380;989.071;3258.962;2447.258;3592.107;15.531;1854.126;1666.369;2417.947;767.664;-6.079;1715.441;838.713;3470.985;1571.861;1519.485;2542.898;1771.960;3602.286;2891.090;1933.537;765.169;2279.094;2728.012;2951.750;3567.551;468.415;1369.366;1427.154;1268.235;1287.986;1829.961;2069.628;1025.355;159.849;1082.255;50.229;1082.043;2533.513;2321.197;3612.377;1940.524;1879.243;2165.047;2846.553;2067.152;2207.365;2449.433;1141.361;2978.546;2120.708;1135.180;565.737;19.976
138,251.70909690856934,137,-558.7273877572496,558.7273877572496,0.535159843654757,411.783;3596.910;1109.873;3146.332;1651.562;2640.757;2625.766;2052.292;1566.902;65.513;235.278;2847.837;1604.086;868.274;3146.740;1268.632;1193.962;1222.950;2445.384;1815.772;1917.167;718.519;946.646;830.729;1170.078;445.399;421.502;3584.677;3587.003;223.101;556.388;616.127;2538.181;2782.266;2.017;1984.027;0.153;2045.428;2431.446;3589.894;776.296;3165.787;3188.629;3611.293;4.497;1621.199;3602.460;1573.036;3255.812;1955.738;2607.187;2107.037;5.331;2.342;400.337;843.496;3609.828;2679.395;3224.495;2106.759;2177.189;3532.834;3582.659;3426.123;3106.144;321.803;1031.931;5.274;2060.163;2762.548;-10.868;10.846;1284.328;773.262;2796.061;1307.558;2486.947;1907.470;2128.608;3592.829;3548.796;344.381;2991.144;917.711;-2.077;860.235;2007.281;3601.878;1499.345;2.353;3602.470;462.330;1422.221;3092.325;1980.219;1709.417;2714.478;-7.542;2078.098;1573.131,3609.429;3177.097;-9.732;521.546;1527.389;2349.817;973.060;895.109;3303.351;3383.589;1415.588;3344.501;630.696;246.132;1610.036;2552.266;3105.229;3608.752;2788.160;2772.655;2618.845;2656.609;2870.191;3557.557;1624.729;310.319;672.930;762.727;1230.047;3134.724;12.456;1719.261;3093.133;613.034;171.796;268.736;403.514;3175.500;191.030;454.796;3220.873;2932.052;2009.112;3595.851;-1.618;3561.086;2308.503;987.320;3267.766;2447.176;3583.574;4.763;1861.608;1655.603;2414.729;778.011;-8.793;1720.922;849.868;3466.163;1582.670;1522.216;2554.148;1783.096;3612.743;2880.966;1944.313;767.660;2284.248;2731.437;2961.917;3556.949;478.475;1359.028;1415.914;1279.082;1277.866;1820.081;2058.493;1036.038;162.854;1071.823;55.129;1071.488;2524.306;2312.451;3622.906;1935.682;1888.689;2155.631;2857.524;2068.925;2196.571;2445.350;1150.720;2988.339;2130.391;1145.875;554.731;31.054
139,253.41704034805298,138,-558.6898749453718,558.6898749453718,0.3783606220127539,400.981;3603.907;1120.741;3138.902;1641.060;2644.214;2634.741;2063.138;1557.966;75.874;244.205;2853.011;1592.995;858.643;3140.508;1276.947;1196.256;1212.527;2438.219;1812.057;1917.013;710.523;939.108;829.005;1163.317;451.951;420.252;3586.754;3587.130;212.603;551.701;618.992;2542.929;2789.674;-4.198;1982.155;2.343;2043.418;2435.322;3601.024;781.297;3172.910;3178.472;3600.520;-6.207;1615.673;3593.955;1583.283;3259.893;1965.062;2596.096;2116.808;-5.439;3.943;391.962;854.388;3603.856;2674.444;3222.743;2114.720;2174.300;3535.639;3591.209;3419.826;3110.203;315.010;1029.214;-4.822;2050.920;2756.617;-0.444;1.415;1289.850;774.551;2801.344;1296.403;2497.166;1905.492;2138.969;3602.869;3546.130;334.238;3000.694;928.108;-12.581;861.793;1998.994;3611.866;1488.168;6.061;3603.464;472.559;1411.943;3102.856;1972.566;1720.257;2709.154;2.784;2079.046;1562.149,3602.585;3182.019;0.229;519.531;1519.121;2360.121;962.050;904.846;3314.348;3393.346;1404.676;3355.366;639.582;235.239;1607.161;2542.006;3094.142;3600.727;2777.347;2774.804;2616.566;2667.230;2860.216;3560.020;1617.991;299.146;683.319;771.470;1237.796;3123.794;1.890;1710.200;3104.116;603.471;182.867;260.349;394.434;3185.130;202.171;465.477;3231.397;2942.737;1998.054;3593.849;-5.682;3560.783;2311.985;976.936;3278.518;2454.908;3572.624;-5.360;1850.993;1645.022;2406.450;788.454;-6.512;1710.743;840.011;3455.398;1592.244;1521.009;2547.940;1794.224;3602.059;2873.093;1954.628;778.495;2280.588;2720.806;2964.982;3566.422;467.760;1350.789;1425.309;1270.338;1266.700;1815.133;2053.637;1047.222;163.186;1078.771;65.636;1062.207;2533.662;2318.281;3612.169;1925.959;1889.321;2159.518;2859.467;2079.856;2185.407;2455.463;1161.838;2998.956;2120.841;1147.539;543.552;27.332
140,255.28333926200867,139,-558.4195257610666,558.4195257610666,0.3260200281193009,404.033;3593.155;1121.453;3141.099;1630.087;2655.047;2645.798;2053.280;1565.709;74.115;244.164;2856.122;1582.208;867.190;3150.848;1287.977;1188.324;1222.678;2448.009;1812.309;1917.498;720.494;928.124;838.245;1152.637;462.582;419.559;3576.039;3576.271;215.582;540.803;626.234;2532.895;2779.194;6.508;1992.857;7.802;2054.075;2446.086;3612.154;792.231;3183.510;3183.961;3596.026;3.553;1604.730;3604.144;1578.341;3252.205;1958.012;2589.063;2107.277;-4.357;-5.566;381.686;865.522;3594.441;2681.511;3212.347;2107.688;2179.608;3524.908;3581.207;3429.865;3120.784;304.034;1037.739;2.392;2047.044;2745.663;-0.268;2.507;1279.353;777.397;2791.318;1287.685;2507.580;1915.961;2132.090;3613.948;3551.516;323.131;3011.445;918.361;-1.875;852.858;2009.696;3601.316;1497.461;-3.756;3593.167;483.538;1400.871;3092.921;1982.999;1720.921;2698.833;13.795;2068.436;1572.137,3592.102;3171.389;5.743;509.223;1527.563;2351.568;950.930;915.313;3305.138;3383.406;1393.597;3348.915;633.660;244.637;1599.326;2552.424;3085.453;3592.018;2766.389;2776.039;2616.106;2678.250;2849.151;3570.585;1617.780;308.477;673.721;782.498;1245.512;3113.013;-9.237;1699.156;3112.883;592.388;175.197;250.284;404.687;3175.703;211.463;475.590;3242.458;2940.419;2004.113;3592.260;5.012;3570.469;2315.681;985.055;3289.547;2446.850;3582.869;3.830;1857.238;1654.694;2395.473;799.529;-4.353;1719.781;838.795;3464.959;1581.683;1510.132;2558.241;1787.458;3598.049;2862.076;1947.697;769.450;2286.739;2727.321;2975.729;3577.471;471.021;1341.073;1421.498;1263.489;1271.516;1822.123;2062.699;1044.724;167.319;1078.629;55.085;1063.101;2525.789;2329.208;3601.911;1936.597;1898.686;2149.102;2868.929;2089.792;2183.733;2458.267;1160.611;3010.077;2110.384;1137.240;552.354;16.431
141,257.17781352996826,140,-558.6984709640749,558.6984709640749,0.20949993088573943,395.156;3597.454;1125.384;3137.034;1619.675;2658.052;2639.482;2061.937;1562.139;82.765;253.769;2845.390;1571.362;875.863;3160.079;1279.014;1197.950;1233.162;2448.806;1815.075;1915.581;713.155;933.866;831.345;1152.539;452.505;430.361;3583.437;3567.817;209.686;532.505;623.531;2533.491;2789.346;-1.053;1989.130;18.684;2045.850;2437.957;3602.666;784.731;3190.677;3194.451;3604.458;5.745;1607.012;3594.596;1587.732;3249.461;1963.565;2598.763;2108.818;6.461;-1.428;370.655;873.858;3591.064;2683.095;3202.340;2117.756;2169.001;3531.075;3589.896;3419.937;3131.453;310.959;1027.329;-6.488;2036.840;2752.873;-3.879;-7.585;1278.182;768.673;2792.523;1297.072;2501.255;1915.648;2141.986;3604.386;3552.233;331.913;3018.649;917.086;-0.237;861.170;2018.785;3607.388;1500.358;4.750;3597.109;491.640;1393.028;3097.836;1990.583;1723.290;2708.776;5.156;2073.657;1567.743,3592.790;3171.158;6.017;498.794;1538.486;2353.563;943.145;921.393;3307.916;3383.924;1382.535;3354.031;623.684;250.637;1609.764;2546.610;3078.445;3587.935;2755.608;2777.058;2615.647;2689.125;2850.975;3577.317;1628.216;300.039;665.771;789.398;1234.828;3108.387;-0.038;1688.491;3121.709;596.779;165.461;250.011;415.740;3167.772;222.235;473.791;3243.016;2935.040;1998.296;3601.448;4.286;3580.722;2305.020;995.505;3298.491;2447.822;3589.813;-0.569;1866.666;1658.247;2392.673;810.436;0.391;1729.478;833.243;3455.289;1580.977;1499.635;2568.387;1793.339;3591.780;2854.773;1937.307;779.870;2290.209;2734.961;2966.929;3580.053;464.166;1349.943;1416.477;1271.684;1274.631;1832.358;2059.509;1054.475;169.238;1067.869;45.198;1063.388;2536.104;2338.923;3600.746;1929.561;1894.145;2141.474;2860.256;2099.479;2173.246;2468.909;1166.741;3012.634;2101.039;1145.221;548.330;9.672
142,258.8806610107422,141,-558.8080890777817,558.8080890777817,0.2850159125136053,384.424;3607.417;1136.174;3146.750;1626.026;2652.678;2647.232;2071.887;1571.201;75.000;264.521;2849.122;1560.405;867.282;3149.495;1285.490;1208.860;1238.886;2459.500;1820.516;1905.259;704.720;925.006;841.223;1141.911;461.105;420.585;3585.469;3574.599;198.997;541.367;634.241;2522.863;2794.298;-10.538;1999.367;18.846;2055.159;2446.702;3595.621;787.373;3181.408;3200.833;3599.980;7.022;1597.403;3586.015;1598.687;3258.595;1974.360;2608.604;2118.832;-0.147;7.653;369.558;883.807;3601.098;2676.249;3191.387;2107.907;2179.025;3529.929;3600.195;3422.065;3125.912;317.322;1034.661;-2.832;2026.286;2743.687;6.230;2.322;1268.933;758.007;2790.567;1307.325;2510.565;1916.652;2143.291;3598.663;3541.901;342.739;3029.521;908.279;-7.484;853.107;2029.345;3598.447;1489.909;1.929;3601.833;491.865;1403.346;3108.603;1980.141;1713.135;2719.714;-3.203;2063.311;1557.574,3598.024;3181.800;11.057;508.798;1541.356;2363.749;932.319;932.017;3318.102;3393.060;1375.904;3364.732;632.312;241.915;1609.764;2537.986;3067.899;3593.940;2749.012;2786.101;2612.345;2695.924;2843.496;3578.613;1636.741;289.647;675.320;781.067;1237.124;3118.491;4.830;1679.415;3132.640;587.546;175.059;240.249;406.956;3176.921;214.137;479.178;3234.529;2944.912;1988.764;3591.010;-3.728;3581.628;2312.866;985.450;3297.617;2458.204;3583.155;-10.294;1856.715;1668.851;2402.821;802.000;-6.516;1721.121;825.060;3462.432;1585.987;1508.471;2576.009;1787.223;3589.657;2864.088;1938.381;787.560;2283.382;2724.711;2956.011;3589.713;454.915;1341.374;1426.920;1281.812;1264.514;1822.377;2057.230;1063.553;164.624;1075.901;46.014;1052.802;2528.160;2331.087;3601.709;1930.015;1903.090;2151.736;2854.197;2102.049;2163.443;2458.652;1177.514;3002.022;2107.273;1144.628;557.789;6.317
143,260.7341556549072,142,-558.817844629489,558.817844629489,0.3537224830570312,394.075;3597.845;1128.210;3136.788;1636.811;2663.180;2657.406;2081.705;1561.228;69.870;254.318;2855.334;1564.773;874.542;3140.932;1291.918;1206.092;1249.650;2450.804;1831.272;1894.441;693.899;935.319;844.937;1132.044;466.461;421.183;3582.729;3566.589;192.816;546.267;628.361;2512.578;2791.914;-0.241;1992.639;28.826;2064.116;2447.740;3597.776;776.923;3185.414;3211.605;3604.147;-3.387;1606.449;3578.201;1603.000;3269.340;1969.829;2619.517;2129.711;-8.099;18.085;379.953;876.253;3609.728;2665.475;3200.717;2118.547;2171.502;3531.272;3610.943;3414.107;3115.506;308.755;1043.539;7.818;2030.365;2740.655;0.868;-4.131;1258.045;747.061;2800.728;1314.872;2501.567;1927.330;2134.548;3605.836;3531.115;335.951;3038.965;918.024;2.472;842.916;2018.668;3604.163;1492.950;10.529;3591.445;500.944;1394.567;3100.301;1985.130;1704.258;2721.179;5.952;2061.420;1549.529,3608.467;3183.419;1.485;515.881;1531.055;2367.817;935.603;934.046;3308.821;3387.868;1385.672;3354.825;638.703;250.892;1616.476;2527.793;3074.666;3604.712;2759.103;2794.006;2604.773;2706.663;2833.728;3568.753;1626.357;297.823;676.527;771.304;1245.891;3128.716;-2.642;1677.094;3127.977;578.857;178.436;229.340;398.716;3171.574;203.850;468.565;3228.920;2953.854;1999.269;3586.933;-0.064;3571.798;2315.306;983.312;3288.771;2457.276;3592.940;0.018;1866.018;1665.017;2402.514;806.607;2.867;1729.255;835.263;3451.757;1575.924;1517.786;2575.892;1776.450;3599.405;2874.887;1948.689;778.688;2273.097;2726.746;2946.255;3597.884;447.744;1332.081;1427.748;1292.666;1267.475;1827.966;2067.871;1053.925;161.326;1076.560;39.937;1049.475;2517.682;2321.928;3612.403;1926.308;1893.848;2157.485;2862.960;2093.120;2160.036;2462.952;1167.792;2998.024;2097.606;1135.453;567.117;8.515
144,262.61075711250305,143,-559.1178306757838,559.1178306757838,0.35186135129106966,386.368;3601.557;1137.699;3144.450;1639.356;2669.973;2667.572;2092.514;1563.798;76.245;248.027;2864.016;1557.236;865.298;3133.992;1282.875;1211.589;1241.632;2456.275;1826.488;1897.490;690.550;933.047;854.192;1122.920;456.853;427.183;3593.292;3568.359;182.853;554.452;631.484;2517.692;2802.010;8.713;2000.898;18.539;2062.744;2447.192;3588.060;784.351;3196.055;3209.336;3593.732;-13.221;1597.985;3585.786;1597.922;3269.679;1959.528;2612.675;2121.445;2.267;8.078;370.347;885.903;3599.547;2655.795;3191.975;2120.756;2179.303;3541.905;3600.462;3419.793;3120.229;317.281;1033.987;8.704;2040.501;2739.245;1.597;2.885;1260.333;756.836;2802.511;1325.223;2505.076;1928.954;2129.200;3596.278;3540.137;345.406;3042.333;909.940;6.339;837.976;2016.710;3594.855;1484.511;1.047;3600.255;511.762;1401.182;3104.258;1975.987;1713.577;2711.299;1.855;2055.067;1538.878,3598.744;3174.555;-9.196;508.234;1523.152;2376.891;942.924;923.622;3310.818;3377.838;1379.239;3356.402;649.147;249.120;1626.924;2528.582;3066.162;3595.891;2750.978;2786.664;2614.619;2699.614;2843.789;3577.889;1635.189;289.073;681.821;761.504;1249.039;3139.463;-3.776;1668.559;3136.705;578.665;189.014;230.536;407.084;3180.049;213.115;475.865;3236.860;2944.604;2003.186;3597.095;-10.557;3580.793;2316.629;973.732;3298.817;2446.768;3588.609;-2.246;1868.296;1654.520;2404.116;798.135;-5.247;1729.413;844.227;3449.123;1577.852;1509.159;2565.620;1773.839;3605.914;2867.535;1950.966;783.680;2283.030;2737.220;2953.029;3588.652;456.913;1341.136;1430.635;1293.741;1258.360;1818.222;2060.424;1045.697;171.655;1067.724;30.789;1047.592;2526.428;2314.627;3613.034;1915.757;1903.568;2162.384;2852.608;2098.770;2149.508;2457.461;1172.461;3002.822;2107.104;1140.242;557.564;13.574
145,264.5151607990265,144,-558.9396041405431,558.9396041405431,0.30957378296769483,377.585;3610.596;1148.241;3154.363;1642.544;2663.098;2657.283;2083.831;1574.162;66.577;237.420;2874.711;1547.190;855.502;3125.401;1292.762;1201.289;1231.058;2453.289;1824.780;1889.840;699.315;923.582;864.956;1131.577;446.875;417.381;3603.055;3578.186;172.056;559.504;622.251;2526.771;2795.534;9.581;2010.846;10.712;2070.641;2457.744;3593.574;793.910;3187.285;3206.299;3591.144;-2.848;1589.885;3579.530;1587.295;3280.142;1968.894;2602.044;2111.090;4.178;10.883;372.600;883.053;3598.703;2657.681;3183.994;2116.412;2189.937;3535.553;3600.838;3428.865;3111.037;309.437;1034.316;16.041;2030.462;2749.531;-2.134;-4.504;1270.622;766.754;2812.794;1334.782;2515.653;1918.617;2118.968;3601.054;3547.701;338.529;3037.643;909.258;0.647;847.728;2021.573;3597.958;1493.961;-9.462;3591.825;518.977;1395.378;3114.529;1978.174;1723.650;2719.314;-8.113;2059.053;1529.972,3589.626;3184.731;1.180;497.626;1515.375;2368.055;932.657;928.395;3320.971;3387.194;1368.683;3365.893;639.535;238.825;1619.052;2538.956;3062.031;3586.490;2740.413;2787.248;2611.196;2708.607;2843.952;3587.950;1645.805;278.327;671.444;769.311;1259.400;3132.145;6.500;1657.826;3147.450;588.937;188.506;231.832;417.809;3189.919;223.801;486.513;3247.575;2933.877;2013.534;3607.371;-0.867;3591.346;2306.152;963.009;3309.513;2455.363;3579.647;4.597;1864.907;1664.198;2393.670;805.016;3.794;1721.360;834.320;3445.353;1587.212;1498.458;2575.726;1774.029;3595.429;2857.066;1940.465;794.239;2273.290;2746.246;2963.218;3580.794;467.661;1350.486;1440.956;1303.894;1261.223;1807.563;2061.780;1048.054;181.311;1057.476;20.071;1040.375;2533.375;2316.825;3610.825;1906.497;1913.428;2152.257;2841.795;2109.374;2138.735;2467.436;1182.214;3012.924;2098.526;1149.080;553.252;3.059
146,266.22738790512085,145,-558.5929514557602,558.5929514557602,0.2420945180225677,366.902;3600.284;1147.837;3147.420;1653.012;2652.549;2657.589;2092.589;1574.558;73.145;230.314;2882.269;1537.775;844.772;3114.872;1290.540;1195.283;1220.464;2444.241;1834.484;1880.954;690.301;932.677;875.214;1142.249;438.084;410.732;3599.601;3583.340;172.966;570.046;611.647;2537.429;2805.426;1.885;2002.258;19.891;2062.363;2461.092;3599.741;794.141;3184.838;3216.565;3592.296;3.724;1597.621;3568.939;1589.615;3289.327;1964.577;2595.956;2119.554;13.223;0.685;363.085;873.587;3607.911;2647.436;3183.497;2114.696;2196.488;3528.315;3602.796;3437.135;3119.837;313.695;1023.890;25.813;2025.184;2743.909;8.243;2.981;1266.761;770.129;2802.731;1327.853;2508.066;1911.498;2128.871;3610.292;3544.797;348.177;3027.135;918.450;4.035;842.106;2024.661;3606.853;1493.594;0.638;3598.366;529.276;1384.910;3125.257;1969.145;1717.598;2721.065;2.087;2069.075;1519.777,3598.862;3177.089;1.185;487.446;1525.716;2357.477;922.649;937.784;3331.250;3377.078;1368.116;3375.407;647.953;248.552;1629.246;2529.582;3053.592;3584.308;2742.326;2780.028;2621.087;2699.609;2833.741;3598.211;1639.624;279.235;664.955;779.823;1269.903;3141.967;-2.532;1648.867;3147.453;579.825;197.704;221.411;412.870;3180.469;232.807;480.850;3248.608;2924.524;2023.883;3597.539;-1.720;3588.588;2296.616;962.794;3320.250;2453.238;3576.614;-4.274;1875.170;1673.117;2383.142;795.240;2.320;1710.871;843.225;3441.576;1597.910;1500.145;2572.644;1763.579;3598.809;2855.595;1941.612;791.874;2265.794;2755.625;2969.066;3587.138;460.242;1360.751;1450.065;1295.451;1251.364;1815.959;2055.271;1057.230;186.513;1059.585;11.263;1029.793;2543.989;2327.343;3606.707;1916.476;1909.061;2141.533;2846.251;2104.573;2128.761;2477.900;1173.048;3023.642;2092.136;1139.024;555.445;3.623
147,268.0906322002411,146,-558.6304405604392,558.6304405604392,0.3422447591595153,374.499;3593.192;1142.946;3152.079;1660.751;2662.338;2663.458;2088.267;1584.392;62.795;220.669;2892.405;1544.393;853.572;3116.038;1298.836;1188.063;1215.390;2433.625;1844.935;1877.951;686.357;924.057;871.868;1132.781;428.380;413.127;3608.452;3573.068;162.732;580.421;600.971;2527.747;2796.614;-4.854;1991.758;10.838;2051.759;2471.481;3610.268;804.429;3180.723;3208.293;3582.105;13.469;1589.071;3575.436;1581.065;3299.969;1954.131;2601.249;2129.425;7.489;7.659;366.917;863.337;3598.226;2646.253;3192.083;2121.704;2194.705;3538.541;3608.847;3447.583;3110.143;324.150;1033.479;15.588;2035.203;2753.999;-1.616;13.551;1256.288;780.583;2811.175;1338.180;2500.831;1919.686;2131.533;3599.991;3555.068;340.869;3017.551;928.162;14.145;850.919;2018.167;3596.783;1503.978;-4.518;3592.540;520.518;1374.221;3124.820;1958.509;1726.921;2710.751;1.384;2079.750;1529.950,3608.463;3166.809;-5.124;497.208;1517.590;2367.044;912.726;948.432;3322.579;3383.401;1378.420;3368.131;638.583;240.630;1619.714;2534.140;3063.826;3574.722;2732.136;2789.889;2623.816;2690.307;2832.146;3608.152;1629.093;289.283;674.428;769.927;1279.953;3135.815;1.126;1638.775;3139.028;573.355;188.784;211.084;420.935;3190.326;227.383;472.112;3258.728;2932.003;2017.890;3598.356;4.843;3589.580;2286.004;971.931;3329.999;2442.979;3566.154;5.285;1883.948;1681.739;2372.442;784.785;-7.669;1700.195;834.793;3447.242;1600.979;1510.202;2572.206;1768.664;3607.956;2865.845;1951.178;791.103;2274.584;2766.106;2962.451;3597.622;468.539;1351.108;1440.361;1302.931;1260.331;1824.529;2044.863;1067.824;177.881;1070.031;13.658;1020.604;2552.932;2318.316;3600.454;1926.875;1898.572;2150.861;2853.081;2104.418;2137.614;2487.829;1163.606;3014.294;2098.397;1128.353;565.227;-1.775
148,269.98500752449036,147,-558.8159024950406,558.8159024950406,0.2335908696749099,385.011;3596.524;1133.411;3162.506;1669.926;2670.492;2659.368;2087.240;1594.970;52.992;210.110;2902.559;1554.837;861.399;3126.312;1309.381;1177.557;1213.672;2438.847;1835.714;1888.108;675.939;933.105;871.494;1129.007;438.383;423.468;3598.233;3574.871;152.128;583.225;604.979;2530.140;2786.089;5.403;1989.689;0.324;2042.459;2480.967;3600.215;798.894;3170.300;3198.688;3572.241;19.566;1578.527;3585.916;1570.939;3307.437;1961.241;2591.510;2121.191;-2.932;13.440;376.808;852.717;3603.052;2656.325;3182.152;2127.193;2184.376;3549.039;3598.545;3455.256;3110.164;325.326;1025.544;5.123;2027.495;2752.615;7.315;5.256;1246.549;776.390;2813.875;1329.670;2490.676;1930.220;2121.286;3603.008;3562.057;346.639;3006.954;938.685;6.191;861.404;2025.658;3588.515;1503.908;4.487;3602.820;509.982;1381.481;3115.418;1955.033;1721.850;2700.514;6.047;2090.218;1537.368,3598.655;3167.279;-5.628;507.247;1524.507;2359.667;902.924;955.963;3313.973;3393.449;1388.695;3372.675;628.329;250.099;1614.900;2536.643;3074.447;3564.128;2722.299;2781.010;2633.688;2698.501;2821.777;3599.220;1626.660;293.460;668.418;771.243;1290.473;3145.890;-8.893;1628.156;3140.349;563.055;179.001;200.459;431.471;3183.955;220.187;461.773;3256.029;2923.257;2019.865;3607.914;-4.323;3595.589;2276.691;982.406;3320.980;2443.817;3569.303;13.172;1894.503;1673.427;2362.730;776.814;1.958;1695.023;836.059;3456.241;1590.990;1514.985;2578.012;1759.136;3598.502;2875.305;1955.546;780.793;2266.313;2776.674;2951.967;3595.966;479.045;1355.930;1448.406;1293.682;1270.874;1833.476;2053.840;1058.353;167.346;1080.335;3.742;1030.504;2544.438;2318.972;3603.642;1937.495;1888.462;2160.587;2863.374;2094.744;2128.117;2497.769;1161.022;3021.711;2089.036;1117.846;575.828;-4.691
149,271.9052767753601,148,-559.1684812032174,559.1684812032174,0.3034604520416392,378.528;3606.503;1135.588;3164.850;1660.681;2679.702;2649.053;2077.422;1601.726;59.561;205.539;2905.209;1562.037;855.467;3125.972;1304.814;1173.845;1223.899;2445.162;1825.299;1898.492;680.885;935.244;861.181;1137.528;432.928;433.988;3599.823;3585.116;143.582;590.394;604.596;2539.594;2784.156;1.847;1999.416;-9.278;2049.775;2476.916;3597.142;795.268;3160.026;3192.156;3577.596;29.506;1569.821;3590.596;1560.980;3304.292;1959.408;2581.622;2110.805;0.556;23.747;387.359;854.442;3599.772;2666.706;3172.356;2118.123;2191.474;3555.033;3599.507;3465.700;3107.732;315.494;1028.122;1.536;2031.719;2742.476;9.341;-4.735;1240.948;766.263;2819.915;1330.420;2481.370;1939.799;2111.320;3594.305;3570.763;337.534;2999.455;945.648;-4.262;860.404;2035.810;3585.704;1494.168;-2.270;3595.704;508.605;1390.372;3116.884;1964.643;1719.039;2707.574;0.342;2090.872;1528.803,3600.145;3175.250;4.240;503.692;1531.756;2367.153;911.796;949.263;3304.273;3392.602;1382.294;3362.748;618.873;250.836;1624.314;2546.307;3080.395;3568.478;2712.386;2791.315;2623.384;2708.345;2814.052;3608.179;1617.244;301.557;664.935;778.945;1281.283;3145.797;0.817;1636.803;3131.410;552.511;169.849;205.428;425.100;3187.891;228.798;468.348;3257.261;2912.960;2020.031;3598.410;2.849;3594.834;2284.677;979.238;3316.110;2442.367;3579.493;3.673;1897.840;1683.116;2370.543;766.805;-3.007;1684.751;836.204;3447.504;1593.566;1523.566;2588.410;1749.272;3601.985;2882.943;1965.433;787.747;2273.193;2785.516;2942.019;3587.097;483.371;1355.312;1442.463;1294.468;1262.515;1840.517;2063.479;1059.318;172.982;1080.638;-4.825;1037.633;2534.423;2319.217;3613.702;1945.741;1879.278;2159.859;2872.728;2090.502;2122.172;2493.975;1166.248;3022.347;2097.484;1123.140;571.634;5.600
150,273.62494349479675,149,-559.0106553397319,559.0106553397319,0.29298498978202886,387.384;3596.889;1125.894;3158.960;1670.336;2673.860;2638.547;2066.943;1595.190;49.922;195.232;2915.360;1567.620;845.470;3117.623;1310.750;1163.790;1231.711;2454.156;1822.438;1899.874;677.293;945.386;870.183;1147.926;442.686;425.232;3606.833;3593.576;133.969;580.521;612.099;2548.534;2778.743;-6.967;1998.838;0.155;2039.919;2485.873;3604.492;784.979;3158.451;3197.447;3567.876;39.894;1559.798;3600.682;1550.496;3312.552;1966.148;2590.563;2108.905;-7.012;31.800;383.846;844.440;3609.632;2669.270;3180.913;2127.850;2185.911;3548.094;3594.845;3476.165;3097.521;305.009;1020.873;-6.819;2040.437;2747.802;19.149;3.662;1250.479;763.367;2809.893;1323.498;2488.331;1947.717;2112.978;3589.869;3561.560;346.919;3006.552;953.096;4.920;868.526;2030.117;3575.988;1503.638;3.994;3603.729;510.922;1382.062;3106.907;1968.747;1709.175;2716.267;9.985;2099.550;1521.665,3591.714;3185.235;12.257;500.998;1524.995;2358.076;902.991;953.561;3293.831;3402.598;1389.883;3352.267;620.873;256.303;1616.975;2537.496;3089.753;3578.656;2703.367;2793.684;2620.941;2716.734;2821.176;3598.348;1614.737;292.181;655.609;771.369;1289.459;3155.751;-2.006;1643.708;3140.531;554.760;160.927;213.944;433.483;3195.370;218.819;476.781;3266.894;2921.680;2030.208;3603.077;-4.568;3584.846;2277.598;977.719;3306.263;2451.487;3589.873;3.251;1888.814;1680.179;2366.744;774.987;2.579;1683.193;826.261;3441.943;1584.214;1517.792;2597.068;1739.792;3608.095;2881.355;1956.090;797.839;2278.983;2794.752;2931.576;3596.728;474.638;1362.016;1444.007;1300.027;1256.489;1850.015;2073.944;1066.497;183.133;1089.939;5.245;1047.997;2524.057;2313.314;3603.922;1955.525;1869.286;2154.835;2864.385;2100.586;2114.380;2503.750;1176.423;3027.729;2087.630;1113.716;568.287;0.268
151,275.50105142593384,150,-558.9421562269206,558.9421562269206,0.2115020617893651,396.626;3599.440;1133.982;3148.699;1679.395;2666.831;2641.463;2058.786;1584.905;47.030;186.096;2907.803;1577.434;835.202;3107.851;1306.178;1155.538;1232.914;2463.729;1821.279;1902.690;667.145;941.899;861.778;1138.438;440.223;415.027;3597.851;3583.551;137.890;589.085;602.757;2539.192;2786.075;1.306;2002.596;1.004;2046.738;2493.367;3596.304;792.620;3167.453;3207.558;3568.068;50.153;1561.510;3610.674;1540.080;3319.241;1957.954;2599.432;2118.187;2.438;32.555;373.648;852.148;3600.571;2659.332;3191.188;2132.883;2195.842;3558.031;3589.278;3486.479;3095.445;300.067;1029.692;3.108;2050.802;2758.048;14.394;0.130;1247.099;753.715;2816.579;1333.477;2480.353;1956.054;2109.860;3599.247;3551.671;341.132;3016.861;963.420;1.306;878.038;2020.626;3565.753;1497.168;-3.221;3602.879;521.131;1386.251;3096.513;1959.042;1698.842;2726.639;5.516;2096.243;1523.772,3589.719;3176.187;3.208;491.079;1533.836;2348.059;907.645;963.762;3283.502;3404.819;1391.197;3347.556;614.231;262.611;1606.703;2534.546;3100.104;3588.241;2692.976;2795.140;2620.776;2707.962;2827.143;3598.155;1608.321;283.729;645.289;769.463;1279.800;3154.442;-0.626;1634.624;3144.807;564.728;169.705;205.138;443.446;3186.048;220.463;487.123;3277.248;2931.815;2040.642;3599.656;-1.981;3594.710;2270.396;986.684;3309.574;2457.553;3599.825;7.202;1897.856;1670.069;2356.627;785.073;-5.658;1692.823;815.864;3442.911;1573.977;1527.536;2607.441;1746.828;3598.040;2871.194;1962.874;805.814;2289.248;2805.152;2940.263;3606.896;477.394;1372.281;1454.203;1309.712;1262.014;1859.491;2082.311;1074.069;193.576;1100.041;-1.383;1058.389;2519.283;2303.048;3597.097;1951.516;1858.979;2154.582;2854.437;2109.564;2104.038;2500.810;1167.094;3018.607;2089.162;1104.865;572.954;-2.680
152,277.39857935905457,151,-559.3356297279288,559.3356297279288,0.4482120303364253,389.684;3608.323;1124.154;3143.767;1684.513;2656.578;2645.555;2048.841;1574.613;53.912;188.126;2897.771;1581.923;844.629;3097.492;1295.999;1165.412;1222.981;2474.083;1831.279;1896.375;670.507;931.778;865.276;1146.650;430.147;424.218;3599.276;3584.700;129.307;581.411;609.458;2545.762;2794.640;-8.353;1992.643;3.247;2045.195;2488.162;3600.834;796.633;3159.046;3217.875;3578.193;60.424;1571.612;3600.943;1531.155;3309.193;1967.970;2589.829;2109.496;-6.240;33.043;370.932;862.409;3606.564;2650.211;3186.605;2124.451;2205.141;3562.592;3599.148;3496.772;3105.525;309.121;1034.807;3.920;2052.403;2764.133;14.748;-9.960;1256.771;751.847;2820.478;1335.089;2489.130;1946.316;2099.706;3608.825;3541.588;331.326;3015.086;953.542;-8.659;888.308;2029.752;3555.561;1504.719;6.408;3592.813;515.704;1377.551;3095.765;1949.388;1688.610;2736.808;-4.372;2106.273;1533.885,3579.748;3175.447;1.351;480.743;1526.365;2338.274;901.861;971.325;3285.038;3403.856;1398.221;3357.112;623.952;252.889;1602.726;2544.657;3097.578;3595.580;2682.716;2798.166;2622.776;2697.645;2837.360;3605.779;1598.093;293.385;635.326;759.321;1283.411;3163.401;7.290;1634.198;3134.770;574.980;160.156;198.794;438.931;3182.243;228.584;496.234;3285.878;2942.143;2050.810;3604.903;-11.450;3602.456;2260.168;977.293;3308.559;2448.872;3610.022;-0.797;1903.882;1663.735;2363.353;780.384;3.917;1703.169;824.608;3433.204;1564.629;1518.810;2616.400;1737.429;3593.823;2860.894;1956.170;797.528;2299.617;2801.739;2950.157;3597.425;486.557;1382.567;1449.757;1315.772;1251.977;1869.724;2072.544;1064.048;203.238;1108.299;-9.706;1068.766;2515.423;2293.453;3605.192;1961.253;1848.667;2164.622;2852.001;2102.483;2112.917;2500.367;1164.351;3008.365;2099.208;1104.452;562.856;-10.191
153,279.1054244041443,152,-559.1166716333175,559.1166716333175,0.35014965226493244,379.807;3599.448;1114.067;3133.785;1674.810;2646.264;2652.843;2054.798;1565.442;57.227;179.142;2887.475;1591.748;854.895;3087.161;1286.205;1174.687;1232.256;2482.179;1835.125;1899.405;680.503;924.090;875.260;1147.786;437.321;416.495;3609.193;3592.840;119.068;571.198;602.728;2543.271;2804.842;-1.309;1989.036;12.969;2035.145;2478.029;3609.234;786.808;3168.403;3220.790;3581.475;67.346;1580.216;3602.889;1520.890;3303.447;1971.687;2598.253;2117.203;-7.857;43.098;362.616;871.408;3599.798;2656.926;3196.253;2127.949;2214.702;3560.400;3608.303;3487.282;3115.650;299.682;1041.063;-5.397;2042.483;2769.943;24.808;-0.885;1266.588;760.154;2830.471;1341.411;2480.753;1945.503;2108.754;3599.594;3531.278;337.658;3011.686;954.088;0.679;880.768;2023.527;3563.197;1497.025;14.902;3584.014;514.783;1371.742;3085.709;1957.585;1688.878;2743.839;5.079;2114.511;1531.973,3587.014;3185.184;-8.593;470.414;1516.162;2345.135;905.721;981.516;3289.276;3409.444;1408.410;3354.489;634.229;242.590;1611.224;2537.913;3087.817;3590.473;2687.923;2792.468;2623.181;2693.344;2847.621;3596.963;1587.774;289.466;641.403;749.820;1277.464;3173.660;17.086;1644.168;3126.717;585.303;162.448;188.625;448.036;3192.212;237.466;488.836;3275.899;2951.067;2060.247;3604.874;-1.576;3612.673;2255.314;985.879;3298.491;2438.671;3602.768;8.642;1894.375;1673.090;2373.309;790.178;11.822;1699.394;833.531;3424.007;1572.042;1524.060;2606.933;1744.827;3584.831;2850.833;1946.154;806.725;2293.292;2811.096;2944.301;3595.273;476.636;1392.246;1439.799;1305.926;1245.572;1875.783;2067.529;1072.560;207.273;1118.508;0.047;1065.163;2525.366;2283.166;3603.215;1952.832;1838.341;2174.929;2841.981;2092.318;2122.244;2510.308;1156.600;2999.737;2109.297;1094.409;553.184;-0.247
154,280.96657729148865,153,-559.0827042522702,559.0827042522702,0.19026263763906717,385.740;3605.284;1119.518;3129.429;1667.268;2639.895;2645.056;2064.860;1556.693;66.252;170.653;2883.535;1601.948;862.028;3091.681;1283.056;1166.559;1241.230;2472.282;1830.896;1904.149;676.340;923.873;866.853;1155.390;445.803;406.569;3599.635;3603.011;110.064;568.206;612.398;2553.063;2807.978;-6.353;1998.818;17.675;2042.103;2485.520;3599.337;794.244;3167.526;3213.382;3583.709;71.884;1585.975;3597.136;1512.867;3310.463;1970.567;2606.546;2111.344;1.801;50.070;352.781;881.314;3607.612;2666.582;3199.951;2118.317;2220.842;3551.966;3599.137;3494.753;3119.210;296.076;1031.136;3.483;2034.682;2766.573;29.473;-4.420;1257.561;750.387;2822.244;1351.439;2470.631;1955.248;2112.516;3589.452;3535.362;347.687;3002.485;947.441;1.394;888.322;2024.822;3553.709;1487.422;8.171;3584.504;524.225;1381.389;3088.834;1967.051;1690.671;2753.300;4.047;2105.770;1522.015,3596.285;3176.743;0.942;460.276;1525.053;2355.137;915.559;972.263;3283.597;3399.754;1402.327;3363.591;635.290;232.684;1621.384;2546.952;3077.604;3591.554;2697.783;2783.996;2627.629;2683.324;2854.943;3601.914;1590.381;279.968;632.427;757.335;1267.595;3180.203;26.397;1646.236;3116.734;588.641;152.950;178.661;458.244;3201.149;247.648;498.501;3278.308;2941.657;2070.208;3594.939;-3.747;3602.859;2245.417;995.306;3296.349;2448.488;3592.955;0.127;1903.802;1676.429;2365.474;782.422;19.416;1696.446;823.950;3433.458;1576.677;1533.758;2611.276;1735.573;3591.477;2857.633;1952.796;816.912;2285.652;2803.600;2948.410;3586.408;483.833;1400.960;1433.407;1295.704;1245.221;1866.360;2074.476;1082.737;197.564;1119.743;-1.400;1056.256;2535.013;2273.048;3600.383;1959.109;1844.480;2167.912;2851.241;2082.069;2131.679;2510.718;1146.473;2991.438;2111.810;1085.856;544.157;8.810
155,282.85511541366577,154,-559.3475210568399,559.3475210568399,0.33917003990651207,395.769;3596.017;1125.275;3119.572;1676.741;2648.760;2654.862;2055.330;1547.949;56.389;160.574;2893.005;1595.540;861.547;3101.208;1292.261;1157.729;1251.089;2463.156;1824.621;1895.760;666.369;933.340;874.962;1146.327;455.921;397.382;3597.087;3595.650;101.143;558.759;620.432;2561.393;2798.524;3.261;2008.490;26.843;2051.051;2495.476;3605.124;791.218;3177.006;3215.348;3574.715;62.364;1577.014;3605.604;1512.273;3313.274;1978.628;2603.123;2101.416;10.168;59.507;362.134;872.283;3598.059;2657.591;3209.869;2109.683;2230.882;3541.866;3600.553;3496.653;3110.158;288.804;1031.010;11.352;2040.144;2756.598;32.015;4.818;1265.797;756.724;2812.632;1343.952;2473.337;1946.880;2103.369;3595.204;3534.882;338.667;2992.400;957.037;0.462;883.394;2034.473;3557.793;1485.485;-1.650;3593.499;516.796;1390.532;3080.382;1977.100;1694.019;2763.436;-5.831;2110.177;1528.983,3588.183;3171.897;-4.244;458.377;1515.987;2364.315;925.665;962.685;3287.253;3409.295;1410.301;3359.591;644.863;222.604;1614.754;2541.910;3078.747;3600.808;2692.611;2774.665;2626.441;2690.105;2846.214;3599.088;1593.472;287.401;624.287;747.900;1272.729;3188.762;36.475;1654.821;3111.498;598.466;161.951;185.398;455.718;3193.403;252.096;508.250;3288.084;2947.606;2060.641;3604.175;-11.753;3597.572;2236.623;987.978;3286.475;2456.106;3592.196;-9.762;1902.855;1670.217;2355.491;789.055;11.070;1706.315;815.832;3438.059;1586.676;1524.421;2619.294;1732.099;3601.451;2866.813;1962.306;826.356;2284.692;2802.501;2938.880;3578.371;476.872;1397.582;1427.563;1285.622;1247.672;1857.934;2083.146;1075.985;204.677;1129.629;-10.809;1052.174;2544.782;2263.066;3609.888;1968.872;1835.277;2177.254;2843.745;2077.870;2141.837;2520.662;1153.078;3000.507;2106.289;1076.200;534.011;17.001
156,284.5530250072479,155,-559.5125520850893,559.5125520850893,0.25405061621569786,397.827;3603.400;1121.683;3123.046;1685.350;2641.500;2647.128;2061.471;1539.621;50.820;151.841;2888.973;1604.069;865.319;3111.316;1285.892;1166.817;1256.410;2467.126;1818.651;1901.252;665.293;940.766;869.646;1154.904;449.219;404.893;3604.381;3591.155;91.195;562.571;630.236;2556.372;2791.114;6.545;2000.646;17.306;2060.601;2499.561;3596.696;781.697;3169.695;3224.890;3575.223;59.272;1567.175;3596.283;1521.031;3303.700;1988.631;2611.138;2110.155;14.030;50.061;355.885;866.905;3597.709;2650.061;3209.155;2118.761;2230.944;3550.062;3593.204;3493.685;3113.234;298.386;1025.763;3.783;2030.285;2750.401;22.872;6.054;1260.637;766.365;2820.489;1352.080;2463.646;1946.196;2113.054;3596.409;3544.278;337.930;2998.667;951.629;-9.197;873.457;2025.799;3566.484;1476.116;6.774;3603.566;523.193;1384.039;3071.652;1968.395;1686.737;2773.445;3.124;2101.989;1529.564,3596.795;3181.566;2.773;461.277;1508.918;2372.681;934.711;966.481;3278.157;3418.073;1420.229;3368.486;636.451;225.227;1611.273;2546.586;3080.394;3610.896;2683.243;2779.381;2616.972;2693.221;2844.826;3608.301;1583.752;297.405;615.286;740.909;1272.865;3181.220;43.104;1660.859;3101.571;604.614;164.438;178.692;446.213;3189.013;243.199;504.598;3290.827;2954.999;2051.099;3596.723;-2.114;3594.446;2245.354;988.563;3276.416;2465.278;3601.749;-0.191;1893.844;1660.237;2362.431;797.320;1.858;1708.792;821.957;3447.850;1592.337;1529.761;2610.047;1722.766;3596.033;2876.799;1971.908;823.766;2294.377;2811.828;2928.777;3585.304;472.807;1392.913;1417.594;1275.488;1257.560;1850.722;2088.821;1069.728;200.643;1138.577;-1.611;1061.462;2547.337;2257.824;3600.320;1978.780;1833.447;2171.409;2839.871;2078.825;2147.544;2527.400;1145.813;3000.904;2115.186;1080.494;527.878;21.745
157,286.39459013938904,156,-559.6351444855813,559.6351444855813,0.2753667889463809,407.594;3607.573;1111.875;3131.239;1679.202;2650.793;2637.525;2061.608;1548.266;41.461;141.835;2879.646;1613.754;875.177;3120.979;1276.018;1158.678;1247.115;2476.672;1809.534;1911.138;657.973;950.715;861.516;1164.574;443.758;414.193;3595.669;3592.063;81.136;553.244;640.296;2546.487;2781.155;2.530;2007.752;9.975;2070.600;2500.684;3594.824;788.996;3159.800;3215.417;3567.371;67.171;1574.968;3599.570;1522.348;3297.179;1987.716;2620.385;2104.958;5.704;46.466;364.184;874.549;3602.619;2647.767;3206.225;2112.184;2221.757;3555.813;3599.715;3503.386;3122.279;298.752;1015.912;-5.514;2028.447;2759.428;28.068;1.689;1251.037;760.142;2830.033;1362.044;2453.968;1954.888;2113.724;3604.752;3551.090;328.522;3007.933;941.830;0.315;882.305;2027.959;3564.098;1466.146;0.663;3595.328;514.397;1392.080;3066.412;1975.029;1677.828;2769.254;3.612;2110.887;1520.212,3591.201;3173.545;-6.174;470.962;1511.900;2363.911;941.496;968.686;3268.259;3428.053;1430.266;3359.661;626.454;234.739;1610.870;2555.740;3090.216;3601.261;2682.312;2770.521;2622.840;2702.728;2835.309;3598.698;1573.710;302.807;605.406;735.235;1267.619;3189.927;52.955;1651.241;3095.739;614.325;155.067;173.419;454.688;3179.144;233.349;495.320;3281.839;2964.927;2053.539;3604.676;-3.403;3602.716;2235.884;978.951;3276.503;2461.112;3610.893;5.157;1887.150;1657.447;2353.304;797.736;2.809;1712.589;813.564;3457.779;1583.673;1539.012;2601.642;1713.527;3605.025;2886.646;1981.892;832.641;2303.269;2803.001;2919.450;3577.059;478.674;1400.782;1407.538;1265.560;1267.607;1842.710;2098.655;1061.687;191.072;1148.450;0.934;1071.478;2556.220;2247.946;3602.813;1988.713;1837.165;2178.149;2831.105;2088.329;2151.895;2534.183;1153.674;3010.373;2119.168;1073.749;524.323;21.302
158,288.2678666114807,157,-559.5234036771215,559.5234036771215,0.24122202458406594,411.924;3598.323;1107.596;3141.145;1686.952;2659.750;2644.291;2058.910;1542.241;51.132;133.907;2883.494;1607.501;875.980;3130.924;1281.611;1150.131;1251.189;2483.883;1816.568;1905.888;661.356;956.819;866.949;1164.601;453.255;405.491;3598.993;3601.140;77.667;543.393;649.411;2537.731;2771.200;11.032;2011.072;0.226;2066.067;2509.647;3598.103;783.733;3156.631;3208.976;3557.531;58.085;1584.677;3605.510;1512.855;3287.338;1986.951;2630.118;2098.193;-4.228;54.387;358.436;870.477;3593.551;2639.015;3204.161;2118.006;2213.448;3547.048;3606.886;3508.457;3114.273;304.561;1006.071;3.960;2030.028;2767.203;19.761;-8.082;1255.169;768.805;2821.451;1354.480;2462.395;1955.913;2111.584;3595.507;3545.232;322.858;3013.967;942.407;2.648;878.982;2037.107;3572.370;1457.550;-2.247;3602.431;512.551;1401.769;3071.594;1982.664;1669.367;2762.457;-3.980;2118.202;1528.652,3599.899;3182.517;2.823;480.947;1502.559;2373.003;942.091;978.319;3259.722;3418.312;1432.148;3351.058;625.254;228.079;1601.137;2546.350;3084.352;3595.841;2691.981;2762.342;2613.872;2706.688;2841.886;3600.971;1567.130;312.638;595.454;727.429;1257.856;3182.175;62.934;1658.947;3094.304;605.289;145.340;163.900;445.949;3183.953;240.364;496.402;3291.136;2959.862;2056.357;3595.570;-7.008;3594.260;2229.976;985.873;3266.868;2468.882;3601.572;0.105;1877.305;1657.510;2343.713;788.832;-6.866;1722.351;820.198;3457.359;1591.018;1530.718;2610.113;1719.254;3599.291;2894.829;1974.035;842.591;2307.256;2806.675;2920.204;3586.815;469.281;1392.063;1414.542;1258.661;1264.464;1832.789;2100.636;1061.689;181.135;1158.399;-2.138;1076.592;2566.132;2253.527;3594.825;1984.469;1846.881;2187.610;2840.183;2097.661;2161.573;2527.633;1145.885;3003.693;2109.543;1063.921;516.830;21.650
159,290.16095066070557,158,-559.7660257229425,559.7660257229425,0.3953508819393891,402.738;3604.796;1097.975;3134.072;1696.801;2668.926;2653.843;2051.607;1532.482;52.802;138.225;2875.895;1606.406;885.005;3125.577;1291.270;1142.658;1260.814;2475.202;1826.385;1914.909;654.298;950.885;875.733;1155.059;461.022;396.057;3597.525;3598.325;86.754;551.425;641.567;2529.691;2773.288;1.373;2002.348;-8.631;2057.677;2519.546;3607.695;787.277;3157.659;3217.161;3561.558;67.749;1575.869;3596.070;1502.936;3294.667;1977.311;2640.047;2089.438;3.953;60.769;351.049;861.702;3601.427;2629.145;3194.540;2127.715;2222.260;3556.325;3597.440;3499.814;3108.816;296.629;1013.007;8.108;2034.532;2767.882;10.264;-7.179;1264.846;760.152;2812.859;1345.809;2471.426;1964.793;2104.093;3600.936;3536.170;315.217;3004.544;947.162;1.316;869.565;2027.425;3582.235;1467.081;-4.641;3593.796;503.267;1394.110;3062.897;1973.402;1659.981;2759.294;4.764;2128.027;1526.310,3609.746;3190.470;-4.355;472.333;1494.599;2379.720;932.408;970.479;3257.937;3415.795;1441.183;3341.241;634.211;237.615;1605.424;2546.000;3075.538;3597.605;2684.306;2771.566;2622.030;2697.119;2846.056;3600.278;1576.458;305.224;587.467;736.990;1267.405;3188.906;66.566;1653.604;3103.972;613.397;155.022;154.115;438.835;3179.791;249.438;494.543;3297.874;2966.604;2046.763;3600.655;-16.711;3588.446;2239.169;995.135;3272.639;2460.374;3598.280;-9.390;1867.816;1667.151;2350.296;778.976;2.402;1713.584;829.135;3447.661;1586.312;1539.215;2619.937;1711.189;3607.384;2904.693;1970.672;845.031;2297.695;2797.878;2914.255;3589.183;459.526;1382.318;1419.574;1267.855;1254.750;1840.011;2091.024;1052.059;187.834;1151.270;5.951;1067.534;2560.333;2263.161;3604.497;1992.530;1856.401;2178.353;2849.804;2090.104;2171.505;2530.159;1155.296;2994.073;2107.569;1069.714;526.336;31.068
160,291.8826205730438,159,-559.6474954089866,559.6474954089866,0.3511076741442091,403.250;3596.124;1094.600;3142.706;1700.648;2674.365;2662.727;2055.344;1527.509;48.731;128.790;2875.656;1609.820;894.787;3133.579;1300.816;1132.896;1267.473;2467.993;1816.952;1924.738;644.972;958.356;866.504;1162.293;467.276;401.324;3607.093;3588.688;78.690;543.408;649.450;2537.563;2766.941;0.479;2011.015;0.709;2066.869;2515.946;3598.526;796.651;3148.058;3221.773;3571.132;68.783;1566.858;3593.042;1504.196;3301.314;1976.580;2649.161;2084.274;12.936;57.782;343.712;870.461;3594.321;2620.488;3184.675;2128.166;2231.404;3561.637;3604.575;3508.702;3099.136;305.272;1005.198;16.597;2027.868;2758.289;13.327;-0.729;1260.435;758.729;2810.819;1337.104;2465.551;1955.476;2111.060;3606.903;3545.612;305.440;2998.769;937.962;8.888;869.758;2026.097;3581.739;1466.160;4.960;3599.291;495.161;1400.909;3072.381;1965.112;1669.007;2749.843;-0.456;2122.774;1535.605,3600.540;3200.242;-0.024;471.091;1500.111;2389.248;924.534;967.332;3248.379;3414.966;1451.025;3336.501;627.190;240.023;1613.744;2554.821;3066.586;3605.866;2687.160;2764.162;2626.562;2692.426;2836.777;3609.517;1576.609;307.255;577.688;746.298;1272.238;3197.188;73.312;1643.984;3112.923;611.791;157.364;148.431;443.595;3170.379;259.174;504.127;3307.503;2959.687;2049.973;3596.261;-17.041;3579.118;2239.804;1003.637;3265.466;2467.185;3606.174;-0.666;1874.625;1672.380;2342.104;769.166;-2.394;1704.741;820.825;3445.115;1587.710;1536.193;2625.094;1701.431;3598.120;2908.251;1976.292;850.868;2294.473;2788.051;2907.619;3590.418;466.345;1377.142;1411.301;1269.702;1254.509;1832.230;2083.927;1042.729;179.104;1158.035;1.783;1074.762;2567.763;2264.605;3606.553;2002.172;1866.111;2174.137;2859.597;2080.440;2174.577;2539.624;1151.480;3002.670;2115.976;1062.953;536.165;24.410
161,293.7383596897125,160,-559.6271458025585,559.6271458025585,0.4452876592071977,412.136;3604.785;1104.103;3134.856;1692.731;2681.045;2667.177;2045.804;1519.071;47.296;131.437;2885.130;1600.336;888.309;3127.375;1310.011;1141.764;1263.285;2458.297;1812.759;1920.656;641.379;949.068;869.525;1167.687;476.453;396.823;3606.015;3592.211;87.088;545.941;657.923;2540.161;2775.952;-4.487;2020.778;-2.411;2072.657;2506.381;3589.860;796.266;3144.025;3212.824;3561.925;69.718;1574.337;3601.947;1511.121;3308.870;1977.833;2643.944;2074.660;4.013;67.322;343.238;865.892;3600.632;2613.120;3191.847;2128.964;2241.187;3552.372;3596.831;3503.871;3102.040;313.793;999.594;26.313;2036.903;2765.317;22.818;-7.502;1253.763;753.688;2802.305;1327.456;2474.838;1945.813;2120.376;3616.519;3537.453;295.633;2993.841;929.722;16.447;873.122;2025.932;3572.201;1475.564;-3.014;3608.332;485.574;1391.487;3071.051;1973.836;1662.650;2740.043;-10.072;2125.073;1527.724,3599.886;3196.361;-8.965;466.395;1490.802;2381.662;922.703;958.213;3257.262;3415.645;1460.457;3337.334;635.023;232.617;1611.415;2549.392;3056.841;3597.243;2679.936;2770.808;2636.110;2683.423;2843.987;3600.270;1582.550;315.987;581.043;740.738;1280.473;3203.392;63.958;1652.868;3119.447;609.706;158.438;157.759;445.311;3167.172;250.719;512.200;3308.076;2968.155;2046.550;3605.446;-12.724;3580.576;2235.714;994.306;3260.849;2458.196;3597.001;-5.357;1867.545;1662.988;2348.583;766.699;4.869;1703.448;811.488;3444.762;1595.653;1526.715;2616.057;1704.638;3603.061;2917.846;1971.005;842.931;2289.704;2790.580;2897.974;3589.610;461.900;1375.757;1420.067;1262.359;1245.990;1840.031;2074.377;1039.797;178.891;1166.935;-7.795;1072.428;2577.189;2272.665;3605.665;1994.784;1865.049;2176.105;2860.681;2077.544;2174.521;2549.060;1159.411;2995.183;2125.692;1053.415;543.870;33.515
162,295.6218605041504,161,-559.2849000905268,559.2849000905268,0.3071886720990705,411.118;3601.349;1112.904;3126.779;1683.147;2672.146;2675.612;2037.885;1527.884;38.432;132.433;2894.454;1595.102;878.906;3132.008;1302.783;1136.408;1272.105;2457.615;1808.076;1920.224;632.348;949.132;860.473;1177.213;484.209;387.809;3596.730;3601.147;90.721;538.435;667.528;2531.012;2775.942;3.051;2023.589;-2.985;2081.903;2499.613;3582.539;805.763;3138.174;3203.221;3563.863;63.155;1566.002;3609.791;1504.129;3300.287;1968.399;2634.612;2072.433;1.720;70.845;352.741;875.200;3608.291;2621.584;3199.549;2127.092;2248.406;3542.712;3603.189;3511.976;3111.465;321.387;990.083;35.406;2046.608;2765.985;26.704;0.303;1244.387;762.311;2801.651;1326.736;2482.395;1950.904;2113.344;3607.365;3538.370;285.988;3001.709;920.063;26.082;882.315;2026.795;3563.017;1482.850;-12.119;3599.187;475.852;1391.920;3079.682;1982.765;1669.875;2730.346;-2.700;2116.681;1529.406,3601.221;3204.719;-0.159;457.153;1493.041;2378.047;913.387;948.489;3251.817;3415.455;1457.448;3332.373;634.229;229.363;1601.990;2540.910;3065.437;3601.717;2672.806;2774.562;2641.046;2691.077;2835.756;3602.097;1573.710;314.498;590.265;744.896;1288.958;3212.780;69.850;1651.533;3118.431;618.876;158.380;152.477;435.868;3175.649;251.649;506.165;3300.172;2963.808;2055.445;3596.894;-7.186;3571.168;2237.035;988.938;3251.516;2448.496;3596.504;2.567;1873.751;1663.497;2341.992;759.630;-1.934;1711.872;802.098;3445.461;1592.746;1529.124;2612.508;1704.622;3601.331;2923.373;1980.105;833.358;2298.868;2799.007;2902.181;3593.753;469.622;1367.273;1427.977;1268.654;1250.639;1830.942;2078.454;1030.854;187.651;1175.615;1.079;1081.287;2569.108;2266.185;3603.139;1995.069;1874.341;2184.048;2869.464;2085.049;2182.766;2541.610;1161.006;2990.578;2129.027;1044.747;551.514;43.209
163,297.5269842147827,162,-559.4650458560952,559.4650458560952,0.23206621465329022,419.886;3603.431;1119.873;3128.912;1679.009;2662.506;2666.447;2045.562;1533.380;45.200;139.820;2891.819;1603.591;882.878;3123.808;1293.952;1131.751;1264.289;2449.512;1807.770;1912.131;632.855;956.508;850.882;1178.884;474.928;395.564;3604.810;3600.369;98.874;547.485;659.062;2521.692;2784.837;3.455;2014.154;-0.712;2091.177;2505.301;3573.873;809.069;3129.145;3208.739;3554.851;67.747;1558.255;3600.508;1494.578;3304.187;1974.071;2638.046;2081.874;5.805;78.078;349.071;873.925;3599.063;2631.096;3192.008;2121.383;2240.752;3545.220;3594.989;3502.967;3120.892;330.957;996.317;44.136;2043.750;2768.648;36.161;-7.530;1234.715;765.082;2792.259;1335.890;2490.332;1951.770;2120.779;3603.217;3529.263;279.468;3011.273;918.531;35.386;875.748;2025.636;3570.870;1492.181;-3.408;3599.410;482.020;1393.893;3075.081;1974.436;1676.796;2733.295;-8.732;2120.123;1538.372,3599.129;3214.123;4.786;462.278;1494.248;2368.574;904.051;939.803;3253.564;3414.285;1465.352;3322.917;633.519;238.217;1592.782;2542.617;3060.698;3592.910;2663.240;2783.602;2631.904;2682.320;2843.460;3602.988;1568.099;306.703;592.579;753.234;1298.583;3222.453;63.050;1653.890;3109.125;624.237;155.407;161.919;426.561;3166.854;242.329;496.637;3290.720;2972.359;2047.189;3597.910;-0.274;3579.214;2246.484;979.771;3243.501;2452.640;3602.560;-6.865;1864.984;1672.074;2339.799;767.736;2.368;1713.641;811.150;3449.713;1583.289;1521.798;2603.059;1713.894;3603.236;2917.073;1983.473;825.391;2290.318;2808.614;2911.526;3601.482;471.074;1372.586;1437.372;1273.967;1244.335;1835.569;2087.891;1021.541;193.457;1184.110;-2.429;1080.188;2571.344;2256.685;3598.654;2003.874;1883.169;2175.175;2879.069;2079.023;2192.060;2548.591;1170.392;2997.172;2137.771;1035.107;561.090;37.003
164,299.23379349708557,163,-559.4138579623917,559.4138579623917,0.2551240130131597,412.209;3594.217;1114.266;3138.052;1687.137;2654.975;2673.475;2043.230;1542.708;37.516;149.338;2884.306;1612.882;892.296;3131.015;1284.998;1122.314;1254.926;2448.538;1816.716;1903.313;623.476;966.007;857.765;1169.838;476.378;386.768;3597.192;3591.031;105.106;552.411;650.593;2512.204;2775.754;-2.838;2010.865;-9.303;2085.339;2514.751;3578.083;815.216;3138.171;3213.224;3549.853;76.874;1549.206;3601.101;1485.008;3298.531;1974.366;2647.378;2085.440;14.800;69.870;358.005;864.875;3604.148;2628.245;3200.995;2127.879;2247.515;3553.677;3602.809;3494.902;3114.243;332.506;1002.974;45.593;2045.922;2763.126;28.316;-0.718;1225.993;755.832;2782.821;1344.443;2484.919;1949.401;2112.342;3597.401;3528.633;270.453;3004.386;916.932;44.812;885.078;2021.447;3578.922;1501.729;-2.972;3593.621;487.973;1402.192;3077.853;1976.316;1667.953;2741.533;-0.214;2129.540;1547.574,3604.288;3218.418;-1.205;453.326;1485.156;2374.208;910.740;930.713;3244.630;3419.883;1461.710;3314.258;624.256;230.615;1593.367;2551.910;3066.440;3598.935;2665.344;2777.110;2632.342;2688.562;2835.512;3595.720;1558.795;297.159;596.929;762.602;1295.921;3215.234;56.300;1662.834;3112.219;633.548;157.567;163.797;434.387;3158.350;241.932;499.257;3281.176;2968.909;2054.059;3605.816;-4.305;3587.811;2249.375;981.366;3244.850;2459.509;3594.077;-8.245;1872.854;1675.435;2330.782;762.835;-6.248;1705.894;811.469;3452.117;1586.081;1517.305;2596.060;1708.987;3596.089;2925.938;1990.090;819.863;2294.516;2814.417;2904.693;3598.102;479.553;1365.513;1446.834;1264.727;1251.891;1827.637;2086.748;1029.852;185.926;1176.177;5.407;1089.085;2566.353;2247.419;3604.380;1995.688;1885.870;2183.435;2882.256;2075.049;2201.155;2539.731;1165.562;3006.008;2132.097;1040.673;553.282;46.027
165,301.1047432422638,164,-559.434350926653,559.434350926653,0.36445556886334085,419.277;3600.199;1105.183;3147.004;1679.082;2645.504;2682.327;2036.215;1552.098;38.053;148.122;2891.093;1622.187;901.718;3140.408;1276.868;1122.129;1257.767;2457.766;1825.596;1893.786;620.848;961.733;851.913;1177.909;471.260;393.264;3588.223;3598.211;114.504;557.061;655.254;2510.717;2776.279;5.875;2010.779;-0.107;2094.233;2524.227;3587.373;824.636;3131.580;3204.465;3557.408;72.819;1546.557;3593.998;1476.874;3304.561;1983.294;2656.928;2085.095;6.281;60.474;367.505;858.235;3597.698;2637.392;3193.265;2118.910;2256.934;3548.046;3594.969;3496.545;3106.736;323.312;994.000;39.181;2036.935;2753.764;19.547;-6.713;1231.498;764.599;2773.312;1353.831;2475.529;1940.089;2104.154;3599.417;3537.214;266.942;2995.196;907.641;35.846;893.180;2030.601;3588.398;1509.929;1.669;3589.194;497.197;1394.197;3087.197;1970.246;1675.382;2751.032;-6.341;2137.512;1539.867,3595.010;3213.087;-10.375;443.809;1493.290;2367.310;920.108;921.186;3236.058;3429.253;1470.903;3322.387;617.885;221.341;1584.148;2561.459;3075.850;3608.354;2673.868;2786.235;2623.051;2697.918;2826.102;3598.603;1564.654;305.978;587.695;771.737;1295.733;3223.851;64.527;1670.955;3119.475;643.016;166.645;164.435;434.241;3166.147;251.084;507.046;3272.292;2959.554;2063.428;3597.168;-12.413;3581.070;2240.936;981.050;3253.857;2468.934;3601.920;-7.585;1880.463;1671.767;2339.247;753.822;2.716;1713.748;803.751;3443.057;1595.178;1508.112;2601.895;1699.930;3596.549;2921.271;1981.043;810.586;2288.220;2805.256;2895.822;3591.596;488.978;1374.625;1456.383;1255.184;1243.240;1818.221;2086.796;1022.742;178.813;1166.852;-2.233;1085.992;2556.990;2237.890;3613.702;1986.665;1893.630;2192.264;2889.520;2083.909;2192.543;2530.341;1156.297;3011.049;2140.924;1049.893;543.800;54.413
166,302.99705696105957,165,-559.4062292318738,559.4062292318738,0.2489450204864045,428.091;3603.257;1100.579;3138.294;1673.006;2637.284;2677.966;2026.980;1558.468;41.143;139.199;2882.298;1631.341;902.384;3131.898;1285.700;1128.639;1266.955;2449.559;1832.132;1892.130;611.871;962.229;850.280;1174.190;479.433;398.822;3580.134;3593.787;123.540;549.902;657.175;2519.846;2782.245;13.436;2015.311;-4.306;2101.752;2518.577;3596.816;825.687;3139.029;3207.620;3560.459;64.464;1537.480;3594.034;1477.588;3313.379;1974.785;2659.884;2082.022;8.767;67.026;368.604;850.494;3605.009;2646.541;3200.020;2116.540;2256.514;3553.878;3602.095;3504.853;3108.777;317.996;1001.165;30.717;2045.679;2745.822;11.571;0.689;1236.870;761.866;2778.983;1361.700;2469.576;1933.726;2094.762;3608.036;3543.825;258.135;2986.184;908.013;33.852;888.908;2033.913;3595.900;1502.365;-7.194;3584.306;500.969;1384.767;3085.737;1978.676;1682.262;2756.242;2.269;2135.293;1530.497,3597.186;3217.967;-1.821;435.997;1488.600;2375.959;913.143;913.445;3240.319;3422.553;1468.006;3331.757;609.383;228.459;1584.101;2558.883;3084.787;3603.147;2674.879;2785.579;2622.940;2694.599;2817.389;3607.358;1574.007;299.961;595.272;763.658;1286.638;3231.565;73.681;1662.043;3110.373;651.353;173.776;163.790;431.159;3166.901;260.108;515.094;3280.435;2955.436;2059.657;3592.285;-3.627;3571.696;2247.250;990.294;3263.329;2460.802;3597.945;-5.370;1879.200;1680.964;2332.762;744.357;0.128;1704.640;811.245;3445.299;1599.780;1515.731;2611.234;1690.478;3587.400;2929.315;1971.914;819.040;2297.238;2801.595;2886.462;3599.654;492.084;1366.751;1459.916;1258.555;1249.713;1822.341;2077.545;1030.338;169.418;1175.309;5.627;1076.825;2554.231;2245.833;3605.353;1994.835;1903.051;2192.491;2880.986;2093.317;2189.718;2521.133;1147.600;3002.682;2143.533;1050.433;536.600;63.857
167,304.6984634399414,166,-559.4926175927885,559.4926175927885,0.15598496795251335,428.774;3594.287;1091.579;3144.960;1663.807;2627.906;2668.762;2017.557;1549.482;50.070;130.394;2888.715;1638.852;897.041;3124.822;1277.710;1120.364;1275.503;2440.326;1823.055;1901.008;602.499;970.447;841.288;1172.210;479.005;392.316;3588.715;3596.001;132.785;542.246;650.703;2528.428;2790.938;7.546;2008.667;4.383;2107.515;2509.964;3589.653;820.624;3133.460;3216.612;3569.680;55.445;1546.428;3602.612;1486.586;3320.729;1978.317;2668.512;2088.700;10.331;58.415;362.980;859.294;3597.192;2638.944;3195.050;2123.704;2248.551;3548.431;3593.477;3514.235;3117.935;326.320;997.872;21.333;2045.993;2741.046;19.436;-7.145;1246.142;753.292;2786.483;1352.979;2467.583;1942.301;2100.481;3598.965;3537.747;249.641;2977.843;916.553;24.724;880.692;2025.518;3597.197;1509.282;1.425;3593.403;510.186;1385.410;3082.303;1988.064;1691.574;2765.512;8.164;2143.764;1521.372,3602.487;3208.980;3.371;432.905;1480.392;2381.852;916.602;915.836;3232.800;3425.286;1459.942;3341.015;599.999;221.518;1575.318;2550.860;3093.747;3596.129;2683.304;2778.581;2631.264;2693.725;2811.946;3598.269;1580.879;298.073;604.133;768.397;1277.279;3227.757;64.857;1659.700;3118.448;651.895;183.088;166.347;440.239;3159.119;256.210;506.897;3274.841;2946.277;2056.369;3599.960;-1.672;3577.801;2256.487;999.392;3272.747;2452.332;3591.236;-1.168;1885.325;1679.589;2327.124;735.836;-7.392;1707.693;803.014;3437.929;1607.944;1506.737;2605.975;1697.244;3595.938;2936.358;1962.576;810.375;2301.437;2804.217;2890.784;3592.177;499.192;1358.479;1466.689;1253.924;1249.808;1813.792;2071.036;1039.142;169.884;1184.182;10.282;1075.178;2562.114;2237.645;3598.964;1986.872;1912.478;2201.600;2871.603;2102.740;2198.466;2511.736;1149.425;2994.370;2152.631;1057.915;530.843;59.133
168,306.55413913726807,167,-559.5449395301172,559.5449395301172,0.22272942676130114,419.684;3600.980;1098.060;3136.555;1672.480;2627.733;2668.656;2025.274;1542.688;56.192;121.090;2897.895;1630.684;898.622;3116.427;1283.983;1128.355;1280.524;2437.924;1818.565;1908.190;598.143;979.764;849.003;1163.267;488.089;383.066;3588.056;3587.110;142.149;535.068;641.718;2530.227;2799.915;1.346;2004.311;1.529;2098.778;2518.127;3597.217;811.427;3124.510;3225.960;3563.964;46.276;1546.479;3596.520;1486.193;3329.903;1980.628;2673.563;2090.281;19.298;62.819;354.930;852.388;3604.885;2631.868;3202.980;2131.609;2256.093;3557.240;3590.911;3519.544;3109.483;319.085;1001.839;14.241;2041.828;2734.389;13.480;0.229;1248.187;759.135;2795.607;1343.858;2462.521;1933.407;2109.639;3600.004;3528.579;258.502;2974.772;925.747;27.920;871.833;2027.932;3589.796;1511.766;-2.626;3601.862;503.688;1381.516;3073.270;1983.118;1688.843;2772.925;5.774;2137.150;1515.710,3610.226;3215.204;-1.798;437.081;1471.082;2389.307;921.953;915.567;3223.511;3416.325;1466.475;3333.377;591.725;230.054;1575.689;2541.553;3101.985;3593.654;2675.889;2775.283;2626.575;2699.941;2802.920;3599.943;1587.902;290.253;612.233;773.607;1268.764;3235.910;55.791;1668.133;3125.914;656.587;189.211;163.276;433.282;3167.756;259.225;498.449;3272.868;2949.306;2047.255;3608.933;4.766;3585.544;2260.145;1007.775;3265.381;2457.471;3593.623;4.122;1876.262;1680.769;2335.694;737.322;1.448;1703.698;793.787;3442.976;1617.215;1504.832;2607.604;1690.928;3605.264;2945.094;1962.398;817.728;2297.445;2813.101;2892.960;3598.873;506.819;1350.622;1459.897;1262.546;1247.656;1815.702;2066.770;1045.226;161.484;1182.996;3.724;1066.042;2553.365;2241.592;3594.926;1987.781;1914.104;2209.296;2865.286;2111.465;2190.587;2518.088;1141.458;2999.146;2148.242;1049.132;529.865;52.135
169,308.455650806427,168,-559.5818349553838,559.5818349553838,0.32192700754902537,417.899;3609.769;1107.161;3128.786;1665.998;2635.016;2677.138;2034.504;1550.757;65.315;129.673;2889.725;1632.963;907.630;3107.165;1288.513;1124.271;1289.635;2442.733;1818.669;1904.523;606.270;988.502;858.199;1155.879;479.781;375.550;3595.337;3594.913;145.868;544.107;632.472;2538.751;2792.266;-7.822;2012.889;-6.342;2095.519;2516.513;3605.114;803.111;3127.396;3218.683;3557.794;54.900;1553.385;3603.834;1477.511;3329.240;1971.674;2677.090;2081.532;10.569;71.310;360.966;850.847;3596.364;2640.466;3211.874;2124.285;2250.092;3566.160;3586.559;3510.720;3117.084;310.500;993.389;17.813;2036.959;2725.195;4.312;-7.022;1239.890;750.438;2789.879;1350.849;2469.826;1931.727;2118.920;3607.753;3535.322;255.873;2965.849;924.756;31.430;877.421;2035.460;3597.687;1502.948;-9.804;3606.918;494.515;1390.233;3067.944;1974.170;1697.058;2766.449;-2.721;2145.445;1506.562,3601.247;3210.018;5.961;431.485;1469.213;2398.532;913.784;906.525;3215.661;3422.498;1471.286;3324.936;582.495;238.703;1566.733;2533.228;3109.136;3585.267;2666.678;2784.251;2632.045;2708.056;2794.014;3600.798;1597.078;281.024;621.472;782.754;1264.363;3243.449;46.791;1677.391;3134.264;648.803;198.115;169.924;425.611;3176.728;258.826;491.931;3263.949;2958.035;2037.957;3600.379;2.675;3594.731;2257.498;1017.037;3272.802;2449.547;3584.687;-3.231;1873.096;1671.752;2344.932;728.771;0.142;1712.318;784.727;3436.775;1625.306;1508.386;2612.991;1682.085;3596.974;2936.883;1953.386;824.776;2288.395;2821.798;2902.019;3590.994;516.046;1354.837;1450.705;1270.069;1238.642;1806.709;2057.663;1054.386;155.778;1191.739;7.368;1056.784;2561.182;2235.007;3603.479;1996.400;1923.166;2212.421;2856.287;2105.297;2198.430;2517.660;1132.276;2990.103;2156.665;1039.886;521.527;55.249
170,310.1575198173523,169,-559.5530629453133,559.5530629453133,0.1756044234797697,426.700;3601.180;1116.395;3120.180;1658.369;2644.105;2673.423;2029.199;1545.273;73.041;123.130;2893.334;1635.886;899.045;3108.633;1297.366;1120.686;1280.890;2434.062;1809.674;1913.499;613.889;997.721;865.087;1164.157;482.953;384.124;3602.478;3603.899;136.983;540.023;636.070;2544.920;2799.157;0.333;2022.100;2.032;2086.709;2525.109;3596.887;801.571;3118.723;3209.728;3565.155;48.331;1562.419;3595.350;1479.315;3328.619;1974.579;2668.128;2072.383;15.649;67.236;356.970;859.575;3587.609;2636.393;3204.401;2124.531;2242.994;3559.876;3593.724;3518.083;3125.273;303.087;984.486;9.092;2027.897;2733.625;8.585;1.150;1230.766;749.838;2797.391;1358.270;2478.928;1933.723;2126.339;3599.158;3544.442;258.416;2973.740;919.609;29.001;870.679;2044.572;3589.375;1494.770;-1.072;3597.976;490.385;1382.533;3076.589;1981.642;1689.293;2757.522;5.881;2136.801;1511.357,3596.442;3218.419;15.083;440.195;1460.496;2403.671;904.609;899.558;3224.199;3431.523;1480.337;3332.228;574.409;231.154;1560.937;2537.837;3100.540;3594.120;2658.050;2775.546;2641.095;2701.763;2797.485;3598.710;1590.210;287.262;614.833;776.333;1272.847;3235.739;40.231;1672.995;3138.773;639.958;205.746;178.348;421.489;3174.659;250.050;483.207;3272.311;2966.179;2034.393;3599.521;-5.918;3588.449;2248.470;1009.126;3265.269;2457.786;3592.575;-4.367;1879.658;1678.392;2352.413;737.417;-8.647;1721.531;792.594;3427.659;1617.352;1499.771;2622.078;1690.780;3598.097;2927.828;1960.895;817.713;2279.165;2813.352;2909.900;3599.220;510.773;1363.832;1441.474;1277.341;1246.804;1812.574;2055.815;1046.746;164.761;1183.643;-1.560;1056.879;2554.867;2243.433;3600.731;2005.592;1918.627;2203.569;2861.543;2096.205;2191.065;2526.433;1140.514;2994.095;2149.442;1045.719;527.353;46.331
171,312.0113708972931,170,-559.808695665572,559.808695665572,0.27711111527867976,422.994;3605.541;1107.889;3111.029;1651.584;2637.525;2680.823;2037.618;1551.596;64.866;131.309;2885.811;1644.860;899.165;3099.761;1295.337;1111.924;1277.090;2426.336;1807.093;1912.775;622.607;1006.903;874.145;1157.494;474.639;381.022;3610.737;3596.304;138.427;548.109;629.430;2553.902;2790.636;-0.774;2015.198;-5.702;2077.596;2517.634;3604.522;792.699;3109.571;3218.221;3556.875;56.103;1566.059;3587.040;1487.509;3326.460;1968.742;2675.613;2080.526;9.906;58.321;365.387;851.295;3595.325;2627.874;3212.454;2133.394;2245.458;3568.293;3602.769;3509.780;3133.688;293.992;975.332;17.403;2034.569;2742.303;9.599;6.318;1239.080;758.064;2806.496;1350.025;2483.596;1925.115;2121.003;3600.552;3536.747;249.807;2970.303;928.434;36.393;861.640;2039.022;3597.801;1502.785;1.965;3589.954;481.994;1386.825;3085.737;1973.565;1693.148;2762.620;-2.254;2128.572;1502.690,3602.352;3209.982;7.813;433.671;1462.271;2395.779;903.738;895.933;3227.732;3425.614;1473.964;3329.693;581.023;235.353;1569.503;2545.596;3098.308;3593.746;2664.052;2778.542;2637.449;2693.492;2789.510;3605.973;1582.006;280.509;622.553;771.542;1281.939;3243.457;31.987;1680.478;3130.577;630.795;208.801;170.685;413.401;3183.082;240.890;490.982;3277.172;2975.260;2041.751;3608.287;2.516;3595.947;2255.390;1008.007;3272.679;2451.830;3589.068;4.157;1871.129;1672.321;2361.458;729.810;-0.613;1722.286;795.785;3434.074;1624.586;1490.658;2614.160;1698.590;3601.319;2935.128;1968.659;808.675;2281.461;2807.612;2902.127;3594.366;506.533;1369.935;1432.302;1269.117;1239.145;1811.714;2050.782;1037.692;168.044;1188.240;3.830;1057.311;2556.995;2252.531;3607.950;1998.129;1918.428;2194.434;2870.509;2089.225;2184.416;2525.882;1148.431;2988.518;2141.021;1041.268;536.233;53.790
172,313.89213490486145,171,-559.871211428144,559.871211428144,0.22619744737589317,423.875;3598.016;1101.268;3105.188;1642.571;2628.575;2672.127;2038.896;1545.537;59.184;126.421;2877.156;1649.548;891.014;3092.401;1286.446;1102.830;1268.789;2417.293;1801.526;1907.519;624.315;1014.959;873.833;1148.804;466.143;372.316;3601.948;3604.716;134.077;557.111;637.957;2562.983;2796.988;-7.207;2007.675;1.812;2082.780;2508.592;3598.053;798.942;3100.565;3226.268;3565.250;62.977;1571.236;3577.976;1479.944;3319.278;1972.926;2684.040;2088.280;0.948;51.736;357.137;847.825;3603.619;2635.527;3221.414;2141.349;2254.350;3559.772;3608.645;3510.265;3141.579;301.416;979.738;13.491;2038.044;2747.197;17.940;-1.041;1247.439;767.138;2804.133;1344.565;2488.425;1916.106;2129.470;3599.186;3529.939;241.137;2963.244;936.221;27.660;853.933;2039.048;3606.598;1509.104;8.034;3581.425;475.773;1390.705;3091.292;1967.639;1694.140;2771.300;3.178;2134.922;1494.916,3603.085;3217.409;11.462;425.511;1471.154;2387.185;912.108;891.377;3235.858;3416.862;1482.146;3338.336;577.167;244.264;1576.801;2554.171;3091.545;3602.297;2671.591;2783.349;2631.628;2685.723;2781.608;3597.219;1590.349;277.162;629.849;779.712;1285.446;3252.458;22.931;1672.764;3121.509;637.521;202.791;164.847;404.362;3189.050;249.227;482.445;3286.086;2984.310;2033.231;3600.122;-3.318;3591.511;2264.288;1004.924;3273.120;2451.351;3596.672;-3.673;1863.531;1679.378;2361.233;736.564;0.577;1714.194;787.361;3439.585;1617.486;1498.248;2605.480;1691.676;3593.555;2928.614;1960.536;816.611;2275.416;2813.661;2900.342;3601.929;497.595;1361.257;1435.693;1272.891;1230.097;1820.057;2059.177;1039.632;161.542;1197.186;-2.221;1048.486;2565.726;2253.885;3599.320;2005.061;1923.977;2185.725;2870.165;2093.514;2193.111;2527.225;1154.731;2980.749;2133.318;1032.327;545.272;46.839
173,315.80001735687256,172,-560.2513902607423,560.2513902607423,0.35513036767167466,431.838;3604.155;1108.639;3098.518;1633.538;2625.792;2664.251;2044.158;1536.715;67.659;127.717;2868.265;1655.941;882.092;3087.337;1285.477;1110.532;1273.261;2422.839;1805.653;1899.227;615.619;1022.569;865.355;1156.305;457.376;379.878;3598.878;3599.882;125.198;563.252;641.524;2569.299;2797.631;0.842;2014.693;5.119;2091.681;2500.026;3597.275;799.306;3093.157;3233.138;3573.109;70.455;1580.128;3575.237;1488.324;3328.038;1965.208;2692.618;2082.153;-8.086;59.901;363.975;855.469;3595.567;2643.893;3214.964;2133.545;2263.389;3561.133;3600.131;3516.626;3145.645;309.456;972.760;5.058;2046.358;2755.483;26.959;-9.335;1247.120;766.478;2796.209;1335.973;2496.941;1907.463;2127.818;3591.956;3537.967;232.561;2971.864;930.364;18.791;848.864;2045.351;3598.824;1517.886;5.722;3572.936;467.412;1381.999;3084.153;1966.981;1700.250;2764.557;10.666;2127.852;1493.008,3594.511;3209.880;3.201;416.509;1476.121;2378.328;921.078;882.510;3244.862;3424.939;1491.113;3346.030;576.146;242.887;1570.019;2556.476;3098.019;3610.200;2680.560;2791.801;2622.900;2676.850;2789.914;3590.991;1597.808;282.673;638.824;775.971;1283.113;3244.280;16.257;1666.924;3114.269;645.636;194.836;173.464;406.219;3184.197;242.985;483.081;3284.132;2992.698;2034.313;3598.595;-8.954;3587.866;2273.061;996.571;3281.657;2443.082;3605.656;-12.208;1870.442;1672.420;2369.417;732.056;-7.866;1719.742;785.472;3431.051;1622.395;1492.356;2597.465;1697.032;3599.913;2936.505;1961.558;808.761;2283.226;2806.731;2891.773;3593.975;500.113;1356.144;1437.194;1264.625;1223.809;1812.879;2051.022;1036.869;170.163;1205.022;5.717;1043.069;2566.685;2245.884;3606.320;2000.260;1932.717;2191.994;2861.502;2085.789;2200.195;2518.477;1163.525;2974.058;2126.847;1029.871;541.502;50.131
174,317.50964522361755,173,-560.1767274454174,560.1767274454174,0.1454827499064477,440.780;3596.168;1115.987;3106.494;1639.633;2633.748;2655.470;2048.489;1543.017;75.319;119.220;2859.292;1664.244;873.530;3090.979;1276.801;1103.188;1264.814;2431.526;1797.704;1899.186;606.653;1030.867;867.887;1149.162;448.529;381.426;3593.054;3600.988;118.481;572.037;632.932;2577.956;2789.067;-5.632;2009.116;11.151;2087.238;2501.652;3589.306;806.325;3100.490;3241.336;3574.336;73.383;1588.896;3583.595;1481.510;3330.313;1956.289;2699.001;2088.917;-0.382;54.933;355.552;847.898;3595.025;2652.728;3212.319;2140.324;2272.213;3562.198;3591.718;3524.674;3154.440;305.921;981.267;-1.960;2046.698;2750.309;29.708;-1.118;1241.114;775.118;2787.314;1341.679;2492.209;1899.115;2135.591;3598.879;3542.617;241.127;2978.761;921.949;19.712;840.824;2054.199;3593.138;1517.903;0.787;3579.833;476.035;1390.076;3076.172;1964.150;1691.582;2758.042;5.940;2135.110;1484.734,3596.373;3200.977;-3.348;407.795;1468.326;2383.755;929.982;873.668;3238.521;3427.506;1486.876;3354.496;567.641;245.857;1561.125;2547.865;3106.699;3601.675;2689.049;2785.022;2623.734;2678.830;2797.474;3589.678;1606.727;274.135;635.990;784.581;1291.690;3238.232;11.648;1667.569;3122.700;654.406;185.956;168.705;414.825;3175.365;246.146;477.573;3290.060;2986.541;2025.678;3606.273;-0.439;3596.523;2279.953;1000.954;3290.597;2450.609;3598.584;-3.702;1876.250;1680.280;2363.042;726.833;-0.733;1728.591;776.782;3422.989;1631.203;1497.891;2588.559;1698.533;3592.410;2945.221;1953.362;814.450;2289.847;2814.465;2882.863;3589.302;508.642;1347.488;1430.924;1271.156;1217.079;1805.021;2045.571;1045.448;172.564;1206.900;1.016;1035.142;2558.244;2237.199;3601.074;2008.735;1926.840;2199.954;2852.761;2079.159;2208.567;2510.077;1157.364;2965.485;2117.991;1033.492;542.117;55.964
175,319.38017296791077,174,-560.6195334401259,560.6195334401259,0.2541500333232385,433.229;3590.666;1124.806;3115.181;1648.098;2640.095;2647.088;2054.572;1551.813;68.002;113.334;2851.878;1657.316;864.621;3085.211;1279.743;1094.333;1266.657;2440.438;1803.916;1890.943;611.676;1039.763;859.273;1157.256;451.595;389.995;3598.700;3599.873;125.883;567.336;625.023;2586.654;2780.641;1.414;2000.881;3.544;2095.458;2505.890;3580.591;815.156;3096.722;3233.687;3582.985;65.068;1586.750;3592.224;1475.192;3322.656;1947.619;2705.504;2097.353;-2.004;46.160;346.653;856.135;3594.056;2661.583;3203.623;2131.995;2280.840;3568.910;3584.320;3533.557;3163.054;299.658;978.412;5.204;2038.116;2741.530;38.417;0.328;1249.226;773.767;2794.910;1334.100;2500.402;1906.936;2135.119;3607.671;3551.026;248.993;2987.592;913.049;11.430;838.047;2063.103;3584.505;1509.332;7.198;3588.551;482.034;1398.618;3067.722;1955.424;1684.745;2749.219;1.950;2143.017;1476.365,3605.079;3202.263;-12.160;399.600;1460.660;2375.358;922.395;871.672;3246.134;3419.116;1478.149;3353.353;576.229;237.345;1555.339;2538.979;3099.335;3603.849;2685.769;2788.170;2616.136;2670.423;2791.245;3585.315;1600.220;277.049;637.341;776.546;1300.597;3246.356;20.033;1676.130;3117.791;656.907;188.864;165.790;422.966;3167.106;238.532;485.698;3289.658;2981.563;2033.051;3598.402;5.393;3594.228;2271.896;992.323;3288.700;2459.471;3606.370;0.296;1867.722;1689.007;2369.653;718.065;-5.052;1732.780;784.912;3429.962;1639.235;1489.549;2594.252;1707.137;3583.811;2953.861;1961.515;812.333;2281.427;2820.515;2874.105;3597.885;500.387;1355.356;1422.148;1279.552;1225.511;1796.417;2053.174;1039.266;179.120;1198.579;-2.957;1043.379;2551.279;2245.487;3595.050;2001.869;1918.211;2192.236;2857.297;2075.952;2200.487;2516.404;1148.695;2957.922;2124.751;1042.220;533.560;64.759
176,321.2768316268921,175,-560.6062550898737,560.6062550898737,0.17050490090473278,426.424;3596.513;1133.318;3115.846;1643.111;2631.651;2640.608;2063.254;1543.727;59.645;104.940;2858.693;1665.897;860.329;3076.478;1271.790;1098.009;1274.508;2443.710;1795.560;1882.178;620.092;1048.506;851.235;1164.609;443.159;384.983;3601.757;3591.241;134.497;574.528;616.225;2579.161;2788.911;-6.029;1992.081;0.803;2102.286;2514.418;3585.599;810.347;3089.295;3228.076;3591.557;69.817;1595.025;3595.630;1470.474;3330.512;1955.492;2697.256;2106.194;5.946;37.317;337.803;862.307;3587.381;2655.630;3195.798;2136.990;2274.545;3575.955;3587.659;3542.397;3156.581;290.990;984.680;1.903;2042.815;2748.721;46.165;-7.607;1243.527;766.379;2803.693;1325.424;2491.918;1901.666;2143.716;3599.464;3559.584;257.718;2981.492;920.688;3.418;829.384;2054.768;3581.412;1517.221;-0.892;3594.818;490.514;1395.713;3075.556;1949.512;1692.390;2755.707;10.227;2134.972;1481.845,3599.210;3195.980;-3.752;400.205;1452.512;2366.768;918.954;880.185;3241.175;3411.301;1475.811;3361.534;582.907;234.013;1560.321;2543.050;3107.617;3597.047;2690.713;2790.220;2623.484;2662.073;2782.497;3587.865;1596.804;268.535;629.135;782.571;1293.692;3255.117;25.845;1683.183;3113.313;660.896;197.474;157.230;431.735;3162.251;233.746;493.822;3288.601;2973.355;2036.813;3603.115;-2.901;3601.801;2263.911;989.108;3296.386;2456.113;3599.209;-2.190;1873.087;1680.926;2372.639;710.768;2.635;1726.137;778.933;3427.047;1641.740;1480.964;2588.882;1715.988;3574.962;2951.785;1964.863;820.540;2274.086;2823.861;2878.039;3592.719;493.070;1361.493;1421.169;1271.275;1226.945;1803.182;2047.423;1031.159;187.265;1205.305;3.864;1052.106;2559.172;2250.326;3602.914;2004.639;1926.438;2185.942;2858.239;2083.315;2192.243;2524.275;1156.648;2966.397;2132.119;1041.503;524.712;67.871
177,323.2141990661621,176,-560.4907468950033,560.4907468950033,0.27989654378207496,429.875;3605.146;1141.396;3123.579;1646.200;2623.934;2631.908;2062.491;1547.520;66.231;103.162;2861.096;1673.247;854.609;3083.132;1263.174;1095.555;1282.817;2440.893;1801.477;1888.575;615.906;1046.277;856.686;1159.033;444.948;376.413;3610.101;3582.573;128.754;580.559;616.385;2571.533;2789.557;1.791;1990.432;-7.779;2107.918;2523.194;3582.813;815.681;3097.236;3235.346;3596.646;77.431;1602.466;3604.142;1461.855;3326.189;1947.800;2699.181;2101.962;-0.866;43.911;336.499;870.808;3595.778;2649.860;3199.152;2145.007;2274.113;3584.606;3584.624;3541.039;3149.468;296.456;979.771;5.626;2037.424;2755.208;38.480;0.220;1234.921;757.643;2810.542;1316.639;2483.477;1894.952;2151.206;3596.277;3551.760;256.643;2974.333;920.475;-3.950;826.418;2046.924;3577.709;1525.535;-9.653;3602.311;497.262;1392.309;3072.985;1956.972;1685.310;2762.812;5.707;2141.916;1473.797,3596.444;3202.899;3.116;392.031;1443.842;2373.622;927.216;887.520;3232.549;3417.806;1476.265;3353.828;575.732;236.486;1568.962;2540.754;3112.100;3597.396;2699.357;2781.913;2625.553;2669.895;2774.160;3596.464;1604.753;272.741;620.370;789.949;1293.797;3250.582;18.434;1674.988;3121.357;669.145;194.001;163.870;438.975;3170.063;241.768;499.055;3297.171;2964.602;2030.296;3597.539;-5.574;3595.459;2257.005;995.552;3300.096;2453.095;3600.482;-2.708;1879.958;1674.804;2364.200;717.806;-0.396;1717.753;771.477;3434.968;1643.669;1482.696;2580.407;1709.583;3581.568;2943.303;1970.146;821.795;2266.085;2815.534;2886.563;3587.175;486.193;1361.745;1422.595;1275.061;1226.792;1796.479;2055.390;1033.405;183.534;1212.942;-3.822;1058.395;2567.928;2250.401;3604.601;2012.399;1919.528;2190.856;2857.424;2092.014;2184.839;2527.993;1157.122;2960.850;2139.540;1042.315;526.801;59.971
178,324.9341595172882,177,-560.4626363988983,560.4626363988983,0.16572368256003428,421.561;3597.258;1134.992;3132.253;1648.020;2617.067;2623.408;2061.704;1554.327;65.116;94.777;2854.546;1681.412;862.514;3074.987;1254.772;1087.764;1290.760;2432.580;1798.933;1885.228;607.359;1054.274;849.531;1163.784;438.179;370.461;3601.641;3588.037;132.763;585.804;608.924;2577.001;2785.794;5.486;1991.117;0.186;2115.011;2526.931;3591.142;823.344;3092.397;3244.007;3603.047;86.036;1603.647;3596.092;1453.154;3334.166;1947.764;2706.047;2102.256;3.684;41.747;332.288;877.088;3601.339;2657.825;3194.180;2139.376;2274.555;3580.796;3593.031;3547.526;3142.763;304.972;987.997;3.212;2037.118;2763.644;30.057;-4.883;1241.557;751.121;2817.530;1310.465;2475.550;1898.197;2158.041;3590.914;3555.968;252.978;2966.064;914.887;4.345;821.791;2049.126;3585.987;1533.178;-1.405;3594.362;504.854;1397.790;3079.085;1949.969;1689.326;2769.894;-2.554;2148.577;1467.115,3604.506;3195.662;-0.835;387.666;1451.619;2380.009;931.307;896.067;3224.533;3411.313;1467.854;3346.094;571.727;244.918;1567.605;2532.274;3120.675;3590.409;2706.491;2773.757;2633.462;2667.294;2775.540;3604.751;1613.421;265.879;624.295;797.845;1294.446;3245.887;12.666;1667.632;3129.885;672.705;199.640;158.260;442.620;3168.945;249.824;491.371;3293.681;2960.096;2035.564;3600.273;2.459;3602.595;2264.936;1003.919;3308.639;2459.778;3595.349;5.103;1872.874;1678.821;2371.575;710.026;-6.496;1725.027;763.050;3437.094;1635.199;1491.161;2573.919;1701.084;3588.778;2943.891;1963.666;813.594;2261.605;2810.732;2894.903;3590.224;492.926;1354.627;1414.167;1269.564;1220.225;1790.170;2053.743;1041.894;175.051;1220.610;4.575;1051.381;2562.190;2258.702;3596.344;2010.397;1926.520;2182.463;2865.931;2084.628;2187.170;2519.558;1152.973;2952.400;2138.241;1047.550;533.135;59.507
179,326.8341393470764,178,-560.5090221808191,560.5090221808191,0.17835284646211816,412.936;3595.597;1126.420;3135.284;1656.457;2622.035;2630.028;2061.504;1562.726;57.117;99.925;2859.522;1676.690;871.152;3067.097;1246.733;1080.026;1283.696;2439.927;1806.275;1877.380;602.827;1061.388;848.231;1155.612;444.394;362.420;3599.990;3587.505;137.983;577.910;603.218;2569.332;2789.380;13.426;1997.400;-1.277;2119.271;2532.595;3599.769;830.544;3092.253;3245.157;3594.863;78.064;1603.608;3593.725;1446.118;3333.415;1955.787;2704.970;2097.228;9.773;35.314;324.501;875.553;3596.168;2664.845;3201.353;2131.053;2266.218;3575.023;3598.564;3552.125;3150.464;312.527;995.500;11.554;2028.701;2758.734;22.210;2.894;1247.967;758.611;2812.130;1305.890;2482.971;1905.949;2163.924;3597.363;3562.477;244.615;2957.553;915.400;1.274;813.828;2057.166;3594.097;1528.247;3.653;3593.102;497.443;1391.009;3087.642;1953.258;1688.050;2769.315;-6.189;2141.511;1474.521,3606.970;3187.405;-6.149;395.467;1459.326;2374.671;925.050;892.002;3216.202;3404.037;1459.253;3352.233;577.154;237.045;1575.695;2533.247;3126.937;3585.093;2702.784;2781.311;2625.345;2660.211;2783.232;3596.748;1619.862;270.160;630.477;803.353;1299.208;3238.291;20.613;1675.156;3135.549;681.199;198.188;165.911;434.633;3177.385;257.755;482.759;3291.878;2959.621;2044.095;3603.728;4.918;3596.163;2272.778;1001.133;3308.575;2468.092;3603.293;-3.094;1864.271;1687.146;2379.010;703.063;1.579;1722.328;754.867;3445.017;1636.934;1496.282;2581.844;1695.228;3581.318;2945.410;1970.146;808.360;2269.008;2818.888;2903.525;3598.647;501.271;1346.023;1407.194;1277.239;1211.657;1798.058;2046.310;1045.066;166.880;1228.553;9.919;1044.354;2568.890;2266.833;3595.296;2001.937;1926.532;2174.659;2873.200;2076.033;2194.649;2516.964;1144.466;2945.555;2129.956;1040.762;540.745;64.990
180,328.74223947525024,179,-560.5132450139074,560.5132450139074,0.18979342779017644,420.758;3602.699;1119.454;3127.828;1665.048;2615.126;2638.168;2069.888;1557.283;48.535;91.832;2867.991;1683.985;876.254;3059.279;1239.741;1073.060;1275.190;2448.430;1799.244;1872.719;594.467;1069.467;841.838;1159.805;436.268;370.593;3599.743;3579.453;145.128;586.003;594.726;2566.811;2797.815;19.489;1989.123;-2.814;2127.661;2540.517;3597.449;822.687;3100.442;3253.443;3589.403;70.149;1611.893;3594.656;1454.274;3326.712;1961.086;2696.579;2105.503;18.240;28.260;321.610;867.196;3587.896;2656.764;3209.863;2138.045;2257.702;3578.580;3603.584;3560.580;3143.282;321.053;987.391;3.611;2020.598;2757.152;14.869;6.010;1240.373;757.985;2820.279;1297.444;2475.197;1914.496;2172.369;3602.443;3570.997;239.203;2960.599;907.317;-6.364;817.289;2049.314;3595.051;1536.441;0.928;3598.298;489.592;1398.753;3095.938;1946.988;1695.699;2777.285;2.178;2135.345;1483.019,3598.671;3188.659;1.474;387.528;1451.298;2382.771;932.731;899.753;3212.589;3407.256;1450.805;3349.677;570.781;240.084;1571.228;2525.316;3120.405;3592.193;2707.370;2776.505;2625.135;2664.618;2775.872;3591.993;1627.155;269.109;622.328;811.229;1305.252;3244.511;12.699;1667.167;3127.579;689.101;206.513;158.550;442.868;3169.942;249.631;487.270;3286.555;2951.736;2037.513;3595.453;-3.063;3602.660;2281.339;1008.477;3307.375;2476.489;3596.109;4.228;1871.495;1681.130;2379.794;700.698;-5.615;1730.454;749.538;3453.478;1630.374;1501.907;2576.126;1702.775;3589.389;2945.928;1978.632;799.885;2268.884;2827.471;2907.693;3607.239;509.869;1337.603;1398.699;1285.616;1218.969;1790.083;2054.304;1053.490;174.664;1237.092;11.888;1052.410;2561.857;2262.243;3602.647;2006.569;1934.729;2167.292;2881.685;2080.635;2187.295;2508.561;1138.066;2953.210;2136.099;1032.284;533.634;57.079
181,330.45741057395935,180,-560.6503421012919,560.6503421012919,0.14871879528329487,419.397;3596.483;1125.346;3134.007;1658.736;2606.654;2633.697;2064.579;1564.893;53.500;89.932;2863.752;1692.073;870.084;3066.517;1231.352;1081.252;1270.833;2440.947;1791.777;1880.484;586.583;1063.748;841.429;1167.945;438.441;368.208;3607.844;3587.167;137.357;584.830;587.785;2574.912;2791.856;12.891;1987.141;4.314;2134.577;2543.757;3589.528;830.019;3092.765;3246.384;3590.954;75.548;1603.780;3600.413;1453.455;3334.873;1953.226;2704.023;2102.180;10.476;36.285;329.406;873.173;3595.622;2652.451;3204.804;2131.784;2265.390;3570.548;3595.466;3568.649;3143.029;323.860;988.257;10.673;2026.763;2765.434;6.437;-0.876;1247.097;761.369;2822.451;1302.533;2469.958;1923.037;2165.465;3594.151;3570.804;230.783;2965.262;898.877;1.716;825.606;2053.455;3587.285;1532.727;-6.983;3592.924;495.441;1406.265;3089.954;1938.545;1703.928;2785.689;0.462;2143.238;1489.527,3598.127;3182.132;5.422;387.533;1456.471;2390.900;934.103;906.081;3205.891;3415.116;1456.020;3341.346;562.840;241.939;1563.480;2516.815;3122.559;3600.676;2714.620;2775.672;2631.221;2672.806;2783.022;3594.655;1623.214;264.524;622.209;818.302;1297.023;3252.895;5.039;1666.557;3134.105;681.305;211.870;154.286;444.978;3170.483;245.702;495.043;3278.138;2959.368;2033.010;3598.052;2.992;3599.024;2281.767;1005.962;3302.514;2468.411;3599.482;3.769;1878.299;1672.734;2377.892;697.484;1.339;1737.146;743.194;3445.880;1621.913;1510.161;2577.346;1704.515;3597.414;2937.858;1974.492;794.927;2276.541;2821.804;2905.003;3599.705;512.168;1340.969;1394.845;1285.775;1226.004;1782.683;2055.822;1060.083;176.914;1239.988;4.441;1050.194;2553.667;2254.168;3599.257;2014.551;1937.564;2171.931;2880.905;2087.094;2194.484;2503.976;1145.152;2958.634;2128.900;1024.109;538.649;48.565
182,332.3327624797821,181,-560.9304474348878,560.9304474348878,0.22176119372682784,415.860;3603.890;1119.352;3128.689;1654.600;2606.738;2640.845;2061.741;1559.991;60.565;90.971;2855.526;1699.889;877.124;3059.118;1223.812;1088.497;1273.102;2432.959;1790.481;1872.905;578.897;1059.200;849.578;1174.753;437.377;368.738;3600.274;3592.949;129.333;580.535;594.721;2583.231;2784.871;4.553;1993.776;-1.383;2127.859;2535.529;3595.602;822.299;3098.247;3251.113;3599.086;80.942;1606.500;3593.596;1445.832;3329.710;1952.465;2711.035;2095.312;3.369;41.960;325.270;867.404;3598.159;2658.769;3203.950;2137.954;2267.898;3567.930;3591.922;3575.777;3149.968;329.655;992.127;3.823;2033.023;2769.257;6.169;-6.219;1253.961;765.673;2830.473;1301.528;2470.013;1918.324;2158.394;3588.583;3576.422;223.321;2972.993;906.140;-0.615;818.575;2048.100;3590.722;1531.019;0.920;3600.224;503.580;1399.365;3092.621;1943.771;1710.611;2781.383;6.340;2150.154;1497.713,3605.810;3189.736;-2.302;387.474;1464.572;2399.059;927.165;914.451;3213.701;3407.240;1451.117;3346.095;567.909;233.894;1571.465;2519.736;3130.145;3596.401;2722.936;2783.871;2624.232;2668.204;2791.370;3602.752;1630.507;272.738;629.834;826.497;1296.345;3260.597;-2.694;1659.988;3136.778;673.358;213.410;160.067;442.444;3167.651;252.913;490.121;3269.659;2951.541;2039.090;3591.100;8.390;3606.842;2289.565;1014.152;3306.534;2464.407;3596.541;-4.271;1883.149;1677.330;2386.135;689.199;-3.556;1729.903;735.685;3446.452;1628.468;1518.150;2584.948;1696.791;3603.531;2942.395;1968.034;792.013;2274.669;2813.903;2912.400;3602.363;509.662;1333.839;1386.795;1292.899;1219.068;1775.949;2060.601;1067.133;169.870;1236.265;12.222;1041.961;2545.268;2260.562;3606.517;2012.424;1937.394;2163.873;2888.772;2079.097;2202.811;2495.878;1137.795;2950.774;2120.839;1019.741;545.601;41.171
183,334.2331545352936,182,-560.7167147989409,560.7167147989409,0.1653118057266961,422.911;3597.636;1119.148;3134.619;1646.641;2614.009;2635.639;2069.694;1555.929;68.886;82.799;2859.133;1703.171;881.606;3062.416;1215.596;1089.909;1265.560;2427.849;1794.616;1871.456;574.488;1051.487;842.777;1167.896;429.266;372.649;3597.201;3586.163;120.964;588.400;589.830;2591.608;2792.507;-3.072;1987.023;2.737;2119.581;2528.137;3597.858;817.049;3091.224;3246.057;3606.061;88.584;1602.526;3599.217;1452.767;3336.815;1959.834;2704.093;2102.690;8.186;34.712;324.027;863.882;3591.081;2654.024;3196.116;2146.075;2264.601;3576.050;3599.714;3568.164;3143.752;337.960;987.462;3.727;2025.934;2776.004;-1.281;1.787;1246.935;757.579;2832.459;1294.909;2473.627;1924.430;2166.036;3594.235;3584.729;215.729;2966.564;914.298;-3.771;821.272;2039.828;3598.671;1539.038;2.337;3595.070;511.829;1391.010;3087.025;1935.800;1702.622;2775.243;12.670;2144.782;1491.808,3598.764;3195.967;3.918;379.771;1463.880;2405.180;932.247;909.118;3209.036;3410.970;1458.965;3342.215;559.878;237.094;1579.001;2519.760;3132.935;3595.599;2721.093;2787.159;2628.481;2660.043;2792.240;3595.180;1638.828;279.658;631.148;819.212;1288.317;3268.932;2.792;1653.796;3129.347;673.546;205.282;162.469;438.090;3174.328;253.364;482.583;3261.825;2958.925;2032.418;3598.728;0.742;3599.297;2291.977;1022.423;3298.400;2467.246;3589.335;2.283;1890.706;1670.178;2391.859;696.278;1.417;1723.149;741.755;3454.570;1622.303;1510.449;2576.973;1703.853;3596.554;2950.660;1959.870;784.014;2282.856;2806.811;2904.689;3594.785;501.591;1325.487;1393.290;1288.386;1222.264;1768.269;2052.693;1063.385;177.417;1244.164;5.098;1036.292;2544.729;2261.720;3598.457;2004.723;1945.521;2167.194;2883.096;2072.713;2200.526;2488.185;1132.072;2951.449;2128.870;1013.934;553.910;42.480
184,335.93654799461365,183,-560.5362323476619,560.5362323476619,0.25649452112848786,429.915;3605.636;1112.640;3127.113;1650.208;2608.210;2643.022;2077.274;1547.754;60.850;74.485;2858.138;1696.658;874.231;3067.796;1220.666;1082.256;1258.290;2420.826;1787.119;1874.557;566.338;1044.592;834.489;1175.709;421.153;380.284;3591.119;3591.680;128.970;596.311;581.768;2587.972;2799.958;-6.085;1978.880;10.935;2124.275;2532.128;3590.041;820.527;3098.305;3237.851;3597.969;96.897;1594.653;3591.277;1459.696;3338.148;1968.062;2697.145;2110.905;13.970;38.730;316.689;871.857;3582.780;2645.884;3191.274;2154.415;2263.136;3576.459;3608.040;3574.998;3135.486;346.255;994.842;-3.165;2033.029;2784.000;3.347;-4.207;1252.982;749.250;2840.039;1286.625;2465.663;1930.810;2165.913;3601.344;3593.088;219.786;2974.208;921.988;3.922;813.658;2031.472;3590.983;1546.367;6.941;3586.892;519.580;1385.560;3094.492;1928.015;1694.314;2783.325;10.375;2138.048;1498.996,3592.939;3188.039;1.740;371.648;1470.498;2412.780;935.411;914.158;3200.874;3419.128;1452.205;3334.037;552.873;244.498;1583.796;2511.717;3140.642;3603.487;2714.080;2795.152;2628.519;2651.933;2786.077;3597.150;1647.089;272.402;630.195;824.428;1293.091;3260.788;2.110;1653.641;3132.994;680.748;211.178;170.504;442.283;3181.463;247.239;489.679;3254.160;2965.981;2024.147;3606.884;-7.342;3604.121;2298.819;1029.627;3301.860;2459.178;3592.810;5.475;1883.797;1676.514;2398.187;700.713;-6.219;1729.252;733.833;3462.496;1615.293;1502.396;2571.566;1711.894;3596.551;2956.236;1953.854;776.378;2291.192;2813.636;2904.865;3598.164;501.585;1317.783;1398.611;1280.182;1217.659;1763.493;2045.190;1058.153;185.635;1243.913;1.881;1033.145;2547.384;2253.799;3600.405;2007.498;1953.367;2174.151;2890.658;2079.416;2195.797;2482.489;1124.197;2952.400;2136.051;1021.782;549.186;34.510
185,337.7813575267792,184,-560.7510758794297,560.7510758794297,0.18602331296679236,427.114;3601.993;1104.463;3119.025;1658.329;2600.120;2645.904;2070.469;1539.621;58.163;80.259;2856.937;1704.036;882.001;3075.954;1227.969;1089.343;1266.189;2426.997;1794.412;1866.555;572.954;1036.373;829.308;1170.953;427.191;372.406;3595.578;3589.022;132.086;594.780;573.915;2590.745;2796.582;1.968;1984.274;7.340;2116.531;2540.260;3594.651;814.280;3103.534;3241.810;3593.535;91.203;1601.844;3595.839;1452.741;3332.560;1965.181;2697.654;2104.197;6.625;45.426;308.628;865.211;3588.855;2648.618;3199.228;2150.302;2255.143;3571.047;3601.731;3581.252;3142.577;353.376;987.577;2.775;2030.429;2783.155;-4.582;2.825;1258.104;741.906;2847.785;1292.604;2458.464;1938.984;2160.259;3595.008;3593.231;212.302;2966.574;917.339;5.204;821.121;2036.906;3593.757;1554.122;-0.362;3583.724;511.720;1393.246;3087.204;1933.915;1692.777;2790.994;3.616;2145.598;1500.739,3592.343;3184.566;-6.353;363.401;1463.633;2420.686;939.903;906.347;3194.377;3421.155;1458.876;3337.426;544.730;252.696;1586.740;2503.514;3148.892;3595.706;2706.039;2787.830;2624.651;2654.363;2779.048;3604.966;1647.137;264.502;622.217;832.586;1288.059;3258.816;8.917;1661.655;3126.799;688.971;204.028;178.700;450.428;3174.281;239.092;497.835;3247.110;2959.803;2021.260;3600.152;0.225;3598.987;2307.012;1026.623;3309.674;2461.492;3600.574;-2.108;1878.067;1670.805;2391.591;708.703;0.890;1737.438;726.454;3454.771;1609.001;1496.763;2577.776;1706.654;3597.682;2963.604;1954.830;775.075;2288.818;2821.865;2908.667;3593.085;493.905;1309.774;1400.688;1286.880;1214.607;1755.331;2049.468;1050.175;192.888;1250.943;-2.306;1040.018;2539.655;2245.538;3608.457;2000.314;1961.518;2182.324;2885.348;2087.075;2188.564;2474.713;1130.172;2960.480;2134.570;1015.980;551.285;35.950
186,339.65142703056335,185,-560.2779868356756,560.2779868356756,0.21584237058234906,419.072;3596.369;1106.219;3126.830;1663.063;2591.971;2638.190;2073.679;1546.229;53.561;72.920;2864.913;1697.312;879.649;3069.525;1235.746;1081.695;1273.904;2434.517;1802.489;1858.388;576.106;1043.935;821.826;1163.731;427.625;370.328;3603.569;3581.038;136.918;587.356;565.697;2598.682;2803.277;3.359;1976.940;-0.652;2123.890;2543.054;3602.217;818.872;3111.558;3245.874;3593.994;83.576;1595.575;3603.487;1456.420;3324.600;1972.827;2689.826;2110.022;14.305;37.564;316.532;872.459;3596.843;2650.618;3191.992;2142.834;2261.350;3578.876;3595.214;3574.582;3145.397;360.400;981.355;10.541;2022.872;2791.152;2.184;1.630;1266.214;736.629;2841.136;1300.269;2455.837;1947.217;2152.642;3589.108;3585.783;219.356;2958.372;909.241;-2.258;815.674;2036.035;3600.567;1561.899;-7.699;3590.362;517.146;1400.116;3079.092;1938.696;1684.744;2799.134;11.235;2149.828;1492.741,3599.630;3192.219;1.040;355.556;1455.785;2428.871;947.480;913.592;3186.219;3421.505;1453.139;3329.511;536.498;257.051;1582.025;2496.680;3149.938;3591.991;2698.686;2795.340;2616.574;2661.946;2770.883;3597.398;1654.652;256.286;629.217;833.412;1280.014;3257.621;14.381;1669.333;3134.072;691.031;206.584;185.145;446.661;3181.709;230.859;505.937;3254.524;2965.639;2013.397;3606.902;-1.477;3606.372;2299.622;1034.381;3304.340;2469.390;3593.228;3.872;1885.741;1662.681;2385.389;701.480;-3.767;1745.413;718.541;3453.073;1616.634;1488.663;2579.555;1713.934;3605.668;2965.971;1946.857;767.181;2283.871;2823.252;2916.730;3589.839;491.260;1303.959;1408.681;1293.086;1206.685;1747.100;2057.532;1051.941;201.029;1259.122;5.528;1048.000;2531.450;2243.674;3601.893;2006.849;1960.102;2190.506;2877.233;2094.900;2180.393;2480.742;1124.257;2953.627;2140.397;1007.938;557.879;28.294
187,341.5497496128082,186,-560.2603953207811,560.2603953207811,0.19034112429852793,426.602;3602.967;1113.630;3120.934;1658.256;2599.552;2635.983;2081.627;1539.104;48.954;65.269;2860.541;1698.729;883.481;3076.566;1227.988;1087.889;1266.197;2427.233;1799.392;1863.457;584.067;1038.493;818.274;1170.834;419.798;377.961;3596.700;3587.324;136.886;594.947;571.192;2598.954;2811.386;-4.412;1982.485;-0.203;2122.591;2536.722;3594.512;810.959;3104.760;3238.065;3599.911;91.143;1597.594;3595.791;1464.344;3332.212;1965.902;2681.687;2116.795;8.325;34.509;323.812;870.154;3591.169;2642.682;3193.466;2149.928;2269.438;3580.526;3599.590;3581.857;3137.944;360.281;973.449;2.822;2030.046;2789.851;7.520;-6.280;1260.183;742.990;2833.787;1293.006;2450.310;1939.696;2160.525;3581.040;3592.567;216.914;2964.491;915.259;2.281;820.089;2028.630;3603.873;1569.924;0.132;3598.180;524.869;1392.709;3085.634;1930.908;1682.949;2797.470;19.264;2142.031;1496.017,3592.386;3187.982;0.017;361.367;1448.007;2436.993;939.531;913.935;3179.190;3422.820;1459.193;3330.294;529.303;264.656;1589.967;2492.628;3143.514;3585.966;2690.806;2797.633;2623.874;2670.089;2763.089;3599.172;1662.376;254.580;636.279;825.473;1271.873;3258.742;6.615;1661.778;3135.386;696.707;199.010;179.055;448.738;3189.814;224.091;514.033;3262.645;2972.385;2005.291;3601.007;-9.287;3599.010;2291.646;1042.496;3312.027;2470.672;3585.120;9.601;1893.868;1654.545;2393.239;705.727;3.120;1738.195;726.069;3450.103;1624.403;1483.634;2571.700;1721.470;3598.038;2961.715;1938.763;759.050;2291.142;2830.952;2909.125;3581.838;486.197;1295.897;1403.385;1301.137;1214.248;1740.576;2052.091;1059.788;206.184;1254.767;-1.735;1040.467;2523.727;2235.702;3603.152;2014.925;1967.921;2194.398;2869.788;2093.861;2187.677;2476.754;1127.966;2958.731;2148.471;1014.113;565.937;32.977
188,343.256662607193,187,-560.0355546370131,560.0355546370131,0.22241908989394416,434.457;3604.770;1106.430;3114.019;1650.277;2607.270;2639.708;2089.644;1531.189;43.509;64.223;2867.727;1696.377;891.386;3082.536;1220.829;1095.371;1259.780;2419.259;1794.775;1868.931;576.878;1030.986;810.365;1176.371;412.255;385.180;3591.139;3595.091;131.358;602.006;578.311;2591.073;2818.279;1.066;1989.047;-7.679;2114.748;2543.713;3597.993;804.920;3099.535;3240.781;3598.616;94.433;1605.379;3596.434;1472.444;3337.447;1966.879;2673.865;2114.535;2.434;40.574;317.687;862.308;3585.330;2635.179;3188.664;2157.920;2277.225;3577.428;3605.655;3587.319;3131.765;366.955;971.316;-3.206;2023.019;2782.836;0.627;0.124;1253.693;735.219;2841.124;1285.037;2442.358;1935.770;2167.645;3579.270;3600.084;224.389;2971.337;923.199;-4.857;828.061;2021.816;3596.149;1576.068;0.853;3604.945;530.588;1392.130;3080.446;1923.252;1690.275;2801.634;13.160;2134.548;1503.403,3585.052;3185.742;-6.705;366.254;1440.079;2431.179;936.570;907.845;3179.243;3423.746;1464.949;3337.782;522.363;271.922;1596.335;2500.376;3151.254;3580.159;2682.799;2790.302;2631.933;2677.761;2754.991;3598.572;1659.210;256.188;628.721;821.068;1263.972;3261.057;6.665;1655.722;3127.511;704.704;203.528;182.128;456.658;3183.515;216.049;520.652;3262.384;2966.569;1998.432;3603.948;-2.714;3598.519;2290.777;1050.042;3312.475;2468.232;3578.338;3.714;1895.924;1650.017;2400.397;699.287;3.719;1743.225;724.116;3443.890;1617.116;1485.561;2564.531;1727.544;3597.578;2953.759;1932.800;764.939;2291.253;2839.023;2909.576;3581.749;494.060;1289.818;1395.408;1308.428;1208.219;1747.191;2058.880;1067.862;199.867;1248.406;-0.350;1034.186;2522.208;2228.744;3603.124;2019.807;1974.026;2187.408;2869.970;2101.628;2195.743;2483.447;1121.138;2966.610;2147.628;1013.175;566.677;40.787
189,345.11851620674133,188,-559.9078783373105,559.9078783373105,0.21816513711233126,437.665;3597.409;1103.392;3120.442;1650.557;2606.596;2647.510;2093.251;1535.615;49.458;71.567;2860.780;1688.683;891.100;3077.082;1226.269;1090.251;1256.675;2423.094;1787.702;1876.487;575.634;1036.484;817.471;1179.788;405.703;390.361;3598.601;3602.559;125.287;601.383;572.305;2595.300;2822.109;-5.554;1996.142;-0.067;2120.938;2537.184;3605.738;797.191;3101.822;3234.570;3606.410;95.189;1598.541;3598.733;1470.875;3332.090;1959.943;2666.542;2106.816;-5.525;36.299;310.767;868.836;3577.383;2629.970;3180.741;2152.128;2285.094;3569.747;3598.069;3587.150;3137.672;360.354;971.547;3.759;2028.487;2790.042;7.510;-3.739;1260.511;728.705;2835.613;1288.562;2440.779;1941.026;2161.332;3572.318;3597.741;218.367;2969.815;919.202;2.701;824.127;2025.945;3601.987;1570.196;-2.948;3597.801;538.473;1397.132;3084.153;1920.095;1686.409;2809.457;20.706;2138.214;1501.847,3590.230;3179.319;0.693;367.877;1447.101;2424.327;929.092;915.103;3174.862;3421.250;1466.931;3336.587;522.550;271.429;1591.444;2497.129;3153.308;3572.334;2675.963;2784.743;2639.826;2679.519;2748.656;3596.840;1664.131;250.273;621.321;822.439;1269.622;3261.418;-0.128;1648.600;3134.089;711.414;209.687;183.527;452.801;3175.800;209.643;528.292;3267.447;2961.840;1999.517;3596.419;4.394;3605.593;2283.790;1044.475;3317.932;2465.457;3583.947;-3.845;1891.984;1650.597;2396.770;691.350;-3.822;1750.911;718.244;3435.928;1609.564;1485.294;2568.038;1727.578;3603.334;2950.152;1924.990;772.256;2298.235;2840.065;2916.746;3588.505;501.578;1289.427;1388.733;1303.253;1203.054;1753.969;2061.466;1061.392;195.477;1254.577;5.435;1038.701;2529.912;2232.253;3596.791;2013.036;1967.182;2182.809;2877.311;2108.676;2198.192;2491.428;1113.290;2966.171;2154.552;1020.841;561.795;34.043
190,347.0028417110443,189,-560.0252624786792,560.0252624786792,0.16312068594624055,444.660;3597.718;1095.740;3126.732;1642.925;2613.879;2640.384;2098.308;1541.354;45.412;66.548;2867.783;1696.184;895.832;3082.350;1229.411;1083.595;1254.136;2415.526;1795.086;1870.139;568.123;1043.387;824.441;1187.526;411.704;388.952;3600.932;3595.219;118.706;594.488;573.874;2590.308;2829.530;1.776;1989.114;-3.779;2128.780;2542.768;3598.617;794.197;3094.309;3241.898;3599.280;87.463;1591.216;3606.151;1474.905;3339.686;1966.263;2658.664;2106.280;1.051;28.642;304.064;874.919;3584.469;2636.988;3176.272;2146.632;2289.565;3576.962;3598.535;3579.997;3138.619;352.438;963.820;10.798;2021.193;2786.392;0.826;3.471;1262.766;721.525;2828.042;1281.492;2433.344;1940.063;2164.340;3579.548;3589.993;212.348;2962.154;917.380;0.290;831.231;2023.654;3594.571;1574.926;3.257;3595.586;545.796;1389.651;3091.482;1925.725;1692.531;2806.646;14.878;2145.963;1494.271,3597.941;3171.443;4.529;360.340;1440.640;2425.451;933.964;921.354;3167.915;3425.919;1460.381;3343.111;519.780;263.872;1586.746;2504.368;3146.268;3579.748;2668.437;2791.463;2632.803;2672.424;2746.608;3603.933;1671.998;242.379;621.194;815.084;1275.171;3254.256;-7.190;1653.037;3127.974;716.873;217.595;190.691;460.106;3177.457;213.754;523.060;3274.354;2965.689;2005.745;3597.691;-1.147;3598.174;2275.881;1041.523;3325.808;2473.085;3591.169;3.438;1899.123;1658.128;2388.987;695.093;2.667;1746.166;725.508;3442.585;1601.713;1493.065;2561.255;1719.898;3596.254;2952.689;1917.037;771.750;2304.146;2833.328;2924.670;3596.057;495.130;1296.978;1383.533;1296.068;1196.766;1761.813;2068.905;1053.514;201.281;1253.708;-1.750;1041.801;2537.502;2239.683;3603.138;2013.931;1965.447;2175.052;2882.250;2116.599;2204.940;2499.412;1115.000;2972.938;2150.134;1017.319;553.993;26.655
191,348.91947174072266,190,-560.2287888042006,560.2287888042006,0.16708412342040982,452.523;3601.828;1088.374;3122.837;1635.020;2616.650;2647.583;2105.774;1535.091;39.747;62.053;2862.199;1692.361;903.608;3085.339;1221.833;1087.543;1246.430;2418.975;1789.915;1864.817;575.083;1050.320;831.879;1195.437;417.131;396.449;3598.602;3588.023;110.840;586.607;581.609;2594.224;2822.351;2.682;1994.833;3.239;2136.179;2550.555;3600.846;794.579;3100.061;3239.600;3603.445;83.140;1595.657;3598.628;1468.676;3334.065;1965.245;2658.942;2099.004;7.166;20.733;296.268;874.866;3590.338;2642.219;3183.100;2143.643;2283.135;3576.169;3596.339;3586.393;3146.339;359.629;956.416;5.463;2027.367;2778.842;1.203;-0.709;1255.168;728.105;2828.445;1274.232;2434.887;1947.458;2159.627;3587.349;3583.637;217.269;2961.895;923.332;-7.040;829.987;2031.262;3600.280;1567.399;10.508;3595.448;542.235;1392.830;3099.329;1920.051;1689.035;2798.900;7.349;2145.884;1501.031,3591.501;3171.529;-0.483;363.390;1447.161;2424.778;926.742;914.432;3160.035;3433.402;1467.649;3350.696;526.632;256.009;1593.777;2510.894;3138.501;3585.722;2660.713;2799.299;2631.325;2664.535;2753.961;3596.404;1666.954;248.588;613.844;819.551;1277.140;3260.473;0.483;1645.628;3126.524;710.096;222.917;190.167;465.321;3183.218;208.267;515.786;3274.284;2973.262;1998.737;3600.854;-7.777;3601.325;2274.533;1039.225;3333.478;2465.692;3585.780;0.804;1906.338;1651.892;2395.730;690.435;0.342;1747.795;733.010;3438.885;1601.985;1487.286;2568.765;1720.473;3596.011;2945.555;1911.033;777.279;2311.941;2827.160;2919.253;3590.901;491.384;1301.090;1376.152;1302.537;1204.250;1756.130;2061.660;1054.193;208.983;1246.015;-3.423;1034.207;2544.836;2233.202;3596.502;2021.490;1958.575;2167.222;2874.752;2114.735;2212.683;2496.146;1107.793;2980.637;2156.733;1023.522;560.591;31.662
192,350.63625049591064,191,-560.7964235406537,560.7964235406537,0.23515581566387092,459.994;3594.477;1089.119;3116.047;1640.772;2623.375;2647.192;2109.519;1542.050;46.943;58.527;2855.476;1696.869;908.697;3082.436;1221.539;1092.203;1243.013;2425.905;1790.302;1871.053;574.813;1058.144;827.144;1188.937;424.896;403.974;3591.497;3582.579;103.188;582.163;585.987;2601.676;2827.279;5.280;1999.454;-2.073;2142.566;2543.907;3604.007;787.127;3092.833;3246.026;3597.130;77.778;1598.123;3599.315;1460.978;3339.880;1957.603;2665.820;2099.290;2.031;16.195;300.093;868.825;3596.692;2635.182;3176.333;2135.961;2289.135;3579.914;3603.403;3593.522;3150.405;358.081;963.785;-2.119;2031.237;2783.596;2.549;-7.848;1256.451;730.558;2828.761;1272.527;2438.361;1940.328;2166.091;3595.027;3586.538;209.852;2968.225;916.319;-0.102;837.061;2038.494;3598.123;1560.012;4.653;3592.944;538.280;1386.489;3098.824;1927.215;1682.322;2797.102;2.817;2138.706;1494.544,3587.802;3164.283;-7.883;363.176;1454.480;2417.115;922.394;910.279;3167.268;3436.877;1475.487;3354.929;534.070;249.299;1601.298;2504.156;3145.277;3586.582;2667.521;2802.498;2632.493;2657.991;2761.794;3602.527;1659.213;256.369;613.879;813.764;1269.673;3267.334;0.177;1642.720;3119.915;702.382;216.034;182.507;458.629;3190.962;209.529;509.182;3266.628;2970.270;1994.981;3593.671;-0.335;3599.420;2281.978;1031.537;3339.848;2459.631;3591.742;-6.719;1899.626;1656.280;2401.255;691.948;-6.790;1740.227;737.276;3443.854;1609.097;1493.221;2576.237;1727.276;3602.659;2952.744;1918.072;770.041;2316.547;2833.630;2911.639;3597.421;495.519;1308.813;1382.238;1302.414;1211.779;1753.477;2055.502;1051.806;202.267;1238.193;4.173;1031.332;2538.220;2234.413;3603.777;2026.157;1950.759;2169.364;2871.187;2107.104;2210.460;2488.785;1115.241;2973.394;2152.015;1031.054;564.904;39.305
193,352.5164706707001,192,-560.775764233241,560.775764233241,0.19320746356894278,460.401;3599.792;1096.583;3113.492;1638.452;2629.257;2654.622;2102.907;1536.825;39.931;50.879;2848.155;1704.519;913.051;3074.805;1228.264;1099.570;1236.517;2431.777;1785.898;1866.667;567.453;1053.995;833.028;1194.109;431.660;396.992;3598.524;3587.499;106.990;585.548;593.170;2595.062;2823.986;12.527;2007.131;-3.923;2148.983;2538.873;3596.829;779.896;3090.289;3253.665;3595.108;70.361;1592.133;3592.477;1453.193;3346.313;1950.201;2673.463;2095.343;-4.316;23.639;297.739;861.326;3604.181;2636.679;3180.411;2131.911;2286.998;3587.052;3596.281;3599.380;3143.854;352.623;957.097;3.940;2037.956;2777.811;-4.815;-0.684;1253.025;737.932;2836.304;1271.999;2439.602;1944.385;2173.521;3591.215;3579.874;202.434;2961.818;921.602;5.586;844.767;2033.024;3605.564;1556.553;-0.315;3600.458;532.895;1378.775;3106.147;1921.906;1689.393;2802.540;-2.673;2130.952;1495.456,3595.007;3170.337;-0.569;370.781;1450.872;2422.883;929.827;917.563;3161.080;3431.906;1469.658;3347.550;541.843;256.418;1594.627;2496.702;3138.146;3594.190;2661.090;2806.466;2639.171;2650.246;2769.378;3595.730;1664.982;252.861;606.294;806.295;1262.558;3261.074;-7.089;1635.177;3122.684;695.692;223.323;174.921;465.131;3184.720;217.140;502.104;3274.004;2977.555;1987.492;3600.381;-1.347;3593.054;2274.982;1025.526;3333.057;2465.472;3599.462;0.093;1906.423;1651.441;2394.215;684.555;0.622;1740.518;729.902;3451.535;1602.017;1500.930;2582.578;1734.888;3595.620;2946.724;1913.848;777.473;2309.477;2841.307;2914.457;3604.734;490.006;1312.864;1375.251;1307.641;1208.889;1760.967;2060.805;1056.533;194.548;1239.883;4.435;1037.204;2545.498;2239.894;3597.769;2019.524;1943.378;2162.543;2878.640;2105.176;2203.612;2495.805;1112.092;2970.099;2159.430;1025.914;557.630;32.330
194,354.4261372089386,193,-561.0469092634145,561.0469092634145,0.28281839682709986,453.434;3606.309;1090.501;3105.937;1639.233;2634.393;2662.036;2095.243;1543.201;46.871;53.247;2840.479;1712.195;920.653;3074.370;1221.406;1097.428;1243.792;2439.427;1793.315;1859.054;566.227;1048.120;840.688;1199.310;439.221;389.410;3606.174;3595.020;111.219;578.106;587.648;2587.754;2816.400;18.887;2008.739;3.448;2145.333;2545.001;3589.417;782.158;3097.155;3248.073;3601.588;62.631;1595.958;3593.723;1448.001;3339.758;1950.443;2681.157;2088.245;2.836;22.691;303.925;854.294;3597.614;2642.390;3187.412;2124.738;2279.445;3583.031;3592.398;3606.750;3150.717;355.391;955.629;-0.866;2035.357;2770.515;2.397;-6.186;1260.370;745.401;2842.584;1278.933;2447.154;1948.955;2179.899;3583.661;3583.953;195.759;2954.864;914.452;1.174;842.146;2039.642;3599.055;1549.314;-7.852;3607.916;525.263;1385.701;3108.193;1916.163;1682.988;2795.813;4.383;2134.836;1499.980,3598.320;3167.170;-3.266;366.950;1443.433;2422.768;929.452;911.114;3165.745;3439.374;1474.880;3340.212;540.053;261.825;1600.919;2490.402;3133.653;3599.193;2665.449;2813.743;2631.887;2643.901;2773.779;3596.692;1671.083;245.608;608.253;798.564;1255.397;3257.947;-0.167;1641.372;3115.261;688.058;217.234;169.879;472.439;3191.288;223.909;507.307;3275.542;2976.703;1980.939;3605.844;2.651;3598.974;2268.426;1030.228;3335.872;2473.098;3606.559;-2.930;1913.746;1654.758;2392.072;690.893;-0.043;1733.995;736.104;3447.373;1606.732;1495.765;2589.804;1740.751;3589.467;2953.865;1907.990;782.211;2301.905;2842.961;2908.858;3597.386;482.392;1317.863;1380.637;1315.139;1215.628;1760.119;2067.486;1050.043;196.395;1234.318;-0.700;1030.487;2545.598;2233.114;3604.200;2024.556;1939.081;2168.043;2873.599;2100.080;2210.477;2500.567;1115.196;2975.355;2153.573;1018.306;563.904;37.926
195,356.1331446170807,194,-561.0646247928439,561.0646247928439,0.16894816356583547,447.206;3598.938;1090.334;3109.902;1646.611;2627.105;2666.074;2096.254;1550.776;43.354;52.727;2832.908;1712.763;916.693;3081.419;1215.556;1089.929;1251.196;2445.567;1791.717;1859.375;560.246;1055.336;833.744;1194.075;435.642;395.872;3599.857;3589.264;118.365;581.841;593.188;2594.883;2818.069;14.425;2002.096;1.356;2137.985;2539.840;3594.764;789.526;3091.808;3254.464;3596.220;55.023;1588.578;3599.626;1445.848;3343.193;1956.842;2678.243;2095.460;1.842;15.738;310.717;861.369;3592.377;2649.954;3180.946;2129.803;2283.503;3590.422;3599.348;3599.295;3157.206;362.428;957.031;5.782;2028.781;2775.261;4.887;0.444;1267.100;753.076;2836.123;1273.632;2454.527;1948.417;2187.312;3588.853;3591.431;188.122;2954.230;907.823;-5.982;835.473;2046.348;3597.519;1541.651;-0.478;3600.539;520.268;1389.876;3105.241;1911.162;1675.363;2788.177;5.662;2127.998;1500.937,3592.555;3159.821;2.850;363.735;1446.406;2415.469;931.998;903.862;3173.063;3443.973;1482.385;3334.266;532.661;269.357;1607.369;2488.273;3138.440;3603.900;2672.825;2821.400;2634.233;2649.099;2770.709;3603.579;1670.903;250.766;604.580;794.722;1248.788;3253.780;-0.566;1636.818;3108.323;680.818;210.501;162.357;478.920;3197.903;228.829;499.988;3272.179;2969.249;1976.731;3598.528;-3.988;3606.340;2274.871;1037.407;3342.968;2478.351;3599.279;3.222;1915.719;1647.341;2398.547;684.205;-0.897;1730.683;741.199;3442.282;1614.033;1489.486;2584.758;1735.007;3595.803;2958.095;1912.696;778.896;2302.381;2850.095;2901.284;3593.606;483.910;1310.856;1373.804;1322.789;1222.534;1754.037;2060.398;1056.251;195.672;1227.858;2.653;1023.028;2540.410;2225.474;3601.950;2032.032;1932.732;2163.071;2874.499;2092.602;2213.283;2494.347;1122.644;2968.281;2152.065;1019.070;569.857;44.188
196,357.9928300380707,195,-561.32982578169,561.32982578169,0.23489588128753888,452.351;3597.002;1097.413;3117.376;1654.153;2620.489;2667.894;2095.924;1558.145;50.768;56.903;2838.754;1720.178;920.698;3074.696;1208.119;1095.540;1244.334;2453.117;1784.585;1866.059;567.385;1061.091;833.594;1201.191;437.018;401.209;3598.896;3582.504;111.269;588.264;600.396;2591.735;2811.191;7.685;2008.816;-5.413;2145.187;2546.778;3597.645;782.734;3098.841;3262.032;3603.108;55.056;1593.482;3599.116;1438.400;3336.603;1949.532;2671.224;2088.581;-4.384;10.125;303.813;867.895;3598.661;2657.537;3174.333;2124.275;2277.170;3596.562;3604.224;3596.555;3157.189;369.997;949.646;-0.023;2034.158;2767.992;10.371;-6.875;1270.412;758.279;2842.052;1266.113;2461.887;1952.228;2194.925;3595.095;3585.216;193.905;2948.234;900.579;1.086;842.374;2049.613;3602.453;1535.246;3.637;3598.546;512.811;1383.267;3112.326;1903.663;1668.990;2780.732;-1.216;2120.752;1493.886,3585.025;3152.294;-2.443;363.130;1453.301;2408.187;924.952;897.124;3180.650;3436.544;1485.110;3326.829;538.316;269.133;1611.089;2494.870;3145.252;3596.576;2666.409;2816.757;2641.590;2654.111;2763.473;3596.814;1663.675;258.209;597.310;801.581;1254.022;3261.058;-6.587;1630.407;3115.012;673.244;212.282;158.469;486.169;3190.994;221.883;492.765;3265.649;2961.653;1969.238;3602.897;1.412;3599.332;2281.559;1041.950;3350.557;2471.511;3599.755;-1.267;1923.006;1644.991;2406.114;677.297;-5.022;1737.508;748.603;3434.793;1621.003;1485.390;2585.411;1727.474;3603.264;2963.541;1916.609;772.569;2306.870;2857.680;2893.706;3601.033;489.968;1303.536;1374.061;1330.140;1230.116;1754.363;2065.107;1055.363;200.919;1220.304;-3.223;1016.291;2540.546;2217.854;3606.416;2039.648;1930.211;2155.556;2876.972;2085.471;2220.714;2486.786;1129.540;2970.455;2158.171;1024.959;570.466;51.044
197,359.88286328315735,196,-561.1586951619265,561.1586951619265,0.21360556936207245,445.857;3593.799;1090.516;3121.730;1660.736;2612.969;2660.782;2088.619;1553.707;52.729;49.597;2843.411;1725.044;925.669;3072.382;1205.499;1089.728;1241.723;2451.576;1777.053;1862.817;563.334;1065.250;827.223;1195.531;430.604;397.420;3603.050;3589.031;112.472;587.062;593.927;2598.609;2809.589;14.592;2002.040;1.601;2140.016;2549.618;3602.860;777.150;3101.904;3256.179;3597.167;47.850;1592.682;3606.262;1438.335;3333.779;1949.261;2663.963;2095.171;2.741;3.528;302.135;875.374;3598.947;2652.987;3167.660;2131.403;2270.912;3601.525;3597.077;3601.043;3159.952;373.356;955.031;-6.078;2041.584;2772.605;3.282;-6.412;1263.294;753.966;2845.370;1258.654;2469.167;1959.623;2199.519;3590.544;3591.061;200.987;2955.426;905.294;0.611;836.988;2042.318;3596.122;1537.973;-0.627;3603.358;519.449;1382.009;3108.795;1910.304;1675.879;2786.718;5.500;2126.012;1500.626,3591.759;3152.182;4.662;355.895;1460.810;2414.702;931.685;889.667;3174.741;3434.788;1477.946;3331.721;545.286;276.133;1607.601;2497.364;3139.007;3597.673;2669.754;2809.315;2637.654;2648.777;2755.929;3591.794;1658.826;251.865;604.116;794.495;1261.484;3257.141;0.331;1633.615;3115.963;679.961;219.648;151.972;479.255;3193.149;214.359;499.402;3272.517;2965.881;1970.437;3601.397;-5.615;3604.391;2275.476;1049.379;3355.766;2470.213;3604.670;3.396;1915.917;1637.761;2411.766;669.804;2.277;1745.001;742.892;3433.274;1614.044;1477.965;2578.066;1732.485;3596.732;2956.283;1909.493;774.414;2313.676;2852.174;2899.688;3602.453;497.449;1295.985;1381.348;1324.808;1223.037;1748.116;2072.493;1048.021;198.649;1227.430;4.028;1021.096;2547.801;2219.851;3599.151;2034.426;1937.567;2152.959;2883.897;2090.331;2228.263;2481.318;1132.130;2977.833;2157.123;1019.793;563.726;43.966
198,361.58372044563293,197,-561.0370605963337,561.0370605963337,0.11375408412514411,452.971;3593.780;1083.096;3114.878;1653.875;2606.967;2667.557;2094.627;1558.039;51.654;47.115;2850.487;1718.233;933.040;3079.477;1198.190;1082.344;1235.152;2458.370;1781.435;1855.511;568.729;1071.720;834.254;1189.205;437.640;401.728;3596.438;3594.991;105.220;579.800;600.473;2598.732;2802.268;8.461;1994.881;4.468;2142.675;2555.892;3595.700;782.440;3107.681;3250.287;3603.189;48.912;1599.836;3599.069;1444.674;3340.829;1956.267;2666.776;2102.236;1.302;10.463;294.994;870.424;3592.652;2660.029;3173.625;2126.398;2277.576;3594.543;3593.360;3596.872;3153.122;380.675;949.355;1.123;2048.743;2766.669;4.111;-1.214;1255.887;758.432;2838.113;1265.292;2464.273;1956.001;2192.995;3594.923;3597.659;194.138;2962.900;899.378;-1.422;842.718;2048.605;3602.199;1530.763;-3.262;3596.824;514.712;1388.889;3116.017;1909.030;1669.317;2783.237;-0.440;2133.401;1495.003,3590.117;3145.302;4.622;362.819;1463.311;2417.943;934.639;893.868;3177.857;3434.245;1470.871;3324.881;550.722;280.681;1600.247;2490.079;3132.255;3599.521;2662.983;2815.562;2630.365;2641.372;2762.305;3598.051;1665.748;257.304;606.763;787.656;1267.731;3250.574;-3.012;1640.937;3123.143;676.049;225.939;144.558;474.563;3199.111;207.255;505.951;3279.763;2964.155;1976.403;3594.978;-0.186;3597.465;2268.901;1047.336;3363.140;2477.360;3597.669;10.779;1913.017;1642.694;2411.082;667.051;1.557;1752.264;736.978;3425.963;1611.742;1470.984;2575.731;1728.667;3598.694;2956.294;1902.039;779.384;2321.114;2846.513;2906.581;3602.577;503.782;1299.519;1382.905;1322.059;1223.315;1740.696;2068.798;1040.939;205.480;1226.326;-0.057;1017.331;2555.229;2213.558;3604.502;2033.082;1933.951;2157.178;2877.544;2086.664;2235.637;2481.925;1125.188;2972.054;2154.340;1026.042;562.784;36.602
199,363.42595529556274,198,-561.2369608985264,561.2369608985264,0.2227838119400796,454.792;3600.939;1077.212;3114.621;1659.104;2599.701;2661.722;2092.857;1565.357;50.721;39.872;2843.906;1718.647;929.902;3086.770;1203.889;1075.040;1242.193;2451.478;1775.036;1862.133;561.702;1065.079;829.715;1181.813;441.542;408.893;3598.103;3600.388;108.882;584.603;604.902;2605.941;2795.775;1.347;1987.634;0.307;2136.308;2563.282;3593.729;789.792;3102.828;3243.185;3596.643;42.442;1602.253;3597.346;1452.065;3348.172;1963.667;2674.057;2106.703;-2.739;17.833;301.472;864.230;3585.265;2660.484;3166.760;2132.332;2283.610;3594.515;3598.083;3602.962;3145.729;386.990;956.055;5.618;2041.905;2773.387;1.658;-1.401;1253.216;751.425;2842.423;1272.158;2469.463;1948.699;2186.004;3590.644;3603.734;187.341;2970.042;905.412;3.227;836.173;2045.227;3595.606;1523.957;3.896;3594.847;509.309;1383.180;3116.223;1901.974;1663.008;2786.765;5.881;2137.283;1501.666,3591.995;3145.801;3.035;366.137;1470.528;2425.136;928.551;888.150;3185.061;3433.645;1464.063;3329.202;557.914;287.997;1593.245;2495.608;3138.278;3606.656;2669.849;2810.118;2637.187;2645.910;2763.115;3604.927;1666.436;251.163;608.863;780.841;1274.882;3251.941;-5.712;1635.217;3123.404;678.477;232.385;145.296;467.364;3192.408;199.976;513.351;3284.573;2957.022;1969.963;3601.937;-0.603;3598.314;2274.262;1040.523;3357.934;2484.753;3603.208;7.541;1906.649;1640.101;2405.798;671.289;-4.275;1759.552;732.700;3420.804;1605.658;1466.851;2573.598;1735.774;3605.907;2949.605;1898.735;781.937;2313.944;2839.148;2913.352;3601.752;502.496;1293.119;1375.778;1328.863;1229.862;1744.718;2061.502;1033.565;211.395;1232.054;-6.751;1010.028;2562.236;2206.922;3598.682;2032.624;1938.889;2150.059;2884.406;2093.771;2238.065;2474.833;1117.770;2973.288;2147.056;1033.252;569.976;30.841
200,365.2959477901459,199,-561.1172477764812,561.1172477764812,0.18188896053535974,461.312;3606.786;1082.679;3107.513;1656.691;2604.028;2665.099;2085.734;1563.795;48.319;44.299;2849.687;1718.009;936.348;3094.149;1198.043;1074.331;1242.637;2445.025;1768.230;1866.663;559.014;1057.787;834.992;1174.528;435.161;416.266;3604.199;3597.597;114.594;591.471;612.163;2604.218;2788.871;-6.022;1986.620;1.857;2134.292;2570.659;3586.740;786.522;3109.706;3238.347;3601.882;46.269;1608.957;3595.542;1451.558;3350.316;1958.414;2680.111;2100.007;-0.482;16.603;295.941;856.903;3577.883;2660.680;3172.679;2139.643;2285.273;3600.471;3604.972;3596.312;3146.652;394.259;961.356;6.741;2045.405;2768.241;8.726;-3.642;1247.583;747.412;2840.398;1279.475;2476.201;1951.440;2178.652;3583.394;3597.216;180.430;2976.514;912.547;-3.349;831.707;2038.776;3596.560;1519.012;9.232;3591.593;502.021;1376.033;3123.160;1896.932;1662.041;2780.234;11.695;2144.073;1509.013,3595.416;3152.378;-2.767;359.984;1477.750;2419.069;922.210;891.669;3188.856;3432.793;1465.067;3322.660;552.939;293.864;1585.955;2502.783;3131.371;3599.765;2676.611;2807.683;2643.185;2639.415;2767.200;3598.023;1673.150;244.044;602.124;785.623;1274.147;3258.925;1.207;1628.032;3120.886;671.702;231.955;141.676;473.691;3185.338;200.074;508.856;3291.852;2957.267;1975.993;3597.513;1.417;3602.486;2281.330;1036.342;3363.166;2484.810;3599.650;1.284;1910.403;1633.491;2398.513;678.460;2.536;1765.055;739.567;3422.730;1609.658;1473.591;2567.114;1731.250;3599.446;2942.527;1891.506;789.148;2312.193;2833.549;2920.192;3600.183;500.214;1285.940;1378.500;1327.642;1234.311;1738.251;2056.756;1026.800;218.702;1238.111;-0.240;1003.184;2569.598;2200.077;3599.873;2039.346;1946.105;2143.301;2890.937;2098.089;2233.369;2467.965;1112.287;2977.908;2151.366;1033.992;577.180;23.791
201,367.2095539569855,200,-561.1990783514134,561.1990783514134,0.2100973400717623,454.478;3599.712;1087.364;3100.515;1649.833;2611.233;2658.820;2087.164;1570.334;41.274;38.792;2856.937;1710.943;933.936;3099.865;1202.699;1067.277;1236.579;2448.724;1765.206;1872.121;553.975;1050.579;841.745;1168.081;428.129;414.183;3597.254;3590.780;117.420;598.471;612.073;2597.440;2794.237;0.486;1992.570;-4.989;2127.218;2574.811;3592.296;793.210;3103.793;3231.127;3596.863;39.260;1602.085;3602.206;1445.296;3357.468;1957.126;2673.771;2106.183;6.454;22.044;288.872;860.401;3581.143;2653.796;3176.149;2143.844;2292.423;3606.940;3598.032;3597.327;3140.053;389.859;968.371;8.779;2044.554;2767.260;15.261;3.141;1254.656;750.308;2833.250;1283.550;2483.493;1945.803;2184.068;3589.974;3591.185;173.126;2978.097;913.041;3.667;824.518;2031.922;3603.308;1525.076;3.373;3598.413;505.957;1375.803;3118.551;1903.229;1656.251;2780.727;18.925;2137.202;1506.239,3602.596;3154.630;4.071;362.110;1484.548;2412.214;914.939;897.125;3194.575;3428.040;1461.733;3317.191;545.715;299.328;1580.401;2502.179;3125.234;3595.206;2676.370;2801.170;2645.351;2641.919;2760.271;3601.303;1677.769;236.768;608.493;787.486;1267.147;3253.012;2.268;1632.973;3127.994;677.521;230.688;134.631;479.853;3188.798;206.926;501.996;3297.953;2950.446;1983.258;3603.795;-2.370;3596.154;2279.400;1043.247;3368.367;2477.830;3595.146;-5.982;1903.800;1640.287;2391.201;685.383;-0.741;1771.595;746.493;3429.730;1602.606;1478.456;2559.858;1733.253;3600.549;2946.898;1884.430;796.247;2316.819;2827.773;2925.234;3603.117;493.080;1279.209;1385.553;1320.533;1227.323;1744.172;2058.480;1019.738;218.767;1245.376;-6.020;995.887;2575.910;2206.524;3604.796;2032.709;1953.030;2136.057;2898.208;2105.278;2228.019;2474.112;1119.183;2973.706;2146.300;1026.861;584.129;17.450
202,368.91250491142273,201,-561.2535121349661,561.2535121349661,0.11706332279271622,459.820;3600.533;1094.425;3097.284;1655.404;2615.890;2665.519;2085.587;1567.027;46.882;44.984;2850.733;1709.609;940.657;3104.170;1196.131;1072.012;1233.514;2454.496;1758.169;1877.441;560.862;1054.487;842.847;1173.473;431.363;420.787;3593.089;3583.630;110.409;591.635;618.898;2599.497;2788.021;-2.495;1996.980;1.904;2128.489;2580.197;3599.363;800.270;3108.913;3234.517;3603.174;35.503;1606.480;3596.109;1438.383;3351.670;1960.941;2680.021;2101.728;0.200;16.637;291.837;861.886;3585.477;2660.593;3183.002;2138.203;2288.318;3599.994;3597.186;3597.983;3146.834;385.604;962.587;15.848;2037.980;2764.579;15.059;-1.097;1254.008;749.082;2837.021;1290.082;2480.568;1951.941;2181.155;3586.281;3583.981;166.082;2985.167;907.969;0.462;819.840;2038.393;3596.868;1518.517;-2.045;3604.708;499.758;1368.805;3123.367;1900.913;1662.755;2773.677;18.114;2133.776;1512.926,3596.070;3151.731;0.544;368.033;1491.536;2409.604;920.605;890.120;3194.176;3433.461;1468.708;3324.074;551.814;297.294;1584.765;2508.963;3119.238;3600.873;2683.224;2794.018;2649.920;2636.430;2764.505;3596.139;1671.013;242.668;602.455;789.906;1264.230;3259.677;-4.590;1626.421;3125.678;671.399;229.519;139.536;474.379;3181.941;201.168;506.532;3299.352;2952.384;1985.742;3597.284;4.394;3600.244;2276.432;1041.495;3375.531;2481.992;3601.784;0.590;1901.361;1647.093;2393.567;679.067;1.073;1768.413;739.876;3423.122;1607.146;1485.479;2555.192;1726.634;3596.683;2949.347;1884.499;790.903;2311.253;2824.179;2918.406;3596.648;497.147;1283.889;1379.527;1325.094;1231.813;1747.601;2059.811;1026.395;211.857;1242.605;0.652;988.843;2582.459;2202.084;3598.391;2038.884;1948.920;2141.458;2896.084;2102.103;2220.888;2468.140;1125.185;2980.601;2148.076;1020.432;581.164;23.072
203,370.7671949863434,202,-561.4039774900607,561.4039774900607,0.18571960343896718,466.038;3601.907;1088.484;3103.373;1660.511;2621.927;2667.495;2092.472;1573.651;42.660;39.902;2849.378;1705.242;946.270;3098.002;1189.749;1079.001;1226.811;2456.062;1751.787;1884.537;562.052;1061.520;835.950;1180.505;438.401;427.839;3589.535;3586.563;103.541;588.516;624.653;2604.689;2781.990;3.789;1990.349;-0.832;2135.468;2575.423;3605.127;793.954;3103.027;3233.849;3597.562;28.456;1604.646;3593.257;1431.387;3355.595;1953.982;2686.322;2106.917;-2.015;23.413;298.533;868.110;3591.800;2658.301;3187.078;2131.487;2282.253;3600.323;3599.298;3604.029;3144.253;392.287;956.268;12.153;2031.638;2757.546;11.460;4.898;1247.955;755.045;2839.502;1294.678;2486.828;1958.926;2174.208;3589.704;3589.113;159.218;2984.874;900.949;-3.415;825.240;2045.186;3600.215;1511.997;3.609;3597.870;493.289;1365.068;3130.089;1899.262;1663.538;2769.444;16.582;2130.226;1513.500,3594.753;3156.986;-6.222;361.628;1495.300;2407.266;920.893;890.712;3201.159;3438.282;1475.808;3329.019;556.043;303.935;1591.626;2509.922;3124.997;3604.449;2685.591;2800.241;2645.214;2642.995;2771.526;3599.540;1663.958;248.575;596.106;784.567;1270.660;3255.650;1.216;1620.713;3122.884;667.265;235.736;145.547;480.757;3185.827;200.759;507.501;3292.794;2946.473;1979.285;3599.713;-1.989;3596.860;2283.277;1035.371;3372.859;2485.719;3597.430;-2.204;1904.803;1654.145;2399.788;679.903;-4.060;1763.889;733.962;3416.213;1611.248;1479.028;2558.133;1732.278;3601.077;2954.100;1889.805;789.107;2310.361;2823.746;2913.417;3601.417;493.641;1290.588;1374.204;1322.350;1236.179;1744.172;2052.810;1032.998;205.523;1235.740;0.485;987.849;2578.306;2195.052;3604.948;2033.447;1942.309;2137.879;2891.535;2102.711;2222.934;2472.795;1119.220;2976.030;2141.195;1013.992;579.989;19.775
204,372.64390206336975,203,-561.4498213672747,561.4498213672747,0.21548826317192513,467.483;3595.063;1081.400;3106.853;1653.723;2623.563;2661.477;2097.404;1580.113;48.250;46.442;2854.803;1698.920;952.988;3100.231;1196.323;1073.460;1233.434;2462.966;1756.752;1883.158;562.706;1057.699;829.631;1177.818;445.359;421.682;3584.450;3583.079;96.887;581.593;619.526;2598.462;2786.169;9.825;1983.468;-6.963;2139.291;2568.377;3598.336;797.051;3107.914;3227.330;3600.281;24.611;1597.718;3599.549;1436.871;3349.676;1952.739;2681.523;2113.808;4.906;16.889;303.394;875.214;3598.856;2664.531;3192.076;2124.362;2275.192;3596.461;3594.050;3597.195;3150.562;386.233;960.296;18.482;2025.247;2762.782;4.456;4.043;1253.152;748.113;2832.736;1301.709;2485.086;1966.031;2167.435;3596.713;3582.649;152.824;2978.330;893.859;3.241;819.317;2052.246;3605.929;1518.504;-3.198;3602.872;499.306;1371.369;3137.132;1906.221;1659.874;2763.989;9.620;2136.597;1513.789,3600.335;3164.048;0.513;364.282;1501.500;2400.361;927.718;894.187;3202.694;3434.347;1469.699;3325.102;563.063;299.530;1585.024;2503.176;3132.062;3597.572;2689.481;2806.916;2638.168;2637.011;2777.204;3606.377;1669.149;251.696;600.973;777.555;1265.252;3249.030;5.138;1627.326;3129.681;660.809;242.751;152.616;474.373;3180.578;194.216;514.407;3285.726;2939.458;1983.290;3601.606;3.853;3603.634;2276.529;1028.272;3366.142;2488.897;3602.549;-0.259;1897.909;1661.168;2405.404;673.182;2.778;1770.686;732.944;3411.563;1606.584;1483.871;2551.895;1739.339;3603.654;2947.298;1896.870;782.151;2304.659;2830.415;2919.158;3607.471;494.184;1297.608;1380.030;1316.875;1229.718;1737.166;2058.172;1031.737;198.419;1242.300;5.074;994.160;2574.230;2201.042;3598.836;2026.515;1935.188;2144.347;2892.287;2096.442;2224.650;2467.526;1112.294;2972.249;2147.500;1006.930;573.027;14.487
205,374.551292181015,204,-561.4761558550898,561.4761558550898,0.10617270727758954,474.373;3593.137;1080.934;3113.798;1658.357;2630.436;2654.539;2104.324;1575.957;42.741;45.043;2852.928;1691.887;959.236;3106.008;1202.112;1076.415;1232.424;2461.679;1761.289;1878.029;569.493;1051.460;823.495;1172.425;440.213;417.251;3591.038;3582.755;90.035;579.993;614.645;2591.675;2784.871;6.396;1989.773;-0.244;2142.725;2572.925;3599.803;803.655;3102.134;3220.518;3605.910;28.111;1598.251;3601.135;1443.227;3350.659;1948.452;2686.481;2107.603;1.560;13.311;310.368;882.300;3600.572;2671.565;3185.293;2126.935;2268.737;3602.921;3600.548;3600.209;3157.503;379.694;966.424;13.418;2029.609;2769.196;3.362;-0.291;1246.934;746.700;2828.946;1304.340;2490.602;1960.641;2170.068;3593.690;3585.726;151.263;2983.495;890.614;-1.448;815.627;2054.299;3599.132;1522.123;-0.613;3598.041;501.579;1365.132;3141.711;1911.984;1653.340;2756.983;10.946;2133.487;1511.888,3594.161;3157.212;1.005;371.199;1495.826;2406.717;931.990;887.557;3208.383;3441.030;1471.406;3330.564;569.386;292.553;1588.249;2505.110;3139.016;3600.670;2696.365;2813.169;2631.366;2640.474;2771.751;3599.603;1666.301;258.628;594.754;775.455;1271.603;3255.474;-0.531;1627.272;3136.410;667.086;249.485;155.088;470.393;3173.570;187.171;521.326;3278.640;2944.816;1986.648;3595.019;-2.249;3597.222;2273.601;1032.754;3371.376;2482.101;3596.111;4.065;1904.038;1665.029;2412.381;666.113;-1.575;1765.632;726.045;3404.830;1613.182;1479.805;2544.847;1734.148;3596.777;2950.442;1891.403;775.072;2311.059;2837.481;2914.289;3600.791;501.095;1303.369;1375.725;1309.871;1232.393;1742.704;2052.350;1028.351;198.785;1247.840;5.352;994.405;2567.476;2197.366;3594.686;2023.166;1931.473;2149.421;2899.044;2092.512;2231.565;2465.201;1110.082;2978.775;2154.467;1004.372;566.221;20.981
206,376.2593021392822,205,-561.6617139714956,561.6617139714956,0.17662226113300994,479.578;3598.703;1075.777;3120.823;1664.565;2637.456;2648.533;2109.552;1570.044;36.198;39.394;2846.067;1688.554;952.922;3112.894;1203.878;1073.307;1237.204;2468.445;1754.603;1874.639;575.978;1057.841;827.530;1172.004;445.011;421.513;3597.748;3589.595;83.186;573.270;607.707;2598.114;2778.042;3.838;1996.747;3.381;2147.306;2567.529;3601.670;809.387;3106.325;3213.636;3599.267;21.631;1604.983;3599.579;1437.434;3347.847;1949.865;2692.582;2100.631;-2.441;11.341;317.184;886.428;3594.964;2678.174;3178.324;2130.151;2274.171;3596.250;3596.779;3605.839;3163.861;385.581;960.463;6.573;2035.033;2763.223;8.879;4.548;1251.587;751.338;2835.087;1310.976;2497.528;1958.933;2163.347;3589.208;3592.372;144.933;2982.832;885.867;-3.426;822.116;2060.862;3600.495;1516.033;-5.226;3599.429;495.467;1370.725;3148.556;1909.616;1660.011;2750.013;14.165;2138.006;1505.023,3587.401;3156.749;-2.272;378.108;1492.923;2402.974;938.900;883.862;3215.321;3445.242;1476.000;3324.233;565.186;293.209;1590.748;2498.914;3134.739;3600.385;2694.892;2809.643;2637.390;2645.927;2773.497;3599.235;1672.510;265.423;587.939;777.400;1265.732;3260.492;-7.363;1622.489;3141.442;661.654;244.374;161.608;472.300;3167.532;189.792;515.403;3279.301;2944.581;1979.969;3596.142;-0.648;3597.662;2267.569;1032.500;3378.317;2482.288;3598.960;-2.545;1909.402;1671.719;2418.328;661.140;0.042;1768.768;722.106;3398.065;1618.631;1483.306;2538.866;1727.731;3593.629;2957.231;1884.501;778.190;2314.661;2844.503;2907.389;3599.023;501.078;1310.058;1372.590;1316.060;1233.965;1736.784;2046.639;1021.551;196.639;1243.913;5.497;988.761;2561.934;2190.611;3599.950;2029.522;1926.450;2156.366;2892.384;2085.750;2238.574;2471.588;1103.464;2985.775;2160.792;1005.295;567.365;27.918
207,378.13226532936096,206,-561.8767862066502,561.8767862066502,0.2705602750818144,473.872;3605.412;1069.162;3126.502;1660.436;2633.796;2654.583;2102.866;1575.508;42.965;44.642;2850.670;1695.207;946.072;3106.691;1210.522;1066.524;1234.365;2462.403;1753.998;1867.886;570.291;1063.925;821.822;1165.398;451.882;414.936;3591.544;3592.482;76.249;567.275;601.142;2596.346;2771.646;-1.818;1997.468;5.257;2154.151;2565.013;3596.701;816.214;3099.679;3213.845;3598.709;25.544;1611.266;3604.506;1430.535;3341.362;1956.668;2686.023;2097.825;3.803;9.368;313.267;893.254;3600.291;2685.000;3183.346;2123.525;2281.073;3597.850;3600.420;3599.153;3163.776;391.183;962.600;0.431;2028.284;2768.965;2.999;-2.239;1255.417;757.778;2831.054;1305.132;2504.054;1962.191;2165.113;3595.667;3594.490;138.472;2976.062;878.992;3.224;821.243;2067.792;3605.271;1519.763;1.237;3604.665;501.369;1371.868;3155.501;1902.940;1665.675;2745.083;7.760;2144.859;1504.392,3582.566;3163.300;1.220;384.720;1486.130;2405.847;945.408;878.248;3210.304;3438.449;1480.937;3317.307;558.979;299.926;1584.124;2504.952;3127.953;3601.805;2701.013;2810.692;2633.968;2639.338;2780.151;3599.587;1678.684;263.031;583.481;770.848;1267.955;3254.671;-0.872;1615.842;3137.268;667.352;248.607;164.106;479.097;3172.271;196.234;508.503;3285.900;2951.335;1985.736;3602.578;-5.056;3603.043;2260.643;1026.529;3383.410;2488.998;3605.628;-8.652;1913.190;1678.662;2412.160;663.028;-6.151;1775.127;728.141;3393.812;1620.047;1490.142;2532.050;1721.130;3596.975;2953.122;1877.668;785.019;2307.975;2838.976;2913.480;3605.816;494.610;1316.191;1369.253;1313.461;1227.462;1729.943;2051.087;1014.622;203.306;1237.145;-1.284;994.855;2568.590;2193.164;3606.052;2025.453;1932.818;2160.480;2885.704;2090.547;2232.864;2478.491;1105.212;2992.578;2158.116;998.599;571.696;31.758
208,380.029443025589,207,-561.9136789194454,561.9136789194454,0.23984703919146597,478.103;3598.953;1062.266;3120.649;1653.635;2637.023;2661.365;2096.098;1582.281;43.573;51.203;2846.953;1701.320;951.224;3112.106;1210.838;1066.734;1240.367;2460.866;1760.654;1860.993;576.082;1058.351;828.162;1167.695;457.903;414.185;3597.038;3596.637;74.268;560.519;597.117;2590.438;2764.760;4.531;2003.572;-0.552;2149.310;2571.439;3602.634;811.213;3105.388;3207.515;3604.957;22.127;1610.226;3597.787;1435.361;3334.475;1953.200;2681.213;2095.369;5.790;2.643;318.938;899.631;3606.341;2686.960;3189.994;2126.016;2287.437;3597.389;3607.065;3599.270;3170.450;384.883;957.665;-6.403;2023.341;2775.674;-3.866;-2.330;1249.735;751.434;2824.259;1311.284;2510.836;1956.852;2170.796;3597.770;3598.897;131.638;2981.229;874.412;-0.528;815.078;2074.666;3598.794;1519.185;0.086;3598.069;507.119;1378.542;3151.621;1909.200;1660.613;2738.600;14.066;2145.875;1498.762,3577.045;3158.817;-5.247;391.292;1491.059;2399.389;944.078;871.417;3205.096;3436.659;1487.758;3315.454;552.123;306.311;1577.322;2511.233;3131.460;3595.319;2706.202;2817.424;2627.329;2632.709;2786.182;3603.608;1672.043;264.500;589.631;764.201;1274.582;3260.628;-2.158;1608.944;3130.467;673.002;248.749;158.356;478.996;3179.074;190.180;508.046;3284.087;2958.178;1981.267;3596.089;1.598;3596.503;2259.832;1031.741;3390.220;2485.215;3599.163;-2.093;1906.629;1685.322;2412.148;660.677;0.371;1782.001;722.649;3400.199;1613.819;1496.063;2525.265;1727.436;3599.638;2946.351;1881.701;785.297;2313.593;2832.494;2917.836;3607.126;499.492;1323.006;1375.967;1308.086;1220.596;1723.260;2054.104;1019.192;210.200;1236.540;-2.563;988.248;2574.808;2199.835;3599.521;2018.814;1939.435;2167.132;2879.272;2083.955;2238.195;2479.090;1111.960;2997.452;2151.368;991.767;578.497;38.551
209,381.73363423347473,208,-561.7378582378842,561.7378582378842,0.19235564751888917,471.727;3599.891;1058.135;3123.575;1657.131;2643.714;2668.117;2089.809;1585.298;40.200;57.615;2840.494;1707.070;957.920;3108.216;1204.351;1071.411;1234.811;2455.477;1760.713;1854.478;579.135;1051.613;834.944;1174.372;464.717;407.559;3594.006;3603.382;78.703;554.231;603.426;2596.610;2758.561;10.430;2009.424;-7.119;2154.534;2578.265;3596.139;816.074;3109.353;3213.976;3598.661;19.297;1603.805;3591.787;1429.825;3340.070;1954.698;2675.268;2088.710;-0.553;8.560;319.998;894.719;3599.811;2693.504;3195.844;2120.452;2285.070;3591.475;3600.461;3597.176;3167.248;390.027;950.894;0.030;2016.616;2780.316;2.107;1.369;1243.004;755.489;2829.014;1308.322;2504.594;1950.066;2177.555;3591.704;3592.549;127.969;2985.441;868.347;-4.278;821.524;2073.954;3602.948;1512.664;-4.201;3597.463;501.880;1379.919;3152.866;1912.821;1666.832;2731.780;16.835;2146.788;1505.187,3583.459;3153.355;1.162;384.906;1484.475;2401.688;939.017;868.508;3200.918;3436.155;1486.783;3322.034;548.293;301.464;1582.398;2517.519;3131.541;3600.488;2712.983;2819.623;2626.511;2632.421;2787.937;3597.031;1668.495;271.013;596.408;757.589;1281.287;3259.484;-0.702;1613.669;3124.169;671.084;255.280;164.769;472.580;3176.669;185.614;511.662;3287.794;2960.888;1985.149;3600.456;-0.789;3597.502;2253.404;1025.464;3385.187;2489.180;3597.923;3.741;1903.240;1689.929;2417.328;655.253;2.198;1778.428;724.674;3406.517;1619.809;1490.207;2518.699;1733.255;3606.251;2939.786;1881.310;787.703;2309.190;2826.485;2923.786;3605.938;506.217;1317.878;1370.620;1314.510;1226.029;1727.468;2060.800;1013.810;205.279;1238.184;3.636;991.235;2579.529;2195.997;3601.916;2017.849;1939.462;2163.774;2874.559;2087.098;2244.512;2484.936;1111.835;3001.316;2145.181;987.356;583.181;32.622
210,383.6013927459717,209,-561.7028535078146,561.7028535078146,0.17862402884802692,471.645;3602.560;1062.785;3130.229;1662.031;2639.980;2662.276;2093.067;1578.801;41.450;64.391;2836.035;1701.254;953.341;3114.682;1197.922;1065.845;1230.675;2461.475;1754.448;1856.859;585.740;1056.385;838.958;1168.215;459.878;409.896;3599.229;3597.869;72.240;559.875;606.298;2597.697;2763.353;17.183;2004.072;-1.762;2149.473;2574.842;3600.201;813.480;3114.511;3208.742;3598.492;25.875;1610.193;3591.269;1435.773;3346.756;1951.104;2669.924;2092.910;-7.326;4.264;326.219;890.565;3596.777;2689.674;3189.474;2126.318;2278.683;3591.262;3600.571;3602.440;3167.399;396.206;956.626;6.042;2018.739;2774.955;7.937;-0.073;1242.330;749.141;2835.281;1313.492;2506.244;1955.694;2174.491;3586.048;3598.238;129.374;2991.546;874.718;2.014;818.806;2072.669;3597.416;1506.084;2.198;3591.700;495.153;1379.296;3150.615;1919.280;1673.487;2734.954;10.529;2140.337;1499.309,3589.512;3146.625;5.188;378.337;1484.729;2395.954;932.303;867.337;3194.341;3436.645;1480.351;3326.547;544.171;294.864;1588.153;2511.387;3138.042;3597.422;2707.189;2826.176;2629.511;2637.592;2794.564;3597.016;1662.955;277.616;602.741;750.874;1281.642;3265.529;4.817;1620.257;3129.420;677.643;250.818;169.481;476.759;3173.478;180.681;510.055;3281.681;2967.186;1982.726;3605.137;-6.100;3602.942;2258.185;1019.574;3390.112;2487.460;3599.661;9.218;1907.017;1692.655;2424.040;648.551;-3.337;1771.946;718.786;3400.794;1626.259;1483.602;2512.383;1739.636;3599.682;2934.461;1887.872;781.200;2309.955;2831.839;2918.106;3602.841;512.770;1311.688;1369.887;1312.470;1229.449;1723.313;2064.015;1009.020;209.849;1244.803;0.235;996.819;2575.059;2194.430;3599.070;2011.250;1932.892;2169.568;2867.859;2081.522;2249.131;2484.553;1105.578;2996.045;2148.647;993.692;589.829;26.324
211,385.49179434776306,210,-561.759813556195,561.759813556195,0.17793449532506891,477.727;3596.314;1056.443;3127.528;1656.616;2633.661;2656.565;2099.656;1584.786;36.194;60.536;2829.391;1694.588;949.091;3121.192;1191.199;1059.234;1225.925;2468.171;1749.596;1861.514;592.451;1063.000;845.434;1168.193;463.468;414.670;3605.540;3594.829;65.707;553.730;602.286;2591.402;2757.716;15.788;2010.362;4.897;2143.935;2572.885;3601.913;820.009;3121.178;3203.252;3603.555;22.833;1606.687;3597.002;1436.507;3351.780;1957.470;2676.124;2088.157;-1.154;10.315;332.906;888.680;3601.030;2684.001;3185.734;2121.990;2284.943;3597.642;3597.943;3596.082;3161.539;393.330;958.996;3.153;2012.656;2770.769;12.669;5.641;1248.892;742.473;2830.665;1314.252;2512.659;1950.959;2177.698;3592.310;3598.602;122.885;2988.339;873.933;-1.842;812.213;2079.184;3602.453;1505.260;-2.895;3597.039;489.067;1385.849;3157.108;1917.641;1673.293;2728.559;14.572;2135.892;1492.802,3595.027;3149.875;5.379;372.336;1490.344;2395.747;925.659;861.195;3200.768;3434.473;1473.993;3327.110;538.097;292.801;1582.961;2504.681;3132.079;3590.859;2708.949;2827.178;2623.200;2631.174;2801.296;3601.722;1658.706;283.977;609.440;744.139;1275.304;3270.086;0.800;1626.898;3134.518;680.991;256.604;176.120;470.781;3179.884;186.380;503.478;3287.968;2973.720;1989.272;3598.763;0.259;3596.633;2251.900;1025.688;3396.718;2492.461;3605.714;3.269;1901.750;1699.250;2428.121;641.821;2.443;1770.664;725.147;3406.020;1632.981;1478.052;2509.739;1744.337;3594.402;2940.637;1885.468;780.089;2303.568;2825.614;2923.640;3601.143;519.110;1307.206;1376.097;1309.510;1226.856;1716.687;2070.411;1002.366;216.487;1251.450;-6.152;991.562;2581.096;2200.859;3604.236;2006.628;1934.143;2176.224;2861.261;2074.841;2245.089;2490.564;1099.800;2999.302;2142.309;988.085;584.497;19.752
212,387.21137404441833,211,-561.9123160069223,561.9123160069223,0.1517822304308016,472.906;3597.455;1058.297;3121.271;1662.588;2628.752;2661.930;2101.376;1582.394;32.823;54.403;2831.726;1695.422;951.690;3116.190;1194.843;1063.223;1219.367;2465.503;1743.629;1868.087;591.366;1057.570;842.691;1161.816;462.740;408.723;3599.241;3591.822;66.858;551.282;595.714;2585.054;2763.155;10.020;2005.235;3.773;2149.563;2578.925;3595.526;816.529;3126.548;3208.319;3597.404;27.066;1600.360;3598.338;1442.617;3354.735;1951.400;2671.240;2094.187;2.237;14.172;327.390;892.570;3595.898;2677.410;3191.120;2126.934;2283.367;3604.298;3600.756;3595.048;3163.347;399.414;965.474;-3.136;2018.296;2774.488;17.869;2.464;1249.271;746.227;2835.959;1307.778;2506.849;1944.514;2172.046;3588.017;3604.844;120.712;2994.349;880.288;2.715;805.884;2074.520;3598.023;1499.654;2.497;3603.348;491.926;1382.363;3153.416;1923.208;1679.655;2732.112;21.147;2130.076;1498.092,3601.576;3155.735;-0.309;365.716;1484.490;2402.245;929.546;864.432;3196.009;3433.208;1467.333;3328.191;543.947;287.551;1576.915;2508.458;3131.962;3594.524;2702.696;2823.110;2629.422;2634.123;2796.298;3599.710;1652.125;279.786;610.335;740.955;1270.729;3265.004;-5.774;1621.700;3128.490;687.421;252.453;171.630;475.562;3178.769;191.415;507.141;3288.218;2971.624;1992.100;3601.565;-2.884;3599.348;2251.149;1030.840;3393.530;2485.998;3599.311;2.433;1895.137;1704.569;2432.606;635.586;-1.421;1776.876;721.657;3412.583;1639.590;1483.540;2514.884;1741.975;3598.343;2936.128;1891.516;785.689;2309.280;2828.999;2925.070;3602.019;525.395;1308.906;1374.596;1315.170;1232.518;1710.628;2067.442;1006.510;221.829;1256.051;0.197;995.462;2587.746;2198.663;3597.977;2001.102;1939.774;2172.364;2865.807;2079.163;2238.721;2490.255;1093.176;2994.818;2136.293;983.826;581.840;19.212
213,389.0766055583954,212,-562.0830823969181,562.0830823969181,0.23025521662450507,467.039;3602.677;1052.120;3118.461;1657.206;2634.501;2666.202;2107.610;1587.772;35.176;57.303;2825.668;1690.102;958.173;3114.984;1189.298;1058.984;1219.073;2471.198;1745.795;1873.908;597.529;1062.661;844.291;1167.330;459.989;402.146;3599.347;3597.631;60.932;550.963;601.719;2578.724;2757.260;13.171;2009.722;-2.290;2144.297;2585.415;3600.870;821.179;3131.904;3202.214;3600.811;29.395;1597.560;3604.705;1436.433;3360.922;1949.261;2675.576;2100.323;0.634;19.627;332.176;899.068;3601.510;2683.365;3185.453;2120.591;2288.657;3598.217;3606.328;3598.596;3158.213;393.892;959.680;2.441;2015.063;2780.993;12.689;-2.209;1254.502;742.282;2831.215;1311.990;2512.384;1950.305;2166.270;3593.195;3598.481;114.291;2999.364;874.765;0.687;801.235;2080.413;3600.048;1493.117;-1.778;3597.212;485.716;1388.504;3149.328;1919.015;1676.672;2727.124;27.044;2123.497;1492.848,3601.014;3161.927;-6.508;367.954;1489.935;2408.787;935.963;858.162;3201.466;3430.681;1472.445;3324.105;538.208;289.159;1573.127;2505.618;3125.903;3595.265;2704.291;2829.029;2634.760;2639.407;2801.067;3606.069;1655.153;284.375;604.577;742.896;1264.313;3258.457;0.329;1622.539;3131.693;681.451;245.952;166.618;481.549;3174.831;197.965;502.441;3287.595;2972.215;1998.340;3595.874;2.602;3605.461;2255.720;1025.464;3399.462;2479.460;3598.968;-3.746;1888.999;1698.952;2434.049;636.561;-5.881;1783.142;717.210;3409.733;1641.946;1489.969;2509.510;1735.625;3597.946;2933.838;1886.291;791.482;2312.187;2831.130;2920.515;3603.573;524.003;1315.371;1380.479;1308.947;1226.964;1704.464;2072.986;1011.962;225.404;1255.053;-0.167;989.116;2591.842;2204.906;3603.158;1994.529;1933.892;2171.356;2866.701;2075.978;2232.531;2484.051;1093.912;2988.291;2132.685;977.638;586.196;23.781
214,390.9671392440796,213,-561.9474646924382,561.9474646924382,0.18140000178294255,472.857;3596.509;1045.755;3112.500;1660.474;2639.669;2661.617;2109.555;1594.084;28.934;52.157;2820.328;1694.627;960.068;3108.804;1187.595;1059.227;1224.855;2471.570;1739.602;1880.435;593.711;1068.725;837.932;1165.843;453.590;407.730;3600.780;3598.512;54.576;544.608;597.736;2583.380;2754.664;8.185;2015.628;3.570;2148.272;2588.280;3602.831;817.016;3138.398;3203.124;3600.926;35.602;1591.220;3598.462;1440.607;3355.406;1943.280;2681.818;2097.355;2.399;26.142;329.080;905.608;3607.701;2686.580;3190.398;2122.868;2289.992;3600.175;3599.976;3602.018;3151.711;397.850;954.615;0.307;2009.634;2779.447;6.186;3.983;1252.826;738.918;2831.052;1309.228;2517.011;1946.155;2159.969;3597.056;3597.637;108.257;2993.379;877.370;-5.528;806.325;2078.314;3606.424;1497.065;1.930;3600.061;486.329;1386.254;3154.129;1913.460;1675.495;2723.506;23.967;2126.386;1493.586,3594.626;3156.012;-0.480;366.565;1494.057;2410.465;941.650;851.616;3207.982;3436.473;1478.272;3317.658;531.880;295.559;1579.315;2510.954;3130.999;3588.914;2710.695;2835.354;2638.185;2645.916;2796.456;3600.094;1660.571;290.825;598.061;749.313;1268.074;3252.135;-2.770;1616.356;3137.495;675.168;239.394;171.720;488.034;3168.547;204.078;495.975;3281.238;2978.594;1992.924;3593.604;-1.527;3599.986;2261.288;1019.969;3405.689;2473.868;3602.323;0.644;1895.220;1699.045;2427.841;642.771;0.389;1789.653;714.421;3411.354;1635.783;1484.246;2515.859;1729.740;3602.412;2940.178;1879.900;797.790;2311.545;2825.314;2914.051;3598.286;517.634;1321.063;1375.806;1303.516;1231.536;1709.734;2066.637;1012.892;220.094;1248.653;0.102;982.862;2585.922;2200.256;3597.541;1993.124;1939.095;2177.696;2860.382;2069.609;2229.334;2477.582;1100.293;2991.694;2138.910;976.656;592.653;30.262
215,392.883252620697,214,-562.0444021899432,562.0444021899432,0.20151651649306732,478.942;3591.670;1039.269;3118.109;1664.092;2646.117;2655.190;2108.894;1588.651;24.202;47.820;2826.170;1700.871;954.539;3114.367;1193.765;1052.935;1231.306;2471.609;1745.372;1879.805;596.014;1073.843;831.815;1159.818;459.000;412.350;3601.449;3592.221;48.082;538.251;591.359;2577.271;2760.173;3.939;2014.547;-1.120;2153.869;2582.010;3596.907;822.854;3141.642;3199.576;3606.252;41.942;1585.382;3598.856;1444.151;3348.943;1938.263;2675.693;2103.250;8.748;21.666;334.223;910.439;3601.585;2692.963;3191.754;2118.434;2284.144;3604.399;3597.577;3595.760;3157.899;392.060;959.992;6.401;2010.334;2785.666;8.246;9.794;1258.823;738.696;2828.283;1302.861;2512.888;1950.949;2165.515;3603.459;3600.204;101.841;2986.897;878.463;0.697;809.892;2084.326;3600.386;1503.267;-3.848;3605.968;492.580;1390.833;3148.111;1919.685;1669.157;2717.116;17.609;2132.634;1492.614,3590.071;3149.671;-2.922;360.320;1499.696;2416.780;948.014;845.175;3212.279;3435.474;1479.417;3320.995;525.383;291.390;1578.050;2505.175;3125.005;3582.473;2710.072;2841.854;2632.135;2649.908;2800.453;3604.408;1654.785;296.921;597.417;749.835;1262.524;3256.236;1.747;1612.395;3134.518;679.126;233.706;171.291;487.937;3164.840;209.770;489.650;3285.653;2975.503;1998.574;3587.592;3.837;3601.845;2266.301;1013.510;3411.803;2470.767;3596.352;3.972;1901.066;1701.853;2425.820;637.152;-3.234;1787.552;720.600;3417.474;1636.505;1486.493;2517.520;1723.266;3600.126;2938.287;1884.506;791.938;2317.686;2829.604;2911.363;3604.266;522.847;1327.484;1369.599;1297.410;1237.922;1704.751;2065.854;1006.906;225.371;1242.412;-4.219;976.829;2581.041;2194.939;3600.581;1986.788;1943.425;2183.898;2855.730;2065.210;2222.948;2483.541;1106.379;2986.354;2143.954;982.946;591.201;32.844
216,394.6031892299652,215,-561.930215638498,561.930215638498,0.10001883054622594,475.848;3597.208;1039.933;3124.522;1670.426;2640.543;2648.745;2115.126;1582.302;29.739;41.495;2827.954;1707.311;948.160;3120.667;1200.204;1055.980;1236.631;2477.894;1751.760;1873.548;598.142;1068.251;836.725;1153.418;452.863;412.932;3595.286;3595.213;42.157;543.908;591.508;2573.043;2766.520;-2.386;2020.694;4.240;2147.786;2576.059;3600.797;819.783;3135.561;3193.237;3600.041;35.792;1591.131;3597.467;1439.985;3354.460;1943.574;2670.204;2102.303;14.556;15.315;328.680;916.716;3595.473;2687.940;3185.557;2123.721;2289.766;3598.252;3603.161;3597.857;3162.798;397.023;966.095;12.345;2016.610;2782.138;13.429;14.887;1264.340;732.417;2834.529;1305.861;2518.850;1947.552;2159.964;3597.803;3605.039;104.843;2988.632;884.460;-1.231;807.004;2085.774;3597.224;1509.413;2.054;3599.887;492.400;1386.850;3148.406;1925.400;1663.496;2721.314;18.406;2126.507;1486.322,3593.752;3147.551;3.209;354.591;1499.601;2413.894;954.412;839.670;3216.413;3429.459;1473.255;3315.951;519.310;285.036;1581.154;2500.443;3124.453;3587.378;2707.161;2846.029;2625.723;2644.763;2805.747;3598.633;1648.753;295.421;603.500;743.814;1256.162;3256.981;1.826;1618.461;3139.817;685.140;234.674;174.314;483.516;3158.496;206.532;492.984;3286.185;2978.910;2003.938;3581.495;7.966;3595.867;2272.677;1007.147;3418.021;2475.178;3597.613;-2.003;1902.584;1695.947;2431.381;632.163;1.103;1781.673;726.549;3419.434;1642.382;1492.216;2512.206;1720.129;3595.614;2933.221;1889.445;785.522;2318.372;2835.961;2916.860;3601.461;523.857;1331.420;1365.099;1291.679;1239.573;1699.487;2064.405;1001.390;226.175;1244.498;2.014;981.700;2584.539;2200.878;3601.068;1980.598;1937.381;2188.606;2850.965;2062.899;2216.529;2489.803;1110.854;2991.812;2149.821;989.182;586.517;30.338
217,396.48305320739746,216,-562.048324482096,562.048324482096,0.1651208459499087,481.814;3603.342;1035.079;3129.656;1672.119;2638.477;2647.113;2121.514;1577.086;36.055;45.685;2834.061;1709.407;951.139;3125.610;1200.036;1051.499;1232.201;2483.809;1746.800;1867.754;604.086;1072.678;843.056;1157.794;456.514;406.730;3598.688;3600.940;35.796;543.250;587.907;2566.872;2763.207;-2.509;2019.374;0.166;2152.883;2580.450;3596.032;813.653;3130.742;3188.382;3601.463;35.179;1596.050;3603.215;1434.105;3357.359;1949.854;2663.866;2098.970;19.594;9.188;333.715;913.334;3591.922;2688.301;3182.869;2122.944;2295.666;3592.657;3598.430;3604.071;3168.736;393.196;960.394;15.694;2019.753;2787.486;17.475;10.702;1270.678;735.869;2839.261;1305.355;2514.356;1941.558;2154.349;3598.311;3598.903;99.063;2982.790;878.441;-0.269;813.102;2090.044;3598.000;1508.571;1.445;3599.199;491.240;1392.653;3144.438;1921.554;1669.488;2717.045;21.196;2121.279;1487.073,3599.937;3143.016;-0.516;348.298;1493.508;2409.184;959.172;834.187;3222.715;3423.093;1468.253;3310.238;512.931;279.065;1575.039;2494.149;3118.459;3593.471;2713.115;2840.250;2627.134;2643.698;2812.087;3596.936;1647.819;301.249;609.845;737.529;1249.777;3263.217;5.719;1624.756;3133.816;691.388;229.152;180.574;477.202;3152.365;200.259;496.926;3291.266;2979.272;2008.390;3578.146;13.309;3591.908;2270.048;1000.753;3417.198;2481.474;3603.298;3.052;1907.331;1701.433;2437.723;625.833;-4.664;1784.007;732.917;3413.344;1648.732;1498.548;2505.883;1714.363;3601.751;2926.894;1884.616;779.691;2312.164;2841.559;2923.211;3607.333;530.037;1334.266;1358.802;1285.315;1245.809;1693.221;2062.867;995.035;232.310;1244.340;4.173;987.548;2581.482;2205.808;3600.689;1976.758;1931.503;2193.610;2851.233;2056.917;2210.804;2496.173;1115.011;2998.160;2156.067;995.108;591.696;24.076
218,398.39161133766174,217,-562.2332995552215,562.2332995552215,0.18152345364053438,476.467;3597.556;1028.918;3135.942;1676.378;2637.732;2641.335;2116.485;1578.434;31.615;45.397;2840.312;1714.550;951.560;3131.885;1195.690;1045.325;1229.020;2488.615;1751.169;1861.671;606.427;1078.256;837.526;1154.137;458.208;411.366;3596.480;3595.248;37.379;546.552;581.730;2560.580;2769.072;3.639;2020.009;-4.843;2148.356;2574.651;3601.647;819.566;3124.639;3182.107;3601.404;29.301;1590.050;3598.005;1440.058;3352.153;1956.181;2657.608;2104.976;13.541;14.541;339.874;908.513;3597.556;2694.228;3176.776;2117.192;2290.102;3598.021;3596.326;3598.219;3174.889;387.245;965.427;15.126;2017.750;2793.780;11.500;12.090;1266.373;733.953;2837.590;1304.679;2508.550;1947.107;2149.874;3603.811;3593.890;94.690;2976.904;875.816;4.329;809.119;2096.295;3603.369;1503.481;1.020;3601.142;497.367;1398.850;3138.195;1923.889;1672.906;2712.267;15.113;2124.975;1483.428,3605.024;3149.028;3.172;342.075;1488.300;2414.464;953.384;839.122;3221.403;3429.268;1473.426;3316.254;515.380;272.745;1578.560;2494.934;3112.165;3590.659;2707.686;2834.141;2627.996;2649.773;2808.608;3599.829;1641.706;300.278;616.147;740.761;1243.443;3257.043;11.960;1628.308;3132.440;696.225;222.852;182.227;470.870;3151.914;195.590;491.126;3297.511;2984.777;2014.580;3582.543;7.855;3597.463;2275.442;1005.565;3411.063;2476.323;3597.442;-0.435;1902.991;1695.447;2443.897;626.253;0.557;1779.163;739.258;3419.229;1648.979;1496.791;2502.877;1720.066;3606.206;2925.200;1889.110;773.383;2310.989;2847.071;2917.953;3601.444;526.859;1334.915;1353.888;1290.933;1240.655;1687.214;2068.948;999.782;237.879;1250.089;9.536;990.172;2575.271;2212.052;3606.713;1982.478;1937.200;2199.536;2845.110;2050.599;2205.475;2491.551;1109.054;3003.138;2150.428;999.279;585.773;26.975
219,400.31678462028503,218,-562.295421913802,562.295421913802,0.18083085556957335,477.859;3599.900;1030.598;3132.605;1682.518;2633.251;2638.147;2111.578;1572.777;26.687;40.521;2834.646;1720.765;946.446;3131.264;1201.511;1049.574;1232.075;2489.092;1749.687;1866.454;600.364;1075.674;834.700;1147.956;453.846;412.104;3590.339;3600.549;41.030;552.642;584.351;2565.681;2769.521;1.665;2017.084;1.111;2152.816;2569.792;3607.900;817.414;3118.770;3181.169;3599.157;27.010;1591.475;3592.633;1439.179;3346.411;1950.813;2662.880;2108.440;14.375;11.867;334.340;902.631;3598.734;2699.491;3178.529;2110.933;2284.368;3594.231;3602.183;3600.185;3181.150;392.456;971.542;9.129;2023.521;2788.721;15.766;15.551;1269.515;728.019;2843.492;1310.659;2502.385;1951.640;2145.167;3597.918;3599.218;88.578;2980.620;879.296;-1.593;802.939;2100.976;3597.445;1508.187;-3.859;3597.388;503.602;1393.574;3138.181;1929.172;1678.281;2717.898;18.823;2123.510;1477.875,3599.022;3150.052;-1.635;345.709;1494.368;2408.591;954.825;833.413;3225.898;3430.691;1477.934;3319.807;518.590;273.572;1581.552;2500.905;3106.579;3587.329;2701.781;2829.960;2634.112;2646.628;2802.505;3605.151;1636.017;301.948;613.518;746.929;1237.429;3255.670;7.229;1622.502;3131.542;699.851;222.487;176.264;475.593;3145.848;200.251;484.909;3302.512;2991.017;2020.826;3577.097;1.610;3603.161;2281.641;1010.534;3405.135;2470.238;3596.202;-6.355;1899.425;1699.473;2446.674;631.270;1.918;1772.988;736.645;3420.217;1654.222;1502.234;2508.584;1714.764;3600.216;2930.881;1895.257;772.417;2313.226;2851.987;2912.266;3597.267;521.038;1341.040;1347.803;1285.767;1236.856;1692.409;2070.651;994.112;244.125;1256.261;12.590;985.055;2578.012;2218.199;3600.745;1977.038;1935.449;2198.652;2847.019;2044.313;2199.274;2485.644;1105.109;3009.364;2153.155;993.552;581.747;33.074
220,402.0330948829651,219,-562.27029891754,562.27029891754,0.17095368129355534,482.399;3599.610;1025.992;3127.334;1676.806;2639.236;2643.749;2115.798;1566.589;26.543;35.772;2839.267;1726.070;952.258;3127.846;1196.548;1044.756;1238.182;2483.161;1755.391;1863.074;604.928;1081.300;840.013;1153.037;457.056;406.154;3589.307;3605.402;36.496;547.456;578.429;2561.108;2775.269;4.163;2010.996;-2.540;2152.833;2566.058;3602.316;811.373;3113.620;3180.181;3605.180;20.917;1596.675;3590.079;1444.339;3340.206;1955.343;2660.693;2114.555;8.464;17.792;329.655;897.170;3601.503;2695.005;3177.065;2104.704;2280.209;3594.478;3598.490;3602.500;3187.116;390.052;966.907;12.385;2020.540;2791.315;11.146;21.667;1275.524;733.751;2849.577;1316.127;2496.577;1957.758;2151.001;3598.927;3596.690;82.423;2976.742;873.397;2.961;797.029;2107.130;3596.977;1514.350;2.051;3601.994;505.651;1399.208;3132.346;1924.142;1673.017;2723.120;24.031;2126.274;1476.791,3600.109;3155.729;3.482;339.857;1491.806;2403.145;949.645;838.408;3223.546;3430.867;1472.532;3314.280;524.680;268.250;1575.601;2495.964;3104.937;3581.215;2702.478;2835.390;2639.953;2640.524;2796.846;3599.551;1631.355;296.143;616.896;752.587;1237.643;3255.183;12.389;1616.794;3136.904;694.239;226.243;170.416;471.232;3139.680;206.061;483.881;3308.478;2997.242;2027.034;3570.927;-4.301;3598.315;2276.043;1015.930;3410.074;2475.050;3600.553;-0.489;1893.333;1705.611;2440.694;637.390;-0.972;1776.712;732.374;3419.999;1648.549;1497.480;2514.421;1720.094;3605.459;2930.136;1889.564;774.647;2307.287;2848.034;2908.942;3598.157;514.941;1347.262;1352.228;1280.148;1230.785;1698.162;2076.692;991.925;250.352;1257.525;9.398;980.067;2578.975;2222.204;3604.180;1970.959;1941.328;2204.483;2844.271;2048.298;2197.906;2479.523;1099.087;3004.333;2148.171;996.356;586.000;37.634
221,403.9211630821228,220,-562.3163723876703,562.3163723876703,0.18384526190348532,488.497;3597.712;1020.100;3121.788;1678.085;2644.653;2647.405;2118.038;1568.198;20.887;40.887;2833.962;1720.415;955.250;3124.309;1200.268;1038.878;1236.484;2488.038;1750.660;1865.256;602.227;1076.638;841.700;1153.021;460.245;403.191;3594.594;3599.504;40.970;541.851;580.199;2556.008;2778.343;10.148;2007.438;-2.837;2155.114;2564.462;3598.534;812.050;3119.176;3185.601;3599.720;15.936;1602.239;3595.503;1450.383;3344.246;1961.209;2666.260;2120.286;6.696;18.757;324.358;902.841;3606.981;2700.261;3181.800;2107.982;2275.445;3592.042;3594.039;3596.885;3186.010;384.395;962.607;7.121;2014.489;2792.701;5.041;16.823;1273.354;731.862;2852.187;1311.434;2490.476;1963.895;2147.003;3604.481;3597.257;78.308;2976.880;873.259;2.132;791.427;2105.266;3598.563;1519.730;-0.578;3596.929;511.071;1397.590;3132.841;1918.035;1673.061;2723.461;29.056;2132.318;1482.773,3601.123;3151.008;-0.252;344.109;1497.298;2405.440;954.918;834.791;3229.468;3430.871;1468.310;3311.025;520.174;271.992;1577.483;2498.416;3099.155;3579.594;2696.701;2830.997;2642.941;2638.404;2801.084;3604.045;1625.247;292.227;619.879;748.754;1232.418;3254.565;7.767;1621.108;3131.089;698.923;220.684;171.341;475.735;3134.318;211.012;484.309;3313.253;3003.404;2032.031;3569.887;1.394;3600.242;2270.263;1012.141;3412.350;2471.319;3595.141;-3.383;1896.722;1705.077;2434.933;635.585;-6.899;1772.001;726.696;3415.834;1646.030;1501.327;2519.339;1714.997;3600.047;2924.514;1886.407;780.607;2310.571;2853.903;2913.964;3604.086;512.356;1348.272;1358.253;1274.617;1234.813;1696.589;2073.873;988.179;252.948;1263.103;5.385;974.368;2583.898;2228.224;3598.857;1970.819;1936.716;2210.571;2842.306;2044.184;2191.905;2481.183;1092.988;3006.691;2151.778;991.241;591.611;37.828
222,405.847514629364,221,-562.3623246446643,562.3623246446643,0.15792527425637834,484.855;3603.547;1015.049;3126.253;1672.406;2649.234;2643.553;2123.977;1573.601;26.078;35.443;2835.060;1722.884;952.708;3130.115;1195.995;1033.231;1235.830;2494.060;1756.082;1871.241;607.920;1082.297;844.817;1151.582;466.233;402.573;3600.632;3594.764;35.417;546.011;585.181;2549.973;2775.894;7.277;2001.679;2.143;2161.040;2565.926;3594.099;811.441;3116.602;3180.077;3601.782;15.033;1596.539;3601.316;1447.417;3347.153;1955.902;2668.270;2125.722;4.344;23.803;320.153;897.099;3601.068;2704.943;3187.552;2113.349;2269.741;3597.988;3598.490;3590.792;3181.626;388.921;967.878;1.456;2013.915;2796.710;9.072;10.802;1279.267;733.241;2846.339;1315.441;2489.455;1960.901;2149.262;3599.160;3602.989;72.281;2971.092;867.881;-3.758;785.430;2099.870;3603.871;1524.015;-5.841;3602.331;509.169;1402.798;3126.995;1920.452;1667.135;2728.360;25.233;2133.296;1478.450,3595.737;3148.178;-5.264;346.664;1496.321;2408.338;954.030;828.861;3232.680;3430.966;1474.112;3316.665;515.334;267.132;1582.450;2492.760;3099.996;3584.994;2690.661;2836.584;2648.940;2633.663;2806.868;3598.522;1621.127;298.111;625.881;744.128;1226.342;3253.368;12.152;1625.133;3132.144;704.745;214.603;169.075;470.136;3132.719;217.076;478.391;3313.177;3004.963;2027.519;3574.427;3.419;3594.369;2266.395;1006.761;3416.244;2465.454;3593.373;0.994;1901.937;1700.445;2437.587;629.635;-1.065;1765.976;732.408;3421.710;1651.726;1507.322;2523.982;1709.007;3598.139;2929.280;1892.171;775.107;2305.499;2852.932;2915.400;3599.505;518.076;1345.054;1357.244;1278.518;1240.521;1690.650;2079.395;992.213;257.112;1257.916;-0.633;980.057;2580.322;2229.569;3600.261;1976.113;1933.511;2206.198;2848.245;2038.255;2186.388;2486.787;1097.875;3001.315;2157.727;986.065;585.970;33.574
223,407.5778546333313,222,-562.3525284448269,562.3525284448269,0.13882156227855524,490.431;3598.136;1020.836;3120.932;1674.025;2643.528;2638.156;2130.029;1568.230;23.915;29.437;2839.071;1726.843;946.773;3125.673;1201.347;1027.188;1240.116;2498.626;1757.103;1871.579;613.179;1088.057;850.762;1145.689;466.958;396.673;3605.270;3589.094;36.287;551.631;591.105;2552.129;2770.571;3.415;2006.207;-2.863;2167.043;2560.045;3597.771;805.559;3110.716;3185.604;3599.953;9.167;1601.428;3595.688;1441.820;3348.912;1950.616;2672.840;2122.699;10.154;18.193;314.178;899.952;3596.533;2699.295;3193.553;2108.008;2275.491;3597.074;3603.690;3594.187;3187.395;394.868;973.701;7.026;2019.566;2790.942;5.681;12.781;1284.909;727.530;2847.958;1321.390;2483.625;1964.979;2150.169;3603.458;3597.465;74.754;2965.082;863.115;0.888;789.962;2104.503;3598.109;1529.630;-0.153;3597.649;503.256;1399.952;3121.368;1914.803;1666.022;2734.353;19.268;2128.903;1476.227,3592.112;3147.405;0.587;351.833;1500.988;2403.087;948.801;823.068;3228.112;3433.260;1474.304;3321.988;509.592;270.999;1579.417;2494.818;3105.733;3590.738;2684.640;2840.984;2651.340;2627.696;2807.022;3595.883;1615.406;303.228;631.715;738.579;1220.835;3252.492;11.834;1630.889;3126.629;710.730;209.231;163.264;468.502;3134.305;222.489;473.999;3308.671;3010.450;2025.794;3580.304;6.139;3589.709;2271.685;1009.119;3410.543;2464.932;3599.041;-3.819;1900.538;1704.005;2435.036;623.788;0.139;1760.609;730.535;3420.448;1651.005;1511.760;2519.864;1704.458;3596.836;2923.807;1895.106;773.660;2305.529;2856.149;2921.303;3603.693;517.184;1341.157;1362.719;1273.860;1245.442;1687.424;2078.498;998.176;254.398;1262.222;3.615;981.925;2582.861;2225.803;3602.744;1972.424;1932.679;2211.535;2845.521;2041.807;2180.575;2488.029;1100.153;3003.926;2163.741;980.087;586.950;38.096
224,409.4668130874634,223,-562.4502443640181,562.4502443640181,0.08910381490608815,491.380;3593.436;1016.472;3125.440;1678.601;2648.363;2632.183;2124.880;1568.723;22.867;34.354;2844.682;1732.751;951.534;3129.204;1196.364;1023.319;1246.035;2495.318;1758.971;1872.401;607.922;1093.417;852.256;1150.223;468.427;394.377;3599.534;3589.602;41.742;546.587;587.882;2557.286;2766.711;-2.490;2004.740;2.545;2162.945;2560.546;3597.069;803.112;3108.861;3186.199;3596.331;14.495;1597.657;3600.695;1435.944;3343.409;1948.743;2677.709;2116.825;7.102;18.082;312.765;899.827;3600.764;2702.947;3189.835;2112.770;2271.757;3600.847;3597.920;3591.234;3191.899;391.892;972.355;1.903;2017.043;2786.622;1.110;7.044;1287.634;732.236;2853.234;1327.113;2477.743;1959.535;2156.031;3598.439;3600.363;70.023;2959.881;857.183;0.224;785.145;2099.146;3593.230;1529.700;1.151;3599.840;497.800;1404.341;3115.593;1919.776;1670.431;2739.079;24.282;2134.172;1471.769,3594.577;3141.556;-1.379;346.428;1495.471;2397.138;954.253;819.650;3233.047;3436.915;1476.751;3326.841;503.597;265.595;1585.149;2500.012;3100.190;3593.440;2686.433;2837.121;2647.445;2633.000;2811.284;3601.388;1609.423;308.664;630.660;740.473;1215.319;3248.976;6.691;1636.544;3129.001;716.735;203.350;168.360;473.612;3140.157;217.091;479.191;3314.350;3007.710;2031.485;3577.287;5.456;3593.580;2267.505;1003.547;3404.562;2461.395;3595.694;0.608;1905.513;1703.220;2440.807;619.777;-4.613;1762.906;733.498;3415.270;1645.349;1506.886;2525.547;1707.055;3602.622;2923.083;1891.178;774.151;2311.095;2861.895;2920.594;3599.488;522.702;1346.679;1357.039;1270.736;1250.643;1693.057;2084.020;993.770;248.509;1257.003;8.352;987.366;2577.021;2231.464;3597.224;1968.055;1933.034;2206.434;2849.952;2042.812;2174.704;2493.147;1105.990;3000.169;2159.954;979.132;592.720;32.682
225,411.3632798194885,224,-562.5929852854993,562.5929852854993,0.18808922156880875,496.378;3589.594;1010.906;3127.873;1673.153;2653.794;2626.904;2128.076;1574.216;27.216;39.902;2839.965;1732.470;946.544;3135.058;1198.753;1017.499;1248.388;2500.946;1753.304;1867.432;612.628;1089.010;846.685;1145.272;462.856;389.731;3601.428;3584.724;38.405;541.253;584.192;2552.240;2760.844;2.731;2010.146;-0.043;2162.906;2555.065;3598.805;808.702;3103.307;3184.508;3601.739;19.684;1598.788;3597.967;1430.410;3337.796;1948.284;2675.000;2118.832;2.741;18.015;318.484;905.361;3605.059;2708.645;3194.616;2118.468;2276.689;3604.127;3595.349;3588.715;3197.777;397.592;971.090;6.806;2017.094;2780.825;-4.495;1.301;1293.467;736.307;2847.802;1326.478;2473.678;1963.748;2156.462;3598.417;3603.705;64.129;2953.966;859.679;-5.492;784.466;2093.573;3597.676;1535.484;-4.456;3605.458;492.057;1404.518;3121.079;1923.915;1669.059;2733.414;20.486;2138.838;1465.895,3589.273;3146.202;3.389;351.237;1500.283;2394.955;959.767;813.797;3236.613;3436.901;1471.236;3332.068;506.733;270.902;1579.848;2494.542;3103.135;3599.226;2680.943;2842.559;2652.256;2629.179;2817.166;3599.878;1614.143;313.888;634.745;734.904;1219.739;3254.003;0.796;1633.473;3134.634;722.192;197.879;171.596;474.188;3137.457;212.704;482.921;3309.564;3012.433;2029.325;3571.523;-0.052;3592.160;2263.492;997.628;3408.889;2466.518;3591.104;-1.892;1900.827;1700.340;2435.316;614.083;0.757;1765.417;728.008;3409.450;1643.152;1504.394;2527.501;1712.812;3597.924;2917.841;1890.373;768.774;2316.859;2867.837;2916.943;3603.215;518.163;1342.333;1362.124;1265.080;1256.372;1688.613;2081.060;996.841;246.103;1262.476;4.444;981.933;2581.623;2228.397;3601.818;1962.569;1927.241;2212.006;2844.696;2048.562;2170.189;2498.195;1109.185;3003.758;2165.484;974.639;590.236;26.902
226,413.06993865966797,225,-562.6485160455826,562.6485160455826,0.17958440097396303,494.730;3593.290;1009.202;3123.095;1671.320;2658.178;2632.379;2123.905;1578.296;21.785;38.037;2836.729;1736.701;950.087;3134.591;1194.720;1020.240;1243.949;2504.037;1748.029;1872.812;608.566;1094.101;844.022;1141.269;457.731;385.312;3599.738;3589.254;43.032;546.124;589.486;2557.219;2755.013;0.988;2015.988;-5.293;2157.319;2555.622;3603.654;811.106;3108.924;3179.040;3597.346;24.639;1597.830;3601.631;1424.565;3331.924;1953.964;2669.419;2113.550;0.345;19.526;317.728;901.119;3599.585;2713.235;3189.567;2116.806;2282.415;3598.518;3596.420;3593.654;3194.830;395.513;976.476;12.157;2011.437;2775.604;1.195;-2.434;1293.606;742.109;2844.911;1332.216;2472.236;1958.697;2158.604;3596.307;3598.052;61.886;2958.867;854.686;0.049;778.801;2093.885;3599.592;1530.105;0.746;3599.788;486.395;1402.264;3120.654;1927.579;1674.690;2729.218;15.288;2133.998;1464.474,3583.401;3141.480;0.575;356.663;1502.737;2400.240;964.954;813.374;3232.133;3441.474;1476.192;3337.902;512.462;274.338;1582.821;2492.002;3100.663;3604.889;2684.126;2838.138;2646.919;2634.222;2812.580;3604.726;1619.333;308.534;629.118;739.846;1215.974;3253.469;-5.088;1627.746;3140.521;716.943;200.526;172.732;479.922;3132.199;207.810;484.180;3304.606;3007.057;2028.294;3577.047;-5.911;3597.879;2258.459;1001.197;3410.095;2472.376;3596.649;3.524;1896.288;1694.552;2432.727;619.413;3.547;1770.804;722.513;3405.469;1648.323;1498.687;2533.231;1709.021;3599.746;2923.423;1884.698;774.291;2311.298;2873.690;2911.134;3597.607;512.451;1336.560;1360.361;1269.577;1252.418;1688.686;2075.271;1002.480;240.472;1263.145;-1.362;977.481;2586.629;2223.205;3598.099;1956.726;1930.072;2210.560;2841.101;2043.878;2175.142;2492.563;1105.200;3009.566;2170.446;975.090;592.620;28.727
227,414.9428174495697,226,-562.7901276793139,562.7901276793139,0.20428584898473454,489.020;3599.048;1006.152;3117.514;1674.774;2652.682;2634.597;2122.596;1584.058;27.461;37.851;2831.196;1741.316;954.678;3129.721;1200.131;1025.612;1238.407;2509.735;1753.391;1875.621;603.324;1099.769;842.942;1135.622;453.895;389.542;3604.907;3594.896;48.813;550.343;595.303;2557.943;2749.176;-3.238;2021.824;0.284;2158.886;2561.173;3597.981;808.126;3111.790;3173.213;3601.403;25.673;1592.134;3596.170;1427.462;3326.097;1948.956;2674.928;2107.745;-0.255;20.439;312.447;895.408;3602.214;2718.851;3186.164;2117.158;2287.895;3596.646;3601.860;3595.636;3198.345;400.329;982.295;8.047;2006.627;2770.912;3.129;-8.161;1296.349;741.831;2839.404;1330.302;2477.880;1956.784;2163.829;3591.502;3599.581;56.936;2957.785;849.185;-0.112;774.948;2090.267;3605.303;1524.303;0.920;3599.445;480.558;1407.848;3125.485;1933.334;1676.161;2725.646;15.547;2128.939;1469.839,3588.755;3146.742;-4.879;351.706;1508.263;2395.404;970.757;808.130;3237.495;3435.775;1471.392;3343.295;507.803;271.047;1577.374;2497.529;3095.226;3599.419;2679.679;2842.992;2648.474;2629.898;2817.788;3599.164;1614.326;309.662;627.153;734.741;1221.279;3258.825;0.339;1632.953;3135.762;719.142;195.381;178.438;479.060;3137.847;202.033;488.732;3299.477;3001.266;2024.281;3580.300;-0.510;3598.080;2252.657;996.258;3404.519;2467.098;3602.454;-1.988;1901.201;1688.710;2427.838;615.563;0.171;1776.574;717.792;3410.376;1654.126;1501.881;2528.473;1714.521;3605.119;2919.334;1890.085;775.835;2311.987;2873.132;2916.385;3603.291;517.735;1330.757;1363.792;1264.268;1257.332;1683.120;2069.730;997.992;244.594;1260.217;3.246;982.858;2592.348;2217.389;3597.325;1961.989;1924.840;2206.263;2846.394;2048.176;2173.593;2497.865;1110.048;3008.536;2168.445;980.791;598.266;23.091
228,416.8276906013489,227,-562.9392315632763,562.9392315632763,0.20332872036883082,493.864;3595.512;1011.512;3111.746;1680.468;2651.929;2629.446;2116.942;1589.772;28.173;43.427;2825.547;1735.910;949.767;3134.917;1205.279;1021.980;1242.926;2505.155;1755.150;1872.671;607.686;1096.699;837.797;1139.070;448.529;394.175;3599.454;3595.359;54.443;545.031;596.265;2552.716;2750.085;2.334;2023.944;0.228;2154.280;2555.952;3601.199;811.141;3107.962;3167.818;3595.966;30.661;1586.472;3599.975;1432.350;3324.072;1948.830;2680.588;2110.071;3.833;14.812;306.695;898.716;3605.893;2724.628;3191.336;2122.793;2290.607;3601.143;3597.392;3590.232;3203.686;404.350;977.439;2.329;2001.532;2774.134;-2.007;-6.617;1299.889;747.340;2836.411;1324.716;2481.492;1962.017;2158.402;3596.588;3604.337;54.426;2963.323;844.362;-4.947;780.466;2084.567;3600.077;1520.343;-3.207;3598.326;479.474;1402.444;3131.127;1938.900;1676.277;2721.229;21.189;2134.406;1475.608,3594.512;3149.800;0.557;355.754;1513.923;2393.517;970.183;802.642;3232.835;3434.473;1465.687;3341.270;503.964;265.404;1573.269;2499.697;3089.571;3598.218;2684.841;2839.362;2652.794;2624.877;2822.712;3598.761;1610.238;305.928;632.080;729.406;1223.118;3256.930;-1.445;1638.655;3137.691;724.571;193.135;182.995;476.856;3141.301;196.357;494.370;3302.421;3005.165;2018.564;3582.957;1.030;3603.010;2252.381;991.088;3405.951;2467.214;3600.184;-0.998;1895.813;1685.248;2423.008;612.004;-5.494;1775.824;721.582;3406.576;1652.089;1503.577;2525.003;1719.838;3599.848;2913.871;1886.812;778.594;2309.609;2867.505;2919.080;3604.409;517.086;1328.473;1369.488;1269.336;1251.891;1678.966;2073.273;992.695;249.839;1265.632;2.235;983.262;2591.444;2222.242;3602.850;1967.675;1920.376;2211.617;2841.271;2053.171;2168.420;2498.203;1104.642;3012.777;2173.876;978.149;603.374;17.642
229,418.7469391822815,228,-562.8710359018899,562.8710359018899,0.20272814147832108,492.526;3597.525;1006.750;3107.106;1681.431;2657.330;2634.129;2112.728;1595.129;32.123;38.101;2830.466;1730.452;954.796;3140.617;1200.275;1027.472;1238.447;2499.468;1749.993;1878.220;602.343;1091.215;832.087;1141.342;454.023;398.930;3601.673;3600.859;49.600;539.871;590.837;2547.725;2755.505;6.685;2019.571;-3.670;2148.595;2556.687;3606.401;811.867;3112.955;3162.183;3599.277;26.298;1581.234;3605.260;1427.855;3318.483;1954.221;2676.316;2111.384;9.473;19.418;300.956;893.682;3601.123;2730.294;3187.589;2118.691;2285.066;3596.428;3602.351;3595.007;3198.919;410.014;974.917;1.094;1998.375;2779.776;0.035;-3.393;1304.502;753.065;2830.776;1327.627;2486.719;1967.731;2157.834;3591.500;3598.824;51.737;2966.738;838.673;0.258;785.587;2087.790;3597.874;1514.960;2.029;3601.979;484.331;1400.196;3127.618;1944.054;1681.667;2723.797;19.106;2136.775;1479.809,3591.913;3155.428;-0.373;360.060;1519.479;2398.855;972.058;806.586;3228.139;3434.645;1460.565;3346.753;506.036;260.084;1567.991;2505.014;3094.035;3595.250;2690.474;2833.709;2648.627;2619.362;2817.427;3603.544;1604.680;302.674;637.266;730.442;1217.959;3251.326;-5.481;1640.791;3139.266;720.313;198.557;187.343;480.598;3146.523;190.682;499.864;3302.518;3000.863;2023.701;3578.991;-3.882;3598.654;2255.075;995.977;3404.435;2465.106;3604.768;2.087;1890.179;1690.183;2426.935;606.830;-0.319;1780.968;725.256;3411.883;1646.689;1498.034;2523.262;1724.846;3602.237;2912.762;1881.383;773.374;2307.882;2861.962;2921.207;3603.747;521.777;1333.823;1374.921;1273.573;1246.266;1681.206;2068.405;997.488;255.532;1260.980;6.751;977.825;2587.397;2220.219;3598.308;1970.799;1925.439;2215.534;2837.442;2058.866;2165.082;2493.762;1098.941;3018.424;2169.627;981.938;598.250;15.914
230,420.4737911224365,229,-562.6734046911804,562.6734046911804,0.14750549005330194,493.298;3602.820;1001.128;3102.785;1686.973;2662.574;2628.802;2117.606;1593.790;34.632;36.508;2826.499;1725.032;960.246;3139.380;1199.056;1032.876;1242.994;2498.407;1747.914;1881.090;596.678;1085.566;826.475;1136.400;459.112;404.504;3598.234;3606.281;43.990;534.210;585.397;2552.855;2761.171;8.575;2013.942;1.648;2143.266;2551.275;3601.047;817.276;3111.638;3156.788;3596.502;20.671;1576.466;3599.831;1426.070;3322.480;1957.785;2677.536;2116.853;14.572;15.455;296.051;898.741;3603.416;2735.978;3182.390;2113.351;2279.843;3596.254;3597.443;3600.627;3193.493;406.794;979.758;4.059;1992.822;2774.766;4.834;1.806;1299.073;758.742;2828.299;1322.568;2492.249;1964.367;2161.834;3587.097;3598.761;46.167;2961.420;834.846;-1.052;790.961;2093.321;3599.327;1510.070;3.062;3596.712;489.976;1394.634;3132.828;1949.694;1687.302;2718.637;15.127;2131.435;1476.801,3594.329;3159.750;-4.940;354.709;1516.997;2395.487;968.994;810.425;3222.741;3434.823;1455.656;3342.412;511.541;264.000;1562.588;2510.608;3099.532;3600.171;2686.556;2836.630;2643.025;2622.460;2811.888;3598.370;1606.838;307.792;642.548;734.033;1221.849;3249.620;-0.267;1636.198;3136.115;717.598;203.990;184.472;475.923;3148.513;185.559;498.597;3308.006;3002.924;2028.545;3584.300;0.543;3593.219;2260.650;1001.615;3399.172;2470.467;3599.378;-1.908;1887.181;1695.741;2421.515;601.353;2.489;1786.340;730.860;3416.339;1641.069;1494.671;2517.813;1730.383;3598.679;2907.522;1882.475;767.715;2302.325;2863.428;2926.589;3602.772;523.655;1339.425;1372.174;1269.013;1243.758;1686.757;2070.563;1002.939;258.163;1255.430;8.946;972.273;2591.062;2225.609;3603.519;1965.648;1930.907;2211.362;2842.327;2055.941;2159.499;2488.219;1093.503;3019.108;2164.125;987.535;594.439;11.004
231,422.3443069458008,230,-562.6767417790147,562.6767417790147,0.1491458901046598,498.782;3597.800;1006.042;3097.217;1691.207;2657.234;2632.042;2122.992;1588.419;39.978;40.701;2831.775;1725.479;965.374;3133.989;1203.877;1027.926;1239.037;2494.061;1753.330;1876.533;591.323;1090.647;831.455;1131.714;454.005;399.556;3602.465;3600.962;39.160;539.534;590.194;2558.064;2761.222;3.213;2011.777;0.431;2148.057;2551.520;3604.196;811.885;3106.320;3161.085;3601.594;15.047;1571.058;3595.261;1420.817;3327.818;1952.367;2673.508;2117.673;15.215;9.895;292.761;894.115;3597.942;2731.228;3187.383;2110.695;2283.175;3590.977;3602.399;3602.820;3193.662;403.295;981.633;-1.187;1998.256;2769.257;9.863;-1.586;1301.916;753.637;2833.727;1317.079;2487.361;1958.834;2165.830;3581.787;3594.473;48.589;2955.937;839.387;2.748;786.363;2092.424;3604.806;1512.256;8.411;3601.672;494.720;1395.119;3138.438;1949.382;1682.525;2724.099;20.284;2126.135;1471.268,3588.962;3155.131;0.303;355.350;1511.477;2400.621;963.628;815.979;3221.598;3436.972;1450.069;3337.076;517.156;269.542;1567.467;2505.911;3096.823;3602.022;2681.003;2842.055;2637.836;2627.996;2806.983;3601.270;1612.337;302.410;647.695;739.576;1217.856;3253.244;-4.092;1630.636;3141.545;712.072;209.518;178.942;481.186;3143.119;190.777;493.098;3311.760;3008.122;2034.108;3589.894;-4.064;3598.234;2255.941;1002.405;3393.605;2476.068;3595.249;3.397;1892.584;1700.948;2415.918;603.242;-1.643;1781.094;726.272;3421.693;1645.891;1489.316;2522.838;1731.209;3594.346;2912.604;1887.706;763.983;2302.538;2868.535;2921.772;3599.765;518.353;1342.592;1366.657;1263.484;1247.283;1692.284;2075.587;1007.989;253.406;1260.192;3.476;966.693;2596.607;2231.138;3599.014;1960.358;1936.351;2205.798;2847.919;2050.419;2154.515;2491.824;1097.629;3024.505;2160.146;991.170;588.881;13.861
232,424.2382137775421,231,-562.690154233163,562.690154233163,0.05638453686306257,500.109;3598.239;1002.259;3091.683;1691.659;2660.745;2637.312;2127.723;1582.850;35.294;35.609;2835.928;1729.414;963.693;3137.087;1207.493;1030.534;1233.891;2488.824;1751.862;1871.399;589.019;1089.126;831.044;1137.040;454.788;402.343;3597.534;3596.125;38.489;536.269;585.433;2552.990;2766.402;3.679;2006.325;-2.875;2148.558;2556.879;3599.439;811.220;3106.255;3159.219;3599.538;9.686;1575.358;3598.274;1425.435;3332.043;1953.097;2668.012;2122.984;9.817;13.453;287.321;898.923;3597.288;2728.701;3183.230;2105.822;2283.476;3595.481;3597.756;3597.485;3193.580;398.578;976.261;3.445;1998.369;2773.619;13.093;2.820;1307.392;756.217;2830.265;1317.236;2491.375;1962.010;2160.519;3587.124;3597.897;43.305;2952.853;843.996;7.493;791.215;2097.615;3599.737;1517.712;4.759;3599.260;499.873;1390.937;3135.743;1944.437;1684.351;2725.072;18.782;2122.272;1475.279,3593.150;3150.380;0.408;356.116;1509.013;2397.486;958.058;819.914;3227.028;3436.792;1451.773;3342.205;512.679;267.695;1562.780;2500.376;3091.359;3597.603;2676.336;2840.483;2642.856;2623.654;2811.374;3597.892;1608.703;306.438;653.253;734.853;1222.210;3258.744;1.066;1631.447;3138.952;716.941;204.677;177.600;477.270;3146.106;190.006;492.130;3317.266;3006.631;2033.047;3587.139;1.029;3593.416;2250.871;997.007;3398.556;2479.544;3596.239;2.695;1893.231;1698.830;2412.514;597.939;1.812;1781.006;731.324;3419.912;1651.200;1494.298;2517.649;1727.155;3595.141;2908.937;1893.232;758.520;2302.180;2863.694;2922.532;3602.375;522.443;1345.153;1367.723;1267.880;1244.546;1687.497;2081.116;1002.718;248.747;1265.612;-1.339;970.985;2601.963;2227.794;3600.596;1965.339;1933.314;2208.885;2851.451;2052.313;2149.012;2497.318;1103.057;3019.326;2161.142;988.129;593.390;8.450
233,426.1582500934601,232,-562.7447505222362,562.7447505222362,0.10740205394044212,505.337;3595.619;999.722;3096.356;1696.460;2664.459;2633.862;2124.781;1586.446;30.187;30.222;2831.198;1724.150;967.528;3142.141;1212.930;1027.066;1228.389;2493.457;1746.723;1874.562;594.018;1088.276;827.662;1137.990;450.762;399.121;3594.488;3591.762;43.038;536.042;583.329;2547.816;2762.324;0.838;2008.860;2.380;2143.449;2559.994;3601.298;814.641;3111.639;3154.141;3604.666;5.132;1577.484;3602.493;1420.416;3337.501;1949.814;2662.694;2127.968;6.923;14.849;291.656;901.828;3595.217;2727.713;3177.761;2101.313;2288.607;3600.607;3598.922;3598.002;3188.210;393.243;974.914;6.681;1997.761;2778.325;16.176;6.535;1312.392;752.457;2833.325;1311.915;2492.826;1961.160;2164.441;3592.090;3601.508;38.938;2947.545;846.928;3.229;795.393;2101.517;3598.929;1513.630;3.913;3601.685;495.642;1385.852;3137.573;1946.807;1685.364;2723.724;20.390;2117.942;1473.114,3597.345;3144.891;-2.865;361.392;1504.174;2402.695;954.365;824.680;3232.186;3437.169;1455.972;3341.247;510.774;268.606;1566.846;2501.304;3085.925;3599.670;2672.122;2836.595;2643.949;2626.441;2812.845;3602.315;1609.010;301.992;648.702;732.792;1217.087;3256.329;0.003;1635.260;3142.665;713.991;207.468;174.807;482.089;3143.340;189.052;495.766;3314.908;3004.088;2027.829;3590.617;0.191;3597.583;2246.229;996.460;3404.057;2474.681;3598.078;2.662;1898.112;1693.434;2417.106;596.718;-3.087;1776.366;728.197;3417.266;1656.537;1496.021;2518.766;1721.756;3590.165;2913.255;1889.266;753.414;2307.307;2868.346;2917.552;3599.262;519.020;1339.917;1365.507;1270.789;1249.857;1688.247;2081.167;998.103;243.317;1267.645;0.642;970.341;2603.440;2224.085;3599.899;1970.191;1928.010;2205.864;2849.138;2048.586;2149.703;2498.319;1104.964;3022.793;2156.194;993.450;596.821;8.763
234,427.8761177062988,233,-562.6242970616895,562.6242970616895,0.1369204888125218,510.489;3600.777;1003.431;3095.570;1692.589;2669.312;2637.805;2129.911;1586.697;25.157;33.926;2835.333;1724.669;962.547;3138.725;1212.135;1021.927;1222.989;2489.413;1742.721;1871.746;589.223;1083.743;832.725;1136.191;454.425;401.408;3593.901;3590.952;44.877;533.062;579.491;2551.975;2766.085;1.785;2003.945;1.622;2138.358;2555.037;3599.178;810.006;3115.431;3149.939;3599.515;0.956;1582.734;3597.672;1424.948;3338.993;1948.693;2659.105;2133.418;4.472;10.890;289.362;903.151;3592.214;2732.671;3180.703;2095.904;2284.914;3597.274;3601.619;3601.127;3188.189;387.774;971.935;2.126;2001.127;2774.190;10.873;11.686;1311.213;754.876;2836.687;1315.338;2487.806;1962.047;2159.700;3591.089;3597.687;34.371;2951.066;842.226;-2.075;793.092;2106.906;3602.462;1518.596;8.365;3596.646;500.213;1380.402;3132.379;1951.672;1680.219;2718.691;25.700;2113.085;1477.890,3592.793;3139.865;2.239;366.364;1498.923;2408.067;949.022;825.418;3237.550;3433.752;1461.386;3346.457;515.640;273.764;1572.203;2496.516;3080.545;3605.023;2666.701;2841.427;2639.289;2631.748;2818.152;3597.725;1614.331;297.246;643.315;731.553;1214.532;3259.906;-4.698;1630.640;3147.993;717.035;206.875;169.697;487.325;3146.705;185.130;496.408;3309.581;2998.728;2025.103;3595.879;-3.543;3602.127;2250.911;991.928;3401.865;2478.566;3592.872;7.702;1900.467;1687.984;2419.452;601.988;1.760;1771.172;722.871;3411.896;1656.892;1500.428;2514.645;1716.801;3595.100;2918.114;1892.876;758.371;2306.115;2873.336;2912.101;3603.768;513.878;1334.833;1360.633;1276.162;1255.152;1683.730;2085.682;995.768;237.864;1263.070;-1.115;972.021;2604.767;2219.624;3596.659;1974.671;1922.595;2200.856;2854.170;2043.419;2146.437;2500.649;1109.800;3028.044;2150.953;991.404;593.688;10.282
235,429.75793051719666,234,-562.6362937552267,562.6362937552267,0.16945212451829547,515.433;3595.954;999.132;3091.288;1687.724;2673.653;2637.876;2135.170;1581.482;30.109;31.484;2840.245;1720.124;967.141;3133.793;1206.911;1016.621;1228.015;2484.197;1747.746;1866.420;585.469;1078.371;838.129;1140.811;459.744;396.940;3598.963;3585.924;39.595;527.819;574.134;2556.469;2771.439;5.716;2005.092;-2.325;2136.338;2553.125;3603.985;804.634;3113.377;3154.827;3600.968;-4.414;1588.146;3595.322;1424.568;3334.420;1943.403;2656.326;2131.018;9.650;9.855;292.889;899.356;3586.977;2737.867;3176.566;2090.481;2279.690;3594.454;3596.900;3605.767;3193.434;382.755;976.856;-2.799;2006.454;2772.047;11.880;17.090;1316.108;759.978;2832.220;1320.590;2483.655;1966.796;2156.817;3596.087;3602.434;28.989;2946.525;837.228;-4.236;788.206;2112.220;3597.800;1523.653;9.026;3601.273;505.538;1375.171;3131.167;1947.309;1674.812;2717.121;30.664;2107.704;1473.429,3597.567;3134.574;-0.816;361.643;1501.152;2413.057;946.907;830.579;3232.926;3428.409;1457.064;3344.224;520.813;278.416;1567.878;2500.165;3076.594;3599.834;2667.948;2846.187;2635.200;2627.266;2817.519;3599.772;1611.434;292.738;647.412;727.538;1209.428;3265.173;-0.213;1625.722;3143.054;721.990;212.071;174.800;484.540;3143.000;182.707;491.156;3313.627;3003.232;2029.663;3594.686;1.408;3597.794;2256.198;996.165;3406.639;2473.521;3595.942;2.584;1896.677;1692.641;2424.715;598.876;0.925;1774.613;725.435;3416.924;1657.382;1497.234;2509.339;1721.929;3600.430;2913.239;1888.224;754.419;2311.390;2868.768;2915.888;3600.772;518.764;1339.737;1355.815;1272.145;1251.064;1687.436;2081.771;999.191;241.254;1257.736;-5.672;966.829;2606.342;2215.089;3601.747;1970.792;1927.058;2202.837;2858.932;2041.061;2147.959;2496.642;1105.393;3025.797;2145.550;996.422;593.498;5.174
236,431.6726896762848,235,-562.7286171960815,562.7286171960815,0.12630101314755626,510.993;3590.780;1004.183;3091.111;1682.444;2668.687;2643.013;2136.414;1584.548;25.811;28.440;2836.865;1724.000;962.539;3131.866;1202.733;1011.278;1226.949;2488.899;1751.568;1861.381;582.997;1082.916;841.091;1137.223;464.458;391.626;3594.128;3581.820;41.571;530.939;578.112;2560.344;2771.497;0.539;2007.269;2.260;2141.470;2557.873;3599.200;808.917;3108.431;3160.142;3602.460;0.612;1593.294;3599.423;1422.664;3330.329;1940.963;2661.376;2126.920;6.508;4.668;298.093;899.320;3587.229;2737.879;3177.607;2085.531;2277.962;3599.626;3592.756;3600.572;3196.235;378.465;974.077;1.227;2009.454;2776.757;15.302;21.978;1315.367;755.425;2830.672;1325.262;2478.482;1972.129;2151.584;3594.630;3599.235;33.307;2947.777;831.976;0.958;791.600;2108.993;3594.357;1523.327;3.861;3597.404;503.185;1372.274;3126.796;1941.982;1670.923;2722.142;26.699;2109.160;1478.252,3598.976;3131.259;3.342;365.786;1504.866;2410.643;945.300;834.943;3234.082;3432.824;1459.663;3347.610;526.084;281.406;1571.364;2501.655;3071.358;3598.045;2672.058;2851.275;2629.911;2628.864;2822.528;3604.983;1612.431;289.416;644.670;730.601;1204.069;3260.349;2.181;1629.374;3147.853;718.311;216.138;177.975;479.306;3137.747;177.467;494.705;3317.475;3001.668;2025.774;3599.444;-1.202;3601.737;2261.125;992.804;3406.342;2476.068;3601.213;-2.500;1892.105;1691.761;2427.685;602.349;-4.148;1770.333;720.753;3412.690;1662.535;1491.951;2512.975;1727.012;3604.445;2917.304;1883.129;755.674;2312.769;2863.678;2911.332;3595.598;515.075;1337.438;1360.796;1275.665;1247.660;1683.429;2076.573;994.872;239.280;1260.328;-0.453;962.542;2601.190;2218.516;3598.652;1965.564;1922.853;2208.050;2854.227;2044.269;2153.158;2491.355;1103.550;3025.150;2149.219;992.669;588.318;6.955
237,433.38772678375244,236,-562.822551397295,562.822551397295,0.15278952243291657,507.944;3586.704;1008.513;3096.212;1687.324;2670.509;2645.400;2141.332;1580.662;25.976;23.207;2840.847;1719.005;957.450;3132.225;1200.245;1007.367;1231.472;2488.047;1746.487;1866.431;587.974;1081.279;845.813;1141.467;460.939;386.360;3594.869;3586.755;45.500;526.389;580.833;2555.264;2767.968;-4.032;2012.431;1.013;2145.837;2552.928;3600.089;805.824;3112.818;3165.361;3598.690;1.819;1598.523;3604.608;1427.629;3325.073;1936.067;2657.927;2127.462;1.277;9.742;293.923;904.506;3591.326;2742.215;3177.233;2087.859;2273.213;3604.631;3587.487;3597.370;3200.824;373.191;978.934;3.936;2008.930;2782.032;12.149;17.748;1320.219;750.190;2825.509;1321.271;2483.429;1977.356;2146.266;3592.163;3603.853;37.095;2943.412;833.842;0.198;796.839;2110.886;3592.288;1522.865;-1.453;3601.777;498.028;1376.565;3122.498;1940.668;1675.226;2725.603;30.437;2106.842;1474.800,3596.119;3135.248;4.752;366.399;1510.083;2407.251;940.099;840.220;3238.700;3434.002;1464.796;3343.874;529.078;286.636;1571.452;2496.576;3069.851;3596.819;2677.325;2846.281;2634.666;2624.350;2819.117;3600.060;1616.572;284.174;647.472;735.823;1204.245;3257.967;-1.760;1633.188;3152.409;713.062;212.523;181.092;474.079;3132.460;172.485;498.671;3312.851;3005.630;2030.822;3604.673;1.723;3597.370;2257.730;997.509;3410.085;2473.598;3598.571;0.715;1886.851;1696.036;2426.747;607.547;0.716;1771.048;723.360;3409.188;1664.138;1486.648;2515.502;1731.965;3599.346;2922.425;1887.288;754.543;2310.214;2858.637;2906.211;3599.301;509.822;1336.652;1365.819;1273.084;1248.574;1678.228;2071.336;997.974;243.205;1259.747;0.893;967.038;2595.909;2223.761;3603.728;1960.252;1918.823;2212.828;2858.560;2049.504;2151.586;2486.132;1098.554;3030.311;2149.598;994.631;583.423;3.990
238,435.2660171985626,237,-562.9456528091889,562.9456528091889,0.1332889090815549,502.760;3591.484;1005.388;3100.979;1689.035;2675.484;2648.093;2136.722;1578.235;21.274;23.157;2842.577;1722.210;955.180;3137.354;1197.715;1002.647;1228.920;2483.006;1746.865;1866.708;587.748;1076.426;842.223;1146.568;465.426;390.768;3590.858;3591.954;49.971;527.096;578.054;2555.935;2762.863;0.926;2017.694;-4.081;2141.124;2556.524;3600.054;810.457;3110.289;3164.135;3603.160;-2.410;1602.782;3599.605;1423.236;3319.807;1936.916;2662.695;2122.352;1.409;10.742;288.970;909.089;3587.098;2737.527;3172.131;2093.006;2278.192;3599.706;3591.903;3599.832;3206.050;377.904;984.058;6.580;2013.159;2777.854;7.041;20.767;1325.171;751.427;2820.489;1316.292;2485.940;1982.383;2141.187;3588.697;3598.827;32.650;2948.400;838.022;-2.461;800.657;2105.972;3596.337;1517.745;1.563;3597.138;492.912;1381.278;3127.512;1936.102;1677.766;2722.347;25.821;2109.997;1476.433,3591.249;3140.461;-0.258;361.300;1514.642;2411.704;944.427;841.681;3237.260;3434.539;1469.888;3338.668;530.713;291.899;1576.229;2491.635;3064.731;3601.610;2682.585;2842.938;2635.011;2625.136;2813.951;3601.939;1621.792;278.906;642.545;741.088;1199.436;3256.420;2.974;1628.370;3155.502;708.249;207.789;176.277;478.489;3127.988;177.527;503.628;3316.412;3000.794;2036.081;3600.763;-3.055;3601.728;2252.547;1001.818;3405.063;2475.278;3602.741;-2.965;1885.741;1693.704;2428.184;606.532;2.566;1775.848;728.403;3405.500;1669.290;1481.376;2520.653;1736.590;3602.079;2927.688;1891.564;755.295;2309.935;2854.757;2901.029;3595.023;506.103;1331.555;1364.664;1267.913;1243.733;1672.976;2068.908;993.424;241.593;1254.698;-3.356;972.272;2596.038;2227.911;3599.176;1955.009;1922.563;2207.952;2863.789;2054.731;2156.507;2481.773;1103.377;3033.662;2145.125;989.762;578.335;8.450
239,437.1602523326874,238,-562.9012182883181,562.9012182883181,0.1547222654584257,498.049;3596.406;1010.298;3096.316;1694.034;2670.678;2653.212;2135.974;1583.129;17.095;20.276;2837.593;1719.198;958.593;3138.680;1192.594;998.055;1233.261;2486.634;1750.855;1869.189;582.885;1081.054;846.965;1141.782;470.415;386.493;3586.849;3593.366;52.274;532.159;583.004;2560.758;2758.483;3.873;2022.111;0.277;2145.886;2559.846;3605.111;815.247;3106.457;3168.673;3598.325;-1.062;1597.882;3602.223;1427.061;3314.592;1933.627;2667.880;2117.140;1.110;6.768;284.338;908.443;3582.153;2732.494;3176.528;2088.471;2276.294;3601.198;3589.629;3601.649;3211.196;382.908;988.741;1.554;2009.271;2774.332;11.547;21.357;1321.586;746.770;2819.895;1318.809;2490.466;1980.556;2136.519;3584.232;3595.311;29.511;2951.921;832.977;2.303;796.755;2109.842;3601.400;1512.950;-2.740;3600.437;488.747;1386.474;3124.244;1941.065;1672.876;2727.255;30.581;2105.040;1472.619,3586.156;3145.190;0.258;360.980;1519.602;2406.733;940.733;836.652;3236.027;3429.564;1465.746;3342.860;535.816;295.930;1571.867;2491.709;3062.380;3597.532;2687.532;2846.064;2639.586;2620.326;2816.303;3597.510;1617.736;278.321;637.978;742.723;1203.995;3251.357;1.445;1632.807;3160.636;703.264;212.296;180.684;475.369;3130.545;174.667;506.191;3321.554;2995.760;2037.405;3601.784;0.388;3597.598;2254.707;1006.794;3399.888;2479.217;3607.162;-4.514;1881.020;1690.217;2431.102;611.311;6.021;1771.873;729.604;3410.001;1674.212;1481.315;2524.802;1737.588;3600.157;2927.795;1887.005;760.388;2306.185;2851.476;2902.355;3597.818;509.241;1327.055;1369.394;1272.209;1248.064;1670.227;2064.774;998.124;236.501;1249.747;1.342;968.763;2600.936;2224.662;3599.821;1954.751;1920.405;2212.493;2859.380;2053.086;2161.475;2476.595;1102.229;3029.176;2149.772;984.930;573.134;4.122
240,438.86343908309937,239,-562.9431368927414,562.9431368927414,0.15792443240255474,500.999;3593.567;1015.326;3092.255;1690.621;2665.705;2653.820;2131.370;1588.250;20.499;15.367;2832.436;1716.349;953.707;3143.728;1194.840;993.280;1238.367;2489.256;1755.782;1864.393;585.281;1080.238;846.455;1137.538;466.140;381.369;3581.730;3589.503;56.704;537.323;588.150;2556.525;2762.822;0.239;2018.410;-2.678;2150.727;2562.034;3600.590;816.673;3111.127;3163.797;3600.952;3.900;1592.775;3599.051;1432.039;3316.467;1938.565;2672.012;2115.666;-3.910;11.235;279.446;904.115;3585.800;2727.354;3177.105;2083.518;2273.067;3604.558;3592.128;3596.798;3212.585;382.115;991.284;-3.498;2014.082;2779.290;7.452;16.343;1317.505;741.626;2824.788;1323.814;2495.567;1975.753;2138.668;3588.876;3597.718;34.370;2954.207;828.804;6.486;793.394;2114.395;3596.471;1507.941;2.035;3596.799;483.622;1382.422;3119.168;1944.162;1667.768;2732.412;35.044;2109.584;1477.371,3591.019;3150.326;4.733;365.938;1524.751;2408.314;935.876;840.862;3230.979;3424.421;1461.076;3340.420;540.365;300.633;1566.761;2496.686;3057.361;3598.983;2692.676;2842.297;2635.298;2615.245;2817.699;3597.115;1613.252;273.367;640.589;747.193;1208.139;3246.212;-3.319;1637.682;3165.580;698.141;217.432;185.385;470.316;3126.146;173.427;511.264;3318.193;2998.376;2033.236;3600.631;-4.002;3602.098;2253.781;1011.951;3399.699;2474.220;3602.186;0.400;1875.871;1692.535;2436.157;608.984;1.202;1766.757;724.723;3405.525;1679.061;1481.814;2528.170;1742.622;3599.156;2931.981;1881.879;765.384;2311.120;2846.394;2905.905;3602.896;504.686;1325.599;1374.529;1273.629;1243.129;1673.724;2059.666;1002.978;241.074;1245.470;-1.401;963.760;2596.570;2219.797;3604.639;1959.556;1925.387;2216.672;2855.163;2057.851;2166.634;2471.758;1097.203;3033.759;2154.347;984.739;573.178;-0.858
241,440.7390193939209,240,-562.8912252679228,562.8912252679228,0.1802383650710901,505.572;3588.576;1015.620;3087.185;1685.767;2661.954;2649.915;2127.424;1591.579;19.010;10.272;2832.139;1711.318;952.871;3143.638;1199.856;988.294;1234.288;2485.016;1755.380;1860.703;589.675;1075.321;851.191;1139.398;470.157;382.099;3576.630;3584.449;61.780;536.086;590.100;2557.023;2760.117;-2.452;2021.596;1.119;2150.813;2557.165;3602.643;811.968;3116.159;3161.212;3596.962;8.995;1588.623;3602.718;1437.146;3311.874;1935.704;2676.600;2117.320;-1.105;16.114;274.342;899.379;3590.843;2730.198;3182.059;2080.004;2277.949;3599.744;3587.307;3600.790;3217.418;377.628;986.428;-8.593;2014.338;2776.673;2.414;11.330;1322.321;738.337;2828.965;1319.649;2500.560;1980.268;2133.752;3593.930;3602.734;38.760;2959.221;831.411;2.164;798.287;2119.487;3593.867;1511.774;5.260;3598.360;479.651;1384.038;3122.246;1940.080;1670.217;2729.202;40.116;2113.847;1482.419,3587.370;3146.530;9.706;363.424;1522.556;2404.391;930.770;839.564;3230.836;3427.541;1462.000;3341.717;536.275;305.607;1562.660;2493.358;3054.531;3603.860;2695.150;2837.385;2637.820;2617.195;2822.639;3601.930;1608.739;270.313;645.557;752.282;1213.210;3243.337;1.511;1641.564;3169.516;694.069;213.072;184.454;471.176;3121.076;177.415;507.316;3319.092;2997.726;2030.235;3599.790;0.361;3598.727;2254.908;1009.372;3404.529;2476.315;3597.790;-2.008;1872.026;1697.552;2433.508;607.334;-1.981;1767.303;728.769;3409.149;1684.141;1486.429;2533.201;1739.673;3594.853;2937.025;1884.358;765.050;2307.516;2842.653;2904.604;3599.338;499.754;1328.764;1372.973;1269.667;1241.742;1668.943;2062.558;998.134;239.101;1246.343;1.019;965.261;2596.576;2223.960;3599.953;1961.411;1928.327;2212.364;2858.441;2055.193;2165.303;2474.204;1098.493;3036.596;2158.889;979.904;578.100;-5.824
242,442.6414339542389,241,-562.9955960871833,562.9955960871833,0.10666804531191602,510.453;3586.602;1012.526;3085.957;1689.257;2658.593;2644.898;2125.957;1595.691;22.276;14.713;2827.360;1708.058;957.568;3147.371;1204.520;983.234;1229.398;2489.836;1755.134;1857.028;594.713;1070.347;847.231;1134.560;467.595;379.857;3581.010;3587.966;60.637;531.631;586.353;2556.042;2764.258;2.416;2017.173;-3.350;2146.487;2552.111;3597.952;816.053;3121.170;3157.260;3600.440;9.844;1590.631;3598.027;1442.124;3314.673;1932.696;2681.357;2122.104;2.815;11.777;278.803;904.063;3595.654;2728.832;3186.294;2083.548;2282.831;3598.210;3591.228;3597.003;3213.226;372.665;981.384;-4.135;2012.563;2780.373;-1.411;7.238;1317.654;740.016;2825.254;1315.836;2496.837;1978.248;2130.739;3592.416;3598.896;34.228;2963.839;836.370;-2.857;797.701;2118.299;3598.264;1516.647;0.687;3595.427;483.416;1385.621;3119.007;1935.094;1665.698;2724.731;41.825;2118.872;1487.076,3591.287;3142.076;14.723;363.037;1517.988;2407.707;926.038;835.155;3235.654;3422.936;1465.961;3346.658;539.805;301.262;1567.383;2489.033;3057.858;3599.064;2690.676;2840.098;2642.662;2622.072;2827.599;3597.629;1612.566;274.230;650.559;748.880;1210.667;3248.215;4.210;1645.397;3174.436;698.324;208.820;188.758;466.370;3117.629;172.587;511.524;3314.348;2997.353;2029.199;3594.843;0.631;3594.081;2259.858;1006.672;3409.353;2475.066;3595.276;2.609;1875.701;1694.022;2428.531;602.406;-2.188;1765.560;724.562;3404.564;1680.998;1484.611;2531.647;1734.751;3599.450;2933.254;1887.666;760.385;2311.649;2846.861;2901.020;3603.082;501.397;1324.159;1368.897;1273.876;1244.491;1672.267;2066.586;999.687;238.845;1251.069;5.947;961.711;2601.398;2228.968;3601.892;1958.156;1924.862;2216.793;2853.859;2050.279;2160.421;2469.575;1093.854;3033.535;2163.848;980.922;574.613;-0.961
243,444.57193875312805,242,-563.0700799381636,563.0700799381636,0.13265776577923968,507.668;3581.720;1016.424;3090.171;1692.963;2659.944;2640.748;2130.772;1591.534;25.457;14.941;2830.363;1703.193;962.230;3143.227;1208.952;984.443;1225.576;2491.823;1753.026;1852.097;599.100;1067.675;851.500;1137.703;462.684;375.676;3579.702;3583.195;60.050;535.174;591.050;2556.872;2759.588;-0.300;2018.713;1.176;2149.879;2547.664;3600.770;811.650;3125.574;3161.888;3605.358;6.361;1586.602;3600.837;1438.547;3319.520;1927.756;2679.146;2126.993;6.964;8.381;283.387;899.788;3591.246;2727.738;3181.927;2088.061;2287.676;3602.492;3592.254;3598.024;3211.960;369.912;978.646;0.127;2017.401;2776.669;3.089;2.935;1314.632;735.389;2829.996;1311.117;2501.372;1974.026;2126.163;3597.161;3601.999;30.323;2968.832;841.280;0.193;801.937;2114.706;3597.747;1517.031;-4.141;3600.251;487.336;1381.627;3122.550;1930.075;1669.182;2723.566;43.649;2116.764;1492.073,3588.704;3137.127;10.356;366.179;1512.999;2409.473;921.917;838.789;3238.002;3422.000;1462.927;3343.576;537.244;296.888;1569.575;2493.528;3062.808;3601.210;2685.908;2844.116;2640.779;2626.563;2827.550;3601.825;1610.308;279.201;655.328;746.959;1205.739;3248.708;7.217;1650.365;3170.882;695.969;203.856;184.076;463.252;3112.837;168.130;507.172;3311.183;3002.214;2034.012;3597.657;-3.174;3591.075;2260.827;1001.742;3414.222;2470.315;3595.282;7.243;1880.575;1696.371;2424.269;597.391;-1.286;1770.383;729.086;3408.530;1677.732;1480.741;2536.284;1730.645;3603.853;2932.718;1892.534;755.383;2316.628;2851.006;2896.062;3598.845;497.436;1319.161;1373.292;1269.389;1242.521;1670.850;2070.209;1002.619;240.736;1246.377;9.521;965.674;2606.106;2233.982;3598.212;1953.210;1920.119;2212.859;2857.714;2045.381;2162.750;2473.052;1097.935;3028.597;2159.491;985.818;578.864;1.852
244,446.3040792942047,243,-563.2025045060833,563.2025045060833,0.10920325633251923,503.135;3581.677;1021.297;3093.304;1688.278;2655.594;2644.661;2126.781;1595.533;30.340;11.224;2827.400;1702.438;958.217;3147.691;1210.304;989.096;1220.697;2487.558;1757.517;1855.557;602.082;1064.376;851.282;1142.484;464.611;380.204;3583.030;3583.127;55.227;536.254;589.846;2552.038;2754.743;-3.378;2023.478;-2.193;2153.886;2552.060;3597.160;815.374;3130.505;3162.678;3600.725;8.132;1582.306;3601.637;1434.726;3316.359;1931.060;2683.303;2122.871;2.752;11.818;280.145;897.745;3593.949;2722.981;3179.276;2090.489;2289.534;3598.206;3596.887;3601.879;3213.283;367.278;982.439;2.273;2014.401;2780.845;1.791;-1.819;1316.415;737.963;2826.877;1306.159;2497.671;1978.759;2124.981;3600.312;3598.281;32.733;2969.936;838.572;4.452;806.351;2111.914;3593.043;1512.304;0.341;3598.099;482.669;1383.894;3120.607;1930.262;1667.739;2727.332;39.223;2120.188;1495.908,3588.897;3139.428;7.047;361.434;1517.020;2404.985;926.452;834.486;3235.271;3421.293;1458.053;3338.713;533.354;299.207;1565.275;2497.385;3062.234;3603.158;2690.093;2839.364;2641.315;2622.563;2822.833;3603.144;1605.478;278.685;651.822;742.159;1205.104;3245.552;3.393;1655.129;3175.335;700.167;201.374;187.852;467.846;3117.310;163.742;510.429;3315.027;2997.890;2036.558;3592.937;1.605;3586.253;2256.574;997.214;3418.775;2466.527;3599.893;3.126;1885.410;1692.134;2428.672;593.187;-2.178;1775.347;732.783;3409.326;1672.832;1485.440;2539.159;1726.673;3599.227;2935.585;1888.956;750.679;2313.472;2849.050;2900.101;3602.899;498.684;1315.177;1372.656;1269.339;1247.184;1671.651;2065.743;1007.419;245.563;1241.844;6.068;962.106;2607.855;2230.517;3598.875;1957.272;1915.785;2208.564;2857.118;2047.864;2166.985;2474.572;1099.571;3023.916;2155.880;990.226;575.067;-0.921
245,448.19470167160034,244,-563.2033527624549,563.2033527624549,0.09640508856894488,498.462;3581.575;1017.781;3097.595;1683.678;2660.322;2640.351;2131.124;1600.412;27.246;15.592;2832.138;1699.559;957.363;3152.370;1205.625;993.998;1224.875;2482.682;1759.736;1860.203;606.922;1068.359;854.969;1147.390;469.426;385.033;3587.674;3587.571;50.325;531.785;592.586;2547.150;2754.590;1.287;2022.670;0.448;2149.290;2553.131;3592.567;811.427;3130.536;3167.400;3600.687;3.775;1577.471;3597.187;1430.016;3320.661;1929.891;2678.626;2126.069;1.592;7.856;275.929;902.336;3591.644;2726.550;3175.751;2095.319;2286.997;3599.750;3601.260;3597.159;3208.640;369.723;983.530;5.227;2014.800;2785.453;-0.660;2.719;1321.106;733.471;2822.251;1306.479;2496.248;1980.756;2120.213;3595.984;3601.891;28.216;2974.715;833.774;9.017;810.408;2107.077;3593.495;1515.524;-1.988;3601.550;483.472;1388.698;3115.807;1932.541;1662.953;2722.697;34.393;2116.471;1491.965,3584.290;3135.787;2.263;361.116;1514.173;2408.697;922.672;830.577;3239.955;3417.584;1462.308;3337.921;537.657;303.954;1561.268;2498.004;3066.871;3598.518;2693.078;2840.368;2636.562;2626.484;2818.082;3598.596;1600.564;283.073;654.721;744.214;1206.539;3240.738;4.026;1660.043;3179.063;695.832;196.678;191.975;465.735;3113.665;158.845;506.310;3319.398;2993.892;2040.944;3591.302;1.253;3581.341;2257.073;997.849;3422.784;2469.809;3604.562;0.945;1882.886;1695.390;2424.673;589.333;2.610;1779.331;737.647;3414.098;1675.662;1486.277;2543.915;1721.818;3598.383;2940.425;1887.939;746.437;2309.622;2853.557;2895.442;3599.600;493.942;1318.776;1376.822;1270.437;1252.059;1666.899;2064.274;1003.393;241.466;1236.955;9.961;957.645;2612.670;2233.109;3602.021;1956.079;1920.448;2204.083;2861.376;2052.508;2162.556;2477.301;1103.483;3019.150;2151.015;994.627;578.861;-3.101
246,450.08792877197266,245,-563.2090661806214,563.2090661806214,0.11147339525867693,499.750;3586.058;1018.287;3102.434;1680.101;2662.016;2642.049;2127.706;1598.198;27.533;15.415;2832.359;1704.155;960.955;3151.494;1202.451;992.582;1229.210;2484.169;1764.491;1857.735;602.509;1073.164;850.478;1147.622;471.039;388.102;3584.347;3584.485;45.911;527.544;591.130;2543.352;2758.505;5.440;2017.964;-1.296;2149.255;2548.920;3594.748;813.815;3127.781;3165.127;3597.292;-1.046;1572.925;3596.380;1431.747;3324.899;1934.555;2678.169;2130.050;6.038;3.032;278.999;904.720;3595.062;2731.058;3179.969;2099.986;2285.349;3604.372;3596.786;3597.420;3204.922;374.370;988.212;9.747;2010.102;2782.754;3.814;2.326;1318.407;735.350;2824.613;1308.176;2492.634;1976.338;2123.830;3599.742;3597.637;25.675;2970.874;832.032;4.706;809.523;2102.392;3596.667;1519.356;1.711;3597.699;487.315;1392.857;3119.802;1937.282;1664.341;2719.617;29.602;2120.495;1487.244,3579.821;3137.287;-1.731;356.404;1510.047;2404.551;925.490;826.991;3238.353;3422.154;1461.707;3340.669;535.471;306.610;1565.057;2496.199;3071.012;3601.492;2689.291;2844.584;2635.154;2630.914;2813.219;3602.149;1595.932;285.479;659.514;748.019;1211.172;3238.267;3.631;1658.522;3175.172;693.006;191.908;194.552;461.841;3115.291;154.168;503.676;3319.030;2989.076;2045.787;3594.012;-1.218;3576.578;2254.938;1000.963;3422.259;2474.617;3599.908;-3.043;1881.705;1700.194;2420.634;584.511;-0.617;1782.603;741.934;3417.709;1677.768;1481.592;2547.516;1716.978;3602.910;2944.929;1892.366;741.829;2304.936;2858.334;2890.851;3603.381;496.109;1323.587;1372.295;1265.712;1256.794;1669.237;2062.622;998.603;245.663;1234.414;14.607;952.817;2613.020;2237.886;3597.551;1959.797;1922.743;2199.390;2866.219;2048.754;2157.908;2482.030;1108.198;3014.525;2146.300;999.333;583.044;1.533
247,452.01067304611206,246,-563.2071216658518,563.2071216658518,0.12721494425414862,504.272;3590.837;1013.659;3104.855;1684.050;2663.060;2637.829;2130.576;1593.622;31.754;14.126;2833.551;1708.678;964.375;3149.582;1206.908;988.017;1225.148;2480.085;1759.885;1855.776;599.132;1076.874;845.693;1147.067;474.769;392.831;3588.776;3588.972;41.131;524.573;595.378;2547.131;2763.214;5.987;2013.156;3.320;2144.614;2544.478;3591.305;813.823;3126.014;3160.436;3599.309;-5.508;1577.246;3600.970;1436.343;3328.894;1931.911;2678.627;2134.151;10.845;-0.527;281.785;902.349;3590.562;2734.525;3184.706;2096.785;2290.017;3599.817;3598.302;3601.853;3209.081;379.138;992.949;5.441;2013.489;2780.445;8.252;5.531;1313.677;733.407;2822.293;1303.544;2487.870;1975.832;2128.531;3595.714;3598.401;21.011;2974.777;836.562;-0.054;813.831;2106.856;3601.425;1515.060;3.359;3593.636;483.509;1388.230;3124.584;1934.409;1668.695;2718.813;25.398;2121.724;1491.501,3583.167;3141.538;-0.949;354.108;1505.404;2408.947;921.554;831.393;3242.331;3426.657;1466.267;3345.347;540.080;309.173;1569.048;2500.847;3066.557;3598.417;2684.557;2846.285;2630.476;2635.720;2809.030;3597.924;1599.794;285.377;662.556;752.799;1212.389;3233.953;-0.950;1655.203;3170.602;688.740;190.744;190.011;459.272;3111.319;149.947;498.992;3314.455;2988.312;2050.453;3598.755;-5.551;3579.983;2250.210;1005.715;3425.618;2474.477;3597.963;1.603;1886.355;1697.070;2415.972;584.564;-2.908;1784.947;745.161;3420.905;1682.496;1476.862;2551.324;1713.229;3598.544;2949.326;1897.020;744.945;2301.894;2862.758;2887.330;3598.970;491.704;1320.667;1369.313;1263.172;1261.206;1664.736;2067.283;994.537;241.913;1229.816;19.166;949.122;2617.427;2241.997;3601.904;1955.487;1925.510;2194.588;2865.950;2044.202;2156.055;2486.848;1104.604;3017.942;2142.038;1002.473;587.824;4.532
248,453.729629278183,247,-563.2144396309544,563.2144396309544,0.1201930641654304,499.725;3590.323;1012.150;3109.538;1679.474;2667.693;2633.080;2126.508;1597.734;27.214;17.286;2838.130;1713.399;959.764;3154.191;1202.980;992.445;1221.441;2475.362;1763.574;1851.104;603.329;1081.600;840.916;1149.433;479.497;396.968;3592.630;3589.896;43.446;528.965;600.127;2542.773;2767.848;1.404;2009.939;-0.236;2139.960;2540.657;3592.660;818.235;3130.653;3155.809;3603.000;-0.953;1577.530;3599.600;1431.980;3333.628;1933.218;2674.064;2138.889;6.582;3.959;286.364;898.285;3594.607;2730.240;3180.241;2101.300;2288.995;3599.243;3602.356;3597.897;3204.572;374.545;997.699;8.822;2018.049;2784.921;5.200;1.791;1317.812;728.729;2818.063;1298.954;2489.907;1971.784;2132.143;3596.108;3594.378;16.790;2974.389;838.668;3.361;818.525;2102.720;3597.065;1519.263;7.544;3589.412;478.838;1383.623;3127.792;1936.631;1665.342;2717.300;20.892;2126.250;1487.888,3587.878;3146.290;-0.203;349.436;1508.370;2409.195;918.483;836.152;3247.004;3423.183;1468.505;3341.055;536.020;313.852;1564.909;2500.785;3070.275;3602.885;2687.758;2850.709;2625.728;2640.493;2804.297;3601.774;1603.657;288.182;658.072;750.670;1207.918;3231.057;3.290;1659.768;3166.284;683.990;186.425;187.584;463.789;3112.985;145.339;501.139;3309.720;2985.579;2055.209;3599.488;-0.999;3575.701;2245.436;1002.988;3422.357;2472.335;3599.084;5.039;1888.740;1692.454;2418.568;588.766;1.675;1789.633;749.873;3421.541;1684.201;1474.197;2548.356;1714.356;3601.164;2947.090;1899.083;741.115;2306.500;2867.508;2882.711;3601.438;486.948;1315.971;1373.641;1259.631;1260.079;1660.111;2070.415;995.311;240.689;1225.721;23.666;944.396;2614.243;2240.080;3606.443;1958.915;1927.826;2189.811;2863.473;2048.030;2160.384;2490.677;1099.880;3013.732;2138.383;1007.182;586.029;1.829
249,455.6161062717438,248,-563.3306827661481,563.3306827661481,0.13974842596707696,499.289;3585.807;1008.155;3105.465;1678.909;2664.530;2636.346;2121.810;1600.914;23.445;21.947;2841.299;1714.293;956.608;3156.519;1202.068;991.043;1222.257;2474.451;1763.453;1846.476;602.954;1077.646;842.880;1145.805;475.467;399.939;3596.891;3585.755;47.684;531.855;597.646;2544.684;2772.554;-3.186;2014.028;-1.896;2142.553;2545.073;3594.240;817.336;3135.130;3155.393;3598.460;2.826;1573.028;3597.372;1433.805;3332.583;1937.783;2677.124;2135.921;3.662;2.159;281.993;902.496;3598.967;2733.793;3181.759;2102.975;2293.229;3598.673;3597.894;3601.585;3207.887;372.983;993.530;10.503;2019.255;2782.249;0.764;-2.221;1314.657;732.110;2822.288;1302.664;2494.299;1975.613;2129.999;3600.641;3596.333;20.656;2978.558;843.211;-0.463;820.120;2099.868;3594.626;1519.582;5.459;3584.743;482.537;1382.185;3124.289;1932.181;1666.949;2712.722;19.720;2130.670;1490.777,3587.039;3141.899;-4.771;351.425;1504.071;2406.018;922.779;835.091;3246.924;3426.538;1473.129;3337.306;532.435;315.867;1569.099;2496.241;3069.000;3600.914;2685.761;2846.239;2624.389;2643.987;2801.526;3599.790;1607.411;288.260;653.873;755.049;1203.209;3228.381;-0.771;1659.928;3161.964;687.131;181.716;191.983;459.882;3108.501;144.140;497.822;3306.947;2989.772;2059.071;3603.974;1.788;3578.441;2245.564;1005.437;3422.349;2476.901;3602.883;2.055;1886.049;1690.052;2420.971;592.830;3.496;1793.032;747.549;3417.023;1688.689;1469.631;2544.577;1709.819;3604.365;2951.467;1903.715;745.603;2305.328;2872.057;2878.136;3599.682;482.570;1315.828;1369.814;1259.589;1255.680;1655.475;2066.307;991.634;236.084;1221.051;19.488;940.044;2609.599;2244.448;3601.969;1954.723;1932.431;2189.765;2861.545;2044.101;2164.919;2488.941;1103.402;3010.095;2142.829;1011.743;584.932;-2.364
250,457.52925205230713,249,-563.3951179855876,563.3951179855876,0.12420781138654105,495.102;3586.185;1003.630;3101.546;1677.561;2662.868;2636.711;2117.307;1605.498;19.474;26.626;2845.918;1714.027;958.387;3156.752;1198.529;993.828;1217.742;2469.922;1759.366;1845.561;607.207;1074.902;846.693;1150.041;478.044;404.243;3600.666;3582.011;50.914;530.771;601.877;2548.886;2769.100;0.572;2010.821;2.216;2146.217;2548.173;3597.253;813.028;3131.645;3159.548;3599.198;2.761;1569.594;3600.834;1433.050;3328.539;1940.494;2677.812;2139.850;3.506;-2.055;277.737;907.154;3603.432;2738.425;3185.983;2106.088;2297.328;3601.842;3600.779;3600.541;3212.013;377.268;990.379;6.822;2016.178;2782.328;-3.904;1.715;1318.543;728.853;2823.231;1303.816;2498.881;1976.540;2126.387;3603.841;3592.096;16.503;2982.722;841.550;-1.319;823.692;2096.952;3590.751;1518.703;2.109;3580.107;480.704;1385.805;3125.448;1928.077;1671.339;2708.064;23.331;2135.063;1493.722,3582.577;3138.336;-0.278;355.973;1499.440;2402.173;918.430;837.830;3251.249;3422.352;1475.777;3341.531;533.668;318.824;1571.735;2496.001;3072.297;3596.931;2689.842;2841.897;2627.185;2648.391;2797.497;3602.917;1603.612;283.696;654.085;759.337;1202.558;3223.796;3.526;1663.320;3166.290;683.518;184.854;194.706;455.273;3103.829;144.984;493.199;3311.135;2987.792;2055.884;3599.903;-0.076;3581.024;2249.958;1010.031;3417.794;2473.766;3598.516;-2.449;1881.496;1693.855;2425.528;597.473;2.510;1789.148;743.823;3417.595;1693.174;1465.022;2549.093;1710.727;3599.895;2955.832;1899.756;749.733;2303.952;2873.587;2882.182;3603.187;479.077;1313.612;1373.832;1264.122;1251.095;1652.567;2068.397;986.997;231.558;1216.409;14.962;935.380;2605.249;2247.168;3598.492;1950.070;1937.108;2187.311;2856.960;2045.087;2169.458;2484.363;1106.970;3014.414;2140.973;1010.689;589.439;2.009
251,459.2376401424408,250,-563.5165283025746,563.5165283025746,0.11396434659873941,490.490;3586.048;999.002;3101.738;1673.163;2666.882;2632.930;2119.375;1609.095;22.381;22.840;2849.312;1718.479;961.785;3152.367;1200.444;989.775;1213.953;2465.518;1755.958;1849.450;611.783;1079.082;842.754;1154.462;482.426;408.843;3597.229;3586.267;46.530;534.824;599.308;2545.422;2764.768;0.410;2015.100;-1.385;2150.681;2543.933;3601.591;817.459;3127.081;3156.208;3603.151;0.609;1565.517;3596.568;1428.545;3323.965;1936.037;2682.051;2135.830;-0.632;1.865;279.932;906.651;3599.250;2735.059;3184.511;2110.620;2301.873;3597.635;3596.874;3598.775;3216.622;381.594;993.455;2.328;2020.478;2786.774;0.374;-2.139;1323.139;724.576;2819.571;1300.711;2495.952;1981.031;2121.866;3599.436;3595.906;14.111;2987.321;844.247;3.063;828.276;2093.053;3593.911;1514.223;-2.470;3584.339;476.171;1390.365;3129.951;1932.162;1675.933;2706.067;18.950;2130.907;1490.747,3577.953;3136.726;-0.876;352.533;1497.132;2397.608;916.029;833.427;3247.262;3425.063;1471.488;3337.484;535.688;323.355;1567.327;2499.752;3068.796;3595.334;2694.273;2840.574;2631.745;2645.228;2794.537;3599.106;1599.022;279.096;658.589;763.829;1206.564;3220.649;7.951;1667.900;3170.620;679.356;186.412;199.264;452.211;3106.757;140.476;489.317;3315.716;2983.255;2051.311;3599.824;-4.266;3576.673;2248.753;1007.901;3417.752;2469.194;3599.853;-2.995;1880.699;1697.887;2430.034;593.110;-1.688;1792.108;747.199;3422.107;1697.765;1468.997;2552.994;1706.846;3602.988;2960.395;1900.752;745.914;2308.318;2871.068;2885.529;3598.871;482.939;1317.990;1377.475;1260.414;1255.265;1648.026;2066.903;982.642;235.424;1212.103;18.833;930.763;2602.773;2251.721;3600.654;1952.810;1935.681;2182.760;2861.051;2044.409;2167.773;2487.401;1111.556;3018.864;2142.848;1009.684;593.910;4.620
252,461.1072425842285,251,-563.5478917318941,563.5478917318941,0.13112889698007552,486.129;3581.885;1002.758;3097.551;1677.190;2665.706;2637.074;2115.004;1607.775;26.900;27.020;2853.845;1723.056;957.384;3155.402;1196.239;985.563;1209.444;2460.996;1751.574;1853.194;608.932;1075.159;846.531;1150.249;487.000;412.498;3599.178;3582.567;42.703;539.357;594.849;2541.325;2768.596;4.258;2018.748;2.417;2155.262;2539.997;3597.142;819.035;3122.684;3160.444;3598.924;-3.875;1561.008;3600.594;1432.277;3320.863;1937.354;2684.053;2131.979;3.768;-2.305;275.498;902.350;3599.756;2737.212;3188.711;2115.111;2301.570;3599.828;3599.658;3601.202;3218.052;386.158;997.979;-2.224;2017.165;2791.115;-0.253;1.981;1326.231;724.444;2815.059;1296.205;2497.960;1985.611;2117.840;3602.332;3594.001;9.609;2991.905;848.503;2.917;827.884;2088.499;3597.394;1518.546;1.804;3585.331;471.675;1386.112;3134.086;1929.546;1672.929;2708.203;22.488;2133.391;1495.015,3578.878;3140.057;-3.682;348.890;1501.391;2393.059;911.713;834.744;3242.755;3421.137;1466.934;3333.003;531.474;327.806;1562.828;2497.999;3064.309;3599.506;2698.840;2836.097;2636.007;2640.997;2790.017;3602.601;1594.549;275.087;660.849;767.972;1206.235;3216.151;7.017;1672.451;3175.169;682.266;182.444;203.147;455.785;3109.977;136.792;492.122;3319.802;2978.976;2049.760;3602.537;0.082;3577.051;2244.355;1011.684;3422.131;2467.291;3603.910;1.381;1876.223;1702.397;2433.533;592.376;2.615;1796.628;751.632;3424.163;1699.402;1470.191;2556.992;1710.785;3600.306;2961.960;1901.181;742.266;2306.657;2866.566;2889.269;3601.799;485.025;1320.999;1382.006;1264.121;1256.639;1643.515;2071.361;978.068;235.600;1207.721;15.502;926.274;2607.111;2248.515;3602.979;1956.724;1932.118;2179.019;2865.417;2048.868;2172.078;2491.719;1115.677;3022.143;2138.435;1005.241;595.653;0.880
253,463.020943403244,252,-563.4842864910222,563.4842864910222,0.1407724301374632,482.417;3577.374;1002.388;3093.089;1679.337;2661.321;2634.931;2111.336;1603.350;27.066;30.872;2855.468;1727.585;960.740;3151.494;1191.715;981.175;1213.470;2459.215;1755.574;1857.574;604.684;1079.006;845.455;1152.989;487.430;409.643;3603.610;3580.166;40.716;541.919;590.586;2545.286;2772.974;8.728;2018.456;2.620;2157.605;2535.486;3599.948;820.272;3118.365;3164.407;3600.491;-1.488;1564.365;3596.673;1429.965;3325.057;1940.390;2679.681;2127.758;0.951;1.244;278.023;897.833;3603.826;2741.651;3185.064;2119.174;2297.417;3603.859;3604.001;3605.618;3222.092;390.008;1002.501;-0.912;2014.082;2787.101;-0.165;2.237;1329.703;720.460;2817.127;1296.903;2493.649;1989.067;2113.368;3598.690;3589.564;5.359;2996.237;852.269;-0.946;825.114;2086.664;3593.930;1516.825;-0.756;3588.557;468.961;1388.909;3131.802;1932.574;1675.368;2712.366;26.553;2135.626;1491.160,3579.932;3136.080;0.575;344.467;1501.838;2389.492;910.170;836.512;3238.316;3422.121;1464.183;3331.485;532.230;325.335;1559.882;2502.008;3060.275;3597.367;2699.863;2834.593;2637.950;2636.565;2788.010;3598.345;1595.595;270.967;663.860;768.183;1206.545;3211.741;2.680;1670.877;3176.454;686.284;178.027;199.125;460.215;3114.374;133.326;495.589;3323.391;2975.562;2047.422;3598.280;1.604;3581.301;2241.795;1009.192;3421.610;2466.239;3599.593;1.613;1873.429;1705.298;2437.909;590.052;4.934;1794.746;755.877;3427.622;1696.649;1474.374;2553.229;1714.699;3602.271;2962.148;1901.038;737.860;2310.395;2866.240;2893.764;3598.484;489.437;1324.728;1383.691;1263.398;1255.761;1641.682;2070.594;974.771;239.547;1209.922;17.014;929.356;2604.547;2248.889;3598.802;1961.159;1927.626;2176.371;2869.407;2048.818;2176.520;2495.526;1119.937;3025.616;2134.364;1004.098;598.384;2.744
254,464.74384808540344,253,-563.4634220037628,563.4634220037628,0.1211847881267939,478.824;3572.887;1006.545;3089.608;1675.814;2656.843;2630.548;2107.610;1605.921;24.328;33.202;2852.541;1729.556;959.583;3149.601;1192.659;984.568;1216.512;2455.215;1753.890;1854.915;607.910;1076.322;845.002;1157.134;483.320;405.247;3599.415;3580.083;44.192;546.304;588.768;2547.886;2776.007;8.533;2014.093;0.937;2161.809;2538.455;3604.314;816.661;3121.554;3168.861;3602.039;2.609;1560.386;3598.103;1427.446;3328.997;1942.787;2682.985;2128.258;0.448;2.917;282.136;901.391;3599.871;2742.334;3187.236;2117.628;2301.424;3599.614;3599.740;3601.265;3222.023;391.043;999.819;-0.962;2017.963;2790.945;-4.213;-2.056;1329.980;717.427;2815.987;1294.620;2493.365;1985.087;2116.950;3594.496;3592.476;1.376;2993.537;848.047;2.074;821.732;2086.897;3598.114;1513.647;-0.972;3592.718;464.637;1391.972;3127.407;1936.928;1671.214;2716.825;30.788;2140.030;1495.056,3584.257;3132.850;1.883;340.121;1503.250;2392.511;905.858;840.429;3234.129;3417.882;1459.941;3335.611;536.615;322.738;1557.684;2498.254;3064.209;3601.215;2703.497;2830.215;2642.301;2632.696;2784.301;3598.866;1598.856;267.148;660.371;772.400;1202.180;3208.869;-1.488;1667.773;3173.681;690.743;182.167;196.582;457.446;3111.865;133.008;500.031;3319.535;2974.208;2046.376;3600.751;-2.017;3585.679;2245.974;1011.444;3424.693;2464.582;3600.450;-2.601;1874.907;1703.663;2442.391;594.186;1.314;1791.717;751.705;3423.444;1692.229;1478.816;2549.057;1719.166;3598.194;2957.807;1903.103;733.848;2307.432;2862.254;2898.238;3601.824;493.026;1321.162;1387.662;1263.843;1251.375;1645.899;2067.583;970.343;244.014;1212.056;17.336;931.299;2600.269;2244.970;3602.252;1965.419;1928.654;2180.382;2872.250;2050.712;2180.207;2491.536;1123.019;3029.303;2129.931;1008.059;594.071;-1.504
255,466.60269498825073,254,-563.4432790300929,563.4432790300929,0.13578122298434883,479.385;3568.516;1010.904;3085.690;1671.412;2652.850;2633.817;2107.040;1603.980;28.079;37.065;2856.605;1728.407;958.686;3145.247;1189.286;980.672;1220.890;2455.680;1757.597;1854.507;611.643;1072.063;849.200;1153.105;480.858;400.809;3601.905;3575.861;40.104;548.340;584.442;2544.838;2771.849;4.231;2017.385;-3.416;2166.232;2539.299;3600.263;820.706;3125.437;3173.175;3598.043;7.035;1557.536;3601.975;1431.505;3325.172;1942.082;2687.108;2124.009;-0.588;4.378;284.980;905.231;3600.223;2745.184;3191.592;2121.739;2305.841;3601.134;3598.325;3601.275;3226.297;395.342;1002.393;2.932;2014.024;2788.069;-0.049;0.961;1331.661;714.087;2819.063;1292.527;2494.209;1981.923;2118.263;3591.681;3589.617;-2.041;2993.637;843.945;-2.167;825.924;2083.146;3595.558;1517.740;3.095;3595.955;461.116;1394.512;3123.206;1932.912;1670.325;2716.986;35.163;2144.101;1495.350,3580.640;3128.454;2.477;340.866;1499.476;2389.433;909.851;836.362;3230.310;3418.785;1462.832;3332.405;541.027;323.894;1561.597;2493.838;3060.832;3605.622;2700.361;2830.383;2644.281;2629.164;2788.572;3598.201;1603.249;269.954;655.967;768.684;1202.785;3205.147;2.325;1671.752;3173.644;690.866;178.685;197.308;458.782;3112.539;137.211;501.028;3320.567;2978.415;2042.155;3604.803;1.839;3583.963;2244.189;1008.793;3420.808;2468.639;3601.725;1.181;1871.849;1699.477;2445.440;598.135;4.243;1795.794;752.038;3419.692;1689.435;1475.368;2545.232;1723.614;3602.004;2961.843;1907.464;737.724;2303.084;2857.955;2896.222;3597.686;488.815;1316.753;1387.354;1268.174;1250.008;1642.705;2063.340;967.549;240.506;1207.817;13.027;934.576;2599.630;2240.548;3598.730;1961.483;1924.464;2184.802;2868.246;2049.010;2184.620;2494.140;1119.422;3033.715;2132.888;1012.170;589.867;2.293
256,468.48683309555054,255,-563.4557642594341,563.4557642594341,0.11434581275308085,475.231;3566.562;1015.304;3088.700;1672.851;2654.044;2638.068;2102.754;1608.187;31.651;32.957;2859.036;1732.477;954.421;3148.838;1184.933;976.422;1219.181;2459.948;1761.960;1858.763;615.981;1075.390;852.940;1148.735;481.995;397.277;3598.124;3572.477;36.443;552.569;580.046;2540.553;2767.529;0.949;2021.739;0.557;2163.646;2535.708;3599.204;825.087;3123.799;3177.425;3599.252;8.380;1553.218;3597.849;1427.400;3323.168;1946.345;2687.121;2119.617;-4.124;8.558;289.305;901.764;3597.548;2741.707;3188.433;2119.953;2301.939;3597.244;3599.155;3603.047;3230.609;399.715;1006.723;4.481;2009.646;2784.537;1.516;-0.682;1327.677;718.266;2815.104;1296.557;2497.870;1985.925;2114.535;3590.364;3593.494;2.188;2997.891;846.529;-2.571;830.235;2078.808;3599.560;1514.130;-0.744;3594.270;456.753;1390.911;3126.700;1935.399;1674.197;2713.362;32.736;2141.490;1498.570,3583.356;3132.460;3.319;337.326;1502.802;2385.089;911.057;839.736;3226.274;3420.740;1464.876;3328.067;538.347;328.075;1559.248;2497.883;3056.476;3601.606;2703.890;2828.869;2640.198;2624.803;2792.319;3600.246;1600.277;265.713;652.390;770.929;1205.575;3209.259;-1.481;1676.111;3177.912;686.815;182.221;201.597;463.085;3116.832;139.796;505.314;3316.858;2975.829;2040.939;3600.773;-0.577;3583.546;2240.144;1004.469;3416.478;2472.739;3599.247;-2.747;1874.016;1695.106;2449.776;594.232;6.520;1793.923;748.439;3416.249;1685.203;1471.019;2540.859;1727.926;3603.470;2958.605;1903.286;738.729;2298.764;2853.581;2900.307;3596.502;489.540;1314.724;1391.621;1272.475;1248.384;1642.398;2067.329;965.660;239.592;1207.944;8.778;932.196;2595.460;2236.220;3602.600;1960.031;1920.073;2186.855;2872.044;2053.266;2189.020;2490.004;1122.500;3038.112;2136.829;1015.884;587.759;6.232
257,470.3998520374298,256,-563.5121456514199,563.5121456514199,0.0993222476867692,479.210;3570.728;1015.267;3092.879;1676.503;2656.910;2641.318;2104.452;1605.596;35.895;28.628;2856.629;1735.184;957.918;3149.005;1188.932;972.151;1222.417;2460.631;1765.072;1856.060;619.083;1077.660;856.516;1145.467;477.840;393.471;3594.351;3576.601;32.224;556.838;579.321;2544.158;2765.771;4.411;2021.090;0.401;2159.520;2534.564;3599.085;821.957;3123.110;3177.616;3603.450;4.338;1556.769;3600.557;1426.154;3327.138;1949.986;2683.221;2121.164;0.076;12.119;293.239;901.172;3593.274;2744.675;3186.583;2123.900;2301.232;3595.184;3602.303;3598.900;3227.575;396.429;1006.105;3.699;2010.642;2780.895;-0.216;2.913;1323.344;717.229;2810.870;1299.718;2493.708;1989.437;2117.419;3592.676;3597.805;4.061;3000.406;850.723;1.595;829.177;2078.731;3603.827;1514.069;0.213;3590.010;455.041;1387.776;3127.125;1934.221;1670.509;2717.296;29.131;2139.068;1502.801,3587.602;3136.502;0.511;341.228;1498.693;2387.824;914.983;839.595;3230.092;3424.747;1462.465;3327.609;535.941;332.417;1561.415;2496.932;3057.826;3597.561;2700.933;2832.954;2636.335;2622.567;2796.225;3604.130;1603.122;264.042;649.143;766.783;1209.865;3213.382;2.137;1676.701;3182.072;683.170;181.022;200.757;462.899;3114.731;143.302;505.924;3312.550;2979.661;2036.851;3596.654;1.628;3587.710;2243.026;1002.871;3418.068;2474.712;3600.744;0.663;1877.376;1693.025;2449.619;594.259;2.321;1795.182;752.421;3419.986;1688.460;1469.003;2542.049;1725.397;3599.311;2955.103;1904.364;742.371;2298.283;2853.609;2897.075;3599.933;486.625;1312.454;1390.502;1274.909;1244.870;1638.564;2067.821;969.739;240.104;1211.924;5.361;936.288;2597.122;2238.235;3598.878;1956.079;1916.396;2187.558;2868.441;2053.159;2190.516;2489.671;1118.754;3035.117;2141.119;1011.891;584.074;3.300
258,472.11262702941895,257,-563.6355081422832,563.6355081422832,0.13474726622623504,483.162;3574.836;1018.019;3094.851;1672.587;2653.608;2645.292;2101.423;1608.602;31.803;24.908;2853.077;1731.074;954.998;3151.199;1192.127;972.912;1218.797;2464.763;1762.327;1857.131;615.331;1074.331;860.784;1141.249;477.485;397.152;3597.067;3578.924;32.874;552.982;583.152;2548.361;2761.580;8.509;2025.039;-2.490;2162.515;2538.726;3602.479;824.373;3127.291;3180.085;3599.404;0.073;1557.134;3598.168;1423.196;3323.362;1945.997;2686.523;2117.257;4.209;8.016;297.211;905.322;3590.137;2740.930;3182.362;2120.027;2298.963;3594.169;3598.299;3598.174;3227.423;392.638;1002.196;0.139;2014.521;2777.004;3.325;7.174;1326.543;721.356;2814.494;1303.885;2496.609;1993.681;2113.513;3596.909;3601.563;3.908;2998.014;846.827;-2.039;831.912;2082.917;3599.782;1512.304;-3.555;3593.328;458.383;1384.788;3129.702;1937.717;1674.223;2713.332;24.854;2138.446;1501.625,3585.825;3140.715;-3.715;345.517;1502.272;2391.521;919.275;835.404;3233.240;3420.598;1458.230;3323.779;531.750;336.654;1564.379;2500.305;3058.305;3598.780;2704.947;2832.614;2639.058;2618.786;2800.027;3599.954;1606.784;264.820;644.908;768.128;1206.779;3217.646;0.541;1672.651;3185.286;678.890;176.880;204.868;461.898;3118.338;140.069;505.512;3311.160;2976.455;2040.908;3596.497;5.785;3587.072;2247.230;1000.769;3414.774;2470.572;3603.968;-2.685;1873.238;1697.084;2452.093;597.906;-1.892;1791.178;750.482;3415.965;1691.656;1471.983;2542.203;1723.658;3600.774;2953.398;1906.741;745.832;2300.808;2850.538;2896.060;3604.205;483.013;1316.498;1386.776;1271.169;1240.805;1635.033;2063.647;967.227;244.287;1216.214;2.235;932.626;2593.195;2241.635;3600.984;1953.320;1912.703;2191.693;2865.580;2050.126;2188.142;2485.691;1122.624;3034.209;2145.051;1011.362;579.795;-0.728
259,473.99196457862854,258,-563.6034760556787,563.6034760556787,0.0761975208691341,486.920;3577.842;1014.148;3092.860;1676.181;2657.580;2649.518;2102.352;1604.958;28.053;21.318;2857.027;1732.274;951.020;3147.565;1194.764;974.321;1221.985;2463.121;1760.360;1853.017;618.741;1070.355;862.864;1144.472;481.396;395.971;3597.478;3581.091;36.679;549.790;583.006;2545.666;2763.014;6.246;2027.483;1.519;2166.375;2539.431;3598.420;820.430;3130.569;3184.197;3601.797;-1.386;1560.760;3600.852;1426.676;3319.579;1947.292;2682.675;2115.252;4.979;5.804;293.474;908.536;3588.307;2737.787;3183.452;2117.934;2302.832;3597.976;3598.761;3595.844;3230.222;391.598;1001.012;-4.086;2016.157;2772.823;0.726;9.281;1330.632;720.138;2810.989;1300.028;2494.675;1995.675;2109.427;3598.662;3597.904;7.637;3001.793;848.449;1.196;835.538;2086.282;3601.046;1514.447;0.509;3596.007;460.813;1388.695;3132.777;1933.763;1677.944;2712.861;20.866;2134.303;1503.858,3587.798;3138.941;0.397;346.236;1499.920;2388.153;917.517;836.679;3230.495;3422.406;1458.639;3319.841;528.502;340.918;1560.291;2497.405;3061.831;3601.783;2708.356;2831.325;2637.749;2614.958;2803.874;3601.374;1602.783;268.467;648.779;771.033;1210.060;3220.833;1.628;1675.542;3189.472;678.384;172.679;207.815;458.341;3114.998;135.875;501.637;3315.161;2975.051;2040.072;3592.499;6.639;3582.927;2243.849;996.595;3418.692;2473.851;3599.820;0.972;1870.480;1699.206;2449.531;593.920;1.569;1795.190;754.176;3419.431;1695.874;1475.671;2546.313;1719.583;3600.556;2949.297;1910.739;741.791;2303.107;2854.070;2892.034;3600.527;478.957;1320.689;1389.275;1273.503;1244.689;1630.803;2063.344;969.725;241.153;1214.677;5.979;928.412;2590.730;2245.863;3599.564;1956.984;1910.954;2187.860;2869.225;2054.015;2183.954;2489.296;1125.948;3030.311;2142.513;1008.362;582.575;1.269
260,475.8920707702637,259,-563.6837996791808,563.6837996791808,0.12934833405347196,490.568;3578.176;1014.653;3088.827;1679.984;2660.445;2652.013;2106.366;1603.682;30.949;21.097;2860.696;1734.394;954.911;3151.480;1198.905;970.297;1226.124;2459.197;1756.220;1855.771;622.886;1066.159;863.558;1141.519;477.728;391.948;3601.589;3585.227;39.439;545.997;586.057;2549.640;2766.234;7.794;2024.303;-0.120;2170.384;2535.475;3599.057;822.811;3126.668;3186.406;3598.657;2.420;1564.947;3598.155;1430.856;3322.237;1943.272;2682.219;2118.961;7.290;1.931;295.803;910.517;3592.093;2733.625;3182.091;2120.938;2306.503;3593.893;3601.536;3596.055;3234.198;387.651;997.081;0.001;2020.287;2776.261;-3.427;5.248;1327.111;719.893;2809.377;1298.138;2490.536;1999.794;2105.761;3602.264;3600.018;7.063;2999.767;844.507;-1.165;831.586;2083.672;3604.909;1518.487;-1.863;3598.841;457.210;1385.528;3128.729;1929.879;1676.125;2711.525;17.984;2137.584;1507.999,3591.937;3135.410;0.866;349.567;1501.969;2383.970;921.383;832.881;3234.503;3420.249;1461.912;3315.667;529.481;344.155;1561.023;2493.239;3065.996;3597.816;2706.423;2827.222;2641.830;2610.778;2808.071;3598.553;1603.324;271.115;648.165;767.025;1214.231;3224.993;5.672;1677.607;3193.653;674.574;168.488;205.657;457.302;3110.898;137.334;504.675;3312.065;2978.714;2036.511;3588.351;6.863;3584.813;2244.553;992.376;3422.873;2470.102;3599.571;-1.632;1874.224;1695.693;2453.609;595.013;-1.917;1799.294;758.370;3415.724;1698.331;1471.653;2550.323;1716.132;3604.249;2945.172;1908.833;741.498;2307.236;2850.326;2887.956;3601.755;478.853;1320.192;1386.009;1272.470;1248.886;1626.625;2067.104;965.673;237.370;1218.424;9.286;927.368;2588.916;2243.186;3596.212;1961.077;1906.823;2190.914;2866.163;2052.226;2179.816;2493.391;1123.028;3026.108;2146.510;1004.193;585.410;-2.514
261,477.81617045402527,260,-563.5998163532303,563.5998163532303,0.1442611037625956,494.688;3574.127;1018.531;3092.681;1677.110;2664.511;2656.124;2106.879;1607.552;28.062;25.144;2864.834;1730.674;952.008;3154.709;1197.738;968.831;1229.662;2455.733;1752.110;1859.145;626.630;1065.383;867.632;1139.693;473.608;391.516;3598.058;3582.398;43.530;541.846;583.984;2553.470;2765.976;11.867;2028.198;-3.509;2167.741;2531.952;3599.493;818.900;3128.127;3190.509;3595.912;5.603;1565.182;3602.024;1428.841;3319.034;1943.003;2678.155;2115.602;3.699;-2.168;298.440;913.330;3595.831;2735.536;3178.068;2117.696;2309.002;3593.700;3597.533;3592.365;3238.360;383.495;999.158;-2.571;2020.222;2773.393;-1.129;1.117;1330.661;717.729;2812.800;1302.071;2486.423;2003.965;2101.674;3606.387;3604.118;2.999;2995.786;840.557;-2.317;828.459;2081.606;3601.114;1514.562;1.779;3602.945;461.092;1389.483;3129.527;1925.857;1679.426;2707.445;21.979;2134.439;1504.932,3593.750;3132.283;2.486;346.458;1506.068;2384.827;920.230;833.043;3238.272;3424.133;1466.043;3311.513;525.627;348.291;1565.069;2495.443;3064.023;3598.993;2710.431;2827.195;2640.333;2613.784;2809.009;3599.402;1599.878;274.681;644.460;768.433;1215.664;3229.014;2.849;1673.680;3197.074;674.504;168.566;202.150;461.280;3108.960;134.423;508.343;3308.249;2982.697;2040.452;3591.390;2.805;3584.786;2248.528;988.885;3420.103;2472.891;3601.725;1.656;1878.275;1693.548;2457.603;591.444;0.904;1796.617;755.460;3412.060;1694.635;1469.022;2554.282;1711.987;3600.293;2941.029;1910.231;745.464;2304.680;2851.307;2885.862;3598.749;474.784;1323.573;1382.031;1268.399;1252.174;1625.937;2066.188;968.304;233.338;1222.050;12.196;929.936;2584.832;2245.123;3600.057;1957.311;1902.927;2188.022;2867.508;2048.205;2179.093;2490.112;1126.669;3027.410;2148.083;1006.942;589.498;1.471
262,479.53762006759644,261,-563.7336315594489,563.7336315594489,0.09746197774572463,496.169;3571.396;1022.487;3096.269;1680.481;2668.292;2659.418;2103.358;1611.363;23.991;22.004;2868.542;1732.584;955.222;3153.758;1193.954;965.376;1233.176;2459.488;1754.128;1860.473;630.740;1061.606;864.717;1136.349;476.790;394.215;3599.081;3584.485;46.981;538.007;587.890;2550.961;2765.830;8.005;2030.136;0.440;2171.576;2532.372;3602.471;820.362;3125.016;3190.714;3592.181;9.688;1563.170;3598.136;1425.590;3316.305;1939.513;2679.296;2112.406;-0.409;1.664;301.770;910.642;3599.902;2739.535;3181.513;2121.422;2306.832;3595.816;3595.934;3588.360;3242.264;386.967;1002.987;0.742;2016.548;2769.376;2.572;-2.946;1333.228;713.674;2809.176;1300.531;2483.682;2005.120;2097.550;3602.400;3600.392;5.385;2994.510;843.599;1.671;830.433;2077.549;3599.812;1518.105;-1.323;3599.241;459.169;1385.720;3133.544;1927.631;1682.797;2704.282;20.061;2130.958;1500.894,3597.492;3128.347;-0.781;342.496;1505.198;2381.138;916.478;829.334;3241.569;3425.988;1468.511;3313.898;527.514;346.324;1561.829;2493.575;3067.763;3600.343;2708.894;2830.921;2643.320;2612.653;2811.057;3603.330;1596.577;278.764;647.354;767.285;1213.446;3227.406;5.122;1676.539;3197.289;670.576;172.297;198.184;457.430;3105.053;137.054;505.007;3308.946;2985.638;2037.767;3590.720;-1.231;3582.279;2245.935;991.475;3421.998;2472.408;3598.120;0.362;1881.593;1689.536;2456.210;593.786;-1.512;1800.313;757.566;3410.262;1695.536;1466.802;2558.348;1714.195;3601.408;2938.468;1913.315;742.628;2305.842;2855.121;2882.375;3601.161;474.368;1324.964;1384.415;1270.481;1253.186;1622.229;2068.923;971.813;230.248;1218.248;8.250;926.204;2582.392;2249.131;3602.530;1954.020;1905.990;2191.582;2870.379;2046.328;2177.451;2491.888;1125.047;3023.917;2151.864;1010.430;591.407;0.110
263,481.42249155044556,262,-563.7488269045301,563.7488269045301,0.09619318526118385,498.884;3575.230;1024.303;3100.280;1683.738;2672.029;2656.384;2107.241;1607.665;20.819;18.075;2865.934;1734.754;951.966;3153.427;1197.599;961.322;1229.382;2463.405;1757.623;1856.673;627.122;1065.251;860.952;1132.498;473.822;390.329;3601.225;3587.141;44.877;537.936;584.659;2554.763;2769.803;7.609;2026.348;2.791;2168.463;2536.061;3598.541;821.272;3121.317;3187.048;3590.137;7.461;1567.132;3598.329;1428.943;3320.255;1937.443;2682.741;2116.207;2.106;1.508;305.825;914.610;3597.954;2740.838;3178.664;2118.836;2302.849;3597.762;3599.007;3591.769;3238.457;385.114;999.193;0.821;2012.498;2765.295;6.295;0.559;1330.630;717.115;2808.459;1298.660;2480.246;2008.098;2101.464;3599.412;3600.004;9.360;2996.859;840.246;0.479;826.506;2078.666;3602.660;1518.386;1.601;3597.799;456.403;1382.058;3131.505;1931.418;1678.996;2704.633;16.136;2127.705;1503.684,3601.556;3130.412;2.966;345.873;1509.101;2384.551;919.096;832.636;3237.856;3422.134;1464.611;3317.591;530.246;348.796;1565.120;2497.261;3071.100;3596.670;2706.618;2827.172;2647.354;2609.537;2815.068;3599.464;1592.766;275.353;650.977;769.790;1209.663;3231.012;1.227;1672.830;3194.647;674.177;176.369;194.149;454.163;3107.948;135.615;508.400;3305.067;2981.724;2034.348;3594.653;-5.116;3586.247;2249.822;995.449;3418.334;2475.305;3600.379;1.148;1885.640;1685.533;2452.246;597.796;1.192;1797.150;753.674;3406.260;1691.671;1470.467;2554.875;1711.474;3598.078;2934.440;1917.360;740.621;2301.893;2859.161;2886.174;3599.730;477.419;1328.927;1380.475;1266.617;1249.235;1626.015;2072.934;975.871;234.132;1221.858;4.172;923.096;2584.959;2246.567;3598.690;1957.747;1909.989;2195.628;2874.385;2042.319;2173.465;2488.057;1128.983;3020.920;2154.814;1006.572;587.466;-3.068
264,483.33148288726807,263,-563.816740504682,563.816740504682,0.11155224367966451,496.666;3575.934;1020.449;3096.920;1679.975;2676.060;2655.822;2105.894;1609.639;22.770;17.481;2869.750;1738.726;948.152;3149.488;1194.181;959.183;1226.302;2467.067;1753.808;1859.810;628.866;1063.018;858.297;1128.483;475.893;394.092;3597.586;3586.184;47.041;534.071;588.435;2552.043;2768.419;5.679;2028.226;0.703;2164.545;2540.082;3599.357;825.187;3124.791;3190.469;3586.167;10.604;1570.407;3600.558;1426.540;3322.919;1941.286;2686.291;2113.560;-0.969;1.543;304.679;912.754;3601.414;2737.749;3175.644;2122.032;2298.829;3601.329;3600.348;3595.412;3237.773;381.940;998.008;-2.455;2009.272;2764.556;2.591;-2.327;1334.224;721.048;2812.298;1302.502;2476.268;2011.869;2100.697;3599.348;3601.990;8.382;3000.825;843.592;-1.992;828.829;2082.487;3598.939;1521.950;-0.208;3594.563;460.086;1378.030;3134.725;1935.332;1682.359;2701.046;13.378;2123.878;1506.846,3598.179;3126.499;3.733;344.100;1513.038;2384.836;923.063;829.255;3241.014;3423.488;1462.907;3314.084;533.660;352.328;1568.998;2500.784;3075.003;3600.250;2702.648;2823.142;2651.045;2610.892;2818.571;3599.930;1596.570;277.489;647.455;773.457;1211.281;3234.200;-1.999;1669.240;3197.924;672.089;176.451;190.436;450.466;3111.841;131.671;504.698;3301.241;2982.029;2030.408;3597.951;-1.342;3584.820;2251.555;999.473;3414.507;2479.296;3603.901;0.009;1889.431;1682.888;2448.999;600.992;-1.078;1797.469;754.973;3406.743;1689.261;1470.330;2558.346;1707.777;3601.706;2936.123;1913.730;743.972;2298.928;2862.886;2885.089;3603.624;473.734;1325.066;1376.619;1264.394;1251.301;1623.148;2071.746;974.300;231.330;1219.309;2.206;926.867;2588.937;2242.805;3597.595;1956.805;1912.271;2196.654;2870.760;2038.625;2177.166;2486.452;1127.663;3016.921;2158.793;1008.126;584.003;0.700
265,485.0405738353729,264,-563.8197554857929,563.8197554857929,0.11060796762601764,500.336;3573.134;1022.010;3096.436;1677.539;2678.750;2659.651;2109.690;1612.945;19.635;14.374;2867.247;1736.852;951.523;3152.607;1192.160;957.445;1229.044;2471.015;1754.605;1859.660;625.250;1066.694;856.339;1124.480;472.449;394.978;3600.604;3582.366;43.300;530.422;590.551;2554.891;2771.988;2.356;2028.066;-1.867;2166.491;2538.328;3601.948;822.343;3121.557;3187.494;3589.638;10.308;1574.340;3597.069;1430.343;3322.891;1939.120;2682.787;2115.043;0.819;0.722;308.513;909.772;3598.663;2733.885;3174.446;2118.322;2302.431;3597.650;3604.190;3599.179;3240.221;384.717;995.518;1.229;2010.177;2768.263;-0.181;0.941;1337.874;724.134;2816.238;1306.490;2472.266;2010.186;2098.810;3602.098;3598.282;4.538;2997.246;839.960;1.674;825.122;2086.480;3600.224;1525.918;-3.885;3597.999;464.074;1380.159;3131.411;1932.099;1678.942;2697.595;14.322;2125.513;1503.031,3594.440;3128.865;7.052;347.666;1510.165;2388.409;920.339;825.625;3244.878;3427.034;1466.408;3317.550;537.591;348.713;1572.444;2497.188;3072.539;3597.376;2698.727;2826.571;2647.741;2614.801;2815.719;3600.927;1599.642;281.328;643.592;770.044;1207.921;3238.109;1.660;1665.327;3197.160;671.824;178.395;186.447;452.042;3108.849;135.325;502.047;3298.857;2981.433;2033.257;3599.919;0.892;3586.586;2255.430;996.759;3415.489;2483.001;3600.071;-3.903;1886.795;1684.391;2445.323;597.687;2.589;1797.158;752.930;3409.756;1693.049;1466.453;2555.516;1711.402;3598.315;2938.579;1917.180;747.945;2297.299;2860.216;2881.772;3600.102;476.881;1321.287;1376.115;1262.276;1251.759;1625.238;2074.593;977.623;227.477;1222.658;-0.159;930.807;2591.755;2245.814;3600.936;1952.911;1912.673;2199.730;2866.801;2038.651;2175.533;2485.100;1123.918;3019.086;2156.311;1011.197;585.850;1.815
266,486.9134020805359,265,-563.8160012443449,563.8160012443449,0.12476071071353867,496.895;3571.500;1025.879;3100.284;1680.090;2675.137;2660.023;2106.221;1616.763;23.298;17.596;2870.845;1738.691;955.333;3156.528;1188.552;955.043;1225.564;2467.646;1757.860;1863.516;628.666;1064.269;852.454;1126.215;476.025;391.947;3599.605;3585.375;46.448;533.529;587.103;2552.378;2775.349;3.389;2026.062;1.749;2166.740;2534.723;3598.198;825.782;3118.243;3183.580;3586.770;13.945;1571.098;3600.651;1429.130;3325.469;1935.233;2686.478;2111.920;-2.789;4.364;305.670;906.032;3602.136;2731.150;3178.175;2121.513;2300.113;3599.093;3600.375;3598.006;3241.409;388.627;998.300;-0.580;2007.914;2769.560;-1.145;-2.392;1334.637;721.889;2813.261;1304.962;2472.171;2010.836;2098.907;3598.425;3595.336;2.448;2993.305;840.224;-0.276;827.129;2082.884;3597.430;1526.373;-0.143;3595.859;460.593;1376.819;3132.255;1935.550;1682.001;2701.380;18.160;2129.386;1500.549,3597.772;3127.370;3.520;350.571;1510.395;2388.765;916.526;829.001;3247.662;3423.723;1463.859;3318.716;534.649;351.318;1569.848;2500.319;3068.887;3598.676;2701.876;2824.371;2651.165;2614.787;2812.976;3597.674;1600.177;278.189;639.734;773.240;1203.997;3234.683;1.784;1668.072;3200.932;668.007;181.393;186.281;449.354;3107.152;138.861;498.230;3295.910;2985.257;2029.628;3603.736;-0.581;3588.674;2253.065;1000.379;3411.906;2479.217;3598.948;-0.218;1887.439;1680.579;2448.687;601.166;-0.885;1800.922;755.746;3406.275;1692.741;1462.644;2558.615;1714.072;3598.295;2935.031;1913.825;749.613;2297.947;2858.491;2878.190;3602.252;474.519;1317.547;1379.815;1266.039;1254.806;1622.798;2077.428;977.056;224.872;1219.916;-4.055;927.513;2589.491;2242.342;3604.647;1955.112;1916.522;2196.249;2864.826;2042.469;2178.930;2485.653;1120.637;3022.318;2157.502;1007.471;585.426;0.421
267,488.81575202941895,266,-563.7986116621498,563.7986116621498,0.08554597380428303,493.110;3567.818;1029.338;3097.678;1677.132;2671.841;2663.818;2102.817;1620.675;22.659;15.317;2874.223;1742.531;952.766;3153.549;1184.657;951.188;1221.843;2465.893;1761.747;1860.485;626.340;1060.953;849.468;1124.508;478.261;395.428;3602.360;3589.159;43.797;532.743;590.535;2555.925;2778.220;-0.143;2028.704;-0.637;2163.011;2530.887;3594.613;826.995;3114.362;3183.082;3584.896;15.084;1569.812;3597.998;1426.117;3328.922;1937.694;2686.397;2108.038;0.751;3.887;303.279;903.688;3601.995;2734.902;3181.714;2118.363;2298.225;3602.633;3599.826;3601.778;3245.230;392.541;1002.155;-1.053;2008.897;2765.930;2.613;0.356;1338.102;724.896;2813.735;1308.240;2469.736;2014.619;2095.216;3601.072;3594.099;-0.764;2994.591;836.973;1.310;824.011;2084.220;3597.381;1529.966;-0.540;3597.174;459.969;1373.356;3136.030;1934.629;1685.785;2704.918;15.325;2127.750;1497.777,3595.886;3123.554;-0.359;354.437;1513.224;2385.046;919.058;831.850;3251.532;3426.967;1460.433;3315.563;538.090;355.133;1573.262;2500.504;3065.699;3596.056;2698.467;2827.595;2647.621;2611.026;2816.691;3600.973;1603.857;274.936;637.052;770.078;1200.913;3231.075;-1.751;1665.781;3204.769;664.307;185.100;182.521;445.515;3110.917;141.783;494.318;3299.142;2982.755;2030.203;3600.077;0.677;3592.522;2256.408;1003.265;3413.129;2481.124;3600.745;-0.485;1891.241;1677.013;2446.089;604.994;0.412;1797.901;759.556;3403.116;1696.480;1459.939;2562.336;1716.149;3601.543;2938.516;1916.171;748.363;2294.797;2862.185;2874.303;3599.488;470.947;1314.426;1376.802;1269.332;1251.889;1619.110;2073.907;976.323;223.361;1217.425;-0.330;923.739;2593.226;2241.347;3600.894;1952.674;1919.204;2197.857;2861.291;2039.502;2176.953;2482.224;1117.019;3018.918;2153.767;1003.676;588.866;-2.352
268,490.52354311943054,267,-563.8472791975613,563.8472791975613,0.09387184726255432,493.527;3571.130;1031.313;3094.367;1680.812;2675.443;2660.864;2101.800;1617.588;24.486;11.511;2870.715;1744.264;949.242;3157.033;1187.410;947.414;1225.328;2462.943;1765.443;1857.831;627.260;1064.517;845.812;1128.169;481.767;397.575;3598.618;3592.668;40.000;528.991;590.411;2558.902;2782.043;3.440;2024.978;1.832;2159.155;2532.601;3597.423;823.320;3114.717;3179.338;3588.487;11.430;1573.445;3596.697;1429.632;3332.763;1941.131;2688.111;2111.305;2.795;0.311;306.089;906.510;3598.293;2738.207;3178.164;2115.171;2294.427;3598.946;3601.352;3598.276;3241.655;391.356;998.882;2.632;2006.225;2769.561;5.377;3.060;1334.493;724.555;2810.035;1305.035;2473.376;2018.291;2098.418;3599.961;3596.871;2.884;2992.121;840.435;-2.252;820.354;2087.809;3600.961;1526.457;1.273;3594.239;456.789;1376.833;3139.325;1938.340;1682.399;2703.329;11.627;2124.065;1501.352,3599.354;3126.403;-3.754;356.149;1509.795;2383.874;922.223;835.647;3249.640;3427.879;1461.268;3319.087;537.573;352.074;1572.960;2496.838;3061.872;3599.555;2699.912;2829.780;2646.927;2608.436;2817.535;3597.840;1606.327;271.670;633.958;766.235;1197.078;3233.506;1.024;1666.940;3201.435;667.327;188.959;180.801;448.525;3108.486;144.527;497.200;3295.428;2986.218;2033.935;3598.068;-2.982;3596.269;2259.205;1003.062;3416.884;2481.370;3599.891;-0.277;1892.497;1673.448;2448.950;608.455;-2.752;1798.137;760.444;3406.363;1700.138;1457.674;2559.067;1712.644;3598.158;2935.493;1918.690;751.695;2291.020;2858.878;2875.352;3602.449;474.234;1317.020;1379.686;1272.674;1248.067;1622.349;2074.395;972.572;220.981;1220.996;1.343;926.230;2590.596;2244.549;3600.225;1955.624;1915.789;2201.407;2858.561;2037.945;2173.217;2478.371;1113.158;3015.199;2150.045;1000.243;585.387;1.375
269,492.3820927143097,268,-563.8643040082496,563.8643040082496,0.09249723372131584,497.133;3567.792;1027.665;3090.581;1678.197;2673.038;2662.030;2104.509;1619.363;20.841;7.765;2873.581;1741.356;951.639;3155.523;1185.374;950.911;1226.651;2464.268;1766.189;1854.854;623.643;1061.281;842.201;1127.675;478.362;401.231;3597.438;3596.349;41.708;528.268;593.088;2556.526;2785.572;6.356;2025.032;5.236;2161.211;2529.990;3601.010;822.187;3112.002;3179.187;3590.443;13.527;1574.025;3599.764;1432.772;3335.118;1943.358;2684.595;2112.456;0.195;-3.478;306.357;902.905;3601.170;2740.461;3181.402;2118.485;2296.543;3598.641;3597.753;3600.501;3241.136;393.663;996.515;6.458;2002.441;2769.703;1.829;-0.080;1337.140;721.039;2806.944;1303.618;2472.174;2020.548;2099.607;3602.564;3600.641;-0.475;2989.431;841.913;1.378;822.118;2085.486;3597.325;1528.440;-2.057;3597.851;459.273;1374.694;3141.532;1935.593;1679.482;2706.376;11.756;2126.741;1501.145,3601.647;3124.660;-0.094;352.472;1508.732;2385.907;926.026;832.480;3248.118;3431.437;1464.942;3316.512;541.223;350.745;1571.297;2493.020;3058.047;3603.239;2696.407;2833.320;2649.508;2607.121;2821.156;3600.121;1610.092;273.892;637.107;768.787;1197.436;3237.169;3.870;1667.790;3200.813;671.114;186.016;177.047;445.039;3111.360;141.209;494.520;3291.608;2983.416;2036.652;3600.232;0.516;3597.875;2255.897;999.365;3420.627;2482.596;3596.209;2.828;1893.550;1673.901;2445.659;606.524;0.933;1801.754;759.057;3404.164;1701.061;1457.125;2562.130;1709.358;3599.609;2938.106;1915.527;748.136;2294.455;2860.833;2875.741;3598.976;471.545;1314.632;1382.444;1271.504;1245.998;1619.757;2070.803;969.094;220.924;1223.399;2.777;926.508;2593.745;2242.470;3601.934;1952.628;1913.777;2205.218;2862.178;2035.332;2174.892;2481.818;1115.769;3014.210;2147.668;1000.223;585.883;2.437
270,494.2711431980133,269,-563.8365616125939,563.8365616125939,0.10912607812891736,500.511;3571.113;1029.967;3088.734;1674.602;2676.156;2665.713;2108.254;1623.081;17.072;10.877;2877.074;1742.399;948.396;3155.848;1181.650;954.675;1223.224;2467.679;1762.670;1854.238;621.260;1063.708;838.419;1124.069;479.672;398.512;3596.456;3598.318;38.561;531.295;596.639;2552.866;2788.222;7.295;2026.614;2.181;2159.743;2533.024;3597.793;820.092;3115.452;3175.536;3587.493;12.737;1571.561;3603.418;1429.810;3338.595;1944.554;2680.822;2115.822;3.286;0.115;310.052;906.260;3598.857;2744.160;3179.881;2115.377;2300.083;3599.483;3597.482;3599.986;3238.247;390.854;999.880;5.440;1999.752;2773.360;-1.541;0.432;1340.412;717.276;2803.184;1306.597;2468.477;2016.969;2099.427;3599.042;3599.543;-3.325;2985.717;838.350;0.977;825.781;2088.723;3599.333;1532.163;1.277;3598.592;462.665;1372.917;3138.029;1931.997;1675.773;2703.026;15.355;2124.178;1497.462,3598.116;3125.781;1.052;355.690;1505.167;2389.631;929.700;833.796;3251.767;3427.831;1462.010;3319.847;541.816;347.976;1567.804;2489.412;3061.409;3599.626;2699.307;2829.647;2653.244;2610.631;2824.741;3602.608;1606.867;272.345;633.638;772.235;1201.109;3233.819;2.520;1671.489;3197.150;669.202;186.958;179.694;442.530;3108.291;144.430;491.054;3290.604;2986.734;2033.544;3603.217;-1.860;3600.211;2257.677;1000.806;3417.671;2479.977;3597.806;-0.512;1889.947;1670.558;2447.639;610.085;0.039;1802.890;755.347;3400.436;1704.721;1453.443;2563.134;1710.943;3603.118;2936.837;1918.938;751.119;2291.388;2863.851;2872.311;3601.766;470.014;1310.953;1381.190;1274.650;1242.281;1618.863;2067.042;968.310;217.267;1227.088;-0.688;922.888;2592.078;2245.897;3598.709;1955.959;1917.434;2208.800;2859.811;2036.623;2175.338;2478.593;1118.454;3017.901;2148.810;996.614;582.286;-0.888
271,496.18415808677673,270,-563.826449617029,563.826449617029,0.10399054759800928,503.987;3569.714;1033.532;3085.425;1674.449;2675.925;2664.325;2104.903;1621.989;17.119;7.899;2876.367;1740.763;944.689;3158.377;1180.870;952.377;1225.890;2471.393;1764.977;1857.711;618.338;1065.101;834.847;1125.992;477.389;401.028;3600.042;3601.999;41.854;535.013;600.280;2549.163;2791.885;10.914;2029.643;-1.538;2156.747;2529.665;3596.411;816.758;3116.228;3172.770;3586.141;15.498;1567.944;3599.800;1431.368;3335.979;1940.929;2682.491;2113.946;4.860;2.511;308.074;903.707;3602.064;2743.826;3176.364;2117.983;2297.433;3602.047;3598.744;3603.551;3238.824;393.429;997.853;2.817;2003.071;2772.780;1.790;-3.179;1337.888;718.341;2805.952;1303.338;2470.927;2014.936;2102.483;3596.635;3603.086;0.121;2985.908;838.118;0.702;828.637;2085.496;3599.152;1531.624;-0.112;3600.379;466.280;1375.908;3141.340;1934.702;1678.749;2706.155;19.051;2127.295;1496.693,3599.244;3122.227;-1.749;352.501;1508.692;2386.118;928.850;837.442;3251.384;3429.688;1463.746;3316.998;540.382;351.365;1571.219;2492.378;3065.043;3599.974;2697.431;2828.475;2652.786;2608.031;2827.850;3599.002;1603.547;274.951;631.583;770.323;1199.533;3230.387;-1.114;1668.404;3200.245;668.942;183.741;178.551;444.821;3111.260;140.962;489.120;3293.554;2984.716;2030.080;3599.619;0.962;3597.897;2259.757;1000.428;3419.991;2482.544;3594.472;2.707;1892.830;1673.367;2444.219;612.514;0.716;1802.877;757.242;3402.615;1701.584;1456.695;2566.592;1707.344;3599.710;2939.631;1922.414;750.771;2293.029;2867.561;2868.582;3599.215;466.361;1312.978;1377.522;1271.118;1242.866;1622.185;2069.997;971.785;213.524;1225.874;2.344;924.363;2589.339;2249.620;3601.761;1959.371;1915.645;2205.629;2863.230;2032.990;2172.204;2478.328;1115.947;3016.988;2145.218;1000.013;584.072;2.225
272,497.9032371044159,271,-563.8849995575752,563.8849995575752,0.1162013819608916,504.266;3571.440;1035.175;3081.972;1677.964;2672.499;2661.467;2101.800;1620.717;20.653;4.528;2875.810;1740.333;947.467;3162.034;1181.933;949.400;1229.537;2475.053;1767.304;1861.352;619.704;1062.574;831.173;1129.470;473.851;404.330;3603.231;3598.543;42.631;534.238;603.985;2551.697;2794.949;7.432;2026.604;1.422;2153.073;2525.973;3599.507;820.292;3113.054;3169.245;3582.552;19.143;1564.572;3599.287;1428.873;3339.258;1938.617;2683.710;2117.199;1.527;2.883;307.576;900.325;3603.014;2747.419;3179.660;2121.274;2293.958;3598.464;3602.248;3600.136;3240.851;395.958;994.742;-0.419;2000.969;2770.279;0.499;-2.110;1334.394;718.099;2805.266;1303.575;2474.231;2011.317;2106.161;3596.673;3599.553;3.780;2982.397;840.832;-2.693;826.665;2082.144;3602.065;1528.412;-3.421;3596.871;466.041;1372.897;3144.717;1935.729;1678.403;2709.435;15.635;2130.746;1496.765,3597.234;3123.953;1.421;355.074;1507.815;2387.443;925.334;839.859;3250.991;3426.900;1467.272;3320.162;536.788;347.915;1574.907;2495.788;3064.644;3600.285;2693.971;2827.710;2650.134;2611.540;2829.755;3601.058;1606.206;278.595;629.207;768.827;1196.227;3232.371;2.297;1665.427;3196.963;668.913;186.910;178.148;441.529;3109.921;140.450;485.479;3294.937;2988.165;2026.681;3601.504;-2.070;3601.374;2256.351;1003.969;3416.982;2479.175;3597.710;1.317;1890.300;1675.366;2440.622;614.794;-2.465;1799.368;753.880;3405.576;1700.798;1453.922;2564.196;1706.109;3597.376;2936.477;1919.192;753.986;2294.342;2868.124;2870.739;3600.177;468.931;1309.504;1380.068;1273.193;1239.786;1625.875;2071.596;971.784;210.534;1222.274;1.324;927.802;2587.777;2249.191;3598.508;1960.614;1917.346;2205.516;2860.445;2034.172;2175.694;2481.419;1116.269;3018.206;2147.682;1000.757;582.433;3.227
273,499.77870178222656,272,-563.8738626394689,563.8738626394689,0.12434373200023534,500.736;3568.016;1031.659;3079.350;1680.678;2673.059;2658.206;2098.499;1621.860;19.240;1.763;2879.323;1743.895;950.623;3159.377;1178.652;947.602;1227.266;2472.618;1764.117;1864.282;623.279;1066.045;834.331;1128.844;477.228;407.950;3599.715;3597.311;45.421;530.689;607.535;2549.776;2798.578;5.046;2029.396;-1.615;2155.962;2522.665;3598.961;817.506;3109.422;3172.522;3582.997;19.782;1567.925;3601.798;1432.083;3342.908;1937.514;2680.390;2119.851;-2.016;6.084;304.004;901.907;3599.480;2746.716;3176.445;2118.897;2295.634;3599.518;3598.796;3599.375;3237.311;397.308;997.220;-3.115;1998.456;2773.632;-3.020;1.399;1335.954;721.611;2808.694;1300.116;2471.212;2014.700;2103.076;3600.246;3599.016;4.389;2985.838;838.593;0.769;823.453;2079.624;3598.586;1528.266;0.055;3600.107;463.377;1369.259;3142.572;1932.742;1676.222;2706.401;14.104;2134.398;1493.487,3594.119;3127.350;-1.453;352.556;1510.772;2385.434;927.985;836.865;3247.688;3424.983;1470.930;3317.349;533.475;346.417;1571.577;2499.047;3068.018;3603.407;2696.859;2827.022;2652.405;2611.878;2826.233;3598.721;1607.475;281.347;625.606;772.391;1199.597;3233.296;-0.142;1666.737;3198.292;665.371;189.447;174.713;445.000;3113.319;137.181;488.265;3291.422;2985.635;2023.201;3604.889;-0.700;3598.104;2252.705;1003.416;3413.403;2479.624;3600.440;2.696;1887.474;1671.816;2442.846;617.020;1.009;1802.886;755.637;3408.472;1700.893;1454.285;2566.256;1709.483;3596.399;2939.213;1917.464;753.912;2297.600;2865.498;2870.946;3602.190;471.516;1305.849;1377.736;1270.877;1243.123;1622.630;2074.956;968.207;212.631;1220.491;-2.077;931.435;2591.325;2245.625;3601.360;1963.792;1920.405;2201.977;2860.463;2034.709;2179.349;2485.061;1119.783;3016.590;2145.212;1004.216;578.837;5.704
274,501.68749618530273,273,-563.826369304647,563.826369304647,0.10511687742978475,503.873;3564.609;1028.561;3075.765;1684.267;2676.534;2660.580;2101.783;1625.385;21.910;4.661;2876.081;1741.403;954.225;3155.898;1178.751;944.043;1230.678;2475.834;1760.518;1867.875;620.535;1069.475;836.743;1129.106;474.259;405.427;3600.584;3594.948;42.002;527.081;610.296;2553.212;2802.180;7.598;2032.961;1.543;2153.671;2519.054;3602.377;814.055;3106.042;3174.115;3586.537;16.843;1571.520;3598.494;1435.666;3344.201;1940.457;2676.826;2123.435;1.403;2.780;306.579;905.455;3599.878;2750.080;3176.040;2115.546;2298.969;3599.949;3597.894;3600.364;3234.279;393.835;1000.764;0.404;1994.874;2776.099;0.340;3.073;1339.322;718.246;2805.923;1301.252;2467.950;2017.647;2101.193;3598.877;3597.277;3.466;2989.239;837.703;-1.547;819.878;2082.887;3601.221;1531.498;-2.302;3603.654;465.854;1371.038;3142.918;1929.148;1672.657;2703.467;10.955;2132.416;1489.900,3590.526;3128.892;1.346;355.821;1507.402;2388.732;925.473;833.275;3251.126;3425.764;1474.316;3320.478;536.908;343.038;1574.653;2495.770;3067.784;3599.912;2693.752;2830.314;2649.135;2615.348;2828.784;3601.794;1611.024;284.721;624.506;770.296;1198.018;3236.839;2.564;1670.244;3195.227;661.886;186.441;171.122;442.855;3110.078;140.567;485.029;3287.845;2988.950;2019.600;3601.538;-2.527;3601.435;2251.816;1006.894;3416.234;2476.137;3603.621;0.034;1883.906;1671.642;2439.529;613.721;1.121;1802.328;752.506;3405.021;1702.773;1450.760;2569.824;1712.789;3592.858;2940.445;1913.905;757.444;2301.206;2865.364;2867.740;3598.683;468.222;1302.256;1381.068;1274.375;1243.708;1620.910;2074.328;969.387;209.125;1221.403;0.913;934.892;2594.322;2242.137;3598.734;1965.885;1924.004;2205.268;2856.935;2038.238;2179.604;2485.168;1121.482;3019.516;2148.696;1000.927;580.345;5.077
275,503.6137385368347,274,-563.7966267726454,563.7966267726454,0.06479941906870572,501.981;3564.605;1031.760;3078.810;1686.154;2679.251;2663.821;2102.030;1624.974;25.352;1.356;2878.156;1738.270;955.923;3159.204;1182.115;942.591;1228.557;2473.457;1763.727;1864.666;617.052;1068.066;834.662;1132.586;471.070;406.575;3598.452;3597.636;45.259;529.119;606.927;2556.713;2802.009;4.562;2029.556;4.077;2150.474;2518.866;3598.958;816.058;3108.992;3170.960;3585.867;20.010;1572.388;3599.512;1439.187;3344.124;1937.650;2678.845;2126.641;4.202;5.134;304.557;903.618;3601.366;2746.935;3173.466;2114.673;2296.525;3597.421;3599.578;3599.583;3236.819;391.226;997.690;-1.578;1998.180;2772.939;-1.382;-0.362;1335.971;721.078;2807.204;1298.837;2469.558;2020.823;2104.462;3601.923;3600.592;2.879;2989.157;834.238;0.834;818.045;2080.440;3598.571;1528.188;0.506;3600.262;469.353;1371.391;3139.447;1928.459;1670.956;2706.701;12.587;2134.490;1492.008,3592.832;3132.399;3.350;355.262;1507.888;2386.847;923.214;835.674;3253.184;3423.135;1477.562;3319.858;540.293;339.508;1577.605;2497.776;3064.311;3599.447;2690.211;2833.288;2645.563;2616.387;2826.636;3598.607;1613.916;288.103;621.020;767.143;1195.715;3239.766;-0.456;1667.135;3198.460;658.304;186.078;168.121;445.765;3111.952;143.664;483.715;3284.523;2987.735;2017.095;3600.782;0.774;3600.801;2255.188;1004.318;3413.661;2479.083;3600.150;-0.039;1887.033;1668.222;2442.581;616.360;-2.049;1799.628;755.519;3402.434;1706.292;1447.685;2572.321;1710.158;3595.115;2936.961;1910.544;757.028;2304.795;2868.830;2871.173;3598.576;471.557;1299.060;1378.148;1276.460;1246.906;1620.657;2077.762;971.897;208.125;1224.908;-1.449;938.397;2591.251;2238.736;3601.705;1969.309;1923.389;2203.486;2854.886;2039.982;2183.042;2481.931;1118.022;3018.089;2146.794;998.064;576.928;3.271
276,505.3364796638489,275,-563.7743612039723,563.7743612039723,0.11782218627805971,498.541;3568.059;1032.435;3077.567;1689.627;2682.748;2665.928;2105.221;1623.658;28.868;-1.535;2880.708;1734.780;954.872;3162.065;1185.652;939.255;1229.047;2473.961;1766.903;1861.187;613.604;1064.593;837.837;1136.100;467.539;409.641;3595.591;3600.971;44.571;527.007;606.783;2560.234;2804.238;7.228;2026.934;5.558;2146.955;2515.807;3599.165;817.029;3105.992;3171.588;3586.470;16.857;1575.838;3602.690;1438.194;3347.553;1939.597;2678.724;2130.065;7.673;1.866;301.755;905.775;3597.938;2743.434;3169.964;2118.111;2293.593;3600.302;3601.941;3596.212;3235.178;387.758;994.171;1.138;2001.088;2769.741;1.811;-3.264;1333.384;724.388;2803.793;1302.092;2473.024;2024.300;2107.891;3599.875;3603.887;6.085;2992.475;837.638;-2.163;818.696;2077.073;3600.973;1524.697;2.007;3598.658;466.011;1367.955;3139.250;1925.237;1667.580;2707.167;9.268;2131.254;1495.391,3595.482;3132.762;5.578;358.474;1510.247;2389.701;926.557;836.892;3255.231;3426.550;1478.764;3317.742;542.222;341.005;1581.062;2501.194;3066.980;3600.703;2686.940;2832.664;2646.740;2613.008;2829.642;3600.518;1617.168;284.977;617.657;764.209;1192.218;3243.054;-2.544;1663.609;3200.733;654.831;189.182;164.737;447.119;3114.954;146.974;482.878;3281.050;2987.963;2013.666;3600.508;-2.146;3598.792;2256.794;1003.019;3411.382;2475.949;3600.054;-3.488;1890.545;1664.980;2445.865;619.764;0.513;1796.561;758.310;3400.118;1705.118;1444.239;2575.820;1706.649;3598.412;2935.798;1907.304;760.097;2307.931;2866.958;2872.769;3597.105;469.511;1298.700;1377.643;1279.657;1250.390;1619.145;2081.284;969.064;205.959;1228.207;1.573;940.769;2593.795;2235.196;3598.644;1972.823;1919.953;2205.281;2852.423;2037.345;2186.502;2478.919;1120.049;3014.638;2144.094;997.992;575.104;-0.212
277,507.2253394126892,276,-563.8131666842146,563.8131666842146,0.08167432950166366,495.058;3566.572;1030.534;3074.291;1688.228;2681.486;2669.381;2104.002;1626.977;26.680;1.786;2877.621;1738.107;956.324;3161.560;1183.426;936.084;1231.477;2477.274;1767.436;1858.651;610.101;1063.797;837.709;1138.444;468.017;411.821;3598.708;3597.758;45.727;525.736;603.486;2561.064;2807.163;4.370;2029.948;2.264;2149.266;2518.964;3599.907;820.452;3108.356;3174.455;3589.361;17.270;1575.588;3599.432;1434.768;3348.870;1941.354;2682.026;2126.773;5.280;1.537;304.237;903.414;3599.920;2741.214;3166.622;2117.461;2296.149;3597.522;3598.580;3599.098;3238.555;384.296;994.035;3.389;1999.675;2766.878;3.453;-0.235;1336.498;726.857;2800.974;1303.895;2470.385;2027.661;2105.242;3597.577;3600.563;3.234;2995.956;837.762;0.893;821.827;2077.468;3598.072;1523.906;1.565;3597.379;464.031;1366.995;3141.424;1927.430;1670.183;2707.995;5.993;2128.127;1497.755,3594.946;3129.372;2.811;356.868;1506.959;2386.449;927.024;837.762;3258.238;3427.414;1477.468;3314.805;544.549;338.228;1579.966;2499.495;3064.313;3599.385;2685.872;2829.836;2645.566;2612.321;2827.685;3601.688;1619.676;287.846;614.313;766.993;1190.041;3246.192;0.841;1664.797;3200.427;651.382;188.181;161.966;449.018;3117.971;150.351;485.902;3280.265;2988.708;2012.900;3603.799;0.345;3601.408;2253.825;999.765;3407.974;2474.404;3602.842;-0.164;1888.356;1661.519;2448.497;623.229;-0.172;1799.242;759.788;3399.429;1708.471;1441.373;2579.024;1708.732;3601.879;2934.849;1903.918;757.347;2310.733;2863.661;2876.051;3593.784;469.498;1295.311;1380.609;1283.084;1250.652;1615.728;2083.693;966.335;208.721;1231.098;-1.270;944.225;2591.682;2234.434;3600.877;1974.064;1921.933;2202.778;2851.199;2040.572;2189.705;2481.507;1121.879;3017.680;2142.391;995.160;578.298;2.598
278,509.1391773223877,277,-563.8855089330821,563.8855089330821,0.08629984908291256,492.574;3566.318;1029.567;3072.014;1691.377;2681.390;2667.988;2100.825;1630.075;23.900;1.511;2876.129;1737.854;959.567;3158.348;1185.969;933.117;1229.547;2474.452;1768.936;1857.413;612.709;1060.476;840.825;1139.623;470.231;415.214;3597.603;3599.668;46.709;529.026;605.425;2563.791;2804.759;1.612;2033.136;-1.188;2149.690;2516.305;3602.951;823.468;3110.935;3177.530;3592.317;14.503;1572.324;3599.975;1436.599;3347.639;1937.993;2684.809;2123.759;2.113;4.143;300.990;900.186;3598.517;2742.106;3166.060;2120.270;2293.052;3600.362;3599.533;3601.779;3241.526;387.436;995.520;4.717;2000.717;2769.800;3.103;0.827;1339.569;728.866;2801.698;1300.645;2472.384;2025.095;2102.100;3598.751;3599.520;4.813;2999.209;835.572;0.719;825.281;2074.432;3596.839;1521.382;-1.623;3599.393;461.590;1366.636;3144.839;1927.737;1673.292;2706.107;2.586;2125.090;1500.825,3598.206;3130.858;-0.535;353.488;1503.522;2383.006;923.730;834.531;3255.820;3425.639;1474.073;3311.467;547.970;334.789;1576.576;2496.150;3067.054;3602.591;2688.659;2832.869;2648.903;2614.163;2824.290;3598.337;1619.727;291.282;617.139;765.219;1193.221;3246.230;3.296;1668.151;3197.399;647.914;184.793;162.768;445.673;3115.826;147.918;489.347;3283.041;2985.578;2016.070;3600.694;-1.721;3598.068;2250.378;996.306;3404.608;2473.235;3599.718;-1.436;1884.947;1660.881;2446.323;620.048;-2.327;1802.658;763.184;3402.803;1706.869;1444.078;2582.481;1712.063;3601.818;2938.099;1906.597;753.910;2314.146;2860.212;2873.343;3592.020;472.821;1291.853;1384.049;1286.391;1254.010;1612.262;2086.991;962.899;208.221;1234.434;1.928;947.694;2594.838;2234.975;3598.347;1977.439;1919.565;2199.352;2854.526;2043.998;2190.360;2484.937;1125.056;3019.236;2139.001;991.722;576.065;-0.582
279,510.85394620895386,278,-563.8196466282543,563.8196466282543,0.08515291495608898,495.439;3563.416;1032.675;3075.244;1693.464;2678.091;2671.287;2099.345;1627.547;23.743;-1.775;2877.457;1737.808;956.539;3161.481;1183.441;935.553;1232.735;2474.232;1765.870;1856.020;610.611;1059.078;841.152;1142.978;467.014;412.922;3600.809;3601.987;50.048;528.595;608.592;2567.174;2807.370;-1.754;2036.552;0.832;2152.947;2516.919;3599.658;825.222;3108.261;3180.820;3590.629;17.559;1570.017;3602.329;1437.349;3350.808;1937.693;2681.927;2120.379;-0.471;7.531;302.072;903.221;3598.700;2738.968;3162.812;2117.306;2296.126;3597.470;3602.544;3598.486;3243.557;385.770;992.360;7.710;2003.936;2772.430;-0.065;-2.246;1341.071;732.234;2799.636;1303.025;2469.310;2027.712;2103.796;3595.834;3601.614;8.169;2996.333;832.808;-2.030;824.629;2076.080;3593.934;1518.018;1.560;3597.285;464.081;1363.408;3142.397;1924.419;1676.520;2709.428;-0.787;2125.641;1500.728,3595.352;3129.587;2.678;354.822;1504.068;2383.977;925.771;835.232;3258.665;3428.665;1477.269;3308.062;546.485;336.873;1578.077;2496.779;3068.708;3599.485;2686.135;2835.608;2649.576;2614.812;2824.389;3597.462;1621.235;291.385;614.527;768.171;1191.985;3249.381;1.651;1666.175;3198.661;647.163;185.892;166.024;447.824;3118.897;148.746;486.645;3280.772;2983.117;2014.137;3600.098;1.306;3597.772;2252.668;995.975;3401.501;2475.744;3600.923;1.346;1886.155;1657.549;2449.528;617.979;0.984;1801.405;761.590;3401.538;1703.526;1442.768;2581.833;1709.129;3598.554;2937.259;1904.922;753.776;2315.094;2861.752;2874.319;3594.727;471.344;1290.351;1382.000;1287.443;1255.962;1615.293;2085.560;960.522;205.351;1234.920;1.453;948.320;2591.916;2234.363;3600.643;1977.636;1921.966;2198.047;2855.779;2042.731;2193.547;2482.274;1125.105;3020.667;2140.541;993.710;577.843;1.968
280,512.7310557365417,279,-563.8327746635923,563.8327746635923,0.050336839088459116,497.641;3565.098;1029.495;3072.344;1690.847;2678.094;2669.108;2102.412;1624.324;20.724;0.985;2880.002;1740.888;953.271;3159.070;1185.101;938.832;1230.489;2471.052;1768.934;1852.698;607.940;1057.965;844.104;1143.894;468.827;416.012;3598.618;3598.725;51.198;531.238;610.910;2567.452;2810.728;1.418;2034.780;-0.278;2153.445;2513.777;3599.205;822.132;3105.232;3177.839;3593.870;15.265;1569.345;3599.116;1440.617;3354.117;1940.934;2678.630;2122.034;2.539;6.016;298.989;900.703;3601.302;2741.790;3165.444;2118.648;2294.706;3600.108;3599.347;3599.234;3240.868;382.648;994.956;4.607;2001.552;2775.788;-0.895;0.566;1344.159;729.905;2796.529;1303.693;2471.985;2024.714;2102.589;3598.682;3598.738;5.376;2998.564;835.780;1.158;821.536;2079.286;3596.894;1516.600;0.311;3595.701;467.300;1365.984;3144.697;1922.438;1674.377;2708.282;1.954;2123.479;1503.653,3592.330;3126.667;-0.209;352.001;1500.920;2387.023;923.297;833.552;3256.261;3425.895;1477.619;3310.938;548.604;335.115;1575.507;2495.978;3065.519;3597.971;2682.791;2838.970;2646.403;2613.761;2827.396;3600.134;1624.549;291.152;616.945;765.673;1188.732;3252.747;3.533;1663.286;3195.407;650.239;186.023;162.914;445.099;3117.711;150.005;483.327;3277.434;2986.326;2010.802;3602.975;-0.367;3600.707;2250.289;998.570;3404.493;2472.861;3598.208;-0.815;1883.484;1659.259;2446.588;614.645;1.080;1802.015;762.814;3403.602;1705.587;1445.790;2584.123;1711.780;3595.379;2940.442;1901.938;756.398;2312.440;2859.540;2876.257;3593.768;474.166;1289.383;1384.968;1285.326;1253.558;1614.326;2088.060;963.166;208.510;1231.959;2.292;951.347;2594.918;2231.062;3598.110;1980.869;1919.156;2199.409;2853.211;2044.533;2196.917;2485.195;1122.998;3023.953;2138.934;995.163;580.891;3.563
281,514.6338429450989,280,-563.9383952595629,563.9383952595629,0.09329186611638145,494.443;3561.843;1030.551;3073.568;1693.909;2674.919;2668.153;2099.277;1621.328;23.442;4.253;2880.567;1737.901;956.300;3161.389;1188.389;937.039;1233.584;2474.093;1766.904;1855.192;604.710;1054.688;847.422;1140.684;466.532;413.338;3600.732;3598.734;54.405;534.363;607.909;2570.694;2807.683;4.737;2037.923;-3.556;2156.699;2516.824;3598.993;825.129;3101.912;3181.016;3597.194;11.975;1566.072;3597.107;1443.912;3351.112;1938.063;2681.782;2118.836;4.987;2.742;296.550;897.402;3598.198;2738.877;3162.499;2117.163;2292.025;3600.413;3601.139;3597.125;3244.072;385.466;992.395;1.265;2001.063;2773.022;2.329;-1.438;1344.905;732.574;2799.647;1300.495;2475.255;2025.291;2099.309;3599.176;3597.123;2.078;2998.107;838.070;-0.938;824.265;2076.127;3600.230;1513.314;-2.285;3598.929;469.800;1363.046;3142.779;1925.574;1677.558;2710.265;5.255;2126.692;1506.975,3594.197;3123.338;1.610;353.811;1502.836;2384.084;926.398;830.265;3256.293;3423.156;1480.888;3308.939;551.892;332.909;1576.015;2499.170;3062.386;3600.786;2685.315;2835.939;2649.241;2610.482;2824.429;3600.237;1623.579;292.543;614.366;762.978;1188.991;3254.505;0.456;1660.115;3198.260;647.480;182.759;165.913;444.044;3120.641;153.283;483.521;3280.370;2983.965;2008.267;3599.901;2.879;3598.730;2250.818;1001.272;3401.653;2469.540;3600.991;-4.115;1880.952;1657.430;2448.403;615.013;-1.257;1805.235;765.413;3400.969;1702.630;1442.930;2587.105;1710.087;3598.400;2943.348;1904.695;753.149;2309.121;2857.510;2878.915;3596.976;471.208;1288.377;1382.826;1288.403;1256.549;1617.030;2085.392;960.052;205.419;1228.677;-0.743;952.303;2593.219;2227.746;3600.602;1984.133;1915.837;2202.589;2849.933;2043.409;2199.917;2483.351;1126.235;3027.300;2142.074;998.438;577.809;0.689
282,516.3466720581055,281,-563.9973055081815,563.9973055081815,0.10489848657850433,491.395;3564.208;1028.323;3070.710;1696.520;2677.791;2664.995;2101.542;1618.075;25.710;7.323;2877.342;1734.719;955.833;3158.532;1186.343;933.785;1236.836;2477.289;1763.641;1856.280;601.959;1053.577;847.047;1142.281;463.295;415.916;3599.185;3601.643;51.294;531.374;607.838;2568.219;2810.310;4.521;2037.119;-0.543;2158.071;2515.687;3601.249;826.966;3098.748;3183.561;3600.205;10.995;1564.447;3599.430;1440.966;3353.795;1940.173;2682.540;2120.235;2.045;-0.170;299.514;898.924;3596.571;2736.454;3159.319;2117.395;2294.856;3597.209;3598.332;3594.835;3242.885;382.991;989.153;3.297;1997.841;2769.982;5.532;1.523;1348.142;735.717;2797.663;1297.639;2475.059;2028.513;2096.020;3602.211;3598.306;0.173;3001.308;841.342;1.544;821.345;2077.914;3602.268;1514.327;0.875;3601.347;473.076;1359.934;3145.903;1928.847;1680.552;2713.517;4.366;2123.589;1509.968,3597.412;3126.277;-0.110;356.363;1503.387;2381.909;925.321;832.491;3253.066;3426.043;1480.137;3311.617;552.390;329.643;1573.043;2501.488;3063.818;3598.173;2688.025;2833.859;2651.996;2607.179;2825.695;3603.213;1620.538;295.756;616.232;759.696;1192.216;3251.383;-2.213;1658.356;3196.348;644.641;183.581;165.317;446.582;3123.859;155.245;486.668;3282.237;2981.070;2008.851;3600.241;1.184;3600.437;2247.872;998.130;3399.825;2470.459;3599.101;-1.071;1883.894;1660.177;2445.419;615.473;1.241;1808.174;765.074;3403.846;1705.430;1440.672;2588.187;1712.759;3598.319;2940.882;1907.964;752.982;2305.950;2854.254;2882.174;3600.284;471.382;1289.547;1382.099;1285.389;1253.886;1614.974;2088.438;962.474;208.311;1227.741;-1.260;949.407;2596.097;2227.989;3603.784;1986.598;1912.838;2205.761;2850.172;2040.170;2201.941;2484.711;1128.137;3030.383;2144.822;998.559;575.711;-2.547
283,518.2228999137878,282,-563.9775460580581,563.9775460580581,0.14146652040352256,493.807;3563.223;1031.292;3067.845;1694.697;2675.555;2663.842;2104.336;1614.805;22.943;5.910;2875.485;1734.822;953.292;3157.721;1185.541;936.052;1236.080;2478.053;1763.638;1854.381;598.867;1055.850;849.790;1145.012;460.892;413.168;3595.976;3604.719;53.139;534.408;605.325;2569.591;2812.586;3.848;2034.075;1.101;2161.199;2517.352;3604.476;823.970;3100.290;3181.092;3603.425;9.131;1561.315;3596.488;1443.366;3355.383;1938.317;2680.821;2123.010;0.220;-0.407;297.368;902.012;3599.226;2734.035;3156.352;2114.408;2297.732;3593.936;3596.508;3591.643;3240.788;379.747;990.951;2.007;2000.903;2772.800;7.452;0.332;1350.481;732.736;2798.513;1294.384;2472.823;2026.845;2098.157;3599.040;3595.201;0.321;3001.572;838.692;-0.269;819.340;2075.935;3605.073;1516.264;3.174;3600.201;470.111;1361.864;3143.994;1929.200;1682.817;2716.761;5.058;2122.205;1508.646,3595.389;3124.558;2.210;353.326;1506.388;2380.697;922.297;832.393;3250.388;3429.072;1478.511;3310.018;549.214;332.388;1574.662;2503.966;3061.106;3597.749;2691.271;2831.993;2649.736;2609.384;2823.048;3600.066;1617.286;292.654;613.487;756.677;1190.364;3248.605;0.860;1661.481;3197.558;647.510;184.022;163.355;449.673;3121.176;152.267;489.937;3285.379;2982.358;2011.863;3603.173;-1.609;3602.538;2250.534;1000.643;3402.394;2467.525;3601.220;1.406;1881.588;1659.497;2444.831;618.669;4.408;1808.354;761.881;3406.970;1702.817;1442.541;2585.194;1714.528;3596.100;2943.855;1905.365;754.145;2302.946;2853.695;2879.506;3598.216;468.575;1286.433;1379.374;1286.610;1253.358;1617.787;2086.595;965.298;208.812;1226.073;1.892;946.155;2595.992;2231.157;3600.653;1983.496;1915.886;2204.007;2851.853;2039.246;2198.864;2483.912;1130.963;3028.508;2148.073;999.623;578.860;0.571
284,520.1268985271454,283,-564.0113350821294,564.0113350821294,0.07950432568653432,494.143;3560.246;1033.453;3064.624;1697.456;2672.476;2660.698;2102.827;1617.048;26.077;3.215;2878.136;1737.914;956.250;3160.431;1185.357;934.623;1239.127;2475.016;1766.372;1851.240;601.543;1052.970;847.220;1147.816;462.359;409.960;3595.702;3601.613;50.277;537.528;602.121;2566.966;2815.749;1.596;2036.186;-0.659;2164.434;2514.647;3601.383;824.105;3097.258;3178.048;3600.341;11.478;1558.083;3594.121;1442.316;3358.209;1937.561;2683.842;2120.428;-2.965;0.043;296.461;899.945;3602.432;2736.048;3158.656;2111.210;2300.806;3592.631;3599.522;3594.513;3243.767;376.612;991.135;4.873;2002.824;2776.018;4.978;-2.770;1352.886;734.657;2801.669;1291.143;2475.727;2027.301;2100.674;3599.792;3592.308;3.125;2998.805;835.792;2.374;821.782;2072.745;3601.934;1513.342;1.009;3597.041;466.905;1364.107;3141.353;1928.548;1684.135;2719.879;6.437;2124.949;1507.291,3598.421;3121.421;-0.439;350.193;1503.827;2382.922;924.556;835.122;3248.896;3426.055;1477.148;3312.890;546.869;335.217;1572.555;2507.174;3058.053;3599.116;2694.072;2829.079;2647.789;2607.103;2825.746;3599.714;1618.664;289.528;610.699;753.474;1192.994;3251.104;0.714;1659.634;3200.599;650.466;187.028;165.376;447.621;3124.019;149.221;492.990;3282.743;2984.864;2008.915;3600.309;0.065;3599.407;2249.226;1003.831;3399.427;2464.299;3598.311;-0.425;1883.329;1657.085;2446.833;621.249;2.320;1805.375;758.997;3404.678;1701.739;1439.513;2582.001;1717.706;3598.908;2941.971;1902.571;756.682;2305.483;2856.613;2881.568;3599.121;467.315;1284.983;1376.360;1289.516;1250.558;1615.917;2088.824;967.662;207.614;1226.927;-0.518;945.945;2593.605;2229.405;3598.837;1985.282;1918.756;2205.861;2848.964;2042.011;2199.914;2480.818;1128.075;3030.219;2150.804;999.965;581.670;0.107
285,522.0558969974518,284,-563.9863494750858,563.9863494750858,0.07680809121176242,497.254;3561.924;1035.754;3065.071;1694.875;2670.453;2663.332;2105.765;1617.826;24.853;5.120;2875.429;1735.007;959.418;3159.783;1182.236;931.596;1242.290;2477.519;1763.318;1854.268;604.241;1051.033;844.078;1150.972;459.287;407.017;3593.192;3598.858;51.452;535.114;598.923;2566.022;2816.042;-0.883;2037.196;0.573;2167.187;2515.784;3600.455;826.396;3096.902;3178.116;3600.998;14.429;1559.957;3593.915;1443.320;3355.242;1940.272;2686.802;2117.938;-0.049;-3.026;299.400;902.924;3600.440;2733.034;3161.416;2114.224;2303.966;3594.548;3600.100;3597.439;3246.750;373.536;988.039;7.628;2005.921;2774.664;1.809;-0.090;1350.678;731.902;2804.662;1287.950;2472.667;2030.396;2097.785;3602.793;3589.250;1.637;2995.633;834.559;-0.094;818.886;2072.835;3599.509;1515.707;2.328;3595.180;465.700;1367.249;3144.104;1925.437;1687.263;2717.961;7.730;2127.969;1510.246,3596.013;3121.413;1.595;347.112;1506.719;2380.926;927.714;832.067;3251.874;3428.844;1477.317;3310.147;549.778;334.194;1575.548;2504.208;3061.027;3596.101;2696.505;2825.933;2650.881;2605.189;2828.840;3601.834;1621.602;287.072;607.550;753.156;1196.015;3254.210;-0.672;1661.133;3203.792;653.490;187.383;164.098;450.702;3122.148;148.823;493.163;3280.502;2981.783;2005.847;3600.022;-1.174;3599.723;2247.102;1001.134;3400.207;2467.002;3596.075;1.859;1886.476;1653.964;2444.497;621.310;-0.668;1807.894;755.809;3405.849;1698.652;1439.805;2579.757;1715.587;3596.349;2944.911;1904.841;759.700;2303.581;2859.611;2878.830;3602.158;464.183;1288.070;1373.167;1286.549;1247.478;1618.800;2085.755;969.281;209.938;1229.128;2.139;942.852;2590.636;2231.704;3600.576;1986.037;1916.051;2209.009;2850.781;2038.975;2199.469;2477.707;1130.761;3033.359;2153.985;1002.311;579.398;2.560
286,523.7701873779297,285,-563.9176629130584,563.9176629130584,0.11884966585575658,498.313;3559.597;1033.809;3068.094;1691.734;2667.815;2666.304;2103.786;1620.906;23.936;2.359;2878.347;1736.958;962.536;3156.883;1179.125;932.594;1243.467;2478.569;1761.774;1854.891;602.741;1047.941;846.274;1153.838;459.282;403.876;3594.729;3597.986;54.381;533.563;600.140;2563.086;2818.940;-1.188;2039.103;1.082;2170.135;2518.879;3601.632;823.596;3097.328;3180.001;3600.430;16.960;1560.072;3591.541;1440.669;3356.960;1937.213;2683.900;2117.202;-0.504;-0.030;302.553;903.276;3603.052;2735.802;3164.519;2112.861;2307.099;3597.652;3602.324;3594.532;3245.881;371.064;985.044;10.107;2009.060;2773.786;-1.189;-2.103;1353.449;729.330;2802.497;1286.117;2469.780;2027.673;2097.121;3599.962;3586.145;-0.666;2992.480;831.464;-3.074;817.601;2073.067;3601.639;1518.057;4.017;3597.739;468.328;1370.077;3141.258;1922.322;1685.969;2715.461;8.895;2130.885;1508.770,3592.901;3119.817;4.697;345.998;1509.749;2378.464;930.165;832.005;3255.031;3431.305;1480.023;3307.132;547.477;337.190;1578.707;2501.542;3059.432;3592.954;2693.801;2823.860;2651.123;2608.250;2832.003;3599.644;1619.238;284.044;604.385;755.247;1197.927;3252.328;-2.946;1664.033;3206.661;656.603;190.212;161.168;453.600;3119.617;151.886;490.596;3277.893;2984.131;2007.093;3602.925;1.720;3602.679;2250.034;999.310;3401.391;2464.191;3593.014;2.702;1888.410;1650.821;2441.420;624.380;1.378;1804.889;752.653;3402.993;1696.860;1436.778;2579.983;1712.514;3593.360;2945.144;1902.099;762.784;2306.657;2862.744;2875.701;3599.195;461.335;1285.873;1370.000;1284.224;1244.318;1621.944;2082.832;972.386;209.283;1232.226;0.824;941.643;2587.480;2234.831;3603.046;1984.079;1918.614;2211.192;2847.759;2036.107;2196.560;2474.547;1128.040;3034.708;2155.934;1000.961;582.093;3.658
287,525.6607077121735,286,-563.8481548307285,563.8481548307285,0.04090926682598539,499.939;3561.687;1036.834;3071.003;1694.043;2670.192;2669.406;2104.170;1622.484;21.849;-0.730;2878.854;1734.539;965.589;3157.758;1181.118;930.076;1246.255;2475.668;1762.485;1857.840;605.779;1044.816;848.837;1154.291;458.656;401.800;3597.730;3598.376;52.792;534.996;597.304;2566.055;2816.046;1.843;2042.174;-1.944;2170.256;2517.462;3598.780;826.366;3099.954;3182.995;3598.210;15.551;1557.420;3594.500;1437.571;3354.392;1934.527;2682.288;2114.146;-0.345;0.116;305.490;900.563;3600.115;2736.424;3163.173;2109.851;2305.997;3600.343;3599.328;3592.680;3248.834;368.104;985.113;7.152;2011.813;2776.706;0.862;0.615;1356.482;730.542;2799.459;1288.793;2470.012;2025.628;2094.072;3600.577;3588.057;2.325;2992.422;828.501;-0.129;819.962;2075.519;3599.204;1515.080;1.019;3600.611;471.236;1372.985;3140.634;1919.842;1687.518;2712.369;8.363;2131.047;1507.897,3591.196;3116.821;5.229;349.014;1511.437;2381.443;927.735;830.060;3258.066;3433.949;1483.124;3309.469;544.875;340.268;1579.846;2499.735;3062.204;3590.526;2696.665;2825.338;2650.040;2608.614;2829.640;3598.230;1620.791;281.406;605.716;758.240;1200.901;3251.897;0.092;1666.225;3209.663;654.943;187.792;164.125;452.298;3121.484;153.908;487.496;3280.867;2986.554;2006.291;3600.234;2.201;3599.866;2253.150;1000.687;3398.364;2462.515;3594.117;-0.275;1889.318;1649.739;2444.205;622.774;-1.549;1802.512;750.434;3399.972;1694.073;1438.012;2576.970;1709.387;3595.227;2947.923;1899.037;760.142;2307.988;2860.649;2874.630;3598.167;461.589;1283.633;1368.220;1286.536;1247.062;1622.319;2080.166;973.781;206.239;1235.161;-0.795;940.664;2584.434;2235.102;3600.048;1986.985;1920.122;2208.568;2844.677;2038.025;2199.476;2471.495;1124.964;3037.561;2153.889;999.442;580.958;2.691
288,527.5750956535339,287,-563.9283360719628,563.9283360719628,0.07226725500140939,498.246;3564.729;1039.901;3073.334;1691.343;2667.594;2666.591;2101.487;1625.513;23.835;2.085;2881.832;1731.880;967.395;3160.781;1178.532;930.449;1246.201;2478.220;1765.307;1855.247;603.869;1047.015;845.879;1157.098;456.464;400.815;3599.164;3595.568;49.851;537.960;598.367;2563.161;2818.160;-0.973;2042.014;0.756;2173.120;2520.409;3600.037;829.399;3103.009;3180.056;3600.839;18.538;1557.961;3597.112;1439.223;3354.658;1934.913;2685.143;2115.619;-1.309;-2.741;308.576;903.122;3601.577;2734.082;3165.710;2106.770;2308.869;3600.045;3599.565;3595.424;3246.873;365.565;982.107;4.348;2011.885;2779.527;3.687;-1.684;1358.788;727.557;2802.154;1286.332;2467.050;2028.543;2091.027;3600.432;3585.274;3.141;2989.760;825.508;-0.173;823.024;2078.582;3599.996;1517.823;-0.993;3597.655;468.463;1375.630;3137.787;1922.557;1684.856;2714.925;11.372;2130.646;1504.874,3594.058;3119.249;2.263;350.366;1508.927;2378.892;930.597;827.169;3261.095;3431.032;1480.212;3312.435;547.569;342.353;1582.815;2496.692;3065.193;3593.356;2695.503;2825.606;2651.765;2606.500;2832.137;3600.697;1623.827;283.353;605.419;755.536;1198.648;3254.870;0.335;1663.271;3212.457;652.085;184.730;163.444;454.570;3118.564;156.898;489.114;3279.844;2989.576;2003.269;3597.877;0.794;3599.551;2256.078;999.807;3400.071;2465.106;3597.075;-2.721;1887.300;1652.718;2445.255;620.524;0.910;1804.316;753.082;3397.056;1696.929;1435.092;2579.731;1710.830;3598.096;2945.306;1900.284;758.288;2305.833;2862.962;2871.606;3600.989;458.801;1280.578;1365.413;1283.975;1244.760;1619.392;2077.312;972.477;203.160;1238.004;1.526;943.646;2586.762;2234.740;3599.680;1990.054;1917.749;2211.358;2841.624;2040.107;2202.499;2468.535;1122.961;3034.609;2156.684;996.407;578.000;-0.314
289,529.5178260803223,288,-563.9501548946239,563.9501548946239,0.12278947545640348,500.873;3564.357;1041.037;3071.799;1692.470;2664.847;2667.961;2098.458;1623.549;21.301;4.565;2882.815;1734.416;970.304;3163.812;1178.780;927.700;1248.403;2480.452;1765.294;1854.635;605.627;1044.388;842.893;1156.056;453.447;397.844;3602.162;3594.063;52.572;535.608;601.301;2564.634;2816.656;-1.908;2042.668;1.032;2171.472;2521.380;3602.819;832.354;3100.773;3177.021;3598.322;21.384;1559.862;3596.023;1438.152;3353.314;1934.664;2685.787;2118.021;1.633;-0.346;310.652;905.969;3604.093;2737.011;3168.743;2109.274;2307.663;3599.522;3600.552;3597.331;3247.501;367.926;980.688;1.979;2009.754;2780.287;0.881;-3.883;1355.855;726.965;2799.959;1288.611;2468.451;2026.801;2092.668;3598.231;3582.251;0.328;2986.724;824.306;1.190;820.330;2076.135;3602.532;1518.198;0.293;3595.469;470.915;1378.552;3136.942;1923.447;1687.197;2713.545;13.269;2128.917;1505.252,3596.270;3116.576;1.729;353.363;1506.064;2375.965;933.397;824.156;3263.346;3429.103;1477.450;3315.430;545.253;345.144;1585.412;2496.164;3067.981;3593.565;2697.396;2822.884;2654.721;2603.595;2835.106;3600.634;1622.238;280.552;608.280;752.515;1199.678;3254.831;-0.440;1660.723;3209.720;650.384;185.819;165.978;451.951;3119.986;159.938;486.438;3278.216;2992.618;2005.079;3595.343;3.522;3600.963;2259.091;1002.756;3401.454;2464.379;3600.128;0.052;1884.313;1655.128;2442.334;622.970;-1.740;1801.461;751.836;3394.005;1699.965;1432.243;2576.993;1713.303;3600.964;2945.891;1902.071;757.606;2306.035;2860.825;2872.296;3602.766;460.195;1283.043;1367.982;1280.993;1241.735;1621.323;2074.904;975.352;200.165;1241.042;-0.997;941.192;2587.780;2237.680;3600.178;1987.599;1920.178;2214.388;2838.585;2037.286;2199.787;2470.321;1120.022;3033.565;2159.713;995.605;576.797;-2.653
290,531.2445273399353,289,-564.0079445058115,564.0079445058115,0.09637990829134249,498.010;3562.696;1043.518;3069.081;1695.405;2667.397;2670.534;2095.579;1624.190;23.372;5.450;2879.976;1731.910;972.657;3166.831;1181.597;925.806;1245.497;2477.642;1768.181;1851.949;608.499;1042.179;840.400;1154.236;455.128;395.372;3599.384;3596.554;51.077;536.780;598.793;2565.075;2815.803;0.869;2045.589;-1.259;2174.302;2522.649;3599.964;835.366;3098.118;3174.093;3599.955;21.835;1562.823;3598.842;1435.210;3350.396;1937.552;2688.602;2115.304;-0.609;0.264;311.384;904.065;3601.283;2736.092;3166.698;2109.585;2305.064;3596.585;3598.069;3595.512;3250.387;370.200;983.097;4.627;2006.778;2783.166;1.014;-1.033;1356.665;729.641;2797.084;1290.738;2471.220;2028.743;2091.487;3600.719;3584.187;1.020;2986.965;823.177;1.637;821.561;2074.663;3599.686;1515.545;-2.583;3592.716;468.073;1376.933;3139.827;1926.345;1690.178;2716.077;10.662;2125.949;1507.981,3599.026;3118.662;-1.008;352.083;1503.063;2372.962;933.987;823.936;3260.715;3426.887;1474.931;3316.648;547.732;342.866;1582.743;2498.984;3070.955;3596.376;2700.371;2820.098;2652.215;2600.583;2832.704;3603.429;1619.422;277.599;607.310;749.508;1202.363;3252.075;-0.782;1662.759;3209.978;647.413;183.275;168.972;452.021;3121.002;157.862;488.824;3280.417;2991.471;2008.005;3594.858;6.525;3598.319;2256.473;1000.462;3404.353;2464.437;3603.019;-2.326;1881.413;1655.490;2444.207;625.280;0.648;1802.933;754.590;3396.646;1702.952;1430.688;2579.690;1716.102;3599.939;2948.830;1899.273;758.481;2303.279;2857.871;2869.598;3599.898;457.925;1285.656;1370.969;1282.963;1242.758;1618.896;2077.747;973.660;201.471;1241.229;1.455;938.981;2590.173;2235.019;3602.672;1985.116;1917.478;2216.733;2836.305;2039.743;2197.813;2467.579;1118.988;3035.038;2158.377;998.440;578.769;0.260
291,533.1372282505035,290,-564.0160797634235,564.0160797634235,0.076968792171438,495.150;3565.159;1040.866;3066.118;1698.374;2670.361;2667.711;2098.342;1621.299;20.564;8.331;2877.093;1729.053;975.609;3164.714;1184.573;928.686;1247.025;2479.886;1766.160;1852.884;606.198;1044.770;842.039;1151.309;452.221;398.185;3600.152;3599.426;49.029;539.703;601.108;2562.579;2818.692;-1.570;2042.775;1.243;2175.265;2524.366;3597.934;832.668;3100.653;3175.382;3602.574;24.348;1565.771;3601.722;1436.036;3353.287;1935.248;2691.560;2118.091;-0.520;-2.479;308.497;906.886;3598.439;2733.248;3163.776;2106.762;2302.096;3598.828;3597.368;3598.002;3247.554;373.131;980.647;3.141;2008.482;2781.367;3.892;1.362;1353.832;732.599;2795.132;1293.654;2474.158;2031.347;2094.354;3598.210;3586.993;3.831;2989.846;826.072;-1.253;818.732;2077.430;3599.550;1518.069;0.243;3595.419;466.688;1374.001;3142.794;1929.284;1687.386;2719.040;7.939;2122.991;1510.939,3598.232;3121.586;0.865;350.252;1500.218;2371.421;932.057;826.827;3260.359;3424.260;1471.984;3319.521;550.465;340.460;1582.363;2501.610;3068.964;3598.772;2698.043;2822.726;2649.547;2602.031;2831.815;3600.529;1621.978;277.388;608.261;748.145;1199.657;3251.487;2.101;1659.963;3211.346;647.998;185.757;166.487;449.423;3118.166;158.573;487.234;3277.550;2988.770;2005.320;3597.753;3.820;3600.921;2258.860;1002.796;3404.786;2467.316;3600.224;0.416;1884.172;1658.124;2445.161;622.505;-1.864;1805.771;757.205;3394.340;1703.686;1432.808;2581.588;1719.077;3597.021;2947.642;1901.847;756.763;2302.765;2859.817;2870.662;3601.828;459.445;1284.159;1368.685;1285.576;1245.577;1616.249;2080.672;970.787;204.250;1242.003;-1.362;941.339;2592.581;2232.112;3599.834;1986.556;1914.988;2214.719;2833.581;2041.199;2200.582;2466.133;1116.085;3032.402;2155.669;997.143;576.024;-0.061
292,535.0539705753326,291,-564.0338917476315,564.0338917476315,0.07293501854026083,492.451;3563.723;1038.469;3067.191;1697.300;2672.362;2665.527;2099.013;1623.348;23.263;5.567;2879.351;1728.756;973.842;3162.194;1183.651;931.437;1244.478;2477.259;1763.548;1850.260;607.068;1047.119;844.877;1152.912;454.229;400.442;3600.123;3602.364;51.362;537.714;603.786;2560.026;2821.149;-0.800;2040.773;-0.662;2172.514;2522.286;3598.883;830.497;3100.684;3178.260;3599.744;26.711;1564.532;3598.991;1438.834;3355.597;1933.071;2688.995;2120.011;1.399;0.332;306.446;904.784;3598.750;2735.492;3166.211;2109.220;2302.380;3601.749;3600.152;3596.011;3244.915;371.995;979.541;0.272;2011.205;2784.171;3.051;-1.104;1354.999;731.382;2797.537;1291.366;2474.236;2028.748;2093.446;3595.369;3584.674;1.130;2989.250;826.272;0.561;819.736;2074.867;3601.613;1520.707;0.238;3597.659;468.417;1373.372;3142.823;1926.724;1685.438;2716.784;10.340;2125.046;1511.282,3600.931;3124.536;-1.969;347.498;1497.290;2368.551;934.765;829.056;3261.293;3427.038;1474.790;3317.066;553.399;337.536;1579.491;2498.979;3066.750;3601.698;2695.191;2825.572;2651.702;2604.835;2828.966;3599.898;1624.822;280.247;611.146;750.888;1196.815;3248.614;2.458;1661.750;3214.238;645.261;183.323;165.430;446.491;3115.476;156.251;484.882;3275.062;2986.009;2006.852;3600.465;0.922;3598.381;2256.680;1000.160;3407.651;2467.523;3598.153;-0.308;1881.500;1655.497;2443.189;619.564;0.493;1808.711;760.126;3393.120;1706.296;1435.723;2584.437;1719.741;3597.390;2950.446;1904.591;753.873;2305.623;2857.281;2867.910;3599.230;457.269;1281.264;1370.764;1283.236;1246.388;1613.319;2078.177;968.501;207.192;1239.133;1.333;944.258;2595.498;2230.933;3600.957;1989.442;1913.632;2211.861;2836.386;2044.069;2203.409;2468.970;1117.652;3029.492;2152.737;994.267;573.085;-2.104
293,536.7657732963562,292,-563.9654215367874,563.9654215367874,0.06313402054810897,494.862;3560.860;1036.936;3065.434;1694.640;2675.236;2667.985;2101.372;1621.576;25.228;3.485;2879.986;1731.442;972.174;3160.424;1180.836;928.766;1246.610;2475.631;1760.649;1852.820;607.105;1049.856;845.304;1155.767;453.677;402.675;3597.484;3599.624;54.242;535.134;606.665;2562.536;2823.889;-0.200;2040.413;1.833;2169.605;2519.705;3601.473;828.435;3099.882;3180.543;3600.755;29.580;1567.012;3598.627;1436.218;3358.181;1935.862;2686.210;2121.779;0.242;1.915;306.356;905.833;3599.446;2738.040;3163.829;2111.824;2302.153;3599.282;3597.812;3593.317;3242.405;373.408;976.689;-2.076;2008.436;2782.381;0.793;-2.012;1352.778;733.997;2795.021;1288.477;2471.482;2028.153;2095.252;3597.247;3586.815;-0.596;2991.943;827.546;-2.082;822.541;2073.090;3598.996;1523.608;-0.754;3598.443;471.204;1375.394;3143.384;1923.850;1688.140;2714.284;12.728;2124.930;1513.154,3598.282;3127.043;0.568;344.591;1494.838;2365.687;937.388;831.875;3258.471;3427.357;1474.423;3314.882;554.975;334.658;1580.437;2497.090;3069.423;3599.318;2692.781;2823.072;2650.140;2604.633;2830.858;3601.295;1627.521;282.571;610.664;749.401;1194.023;3250.116;-0.080;1659.510;3212.507;643.198;182.250;164.778;448.893;3116.991;153.662;487.582;3273.167;2984.203;2006.005;3599.172;-1.079;3597.769;2256.278;997.437;3410.058;2470.316;3597.334;1.337;1883.322;1653.730;2443.490;619.630;-0.748;1809.960;761.442;3395.855;1708.967;1435.386;2587.070;1721.819;3599.786;2948.184;1905.840;752.847;2307.621;2859.095;2865.285;3600.566;454.394;1280.109;1372.702;1280.349;1245.592;1613.101;2075.678;968.764;208.173;1239.295;0.820;946.454;2597.757;2233.333;3600.051;1987.202;1910.846;2213.246;2837.812;2041.907;2206.048;2470.088;1115.486;3032.018;2150.559;996.087;571.277;0.677
294,538.6403555870056,293,-563.9433174044841,563.9433174044841,0.0978543894664303,492.841;3563.025;1039.707;3067.941;1696.683;2678.043;2666.617;2103.938;1623.778;22.567;1.509;2877.572;1728.865;974.166;3163.096;1180.555;929.337;1247.299;2473.674;1762.416;1851.515;609.728;1052.416;848.062;1156.026;454.391;400.520;3600.134;3598.953;57.001;532.361;604.566;2560.302;2822.280;2.445;2038.057;-0.693;2171.287;2522.505;3598.899;825.637;3102.673;3183.384;3599.424;27.113;1566.235;3600.572;1437.843;3360.588;1935.930;2684.325;2121.490;1.053;3.042;303.735;903.821;3596.939;2735.513;3161.191;2109.808;2304.916;3599.697;3597.296;3592.984;3240.001;370.781;976.009;0.664;2008.366;2783.320;3.200;0.725;1351.614;736.263;2797.372;1286.267;2468.695;2025.728;2092.865;3595.331;3589.434;-0.779;2992.071;825.233;0.239;823.555;2074.326;3600.233;1525.541;1.856;3601.145;472.285;1373.657;3140.922;1925.331;1686.386;2714.623;15.348;2124.353;1514.116,3595.935;3129.817;0.948;342.366;1492.678;2362.812;939.352;830.729;3259.362;3424.883;1473.007;3317.541;556.635;331.804;1581.437;2494.477;3070.681;3601.491;2694.653;2825.664;2652.893;2605.929;2828.853;3598.664;1627.309;285.385;607.875;751.911;1196.481;3252.466;-2.942;1659.909;3211.797;645.702;182.778;162.000;451.739;3114.201;156.087;490.382;3274.108;2981.382;2003.197;3601.888;-3.700;3598.154;2257.050;994.624;3407.698;2473.118;3598.705;4.006;1881.738;1650.916;2446.302;622.389;1.614;1812.761;759.132;3398.587;1706.555;1432.682;2589.888;1719.542;3602.635;2949.109;1903.487;753.731;2306.203;2861.225;2862.420;3598.693;451.647;1277.296;1369.978;1282.462;1248.377;1615.545;2078.105;965.961;206.656;1238.401;-1.654;949.017;2595.041;2230.810;3602.783;1989.845;1913.512;2210.561;2835.721;2043.657;2208.908;2467.608;1112.655;3029.774;2151.426;996.377;573.390;0.361
295,540.5424067974091,294,-563.9813223126902,563.9813223126902,0.07493230343946264,495.142;3561.951;1039.586;3068.343;1694.780;2677.526;2668.213;2101.727;1623.499;21.997;1.947;2874.744;1729.155;976.935;3161.477;1181.049;932.087;1244.585;2476.358;1761.080;1854.128;607.081;1055.230;849.450;1155.204;456.489;397.808;3602.554;3601.409;56.690;534.505;602.492;2562.134;2819.532;-0.136;2040.636;1.405;2173.907;2522.726;3598.798;823.901;3104.595;3184.222;3602.053;28.370;1564.328;3598.193;1439.936;3358.654;1935.124;2682.264;2118.870;-1.718;0.969;306.114;906.109;3598.760;2735.846;3158.521;2107.247;2306.502;3597.237;3600.055;3595.362;3241.204;368.437;973.639;1.446;2009.643;2786.040;1.174;-0.637;1354.286;733.586;2798.194;1284.437;2470.342;2022.903;2091.196;3597.759;3588.699;1.980;2994.802;827.041;-1.244;823.293;2077.073;3601.765;1526.946;0.025;3598.471;475.070;1375.298;3138.096;1925.655;1684.288;2717.234;12.763;2126.565;1511.374,3598.253;3132.495;2.885;343.265;1489.871;2364.857;936.600;833.431;3261.269;3422.351;1470.568;3320.369;554.613;329.407;1581.671;2495.509;3067.973;3598.988;2694.675;2824.197;2651.400;2608.721;2826.223;3596.879;1627.189;284.244;606.695;753.856;1199.303;3255.282;-0.284;1662.589;3210.316;643.188;185.534;163.617;451.518;3111.410;156.756;492.445;3276.893;2983.540;2001.643;3599.536;-0.997;3596.157;2259.831;995.001;3405.063;2475.113;3601.452;1.841;1878.939;1653.039;2444.411;622.741;-0.501;1815.024;761.690;3400.949;1709.025;1430.138;2592.045;1722.014;3599.909;2946.505;1902.804;756.305;2303.424;2858.914;2862.325;3597.252;454.105;1277.896;1368.275;1284.174;1246.516;1617.595;2080.824;965.316;203.991;1235.849;0.790;947.406;2594.848;2233.216;3600.174;1988.808;1916.222;2210.710;2833.515;2046.189;2208.684;2464.788;1109.811;3032.314;2153.105;999.117;575.432;-2.030
296,542.2535886764526,295,-564.01770282818,564.01770282818,0.06549067074421483,497.693;3564.683;1036.926;3065.616;1697.331;2675.966;2665.561;2104.374;1620.770;19.274;-0.739;2872.236;1731.817;979.747;3158.823;1183.794;931.258;1243.727;2474.631;1762.111;1851.546;608.962;1052.689;846.890;1152.457;453.914;400.250;3599.946;3599.101;59.409;537.109;604.190;2561.021;2821.753;1.586;2038.006;-0.917;2176.210;2521.457;3596.997;821.134;3102.800;3186.275;3599.537;25.833;1564.691;3600.592;1442.686;3356.784;1937.804;2684.924;2121.557;0.858;3.196;303.572;904.100;3596.165;2738.165;3160.620;2105.492;2303.845;3599.653;3602.499;3598.136;3243.822;366.880;976.322;0.709;2007.307;2788.779;1.413;0.593;1351.946;733.235;2796.903;1286.972;2473.063;2022.140;2093.893;3595.099;3591.426;4.000;2995.386;829.813;1.351;820.550;2079.647;3599.050;1524.392;-2.220;3595.765;472.674;1372.627;3136.522;1922.999;1681.581;2720.030;9.962;2123.983;1513.803,3600.871;3131.623;0.308;340.719;1491.501;2365.714;936.410;836.166;3258.857;3419.568;1467.792;3320.270;552.070;331.478;1578.994;2498.215;3069.633;3599.333;2696.509;2824.628;2649.244;2607.109;2827.921;3599.329;1624.483;281.793;606.961;756.585;1200.671;3258.093;0.956;1664.030;3212.687;645.557;188.345;161.006;453.234;3112.305;154.091;489.884;3274.657;2981.373;2001.460;3600.632;-0.652;3598.618;2260.222;997.500;3407.214;2477.823;3598.851;0.155;1879.278;1655.749;2441.839;624.839;-2.485;1816.334;762.935;3398.531;1707.314;1432.404;2590.125;1719.980;3599.579;2944.665;1905.534;758.354;2302.401;2860.225;2864.887;3599.865;451.987;1280.175;1368.124;1285.246;1247.448;1617.219;2082.383;963.968;205.723;1234.107;1.284;944.881;2596.978;2231.696;3600.992;1990.752;1917.670;2210.568;2833.271;2045.048;2206.539;2466.057;1107.701;3031.923;2150.575;997.305;572.761;0.575
297,544.1130475997925,296,-563.9743677166027,563.9743677166027,0.07573934462752305,497.214;3567.276;1034.342;3063.201;1699.916;2678.602;2663.399;2106.617;1618.163;16.848;-3.094;2874.671;1729.818;982.512;3159.304;1184.954;928.951;1246.336;2472.536;1764.832;1849.938;607.602;1050.185;844.766;1151.508;451.143;402.977;3597.449;3601.038;61.322;539.873;606.900;2563.647;2824.485;4.218;2036.777;1.301;2173.764;2519.602;3594.817;820.274;3100.113;3186.147;3599.164;23.071;1567.403;3598.075;1443.886;3359.414;1938.208;2684.150;2122.391;2.398;5.182;303.035;901.408;3595.459;2735.629;3160.466;2102.773;2305.136;3601.112;3599.846;3600.625;3242.382;368.212;978.569;2.956;2008.008;2786.637;2.350;0.393;1353.161;733.986;2794.178;1288.819;2474.200;2024.684;2094.409;3596.887;3593.606;5.339;2993.447;832.523;-0.080;818.315;2082.417;3600.212;1524.256;0.434;3596.807;474.474;1369.852;3134.217;1920.409;1678.812;2722.059;7.210;2121.286;1516.108,3598.404;3129.504;-1.599;341.860;1493.598;2368.348;935.745;835.183;3256.995;3417.529;1466.014;3318.649;549.301;334.186;1580.895;2500.991;3072.363;3600.346;2699.229;2822.668;2646.495;2604.513;2830.576;3601.068;1621.772;279.873;604.769;754.152;1198.433;3259.558;0.719;1666.387;3214.357;647.546;189.931;159.397;453.517;3114.890;151.317;487.503;3275.888;2981.268;2002.393;3599.032;-1.160;3601.057;2262.771;1000.267;3405.423;2475.416;3599.685;-1.263;1881.764;1657.670;2442.236;626.693;0.187;1816.412;764.812;3395.860;1705.094;1434.817;2587.382;1717.245;3601.459;2942.466;1905.349;755.728;2304.830;2862.951;2866.639;3602.573;451.911;1280.672;1365.440;1286.996;1250.082;1614.594;2083.442;963.296;208.445;1231.420;0.860;942.140;2595.256;2232.462;3599.773;1988.403;1920.154;2207.907;2830.647;2042.430;2204.233;2467.502;1109.680;3029.290;2147.937;998.881;572.418;-0.139
298,545.9991059303284,297,-564.0212556426918,564.0212556426918,0.05764583951452521,499.760;3567.661;1034.815;3060.481;1702.602;2681.215;2665.503;2108.175;1617.344;18.795;-0.469;2872.464;1732.089;983.245;3161.922;1186.544;930.808;1248.383;2471.919;1763.430;1849.831;609.970;1049.234;842.067;1151.642;452.479;400.776;3599.877;3598.527;58.875;538.091;604.677;2565.720;2824.617;6.625;2038.978;-0.766;2176.141;2521.285;3597.320;817.718;3099.998;3183.536;3600.938;20.765;1565.371;3598.947;1441.274;3361.824;1936.942;2681.487;2123.332;-0.108;2.629;305.021;903.353;3597.924;2737.618;3157.820;2100.107;2304.539;3598.542;3600.232;3598.333;3239.920;365.553;981.166;0.597;2008.307;2789.050;5.012;-2.263;1355.604;736.636;2791.453;1290.019;2472.642;2022.276;2096.844;3594.412;3595.283;3.820;2996.092;830.510;1.780;816.521;2084.478;3598.983;1522.706;-1.058;3598.676;477.089;1371.508;3133.035;1919.737;1680.088;2719.498;9.055;2118.547;1514.717,3598.651;3128.991;0.997;344.221;1496.091;2370.838;933.073;836.238;3255.073;3419.804;1463.306;3316.414;546.558;335.722;1578.379;2501.242;3072.899;3597.788;2701.960;2825.265;2643.893;2602.108;2833.203;3598.632;1619.030;277.161;604.362;752.647;1200.479;3257.639;1.392;1669.116;3213.061;650.241;188.707;156.965;456.179;3117.365;148.883;484.887;3273.915;2978.813;2005.080;3600.968;1.393;3598.495;2260.352;1000.979;3407.706;2475.870;3602.026;1.382;1884.229;1660.360;2439.960;629.400;-0.179;1813.762;767.480;3397.871;1707.434;1437.546;2584.714;1714.522;3598.992;2945.020;1902.983;758.150;2302.452;2862.927;2865.026;3600.023;449.296;1280.179;1364.339;1284.367;1251.104;1617.107;2082.356;961.167;211.143;1233.893;-1.804;940.244;2592.560;2235.095;3600.267;1986.908;1922.863;2208.015;2833.002;2039.790;2201.506;2467.514;1108.617;3027.619;2145.651;1001.503;575.073;-0.627
299,547.9092462062836,298,-564.0401170370421,564.0401170370421,0.06829880876780899,501.602;3569.845;1037.428;3061.334;1700.709;2683.909;2664.636;2105.685;1619.939;21.463;1.266;2874.711;1734.779;980.705;3163.929;1183.957;933.140;1250.305;2469.269;1765.955;1847.910;612.609;1051.774;839.383;1154.265;455.086;402.441;3600.736;3596.800;56.182;535.438;607.209;2568.336;2827.250;6.691;2037.084;-0.032;2173.767;2523.050;3597.340;815.035;3097.726;3185.606;3598.408;19.232;1562.940;3599.483;1443.182;3364.524;1934.284;2679.023;2125.894;-1.081;1.150;302.570;905.046;3600.454;2739.657;3159.964;2102.635;2307.134;3600.805;3598.952;3595.721;3237.227;365.997;981.932;-1.809;2005.691;2791.743;2.528;0.150;1358.304;739.282;2788.784;1287.411;2469.973;2022.958;2094.371;3595.319;3597.653;1.151;2994.885;831.052;0.027;818.983;2081.964;3601.263;1525.334;0.412;3598.863;478.273;1369.604;3130.375;1919.139;1678.531;2716.996;7.444;2118.733;1512.104,3600.646;3131.146;-0.288;346.240;1493.524;2372.577;930.731;838.673;3257.693;3422.483;1462.331;3318.234;546.527;337.845;1575.692;2502.427;3075.158;3598.531;2703.695;2824.421;2641.796;2599.410;2834.976;3600.796;1620.807;279.252;606.966;750.117;1203.020;3254.964;-0.081;1671.048;3215.579;652.874;186.098;159.225;453.945;3118.021;146.181;482.193;3271.570;2978.952;2007.592;3598.919;0.340;3596.101;2261.898;1003.495;3410.351;2473.496;3599.447;-0.019;1882.263;1662.320;2441.865;627.558;-1.908;1815.970;770.186;3400.259;1710.129;1439.778;2586.928;1713.168;3597.362;2946.633;1902.325;755.825;2303.300;2860.949;2862.354;3601.103;451.745;1277.556;1366.614;1281.914;1248.950;1614.587;2079.698;958.486;208.775;1232.963;0.754;937.582;2594.658;2235.417;3602.272;1984.388;1925.575;2205.386;2834.703;2042.340;2202.566;2469.169;1111.190;3025.040;2142.970;999.794;574.055;-2.229
300,549.6222071647644,299,-563.9939941163125,563.9939941163125,0.09736883289040899,499.098;3571.591;1040.103;3063.871;1699.762;2684.234;2664.792;2103.197;1618.994;24.102;2.085;2877.280;1732.780;982.153;3161.634;1183.392;931.045;1252.304;2469.757;1766.550;1850.374;611.522;1049.617;837.014;1152.925;453.710;402.814;3598.960;3597.808;53.598;536.773;609.635;2567.689;2827.176;9.215;2038.703;-2.501;2175.235;2525.682;3595.937;816.521;3099.431;3188.254;3599.760;16.599;1561.105;3602.049;1441.265;3366.239;1931.826;2680.104;2123.598;1.249;-0.961;302.261;903.584;3597.984;2737.268;3162.520;2104.018;2309.061;3598.998;3598.257;3593.808;3236.094;368.541;980.174;0.759;2003.281;2789.882;4.098;-1.311;1357.631;737.510;2787.237;1287.957;2470.145;2024.922;2094.254;3595.529;3600.285;-1.032;2993.629;831.993;-2.616;820.435;2079.569;3598.870;1527.054;1.119;3601.412;480.695;1367.113;3127.792;1916.531;1681.047;2719.255;6.205;2119.853;1511.200,3603.268;3132.376;1.150;348.892;1495.128;2370.087;932.648;836.411;3259.740;3422.364;1460.785;3315.697;549.080;340.500;1577.661;2505.003;3077.788;3601.147;2701.189;2822.808;2643.739;2596.897;2837.620;3598.349;1619.681;281.512;605.712;748.912;1200.695;3256.290;-2.641;1668.499;3218.218;654.503;183.432;159.162;452.347;3120.637;147.339;479.727;3273.893;2977.568;2006.722;3596.268;1.278;3593.436;2264.527;1003.039;3413.028;2473.206;3598.587;-2.414;1884.548;1661.889;2444.376;624.912;0.604;1818.009;772.702;3397.923;1709.335;1437.369;2588.608;1710.571;3599.846;2944.274;1904.929;753.512;2305.904;2863.159;2859.769;3599.685;449.498;1280.031;1364.139;1279.471;1251.372;1612.504;2081.967;957.710;206.165;1235.358;1.455;935.566;2595.329;2237.887;3599.681;1981.793;1923.297;2205.227;2834.809;2040.104;2204.974;2466.808;1113.673;3022.413;2140.336;998.454;571.474;0.354
301,551.4971661567688,300,-564.0018792485982,564.0018792485982,0.037619505313987035,496.478;3569.579;1041.456;3063.875;1699.559;2685.803;2667.307;2100.571;1621.071;22.283;1.703;2879.039;1730.439;979.779;3163.994;1181.752;933.197;1254.925;2468.549;1765.850;1847.930;608.927;1049.074;835.682;1151.303;455.296;405.364;3600.179;3599.861;55.514;534.540;609.937;2569.980;2829.631;7.023;2037.738;0.008;2174.977;2524.089;3598.368;818.600;3096.894;3190.256;3600.169;16.326;1561.166;3599.538;1442.277;3368.700;1932.963;2682.496;2121.620;2.985;1.435;299.704;904.711;3599.828;2734.642;3163.564;2106.421;2307.367;3596.539;3600.527;3595.284;3238.364;369.591;982.185;2.924;2000.679;2790.025;2.764;1.040;1360.044;737.695;2784.757;1289.208;2471.733;2027.539;2092.830;3597.985;3597.906;1.326;2991.355;834.584;-0.231;820.279;2077.285;3600.568;1528.850;-0.887;3598.873;483.065;1364.534;3127.799;1918.856;1681.884;2721.447;3.608;2121.981;1513.718,3600.706;3129.805;1.968;346.553;1492.914;2369.234;930.316;838.394;3261.067;3420.717;1463.000;3317.600;550.937;339.129;1579.978;2507.628;3077.135;3598.956;2703.532;2820.200;2641.282;2594.261;2840.058;3599.772;1621.863;282.905;603.113;751.370;1198.517;3257.867;-0.081;1666.164;3217.190;652.845;183.241;161.713;454.589;3118.878;149.502;479.875;3276.438;2980.143;2004.183;3598.215;-0.131;3595.604;2265.084;1005.515;3410.771;2470.630;3600.698;0.105;1885.628;1659.451;2447.018;626.077;0.243;1820.272;771.832;3398.872;1710.615;1434.738;2591.148;1712.851;3601.397;2941.671;1903.737;752.643;2304.630;2861.047;2857.965;3601.550;451.130;1278.217;1366.117;1281.749;1249.675;1610.197;2084.562;955.144;203.551;1233.199;-0.239;932.956;2593.412;2235.939;3600.083;1983.950;1923.531;2203.906;2832.233;2042.087;2205.738;2464.188;1116.002;3022.676;2138.350;996.450;570.446;-0.468
302,553.3938255310059,301,-564.0725866894754,564.0725866894754,0.10283731593287737,494.279;3568.153;1039.100;3061.345;1702.092;2685.108;2664.790;2101.443;1622.188;24.013;-0.206;2876.701;1727.897;979.676;3162.035;1184.213;930.802;1257.537;2466.006;1768.386;1845.331;606.462;1048.808;838.210;1148.729;457.696;407.583;3602.742;3600.330;53.638;532.126;611.807;2567.489;2832.235;5.697;2035.177;0.549;2172.574;2521.513;3598.957;816.113;3094.281;3192.768;3602.687;14.257;1558.940;3598.668;1444.803;3369.971;1935.193;2685.098;2124.101;4.893;0.047;301.091;902.167;3601.267;2732.825;3166.088;2109.028;2304.840;3598.118;3602.666;3592.812;3240.773;367.555;980.857;1.409;2000.172;2792.442;0.268;0.124;1362.407;740.196;2787.202;1291.726;2474.309;2030.105;2095.063;3595.695;3599.475;-0.054;2988.845;837.199;0.550;817.737;2074.789;3602.515;1528.501;0.925;3597.419;485.635;1362.875;3130.345;1921.238;1679.359;2719.478;3.548;2124.573;1516.298,3600.567;3131.972;-0.543;345.755;1490.323;2371.732;927.731;840.984;3258.617;3418.573;1460.746;3320.187;553.496;336.561;1577.755;2509.570;3078.797;3599.947;2701.934;2820.512;2638.680;2594.825;2839.162;3601.976;1620.498;285.467;605.138;753.976;1196.031;3255.529;0.811;1668.401;3214.754;650.330;185.695;160.442;452.206;3116.324;147.055;477.532;3274.146;2980.253;2006.335;3598.028;-2.695;3594.263;2264.295;1008.120;3410.021;2469.226;3599.023;-0.801;1883.111;1661.937;2444.710;624.702;-2.238;1822.615;774.317;3398.693;1713.183;1436.590;2593.582;1713.809;3599.010;2939.161;1905.795;750.095;2302.657;2858.455;2860.312;3599.163;453.384;1278.071;1368.651;1283.197;1247.200;1607.595;2087.059;952.541;205.859;1230.657;0.295;935.188;2595.449;2238.265;3602.116;1981.757;1925.043;2201.344;2834.351;2044.636;2203.374;2461.970;1113.802;3025.192;2135.782;998.950;569.218;-1.253
303,555.3276479244232,302,-564.0440955677193,564.0440955677193,0.0760074228983851,491.785;3565.617;1036.726;3058.891;1704.663;2682.586;2665.037;2101.238;1619.871;25.440;2.287;2874.947;1729.614;979.202;3163.780;1184.936;928.231;1255.541;2463.772;1769.504;1846.588;605.903;1051.324;840.774;1146.410;460.176;405.633;3600.359;3598.628;51.116;533.572;614.328;2569.500;2832.380;3.163;2035.228;-1.057;2174.785;2523.794;3596.595;815.551;3093.838;3195.310;3600.246;13.056;1561.241;3597.692;1443.566;3372.450;1932.744;2686.174;2122.790;7.449;-2.491;298.608;900.742;3598.789;2730.293;3163.833;2107.179;2304.309;3597.589;3600.168;3594.062;3243.350;369.836;983.353;0.634;2002.678;2792.943;2.668;2.474;1361.216;742.776;2786.911;1289.760;2475.481;2027.888;2096.559;3594.115;3601.235;2.172;2991.229;837.015;-1.205;816.352;2076.782;3600.037;1525.979;3.477;3598.991;483.252;1360.683;3129.205;1923.814;1677.366;2721.826;2.050;2124.824;1518.797,3599.688;3130.046;1.230;343.228;1488.515;2369.891;929.374;839.507;3257.438;3420.957;1463.056;3319.686;553.231;335.101;1575.718;2512.102;3076.302;3602.322;2704.267;2818.177;2640.200;2592.493;2836.638;3599.535;1617.960;286.448;603.296;756.317;1198.329;3252.955;-1.281;1667.889;3214.107;652.060;185.134;162.870;454.308;3117.272;147.409;479.895;3276.342;2977.853;2004.887;3600.527;-0.418;3596.040;2262.203;1006.600;3407.501;2466.706;3601.376;-1.538;1882.027;1659.605;2446.815;626.858;0.118;1825.184;775.174;3398.596;1711.062;1434.524;2594.366;1716.304;3601.160;2940.423;1907.750;750.934;2300.139;2856.389;2862.799;3600.954;451.404;1280.096;1368.293;1285.736;1249.549;1609.480;2089.427;950.004;206.854;1228.539;-2.160;937.595;2593.532;2235.901;3599.824;1982.369;1922.831;2198.763;2834.801;2046.800;2205.813;2460.421;1115.686;3025.054;2136.170;999.883;566.692;1.217
304,557.0478768348694,303,-563.9792886581133,563.9792886581133,0.034024984155846136,493.954;3567.812;1034.635;3060.191;1702.437;2680.085;2662.936;2103.705;1617.359;23.002;2.024;2876.915;1731.929;976.735;3166.134;1186.338;928.274;1253.818;2461.233;1770.260;1847.255;604.292;1053.174;842.812;1148.026;462.414;403.230;3598.341;3596.279;53.362;536.082;612.978;2567.934;2833.928;4.075;2032.966;1.299;2177.307;2526.312;3599.029;813.181;3095.040;3193.669;3599.511;10.552;1558.895;3599.861;1446.020;3374.965;1930.654;2686.987;2124.661;9.993;-0.613;297.423;898.558;3598.554;2730.418;3162.904;2105.041;2306.764;3599.898;3599.651;3596.559;3241.555;367.509;984.657;-1.622;2004.005;2795.418;2.726;1.476;1363.678;740.781;2786.379;1287.233;2473.089;2029.443;2099.070;3596.382;3598.803;2.883;2989.731;834.708;1.104;817.830;2076.563;3598.776;1526.574;5.037;3596.940;480.997;1358.364;3127.679;1923.764;1676.372;2723.961;-0.448;2126.417;1517.131,3601.139;3131.476;0.679;342.170;1490.271;2371.495;931.450;841.848;3259.479;3418.589;1463.923;3319.042;551.730;335.438;1574.301;2510.425;3074.420;3599.942;2705.259;2818.423;2642.109;2593.128;2837.837;3599.874;1617.090;284.186;601.737;754.459;1200.802;3254.891;0.798;1668.054;3216.481;654.575;187.353;161.195;456.242;3117.008;145.409;481.809;3274.722;2978.555;2003.404;3600.012;-0.964;3597.760;2264.510;1004.153;3407.675;2465.122;3599.110;0.908;1879.915;1660.173;2448.340;629.381;0.778;1824.685;772.902;3401.066;1711.266;1433.096;2592.018;1717.439;3599.348;2940.136;1905.778;750.000;2297.588;2857.672;2863.619;3598.909;448.937;1277.708;1366.023;1285.941;1249.041;1609.516;2091.085;950.605;204.826;1226.067;0.241;940.140;2591.006;2236.042;3600.642;1980.930;1925.193;2199.784;2836.737;2046.159;2206.853;2462.813;1113.478;3022.780;2136.189;1002.375;566.529;2.048
305,558.933002948761,304,-564.0543002977963,564.0543002977963,0.054021824499493304,494.331;3566.285;1032.145;3058.051;1702.429;2682.019;2662.593;2102.136;1618.605;22.138;2.439;2876.352;1730.885;974.416;3167.857;1188.663;926.849;1251.337;2462.390;1772.710;1845.001;606.175;1055.375;844.165;1145.928;464.918;404.789;3599.900;3598.443;52.440;536.178;615.283;2565.939;2831.766;4.351;2034.535;1.326;2178.272;2528.772;3600.303;813.099;3094.329;3191.854;3599.929;8.477;1560.999;3598.820;1448.396;3377.337;1932.942;2689.407;2123.133;8.872;1.023;294.972;900.780;3600.201;2732.576;3160.964;2102.945;2308.631;3602.151;3600.722;3597.647;3241.027;365.623;987.059;0.767;2001.620;2794.479;4.314;3.200;1365.484;741.791;2788.433;1285.282;2472.995;2027.342;2100.223;3597.226;3597.037;0.616;2991.970;832.319;1.534;815.505;2078.933;3600.267;1524.475;3.134;3598.605;482.357;1360.407;3125.255;1926.196;1676.734;2721.816;1.753;2127.666;1514.857,3598.851;3129.130;-1.343;339.779;1492.729;2369.224;933.948;839.814;3261.976;3419.501;1461.742;3316.602;549.249;337.620;1571.821;2508.169;3073.705;3600.985;2707.623;2820.449;2644.596;2595.167;2835.498;3598.341;1614.634;285.627;599.860;752.053;1203.289;3254.058;0.291;1670.507;3218.990;657.083;185.076;163.444;456.527;3119.381;142.911;483.315;3276.833;2976.146;2005.751;3601.864;0.693;3595.401;2266.993;1001.901;3409.423;2462.912;3599.846;-0.750;1877.772;1658.488;2449.635;631.898;-0.308;1827.019;775.023;3403.546;1708.878;1434.905;2591.416;1715.383;3601.509;2942.590;1906.170;748.767;2295.169;2858.924;2861.192;3600.449;446.556;1277.102;1363.664;1288.163;1251.444;1609.769;2093.316;949.251;205.375;1226.135;0.594;939.182;2592.236;2238.233;3598.565;1978.453;1926.581;2197.453;2839.234;2045.449;2207.742;2465.329;1115.392;3020.269;2133.809;1003.511;568.912;0.131
306,560.8584525585175,305,-564.1276639868641,564.1276639868641,0.08161099254553561,496.026;3568.556;1031.262;3055.625;1700.094;2680.494;2661.881;2104.462;1616.407;24.129;0.981;2874.058;1728.448;976.569;3165.484;1191.143;924.524;1253.188;2463.997;1773.105;1843.542;603.887;1053.142;846.467;1143.503;465.309;406.701;3601.172;3600.896;50.067;538.160;612.994;2567.886;2831.055;2.121;2036.971;-0.319;2180.638;2527.432;3598.063;815.444;3091.964;3189.805;3602.311;6.014;1563.250;3601.221;1447.376;3379.530;1933.619;2687.342;2120.887;11.066;1.667;296.654;902.916;3597.907;2730.486;3162.119;2101.445;2310.666;3599.750;3598.520;3600.026;3243.215;363.160;985.135;0.037;2002.519;2796.712;1.980;5.462;1367.674;739.499;2786.038;1286.677;2474.533;2025.724;2101.878;3599.625;3599.068;-0.844;2993.744;833.367;-0.536;817.698;2081.415;3598.624;1526.701;0.676;3600.968;479.988;1362.712;3124.047;1924.360;1679.049;2723.214;-0.229;2125.289;1515.987,3600.700;3131.137;1.057;342.032;1491.444;2371.373;933.801;838.237;3264.027;3417.228;1459.266;3318.454;550.358;339.890;1569.643;2505.784;3075.950;3598.664;2705.385;2822.048;2646.887;2597.619;2836.947;3600.185;1614.328;283.265;602.079;750.538;1203.262;3252.228;-0.048;1672.823;3216.838;654.832;187.166;165.823;454.117;3117.834;143.690;480.923;3279.083;2978.073;2008.218;3599.492;0.946;3597.582;2264.909;999.446;3408.677;2465.270;3601.328;-3.063;1875.319;1660.633;2447.239;633.159;-2.125;1825.119;776.583;3404.014;1710.469;1432.799;2588.983;1717.580;3599.359;2942.347;1903.967;751.186;2292.705;2860.373;2863.389;3598.674;444.302;1279.519;1365.668;1286.083;1249.453;1612.172;2090.999;951.643;207.805;1228.397;-1.046;936.837;2594.675;2240.658;3599.053;1979.851;1928.974;2198.649;2837.527;2047.794;2205.409;2465.013;1113.227;3022.311;2135.873;1001.175;566.906;-2.293
307,562.5710995197296,306,-564.1319529863462,564.1319529863462,0.08134202802449657,493.795;3570.915;1028.862;3053.407;1699.136;2678.213;2659.779;2104.854;1614.317;23.239;-1.425;2871.605;1726.129;979.013;3164.227;1193.369;925.014;1252.279;2461.824;1773.034;1841.315;601.440;1050.800;845.110;1141.394;463.244;409.129;3598.826;3598.805;48.046;540.576;613.228;2570.324;2828.672;-0.313;2035.683;1.612;2183.092;2529.242;3600.279;817.893;3089.532;3187.363;3600.054;4.829;1565.649;3599.394;1446.189;3381.978;1935.150;2689.070;2122.913;9.641;3.877;295.397;900.767;3596.375;2729.252;3164.502;2099.023;2308.408;3600.911;3600.535;3602.413;3244.708;361.852;984.643;-2.001;2003.987;2796.468;1.318;6.962;1369.164;738.199;2784.093;1289.066;2476.956;2023.324;2104.239;3602.081;3598.831;1.524;2995.920;835.600;1.440;820.138;2083.087;3599.904;1524.916;2.515;3598.674;477.637;1360.519;3126.113;1922.802;1677.314;2725.044;-2.127;2122.839;1518.399,3602.383;3129.524;0.213;341.335;1493.006;2369.224;936.176;835.979;3261.775;3416.707;1458.396;3320.832;552.770;337.516;1570.151;2506.927;3078.273;3599.605;2704.228;2819.669;2649.339;2598.652;2834.832;3598.893;1616.285;285.466;604.528;748.439;1201.964;3250.726;-1.027;1670.706;3215.985;653.211;185.557;167.029;452.047;3115.411;145.938;482.862;3280.989;2979.964;2008.529;3598.093;1.600;3595.610;2267.035;996.991;3406.299;2464.472;3599.225;-0.823;1874.255;1663.052;2445.518;630.810;0.224;1827.422;775.607;3405.851;1708.224;1430.365;2590.974;1719.950;3601.160;2944.223;1906.139;749.734;2294.211;2862.588;2861.867;3600.964;441.852;1280.472;1368.101;1284.665;1247.936;1610.053;2091.465;952.879;207.452;1230.848;1.137;939.078;2597.131;2238.519;3601.310;1982.191;1926.701;2201.029;2835.278;2046.297;2207.571;2466.500;1113.652;3024.448;2134.226;998.730;564.468;0.031
308,564.4600021839142,307,-564.1332075806805,564.1332075806805,0.05007703839897959,494.865;3571.153;1026.855;3051.160;1696.778;2679.558;2662.007;2103.145;1613.387;22.505;0.807;2873.091;1728.274;977.507;3161.842;1193.490;923.462;1249.975;2461.755;1770.665;1838.922;601.276;1048.444;846.889;1143.174;465.545;411.494;3599.345;3599.538;45.681;540.962;615.591;2572.056;2826.278;-0.536;2037.819;-0.644;2182.715;2530.379;3600.390;818.557;3087.324;3189.548;3600.921;4.305;1564.349;3597.921;1444.362;3380.375;1937.532;2687.656;2120.689;7.273;3.675;293.151;902.970;3597.584;2731.552;3166.929;2099.883;2310.583;3599.136;3599.279;3600.090;3247.100;364.036;986.651;0.297;2001.863;2794.148;3.136;8.028;1371.220;736.054;2786.210;1290.590;2475.534;2020.927;2103.536;3599.831;3600.788;0.450;2998.269;833.675;3.735;818.153;2085.103;3602.186;1522.829;0.241;3599.610;479.697;1361.150;3124.144;1925.015;1679.659;2722.862;0.185;2120.514;1517.117,3600.036;3127.167;-1.996;339.016;1495.398;2369.313;934.672;835.185;3259.686;3418.800;1456.566;3318.955;552.760;335.835;1569.971;2505.158;3080.682;3599.848;2701.862;2821.435;2647.245;2597.963;2837.009;3599.532;1614.172;287.776;606.953;746.024;1204.239;3249.816;1.336;1671.309;3218.255;655.443;183.226;167.668;451.291;3117.027;143.640;481.183;3283.396;2977.756;2010.754;3595.993;-0.716;3593.391;2267.567;996.481;3408.388;2466.696;3600.553;0.597;1872.244;1665.387;2443.122;631.250;-0.013;1827.448;777.906;3408.236;1706.007;1432.476;2592.263;1717.738;3600.867;2946.606;1908.541;748.249;2292.308;2864.988;2863.479;3599.112;443.610;1280.690;1365.950;1282.275;1250.059;1611.807;2090.323;950.706;208.588;1228.997;3.527;940.717;2599.562;2240.780;3598.985;1980.942;1924.818;2199.124;2837.549;2043.910;2205.462;2468.892;1116.013;3024.947;2131.834;997.201;563.412;0.323
309,566.3719766139984,308,-564.1426840698161,564.1426840698161,0.06814679038100681,497.217;3569.277;1028.939;3050.464;1695.509;2677.338;2660.020;2100.784;1611.049;20.949;2.668;2870.903;1729.618;976.049;3161.770;1193.812;921.100;1251.906;2464.048;1769.317;1839.261;599.170;1049.853;846.712;1141.463;464.009;409.821;3598.924;3601.486;47.574;538.734;614.553;2570.014;2824.412;-1.171;2039.515;0.695;2182.087;2532.726;3601.494;816.362;3089.461;3190.653;3600.049;6.592;1565.560;3599.033;1441.990;3378.010;1937.245;2689.717;2120.385;5.061;5.836;295.340;903.309;3599.883;2733.496;3166.757;2102.210;2308.967;3597.368;3601.274;3600.630;3249.240;363.144;984.412;2.105;2000.378;2796.077;0.880;5.696;1368.953;734.851;2788.015;1290.979;2473.491;2022.643;2101.211;3601.170;3598.620;-1.902;2996.428;835.646;1.546;817.886;2082.820;3599.881;1524.839;-1.646;3600.319;480.405;1363.489;3126.305;1926.970;1681.414;2724.360;2.355;2122.491;1515.517,3599.482;3125.270;0.200;340.549;1495.707;2367.580;935.277;835.045;3260.260;3421.045;1454.207;3317.674;551.566;335.893;1572.307;2502.834;3081.588;3601.565;2702.632;2822.848;2646.327;2598.663;2839.249;3601.875;1616.252;286.178;604.985;748.207;1201.994;3252.140;0.423;1669.027;3219.408;657.349;184.712;165.359;453.600;3118.218;144.342;481.756;3281.677;2977.847;2008.525;3596.766;0.696;3595.508;2269.549;997.646;3410.622;2468.151;3598.362;1.155;1874.315;1665.415;2443.366;633.199;-1.361;1825.429;775.769;3406.697;1704.930;1431.198;2593.971;1718.191;3598.732;2944.473;1908.098;750.479;2290.101;2867.302;2861.685;3599.608;443.159;1278.446;1364.142;1281.263;1248.736;1613.831;2092.564;948.767;206.345;1231.301;2.223;940.025;2598.611;2241.683;3600.001;1982.652;1925.688;2201.271;2836.781;2041.974;2205.668;2470.155;1114.525;3022.733;2133.474;994.849;565.111;1.407
310,568.096152305603,309,-564.1258420648126,564.1258420648126,0.07632537138283263,499.529;3566.930;1027.218;3052.746;1697.760;2675.834;2662.246;2098.424;1608.696;18.623;5.006;2868.708;1727.770;978.337;3161.193;1191.504;918.824;1251.991;2464.412;1767.128;1841.538;601.296;1047.764;849.018;1143.643;461.673;407.571;3601.216;3599.224;49.675;536.389;616.513;2572.204;2826.645;1.126;2041.784;-0.801;2184.369;2530.539;3599.324;814.061;3087.985;3192.961;3602.145;7.261;1567.885;3597.010;1439.620;3377.163;1936.604;2687.465;2118.378;2.706;3.568;295.638;905.598;3597.918;2731.331;3164.468;2100.698;2307.467;3599.242;3599.056;3598.725;3251.010;365.051;984.531;2.707;2002.550;2797.334;-1.222;5.298;1366.619;737.137;2787.877;1293.267;2472.002;2023.455;2098.856;3598.971;3600.600;-0.027;2994.180;837.997;0.961;816.005;2080.953;3600.404;1523.363;0.550;3602.588;481.521;1361.735;3128.664;1924.955;1679.299;2726.686;4.400;2122.137;1517.761,3598.100;3127.460;-0.137;338.415;1493.887;2365.237;933.256;837.344;3257.964;3421.516;1456.384;3319.913;553.775;333.599;1574.380;2504.985;3083.886;3599.288;2704.885;2822.502;2648.470;2596.365;2841.349;3599.659;1615.177;287.414;603.032;750.499;1203.440;3252.195;-1.605;1666.662;3217.192;655.456;186.829;163.034;455.952;3116.652;146.605;484.063;3282.131;2976.105;2006.213;3599.049;-1.518;3597.855;2267.371;995.401;3409.447;2469.391;3600.379;2.017;1876.658;1663.128;2444.135;635.397;0.905;1827.629;774.030;3408.505;1706.359;1428.876;2596.310;1720.458;3596.786;2942.277;1910.053;752.842;2290.749;2865.227;2859.715;3601.839;441.023;1276.082;1363.888;1279.726;1248.496;1611.755;2094.923;946.416;205.799;1232.927;0.073;942.252;2599.542;2239.584;3602.255;1984.994;1923.634;2203.451;2834.541;2039.637;2207.948;2467.988;1114.705;3024.386;2135.384;995.035;566.912;-0.689
311,569.9698784351349,310,-564.0956471854706,564.0956471854706,0.0360380225958303,501.734;3568.922;1024.925;3051.837;1697.444;2678.045;2664.145;2100.168;1606.567;16.299;3.424;2866.399;1729.717;980.366;3163.088;1191.944;916.513;1253.342;2466.259;1767.057;1842.182;603.397;1046.002;848.171;1143.979;459.990;406.755;3599.324;3598.297;51.963;534.193;614.753;2573.142;2825.109;3.214;2040.026;1.355;2186.305;2531.591;3601.428;811.915;3089.978;3191.334;3599.999;5.023;1570.113;3599.004;1437.485;3374.931;1934.558;2685.626;2120.473;2.795;2.585;293.906;907.797;3598.349;2733.038;3164.839;2098.433;2305.496;3601.389;3598.721;3600.048;3252.102;362.974;986.448;0.819;2001.711;2799.554;0.988;7.345;1365.694;738.946;2785.660;1295.604;2469.954;2021.706;2100.991;3599.986;3598.715;0.596;2995.802;840.278;-0.199;816.003;2082.935;3598.692;1523.941;0.040;3600.361;479.851;1363.730;3130.412;1926.565;1678.428;2726.230;2.597;2119.855;1519.221,3599.356;3128.540;-0.560;339.861;1495.542;2366.113;930.995;839.656;3258.567;3419.240;1455.623;3321.330;552.853;334.071;1576.396;2503.926;3086.168;3598.382;2706.064;2824.709;2650.555;2597.447;2843.678;3600.219;1613.122;285.314;601.350;748.677;1203.264;3254.472;0.565;1667.097;3215.138;655.287;189.134;161.771;457.724;3114.948;147.025;483.602;3284.369;2978.233;2006.264;3598.006;0.584;3598.880;2265.075;995.665;3409.329;2467.156;3599.931;-0.112;1878.514;1663.968;2441.984;637.726;1.078;1826.161;771.740;3410.175;1707.036;1428.549;2595.124;1722.412;3598.499;2940.996;1908.214;754.927;2288.478;2867.191;2861.768;3599.686;442.325;1274.951;1361.634;1277.422;1246.220;1613.875;2096.920;947.690;207.877;1233.724;-1.422;940.974;2597.807;2241.494;3600.150;1984.044;1925.720;2204.699;2832.412;2037.457;2205.994;2469.690;1112.475;3022.179;2136.574;996.111;569.222;0.923
312,571.8647496700287,311,-564.2065346441268,564.2065346441268,0.07257984256019175,500.754;3570.543;1024.869;3053.943;1695.278;2676.670;2662.767;2101.446;1608.355;17.893;3.548;2864.507;1731.770;978.993;3161.608;1189.765;915.792;1255.556;2464.086;1769.009;1840.285;605.661;1048.063;850.093;1146.143;461.989;404.513;3600.114;3599.257;50.812;534.751;612.681;2573.254;2823.541;1.376;2041.913;0.513;2185.624;2533.789;3599.307;809.631;3090.936;3190.248;3601.035;5.541;1568.555;3601.151;1435.475;3376.282;1936.616;2683.419;2122.030;0.885;1.376;294.932;908.867;3600.599;2735.160;3162.709;2098.542;2304.478;3599.218;3600.894;3602.192;3249.876;360.678;988.733;-1.243;1999.585;2801.851;-0.283;5.379;1367.914;737.887;2786.393;1293.748;2467.662;2019.419;2101.962;3600.064;3596.451;-1.157;2997.934;838.227;1.868;818.249;2084.707;3598.795;1526.130;-1.464;3598.705;477.804;1365.929;3128.654;1928.297;1676.731;2728.074;3.817;2119.889;1517.169,3601.573;3130.760;1.036;342.089;1493.375;2368.267;931.430;840.556;3256.600;3420.056;1453.720;3322.104;551.183;335.698;1574.378;2501.771;3085.602;3599.587;2707.610;2827.014;2648.454;2599.644;2844.018;3598.722;1610.913;283.587;602.976;747.489;1201.087;3253.904;0.065;1669.168;3213.484;654.530;190.009;163.879;456.799;3112.772;145.044;482.308;3284.038;2980.027;2008.437;3600.141;-0.349;3596.797;2266.332;996.876;3408.496;2469.267;3601.986;-2.414;1876.773;1665.930;2439.802;639.389;-0.065;1824.628;773.201;3412.433;1709.278;1430.670;2593.726;1724.670;3600.078;2942.212;1906.264;755.770;2286.262;2865.225;2863.759;3600.282;440.139;1276.484;1363.316;1275.787;1243.916;1615.653;2097.128;949.781;209.670;1231.808;0.775;938.754;2599.874;2243.651;3599.798;1981.810;1927.811;2203.459;2834.058;2038.791;2204.078;2471.734;1110.481;3020.294;2134.344;998.338;569.912;-0.801
313,573.7871146202087,312,-564.2895976398928,564.2895976398928,0.09714688536988897,498.524;3572.224;1026.960;3052.020;1697.240;2674.424;2663.972;2099.288;1606.784;17.325;5.743;2862.244;1729.724;979.376;3163.817;1188.697;917.954;1253.585;2462.063;1767.904;1841.886;607.926;1046.013;847.942;1144.348;463.985;402.242;3602.287;3597.696;52.932;536.899;610.425;2575.051;2821.289;-0.885;2044.171;-1.641;2187.724;2534.698;3600.911;811.732;3091.062;3188.139;3598.934;7.742;1566.880;3599.002;1433.218;3375.997;1934.916;2685.474;2119.848;-1.379;-0.859;293.583;906.777;3602.787;2733.993;3163.026;2100.719;2302.242;3598.013;3600.049;3600.057;3251.673;358.851;990.905;0.946;2001.545;2800.804;1.615;3.112;1369.771;736.920;2788.622;1294.452;2469.372;2021.363;2099.915;3597.878;3594.176;0.865;2999.171;836.123;0.379;816.877;2082.581;3597.941;1523.957;0.720;3598.207;475.552;1367.553;3129.856;1930.521;1678.878;2730.325;5.448;2121.775;1516.900,3599.424;3129.658;0.584;341.834;1491.377;2366.571;933.624;842.778;3254.404;3419.330;1455.028;3324.333;548.961;337.069;1575.273;2503.890;3087.562;3601.807;2709.853;2825.011;2649.967;2601.249;2841.820;3600.612;1608.699;281.436;600.917;749.319;1199.060;3252.003;-2.000;1669.174;3211.235;652.298;190.461;166.150;458.837;3110.498;143.342;484.372;3286.246;2982.276;2010.342;3602.415;0.967;3598.777;2266.042;998.829;3406.268;2467.740;3599.853;-0.506;1878.161;1663.927;2441.729;641.521;-2.076;1822.378;771.172;3411.457;1711.554;1429.497;2591.514;1726.901;3602.331;2940.038;1904.216;754.356;2285.617;2862.989;2866.026;3600.820;437.893;1275.473;1365.561;1277.925;1241.813;1617.797;2094.922;950.594;207.742;1229.621;-0.117;936.665;2598.004;2241.757;3601.884;1983.527;1926.023;2201.268;2836.286;2040.658;2205.922;2470.876;1108.230;3022.329;2136.053;1000.607;567.778;1.328
314,575.5125396251678,313,-564.2168432829491,564.2168432829491,0.05939193279822311,498.254;3574.452;1027.163;3054.036;1696.032;2672.588;2666.135;2100.197;1606.014;19.201;4.955;2863.826;1731.308;978.824;3165.111;1186.569;919.346;1251.346;2459.823;1766.163;1843.943;609.097;1047.339;849.456;1145.732;463.708;400.884;3600.208;3599.825;53.320;539.142;608.657;2572.952;2819.358;1.044;2043.026;0.450;2186.464;2536.874;3599.247;811.528;3093.246;3187.680;3598.895;5.903;1566.466;3598.139;1431.006;3377.725;1933.164;2686.393;2120.420;0.612;1.115;295.648;908.380;3600.676;2735.940;3165.136;2101.999;2301.554;3596.141;3601.614;3599.959;3250.122;356.794;991.611;-0.726;2003.771;2800.665;-0.173;1.119;1370.689;738.898;2787.677;1292.787;2467.417;2023.038;2100.293;3599.232;3595.626;1.656;2996.996;835.730;-0.115;818.534;2081.198;3599.952;1522.735;0.783;3596.151;473.310;1365.790;3132.011;1928.463;1679.304;2731.401;7.673;2123.952;1519.016,3599.531;3129.794;-1.598;343.073;1492.850;2367.733;935.869;841.544;3256.169;3420.838;1455.264;3322.815;548.461;339.286;1577.450;2505.521;3085.558;3599.766;2711.390;2822.984;2649.761;2599.815;2842.819;3598.902;1610.758;279.757;598.693;747.816;1201.102;3249.861;0.053;1667.000;3209.842;651.234;188.309;166.830;461.030;3112.544;145.311;483.911;3286.719;2984.467;2008.590;3600.366;2.673;3600.538;2268.169;996.878;3404.482;2467.261;3598.660;0.694;1880.348;1665.605;2443.491;642.056;0.078;1820.760;769.087;3409.272;1709.784;1427.286;2589.879;1725.993;3600.210;2939.671;1902.153;752.138;2287.155;2864.432;2866.017;3602.958;435.896;1277.615;1364.489;1278.561;1241.541;1617.580;2093.468;952.659;205.510;1227.411;-1.515;934.957;2599.203;2240.038;3600.270;1984.846;1923.967;2203.248;2834.363;2038.673;2206.272;2471.738;1109.516;3023.368;2138.050;1002.845;565.531;2.714
315,577.3995785713196,314,-564.2317099391505,564.2317099391505,0.07423911440921245,496.166;3575.212;1029.316;3052.188;1693.945;2673.892;2664.170;2101.939;1608.155;21.410;4.826;2862.324;1732.650;976.672;3163.264;1185.274;920.113;1250.191;2460.802;1768.123;1842.118;607.028;1045.458;847.594;1147.914;465.815;402.849;3600.208;3601.865;51.176;537.111;606.517;2571.364;2820.803;0.494;2044.961;-0.826;2184.277;2539.096;3600.480;813.635;3091.448;3188.343;3600.936;6.835;1568.526;3598.811;1429.381;3375.904;1934.306;2688.438;2118.365;-0.728;0.956;297.857;906.363;3600.076;2738.131;3167.296;2104.129;2303.540;3594.308;3599.523;3601.407;3251.788;358.821;989.606;0.836;2005.161;2802.791;0.516;-0.224;1372.858;736.846;2787.173;1290.769;2466.247;2022.077;2098.155;3597.881;3594.892;2.662;2998.749;834.351;-2.154;817.849;2082.825;3602.165;1524.722;-1.228;3594.360;473.320;1367.576;3130.019;1930.046;1677.630;2729.652;6.289;2122.233;1517.018,3597.945;3127.633;0.524;345.257;1491.062;2369.916;937.287;839.357;3258.373;3422.978;1454.177;3324.512;550.407;341.479;1579.421;2505.641;3083.354;3597.927;2709.386;2824.348;2647.599;2599.955;2844.751;3600.830;1612.892;280.955;597.455;749.731;1199.734;3247.814;-0.657;1665.972;3207.673;652.625;190.256;166.756;460.072;3114.733;147.509;481.744;3288.745;2986.680;2007.454;3599.076;0.908;3602.209;2270.149;998.838;3405.977;2468.512;3599.425;-1.412;1881.863;1667.508;2441.467;639.934;-0.668;1818.574;766.893;3407.082;1711.745;1425.634;2587.680;1724.631;3599.962;2938.202;1904.156;750.845;2288.960;2866.128;2868.152;3600.826;437.798;1279.785;1363.677;1277.163;1239.447;1618.998;2091.290;954.876;203.295;1227.619;0.603;932.767;2601.364;2239.376;3599.157;1987.032;1925.686;2205.461;2832.389;2037.180;2204.208;2469.599;1111.593;3024.902;2137.940;1001.581;563.579;3.175
316,579.3145458698273,315,-564.2530758174049,564.2530758174049,0.0659248188003022,494.228;3573.184;1031.497;3053.323;1695.258;2672.086;2666.049;2100.032;1610.297;23.595;6.948;2860.425;1730.623;974.528;3163.036;1183.172;922.197;1249.721;2462.238;1766.020;1844.104;607.723;1045.986;849.265;1150.106;467.104;400.842;3601.990;3599.935;50.030;537.310;604.925;2570.498;2822.666;-0.577;2046.499;0.934;2185.990;2540.265;3600.718;812.535;3089.286;3190.488;3600.143;6.796;1566.437;3600.325;1427.463;3373.939;1933.710;2688.091;2116.583;0.980;-1.147;298.649;907.381;3601.892;2738.271;3165.357;2106.322;2305.157;3592.136;3600.175;3599.340;3253.871;359.451;990.681;1.726;2003.242;2801.877;-0.783;-2.353;1373.798;734.738;2789.094;1288.584;2464.552;2023.756;2096.297;3595.740;3592.767;4.431;2996.966;832.188;-0.026;815.720;2080.826;3600.095;1524.171;0.608;3596.095;471.514;1369.743;3130.331;1929.310;1678.959;2727.625;7.441;2124.141;1517.391,3599.472;3129.202;0.714;343.384;1492.771;2368.360;939.117;837.449;3257.670;3422.105;1456.294;3326.249;552.552;339.516;1578.180;2503.654;3084.511;3598.111;2710.162;2822.322;2649.409;2598.389;2842.946;3599.084;1611.134;278.986;599.283;748.176;1201.729;3246.317;0.782;1667.836;3206.729;650.591;189.001;168.877;458.482;3114.071;148.897;483.450;3290.865;2985.278;2009.537;3599.378;2.086;3600.110;2268.046;996.772;3404.898;2470.650;3601.506;-0.558;1879.798;1665.484;2441.618;641.781;1.279;1819.684;767.195;3409.018;1713.728;1423.506;2588.521;1726.676;3601.512;2939.847;1906.272;752.800;2286.892;2864.742;2868.810;3599.614;436.333;1281.306;1365.754;1275.163;1238.800;1617.265;2091.766;954.238;204.773;1229.508;-0.122;934.529;2600.453;2240.835;3601.019;1985.723;1923.756;2207.234;2830.804;2035.117;2203.710;2470.509;1112.887;3027.009;2139.979;1002.277;564.602;1.369
317,581.2485206127167,316,-564.2714120621256,564.2714120621256,0.05846521992228163,492.084;3572.567;1032.857;3053.154;1697.369;2673.135;2667.973;2098.163;1611.120;24.384;6.647;2858.337;1728.471;972.407;3164.912;1181.074;924.357;1251.808;2464.372;1765.151;1843.590;606.832;1043.944;847.566;1150.643;465.614;399.702;3600.068;3600.638;50.065;535.709;606.414;2569.784;2824.328;1.139;2048.617;0.584;2186.593;2538.274;3598.643;814.370;3087.120;3190.306;3599.100;8.749;1565.082;3598.361;1425.309;3375.976;1935.767;2686.120;2114.764;2.247;-0.030;300.705;908.757;3600.573;2740.283;3163.228;2108.486;2303.226;3591.004;3601.981;3598.606;3254.859;360.384;988.757;0.010;2005.064;2802.148;1.251;-0.449;1375.721;736.270;2787.253;1290.353;2465.296;2025.903;2094.144;3594.491;3591.384;2.464;2998.472;833.473;0.964;816.452;2078.690;3599.357;1522.257;-0.628;3594.965;471.092;1371.099;3132.428;1927.474;1681.088;2725.486;9.448;2123.551;1519.076,3601.131;3131.214;-0.634;342.514;1490.811;2368.419;937.198;838.726;3255.855;3421.189;1454.492;3328.391;551.295;337.761;1576.123;2504.673;3086.496;3597.243;2708.930;2822.568;2649.430;2600.487;2841.011;3600.672;1609.126;277.651;601.283;746.269;1202.969;3244.196;1.319;1669.909;3204.612;648.442;191.018;170.821;456.540;3112.245;150.995;483.919;3291.948;2984.105;2011.510;3601.375;-0.005;3599.494;2266.070;995.367;3403.131;2471.982;3599.501;-1.852;1877.659;1664.901;2439.721;643.486;0.479;1820.858;769.204;3411.077;1715.873;1422.399;2588.676;1728.676;3599.483;2938.230;1906.978;754.798;2286.399;2862.607;2870.880;3599.249;434.202;1280.037;1367.850;1275.345;1236.745;1618.784;2091.152;955.704;206.912;1229.142;-1.986;933.058;2600.169;2242.967;3599.161;1983.867;1921.736;2206.989;2832.656;2036.931;2205.571;2472.576;1114.114;3029.163;2138.788;1002.637;566.712;-0.777
318,582.9802541732788,317,-564.2690777207129,564.2690777207129,0.062188285761161304,491.314;3574.552;1031.091;3051.122;1698.752;2675.110;2666.558;2096.145;1609.606;22.374;5.101;2860.168;1728.005;971.968;3167.026;1183.040;922.378;1250.203;2462.370;1766.933;1841.985;608.827;1042.136;847.350;1151.256;466.742;401.533;3599.297;3598.664;52.026;534.553;608.524;2567.691;2822.849;3.209;2047.307;-1.254;2188.441;2537.930;3597.154;815.648;3088.794;3188.888;3597.021;6.814;1566.882;3600.165;1426.712;3378.097;1933.885;2688.088;2116.153;4.235;0.081;298.735;910.737;3598.571;2739.148;3164.453;2107.363;2305.169;3592.827;3599.932;3598.073;3256.676;358.450;990.536;-2.002;2007.191;2800.083;3.046;1.491;1376.240;738.385;2789.049;1290.628;2463.732;2027.990;2092.110;3596.303;3593.338;0.796;2999.824;832.882;1.338;814.451;2079.940;3600.022;1520.189;1.191;3593.484;469.022;1369.052;3133.749;1929.378;1679.811;2725.154;7.547;2121.488;1521.056,3599.068;3130.928;0.560;340.440;1492.540;2366.382;936.828;837.076;3257.246;3419.271;1455.416;3326.524;549.231;335.873;1574.064;2502.779;3084.526;3599.193;2710.907;2824.613;2651.082;2601.160;2838.952;3599.184;1609.050;279.484;600.618;748.223;1201.088;3245.913;-0.671;1670.998;3206.546;650.116;191.218;169.312;458.545;3111.472;152.825;483.873;3294.040;2982.002;2009.775;3602.375;-2.132;3600.799;2266.666;994.212;3401.007;2473.038;3600.496;0.202;1879.182;1663.035;2441.077;645.432;-1.308;1822.962;767.284;3411.574;1714.128;1422.423;2589.747;1726.757;3599.972;2940.294;1905.034;754.753;2288.366;2860.730;2869.755;3600.073;435.492;1277.935;1366.357;1277.428;1238.745;1620.121;2089.124;953.708;207.642;1231.149;0.035;934.854;2598.142;2240.998;3600.828;1985.875;1922.811;2204.918;2834.773;2035.300;2207.697;2474.704;1116.220;3027.696;2136.686;1000.611;568.440;1.205
319,584.8754658699036,318,-564.2863553122312,564.2863553122312,0.06093538039852117,493.050;3573.661;1029.072;3052.255;1700.827;2677.117;2664.602;2095.689;1610.630;22.000;3.018;2861.817;1729.030;972.721;3165.253;1183.394;921.604;1248.824;2461.365;1769.031;1839.895;609.871;1040.105;849.270;1153.302;468.818;403.086;3599.565;3598.306;50.158;532.476;610.628;2569.698;2824.876;2.403;2049.180;0.706;2186.450;2535.907;3599.035;814.054;3087.126;3189.140;3598.629;5.680;1565.771;3599.844;1428.572;3380.081;1932.622;2687.038;2114.206;2.364;1.933;296.669;908.814;3597.717;2741.179;3165.566;2106.547;2304.886;3594.821;3599.722;3599.982;3254.725;360.342;991.589;0.009;2007.551;2798.000;2.136;3.410;1375.828;740.441;2788.546;1289.918;2461.666;2026.745;2091.111;3596.669;3595.019;1.335;2998.774;831.021;-0.148;813.687;2081.809;3601.583;1518.150;-0.248;3595.505;470.815;1367.113;3135.481;1929.703;1677.794;2723.123;5.817;2119.619;1520.910,3599.932;3128.937;-1.439;338.667;1493.320;2365.224;934.826;835.074;3258.546;3421.007;1455.154;3325.871;550.910;334.224;1571.954;2503.676;3085.121;3601.298;2709.832;2824.376;2652.818;2603.021;2839.961;3598.234;1607.010;281.568;602.665;746.955;1202.490;3244.390;1.241;1673.036;3207.134;651.425;189.200;171.099;456.762;3110.813;150.824;482.044;3295.902;2981.427;2011.467;3600.327;-0.246;3598.805;2267.282;996.002;3401.214;2471.034;3601.758;-0.879;1877.741;1664.538;2439.082;644.383;0.672;1824.809;768.430;3413.517;1712.996;1424.474;2591.822;1726.540;3601.970;2941.830;1907.007;752.712;2287.260;2859.351;2868.447;3602.117;433.848;1275.986;1368.134;1275.708;1238.416;1618.095;2087.016;954.104;207.488;1229.769;1.732;936.744;2600.101;2242.567;3599.169;1986.510;1924.485;2202.918;2836.637;2036.494;2206.149;2476.759;1118.328;3026.084;2135.147;998.715;566.871;-0.110
320,586.8031449317932,319,-564.2973267213265,564.2973267213265,0.054985231791207054,495.120;3571.621;1027.624;3054.207;1699.675;2675.628;2664.867;2093.659;1608.638;22.419;1.025;2863.879;1731.074;970.821;3163.517;1181.730;919.752;1247.148;2459.589;1769.063;1841.008;609.108;1039.926;851.346;1154.567;468.471;402.151;3597.741;3599.627;51.897;530.702;612.273;2570.792;2826.656;2.305;2047.636;-0.164;2186.231;2534.230;3600.643;811.995;3086.032;3190.811;3600.641;7.452;1566.714;3601.665;1430.111;3379.667;1930.571;2685.673;2114.858;4.186;0.084;294.902;910.686;3599.679;2743.120;3167.472;2108.542;2306.786;3594.687;3600.382;3602.046;3255.880;360.735;991.509;-0.344;2006.392;2796.210;0.093;1.532;1373.794;739.827;2790.554;1291.727;2461.261;2025.432;2092.981;3598.701;3595.054;-0.675;2996.727;831.841;0.803;811.724;2079.900;3599.582;1519.244;-1.186;3597.476;469.947;1366.848;3134.582;1927.749;1679.673;2721.050;6.967;2121.507;1522.421,3598.377;3127.183;0.469;336.677;1495.149;2363.236;936.107;833.035;3256.629;3423.076;1457.027;3324.150;548.995;332.178;1572.443;2501.668;3083.328;3599.415;2707.892;2826.074;2654.855;2605.095;2838.071;3600.199;1606.004;282.828;604.190;748.949;1204.482;3246.283;0.540;1675.120;3208.789;653.357;188.178;169.218;457.711;3112.813;152.492;483.828;3293.948;2979.542;2009.794;3601.647;-1.257;3600.044;2265.392;994.223;3401.788;2472.948;3599.753;0.928;1875.704;1665.997;2438.020;645.633;1.588;1826.164;766.462;3414.018;1711.382;1423.424;2593.224;1724.637;3600.065;2943.822;1908.107;754.192;2285.796;2857.773;2870.273;3600.124;432.971;1274.013;1366.511;1275.165;1239.583;1619.022;2085.130;952.135;206.066;1231.215;0.925;938.665;2600.129;2240.863;3600.989;1988.531;1922.694;2202.327;2838.675;2034.825;2207.962;2478.388;1117.600;3027.918;2137.051;996.668;568.811;1.280
321,588.5066120624542,320,-564.2927760483967,564.2927760483967,0.046497676101457365,496.947;3569.831;1029.473;3056.163;1701.485;2673.675;2666.867;2091.647;1609.930;20.591;2.736;2865.537;1733.039;968.828;3161.532;1181.543;918.257;1248.642;2457.984;1770.831;1842.350;611.019;1037.952;853.309;1152.730;466.758;400.140;3598.915;3598.056;53.647;532.427;613.368;2572.534;2825.248;2.449;2046.349;-2.166;2187.441;2532.223;3598.773;812.218;3084.021;3192.846;3598.884;9.418;1564.757;3599.679;1428.318;3380.946;1930.839;2683.780;2115.644;3.228;-0.301;293.175;910.933;3598.300;2744.830;3166.487;2110.357;2305.039;3596.638;3599.064;3600.098;3257.903;362.460;992.545;0.980;2004.400;2795.869;-1.347;0.227;1371.976;741.375;2790.851;1292.873;2463.247;2023.404;2091.867;3599.141;3597.051;0.349;2995.046;833.826;-0.984;813.298;2078.031;3598.889;1517.300;0.794;3599.417;468.067;1368.003;3136.462;1925.740;1680.099;2721.343;7.059;2123.064;1524.457,3599.591;3126.249;0.677;334.655;1497.195;2362.932;937.842;834.137;3254.578;3422.361;1455.071;3326.027;550.199;330.522;1574.375;2503.463;3084.961;3599.251;2709.602;2827.922;2656.732;2604.171;2838.186;3600.100;1604.021;282.334;602.611;749.429;1206.537;3245.200;-0.936;1673.644;3206.941;651.672;187.323;168.582;459.721;3114.581;153.482;485.858;3294.197;2980.060;2008.096;3600.127;0.499;3600.683;2263.349;992.681;3399.787;2471.493;3600.867;0.329;1876.207;1664.857;2437.521;647.660;3.110;1824.919;764.678;3415.981;1709.358;1421.410;2591.391;1725.834;3600.550;2942.151;1909.714;756.218;2283.763;2858.136;2872.318;3599.760;430.959;1272.805;1365.402;1273.865;1237.908;1621.011;2086.691;951.218;207.512;1233.157;-0.848;940.644;2602.043;2239.384;3599.596;1989.774;1920.648;2203.964;2837.721;2032.784;2207.596;2480.386;1119.544;3029.414;2138.777;997.180;569.390;-0.449
322,590.3688430786133,321,-564.3233049019723,564.3233049019723,0.060869375628218855,495.081;3567.962;1031.266;3054.516;1700.228;2675.439;2665.338;2089.675;1611.931;22.475;2.892;2863.763;1735.064;966.808;3161.728;1179.575;916.248;1246.688;2455.971;1772.753;1840.437;609.130;1039.596;852.860;1154.568;468.215;398.391;3600.905;3599.831;52.280;531.955;611.620;2570.799;2827.028;0.472;2047.819;-0.308;2189.269;2533.955;3598.837;814.140;3084.595;3194.829;3598.020;11.446;1563.000;3598.858;1426.303;3382.774;1932.793;2681.761;2113.741;1.287;1.417;294.766;908.987;3600.178;2746.323;3165.597;2112.227;2306.822;3595.262;3600.887;3599.973;3259.899;364.478;994.535;2.870;2002.374;2797.842;0.544;-1.756;1373.907;743.287;2789.073;1290.903;2463.569;2024.655;2090.395;3597.666;3596.518;-0.558;2996.237;832.952;0.974;815.126;2076.446;3597.746;1516.392;0.542;3598.148;466.042;1366.135;3134.598;1927.557;1678.247;2719.432;5.091;2124.346;1522.660,3601.451;3127.705;1.544;332.626;1496.377;2364.681;939.855;836.002;3254.608;3424.125;1453.094;3324.614;552.181;328.511;1574.141;2505.239;3083.233;3599.638;2710.074;2829.777;2654.873;2602.181;2836.461;3601.857;1605.220;280.357;600.641;747.858;1208.436;3243.367;0.929;1671.879;3206.790;651.087;189.265;167.045;461.509;3116.593;153.836;487.669;3295.190;2978.126;2009.928;3599.891;0.056;3598.921;2261.422;990.669;3398.337;2473.195;3599.525;-1.519;1874.448;1666.725;2439.473;648.514;1.421;1822.949;765.616;3417.969;1711.160;1419.577;2589.498;1724.192;3601.748;2941.811;1911.714;758.208;2281.739;2860.118;2873.854;3601.127;432.410;1274.719;1363.534;1272.045;1239.660;1620.048;2088.702;952.043;209.507;1231.411;0.800;938.858;2603.882;2237.392;3601.181;1988.073;1918.632;2205.221;2839.591;2030.762;2206.319;2478.676;1120.600;3029.319;2136.988;999.134;567.914;0.605
323,592.249204158783,322,-564.279752740415,564.279752740415,0.024766445507145927,496.395;3569.818;1029.477;3055.750;1698.260;2677.362;2664.288;2091.311;1611.392;20.662;1.003;2864.602;1735.702;965.214;3159.787;1181.432;917.180;1246.148;2454.133;1774.521;1839.127;607.264;1037.915;854.284;1152.932;466.659;400.278;3599.040;3598.102;53.349;530.088;613.309;2571.488;2825.644;1.451;2047.557;-0.105;2187.520;2535.183;3597.520;813.149;3083.309;3196.509;3599.819;9.833;1564.795;3600.367;1427.913;3384.763;1932.781;2683.346;2111.826;2.985;-0.274;293.668;910.525;3598.753;2744.443;3167.537;2111.564;2308.039;3597.149;3599.088;3599.479;3260.419;366.128;992.941;1.199;2000.576;2797.308;0.603;0.086;1373.078;745.216;2790.347;1292.472;2465.524;2022.793;2092.317;3599.545;3598.401;1.380;2995.146;834.484;0.420;813.317;2078.163;3599.052;1515.225;0.318;3596.490;467.061;1364.407;3134.898;1926.065;1676.286;2719.730;3.130;2123.256;1523.836,3599.558;3129.592;2.726;330.769;1498.240;2366.653;940.484;837.706;3256.527;3422.257;1453.634;3326.349;554.128;326.506;1576.048;2505.856;3084.421;3601.388;2708.331;2828.107;2656.038;2602.952;2838.333;3599.922;1606.356;282.118;600.666;745.886;1207.879;3245.145;-0.094;1669.886;3207.801;652.641;190.152;168.153;462.020;3115.088;152.047;485.919;3294.060;2979.649;2010.399;3598.014;1.053;3596.995;2263.180;988.701;3396.651;2472.017;3599.008;0.272;1873.794;1668.704;2437.762;646.613;-0.571;1824.658;765.996;3417.129;1711.519;1419.515;2591.164;1722.205;3600.015;2939.894;1913.710;756.984;2280.805;2860.065;2874.491;3600.368;434.368;1276.431;1361.535;1270.067;1241.600;1618.373;2090.294;954.003;209.449;1233.260;2.723;940.644;2605.872;2238.707;3599.391;1986.167;1916.752;2203.389;2839.224;2028.866;2204.414;2477.981;1118.937;3031.249;2135.027;1000.915;565.933;-0.693
324,593.9544966220856,323,-564.2730968536715,564.2730968536715,0.05956368631200681,498.264;3571.414;1027.819;3056.798;1697.019;2679.338;2665.828;2092.903;1611.974;19.520;-0.817;2866.253;1735.373;963.251;3159.177;1183.148;915.666;1247.589;2454.109;1776.475;1837.176;606.148;1036.365;856.224;1151.833;465.610;402.132;3598.532;3597.281;51.469;528.115;615.240;2573.254;2823.837;2.783;2045.939;-0.975;2185.554;2536.919;3599.326;811.209;3084.219;3196.229;3601.581;8.272;1566.592;3598.941;1428.105;3384.115;1933.620;2681.940;2111.120;2.675;1.006;292.000;908.992;3597.815;2744.212;3169.314;2110.037;2309.886;3598.257;3598.821;3600.379;3261.999;365.927;991.027;-0.523;1998.783;2797.452;0.196;1.602;1371.896;747.192;2791.959;1294.344;2464.953;2021.433;2093.845;3600.719;3599.814;1.417;2994.285;836.436;-1.145;813.014;2080.118;3600.922;1516.884;-0.887;3598.103;468.748;1365.055;3136.350;1924.903;1674.325;2717.842;2.448;2121.451;1525.624,3599.155;3127.858;2.162;329.694;1499.655;2368.629;938.589;839.673;3255.226;3423.540;1454.586;3327.518;552.816;328.104;1577.550;2507.751;3086.320;3599.504;2709.953;2826.247;2654.850;2603.535;2840.270;3599.111;1604.489;280.691;598.869;743.930;1206.111;3243.432;-2.006;1668.711;3205.907;654.602;191.986;170.099;463.530;3116.003;150.085;484.071;3295.960;2981.591;2012.309;3597.040;-0.501;3595.444;2264.958;990.271;3394.786;2470.085;3600.633;-0.200;1872.044;1670.684;2435.844;648.216;0.430;1823.644;767.869;3415.553;1710.023;1421.396;2589.497;1722.220;3601.224;2939.467;1915.344;757.449;2279.211;2861.900;2876.372;3601.921;435.640;1278.398;1359.572;1268.162;1240.016;1620.254;2088.835;954.790;210.917;1231.553;4.054;938.901;2607.655;2240.660;3600.130;1984.194;1917.398;2201.460;2838.406;2027.175;2202.454;2476.058;1120.516;3030.618;2134.672;1002.854;566.096;1.101
325,595.8025469779968,324,-564.256467392273,564.256467392273,0.056830970100392786,500.204;3570.889;1029.281;3054.914;1696.155;2680.168;2664.832;2094.829;1612.162;19.110;-2.765;2864.961;1733.514;964.534;3157.300;1185.068;913.754;1249.519;2455.984;1776.087;1837.587;604.228;1034.431;854.401;1150.176;463.694;401.918;3599.450;3598.823;49.688;526.262;616.236;2575.190;2824.786;4.711;2047.796;0.527;2184.436;2535.504;3601.264;812.905;3085.906;3198.044;3599.720;6.748;1568.498;3600.014;1428.498;3384.740;1931.742;2683.727;2109.208;0.925;2.662;293.849;910.166;3598.819;2743.445;3171.209;2110.969;2311.825;3599.390;3600.167;3601.104;3263.935;364.093;989.087;0.077;1996.851;2798.886;-1.522;1.930;1373.528;745.835;2793.838;1295.989;2466.634;2019.663;2095.740;3598.938;3601.425;3.278;2995.759;838.387;0.611;811.110;2080.929;3599.084;1518.824;0.697;3599.711;470.593;1366.716;3134.621;1926.640;1673.151;2716.002;4.314;2120.204;1523.957,3599.076;3125.932;3.975;328.344;1501.585;2370.405;938.540;837.935;3255.785;3425.311;1456.302;3329.276;553.013;329.904;1579.483;2509.138;3087.912;3598.490;2711.842;2824.706;2656.594;2605.421;2842.168;3598.811;1603.674;279.466;596.955;744.239;1207.933;3244.628;-0.150;1666.870;3204.447;656.340;193.823;168.933;461.898;3117.872;150.734;482.123;3294.747;2983.509;2011.007;3598.640;0.878;3597.266;2266.904;992.101;3392.854;2468.138;3600.815;-0.557;1873.873;1670.834;2433.988;646.462;-0.552;1821.880;766.060;3413.633;1708.091;1419.895;2587.557;1722.153;3599.459;2937.573;1917.249;759.269;2277.300;2863.844;2878.323;3600.057;437.565;1280.224;1357.619;1266.240;1241.339;1622.185;2089.735;955.498;212.662;1230.920;2.263;937.024;2609.269;2241.745;3599.849;1983.653;1919.228;2203.243;2836.492;2025.233;2200.593;2474.110;1122.436;3031.890;2136.525;1004.012;567.230;-0.414
326,597.6805369853973,325,-564.2773123232761,564.2773123232761,0.06356211995509839,499.568;3569.005;1031.182;3052.994;1695.974;2678.308;2662.959;2093.257;1610.670;17.280;-0.924;2863.062;1733.727;965.995;3158.081;1186.819;911.847;1251.193;2455.064;1774.435;1838.903;602.393;1033.722;852.597;1151.471;463.519;400.060;3601.333;3600.734;51.479;527.632;614.467;2573.978;2826.352;3.159;2046.878;-1.136;2186.234;2537.323;3599.457;814.747;3084.174;3199.961;3600.840;6.712;1567.526;3601.702;1430.313;3386.619;1929.854;2684.357;2109.488;-0.977;4.567;295.378;908.509;3597.325;2741.717;3169.754;2112.857;2313.635;3597.568;3602.007;3599.238;3265.670;362.177;988.608;-1.245;1998.591;2800.791;0.335;0.160;1375.198;743.993;2795.736;1297.393;2467.932;2017.823;2094.234;3597.374;3599.581;4.780;2997.656;837.562;0.702;809.782;2079.087;3597.892;1517.822;-0.399;3601.611;469.325;1368.626;3132.727;1928.534;1674.833;2717.572;5.955;2122.069;1522.364,3597.255;3125.012;5.864;326.518;1502.664;2369.491;936.748;837.787;3257.633;3424.865;1458.206;3331.151;551.175;329.213;1579.879;2509.370;3089.795;3596.980;2713.765;2825.793;2658.357;2604.388;2843.735;3600.578;1601.939;278.287;595.759;742.627;1209.852;3243.742;0.366;1665.908;3205.183;656.829;195.585;167.079;463.407;3116.171;152.335;480.833;3296.052;2984.551;2009.230;3600.554;-0.954;3598.957;2266.099;991.575;3390.951;2466.727;3599.002;1.259;1872.113;1672.583;2434.109;647.210;1.226;1821.989;764.520;3413.601;1706.480;1417.993;2587.371;1721.620;3598.099;2938.801;1916.501;761.144;2275.580;2863.479;2879.341;3599.394;439.194;1279.029;1356.948;1266.573;1243.153;1623.060;2091.268;957.385;211.131;1232.379;0.397;937.839;2607.540;2241.170;3601.227;1985.317;1921.152;2204.248;2834.665;2024.014;2199.521;2473.560;1123.399;3033.369;2138.387;1005.267;569.127;1.280
327,599.5775556564331,326,-564.2464408604204,564.2464408604204,0.0345270687772695,501.332;3570.370;1029.579;3051.164;1697.820;2679.136;2663.977;2094.543;1608.785;15.380;0.392;2862.262;1735.383;965.254;3159.805;1188.528;912.701;1249.720;2453.202;1775.898;1837.270;600.839;1033.126;851.425;1150.200;463.787;401.286;3599.580;3598.981;52.947;525.931;615.960;2572.108;2824.916;2.067;2047.060;0.581;2185.347;2537.041;3600.000;813.710;3085.875;3198.418;3599.254;8.451;1569.261;3599.866;1432.212;3388.520;1930.050;2686.210;2109.254;0.085;2.940;293.842;909.817;3599.003;2743.375;3171.548;2113.961;2314.391;3598.613;3600.181;3599.077;3264.050;361.687;988.450;0.595;2000.480;2800.958;-0.195;-1.527;1373.556;745.724;2796.472;1297.017;2466.359;2016.233;2092.354;3598.967;3600.480;4.345;2998.899;838.785;1.826;808.219;2078.722;3599.190;1516.005;1.420;3599.862;467.458;1367.014;3134.324;1927.186;1673.286;2716.510;4.596;2121.381;1522.973,3596.889;3126.013;4.136;324.652;1503.998;2368.983;934.892;839.614;3259.426;3423.007;1459.450;3333.052;551.697;327.383;1581.621;2511.208;3090.872;3598.585;2715.358;2824.519;2659.209;2604.730;2845.576;3599.493;1600.118;279.693;597.204;740.779;1209.490;3245.458;-0.853;1664.049;3206.945;658.131;197.474;165.219;465.288;3114.347;153.687;479.223;3294.776;2985.927;2008.087;3599.672;-0.189;3598.604;2265.122;989.939;3389.117;2468.117;3597.238;2.784;1873.192;1670.806;2434.249;646.409;-0.190;1820.867;762.678;3414.579;1704.756;1417.717;2588.771;1719.762;3599.229;2937.093;1917.699;762.962;2277.353;2863.780;2881.208;3600.891;440.972;1277.460;1355.614;1265.316;1244.840;1624.900;2089.468;959.258;212.517;1231.055;-1.339;939.681;2605.985;2239.501;3599.408;1987.017;1922.698;2202.653;2834.056;2022.403;2200.307;2474.537;1121.715;3034.825;2136.975;1004.876;568.460;2.856
328,601.2858386039734,327,-564.2740427498263,564.2740427498263,0.04715540420792073,501.620;3570.170;1028.114;3049.327;1699.564;2678.450;2662.236;2096.129;1606.932;13.519;1.421;2863.461;1733.722;963.415;3161.574;1190.398;911.292;1251.306;2453.743;1774.638;1838.780;598.989;1034.845;850.616;1148.348;462.114;401.767;3599.911;3599.289;54.763;524.713;615.294;2571.940;2823.068;3.715;2045.259;0.750;2186.675;2537.904;3600.722;812.817;3084.173;3197.332;3599.981;6.681;1569.465;3600.409;1434.091;3389.533;1928.279;2688.072;2111.071;0.742;1.074;292.112;910.518;3600.835;2741.823;3170.865;2115.481;2315.446;3596.953;3600.171;3600.896;3265.566;359.861;986.645;1.639;2001.489;2799.163;1.344;0.219;1372.311;746.682;2795.663;1295.191;2468.156;2017.664;2091.819;3599.731;3599.071;3.100;3000.697;839.898;0.029;807.128;2078.348;3597.561;1514.691;1.998;3599.265;465.595;1365.252;3135.822;1928.816;1673.896;2714.955;6.103;2121.434;1522.081,3598.670;3124.426;3.311;322.777;1505.561;2370.047;936.345;840.168;3257.777;3421.138;1458.281;3333.132;549.912;326.596;1583.466;2512.916;3092.071;3600.313;2713.802;2822.775;2661.037;2606.396;2844.016;3601.180;1598.243;277.894;595.486;742.061;1210.863;3247.329;-0.918;1665.628;3208.818;656.501;199.233;163.368;466.902;3115.892;155.543;480.879;3292.924;2984.644;2009.436;3601.384;-1.742;3600.272;2263.283;988.096;3387.261;2467.156;3598.966;1.666;1873.325;1668.935;2436.065;647.706;1.385;1819.024;760.846;3415.730;1704.067;1416.169;2587.067;1717.889;3601.036;2935.963;1915.971;764.837;2279.017;2861.981;2882.915;3599.206;439.459;1278.897;1354.419;1266.994;1244.535;1626.761;2088.418;960.569;214.373;1229.805;0.199;941.368;2604.121;2237.655;3600.762;1988.804;1922.930;2204.056;2835.292;2020.934;2202.126;2476.263;1123.288;3036.678;2135.404;1006.705;570.157;4.661
329,603.151166677475,328,-564.2829896182351,564.2829896182351,0.06275764351055947,501.504;3571.541;1029.621;3047.985;1698.091;2676.784;2660.389;2096.748;1607.696;13.331;2.642;2861.811;1732.158;964.549;3162.983;1189.933;911.382;1251.000;2452.213;1772.936;1837.732;597.192;1033.621;848.805;1149.710;463.841;402.539;3601.472;3601.067;55.300;524.497;614.674;2573.240;2823.563;1.975;2043.439;-0.859;2188.184;2538.982;3599.017;814.147;3082.897;3198.114;3601.780;5.429;1567.735;3599.125;1435.320;3388.028;1928.450;2689.436;2112.236;-1.020;2.687;293.779;908.726;3599.150;2742.547;3172.179;2117.274;2317.268;3595.110;3601.111;3599.764;3264.171;358.153;985.076;1.541;2002.906;2798.995;2.951;0.002;1374.051;745.135;2797.408;1294.037;2467.738;2015.952;2091.236;3598.190;3597.606;1.360;3002.515;841.678;-1.656;805.639;2076.585;3599.155;1516.426;0.282;3600.088;465.743;1366.383;3134.905;1930.232;1675.596;2715.722;5.464;2123.212;1520.264,3597.140;3122.898;1.517;323.912;1503.791;2371.868;934.713;841.473;3259.325;3421.846;1459.732;3334.885;548.073;327.957;1585.231;2511.282;3090.284;3598.896;2711.963;2824.563;2659.271;2608.231;2845.031;3599.598;1599.681;277.342;594.602;743.890;1210.350;3246.382;0.860;1667.442;3207.370;658.273;200.912;161.655;468.632;3116.694;157.356;479.236;3291.443;2986.405;2007.699;3601.285;-0.110;3602.117;2263.955;989.685;3388.742;2468.908;3599.345;-0.132;1871.568;1668.258;2434.647;646.151;1.884;1817.171;758.994;3414.334;1705.599;1414.530;2585.406;1716.434;3599.279;2934.687;1914.140;764.246;2280.861;2860.140;2884.692;3598.017;439.832;1277.296;1352.725;1268.790;1242.855;1628.602;2086.605;962.398;213.011;1227.981;-1.178;941.791;2602.750;2237.945;3600.326;1990.654;1924.728;2205.724;2836.271;2022.661;2203.484;2478.098;1121.999;3038.507;2133.815;1006.191;571.784;6.437
330,605.041985988617,329,-564.2634544879446,564.2634544879446,0.04190848857266479,503.279;3573.349;1031.393;3049.691;1696.278;2678.009;2661.380;2098.537;1609.487;14.944;3.650;2863.493;1730.348;966.328;3161.469;1188.155;909.697;1252.747;2453.829;1771.603;1838.740;595.732;1033.283;848.382;1151.513;462.419;400.920;3599.826;3599.559;53.757;522.786;612.925;2571.686;2825.345;0.502;2044.975;0.824;2186.494;2537.216;3600.222;813.741;3084.604;3197.318;3600.176;4.149;1566.942;3600.077;1433.670;3386.262;1928.956;2687.737;2110.558;-0.275;3.379;295.588;909.451;3599.152;2740.818;3170.654;2115.601;2319.092;3595.033;3599.399;3599.804;3262.396;356.347;986.703;0.012;2003.332;2800.288;1.907;-1.394;1374.908;744.032;2796.052;1292.273;2465.957;2017.305;2089.516;3597.759;3596.270;-0.444;3002.104;843.399;-0.003;807.324;2078.269;3600.858;1518.250;-1.527;3599.714;467.271;1367.820;3136.650;1928.559;1673.986;2714.035;6.947;2123.968;1521.311,3596.233;3124.583;-0.159;325.693;1502.093;2370.737;933.105;839.837;3261.026;3423.451;1461.468;3333.902;547.630;329.447;1586.321;2509.464;3088.906;3599.795;2711.287;2826.240;2658.392;2610.028;2845.253;3599.178;1601.400;278.841;593.006;745.567;1208.623;3247.071;1.599;1668.732;3206.800;657.257;201.198;161.923;469.774;3117.910;159.127;479.896;3289.651;2987.182;2005.926;3599.592;-1.341;3600.411;2265.565;989.043;3387.901;2468.247;3597.990;-0.313;1871.705;1666.782;2434.922;644.335;0.535;1818.209;757.623;3412.524;1707.396;1415.361;2585.182;1717.493;3598.502;2934.657;1913.637;763.849;2282.660;2860.866;2883.350;3596.551;440.968;1275.520;1354.381;1268.309;1241.039;1628.322;2084.783;963.622;211.338;1228.172;0.541;940.058;2601.028;2239.037;3601.186;1991.501;1926.493;2207.475;2837.455;2024.372;2205.293;2476.756;1122.943;3040.224;2135.391;1004.693;573.156;4.946
331,606.9623188972473,330,-564.2866962070875,564.2866962070875,0.06463226025823751,505.045;3573.570;1029.853;3048.736;1697.436;2677.063;2659.925;2097.697;1610.361;16.730;5.212;2862.986;1728.630;967.206;3163.170;1189.286;908.037;1254.548;2453.002;1773.291;1837.014;594.447;1031.522;846.633;1151.995;463.050;402.615;3599.561;3598.119;52.011;520.998;614.096;2572.979;2826.933;1.313;2046.705;-0.261;2184.711;2536.218;3601.887;812.188;3083.532;3195.550;3598.856;5.865;1565.645;3599.338;1434.880;3387.793;1930.720;2688.813;2108.825;-0.526;1.817;295.960;908.058;3600.879;2742.099;3172.219;2116.636;2318.501;3596.517;3598.889;3601.471;3262.565;354.565;985.155;0.851;2001.659;2801.998;0.141;-0.348;1376.443;745.584;2797.330;1292.882;2465.262;2017.944;2089.872;3599.476;3597.754;-2.217;3000.983;845.184;1.066;805.985;2079.509;3599.193;1517.868;0.143;3598.468;468.811;1366.794;3137.544;1929.856;1672.237;2712.672;5.746;2125.571;1519.995,3597.177;3123.193;-1.949;325.947;1502.282;2371.330;932.433;838.434;3262.271;3422.745;1460.391;3334.340;545.967;331.237;1584.851;2510.487;3088.894;3601.539;2712.779;2827.791;2656.964;2609.824;2847.006;3600.814;1600.172;280.583;594.128;744.288;1206.829;3246.260;1.181;1668.163;3205.043;658.850;199.482;163.345;471.519;3116.586;157.791;478.306;3288.143;2988.931;2005.475;3600.911;0.306;3599.616;2266.659;990.758;3388.791;2466.531;3599.450;0.416;1873.396;1668.334;2433.227;645.047;-1.249;1817.658;756.118;3412.824;1706.398;1417.125;2583.569;1716.833;3598.501;2936.413;1913.358;762.120;2282.450;2859.669;2881.674;3598.206;439.340;1275.761;1353.298;1268.525;1240.279;1629.929;2083.591;964.637;210.692;1229.417;1.107;938.527;2599.339;2240.812;3599.449;1993.177;1928.234;2209.156;2835.711;2024.509;2203.779;2475.981;1121.314;3038.566;2137.093;1002.957;573.509;5.903
332,608.68203997612,331,-564.2988826612914,564.2988826612914,0.03648963066466448,504.140;3572.211;1029.871;3050.139;1697.369;2677.883;2661.485;2097.904;1612.034;16.928;6.954;2863.414;1729.919;968.947;3162.165;1189.328;906.265;1253.273;2454.468;1772.177;1837.223;592.713;1030.706;847.930;1153.652;464.016;401.587;3601.158;3599.527;50.609;522.052;615.851;2574.736;2828.697;-0.294;2045.886;-0.853;2185.343;2537.847;3600.177;810.475;3083.628;3196.972;3600.263;5.937;1563.893;3600.563;1436.526;3388.807;1932.242;2687.674;2108.074;0.724;0.123;295.021;906.450;3599.573;2743.391;3170.628;2115.825;2319.207;3595.170;3599.954;3599.816;3261.224;356.073;986.104;1.484;2000.055;2800.404;-0.238;1.096;1378.208;747.323;2796.015;1291.864;2463.947;2017.018;2091.219;3598.023;3597.322;-0.492;2999.241;843.711;0.017;804.225;2078.901;3599.719;1516.595;0.847;3598.064;467.740;1365.045;3135.945;1928.495;1672.417;2714.277;3.989;2127.000;1521.391,3595.518;3121.515;-0.243;324.328;1503.701;2369.653;930.839;836.723;3263.990;3424.089;1462.104;3332.673;547.306;329.792;1586.378;2511.749;3090.582;3599.838;2714.536;2826.240;2655.342;2608.628;2848.728;3599.257;1599.739;282.329;592.430;742.651;1207.579;3244.515;-0.516;1666.427;3206.536;657.444;197.705;165.015;470.100;3114.829;156.111;476.569;3289.816;2990.405;2005.920;3599.297;1.688;3600.595;2268.412;992.018;3390.529;2464.815;3601.213;-1.285;1873.713;1667.030;2431.730;646.752;0.382;1819.099;757.774;3411.617;1707.987;1417.374;2585.251;1715.102;3600.024;2938.187;1911.681;760.378;2283.438;2861.223;2879.902;3599.855;440.938;1277.406;1351.745;1266.816;1241.959;1628.274;2081.948;966.143;209.027;1227.695;0.544;937.416;2600.574;2242.329;3600.227;1991.987;1929.769;2209.329;2833.933;2025.457;2203.504;2474.248;1120.264;3037.008;2138.852;1003.595;575.208;4.980
333,610.5667805671692,332,-564.2899010117865,564.2899010117865,0.06660509569559213,505.731;3573.770;1028.526;3048.544;1695.668;2676.392;2660.643;2097.225;1613.642;18.459;8.696;2861.793;1728.481;967.491;3163.792;1188.234;905.541;1254.714;2452.988;1770.450;1835.512;590.958;1029.027;846.293;1155.286;462.337;402.966;3599.642;3598.598;48.914;520.714;614.909;2573.283;2830.450;-1.736;2047.570;0.833;2185.507;2538.513;3600.114;812.166;3085.161;3198.233;3599.809;7.620;1565.377;3598.876;1435.243;3390.535;1933.959;2689.127;2106.354;-0.798;-1.615;296.713;907.842;3601.126;2741.714;3170.628;2116.358;2320.927;3593.558;3601.474;3599.055;3259.490;354.476;984.486;3.203;1998.336;2801.964;1.401;-0.571;1378.107;745.914;2797.372;1293.544;2462.210;2018.724;2089.521;3599.291;3598.419;-0.447;3000.903;844.174;-1.704;802.516;2080.556;3600.477;1517.959;1.961;3596.348;469.380;1363.960;3137.330;1930.070;1671.035;2714.299;4.759;2126.049;1523.078,3597.063;3121.068;0.553;322.636;1505.437;2369.326;932.425;837.058;3263.236;3424.490;1460.932;3330.984;546.255;328.163;1588.115;2510.851;3092.291;3600.455;2716.269;2824.493;2656.916;2610.265;2849.822;3600.011;1601.370;282.879;590.757;741.055;1206.022;3245.980;0.936;1664.735;3207.526;658.541;197.655;166.761;471.663;3113.571;155.760;477.636;3288.643;2991.547;2007.293;3598.389;0.458;3599.093;2269.017;990.511;3391.805;2466.522;3599.626;0.376;1875.370;1668.521;2433.316;647.302;0.102;1820.190;756.820;3409.889;1709.735;1415.704;2583.995;1713.347;3601.672;2937.643;1911.067;761.565;2281.726;2859.933;2879.496;3601.369;439.527;1279.101;1350.012;1265.062;1240.665;1628.880;2080.205;964.580;210.643;1228.521;-1.065;935.686;2598.913;2243.273;3601.739;1990.433;1928.480;2209.643;2833.650;2023.762;2202.774;2473.817;1121.945;3036.235;2139.649;1005.307;574.373;6.633
334,612.4759755134583,333,-564.27473460584,564.27473460584,0.047200866916526286,506.269;3575.292;1026.814;3049.695;1694.051;2675.009;2659.000;2098.896;1615.248;20.130;7.464;2863.369;1730.061;967.590;3165.116;1186.527;907.187;1256.098;2451.425;1769.397;1835.314;589.259;1029.936;846.923;1157.012;463.788;404.673;3598.673;3599.408;49.996;520.981;613.208;2571.664;2830.188;-0.070;2046.444;0.582;2186.909;2539.986;3600.922;810.788;3086.880;3196.611;3598.414;8.026;1567.099;3599.069;1436.755;3392.266;1934.324;2688.975;2107.770;0.841;-0.013;297.814;906.583;3600.030;2742.845;3170.031;2114.705;2321.861;3594.973;3599.805;3597.750;3257.763;354.853;985.240;1.643;1997.736;2801.900;-0.075;-2.178;1376.520;744.825;2795.861;1291.992;2461.077;2020.074;2090.546;3600.873;3600.085;-0.435;3000.054;844.011;-0.237;801.994;2082.184;3600.003;1519.675;0.603;3595.406;467.895;1365.442;3135.789;1929.055;1669.325;2713.543;5.011;2124.350;1524.806,3598.693;3122.597;-0.148;322.409;1504.666;2370.846;931.827;838.746;3264.873;3422.904;1459.716;3329.663;547.815;329.232;1587.216;2509.154;3091.391;3600.002;2717.515;2824.512;2658.178;2609.331;2849.197;3599.389;1603.096;284.537;592.185;739.574;1204.312;3244.968;-0.370;1663.601;3208.487;659.258;196.310;168.495;470.185;3111.858;154.087;479.285;3288.474;2993.255;2009.004;3599.549;-1.206;3600.079;2270.706;989.416;3391.678;2466.864;3599.664;-0.904;1876.896;1669.403;2435.031;648.165;-1.476;1821.839;757.793;3408.841;1711.452;1417.204;2582.487;1711.706;3600.018;2938.696;1909.373;759.923;2281.173;2861.486;2878.648;3599.777;437.988;1277.524;1349.420;1266.214;1239.049;1628.062;2080.057;962.871;210.281;1227.145;0.591;936.837;2597.251;2244.862;3600.129;1991.871;1929.767;2207.956;2835.212;2024.968;2204.415;2472.521;1120.923;3034.536;2138.949;1003.851;572.673;5.593
335,614.1829962730408,334,-564.2733989013257,564.2733989013257,0.04379345940725032,505.235;3573.799;1026.358;3050.755;1695.157;2673.315;2660.078;2097.962;1614.952;18.704;5.778;2862.962;1731.761;968.097;3165.963;1187.770;908.220;1255.137;2450.271;1768.237;1835.354;588.959;1031.508;848.322;1157.746;465.310;403.856;3599.961;3597.950;51.680;522.504;612.640;2571.132;2829.532;0.961;2044.935;-0.778;2188.515;2541.685;3599.338;809.133;3086.322;3195.605;3599.422;6.448;1567.392;3600.638;1438.390;3393.544;1934.335;2690.316;2108.954;1.184;1.374;296.496;904.922;3599.736;2743.352;3170.023;2115.649;2320.929;3596.646;3599.666;3598.230;3259.015;355.768;986.766;1.372;1997.621;2802.472;0.666;-0.580;1374.869;746.402;2795.088;1290.467;2461.522;2020.754;2091.288;3599.255;3600.919;1.096;2998.716;842.373;0.436;800.413;2081.007;3599.883;1518.300;-0.858;3595.163;466.207;1366.850;3134.796;1929.520;1669.043;2715.200;3.359;2124.282;1526.493,3599.992;3121.384;0.226;323.663;1503.070;2369.479;933.105;840.278;3266.232;3421.202;1461.240;3331.224;549.293;328.057;1585.723;2507.447;3089.714;3598.645;2718.246;2826.112;2659.757;2608.181;2847.562;3601.004;1604.790;283.013;592.765;741.197;1204.839;3246.489;1.118;1663.096;3209.603;660.380;195.080;167.141;470.682;3110.527;155.473;480.747;3286.937;2993.413;2007.491;3601.233;0.366;3601.756;2270.429;987.800;3390.012;2467.004;3600.924;0.565;1878.596;1667.767;2436.635;649.842;0.126;1820.403;756.195;3407.658;1712.963;1416.078;2581.970;1712.140;3600.074;2940.129;1907.664;759.515;2281.168;2862.909;2877.163;3600.421;436.318;1275.824;1350.850;1267.867;1239.286;1628.808;2079.412;963.648;208.625;1228.702;-0.077;938.517;2595.674;2243.230;3600.321;1993.560;1931.027;2206.880;2836.884;2025.922;2206.108;2470.830;1119.339;3033.608;2137.332;1002.222;573.286;4.079
336,616.0567216873169,335,-564.2801112506313,564.2801112506313,0.050571179330696506,506.777;3574.144;1027.454;3049.349;1694.372;2674.603;2658.565;2098.594;1616.532;20.110;4.712;2861.375;1731.459;969.728;3167.592;1188.868;906.942;1253.717;2448.611;1768.020;1835.206;587.639;1030.333;846.825;1159.172;464.181;402.397;3601.568;3599.303;50.466;521.898;611.489;2569.533;2831.100;-0.166;2045.883;0.754;2187.424;2542.425;3599.827;809.981;3087.629;3193.948;3598.503;7.944;1568.969;3599.138;1437.562;3395.088;1934.397;2691.893;2108.070;-0.328;1.577;297.904;905.922;3601.365;2744.182;3171.561;2115.960;2322.445;3595.310;3600.578;3599.803;3259.016;354.218;985.446;2.578;1997.682;2804.115;-0.533;-1.130;1376.355;745.813;2796.491;1291.353;2459.961;2022.381;2090.376;3598.809;3599.277;1.896;3000.252;841.219;1.236;799.117;2082.143;3601.493;1518.591;0.703;3593.532;465.311;1368.434;3133.520;1931.025;1667.568;2714.737;4.034;2123.560;1525.157,3600.582;3122.668;-1.298;325.329;1501.712;2367.827;934.743;838.728;3267.805;3422.124;1461.668;3331.737;550.962;326.392;1584.432;2505.825;3088.505;3600.066;2716.645;2827.367;2659.394;2609.729;2846.316;3599.486;1606.354;284.165;594.297;741.631;1204.357;3248.080;2.310;1664.433;3211.264;658.773;193.416;165.952;469.152;3109.347;156.050;479.413;3285.258;2992.080;2006.722;3599.824;-0.432;3600.223;2271.748;986.913;3388.975;2467.095;3599.345;0.223;1880.066;1666.574;2436.794;650.101;-0.413;1821.859;756.663;3406.130;1714.200;1416.443;2583.464;1713.376;3600.978;2941.803;1906.458;758.493;2281.322;2864.456;2875.494;3599.230;437.604;1275.300;1352.433;1268.662;1240.801;1627.318;2080.177;964.614;207.239;1227.745;-0.970;939.828;2594.422;2242.469;3600.068;1993.871;1929.516;2207.806;2838.431;2027.334;2207.533;2471.930;1117.668;3033.772;2135.843;1000.963;574.105;2.452
337,617.9533741474152,336,-564.2827362018473,564.2827362018473,0.028162775910657915,508.421;3575.748;1029.093;3050.266;1695.350;2676.231;2657.067;2100.221;1615.012;19.101;6.093;2862.460;1730.260;971.390;3166.402;1190.289;908.494;1255.222;2447.305;1766.404;1836.404;588.516;1028.842;846.307;1159.990;462.702;400.742;3600.010;3598.315;50.300;523.482;610.614;2567.918;2829.921;1.259;2044.313;0.013;2189.024;2542.888;3600.746;808.586;3089.271;3194.940;3600.034;6.479;1567.765;3600.016;1438.933;3396.198;1933.440;2690.342;2109.666;0.493;0.053;298.708;907.318;3599.924;2743.286;3170.423;2114.811;2323.708;3596.576;3599.182;3600.214;3257.521;352.582;984.128;1.107;1999.010;2805.773;1.056;0.304;1376.305;744.189;2798.068;1290.121;2458.384;2021.204;2091.765;3598.361;3599.375;0.347;2999.559;839.649;-0.281;800.645;2080.746;3599.887;1520.050;-0.446;3594.992;466.074;1370.090;3131.873;1929.599;1668.664;2713.262;5.647;2124.940;1524.061,3598.978;3123.893;0.275;326.428;1502.646;2369.208;935.058;837.673;3269.240;3423.128;1460.779;3330.188;549.535;327.721;1582.869;2505.982;3089.801;3601.055;2718.010;2827.118;2657.896;2611.105;2847.763;3599.528;1604.926;284.684;595.375;740.289;1205.775;3246.895;2.991;1666.075;3212.044;659.715;191.753;166.742;467.940;3108.218;154.748;477.778;3285.504;2993.560;2008.058;3600.812;0.535;3599.066;2273.390;988.474;3388.887;2467.209;3598.537;-0.202;1878.973;1667.911;2435.583;651.591;0.594;1823.336;757.990;3404.502;1714.991;1418.045;2582.910;1711.869;3599.406;2943.454;1906.018;756.894;2280.206;2866.110;2873.977;3600.544;439.189;1276.721;1351.051;1267.130;1241.009;1626.544;2081.654;964.566;207.719;1226.336;0.594;938.377;2592.817;2244.021;3601.006;1992.525;1931.081;2206.857;2837.044;2027.043;2206.000;2470.549;1116.752;3032.175;2137.417;1002.371;575.730;1.623
338,619.6606776714325,337,-564.3018513489176,564.3018513489176,0.06431570320682901,507.062;3577.337;1030.730;3048.924;1696.948;2677.863;2657.748;2101.437;1615.689;19.850;7.712;2864.054;1728.960;970.140;3167.747;1188.794;909.744;1255.174;2448.833;1764.823;1838.004;586.958;1030.404;844.840;1158.558;461.111;400.646;3599.343;3598.646;49.024;524.633;609.003;2566.283;2831.134;-0.198;2042.968;-1.037;2189.380;2541.654;3599.208;808.561;3090.912;3196.545;3601.664;7.241;1566.398;3601.295;1439.730;3395.181;1932.284;2689.916;2111.147;0.565;-1.583;300.132;905.774;3599.879;2741.679;3168.809;2116.339;2324.624;3597.872;3598.996;3598.623;3256.195;351.685;982.502;-0.014;1999.106;2804.658;2.223;-0.263;1377.827;744.554;2796.549;1288.499;2459.412;2022.714;2091.876;3599.919;3599.059;1.110;3001.066;841.039;-1.913;802.204;2079.120;3599.859;1521.672;1.076;3594.252;464.648;1368.832;3130.443;1930.425;1670.071;2714.731;5.620;2123.546;1525.590,3600.277;3125.515;1.049;325.175;1504.095;2370.829;936.661;836.405;3267.891;3421.765;1462.315;3328.555;548.095;329.269;1584.294;2507.555;3088.673;3599.483;2719.213;2825.525;2656.271;2612.589;2846.275;3600.989;1606.056;283.259;593.796;741.732;1204.245;3246.036;1.427;1664.735;3213.648;658.589;190.246;168.328;468.724;3109.793;155.811;476.138;3284.026;2992.056;2009.683;3599.307;2.069;3599.898;2275.012;988.909;3390.478;2467.136;3598.088;-1.639;1880.537;1666.464;2437.160;650.560;-0.899;1822.278;759.616;3402.862;1716.600;1419.478;2581.307;1710.240;3599.971;2944.489;1904.420;755.256;2280.912;2867.749;2872.353;3602.114;440.808;1278.333;1349.442;1266.214;1239.560;1624.940;2083.250;962.966;209.309;1227.140;-0.273;936.751;2591.190;2243.487;3599.462;1990.912;1929.920;2205.246;2835.676;2025.459;2206.495;2468.920;1115.228;3030.642;2136.591;1003.724;574.366;0.034
339,621.5212650299072,338,-564.2624268594906,564.2624268594906,0.028544852024024042,505.569;3576.247;1031.182;3047.398;1695.717;2676.930;2659.264;2100.037;1616.609;21.051;6.936;2863.744;1728.171;968.681;3169.353;1190.257;908.291;1253.718;2447.433;1765.391;1837.995;586.776;1029.041;845.928;1157.061;461.488;401.968;3600.411;3597.449;47.421;523.451;607.875;2566.036;2829.605;-0.240;2043.976;0.434;2190.942;2543.219;3598.848;810.087;3090.818;3197.972;3600.128;7.542;1567.873;3599.745;1439.351;3396.646;1930.880;2691.448;2109.949;-0.220;-0.250;298.958;904.482;3600.731;2740.540;3170.036;2117.285;2326.206;3596.577;3597.736;3598.971;3257.730;353.133;983.754;1.521;2000.580;2803.218;3.452;0.310;1376.651;746.071;2795.874;1289.785;2460.991;2023.522;2090.609;3599.773;3599.971;2.050;3000.263;839.867;-0.402;801.327;2079.710;3600.554;1520.193;1.693;3595.558;463.040;1368.303;3128.843;1931.996;1671.658;2714.605;4.054;2121.971;1526.871,3599.044;3124.200;1.979;323.580;1505.693;2370.384;938.015;834.802;3268.383;3423.310;1463.357;3327.074;546.728;328.146;1585.838;2508.528;3087.151;3600.166;2720.812;2826.086;2657.481;2611.051;2847.564;3599.486;1604.656;281.770;592.473;740.285;1204.786;3244.544;-0.183;1663.160;3215.253;660.095;188.747;169.759;470.312;3111.242;154.319;475.884;3285.465;2990.495;2011.283;3597.887;3.644;3599.473;2273.518;987.350;3391.032;2465.574;3599.428;-0.082;1881.274;1665.588;2437.773;652.016;0.393;1820.682;759.184;3404.408;1715.260;1418.023;2582.321;1709.016;3601.536;2946.024;1905.638;755.329;2282.398;2867.348;2872.383;3600.574;440.965;1279.829;1347.913;1264.664;1241.112;1626.342;2084.749;963.600;208.958;1228.648;1.106;937.134;2591.476;2242.238;3599.758;1990.447;1928.400;2205.529;2834.099;2023.842;2205.216;2467.395;1116.589;3031.901;2135.028;1005.306;572.872;1.543
340,623.420027256012,339,-564.2988468906806,564.2988468906806,0.05427616703804384,506.302;3576.236;1031.990;3047.565;1696.996;2675.367;2658.178;2099.108;1615.074;22.620;8.416;2862.227;1729.707;967.258;3169.817;1191.640;909.677;1254.872;2446.118;1764.025;1839.118;587.306;1028.833;847.287;1155.470;462.126;400.488;3598.982;3595.880;45.830;524.971;606.355;2567.221;2828.156;1.011;2042.536;-0.947;2192.534;2544.733;3600.186;808.768;3089.286;3197.014;3600.513;6.085;1566.860;3599.257;1437.824;3395.985;1929.689;2692.807;2111.315;1.314;-1.354;297.411;904.332;3599.221;2741.834;3171.338;2118.853;2324.769;3598.010;3599.135;3600.339;3259.118;353.473;984.849;0.099;2002.165;2802.918;4.754;-0.446;1375.160;747.447;2797.297;1289.914;2462.572;2022.487;2091.887;3601.020;3601.540;0.583;2998.784;838.289;0.093;800.429;2078.236;3599.071;1518.680;1.468;3597.142;461.706;1369.817;3129.379;1933.278;1673.247;2716.112;5.533;2121.955;1528.450,3600.406;3123.239;2.633;323.200;1505.663;2371.862;939.326;836.017;3267.761;3422.104;1462.868;3328.062;545.246;329.255;1586.927;2510.070;3085.680;3599.752;2721.037;2825.069;2658.474;2610.477;2848.747;3599.949;1603.228;280.191;590.959;739.235;1206.308;3243.151;-1.742;1662.088;3214.175;661.250;188.262;171.343;471.711;3112.185;153.101;476.891;3284.948;2991.821;2012.869;3597.018;5.205;3600.948;2272.549;986.754;3389.651;2464.590;3601.012;-0.926;1881.818;1664.560;2438.062;653.542;-0.193;1819.086;757.696;3403.745;1715.558;1417.561;2580.959;1708.261;3600.231;2944.974;1905.011;753.845;2282.587;2865.968;2873.872;3600.614;439.438;1281.411;1346.880;1263.524;1240.149;1627.913;2083.320;965.149;210.278;1230.215;-0.006;937.046;2590.444;2243.381;3601.296;1988.903;1928.466;2206.993;2832.527;2022.833;2203.660;2468.769;1115.681;3032.692;2133.576;1006.890;571.524;1.138
341,625.3469543457031,340,-564.2882922974351,564.2882922974351,0.027696914446989723,505.781;3574.860;1030.487;3048.923;1698.237;2676.696;2658.251;2097.745;1615.050;22.483;7.496;2863.614;1731.268;965.691;3168.469;1190.645;910.832;1253.429;2444.907;1765.428;1837.651;585.807;1030.330;848.849;1153.936;463.631;401.868;3599.440;3596.711;44.789;525.023;607.798;2568.778;2828.493;-0.111;2041.110;0.407;2192.067;2544.941;3599.126;807.213;3088.693;3195.631;3600.500;6.295;1567.095;3599.474;1439.278;3394.453;1929.741;2691.694;2112.611;0.781;0.001;295.840;905.428;3599.252;2743.281;3170.101;2119.009;2324.941;3599.089;3600.484;3599.876;3259.876;354.975;986.089;-0.833;2001.399;2801.419;3.372;1.067;1373.914;749.013;2797.804;1291.257;2463.687;2023.011;2093.446;3599.514;3600.140;1.578;2998.402;838.192;-0.362;798.896;2078.705;3599.424;1517.387;0.927;3598.684;463.002;1368.597;3130.010;1931.914;1671.917;2714.697;5.937;2123.411;1529.911,3599.348;3121.756;1.156;323.486;1505.337;2373.401;937.886;837.558;3266.229;3422.685;1463.878;3326.750;543.681;330.803;1586.788;2511.643;3084.152;3601.025;2721.205;2824.905;2656.958;2611.937;2850.038;3600.887;1602.110;278.828;589.846;740.100;1204.926;3241.585;-0.255;1663.307;3214.639;662.790;189.670;170.053;473.199;3113.716;151.542;475.506;3283.840;2990.820;2012.414;3598.399;3.884;3599.550;2273.754;988.237;3390.822;2464.914;3599.555;0.435;1880.347;1663.490;2436.596;654.986;0.973;1818.425;757.153;3403.979;1715.398;1418.967;2580.114;1707.445;3599.826;2943.510;1903.512;753.951;2284.093;2867.039;2875.367;3599.275;438.016;1282.894;1345.724;1264.387;1240.724;1629.331;2082.672;964.663;208.871;1228.719;-0.795;935.540;2591.838;2244.937;3599.823;1987.494;1929.954;2205.525;2833.827;2021.490;2203.895;2469.053;1114.658;3031.376;2132.039;1007.538;573.011;1.197
342,627.0639953613281,341,-564.3245371951095,564.3245371951095,0.043522958813170025,507.134;3573.335;1030.807;3047.541;1699.774;2677.535;2659.751;2097.741;1613.820;22.113;8.068;2863.856;1732.622;965.530;3167.279;1191.310;911.963;1252.165;2444.434;1766.975;1836.104;586.261;1031.358;847.629;1153.022;465.181;401.752;3600.697;3597.880;44.070;526.452;607.307;2570.142;2827.035;-1.417;2041.094;0.074;2193.018;2544.947;3599.005;806.135;3087.270;3196.672;3601.825;4.815;1565.662;3600.798;1440.811;3392.901;1928.307;2691.415;2112.323;0.182;0.192;294.394;903.957;3598.034;2744.315;3170.118;2120.508;2323.949;3599.904;3599.050;3601.298;3261.397;355.038;987.608;0.524;2002.621;2802.475;4.530;1.650;1375.202;749.992;2799.312;1289.843;2465.195;2021.521;2094.702;3599.112;3599.901;0.533;2999.683;836.712;0.267;798.785;2077.354;3599.167;1517.674;2.179;3600.158;461.655;1367.242;3128.510;1932.473;1672.519;2715.002;6.977;2124.960;1529.550,3599.417;3120.207;-0.380;324.967;1503.874;2374.849;938.549;837.982;3267.481;3423.156;1462.469;3328.019;542.966;331.294;1585.343;2511.329;3082.611;3599.532;2719.723;2826.341;2655.828;2611.887;2848.763;3599.496;1603.225;277.397;588.369;741.578;1203.701;3241.681;0.797;1664.752;3213.395;664.074;191.002;168.662;474.402;3115.108;150.879;473.961;3282.574;2990.477;2012.099;3599.085;2.591;3599.987;2272.927;988.889;3392.344;2464.917;3599.689;-0.039;1878.834;1661.960;2437.888;656.505;0.553;1816.953;755.694;3402.543;1716.832;1418.279;2578.627;1705.929;3601.016;2942.130;1901.962;755.327;2285.592;2865.841;2876.855;3598.882;436.571;1282.633;1347.171;1265.914;1239.704;1630.836;2081.151;965.174;209.716;1227.882;0.663;935.676;2592.760;2244.156;3600.413;1988.496;1930.659;2204.168;2835.230;2022.876;2205.341;2470.519;1116.052;3030.753;2130.550;1007.972;573.973;-0.210
343,628.9344482421875,342,-564.3453684603874,564.3453684603874,0.05585611053687815,508.470;3574.642;1029.408;3048.172;1701.298;2679.009;2661.267;2099.232;1612.302;23.070;7.494;2865.330;1731.910;964.049;3165.787;1189.906;913.477;1250.645;2445.915;1768.499;1834.583;587.665;1032.783;848.602;1151.515;463.873;403.132;3599.239;3596.476;42.802;525.535;605.926;2569.859;2825.846;0.054;2042.553;-1.129;2191.786;2543.458;3600.486;804.705;3087.166;3195.264;3600.360;3.446;1566.970;3599.354;1439.805;3391.870;1929.757;2689.949;2111.108;-1.207;0.854;293.117;905.312;3598.852;2745.826;3168.637;2122.034;2322.439;3601.407;3600.151;3599.838;3260.332;356.202;989.121;1.408;2001.307;2801.014;3.201;2.290;1373.788;750.584;2799.171;1288.587;2466.495;2022.197;2096.011;3599.520;3600.866;1.944;3001.149;837.672;-1.194;799.791;2076.133;3600.447;1516.339;3.698;3600.196;460.565;1365.790;3129.762;1931.044;1674.018;2713.590;8.172;2126.017;1530.857,3600.875;3119.049;-0.360;324.461;1502.455;2376.332;940.006;836.573;3266.018;3422.044;1460.953;3326.720;541.469;332.777;1586.813;2512.775;3081.161;3599.436;2718.195;2827.842;2654.324;2613.366;2847.246;3600.586;1602.336;275.870;586.853;743.091;1202.872;3240.635;-0.336;1666.253;3211.876;665.546;192.514;168.828;475.913;3116.625;150.890;472.918;3281.059;2989.454;2011.891;3600.585;1.086;3601.470;2271.667;990.154;3392.917;2466.410;3599.218;-1.285;1879.350;1660.434;2439.162;655.728;-0.088;1815.431;754.174;3401.148;1716.472;1416.787;2577.106;1704.399;3599.633;2940.607;1900.617;756.845;2286.818;2867.207;2878.378;3600.064;435.043;1284.104;1346.097;1267.438;1238.209;1632.365;2079.621;966.670;211.220;1226.477;-0.511;934.197;2593.857;2245.191;3601.570;1987.128;1929.207;2203.084;2836.648;2021.613;2206.810;2472.048;1116.012;3032.238;2131.446;1009.427;575.463;1.257
344,630.8289544582367,343,-564.3047505432403,564.3047505432403,0.038511653673600516,507.047;3576.131;1029.142;3049.621;1700.670;2680.492;2662.711;2100.137;1611.049;21.742;6.038;2865.798;1733.228;963.361;3164.278;1188.431;914.556;1249.812;2447.234;1767.637;1833.207;586.452;1034.153;847.233;1150.482;464.708;404.563;3600.118;3597.815;41.400;524.220;606.985;2570.935;2824.733;0.179;2043.746;0.305;2190.294;2542.587;3599.185;803.826;3088.440;3196.083;3600.162;1.998;1566.247;3599.527;1438.772;3391.524;1931.256;2688.469;2109.669;0.247;1.650;291.859;904.886;3600.294;2747.202;3168.497;2122.117;2322.930;3600.023;3599.093;3599.614;3258.876;357.697;988.276;0.901;2000.068;2800.157;2.772;3.318;1372.743;749.237;2799.807;1288.680;2465.656;2020.857;2094.729;3598.164;3599.448;2.515;3001.660;839.115;0.184;801.280;2077.322;3599.102;1517.703;3.624;3598.817;461.450;1365.061;3131.070;1929.891;1675.528;2713.602;6.859;2125.059;1529.561,3599.532;3120.046;-1.581;323.194;1501.276;2376.480;939.367;837.327;3265.699;3423.384;1460.435;3327.654;540.190;332.860;1585.995;2513.757;3080.824;3600.198;2717.120;2827.791;2653.305;2613.212;2848.294;3599.359;1603.645;276.174;585.881;743.473;1201.390;3239.144;0.389;1665.150;3210.391;667.016;192.822;170.029;476.559;3117.457;150.424;471.508;3280.896;2990.876;2013.062;3599.331;1.700;3600.107;2270.379;991.531;3394.372;2467.826;3597.953;0.136;1878.252;1661.106;2437.774;657.165;-1.557;1816.429;752.998;3402.468;1716.047;1417.811;2577.677;1705.272;3599.056;2939.579;1900.973;757.265;2288.293;2868.444;2877.757;3601.540;435.035;1284.233;1345.337;1266.651;1238.519;1633.476;2078.566;967.932;210.425;1225.361;0.704;933.953;2595.338;2246.676;3600.136;1985.699;1928.922;2204.040;2836.291;2020.234;2205.539;2473.223;1116.282;3032.157;2131.152;1009.890;575.790;1.178
345,632.7503275871277,344,-564.3384943143649,564.3384943143649,0.02437136657549486,507.415;3575.424;1028.352;3050.221;1701.922;2680.155;2664.190;2098.882;1611.686;23.025;4.922;2865.028;1732.241;964.703;3164.167;1189.670;915.899;1251.159;2446.078;1767.096;1832.867;587.832;1032.768;847.366;1149.129;464.094;403.431;3601.204;3598.526;39.916;523.314;608.334;2572.402;2825.824;-0.518;2045.220;0.351;2191.538;2541.287;3599.508;804.651;3087.260;3197.326;3599.075;2.323;1564.874;3600.830;1438.114;3392.959;1931.386;2687.178;2108.182;-0.395;0.728;290.380;903.564;3599.236;2748.599;3167.955;2120.955;2321.695;3599.644;3599.346;3600.341;3259.792;356.910;989.689;-0.243;2001.212;2798.988;3.256;1.915;1371.289;750.512;2798.577;1290.119;2464.194;2020.456;2093.272;3598.369;3599.871;1.665;3000.885;837.924;1.172;800.991;2078.641;3598.408;1516.483;2.207;3600.092;462.818;1366.211;3132.349;1929.851;1676.415;2712.558;5.785;2123.591;1528.150,3599.640;3120.993;-0.138;321.716;1502.689;2375.043;938.549;836.217;3264.704;3422.648;1459.774;3329.053;541.204;331.437;1584.586;2512.416;3082.245;3600.071;2718.337;2828.536;2654.016;2612.016;2849.132;3599.033;1602.257;276.118;587.088;742.530;1201.426;3240.467;0.217;1663.689;3211.611;666.016;191.565;171.465;475.694;3116.457;148.967;472.384;3282.295;2989.555;2014.534;3599.731;2.230;3599.037;2268.902;990.120;3393.004;2467.248;3599.328;-0.214;1876.973;1662.471;2436.377;658.424;-0.121;1817.863;753.501;3403.948;1714.591;1417.213;2579.094;1706.699;3600.337;2939.229;1902.422;758.568;2287.079;2867.141;2877.648;3600.126;435.771;1282.852;1346.740;1265.241;1239.960;1632.193;2079.589;969.342;209.351;1226.782;1.811;935.352;2596.723;2245.516;3599.388;1987.009;1927.861;2205.454;2837.118;2019.032;2206.116;2474.658;1117.736;3033.301;2129.698;1008.726;575.089;-0.198
346,634.4681692123413,345,-564.3581996358059,564.3581996358059,0.03220830086383855,508.589;3575.613;1027.049;3051.660;1700.694;2680.419;2665.639;2099.960;1612.050;24.485;3.557;2866.388;1732.670;964.181;3162.855;1190.377;917.307;1252.065;2445.483;1766.548;1832.309;588.893;1033.338;848.751;1147.833;462.698;402.645;3599.809;3599.937;38.461;524.700;608.632;2571.435;2826.940;0.762;2045.728;0.541;2192.194;2540.237;3600.747;803.250;3087.779;3198.784;3600.395;0.964;1563.410;3599.519;1439.440;3391.892;1931.720;2685.717;2106.938;0.640;-0.152;290.596;903.438;3599.363;2747.588;3166.517;2122.352;2322.953;3598.688;3600.773;3599.235;3260.596;355.482;989.460;1.156;2002.418;2797.632;1.875;0.748;1370.683;749.312;2799.840;1291.112;2462.744;2021.741;2093.059;3599.784;3600.600;0.349;2999.442;836.794;0.101;799.574;2077.271;3597.330;1515.395;0.911;3600.790;461.848;1365.042;3133.600;1928.427;1677.138;2711.110;4.343;2124.914;1529.223,3598.505;3122.440;-0.336;320.305;1503.691;2375.893;937.165;834.786;3263.260;3421.823;1461.167;3328.225;541.156;330.084;1584.975;2511.459;3081.198;3599.930;2718.133;2829.699;2652.917;2613.300;2848.103;3600.431;1602.312;275.386;586.417;743.884;1202.829;3241.910;-1.187;1663.569;3212.314;664.638;190.195;170.138;476.812;3117.045;147.515;472.810;3281.146;2988.156;2013.264;3601.083;1.551;3599.916;2267.461;988.773;3393.580;2468.528;3598.723;0.950;1875.515;1661.235;2436.280;659.846;0.720;1818.701;752.205;3405.240;1714.026;1415.774;2579.516;1706.799;3599.092;2938.809;1901.884;760.025;2288.243;2867.807;2876.628;3599.292;434.424;1281.884;1348.061;1265.695;1241.402;1632.557;2078.382;970.480;207.939;1225.894;1.607;936.548;2596.059;2245.598;3600.194;1987.739;1926.410;2206.112;2838.561;2019.447;2207.526;2476.032;1119.175;3034.754;2130.056;1010.101;576.487;1.089
347,636.3528873920441,346,-564.3568875469809,564.3568875469809,0.04358181954584059,510.017;3574.209;1027.518;3050.609;1699.272;2681.610;2664.473;2101.392;1613.438;23.957;2.467;2865.651;1734.085;964.232;3162.549;1191.795;915.926;1251.077;2446.876;1765.397;1833.387;587.522;1034.480;847.440;1146.392;461.467;401.227;3598.377;3598.666;37.303;523.663;607.308;2570.228;2825.573;0.493;2046.082;1.917;2193.601;2541.614;3602.164;804.567;3086.625;3198.107;3599.553;1.443;1564.176;3598.507;1440.334;3390.688;1930.372;2686.844;2107.766;-0.707;1.239;291.979;904.843;3600.775;2746.909;3165.562;2123.537;2324.288;3598.892;3599.489;3600.418;3262.017;356.606;988.117;-0.163;2003.853;2796.188;0.723;-0.678;1371.913;747.876;2801.267;1292.416;2463.597;2020.608;2094.415;3601.211;3599.207;1.607;3000.785;835.470;-1.168;798.128;2076.594;3598.723;1516.610;2.206;3599.402;463.183;1366.434;3132.608;1929.331;1675.955;2709.663;5.351;2123.748;1528.085,3599.518;3121.079;0.865;320.732;1504.934;2375.937;935.776;833.339;3264.458;3423.188;1460.061;3326.860;541.275;331.301;1585.629;2511.888;3079.767;3598.571;2719.479;2829.606;2653.580;2612.193;2849.379;3599.274;1603.497;273.970;587.104;745.311;1204.270;3242.543;0.185;1662.187;3213.642;665.922;191.353;168.719;475.645;3117.817;146.649;471.399;3282.350;2987.774;2013.577;3599.776;0.131;3600.125;2268.670;989.721;3392.266;2467.226;3600.110;-0.135;1876.418;1662.489;2435.538;658.567;-0.213;1817.448;751.826;3403.958;1712.635;1416.533;2578.243;1705.696;3600.438;2940.209;1903.090;761.158;2289.085;2869.214;2877.987;3600.182;435.498;1283.246;1346.771;1264.342;1242.831;1633.624;2078.157;969.086;207.196;1225.671;0.280;935.247;2594.797;2246.609;3599.087;1986.509;1926.855;2207.532;2837.293;2018.063;2206.258;2474.758;1118.421;3035.865;2131.468;1009.008;577.146;0.877
348,638.2632939815521,347,-564.3632032742225,564.3632032742225,0.05213007339234961,508.748;3572.878;1028.915;3049.944;1700.466;2680.257;2665.566;2100.533;1614.739;25.265;1.070;2866.856;1734.782;962.862;3163.862;1191.049;915.311;1249.667;2448.250;1766.276;1832.779;587.424;1033.459;848.032;1145.064;462.661;401.821;3597.959;3597.524;36.015;523.152;605.885;2571.373;2826.768;0.046;2044.934;0.891;2194.652;2541.179;3601.397;804.670;3085.213;3199.353;3600.622;1.582;1563.918;3597.895;1438.999;3389.300;1931.262;2688.114;2106.869;0.151;2.665;290.971;904.309;3599.714;2746.824;3166.106;2124.941;2323.036;3600.219;3599.282;3599.131;3262.873;358.019;989.378;-1.379;2002.725;2794.937;-0.692;0.560;1370.764;748.414;2800.048;1291.079;2464.875;2021.879;2095.667;3600.455;3600.041;3.009;3000.055;836.314;0.163;796.718;2075.193;3600.092;1516.363;2.719;3599.663;461.859;1365.670;3133.313;1930.587;1676.530;2710.462;6.759;2124.591;1529.118,3600.908;3120.658;0.057;319.385;1505.815;2374.668;937.136;833.243;3263.207;3422.183;1461.221;3325.521;540.326;332.185;1587.029;2512.043;3078.360;3599.736;2718.714;2830.817;2654.659;2611.812;2848.023;3600.207;1604.844;272.546;585.742;746.526;1204.768;3242.479;-0.688;1662.044;3213.115;666.368;192.769;167.296;476.970;3119.217;148.019;471.780;3281.915;2986.440;2014.927;3600.822;-1.222;3601.512;2267.479;988.541;3392.307;2467.836;3600.818;-0.913;1877.795;1661.354;2436.887;657.286;0.930;1816.696;750.430;3403.997;1713.622;1415.177;2576.823;1704.288;3599.807;2939.051;1902.839;762.573;2290.331;2868.271;2879.411;3599.120;434.313;1283.848;1345.673;1265.307;1241.688;1635.037;2079.124;968.755;208.543;1224.596;-1.137;933.936;2596.001;2245.233;3600.385;1987.613;1925.510;2208.924;2838.271;2016.637;2207.512;2473.470;1119.538;3037.188;2131.053;1007.594;575.883;1.789
349,639.9769525527954,348,-564.3198557194642,564.3198557194642,0.031287751938595565,508.842;3572.767;1027.645;3048.563;1699.539;2680.143;2664.551;2100.983;1613.549;24.317;2.295;2868.252;1736.051;961.508;3165.038;1192.181;916.043;1248.888;2447.427;1767.636;1831.406;586.089;1034.601;849.127;1143.783;461.734;403.039;3598.379;3598.541;34.702;521.793;606.858;2570.026;2826.837;-1.084;2046.189;0.425;2194.808;2542.500;3600.358;803.650;3084.586;3199.732;3599.591;0.265;1565.269;3596.709;1440.308;3390.358;1931.818;2689.469;2107.835;1.236;1.489;289.958;904.810;3599.325;2745.613;3164.797;2126.204;2323.850;3598.973;3599.349;3600.046;3261.983;357.756;988.218;-0.089;2003.273;2793.624;0.589;1.938;1369.415;748.683;2801.244;1291.175;2463.654;2023.280;2096.935;3599.258;3600.409;1.738;3001.319;835.055;-0.342;795.405;2075.691;3600.817;1516.343;4.071;3600.998;461.847;1366.066;3132.059;1931.976;1675.394;2709.548;6.413;2124.122;1528.119,3599.566;3120.027;-0.501;319.780;1507.200;2373.302;938.402;832.070;3263.683;3423.523;1459.878;3324.119;538.944;333.337;1587.950;2510.676;3077.449;3601.127;2719.993;2832.215;2655.780;2613.167;2847.044;3599.150;1605.796;272.969;584.932;747.762;1203.679;3243.684;0.037;1662.990;3214.470;667.586;193.232;165.888;478.081;3120.223;149.024;472.370;3280.578;2985.056;2013.666;3600.301;0.013;3600.260;2268.480;988.554;3391.693;2469.071;3599.514;0.440;1879.097;1660.651;2437.195;656.499;1.256;1817.883;749.167;3404.331;1713.012;1414.711;2576.218;1702.889;3599.586;2940.333;1902.844;763.466;2289.071;2867.016;2878.577;3599.307;432.953;1284.098;1344.282;1265.691;1242.461;1634.358;2077.819;969.736;207.407;1225.952;0.048;933.050;2594.798;2244.441;3600.054;1988.771;1925.907;2208.306;2837.374;2015.521;2208.601;2474.304;1118.226;3037.250;2132.123;1007.469;577.081;3.148
350,641.8568949699402,349,-564.3145830608535,564.3145830608535,0.028858022202293682,510.159;3571.439;1026.328;3049.604;1698.272;2678.810;2663.217;2099.695;1612.173;25.071;1.633;2869.641;1737.433;961.208;3165.976;1193.525;915.395;1250.102;2447.517;1767.782;1830.361;585.094;1034.325;850.501;1142.433;460.427;404.401;3598.235;3597.319;35.898;520.439;608.222;2568.992;2825.691;0.264;2046.179;0.161;2196.024;2541.507;3600.010;802.278;3084.874;3201.055;3600.648;1.531;1564.315;3595.923;1441.562;3389.340;1930.819;2690.022;2109.205;0.583;2.694;288.590;905.428;3600.505;2746.957;3165.582;2127.529;2322.568;3600.234;3599.021;3601.244;3262.250;358.967;987.475;-0.265;2002.674;2792.240;-0.260;0.667;1368.046;749.986;2802.613;1292.146;2462.834;2023.655;2098.317;3598.684;3599.574;0.990;3000.125;836.188;0.133;796.035;2074.564;3599.485;1517.661;3.222;3599.848;463.097;1367.345;3133.287;1932.890;1676.472;2710.730;5.658;2125.345;1526.777,3599.706;3119.376;-0.132;318.857;1508.371;2374.425;938.222;833.333;3262.515;3424.879;1460.820;3322.771;537.556;334.269;1587.447;2511.591;3078.586;3599.804;2721.367;2832.196;2654.478;2612.689;2848.273;3600.286;1604.505;272.964;583.569;746.945;1202.306;3245.063;0.852;1661.678;3215.816;668.965;191.939;164.879;479.453;3121.581;147.730;471.393;3281.198;2983.668;2014.221;3598.957;-0.699;3599.030;2269.230;989.882;3393.032;2468.149;3598.467;1.308;1879.523;1659.801;2435.854;657.837;-0.052;1818.805;749.962;3405.687;1713.787;1415.251;2577.526;1701.922;3600.878;2941.613;1904.142;764.780;2288.245;2867.186;2877.219;3600.655;431.576;1285.433;1342.911;1264.359;1243.818;1633.343;2077.056;969.998;206.065;1225.686;1.308;934.259;2595.827;2245.720;3598.739;1987.458;1925.184;2209.369;2838.350;2014.186;2207.355;2475.664;1116.891;3035.902;2131.286;1008.768;578.457;4.527
351,643.763265132904,350,-564.3007056342265,564.3007056342265,0.04094715609413025,511.411;3570.077;1025.800;3050.187;1697.260;2677.443;2662.093;2098.440;1612.319;26.414;1.357;2869.682;1738.792;962.318;3164.647;1194.827;914.061;1250.807;2447.053;1766.625;1831.500;583.911;1032.994;851.843;1142.256;459.074;405.715;3599.120;3596.709;34.589;521.131;609.528;2569.517;2824.333;0.021;2047.337;-1.175;2194.717;2541.127;3600.077;801.090;3085.419;3202.375;3599.850;1.479;1565.209;3597.206;1441.679;3388.440;1932.105;2691.358;2108.241;-0.684;2.561;289.130;906.770;3599.529;2748.290;3166.928;2128.878;2323.561;3601.127;3600.346;3599.935;3263.522;360.318;986.130;0.085;2001.332;2791.403;-0.383;-0.590;1366.823;748.801;2803.978;1293.498;2461.535;2022.370;2098.486;3597.913;3600.098;0.629;2998.938;836.891;-1.000;796.386;2073.644;3599.961;1518.890;1.876;3600.853;464.119;1368.709;3134.416;1932.919;1675.259;2712.008;4.491;2126.706;1525.749,3598.746;3118.033;-1.450;320.152;1507.442;2375.754;936.930;832.347;3263.789;3423.752;1461.848;3322.720;536.334;335.571;1586.155;2510.375;3077.831;3599.042;2720.990;2833.509;2653.449;2613.955;2849.568;3599.723;1605.607;274.257;582.896;747.597;1203.408;3246.432;2.191;1662.660;3215.185;670.316;190.992;163.526;480.789;3121.194;147.428;470.041;3282.473;2984.371;2012.933;3599.989;-0.942;3599.546;2270.421;991.240;3393.419;2468.186;3598.405;2.463;1878.561;1659.878;2434.492;658.555;0.604;1817.532;748.677;3406.051;1712.474;1414.175;2578.178;1700.571;3599.649;2942.865;1902.859;765.514;2288.643;2868.487;2877.847;3599.413;432.158;1284.223;1341.630;1265.281;1245.186;1634.511;2075.713;971.333;204.699;1224.574;2.407;935.081;2597.063;2246.541;3598.320;1988.525;1926.496;2210.624;2837.387;2013.997;2206.100;2476.572;1117.898;3035.243;2132.583;1007.857;579.380;5.878
352,645.4766824245453,351,-564.2662412262059,564.2662412262059,0.03839722807815606,511.234;3571.056;1024.563;3051.506;1695.926;2676.229;2660.838;2097.288;1613.614;26.392;0.811;2870.957;1740.119;961.090;3163.578;1193.813;914.176;1252.132;2445.741;1767.920;1830.506;582.647;1032.801;852.890;1143.554;460.336;407.045;3600.450;3597.915;34.607;522.417;610.623;2568.413;2822.998;1.135;2048.669;0.053;2193.433;2539.977;3598.775;799.805;3086.740;3203.723;3599.378;0.166;1563.988;3598.011;1442.395;3389.626;1932.299;2690.147;2106.909;0.539;2.875;289.586;907.756;3598.456;2749.504;3168.145;2127.963;2324.887;3599.862;3600.393;3599.556;3262.327;360.221;986.983;-1.164;1999.999;2792.187;-0.527;0.308;1365.826;747.646;2804.495;1292.625;2460.191;2021.220;2099.738;3596.719;3601.409;1.485;2997.745;837.142;0.271;797.696;2074.934;3601.179;1520.167;1.229;3599.644;465.438;1369.642;3135.587;1933.762;1673.995;2713.241;3.201;2127.650;1526.913,3598.865;3118.480;-0.175;321.354;1506.115;2377.102;935.592;833.575;3264.333;3424.160;1461.413;3321.905;535.121;336.911;1585.464;2509.262;3076.539;3599.649;2720.681;2834.843;2652.114;2615.097;2850.821;3600.677;1606.494;273.174;581.609;748.910;1202.880;3246.115;3.304;1663.914;3213.873;671.620;189.788;164.303;482.069;3120.833;146.200;468.788;3283.635;2985.615;2013.916;3601.165;0.370;3600.181;2270.189;992.437;3392.224;2469.301;3597.827;1.353;1877.415;1661.184;2433.691;659.803;-0.451;1816.408;747.493;3404.991;1713.061;1415.361;2576.935;1699.232;3599.300;2942.464;1901.639;766.838;2287.353;2869.833;2879.129;3599.181;430.880;1283.044;1340.308;1264.625;1245.595;1635.851;2074.413;970.969;204.450;1223.258;3.614;936.347;2596.501;2247.793;3599.595;1988.887;1927.803;2209.443;2838.617;2013.610;2205.209;2477.835;1119.193;3034.252;2132.307;1006.572;578.735;6.664
353,647.3322532176971,352,-564.2299941768122,564.2299941768122,0.022402165089871685,512.501;3572.358;1023.238;3052.762;1694.609;2677.059;2659.854;2098.474;1614.795;25.464;0.426;2872.164;1741.370;959.774;3164.605;1192.526;914.963;1253.029;2444.416;1768.089;1830.372;581.330;1034.076;853.848;1144.839;461.629;407.482;3599.236;3596.698;34.522;521.250;611.430;2567.099;2822.194;1.593;2049.973;-0.828;2192.668;2541.154;3600.032;798.488;3088.059;3204.923;3600.168;0.731;1564.188;3596.846;1443.558;3390.943;1932.654;2688.835;2105.622;1.153;2.219;290.861;906.537;3597.149;2748.850;3167.372;2126.699;2326.195;3600.330;3599.123;3599.427;3261.020;358.940;988.256;0.088;1999.341;2793.493;0.759;1.076;1366.865;746.541;2804.148;1291.331;2458.861;2022.156;2099.218;3598.003;3600.137;1.975;2998.846;835.913;0.483;799.024;2076.256;3599.920;1521.463;2.374;3599.521;464.461;1370.057;3135.999;1932.481;1672.678;2712.037;1.876;2126.604;1525.679,3599.340;3119.776;-0.182;320.706;1506.434;2378.177;935.650;834.893;3263.148;3425.111;1460.325;3320.599;534.104;335.909;1586.640;2508.043;3075.914;3600.934;2721.947;2836.088;2652.182;2615.998;2851.638;3599.398;1605.307;271.873;580.813;750.190;1201.789;3247.130;2.176;1662.915;3213.062;672.685;190.557;165.506;483.387;3122.059;144.880;467.526;3283.115;2984.416;2015.182;3599.949;-0.046;3599.020;2268.891;991.323;3391.068;2470.532;3596.524;0.124;1876.099;1661.593;2433.839;660.987;0.814;1816.675;746.459;3406.208;1714.347;1414.166;2575.821;1698.704;3599.737;2941.208;1902.766;768.165;2286.056;2870.998;2880.317;3600.197;429.623;1283.841;1339.785;1263.321;1244.482;1636.796;2073.778;969.778;205.586;1222.329;4.804;937.671;2596.479;2248.846;3600.863;1987.690;1928.786;2209.932;2839.923;2012.310;2206.279;2479.161;1118.070;3032.992;2131.041;1007.433;579.903;7.308
354,649.2101256847382,353,-564.246992004842,564.246992004842,0.03177502034534772,513.809;3573.500;1024.124;3053.821;1694.969;2677.975;2661.006;2099.556;1613.559;26.645;1.621;2873.355;1742.646;959.501;3164.117;1192.236;915.364;1252.217;2444.017;1766.842;1831.647;582.460;1033.602;854.711;1145.500;460.475;406.218;3599.480;3595.504;33.261;522.468;612.718;2567.862;2820.916;1.434;2048.777;0.262;2193.908;2540.005;3600.419;797.335;3089.356;3204.161;3598.995;-0.490;1563.009;3598.062;1444.383;3391.711;1931.384;2687.980;2106.841;2.182;0.935;292.149;907.763;3596.080;2750.028;3166.260;2126.475;2326.050;3601.440;3598.960;3600.483;3260.354;357.967;987.724;0.155;2000.552;2793.176;2.043;0.183;1365.801;745.241;2802.962;1292.054;2458.737;2023.024;2100.441;3597.407;3600.620;0.723;2999.875;834.612;-0.723;798.448;2075.366;3599.695;1520.298;1.806;3600.750;463.317;1371.330;3134.724;1931.210;1673.758;2710.896;2.937;2125.401;1524.412,3600.072;3119.303;0.457;319.982;1507.554;2378.821;935.621;834.800;3262.391;3424.319;1461.518;3319.420;532.806;336.972;1585.667;2507.672;3077.138;3599.738;2723.248;2836.540;2653.292;2617.012;2852.881;3599.612;1604.009;271.177;579.618;751.220;1201.770;3246.990;1.555;1661.663;3213.312;673.132;189.334;164.988;483.597;3123.130;143.866;466.353;3281.877;2984.795;2015.949;3600.281;-0.366;3599.845;2269.814;992.284;3389.820;2469.332;3597.317;0.188;1877.204;1660.369;2432.759;662.287;0.113;1817.731;745.804;3405.420;1713.367;1414.892;2575.845;1697.645;3600.828;2942.344;1903.874;768.078;2284.798;2872.303;2879.447;3600.070;428.785;1284.498;1338.545;1262.138;1245.014;1637.040;2072.524;970.626;204.869;1221.255;5.823;937.414;2595.209;2249.898;3599.666;1986.771;1930.056;2210.237;2839.124;2011.282;2205.081;2478.666;1118.947;3031.716;2132.072;1008.716;581.207;8.565
355,651.1079688072205,354,-564.2769334939549,564.2769334939549,0.032224238291570555,515.074;3574.169;1023.340;3053.057;1695.684;2679.206;2662.289;2098.377;1613.267;25.956;0.922;2872.310;1743.854;960.713;3165.315;1191.010;914.144;1253.030;2443.112;1766.066;1831.761;583.745;1032.345;853.625;1146.769;460.890;405.146;3600.078;3596.153;33.311;522.218;613.889;2568.874;2821.885;0.210;2048.959;-0.084;2194.963;2539.075;3600.075;796.266;3088.874;3203.162;3600.214;0.565;1561.742;3599.293;1443.135;3390.777;1931.398;2687.042;2106.442;0.990;-0.271;292.277;907.028;3596.573;2749.987;3166.996;2125.267;2326.163;3600.221;3597.936;3599.286;3261.439;356.692;988.433;0.144;2000.825;2794.283;1.950;-1.074;1366.609;745.759;2801.675;1293.062;2459.352;2021.894;2099.523;3597.640;3599.517;-0.458;3000.469;833.488;0.431;799.633;2075.780;3599.659;1519.012;0.540;3599.641;463.993;1372.612;3134.892;1931.582;1674.960;2711.911;2.927;2124.214;1525.325,3599.455;3118.398;0.757;320.704;1506.420;2379.995;935.474;836.007;3261.279;3425.528;1462.415;3318.136;531.517;337.974;1584.388;2508.879;3077.827;3599.315;2724.306;2835.379;2652.752;2615.775;2854.144;3600.241;1602.840;269.914;578.330;751.314;1200.534;3248.216;1.147;1662.516;3214.553;674.381;188.071;164.538;484.358;3124.404;142.774;465.170;3282.994;2985.650;2017.217;3599.329;0.819;3600.649;2268.938;993.410;3390.960;2468.096;3597.731;-0.750;1878.402;1661.492;2431.706;663.419;-1.030;1816.485;746.119;3406.511;1714.446;1416.106;2576.703;1696.419;3599.592;2943.620;1902.912;769.222;2284.280;2872.859;2878.179;3601.262;429.984;1285.762;1337.277;1260.858;1244.434;1638.273;2072.028;971.519;204.229;1221.219;7.100;937.491;2595.737;2251.169;3599.689;1985.530;1931.345;2211.497;2840.196;2010.447;2203.799;2478.149;1117.793;3030.521;2131.098;1009.735;582.432;7.522
356,652.8262224197388,355,-564.2647884952391,564.2647884952391,0.023060476608023905,516.228;3572.964;1024.418;3054.276;1694.473;2677.990;2661.198;2097.148;1614.482;24.711;-0.328;2873.456;1745.033;961.978;3164.200;1189.738;914.956;1254.049;2441.856;1764.845;1832.929;582.899;1033.460;854.845;1148.042;462.014;403.890;3599.350;3597.284;34.535;523.336;615.154;2568.871;2823.145;1.383;2047.779;-0.623;2194.441;2538.286;3599.321;795.007;3087.664;3204.351;3600.914;0.632;1560.473;3600.316;1444.344;3391.994;1932.102;2686.538;2107.574;-0.250;0.895;291.042;905.782;3597.690;2751.212;3168.250;2125.639;2327.367;3599.740;3599.139;3599.554;3260.369;357.608;987.247;1.362;1999.662;2795.502;0.728;0.114;1367.457;744.776;2801.075;1291.841;2459.492;2022.995;2098.297;3598.823;3599.043;0.754;2999.231;834.326;0.355;800.485;2076.575;3600.315;1520.181;-0.555;3599.962;465.140;1373.475;3134.584;1932.506;1674.133;2713.174;1.685;2125.404;1525.960,3598.206;3119.193;-0.379;321.957;1505.248;2381.263;934.231;836.990;3262.467;3426.563;1462.668;3317.045;530.444;339.233;1583.114;2507.869;3077.323;3598.226;2725.399;2834.110;2653.969;2616.605;2855.416;3599.696;1603.371;270.315;577.212;752.494;1201.306;3247.087;2.359;1663.771;3215.189;673.370;186.809;165.726;483.302;3124.617;141.508;463.928;3282.402;2984.753;2017.958;3600.201;0.207;3599.426;2269.904;994.678;3392.199;2467.355;3596.618;0.474;1878.555;1660.979;2430.447;664.603;0.151;1817.458;747.362;3407.643;1715.661;1417.339;2577.960;1695.178;3598.742;2944.843;1901.667;768.082;2285.170;2874.033;2877.005;3600.049;429.315;1286.498;1336.725;1259.624;1245.617;1637.237;2070.783;970.662;202.978;1219.978;8.349;936.273;2596.937;2252.443;3600.772;1984.257;1932.611;2210.329;2839.493;2011.524;2203.134;2477.961;1116.833;3029.275;2131.970;1010.994;583.679;6.311
357,654.7088670730591,356,-564.2921918360821,564.2921918360821,0.029822330168885504,515.123;3573.728;1025.077;3055.231;1694.230;2678.793;2660.215;2097.485;1614.119;23.585;0.406;2874.580;1746.270;963.216;3163.175;1188.740;913.772;1252.836;2442.872;1764.726;1832.149;583.833;1034.574;854.203;1147.479;461.818;403.097;3599.602;3598.528;35.495;524.585;615.852;2570.058;2823.169;0.817;2046.714;0.572;2195.623;2539.109;3598.595;795.294;3088.780;3203.220;3599.708;0.092;1560.015;3601.383;1445.105;3391.212;1931.617;2685.315;2108.759;0.769;0.579;289.908;906.332;3597.711;2752.297;3167.358;2124.426;2326.311;3600.392;3600.152;3600.747;3259.224;358.778;988.157;0.741;2000.510;2794.367;-0.016;-0.481;1368.683;743.535;2799.851;1291.786;2460.716;2023.867;2097.476;3599.885;3599.223;1.441;2999.917;833.131;0.372;799.326;2075.527;3599.119;1520.452;0.450;3598.882;466.380;1372.853;3133.358;1931.301;1675.246;2714.033;0.983;2124.414;1524.758,3599.251;3119.438;0.803;321.685;1506.082;2380.111;933.160;836.355;3263.682;3427.806;1463.789;3317.403;530.979;340.417;1581.864;2506.629;3076.185;3599.368;2724.372;2833.912;2653.550;2617.654;2854.980;3598.801;1602.184;271.457;576.974;751.369;1201.689;3245.853;2.467;1664.813;3216.422;672.317;185.774;166.240;482.062;3123.419;140.804;463.006;3283.597;2985.803;2019.013;3599.065;-1.014;3598.210;2271.147;994.201;3392.654;2468.561;3597.743;0.098;1878.079;1659.762;2429.465;665.848;-0.709;1818.668;748.617;3406.582;1716.397;1418.594;2579.216;1696.323;3599.908;2945.769;1902.809;766.841;2286.325;2875.285;2875.753;3600.287;429.688;1285.299;1337.914;1259.469;1244.883;1635.993;2071.709;971.843;202.042;1220.946;8.049;937.078;2598.190;2253.673;3599.640;1983.626;1932.475;2209.087;2839.112;2012.771;2203.771;2476.736;1116.826;3028.021;2131.009;1011.050;584.024;5.083
358,656.6094434261322,357,-564.3262945166256,564.3262945166256,0.033200663022780956,515.238;3572.663;1025.645;3055.643;1694.523;2678.274;2660.440;2097.996;1614.301;23.894;-0.768;2874.528;1747.493;962.723;3162.120;1189.737;914.272;1251.812;2444.067;1763.546;1833.211;582.966;1034.536;853.855;1146.355;462.115;402.510;3600.769;3599.758;36.262;525.047;617.003;2569.350;2822.762;-0.332;2045.669;1.074;2196.530;2538.239;3599.350;795.233;3089.418;3204.104;3599.698;1.002;1559.769;3600.181;1445.326;3390.534;1930.407;2685.483;2109.618;0.529;1.769;288.819;907.306;3598.894;2753.283;3166.270;2125.258;2325.642;3599.238;3599.309;3599.637;3260.256;360.001;989.297;-0.181;1999.458;2793.272;-1.182;-0.153;1368.157;742.379;2800.518;1292.649;2461.460;2023.857;2098.673;3599.023;3598.042;0.443;3000.302;832.123;-0.625;798.121;2075.030;3599.588;1520.335;-0.428;3599.817;465.660;1372.256;3132.749;1930.361;1675.883;2713.123;1.448;2124.215;1523.637,3600.451;3118.265;0.422;320.484;1507.266;2379.594;932.232;835.337;3263.813;3428.361;1465.017;3316.265;531.955;340.236;1582.170;2507.588;3076.953;3600.310;2724.663;2833.281;2654.601;2618.127;2853.817;3599.590;1601.277;270.728;575.871;752.249;1202.898;3245.110;1.355;1665.835;3217.044;673.110;186.623;165.409;481.880;3123.952;139.689;463.994;3284.639;2984.743;2020.227;3599.778;0.082;3598.115;2271.252;994.207;3391.515;2467.973;3598.976;-0.949;1879.026;1658.526;2428.582;664.980;0.312;1818.490;748.097;3406.815;1715.788;1417.867;2578.412;1696.349;3601.007;2945.841;1903.658;767.523;2285.133;2876.112;2876.319;3599.465;428.935;1286.073;1337.495;1259.136;1246.016;1635.982;2072.754;971.712;202.752;1220.493;6.926;935.963;2598.147;2253.912;3599.975;1982.452;1932.297;2208.876;2839.453;2012.203;2202.780;2475.958;1117.957;3028.378;2131.834;1011.817;582.934;6.077
359,658.5328485965729,358,-564.3505091753168,564.3505091753168,0.04449410292080445,514.078;3571.941;1024.573;3054.646;1693.696;2678.347;2660.486;2096.870;1613.841;23.082;0.096;2873.723;1748.245;963.064;3162.211;1189.379;915.467;1250.622;2445.054;1763.098;1833.312;583.559;1033.557;852.710;1145.791;463.282;401.315;3599.674;3600.426;37.445;524.825;618.218;2570.435;2821.615;0.261;2046.370;1.267;2197.102;2539.387;3600.538;796.330;3088.500;3205.226;3600.851;2.184;1560.169;3599.356;1444.405;3391.275;1929.237;2686.177;2109.139;-0.609;1.814;287.662;907.631;3600.034;2754.474;3165.461;2126.413;2324.557;3598.531;3600.226;3599.414;3259.331;360.677;988.297;0.936;1999.976;2792.059;-0.020;-1.084;1368.432;741.207;2801.712;1293.749;2462.387;2024.954;2098.309;3599.389;3597.293;-0.295;3000.437;832.610;0.532;797.019;2073.851;3600.731;1519.344;0.565;3600.876;466.625;1373.425;3133.817;1931.413;1677.071;2712.073;0.364;2124.816;1522.485,3599.328;3117.082;-0.658;320.485;1506.826;2378.443;933.371;834.126;3264.894;3429.537;1465.159;3315.842;530.916;339.056;1582.627;2508.724;3078.152;3601.493;2723.497;2834.074;2655.224;2618.033;2852.916;3600.792;1600.074;271.785;576.968;752.674;1204.103;3244.340;1.151;1666.811;3217.132;671.953;185.591;166.214;481.495;3125.106;138.474;462.907;3283.553;2984.333;2021.446;3600.946;-0.701;3597.099;2271.552;995.219;3392.587;2468.653;3598.772;0.208;1878.454;1658.758;2427.377;664.827;0.273;1817.529;748.105;3407.980;1716.724;1417.494;2579.411;1696.338;3599.948;2947.022;1904.859;768.556;2284.549;2875.204;2875.850;3599.249;429.259;1287.212;1337.351;1258.816;1247.076;1635.021;2073.455;970.528;201.863;1219.542;8.025;936.330;2599.320;2255.024;3601.068;1981.239;1931.116;2209.875;2838.273;2011.018;2201.570;2476.945;1118.134;3027.459;2132.195;1010.854;582.164;7.286
360,660.2527089118958,359,-564.324405896698,564.324405896698,0.025343037216597666,513.173;3570.801;1024.822;3055.333;1692.509;2677.181;2661.651;2095.671;1614.985;24.218;1.245;2872.706;1749.408;962.158;3162.979;1188.234;914.526;1249.771;2445.262;1764.243;1834.404;582.709;1034.346;852.767;1146.682;464.475;401.598;3598.971;3599.339;36.441;524.609;617.877;2569.761;2820.669;-0.806;2047.482;0.101;2196.028;2540.586;3599.489;797.476;3089.417;3206.390;3599.871;2.825;1559.046;3599.346;1443.229;3390.206;1928.051;2685.050;2107.974;0.498;0.690;288.627;906.479;3601.136;2753.799;3164.278;2126.800;2325.653;3597.551;3599.496;3599.808;3260.252;359.861;989.072;2.133;1998.985;2792.761;0.570;0.068;1369.606;740.633;2801.934;1294.854;2461.289;2026.146;2098.733;3600.560;3596.137;0.449;3000.396;833.597;-0.377;796.586;2074.921;3599.619;1518.185;1.733;3599.758;465.783;1374.029;3133.523;1930.582;1676.040;2712.821;-0.683;2125.996;1522.639,3598.593;3115.963;0.452;319.572;1507.932;2378.211;934.346;833.353;3266.057;3428.505;1466.328;3314.669;529.843;338.470;1583.760;2508.322;3077.259;3600.350;2724.541;2835.258;2656.348;2619.194;2853.527;3599.635;1600.800;272.804;576.883;751.573;1205.128;3245.484;0.002;1665.665;3216.130;670.762;184.956;167.399;482.115;3125.716;138.685;463.431;3284.325;2983.168;2020.672;3599.836;0.346;3598.038;2271.637;994.564;3392.180;2467.549;3599.838;-0.213;1879.432;1657.658;2428.186;664.542;0.556;1818.586;749.247;3408.525;1717.811;1416.324;2579.694;1695.988;3600.268;2947.818;1904.625;767.672;2283.435;2876.056;2874.745;3600.377;430.412;1286.428;1336.199;1259.970;1246.653;1634.403;2073.101;969.715;200.719;1218.354;8.045;937.410;2598.732;2254.026;3599.948;1981.678;1930.658;2208.953;2837.607;2010.219;2202.329;2477.996;1119.296;3026.269;2133.320;1011.755;582.103;7.031
361,662.1277627944946,360,-564.3336579292172,564.3336579292172,0.03161519693776549,514.232;3571.877;1023.668;3054.234;1693.400;2677.903;2660.652;2096.723;1614.065;24.767;0.654;2873.745;1748.403;960.998;3161.862;1189.298;914.975;1250.844;2444.636;1765.424;1833.313;581.538;1033.257;853.418;1145.610;464.330;402.755;3598.185;3599.391;35.271;523.452;616.880;2570.891;2819.505;0.331;2046.515;-0.741;2194.849;2540.587;3599.810;796.516;3088.362;3205.340;3600.545;1.678;1560.138;3599.668;1444.265;3389.800;1928.606;2686.035;2108.808;0.092;0.968;287.609;907.496;3600.011;2752.840;3165.302;2127.929;2324.619;3598.622;3600.629;3600.890;3261.187;358.889;987.977;1.853;1997.904;2792.062;0.287;1.014;1368.573;741.734;2802.991;1295.795;2462.119;2025.182;2099.890;3599.492;3597.224;1.478;3001.545;834.769;0.389;797.714;2074.372;3599.987;1519.190;1.093;3598.860;465.991;1372.887;3134.633;1930.910;1674.862;2712.004;0.374;2125.156;1523.780,3599.572;3114.843;-0.379;320.673;1506.900;2379.351;933.270;834.412;3265.638;3427.535;1465.502;3315.354;530.266;339.573;1583.510;2509.454;3077.125;3599.548;2724.018;2835.188;2655.242;2619.939;2854.691;3599.855;1599.961;271.849;575.735;750.696;1205.565;3244.698;-1.182;1666.299;3217.103;671.658;186.055;168.584;483.279;3124.866;137.565;462.323;3283.569;2984.007;2021.100;3599.882;-0.350;3599.186;2270.548;995.709;3392.320;2466.398;3600.981;-0.253;1878.632;1658.385;2427.188;663.883;-0.571;1817.868;748.563;3407.627;1716.691;1417.246;2578.824;1695.063;3599.330;2946.851;1904.319;768.667;2284.036;2877.108;2875.754;3599.547;429.280;1287.523;1335.260;1259.406;1247.723;1635.433;2071.944;970.576;201.811;1217.277;7.122;936.619;2599.823;2254.860;3599.300;1980.607;1931.765;2209.289;2836.477;2010.824;2201.289;2479.174;1120.468;3025.423;2134.125;1010.961;580.947;5.928
362,664.0270898342133,361,-564.3397414980401,564.3397414980401,0.03335008676418867,513.573;3572.032;1024.076;3053.071;1694.538;2678.175;2659.492;2096.130;1612.928;23.675;1.358;2872.654;1748.926;959.832;3162.829;1189.965;915.814;1251.829;2443.535;1765.393;1834.076;580.370;1032.340;852.286;1146.021;463.196;401.914;3599.312;3600.491;36.247;524.379;615.723;2570.099;2820.514;-0.420;2047.597;0.366;2195.707;2539.456;3598.718;797.589;3087.544;3204.786;3599.495;2.659;1559.240;3598.795;1443.180;3390.885;1927.631;2687.122;2109.920;-1.049;1.759;287.519;908.232;3600.862;2753.941;3164.464;2128.921;2324.128;3597.646;3599.574;3599.763;3262.327;358.449;987.303;0.911;1998.870;2792.873;1.381;-0.050;1367.715;742.594;2804.153;1294.776;2462.034;2026.158;2098.905;3598.497;3596.321;0.472;3002.702;835.582;1.402;798.815;2073.232;3601.001;1518.236;0.592;3598.991;467.123;1372.727;3135.634;1932.052;1675.298;2713.082;1.385;2124.017;1522.769,3599.536;3113.812;0.063;320.162;1507.648;2378.822;933.326;833.843;3264.497;3428.582;1464.543;3314.461;529.200;339.114;1584.633;2510.608;3078.130;3600.004;2724.424;2834.078;2654.166;2619.926;2855.683;3600.967;1600.862;270.734;574.572;749.541;1204.526;3243.625;-0.065;1665.232;3218.260;671.237;187.123;167.512;484.399;3125.984;136.566;462.971;3282.464;2982.918;2020.117;3600.761;-0.723;3599.919;2269.390;996.357;3392.352;2465.429;3599.872;0.857;1879.768;1658.576;2426.272;665.007;0.200;1816.761;748.705;3408.752;1715.541;1417.421;2578.006;1693.911;3599.747;2945.695;1905.410;769.826;2285.165;2876.058;2876.890;3600.557;428.170;1286.670;1334.102;1260.514;1248.886;1635.471;2072.943;969.526;202.843;1216.202;5.966;937.514;2600.824;2256.007;3600.010;1981.591;1930.871;2210.277;2837.596;2009.700;2201.767;2480.342;1120.942;3026.219;2133.536;1009.828;581.150;6.892
363,665.7353982925415,362,-564.3403871491332,564.3403871491332,0.039812663584359406,514.189;3573.091;1025.169;3052.967;1693.494;2677.085;2658.357;2097.140;1613.553;22.720;2.489;2873.410;1748.119;959.856;3161.980;1189.283;916.926;1252.936;2442.394;1766.512;1832.969;579.293;1033.415;851.192;1145.004;462.561;400.848;3600.262;3601.578;37.168;525.468;614.881;2568.967;2821.066;-1.436;2046.780;0.483;2196.801;2540.234;3598.965;798.067;3088.542;3205.247;3600.230;3.729;1558.126;3599.391;1443.797;3392.032;1926.502;2688.190;2111.068;-0.158;0.652;288.603;907.380;3600.068;2754.563;3164.264;2130.050;2325.197;3596.512;3600.235;3599.652;3261.332;357.322;986.626;1.835;2000.000;2793.078;0.731;-0.960;1368.781;741.496;2805.298;1293.632;2460.914;2025.348;2099.559;3598.039;3596.795;-0.671;3003.149;836.502;2.342;799.788;2072.168;3599.924;1519.322;-0.535;3598.278;468.067;1373.799;3136.715;1932.615;1674.921;2714.014;1.996;2124.661;1521.659,3600.612;3114.813;-0.596;321.070;1508.769;2379.873;932.319;834.771;3264.688;3428.406;1463.809;3314.302;530.237;339.834;1584.953;2510.453;3079.274;3600.062;2725.550;2835.181;2653.033;2618.857;2856.814;3599.934;1601.998;270.971;573.517;748.446;1205.628;3242.665;0.244;1664.720;3219.406;672.298;186.414;166.839;484.281;3126.614;135.569;461.971;3281.679;2981.958;2020.367;3599.674;0.384;3598.852;2270.080;997.256;3391.251;2464.302;3599.812;0.353;1880.780;1657.774;2425.258;664.257;-0.520;1815.641;749.738;3408.140;1714.390;1416.352;2576.878;1693.135;3600.075;2944.956;1906.557;770.762;2286.294;2877.119;2877.889;3600.275;427.600;1287.377;1333.213;1259.456;1248.903;1636.587;2074.042;969.915;203.694;1217.181;4.819;938.633;2601.932;2255.064;3600.708;1981.618;1931.641;2211.338;2837.288;2009.220;2200.723;2480.623;1122.042;3025.217;2132.680;1008.691;580.162;5.840
364,667.6013848781586,363,-564.3018823611192,564.3018823611192,0.020420766644117284,515.302;3573.996;1025.671;3052.533;1693.459;2676.593;2657.958;2097.913;1614.242;22.834;2.336;2873.005;1749.186;960.453;3160.910;1188.185;915.887;1252.035;2442.277;1766.485;1833.001;578.931;1032.733;850.487;1145.931;461.524;399.777;3599.970;3600.487;36.711;525.619;615.895;2569.123;2822.124;-0.403;2047.200;0.116;2197.478;2539.296;3599.992;797.337;3087.883;3206.260;3599.598;4.448;1557.073;3598.408;1443.010;3392.029;1926.121;2687.384;2110.314;-0.193;0.543;287.879;906.440;3600.058;2755.659;3163.768;2131.018;2325.910;3596.706;3599.384;3600.477;3262.239;357.968;987.654;2.758;2000.256;2794.181;-0.311;0.053;1368.865;741.605;2806.184;1292.800;2460.657;2025.272;2099.139;3598.764;3597.776;0.281;3003.538;836.145;3.256;800.626;2071.404;3599.710;1519.448;0.460;3599.299;467.773;1373.971;3137.535;1931.961;1675.935;2713.880;2.723;2125.037;1520.571,3599.566;3113.783;0.455;320.018;1509.818;2380.076;933.163;835.876;3264.025;3429.342;1463.000;3313.197;529.247;338.909;1585.986;2511.413;3078.297;3599.122;2726.365;2835.259;2652.860;2617.737;2857.764;3600.219;1600.963;269.870;572.388;749.146;1206.003;3241.615;-0.321;1665.199;3219.067;673.420;187.339;165.733;485.381;3127.728;134.443;461.095;3282.441;2980.833;2021.470;3600.140;-0.083;3599.475;2269.116;998.197;3391.210;2463.974;3599.137;1.023;1881.417;1658.247;2424.202;663.223;0.530;1814.508;748.660;3409.023;1714.293;1415.232;2575.788;1693.845;3601.079;2945.887;1907.644;771.883;2286.514;2878.185;2878.999;3599.248;428.491;1288.487;1332.090;1258.434;1249.994;1637.688;2075.018;970.923;204.799;1218.123;5.789;937.613;2602.575;2255.972;3599.624;1980.543;1932.670;2212.467;2837.755;2008.111;2199.631;2481.680;1121.981;3025.649;2131.566;1009.678;581.143;6.677
365,669.4886493682861,364,-564.3249973701671,564.3249973701671,0.03213718684794876,515.739;3573.116;1026.742;3051.677;1694.004;2675.673;2657.839;2097.376;1613.425;21.779;2.789;2871.967;1750.277;959.411;3159.796;1188.203;915.191;1252.049;2443.352;1765.797;1833.677;578.271;1033.501;849.402;1144.961;461.191;398.696;3600.907;3599.758;37.705;526.697;615.292;2570.151;2821.070;-0.008;2046.189;-0.971;2198.577;2538.939;3600.902;798.242;3086.833;3207.366;3600.427;3.683;1555.959;3599.207;1442.342;3391.190;1925.476;2686.898;2111.187;-0.629;0.329;286.823;907.411;3599.125;2756.775;3162.842;2132.128;2324.866;3597.343;3600.284;3599.623;3263.291;359.055;988.746;3.863;2000.784;2793.695;0.672;-0.080;1368.011;740.595;2807.284;1293.062;2461.563;2024.198;2098.366;3597.925;3598.220;0.463;3004.549;835.105;2.336;799.591;2070.304;3599.793;1519.441;0.849;3600.409;468.834;1373.007;3137.210;1931.968;1677.045;2714.932;1.666;2125.563;1519.856,3600.362;3112.717;-0.456;320.900;1508.808;2379.767;932.970;836.981;3263.353;3428.275;1461.910;3312.830;529.097;339.963;1585.098;2511.927;3077.476;3600.087;2725.448;2835.152;2652.929;2617.960;2856.938;3599.730;1600.781;268.856;571.277;750.091;1205.538;3242.657;0.700;1666.290;3219.666;673.880;186.922;164.933;486.033;3128.517;133.451;460.809;3281.484;2980.085;2021.797;3600.759;-0.934;3598.512;2268.268;999.305;3390.167;2463.765;3600.092;0.054;1880.398;1658.809;2423.728;664.267;0.227;1815.310;748.100;3408.900;1713.636;1415.925;2576.703;1692.834;3600.001;2946.250;1907.176;772.959;2287.012;2878.606;2879.980;3599.273;427.428;1288.119;1331.246;1258.930;1250.972;1638.693;2074.203;969.924;203.998;1219.083;5.422;938.534;2603.612;2257.028;3599.082;1979.564;1933.684;2211.589;2838.654;2007.657;2200.206;2482.690;1121.671;3024.684;2131.506;1008.923;580.888;6.888
366,671.1882960796356,365,-564.3630599536091,564.3630599536091,0.044329316588976785,514.769;3572.335;1027.839;3052.512;1695.082;2674.613;2658.909;2096.306;1613.909;20.911;3.849;2870.870;1749.877;959.133;3160.740;1187.829;915.203;1251.680;2443.850;1765.829;1834.026;579.321;1032.595;849.058;1145.887;462.250;397.611;3599.904;3600.544;38.801;527.758;614.211;2570.276;2820.251;-0.592;2045.317;-0.007;2199.677;2537.910;3599.841;797.526;3086.301;3208.435;3599.406;2.597;1554.896;3600.295;1441.268;3392.214;1926.480;2685.821;2111.976;0.401;-0.711;287.473;906.466;3598.175;2757.760;3161.758;2131.339;2325.091;3596.316;3599.357;3598.864;3263.492;358.755;989.583;3.895;1999.792;2794.731;1.148;-0.967;1368.946;741.409;2806.732;1292.204;2460.727;2025.029;2097.279;3596.836;3597.193;-0.505;3005.602;834.016;1.259;799.264;2069.523;3599.820;1518.398;-0.146;3601.499;467.944;1371.945;3136.134;1930.945;1678.042;2716.003;1.952;2126.177;1520.842,3600.780;3113.745;0.510;319.936;1507.750;2378.691;934.033;837.676;3262.272;3427.308;1460.821;3313.839;530.124;338.977;1585.853;2510.872;3076.588;3601.172;2724.452;2836.042;2653.169;2617.580;2855.850;3600.312;1600.160;267.827;572.139;749.098;1206.408;3243.410;0.035;1667.307;3218.610;672.821;186.184;165.828;485.061;3127.806;134.067;461.878;3281.554;2980.698;2022.870;3599.729;0.110;3597.420;2267.178;998.277;3389.071;2464.810;3601.027;-1.040;1880.693;1657.737;2424.787;665.313;-0.489;1816.318;749.109;3409.952;1714.684;1414.907;2577.754;1693.875;3600.803;2947.320;1906.107;772.369;2285.989;2877.562;2879.010;3600.345;427.526;1287.081;1332.283;1259.963;1250.267;1637.699;2075.217;968.830;204.966;1220.178;4.470;939.625;2602.645;2257.924;3600.102;1980.085;1932.644;2212.516;2839.743;2008.255;2201.264;2481.761;1122.725;3024.794;2130.438;1008.168;581.925;5.842
367,673.0331542491913,366,-564.3716588255352,564.3716588255352,0.04221227688971347,513.693;3571.272;1028.623;3051.542;1695.877;2674.299;2659.401;2095.272;1612.910;20.065;4.931;2870.044;1748.870;960.178;3161.025;1186.792;916.197;1250.622;2443.279;1765.458;1834.512;580.337;1031.518;848.154;1146.757;461.333;396.547;3600.621;3599.680;39.233;528.748;613.503;2571.266;2819.276;-1.652;2046.265;0.021;2200.632;2536.980;3599.421;798.561;3085.237;3209.108;3600.152;3.554;1554.030;3599.422;1440.194;3391.762;1926.834;2685.425;2111.113;-0.387;-1.774;286.594;907.176;3598.791;2758.822;3162.341;2130.312;2324.574;3595.858;3599.898;3598.915;3264.543;357.847;988.645;4.511;1999.831;2794.233;1.926;0.039;1368.764;740.885;2806.815;1293.105;2461.660;2024.217;2096.212;3596.840;3596.265;0.445;3006.385;833.837;1.840;800.296;2069.049;3600.834;1517.406;-0.748;3600.475;468.893;1372.944;3137.061;1931.423;1679.101;2715.683;2.407;2125.221;1520.549,3599.730;3113.532;0.197;320.710;1506.786;2378.154;934.001;836.723;3263.135;3427.931;1461.852;3314.873;529.818;338.314;1584.838;2509.814;3075.523;3600.141;2723.383;2837.021;2653.844;2618.304;2855.344;3599.626;1599.444;268.499;572.184;748.992;1206.131;3244.413;0.889;1668.260;3218.468;672.135;185.119;164.932;485.098;3127.738;134.965;461.290;3282.608;2979.921;2022.534;3600.557;0.179;3598.265;2266.757;998.002;3388.230;2465.165;3599.991;-0.027;1879.782;1656.683;2423.883;666.317;0.533;1817.331;748.719;3410.350;1714.620;1414.721;2578.828;1694.087;3599.841;2948.169;1906.111;772.824;2286.130;2876.669;2879.197;3599.414;426.753;1286.001;1333.163;1261.034;1251.257;1636.918;2074.892;968.935;204.010;1221.249;4.689;940.570;2603.585;2257.308;3600.867;1981.135;1932.378;2213.555;2839.774;2009.299;2202.098;2482.682;1121.713;3025.850;2130.211;1007.104;581.414;4.945
368,674.9119062423706,367,-564.3733809592844,564.3733809592844,0.023023065978067234,513.167;3572.208;1027.754;3052.416;1696.931;2675.336;2660.429;2096.118;1613.910;20.941;4.756;2870.832;1748.237;961.238;3160.019;1185.729;915.352;1251.496;2444.279;1764.966;1833.534;581.338;1031.475;847.758;1147.336;460.817;397.379;3599.623;3598.735;38.287;527.876;614.479;2572.331;2820.271;-0.655;2045.413;-0.816;2199.784;2535.953;3599.969;797.686;3084.896;3208.166;3599.595;3.006;1554.212;3600.379;1441.117;3392.763;1927.485;2684.438;2111.922;0.338;-0.759;285.540;907.863;3597.818;2758.861;3163.375;2130.472;2323.563;3596.884;3599.350;3597.874;3263.625;358.672;989.115;3.517;1999.196;2795.072;0.951;0.830;1367.811;741.896;2805.782;1292.524;2460.729;2023.175;2097.042;3597.880;3596.881;0.532;3005.520;834.376;1.712;799.455;2068.208;3599.833;1518.339;0.277;3599.592;469.895;1371.968;3137.685;1930.393;1678.225;2714.696;3.453;2124.164;1521.562,3599.949;3114.419;-0.044;321.445;1505.728;2378.948;932.962;837.741;3262.911;3427.024;1461.379;3315.940;530.798;339.286;1583.772;2509.765;3074.840;3599.690;2722.350;2836.885;2654.162;2619.357;2855.770;3599.373;1598.391;267.547;571.183;749.879;1205.220;3243.458;0.476;1669.318;3217.522;672.677;185.668;165.885;485.104;3126.704;134.090;460.501;3283.017;2980.931;2023.231;3599.745;-0.632;3598.229;2266.009;998.899;3387.362;2464.596;3600.209;-0.513;1878.721;1656.533;2422.849;666.729;-0.358;1818.396;749.552;3410.411;1715.532;1415.707;2578.098;1695.125;3599.791;2947.342;1906.392;773.856;2286.805;2876.942;2878.364;3600.159;425.697;1285.506;1333.960;1260.592;1251.412;1635.958;2075.573;969.911;204.777;1222.285;3.684;940.163;2604.646;2258.304;3599.860;1980.284;1933.398;2212.614;2840.119;2010.355;2202.866;2482.011;1120.733;3025.156;2129.187;1006.074;580.370;3.884
369,676.8100991249084,368,-564.3703982613966,564.3703982613966,0.02872691829864479,514.021;3572.602;1028.660;3053.423;1695.986;2674.563;2659.596;2097.140;1614.621;21.980;5.769;2871.873;1747.630;960.550;3159.012;1185.813;915.887;1251.070;2445.170;1763.936;1834.534;580.367;1031.970;846.728;1146.327;460.300;397.280;3600.095;3598.439;37.239;528.760;614.580;2571.410;2819.461;0.084;2044.470;0.161;2200.257;2536.912;3599.098;798.333;3085.896;3209.088;3600.589;2.054;1553.231;3599.509;1442.135;3392.213;1926.577;2685.219;2112.687;1.363;-1.333;285.443;906.873;3596.783;2759.851;3162.771;2131.423;2324.548;3597.571;3600.358;3597.539;3264.133;359.715;988.106;2.493;2000.084;2794.174;1.507;0.021;1368.732;741.078;2806.638;1293.022;2460.544;2022.677;2097.984;3598.419;3597.905;-0.470;3006.372;833.466;0.689;800.229;2067.165;3600.698;1519.385;0.547;3599.751;470.150;1372.475;3136.674;1929.507;1678.879;2715.169;4.504;2125.059;1520.719,3600.104;3113.570;0.546;321.021;1506.653;2379.964;933.541;837.017;3263.920;3426.677;1462.350;3315.022;529.940;339.534;1583.300;2508.827;3073.807;3599.248;2723.298;2835.870;2655.191;2620.402;2856.728;3600.370;1599.304;268.426;570.305;750.519;1206.207;3244.334;0.937;1668.708;3218.526;672.655;184.808;165.026;484.081;3127.491;133.111;459.580;3282.020;2980.060;2022.288;3598.799;0.328;3598.587;2267.009;998.580;3388.355;2464.241;3599.331;0.385;1877.911;1655.533;2422.050;667.541;0.242;1819.346;750.596;3409.411;1714.600;1415.575;2579.054;1695.443;3600.718;2948.336;1907.414;773.541;2287.527;2877.969;2877.323;3600.730;426.572;1286.292;1333.364;1259.583;1250.795;1634.913;2074.590;970.594;203.807;1222.922;4.012;939.157;2605.514;2257.454;3599.522;1979.314;1932.962;2211.738;2839.273;2011.313;2201.968;2481.010;1121.042;3024.628;2129.955;1006.549;580.442;3.622
370,678.5209324359894,369,-564.3739755068013,564.3739755068013,0.025079591755663606,513.093;3571.654;1028.571;3052.481;1696.208;2675.027;2658.621;2096.553;1615.482;21.944;5.754;2871.090;1748.365;961.098;3158.941;1186.823;916.900;1251.590;2446.200;1763.337;1834.701;580.429;1031.038;845.699;1145.325;461.267;398.069;3600.944;3597.680;37.206;528.970;614.274;2570.473;2818.819;-0.338;2045.390;-0.324;2199.912;2537.884;3598.141;799.310;3085.765;3208.388;3599.889;2.749;1552.975;3600.005;1442.034;3391.260;1926.029;2686.240;2111.861;1.500;-0.523;284.537;906.974;3597.727;2760.725;3163.200;2130.441;2323.842;3598.373;3599.674;3597.498;3265.089;360.719;987.127;2.929;2000.419;2793.145;0.713;-0.986;1369.666;740.193;2807.626;1294.040;2461.530;2021.711;2097.185;3597.688;3596.954;0.352;3007.398;834.072;1.565;799.469;2068.116;3599.785;1519.866;-0.396;3599.431;471.156;1373.357;3136.351;1930.450;1679.763;2716.186;3.901;2124.301;1520.730,3599.390;3112.606;-0.298;321.978;1506.530;2380.517;933.465;836.676;3264.839;3427.439;1462.292;3315.083;528.942;340.360;1582.305;2508.070;3073.801;3598.412;2722.729;2836.402;2655.261;2621.144;2855.827;3599.505;1599.280;268.051;569.791;749.539;1206.698;3243.967;1.954;1669.386;3219.010;672.556;184.339;165.087;483.291;3126.760;132.115;458.549;3282.232;2979.849;2022.118;3599.120;-0.237;3599.602;2267.777;999.509;3389.302;2463.798;3599.949;-0.150;1876.885;1656.403;2421.025;668.504;-0.621;1820.213;751.539;3408.413;1714.109;1416.551;2579.751;1694.594;3599.802;2949.277;1906.517;772.682;2286.917;2878.906;2876.775;3599.748;426.696;1286.672;1332.460;1260.256;1251.734;1635.548;2073.640;971.582;203.218;1222.498;3.028;938.229;2606.542;2256.710;3600.334;1979.152;1932.932;2211.776;2838.287;2012.286;2200.938;2480.096;1120.471;3023.937;2130.918;1005.602;581.375;2.897
371,680.3992564678192,370,-564.3840094117211,564.3840094117211,0.02641247390211627,513.229;3572.427;1028.105;3051.618;1695.400;2674.494;2657.739;2096.046;1616.424;22.537;5.840;2871.309;1747.384;962.100;3159.237;1187.833;917.920;1252.562;2445.385;1762.426;1834.323;581.247;1030.021;845.137;1145.393;462.286;397.556;3600.001;3598.560;36.304;528.085;613.283;2569.751;2818.697;0.253;2046.401;0.125;2200.845;2538.898;3597.372;800.089;3086.601;3207.379;3599.664;3.582;1553.933;3600.954;1442.917;3392.142;1926.579;2686.841;2110.850;0.577;0.271;283.737;906.002;3598.414;2760.101;3164.197;2129.472;2324.644;3597.950;3599.974;3598.366;3266.090;359.795;987.343;2.218;2001.032;2793.580;-0.278;-0.076;1370.682;739.763;2807.221;1293.590;2461.452;2020.744;2096.752;3598.568;3597.446;0.880;3008.380;834.630;2.566;800.394;2069.100;3599.953;1519.809;-0.529;3599.997;471.703;1374.365;3135.523;1931.097;1680.300;2715.327;3.846;2123.848;1519.887,3598.667;3112.996;0.687;322.967;1507.413;2381.378;932.560;835.873;3265.629;3426.565;1462.693;3316.066;529.850;340.619;1581.306;2507.066;3074.789;3597.443;2723.598;2835.527;2656.240;2620.211;2856.677;3600.413;1598.334;268.589;570.574;748.527;1207.645;3244.376;1.378;1668.524;3219.285;671.562;184.290;166.034;482.280;3125.753;132.542;457.781;3281.409;2980.762;2021.125;3599.988;0.484;3600.261;2268.711;998.854;3388.375;2462.805;3600.769;-1.111;1875.893;1657.090;2420.150;669.522;0.211;1821.217;752.291;3407.399;1713.125;1417.451;2580.744;1695.526;3599.645;2949.850;1907.428;771.681;2285.911;2879.630;2875.782;3600.432;425.982;1287.054;1333.419;1259.510;1252.411;1634.586;2074.100;972.595;202.379;1223.485;2.028;939.169;2607.454;2255.701;3599.531;1980.145;1933.893;2212.739;2837.275;2013.306;2200.687;2479.408;1119.467;3024.920;2130.260;1004.659;582.367;1.889
372,682.3012857437134,371,-564.4003075319376,564.4003075319376,0.026103040759911895,512.322;3571.967;1027.213;3050.618;1694.424;2673.591;2656.753;2096.849;1617.419;21.606;4.861;2870.364;1746.585;961.785;3160.172;1187.869;918.902;1253.566;2445.575;1761.575;1833.368;580.327;1030.820;844.153;1144.491;462.383;398.267;3600.329;3599.560;37.053;527.097;612.533;2568.768;2819.653;-0.688;2047.362;-0.063;2200.076;2538.991;3597.532;799.324;3085.657;3207.214;3600.597;4.580;1553.632;3600.001;1443.907;3393.115;1927.568;2687.819;2110.115;-0.426;-0.529;283.846;905.016;3599.403;2759.124;3164.197;2128.734;2325.026;3596.970;3600.870;3599.219;3265.212;359.377;986.470;1.325;2000.061;2794.563;0.630;-0.470;1371.631;739.115;2808.133;1292.604;2460.511;2021.622;2096.505;3599.510;3596.743;1.866;3009.385;835.618;2.544;800.472;2070.072;3600.677;1520.789;0.439;3600.164;472.683;1373.515;3136.279;1932.089;1679.362;2715.809;4.819;2124.632;1518.891,3599.606;3112.495;0.061;322.526;1508.312;2380.441;933.495;834.876;3265.102;3425.586;1461.714;3315.758;529.907;339.705;1582.013;2507.920;3075.775;3598.223;2724.519;2834.528;2656.577;2619.312;2856.071;3599.663;1599.145;267.685;569.700;748.958;1207.932;3243.576;0.391;1667.567;3220.144;672.149;185.267;166.480;482.277;3126.422;131.595;458.562;3280.416;2980.044;2021.645;3599.186;-0.349;3599.406;2268.227;998.958;3389.233;2463.749;3599.809;-0.197;1876.348;1658.083;2420.198;668.700;-0.485;1821.995;753.172;3406.515;1713.720;1416.725;2581.740;1695.875;3599.263;2950.791;1908.322;770.688;2285.304;2879.017;2874.858;3600.106;426.766;1288.038;1333.300;1258.515;1251.439;1633.789;2075.041;971.678;203.282;1224.480;1.118;938.322;2608.276;2255.360;3600.410;1980.122;1933.688;2213.738;2837.308;2012.490;2199.712;2480.223;1120.294;3024.309;2129.350;1005.632;583.338;1.142
373,684.2317445278168,372,-564.3939232560847,564.3939232560847,0.024490391309961085,511.640;3572.913;1026.231;3050.730;1694.219;2674.514;2657.251;2097.831;1617.101;22.263;5.335;2870.871;1747.203;960.835;3159.587;1188.797;918.504;1252.723;2444.759;1761.230;1834.195;579.525;1030.363;844.356;1144.048;463.335;399.242;3599.694;3599.893;36.146;526.434;613.446;2569.117;2818.798;0.159;2046.604;-1.027;2199.114;2538.683;3598.401;799.082;3085.099;3206.310;3600.336;3.910;1554.584;3599.761;1444.793;3392.426;1926.692;2687.182;2111.037;0.344;0.190;282.884;905.528;3599.355;2758.188;3163.462;2129.587;2325.178;3597.605;3599.926;3599.545;3264.813;359.484;986.154;0.352;2001.012;2794.861;0.107;0.457;1372.558;740.059;2808.781;1293.093;2461.338;2022.395;2095.537;3599.277;3596.977;1.233;3010.090;835.328;3.365;799.560;2070.037;3599.742;1520.275;0.851;3599.204;471.891;1373.129;3135.422;1931.988;1678.375;2714.932;5.808;2123.721;1519.498,3600.513;3113.399;-0.509;321.559;1509.116;2381.258;934.278;835.612;3264.690;3426.468;1461.602;3315.224;530.536;339.021;1581.287;2508.152;3074.868;3599.201;2725.382;2834.674;2657.479;2620.240;2855.097;3599.239;1599.512;266.948;570.475;748.320;1206.976;3242.595;-0.504;1667.677;3220.241;671.212;185.944;167.284;481.835;3125.686;130.875;459.340;3280.932;2979.374;2022.297;3598.203;0.284;3598.602;2267.773;998.010;3389.976;2463.302;3599.969;-0.097;1875.538;1657.927;2419.272;669.613;0.373;1822.977;754.158;3407.429;1714.683;1417.520;2580.992;1695.082;3600.210;2951.621;1908.162;769.898;2286.259;2878.122;2874.640;3601.016;425.846;1287.653;1332.519;1259.018;1250.984;1632.897;2074.100;971.165;203.796;1224.219;1.637;938.775;2609.249;2255.162;3599.724;1980.559;1933.052;2212.966;2838.245;2012.567;2199.769;2480.966;1120.423;3023.598;2128.415;1006.357;582.496;0.174
374,685.958874464035,373,-564.4087492904412,564.4087492904412,0.02460276703771649,512.518;3573.851;1025.554;3049.883;1693.346;2673.788;2658.048;2096.957;1616.248;21.832;5.381;2871.589;1746.397;959.935;3160.532;1188.239;919.439;1253.520;2443.796;1760.302;1834.531;580.239;1029.416;844.092;1144.984;464.307;400.056;3598.802;3599.019;36.777;526.053;612.592;2568.244;2817.885;-0.178;2045.929;-0.093;2199.631;2539.605;3599.360;798.893;3085.986;3205.570;3599.386;4.671;1554.638;3599.634;1445.007;3392.452;1926.342;2686.721;2111.930;0.313;0.134;283.144;904.790;3600.256;2757.224;3164.390;2129.009;2326.118;3597.908;3600.245;3600.484;3265.541;358.537;987.093;-0.606;2001.193;2795.780;-0.849;-0.262;1373.531;739.435;2808.026;1292.718;2460.531;2023.362;2095.695;3600.187;3597.474;0.819;3010.832;834.484;3.836;800.107;2070.913;3599.326;1519.519;0.038;3598.245;471.091;1373.908;3134.459;1932.219;1678.197;2715.811;6.481;2124.366;1520.058,3599.638;3114.372;0.421;322.397;1508.190;2382.221;933.501;836.577;3263.738;3425.858;1461.226;3315.929;531.493;339.371;1581.088;2507.230;3073.978;3600.136;2725.461;2835.542;2658.379;2621.093;2855.035;3598.452;1599.522;265.982;571.414;749.147;1206.002;3243.287;0.368;1668.626;3219.311;671.526;186.909;168.250;482.770;3124.731;130.024;460.137;3280.341;2980.292;2023.260;3598.972;-0.633;3597.903;2267.418;997.720;3389.220;2462.635;3600.443;-0.401;1874.595;1657.439;2418.682;668.731;0.366;1822.877;753.385;3408.213;1715.639;1418.449;2580.025;1694.113;3599.536;2950.736;1907.215;769.023;2286.174;2877.150;2875.572;3600.096;424.914;1287.021;1331.551;1259.641;1250.085;1633.758;2073.310;972.044;204.734;1223.932;0.708;939.668;2609.216;2256.085;3600.474;1979.695;1933.990;2212.619;2839.109;2013.498;2199.868;2481.933;1119.494;3024.334;2127.522;1006.531;581.526;-0.673
375,687.8428521156311,374,-564.4171952674399,564.4171952674399,0.01747289618895584,513.035;3574.099;1026.097;3050.273;1693.067;2673.160;2658.996;2097.079;1615.345;21.910;5.628;2871.549;1745.591;959.863;3160.247;1189.031;918.715;1252.973;2444.255;1759.362;1835.463;580.348;1028.517;844.762;1144.518;463.552;399.553;3598.262;3598.091;36.224;526.964;612.942;2568.967;2816.961;0.611;2045.063;0.080;2200.560;2538.768;3598.986;799.825;3086.894;3206.174;3599.904;3.858;1553.952;3599.248;1444.103;3391.546;1925.531;2687.636;2112.683;1.215;-0.751;283.590;905.679;3599.452;2758.053;3165.142;2129.706;2325.225;3598.847;3599.492;3599.564;3266.491;359.344;986.846;-0.274;2001.257;2794.909;0.052;-0.065;1372.790;739.099;2807.328;1293.610;2461.357;2023.968;2096.167;3599.434;3598.415;0.166;3011.432;834.610;2.906;800.455;2070.149;3600.052;1518.729;-0.743;3598.849;470.137;1373.665;3134.833;1932.160;1678.069;2716.582;6.651;2123.658;1519.854,3600.097;3114.306;0.106;321.534;1508.360;2381.471;932.893;836.246;3263.030;3426.612;1460.813;3316.723;532.440;338.435;1580.968;2507.986;3073.712;3600.255;2726.374;2836.074;2657.613;2620.354;2855.111;3599.345;1598.591;266.784;570.619;750.080;1206.238;3242.566;0.672;1669.277;3220.151;670.658;187.383;168.488;483.217;3125.199;129.104;461.088;3281.238;2979.480;2024.109;3598.946;0.061;3596.952;2266.476;996.781;3388.997;2461.920;3599.557;0.489;1873.634;1657.555;2417.742;668.624;-0.351;1822.369;752.524;3409.167;1715.278;1417.672;2580.459;1694.824;3600.383;2950.678;1907.728;769.793;2285.701;2876.618;2876.437;3599.782;424.353;1286.565;1332.032;1259.077;1250.941;1633.273;2073.580;972.990;204.147;1223.965;1.279;940.589;2608.577;2256.969;3599.607;1978.739;1933.195;2213.332;2840.025;2013.194;2198.941;2482.769;1120.310;3025.282;2127.990;1006.862;581.214;0.251
376,689.7534255981445,375,-564.4469552086974,564.4469552086974,0.021065452578214357,512.225;3574.588;1025.411;3049.365;1693.956;2672.469;2659.813;2096.189;1615.973;21.022;6.100;2872.159;1745.880;960.613;3161.023;1189.892;919.074;1253.667;2444.207;1760.255;1834.639;581.234;1027.602;845.619;1144.700;464.017;400.308;3599.161;3597.914;36.927;527.246;612.221;2568.784;2816.542;0.209;2045.535;-0.113;2201.368;2538.832;3598.579;800.001;3087.181;3206.705;3599.417;4.592;1554.589;3599.994;1444.171;3391.690;1926.376;2688.400;2112.075;0.448;0.103;282.714;905.430;3600.232;2758.243;3166.077;2128.862;2324.822;3598.150;3598.823;3599.366;3267.286;358.897;986.818;0.372;2000.484;2794.733;-0.230;-0.923;1373.313;739.294;2806.419;1294.091;2461.658;2024.830;2096.937;3599.401;3599.048;-0.628;3012.365;833.709;3.677;799.617;2070.922;3600.573;1517.842;0.158;3598.021;470.084;1374.506;3134.008;1932.533;1677.159;2717.196;6.854;2123.378;1520.753,3600.396;3114.865;0.512;321.378;1507.880;2380.618;933.742;836.079;3263.720;3425.995;1460.135;3317.663;533.361;337.894;1580.051;2507.535;3073.562;3599.355;2726.855;2837.002;2658.411;2619.639;2854.250;3600.070;1597.768;266.528;571.405;749.181;1205.474;3243.295;0.913;1668.702;3219.456;669.802;186.717;169.387;482.354;3124.366;129.189;461.475;3281.631;2980.035;2025.020;3598.725;-0.168;3597.690;2265.853;995.918;3388.975;2462.414;3600.038;-0.317;1873.992;1658.463;2416.816;669.165;0.489;1823.256;753.183;3409.176;1716.139;1418.043;2580.999;1694.888;3599.934;2951.493;1908.373;769.167;2284.780;2875.743;2875.629;3600.489;424.658;1285.701;1332.870;1259.860;1250.223;1632.429;2074.490;973.588;204.961;1224.742;1.671;941.322;2609.476;2256.173;3600.126;1979.521;1932.690;2214.235;2840.641;2013.457;2198.728;2481.999;1120.895;3024.442;2127.084;1006.455;580.464;0.109
377,691.4680752754211,376,-564.4630982424351,564.4630982424351,0.031384115581718414,512.363;3575.490;1024.498;3048.495;1694.885;2671.656;2660.351;2095.652;1615.280;21.092;5.225;2871.289;1744.998;961.338;3161.771;1190.819;918.208;1254.502;2443.303;1760.127;1833.749;580.497;1028.048;844.731;1143.832;464.784;401.233;3599.522;3597.511;36.163;526.357;611.494;2569.395;2815.969;0.977;2046.210;-0.899;2201.915;2539.731;3597.682;800.910;3086.344;3205.805;3599.919;3.835;1555.508;3600.914;1444.168;3392.548;1927.296;2689.326;2111.246;-0.075;-0.130;281.841;905.063;3599.554;2757.368;3166.954;2128.142;2324.230;3597.778;3599.403;3599.301;3268.210;358.046;987.669;-0.052;1999.728;2795.456;0.547;-0.064;1372.571;740.205;2806.840;1294.976;2462.492;2024.284;2097.847;3600.279;3599.740;0.245;3013.133;833.026;3.901;798.688;2071.630;3599.686;1516.916;0.484;3598.811;469.225;1375.206;3133.626;1933.444;1676.282;2716.512;7.016;2122.471;1521.680,3599.495;3113.978;1.238;321.008;1508.740;2380.884;933.220;836.238;3264.623;3426.317;1460.428;3318.452;532.597;338.707;1579.827;2508.376;3073.533;3598.892;2727.771;2836.445;2657.827;2620.336;2855.102;3600.985;1596.841;265.643;572.226;749.555;1204.824;3242.472;0.017;1669.168;3219.901;670.555;187.410;170.274;481.558;3123.700;129.956;460.578;3282.541;2980.938;2025.569;3599.622;-0.806;3598.615;2266.686;996.288;3388.069;2463.236;3600.874;0.149;1874.896;1657.674;2415.973;668.425;-0.293;1822.431;752.581;3408.358;1715.483;1418.451;2580.185;1695.559;3600.286;2950.693;1907.594;768.385;2284.067;2875.958;2875.808;3599.726;425.565;1286.569;1332.111;1259.975;1250.266;1631.890;2075.377;974.475;205.372;1225.567;0.783;940.658;2610.175;2255.425;3600.721;1980.380;1933.533;2213.390;2839.773;2012.968;2197.830;2481.093;1120.212;3023.887;2126.155;1006.082;581.264;-0.386
378,693.3358161449432,377,-564.4581720305074,564.4581720305074,0.02189110193451717,513.232;3576.359;1025.236;3049.020;1694.370;2671.007;2661.208;2096.527;1614.376;20.205;5.370;2872.156;1744.090;960.670;3160.937;1190.375;917.634;1253.711;2443.915;1759.677;1834.225;579.669;1028.078;845.409;1144.050;463.916;400.766;3600.410;3598.335;36.481;526.550;612.280;2570.301;2815.065;0.229;2045.371;-0.043;2201.037;2540.325;3596.797;800.760;3086.305;3205.321;3600.821;3.338;1555.960;3600.033;1443.283;3393.464;1926.960;2688.666;2110.508;-0.785;-0.270;282.641;905.948;3599.429;2758.131;3167.742;2128.993;2325.065;3598.628;3600.308;3600.069;3267.540;358.529;986.833;0.571;2000.184;2794.692;0.175;0.058;1371.730;739.499;2807.539;1295.650;2461.680;2023.380;2098.430;3599.427;3600.568;0.281;3012.391;833.895;3.049;799.515;2071.066;3600.372;1517.553;-0.146;3599.688;468.400;1376.115;3134.503;1932.586;1675.482;2715.603;6.495;2122.949;1521.253,3598.709;3114.039;0.364;321.895;1507.945;2381.781;932.805;835.347;3265.537;3427.085;1459.712;3318.809;533.052;338.591;1580.703;2507.763;3072.639;3598.687;2726.972;2837.040;2656.922;2621.233;2856.018;3600.100;1597.518;266.294;571.395;750.414;1205.579;3243.198;0.561;1669.785;3219.022;671.263;188.313;169.433;482.382;3124.525;129.103;459.664;3281.774;2981.826;2024.699;3600.539;0.069;3599.464;2266.638;997.182;3387.621;2464.150;3599.997;0.949;1875.592;1657.984;2415.069;667.519;0.536;1821.590;751.675;3407.477;1715.277;1417.942;2579.275;1694.707;3599.411;2949.794;1906.871;769.188;2284.854;2875.077;2876.702;3599.478;424.766;1285.991;1331.335;1260.870;1251.144;1632.755;2074.609;975.248;204.494;1224.976;-0.060;940.854;2611.004;2254.515;3599.840;1980.157;1933.055;2214.196;2838.866;2013.817;2198.432;2481.906;1120.935;3024.738;2126.919;1005.182;580.492;0.464
379,695.2310087680817,378,-564.4703392703649,564.4703392703649,0.01823200600464498,514.127;3575.684;1024.593;3048.238;1695.128;2671.306;2662.103;2095.845;1613.870;19.301;4.865;2871.658;1744.555;961.532;3161.586;1190.659;916.759;1254.110;2443.996;1760.082;1833.583;580.499;1027.270;845.047;1144.929;464.089;399.902;3599.635;3597.585;37.365;525.712;613.127;2570.563;2814.191;-0.231;2046.129;0.482;2201.694;2540.176;3597.509;801.539;3085.431;3206.040;3599.967;4.116;1555.209;3599.686;1442.382;3393.856;1926.532;2689.101;2109.611;0.078;0.405;282.973;905.671;3600.273;2757.527;3168.267;2128.897;2324.346;3599.182;3599.593;3599.498;3268.308;357.738;985.937;-0.074;2000.343;2795.039;-0.269;-0.715;1372.265;739.723;2806.924;1295.642;2462.381;2023.598;2097.875;3600.019;3599.699;-0.228;3012.151;834.704;3.344;800.337;2070.193;3599.576;1516.737;-0.884;3599.709;468.970;1376.981;3135.321;1933.070;1676.269;2716.228;7.201;2123.791;1521.727,3599.090;3113.259;0.105;322.086;1507.998;2381.297;933.668;835.879;3265.556;3426.324;1458.841;3319.667;532.321;337.735;1580.025;2508.406;3073.128;3599.543;2727.320;2836.584;2657.143;2620.405;2856.618;3599.892;1596.767;265.490;571.656;749.717;1206.438;3243.948;1.177;1668.919;3219.348;671.017;187.610;168.920;482.937;3125.397;128.201;459.365;3281.043;2981.111;2023.952;3599.858;-0.033;3599.007;2265.800;997.135;3387.054;2464.944;3599.971;0.239;1876.310;1658.867;2414.725;667.928;-0.162;1822.191;751.751;3408.147;1714.406;1417.136;2580.015;1695.272;3599.940;2950.637;1907.714;769.620;2284.250;2874.216;2876.844;3600.317;424.331;1286.376;1332.149;1261.185;1251.288;1632.118;2075.350;974.392;204.606;1225.828;0.715;941.736;2610.462;2253.990;3599.789;1981.007;1932.213;2214.999;2838.104;2012.978;2198.583;2482.798;1120.278;3024.740;2126.302;1005.312;579.912;0.284
380,696.9338810443878,379,-564.5035484662469,564.5035484662469,0.03254308878040608,514.847;3576.490;1025.361;3047.352;1696.009;2670.729;2661.272;2095.192;1612.996;18.435;5.709;2870.782;1743.701;962.416;3162.466;1191.526;917.353;1254.984;2443.147;1759.411;1834.019;581.199;1026.383;844.175;1145.809;463.503;399.199;3600.407;3598.425;38.070;525.351;612.279;2569.733;2814.636;-1.088;2046.795;0.225;2202.575;2540.877;3597.607;802.425;3084.698;3206.185;3599.603;4.919;1555.683;3600.230;1441.752;3394.730;1925.682;2689.957;2110.412;0.215;-0.454;283.776;904.857;3600.810;2756.780;3167.533;2128.052;2324.654;3598.334;3599.978;3598.620;3269.168;356.853;985.046;0.680;2001.211;2795.911;0.588;0.015;1373.139;738.916;2806.048;1294.785;2461.875;2024.448;2096.998;3600.027;3599.063;0.546;3013.016;833.960;3.554;801.225;2069.613;3599.304;1515.932;-0.030;3600.543;468.219;1377.869;3134.494;1933.945;1677.146;2715.934;6.429;2122.966;1522.383,3599.962;3114.074;0.879;321.406;1507.278;2380.443;934.555;836.094;3264.695;3425.449;1457.971;3320.550;533.058;336.885;1579.143;2507.577;3073.996;3600.433;2728.113;2837.244;2658.007;2619.561;2855.825;3599.826;1595.911;264.621;572.525;748.850;1205.624;3244.832;0.373;1668.116;3219.674;670.148;187.873;169.595;482.107;3124.722;128.895;460.191;3280.183;2981.806;2024.727;3599.903;-0.324;3598.168;2266.609;996.270;3386.178;2465.755;3600.602;-0.645;1877.191;1659.464;2413.950;668.783;-0.976;1823.069;752.596;3408.473;1715.206;1416.381;2580.777;1696.115;3600.653;2951.489;1908.600;768.787;2283.372;2873.328;2875.996;3600.173;423.529;1286.515;1333.036;1260.398;1250.429;1631.241;2076.192;974.267;205.463;1226.702;0.195;942.624;2611.092;2253.118;3600.125;1981.844;1931.991;2215.887;2837.428;2013.715;2197.724;2483.006;1119.399;3025.423;2125.538;1005.852;580.461;-0.540
381,698.7982754707336,380,-564.4885068563049,564.4885068563049,0.022956531131380038,515.632;3577.363;1024.678;3047.522;1696.761;2671.582;2661.507;2096.006;1612.204;18.496;5.575;2871.175;1743.105;961.818;3162.363;1192.355;916.580;1254.916;2442.402;1760.144;1834.050;580.901;1026.832;844.589;1145.362;462.638;399.913;3599.585;3599.261;37.281;524.499;612.554;2569.629;2815.213;-0.240;2045.951;-0.058;2202.740;2540.075;3598.463;801.743;3085.171;3207.023;3600.176;4.090;1556.541;3599.527;1442.511;3395.390;1925.323;2690.669;2111.279;1.048;-0.125;283.009;905.621;3599.963;2755.910;3167.393;2128.445;2323.843;3598.369;3600.035;3599.248;3268.496;357.075;984.210;-0.071;2001.377;2795.443;1.346;0.829;1372.360;739.645;2805.389;1295.533;2462.406;2024.816;2097.784;3600.832;3599.835;-0.233;3012.699;834.704;2.702;800.916;2068.749;3599.979;1516.596;0.376;3599.727;467.358;1377.133;3134.928;1933.408;1676.508;2715.285;7.265;2122.108;1523.249,3600.444;3114.250;0.135;320.598;1508.090;2381.028;935.289;835.612;3263.966;3425.747;1457.095;3319.935;532.252;336.523;1579.526;2507.997;3073.523;3599.670;2728.955;2838.111;2657.319;2619.341;2855.533;3600.555;1596.399;264.657;573.072;747.973;1206.276;3244.564;-0.482;1667.282;3220.531;670.498;188.706;168.885;481.919;3125.435;129.365;461.064;3279.359;2981.196;2024.352;3599.535;0.450;3598.538;2267.392;996.499;3386.721;2466.628;3599.786;0.104;1878.042;1660.326;2413.778;669.548;-0.150;1822.675;752.359;3409.300;1714.572;1415.515;2581.063;1695.600;3599.827;2952.142;1908.631;768.988;2283.443;2873.131;2875.712;3600.998;424.337;1287.371;1333.149;1259.549;1250.190;1631.436;2076.076;974.662;205.201;1227.002;0.645;942.126;2610.848;2252.462;3600.215;1981.290;1931.140;2215.927;2838.164;2013.450;2196.881;2482.226;1119.482;3025.087;2126.099;1006.334;579.743;0.267
382,700.6879940032959,381,-564.4955044084315,564.4955044084315,0.03465763905775119,514.848;3577.955;1023.824;3047.160;1697.226;2672.330;2661.742;2096.617;1611.395;18.595;4.739;2871.586;1742.256;961.176;3161.590;1193.053;915.731;1254.631;2441.581;1759.997;1833.268;580.056;1027.681;845.387;1144.513;461.801;400.770;3599.419;3599.313;36.438;523.655;612.463;2570.295;2814.382;0.037;2045.302;-0.883;2201.972;2540.836;3598.790;801.313;3084.360;3207.697;3600.990;3.693;1557.404;3599.757;1442.564;3394.714;1925.518;2691.524;2112.012;1.387;0.668;282.149;906.435;3599.879;2755.045;3167.671;2129.287;2323.185;3599.177;3600.842;3599.270;3268.912;357.851;983.550;0.728;2000.563;2795.086;1.048;1.655;1371.628;740.447;2806.120;1296.391;2463.255;2024.158;2098.621;3600.012;3600.091;-1.062;3012.656;835.539;2.006;801.302;2068.955;3600.832;1517.244;1.031;3599.619;466.520;1376.345;3135.758;1932.969;1675.673;2714.431;7.475;2122.273;1524.086,3599.639;3113.429;-0.651;319.794;1508.893;2381.745;935.696;834.799;3264.269;3426.301;1456.303;3319.583;532.850;335.759;1580.342;2508.819;3072.679;3599.329;2729.753;2837.707;2656.611;2620.146;2856.164;3599.747;1597.141;265.179;572.391;748.616;1207.093;3243.747;0.264;1666.502;3220.746;671.338;189.564;168.165;482.726;3125.748;129.615;460.920;3279.891;2981.593;2023.519;3600.325;-0.362;3599.383;2266.662;996.048;3386.825;2467.492;3600.095;0.004;1877.864;1659.936;2414.585;668.854;0.276;1823.026;751.522;3410.154;1713.780;1414.654;2580.244;1694.904;3599.787;2951.391;1909.223;769.831;2282.732;2872.361;2876.516;3600.184;423.646;1286.654;1332.365;1260.339;1250.852;1632.165;2076.485;973.863;204.789;1227.843;-0.089;941.291;2611.512;2252.190;3601.028;1982.058;1930.375;2215.130;2839.010;2012.644;2197.564;2482.771;1120.288;3025.918;2125.875;1005.493;578.892;0.546
383,702.5914533138275,382,-564.4976312383935,564.4976312383935,0.026108650576076288,514.470;3577.227;1024.535;3046.341;1697.956;2671.536;2661.637;2096.097;1611.538;17.777;5.421;2870.929;1741.723;960.335;3160.840;1193.760;915.970;1253.847;2442.005;1759.183;1834.056;579.282;1027.109;844.721;1143.895;461.278;400.538;3600.122;3600.124;36.734;524.442;611.682;2569.835;2813.534;-0.620;2044.495;-0.073;2202.522;2541.682;3598.313;802.019;3083.517;3207.008;3600.200;4.066;1556.752;3599.241;1442.162;3394.005;1926.343;2692.371;2112.690;0.670;0.023;282.021;906.921;3600.308;2755.476;3168.503;2130.128;2323.849;3598.693;3600.028;3600.064;3269.735;358.583;983.022;1.477;2000.893;2795.776;0.635;1.271;1372.260;739.731;2806.963;1296.781;2463.408;2023.316;2098.724;3599.440;3599.305;-0.274;3013.298;834.950;1.610;801.317;2068.135;3600.049;1517.862;0.858;3599.809;465.803;1375.981;3135.325;1933.119;1676.001;2715.205;7.475;2123.097;1523.883,3600.082;3112.582;0.145;320.593;1508.177;2382.582;935.192;835.516;3265.097;3425.698;1455.467;3319.181;533.496;336.554;1581.072;2508.837;3071.859;3598.608;2728.958;2838.472;2655.866;2620.686;2855.442;3599.891;1597.857;264.369;571.562;749.412;1206.410;3243.357;0.019;1667.302;3219.942;672.167;190.392;167.415;483.467;3126.561;128.791;460.169;3279.358;2982.426;2024.205;3601.095;-0.305;3600.205;2265.950;996.793;3386.582;2468.243;3600.643;-0.362;1878.550;1659.607;2415.423;668.011;-0.068;1822.221;750.686;3409.372;1714.337;1414.446;2579.415;1694.065;3599.910;2951.546;1908.424;770.150;2283.448;2872.583;2877.334;3599.578;422.895;1287.341;1331.550;1260.617;1251.582;1633.010;2075.671;974.611;205.579;1227.237;-0.934;940.459;2612.354;2251.472;3600.207;1981.330;1930.903;2215.423;2838.671;2012.794;2196.960;2482.112;1120.597;3026.496;2126.685;1005.238;578.276;0.509
384,704.2999408245087,383,-564.5055365229639,564.5055365229639,0.029410868027408974,515.217;3576.395;1023.904;3045.508;1698.781;2671.021;2662.340;2095.556;1612.295;18.084;4.791;2870.099;1742.511;960.847;3161.442;1194.589;915.416;1253.019;2442.827;1758.349;1833.947;579.245;1026.292;844.917;1144.172;462.006;400.759;3600.259;3599.948;35.961;523.839;612.357;2570.645;2814.093;0.119;2043.704;-0.004;2203.338;2542.279;3598.778;801.850;3082.682;3206.177;3599.490;3.347;1557.274;3599.710;1442.935;3394.782;1925.633;2693.059;2112.085;0.832;0.101;281.243;906.470;3599.616;2754.897;3169.253;2130.492;2323.056;3599.072;3600.320;3600.861;3270.572;359.323;983.815;1.369;2000.681;2796.295;-0.161;1.916;1372.208;740.319;2807.071;1297.599;2464.222;2022.485;2099.510;3599.289;3599.683;0.271;3013.427;834.160;1.999;800.506;2068.424;3600.003;1517.055;0.048;3599.319;464.975;1376.751;3134.633;1932.325;1675.439;2715.621;6.669;2122.526;1524.640,3600.540;3111.763;0.117;320.044;1507.362;2381.899;934.368;836.348;3265.700;3426.268;1454.629;3319.975;534.273;335.894;1580.338;2509.632;3071.086;3597.776;2729.396;2837.826;2656.627;2619.892;2854.611;3600.449;1597.057;263.542;572.201;749.837;1206.406;3242.543;-0.768;1668.108;3219.497;672.053;190.877;168.217;484.129;3125.820;127.958;460.814;3280.156;2982.419;2025.029;3600.298;0.379;3600.582;2265.121;996.093;3385.763;2467.483;3599.938;-1.125;1877.796;1660.406;2415.847;667.886;-0.220;1821.943;750.134;3410.017;1714.829;1413.735;2579.426;1694.833;3600.712;2952.363;1907.774;770.943;2282.958;2871.799;2877.786;3600.048;422.080;1288.167;1332.047;1260.830;1252.406;1633.813;2075.780;974.901;206.406;1227.199;-0.157;940.072;2611.553;2252.235;3599.699;1980.619;1931.726;2216.222;2837.855;2012.073;2196.133;2482.835;1121.403;3027.295;2127.078;1005.576;579.002;-0.270
385,706.1656727790833,384,-564.4843374243252,564.4843374243252,0.020327186185180382,516.016;3575.745;1024.204;3045.643;1699.011;2670.231;2663.154;2094.743;1613.003;17.292;4.105;2870.693;1743.249;961.638;3160.829;1194.656;914.606;1252.881;2442.818;1759.080;1834.740;579.958;1025.501;845.703;1143.863;461.846;399.978;3599.579;3600.735;35.496;524.338;613.169;2571.420;2814.637;0.200;2043.120;-0.503;2203.490;2542.258;3599.392;801.078;3081.996;3206.182;3599.851;3.670;1556.599;3598.996;1442.227;3394.539;1924.814;2693.824;2111.273;0.128;0.523;280.865;905.674;3599.362;2755.658;3169.938;2130.682;2322.468;3599.058;3599.569;3600.066;3271.112;360.143;984.441;1.991;2001.144;2795.516;0.515;2.732;1371.447;740.354;2807.127;1298.268;2465.011;2021.665;2099.419;3599.147;3600.436;0.268;3012.633;834.491;1.228;799.967;2067.777;3600.527;1516.560;-0.483;3600.103;464.288;1376.967;3135.148;1932.749;1674.733;2716.417;5.857;2123.009;1524.479,3599.757;3111.007;-0.516;319.543;1507.321;2381.129;935.016;836.075;3266.030;3427.080;1453.974;3319.280;533.600;335.361;1580.073;2509.123;3070.296;3598.030;2730.043;2838.603;2657.256;2619.326;2853.786;3599.666;1596.721;263.129;571.567;750.536;1205.642;3242.729;0.014;1668.231;3220.129;671.286;190.587;167.934;484.930;3126.549;127.193;461.421;3280.584;2981.693;2025.516;3599.659;-0.291;3599.793;2264.487;995.341;3386.221;2466.792;3600.342;-0.331;1878.447;1661.104;2416.178;668.669;0.505;1821.143;750.461;3410.635;1714.036;1413.026;2580.211;1695.233;3599.956;2953.036;1908.466;771.681;2282.579;2871.304;2878.064;3599.639;422.535;1287.615;1332.415;1261.626;1252.996;1634.634;2076.060;974.153;206.084;1227.981;0.430;940.830;2611.555;2251.580;3600.010;1981.114;1931.037;2217.035;2838.326;2011.253;2196.075;2482.830;1122.227;3026.564;2126.653;1004.899;578.684;0.434
386,708.0612797737122,385,-564.4937998626916,564.4937998626916,0.016732445879750143,515.938;3576.502;1024.453;3046.412;1699.363;2670.927;2663.964;2094.505;1612.249;17.403;4.750;2871.318;1743.971;960.965;3160.421;1193.879;915.325;1252.089;2443.568;1758.326;1835.546;580.752;1025.571;846.476;1144.633;461.055;399.181;3599.118;3599.968;34.706;525.127;612.496;2571.885;2814.060;-0.298;2042.318;0.241;2204.279;2541.481;3598.823;800.278;3082.728;3205.392;3600.209;3.935;1557.034;3599.747;1441.420;3393.768;1925.354;2693.062;2112.008;0.886;-0.117;281.641;906.436;3598.685;2755.310;3169.171;2129.921;2321.806;3599.848;3599.348;3600.099;3270.557;360.562;985.244;1.295;2000.395;2796.103;0.920;2.561;1372.181;739.649;2806.339;1297.645;2464.830;2021.390;2100.062;3599.926;3599.717;-0.397;3013.138;834.973;0.418;800.573;2066.973;3599.762;1516.421;0.296;3599.505;463.491;1376.385;3134.527;1931.993;1675.502;2717.147;5.812;2122.338;1523.762,3599.868;3111.672;0.247;319.845;1506.588;2381.425;934.596;836.731;3266.751;3426.552;1453.173;3319.914;534.350;334.598;1580.824;2509.886;3069.817;3597.347;2729.318;2837.870;2658.060;2618.694;2854.192;3600.085;1596.626;262.341;571.527;749.880;1206.331;3241.965;-0.191;1667.453;3219.351;670.477;191.362;167.412;485.288;3126.139;127.513;460.766;3281.334;2982.452;2024.806;3600.139;0.238;3600.445;2264.829;994.663;3385.516;2467.288;3599.650;0.074;1879.252;1661.148;2416.972;667.994;-0.096;1820.430;750.197;3409.934;1714.238;1412.219;2579.527;1696.023;3599.842;2952.398;1908.175;771.554;2281.783;2872.066;2878.858;3600.396;422.297;1288.128;1331.839;1261.073;1252.327;1635.211;2076.815;974.729;206.851;1227.922;-0.110;940.222;2610.941;2250.878;3600.778;1981.906;1931.152;2216.888;2837.559;2010.491;2196.840;2482.045;1123.006;3027.264;2125.871;1005.303;578.143;-0.236
387,709.9800002574921,386,-564.4815176603151,564.4815176603151,0.02426684512689355,516.693;3577.089;1024.322;3047.158;1698.832;2671.622;2664.355;2094.725;1611.744;17.333;4.164;2872.107;1744.744;961.452;3159.645;1193.768;915.034;1251.719;2442.872;1758.788;1834.955;581.546;1024.868;847.271;1145.358;460.305;398.678;3598.336;3599.771;33.962;525.495;612.943;2571.452;2813.539;0.423;2041.921;-0.384;2204.850;2540.857;3599.574;799.478;3083.466;3205.022;3599.463;3.216;1557.781;3600.469;1441.762;3394.259;1926.139;2692.680;2112.628;1.064;0.612;281.363;906.702;3598.704;2756.000;3169.438;2129.124;2322.496;3600.570;3599.283;3600.041;3270.012;361.242;985.005;1.774;2001.134;2795.977;1.688;2.019;1371.580;739.049;2805.645;1297.909;2464.174;2020.771;2099.375;3600.678;3599.731;0.347;3012.403;835.721;-0.359;799.977;2066.652;3599.711;1516.694;0.096;3599.862;464.082;1376.489;3133.870;1932.544;1676.205;2716.656;5.051;2121.550;1522.970,3599.144;3111.657;0.145;320.563;1507.171;2382.185;933.855;837.443;3267.541;3427.271;1453.774;3319.530;533.722;335.276;1580.161;2509.665;3069.118;3596.746;2729.892;2837.904;2657.452;2619.434;2854.947;3600.013;1595.868;262.577;570.800;750.314;1206.544;3241.279;0.319;1667.585;3219.784;670.704;191.104;166.732;486.035;3125.848;126.961;459.974;3282.069;2982.717;2024.133;3600.800;-0.525;3599.851;2265.609;995.356;3384.769;2468.065;3599.679;0.201;1879.993;1660.435;2416.691;668.604;-0.873;1820.324;749.417;3409.248;1713.487;1412.930;2579.743;1695.713;3600.083;2952.585;1907.588;771.442;2281.573;2872.740;2879.145;3599.823;423.068;1287.423;1331.077;1260.940;1253.043;1635.730;2076.068;975.519;206.272;1228.030;0.224;940.762;2610.152;2251.075;3600.071;1982.048;1931.920;2216.116;2837.652;2010.827;2196.249;2481.396;1122.972;3027.690;2125.482;1005.804;578.827;0.394
388,711.6944983005524,387,-564.4720725659072,564.4720725659072,0.018205513403776272,515.991;3577.818;1024.918;3046.485;1699.418;2672.106;2663.676;2095.493;1610.994;16.721;4.847;2872.805;1744.107;960.729;3158.948;1194.448;915.725;1252.315;2442.361;1759.351;1834.694;580.906;1024.098;846.974;1144.739;460.648;399.406;3598.291;3599.227;33.448;524.850;612.271;2570.708;2812.764;1.109;2042.592;0.225;2204.225;2541.590;3600.034;800.030;3083.454;3204.538;3599.089;2.437;1558.555;3599.725;1442.119;3395.028;1926.527;2693.183;2112.336;0.723;0.155;280.643;906.061;3598.166;2756.438;3170.195;2129.399;2323.264;3599.901;3600.016;3599.714;3269.375;362.002;984.266;1.098;2001.668;2795.212;1.986;1.332;1371.356;738.297;2806.228;1298.590;2463.807;2020.035;2098.596;3599.932;3600.467;-0.046;3012.667;836.506;0.291;799.283;2067.362;3600.338;1515.963;-0.360;3599.505;464.747;1377.254;3134.559;1933.312;1676.450;2715.892;4.715;2120.874;1522.196,3598.893;3110.915;-0.450;321.346;1507.622;2382.970;934.230;836.744;3268.187;3427.381;1453.144;3319.483;532.976;336.049;1580.847;2510.327;3069.861;3596.015;2729.270;2837.947;2656.810;2619.133;2855.678;3600.749;1595.181;263.170;570.030;749.685;1207.184;3240.645;-0.165;1668.256;3219.117;671.469;191.508;167.376;486.816;3126.580;126.185;459.186;3282.790;2983.459;2024.842;3600.057;0.100;3600.360;2265.632;996.123;3384.073;2468.559;3599.580;0.476;1880.711;1661.081;2415.974;667.912;-0.116;1819.557;748.631;3408.466;1712.800;1412.686;2578.999;1694.943;3599.555;2951.854;1906.810;770.688;2280.824;2873.471;2879.914;3599.991;423.266;1288.069;1330.299;1260.297;1253.827;1636.505;2075.285;976.253;206.861;1228.034;-0.325;941.048;2610.844;2251.754;3600.407;1981.349;1931.425;2216.378;2836.992;2010.100;2195.515;2482.115;1123.709;3027.959;2126.218;1005.096;578.380;1.011
389,713.5750334262848,388,-564.4902099931326,564.4902099931326,0.01962913623155634,515.227;3577.248;1025.677;3047.109;1700.183;2671.433;2663.262;2095.326;1611.016;17.449;5.614;2873.132;1743.338;961.309;3158.230;1194.816;916.474;1251.745;2443.067;1758.964;1835.337;581.521;1023.479;846.436;1143.989;460.104;398.810;3598.854;3599.974;34.107;525.541;612.368;2569.935;2813.223;0.386;2042.055;-0.049;2203.862;2541.086;3599.352;799.964;3084.116;3205.282;3599.826;3.108;1557.853;3599.798;1442.841;3394.414;1925.811;2693.919;2112.769;-0.036;-0.577;279.876;905.340;3598.910;2757.134;3169.523;2130.100;2322.596;3599.138;3600.239;3599.060;3268.628;362.776;984.213;1.337;2001.986;2794.572;2.728;0.563;1372.057;738.731;2806.975;1298.600;2463.048;2020.625;2098.969;3599.163;3599.754;-0.782;3011.924;835.854;-0.170;798.515;2066.693;3599.711;1516.658;0.382;3599.147;464.663;1376.579;3135.328;1932.789;1677.206;2715.454;5.454;2121.589;1521.499,3599.592;3111.466;0.258;320.666;1508.378;2382.387;934.974;835.974;3267.638;3426.639;1453.633;3320.232;533.637;335.381;1580.736;2511.084;3070.626;3596.750;2728.791;2837.234;2656.054;2618.467;2856.099;3600.016;1595.852;263.930;570.652;748.918;1207.943;3241.293;0.440;1667.543;3219.063;670.789;190.769;168.143;486.133;3125.939;126.775;459.165;3283.554;2983.967;2025.045;3599.339;0.796;3599.658;2266.342;995.820;3384.804;2467.872;3600.324;-0.269;1879.981;1661.808;2415.325;668.146;-0.327;1819.928;749.320;3408.739;1713.441;1412.033;2579.653;1695.468;3600.267;2951.202;1907.407;769.923;2281.238;2872.983;2879.381;3600.745;423.998;1288.000;1330.864;1261.036;1253.228;1635.892;2075.762;975.539;207.083;1227.280;0.377;941.199;2611.598;2251.009;3599.739;1981.999;1930.663;2217.131;2836.248;2010.744;2195.914;2481.490;1124.479;3027.342;2125.573;1005.773;577.633;0.391
390,715.4777054786682,389,-564.4960198149637,564.4960198149637,0.013916773933689156,515.710;3576.494;1026.020;3047.124;1700.225;2670.675;2663.093;2094.582;1610.312;18.210;5.335;2873.853;1743.119;961.438;3157.471;1195.523;916.201;1250.995;2442.714;1758.401;1836.016;581.135;1022.736;847.170;1143.533;459.353;398.108;3598.206;3600.275;34.857;526.300;611.929;2570.636;2813.915;-0.030;2041.303;-0.721;2204.594;2540.947;3599.937;799.229;3083.422;3205.175;3600.515;3.740;1557.214;3599.949;1443.601;3393.729;1925.091;2694.680;2113.518;0.586;0.111;279.274;905.936;3599.671;2757.893;3170.145;2130.830;2321.844;3599.346;3599.505;3599.755;3269.354;363.537;984.770;0.672;2002.722;2793.845;2.000;-0.199;1372.474;738.011;2807.150;1299.327;2463.752;2021.163;2099.711;3599.115;3599.423;-0.096;3011.252;835.156;-0.023;797.957;2065.940;3599.474;1516.125;0.214;3599.887;463.925;1376.229;3134.725;1932.297;1677.607;2716.182;6.100;2122.348;1521.646,3600.191;3110.824;0.614;320.462;1508.289;2381.661;935.107;835.781;3268.243;3426.104;1454.363;3320.895;534.343;334.698;1580.077;2511.354;3070.064;3597.078;2729.373;2836.978;2656.080;2617.896;2855.566;3600.101;1596.434;263.666;570.163;748.844;1208.379;3241.001;0.724;1667.455;3219.710;670.255;191.235;167.540;485.634;3125.451;126.921;459.675;3283.705;2984.607;2024.752;3598.990;0.245;3599.738;2267.022;995.086;3385.401;2467.131;3599.619;0.053;1879.271;1662.563;2415.594;668.848;0.049;1820.035;749.734;3409.001;1713.973;1412.304;2580.291;1695.988;3599.712;2951.682;1907.343;769.797;2281.982;2872.354;2879.476;3600.130;423.719;1287.355;1331.243;1261.794;1253.452;1635.429;2075.366;975.080;206.355;1226.702;-0.070;940.528;2611.314;2250.522;3599.659;1981.628;1930.222;2217.507;2836.595;2011.027;2196.646;2481.041;1123.838;3027.998;2126.252;1005.254;576.871;0.381
391,717.1826436519623,390,-564.5193713636562,564.5193713636562,0.0250055347733649,515.121;3575.869;1026.736;3047.839;1700.138;2670.108;2663.817;2094.170;1610.071;18.424;6.052;2874.596;1742.393;962.106;3156.892;1194.853;916.895;1250.306;2442.861;1758.797;1836.190;581.046;1023.066;847.796;1144.230;459.379;397.360;3598.313;3599.603;35.595;526.911;611.297;2571.209;2814.619;0.009;2040.932;-0.002;2205.278;2540.223;3600.510;798.590;3082.952;3205.864;3599.834;3.286;1556.510;3599.294;1444.192;3394.373;1924.598;2694.121;2114.117;0.249;-0.186;278.553;905.597;3599.652;2758.545;3169.842;2130.670;2322.292;3600.078;3600.099;3599.180;3269.006;363.545;984.221;-0.073;2003.100;2793.161;1.636;-0.577;1371.974;737.289;2806.450;1298.736;2463.274;2021.904;2100.090;3599.158;3599.324;-0.488;3010.535;834.484;-0.521;798.558;2065.449;3600.190;1516.444;0.843;3600.628;463.265;1376.362;3134.669;1931.557;1678.317;2715.905;6.667;2123.013;1522.373,3600.571;3111.510;0.155;319.824;1507.575;2381.153;935.828;835.079;3267.619;3425.365;1453.858;3321.635;535.076;333.957;1579.343;2510.663;3069.419;3597.808;2728.697;2836.844;2655.423;2618.064;2854.830;3599.606;1597.177;264.345;570.862;748.124;1209.098;3241.722;1.083;1666.770;3219.124;669.522;190.885;167.434;484.982;3124.778;127.646;460.415;3282.977;2984.163;2024.017;3599.023;0.365;3599.171;2266.923;994.336;3384.903;2467.104;3600.163;-0.636;1878.545;1663.192;2414.918;669.541;-0.602;1820.763;750.466;3409.681;1714.714;1411.581;2580.995;1696.725;3600.347;2952.395;1908.063;769.131;2282.648;2871.611;2878.844;3600.436;423.015;1286.639;1331.978;1262.501;1252.797;1634.695;2076.012;974.429;205.673;1227.380;0.089;939.790;2611.948;2249.800;3600.139;1982.198;1929.485;2218.211;2837.205;2011.760;2197.396;2481.146;1123.247;3028.741;2126.938;1004.591;576.121;-0.347
392,719.0500502586365,391,-564.5041490645315,564.5041490645315,0.013031756511784348,514.525;3575.681;1027.006;3047.929;1699.473;2670.111;2664.415;2093.484;1610.723;17.786;6.567;2875.108;1742.762;962.773;3156.173;1195.444;917.624;1249.826;2442.152;1758.100;1835.515;581.764;1022.355;847.555;1143.730;459.966;396.709;3598.956;3599.474;35.319;527.410;611.720;2571.151;2813.929;0.608;2041.622;-0.128;2205.955;2540.391;3599.799;799.255;3082.227;3205.559;3599.644;2.617;1556.081;3599.972;1443.546;3394.774;1924.915;2694.204;2113.437;0.093;-0.894;277.817;904.922;3598.958;2759.280;3170.478;2129.958;2322.636;3600.147;3600.125;3599.760;3269.681;363.482;984.892;0.063;2003.825;2792.570;1.312;0.090;1371.247;736.552;2806.981;1299.423;2463.771;2021.231;2099.424;3599.834;3600.033;0.084;3010.020;833.751;0.194;799.242;2066.067;3599.628;1515.737;0.328;3599.981;463.852;1377.083;3134.162;1931.901;1679.052;2715.271;7.395;2122.692;1521.732,3599.853;3110.979;0.614;320.488;1506.861;2381.792;935.276;835.023;3268.227;3425.242;1453.360;3321.557;534.479;334.552;1578.608;2510.211;3069.872;3597.245;2729.263;2837.249;2654.802;2617.348;2855.479;3599.792;1596.542;263.648;570.219;747.543;1209.510;3241.622;1.801;1667.255;3219.725;669.989;190.161;168.149;485.524;3124.674;127.022;459.841;3283.610;2984.816;2024.628;3599.696;0.486;3598.686;2266.230;993.849;3384.217;2466.469;3599.816;-0.055;1878.307;1663.919;2414.184;670.240;0.045;1820.368;750.153;3409.275;1714.112;1411.905;2580.865;1696.733;3599.713;2953.132;1908.782;769.840;2282.021;2871.535;2879.410;3599.827;423.684;1287.260;1331.584;1261.917;1253.365;1635.181;2075.354;975.040;205.697;1227.814;0.804;940.138;2612.294;2250.413;3599.466;1982.732;1929.985;2218.850;2837.938;2011.437;2196.753;2481.866;1123.804;3029.446;2126.281;1005.168;576.432;0.214
393,720.9465503692627,392,-564.5384754072679,564.5384754072679,0.020244881110122723,513.804;3576.359;1027.368;3048.618;1698.753;2670.640;2665.136;2093.032;1610.429;18.454;6.364;2875.825;1742.387;962.535;3156.696;1194.789;918.240;1250.413;2442.350;1757.961;1834.814;582.351;1021.878;847.882;1144.041;460.311;397.129;3599.609;3599.021;34.846;526.820;611.013;2571.790;2813.206;-0.020;2042.301;0.090;2205.541;2540.802;3599.868;799.952;3082.442;3205.442;3599.964;2.611;1556.758;3600.463;1442.824;3394.104;1925.628;2693.518;2112.848;-0.409;-0.200;278.057;905.569;3599.441;2759.874;3170.595;2129.236;2323.276;3600.335;3599.522;3599.758;3270.290;362.839;985.616;-0.518;2003.250;2791.852;0.726;-0.512;1370.561;735.944;2806.391;1298.828;2463.133;2021.239;2098.702;3599.868;3600.179;0.381;3010.666;834.323;0.015;799.966;2066.774;3600.166;1516.203;-0.209;3599.892;463.450;1377.782;3134.828;1932.375;1679.729;2714.619;6.942;2122.074;1521.996,3599.630;3111.359;-0.051;321.211;1506.138;2382.237;935.515;834.360;3268.697;3425.933;1452.643;3322.211;534.767;334.755;1578.520;2509.509;3069.219;3597.629;2728.604;2837.964;2654.080;2617.981;2855.073;3600.319;1596.395;263.098;569.658;747.993;1209.345;3241.663;1.462;1667.848;3219.319;669.367;190.623;168.874;486.236;3123.993;126.626;459.712;3284.194;2985.539;2025.311;3600.420;-0.215;3599.241;2265.505;993.134;3383.501;2467.133;3600.408;-0.559;1877.865;1663.674;2413.694;669.675;-0.005;1820.588;749.507;3408.560;1714.322;1411.871;2580.172;1696.105;3600.114;2952.969;1908.253;770.487;2281.582;2870.856;2880.126;3599.130;423.142;1287.799;1331.462;1262.152;1253.492;1635.699;2074.638;975.608;206.387;1227.157;0.277;939.444;2612.682;2251.082;3600.117;1982.056;1930.357;2219.560;2837.979;2011.882;2196.992;2482.428;1124.515;3030.170;2126.505;1004.517;575.933;-0.264
394,722.6508803367615,393,-564.5230628232739,564.5230628232739,0.014958643700517665,513.637;3577.030;1028.034;3048.070;1698.529;2671.212;2664.801;2093.240;1609.728;18.264;5.682;2875.567;1742.866;961.844;3157.136;1195.073;917.817;1251.118;2441.731;1757.704;1834.390;582.020;1022.222;847.222;1143.424;459.804;397.734;3600.315;3599.580;35.385;527.329;610.365;2571.160;2812.602;0.142;2042.498;-0.567;2206.101;2541.505;3599.971;800.499;3081.813;3204.790;3600.657;1.989;1556.484;3599.785;1442.345;3393.906;1925.905;2693.897;2113.015;0.274;0.063;277.497;904.957;3600.143;2760.519;3171.284;2128.969;2323.979;3599.651;3599.583;3600.421;3270.880;362.140;984.999;0.173;2003.848;2792.115;1.262;-0.023;1370.951;735.384;2806.997;1298.357;2463.574;2020.835;2098.554;3599.325;3599.494;0.935;3011.215;834.402;0.350;800.306;2066.615;3599.594;1515.777;0.063;3599.583;464.108;1378.476;3134.195;1933.078;1680.058;2714.445;6.406;2121.450;1521.480,3599.189;3110.938;0.536;321.800;1506.163;2382.940;936.209;834.897;3269.392;3426.582;1452.225;3322.460;534.125;334.704;1579.183;2510.057;3069.242;3597.213;2728.617;2837.344;2653.550;2617.516;2855.732;3599.667;1595.789;262.738;570.148;747.355;1208.729;3241.442;0.760;1667.203;3218.620;669.953;191.199;168.372;486.811;3124.660;125.944;459.024;3283.908;2986.255;2025.838;3599.801;0.212;3599.949;2265.994;993.309;3383.133;2467.768;3599.721;0.114;1878.537;1663.559;2412.990;668.966;0.013;1819.897;748.817;3408.107;1713.721;1412.226;2579.463;1695.405;3599.474;2952.286;1908.631;769.904;2281.008;2871.392;2880.787;3599.444;423.795;1288.507;1330.765;1261.502;1254.168;1636.406;2074.790;976.300;206.679;1227.612;0.487;938.815;2613.384;2251.319;3600.281;1982.652;1930.214;2219.687;2837.301;2011.243;2196.389;2481.836;1124.086;3030.353;2125.862;1005.018;575.784;0.404
395,724.5090639591217,394,-564.5312880265258,564.5312880265258,0.016063731925692243,513.007;3577.040;1028.711;3048.679;1697.878;2670.580;2665.007;2093.758;1610.146;18.689;5.052;2875.529;1742.320;962.233;3156.492;1195.598;917.269;1251.803;2442.197;1758.389;1833.699;582.493;1022.913;847.402;1142.724;460.480;398.050;3599.741;3599.443;34.719;527.967;610.090;2570.504;2812.141;-0.526;2043.122;0.082;2206.091;2541.897;3600.354;800.665;3081.474;3205.333;3600.011;1.296;1555.803;3600.248;1442.794;3393.883;1926.576;2693.623;2112.456;0.405;0.287;276.800;904.288;3599.670;2760.685;3170.691;2129.618;2324.136;3599.771;3599.240;3599.744;3270.940;361.489;984.919;0.151;2003.364;2791.462;0.649;0.340;1370.945;734.695;2807.280;1297.682;2463.195;2021.487;2098.267;3598.875;3599.766;1.528;3010.586;834.759;0.302;799.752;2066.818;3599.967;1516.271;-0.583;3600.172;464.098;1378.063;3134.812;1933.207;1679.416;2713.863;5.770;2122.065;1522.119,3599.803;3111.468;0.016;321.165;1506.810;2382.418;936.905;834.236;3268.782;3425.982;1452.784;3323.010;534.352;334.501;1578.807;2510.642;3069.925;3597.872;2729.237;2838.017;2652.854;2617.541;2855.241;3599.117;1596.334;262.047;569.915;747.092;1209.242;3242.121;0.516;1666.601;3219.170;669.507;190.540;168.640;486.160;3124.259;125.394;458.821;3284.518;2985.867;2026.523;3599.188;0.905;3599.400;2266.661;992.659;3382.595;2468.467;3599.786;-0.103;1878.205;1662.902;2412.500;669.578;-0.663;1820.333;749.454;3408.647;1713.963;1411.666;2580.081;1696.030;3600.096;2952.417;1909.304;769.522;2280.312;2872.061;2880.177;3600.105;424.070;1288.569;1331.278;1260.929;1253.539;1635.832;2075.298;975.641;207.366;1227.022;1.143;939.436;2614.087;2251.445;3599.636;1982.024;1929.528;2219.110;2837.281;2011.048;2196.354;2482.111;1124.684;3029.695;2125.223;1005.192;575.110;0.230
396,726.3898067474365,395,-564.5370674891662,564.5370674891662,0.018197591875274307,513.510;3577.711;1028.165;3049.291;1697.191;2669.904;2664.690;2094.409;1610.828;18.290;4.776;2876.203;1742.978;961.566;3155.812;1194.953;917.906;1251.172;2441.589;1758.351;1833.362;581.832;1022.991;847.826;1142.932;461.171;398.730;3599.716;3600.064;34.333;528.552;609.458;2569.860;2811.460;0.108;2043.812;-0.233;2205.418;2542.575;3599.690;801.135;3082.122;3204.716;3600.276;0.628;1555.650;3599.703;1442.230;3393.215;1926.962;2692.944;2111.772;0.525;0.093;277.277;903.608;3600.230;2761.255;3171.170;2128.996;2324.813;3599.896;3599.909;3600.189;3271.570;360.798;985.567;-0.302;2002.703;2792.000;-0.037;-0.122;1371.621;734.003;2807.947;1296.990;2462.514;2021.094;2097.646;3599.113;3599.565;1.118;3011.111;834.124;-0.316;800.400;2067.495;3599.394;1516.865;0.081;3599.566;464.733;1378.662;3134.273;1933.365;1679.314;2713.176;5.983;2122.733;1521.520,3600.473;3111.053;-0.326;321.524;1506.247;2383.060;937.598;833.861;3269.398;3425.475;1452.145;3322.350;533.932;335.168;1579.422;2510.868;3069.625;3598.314;2728.615;2838.185;2652.177;2618.132;2855.803;3599.570;1596.882;261.648;569.237;746.593;1208.620;3242.295;-0.131;1666.487;3218.541;669.961;190.624;169.308;486.635;3124.911;124.709;458.161;3284.653;2985.474;2027.203;3598.775;0.905;3598.903;2266.263;992.070;3383.220;2469.153;3599.387;-0.558;1877.631;1662.386;2412.793;669.140;-0.013;1819.864;749.161;3407.989;1714.630;1411.055;2579.592;1695.536;3600.716;2951.774;1909.598;770.091;2279.913;2872.751;2880.774;3599.763;423.460;1289.240;1330.710;1260.244;1253.952;1636.332;2074.643;975.970;208.058;1226.343;1.833;938.838;2614.752;2252.122;3600.264;1981.335;1929.030;2218.425;2837.938;2010.393;2196.904;2482.788;1125.352;3029.931;2124.561;1005.865;575.454;0.152
397,728.29745054245,396,-564.564279683616,564.564279683616,0.025374691450350276,512.876;3577.375;1027.832;3048.700;1697.387;2669.294;2665.326;2093.750;1611.445;18.942;5.424;2876.636;1742.405;961.935;3156.243;1194.922;918.586;1250.564;2440.922;1758.957;1832.989;582.388;1022.336;848.461;1143.503;461.850;398.253;3600.344;3599.466;33.666;527.923;608.819;2570.432;2810.829;-0.380;2044.487;0.077;2205.880;2542.607;3599.065;801.804;3081.510;3204.062;3599.672;1.278;1555.920;3599.576;1441.554;3392.565;1927.631;2692.764;2111.158;-0.121;-0.573;276.892;902.942;3600.819;2761.929;3171.817;2128.344;2324.625;3599.280;3600.578;3599.785;3272.244;360.312;985.075;0.304;2002.026;2791.523;-0.639;-0.795;1372.216;733.394;2808.310;1297.329;2463.021;2021.653;2096.974;3599.780;3600.211;0.447;3011.764;834.051;0.340;801.037;2068.056;3599.907;1516.212;-0.307;3599.161;465.371;1379.331;3134.346;1934.031;1679.432;2712.602;6.650;2123.195;1520.922,3599.849;3111.694;0.332;322.143;1505.675;2383.007;938.213;833.208;3269.976;3424.849;1452.280;3322.967;534.472;334.553;1578.786;2510.208;3069.036;3598.978;2727.939;2838.840;2652.521;2618.796;2855.169;3600.242;1596.321;262.061;569.723;745.948;1208.670;3242.957;0.516;1667.138;3218.583;669.340;191.208;169.961;486.276;3124.787;124.904;457.956;3285.079;2984.805;2026.686;3599.416;0.264;3598.355;2266.622;991.396;3382.581;2469.830;3599.949;-0.056;1876.954;1661.754;2412.136;668.650;0.136;1820.484;749.268;3407.895;1715.001;1411.647;2579.255;1696.015;3600.085;2952.311;1908.948;769.537;2279.243;2872.168;2881.048;3600.308;422.838;1288.850;1331.203;1260.764;1254.622;1635.881;2074.074;975.369;207.655;1226.934;1.272;939.452;2615.351;2251.722;3600.274;1981.454;1928.366;2218.865;2837.592;2011.009;2197.580;2483.434;1124.819;3030.557;2124.293;1005.249;574.827;-0.473
398,730.0038089752197,397,-564.550437630025,564.550437630025,0.01544872296049935,513.452;3577.985;1027.240;3048.034;1697.500;2668.626;2665.982;2093.375;1610.877;18.355;4.867;2877.225;1742.021;961.505;3156.904;1195.527;918.280;1250.324;2440.253;1759.010;1833.593;582.896;1021.712;847.924;1142.916;461.353;397.597;3599.773;3599.661;34.238;528.356;608.150;2571.098;2810.160;0.148;2044.179;0.518;2206.541;2543.150;3599.594;802.424;3080.890;3203.392;3599.848;1.534;1556.423;3599.014;1440.884;3391.953;1927.291;2693.390;2111.584;-0.434;0.022;277.517;903.475;3600.176;2762.263;3172.468;2128.257;2324.409;3598.662;3599.950;3599.709;3272.853;359.649;984.473;0.947;2002.437;2791.185;-0.000;-0.221;1372.405;732.731;2807.767;1297.970;2463.660;2022.078;2096.610;3599.873;3599.845;0.775;3012.432;834.701;0.094;801.697;2067.677;3600.534;1515.580;0.197;3598.544;464.804;1379.965;3134.855;1934.701;1680.082;2711.936;6.145;2122.617;1521.469,3599.406;3111.220;0.130;322.730;1506.231;2383.478;938.881;832.629;3269.567;3424.272;1452.091;3322.583;533.837;333.970;1579.109;2510.724;3069.436;3598.697;2728.470;2838.673;2652.757;2618.170;2855.484;3599.710;1595.656;261.600;570.135;745.283;1209.182;3243.624;0.232;1666.511;3218.605;669.164;191.735;169.488;486.814;3125.420;124.376;457.528;3284.621;2984.563;2026.620;3599.915;-0.360;3598.981;2267.133;991.570;3382.116;2469.649;3600.579;0.434;1877.562;1662.395;2412.259;668.149;-0.433;1819.998;748.635;3408.314;1714.363;1412.312;2578.661;1695.445;3599.839;2952.848;1909.552;769.792;2279.215;2871.648;2881.677;3599.825;423.383;1289.446;1330.845;1260.965;1254.606;1636.428;2073.515;975.113;208.087;1227.399;1.759;939.077;2615.056;2251.088;3599.638;1982.044;1927.705;2219.520;2837.012;2010.408;2197.015;2484.058;1124.406;3031.216;2124.836;1005.143;575.204;0.168
399,731.8726487159729,398,-564.558063886587,564.558063886587,0.015870730665914913,513.463;3578.175;1026.660;3048.183;1697.957;2668.400;2666.639;2092.788;1610.518;18.798;4.361;2877.072;1741.383;962.111;3157.187;1195.066;917.663;1250.948;2439.721;1759.519;1834.133;583.549;1021.240;848.541;1142.570;460.760;396.955;3599.340;3600.233;33.677;528.625;608.592;2571.746;2809.783;0.468;2044.481;0.069;2207.140;2542.782;3600.049;802.681;3080.314;3203.948;3600.481;1.022;1555.787;3599.530;1440.326;3391.295;1926.890;2692.927;2111.496;0.204;-0.281;277.077;903.998;3599.649;2762.905;3171.881;2128.816;2324.209;3598.258;3599.647;3599.290;3273.316;359.855;983.818;0.980;2002.709;2790.536;0.374;0.077;1371.845;732.570;2807.115;1298.619;2464.268;2022.728;2096.076;3600.497;3600.405;0.220;3011.923;835.047;-0.385;802.274;2067.131;3599.902;1514.972;-0.073;3599.152;465.082;1380.032;3135.508;1934.475;1680.716;2712.123;5.598;2122.653;1522.124,3598.999;3111.740;-0.245;322.134;1506.815;2382.861;939.147;831.982;3268.971;3423.636;1452.542;3323.087;534.197;333.315;1579.109;2510.458;3070.086;3599.220;2729.082;2838.473;2653.396;2617.548;2855.452;3600.095;1595.002;262.225;570.777;745.075;1208.553;3244.260;0.525;1666.132;3219.239;668.527;191.180;169.951;486.259;3125.415;123.760;458.067;3285.245;2983.919;2027.247;3599.420;0.200;3598.631;2266.503;990.955;3381.778;2469.404;3599.952;-0.079;1877.217;1663.012;2411.668;668.747;0.152;1820.148;748.839;3408.964;1713.744;1411.868;2579.264;1695.651;3600.394;2953.435;1910.091;770.321;2279.023;2871.093;2881.194;3600.332;424.019;1289.552;1331.468;1260.447;1254.217;1636.196;2073.950;974.478;207.802;1228.019;2.407;939.456;2615.569;2251.308;3599.842;1981.612;1927.075;2220.120;2836.563;2009.974;2196.374;2484.702;1124.561;3031.714;2124.239;1005.540;574.902;0.273
400,733.7593190670013,399,-564.5558669653703,564.5558669653703,0.018060123876851873,512.864;3578.769;1026.024;3047.681;1698.597;2668.959;2667.079;2093.178;1609.896;18.887;3.721;2876.446;1740.745;962.509;3157.752;1195.625;917.042;1251.588;2439.195;1760.163;1833.522;584.119;1021.107;849.129;1143.028;460.152;397.409;3599.405;3599.620;33.052;527.995;609.037;2572.396;2809.631;1.069;2045.111;-0.545;2207.708;2542.443;3600.678;803.298;3079.668;3204.173;3599.884;0.388;1556.274;3600.117;1439.933;3391.863;1927.309;2692.600;2110.873;0.444;0.215;276.449;904.641;3599.134;2762.300;3171.361;2129.394;2323.574;3598.876;3599.997;3599.580;3273.939;359.300;983.228;0.427;2002.290;2789.890;0.555;0.691;1371.207;733.170;2806.669;1299.255;2464.875;2022.151;2096.658;3599.918;3599.813;0.741;3011.960;835.685;0.169;802.907;2067.573;3599.786;1514.334;-0.369;3599.792;464.464;1379.414;3136.089;1933.901;1680.845;2711.502;4.978;2122.023;1522.772,3598.431;3111.257;0.347;322.126;1506.219;2383.345;939.486;832.411;3268.333;3423.845;1451.914;3323.703;534.271;333.111;1578.860;2511.051;3069.556;3598.903;2729.045;2839.080;2652.883;2616.915;2855.786;3599.551;1594.353;262.381;571.383;744.459;1208.421;3244.533;-0.067;1665.596;3218.701;668.713;191.734;170.585;486.831;3125.924;123.135;457.491;3285.888;2984.223;2027.351;3600.012;0.089;3599.126;2266.048;990.771;3381.140;2468.834;3600.379;-0.723;1877.455;1663.655;2411.436;668.255;-0.123;1819.602;748.257;3408.855;1713.135;1411.344;2578.711;1695.069;3599.817;2954.082;1910.429;770.966;2279.446;2870.451;2881.792;3599.836;423.422;1290.178;1331.717;1260.936;1254.824;1636.801;2073.572;973.913;208.413;1228.662;3.014;939.966;2615.031;2250.726;3599.893;1982.121;1927.336;2220.744;2836.084;2010.006;2195.814;2485.352;1125.196;3032.357;2123.597;1004.981;574.265;-0.234
401,735.6852629184723,400,-564.5622547056519,564.5622547056519,0.016992374204947005,513.325;3579.371;1025.722;3047.056;1699.124;2669.587;2667.429;2092.620;1609.584;18.498;3.380;2876.112;1740.757;962.791;3158.369;1195.102;916.698;1251.961;2439.283;1760.590;1833.356;584.709;1020.580;848.627;1143.649;459.618;396.871;3600.027;3599.976;33.523;527.876;609.595;2572.907;2809.929;0.578;2045.581;0.070;2207.449;2541.815;3600.065;803.610;3079.150;3203.949;3600.012;0.943;1555.905;3599.504;1439.309;3391.975;1927.195;2692.025;2110.871;-0.137;-0.064;276.452;905.201;3599.711;2762.734;3171.584;2129.407;2323.791;3598.306;3600.618;3600.207;3273.676;358.682;982.744;1.007;2002.684;2789.798;0.089;0.144;1371.574;733.353;2806.517;1299.645;2464.769;2021.661;2096.308;3599.833;3599.538;0.307;3012.545;836.171;0.759;803.084;2067.170;3600.310;1513.814;0.238;3599.264;464.662;1379.332;3136.717;1934.242;1681.287;2711.466;4.458;2121.638;1523.078,3598.003;3110.653;0.055;322.723;1505.590;2383.182;938.888;832.912;3268.088;3424.460;1451.997;3323.741;533.667;333.321;1578.243;2511.218;3069.608;3599.386;2728.429;2839.541;2652.681;2617.070;2855.494;3600.053;1593.815;262.837;571.855;744.628;1207.802;3244.804;0.488;1666.167;3218.069;668.286;191.372;171.059;487.103;3126.554;122.514;456.896;3285.765;2984.842;2027.962;3600.610;-0.526;3599.725;2265.418;991.368;3381.409;2468.902;3599.873;-0.126;1877.712;1663.561;2410.812;668.385;0.197;1819.635;747.692;3409.401;1712.830;1411.952;2578.548;1694.442;3599.538;2954.540;1909.839;771.570;2279.892;2870.434;2881.721;3599.229;422.854;1290.442;1332.032;1260.671;1255.076;1637.432;2072.965;974.286;208.471;1228.164;2.666;939.425;2615.297;2251.227;3600.491;1981.532;1927.941;2221.076;2836.700;2009.513;2195.247;2485.583;1125.129;3032.459;2124.176;1005.481;574.841;0.323
402,737.4082250595093,401,-564.5800898292564,564.5800898292564,0.018375958559190355,513.780;3578.865;1025.972;3046.704;1698.782;2669.008;2667.982;2091.995;1609.909;17.961;2.807;2876.720;1740.159;963.379;3158.316;1195.616;917.056;1251.639;2438.677;1761.187;1833.294;585.062;1019.957;849.086;1143.065;460.100;396.348;3600.636;3600.417;34.083;527.958;609.055;2573.416;2809.327;0.554;2046.203;0.111;2208.032;2542.291;3599.832;804.226;3078.544;3203.343;3600.353;1.107;1555.896;3599.723;1439.509;3391.410;1926.604;2692.613;2110.262;0.164;-0.237;276.915;904.667;3600.281;2762.430;3171.079;2128.796;2323.368;3598.239;3600.043;3599.699;3274.276;358.313;982.588;1.210;2003.059;2789.191;-0.515;-0.414;1372.159;733.954;2807.116;1300.234;2465.367;2021.379;2096.359;3599.818;3599.911;0.731;3012.043;835.845;0.323;802.722;2067.704;3599.768;1513.207;0.144;3598.826;464.141;1378.770;3136.988;1934.453;1681.796;2710.899;3.917;2122.222;1523.174,3598.601;3110.120;-0.068;322.153;1506.091;2382.573;939.441;832.312;3267.480;3425.019;1451.775;3323.804;533.287;332.772;1577.629;2511.750;3070.178;3600.006;2728.940;2840.117;2653.267;2616.608;2854.877;3600.098;1593.415;262.261;572.458;744.074;1208.224;3244.294;-0.024;1665.632;3218.613;667.668;190.902;171.681;486.519;3126.684;122.619;457.482;3286.362;2984.325;2028.486;3600.021;0.040;3599.307;2265.791;990.836;3380.909;2468.304;3600.194;-0.486;1877.113;1663.701;2411.323;668.986;-0.350;1820.236;748.248;3409.077;1712.213;1411.471;2579.143;1695.017;3600.132;2955.155;1910.385;771.952;2279.339;2869.942;2881.122;3599.824;423.022;1290.384;1332.649;1260.063;1254.527;1636.928;2073.514;973.722;207.916;1228.727;3.131;939.925;2614.711;2250.912;3599.894;1981.841;1927.363;2220.886;2836.238;2010.082;2195.076;2486.038;1125.523;3032.898;2123.661;1005.800;574.936;0.024
403,739.297839641571,402,-564.5795201601406,564.5795201601406,0.01911499123337527,513.287;3578.362;1025.467;3047.073;1699.313;2669.528;2667.487;2091.444;1610.496;17.828;3.116;2877.196;1740.539;963.994;3157.718;1195.538;917.664;1251.031;2439.023;1761.805;1832.692;585.665;1020.383;848.548;1142.522;459.590;396.344;3600.046;3599.825;33.996;527.890;609.434;2573.945;2809.515;-0.036;2046.691;-0.297;2208.527;2541.785;3599.999;804.045;3078.819;3202.820;3599.808;1.622;1556.440;3600.315;1439.202;3390.864;1927.164;2692.591;2109.788;-0.020;0.350;276.344;905.011;3599.829;2761.845;3170.500;2128.214;2322.758;3598.736;3599.652;3600.181;3273.981;358.897;983.177;0.645;2002.461;2788.782;0.064;0.085;1372.727;734.571;2807.670;1299.788;2465.948;2021.054;2095.784;3600.417;3600.148;1.202;3012.303;835.307;-0.213;802.113;2068.184;3599.295;1512.645;0.242;3598.350;464.597;1378.157;3137.503;1934.976;1682.407;2710.418;4.470;2122.138;1522.614,3599.217;3110.671;0.521;321.754;1506.092;2382.233;939.112;832.518;3267.009;3424.460;1451.596;3324.405;532.892;333.191;1577.010;2512.363;3070.682;3600.606;2728.580;2839.703;2653.097;2617.032;2854.350;3600.692;1592.820;261.646;571.910;744.444;1208.101;3243.680;0.109;1665.846;3218.925;667.664;191.459;172.132;486.542;3126.153;123.135;457.174;3286.364;2983.818;2027.965;3599.613;-0.120;3598.698;2266.395;991.077;3380.987;2468.615;3599.751;-0.041;1876.524;1663.108;2411.477;668.566;0.198;1820.840;748.802;3408.628;1712.448;1411.800;2578.946;1695.575;3600.319;2954.677;1910.188;772.487;2279.802;2870.399;2880.929;3600.315;422.494;1289.791;1332.581;1260.458;1255.050;1636.528;2074.090;973.800;208.187;1229.099;2.563;940.522;2615.181;2251.478;3600.287;1981.493;1927.458;2220.281;2836.638;2010.591;2195.669;2485.508;1125.067;3033.134;2123.101;1006.389;574.889;-0.484
404,741.2071385383606,403,-564.5826877774167,564.5826877774167,0.013606017141220528,512.686;3577.774;1025.971;3047.665;1698.873;2669.066;2667.983;2090.893;1611.004;17.345;3.712;2877.538;1740.067;963.456;3157.874;1194.981;918.273;1250.705;2439.533;1761.442;1833.145;585.140;1020.866;849.009;1141.918;460.126;396.902;3600.106;3599.650;34.562;528.483;608.862;2574.321;2808.970;-0.567;2046.319;0.259;2209.129;2542.314;3600.059;804.441;3078.279;3203.374;3600.311;1.083;1555.864;3599.839;1439.750;3390.323;1926.616;2693.101;2109.856;0.455;-0.079;275.986;904.483;3600.024;2761.368;3169.893;2128.315;2322.228;3599.330;3600.059;3599.636;3274.520;358.605;983.150;0.054;2002.912;2788.205;0.259;0.245;1373.334;734.516;2808.110;1300.008;2466.483;2021.636;2095.392;3599.870;3599.558;0.640;3011.792;834.701;0.211;801.920;2067.632;3599.753;1512.084;0.825;3598.032;464.056;1377.616;3137.112;1935.205;1683.013;2710.405;5.056;2122.693;1523.139,3599.758;3110.513;0.232;321.155;1506.533;2381.655;938.583;832.879;3266.412;3424.962;1452.144;3324.046;533.469;332.910;1576.939;2512.971;3070.121;3600.046;2728.512;2839.123;2653.674;2617.634;2853.744;3600.104;1593.340;261.099;571.743;745.041;1208.276;3243.366;-0.452;1665.667;3219.382;667.422;192.046;172.724;486.673;3125.564;123.706;457.738;3286.933;2983.419;2028.299;3599.433;0.289;3598.552;2265.921;990.507;3380.687;2468.035;3600.263;-0.453;1875.922;1662.501;2412.060;668.194;0.404;1821.427;749.358;3409.195;1711.970;1411.455;2578.432;1695.865;3599.876;2954.093;1909.812;772.013;2280.401;2869.899;2881.442;3599.756;421.914;1289.289;1332.202;1261.052;1255.650;1636.174;2073.616;973.212;207.693;1228.586;2.168;940.180;2614.800;2252.045;3599.912;1980.911;1926.908;2219.688;2837.239;2011.188;2196.270;2485.796;1125.524;3033.730;2123.249;1006.996;574.299;0.097
405,742.9118900299072,404,-564.5754578188418,564.5754578188418,0.008503931436470722,513.206;3577.177;1026.565;3048.255;1698.282;2668.508;2667.553;2090.301;1611.391;17.924;3.347;2877.607;1740.606;963.846;3158.154;1195.544;918.779;1250.535;2438.965;1760.879;1833.371;585.073;1020.351;849.596;1142.290;460.080;396.341;3599.705;3600.128;34.016;529.076;609.053;2573.775;2808.652;0.006;2045.733;-0.046;2209.716;2542.859;3600.492;803.896;3078.430;3203.145;3599.831;0.659;1555.393;3600.133;1440.346;3390.886;1926.405;2693.667;2110.423;0.210;-0.001;275.403;903.902;3599.630;2761.933;3170.380;2127.863;2322.759;3599.211;3599.694;3599.944;3275.069;358.052;983.243;0.411;2003.438;2788.685;0.701;-0.191;1373.599;733.938;2807.714;1300.589;2467.077;2021.489;2095.935;3599.727;3599.206;0.357;3011.197;834.105;-0.017;802.077;2067.131;3600.146;1511.488;0.360;3598.608;463.761;1378.157;3136.522;1934.634;1683.499;2710.987;4.505;2123.228;1522.683,3599.247;3109.932;0.771;320.655;1507.125;2382.114;937.994;833.458;3266.973;3424.621;1452.734;3323.545;533.103;332.463;1576.356;2512.424;3070.011;3599.537;2729.092;2839.659;2654.120;2617.326;2854.225;3599.874;1592.822;260.640;571.169;745.612;1208.851;3243.940;0.117;1665.186;3219.975;667.992;191.518;172.212;486.095;3125.002;124.303;457.301;3287.482;2982.831;2027.728;3599.948;-0.169;3599.026;2266.460;990.312;3380.190;2467.551;3599.761;0.084;1875.530;1662.571;2412.457;668.768;0.174;1821.915;749.466;3409.563;1711.377;1412.014;2578.969;1696.442;3599.356;2954.597;1910.176;772.567;2280.476;2869.949;2880.971;3599.697;422.424;1288.695;1332.724;1260.778;1256.196;1635.592;2073.088;973.397;207.105;1229.040;2.455;940.757;2614.231;2251.508;3599.531;1981.453;1927.422;2219.159;2836.895;2011.776;2195.848;2486.382;1124.957;3033.713;2122.683;1006.715;574.613;0.137
406,744.7869317531586,405,-564.5771316111301,564.5771316111301,0.022473457213881234,513.007;3576.617;1027.147;3048.806;1698.696;2667.951;2667.385;2089.749;1610.823;18.512;2.792;2877.756;1740.143;964.375;3158.732;1196.090;919.345;1249.965;2438.928;1760.529;1833.930;585.608;1019.789;850.184;1142.024;459.570;395.765;3599.127;3599.574;33.466;529.624;608.602;2574.198;2809.179;0.327;2045.149;0.251;2210.305;2542.810;3601.069;803.698;3077.930;3203.687;3600.184;0.077;1554.855;3599.697;1440.711;3391.262;1925.910;2694.021;2111.012;-0.365;0.364;274.835;904.042;3599.098;2762.487;3170.016;2128.383;2322.454;3599.711;3599.197;3599.465;3275.403;357.473;982.675;-0.160;2003.897;2788.200;1.280;0.140;1373.169;733.443;2807.132;1301.028;2467.643;2022.053;2095.753;3600.294;3599.653;0.903;3010.614;833.610;-0.594;801.536;2066.547;3600.594;1510.915;0.441;3599.188;463.236;1378.510;3136.049;1935.008;1684.030;2710.658;5.061;2123.814;1523.154,3599.694;3110.309;1.296;320.081;1507.600;2381.596;938.504;832.916;3266.659;3424.042;1452.441;3324.090;533.630;331.882;1576.182;2512.255;3070.575;3600.005;2729.606;2839.953;2654.701;2616.752;2854.252;3599.749;1592.804;260.855;571.725;745.048;1208.302;3244.511;0.138;1664.603;3220.465;667.473;190.931;172.113;485.508;3124.422;124.880;457.850;3287.963;2983.192;2027.956;3599.426;0.381;3598.466;2266.956;989.742;3379.611;2467.369;3600.221;-0.225;1876.058;1663.106;2411.938;669.232;-0.400;1822.496;750.041;3409.042;1711.815;1412.222;2579.550;1696.681;3599.916;2955.154;1910.753;772.003;2279.926;2869.401;2880.387;3600.251;422.996;1288.786;1333.308;1260.280;1255.650;1635.003;2073.644;973.451;207.133;1229.440;3.008;941.221;2614.772;2250.941;3599.855;1982.017;1926.913;2219.660;2836.342;2011.830;2195.278;2485.864;1125.072;3033.163;2122.127;1007.286;574.118;-0.319
407,746.6782259941101,406,-564.5679920699988,564.5679920699988,0.017164800216805103,512.466;3576.302;1027.172;3049.383;1698.281;2668.089;2667.682;2090.277;1611.336;19.092;3.042;2878.323;1739.785;964.096;3158.282;1196.010;919.254;1249.968;2439.436;1759.958;1834.505;585.188;1019.776;850.717;1141.465;460.031;396.184;3598.937;3599.366;32.888;529.187;609.142;2573.668;2809.756;0.788;2045.215;-0.247;2209.898;2543.308;3600.612;803.131;3078.471;3204.246;3599.806;-0.447;1555.389;3599.385;1441.282;3391.817;1925.839;2693.481;2111.248;0.189;-0.193;274.256;903.498;3599.441;2761.996;3169.996;2127.881;2322.941;3600.222;3598.626;3598.939;3274.856;357.975;982.177;-0.174;2004.463;2787.787;0.861;-0.407;1372.603;733.075;2806.575;1300.573;2467.132;2022.592;2095.213;3600.363;3600.195;0.478;3010.072;834.066;-0.055;800.959;2067.035;3600.034;1511.431;-0.020;3599.563;463.774;1378.011;3136.498;1934.454;1683.492;2710.255;5.171;2123.945;1522.742,3600.076;3110.755;0.791;320.362;1508.062;2381.926;938.668;832.431;3267.119;3423.517;1452.354;3323.609;533.136;332.292;1576.529;2511.876;3070.831;3600.367;2730.076;2839.396;2655.240;2617.055;2853.909;3599.846;1593.349;261.422;572.109;744.905;1207.744;3244.859;-0.039;1664.765;3220.410;667.345;190.435;171.845;485.160;3124.825;125.313;457.774;3287.473;2983.347;2027.597;3599.006;0.569;3598.630;2267.522;990.070;3380.082;2466.964;3599.723;0.171;1875.765;1663.561;2411.475;668.728;0.131;1822.654;750.508;3408.472;1712.327;1412.787;2579.824;1696.199;3600.264;2955.227;1910.253;771.696;2280.339;2869.887;2879.916;3600.067;423.561;1289.269;1333.417;1259.983;1255.160;1634.879;2073.325;972.930;206.660;1228.959;2.496;940.709;2615.337;2251.170;3600.424;1981.566;1926.457;2219.177;2835.812;2012.383;2195.432;2485.298;1124.532;3032.742;2122.636;1007.209;574.480;0.203
408,748.3809804916382,407,-564.5795104080373,564.5795104080373,0.0166845558090301,511.947;3576.835;1027.532;3049.923;1698.780;2668.639;2668.241;2090.748;1610.832;19.245;3.601;2877.811;1739.244;964.623;3158.372;1195.482;918.728;1249.766;2439.997;1759.875;1835.060;585.678;1020.318;851.234;1141.858;459.494;395.948;3598.992;3599.872;32.386;529.622;608.820;2574.064;2810.269;0.269;2044.664;0.259;2210.346;2542.787;3600.123;802.667;3078.876;3204.206;3600.189;0.082;1555.931;3599.923;1441.522;3392.367;1925.284;2692.953;2111.806;0.533;-0.701;273.820;903.985;3598.897;2761.923;3169.459;2128.288;2322.425;3599.673;3598.135;3599.037;3274.414;358.222;981.610;-0.008;2004.974;2788.237;1.286;0.127;1372.036;732.528;2806.010;1300.019;2467.511;2022.297;2095.756;3599.890;3599.699;-0.085;3009.698;834.564;0.010;800.996;2066.535;3599.720;1511.616;-0.585;3599.625;463.301;1377.505;3136.987;1933.932;1682.950;2710.774;5.440;2123.418;1523.269,3600.590;3111.320;0.284;320.393;1507.531;2381.487;938.153;832.841;3267.214;3423.194;1452.853;3324.127;533.618;331.782;1575.995;2511.368;3070.391;3599.837;2729.571;2839.287;2655.774;2617.470;2853.351;3600.377;1593.041;261.223;572.657;745.034;1208.233;3244.345;0.417;1665.292;3219.881;666.792;190.357;171.553;484.730;3124.288;125.877;457.751;3286.910;2983.904;2027.039;3599.483;0.214;3598.970;2267.250;989.596;3379.732;2467.220;3600.038;-0.081;1875.213;1663.031;2410.912;668.935;0.150;1823.209;751.053;3408.875;1712.884;1412.318;2580.289;1696.713;3599.762;2955.761;1909.693;771.511;2280.767;2869.374;2879.391;3599.743;423.369;1288.741;1333.959;1260.532;1254.815;1634.664;2073.825;972.378;206.901;1228.975;1.928;941.122;2615.809;2250.745;3599.902;1981.833;1926.578;2219.253;2835.290;2012.950;2195.965;2485.188;1124.621;3033.062;2122.417;1007.217;573.957;-0.126
409,750.2379512786865,408,-564.5909593051147,564.5909593051147,0.01912479674101768,511.389;3576.361;1028.084;3049.440;1699.176;2668.271;2667.712;2090.625;1610.464;19.238;4.112;2877.310;1738.688;964.196;3158.905;1195.088;919.031;1250.290;2440.405;1760.282;1835.466;585.254;1020.155;851.066;1141.386;459.253;395.758;3599.444;3599.652;32.811;529.940;608.292;2573.616;2810.344;-0.246;2044.563;-0.005;2210.567;2543.220;3599.925;803.121;3079.293;3204.750;3600.736;0.378;1555.886;3599.959;1441.070;3392.155;1924.969;2693.452;2111.948;0.491;-0.173;273.437;903.998;3599.241;2761.392;3168.906;2128.784;2322.416;3599.489;3598.388;3598.549;3274.375;357.723;981.051;-0.407;2004.544;2788.262;1.003;-0.138;1372.463;732.002;2806.401;1299.466;2467.652;2022.833;2095.503;3599.492;3600.022;-0.601;3009.875;835.085;-0.087;800.467;2066.124;3600.149;1512.084;-0.047;3600.153;463.576;1376.990;3137.536;1934.416;1682.956;2711.300;5.986;2123.909;1523.742,3600.062;3111.438;-0.256;319.878;1507.625;2380.937;938.649;832.329;3266.678;3423.584;1453.410;3323.775;533.201;331.349;1576.448;2511.887;3070.855;3600.282;2729.917;2838.796;2655.429;2617.197;2852.949;3599.845;1593.557;261.669;573.204;744.512;1208.044;3244.724;0.606;1664.841;3219.460;666.341;189.817;171.973;484.208;3124.633;126.122;458.224;3286.366;2984.289;2027.476;3598.978;0.703;3598.467;2267.654;989.478;3380.229;2466.692;3600.141;-0.504;1875.345;1662.514;2410.352;668.493;-0.244;1823.410;751.608;3409.360;1713.444;1411.973;2580.697;1696.244;3600.232;2955.418;1909.597;770.974;2281.155;2869.363;2878.888;3600.278;423.876;1289.140;1333.963;1260.917;1254.264;1634.187;2074.225;971.820;206.636;1228.430;1.707;940.621;2616.366;2251.147;3599.992;1981.332;1926.039;2219.364;2834.771;2012.626;2195.683;2484.663;1124.120;3032.542;2122.940;1007.691;574.247;0.324
410,752.1233050823212,409,-564.5945459968449,564.5945459968449,0.01226458920528526,510.918;3576.816;1027.627;3048.903;1699.708;2668.698;2667.198;2091.083;1610.347;19.095;3.761;2877.174;1738.758;963.657;3159.049;1194.557;919.545;1249.786;2440.942;1760.822;1835.028;584.710;1020.684;850.749;1140.969;459.514;396.258;3599.726;3599.803;32.664;529.563;607.812;2573.473;2810.437;0.106;2044.646;-0.521;2210.850;2543.755;3599.987;803.304;3078.778;3204.471;3600.208;0.514;1556.392;3599.972;1440.542;3392.641;1925.460;2693.195;2111.937;-0.020;0.306;273.807;904.507;3599.741;2760.853;3169.376;2128.581;2322.008;3599.450;3598.928;3599.055;3273.848;357.204;981.203;0.122;2003.999;2788.796;0.487;0.099;1372.973;732.352;2806.935;1298.915;2467.975;2022.447;2095.968;3599.614;3600.130;-0.077;3010.414;835.635;0.359;800.329;2066.371;3599.731;1512.158;0.168;3599.637;464.001;1376.441;3137.976;1934.816;1682.426;2710.955;5.722;2123.675;1524.227,3600.423;3111.006;0.267;320.398;1507.112;2381.387;938.508;832.718;3266.507;3423.055;1452.918;3324.177;533.629;331.482;1576.965;2512.437;3070.426;3599.843;2729.413;2838.285;2654.887;2617.380;2852.793;3599.747;1593.846;261.158;572.980;744.549;1207.630;3244.448;0.084;1664.643;3218.914;666.117;190.289;172.516;484.689;3124.209;125.617;457.714;3286.164;2984.833;2027.756;3599.237;0.343;3598.973;2267.904;989.303;3380.286;2467.117;3599.702;0.026;1875.856;1662.820;2409.863;667.946;0.254;1822.894;751.598;3408.870;1713.882;1411.847;2580.170;1695.758;3599.814;2954.878;1909.694;771.347;2280.644;2868.939;2879.391;3599.878;423.376;1289.672;1333.445;1260.529;1254.018;1634.713;2074.755;971.446;207.169;1228.383;1.178;940.314;2616.880;2250.943;3600.475;1981.507;1925.947;2219.786;2834.652;2012.102;2195.496;2484.702;1124.593;3032.100;2122.585;1007.320;573.753;-0.130
411,754.0336389541626,410,-564.6069692814101,564.6069692814101,0.014350829405837208,511.297;3577.131;1028.110;3048.445;1699.322;2668.190;2666.695;2090.593;1609.826;19.616;4.193;2876.885;1738.614;963.666;3158.702;1194.996;919.027;1250.249;2440.490;1760.500;1835.525;584.980;1020.781;850.215;1140.434;458.997;395.763;3600.179;3600.333;32.215;530.078;607.287;2573.885;2809.912;-0.307;2044.157;-0.002;2211.382;2544.267;3600.431;803.824;3078.352;3204.665;3600.184;0.136;1555.892;3599.516;1440.011;3392.161;1924.985;2693.706;2112.401;-0.322;-0.157;274.340;905.028;3600.267;2761.323;3169.575;2129.104;2321.484;3598.923;3599.429;3599.501;3274.302;356.687;980.817;0.577;2004.220;2789.269;0.893;-0.388;1372.884;731.837;2807.469;1298.992;2468.507;2022.234;2096.278;3599.449;3599.604;0.292;3010.846;835.534;-0.119;800.845;2065.867;3600.048;1512.679;0.196;3599.431;463.500;1375.936;3138.513;1935.342;1682.766;2711.469;5.191;2124.175;1524.308,3599.929;3110.840;-0.155;320.364;1507.320;2381.854;938.722;832.923;3265.980;3422.751;1453.275;3323.824;533.221;331.214;1576.793;2512.594;3070.913;3599.785;2729.728;2838.686;2654.370;2616.855;2853.316;3600.214;1593.638;260.839;572.457;744.384;1208.139;3244.944;0.079;1664.141;3219.341;665.808;190.186;172.011;485.127;3124.710;125.099;457.978;3285.754;2984.427;2027.388;3599.281;-0.182;3598.877;2267.382;989.818;3380.804;2467.194;3599.250;0.079;1876.357;1662.355;2409.578;668.409;-0.190;1823.255;752.004;3409.358;1713.578;1411.356;2580.501;1695.276;3599.827;2955.042;1910.215;771.879;2280.878;2868.411;2879.510;3600.279;422.929;1290.014;1333.624;1260.041;1254.365;1634.347;2074.422;970.948;207.075;1228.833;1.325;940.752;2616.937;2250.542;3599.964;1981.238;1925.527;2220.323;2835.175;2011.662;2194.973;2485.228;1124.833;3031.565;2122.247;1006.795;574.196;0.192
412,755.7424845695496,411,-564.6122722023981,564.6122722023981,0.01743754835230129,511.796;3576.668;1028.629;3047.918;1699.725;2667.722;2666.304;2090.104;1610.246;19.584;4.722;2876.363;1738.117;964.179;3159.204;1195.514;918.897;1250.772;2440.000;1760.037;1835.106;585.361;1020.790;849.689;1140.785;459.298;395.241;3599.711;3599.978;32.687;529.827;606.755;2573.389;2809.473;0.199;2043.736;-0.099;2211.789;2544.799;3599.926;804.083;3077.835;3204.444;3599.716;-0.375;1555.502;3600.014;1439.564;3392.611;1925.419;2694.115;2112.872;0.184;-0.667;274.869;904.578;3600.233;2761.712;3170.097;2129.199;2321.970;3598.401;3599.958;3599.548;3274.785;356.155;981.230;0.654;2004.687;2789.799;0.398;-0.498;1373.342;731.387;2807.909;1298.486;2468.007;2021.776;2096.024;3599.963;3599.605;0.014;3011.181;835.359;0.361;801.144;2065.815;3600.532;1513.179;-0.305;3599.081;463.142;1376.418;3138.639;1935.848;1682.677;2711.747;5.459;2124.666;1523.861,3599.864;3110.325;0.236;320.835;1506.832;2381.883;938.283;832.595;3265.985;3422.300;1453.231;3324.273;533.325;330.767;1576.940;2512.260;3071.091;3599.412;2729.932;2838.862;2653.876;2616.870;2853.246;3599.784;1593.207;260.472;572.278;744.894;1208.672;3244.786;-0.429;1664.625;3219.297;666.302;190.434;171.757;485.499;3124.346;125.054;457.816;3285.226;2984.824;2027.888;3599.800;0.186;3599.367;2266.889;989.438;3380.347;2467.715;3599.750;-0.181;1876.784;1661.826;2410.072;668.108;0.195;1823.007;751.503;3409.037;1713.092;1410.830;2580.068;1695.702;3599.351;2955.513;1909.781;772.275;2280.382;2867.982;2879.916;3599.806;423.064;1290.396;1333.244;1259.556;1254.604;1634.679;2074.480;970.944;207.405;1229.362;0.818;940.669;2616.442;2250.092;3600.129;1981.664;1926.001;2220.837;2835.223;2012.034;2194.451;2484.986;1125.343;3032.034;2122.348;1006.284;574.623;-0.169
413,757.6023943424225,412,-564.6222812597762,564.6222812597762,0.016889865478959258,511.351;3576.911;1029.101;3047.443;1700.239;2667.422;2666.696;2089.583;1610.765;19.650;4.881;2875.839;1737.595;964.426;3159.727;1195.124;918.617;1251.201;2439.774;1759.525;1835.359;585.860;1021.243;849.164;1140.871;458.935;395.130;3600.175;3600.187;33.099;530.108;606.349;2572.978;2809.305;-0.053;2043.218;0.202;2212.305;2545.267;3599.846;804.587;3077.399;3204.386;3599.976;0.127;1555.132;3600.518;1439.050;3392.682;1925.427;2694.619;2113.392;-0.111;-0.194;275.201;904.663;3600.699;2761.287;3170.040;2129.650;2321.651;3598.122;3600.369;3599.044;3274.680;355.641;980.995;1.026;2004.847;2790.253;0.624;0.004;1373.862;731.562;2807.683;1298.280;2467.614;2022.230;2095.513;3599.574;3599.106;-0.406;3011.697;835.104;0.321;801.581;2065.328;3600.027;1513.697;0.151;3598.572;462.635;1376.007;3139.145;1936.313;1682.170;2712.260;5.593;2125.132;1524.351,3600.329;3110.811;-0.114;321.230;1506.316;2381.386;937.774;833.048;3266.485;3422.710;1452.951;3324.775;533.795;330.246;1576.476;2511.804;3071.593;3599.880;2729.468;2839.352;2653.746;2617.258;2852.741;3599.562;1593.707;260.024;572.657;744.955;1208.357;3244.485;0.069;1665.112;3219.680;665.811;190.017;172.250;485.009;3123.894;125.437;458.321;3284.708;2985.006;2028.390;3599.606;0.597;3599.000;2266.461;988.930;3380.280;2468.008;3600.235;0.055;1876.301;1661.487;2409.873;668.485;-0.227;1823.498;751.894;3409.071;1713.584;1410.975;2580.474;1696.213;3599.762;2956.031;1909.268;771.992;2280.777;2867.463;2879.422;3600.188;422.688;1289.931;1333.740;1260.043;1254.096;1634.217;2074.982;970.440;207.090;1229.056;0.319;940.482;2616.564;2250.549;3599.948;1981.166;1925.590;2221.109;2835.722;2012.552;2194.921;2484.629;1124.870;3031.563;2122.138;1006.648;574.525;0.215
414,759.4814946651459,413,-564.6212185866575,564.6212185866575,0.014082902156878293,511.046;3576.415;1029.458;3047.135;1700.636;2666.923;2666.269;2089.125;1610.609;20.153;5.322;2875.450;1737.878;963.961;3159.763;1195.150;918.110;1250.804;2440.254;1759.946;1835.822;585.419;1021.480;849.605;1141.318;458.551;394.639;3599.689;3599.706;33.609;530.615;606.203;2573.449;2808.812;0.330;2042.709;-0.260;2212.817;2545.745;3600.344;804.555;3076.887;3204.888;3600.440;0.365;1554.622;3600.021;1438.541;3392.221;1924.944;2695.131;2113.817;0.240;0.062;274.774;905.161;3600.213;2761.737;3170.504;2130.162;2321.144;3598.555;3599.890;3599.518;3275.176;356.094;981.438;1.522;2004.348;2789.849;0.140;-0.454;1373.444;731.707;2808.161;1298.495;2468.093;2021.770;2095.998;3599.938;3598.596;0.013;3011.256;834.598;0.046;801.736;2064.815;3599.811;1513.266;0.179;3598.867;462.175;1375.892;3139.649;1935.938;1682.532;2712.763;5.950;2125.301;1524.853,3599.904;3110.396;0.209;320.785;1505.895;2381.178;937.270;833.561;3266.154;3423.221;1452.444;3324.342;533.350;330.611;1576.940;2512.285;3071.147;3600.374;2729.175;2838.945;2654.224;2616.770;2853.129;3599.369;1593.485;260.026;572.249;744.458;1207.942;3243.977;0.162;1665.564;3219.281;666.235;189.542;172.744;485.388;3124.358;124.943;458.803;3285.168;2985.332;2028.886;3599.479;0.112;3599.319;2265.962;989.358;3380.739;2467.571;3599.872;-0.384;1876.670;1661.887;2410.233;668.105;0.124;1823.085;751.519;3409.569;1713.682;1411.340;2580.512;1695.801;3600.271;2955.809;1909.623;772.475;2280.346;2866.947;2879.845;3599.882;422.178;1290.394;1333.362;1259.619;1254.506;1634.635;2075.246;970.581;207.543;1228.665;0.624;939.982;2616.542;2251.058;3600.046;1980.653;1925.331;2220.719;2836.224;2012.114;2194.602;2485.088;1124.452;3031.240;2122.622;1006.749;574.254;-0.087
415,761.3919496536255,414,-564.6268529314835,564.6268529314835,0.014115647599627771,510.547;3576.510;1029.578;3046.635;1701.139;2666.417;2666.730;2088.625;1610.645;19.923;4.900;2875.910;1737.403;963.503;3160.139;1195.637;918.488;1250.348;2439.800;1760.446;1835.435;585.853;1020.988;849.566;1140.874;458.551;394.356;3599.896;3599.623;33.731;530.883;605.717;2573.954;2808.311;0.183;2043.179;0.126;2213.318;2546.251;3599.982;805.049;3076.380;3205.002;3599.962;0.415;1554.390;3599.951;1438.033;3391.731;1925.317;2695.634;2113.331;-0.237;0.309;274.271;905.365;3599.724;2761.775;3170.900;2129.717;2321.099;3598.919;3600.255;3599.796;3275.683;356.390;980.993;1.143;2003.904;2789.351;-0.236;-0.095;1373.895;731.217;2808.667;1298.993;2468.528;2021.279;2095.875;3599.705;3598.967;0.511;3011.094;834.092;0.517;802.230;2065.238;3599.716;1512.763;0.627;3598.411;461.730;1376.046;3139.988;1936.402;1683.031;2712.420;5.531;2125.790;1525.176,3599.785;3109.906;0.601;321.033;1505.426;2381.583;937.679;833.154;3266.570;3422.884;1451.937;3324.792;533.656;330.182;1577.434;2512.771;3070.718;3599.902;2728.676;2839.248;2654.719;2617.137;2852.755;3599.787;1592.988;259.535;572.514;744.430;1208.184;3243.524;-0.090;1665.277;3218.779;666.201;190.025;173.251;485.883;3124.736;124.454;458.370;3285.672;2985.832;2029.392;3599.951;-0.307;3599.630;2265.967;988.912;3380.263;2467.155;3600.346;0.088;1876.223;1662.166;2409.804;667.603;-0.091;1822.595;751.017;3409.117;1713.198;1410.880;2580.020;1695.586;3600.485;2955.345;1909.928;772.540;2279.850;2866.448;2880.347;3600.255;421.682;1290.894;1332.888;1259.972;1255.007;1635.138;2074.758;971.076;208.048;1229.128;0.313;939.475;2617.012;2250.724;3600.537;1980.712;1924.839;2220.222;2835.821;2012.083;2194.918;2485.592;1124.928;3031.717;2122.278;1006.291;573.756;0.389
416,763.1079115867615,415,-564.6283114987821,564.6283114987821,0.010245320866119125,510.172;3576.402;1029.101;3046.270;1701.470;2666.049;2667.226;2088.325;1610.204;20.219;5.024;2875.712;1737.172;963.010;3160.633;1195.583;918.701;1250.587;2439.999;1760.178;1835.805;585.562;1020.576;849.849;1141.338;459.035;394.678;3600.112;3599.529;34.094;530.999;606.112;2574.449;2808.561;-0.240;2043.489;0.334;2213.758;2546.044;3600.017;805.360;3076.334;3204.655;3599.855;0.750;1554.057;3599.859;1437.903;3392.162;1924.928;2695.281;2113.006;0.070;0.661;273.801;905.576;3600.118;2761.335;3170.434;2130.109;2321.458;3599.372;3599.893;3599.679;3275.728;356.000;981.451;0.860;2003.747;2788.853;0.181;-0.225;1374.259;731.636;2808.371;1299.463;2468.450;2021.183;2096.323;3599.376;3599.019;0.265;3011.543;833.630;0.989;802.169;2065.493;3600.117;1512.334;0.738;3598.040;461.238;1375.574;3140.472;1935.942;1682.752;2712.510;5.045;2125.601;1525.666,3599.827;3109.525;0.149;320.562;1505.029;2381.144;937.232;833.397;3266.134;3423.035;1451.480;3324.930;534.106;329.694;1577.917;2513.234;3070.229;3599.915;2728.465;2838.781;2654.627;2616.739;2852.299;3600.273;1592.596;259.036;572.984;744.584;1207.738;3243.092;0.111;1665.523;3218.330;665.793;190.351;173.695;486.353;3124.715;124.011;458.686;3286.135;2985.508;2029.889;3600.429;0.149;3600.106;2265.482;988.433;3380.311;2466.663;3599.982;-0.325;1875.730;1662.649;2409.312;667.735;0.054;1822.879;751.071;3409.531;1713.279;1410.439;2579.625;1695.101;3600.006;2955.782;1910.371;773.022;2279.821;2865.969;2880.729;3599.805;421.185;1291.366;1333.128;1259.506;1255.017;1635.285;2074.440;970.905;208.522;1228.718;0.463;939.014;2617.507;2251.154;3600.069;1980.269;1924.730;2220.684;2836.241;2011.704;2195.286;2486.092;1125.361;3032.128;2122.739;1006.143;573.694;0.037
417,764.9857110977173,416,-564.6361021392083,564.6361021392083,0.020115989246709157,509.697;3575.926;1029.026;3046.672;1701.950;2666.379;2667.716;2087.885;1610.555;20.689;5.380;2876.160;1736.970;963.328;3160.285;1195.107;918.486;1250.206;2440.470;1760.482;1836.188;586.017;1020.099;849.676;1141.735;458.744;395.154;3600.179;3599.984;34.578;530.539;606.594;2574.906;2808.920;0.118;2043.943;-0.128;2213.622;2545.575;3599.709;805.550;3076.779;3205.116;3600.044;1.232;1553.813;3600.267;1437.437;3391.909;1924.620;2694.807;2112.581;-0.225;0.632;273.317;905.820;3600.601;2761.514;3169.947;2129.824;2321.035;3599.824;3599.857;3599.413;3275.337;356.144;981.803;1.291;2003.289;2788.482;-0.216;-0.669;1374.732;732.098;2807.896;1299.938;2468.028;2021.635;2096.083;3599.630;3598.576;0.047;3011.476;833.463;0.675;801.693;2065.873;3599.749;1511.905;0.360;3598.247;461.373;1375.085;3140.852;1935.501;1683.034;2712.095;4.558;2125.127;1526.143,3600.201;3109.106;0.448;320.160;1505.435;2380.721;937.243;833.040;3266.146;3423.223;1451.424;3324.540;533.661;330.074;1578.113;2513.712;3070.501;3599.903;2728.863;2838.388;2654.189;2617.090;2851.968;3599.803;1592.503;259.402;573.426;744.500;1207.272;3243.106;-0.329;1665.050;3218.195;665.349;190.280;174.014;485.979;3125.132;124.202;458.422;3286.492;2985.597;2029.787;3599.973;-0.116;3600.565;2265.769;988.751;3380.666;2466.501;3600.371;0.101;1875.986;1662.483;2408.822;667.341;-0.421;1823.350;751.492;3409.277;1713.688;1410.519;2579.526;1694.676;3600.026;2956.189;1909.921;772.696;2280.245;2866.032;2880.411;3600.128;421.439;1291.315;1333.586;1259.108;1254.604;1634.906;2073.998;971.173;208.955;1228.884;0.057;938.525;2617.997;2250.886;3600.091;1980.466;1924.905;2220.302;2836.082;2011.923;2195.763;2485.760;1125.837;3032.042;2123.010;1006.608;573.769;-0.441
418,766.8838992118835,417,-564.6350885521013,564.6350885521013,0.0154006909098672,509.215;3576.127;1029.366;3046.584;1702.378;2666.113;2668.084;2087.406;1610.140;21.164;5.513;2876.163;1737.411;963.154;3159.885;1195.394;918.542;1249.799;2440.903;1760.181;1836.637;586.378;1020.281;850.117;1141.670;458.269;394.709;3599.712;3600.455;34.403;530.991;606.224;2575.367;2808.541;-0.173;2043.895;0.247;2214.084;2545.393;3600.145;805.683;3076.749;3204.905;3599.785;1.246;1553.340;3599.844;1437.557;3391.688;1925.033;2694.667;2112.881;0.229;0.193;272.921;906.292;3600.172;2761.986;3169.553;2129.416;2320.555;3600.292;3599.404;3599.869;3275.716;356.613;982.271;0.828;2003.062;2788.031;0.222;-0.230;1374.337;731.727;2807.575;1300.359;2468.475;2021.632;2096.421;3600.103;3598.113;-0.406;3011.818;832.991;0.203;801.222;2065.842;3600.175;1511.457;-0.118;3598.720;461.266;1374.899;3140.699;1935.177;1683.459;2712.156;4.981;2124.703;1526.502,3599.737;3108.635;0.153;320.516;1505.002;2380.408;936.793;833.161;3266.217;3423.474;1450.972;3324.160;533.182;330.549;1577.766;2514.160;3070.672;3599.443;2728.526;2838.824;2653.711;2617.184;2852.087;3600.067;1592.036;258.956;572.963;744.969;1207.059;3242.636;0.130;1665.464;3218.493;665.723;189.864;174.438;486.286;3125.606;123.747;457.963;3286.957;2986.033;2030.228;3600.338;-0.496;3600.099;2265.369;989.054;3380.806;2466.919;3599.936;0.266;1876.445;1662.016;2409.190;667.744;0.023;1823.095;751.089;3409.095;1713.281;1410.980;2579.128;1694.270;3599.696;2956.668;1909.442;773.113;2280.146;2865.847;2880.730;3599.717;421.154;1291.768;1333.863;1259.167;1254.952;1635.236;2073.517;970.800;209.386;1228.608;-0.420;938.265;2617.613;2251.321;3599.915;1980.010;1925.377;2220.559;2836.492;2012.189;2195.315;2485.839;1126.294;3031.856;2123.333;1006.919;574.240;0.013
419,768.5933117866516,418,-564.637939951074,564.637939951074,0.013917103439252286,509.033;3575.829;1029.834;3046.336;1702.845;2665.661;2667.784;2087.012;1610.589;20.880;5.977;2875.718;1737.803;963.601;3159.498;1195.069;918.968;1250.242;2441.341;1759.714;1837.080;586.840;1019.829;849.694;1142.129;458.475;394.263;3599.787;3600.007;34.699;531.227;606.016;2575.606;2808.916;-0.631;2044.311;0.215;2213.822;2545.795;3599.808;806.094;3076.470;3205.239;3600.033;1.672;1552.866;3599.967;1437.932;3392.146;1925.505;2694.354;2112.482;0.016;-0.277;272.471;906.111;3599.957;2762.445;3169.667;2129.018;2320.734;3599.837;3599.723;3600.238;3275.547;356.208;982.729;0.788;2002.597;2788.403;0.110;0.134;1374.486;731.507;2807.543;1299.960;2468.149;2021.182;2096.076;3600.080;3597.665;0.046;3011.494;832.542;0.546;800.781;2066.291;3599.757;1511.692;-0.430;3598.580;461.717;1375.286;3141.039;1934.930;1683.104;2712.618;5.354;2124.715;1526.952,3599.812;3108.166;0.430;320.963;1504.572;2380.640;936.353;833.612;3266.677;3423.606;1451.291;3324.427;532.763;331.021;1577.298;2514.249;3071.134;3599.083;2728.936;2838.374;2654.155;2616.731;2851.916;3599.825;1591.603;258.545;572.523;744.791;1207.464;3242.378;0.329;1665.749;3218.161;666.187;189.396;174.907;485.963;3125.195;123.371;457.500;3287.415;2986.506;2030.505;3599.963;-0.040;3599.729;2265.365;989.521;3380.880;2467.388;3600.174;-0.170;1876.664;1662.302;2408.790;668.214;-0.229;1823.531;751.505;3408.668;1713.450;1411.452;2579.540;1693.798;3599.648;2957.139;1909.585;773.301;2279.683;2865.385;2880.326;3600.076;421.039;1291.829;1334.284;1258.727;1254.559;1634.830;2073.112;970.331;209.465;1228.198;0.027;938.590;2617.989;2251.030;3600.295;1980.410;1925.837;2220.953;2836.949;2012.654;2194.898;2485.979;1126.672;3031.392;2122.877;1006.631;574.166;-0.217
420,770.4709084033966,419,-564.6374744505436,564.6374744505436,0.014698735033381288,509.481;3575.376;1030.299;3046.785;1703.286;2665.195;2667.347;2086.552;1610.208;20.421;6.436;2875.255;1737.518;964.043;3159.898;1195.489;918.519;1250.450;2441.095;1759.572;1837.542;586.592;1020.235;849.669;1141.863;458.032;393.800;3599.610;3600.042;35.154;531.684;606.164;2576.016;2809.361;-0.182;2043.866;0.091;2214.264;2545.359;3600.052;805.646;3076.181;3205.700;3600.491;1.242;1552.399;3600.323;1438.394;3392.542;1925.102;2694.573;2112.927;0.404;-0.393;272.846;906.551;3599.512;2762.908;3169.304;2129.465;2320.305;3599.853;3599.771;3599.792;3275.128;356.448;982.397;0.550;2002.965;2788.817;0.553;0.503;1374.038;731.050;2807.099;1300.255;2468.551;2021.418;2096.517;3600.374;3597.207;-0.275;3011.035;832.077;0.109;801.201;2065.842;3599.720;1512.080;0.021;3599.032;461.356;1375.137;3140.595;1934.474;1683.475;2713.022;5.815;2125.162;1526.744,3600.249;3108.562;-0.015;320.525;1504.943;2380.187;935.889;833.254;3266.283;3423.152;1451.719;3324.885;533.173;330.618;1576.893;2513.801;3071.300;3599.518;2729.386;2838.392;2654.591;2616.266;2852.370;3599.924;1591.188;258.584;572.773;744.362;1207.871;3242.814;0.550;1665.364;3218.610;665.769;189.122;174.558;485.502;3124.820;123.713;457.919;3287.496;2986.147;2030.287;3599.613;-0.057;3599.281;2265.675;989.156;3380.445;2467.266;3599.822;0.009;1876.223;1662.759;2409.139;668.675;0.029;1823.867;751.914;3409.083;1713.205;1411.366;2580.003;1694.224;3600.099;2957.567;1910.019;773.602;2279.277;2865.031;2879.875;3600.513;421.480;1291.383;1334.744;1258.346;1254.208;1634.367;2073.542;970.090;209.018;1228.639;0.223;939.050;2617.626;2250.702;3599.853;1980.625;1925.568;2221.392;2837.395;2012.660;2194.693;2486.278;1126.365;3031.068;2122.414;1007.050;573.794;0.162
421,772.373170375824,420,-564.633906258556,564.633906258556,0.013478819540324488,509.265;3575.708;1030.192;3047.219;1702.879;2665.516;2667.060;2086.956;1610.411;20.066;6.362;2875.637;1737.075;964.499;3159.477;1195.125;918.775;1250.020;2440.879;1759.143;1837.708;586.599;1020.295;849.829;1141.544;457.825;393.714;3599.897;3599.996;34.810;531.650;606.612;2576.036;2809.748;0.094;2044.074;0.369;2214.130;2545.083;3599.860;805.567;3076.626;3206.142;3600.058;0.979;1552.553;3599.885;1438.731;3392.392;1924.714;2694.133;2112.782;0.446;0.050;272.499;906.427;3599.360;2762.604;3168.850;2129.334;2320.418;3600.215;3600.200;3599.684;3274.672;356.202;982.664;0.677;2003.409;2788.479;0.573;0.922;1373.948;730.795;2806.693;1300.470;2468.200;2021.863;2096.117;3599.932;3597.456;0.122;3010.727;832.228;-0.215;801.610;2065.978;3599.818;1512.535;0.197;3599.154;461.607;1374.690;3140.986;1934.042;1683.165;2712.625;5.590;2125.128;1526.295,3600.070;3109.007;-0.442;320.347;1505.395;2379.818;936.274;832.800;3266.604;3422.792;1451.511;3324.642;533.608;330.525;1576.459;2513.407;3071.749;3599.968;2729.843;2838.759;2654.596;2616.472;2852.483;3599.485;1591.566;258.177;572.598;743.993;1208.214;3243.121;0.650;1664.976;3219.051;665.325;188.716;174.966;485.067;3124.467;123.534;458.316;3287.085;2985.693;2029.838;3599.422;0.076;3598.834;2266.127;988.774;3380.271;2467.637;3599.885;-0.421;1875.780;1663.215;2409.527;669.088;-0.348;1824.320;752.368;3408.702;1713.420;1411.125;2580.452;1694.587;3600.517;2958.003;1910.473;773.236;2279.045;2865.418;2879.417;3600.084;421.645;1290.936;1335.194;1257.904;1253.754;1633.908;2073.614;969.641;208.688;1229.003;0.299;939.370;2617.856;2250.250;3600.011;1980.952;1925.141;2220.970;2837.014;2013.037;2195.130;2486.730;1126.756;3030.615;2122.011;1006.627;573.340;-0.095
422,774.0818815231323,421,-564.6349965522554,564.6349965522554,0.010333382085452458,509.319;3576.119;1030.581;3047.243;1702.483;2665.135;2666.617;2086.715;1610.842;19.790;6.797;2876.066;1736.628;964.935;3159.383;1194.685;919.209;1250.009;2440.437;1759.553;1838.031;586.162;1020.389;849.391;1141.703;458.236;393.322;3600.336;3600.227;35.098;531.574;606.894;2575.597;2810.087;-0.215;2044.202;-0.016;2213.825;2545.284;3599.504;805.948;3076.898;3206.592;3600.024;0.686;1552.134;3599.947;1438.436;3392.788;1924.309;2694.045;2112.452;0.016;-0.241;272.185;905.998;3599.456;2762.782;3168.448;2129.662;2320.846;3599.803;3599.791;3599.789;3274.265;355.760;983.007;1.114;2003.443;2788.861;0.948;0.541;1374.357;731.181;2807.103;1300.040;2467.763;2022.250;2095.948;3600.092;3597.183;0.002;3011.023;832.172;0.177;802.015;2065.751;3599.749;1512.984;0.433;3599.318;462.042;1374.250;3141.399;1934.019;1682.720;2712.850;5.973;2125.567;1525.847,3599.814;3109.343;-0.012;320.636;1505.756;2380.169;936.686;832.688;3266.791;3422.382;1451.945;3324.199;533.328;330.941;1576.716;2513.654;3071.687;3600.351;2730.253;2839.184;2654.172;2616.897;2852.855;3599.496;1592.011;257.811;572.158;743.904;1207.790;3243.550;0.224;1664.566;3219.439;665.390;188.354;174.904;485.279;3124.891;123.175;458.679;3286.637;2985.296;2029.404;3599.724;-0.157;3598.693;2266.378;989.171;3380.705;2467.967;3599.618;-0.012;1876.010;1662.880;2409.702;669.066;0.040;1824.754;752.748;3408.350;1713.860;1411.536;2580.664;1694.217;3600.100;2957.836;1910.742;772.796;2279.424;2865.788;2879.353;3600.147;421.234;1290.546;1335.191;1258.318;1253.371;1633.552;2073.336;969.191;208.314;1228.610;-0.043;939.018;2618.248;2249.854;3600.283;1981.268;1924.749;2220.532;2837.414;2012.840;2195.580;2486.908;1126.360;3030.170;2122.185;1006.209;572.956;0.030
423,775.93993973732,422,-564.6363471887564,564.6363471887564,0.011396065314104326,508.907;3576.550;1030.923;3047.609;1702.842;2665.085;2666.886;2086.315;1611.075;19.529;6.807;2876.377;1736.453;964.921;3159.401;1194.428;918.936;1249.616;2440.764;1759.756;1838.464;586.338;1020.803;849.288;1142.108;458.576;393.267;3599.918;3599.801;34.929;531.567;606.664;2575.684;2810.322;0.139;2044.426;-0.454;2213.774;2544.987;3599.843;806.274;3077.238;3206.631;3599.944;0.310;1551.926;3600.191;1438.010;3392.507;1924.037;2693.666;2112.286;-0.343;0.127;271.909;906.068;3599.671;2763.192;3168.114;2129.601;2320.545;3599.818;3599.901;3599.533;3274.364;355.983;983.446;1.236;2003.035;2788.571;1.264;0.273;1374.147;731.520;2806.982;1299.832;2467.672;2022.346;2096.199;3599.747;3597.349;0.162;3011.429;831.867;0.005;801.878;2065.606;3600.176;1512.899;0.261;3599.203;461.745;1374.169;3141.777;1933.636;1682.844;2713.213;5.594;2125.605;1525.727,3599.851;3109.208;-0.054;320.454;1505.468;2379.948;936.332;832.853;3267.128;3422.264;1451.805;3323.928;532.898;331.260;1577.084;2514.089;3071.858;3599.942;2730.523;2838.843;2653.737;2616.759;2853.288;3599.899;1591.805;257.992;571.784;744.327;1207.375;3243.210;-0.172;1664.175;3219.575;665.546;187.938;175.298;485.630;3125.076;122.785;458.332;3287.027;2985.419;2029.728;3600.160;0.249;3599.071;2266.030;989.580;3380.927;2468.097;3599.982;0.090;1875.942;1662.921;2409.769;669.390;-0.071;1824.791;752.826;3408.530;1714.106;1411.939;2580.743;1693.902;3599.795;2957.429;1910.466;773.065;2279.146;2865.456;2879.507;3599.772;421.029;1290.722;1334.940;1258.510;1253.569;1633.498;2073.450;968.944;208.687;1228.174;-0.443;938.830;2618.646;2250.142;3599.878;1981.374;1925.110;2220.510;2837.196;2012.432;2195.430;2486.872;1126.741;3029.794;2121.832;1006.024;573.289;-0.069
424,777.8198702335358,423,-564.6397322534393,564.6397322534393,0.012629102078562488,508.501;3576.983;1030.731;3048.041;1703.049;2665.495;2667.312;2086.112;1610.727;19.872;7.083;2876.077;1736.872;964.545;3159.821;1194.589;918.514;1249.256;2441.186;1759.526;1838.536;586.761;1021.237;849.448;1142.542;458.661;393.632;3599.561;3599.407;34.874;531.985;606.237;2575.615;2810.742;0.468;2044.010;-0.035;2214.192;2544.659;3600.094;805.875;3077.670;3206.222;3599.929;-0.123;1552.081;3599.835;1438.388;3392.844;1923.654;2693.446;2112.704;0.074;-0.149;271.480;906.471;3599.257;2762.977;3167.692;2129.314;2320.128;3600.235;3599.586;3599.159;3273.977;355.849;983.881;0.814;2003.308;2788.143;1.691;-0.156;1373.745;731.870;2806.559;1300.220;2468.071;2022.752;2096.627;3600.109;3597.775;-0.134;3011.514;831.437;-0.120;801.452;2065.189;3599.770;1512.486;-0.163;3598.783;461.334;1373.790;3141.472;1933.204;1682.444;2713.644;5.578;2125.202;1526.137,3599.433;3109.622;0.113;320.032;1505.053;2379.529;935.909;833.279;3267.243;3422.682;1452.163;3324.183;532.503;331.146;1576.683;2513.715;3071.442;3599.971;2730.269;2839.233;2653.963;2617.169;2852.904;3600.331;1591.547;257.576;572.036;744.762;1206.941;3242.887;0.237;1664.590;3219.986;665.160;188.316;174.947;485.239;3124.673;123.200;458.697;3286.736;2985.458;2029.579;3600.548;-0.124;3599.498;2265.804;989.257;3380.561;2468.522;3600.409;0.228;1875.567;1662.502;2410.190;669.821;0.098;1825.153;752.539;3408.936;1714.534;1412.341;2580.411;1694.234;3599.537;2957.811;1910.037;772.658;2279.534;2865.225;2879.099;3599.664;421.405;1290.303;1335.292;1258.937;1253.457;1633.525;2073.869;969.260;208.272;1228.542;-0.026;939.247;2618.252;2249.749;3600.124;1981.797;1925.537;2220.123;2837.590;2012.854;2195.815;2486.453;1126.375;3029.498;2121.470;1005.598;573.644;0.350
425,779.7346339225769,424,-564.6403824890367,564.6403824890367,0.01214530248240785,508.708;3577.383;1030.417;3047.949;1702.994;2665.908;2667.528;2086.523;1610.359;20.143;6.810;2876.462;1736.760;964.126;3159.430;1194.187;918.102;1248.834;2441.575;1759.939;1838.432;586.717;1021.340;849.835;1142.285;458.737;393.747;3599.763;3599.361;34.456;532.041;606.489;2575.734;2811.169;0.270;2043.816;-0.023;2214.442;2544.235;3599.686;805.749;3077.947;3205.802;3600.312;0.099;1552.493;3600.109;1438.675;3393.240;1924.028;2693.186;2112.812;0.237;0.148;271.772;906.878;3599.465;2762.721;3167.270;2129.696;2319.724;3599.917;3599.976;3599.569;3273.580;356.262;983.814;0.642;2002.941;2787.719;1.392;0.138;1373.646;732.235;2806.269;1300.595;2468.485;2022.669;2096.999;3599.848;3597.997;0.276;3011.930;831.752;-0.501;801.089;2064.946;3599.902;1512.673;0.129;3598.938;461.175;1373.364;3141.840;1932.814;1682.017;2713.310;5.185;2124.964;1526.196,3599.080;3109.359;-0.197;320.404;1504.658;2379.707;936.094;832.983;3267.659;3423.073;1452.229;3323.779;532.117;331.539;1576.723;2513.531;3071.017;3599.989;2729.848;2839.659;2653.771;2617.596;2852.478;3599.934;1591.928;257.219;572.409;745.185;1207.078;3242.464;-0.037;1665.016;3220.373;665.506;188.720;175.253;485.517;3125.014;122.821;458.780;3286.362;2985.046;2029.194;3600.150;-0.351;3599.919;2265.387;989.465;3380.934;2468.931;3599.997;0.151;1875.883;1662.088;2410.509;669.496;-0.257;1825.561;752.118;3408.853;1714.524;1412.024;2579.988;1694.270;3599.305;2958.235;1909.644;772.911;2279.943;2865.636;2879.368;3599.369;421.129;1290.234;1335.021;1259.342;1253.870;1633.260;2073.621;968.881;208.026;1228.232;-0.029;938.898;2617.841;2250.145;3600.364;1981.385;1925.612;2219.697;2838.012;2013.043;2196.186;2486.026;1125.970;3029.829;2121.883;1005.293;573.585;0.265
426,781.4502198696136,425,-564.6409184472948,564.6409184472948,0.012514345786237367,508.452;3577.803;1030.003;3047.793;1703.388;2666.327;2667.873;2086.886;1610.714;19.735;6.395;2876.881;1736.530;963.817;3159.702;1194.501;918.484;1248.413;2441.180;1760.359;1838.021;587.119;1020.975;850.253;1142.627;459.145;394.158;3599.687;3598.967;34.053;531.659;606.467;2575.338;2810.791;0.664;2044.107;-0.289;2214.840;2544.519;3599.916;805.395;3077.632;3205.462;3599.918;-0.273;1552.913;3599.814;1438.768;3392.840;1924.444;2692.771;2112.843;0.486;0.024;271.388;906.568;3599.650;2762.308;3167.017;2129.303;2320.022;3600.107;3599.730;3599.927;3273.524;356.019;983.420;0.261;2002.523;2787.730;1.199;0.536;1374.049;732.650;2806.018;1300.263;2468.888;2023.076;2096.652;3600.219;3598.410;0.303;3011.616;831.482;-0.094;800.672;2065.333;3600.088;1512.295;-0.229;3598.602;461.517;1372.949;3141.452;1933.135;1682.057;2713.184;5.525;2124.561;1526.603,3599.434;3109.224;0.205;320.023;1505.039;2379.418;936.390;832.837;3268.045;3422.723;1451.879;3323.681;531.699;331.888;1576.806;2513.921;3071.218;3600.348;2730.035;2839.749;2654.158;2617.911;2852.110;3599.857;1591.574;257.391;572.826;745.029;1206.800;3242.048;-0.445;1665.230;3220.095;665.242;188.896;175.669;485.130;3124.724;122.450;458.387;3286.750;2985.394;2029.594;3599.742;0.047;3600.322;2265.769;989.079;3380.641;2468.706;3600.122;-0.258;1876.297;1661.702;2410.116;669.085;0.148;1825.222;751.719;3408.552;1714.840;1412.361;2579.590;1693.904;3599.703;2958.116;1909.519;772.532;2279.554;2866.054;2879.275;3599.753;421.532;1290.624;1334.634;1259.027;1254.044;1633.654;2073.207;969.171;208.402;1227.846;0.011;938.521;2618.185;2250.452;3599.971;1981.106;1926.016;2219.277;2837.734;2012.709;2195.805;2485.605;1126.168;3030.063;2121.831;1005.680;573.987;0.511
427,783.3208830356598,426,-564.6510197044619,564.6510197044619,0.009729242932786706,508.045;3577.493;1030.174;3048.161;1703.799;2666.665;2668.282;2086.582;1610.785;19.726;6.578;2876.827;1736.124;964.206;3159.834;1194.188;918.567;1248.341;2441.482;1760.595;1837.904;587.353;1021.180;850.286;1142.977;459.373;394.057;3599.445;3599.261;34.414;531.865;606.501;2575.729;2811.060;1.040;2044.504;0.087;2215.249;2544.138;3599.557;805.774;3077.375;3205.701;3599.643;0.106;1552.645;3600.020;1438.429;3392.528;1924.421;2693.061;2112.480;0.267;-0.335;270.997;906.421;3600.053;2762.234;3166.610;2128.944;2319.644;3599.726;3600.101;3600.314;3273.926;355.831;983.689;-0.042;2002.346;2787.340;0.794;0.180;1374.107;733.022;2805.614;1299.946;2469.278;2023.446;2096.336;3599.880;3598.820;-0.018;3011.905;831.108;0.261;800.495;2065.116;3600.346;1511.907;0.100;3598.194;461.895;1372.572;3141.693;1932.788;1682.414;2712.781;5.904;2124.193;1526.980,3599.843;3109.578;0.276;319.660;1504.711;2379.009;936.015;832.449;3267.649;3422.639;1451.475;3324.034;531.920;332.297;1576.427;2514.314;3071.278;3599.954;2729.691;2839.434;2653.854;2617.919;2851.753;3599.971;1591.430;257.017;572.792;744.671;1206.754;3241.882;-0.058;1665.124;3220.451;664.835;188.511;176.014;484.841;3124.326;122.536;458.602;3287.128;2985.193;2029.945;3599.688;0.336;3599.938;2265.485;989.111;3380.259;2468.302;3600.082;0.085;1876.182;1661.463;2409.704;669.082;-0.085;1825.596;752.099;3408.951;1715.248;1412.627;2579.506;1694.231;3600.089;2957.769;1909.384;772.469;2279.746;2865.837;2878.878;3600.164;421.239;1290.647;1334.936;1259.288;1254.023;1633.300;2073.341;968.808;208.498;1227.512;-0.180;938.264;2618.578;2250.828;3600.219;1981.348;1925.727;2219.010;2838.100;2013.067;2196.029;2485.344;1125.844;3030.470;2121.509;1005.629;573.705;0.118
428,785.2223834991455,427,-564.6592261117216,564.6592261117216,0.014350633843028966,508.279;3577.744;1029.884;3048.509;1703.614;2667.027;2668.544;2086.504;1610.389;19.435;6.972;2876.700;1736.476;964.482;3159.451;1194.474;918.253;1247.972;2441.198;1760.992;1837.507;587.722;1020.853;850.547;1143.348;459.772;393.997;3599.811;3599.084;34.220;531.479;606.898;2575.672;2810.928;1.442;2044.906;-0.036;2214.979;2544.249;3599.898;805.404;3077.484;3205.324;3599.995;-0.120;1552.844;3600.414;1438.044;3392.487;1924.817;2692.697;2112.077;0.014;0.052;271.324;906.024;3600.459;2761.854;3166.616;2128.567;2319.970;3600.046;3599.745;3599.930;3273.735;356.207;983.826;0.316;2001.949;2787.677;0.437;-0.155;1374.495;733.233;2805.435;1299.784;2469.191;2023.297;2096.546;3599.889;3598.748;-0.420;3011.773;831.052;-0.010;800.831;2065.504;3599.950;1512.140;-0.182;3598.139;461.530;1372.182;3141.376;1932.438;1682.018;2713.020;5.982;2124.356;1526.652,3600.250;3109.962;-0.052;319.998;1504.330;2379.283;936.385;832.180;3267.243;3422.960;1451.070;3323.914;532.057;331.943;1576.022;2514.004;3071.656;3599.882;2729.341;2839.831;2653.457;2617.555;2851.394;3600.335;1591.805;256.683;572.425;744.669;1206.371;3241.569;-0.029;1665.493;3220.445;664.464;188.107;176.367;484.443;3124.632;122.146;458.989;3286.777;2984.804;2030.309;3599.700;0.350;3599.750;2265.195;988.724;3380.612;2468.695;3599.710;-0.211;1876.450;1661.781;2410.044;669.467;-0.054;1825.439;752.267;3408.739;1715.653;1412.244;2579.897;1694.632;3600.319;2958.156;1909.282;772.852;2279.366;2866.155;2878.473;3600.110;421.594;1290.772;1335.338;1258.982;1253.628;1632.918;2073.398;968.938;208.210;1227.878;0.213;938.620;2618.230;2251.231;3599.859;1980.964;1925.327;2219.347;2838.438;2012.994;2195.683;2485.511;1125.464;3030.073;2121.233;1006.012;574.034;-0.258
429,787.1459398269653,428,-564.6551230000653,564.6551230000653,0.012271393949584592,508.545;3577.378;1029.494;3048.130;1703.987;2667.390;2668.163;2086.890;1610.320;19.235;7.275;2876.490;1736.743;964.329;3159.167;1194.868;918.565;1247.827;2441.493;1761.089;1837.376;587.430;1020.462;850.941;1143.746;460.110;394.385;3600.161;3598.692;33.884;531.081;607.280;2576.014;2811.314;1.837;2045.228;-0.407;2214.589;2544.639;3600.266;805.014;3077.172;3204.968;3600.177;-0.012;1553.236;3600.028;1438.429;3392.874;1924.906;2692.409;2111.738;-0.363;0.018;271.058;905.643;3600.091;2761.524;3166.991;2128.887;2320.314;3600.422;3600.059;3600.086;3273.350;356.555;983.442;-0.003;2001.621;2787.617;0.040;0.188;1374.866;733.620;2805.737;1300.153;2468.968;2022.909;2096.938;3599.525;3598.477;-0.049;3011.382;830.845;0.108;800.463;2065.854;3600.018;1511.806;-0.041;3598.524;461.134;1372.300;3140.980;1932.176;1681.924;2712.679;5.604;2123.979;1526.378,3599.879;3109.580;-0.220;320.383;1503.931;2379.678;936.116;832.532;3267.488;3422.591;1450.671;3324.269;531.752;332.248;1576.353;2514.019;3071.315;3599.536;2728.945;2839.919;2653.348;2617.246;2851.720;3599.953;1591.978;257.040;572.750;745.051;1206.742;3241.282;-0.156;1665.891;3220.056;664.836;188.255;176.682;484.743;3124.279;122.048;458.613;3286.726;2985.173;2030.695;3600.090;-0.031;3600.125;2265.088;989.085;3380.695;2468.805;3600.064;0.157;1876.843;1661.530;2409.835;669.107;0.295;1825.048;751.887;3408.347;1715.908;1411.847;2579.548;1694.298;3599.934;2958.011;1908.892;772.537;2279.131;2866.096;2878.822;3599.739;421.557;1291.151;1335.035;1259.346;1253.926;1633.292;2073.012;969.324;208.534;1228.163;-0.120;938.762;2618.338;2250.882;3600.129;1980.795;1925.605;2219.729;2838.084;2013.316;2195.300;2485.310;1125.818;3029.989;2121.611;1005.809;573.843;0.114
430,788.8689112663269,429,-564.6495482165562,564.6495482165562,0.012465306859550353,508.173;3577.566;1029.794;3048.421;1703.962;2667.530;2668.100;2087.223;1610.548;19.606;7.357;2876.857;1736.409;964.692;3158.781;1195.112;918.684;1248.079;2441.656;1761.107;1837.516;587.139;1020.776;851.280;1143.398;460.500;394.753;3599.790;3599.027;33.503;530.835;607.527;2575.663;2811.454;2.017;2044.876;-0.041;2214.204;2545.027;3599.891;804.641;3077.551;3205.285;3600.281;-0.382;1553.499;3600.171;1438.805;3393.196;1924.541;2692.021;2111.958;0.016;-0.331;270.671;905.251;3599.751;2761.144;3166.728;2129.173;2320.695;3600.056;3599.879;3599.760;3272.959;356.197;983.049;-0.385;2001.805;2787.983;-0.270;0.400;1375.255;734.006;2805.430;1300.443;2468.832;2023.225;2097.271;3599.826;3598.824;0.152;3010.993;831.202;0.459;800.120;2066.096;3600.187;1512.156;-0.371;3598.196;461.487;1371.937;3140.592;1931.789;1681.895;2712.748;5.212;2124.337;1526.728,3600.042;3109.833;0.159;320.467;1504.131;2380.060;935.975;832.279;3267.759;3422.215;1450.879;3324.660;531.364;332.131;1576.084;2514.179;3071.655;3599.521;2729.220;2839.928;2653.328;2616.861;2852.094;3599.901;1592.362;257.429;573.139;744.739;1207.038;3241.661;0.200;1665.623;3219.855;664.893;187.890;176.332;484.371;3123.907;122.412;458.235;3286.660;2985.535;2030.380;3599.842;0.225;3600.072;2265.469;989.359;3381.077;2468.646;3599.802;0.076;1876.949;1661.143;2409.453;668.824;-0.046;1825.271;752.210;3407.973;1716.294;1411.594;2579.760;1694.539;3599.966;2957.797;1908.648;772.148;2278.947;2866.472;2878.493;3600.090;421.938;1291.528;1335.330;1259.059;1253.569;1633.124;2073.265;969.426;208.787;1228.543;-0.027;938.552;2618.721;2250.500;3599.893;1980.989;1925.327;2219.381;2837.695;2013.703;2195.130;2484.926;1125.646;3029.957;2121.282;1006.001;573.612;-0.069
431,790.7549464702606,430,-564.6610455375157,564.6610455375157,0.011681159722673098,508.515;3577.812;1029.709;3048.098;1703.755;2667.163;2668.449;2086.953;1610.809;19.281;7.105;2876.516;1736.759;965.073;3159.124;1195.293;918.600;1248.424;2441.312;1761.112;1837.513;587.502;1020.420;850.936;1143.730;460.715;394.644;3600.118;3599.319;33.584;530.501;607.181;2575.943;2811.116;1.670;2044.557;0.020;2214.316;2545.202;3599.928;804.531;3077.375;3204.942;3599.905;-0.023;1553.273;3599.877;1438.492;3393.485;1924.549;2692.116;2111.609;-0.151;0.022;270.956;905.132;3600.005;2760.763;3167.092;2128.819;2321.049;3599.798;3600.226;3600.055;3273.235;355.815;983.343;-0.018;2001.458;2788.360;0.084;0.073;1375.625;734.192;2805.209;1300.149;2468.454;2022.896;2097.516;3599.674;3599.149;0.008;3011.278;830.839;0.183;800.437;2066.474;3599.824;1511.838;-0.001;3598.027;461.235;1372.284;3140.279;1931.664;1681.912;2713.117;5.138;2124.431;1527.031,3600.397;3109.592;0.223;320.833;1503.772;2379.986;935.653;832.642;3267.715;3422.253;1450.573;3325.044;531.720;331.764;1575.746;2513.821;3071.371;3599.866;2728.910;2839.933;2653.440;2616.477;2851.805;3599.963;1592.106;257.149;573.294;744.363;1207.081;3241.944;0.022;1665.843;3219.514;664.651;188.192;176.329;484.366;3123.556;122.110;458.474;3286.287;2985.812;2030.718;3599.882;0.074;3599.744;2265.373;989.010;3380.741;2468.499;3600.134;-0.279;1876.615;1661.278;2409.669;668.477;-0.311;1824.961;752.125;3407.818;1716.666;1411.694;2579.487;1694.910;3600.293;2958.143;1908.885;772.323;2278.576;2866.568;2878.444;3600.195;421.966;1291.912;1335.400;1258.694;1253.288;1633.416;2073.368;969.801;209.167;1228.927;0.174;938.273;2618.485;2250.763;3600.171;1980.637;1925.616;2219.671;2837.783;2013.980;2194.784;2484.910;1125.675;3030.001;2121.132;1006.365;573.293;-0.307
432,792.6716215610504,431,-564.6550393897478,564.6550393897478,0.01138217779902948,508.797;3577.463;1029.353;3047.795;1703.727;2667.476;2668.141;2087.298;1610.453;18.906;7.365;2876.839;1736.788;964.932;3159.272;1195.663;918.886;1248.801;2441.000;1761.082;1837.596;587.185;1020.709;850.562;1143.450;460.435;394.917;3599.939;3599.100;33.949;530.129;607.030;2575.627;2810.836;1.943;2044.787;0.049;2214.114;2545.086;3599.949;804.235;3077.088;3205.029;3599.655;0.148;1553.623;3600.036;1438.690;3393.552;1924.502;2692.485;2111.715;0.147;0.018;270.975;905.381;3600.379;2760.384;3166.966;2128.677;2321.280;3599.969;3599.870;3599.807;3273.582;355.807;983.110;-0.049;2001.299;2788.447;-0.190;-0.198;1375.311;734.554;2805.576;1299.774;2468.431;2022.796;2097.889;3600.019;3598.816;-0.204;3011.496;831.090;-0.004;800.556;2066.557;3599.723;1512.145;0.057;3598.122;460.905;1372.092;3140.212;1931.457;1681.955;2712.798;5.500;2124.106;1527.179,3600.048;3109.228;-0.063;320.507;1504.045;2379.915;936.008;832.713;3267.348;3422.611;1450.426;3324.840;531.542;331.761;1576.086;2514.043;3071.267;3600.172;2729.244;2839.911;2653.527;2616.545;2851.865;3600.294;1591.831;256.899;573.644;744.667;1206.874;3241.644;-0.343;1665.533;3219.842;664.977;188.530;175.962;484.520;3123.896;122.030;458.767;3285.948;2985.481;2030.644;3600.236;-0.294;3600.001;2265.471;988.805;3380.388;2468.389;3599.880;0.070;1876.951;1661.553;2409.949;668.178;0.051;1824.646;751.809;3407.818;1716.355;1411.338;2579.316;1694.771;3599.955;2958.061;1909.164;772.355;2278.207;2866.906;2878.658;3599.838;422.233;1292.206;1335.051;1258.595;1253.244;1633.692;2073.725;969.712;209.543;1229.086;-0.085;937.899;2618.249;2250.578;3599.815;1980.892;1925.683;2219.655;2837.648;2013.672;2194.671;2484.774;1125.332;3030.054;2121.320;1006.716;573.225;0.057
433,794.3866517543793,432,-564.6416268255567,564.6416268255567,0.012876440526756093,508.982;3577.766;1029.054;3048.068;1703.387;2667.837;2668.350;2087.635;1610.232;18.705;7.122;2877.133;1736.860;964.851;3159.113;1195.881;918.529;1249.169;2440.683;1761.048;1837.894;586.868;1021.024;850.359;1143.496;460.070;395.280;3599.587;3598.742;33.691;529.778;607.273;2575.377;2811.170;2.311;2044.468;-0.021;2213.816;2544.731;3600.293;803.866;3077.430;3204.784;3599.415;-0.170;1553.973;3600.389;1439.041;3393.916;1924.155;2692.357;2112.050;0.135;0.210;270.640;905.719;3600.065;2760.035;3166.657;2129.033;2321.616;3600.317;3599.552;3600.078;3273.319;356.034;982.923;-0.167;2001.534;2788.121;0.118;0.155;1374.974;734.926;2805.299;1300.070;2468.089;2023.108;2098.261;3600.338;3599.094;0.148;3011.757;831.005;-0.369;800.238;2066.204;3599.655;1512.472;0.205;3598.389;460.568;1371.727;3140.556;1931.091;1681.887;2713.019;5.808;2123.741;1527.543,3599.869;3109.247;-0.199;320.183;1504.315;2380.241;935.714;833.075;3267.117;3422.946;1450.072;3324.478;531.198;332.117;1576.141;2514.380;3070.942;3599.817;2729.537;2839.935;2653.469;2616.893;2851.546;3599.939;1592.018;256.637;573.326;745.013;1207.224;3241.288;0.000;1665.688;3220.199;665.321;188.320;175.679;484.572;3124.107;121.710;458.773;3285.755;2985.183;2030.411;3599.957;0.051;3600.332;2265.405;989.099;3380.471;2468.037;3600.159;0.143;1877.301;1661.238;2410.251;668.466;-0.059;1824.863;751.711;3408.179;1716.104;1411.116;2578.973;1694.900;3599.795;2958.337;1908.920;772.710;2278.438;2867.275;2878.794;3600.062;422.499;1292.419;1334.965;1258.238;1253.437;1633.513;2073.510;969.464;209.599;1228.961;0.256;937.571;2617.936;2250.857;3599.558;1980.559;1926.046;2219.296;2837.981;2013.804;2194.322;2484.499;1124.990;3030.018;2121.678;1007.050;573.587;0.064
434,796.2585141658783,433,-564.6391314702296,564.6391314702296,0.0038291649729067546,508.688;3577.644;1029.396;3048.430;1703.718;2667.894;2668.709;2087.361;1610.488;18.349;6.761;2877.448;1736.532;965.208;3158.756;1195.540;918.183;1248.953;2441.023;1761.036;1838.176;587.207;1020.817;850.684;1143.200;459.705;395.347;3599.656;3599.008;34.022;529.564;607.614;2575.640;2811.045;2.166;2044.788;-0.204;2213.453;2544.503;3599.947;803.622;3077.712;3205.102;3599.753;0.093;1554.103;3600.046;1438.726;3393.589;1924.165;2692.136;2111.737;-0.035;0.148;270.819;905.927;3599.889;2760.193;3166.302;2128.706;2321.268;3599.989;3599.294;3599.749;3273.425;356.394;982.980;0.168;2001.185;2788.056;0.285;0.083;1374.644;735.088;2805.007;1299.754;2467.813;2023.472;2098.086;3599.985;3599.427;0.369;3011.414;830.831;-0.034;800.498;2066.495;3599.973;1512.835;-0.129;3598.751;460.210;1371.425;3140.920;1930.964;1682.076;2713.379;5.517;2123.968;1527.810,3599.636;3109.558;0.153;319.868;1504.361;2379.908;935.830;832.765;3267.286;3422.764;1449.738;3324.739;531.210;332.080;1576.434;2514.743;3071.288;3599.848;2729.450;2839.818;2653.119;2616.743;2851.884;3600.039;1592.369;256.974;573.017;745.082;1206.880;3241.370;-0.021;1665.339;3220.513;664.980;188.451;175.783;484.219;3124.271;122.040;458.446;3286.099;2985.286;2030.056;3600.011;-0.065;3599.988;2265.754;989.394;3380.821;2468.354;3599.821;-0.055;1877.663;1661.240;2410.529;668.784;0.159;1824.869;751.835;3407.950;1716.418;1411.440;2579.316;1695.131;3599.663;2957.989;1909.146;772.533;2278.296;2867.558;2878.442;3599.845;422.861;1292.108;1335.304;1258.476;1253.098;1633.154;2073.386;969.798;209.252;1228.989;-0.042;937.762;2618.252;2250.538;3599.891;1980.852;1925.787;2219.342;2837.649;2014.131;2194.295;2484.138;1125.332;3029.999;2121.354;1006.786;573.949;0.074
435,798.1562540531158,434,-564.6417067519869,564.6417067519869,0.008370926074741419,508.423;3577.584;1029.709;3048.715;1703.405;2667.577;2668.984;2087.676;1610.434;18.322;6.404;2877.805;1736.174;965.138;3158.963;1195.223;917.850;1249.260;2441.355;1761.144;1838.443;587.127;1021.141;850.952;1142.847;459.757;395.405;3599.501;3598.883;34.360;529.299;607.314;2575.308;2810.787;1.903;2044.590;0.145;2213.095;2544.815;3600.018;803.331;3078.068;3205.460;3600.086;-0.098;1554.203;3599.887;1438.821;3393.410;1923.968;2692.450;2111.811;0.295;0.330;270.514;905.611;3600.007;2759.861;3165.943;2128.853;2321.540;3600.010;3599.573;3599.424;3273.094;356.224;982.634;-0.167;2000.873;2787.711;0.018;-0.221;1374.309;735.039;2804.660;1299.504;2467.457;2023.831;2098.301;3600.015;3599.765;0.095;3011.066;831.179;0.071;800.279;2066.369;3600.331;1513.190;0.175;3598.426;459.885;1371.078;3141.278;1930.629;1681.950;2713.402;5.863;2124.319;1528.166,3599.736;3109.913;-0.073;319.510;1504.710;2379.601;936.170;832.408;3266.952;3423.038;1449.569;3324.595;531.550;331.736;1576.790;2515.102;3071.632;3600.187;2729.787;2839.530;2652.772;2616.414;2852.209;3599.987;1592.724;257.296;573.317;745.303;1206.793;3241.720;-0.160;1664.981;3220.864;664.713;188.116;175.437;483.862;3124.595;122.395;458.472;3285.982;2985.148;2029.936;3599.697;0.262;3599.903;2266.098;989.074;3381.108;2468.401;3599.716;-0.128;1877.620;1661.589;2410.218;669.141;-0.091;1824.529;752.187;3407.859;1716.214;1411.140;2579.665;1694.816;3599.962;2957.634;1909.500;772.180;2278.220;2867.904;2878.086;3600.179;423.219;1291.751;1335.658;1258.825;1252.740;1632.826;2073.735;969.463;208.895;1228.639;0.213;937.689;2618.609;2250.180;3600.166;1981.200;1925.431;2219.543;2837.340;2014.098;2194.645;2483.784;1125.671;3029.819;2121.041;1007.128;573.642;0.044
436,799.8653843402863,435,-564.6474674306313,564.6474674306313,0.011357775976558362,508.074;3577.239;1029.481;3048.426;1703.719;2667.226;2668.932;2087.393;1610.133;18.634;6.053;2877.501;1735.942;965.144;3159.288;1195.521;918.165;1249.549;2441.157;1761.462;1838.114;587.334;1020.934;850.691;1143.022;460.057;395.088;3599.827;3599.168;34.622;529.318;606.963;2575.351;2810.440;2.045;2044.818;-0.042;2213.382;2545.166;3599.896;803.653;3077.760;3205.779;3600.430;0.067;1553.905;3599.687;1438.839;3393.084;1924.299;2692.801;2111.495;0.186;0.676;270.213;905.918;3599.816;2759.902;3166.211;2128.871;2321.249;3599.829;3599.917;3599.460;3273.405;355.977;982.634;0.015;2000.524;2788.020;-0.317;0.099;1374.515;734.696;2804.972;1299.261;2467.754;2023.536;2098.048;3600.246;3600.114;-0.254;3010.732;831.135;-0.151;800.558;2066.360;3600.009;1512.930;-0.073;3598.602;459.977;1371.347;3141.169;1930.946;1682.264;2713.735;5.951;2124.557;1528.510,3600.078;3109.723;0.220;319.776;1504.406;2379.339;935.923;832.578;3266.732;3422.908;1449.600;3324.933;531.902;331.473;1576.575;2514.913;3071.347;3599.880;2729.491;2839.784;2652.838;2616.548;2852.114;3600.197;1592.540;257.002;573.573;745.650;1206.463;3241.747;0.176;1665.247;3220.693;664.864;188.399;175.708;484.078;3124.262;122.178;458.132;3286.100;2985.490;2030.244;3599.573;0.230;3600.041;2266.320;988.770;3381.382;2468.735;3600.034;0.202;1877.284;1661.324;2410.529;668.825;0.222;1824.517;751.868;3407.688;1716.532;1411.213;2579.401;1694.738;3600.227;2957.913;1909.205;772.288;2278.425;2867.566;2878.321;3599.863;422.934;1291.969;1335.971;1259.142;1252.589;1633.139;2073.621;969.199;209.177;1228.954;-0.110;938.020;2618.452;2249.988;3599.840;1981.349;1925.571;2219.255;2837.221;2014.436;2194.628;2484.073;1125.428;3030.134;2120.699;1006.818;573.331;-0.295
437,801.723480463028,436,-564.6530843410007,564.6530843410007,0.009890014915108596,507.727;3577.151;1029.238;3048.724;1703.787;2666.992;2668.600;2087.617;1609.788;18.976;5.717;2877.490;1735.782;964.818;3158.980;1195.723;918.286;1249.231;2441.288;1761.808;1837.798;587.006;1021.254;851.020;1142.703;459.787;395.275;3600.169;3599.487;34.287;529.656;606.732;2575.241;2810.755;2.185;2044.484;0.201;2213.722;2545.003;3599.562;803.330;3077.700;3205.697;3600.111;-0.252;1554.223;3599.731;1439.176;3393.350;1924.608;2692.986;2111.825;0.522;0.454;269.868;906.218;3599.474;2759.776;3166.145;2129.197;2321.192;3600.109;3600.145;3599.401;3273.162;356.295;982.375;0.002;2000.202;2787.795;0.011;0.158;1374.191;734.784;2804.988;1298.919;2467.749;2023.737;2098.371;3599.934;3600.453;0.073;3010.566;830.818;0.148;800.427;2066.026;3600.197;1513.141;0.218;3598.939;459.644;1371.108;3140.944;1930.930;1682.063;2713.858;5.806;2124.348;1528.718,3599.963;3110.045;-0.065;319.488;1504.512;2378.998;936.245;832.758;3266.390;3422.568;1449.262;3324.961;532.232;331.131;1576.614;2514.590;3071.041;3600.019;2729.326;2840.106;2653.168;2616.874;2851.774;3599.864;1592.505;256.658;573.355;745.630;1206.585;3241.749;-0.090;1665.215;3220.442;664.604;188.743;175.544;484.232;3124.380;121.861;458.461;3285.768;2985.247;2030.586;3599.804;-0.064;3599.957;2265.987;988.425;3381.291;2468.594;3600.284;-0.081;1876.941;1661.253;2410.629;669.041;0.072;1824.790;751.717;3408.024;1716.846;1410.878;2579.154;1695.075;3599.894;2958.025;1909.378;772.624;2278.093;2867.632;2878.499;3600.093;422.707;1292.268;1336.038;1258.952;1252.404;1632.954;2073.941;968.882;209.476;1229.256;0.182;937.716;2618.496;2250.242;3600.001;1981.676;1925.356;2219.531;2837.487;2014.129;2194.945;2484.401;1125.150;3030.459;2120.401;1006.516;572.986;0.034
438,803.6078317165375,437,-564.6465764733856,564.6465764733856,0.008868525932950197,507.800;3577.476;1029.556;3049.048;1703.792;2666.678;2668.621;2087.949;1609.447;19.045;5.692;2877.655;1735.453;964.504;3158.654;1196.017;917.959;1249.273;2441.048;1761.972;1838.074;587.093;1021.574;851.329;1142.369;459.450;394.946;3599.842;3599.174;34.132;529.997;606.395;2575.193;2810.629;2.519;2044.146;-0.039;2214.049;2544.922;3599.864;803.040;3077.986;3205.421;3599.891;-0.083;1554.365;3599.447;1439.244;3393.508;1924.336;2693.273;2112.160;0.852;0.172;270.023;906.556;3599.142;2760.093;3166.380;2129.538;2321.076;3600.311;3599.819;3599.723;3272.935;356.628;982.037;0.084;2000.434;2787.472;0.273;0.258;1373.852;734.467;2804.698;1298.859;2467.667;2023.557;2098.711;3600.061;3600.125;0.164;3010.236;831.060;-0.168;800.101;2065.685;3600.009;1513.449;-0.024;3599.218;459.317;1370.891;3141.261;1930.620;1681.742;2713.576;5.489;2124.636;1529.048,3599.780;3110.314;-0.203;319.249;1504.800;2379.263;936.367;832.488;3266.105;3422.638;1448.939;3324.688;532.019;330.858;1576.940;2514.874;3071.181;3599.912;2729.631;2839.872;2653.114;2616.554;2852.038;3599.954;1592.304;256.804;573.654;745.315;1206.875;3241.421;0.049;1664.898;3220.122;664.909;189.033;175.216;484.262;3124.711;121.548;458.563;3285.928;2985.092;2030.437;3600.134;-0.094;3600.267;2265.980;988.592;3381.079;2468.262;3599.958;0.227;1877.229;1661.556;2410.308;668.836;-0.260;1824.461;751.390;3407.972;1716.565;1410.828;2578.887;1695.196;3599.924;2957.746;1909.670;772.730;2278.325;2867.949;2878.828;3600.193;422.977;1292.607;1335.710;1258.617;1252.722;1633.249;2074.154;969.188;209.807;1229.290;0.362;937.377;2618.776;2250.504;3599.971;1981.769;1925.056;2219.869;2837.165;2013.802;2194.637;2484.236;1125.442;3030.617;2120.693;1006.550;573.092;0.176
439,805.5240080356598,438,-564.6468861466451,564.6468861466451,0.009917153864865384,507.725;3577.416;1029.813;3049.375;1704.114;2666.984;2668.528;2088.190;1609.427;18.854;5.978;2877.971;1735.708;964.172;3158.645;1195.723;918.100;1248.951;2441.372;1762.152;1837.929;587.403;1021.908;851.175;1142.300;459.534;394.671;3599.756;3599.486;34.335;530.283;606.095;2574.868;2810.934;2.462;2043.885;0.064;2214.149;2544.595;3599.961;802.709;3077.917;3205.695;3600.153;0.126;1554.043;3599.678;1439.534;3393.678;1924.128;2692.970;2112.424;1.045;-0.160;269.724;906.434;3598.856;2759.851;3166.058;2129.854;2321.281;3599.985;3599.900;3600.054;3272.604;356.925;982.340;-0.189;2000.186;2787.292;0.279;0.571;1373.686;734.751;2804.920;1298.536;2467.735;2023.572;2098.873;3600.376;3599.996;0.369;3009.930;830.761;0.015;799.769;2065.399;3599.989;1513.369;-0.076;3599.461;459.011;1370.560;3141.586;1930.298;1681.802;2713.301;5.674;2124.958;1529.371,3600.102;3110.646;0.114;318.921;1504.714;2378.960;936.622;832.705;3265.772;3422.677;1449.193;3324.359;531.738;330.541;1577.136;2515.144;3071.443;3600.232;2729.466;2839.621;2652.906;2616.257;2851.756;3600.072;1592.520;256.759;573.986;745.157;1207.206;3241.212;-0.242;1664.953;3219.809;664.623;189.208;175.021;483.941;3124.998;121.223;458.874;3285.622;2984.771;2030.757;3599.811;0.227;3599.945;2265.677;988.494;3381.404;2468.497;3599.963;0.202;1877.193;1661.239;2410.606;668.843;0.052;1824.193;751.654;3408.283;1716.432;1410.503;2579.162;1695.482;3600.230;2957.422;1909.374;772.511;2278.420;2868.250;2878.573;3599.885;423.230;1292.576;1335.996;1258.801;1252.493;1633.370;2074.484;968.946;209.648;1228.994;0.613;937.403;2618.985;2250.836;3600.284;1981.450;1924.738;2219.759;2837.419;2013.788;2194.906;2483.923;1125.144;3030.356;2120.969;1006.845;573.387;0.166
440,807.2409830093384,439,-564.6498396924499,564.6498396924499,0.004085633430321249,508.040;3577.705;1030.100;3049.129;1703.830;2666.739;2668.840;2088.080;1609.562;18.641;5.752;2878.299;1735.612;963.897;3158.918;1195.405;918.360;1248.631;2441.093;1762.447;1838.196;587.325;1021.781;851.046;1142.506;459.314;394.351;3599.981;3599.695;34.481;530.591;605.776;2574.545;2810.701;2.143;2044.071;-0.162;2214.408;2544.528;3599.822;802.929;3078.002;3205.417;3599.948;0.450;1553.775;3599.862;1439.235;3393.367;1923.806;2692.838;2112.254;0.787;0.096;269.979;906.561;3599.116;2760.086;3166.270;2129.792;2321.605;3599.894;3600.057;3599.866;3272.751;356.640;982.434;0.126;2000.033;2787.596;0.460;0.259;1373.879;734.545;2804.611;1298.365;2467.419;2023.884;2098.596;3600.065;3599.857;0.280;3010.228;831.001;-0.090;800.025;2065.574;3599.778;1513.581;0.231;3599.786;458.688;1370.689;3141.825;1930.562;1682.111;2713.555;5.656;2125.214;1529.210,3599.876;3110.931;-0.049;318.931;1504.607;2379.141;936.948;832.400;3265.658;3422.462;1449.438;3324.032;531.441;330.216;1577.281;2515.106;3071.714;3599.938;2729.757;2839.869;2652.582;2616.047;2851.749;3599.838;1592.845;257.055;573.771;744.835;1206.980;3241.514;0.066;1664.674;3220.089;664.302;188.927;175.282;483.729;3125.320;120.908;459.028;3285.689;2984.457;2030.669;3599.546;0.014;3599.819;2265.387;988.177;3381.715;2468.472;3599.892;-0.114;1877.482;1661.376;2410.399;669.152;-0.095;1824.400;751.965;3408.557;1716.695;1410.685;2579.451;1695.192;3599.940;2957.630;1909.598;772.793;2278.114;2868.055;2878.412;3600.126;423.491;1292.530;1336.157;1258.541;1252.433;1633.117;2074.283;968.705;209.422;1228.667;0.935;937.289;2619.310;2251.106;3599.973;1981.189;1924.410;2220.061;2837.730;2013.473;2194.788;2483.879;1125.128;3030.650;2121.294;1007.143;573.665;-0.048
441,809.1237187385559,440,-564.6526561749531,564.6526561749531,0.006979631166925339,508.254;3577.490;1030.414;3049.356;1703.864;2666.422;2669.163;2087.766;1609.254;18.322;6.057;2878.291;1735.300;963.582;3159.225;1195.657;918.672;1248.911;2440.852;1762.181;1838.462;587.166;1021.492;851.360;1142.762;459.280;394.029;3599.856;3599.743;34.798;530.913;605.967;2574.851;2810.774;2.258;2043.764;0.150;2214.727;2544.258;3600.118;802.666;3077.692;3205.664;3599.861;0.180;1553.454;3600.180;1439.494;3393.600;1923.817;2693.004;2112.563;1.055;-0.160;269.689;906.555;3599.002;2760.399;3166.229;2130.094;2321.843;3600.077;3599.827;3599.623;3273.056;356.339;982.521;-0.035;2000.345;2787.304;0.767;-0.057;1373.665;734.230;2804.296;1298.669;2467.709;2024.126;2098.378;3599.914;3600.077;-0.036;3009.944;830.745;0.163;800.306;2065.284;3600.049;1513.270;0.425;3600.109;458.365;1370.496;3141.598;1930.261;1682.404;2713.262;5.962;2125.534;1529.516,3599.747;3111.252;0.062;318.641;1504.292;2378.914;936.701;832.638;3265.350;3422.145;1449.140;3324.289;531.742;329.894;1576.975;2514.791;3071.409;3599.892;2729.480;2840.190;2652.846;2615.790;2851.457;3600.139;1592.561;256.762;574.065;744.836;1207.167;3241.836;0.053;1664.970;3219.807;663.991;189.225;175.597;484.024;3125.174;120.589;459.345;3285.432;2984.141;2030.979;3599.816;-0.305;3599.646;2265.066;987.855;3381.495;2468.238;3600.172;0.048;1877.181;1661.278;2410.191;669.445;0.064;1824.718;751.760;3408.878;1716.957;1410.389;2579.174;1695.461;3599.913;2957.948;1909.358;773.114;2278.421;2867.737;2878.710;3599.868;423.186;1292.564;1336.473;1258.723;1252.737;1632.941;2074.022;968.567;209.698;1228.949;1.102;937.598;2619.023;2251.420;3599.893;1980.877;1924.288;2220.377;2838.053;2013.702;2195.059;2484.193;1125.385;3030.970;2121.089;1007.017;573.383;0.179
442,811.0323231220245,441,-564.6610658297707,564.6610658297707,0.013920933581117902,507.963;3577.326;1030.732;3049.438;1703.566;2666.106;2668.957;2087.488;1608.962;18.615;6.329;2877.985;1734.983;963.878;3159.013;1195.926;918.413;1249.213;2440.602;1761.999;1838.777;586.946;1021.758;851.422;1142.456;458.971;393.711;3599.545;3600.048;34.520;531.228;605.685;2574.970;2810.493;1.968;2043.467;0.362;2215.002;2544.542;3600.434;802.761;3077.905;3205.978;3600.166;-0.125;1553.140;3599.876;1439.508;3393.469;1923.509;2693.314;2112.855;1.275;-0.383;269.605;906.863;3598.702;2760.221;3165.933;2130.399;2321.716;3599.789;3600.027;3599.310;3273.273;356.040;982.215;-0.133;2000.609;2787.177;1.083;-0.310;1373.383;733.917;2804.519;1298.822;2468.008;2024.440;2098.557;3600.191;3599.801;-0.202;3009.673;831.002;-0.095;800.577;2064.972;3600.364;1513.519;0.144;3600.123;458.164;1370.186;3141.897;1930.313;1682.123;2713.367;6.279;2125.851;1529.802,3600.035;3111.568;-0.233;318.328;1504.567;2378.601;936.395;832.444;3265.070;3421.827;1449.425;3324.581;532.053;329.582;1576.731;2514.703;3071.683;3600.129;2729.746;2839.982;2652.711;2615.475;2851.709;3599.854;1592.758;256.542;574.363;745.051;1207.434;3242.154;0.322;1664.819;3220.038;663.674;189.339;175.745;483.756;3124.887;120.836;459.556;3285.712;2983.824;2030.765;3599.599;-0.017;3599.345;2264.884;987.738;3381.745;2468.521;3599.880;-0.245;1876.869;1660.968;2409.878;669.761;-0.226;1825.035;752.053;3409.139;1717.272;1410.250;2579.462;1695.769;3600.195;2958.008;1909.641;773.422;2278.367;2867.509;2878.536;3600.121;422.877;1292.870;1336.789;1258.487;1252.468;1632.630;2074.272;968.256;210.010;1228.748;1.085;937.356;2619.298;2251.231;3599.652;1980.672;1923.978;2220.694;2837.900;2013.947;2195.254;2484.495;1125.698;3031.008;2121.382;1007.071;573.610;-0.115
443,812.9689514636993,442,-564.6541506913737,564.6541506913737,0.0059475148256724715,508.217;3577.601;1030.599;3049.139;1703.287;2665.909;2669.227;2087.448;1608.669;18.672;6.363;2877.927;1735.181;963.838;3159.311;1196.002;918.306;1249.494;2440.850;1761.700;1838.643;586.638;1022.044;851.491;1142.457;459.149;393.495;3599.705;3599.849;34.494;531.025;605.382;2575.253;2810.183;1.710;2043.404;0.108;2214.926;2544.850;3600.147;803.029;3078.020;3206.066;3599.896;0.158;1553.334;3599.938;1439.700;3393.768;1923.304;2693.091;2112.819;1.071;-0.086;269.422;906.984;3598.990;2759.914;3165.920;2130.699;2322.015;3599.624;3600.334;3599.528;3273.571;355.730;982.013;0.160;2000.893;2786.887;0.832;-0.032;1373.671;733.615;2804.700;1299.120;2467.726;2024.221;2098.863;3599.943;3599.555;0.088;3009.532;831.295;0.198;800.309;2065.200;3600.065;1513.290;0.226;3599.824;458.189;1370.419;3141.722;1930.073;1681.821;2713.066;6.404;2126.022;1529.595,3600.108;3111.343;0.060;318.515;1504.445;2378.796;936.117;832.303;3265.336;3421.668;1449.298;3324.888;532.245;329.599;1577.022;2515.005;3071.657;3599.842;2729.595;2839.675;2652.888;2615.668;2851.718;3599.736;1592.857;256.242;574.620;744.751;1207.743;3242.341;0.364;1664.514;3219.739;663.820;189.604;175.453;483.842;3124.579;121.048;459.403;3285.974;2984.103;2030.863;3599.873;0.110;3599.586;2264.966;987.946;3381.455;2468.239;3600.145;0.011;1876.655;1661.193;2410.059;669.556;0.039;1824.850;751.955;3408.880;1717.032;1410.024;2579.192;1695.947;3599.901;2958.299;1909.947;773.577;2278.064;2867.334;2878.824;3599.965;422.626;1293.181;1336.554;1258.185;1252.695;1632.845;2074.454;968.113;210.322;1228.714;0.784;937.062;2619.333;2250.925;3599.383;1980.967;1924.101;2220.450;2837.600;2013.677;2194.980;2484.672;1126.008;3031.286;2121.639;1006.785;573.393;0.118
444,814.6968548297882,443,-564.6614596149602,564.6614596149602,0.005924048429639154,508.132;3577.825;1030.831;3048.848;1702.985;2666.022;2668.974;2087.744;1608.905;18.593;6.607;2877.637;1735.036;964.121;3159.056;1195.705;918.006;1249.245;2440.621;1761.468;1838.892;586.508;1022.187;851.214;1142.172;458.922;393.657;3599.768;3600.088;34.324;531.072;605.659;2575.130;2810.356;1.409;2043.501;-0.023;2214.634;2544.966;3599.892;803.328;3078.320;3205.798;3599.871;0.264;1553.322;3600.126;1439.645;3393.995;1923.146;2693.386;2112.566;0.780;0.130;269.356;906.792;3599.205;2759.674;3166.215;2130.469;2321.926;3599.766;3600.040;3599.762;3273.501;355.982;982.211;0.288;2001.032;2786.765;0.686;0.032;1373.970;733.541;2804.985;1299.025;2467.700;2024.273;2098.618;3599.987;3599.580;0.168;3009.819;831.580;0.113;800.498;2065.435;3599.972;1513.567;-0.066;3599.530;457.908;1370.131;3142.008;1929.966;1681.909;2713.227;6.201;2125.982;1529.293,3599.812;3111.082;0.000;318.625;1504.225;2379.084;935.841;832.003;3265.631;3421.871;1449.381;3324.694;532.529;329.888;1576.773;2515.021;3071.711;3599.711;2729.488;2839.758;2652.595;2615.967;2851.424;3599.999;1593.157;255.937;574.325;744.927;1207.621;3242.086;0.336;1664.735;3219.969;663.924;189.519;175.519;484.141;3124.799;121.026;459.286;3286.274;2983.965;2030.577;3600.134;-0.144;3599.783;2264.709;988.235;3381.680;2468.454;3599.909;-0.152;1876.460;1661.026;2410.057;669.806;-0.172;1825.108;752.201;3408.606;1716.824;1410.306;2579.300;1695.911;3599.913;2958.216;1910.114;773.865;2278.293;2867.148;2878.728;3600.203;422.394;1292.930;1336.620;1258.469;1252.996;1632.594;2074.165;967.865;210.073;1228.428;0.479;937.096;2619.263;2250.859;3599.652;1980.997;1924.081;2220.202;2837.828;2013.904;2195.261;2484.930;1125.932;3031.287;2121.805;1007.014;573.090;-0.119
445,816.6035959720612,444,-564.6626296663646,564.6626296663646,0.007809807086611285,507.853;3577.536;1031.012;3049.053;1702.690;2665.776;2668.835;2087.727;1609.137;18.479;6.350;2877.782;1735.162;964.397;3158.786;1195.428;917.876;1248.989;2440.332;1761.644;1839.088;586.714;1021.916;851.477;1142.225;458.789;393.382;3600.028;3599.809;34.574;531.330;605.938;2574.838;2810.627;1.637;2043.371;-0.318;2214.583;2544.801;3599.701;803.075;3078.387;3206.044;3600.147;0.040;1553.065;3599.840;1439.925;3393.760;1922.999;2693.497;2112.584;1.054;-0.080;269.065;906.529;3599.419;2759.945;3166.471;2130.271;2322.036;3600.056;3599.977;3600.041;3273.340;356.171;981.994;0.581;2000.829;2787.037;0.427;-0.243;1373.892;733.265;2805.201;1298.889;2467.903;2024.544;2098.466;3600.174;3599.354;0.044;3009.602;831.376;-0.075;800.660;2065.397;3599.905;1513.673;0.102;3599.648;458.157;1370.286;3142.051;1930.150;1682.160;2713.507;5.906;2126.225;1529.228,3599.545;3110.941;0.034;318.524;1504.493;2379.125;935.692;831.806;3265.549;3422.156;1449.283;3324.405;532.482;329.788;1576.486;2514.756;3071.426;3599.816;2729.775;2840.048;2652.521;2616.264;2851.203;3600.270;1593.402;256.020;574.183;745.218;1207.331;3242.284;0.077;1664.976;3220.231;664.017;189.225;175.237;484.017;3125.066;120.752;458.995;3286.071;2983.773;2030.307;3599.868;0.110;3600.077;2264.981;988.281;3381.956;2468.713;3599.888;0.125;1876.169;1661.205;2409.770;670.069;0.086;1825.371;752.079;3408.822;1717.105;1410.579;2579.517;1695.618;3599.879;2958.390;1909.860;774.166;2278.537;2866.853;2878.441;3599.916;422.666;1292.666;1336.597;1258.505;1252.843;1632.421;2073.882;967.886;209.792;1228.374;0.649;936.905;2619.544;2250.797;3599.941;1980.711;1924.229;2219.934;2838.107;2014.128;2195.177;2484.737;1125.648;3031.364;2122.101;1006.756;572.996;0.164
446,818.5316061973572,445,-564.659536598687,564.659536598687,0.010422612914455768,508.107;3577.391;1030.945;3048.864;1702.570;2665.524;2668.792;2087.501;1608.907;18.190;6.625;2878.066;1735.450;964.607;3158.600;1195.165;917.589;1248.695;2440.091;1761.928;1839.380;586.520;1021.985;851.704;1142.506;458.500;393.088;3600.313;3599.534;34.866;531.624;606.231;2575.079;2810.922;1.906;2043.081;-0.043;2214.865;2544.511;3599.511;802.796;3078.662;3206.010;3599.941;-0.230;1552.804;3599.728;1439.659;3393.707;1922.709;2693.453;2112.870;0.811;0.111;269.330;906.805;3599.704;2760.235;3166.545;2130.145;2321.772;3600.327;3600.118;3599.963;3273.054;356.461;982.226;0.866;2001.075;2787.144;0.665;0.023;1373.609;733.413;2804.920;1298.792;2468.193;2024.839;2098.661;3599.892;3599.624;-0.245;3009.829;831.095;-0.343;800.948;2065.113;3599.741;1513.421;0.090;3599.881;457.902;1370.271;3141.873;1929.892;1682.402;2713.375;5.614;2126.052;1529.217,3599.510;3110.884;-0.174;318.338;1504.784;2379.241;935.971;831.977;3265.723;3421.969;1448.994;3324.145;532.203;329.546;1576.539;2514.888;3071.207;3599.589;2730.025;2840.005;2652.316;2616.247;2851.453;3599.988;1593.442;256.003;573.947;745.103;1207.599;3242.506;-0.142;1664.765;3220.254;664.281;188.984;174.942;484.247;3125.361;120.458;458.732;3285.782;2983.483;2030.013;3600.018;0.047;3599.919;2265.012;988.561;3382.151;2468.697;3600.044;0.200;1876.427;1660.950;2409.780;670.221;-0.010;1825.359;751.833;3409.108;1716.901;1410.322;2579.727;1695.732;3600.075;2958.447;1909.842;774.402;2278.821;2867.021;2878.608;3599.970;422.852;1292.532;1336.333;1258.264;1253.118;1632.153;2074.112;967.608;209.662;1228.654;0.937;936.879;2619.293;2251.077;3600.197;1980.565;1924.497;2219.896;2838.375;2013.853;2195.171;2484.997;1125.494;3031.642;2122.183;1007.038;573.229;0.137
447,820.2549405097961,446,-564.6614300415719,564.6614300415719,0.007849777101664034,507.858;3577.406;1031.227;3048.933;1702.777;2665.718;2669.066;2087.214;1608.861;18.085;6.708;2877.973;1735.417;964.870;3158.317;1194.876;917.316;1248.463;2440.365;1762.216;1839.669;586.770;1022.265;851.434;1142.291;458.303;392.842;3600.037;3599.763;35.063;531.907;606.513;2575.166;2811.085;1.646;2043.007;-0.044;2214.824;2544.281;3599.274;803.026;3078.950;3206.285;3600.176;0.043;1552.515;3599.978;1439.374;3393.424;1922.442;2693.223;2113.093;0.547;0.095;269.092;907.056;3599.862;2760.295;3166.268;2130.301;2321.486;3600.048;3599.848;3600.241;3272.764;356.736;981.971;0.792;2001.034;2787.428;0.922;-0.137;1373.868;733.680;2804.731;1299.012;2468.477;2025.114;2098.391;3599.983;3599.381;0.027;3010.052;830.840;-0.063;800.812;2064.825;3599.699;1513.637;0.218;3600.163;458.145;1369.989;3141.694;1929.603;1682.690;2713.615;5.390;2126.315;1529.012,3599.769;3111.151;0.106;318.053;1505.058;2378.967;935.815;832.236;3265.966;3422.068;1449.026;3324.181;532.344;329.738;1576.444;2515.170;3071.123;3599.845;2729.898;2839.765;2652.168;2616.524;2851.409;3599.975;1593.719;256.277;573.943;745.048;1207.385;3242.409;0.139;1664.482;3220.388;664.011;189.183;174.725;483.983;3125.467;120.684;458.443;3285.731;2983.407;2029.727;3599.773;-0.188;3600.127;2265.293;988.850;3382.433;2468.974;3599.985;-0.029;1876.264;1660.678;2409.512;669.944;-0.267;1825.640;752.112;3408.900;1717.149;1410.530;2580.008;1696.009;3599.850;2958.165;1910.076;774.144;2279.110;2867.305;2878.339;3600.199;423.109;1292.250;1336.059;1258.004;1252.905;1631.866;2074.381;967.362;209.704;1228.522;0.748;936.596;2619.559;2251.022;3599.927;1980.456;1924.227;2219.613;2838.237;2014.070;2195.453;2484.726;1125.561;3031.375;2121.986;1007.317;572.995;-0.066
448,822.1375598907471,447,-564.6582345675915,564.6582345675915,0.005766264729959168,507.617;3577.271;1031.239;3048.709;1703.059;2665.447;2668.807;2087.226;1608.585;17.807;6.513;2878.246;1735.155;964.640;3158.529;1194.713;917.566;1248.693;2440.567;1762.496;1839.407;586.514;1022.472;851.396;1142.022;458.570;393.095;3599.887;3599.632;35.240;531.785;606.600;2575.440;2811.362;1.712;2042.960;0.069;2214.658;2544.485;3599.522;802.782;3078.712;3206.558;3600.060;-0.122;1552.230;3600.011;1439.630;3393.184;1922.674;2693.491;2112.860;0.284;0.369;268.809;906.788;3599.608;2760.046;3166.156;2130.581;2321.283;3600.062;3599.944;3599.966;3272.875;356.557;981.805;0.518;2000.756;2787.175;0.868;0.137;1373.844;733.964;2804.997;1298.765;2468.249;2025.282;2098.634;3599.996;3599.640;0.104;3009.800;831.072;0.093;800.532;2064.568;3599.976;1513.535;-0.048;3599.895;458.139;1369.719;3141.953;1929.355;1682.465;2713.897;5.123;2126.590;1529.287,3600.052;3110.884;0.057;317.774;1505.291;2378.682;935.535;832.520;3265.699;3422.343;1448.763;3323.917;532.070;330.019;1576.719;2515.455;3071.391;3600.129;2729.771;2839.519;2652.401;2616.687;2851.134;3600.140;1593.600;256.534;573.731;745.322;1207.138;3242.131;-0.077;1664.534;3220.346;664.276;189.449;174.983;484.177;3125.729;120.425;458.285;3286.007;2983.660;2029.975;3599.640;0.080;3599.854;2265.079;989.102;3382.695;2468.707;3600.257;0.019;1876.032;1660.860;2409.271;669.671;0.002;1825.453;751.954;3409.003;1717.029;1410.745;2579.758;1695.749;3600.116;2957.880;1909.854;774.006;2279.353;2867.309;2878.564;3599.931;422.940;1292.482;1335.777;1257.958;1253.134;1632.111;2074.206;967.080;209.981;1228.244;0.477;936.358;2619.771;2251.296;3600.137;1980.177;1924.185;2219.362;2838.487;2013.921;2195.719;2484.734;1125.318;3031.092;2121.715;1007.151;572.716;0.197
449,824.0488550662994,448,-564.6609689663187,564.6609689663187,0.008132950235984416,507.338;3576.996;1030.981;3048.751;1703.335;2665.458;2668.548;2086.974;1608.699;17.823;6.237;2878.014;1735.329;964.783;3158.758;1194.945;917.594;1248.460;2440.843;1762.542;1839.365;586.235;1022.749;851.661;1141.752;458.790;393.083;3599.633;3599.856;35.508;531.523;606.401;2575.463;2811.641;1.485;2043.209;-0.015;2214.916;2544.327;3599.792;802.521;3078.465;3206.762;3600.220;0.121;1552.355;3599.901;1439.849;3393.259;1922.633;2693.614;2112.818;0.538;0.243;268.560;906.592;3599.852;2759.853;3165.885;2130.839;2321.006;3599.843;3599.890;3599.954;3272.633;356.731;982.065;0.247;2000.608;2787.045;1.109;0.096;1373.590;734.214;2805.229;1298.488;2468.405;2025.454;2098.862;3600.267;3599.705;0.190;3009.607;830.930;-0.098;800.268;2064.367;3600.231;1513.312;0.215;3600.060;457.877;1369.832;3141.960;1929.510;1682.218;2713.763;5.383;2126.868;1529.506,3599.806;3110.777;-0.080;317.495;1505.565;2378.404;935.782;832.661;3265.427;3422.104;1448.747;3324.084;532.150;329.795;1576.990;2515.473;3071.642;3599.884;2730.040;2839.374;2652.677;2616.423;2850.997;3599.884;1593.828;256.297;573.989;745.602;1206.946;3242.356;-0.259;1664.268;3220.074;664.296;189.715;174.775;483.959;3125.960;120.436;458.544;3285.954;2983.851;2030.014;3599.898;0.049;3600.099;2264.857;988.848;3382.755;2468.811;3599.991;-0.249;1876.197;1660.663;2409.142;669.708;-0.053;1825.207;751.709;3409.261;1717.285;1410.480;2579.965;1695.876;3599.862;2957.889;1910.118;774.251;2279.102;2867.048;2878.344;3599.997;423.203;1292.738;1335.910;1257.687;1252.877;1632.116;2074.472;966.800;210.260;1228.491;0.444;936.345;2620.020;2251.055;3599.938;1980.437;1923.912;2219.582;2838.312;2013.647;2195.733;2484.596;1125.044;3030.838;2121.436;1006.885;572.759;0.267
450,825.7670156955719,449,-564.6624396477499,564.6624396477499,0.0060815143103012895,507.090;3577.060;1030.718;3048.536;1703.580;2665.679;2668.791;2086.711;1608.892;17.820;6.108;2878.259;1735.066;965.053;3158.551;1194.702;917.844;1248.271;2440.785;1762.753;1839.118;586.438;1022.561;851.907;1141.479;458.671;393.142;3599.867;3600.039;35.587;531.288;606.658;2575.729;2811.492;1.528;2043.481;-0.284;2215.175;2544.092;3599.568;802.733;3078.320;3207.033;3599.958;0.004;1552.495;3600.163;1439.622;3393.006;1922.881;2693.361;2112.551;0.406;0.266;268.289;906.811;3600.112;2759.582;3165.611;2130.748;2320.809;3599.732;3599.992;3599.992;3272.510;356.496;981.827;0.501;2000.350;2786.776;1.158;-0.047;1373.792;734.472;2805.000;1298.743;2468.669;2025.725;2098.631;3600.020;3599.867;0.422;3009.351;831.191;0.128;800.251;2064.464;3599.971;1513.040;0.319;3599.887;458.119;1369.585;3142.228;1929.254;1682.454;2713.532;5.135;2127.059;1529.778,3599.779;3110.987;0.169;317.363;1505.808;2378.287;935.901;832.399;3265.163;3422.107;1448.780;3323.831;531.902;329.979;1577.024;2515.726;3071.915;3600.018;2730.247;2839.104;2652.457;2616.639;2850.730;3599.687;1594.100;256.252;574.222;745.479;1206.683;3242.612;0.003;1664.205;3220.272;664.044;189.460;175.022;483.811;3126.232;120.206;458.745;3286.193;2983.600;2030.182;3599.955;0.190;3599.971;2264.880;988.923;3383.021;2469.037;3600.040;0.000;1875.942;1660.897;2408.872;669.835;-0.161;1825.455;751.953;3409.515;1717.491;1410.609;2580.231;1695.645;3600.030;2958.136;1910.263;774.001;2279.246;2866.775;2878.095;3600.153;423.230;1292.792;1336.153;1257.929;1252.705;1631.858;2074.339;966.537;210.346;1228.315;0.691;936.077;2620.294;2251.192;3600.104;1980.208;1923.638;2219.360;2838.472;2013.733;2195.983;2484.555;1125.046;3031.065;2121.678;1007.074;572.496;0.015
451,827.6310296058655,450,-564.6635681213527,564.6635681213527,0.0072619406052515465,507.296;3577.323;1030.458;3048.271;1703.719;2665.432;2669.024;2086.945;1608.630;18.076;6.017;2878.120;1735.129;964.951;3158.810;1194.862;917.604;1248.521;2440.527;1762.884;1838.851;586.681;1022.801;852.101;1141.710;458.910;392.882;3600.020;3599.781;35.329;531.337;606.424;2575.933;2811.234;1.791;2043.291;-0.053;2215.443;2544.268;3599.800;802.514;3078.087;3206.964;3599.736;-0.257;1552.282;3599.917;1439.787;3393.257;1923.116;2693.145;2112.757;0.603;0.012;268.072;907.072;3599.857;2759.320;3165.629;2131.008;2321.065;3599.881;3599.804;3599.931;3272.249;356.229;981.602;0.459;2000.583;2786.614;1.422;-0.086;1373.570;734.222;2804.732;1298.888;2468.479;2025.983;2098.881;3600.013;3600.132;0.224;3009.597;831.004;0.148;800.511;2064.203;3599.952;1512.778;0.063;3600.122;457.889;1369.796;3142.158;1928.986;1682.321;2713.772;5.058;2126.813;1530.043,3599.996;3111.246;0.202;317.589;1505.650;2378.037;936.165;832.250;3264.894;3422.365;1448.518;3323.711;531.642;329.771;1577.283;2515.577;3071.733;3599.862;2730.495;2839.336;2652.689;2616.688;2850.468;3599.851;1593.860;255.988;574.490;745.264;1206.414;3242.869;-0.038;1664.333;3220.015;664.196;189.416;175.003;484.059;3126.501;119.938;459.010;3285.943;2983.376;2030.446;3600.218;0.192;3600.175;2264.622;988.667;3382.775;2469.296;3600.161;0.032;1876.175;1661.165;2408.604;670.100;0.088;1825.277;751.731;3409.783;1717.726;1410.367;2579.983;1695.378;3599.883;2958.402;1910.528;773.989;2278.998;2866.531;2878.312;3599.899;423.014;1293.056;1335.963;1257.767;1252.465;1632.051;2074.512;966.498;210.604;1228.548;0.958;935.865;2620.161;2251.135;3599.860;1980.388;1923.696;2219.595;2838.737;2013.480;2195.731;2484.809;1124.785;3031.330;2121.947;1006.878;572.248;-0.227
452,829.5132055282593,451,-564.6698186416013,564.6698186416013,0.007362896908161206,507.540;3577.180;1030.275;3048.463;1703.467;2665.372;2669.251;2087.116;1608.700;18.114;6.272;2878.065;1734.984;965.198;3158.771;1194.668;917.743;1248.438;2440.263;1762.788;1838.753;586.673;1022.592;852.363;1141.689;458.868;393.006;3599.906;3599.523;35.430;531.081;606.628;2575.748;2811.385;2.025;2043.268;0.031;2215.358;2544.018;3600.005;802.251;3078.337;3207.209;3599.943;-0.033;1552.511;3599.840;1440.045;3393.332;1923.147;2693.306;2112.665;0.509;-0.101;267.844;906.919;3600.019;2759.075;3165.846;2131.063;2321.165;3600.142;3600.056;3600.086;3271.985;356.230;981.751;0.287;2000.431;2786.848;1.212;-0.186;1373.775;734.268;2804.603;1298.744;2468.225;2026.204;2099.093;3599.913;3599.881;-0.038;3009.394;831.151;-0.097;800.757;2064.310;3600.063;1512.898;-0.137;3599.895;457.874;1369.612;3141.934;1928.723;1682.292;2713.958;4.894;2127.041;1529.908,3600.259;3111.509;0.110;317.738;1505.395;2378.262;936.307;832.394;3264.849;3422.454;1448.254;3323.939;531.881;329.512;1577.204;2515.449;3071.487;3600.108;2730.756;2839.568;2652.733;2616.712;2850.617;3599.697;1594.037;256.003;574.484;745.183;1206.642;3243.115;-0.152;1664.099;3220.101;664.073;189.476;174.815;483.880;3126.570;119.758;459.249;3285.688;2983.113;2030.222;3599.976;0.440;3599.925;2264.865;988.415;3382.843;2469.254;3599.908;-0.177;1875.985;1661.146;2408.518;669.862;-0.085;1825.444;751.839;3409.870;1717.990;1410.114;2580.085;1695.561;3600.125;2958.468;1910.765;773.963;2279.091;2866.272;2878.107;3600.086;423.261;1293.096;1336.185;1257.506;1252.201;1631.914;2074.770;966.659;210.782;1228.809;1.029;935.798;2620.265;2251.369;3599.944;1980.192;1923.508;2219.472;2838.978;2013.661;2195.800;2484.568;1124.679;3031.495;2121.787;1007.122;571.985;0.025
453,831.4244894981384,452,-564.665037274238,564.665037274238,0.005689176085475314,507.794;3577.263;1030.464;3048.465;1703.393;2665.120;2669.498;2086.976;1608.585;18.251;6.437;2878.224;1734.881;965.161;3158.813;1194.817;917.514;1248.676;2440.027;1762.731;1838.863;586.920;1022.726;852.598;1141.925;458.622;392.784;3599.752;3599.284;35.661;531.227;606.665;2575.956;2811.236;2.125;2043.024;-0.130;2215.532;2543.892;3600.262;802.022;3078.268;3207.088;3599.816;0.099;1552.274;3599.935;1439.948;3393.543;1922.912;2693.553;2112.886;0.259;0.148;267.669;907.124;3600.102;2759.136;3166.104;2131.294;2321.348;3600.122;3599.935;3599.836;3272.222;356.138;981.707;0.513;2000.328;2786.657;1.034;0.063;1373.537;734.396;2804.653;1298.865;2467.982;2026.098;2099.339;3599.746;3599.871;-0.160;3009.313;830.985;0.120;801.003;2064.264;3599.829;1512.733;0.107;3599.820;457.627;1369.561;3142.175;1928.468;1682.053;2714.215;4.639;2127.291;1530.059,3600.016;3111.740;-0.144;317.989;1505.138;2378.440;936.095;832.468;3264.603;3422.582;1448.017;3324.145;531.851;329.260;1577.029;2515.194;3071.616;3599.904;2730.596;2839.823;2652.555;2616.466;2850.821;3599.942;1593.823;255.764;574.237;744.939;1206.549;3242.977;0.095;1664.346;3220.078;663.937;189.252;175.011;484.117;3126.819;119.505;459.508;3285.541;2982.868;2030.452;3600.079;0.209;3599.739;2264.641;988.179;3382.753;2469.183;3599.777;0.070;1875.748;1660.925;2408.295;670.089;0.135;1825.285;751.625;3410.124;1718.095;1410.110;2580.294;1695.432;3599.911;2958.679;1910.587;774.216;2279.176;2866.014;2878.309;3599.897;423.027;1293.322;1336.391;1257.385;1252.413;1632.111;2074.616;966.908;210.542;1228.948;1.125;936.046;2620.040;2251.627;3599.949;1979.937;1923.634;2219.694;2839.237;2013.643;2195.626;2484.813;1124.451;3031.710;2121.889;1006.971;572.146;0.062
454,833.1459028720856,453,-564.6751442441309,564.6751442441309,0.006693456043139036,507.641;3577.031;1030.716;3048.216;1703.638;2665.267;2669.269;2086.725;1608.436;18.080;6.561;2877.984;1734.789;965.409;3158.707;1194.595;917.351;1248.611;2440.200;1762.974;1839.110;587.172;1022.534;852.359;1142.119;458.368;392.572;3599.984;3599.522;35.914;531.124;606.586;2576.205;2811.467;1.878;2043.203;0.081;2215.692;2544.008;3600.023;802.244;3078.409;3206.844;3600.040;0.346;1552.086;3600.164;1439.706;3393.399;1922.657;2693.808;2112.684;0.003;-0.087;267.875;907.330;3599.900;2759.385;3166.314;2131.064;2321.112;3599.873;3600.172;3599.906;3272.334;356.237;981.915;0.355;2000.212;2786.798;0.783;-0.177;1373.740;734.643;2804.902;1298.635;2467.790;2026.333;2099.159;3599.988;3600.091;0.086;3009.560;830.735;0.336;800.785;2064.022;3599.907;1512.876;-0.096;3599.760;457.814;1369.765;3142.016;1928.641;1682.271;2714.050;4.865;2127.427;1529.829,3599.930;3111.518;0.090;318.242;1504.928;2378.219;935.916;832.716;3264.803;3422.760;1448.248;3324.399;531.976;329.445;1576.777;2515.299;3071.799;3599.815;2730.440;2839.640;2652.405;2616.659;2851.072;3600.189;1593.660;255.607;574.004;745.068;1206.773;3243.114;0.142;1664.427;3220.311;663.687;189.496;174.783;483.946;3126.595;119.482;459.309;3285.316;2983.089;2030.465;3599.980;-0.046;3599.906;2264.809;988.410;3382.976;2468.934;3599.944;0.113;1875.971;1660.672;2408.050;669.952;-0.084;1825.377;751.826;3409.952;1718.346;1410.015;2580.306;1695.218;3599.794;2958.447;1910.422;774.122;2279.426;2866.160;2878.098;3600.087;423.088;1293.135;1336.344;1257.530;1252.255;1631.886;2074.795;967.161;210.306;1229.021;0.880;935.912;2620.194;2251.473;3600.189;1979.946;1923.885;2219.539;2839.230;2013.890;2195.390;2484.630;1124.199;3031.736;2121.731;1006.735;572.330;-0.151
455,835.0289130210876,454,-564.6761744829945,564.6761744829945,0.0061431522002692186,507.399;3577.255;1030.959;3048.400;1703.457;2665.508;2669.470;2086.871;1608.224;17.832;6.783;2878.206;1734.544;965.346;3158.731;1194.345;917.105;1248.375;2440.023;1763.225;1839.058;587.398;1022.767;852.239;1141.894;458.117;392.799;3599.965;3599.542;35.915;531.297;606.341;2575.993;2811.234;1.646;2043.449;-0.007;2215.572;2544.239;3599.928;802.461;3078.656;3206.640;3600.120;0.339;1552.302;3599.924;1439.456;3393.152;1922.872;2693.603;2112.440;0.000;-0.004;268.120;907.578;3599.691;2759.242;3166.097;2130.816;2320.936;3599.885;3599.935;3599.752;3272.321;356.076;982.164;0.145;1999.966;2786.602;0.957;0.013;1373.535;734.857;2804.741;1298.386;2467.542;2026.583;2098.917;3600.170;3599.890;0.238;3009.773;830.968;0.154;801.007;2064.260;3600.130;1513.122;0.086;3599.540;457.659;1369.541;3142.245;1928.794;1682.519;2714.231;4.787;2127.275;1530.001,3599.899;3111.753;-0.035;318.429;1504.721;2377.975;936.149;832.475;3264.973;3422.967;1448.374;3324.585;532.214;329.313;1576.972;2515.071;3072.038;3599.986;2730.196;2839.847;2652.158;2616.907;2850.845;3599.954;1593.896;255.824;574.186;745.314;1206.563;3243.349;-0.001;1664.564;3220.473;663.436;189.680;175.000;483.741;3126.806;119.536;459.427;3285.138;2982.899;2030.314;3600.209;-0.079;3600.120;2264.893;988.221;3383.043;2469.169;3599.716;-0.024;1876.035;1660.443;2407.801;669.760;0.100;1825.622;751.795;3409.739;1718.586;1409.789;2580.528;1694.971;3599.787;2958.198;1910.179;773.895;2279.663;2866.186;2878.048;3599.860;423.218;1292.889;1336.585;1257.777;1252.125;1631.640;2074.560;967.184;210.078;1228.979;0.698;935.677;2620.441;2251.656;3600.253;1979.705;1923.675;2219.381;2839.429;2013.981;2195.630;2484.470;1124.020;3031.980;2121.967;1006.509;572.128;0.082
456,836.9238891601562,455,-564.6782052118015,564.6782052118015,0.008333070483391537,507.166;3577.113;1031.205;3048.634;1703.251;2665.324;2669.705;2086.692;1608.462;18.036;7.025;2878.319;1734.594;965.526;3158.500;1194.137;917.322;1248.420;2440.246;1763.471;1838.826;587.539;1022.860;852.112;1142.114;458.327;392.588;3600.194;3599.700;36.065;531.077;606.541;2575.768;2811.357;1.428;2043.696;0.090;2215.331;2544.260;3599.898;802.248;3078.839;3206.867;3599.890;0.333;1552.078;3599.863;1439.447;3393.028;1922.655;2693.359;2112.195;-0.225;-0.177;268.361;907.358;3599.817;2759.442;3165.853;2130.942;2321.120;3599.807;3599.994;3599.960;3272.082;355.833;982.400;0.243;1999.722;2786.826;1.036;-0.153;1373.488;734.626;2804.586;1298.144;2467.296;2026.708;2098.676;3599.937;3599.866;0.172;3009.579;831.066;-0.052;801.091;2064.493;3599.902;1513.338;0.201;3599.767;457.857;1369.769;3142.278;1928.828;1682.375;2714.037;4.631;2127.509;1529.803,3600.130;3111.833;-0.081;318.221;1504.762;2377.730;936.355;832.256;3265.205;3422.730;1448.321;3324.789;532.413;329.077;1577.187;2514.869;3072.281;3600.224;2730.353;2839.619;2652.367;2616.800;2850.976;3599.909;1594.102;256.067;574.403;745.552;1206.403;3243.594;-0.230;1664.335;3220.714;663.252;189.606;175.229;483.500;3126.687;119.773;459.650;3285.310;2982.716;2030.081;3599.992;0.149;3599.897;2264.805;988.096;3382.816;2469.198;3599.860;-0.266;1876.023;1660.595;2407.926;669.541;-0.081;1825.603;752.020;3409.641;1718.490;1409.548;2580.771;1695.152;3600.023;2958.074;1910.402;773.870;2279.467;2866.413;2877.810;3599.874;423.459;1292.739;1336.831;1257.589;1251.885;1631.397;2074.416;966.947;210.278;1229.213;0.783;935.880;2620.525;2251.517;3600.014;1979.871;1923.515;2219.609;2839.254;2013.797;2195.721;2484.459;1124.229;3031.858;2121.853;1006.265;572.020;0.037
457,838.844402551651,456,-564.6798031434807,564.6798031434807,0.007403290731192157,506.955;3576.936;1031.342;3048.485;1703.271;2665.510;2669.569;2086.875;1608.679;18.254;7.267;2878.419;1734.751;965.747;3158.729;1194.319;917.302;1248.243;2440.210;1763.440;1838.584;587.736;1023.092;851.887;1141.989;458.552;392.359;3599.966;3599.695;36.298;530.837;606.439;2575.529;2811.249;1.521;2043.878;-0.142;2215.192;2544.033;3599.666;802.359;3079.075;3206.866;3599.668;0.567;1552.198;3599.927;1439.493;3393.240;1922.415;2693.230;2112.139;0.001;0.042;268.164;907.179;3600.054;2759.265;3165.663;2130.732;2321.352;3599.599;3599.964;3600.010;3271.909;355.602;982.641;0.480;1999.948;2786.776;0.805;-0.351;1373.684;734.415;2804.384;1297.972;2467.235;2026.938;2098.458;3599.871;3600.100;-0.038;3009.755;831.300;0.177;801.025;2064.733;3600.016;1513.474;-0.027;3599.570;457.947;1369.935;3142.295;1929.063;1682.137;2713.829;4.825;2127.336;1529.566,3599.916;3112.061;0.140;318.027;1504.951;2377.503;936.582;832.063;3265.085;3422.499;1448.265;3325.029;532.405;328.922;1576.987;2514.834;3072.506;3599.994;2730.549;2839.494;2652.245;2616.586;2850.757;3600.078;1593.997;255.871;574.635;745.338;1206.462;3243.586;0.001;1664.130;3220.875;663.019;189.378;175.448;483.261;3126.458;119.965;459.883;3285.546;2982.524;2030.267;3599.982;0.258;3599.784;2264.715;987.868;3382.575;2468.964;3600.057;-0.061;1876.176;1660.738;2407.762;669.708;-0.118;1825.833;752.261;3409.438;1718.633;1409.762;2581.000;1695.381;3600.230;2958.285;1910.623;773.645;2279.686;2866.654;2877.573;3600.106;423.686;1292.644;1337.067;1257.738;1251.687;1631.156;2074.631;966.709;210.124;1229.372;0.810;935.989;2620.752;2251.426;3600.109;1980.087;1923.303;2219.821;2839.016;2013.962;2195.853;2484.381;1124.405;3031.892;2121.675;1006.204;571.908;-0.122
458,840.5587601661682,457,-564.6803328662297,564.6803328662297,0.00667016116317528,506.720;3577.137;1031.434;3048.645;1703.484;2665.687;2669.784;2086.696;1608.789;18.490;7.458;2878.649;1734.889;965.972;3158.627;1194.431;917.495;1248.465;2440.020;1763.636;1838.405;587.970;1023.189;852.075;1142.116;458.744;392.363;3600.196;3599.925;36.473;530.697;606.223;2575.618;2811.016;1.748;2044.081;0.070;2215.346;2544.254;3599.431;802.429;3079.196;3206.684;3599.433;0.559;1552.340;3600.157;1439.275;3393.268;1922.469;2693.012;2111.970;0.185;-0.090;267.947;907.225;3599.918;2759.325;3165.869;2130.553;2321.175;3599.751;3600.042;3600.233;3272.092;355.365;982.576;0.264;1999.870;2786.983;0.581;-0.132;1373.648;734.247;2804.148;1297.937;2467.259;2026.753;2098.233;3599.639;3599.999;-0.052;3009.679;831.301;0.221;801.252;2064.917;3599.852;1513.264;-0.217;3599.387;458.070;1370.103;3142.080;1929.246;1682.078;2714.032;5.061;2127.130;1529.689,3599.958;3112.293;0.232;318.243;1504.722;2377.608;936.493;832.072;3265.306;3422.262;1448.040;3325.267;532.632;329.134;1576.751;2514.603;3072.613;3600.002;2730.330;2839.713;2652.389;2616.756;2850.601;3599.861;1593.769;255.643;574.509;745.102;1206.234;3243.494;0.147;1664.341;3220.852;662.787;189.146;175.684;483.044;3126.232;119.752;460.117;3285.782;2982.710;2030.308;3600.144;0.071;3599.727;2264.499;987.650;3382.339;2469.033;3599.855;-0.096;1875.946;1660.957;2407.531;669.941;0.109;1826.070;752.490;3409.203;1718.819;1409.998;2580.961;1695.436;3600.003;2958.519;1910.495;773.797;2279.618;2866.466;2877.537;3599.963;423.472;1292.412;1337.296;1257.777;1251.465;1631.029;2074.425;966.900;209.911;1229.606;0.609;936.210;2620.974;2251.633;3599.926;1979.992;1923.469;2219.921;2839.009;2014.196;2195.885;2484.600;1124.639;3031.669;2121.880;1005.974;571.676;0.065
459,842.4420754909515,458,-564.6849423244469,564.6849423244469,0.003948864845068863,506.489;3577.368;1031.293;3048.432;1703.715;2665.559;2669.609;2086.832;1608.570;18.284;7.234;2878.433;1734.664;965.995;3158.845;1194.481;917.274;1248.691;2440.075;1763.567;1838.614;587.918;1023.416;851.864;1142.343;458.557;392.164;3600.155;3600.077;36.697;530.917;605.992;2575.844;2811.006;1.566;2043.873;0.059;2215.575;2544.486;3599.405;802.656;3079.418;3206.454;3599.605;0.365;1552.567;3599.947;1439.052;3393.492;1922.304;2693.094;2112.192;0.390;0.102;268.133;907.450;3599.772;2759.316;3165.691;2130.634;2320.945;3599.823;3599.834;3600.008;3271.897;355.138;982.352;0.272;2000.068;2787.139;0.773;0.074;1373.829;734.021;2803.915;1297.754;2467.486;2026.933;2098.175;3599.629;3599.878;0.176;3009.903;831.289;0.088;801.444;2064.710;3600.019;1513.033;0.003;3599.156;457.908;1369.992;3141.850;1929.477;1681.855;2714.264;4.859;2126.898;1529.916,3600.027;3112.523;0.057;318.467;1504.495;2377.391;936.387;831.878;3265.160;3422.047;1448.168;3325.493;532.863;328.925;1576.559;2514.388;3072.396;3600.068;2730.100;2839.915;2652.612;2616.986;2850.371;3600.008;1593.579;255.433;574.732;745.031;1206.001;3243.717;0.198;1664.572;3220.626;662.571;189.355;175.846;482.824;3126.009;119.826;460.256;3285.575;2982.940;2030.530;3599.969;-0.159;3599.947;2264.267;987.422;3382.139;2469.219;3600.058;0.100;1875.964;1660.750;2407.426;670.174;-0.054;1826.284;752.591;3409.127;1719.049;1410.215;2580.770;1695.356;3599.911;2958.752;1910.266;773.595;2279.771;2866.235;2877.325;3600.005;423.248;1292.179;1337.526;1258.005;1251.237;1630.862;2074.459;967.032;209.703;1229.760;0.380;936.335;2620.767;2251.428;3600.064;1979.777;1923.313;2219.804;2838.827;2014.416;2196.111;2484.530;1124.468;3031.871;2122.112;1005.742;571.832;-0.085
460,844.3474500179291,459,-564.6839170107195,564.6839170107195,0.005916971387255777,506.680;3577.537;1031.513;3048.557;1703.549;2665.334;2669.518;2086.655;1608.344;18.483;7.292;2878.636;1734.448;965.772;3159.004;1194.272;917.183;1248.537;2439.853;1763.349;1838.835;587.761;1023.626;852.045;1142.469;458.331;392.054;3599.996;3599.879;36.478;531.145;605.784;2575.670;2810.850;1.367;2043.649;-0.129;2215.761;2544.392;3599.501;802.514;3079.646;3206.520;3599.828;0.151;1552.795;3599.796;1439.155;3393.341;1922.405;2693.302;2112.414;0.615;-0.087;268.016;907.678;3599.554;2759.530;3165.832;2130.851;2320.819;3599.605;3599.950;3600.114;3271.675;355.030;982.545;0.188;2000.211;2786.920;0.989;0.091;1373.613;733.796;2803.748;1297.936;2467.603;2027.157;2098.397;3599.624;3600.041;0.075;3009.815;831.066;-0.138;801.496;2064.488;3600.238;1513.129;0.174;3599.334;457.683;1369.776;3141.861;1929.282;1681.644;2714.478;4.989;2127.069;1530.090,3599.817;3112.662;-0.043;318.315;1504.681;2377.597;936.163;831.989;3264.935;3422.237;1448.386;3325.303;532.664;329.064;1576.618;2514.580;3072.251;3599.875;2730.293;2839.753;2652.552;2617.049;2850.566;3599.891;1593.353;255.625;574.888;744.946;1206.025;3243.506;0.032;1664.422;3220.835;662.738;189.270;175.688;482.599;3126.196;119.917;460.263;3285.774;2982.881;2030.335;3599.752;-0.005;3600.059;2264.482;987.617;3382.327;2469.040;3599.899;0.056;1876.168;1660.839;2407.204;670.256;-0.062;1826.150;752.569;3409.159;1718.855;1410.429;2580.697;1695.133;3600.044;2958.637;1910.410;773.415;2279.601;2866.387;2877.419;3600.226;423.364;1292.367;1337.390;1257.840;1251.198;1630.741;2074.438;967.239;209.477;1229.542;0.328;936.115;2620.916;2251.256;3599.862;1979.566;1923.513;2219.580;2838.601;2014.434;2195.961;2484.307;1124.309;3031.750;2122.204;1005.827;572.056;0.131
461,846.0572459697723,460,-564.6875957980761,564.6875957980761,0.004550207505296316,506.842;3577.338;1031.693;3048.765;1703.563;2665.443;2669.722;2086.515;1608.413;18.529;7.462;2878.654;1734.494;965.894;3158.792;1194.049;916.976;1248.316;2439.989;1763.404;1838.810;587.936;1023.794;852.253;1142.371;458.278;391.833;3599.970;3600.014;36.467;531.108;605.963;2575.793;2810.941;1.555;2043.596;0.055;2215.684;2544.183;3599.493;802.321;3079.730;3206.567;3600.011;-0.071;1552.986;3599.952;1439.274;3393.496;1922.401;2693.324;2112.330;0.791;-0.047;268.225;907.733;3599.704;2759.745;3165.969;2130.647;2320.626;3599.573;3600.168;3599.971;3271.856;355.241;982.383;0.045;2000.027;2787.077;0.804;-0.101;1373.788;733.718;2803.807;1297.786;2467.770;2027.184;2098.357;3599.831;3599.832;-0.090;3009.601;831.205;-0.006;801.285;2064.584;3600.022;1513.293;0.019;3599.541;457.893;1369.553;3141.723;1929.130;1681.810;2714.296;5.189;2127.285;1530.014,3599.976;3112.497;0.174;318.464;1504.577;2377.518;935.951;831.776;3265.125;3422.422;1448.275;3325.370;532.863;328.986;1576.405;2514.580;3072.030;3600.009;2730.154;2839.841;2652.734;2617.266;2850.429;3599.842;1593.529;255.535;574.853;745.135;1206.239;3243.419;0.176;1664.571;3221.004;662.575;189.405;175.695;482.381;3126.030;120.125;460.117;3285.616;2983.011;2030.111;3599.946;-0.061;3599.851;2264.633;987.690;3382.180;2469.204;3600.096;-0.162;1875.957;1660.786;2407.367;670.050;0.146;1826.352;752.775;3408.941;1718.794;1410.616;2580.823;1695.336;3600.090;2958.813;1910.255;773.350;2279.589;2866.578;2877.212;3600.019;423.550;1292.200;1337.554;1257.947;1251.410;1630.520;2074.652;967.035;209.253;1229.732;0.119;935.901;2620.725;2251.065;3600.046;1979.342;1923.644;2219.361;2838.523;2014.652;2196.152;2484.083;1124.106;3031.962;2122.421;1006.020;571.921;-0.013
462,847.933397769928,461,-564.6887165249017,564.6887165249017,0.00661694484116357,506.703;3577.283;1031.512;3048.836;1703.352;2665.360;2669.735;2086.720;1608.604;18.695;7.478;2878.625;1734.308;965.728;3158.841;1193.857;917.149;1248.495;2439.819;1763.244;1838.600;587.727;1023.663;852.441;1142.169;458.329;391.992;3600.054;3599.858;36.646;531.164;605.765;2575.910;2810.733;1.757;2043.773;0.126;2215.489;2544.382;3599.643;802.329;3079.522;3206.401;3600.228;-0.004;1552.818;3600.026;1439.490;3393.572;1922.614;2693.116;2112.153;0.612;0.161;268.111;907.715;3599.919;2759.820;3166.178;2130.757;2320.823;3599.766;3599.959;3599.834;3271.995;355.157;982.581;0.250;1999.831;2786.975;0.611;-0.213;1373.689;733.503;2803.661;1297.570;2467.569;2027.148;2098.270;3599.855;3599.625;0.099;3009.569;831.407;-0.084;801.486;2064.791;3600.029;1513.511;0.109;3599.603;458.103;1369.747;3141.935;1929.332;1681.630;2714.160;5.014;2127.306;1529.882,3600.192;3112.670;0.033;318.635;1504.374;2377.704;936.101;831.572;3265.148;3422.302;1448.059;3325.387;533.037;329.162;1576.513;2514.389;3071.926;3600.207;2729.981;2839.697;2652.763;2617.168;2850.367;3600.051;1593.741;255.320;574.639;745.093;1206.374;3243.484;-0.021;1664.757;3220.838;662.751;189.215;175.841;482.581;3126.010;119.915;460.311;3285.464;2983.219;2030.281;3600.063;0.148;3599.701;2264.447;987.480;3382.313;2469.034;3599.901;0.037;1875.792;1660.996;2407.555;670.223;-0.022;1826.227;752.575;3409.086;1718.985;1410.429;2580.613;1695.230;3599.877;2958.647;1910.386;773.558;2279.515;2866.399;2877.405;3600.003;423.344;1292.169;1337.664;1258.050;1251.241;1630.528;2074.473;966.913;209.421;1229.871;-0.024;936.033;2620.854;2251.272;3600.143;1979.418;1923.444;2219.522;2838.731;2014.591;2196.360;2484.267;1124.177;3032.056;2122.255;1005.827;571.708;-0.067
463,849.8374500274658,462,-564.6877220177349,564.6877220177349,0.005360956440821243,506.716;3577.130;1031.670;3048.634;1703.407;2665.531;2669.533;2086.817;1608.644;18.509;7.268;2878.419;1734.496;965.678;3158.713;1193.921;917.035;1248.482;2439.996;1763.318;1838.719;587.523;1023.863;852.270;1141.954;458.277;391.831;3599.883;3599.979;36.767;530.961;605.650;2575.726;2810.628;1.573;2043.817;-0.056;2215.290;2544.283;3599.693;802.529;3079.589;3206.603;3600.023;0.201;1552.892;3599.826;1439.322;3393.368;1922.611;2693.159;2112.129;0.780;-0.015;268.305;907.534;3600.102;2760.022;3165.997;2130.677;2320.645;3599.875;3600.086;3599.925;3272.203;355.316;982.531;0.427;1999.617;2787.180;0.443;-0.004;1373.869;733.460;2803.869;1297.358;2467.363;2027.181;2098.146;3600.056;3599.787;0.307;3009.753;831.622;0.112;801.533;2064.884;3600.079;1513.713;0.144;3599.416;458.272;1369.670;3142.074;1929.545;1681.483;2713.963;5.186;2127.400;1529.669,3599.994;3112.476;-0.048;318.433;1504.490;2377.530;936.308;831.709;3264.945;3422.090;1447.843;3325.593;533.246;328.981;1576.717;2514.596;3072.128;3599.998;2730.079;2839.484;2652.972;2616.958;2850.561;3599.939;1593.589;255.298;574.448;744.898;1206.539;3243.282;-0.234;1664.555;3220.640;662.656;189.411;175.638;482.603;3125.877;119.727;460.381;3285.595;2983.435;2030.463;3599.858;0.125;3599.900;2264.397;987.406;3382.525;2468.861;3600.039;-0.027;1875.846;1661.212;2407.770;670.040;-0.167;1826.131;752.371;3409.071;1719.149;1410.223;2580.731;1695.321;3599.924;2958.436;1910.599;773.774;2279.304;2866.566;2877.537;3600.163;423.212;1292.377;1337.506;1257.843;1251.031;1630.624;2074.660;966.910;209.635;1229.817;0.050;935.898;2621.061;2251.118;3599.939;1979.624;1923.297;2219.514;2838.544;2014.383;2196.185;2484.218;1124.389;3031.905;2122.063;1006.011;571.904;0.134
464,851.5417428016663,463,-564.6882722216949,564.6882722216949,0.0043817114850381676,506.922;3577.276;1031.537;3048.439;1703.506;2665.372;2669.709;2086.627;1608.480;18.299;7.208;2878.365;1734.684;965.792;3158.884;1193.718;916.826;1248.684;2440.015;1763.525;1838.545;587.650;1023.687;852.317;1142.110;458.070;391.774;3600.075;3600.185;36.976;530.822;605.729;2575.927;2810.434;1.383;2043.617;0.132;2215.157;2544.241;3599.501;802.350;3079.563;3206.765;3599.923;0.402;1552.706;3599.962;1439.117;3393.245;1922.803;2693.363;2112.100;0.605;0.015;268.279;907.695;3599.950;2759.821;3166.161;2130.672;2320.441;3599.765;3599.910;3599.764;3272.415;355.148;982.392;0.399;1999.434;2787.182;0.299;-0.104;1373.971;733.628;2803.723;1297.463;2467.208;2027.388;2098.338;3599.882;3599.677;0.200;3009.750;831.820;-0.030;801.661;2064.713;3599.883;1513.736;-0.017;3599.209;458.184;1369.465;3142.281;1929.442;1681.295;2714.157;5.353;2127.593;1529.838,3600.072;3112.269;0.151;318.586;1504.328;2377.351;936.136;831.862;3264.845;3421.885;1447.831;3325.454;533.151;329.177;1576.864;2514.636;3072.183;3599.987;2729.974;2839.538;2653.183;2616.986;2850.722;3600.103;1593.428;255.111;574.245;744.939;1206.341;3243.468;-0.032;1664.671;3220.440;662.854;189.340;175.465;482.805;3126.079;119.516;460.449;3285.399;2983.597;2030.626;3600.005;-0.060;3600.085;2264.490;987.598;3382.707;2468.850;3599.978;0.152;1875.842;1661.292;2407.833;670.062;0.038;1825.945;752.160;3408.992;1719.046;1410.407;2580.563;1695.120;3599.840;2958.331;1910.526;773.911;2279.386;2866.551;2877.740;3599.965;423.004;1292.361;1337.341;1257.902;1251.056;1630.831;2074.489;967.025;209.601;1229.624;-0.133;935.696;2620.949;2251.243;3599.948;1979.463;1923.497;2219.336;2838.638;2014.312;2196.316;2484.308;1124.386;3031.720;2122.238;1005.994;572.099;-0.005
465,853.4016036987305,464,-564.6892041879112,564.6892041879112,0.005994450225009006,506.987;3577.478;1031.372;3048.404;1703.489;2665.206;2669.571;2086.800;1608.274;18.105;7.029;2878.164;1734.839;965.751;3158.782;1193.896;916.915;1248.839;2439.829;1763.731;1838.339;587.818;1023.831;852.479;1141.956;457.868;391.587;3599.924;3599.985;37.062;531.018;605.596;2576.075;2810.228;1.561;2043.410;0.101;2215.357;2544.432;3599.674;802.158;3079.371;3206.579;3600.052;0.204;1552.500;3600.164;1439.303;3393.436;1923.005;2693.570;2112.302;0.780;-0.158;268.078;907.898;3599.754;2759.661;3166.365;2130.871;2320.276;3599.967;3600.010;3599.933;3272.603;354.961;982.437;0.589;1999.227;2787.015;0.492;0.080;1373.770;733.439;2803.661;1297.548;2467.407;2027.199;2098.544;3599.809;3599.633;0.047;3009.560;831.756;-0.186;801.850;2064.513;3599.905;1513.651;-0.222;3599.365;457.980;1369.291;3142.484;1929.266;1681.093;2714.355;5.203;2127.800;1529.982,3600.024;3112.317;-0.006;318.589;1504.135;2377.540;936.077;832.068;3264.660;3421.685;1447.634;3325.301;532.969;329.222;1576.679;2514.584;3072.342;3599.960;2730.149;2839.577;2652.997;2616.787;2850.923;3599.906;1593.231;254.903;574.037;744.738;1206.234;3243.546;0.100;1664.861;3220.454;663.061;189.141;175.264;482.999;3126.283;119.310;460.251;3285.412;2983.402;2030.812;3599.960;0.123;3599.890;2264.290;987.445;3382.914;2468.779;3599.933;0.274;1875.657;1661.479;2407.982;670.264;0.032;1825.958;752.140;3409.193;1718.849;1410.460;2580.753;1695.172;3600.033;2958.517;1910.629;774.117;2279.328;2866.351;2877.946;3600.023;422.823;1292.493;1337.526;1257.845;1251.255;1630.825;2074.655;966.826;209.514;1229.817;0.069;935.877;2620.754;2251.446;3599.763;1979.519;1923.480;2219.528;2838.826;2014.130;2196.130;2484.512;1124.273;3031.517;2122.062;1005.843;572.013;-0.202
466,855.2859356403351,465,-564.6891929383333,564.6891929383333,0.005639468201203741,507.166;3577.683;1031.171;3048.588;1703.311;2665.369;2669.369;2087.002;1608.082;17.902;6.826;2877.976;1735.041;965.551;3158.582;1194.096;916.759;1248.690;2439.625;1763.932;1838.145;587.636;1024.033;852.680;1141.758;457.664;391.760;3599.731;3599.868;36.866;531.221;605.397;2576.146;2810.394;1.764;2043.206;-0.097;2215.556;2544.635;3599.877;801.956;3079.491;3206.376;3599.939;0.001;1552.681;3599.971;1439.507;3393.640;1923.208;2693.774;2112.507;0.982;0.039;267.963;908.099;3599.550;2759.459;3166.484;2131.075;2320.073;3600.171;3599.962;3600.134;3272.539;355.145;982.238;0.793;1999.057;2786.853;0.692;0.282;1373.566;733.544;2803.809;1297.433;2467.611;2027.042;2098.744;3600.000;3599.829;0.234;3009.424;831.612;0.009;801.660;2064.309;3599.859;1513.478;-0.026;3599.231;457.777;1369.205;3142.673;1929.069;1680.891;2714.558;5.000;2127.988;1530.183,3600.147;3112.180;-0.180;318.400;1504.016;2377.738;935.877;832.273;3264.690;3421.728;1447.583;3325.099;532.793;329.416;1576.476;2514.416;3072.149;3599.821;2730.343;2839.772;2652.823;2616.828;2850.759;3599.975;1593.334;254.699;573.849;744.565;1206.039;3243.350;0.129;1665.063;3220.650;663.233;189.025;175.061;483.083;3126.265;119.178;460.420;3285.414;2983.211;2030.657;3600.142;0.068;3600.038;2264.101;987.308;3383.059;2468.767;3600.126;0.231;1875.457;1661.341;2408.184;670.468;-0.098;1826.148;752.325;3409.298;1718.645;1410.660;2580.883;1695.347;3599.884;2958.720;1910.438;774.292;2279.495;2866.525;2878.121;3600.049;422.622;1292.676;1337.711;1258.036;1251.459;1630.632;2074.518;966.827;209.331;1229.650;0.023;935.977;2620.550;2251.504;3599.727;1979.324;1923.616;2219.520;2838.760;2014.216;2196.001;2484.681;1124.073;3031.313;2122.244;1005.991;572.199;-0.007
467,857.1940107345581,466,-564.6883486607517,564.6883486607517,0.005987401069048957,507.334;3577.881;1031.087;3048.788;1703.500;2665.568;2669.416;2087.200;1607.890;17.747;6.652;2877.776;1734.880;965.733;3158.467;1194.149;916.561;1248.867;2439.767;1764.127;1838.003;587.794;1024.214;852.840;1141.868;457.464;391.953;3599.594;3599.804;36.697;531.163;605.202;2576.342;2810.593;1.959;2043.036;0.086;2215.725;2544.459;3600.069;801.761;3079.688;3206.296;3600.094;-0.195;1552.875;3600.054;1439.642;3393.725;1923.309;2693.745;2112.680;1.176;0.117;268.094;908.300;3599.362;2759.261;3166.296;2131.109;2319.872;3600.035;3599.775;3599.942;3272.343;355.315;982.320;0.649;1998.860;2786.800;0.882;0.403;1373.368;733.741;2803.615;1297.614;2467.670;2027.201;2098.937;3600.173;3600.028;0.377;3009.613;831.422;-0.166;801.792;2064.132;3600.035;1513.669;-0.050;3599.134;457.581;1369.009;3142.873;1928.869;1680.696;2714.758;4.808;2128.152;1530.379,3599.957;3112.374;0.011;318.200;1503.819;2377.558;935.951;832.148;3264.497;3421.536;1447.391;3325.284;532.987;329.226;1576.284;2514.218;3072.276;3600.011;2730.175;2839.972;2652.937;2616.661;2850.901;3600.081;1593.524;254.520;573.870;744.369;1205.839;3243.490;0.165;1665.017;3220.851;663.046;189.208;174.861;482.890;3126.073;119.346;460.618;3285.219;2983.011;2030.477;3599.951;0.126;3599.857;2264.079;987.110;3383.050;2468.963;3599.941;0.035;1875.257;1661.524;2408.320;670.664;0.047;1826.347;752.524;3409.269;1718.827;1410.571;2581.080;1695.546;3600.071;2958.908;1910.595;774.430;2279.314;2866.392;2877.928;3600.225;422.621;1292.486;1337.908;1258.119;1251.276;1630.435;2074.709;966.697;209.139;1229.836;0.108;936.174;2620.403;2251.309;3599.541;1979.471;1923.423;2219.713;2838.584;2014.412;2196.190;2484.793;1124.224;3031.112;2122.089;1005.805;572.011;-0.036
468,858.9013855457306,467,-564.6883829365868,564.6883829365868,0.005314354452773964,507.393;3578.074;1031.234;3048.905;1703.528;2665.765;2669.422;2087.285;1607.695;17.562;6.571;2877.614;1734.707;965.819;3158.273;1193.997;916.366;1249.049;2439.710;1764.273;1837.809;587.750;1024.401;852.995;1141.680;457.274;392.149;3599.444;3599.982;36.549;531.236;605.006;2576.498;2810.435;1.876;2042.869;0.086;2215.910;2544.305;3599.914;801.598;3079.852;3206.134;3599.909;-0.045;1553.052;3599.994;1439.482;3393.540;1923.502;2693.933;2112.869;1.331;0.042;268.288;908.490;3599.394;2759.132;3166.137;2130.921;2319.676;3599.904;3599.581;3599.942;3272.482;355.511;982.144;0.573;1998.888;2786.991;1.079;0.301;1373.194;733.880;2803.524;1297.443;2467.853;2027.391;2098.964;3599.986;3599.889;0.567;3009.810;831.607;-0.184;801.986;2063.943;3599.870;1513.866;0.082;3598.943;457.440;1368.828;3143.059;1928.995;1680.687;2714.932;4.680;2127.966;1530.284,3600.127;3112.552;-0.115;318.118;1503.706;2377.475;936.118;832.049;3264.332;3421.598;1447.229;3325.416;533.074;329.129;1576.183;2514.246;3072.466;3600.173;2729.984;2840.091;2652.746;2616.673;2850.819;3599.894;1593.721;254.494;573.682;744.173;1205.656;3243.342;0.013;1664.828;3221.039;662.864;189.403;174.682;482.764;3126.237;119.454;460.795;3285.057;2982.817;2030.282;3599.833;-0.064;3599.764;2264.093;987.002;3383.240;2469.158;3599.859;-0.149;1875.296;1661.644;2408.512;670.826;-0.139;1826.513;752.683;3409.104;1718.865;1410.730;2581.224;1695.727;3600.015;2958.792;1910.652;774.279;2279.466;2866.555;2877.828;3600.040;422.694;1292.431;1338.026;1258.092;1251.245;1630.298;2074.809;966.858;209.311;1229.884;-0.014;936.283;2620.214;2251.387;3599.715;1979.317;1923.229;2219.825;2838.749;2014.549;2196.363;2484.619;1124.306;3030.952;2121.999;1005.981;572.045;0.065
469,860.7753875255585,468,-564.6927852053038,564.6927852053038,0.005929554211077227,507.210;3577.925;1031.425;3049.082;1703.713;2665.712;2669.429;2087.157;1607.763;17.724;6.758;2877.457;1734.524;965.941;3158.316;1193.806;916.519;1248.906;2439.895;1764.096;1837.943;587.564;1024.285;853.186;1141.595;457.369;392.027;3599.444;3600.018;36.709;531.404;604.978;2576.444;2810.600;1.822;2042.686;0.014;2216.077;2544.120;3599.981;801.407;3080.030;3206.214;3599.761;0.098;1552.942;3600.150;1439.651;3393.704;1923.451;2694.112;2113.045;1.482;-0.145;268.171;908.360;3599.579;2759.283;3166.171;2130.844;2319.624;3600.028;3599.623;3599.983;3272.323;355.695;982.324;0.384;1999.065;2786.832;0.937;0.112;1373.332;733.757;2803.346;1297.252;2467.731;2027.574;2099.100;3599.985;3599.758;0.387;3009.697;831.469;0.001;801.863;2063.753;3600.043;1514.022;0.112;3599.075;457.270;1368.683;3142.912;1928.857;1680.838;2715.008;4.841;2128.047;1530.097,3599.999;3112.617;0.055;317.929;1503.524;2377.286;936.310;831.950;3264.140;3421.769;1447.039;3325.589;533.259;328.982;1575.996;2514.101;3072.643;3599.994;2730.097;2839.908;2652.893;2616.489;2850.630;3599.752;1593.908;254.320;573.786;743.982;1205.635;3243.162;-0.179;1664.712;3221.214;662.698;189.570;174.842;482.576;3126.064;119.637;460.984;3284.904;2982.808;2030.437;3599.657;0.104;3599.600;2263.914;986.815;3383.226;2469.170;3600.039;-0.114;1875.162;1661.491;2408.702;670.951;-0.051;1826.705;752.873;3408.927;1719.053;1410.644;2581.399;1695.915;3600.198;2958.943;1910.839;774.089;2279.471;2866.722;2877.642;3600.177;422.871;1292.254;1338.201;1258.179;1251.060;1630.108;2074.984;966.691;209.498;1230.064;0.141;936.445;2620.277;2251.257;3599.901;1979.482;1923.049;2219.928;2838.939;2014.723;2196.554;2484.446;1124.276;3030.975;2121.815;1005.893;571.862;-0.106
470,862.6700038909912,469,-564.694209977229,564.694209977229,0.004102622114309956,507.326;3577.952;1031.493;3048.909;1703.864;2665.869;2669.612;2087.318;1607.596;17.888;6.749;2877.269;1734.342;966.125;3158.488;1193.907;916.371;1249.079;2439.993;1764.033;1837.959;587.671;1024.181;853.159;1141.541;457.261;391.861;3599.628;3600.180;36.552;531.231;604.838;2576.621;2810.570;1.648;2042.620;-0.171;2216.116;2544.287;3599.802;801.461;3080.046;3206.087;3599.841;0.257;1553.119;3599.970;1439.644;3393.853;1923.339;2694.157;2113.047;1.356;0.019;268.276;908.401;3599.764;2759.208;3165.989;2130.993;2319.726;3599.855;3599.543;3600.125;3272.465;355.606;982.180;0.564;1999.240;2786.668;0.973;-0.019;1373.275;733.572;2803.163;1297.402;2467.667;2027.670;2099.074;3599.851;3599.586;0.492;3009.709;831.601;-0.023;801.802;2063.835;3599.922;1514.178;-0.067;3599.259;457.149;1368.842;3143.061;1928.851;1680.877;2714.844;4.663;2127.876;1530.154,3599.814;3112.450;0.024;318.076;1503.380;2377.125;936.350;831.764;3264.297;3421.955;1447.164;3325.735;533.259;328.795;1575.934;2513.913;3072.829;3599.850;2730.279;2839.999;2652.996;2616.610;2850.533;3599.909;1594.067;254.176;573.954;744.110;1205.462;3243.280;-0.001;1664.882;3221.347;662.598;189.492;174.712;482.502;3125.968;119.659;460.980;3284.736;2982.923;2030.504;3599.828;-0.028;3599.772;2263.727;986.819;3383.043;2469.291;3599.964;0.071;1875.317;1661.308;2408.862;671.137;0.129;1826.837;752.758;3408.738;1718.924;1410.492;2581.574;1695.914;3600.024;2959.130;1910.778;773.908;2279.294;2866.757;2877.499;3600.001;423.059;1292.071;1338.382;1258.365;1250.971;1629.987;2075.039;966.807;209.332;1230.100;-0.030;936.555;2620.095;2251.070;3600.010;1979.408;1923.157;2220.114;2838.770;2014.852;2196.465;2484.378;1124.092;3030.868;2121.974;1005.813;571.941;0.060
471,864.5962257385254,470,-564.6989673134156,564.6989673134156,0.00417589668130833,507.510;3578.113;1031.672;3048.724;1703.728;2666.011;2669.605;2087.234;1607.762;17.976;6.917;2877.145;1734.156;966.294;3158.662;1193.784;916.342;1249.260;2439.825;1763.968;1837.904;587.610;1023.998;852.986;1141.717;457.193;391.813;3599.805;3600.001;36.373;531.049;604.656;2576.461;2810.410;1.463;2042.661;-0.050;2215.937;2544.460;3599.655;801.611;3080.214;3206.073;3600.023;0.432;1553.155;3599.979;1439.476;3393.818;1923.490;2694.039;2112.914;1.172;-0.136;268.456;908.273;3599.948;2759.316;3166.155;2131.176;2319.906;3599.713;3599.705;3599.946;3272.461;355.424;982.044;0.745;1999.117;2786.843;0.897;-0.185;1373.448;733.598;2803.069;1297.269;2467.487;2027.844;2098.893;3599.698;3599.401;0.549;3009.889;831.782;0.110;801.979;2063.662;3600.013;1514.363;0.037;3599.378;457.322;1368.717;3143.140;1929.029;1680.716;2715.013;4.498;2127.798;1530.216,3599.873;3112.616;-0.135;318.168;1503.341;2377.089;936.187;831.834;3264.410;3422.019;1447.346;3325.917;533.428;328.627;1575.752;2513.738;3073.014;3599.950;2730.464;2840.086;2652.998;2616.443;2850.694;3600.086;1593.908;254.241;573.846;743.944;1205.277;3243.441;0.035;1664.843;3221.525;662.441;189.386;174.559;482.332;3125.843;119.480;461.052;3284.559;2982.774;2030.571;3599.789;-0.049;3599.657;2263.576;986.771;3383.018;2469.174;3599.840;0.062;1875.155;1661.286;2408.769;671.225;-0.006;1826.995;752.852;3408.914;1718.999;1410.668;2581.757;1696.080;3600.004;2959.276;1910.936;773.726;2279.217;2866.936;2877.319;3600.055;423.092;1291.887;1338.563;1258.208;1250.798;1629.937;2075.195;966.990;209.383;1230.269;0.066;936.738;2620.205;2250.929;3599.838;1979.566;1923.011;2220.280;2838.722;2014.902;2196.406;2484.517;1123.911;3030.686;2121.827;1005.860;572.081;-0.036
472,866.3129549026489,471,-564.7010852921962,564.7010852921962,0.004741387724843273,507.431;3578.290;1031.842;3048.804;1703.898;2665.848;2669.783;2087.059;1607.594;18.155;6.922;2877.218;1734.023;966.149;3158.845;1193.952;916.320;1249.331;2439.927;1763.790;1838.079;587.777;1023.900;853.127;1141.894;457.357;391.635;3599.796;3599.981;36.232;531.161;604.473;2576.594;2810.239;1.531;2042.486;0.093;2216.106;2544.312;3599.765;801.475;3080.051;3205.895;3599.901;0.283;1553.148;3600.098;1439.615;3393.667;1923.360;2694.197;2113.084;1.310;0.005;268.389;908.445;3599.856;2759.496;3166.090;2131.350;2319.750;3599.872;3599.535;3599.993;3272.638;355.447;982.207;0.785;1999.285;2786.781;1.066;-0.016;1373.343;733.424;2802.890;1297.216;2467.634;2027.776;2098.981;3599.648;3599.550;0.699;3009.987;831.623;-0.043;801.908;2063.482;3600.188;1514.233;-0.111;3599.558;457.157;1368.757;3142.965;1928.917;1680.889;2715.002;4.319;2127.625;1530.094,3600.026;3112.792;0.031;318.000;1503.163;2376.913;936.327;832.001;3264.239;3421.863;1447.215;3326.099;533.600;328.445;1575.603;2513.566;3072.885;3600.095;2730.306;2840.253;2653.172;2616.264;2850.541;3599.927;1593.727;254.064;573.937;743.894;1205.171;3243.349;-0.105;1664.956;3221.361;662.260;189.563;174.395;482.392;3125.665;119.341;461.230;3284.475;2982.593;2030.749;3599.923;0.113;3599.761;2263.397;986.592;3382.840;2468.997;3600.009;-0.094;1874.974;1661.109;2408.941;671.400;-0.128;1827.012;752.704;3409.091;1719.176;1410.524;2581.806;1696.261;3600.086;2959.445;1910.813;773.867;2279.385;2867.070;2877.281;3600.024;422.920;1291.860;1338.734;1258.217;1250.792;1629.780;2075.376;967.171;209.554;1230.450;0.040;936.920;2620.044;2250.941;3599.911;1979.745;1922.936;2220.462;2838.887;2015.080;2196.576;2484.698;1124.035;3030.839;2121.654;1005.686;572.237;0.072
473,868.1923487186432,472,-564.6988392577975,564.6988392577975,0.002830935099266344,507.579;3578.401;1031.975;3048.788;1704.072;2665.682;2669.955;2086.926;1607.441;18.017;6.824;2877.046;1734.157;966.305;3159.017;1193.992;916.148;1249.506;2440.097;1763.661;1838.250;587.955;1023.741;853.059;1142.072;457.244;391.780;3599.840;3600.023;36.384;531.014;604.557;2576.769;2810.372;1.510;2042.585;0.060;2216.206;2544.150;3599.940;801.385;3080.202;3205.989;3599.976;0.138;1552.984;3599.931;1439.477;3393.620;1923.184;2694.035;2113.019;1.361;0.015;268.248;908.378;3599.786;2759.435;3165.920;2131.418;2319.659;3599.983;3599.558;3599.986;3272.797;355.328;982.368;0.697;1999.353;2786.644;1.145;0.042;1373.182;733.536;2802.713;1297.376;2467.542;2027.946;2099.097;3599.764;3599.713;0.653;3010.094;831.517;0.040;801.982;2063.503;3600.015;1514.069;0.054;3599.714;456.988;1368.924;3142.877;1928.744;1680.977;2715.138;4.175;2127.446;1530.263,3599.873;3112.711;-0.016;317.833;1503.207;2376.861;936.189;832.160;3264.063;3421.693;1447.054;3326.082;533.459;328.385;1575.723;2513.478;3072.999;3599.925;2730.423;2840.145;2653.255;2616.086;2850.655;3600.022;1593.552;253.979;573.772;743.806;1204.996;3243.519;0.050;1664.802;3221.191;662.344;189.642;174.217;482.560;3125.813;119.163;461.337;3284.647;2982.427;2030.926;3600.097;0.034;3599.897;2263.268;986.527;3382.804;2468.915;3600.171;0.066;1874.961;1661.239;2408.830;671.462;0.042;1826.839;752.535;3409.262;1719.258;1410.402;2581.673;1696.170;3599.920;2959.289;1910.970;774.024;2279.265;2867.093;2877.432;3599.882;422.986;1292.024;1338.745;1258.044;1250.824;1629.919;2075.364;967.315;209.711;1230.615;0.213;937.069;2620.156;2251.050;3600.016;1979.904;1923.099;2220.626;2839.055;2015.007;2196.433;2484.833;1124.210;3030.916;2121.523;1005.753;572.415;0.068
474,870.0971503257751,473,-564.7063937183492,564.7063937183492,0.005049175031841927,507.414;3578.573;1032.131;3048.683;1704.238;2665.845;2670.031;2086.752;1607.399;17.872;6.658;2876.885;1734.206;966.202;3159.071;1193.837;916.234;1249.390;2440.231;1763.733;1838.409;588.047;1023.888;852.904;1141.959;457.276;391.743;3600.006;3599.919;36.335;531.156;604.395;2576.899;2810.213;1.352;2042.493;-0.094;2216.376;2544.268;3599.859;801.548;3080.110;3205.837;3600.147;-0.031;1553.061;3600.055;1439.318;3393.449;1923.013;2694.146;2113.148;1.291;0.076;268.370;908.342;3599.775;2759.329;3165.848;2131.251;2319.488;3600.078;3599.727;3599.952;3272.930;355.206;982.339;0.525;1999.520;2786.706;1.317;0.099;1373.334;733.390;2802.607;1297.221;2467.690;2028.119;2098.931;3599.937;3599.638;0.490;3010.267;831.497;-0.026;802.149;2063.365;3599.957;1514.062;0.079;3599.565;456.931;1368.970;3143.018;1928.891;1681.140;2715.311;4.337;2127.285;1530.225,3600.011;3112.861;0.018;317.694;1503.041;2376.691;936.020;832.287;3264.034;3421.519;1447.182;3326.231;533.355;328.289;1575.559;2513.413;3072.960;3599.978;2730.266;2840.103;2653.423;2616.085;2850.509;3600.149;1593.392;253.816;573.658;743.637;1204.861;3243.400;0.014;1664.958;3221.074;662.190;189.738;174.379;482.446;3125.676;119.252;461.502;3284.812;2982.419;2031.071;3599.945;-0.125;3600.039;2263.114;986.382;3382.930;2468.743;3600.004;-0.066;1874.791;1661.082;2408.980;671.628;0.011;1826.956;752.681;3409.359;1719.430;1410.546;2581.830;1696.322;3599.982;2959.314;1910.835;773.868;2279.424;2867.264;2877.336;3600.004;422.827;1291.922;1338.900;1258.124;1250.968;1629.764;2075.521;967.454;209.627;1230.502;0.066;937.109;2620.120;2251.223;3600.189;1979.754;1923.230;2220.513;2838.970;2015.175;2196.579;2484.949;1124.059;3030.805;2121.508;1005.925;572.591;-0.088
475,871.817364692688,474,-564.7097137194276,564.7097137194276,0.006701900436079225,507.537;3578.744;1032.298;3048.518;1704.379;2665.801;2669.918;2086.580;1607.243;17.701;6.776;2876.776;1734.137;966.306;3159.236;1193.745;916.086;1249.311;2440.081;1763.572;1838.277;588.216;1024.044;852.734;1141.986;457.437;391.575;3600.177;3600.082;36.498;531.324;604.241;2577.004;2810.043;1.181;2042.326;0.065;2216.545;2544.433;3599.952;801.710;3079.941;3205.809;3599.994;0.112;1552.896;3599.953;1439.153;3393.297;1922.864;2694.029;2113.315;1.125;-0.088;268.540;908.187;3599.622;2759.491;3165.771;2131.133;2319.351;3599.911;3599.881;3600.115;3273.096;355.036;982.176;0.442;1999.692;2786.875;1.470;-0.040;1373.505;733.219;2802.744;1297.335;2467.861;2028.163;2098.791;3599.862;3599.741;0.319;3010.187;831.616;-0.160;802.303;2063.201;3599.988;1513.899;-0.080;3599.692;457.080;1369.138;3142.871;1929.050;1681.312;2715.309;4.477;2127.429;1530.330,3600.164;3113.021;0.156;317.856;1502.871;2376.816;936.089;832.221;3264.187;3421.348;1447.353;3326.394;533.187;328.213;1575.391;2513.245;3072.794;3600.037;2730.105;2839.945;2653.339;2616.092;2850.620;3599.983;1593.259;253.647;573.817;743.465;1204.969;3243.547;0.145;1665.075;3220.919;662.084;189.574;174.437;482.289;3125.529;119.401;461.361;3284.657;2982.585;2030.936;3600.064;0.040;3600.203;2263.255;986.532;3382.939;2468.591;3599.983;0.008;1874.687;1660.940;2409.057;671.795;-0.144;1826.974;752.738;3409.222;1719.555;1410.716;2581.873;1696.333;3599.857;2959.480;1910.672;773.708;2279.591;2867.204;2877.421;3600.171;422.672;1292.065;1338.932;1258.290;1250.914;1629.784;2075.376;967.341;209.468;1230.434;-0.099;936.987;2619.954;2251.076;3600.026;1979.685;1923.398;2220.641;2838.802;2015.346;2196.447;2484.828;1123.888;3030.965;2121.667;1006.073;572.737;0.073
476,873.6938393115997,475,-564.7080152071992,564.7080152071992,0.00411391188855194,507.534;3578.908;1032.230;3048.350;1704.225;2665.638;2669.935;2086.627;1607.117;17.534;6.939;2876.921;1733.972;966.451;3159.363;1193.906;915.917;1249.467;2439.915;1763.412;1838.129;588.364;1024.106;852.869;1141.826;457.277;391.643;3600.021;3599.927;36.667;531.472;604.207;2577.166;2809.924;1.245;2042.157;0.022;2216.686;2544.599;3600.118;801.718;3080.072;3205.966;3599.954;-0.019;1553.035;3600.066;1439.278;3393.331;1922.986;2694.188;2113.483;1.283;-0.082;268.402;908.343;3599.454;2759.334;3165.867;2131.261;2319.454;3600.016;3599.896;3599.954;3273.262;354.917;982.010;0.276;1999.825;2786.736;1.620;0.035;1373.393;733.154;2802.603;1297.502;2468.027;2028.327;2098.949;3600.024;3599.907;0.167;3010.074;831.769;0.003;802.217;2063.039;3600.131;1513.743;0.059;3599.638;456.945;1369.130;3142.838;1928.907;1681.187;2715.458;4.557;2127.576;1530.497,3600.001;3112.938;0.065;317.885;1503.004;2376.941;935.948;832.056;3264.353;3421.180;1447.264;3326.251;533.032;328.241;1575.417;2513.111;3072.926;3600.106;2730.254;2840.084;2653.203;2615.991;2850.767;3599.865;1593.319;253.751;573.985;743.303;1204.825;3243.714;0.290;1665.030;3221.077;662.220;189.429;174.587;482.121;3125.648;119.255;461.254;3284.706;2982.511;2030.905;3599.940;-0.016;3600.039;2263.419;986.610;3382.787;2468.665;3600.126;-0.113;1874.527;1661.091;2408.895;671.954;0.008;1827.122;752.898;3409.059;1719.402;1410.866;2581.938;1696.189;3600.008;2959.630;1910.777;773.598;2279.455;2867.046;2877.259;3600.011;422.820;1292.233;1338.957;1258.164;1251.076;1629.793;2075.217;967.289;209.423;1230.587;0.057;936.820;2620.096;2250.973;3599.909;1979.525;1923.253;2220.524;2838.747;2015.494;2196.284;2484.661;1123.885;3030.902;2121.833;1005.956;572.618;0.043
477,875.5892157554626,476,-564.7073269079093,564.7073269079093,0.004620994728657942,507.379;3579.074;1032.068;3048.501;1704.194;2665.783;2670.097;2086.740;1606.953;17.450;6.785;2876.847;1733.904;966.615;3159.520;1193.797;915.764;1249.369;2439.861;1763.499;1837.964;588.529;1024.269;852.870;1141.944;457.111;391.516;3599.962;3599.836;36.533;531.633;604.046;2577.332;2809.760;1.244;2042.034;-0.030;2216.850;2544.728;3599.964;801.877;3080.171;3205.858;3600.107;-0.173;1553.194;3599.914;1439.122;3393.170;1923.142;2694.039;2113.643;1.433;0.077;268.520;908.508;3599.289;2759.187;3165.718;2131.111;2319.299;3600.140;3599.746;3599.938;3273.282;354.755;982.109;0.128;1999.794;2786.633;1.785;0.198;1373.231;733.078;2802.439;1297.596;2468.191;2028.182;2099.039;3599.914;3600.073;0.086;3009.914;831.934;-0.084;802.375;2063.180;3599.974;1513.664;0.031;3599.773;456.787;1369.202;3142.999;1928.871;1681.108;2715.323;4.490;2127.425;1530.662,3599.902;3113.085;-0.080;317.953;1502.956;2377.101;935.783;831.892;3264.480;3421.015;1447.323;3326.364;532.870;328.385;1575.286;2513.263;3073.090;3599.945;2730.263;2839.950;2653.039;2615.828;2850.931;3599.955;1593.163;253.610;574.124;743.189;1204.974;3243.672;0.452;1664.868;3221.145;662.078;189.266;174.752;482.043;3125.754;119.388;461.092;3284.867;2982.661;2030.744;3600.024;-0.005;3600.017;2263.470;986.491;3382.622;2468.808;3599.980;0.036;1874.654;1661.245;2408.930;672.120;-0.087;1827.019;753.058;3408.894;1719.255;1411.025;2582.100;1696.191;3599.969;2959.790;1910.940;773.739;2279.290;2866.881;2877.307;3600.076;422.848;1292.389;1339.119;1258.019;1251.241;1629.633;2075.055;967.127;209.584;1230.678;0.074;936.780;2620.191;2250.814;3600.019;1979.677;1923.390;2220.671;2838.585;2015.391;2196.122;2484.794;1124.042;3030.780;2121.809;1005.797;572.711;-0.113
478,877.2895998954773,477,-564.7040679006145,564.7040679006145,0.0025061409855836807,507.518;3579.189;1032.099;3048.389;1704.037;2665.646;2670.000;2086.594;1606.794;17.401;6.926;2877.000;1734.044;966.473;3159.682;1193.901;915.749;1249.522;2439.702;1763.605;1837.820;588.499;1024.210;852.991;1141.981;457.069;391.641;3600.040;3599.751;36.598;531.787;603.960;2577.311;2809.607;1.401;2041.881;0.101;2216.937;2544.890;3600.023;801.757;3080.090;3205.861;3599.966;-0.023;1553.073;3599.941;1439.148;3393.266;1923.304;2694.135;2113.770;1.416;-0.018;268.381;908.430;3599.382;2759.175;3165.874;2131.233;2319.431;3599.990;3599.899;3599.874;3273.234;354.596;981.973;-0.023;1999.653;2786.495;1.727;0.056;1373.206;732.935;2802.543;1297.753;2468.096;2028.285;2099.197;3599.967;3599.953;-0.074;3009.767;831.802;0.061;802.356;2063.055;3599.947;1513.507;-0.101;3599.645;456.781;1369.361;3142.914;1928.750;1681.116;2715.474;4.574;2127.549;1530.657,3599.853;3112.939;0.077;318.113;1503.089;2377.263;935.922;831.838;3264.383;3421.104;1447.175;3326.220;532.708;328.544;1575.427;2513.384;3073.238;3599.924;2730.420;2839.788;2652.879;2615.683;2851.094;3600.103;1593.003;253.746;573.998;743.028;1204.826;3243.606;0.370;1664.757;3220.998;662.227;189.104;174.704;482.185;3125.914;119.234;460.939;3284.970;2982.821;2030.891;3599.883;0.137;3600.027;2263.627;986.645;3382.771;2468.658;3599.866;0.189;1874.810;1661.407;2408.780;672.282;-0.004;1826.860;752.915;3408.834;1719.129;1411.187;2581.969;1696.032;3599.845;2959.661;1911.089;773.598;2279.273;2866.993;2877.465;3600.034;423.003;1292.551;1338.968;1257.859;1251.120;1629.783;2074.893;967.250;209.496;1230.530;0.147;936.622;2620.350;2250.947;3599.921;1979.552;1923.473;2220.626;2838.590;2015.237;2195.959;2484.838;1123.923;3030.619;2121.966;1005.717;572.869;0.040
479,879.1403090953827,478,-564.7047853293533,564.7047853293533,0.002103318655410136,507.387;3579.338;1032.148;3048.271;1704.130;2665.643;2669.866;2086.732;1606.781;17.472;6.885;2876.911;1733.896;966.410;3159.732;1194.026;915.596;1249.517;2439.711;1763.762;1837.892;588.582;1024.338;852.871;1141.828;457.161;391.781;3599.917;3599.734;36.466;531.646;603.828;2577.451;2809.539;1.419;2042.004;0.224;2216.963;2544.982;3599.974;801.888;3080.108;3205.714;3600.021;-0.019;1553.209;3599.882;1439.039;3393.140;1923.340;2694.232;2113.711;1.374;0.097;268.453;908.549;3599.390;2759.059;3165.860;2131.201;2319.304;3599.985;3599.908;3599.843;3273.385;354.707;981.865;0.048;1999.669;2786.338;1.849;0.034;1373.063;733.018;2802.558;1297.832;2468.219;2028.193;2099.240;3599.888;3599.992;0.057;3009.916;831.947;0.013;802.461;2063.179;3600.077;1513.634;0.051;3599.529;456.644;1369.411;3143.052;1928.700;1680.963;2715.414;4.420;2127.465;1530.676,3599.970;3112.999;-0.009;318.219;1502.977;2377.190;935.952;831.682;3264.465;3421.197;1447.018;3326.180;532.645;328.458;1575.569;2513.410;3073.206;3599.953;2730.406;2839.902;2652.731;2615.669;2851.136;3599.957;1593.093;253.902;574.128;742.915;1204.760;3243.464;0.329;1664.883;3221.120;662.177;189.108;174.855;482.246;3126.043;119.123;461.000;3285.116;2982.748;2030.985;3599.734;0.015;3599.885;2263.527;986.602;3382.747;2468.754;3599.943;0.062;1874.745;1661.522;2408.639;672.207;-0.125;1826.865;752.970;3408.694;1719.032;1411.227;2582.062;1695.990;3599.995;2959.721;1911.077;773.682;2279.254;2866.850;2877.428;3599.949;423.131;1292.695;1339.016;1257.722;1251.223;1629.806;2074.806;967.286;209.631;1230.383;0.141;936.508;2620.490;2251.098;3599.993;1979.403;1923.321;2220.775;2838.629;2015.196;2195.865;2484.752;1123.957;3030.612;2122.101;1005.563;572.823;0.025
480,881.0210003852844,479,-564.706619592602,564.706619592602,0.004565813183878115,507.392;3579.494;1032.001;3048.359;1703.997;2665.763;2669.879;2086.755;1606.641;17.571;6.742;2876.770;1733.995;966.553;3159.879;1194.181;915.441;1249.618;2439.576;1763.646;1837.747;588.732;1024.486;852.717;1141.882;457.043;391.693;3600.031;3599.821;36.338;531.723;603.674;2577.453;2809.390;1.489;2041.875;0.076;2217.113;2545.135;3599.903;802.011;3080.260;3205.558;3600.145;-0.092;1553.356;3600.029;1439.138;3393.025;1923.487;2694.199;2113.860;1.415;0.023;268.425;908.578;3599.260;2759.164;3166.006;2131.050;2319.302;3600.014;3599.774;3599.978;3273.322;354.573;981.711;-0.088;1999.821;2786.447;1.999;-0.107;1373.017;732.867;2802.416;1297.962;2468.296;2028.041;2099.333;3600.029;3600.120;0.098;3009.848;832.084;0.027;802.608;2063.240;3599.935;1513.618;-0.007;3599.374;456.792;1369.564;3142.992;1928.851;1680.861;2715.553;4.278;2127.314;1530.567,3599.824;3113.080;0.108;318.373;1502.855;2377.301;935.812;831.665;3264.618;3421.351;1447.154;3326.263;532.499;328.525;1575.426;2513.258;3073.221;3599.833;2730.547;2840.054;2652.580;2615.795;2851.284;3600.024;1593.157;254.040;574.275;742.898;1204.625;3243.597;0.478;1664.790;3221.270;662.309;188.969;174.731;482.100;3125.961;119.212;460.850;3285.103;2982.890;2030.862;3599.825;-0.140;3600.017;2263.673;986.738;3382.834;2468.907;3599.871;0.152;1874.894;1661.664;2408.487;672.336;0.022;1826.968;752.873;3408.560;1718.878;1411.379;2582.214;1695.886;3599.906;2959.869;1910.937;773.536;2279.136;2866.733;2877.277;3599.909;423.285;1292.584;1338.923;1257.705;1251.128;1629.822;2074.721;967.426;209.485;1230.522;0.029;936.629;2620.602;2250.973;3600.135;1979.419;1923.448;2220.734;2838.488;2015.341;2195.718;2484.599;1123.808;3030.462;2122.248;1005.412;572.944;-0.022
481,882.9224636554718,480,-564.7079010510481,564.7079010510481,0.0029644501395306635,507.248;3579.630;1031.848;3048.218;1704.043;2665.915;2669.731;2086.904;1606.489;17.424;6.592;2876.617;1734.143;966.426;3159.991;1194.195;915.548;1249.721;2439.711;1763.500;1837.616;588.596;1024.639;852.563;1141.739;457.174;391.837;3600.022;3599.971;36.233;531.607;603.531;2577.462;2809.481;1.342;2041.992;-0.048;2217.091;2545.184;3600.022;802.158;3080.401;3205.448;3599.999;0.055;1553.508;3599.932;1439.282;3393.158;1923.626;2694.052;2113.948;1.266;0.163;268.279;908.717;3599.393;2759.019;3165.870;2131.109;2319.163;3599.886;3599.911;3600.116;3273.172;354.471;981.726;0.055;1999.881;2786.463;1.894;0.033;1372.878;732.852;2802.506;1297.829;2468.194;2028.045;2099.216;3599.894;3599.973;0.239;3009.995;832.159;0.156;802.465;2063.149;3599.960;1513.714;0.096;3599.222;456.924;1369.622;3143.042;1928.952;1680.732;2715.457;4.130;2127.162;1530.418,3599.948;3112.973;0.049;318.387;1502.806;2377.404;935.742;831.805;3264.540;3421.247;1447.117;3326.393;532.486;328.673;1575.519;2513.368;3073.350;3599.974;2730.480;2839.942;2652.496;2615.947;2851.330;3600.041;1593.302;253.920;574.350;743.036;1204.611;3243.626;0.338;1664.641;3221.323;662.437;189.071;174.630;482.171;3125.996;119.184;460.887;3284.956;2983.015;2030.770;3599.717;0.002;3599.904;2263.700;986.738;3382.736;2469.024;3600.017;0.099;1875.009;1661.557;2408.438;672.202;-0.031;1826.897;753.010;3408.541;1718.943;1411.457;2582.097;1695.810;3600.024;2959.736;1910.923;773.419;2278.985;2866.593;2877.238;3600.057;423.197;1292.654;1338.802;1257.558;1250.977;1629.687;2074.860;967.300;209.605;1230.433;-0.122;936.762;2620.752;2250.912;3599.988;1979.560;1923.554;2220.586;2838.508;2015.345;2195.814;2484.638;1123.807;3030.348;2122.129;1005.329;572.823;-0.078
482,884.6317632198334,481,-564.7077718367675,564.7077718367675,0.004453427035224416,507.109;3579.769;1031.704;3048.068;1703.947;2666.031;2669.582;2087.024;1606.563;17.566;6.444;2876.542;1734.275;966.403;3159.882;1194.052;915.506;1249.580;2439.846;1763.471;1837.468;588.476;1024.634;852.446;1141.639;457.170;391.965;3599.950;3600.074;36.084;531.554;603.572;2577.359;2809.403;1.200;2042.135;0.077;2217.008;2545.331;3599.887;802.308;3080.443;3205.299;3600.069;0.129;1553.637;3599.891;1439.151;3393.291;1923.759;2694.175;2113.827;1.116;0.302;268.274;908.718;3599.529;2759.045;3165.961;2130.978;2319.041;3599.825;3600.059;3599.970;3273.058;354.449;981.834;0.144;1999.769;2786.439;1.748;-0.086;1373.018;732.837;2802.653;1297.690;2468.327;2027.900;2099.334;3600.018;3599.907;0.375;3010.128;832.305;0.224;802.367;2063.269;3600.078;1513.848;0.176;3599.072;457.071;1369.717;3142.988;1929.101;1680.585;2715.429;3.985;2127.020;1530.274,3600.076;3112.825;0.177;318.527;1502.801;2377.552;935.878;831.851;3264.667;3421.368;1447.153;3326.250;532.342;328.823;1575.658;2513.508;3073.496;3600.079;2730.506;2839.796;2652.410;2616.051;2851.473;3599.899;1593.301;253.785;574.206;742.898;1204.481;3243.481;0.245;1664.624;3221.185;662.586;189.058;174.625;482.310;3126.143;119.038;460.748;3285.047;2983.164;2030.684;3599.577;-0.031;3599.876;2263.841;986.884;3382.879;2468.892;3600.147;-0.022;1875.157;1661.672;2408.306;672.058;-0.161;1826.749;752.887;3408.394;1718.818;1411.600;2581.948;1695.662;3600.107;2959.594;1911.069;773.284;2278.977;2866.722;2877.379;3599.930;423.090;1292.799;1338.654;1257.412;1251.082;1629.826;2074.755;967.428;209.708;1230.296;0.018;936.620;2620.902;2250.783;3600.002;1979.709;1923.692;2220.438;2838.362;2015.199;2195.709;2484.629;1123.664;3030.203;2122.214;1005.181;572.682;0.067
483,886.5024354457855,482,-564.7101376539729,564.7101376539729,0.0037041710484381745,507.093;3579.897;1031.693;3048.152;1704.048;2666.074;2669.540;2087.115;1606.426;17.583;6.562;2876.666;1734.140;966.535;3159.809;1193.924;915.647;1249.448;2439.748;1763.615;1837.323;588.497;1024.566;852.321;1141.557;457.048;391.903;3600.091;3599.988;35.978;531.630;603.514;2577.234;2809.259;1.054;2042.282;0.150;2217.068;2545.383;3599.771;802.408;3080.302;3205.159;3600.011;0.245;1553.734;3599.911;1439.017;3393.236;1923.905;2694.083;2113.682;1.013;0.173;268.257;908.579;3599.663;2758.962;3165.912;2130.840;2318.903;3599.681;3599.952;3599.944;3272.930;354.307;981.980;0.228;1999.623;2786.548;1.682;0.008;1373.162;732.955;2802.755;1297.672;2468.218;2027.811;2099.222;3600.130;3599.965;0.261;3010.211;832.390;0.097;802.493;2063.415;3599.942;1513.993;0.073;3598.953;457.064;1369.723;3143.102;1929.108;1680.440;2715.309;3.901;2127.101;1530.129,3599.950;3112.902;0.204;318.503;1502.679;2377.461;936.023;831.708;3264.530;3421.322;1447.295;3326.378;532.478;328.756;1575.536;2513.420;3073.644;3599.949;2730.384;2839.802;2652.552;2616.196;2851.552;3599.973;1593.431;253.638;574.132;742.773;1204.622;3243.345;0.159;1664.550;3221.312;662.466;188.920;174.766;482.180;3126.038;119.129;460.804;3285.138;2983.178;2030.547;3599.430;0.094;3599.733;2263.863;986.780;3382.801;2468.844;3600.006;-0.168;1875.059;1661.543;2408.345;672.170;-0.022;1826.841;753.025;3408.336;1718.677;1411.483;2582.067;1695.783;3599.966;2959.674;1911.206;773.346;2278.835;2866.614;2877.291;3600.029;422.945;1292.687;1338.759;1257.533;1250.973;1629.698;2074.835;967.519;209.833;1230.416;-0.015;936.731;2620.926;2250.637;3600.113;1979.847;1923.568;2220.463;2838.272;2015.277;2195.840;2484.771;1123.688;3030.341;2122.077;1005.044;572.535;-0.037
484,888.3943777084351,483,-564.7109256422215,564.7109256422215,0.003581138453581997,507.232;3580.040;1031.555;3048.016;1703.910;2665.967;2669.405;2087.257;1606.282;17.524;6.438;2876.809;1734.097;966.405;3159.949;1193.780;915.602;1249.505;2439.606;1763.675;1837.327;588.547;1024.690;852.195;1141.692;456.905;391.784;3599.955;3599.854;35.891;531.772;603.373;2577.092;2809.134;1.120;2042.152;0.115;2217.210;2545.485;3599.908;802.543;3080.432;3205.015;3599.905;0.175;1553.876;3600.050;1438.873;3393.371;1923.884;2694.217;2113.816;0.886;0.261;268.397;908.714;3599.806;2758.820;3166.051;2130.909;2319.032;3599.596;3599.972;3600.019;3272.786;354.163;981.932;0.115;1999.724;2786.418;1.772;-0.106;1373.286;732.823;2802.674;1297.533;2468.075;2027.948;2099.282;3599.990;3600.038;0.382;3010.353;832.533;0.206;802.625;2063.285;3599.917;1514.137;-0.070;3598.810;456.971;1369.596;3143.245;1929.245;1680.388;2715.447;3.802;2127.031;1530.246,3600.033;3113.023;0.066;318.637;1502.537;2377.572;936.167;831.687;3264.396;3421.433;1447.270;3326.276;532.449;328.817;1575.657;2513.526;3073.778;3600.075;2730.383;2839.741;2652.559;2616.316;2851.687;3600.085;1593.574;253.500;574.176;742.630;1204.521;3243.275;0.018;1664.637;3221.281;662.471;189.006;174.665;482.275;3126.133;119.003;460.899;3285.001;2983.311;2030.685;3599.451;-0.021;3599.656;2263.994;986.822;3382.735;2468.710;3599.950;-0.031;1875.195;1661.610;2408.205;672.129;-0.053;1826.710;752.949;3408.448;1718.535;1411.604;2581.962;1695.659;3600.043;2959.549;1911.244;773.210;2278.777;2866.717;2877.416;3600.156;422.964;1292.633;1338.654;1257.661;1250.992;1629.803;2074.973;967.534;209.958;1230.280;0.037;936.791;2621.053;2250.708;3599.978;1979.826;1923.438;2220.524;2838.381;2015.148;2195.835;2484.785;1123.559;3030.280;2122.161;1004.900;572.402;0.074
485,890.3116257190704,484,-564.715777686999,564.715777686999,0.0038053054361805306,507.326;3580.142;1031.428;3047.937;1704.007;2666.068;2669.263;2087.398;1606.183;17.403;6.318;2876.686;1734.044;966.505;3159.876;1193.660;915.470;1249.644;2439.614;1763.736;1837.269;588.412;1024.830;852.254;1141.580;456.764;391.910;3599.929;3599.974;35.788;531.679;603.288;2577.208;2809.264;1.009;2042.034;-0.024;2217.173;2545.599;3600.038;802.415;3080.467;3204.899;3600.035;0.237;1554.018;3599.915;1438.957;3393.478;1923.906;2694.328;2113.935;0.784;0.178;268.503;908.846;3599.947;2758.679;3166.077;2131.034;2318.907;3599.720;3600.109;3599.916;3272.645;354.127;981.794;0.222;1999.592;2786.554;1.636;0.013;1373.171;732.947;2802.807;1297.395;2468.083;2027.994;2099.420;3600.018;3599.903;0.274;3010.461;832.666;0.075;802.761;2063.163;3600.024;1514.277;0.058;3598.679;456.880;1369.454;3143.303;1929.260;1680.262;2715.581;3.939;2126.908;1530.337,3599.914;3113.147;-0.076;318.779;1502.396;2377.704;936.222;831.619;3264.270;3421.370;1447.358;3326.385;532.571;328.767;1575.598;2513.395;3073.651;3599.964;2730.245;2839.877;2652.422;2616.457;2851.572;3599.950;1593.715;253.600;574.063;742.754;1204.398;3243.398;-0.118;1664.776;3221.406;662.364;188.919;174.715;482.405;3126.008;118.898;461.039;3284.860;2983.446;2030.706;3599.588;-0.136;3599.785;2263.949;986.946;3382.872;2468.842;3600.001;0.025;1875.112;1661.748;2408.129;672.259;-0.095;1826.785;753.044;3408.527;1718.665;1411.739;2581.988;1695.599;3599.912;2959.669;1911.114;773.344;2278.867;2866.585;2877.289;3600.021;422.829;1292.495;1338.764;1257.802;1250.854;1629.682;2074.894;967.397;209.845;1230.397;-0.093;936.920;2620.984;2250.580;3599.960;1979.687;1923.448;2220.663;2838.520;2015.275;2195.953;2484.653;1123.460;3030.359;2122.300;1004.760;572.274;-0.027
486,892.0279266834259,485,-564.7163995078009,564.7163995078009,0.0028906485718668755,507.218;3580.269;1031.398;3047.815;1704.143;2666.205;2669.235;2087.401;1606.050;17.302;6.215;2876.549;1734.176;966.398;3159.989;1193.523;915.517;1249.781;2439.748;1763.857;1837.164;588.460;1024.970;852.120;1141.443;456.661;392.049;3599.958;3600.111;35.783;531.580;603.152;2577.342;2809.194;0.872;2042.095;0.110;2217.279;2545.475;3599.946;802.461;3080.420;3204.903;3599.956;0.103;1553.966;3599.996;1438.842;3393.351;1924.039;2694.392;2113.925;0.819;0.276;268.611;908.984;3600.023;2758.578;3165.953;2131.070;2318.768;3599.721;3599.982;3599.822;3272.674;354.179;981.911;0.094;1999.485;2786.602;1.719;0.039;1373.033;732.883;2802.942;1297.269;2468.204;2027.888;2099.438;3599.943;3599.887;0.332;3010.598;832.722;-0.063;802.882;2063.034;3599.910;1514.334;0.017;3598.720;456.743;1369.385;3143.437;1929.384;1680.289;2715.719;3.954;2126.770;1530.358,3600.040;3113.132;0.028;318.789;1502.263;2377.590;936.091;831.751;3264.132;3421.234;1447.223;3326.513;532.554;328.896;1575.722;2513.509;3073.762;3600.084;2730.107;2839.845;2652.293;2616.367;2851.460;3600.014;1593.682;253.478;573.926;742.679;1204.259;3243.524;0.016;1664.835;3221.294;662.288;189.040;174.850;482.543;3126.104;118.761;461.178;3284.834;2983.567;2030.841;3599.548;-0.003;3599.723;2263.813;986.900;3382.995;2468.832;3600.128;0.024;1874.993;1661.883;2407.993;672.356;0.037;1826.656;753.041;3408.653;1718.802;1411.869;2581.982;1695.468;3599.936;2959.545;1911.160;773.459;2278.744;2866.461;2877.337;3600.002;422.696;1292.608;1338.726;1257.732;1250.732;1629.798;2074.833;967.505;209.975;1230.297;0.032;937.044;2621.117;2250.708;3599.922;1979.563;1923.317;2220.802;2838.659;2015.383;2195.830;2484.775;1123.593;3030.251;2122.287;1004.746;572.372;0.042
487,893.9096298217773,486,-564.7169444192039,564.7169444192039,0.003110076901074424,507.117;3580.368;1031.273;3047.680;1704.279;2666.339;2669.353;2087.293;1605.930;17.168;6.230;2876.439;1734.241;966.263;3160.122;1193.411;915.396;1249.762;2439.835;1763.803;1837.294;588.531;1025.065;852.162;1141.396;456.534;392.184;3599.936;3599.983;35.916;531.703;603.023;2577.327;2809.252;0.943;2041.971;0.037;2217.414;2545.597;3599.962;802.402;3080.529;3204.781;3600.068;-0.028;1554.084;3600.128;1438.710;3393.391;1924.158;2694.522;2114.049;0.938;0.300;268.486;909.061;3599.901;2758.447;3165.986;2130.971;2318.699;3599.824;3599.907;3599.709;3272.584;354.055;981.808;-0.039;1999.407;2786.715;1.852;0.158;1373.137;733.001;2802.824;1297.252;2468.339;2028.012;2099.442;3600.022;3600.008;0.215;3010.683;832.668;0.058;802.768;2062.908;3599.896;1514.212;0.023;3598.817;456.607;1369.251;3143.527;1929.382;1680.408;2715.846;3.908;2126.712;1530.491,3600.007;3113.004;-0.048;318.663;1502.192;2377.505;935.992;831.887;3264.069;3421.097;1447.093;3326.588;532.457;328.800;1575.855;2513.641;3073.648;3599.965;2730.026;2839.714;2652.370;2616.239;2851.327;3600.111;1593.568;253.475;574.040;742.684;1204.145;3243.658;-0.024;1664.712;3221.159;662.402;189.176;174.893;482.485;3126.025;118.696;461.146;3284.933;2983.702;2030.933;3599.673;-0.013;3599.853;2263.836;986.787;3383.066;2468.748;3600.001;0.013;1875.059;1661.790;2407.893;672.226;0.089;1826.562;752.909;3408.530;1718.935;1411.784;2581.849;1695.382;3599.853;2959.450;1911.028;773.359;2278.796;2866.543;2877.468;3600.079;422.754;1292.739;1338.597;1257.665;1250.649;1629.930;2074.920;967.621;210.111;1230.293;-0.021;936.918;2621.253;2250.632;3600.053;1979.577;1923.182;2220.827;2838.583;2015.334;2195.856;2484.648;1123.723;3030.354;2122.258;1004.807;572.481;0.142
488,895.8219194412231,487,-564.71818177254,564.71818177254,0.0033502032466078773,506.984;3580.246;1031.333;3047.632;1704.394;2666.228;2669.360;2087.160;1605.959;17.176;6.358;2876.510;1734.372;966.131;3160.059;1193.424;915.509;1249.636;2439.966;1763.681;1837.383;588.432;1025.184;852.078;1141.267;456.646;392.140;3600.063;3599.979;36.049;531.810;602.897;2577.444;2809.144;0.822;2042.073;-0.046;2217.542;2545.655;3600.086;802.522;3080.401;3204.709;3599.949;0.088;1553.967;3600.003;1438.581;3393.277;1924.052;2694.506;2113.940;0.808;0.429;268.369;908.949;3600.025;2758.567;3165.860;2131.098;2318.574;3599.703;3600.015;3599.835;3272.682;354.170;981.927;0.081;1999.375;2786.597;1.743;0.034;1373.230;732.910;2802.941;1297.121;2468.364;2027.899;2099.370;3599.993;3599.892;0.143;3010.780;832.538;0.101;802.635;2062.922;3600.014;1514.084;0.146;3598.879;456.645;1369.262;3143.446;1929.511;1680.541;2715.770;3.778;2126.754;1530.450,3600.123;3112.872;0.075;318.770;1502.067;2377.406;936.115;831.830;3263.984;3420.998;1446.960;3326.482;532.325;328.927;1575.988;2513.767;3073.701;3600.010;2729.895;2839.599;2652.442;2616.164;2851.195;3599.983;1593.656;253.347;573.929;742.744;1204.130;3243.541;-0.105;1664.780;3221.038;662.534;189.292;174.976;482.603;3126.152;118.565;461.044;3284.960;2983.830;2031.062;3599.768;-0.034;3599.918;2263.718;986.908;3383.159;2468.620;3600.059;-0.106;1875.188;1661.680;2408.010;672.169;-0.010;1826.430;752.776;3408.397;1718.992;1411.674;2581.776;1695.250;3599.976;2959.325;1910.917;773.364;2278.923;2866.468;2877.596;3599.956;422.652;1292.867;1338.464;1257.789;1250.765;1630.059;2074.796;967.684;210.220;1230.420;0.000;936.821;2621.247;2250.730;3599.980;1979.701;1923.050;2220.911;2838.651;2015.204;2195.985;2484.609;1123.669;3030.431;2122.132;1004.800;572.609;0.067
489,897.5297510623932,488,-564.7178177681473,564.7178177681473,0.0032849916591448317,506.922;3580.294;1031.265;3047.732;1704.288;2666.102;2669.236;2087.032;1605.937;17.292;6.255;2876.618;1734.501;966.089;3159.984;1193.551;915.599;1249.606;2439.865;1763.575;1837.491;588.302;1025.313;851.949;1141.348;456.768;392.020;3599.940;3600.060;35.962;531.940;602.912;2577.341;2809.021;0.693;2042.182;-0.069;2217.633;2545.779;3599.961;802.652;3080.472;3204.580;3600.051;0.198;1553.847;3599.979;1438.684;3393.270;1923.926;2694.601;2113.928;0.689;0.551;268.331;908.822;3599.953;2758.696;3165.892;2131.228;2318.679;3599.621;3600.037;3599.956;3272.612;354.060;982.056;0.198;1999.481;2786.705;1.667;-0.074;1373.325;732.780;2802.978;1297.068;2468.244;2027.781;2099.246;3600.062;3599.961;0.217;3010.892;832.407;0.150;802.550;2062.808;3599.906;1513.956;0.064;3599.008;456.611;1369.389;3143.317;1929.642;1680.487;2715.764;3.651;2126.631;1530.330,3600.000;3112.781;0.140;318.791;1502.163;2377.531;936.135;831.892;3264.093;3420.930;1446.985;3326.353;532.199;329.043;1575.955;2513.787;3073.819;3599.950;2730.009;2839.501;2652.323;2616.038;2851.319;3600.024;1593.606;253.223;573.800;742.618;1204.029;3243.624;0.019;1664.656;3221.140;662.662;189.181;174.850;482.683;3126.236;118.582;460.916;3285.079;2983.880;2031.060;3599.779;0.084;3600.020;2263.673;987.034;3383.279;2468.490;3599.948;0.020;1875.314;1661.795;2408.138;672.290;-0.134;1826.322;752.854;3408.456;1718.868;1411.793;2581.867;1695.144;3600.027;2959.232;1911.008;773.479;2278.831;2866.347;2877.654;3600.018;422.568;1292.753;1338.406;1257.907;1250.810;1630.068;2074.676;967.582;210.133;1230.333;-0.094;936.946;2621.338;2250.607;3599.872;1979.831;1923.158;2221.038;2838.539;2015.096;2195.882;2484.733;1123.749;3030.304;2122.001;1004.676;572.738;-0.062
490,899.3984341621399,489,-564.7150645596539,564.7150645596539,0.002643213297425468,507.037;3580.418;1031.387;3047.612;1704.345;2665.995;2669.115;2087.145;1605.812;17.420;6.128;2876.743;1734.442;965.997;3159.879;1193.676;915.481;1249.702;2439.761;1763.696;1837.368;588.181;1025.332;851.841;1141.248;456.657;392.090;3599.993;3599.941;35.839;532.047;602.792;2577.389;2808.900;0.798;2042.070;0.055;2217.754;2545.907;3599.955;802.771;3080.589;3204.454;3599.940;0.084;1553.910;3599.996;1438.760;3393.395;1923.900;2694.727;2114.046;0.589;0.655;268.452;908.933;3599.943;2758.731;3166.017;2131.356;2318.621;3599.728;3599.916;3599.906;3272.490;353.948;981.972;0.206;1999.608;2786.600;1.779;-0.029;1373.205;732.706;2802.916;1297.189;2468.351;2027.854;2099.363;3599.937;3600.073;0.344;3011.013;832.461;0.046;802.424;2062.681;3600.027;1513.962;-0.062;3599.031;456.493;1369.432;3143.273;1929.629;1680.375;2715.669;3.582;2126.612;1530.397,3599.919;3112.679;0.029;318.881;1502.243;2377.654;936.170;831.780;3264.218;3421.053;1446.904;3326.313;532.072;329.087;1576.064;2513.801;3073.944;3599.859;2730.097;2839.422;2652.204;2615.914;2851.417;3600.099;1593.500;253.308;573.763;742.500;1203.905;3243.507;0.056;1664.585;3221.069;662.790;189.103;174.725;482.786;3126.361;118.472;460.787;3284.995;2983.995;2031.084;3599.904;0.011;3600.121;2263.789;987.163;3383.160;2468.391;3599.903;0.113;1875.442;1661.820;2408.028;672.251;-0.011;1826.198;752.737;3408.351;1718.769;1411.881;2581.760;1695.028;3599.914;2959.106;1910.927;773.418;2278.897;2866.458;2877.779;3599.904;422.686;1292.849;1338.283;1257.851;1250.936;1630.187;2074.652;967.705;210.098;1230.325;0.030;936.894;2621.457;2250.542;3599.927;1979.887;1923.234;2221.165;2838.412;2014.975;2195.757;2484.739;1123.712;3030.292;2122.043;1004.571;572.865;0.058
491,901.303008556366,490,-564.7150149706672,564.7150149706672,0.002801253392892182,507.160;3580.513;1031.348;3047.715;1704.228;2666.110;2669.139;2087.236;1605.901;17.353;6.173;2876.868;1734.521;966.115;3159.755;1193.673;915.569;1249.827;2439.640;1763.822;1837.242;588.297;1025.212;851.954;1141.233;456.619;392.213;3599.905;3599.828;35.940;531.949;602.903;2577.272;2809.018;0.920;2042.029;-0.006;2217.635;2545.954;3600.028;802.654;3080.715;3204.559;3599.890;-0.020;1553.916;3600.106;1438.884;3393.497;1924.023;2694.629;2114.162;0.521;0.780;268.333;908.829;3600.062;2758.620;3166.139;2131.314;2318.740;3599.852;3599.848;3599.840;3272.365;353.825;981.964;0.086;1999.491;2786.596;1.663;-0.114;1373.217;732.700;2802.793;1297.299;2468.232;2027.973;2099.488;3600.009;3599.953;0.223;3010.893;832.482;0.150;802.303;2062.784;3599.932;1514.082;0.046;3599.142;456.611;1369.408;3143.150;1929.508;1680.250;2715.545;3.699;2126.571;1530.307,3599.835;3112.790;0.102;319.004;1502.365;2377.779;936.048;831.856;3264.344;3421.116;1447.022;3326.200;531.947;329.209;1575.966;2513.682;3074.070;3599.956;2730.211;2839.544;2652.079;2616.024;2851.529;3599.979;1593.376;253.425;573.800;742.382;1203.779;3243.498;0.077;1664.694;3221.070;662.904;188.979;174.827;482.667;3126.297;118.349;460.666;3285.109;2984.117;2031.207;3599.977;-0.086;3599.999;2263.914;987.288;3383.146;2468.439;3599.801;0.071;1875.446;1661.698;2407.903;672.133;-0.022;1826.101;752.797;3408.227;1718.857;1412.005;2581.647;1694.905;3599.989;2958.980;1911.023;773.315;2278.776;2866.582;2877.695;3600.001;422.804;1292.968;1338.162;1257.727;1250.931;1630.300;2074.774;967.827;209.980;1230.446;0.064;936.785;2621.583;2250.658;3600.050;1979.770;1923.358;2221.046;2838.290;2015.086;2195.632;2484.625;1123.589;3030.172;2122.004;1004.447;572.991;0.060
492,903.0121212005615,491,-564.716567929588,564.716567929588,0.0038248090246441554,507.197;3580.622;1031.467;3047.643;1704.318;2666.004;2669.259;2087.126;1605.792;17.266;6.204;2876.882;1734.619;966.006;3159.870;1193.557;915.526;1249.942;2439.733;1763.807;1837.272;588.287;1025.179;851.910;1141.113;456.706;392.113;3599.997;3599.828;36.052;532.035;602.797;2577.381;2808.923;0.881;2042.124;-0.069;2217.733;2545.929;3600.115;802.659;3080.623;3204.675;3599.932;-0.087;1553.797;3599.989;1438.784;3393.444;1923.983;2694.633;2114.050;0.416;0.712;268.295;908.889;3599.948;2758.587;3166.051;2131.388;2318.669;3599.775;3599.855;3599.957;3272.445;353.738;982.077;0.049;1999.537;2786.489;1.751;0.005;1373.325;732.580;2802.805;1297.335;2468.161;2028.090;2099.467;3600.089;3599.970;0.233;3010.967;832.365;0.033;802.392;2062.703;3600.014;1513.976;0.157;3599.265;456.553;1369.511;3143.163;1929.567;1680.351;2715.469;3.801;2126.686;1530.397,3599.945;3112.699;-0.012;319.114;1502.276;2377.722;936.135;831.971;3264.239;3420.998;1446.937;3326.077;531.835;329.293;1576.082;2513.797;3073.973;3600.078;2730.107;2839.461;2652.171;2615.970;2851.454;3599.973;1593.265;253.356;573.692;742.442;1203.676;3243.618;-0.041;1664.591;3220.950;662.996;189.070;174.882;482.781;3126.413;118.226;460.764;3285.015;2984.238;2031.326;3600.099;0.032;3600.057;2263.905;987.354;3383.027;2468.322;3599.914;-0.030;1875.561;1661.636;2407.945;672.010;0.035;1825.979;752.680;3408.144;1718.977;1411.908;2581.524;1694.782;3600.080;2958.857;1911.138;773.261;2278.864;2866.639;2877.812;3600.107;422.720;1293.090;1338.039;1257.738;1250.822;1630.423;2074.758;967.941;210.097;1230.460;-0.021;936.662;2621.588;2250.739;3599.965;1979.766;1923.307;2221.050;2838.262;2014.989;2195.705;2484.529;1123.591;3030.262;2122.097;1004.553;573.077;-0.011
493,904.8643991947174,492,-564.7181341105611,564.7181341105611,0.0029894100986628835,507.137;3580.525;1031.378;3047.523;1704.237;2665.884;2669.161;2087.010;1605.833;17.281;6.322;2876.974;1734.511;965.926;3159.991;1193.498;915.417;1249.958;2439.625;1763.811;1837.337;588.178;1025.061;851.800;1141.168;456.798;392.196;3600.116;3599.937;36.156;532.118;602.857;2577.486;2808.869;0.778;2042.244;0.047;2217.767;2546.047;3599.998;802.775;3080.523;3204.580;3600.051;0.030;1553.844;3599.909;1438.673;3393.326;1923.927;2694.750;2113.931;0.297;0.594;268.265;908.799;3600.054;2758.472;3166.146;2131.346;2318.766;3599.656;3599.973;3599.875;3272.564;353.619;981.981;0.163;1999.573;2786.385;1.681;-0.092;1373.446;732.576;2802.921;1297.453;2468.265;2028.211;2099.362;3599.976;3599.897;0.220;3011.086;832.280;0.132;802.506;2062.784;3599.984;1513.861;0.077;3599.172;456.444;1369.628;3143.224;1929.580;1680.417;2715.581;3.686;2126.807;1530.488,3599.881;3112.579;0.026;319.234;1502.258;2377.815;936.232;831.864;3264.300;3421.074;1446.942;3325.957;531.714;329.397;1576.139;2513.759;3073.890;3599.966;2730.211;2839.526;2652.079;2616.073;2851.348;3600.052;1593.295;253.468;573.723;742.416;1203.556;3243.694;0.045;1664.691;3221.014;663.113;188.986;174.999;482.739;3126.532;118.111;460.851;3285.003;2984.207;2031.442;3599.988;-0.050;3599.962;2263.969;987.470;3383.138;2468.218;3600.021;0.071;1875.680;1661.659;2407.850;672.079;-0.077;1825.920;752.641;3408.237;1718.881;1412.003;2581.519;1694.665;3599.965;2958.950;1911.025;773.145;2278.982;2866.526;2877.758;3599.992;422.688;1293.168;1337.973;1257.798;1250.822;1630.524;2074.640;967.894;210.037;1230.350;-0.067;936.585;2621.689;2250.815;3600.043;1979.650;1923.197;2221.013;2838.377;2015.002;2195.601;2484.484;1123.475;3030.339;2122.217;1004.550;573.183;0.054
494,906.7402684688568,493,-564.7174926563637,564.7174926563637,0.0023321359633206866,507.246;3580.634;1031.478;3047.512;1704.337;2665.790;2669.251;2086.918;1605.742;17.166;6.353;2876.889;1734.454;965.810;3160.083;1193.388;915.302;1250.062;2439.642;1763.893;1837.414;588.262;1025.109;851.886;1141.284;456.700;392.132;3600.004;3600.053;36.273;532.235;602.747;2577.442;2808.755;0.757;2042.134;-0.018;2217.880;2546.081;3600.033;802.707;3080.513;3204.559;3599.951;0.035;1553.738;3599.965;1438.561;3393.395;1923.861;2694.759;2114.033;0.345;0.491;268.152;908.891;3600.011;2758.408;3166.154;2131.460;2318.699;3599.604;3599.988;3599.978;3272.593;353.519;981.930;0.063;1999.666;2786.386;1.632;-0.011;1373.526;732.690;2802.830;1297.413;2468.379;2028.313;2099.470;3599.883;3599.803;0.107;3011.096;832.169;0.146;802.415;2062.677;3600.047;1513.749;-0.034;3599.155;456.326;1369.530;3143.268;1929.467;1680.327;2715.696;3.778;2126.926;1530.604,3599.981;3112.600;-0.050;319.154;1502.145;2377.929;936.276;831.972;3264.196;3420.967;1446.834;3326.004;531.762;329.290;1576.250;2513.862;3073.773;3599.920;2730.159;2839.465;2652.178;2615.971;2851.423;3599.944;1593.189;253.535;573.838;742.529;1203.547;3243.810;-0.045;1664.594;3220.903;663.224;189.077;174.908;482.792;3126.584;117.996;460.880;3284.890;2984.322;2031.539;3600.021;0.041;3600.045;2263.959;987.366;3383.070;2468.121;3600.107;0.140;1875.796;1661.548;2407.733;671.972;0.028;1825.809;752.527;3408.313;1718.981;1411.906;2581.405;1694.599;3599.877;2958.918;1911.014;773.027;2278.907;2866.506;2877.861;3600.034;422.789;1293.283;1337.860;1257.686;1250.721;1630.641;2074.693;967.946;210.144;1230.384;0.048;936.488;2621.807;2250.756;3599.950;1979.699;1923.106;2221.112;2838.398;2014.901;2195.517;2484.368;1123.573;3030.451;2122.194;1004.664;573.098;-0.002
495,908.6458311080933,494,-564.7154441532173,564.7154441532173,0.0016318985308603077,507.359;3580.625;1031.378;3047.526;1704.236;2665.846;2669.160;2087.022;1605.840;17.172;6.246;2876.999;1734.375;965.820;3160.188;1193.273;915.411;1249.952;2439.547;1763.792;1837.321;588.151;1025.001;851.989;1141.362;456.785;392.242;3600.015;3599.947;36.207;532.128;602.838;2577.328;2808.862;0.831;2042.183;0.026;2217.787;2545.994;3599.971;802.614;3080.612;3204.670;3600.043;0.031;1553.844;3599.882;1438.664;3393.507;1923.963;2694.849;2114.002;0.336;0.554;268.036;908.789;3600.041;2758.294;3166.047;2131.577;2318.801;3599.596;3600.050;3600.057;3272.488;353.621;981.960;0.051;1999.779;2786.274;1.518;0.019;1373.617;732.800;2802.906;1297.309;2468.283;2028.425;2099.417;3599.895;3599.907;0.071;3011.022;832.173;0.059;802.300;2062.574;3599.935;1513.817;0.073;3599.102;456.375;1369.417;3143.157;1929.535;1680.316;2715.643;3.722;2126.855;1530.548,3599.912;3112.495;0.061;319.043;1502.256;2377.979;936.385;832.063;3264.278;3421.021;1446.913;3325.896;531.658;329.255;1576.360;2513.867;3073.719;3599.991;2730.269;2839.412;2652.289;2616.077;2851.503;3599.955;1593.074;253.649;573.889;742.646;1203.458;3243.733;-0.015;1664.692;3220.979;663.340;189.051;175.009;482.707;3126.681;117.882;460.943;3284.990;2984.261;2031.653;3599.991;-0.061;3599.959;2264.072;987.419;3383.174;2468.006;3599.995;0.103;1875.878;1661.432;2407.624;671.860;0.093;1825.731;752.415;3408.427;1718.901;1411.841;2581.407;1694.529;3599.960;2958.981;1910.903;773.126;2278.929;2866.594;2877.800;3599.937;422.904;1293.397;1337.745;1257.571;1250.781;1630.699;2074.592;968.059;210.097;1230.274;0.069;936.373;2621.861;2250.869;3599.990;1979.590;1923.211;2221.001;2838.369;2014.791;2195.405;2484.342;1123.532;3030.371;2122.275;1004.771;573.203;0.106
496,910.355874300003,495,-564.7156008705238,564.7156008705238,0.0024816545229393513,507.474;3580.735;1031.376;3047.560;1704.160;2665.746;2669.247;2086.977;1605.742;17.061;6.183;2877.106;1734.484;965.712;3160.299;1193.375;915.355;1250.027;2439.434;1763.703;1837.418;588.189;1025.041;852.086;1141.472;456.884;392.313;3600.032;3600.026;36.314;532.216;602.763;2577.312;2808.770;0.723;2042.088;-0.069;2217.871;2546.100;3600.038;802.523;3080.583;3204.568;3599.963;0.002;1553.822;3599.964;1438.662;3393.515;1923.889;2694.874;2114.086;0.334;0.450;267.949;908.768;3599.972;2758.393;3166.146;2131.661;2318.906;3599.489;3599.943;3599.947;3272.435;353.526;982.053;0.055;1999.893;2786.160;1.455;-0.061;1373.725;732.765;2802.906;1297.386;2468.176;2028.341;2099.518;3599.794;3599.835;-0.040;3010.980;832.062;-0.043;802.337;2062.469;3599.939;1513.717;0.027;3599.066;456.275;1369.404;3143.044;1929.454;1680.212;2715.737;3.814;2126.919;1530.575,3600.012;3112.392;0.003;319.110;1502.230;2378.091;936.498;832.165;3264.289;3420.918;1446.854;3325.856;531.554;329.362;1576.472;2513.973;3073.627;3600.073;2730.336;2839.490;2652.243;2615.999;2851.615;3600.048;1592.964;253.590;573.779;742.572;1203.517;3243.832;-0.048;1664.619;3220.912;663.454;188.961;174.923;482.811;3126.794;117.768;460.835;3284.944;2984.358;2031.767;3599.935;0.032;3599.996;2264.061;987.494;3383.098;2467.905;3599.980;0.213;1875.991;1661.384;2407.671;671.920;0.018;1825.619;752.301;3408.457;1718.794;1411.759;2581.305;1694.417;3600.072;2958.879;1910.979;773.089;2278.827;2866.693;2877.901;3600.026;422.930;1293.486;1337.632;1257.491;1250.893;1630.810;2074.556;968.173;210.160;1230.209;0.094;936.456;2621.823;2250.884;3599.908;1979.648;1923.306;2221.074;2838.478;2014.679;2195.291;2484.437;1123.551;3030.260;2122.166;1004.838;573.193;0.006
497,912.2176089286804,496,-564.7163521086651,564.7163521086651,0.003454306358612612,507.399;3580.763;1031.473;3047.669;1704.253;2665.760;2669.242;2086.874;1605.647;17.043;6.073;2877.113;1734.594;965.665;3160.295;1193.359;915.442;1249.932;2439.484;1763.594;1837.520;588.288;1025.039;852.184;1141.583;456.995;392.354;3599.938;3599.928;36.281;532.290;602.701;2577.239;2808.832;0.788;2041.998;0.022;2217.959;2546.169;3599.934;802.456;3080.689;3204.555;3600.028;-0.107;1553.723;3600.072;1438.632;3393.623;1923.988;2694.771;2114.126;0.443;0.340;267.841;908.869;3599.921;2758.477;3166.218;2131.718;2319.003;3599.594;3599.916;3600.005;3272.490;353.471;982.163;-0.054;1999.985;2786.260;1.349;0.045;1373.837;732.664;2802.797;1297.293;2468.083;2028.256;2099.549;3599.728;3599.726;0.035;3010.870;831.952;0.061;802.235;2062.358;3600.042;1513.616;-0.077;3599.165;456.306;1369.297;3142.933;1929.348;1680.318;2715.847;3.924;2126.896;1530.674,3600.107;3112.320;0.037;319.012;1502.154;2378.190;936.400;832.277;3264.358;3420.917;1446.745;3325.933;531.629;329.461;1576.388;2514.011;3073.516;3599.967;2730.266;2839.384;2652.152;2615.989;2851.657;3599.942;1592.856;253.501;573.792;742.670;1203.415;3243.783;0.060;1664.620;3220.846;663.523;189.055;174.901;482.722;3126.706;117.794;460.736;3285.050;2984.465;2031.709;3600.026;-0.019;3599.922;2264.124;987.584;3382.998;2467.996;3600.074;0.125;1875.987;1661.351;2407.745;671.848;-0.057;1825.612;752.342;3408.476;1718.852;1411.857;2581.212;1694.476;3599.971;2958.798;1910.936;772.980;2278.816;2866.793;2877.927;3600.004;422.844;1293.385;1337.592;1257.438;1250.931;1630.834;2074.627;968.083;210.086;1230.115;-0.007;936.562;2621.929;2250.783;3600.011;1979.747;1923.417;2220.981;2838.467;2014.781;2195.344;2484.346;1123.579;3030.165;2122.068;1004.948;573.091;-0.104
498,914.1156251430511,497,-564.7157623101637,564.7157623101637,0.0029863090949848042,507.421;3580.672;1031.383;3047.774;1704.301;2665.859;2669.332;2086.969;1605.653;17.008;6.140;2877.173;1734.702;965.654;3160.210;1193.461;915.549;1249.825;2439.580;1763.528;1837.619;588.338;1025.114;852.293;1141.610;456.913;392.315;3599.906;3599.824;36.296;532.392;602.790;2577.134;2808.933;0.896;2042.036;-0.057;2217.956;2546.077;3599.944;802.348;3080.799;3204.482;3599.941;-0.016;1553.647;3599.968;1438.734;3393.726;1923.896;2694.674;2114.076;0.441;0.258;267.740;908.965;3600.024;2758.581;3166.300;2131.822;2319.022;3599.702;3600.015;3600.045;3272.389;353.573;982.270;0.000;2000.068;2786.172;1.240;0.014;1373.768;732.558;2802.793;1297.231;2467.982;2028.149;2099.638;3599.621;3599.771;-0.060;3010.774;831.858;-0.003;802.126;2062.349;3599.943;1513.510;0.023;3599.274;456.219;1369.386;3142.967;1929.275;1680.318;2715.767;3.946;2126.791;1530.589,3600.002;3112.259;-0.066;318.905;1502.050;2378.184;936.320;832.270;3264.266;3420.952;1446.636;3325.876;531.543;329.380;1576.456;2513.924;3073.451;3600.018;2730.190;2839.444;2652.043;2615.894;2851.638;3599.989;1592.812;253.399;573.732;742.718;1203.519;3243.747;0.072;1664.725;3220.741;663.621;188.955;174.808;482.778;3126.752;117.697;460.676;3285.018;2984.433;2031.808;3600.132;0.067;3600.002;2264.018;987.556;3382.989;2468.083;3599.975;0.189;1876.087;1661.245;2407.652;671.764;0.048;1825.528;752.244;3408.582;1718.937;1411.761;2581.119;1694.391;3599.979;2958.723;1910.829;773.039;2278.787;2866.894;2878.028;3600.026;422.937;1293.366;1337.488;1257.538;1251.039;1630.929;2074.558;968.121;209.980;1230.015;0.006;936.660;2621.935;2250.868;3600.111;1979.669;1923.392;2221.042;2838.569;2014.725;2195.264;2484.448;1123.594;3030.213;2122.138;1004.951;573.158;-0.000
499,916.0385646820068,498,-564.7173998229788,564.7173998229788,0.003134742744072766,507.525;3580.620;1031.383;3047.693;1704.212;2665.875;2669.422;2087.019;1605.703;17.026;6.121;2877.083;1734.731;965.756;3160.311;1193.568;915.462;1249.906;2439.505;1763.593;1837.517;588.444;1025.193;852.215;1141.526;456.849;392.417;3600.004;3599.870;36.270;532.301;602.724;2577.030;2808.894;0.817;2042.139;0.045;2217.852;2546.052;3599.973;802.288;3080.903;3204.379;3599.940;0.088;1553.745;3599.927;1438.769;3393.688;1923.993;2694.773;2113.971;0.349;0.153;267.827;909.065;3600.130;2758.489;3166.247;2131.883;2318.926;3599.696;3599.959;3599.942;3272.468;353.629;982.271;0.018;1999.968;2786.222;1.155;-0.088;1373.784;732.488;2802.701;1297.334;2468.058;2028.085;2099.689;3599.654;3599.693;0.036;3010.855;831.864;-0.096;802.193;2062.448;3600.002;1513.415;-0.053;3599.185;456.112;1369.486;3143.057;1929.170;1680.373;2715.859;3.931;2126.875;1530.485,3600.003;3112.248;0.030;318.821;1502.135;2378.148;936.335;832.214;3264.169;3421.051;1446.599;3325.785;531.438;329.276;1576.360;2513.819;3073.553;3599.947;2730.291;2839.487;2651.939;2615.787;2851.687;3600.032;1592.708;253.491;573.652;742.635;1203.541;3243.773;0.034;1664.825;3220.837;663.533;188.862;174.710;482.676;3126.850;117.726;460.773;3285.082;2984.330;2031.785;3600.028;-0.005;3599.911;2264.014;987.620;3383.092;2468.127;3599.934;0.100;1876.046;1661.298;2407.752;671.858;-0.011;1825.603;752.307;3408.645;1718.841;1411.796;2581.220;1694.492;3600.070;2958.826;1910.724;773.098;2278.682;2867.000;2877.930;3599.975;423.043;1293.451;1337.585;1257.454;1251.088;1630.882;2074.551;968.190;209.880;1230.084;-0.078;936.757;2621.833;2250.834;3600.007;1979.570;1923.344;2221.144;2838.636;2014.821;2195.158;2484.385;1123.496;3030.125;2122.049;1005.041;573.263;0.028
500,917.7600033283234,499,-564.7178099896687,564.7178099896687,0.002843418839752666,507.614;3580.718;1031.280;3047.782;1704.109;2665.978;2669.322;2087.122;1605.601;17.089;6.020;2876.987;1734.831;965.735;3160.329;1193.663;915.424;1249.957;2439.403;1763.697;1837.412;588.396;1025.298;852.284;1141.557;456.745;392.521;3600.091;3599.796;36.167;532.254;602.822;2576.925;2808.994;0.868;2042.049;-0.044;2217.910;2545.949;3599.944;802.184;3081.003;3204.339;3600.035;0.020;1553.850;3599.933;1438.872;3393.789;1924.098;2694.703;2114.064;0.420;0.049;267.728;909.168;3600.030;2758.384;3166.145;2131.987;2319.022;3599.787;3599.889;3599.982;3272.371;353.556;982.173;0.120;1999.863;2786.289;1.145;0.011;1373.682;732.590;2802.601;1297.419;2468.150;2027.984;2099.792;3599.749;3599.794;0.123;3010.804;831.764;0.005;802.220;2062.358;3599.984;1513.364;0.040;3599.253;456.019;1369.405;3143.141;1929.066;1680.272;2715.932;3.831;2126.776;1530.570,3599.959;3112.350;-0.052;318.716;1502.239;2378.250;936.413;832.313;3264.065;3421.064;1446.518;3325.680;531.335;329.185;1576.312;2513.798;3073.628;3599.946;2730.396;2839.589;2651.834;2615.684;2851.791;3599.936;1592.635;253.532;573.744;742.531;1203.504;3243.678;-0.069;1664.729;3220.937;663.611;188.760;174.606;482.690;3126.953;117.784;460.875;3285.004;2984.228;2031.684;3599.940;-0.071;3599.856;2264.074;987.720;3383.195;2468.107;3599.955;0.013;1876.147;1661.402;2407.692;671.963;-0.100;1825.517;752.407;3408.749;1718.736;1411.877;2581.318;1694.535;3599.972;2958.926;1910.810;773.015;2278.577;2866.910;2877.836;3600.078;423.148;1293.555;1337.615;1257.350;1251.080;1630.881;2074.653;968.170;209.782;1230.188;0.024;936.859;2621.898;2250.748;3599.943;1979.665;1923.242;2221.222;2838.738;2014.731;2195.054;2484.476;1123.391;3030.021;2121.944;1005.138;573.253;0.021
